{"op_code":0,"worker_id":"beaba2c7-354b-43fb-a508-b56fa561724e-139952901822272","study_name":"deepsurv_tuning","directions":[2]}
{"op_code":4,"worker_id":"beaba2c7-354b-43fb-a508-b56fa561724e-139952901822272","study_id":0,"datetime_start":"2026-03-26T09:48:30.073003"}
{"op_code":5,"worker_id":"beaba2c7-354b-43fb-a508-b56fa561724e-139952901822272","trial_id":0,"param_name":"lr","param_value_internal":0.0729685517127341,"distribution":"{\"name\": \"FloatDistribution\", \"attributes\": {\"step\": null, \"low\": 0.0001, \"high\": 0.1, \"log\": true}}"}
{"op_code":5,"worker_id":"beaba2c7-354b-43fb-a508-b56fa561724e-139952901822272","trial_id":0,"param_name":"dropout","param_value_internal":0.40734829332883016,"distribution":"{\"name\": \"FloatDistribution\", \"attributes\": {\"step\": null, \"low\": 0.0, \"high\": 0.5, \"log\": false}}"}
{"op_code":5,"worker_id":"beaba2c7-354b-43fb-a508-b56fa561724e-139952901822272","trial_id":0,"param_name":"layers","param_value_internal":0,"distribution":"{\"name\": \"CategoricalDistribution\", \"attributes\": {\"choices\": [1, 2, 3]}}"}
{"op_code":5,"worker_id":"beaba2c7-354b-43fb-a508-b56fa561724e-139952901822272","trial_id":0,"param_name":"nodes","param_value_internal":2,"distribution":"{\"name\": \"CategoricalDistribution\", \"attributes\": {\"choices\": [16, 32, 64]}}"}
{"op_code":6,"worker_id":"beaba2c7-354b-43fb-a508-b56fa561724e-139952901822272","trial_id":0,"state":1,"values":[0.5823194455472499],"datetime_complete":"2026-03-26T09:48:36.597797"}
{"op_code":4,"worker_id":"beaba2c7-354b-43fb-a508-b56fa561724e-139952901822272","study_id":0,"datetime_start":"2026-03-26T09:48:36.617505"}
{"op_code":5,"worker_id":"beaba2c7-354b-43fb-a508-b56fa561724e-139952901822272","trial_id":1,"param_name":"lr","param_value_internal":0.0010641021623999066,"distribution":"{\"name\": \"FloatDistribution\", \"attributes\": {\"step\": null, \"low\": 0.0001, \"high\": 0.1, \"log\": true}}"}
{"op_code":5,"worker_id":"beaba2c7-354b-43fb-a508-b56fa561724e-139952901822272","trial_id":1,"param_name":"dropout","param_value_internal":0.18756534612837272,"distribution":"{\"name\": \"FloatDistribution\", \"attributes\": {\"step\": null, \"low\": 0.0, \"high\": 0.5, \"log\": false}}"}
{"op_code":5,"worker_id":"beaba2c7-354b-43fb-a508-b56fa561724e-139952901822272","trial_id":1,"param_name":"layers","param_value_internal":2,"distribution":"{\"name\": \"CategoricalDistribution\", \"attributes\": {\"choices\": [1, 2, 3]}}"}
{"op_code":5,"worker_id":"beaba2c7-354b-43fb-a508-b56fa561724e-139952901822272","trial_id":1,"param_name":"nodes","param_value_internal":0,"distribution":"{\"name\": \"CategoricalDistribution\", \"attributes\": {\"choices\": [16, 32, 64]}}"}
{"op_code":6,"worker_id":"beaba2c7-354b-43fb-a508-b56fa561724e-139952901822272","trial_id":1,"state":1,"values":[0.583268866479883],"datetime_complete":"2026-03-26T09:48:45.434475"}
{"op_code":4,"worker_id":"beaba2c7-354b-43fb-a508-b56fa561724e-139952901822272","study_id":0,"datetime_start":"2026-03-26T09:48:45.457449"}
{"op_code":5,"worker_id":"beaba2c7-354b-43fb-a508-b56fa561724e-139952901822272","trial_id":2,"param_name":"lr","param_value_internal":0.007317624554292226,"distribution":"{\"name\": \"FloatDistribution\", \"attributes\": {\"step\": null, \"low\": 0.0001, \"high\": 0.1, \"log\": true}}"}
{"op_code":5,"worker_id":"beaba2c7-354b-43fb-a508-b56fa561724e-139952901822272","trial_id":2,"param_name":"dropout","param_value_internal":0.2609146097004822,"distribution":"{\"name\": \"FloatDistribution\", \"attributes\": {\"step\": null, \"low\": 0.0, \"high\": 0.5, \"log\": false}}"}
{"op_code":5,"worker_id":"beaba2c7-354b-43fb-a508-b56fa561724e-139952901822272","trial_id":2,"param_name":"layers","param_value_internal":1,"distribution":"{\"name\": \"CategoricalDistribution\", \"attributes\": {\"choices\": [1, 2, 3]}}"}
{"op_code":5,"worker_id":"beaba2c7-354b-43fb-a508-b56fa561724e-139952901822272","trial_id":2,"param_name":"nodes","param_value_internal":2,"distribution":"{\"name\": \"CategoricalDistribution\", \"attributes\": {\"choices\": [16, 32, 64]}}"}
{"op_code":6,"worker_id":"beaba2c7-354b-43fb-a508-b56fa561724e-139952901822272","trial_id":2,"state":1,"values":[0.6006828571104482],"datetime_complete":"2026-03-26T09:48:53.096835"}
{"op_code":4,"worker_id":"beaba2c7-354b-43fb-a508-b56fa561724e-139952901822272","study_id":0,"datetime_start":"2026-03-26T09:48:53.130310"}
{"op_code":5,"worker_id":"beaba2c7-354b-43fb-a508-b56fa561724e-139952901822272","trial_id":3,"param_name":"lr","param_value_internal":0.039366792635510954,"distribution":"{\"name\": \"FloatDistribution\", \"attributes\": {\"step\": null, \"low\": 0.0001, \"high\": 0.1, \"log\": true}}"}
{"op_code":5,"worker_id":"beaba2c7-354b-43fb-a508-b56fa561724e-139952901822272","trial_id":3,"param_name":"dropout","param_value_internal":0.12950339361401875,"distribution":"{\"name\": \"FloatDistribution\", \"attributes\": {\"step\": null, \"low\": 0.0, \"high\": 0.5, \"log\": false}}"}
{"op_code":5,"worker_id":"beaba2c7-354b-43fb-a508-b56fa561724e-139952901822272","trial_id":3,"param_name":"layers","param_value_internal":0,"distribution":"{\"name\": \"CategoricalDistribution\", \"attributes\": {\"choices\": [1, 2, 3]}}"}
{"op_code":5,"worker_id":"beaba2c7-354b-43fb-a508-b56fa561724e-139952901822272","trial_id":3,"param_name":"nodes","param_value_internal":0,"distribution":"{\"name\": \"CategoricalDistribution\", \"attributes\": {\"choices\": [16, 32, 64]}}"}
{"op_code":6,"worker_id":"beaba2c7-354b-43fb-a508-b56fa561724e-139952901822272","trial_id":3,"state":1,"values":[0.6026452205673839],"datetime_complete":"2026-03-26T09:48:59.353561"}
{"op_code":4,"worker_id":"beaba2c7-354b-43fb-a508-b56fa561724e-139952901822272","study_id":0,"datetime_start":"2026-03-26T09:48:59.378265"}
{"op_code":5,"worker_id":"beaba2c7-354b-43fb-a508-b56fa561724e-139952901822272","trial_id":4,"param_name":"lr","param_value_internal":0.0011025493197483781,"distribution":"{\"name\": \"FloatDistribution\", \"attributes\": {\"step\": null, \"low\": 0.0001, \"high\": 0.1, \"log\": true}}"}
{"op_code":5,"worker_id":"beaba2c7-354b-43fb-a508-b56fa561724e-139952901822272","trial_id":4,"param_name":"dropout","param_value_internal":0.12022242209852502,"distribution":"{\"name\": \"FloatDistribution\", \"attributes\": {\"step\": null, \"low\": 0.0, \"high\": 0.5, \"log\": false}}"}
{"op_code":5,"worker_id":"beaba2c7-354b-43fb-a508-b56fa561724e-139952901822272","trial_id":4,"param_name":"layers","param_value_internal":1,"distribution":"{\"name\": \"CategoricalDistribution\", \"attributes\": {\"choices\": [1, 2, 3]}}"}
{"op_code":5,"worker_id":"beaba2c7-354b-43fb-a508-b56fa561724e-139952901822272","trial_id":4,"param_name":"nodes","param_value_internal":0,"distribution":"{\"name\": \"CategoricalDistribution\", \"attributes\": {\"choices\": [16, 32, 64]}}"}
{"op_code":6,"worker_id":"beaba2c7-354b-43fb-a508-b56fa561724e-139952901822272","trial_id":4,"state":1,"values":[0.5925197654238364],"datetime_complete":"2026-03-26T09:49:06.563661"}
{"op_code":4,"worker_id":"beaba2c7-354b-43fb-a508-b56fa561724e-139952901822272","study_id":0,"datetime_start":"2026-03-26T09:49:06.584653"}
{"op_code":5,"worker_id":"beaba2c7-354b-43fb-a508-b56fa561724e-139952901822272","trial_id":5,"param_name":"lr","param_value_internal":0.07904672258649031,"distribution":"{\"name\": \"FloatDistribution\", \"attributes\": {\"step\": null, \"low\": 0.0001, \"high\": 0.1, \"log\": true}}"}
{"op_code":5,"worker_id":"beaba2c7-354b-43fb-a508-b56fa561724e-139952901822272","trial_id":5,"param_name":"dropout","param_value_internal":0.328004859452348,"distribution":"{\"name\": \"FloatDistribution\", \"attributes\": {\"step\": null, \"low\": 0.0, \"high\": 0.5, \"log\": false}}"}
{"op_code":5,"worker_id":"beaba2c7-354b-43fb-a508-b56fa561724e-139952901822272","trial_id":5,"param_name":"layers","param_value_internal":1,"distribution":"{\"name\": \"CategoricalDistribution\", \"attributes\": {\"choices\": [1, 2, 3]}}"}
{"op_code":5,"worker_id":"beaba2c7-354b-43fb-a508-b56fa561724e-139952901822272","trial_id":5,"param_name":"nodes","param_value_internal":0,"distribution":"{\"name\": \"CategoricalDistribution\", \"attributes\": {\"choices\": [16, 32, 64]}}"}
{"op_code":6,"worker_id":"beaba2c7-354b-43fb-a508-b56fa561724e-139952901822272","trial_id":5,"state":1,"values":[0.5988792976326864],"datetime_complete":"2026-03-26T09:49:13.764100"}
{"op_code":4,"worker_id":"beaba2c7-354b-43fb-a508-b56fa561724e-139952901822272","study_id":0,"datetime_start":"2026-03-26T09:49:13.781890"}
{"op_code":5,"worker_id":"beaba2c7-354b-43fb-a508-b56fa561724e-139952901822272","trial_id":6,"param_name":"lr","param_value_internal":0.06060780613186865,"distribution":"{\"name\": \"FloatDistribution\", \"attributes\": {\"step\": null, \"low\": 0.0001, \"high\": 0.1, \"log\": true}}"}
{"op_code":5,"worker_id":"beaba2c7-354b-43fb-a508-b56fa561724e-139952901822272","trial_id":6,"param_name":"dropout","param_value_internal":0.35847800678403885,"distribution":"{\"name\": \"FloatDistribution\", \"attributes\": {\"step\": null, \"low\": 0.0, \"high\": 0.5, \"log\": false}}"}
{"op_code":5,"worker_id":"beaba2c7-354b-43fb-a508-b56fa561724e-139952901822272","trial_id":6,"param_name":"layers","param_value_internal":1,"distribution":"{\"name\": \"CategoricalDistribution\", \"attributes\": {\"choices\": [1, 2, 3]}}"}
{"op_code":5,"worker_id":"beaba2c7-354b-43fb-a508-b56fa561724e-139952901822272","trial_id":6,"param_name":"nodes","param_value_internal":0,"distribution":"{\"name\": \"CategoricalDistribution\", \"attributes\": {\"choices\": [16, 32, 64]}}"}
{"op_code":6,"worker_id":"beaba2c7-354b-43fb-a508-b56fa561724e-139952901822272","trial_id":6,"state":1,"values":[0.6022828072006261],"datetime_complete":"2026-03-26T09:49:21.161992"}
{"op_code":4,"worker_id":"beaba2c7-354b-43fb-a508-b56fa561724e-139952901822272","study_id":0,"datetime_start":"2026-03-26T09:49:21.177240"}
{"op_code":5,"worker_id":"beaba2c7-354b-43fb-a508-b56fa561724e-139952901822272","trial_id":7,"param_name":"lr","param_value_internal":0.000590206644887921,"distribution":"{\"name\": \"FloatDistribution\", \"attributes\": {\"step\": null, \"low\": 0.0001, \"high\": 0.1, \"log\": true}}"}
{"op_code":5,"worker_id":"beaba2c7-354b-43fb-a508-b56fa561724e-139952901822272","trial_id":7,"param_name":"dropout","param_value_internal":0.36723261669565055,"distribution":"{\"name\": \"FloatDistribution\", \"attributes\": {\"step\": null, \"low\": 0.0, \"high\": 0.5, \"log\": false}}"}
{"op_code":5,"worker_id":"beaba2c7-354b-43fb-a508-b56fa561724e-139952901822272","trial_id":7,"param_name":"layers","param_value_internal":1,"distribution":"{\"name\": \"CategoricalDistribution\", \"attributes\": {\"choices\": [1, 2, 3]}}"}
{"op_code":5,"worker_id":"beaba2c7-354b-43fb-a508-b56fa561724e-139952901822272","trial_id":7,"param_name":"nodes","param_value_internal":2,"distribution":"{\"name\": \"CategoricalDistribution\", \"attributes\": {\"choices\": [16, 32, 64]}}"}
{"op_code":6,"worker_id":"beaba2c7-354b-43fb-a508-b56fa561724e-139952901822272","trial_id":7,"state":1,"values":[0.5946829024830137],"datetime_complete":"2026-03-26T09:49:28.287473"}
{"op_code":4,"worker_id":"beaba2c7-354b-43fb-a508-b56fa561724e-139952901822272","study_id":0,"datetime_start":"2026-03-26T09:49:28.308078"}
{"op_code":5,"worker_id":"beaba2c7-354b-43fb-a508-b56fa561724e-139952901822272","trial_id":8,"param_name":"lr","param_value_internal":0.039610705139942644,"distribution":"{\"name\": \"FloatDistribution\", \"attributes\": {\"step\": null, \"low\": 0.0001, \"high\": 0.1, \"log\": true}}"}
{"op_code":5,"worker_id":"beaba2c7-354b-43fb-a508-b56fa561724e-139952901822272","trial_id":8,"param_name":"dropout","param_value_internal":0.20342355768749332,"distribution":"{\"name\": \"FloatDistribution\", \"attributes\": {\"step\": null, \"low\": 0.0, \"high\": 0.5, \"log\": false}}"}
{"op_code":5,"worker_id":"beaba2c7-354b-43fb-a508-b56fa561724e-139952901822272","trial_id":8,"param_name":"layers","param_value_internal":1,"distribution":"{\"name\": \"CategoricalDistribution\", \"attributes\": {\"choices\": [1, 2, 3]}}"}
{"op_code":5,"worker_id":"beaba2c7-354b-43fb-a508-b56fa561724e-139952901822272","trial_id":8,"param_name":"nodes","param_value_internal":2,"distribution":"{\"name\": \"CategoricalDistribution\", \"attributes\": {\"choices\": [16, 32, 64]}}"}
{"op_code":6,"worker_id":"beaba2c7-354b-43fb-a508-b56fa561724e-139952901822272","trial_id":8,"state":1,"values":[0.605365305867807],"datetime_complete":"2026-03-26T09:49:35.447092"}
{"op_code":4,"worker_id":"beaba2c7-354b-43fb-a508-b56fa561724e-139952901822272","study_id":0,"datetime_start":"2026-03-26T09:49:35.475141"}
{"op_code":5,"worker_id":"beaba2c7-354b-43fb-a508-b56fa561724e-139952901822272","trial_id":9,"param_name":"lr","param_value_internal":0.007474313192626651,"distribution":"{\"name\": \"FloatDistribution\", \"attributes\": {\"step\": null, \"low\": 0.0001, \"high\": 0.1, \"log\": true}}"}
{"op_code":5,"worker_id":"beaba2c7-354b-43fb-a508-b56fa561724e-139952901822272","trial_id":9,"param_name":"dropout","param_value_internal":0.2734356795505702,"distribution":"{\"name\": \"FloatDistribution\", \"attributes\": {\"step\": null, \"low\": 0.0, \"high\": 0.5, \"log\": false}}"}
{"op_code":5,"worker_id":"beaba2c7-354b-43fb-a508-b56fa561724e-139952901822272","trial_id":9,"param_name":"layers","param_value_internal":0,"distribution":"{\"name\": \"CategoricalDistribution\", \"attributes\": {\"choices\": [1, 2, 3]}}"}
{"op_code":5,"worker_id":"beaba2c7-354b-43fb-a508-b56fa561724e-139952901822272","trial_id":9,"param_name":"nodes","param_value_internal":1,"distribution":"{\"name\": \"CategoricalDistribution\", \"attributes\": {\"choices\": [16, 32, 64]}}"}
{"op_code":6,"worker_id":"beaba2c7-354b-43fb-a508-b56fa561724e-139952901822272","trial_id":9,"state":1,"values":[0.6041850520083032],"datetime_complete":"2026-03-26T09:49:41.397051"}
{"op_code":4,"worker_id":"beaba2c7-354b-43fb-a508-b56fa561724e-139952901822272","study_id":0,"datetime_start":"2026-03-26T09:49:41.418535"}
{"op_code":5,"worker_id":"beaba2c7-354b-43fb-a508-b56fa561724e-139952901822272","trial_id":10,"param_name":"lr","param_value_internal":0.00015432614932319401,"distribution":"{\"name\": \"FloatDistribution\", \"attributes\": {\"step\": null, \"low\": 0.0001, \"high\": 0.1, \"log\": true}}"}
{"op_code":5,"worker_id":"beaba2c7-354b-43fb-a508-b56fa561724e-139952901822272","trial_id":10,"param_name":"dropout","param_value_internal":0.024854249889652236,"distribution":"{\"name\": \"FloatDistribution\", \"attributes\": {\"step\": null, \"low\": 0.0, \"high\": 0.5, \"log\": false}}"}
{"op_code":5,"worker_id":"beaba2c7-354b-43fb-a508-b56fa561724e-139952901822272","trial_id":10,"param_name":"layers","param_value_internal":2,"distribution":"{\"name\": \"CategoricalDistribution\", \"attributes\": {\"choices\": [1, 2, 3]}}"}
{"op_code":5,"worker_id":"beaba2c7-354b-43fb-a508-b56fa561724e-139952901822272","trial_id":10,"param_name":"nodes","param_value_internal":1,"distribution":"{\"name\": \"CategoricalDistribution\", \"attributes\": {\"choices\": [16, 32, 64]}}"}
{"op_code":6,"worker_id":"beaba2c7-354b-43fb-a508-b56fa561724e-139952901822272","trial_id":10,"state":1,"values":[0.5689504191290736],"datetime_complete":"2026-03-26T09:49:49.715618"}
{"op_code":4,"worker_id":"beaba2c7-354b-43fb-a508-b56fa561724e-139952901822272","study_id":0,"datetime_start":"2026-03-26T09:49:49.740970"}
{"op_code":5,"worker_id":"beaba2c7-354b-43fb-a508-b56fa561724e-139952901822272","trial_id":11,"param_name":"lr","param_value_internal":0.009687094941380545,"distribution":"{\"name\": \"FloatDistribution\", \"attributes\": {\"step\": null, \"low\": 0.0001, \"high\": 0.1, \"log\": true}}"}
{"op_code":5,"worker_id":"beaba2c7-354b-43fb-a508-b56fa561724e-139952901822272","trial_id":11,"param_name":"dropout","param_value_internal":0.48402789963766096,"distribution":"{\"name\": \"FloatDistribution\", \"attributes\": {\"step\": null, \"low\": 0.0, \"high\": 0.5, \"log\": false}}"}
{"op_code":5,"worker_id":"beaba2c7-354b-43fb-a508-b56fa561724e-139952901822272","trial_id":11,"param_name":"layers","param_value_internal":0,"distribution":"{\"name\": \"CategoricalDistribution\", \"attributes\": {\"choices\": [1, 2, 3]}}"}
{"op_code":5,"worker_id":"beaba2c7-354b-43fb-a508-b56fa561724e-139952901822272","trial_id":11,"param_name":"nodes","param_value_internal":1,"distribution":"{\"name\": \"CategoricalDistribution\", \"attributes\": {\"choices\": [16, 32, 64]}}"}
{"op_code":6,"worker_id":"beaba2c7-354b-43fb-a508-b56fa561724e-139952901822272","trial_id":11,"state":1,"values":[0.6041992309350152],"datetime_complete":"2026-03-26T09:49:55.714027"}
{"op_code":4,"worker_id":"beaba2c7-354b-43fb-a508-b56fa561724e-139952901822272","study_id":0,"datetime_start":"2026-03-26T09:49:55.747534"}
{"op_code":5,"worker_id":"beaba2c7-354b-43fb-a508-b56fa561724e-139952901822272","trial_id":12,"param_name":"lr","param_value_internal":0.016066385959483554,"distribution":"{\"name\": \"FloatDistribution\", \"attributes\": {\"step\": null, \"low\": 0.0001, \"high\": 0.1, \"log\": true}}"}
{"op_code":5,"worker_id":"beaba2c7-354b-43fb-a508-b56fa561724e-139952901822272","trial_id":12,"param_name":"dropout","param_value_internal":0.46615688981877357,"distribution":"{\"name\": \"FloatDistribution\", \"attributes\": {\"step\": null, \"low\": 0.0, \"high\": 0.5, \"log\": false}}"}
{"op_code":5,"worker_id":"beaba2c7-354b-43fb-a508-b56fa561724e-139952901822272","trial_id":12,"param_name":"layers","param_value_internal":0,"distribution":"{\"name\": \"CategoricalDistribution\", \"attributes\": {\"choices\": [1, 2, 3]}}"}
{"op_code":5,"worker_id":"beaba2c7-354b-43fb-a508-b56fa561724e-139952901822272","trial_id":12,"param_name":"nodes","param_value_internal":1,"distribution":"{\"name\": \"CategoricalDistribution\", \"attributes\": {\"choices\": [16, 32, 64]}}"}
{"op_code":6,"worker_id":"beaba2c7-354b-43fb-a508-b56fa561724e-139952901822272","trial_id":12,"state":1,"values":[0.6033791218139952],"datetime_complete":"2026-03-26T09:50:01.614841"}
{"op_code":4,"worker_id":"beaba2c7-354b-43fb-a508-b56fa561724e-139952901822272","study_id":0,"datetime_start":"2026-03-26T09:50:01.637375"}
{"op_code":5,"worker_id":"beaba2c7-354b-43fb-a508-b56fa561724e-139952901822272","trial_id":13,"param_name":"lr","param_value_internal":0.016671901275919825,"distribution":"{\"name\": \"FloatDistribution\", \"attributes\": {\"step\": null, \"low\": 0.0001, \"high\": 0.1, \"log\": true}}"}
{"op_code":5,"worker_id":"beaba2c7-354b-43fb-a508-b56fa561724e-139952901822272","trial_id":13,"param_name":"dropout","param_value_internal":0.49261056633220635,"distribution":"{\"name\": \"FloatDistribution\", \"attributes\": {\"step\": null, \"low\": 0.0, \"high\": 0.5, \"log\": false}}"}
{"op_code":5,"worker_id":"beaba2c7-354b-43fb-a508-b56fa561724e-139952901822272","trial_id":13,"param_name":"layers","param_value_internal":0,"distribution":"{\"name\": \"CategoricalDistribution\", \"attributes\": {\"choices\": [1, 2, 3]}}"}
{"op_code":5,"worker_id":"beaba2c7-354b-43fb-a508-b56fa561724e-139952901822272","trial_id":13,"param_name":"nodes","param_value_internal":1,"distribution":"{\"name\": \"CategoricalDistribution\", \"attributes\": {\"choices\": [16, 32, 64]}}"}
{"op_code":6,"worker_id":"beaba2c7-354b-43fb-a508-b56fa561724e-139952901822272","trial_id":13,"state":1,"values":[0.6004690388956317],"datetime_complete":"2026-03-26T09:50:07.483208"}
{"op_code":4,"worker_id":"beaba2c7-354b-43fb-a508-b56fa561724e-139952901822272","study_id":0,"datetime_start":"2026-03-26T09:50:07.508942"}
{"op_code":5,"worker_id":"beaba2c7-354b-43fb-a508-b56fa561724e-139952901822272","trial_id":14,"param_name":"lr","param_value_internal":0.003464192930503578,"distribution":"{\"name\": \"FloatDistribution\", \"attributes\": {\"step\": null, \"low\": 0.0001, \"high\": 0.1, \"log\": true}}"}
{"op_code":5,"worker_id":"beaba2c7-354b-43fb-a508-b56fa561724e-139952901822272","trial_id":14,"param_name":"dropout","param_value_internal":0.19136735475547834,"distribution":"{\"name\": \"FloatDistribution\", \"attributes\": {\"step\": null, \"low\": 0.0, \"high\": 0.5, \"log\": false}}"}
{"op_code":5,"worker_id":"beaba2c7-354b-43fb-a508-b56fa561724e-139952901822272","trial_id":14,"param_name":"layers","param_value_internal":2,"distribution":"{\"name\": \"CategoricalDistribution\", \"attributes\": {\"choices\": [1, 2, 3]}}"}
{"op_code":5,"worker_id":"beaba2c7-354b-43fb-a508-b56fa561724e-139952901822272","trial_id":14,"param_name":"nodes","param_value_internal":2,"distribution":"{\"name\": \"CategoricalDistribution\", \"attributes\": {\"choices\": [16, 32, 64]}}"}
{"op_code":6,"worker_id":"beaba2c7-354b-43fb-a508-b56fa561724e-139952901822272","trial_id":14,"state":1,"values":[0.5951405982372758],"datetime_complete":"2026-03-26T09:50:15.696777"}
{"op_code":4,"worker_id":"beaba2c7-354b-43fb-a508-b56fa561724e-139952901822272","study_id":0,"datetime_start":"2026-03-26T09:50:15.720265"}
{"op_code":5,"worker_id":"beaba2c7-354b-43fb-a508-b56fa561724e-139952901822272","trial_id":15,"param_name":"lr","param_value_internal":0.02154630250992841,"distribution":"{\"name\": \"FloatDistribution\", \"attributes\": {\"step\": null, \"low\": 0.0001, \"high\": 0.1, \"log\": true}}"}
{"op_code":5,"worker_id":"beaba2c7-354b-43fb-a508-b56fa561724e-139952901822272","trial_id":15,"param_name":"dropout","param_value_internal":0.03765263474722999,"distribution":"{\"name\": \"FloatDistribution\", \"attributes\": {\"step\": null, \"low\": 0.0, \"high\": 0.5, \"log\": false}}"}
{"op_code":5,"worker_id":"beaba2c7-354b-43fb-a508-b56fa561724e-139952901822272","trial_id":15,"param_name":"layers","param_value_internal":1,"distribution":"{\"name\": \"CategoricalDistribution\", \"attributes\": {\"choices\": [1, 2, 3]}}"}
{"op_code":5,"worker_id":"beaba2c7-354b-43fb-a508-b56fa561724e-139952901822272","trial_id":15,"param_name":"nodes","param_value_internal":1,"distribution":"{\"name\": \"CategoricalDistribution\", \"attributes\": {\"choices\": [16, 32, 64]}}"}
{"op_code":6,"worker_id":"beaba2c7-354b-43fb-a508-b56fa561724e-139952901822272","trial_id":15,"state":1,"values":[0.6069266892773285],"datetime_complete":"2026-03-26T09:50:22.831389"}
{"op_code":4,"worker_id":"beaba2c7-354b-43fb-a508-b56fa561724e-139952901822272","study_id":0,"datetime_start":"2026-03-26T09:50:22.849278"}
{"op_code":5,"worker_id":"beaba2c7-354b-43fb-a508-b56fa561724e-139952901822272","trial_id":16,"param_name":"lr","param_value_internal":0.023686674601169556,"distribution":"{\"name\": \"FloatDistribution\", \"attributes\": {\"step\": null, \"low\": 0.0001, \"high\": 0.1, \"log\": true}}"}
{"op_code":5,"worker_id":"beaba2c7-354b-43fb-a508-b56fa561724e-139952901822272","trial_id":16,"param_name":"dropout","param_value_internal":0.024294605638126715,"distribution":"{\"name\": \"FloatDistribution\", \"attributes\": {\"step\": null, \"low\": 0.0, \"high\": 0.5, \"log\": false}}"}
{"op_code":5,"worker_id":"beaba2c7-354b-43fb-a508-b56fa561724e-139952901822272","trial_id":16,"param_name":"layers","param_value_internal":1,"distribution":"{\"name\": \"CategoricalDistribution\", \"attributes\": {\"choices\": [1, 2, 3]}}"}
{"op_code":5,"worker_id":"beaba2c7-354b-43fb-a508-b56fa561724e-139952901822272","trial_id":16,"param_name":"nodes","param_value_internal":2,"distribution":"{\"name\": \"CategoricalDistribution\", \"attributes\": {\"choices\": [16, 32, 64]}}"}
{"op_code":6,"worker_id":"beaba2c7-354b-43fb-a508-b56fa561724e-139952901822272","trial_id":16,"state":1,"values":[0.5966015948456765],"datetime_complete":"2026-03-26T09:50:29.884160"}
{"op_code":4,"worker_id":"beaba2c7-354b-43fb-a508-b56fa561724e-139952901822272","study_id":0,"datetime_start":"2026-03-26T09:50:29.903593"}
{"op_code":5,"worker_id":"beaba2c7-354b-43fb-a508-b56fa561724e-139952901822272","trial_id":17,"param_name":"lr","param_value_internal":0.030138636552756122,"distribution":"{\"name\": \"FloatDistribution\", \"attributes\": {\"step\": null, \"low\": 0.0001, \"high\": 0.1, \"log\": true}}"}
{"op_code":5,"worker_id":"beaba2c7-354b-43fb-a508-b56fa561724e-139952901822272","trial_id":17,"param_name":"dropout","param_value_internal":0.09392161886773365,"distribution":"{\"name\": \"FloatDistribution\", \"attributes\": {\"step\": null, \"low\": 0.0, \"high\": 0.5, \"log\": false}}"}
{"op_code":5,"worker_id":"beaba2c7-354b-43fb-a508-b56fa561724e-139952901822272","trial_id":17,"param_name":"layers","param_value_internal":1,"distribution":"{\"name\": \"CategoricalDistribution\", \"attributes\": {\"choices\": [1, 2, 3]}}"}
{"op_code":5,"worker_id":"beaba2c7-354b-43fb-a508-b56fa561724e-139952901822272","trial_id":17,"param_name":"nodes","param_value_internal":1,"distribution":"{\"name\": \"CategoricalDistribution\", \"attributes\": {\"choices\": [16, 32, 64]}}"}
{"op_code":6,"worker_id":"beaba2c7-354b-43fb-a508-b56fa561724e-139952901822272","trial_id":17,"state":1,"values":[0.6022391361063533],"datetime_complete":"2026-03-26T09:50:36.978561"}
{"op_code":4,"worker_id":"beaba2c7-354b-43fb-a508-b56fa561724e-139952901822272","study_id":0,"datetime_start":"2026-03-26T09:50:36.991631"}
{"op_code":5,"worker_id":"beaba2c7-354b-43fb-a508-b56fa561724e-139952901822272","trial_id":18,"param_name":"lr","param_value_internal":0.003541939457344067,"distribution":"{\"name\": \"FloatDistribution\", \"attributes\": {\"step\": null, \"low\": 0.0001, \"high\": 0.1, \"log\": true}}"}
{"op_code":5,"worker_id":"beaba2c7-354b-43fb-a508-b56fa561724e-139952901822272","trial_id":18,"param_name":"dropout","param_value_internal":0.19272745603367608,"distribution":"{\"name\": \"FloatDistribution\", \"attributes\": {\"step\": null, \"low\": 0.0, \"high\": 0.5, \"log\": false}}"}
{"op_code":5,"worker_id":"beaba2c7-354b-43fb-a508-b56fa561724e-139952901822272","trial_id":18,"param_name":"layers","param_value_internal":1,"distribution":"{\"name\": \"CategoricalDistribution\", \"attributes\": {\"choices\": [1, 2, 3]}}"}
{"op_code":5,"worker_id":"beaba2c7-354b-43fb-a508-b56fa561724e-139952901822272","trial_id":18,"param_name":"nodes","param_value_internal":2,"distribution":"{\"name\": \"CategoricalDistribution\", \"attributes\": {\"choices\": [16, 32, 64]}}"}
{"op_code":6,"worker_id":"beaba2c7-354b-43fb-a508-b56fa561724e-139952901822272","trial_id":18,"state":1,"values":[0.6057021971664833],"datetime_complete":"2026-03-26T09:50:44.119081"}
{"op_code":4,"worker_id":"beaba2c7-354b-43fb-a508-b56fa561724e-139952901822272","study_id":0,"datetime_start":"2026-03-26T09:50:44.132799"}
{"op_code":5,"worker_id":"beaba2c7-354b-43fb-a508-b56fa561724e-139952901822272","trial_id":19,"param_name":"lr","param_value_internal":0.003824809506009041,"distribution":"{\"name\": \"FloatDistribution\", \"attributes\": {\"step\": null, \"low\": 0.0001, \"high\": 0.1, \"log\": true}}"}
{"op_code":5,"worker_id":"beaba2c7-354b-43fb-a508-b56fa561724e-139952901822272","trial_id":19,"param_name":"dropout","param_value_internal":0.07088397876501208,"distribution":"{\"name\": \"FloatDistribution\", \"attributes\": {\"step\": null, \"low\": 0.0, \"high\": 0.5, \"log\": false}}"}
{"op_code":5,"worker_id":"beaba2c7-354b-43fb-a508-b56fa561724e-139952901822272","trial_id":19,"param_name":"layers","param_value_internal":1,"distribution":"{\"name\": \"CategoricalDistribution\", \"attributes\": {\"choices\": [1, 2, 3]}}"}
{"op_code":5,"worker_id":"beaba2c7-354b-43fb-a508-b56fa561724e-139952901822272","trial_id":19,"param_name":"nodes","param_value_internal":2,"distribution":"{\"name\": \"CategoricalDistribution\", \"attributes\": {\"choices\": [16, 32, 64]}}"}
{"op_code":6,"worker_id":"beaba2c7-354b-43fb-a508-b56fa561724e-139952901822272","trial_id":19,"state":1,"values":[0.6009465851472907],"datetime_complete":"2026-03-26T09:50:51.251747"}
{"op_code":0,"worker_id":"e8fb0d70-c565-4a94-a255-6d931a762cd7-139699157092160","study_name":"deepsurv_tuning","directions":[2]}
{"op_code":4,"worker_id":"e8fb0d70-c565-4a94-a255-6d931a762cd7-139699157092160","study_id":0,"datetime_start":"2026-03-26T14:21:17.340619"}
{"op_code":5,"worker_id":"e8fb0d70-c565-4a94-a255-6d931a762cd7-139699157092160","trial_id":20,"param_name":"lr","param_value_internal":0.0014284301651389041,"distribution":"{\"name\": \"FloatDistribution\", \"attributes\": {\"step\": null, \"low\": 0.0001, \"high\": 0.1, \"log\": true}}"}
{"op_code":5,"worker_id":"e8fb0d70-c565-4a94-a255-6d931a762cd7-139699157092160","trial_id":20,"param_name":"dropout","param_value_internal":0.15299629883900784,"distribution":"{\"name\": \"FloatDistribution\", \"attributes\": {\"step\": null, \"low\": 0.0, \"high\": 0.5, \"log\": false}}"}
{"op_code":5,"worker_id":"e8fb0d70-c565-4a94-a255-6d931a762cd7-139699157092160","trial_id":20,"param_name":"layers","param_value_internal":1,"distribution":"{\"name\": \"CategoricalDistribution\", \"attributes\": {\"choices\": [1, 2, 3]}}"}
{"op_code":5,"worker_id":"e8fb0d70-c565-4a94-a255-6d931a762cd7-139699157092160","trial_id":20,"param_name":"nodes","param_value_internal":1,"distribution":"{\"name\": \"CategoricalDistribution\", \"attributes\": {\"choices\": [16, 32, 64]}}"}
{"op_code":6,"worker_id":"e8fb0d70-c565-4a94-a255-6d931a762cd7-139699157092160","trial_id":20,"state":1,"values":[0.5971131705214442],"datetime_complete":"2026-03-26T14:21:24.937767"}
{"op_code":4,"worker_id":"e8fb0d70-c565-4a94-a255-6d931a762cd7-139699157092160","study_id":0,"datetime_start":"2026-03-26T14:21:24.971501"}
{"op_code":5,"worker_id":"e8fb0d70-c565-4a94-a255-6d931a762cd7-139699157092160","trial_id":21,"param_name":"lr","param_value_internal":0.0002944663124201594,"distribution":"{\"name\": \"FloatDistribution\", \"attributes\": {\"step\": null, \"low\": 0.0001, \"high\": 0.1, \"log\": true}}"}
{"op_code":5,"worker_id":"e8fb0d70-c565-4a94-a255-6d931a762cd7-139699157092160","trial_id":21,"param_name":"dropout","param_value_internal":0.22060147303123784,"distribution":"{\"name\": \"FloatDistribution\", \"attributes\": {\"step\": null, \"low\": 0.0, \"high\": 0.5, \"log\": false}}"}
{"op_code":5,"worker_id":"e8fb0d70-c565-4a94-a255-6d931a762cd7-139699157092160","trial_id":21,"param_name":"layers","param_value_internal":1,"distribution":"{\"name\": \"CategoricalDistribution\", \"attributes\": {\"choices\": [1, 2, 3]}}"}
{"op_code":5,"worker_id":"e8fb0d70-c565-4a94-a255-6d931a762cd7-139699157092160","trial_id":21,"param_name":"nodes","param_value_internal":2,"distribution":"{\"name\": \"CategoricalDistribution\", \"attributes\": {\"choices\": [16, 32, 64]}}"}
{"op_code":6,"worker_id":"e8fb0d70-c565-4a94-a255-6d931a762cd7-139699157092160","trial_id":21,"state":1,"values":[0.5984221690354927],"datetime_complete":"2026-03-26T14:21:32.686961"}
{"op_code":4,"worker_id":"e8fb0d70-c565-4a94-a255-6d931a762cd7-139699157092160","study_id":0,"datetime_start":"2026-03-26T14:21:32.708939"}
{"op_code":5,"worker_id":"e8fb0d70-c565-4a94-a255-6d931a762cd7-139699157092160","trial_id":22,"param_name":"lr","param_value_internal":0.012403309178860926,"distribution":"{\"name\": \"FloatDistribution\", \"attributes\": {\"step\": null, \"low\": 0.0001, \"high\": 0.1, \"log\": true}}"}
{"op_code":5,"worker_id":"e8fb0d70-c565-4a94-a255-6d931a762cd7-139699157092160","trial_id":22,"param_name":"dropout","param_value_internal":0.3099529683760178,"distribution":"{\"name\": \"FloatDistribution\", \"attributes\": {\"step\": null, \"low\": 0.0, \"high\": 0.5, \"log\": false}}"}
{"op_code":5,"worker_id":"e8fb0d70-c565-4a94-a255-6d931a762cd7-139699157092160","trial_id":22,"param_name":"layers","param_value_internal":1,"distribution":"{\"name\": \"CategoricalDistribution\", \"attributes\": {\"choices\": [1, 2, 3]}}"}
{"op_code":5,"worker_id":"e8fb0d70-c565-4a94-a255-6d931a762cd7-139699157092160","trial_id":22,"param_name":"nodes","param_value_internal":2,"distribution":"{\"name\": \"CategoricalDistribution\", \"attributes\": {\"choices\": [16, 32, 64]}}"}
{"op_code":6,"worker_id":"e8fb0d70-c565-4a94-a255-6d931a762cd7-139699157092160","trial_id":22,"state":1,"values":[0.5993942762508649],"datetime_complete":"2026-03-26T14:21:40.413882"}
{"op_code":4,"worker_id":"e8fb0d70-c565-4a94-a255-6d931a762cd7-139699157092160","study_id":0,"datetime_start":"2026-03-26T14:21:40.437417"}
{"op_code":5,"worker_id":"e8fb0d70-c565-4a94-a255-6d931a762cd7-139699157092160","trial_id":23,"param_name":"lr","param_value_internal":0.04446066106873849,"distribution":"{\"name\": \"FloatDistribution\", \"attributes\": {\"step\": null, \"low\": 0.0001, \"high\": 0.1, \"log\": true}}"}
{"op_code":5,"worker_id":"e8fb0d70-c565-4a94-a255-6d931a762cd7-139699157092160","trial_id":23,"param_name":"dropout","param_value_internal":0.17613136301807802,"distribution":"{\"name\": \"FloatDistribution\", \"attributes\": {\"step\": null, \"low\": 0.0, \"high\": 0.5, \"log\": false}}"}
{"op_code":5,"worker_id":"e8fb0d70-c565-4a94-a255-6d931a762cd7-139699157092160","trial_id":23,"param_name":"layers","param_value_internal":1,"distribution":"{\"name\": \"CategoricalDistribution\", \"attributes\": {\"choices\": [1, 2, 3]}}"}
{"op_code":5,"worker_id":"e8fb0d70-c565-4a94-a255-6d931a762cd7-139699157092160","trial_id":23,"param_name":"nodes","param_value_internal":2,"distribution":"{\"name\": \"CategoricalDistribution\", \"attributes\": {\"choices\": [16, 32, 64]}}"}
{"op_code":6,"worker_id":"e8fb0d70-c565-4a94-a255-6d931a762cd7-139699157092160","trial_id":23,"state":1,"values":[0.5988730589049331],"datetime_complete":"2026-03-26T14:21:48.025778"}
{"op_code":4,"worker_id":"e8fb0d70-c565-4a94-a255-6d931a762cd7-139699157092160","study_id":0,"datetime_start":"2026-03-26T14:21:48.043768"}
{"op_code":5,"worker_id":"e8fb0d70-c565-4a94-a255-6d931a762cd7-139699157092160","trial_id":24,"param_name":"lr","param_value_internal":0.0020630676251761665,"distribution":"{\"name\": \"FloatDistribution\", \"attributes\": {\"step\": null, \"low\": 0.0001, \"high\": 0.1, \"log\": true}}"}
{"op_code":5,"worker_id":"e8fb0d70-c565-4a94-a255-6d931a762cd7-139699157092160","trial_id":24,"param_name":"dropout","param_value_internal":0.22843510174859583,"distribution":"{\"name\": \"FloatDistribution\", \"attributes\": {\"step\": null, \"low\": 0.0, \"high\": 0.5, \"log\": false}}"}
{"op_code":5,"worker_id":"e8fb0d70-c565-4a94-a255-6d931a762cd7-139699157092160","trial_id":24,"param_name":"layers","param_value_internal":1,"distribution":"{\"name\": \"CategoricalDistribution\", \"attributes\": {\"choices\": [1, 2, 3]}}"}
{"op_code":5,"worker_id":"e8fb0d70-c565-4a94-a255-6d931a762cd7-139699157092160","trial_id":24,"param_name":"nodes","param_value_internal":2,"distribution":"{\"name\": \"CategoricalDistribution\", \"attributes\": {\"choices\": [16, 32, 64]}}"}
{"op_code":6,"worker_id":"e8fb0d70-c565-4a94-a255-6d931a762cd7-139699157092160","trial_id":24,"state":1,"values":[0.603725087625767],"datetime_complete":"2026-03-26T14:21:55.648958"}
{"op_code":4,"worker_id":"e8fb0d70-c565-4a94-a255-6d931a762cd7-139699157092160","study_id":0,"datetime_start":"2026-03-26T14:21:55.663515"}
{"op_code":5,"worker_id":"e8fb0d70-c565-4a94-a255-6d931a762cd7-139699157092160","trial_id":25,"param_name":"lr","param_value_internal":0.005620960153321297,"distribution":"{\"name\": \"FloatDistribution\", \"attributes\": {\"step\": null, \"low\": 0.0001, \"high\": 0.1, \"log\": true}}"}
{"op_code":5,"worker_id":"e8fb0d70-c565-4a94-a255-6d931a762cd7-139699157092160","trial_id":25,"param_name":"dropout","param_value_internal":0.06599698627533551,"distribution":"{\"name\": \"FloatDistribution\", \"attributes\": {\"step\": null, \"low\": 0.0, \"high\": 0.5, \"log\": false}}"}
{"op_code":5,"worker_id":"e8fb0d70-c565-4a94-a255-6d931a762cd7-139699157092160","trial_id":25,"param_name":"layers","param_value_internal":2,"distribution":"{\"name\": \"CategoricalDistribution\", \"attributes\": {\"choices\": [1, 2, 3]}}"}
{"op_code":5,"worker_id":"e8fb0d70-c565-4a94-a255-6d931a762cd7-139699157092160","trial_id":25,"param_name":"nodes","param_value_internal":2,"distribution":"{\"name\": \"CategoricalDistribution\", \"attributes\": {\"choices\": [16, 32, 64]}}"}
{"op_code":6,"worker_id":"e8fb0d70-c565-4a94-a255-6d931a762cd7-139699157092160","trial_id":25,"state":1,"values":[0.5917455960253633],"datetime_complete":"2026-03-26T14:22:04.496407"}
{"op_code":4,"worker_id":"e8fb0d70-c565-4a94-a255-6d931a762cd7-139699157092160","study_id":0,"datetime_start":"2026-03-26T14:22:04.516868"}
{"op_code":5,"worker_id":"e8fb0d70-c565-4a94-a255-6d931a762cd7-139699157092160","trial_id":26,"param_name":"lr","param_value_internal":0.0959931017343241,"distribution":"{\"name\": \"FloatDistribution\", \"attributes\": {\"step\": null, \"low\": 0.0001, \"high\": 0.1, \"log\": true}}"}
{"op_code":5,"worker_id":"e8fb0d70-c565-4a94-a255-6d931a762cd7-139699157092160","trial_id":26,"param_name":"dropout","param_value_internal":0.2749476645209645,"distribution":"{\"name\": \"FloatDistribution\", \"attributes\": {\"step\": null, \"low\": 0.0, \"high\": 0.5, \"log\": false}}"}
{"op_code":5,"worker_id":"e8fb0d70-c565-4a94-a255-6d931a762cd7-139699157092160","trial_id":26,"param_name":"layers","param_value_internal":1,"distribution":"{\"name\": \"CategoricalDistribution\", \"attributes\": {\"choices\": [1, 2, 3]}}"}
{"op_code":5,"worker_id":"e8fb0d70-c565-4a94-a255-6d931a762cd7-139699157092160","trial_id":26,"param_name":"nodes","param_value_internal":1,"distribution":"{\"name\": \"CategoricalDistribution\", \"attributes\": {\"choices\": [16, 32, 64]}}"}
{"op_code":6,"worker_id":"e8fb0d70-c565-4a94-a255-6d931a762cd7-139699157092160","trial_id":26,"state":1,"values":[0.5966452659399494],"datetime_complete":"2026-03-26T14:22:12.203665"}
{"op_code":4,"worker_id":"e8fb0d70-c565-4a94-a255-6d931a762cd7-139699157092160","study_id":0,"datetime_start":"2026-03-26T14:22:12.223385"}
{"op_code":5,"worker_id":"e8fb0d70-c565-4a94-a255-6d931a762cd7-139699157092160","trial_id":27,"param_name":"lr","param_value_internal":0.02131432630797523,"distribution":"{\"name\": \"FloatDistribution\", \"attributes\": {\"step\": null, \"low\": 0.0001, \"high\": 0.1, \"log\": true}}"}
{"op_code":5,"worker_id":"e8fb0d70-c565-4a94-a255-6d931a762cd7-139699157092160","trial_id":27,"param_name":"dropout","param_value_internal":0.004348111828753581,"distribution":"{\"name\": \"FloatDistribution\", \"attributes\": {\"step\": null, \"low\": 0.0, \"high\": 0.5, \"log\": false}}"}
{"op_code":5,"worker_id":"e8fb0d70-c565-4a94-a255-6d931a762cd7-139699157092160","trial_id":27,"param_name":"layers","param_value_internal":1,"distribution":"{\"name\": \"CategoricalDistribution\", \"attributes\": {\"choices\": [1, 2, 3]}}"}
{"op_code":5,"worker_id":"e8fb0d70-c565-4a94-a255-6d931a762cd7-139699157092160","trial_id":27,"param_name":"nodes","param_value_internal":2,"distribution":"{\"name\": \"CategoricalDistribution\", \"attributes\": {\"choices\": [16, 32, 64]}}"}
{"op_code":6,"worker_id":"e8fb0d70-c565-4a94-a255-6d931a762cd7-139699157092160","trial_id":27,"state":1,"values":[0.5906657289669801],"datetime_complete":"2026-03-26T14:22:19.631002"}
{"op_code":4,"worker_id":"e8fb0d70-c565-4a94-a255-6d931a762cd7-139699157092160","study_id":0,"datetime_start":"2026-03-26T14:22:19.662437"}
{"op_code":5,"worker_id":"e8fb0d70-c565-4a94-a255-6d931a762cd7-139699157092160","trial_id":28,"param_name":"lr","param_value_internal":0.002056918222772484,"distribution":"{\"name\": \"FloatDistribution\", \"attributes\": {\"step\": null, \"low\": 0.0001, \"high\": 0.1, \"log\": true}}"}
{"op_code":5,"worker_id":"e8fb0d70-c565-4a94-a255-6d931a762cd7-139699157092160","trial_id":28,"param_name":"dropout","param_value_internal":0.1480998588006485,"distribution":"{\"name\": \"FloatDistribution\", \"attributes\": {\"step\": null, \"low\": 0.0, \"high\": 0.5, \"log\": false}}"}
{"op_code":5,"worker_id":"e8fb0d70-c565-4a94-a255-6d931a762cd7-139699157092160","trial_id":28,"param_name":"layers","param_value_internal":1,"distribution":"{\"name\": \"CategoricalDistribution\", \"attributes\": {\"choices\": [1, 2, 3]}}"}
{"op_code":5,"worker_id":"e8fb0d70-c565-4a94-a255-6d931a762cd7-139699157092160","trial_id":28,"param_name":"nodes","param_value_internal":2,"distribution":"{\"name\": \"CategoricalDistribution\", \"attributes\": {\"choices\": [16, 32, 64]}}"}
{"op_code":6,"worker_id":"e8fb0d70-c565-4a94-a255-6d931a762cd7-139699157092160","trial_id":28,"state":1,"values":[0.612702616862714],"datetime_complete":"2026-03-26T14:22:27.398356"}
{"op_code":4,"worker_id":"e8fb0d70-c565-4a94-a255-6d931a762cd7-139699157092160","study_id":0,"datetime_start":"2026-03-26T14:22:27.434667"}
{"op_code":5,"worker_id":"e8fb0d70-c565-4a94-a255-6d931a762cd7-139699157092160","trial_id":29,"param_name":"lr","param_value_internal":0.0005764373846452711,"distribution":"{\"name\": \"FloatDistribution\", \"attributes\": {\"step\": null, \"low\": 0.0001, \"high\": 0.1, \"log\": true}}"}
{"op_code":5,"worker_id":"e8fb0d70-c565-4a94-a255-6d931a762cd7-139699157092160","trial_id":29,"param_name":"dropout","param_value_internal":0.06568532096557753,"distribution":"{\"name\": \"FloatDistribution\", \"attributes\": {\"step\": null, \"low\": 0.0, \"high\": 0.5, \"log\": false}}"}
{"op_code":5,"worker_id":"e8fb0d70-c565-4a94-a255-6d931a762cd7-139699157092160","trial_id":29,"param_name":"layers","param_value_internal":2,"distribution":"{\"name\": \"CategoricalDistribution\", \"attributes\": {\"choices\": [1, 2, 3]}}"}
{"op_code":5,"worker_id":"e8fb0d70-c565-4a94-a255-6d931a762cd7-139699157092160","trial_id":29,"param_name":"nodes","param_value_internal":1,"distribution":"{\"name\": \"CategoricalDistribution\", \"attributes\": {\"choices\": [16, 32, 64]}}"}
{"op_code":6,"worker_id":"e8fb0d70-c565-4a94-a255-6d931a762cd7-139699157092160","trial_id":29,"state":1,"values":[0.5852198867954491],"datetime_complete":"2026-03-26T14:22:36.342474"}
{"op_code":4,"worker_id":"e8fb0d70-c565-4a94-a255-6d931a762cd7-139699157092160","study_id":0,"datetime_start":"2026-03-26T14:22:36.371878"}
{"op_code":5,"worker_id":"e8fb0d70-c565-4a94-a255-6d931a762cd7-139699157092160","trial_id":30,"param_name":"lr","param_value_internal":0.0022090330822390654,"distribution":"{\"name\": \"FloatDistribution\", \"attributes\": {\"step\": null, \"low\": 0.0001, \"high\": 0.1, \"log\": true}}"}
{"op_code":5,"worker_id":"e8fb0d70-c565-4a94-a255-6d931a762cd7-139699157092160","trial_id":30,"param_name":"dropout","param_value_internal":0.15015608829716764,"distribution":"{\"name\": \"FloatDistribution\", \"attributes\": {\"step\": null, \"low\": 0.0, \"high\": 0.5, \"log\": false}}"}
{"op_code":5,"worker_id":"e8fb0d70-c565-4a94-a255-6d931a762cd7-139699157092160","trial_id":30,"param_name":"layers","param_value_internal":1,"distribution":"{\"name\": \"CategoricalDistribution\", \"attributes\": {\"choices\": [1, 2, 3]}}"}
{"op_code":5,"worker_id":"e8fb0d70-c565-4a94-a255-6d931a762cd7-139699157092160","trial_id":30,"param_name":"nodes","param_value_internal":2,"distribution":"{\"name\": \"CategoricalDistribution\", \"attributes\": {\"choices\": [16, 32, 64]}}"}
{"op_code":6,"worker_id":"e8fb0d70-c565-4a94-a255-6d931a762cd7-139699157092160","trial_id":30,"state":1,"values":[0.6077156047595821],"datetime_complete":"2026-03-26T14:22:44.010038"}
{"op_code":4,"worker_id":"e8fb0d70-c565-4a94-a255-6d931a762cd7-139699157092160","study_id":0,"datetime_start":"2026-03-26T14:22:44.037812"}
{"op_code":5,"worker_id":"e8fb0d70-c565-4a94-a255-6d931a762cd7-139699157092160","trial_id":31,"param_name":"lr","param_value_internal":0.002002185230434912,"distribution":"{\"name\": \"FloatDistribution\", \"attributes\": {\"step\": null, \"low\": 0.0001, \"high\": 0.1, \"log\": true}}"}
{"op_code":5,"worker_id":"e8fb0d70-c565-4a94-a255-6d931a762cd7-139699157092160","trial_id":31,"param_name":"dropout","param_value_internal":0.15533872946338279,"distribution":"{\"name\": \"FloatDistribution\", \"attributes\": {\"step\": null, \"low\": 0.0, \"high\": 0.5, \"log\": false}}"}
{"op_code":5,"worker_id":"e8fb0d70-c565-4a94-a255-6d931a762cd7-139699157092160","trial_id":31,"param_name":"layers","param_value_internal":1,"distribution":"{\"name\": \"CategoricalDistribution\", \"attributes\": {\"choices\": [1, 2, 3]}}"}
{"op_code":5,"worker_id":"e8fb0d70-c565-4a94-a255-6d931a762cd7-139699157092160","trial_id":31,"param_name":"nodes","param_value_internal":2,"distribution":"{\"name\": \"CategoricalDistribution\", \"attributes\": {\"choices\": [16, 32, 64]}}"}
{"op_code":6,"worker_id":"e8fb0d70-c565-4a94-a255-6d931a762cd7-139699157092160","trial_id":31,"state":1,"values":[0.6132652366746447],"datetime_complete":"2026-03-26T14:22:51.706771"}
{"op_code":4,"worker_id":"e8fb0d70-c565-4a94-a255-6d931a762cd7-139699157092160","study_id":0,"datetime_start":"2026-03-26T14:22:51.729557"}
{"op_code":5,"worker_id":"e8fb0d70-c565-4a94-a255-6d931a762cd7-139699157092160","trial_id":32,"param_name":"lr","param_value_internal":0.0018777049794824591,"distribution":"{\"name\": \"FloatDistribution\", \"attributes\": {\"step\": null, \"low\": 0.0001, \"high\": 0.1, \"log\": true}}"}
{"op_code":5,"worker_id":"e8fb0d70-c565-4a94-a255-6d931a762cd7-139699157092160","trial_id":32,"param_name":"dropout","param_value_internal":0.1513506546955032,"distribution":"{\"name\": \"FloatDistribution\", \"attributes\": {\"step\": null, \"low\": 0.0, \"high\": 0.5, \"log\": false}}"}
{"op_code":5,"worker_id":"e8fb0d70-c565-4a94-a255-6d931a762cd7-139699157092160","trial_id":32,"param_name":"layers","param_value_internal":1,"distribution":"{\"name\": \"CategoricalDistribution\", \"attributes\": {\"choices\": [1, 2, 3]}}"}
{"op_code":5,"worker_id":"e8fb0d70-c565-4a94-a255-6d931a762cd7-139699157092160","trial_id":32,"param_name":"nodes","param_value_internal":2,"distribution":"{\"name\": \"CategoricalDistribution\", \"attributes\": {\"choices\": [16, 32, 64]}}"}
{"op_code":6,"worker_id":"e8fb0d70-c565-4a94-a255-6d931a762cd7-139699157092160","trial_id":32,"state":1,"values":[0.5995717964132987],"datetime_complete":"2026-03-26T14:22:59.386914"}
{"op_code":4,"worker_id":"e8fb0d70-c565-4a94-a255-6d931a762cd7-139699157092160","study_id":0,"datetime_start":"2026-03-26T14:22:59.413076"}
{"op_code":5,"worker_id":"e8fb0d70-c565-4a94-a255-6d931a762cd7-139699157092160","trial_id":33,"param_name":"lr","param_value_internal":0.0024311736090170425,"distribution":"{\"name\": \"FloatDistribution\", \"attributes\": {\"step\": null, \"low\": 0.0001, \"high\": 0.1, \"log\": true}}"}
{"op_code":5,"worker_id":"e8fb0d70-c565-4a94-a255-6d931a762cd7-139699157092160","trial_id":33,"param_name":"dropout","param_value_internal":0.13117956266175357,"distribution":"{\"name\": \"FloatDistribution\", \"attributes\": {\"step\": null, \"low\": 0.0, \"high\": 0.5, \"log\": false}}"}
{"op_code":5,"worker_id":"e8fb0d70-c565-4a94-a255-6d931a762cd7-139699157092160","trial_id":33,"param_name":"layers","param_value_internal":1,"distribution":"{\"name\": \"CategoricalDistribution\", \"attributes\": {\"choices\": [1, 2, 3]}}"}
{"op_code":5,"worker_id":"e8fb0d70-c565-4a94-a255-6d931a762cd7-139699157092160","trial_id":33,"param_name":"nodes","param_value_internal":2,"distribution":"{\"name\": \"CategoricalDistribution\", \"attributes\": {\"choices\": [16, 32, 64]}}"}
{"op_code":6,"worker_id":"e8fb0d70-c565-4a94-a255-6d931a762cd7-139699157092160","trial_id":33,"state":1,"values":[0.6049393709093797],"datetime_complete":"2026-03-26T14:23:07.151039"}
{"op_code":4,"worker_id":"e8fb0d70-c565-4a94-a255-6d931a762cd7-139699157092160","study_id":0,"datetime_start":"2026-03-26T14:23:07.174169"}
{"op_code":5,"worker_id":"e8fb0d70-c565-4a94-a255-6d931a762cd7-139699157092160","trial_id":34,"param_name":"lr","param_value_internal":0.0007001427637484332,"distribution":"{\"name\": \"FloatDistribution\", \"attributes\": {\"step\": null, \"low\": 0.0001, \"high\": 0.1, \"log\": true}}"}
{"op_code":5,"worker_id":"e8fb0d70-c565-4a94-a255-6d931a762cd7-139699157092160","trial_id":34,"param_name":"dropout","param_value_internal":0.09732090189479384,"distribution":"{\"name\": \"FloatDistribution\", \"attributes\": {\"step\": null, \"low\": 0.0, \"high\": 0.5, \"log\": false}}"}
{"op_code":5,"worker_id":"e8fb0d70-c565-4a94-a255-6d931a762cd7-139699157092160","trial_id":34,"param_name":"layers","param_value_internal":1,"distribution":"{\"name\": \"CategoricalDistribution\", \"attributes\": {\"choices\": [1, 2, 3]}}"}
{"op_code":5,"worker_id":"e8fb0d70-c565-4a94-a255-6d931a762cd7-139699157092160","trial_id":34,"param_name":"nodes","param_value_internal":2,"distribution":"{\"name\": \"CategoricalDistribution\", \"attributes\": {\"choices\": [16, 32, 64]}}"}
{"op_code":6,"worker_id":"e8fb0d70-c565-4a94-a255-6d931a762cd7-139699157092160","trial_id":34,"state":1,"values":[0.5995179164917932],"datetime_complete":"2026-03-26T14:23:14.762085"}
{"op_code":4,"worker_id":"e8fb0d70-c565-4a94-a255-6d931a762cd7-139699157092160","study_id":0,"datetime_start":"2026-03-26T14:23:14.799886"}
{"op_code":5,"worker_id":"e8fb0d70-c565-4a94-a255-6d931a762cd7-139699157092160","trial_id":35,"param_name":"lr","param_value_internal":0.005171701255868296,"distribution":"{\"name\": \"FloatDistribution\", \"attributes\": {\"step\": null, \"low\": 0.0001, \"high\": 0.1, \"log\": true}}"}
{"op_code":5,"worker_id":"e8fb0d70-c565-4a94-a255-6d931a762cd7-139699157092160","trial_id":35,"param_name":"dropout","param_value_internal":0.1039698258494553,"distribution":"{\"name\": \"FloatDistribution\", \"attributes\": {\"step\": null, \"low\": 0.0, \"high\": 0.5, \"log\": false}}"}
{"op_code":5,"worker_id":"e8fb0d70-c565-4a94-a255-6d931a762cd7-139699157092160","trial_id":35,"param_name":"layers","param_value_internal":1,"distribution":"{\"name\": \"CategoricalDistribution\", \"attributes\": {\"choices\": [1, 2, 3]}}"}
{"op_code":5,"worker_id":"e8fb0d70-c565-4a94-a255-6d931a762cd7-139699157092160","trial_id":35,"param_name":"nodes","param_value_internal":0,"distribution":"{\"name\": \"CategoricalDistribution\", \"attributes\": {\"choices\": [16, 32, 64]}}"}
{"op_code":6,"worker_id":"e8fb0d70-c565-4a94-a255-6d931a762cd7-139699157092160","trial_id":35,"state":1,"values":[0.6074887419321907],"datetime_complete":"2026-03-26T14:23:22.567189"}
{"op_code":4,"worker_id":"e8fb0d70-c565-4a94-a255-6d931a762cd7-139699157092160","study_id":0,"datetime_start":"2026-03-26T14:23:22.589510"}
{"op_code":5,"worker_id":"e8fb0d70-c565-4a94-a255-6d931a762cd7-139699157092160","trial_id":36,"param_name":"lr","param_value_internal":0.0009230748124898976,"distribution":"{\"name\": \"FloatDistribution\", \"attributes\": {\"step\": null, \"low\": 0.0001, \"high\": 0.1, \"log\": true}}"}
{"op_code":5,"worker_id":"e8fb0d70-c565-4a94-a255-6d931a762cd7-139699157092160","trial_id":36,"param_name":"dropout","param_value_internal":0.15420373955295605,"distribution":"{\"name\": \"FloatDistribution\", \"attributes\": {\"step\": null, \"low\": 0.0, \"high\": 0.5, \"log\": false}}"}
{"op_code":5,"worker_id":"e8fb0d70-c565-4a94-a255-6d931a762cd7-139699157092160","trial_id":36,"param_name":"layers","param_value_internal":1,"distribution":"{\"name\": \"CategoricalDistribution\", \"attributes\": {\"choices\": [1, 2, 3]}}"}
{"op_code":5,"worker_id":"e8fb0d70-c565-4a94-a255-6d931a762cd7-139699157092160","trial_id":36,"param_name":"nodes","param_value_internal":0,"distribution":"{\"name\": \"CategoricalDistribution\", \"attributes\": {\"choices\": [16, 32, 64]}}"}
{"op_code":6,"worker_id":"e8fb0d70-c565-4a94-a255-6d931a762cd7-139699157092160","trial_id":36,"state":1,"values":[0.5778502478476389],"datetime_complete":"2026-03-26T14:23:30.181759"}
{"op_code":4,"worker_id":"e8fb0d70-c565-4a94-a255-6d931a762cd7-139699157092160","study_id":0,"datetime_start":"2026-03-26T14:23:30.202648"}
{"op_code":5,"worker_id":"e8fb0d70-c565-4a94-a255-6d931a762cd7-139699157092160","trial_id":37,"param_name":"lr","param_value_internal":0.004960615819427389,"distribution":"{\"name\": \"FloatDistribution\", \"attributes\": {\"step\": null, \"low\": 0.0001, \"high\": 0.1, \"log\": true}}"}
{"op_code":5,"worker_id":"e8fb0d70-c565-4a94-a255-6d931a762cd7-139699157092160","trial_id":37,"param_name":"dropout","param_value_internal":0.10303076593762237,"distribution":"{\"name\": \"FloatDistribution\", \"attributes\": {\"step\": null, \"low\": 0.0, \"high\": 0.5, \"log\": false}}"}
{"op_code":5,"worker_id":"e8fb0d70-c565-4a94-a255-6d931a762cd7-139699157092160","trial_id":37,"param_name":"layers","param_value_internal":2,"distribution":"{\"name\": \"CategoricalDistribution\", \"attributes\": {\"choices\": [1, 2, 3]}}"}
{"op_code":5,"worker_id":"e8fb0d70-c565-4a94-a255-6d931a762cd7-139699157092160","trial_id":37,"param_name":"nodes","param_value_internal":0,"distribution":"{\"name\": \"CategoricalDistribution\", \"attributes\": {\"choices\": [16, 32, 64]}}"}
{"op_code":6,"worker_id":"e8fb0d70-c565-4a94-a255-6d931a762cd7-139699157092160","trial_id":37,"state":1,"values":[0.6003125035447316],"datetime_complete":"2026-03-26T14:23:38.983657"}
{"op_code":4,"worker_id":"e8fb0d70-c565-4a94-a255-6d931a762cd7-139699157092160","study_id":0,"datetime_start":"2026-03-26T14:23:39.000939"}
{"op_code":5,"worker_id":"e8fb0d70-c565-4a94-a255-6d931a762cd7-139699157092160","trial_id":38,"param_name":"lr","param_value_internal":0.0015776822409338995,"distribution":"{\"name\": \"FloatDistribution\", \"attributes\": {\"step\": null, \"low\": 0.0001, \"high\": 0.1, \"log\": true}}"}
{"op_code":5,"worker_id":"e8fb0d70-c565-4a94-a255-6d931a762cd7-139699157092160","trial_id":38,"param_name":"dropout","param_value_internal":0.16851486661087103,"distribution":"{\"name\": \"FloatDistribution\", \"attributes\": {\"step\": null, \"low\": 0.0, \"high\": 0.5, \"log\": false}}"}
{"op_code":5,"worker_id":"e8fb0d70-c565-4a94-a255-6d931a762cd7-139699157092160","trial_id":38,"param_name":"layers","param_value_internal":1,"distribution":"{\"name\": \"CategoricalDistribution\", \"attributes\": {\"choices\": [1, 2, 3]}}"}
{"op_code":5,"worker_id":"e8fb0d70-c565-4a94-a255-6d931a762cd7-139699157092160","trial_id":38,"param_name":"nodes","param_value_internal":0,"distribution":"{\"name\": \"CategoricalDistribution\", \"attributes\": {\"choices\": [16, 32, 64]}}"}
{"op_code":6,"worker_id":"e8fb0d70-c565-4a94-a255-6d931a762cd7-139699157092160","trial_id":38,"state":1,"values":[0.59130321351195],"datetime_complete":"2026-03-26T14:23:46.597634"}
{"op_code":4,"worker_id":"e8fb0d70-c565-4a94-a255-6d931a762cd7-139699157092160","study_id":0,"datetime_start":"2026-03-26T14:23:46.625689"}
{"op_code":5,"worker_id":"e8fb0d70-c565-4a94-a255-6d931a762cd7-139699157092160","trial_id":39,"param_name":"lr","param_value_internal":0.0027078336813046856,"distribution":"{\"name\": \"FloatDistribution\", \"attributes\": {\"step\": null, \"low\": 0.0001, \"high\": 0.1, \"log\": true}}"}
{"op_code":5,"worker_id":"e8fb0d70-c565-4a94-a255-6d931a762cd7-139699157092160","trial_id":39,"param_name":"dropout","param_value_internal":0.13234276821731333,"distribution":"{\"name\": \"FloatDistribution\", \"attributes\": {\"step\": null, \"low\": 0.0, \"high\": 0.5, \"log\": false}}"}
{"op_code":5,"worker_id":"e8fb0d70-c565-4a94-a255-6d931a762cd7-139699157092160","trial_id":39,"param_name":"layers","param_value_internal":1,"distribution":"{\"name\": \"CategoricalDistribution\", \"attributes\": {\"choices\": [1, 2, 3]}}"}
{"op_code":5,"worker_id":"e8fb0d70-c565-4a94-a255-6d931a762cd7-139699157092160","trial_id":39,"param_name":"nodes","param_value_internal":0,"distribution":"{\"name\": \"CategoricalDistribution\", \"attributes\": {\"choices\": [16, 32, 64]}}"}
{"op_code":6,"worker_id":"e8fb0d70-c565-4a94-a255-6d931a762cd7-139699157092160","trial_id":39,"state":1,"values":[0.596086616227498],"datetime_complete":"2026-03-26T14:23:54.312932"}
{"op_code":0,"worker_id":"43021aa0-3a0c-49ee-bb4b-d99c14602408-139735962314560","study_name":"deepsurv_tuning","directions":[2]}
{"op_code":4,"worker_id":"43021aa0-3a0c-49ee-bb4b-d99c14602408-139735962314560","study_id":0,"datetime_start":"2026-03-30T10:29:10.985185"}
{"op_code":5,"worker_id":"43021aa0-3a0c-49ee-bb4b-d99c14602408-139735962314560","trial_id":40,"param_name":"lr","param_value_internal":0.0004038917236039368,"distribution":"{\"name\": \"FloatDistribution\", \"attributes\": {\"step\": null, \"low\": 0.0001, \"high\": 0.1, \"log\": true}}"}
{"op_code":5,"worker_id":"43021aa0-3a0c-49ee-bb4b-d99c14602408-139735962314560","trial_id":40,"param_name":"dropout","param_value_internal":0.23316681987617918,"distribution":"{\"name\": \"FloatDistribution\", \"attributes\": {\"step\": null, \"low\": 0.0, \"high\": 0.5, \"log\": false}}"}
{"op_code":5,"worker_id":"43021aa0-3a0c-49ee-bb4b-d99c14602408-139735962314560","trial_id":40,"param_name":"layers","param_value_internal":0,"distribution":"{\"name\": \"CategoricalDistribution\", \"attributes\": {\"choices\": [1, 2, 3]}}"}
{"op_code":5,"worker_id":"43021aa0-3a0c-49ee-bb4b-d99c14602408-139735962314560","trial_id":40,"param_name":"nodes","param_value_internal":0,"distribution":"{\"name\": \"CategoricalDistribution\", \"attributes\": {\"choices\": [16, 32, 64]}}"}
{"op_code":6,"worker_id":"43021aa0-3a0c-49ee-bb4b-d99c14602408-139735962314560","trial_id":40,"state":1,"values":[0.5625840810354019],"datetime_complete":"2026-03-30T10:29:15.340400"}
{"op_code":4,"worker_id":"43021aa0-3a0c-49ee-bb4b-d99c14602408-139735962314560","study_id":0,"datetime_start":"2026-03-30T10:29:15.369849"}
{"op_code":5,"worker_id":"43021aa0-3a0c-49ee-bb4b-d99c14602408-139735962314560","trial_id":41,"param_name":"lr","param_value_internal":0.0011285275326758256,"distribution":"{\"name\": \"FloatDistribution\", \"attributes\": {\"step\": null, \"low\": 0.0001, \"high\": 0.1, \"log\": true}}"}
{"op_code":5,"worker_id":"43021aa0-3a0c-49ee-bb4b-d99c14602408-139735962314560","trial_id":41,"param_name":"dropout","param_value_internal":0.041854645737147436,"distribution":"{\"name\": \"FloatDistribution\", \"attributes\": {\"step\": null, \"low\": 0.0, \"high\": 0.5, \"log\": false}}"}
{"op_code":5,"worker_id":"43021aa0-3a0c-49ee-bb4b-d99c14602408-139735962314560","trial_id":41,"param_name":"layers","param_value_internal":1,"distribution":"{\"name\": \"CategoricalDistribution\", \"attributes\": {\"choices\": [1, 2, 3]}}"}
{"op_code":5,"worker_id":"43021aa0-3a0c-49ee-bb4b-d99c14602408-139735962314560","trial_id":41,"param_name":"nodes","param_value_internal":0,"distribution":"{\"name\": \"CategoricalDistribution\", \"attributes\": {\"choices\": [16, 32, 64]}}"}
{"op_code":6,"worker_id":"43021aa0-3a0c-49ee-bb4b-d99c14602408-139735962314560","trial_id":41,"state":1,"values":[0.5927154346124616],"datetime_complete":"2026-03-30T10:29:21.289761"}
{"op_code":4,"worker_id":"43021aa0-3a0c-49ee-bb4b-d99c14602408-139735962314560","study_id":0,"datetime_start":"2026-03-30T10:29:21.311808"}
{"op_code":5,"worker_id":"43021aa0-3a0c-49ee-bb4b-d99c14602408-139735962314560","trial_id":42,"param_name":"lr","param_value_internal":0.0066425602085860395,"distribution":"{\"name\": \"FloatDistribution\", \"attributes\": {\"step\": null, \"low\": 0.0001, \"high\": 0.1, \"log\": true}}"}
{"op_code":5,"worker_id":"43021aa0-3a0c-49ee-bb4b-d99c14602408-139735962314560","trial_id":42,"param_name":"dropout","param_value_internal":0.11137361916766296,"distribution":"{\"name\": \"FloatDistribution\", \"attributes\": {\"step\": null, \"low\": 0.0, \"high\": 0.5, \"log\": false}}"}
{"op_code":5,"worker_id":"43021aa0-3a0c-49ee-bb4b-d99c14602408-139735962314560","trial_id":42,"param_name":"layers","param_value_internal":1,"distribution":"{\"name\": \"CategoricalDistribution\", \"attributes\": {\"choices\": [1, 2, 3]}}"}
{"op_code":5,"worker_id":"43021aa0-3a0c-49ee-bb4b-d99c14602408-139735962314560","trial_id":42,"param_name":"nodes","param_value_internal":2,"distribution":"{\"name\": \"CategoricalDistribution\", \"attributes\": {\"choices\": [16, 32, 64]}}"}
{"op_code":6,"worker_id":"43021aa0-3a0c-49ee-bb4b-d99c14602408-139735962314560","trial_id":42,"state":1,"values":[0.5927937022879116],"datetime_complete":"2026-03-30T10:29:27.137334"}
{"op_code":4,"worker_id":"43021aa0-3a0c-49ee-bb4b-d99c14602408-139735962314560","study_id":0,"datetime_start":"2026-03-30T10:29:27.166440"}
{"op_code":5,"worker_id":"43021aa0-3a0c-49ee-bb4b-d99c14602408-139735962314560","trial_id":43,"param_name":"lr","param_value_internal":0.004447369979110757,"distribution":"{\"name\": \"FloatDistribution\", \"attributes\": {\"step\": null, \"low\": 0.0001, \"high\": 0.1, \"log\": true}}"}
{"op_code":5,"worker_id":"43021aa0-3a0c-49ee-bb4b-d99c14602408-139735962314560","trial_id":43,"param_name":"dropout","param_value_internal":0.05266760075778716,"distribution":"{\"name\": \"FloatDistribution\", \"attributes\": {\"step\": null, \"low\": 0.0, \"high\": 0.5, \"log\": false}}"}
{"op_code":5,"worker_id":"43021aa0-3a0c-49ee-bb4b-d99c14602408-139735962314560","trial_id":43,"param_name":"layers","param_value_internal":1,"distribution":"{\"name\": \"CategoricalDistribution\", \"attributes\": {\"choices\": [1, 2, 3]}}"}
{"op_code":5,"worker_id":"43021aa0-3a0c-49ee-bb4b-d99c14602408-139735962314560","trial_id":43,"param_name":"nodes","param_value_internal":0,"distribution":"{\"name\": \"CategoricalDistribution\", \"attributes\": {\"choices\": [16, 32, 64]}}"}
{"op_code":6,"worker_id":"43021aa0-3a0c-49ee-bb4b-d99c14602408-139735962314560","trial_id":43,"state":1,"values":[0.5997583910888281],"datetime_complete":"2026-03-30T10:29:32.945250"}
{"op_code":4,"worker_id":"43021aa0-3a0c-49ee-bb4b-d99c14602408-139735962314560","study_id":0,"datetime_start":"2026-03-30T10:29:32.978800"}
{"op_code":5,"worker_id":"43021aa0-3a0c-49ee-bb4b-d99c14602408-139735962314560","trial_id":44,"param_name":"lr","param_value_internal":0.007808398903951992,"distribution":"{\"name\": \"FloatDistribution\", \"attributes\": {\"step\": null, \"low\": 0.0001, \"high\": 0.1, \"log\": true}}"}
{"op_code":5,"worker_id":"43021aa0-3a0c-49ee-bb4b-d99c14602408-139735962314560","trial_id":44,"param_name":"dropout","param_value_internal":0.08401161617606406,"distribution":"{\"name\": \"FloatDistribution\", \"attributes\": {\"step\": null, \"low\": 0.0, \"high\": 0.5, \"log\": false}}"}
{"op_code":5,"worker_id":"43021aa0-3a0c-49ee-bb4b-d99c14602408-139735962314560","trial_id":44,"param_name":"layers","param_value_internal":1,"distribution":"{\"name\": \"CategoricalDistribution\", \"attributes\": {\"choices\": [1, 2, 3]}}"}
{"op_code":5,"worker_id":"43021aa0-3a0c-49ee-bb4b-d99c14602408-139735962314560","trial_id":44,"param_name":"nodes","param_value_internal":2,"distribution":"{\"name\": \"CategoricalDistribution\", \"attributes\": {\"choices\": [16, 32, 64]}}"}
{"op_code":6,"worker_id":"43021aa0-3a0c-49ee-bb4b-d99c14602408-139735962314560","trial_id":44,"state":1,"values":[0.5968398008144375],"datetime_complete":"2026-03-30T10:29:38.781590"}
{"op_code":4,"worker_id":"43021aa0-3a0c-49ee-bb4b-d99c14602408-139735962314560","study_id":0,"datetime_start":"2026-03-30T10:29:38.815846"}
{"op_code":5,"worker_id":"43021aa0-3a0c-49ee-bb4b-d99c14602408-139735962314560","trial_id":45,"param_name":"lr","param_value_internal":0.0013760611002622137,"distribution":"{\"name\": \"FloatDistribution\", \"attributes\": {\"step\": null, \"low\": 0.0001, \"high\": 0.1, \"log\": true}}"}
{"op_code":5,"worker_id":"43021aa0-3a0c-49ee-bb4b-d99c14602408-139735962314560","trial_id":45,"param_name":"dropout","param_value_internal":0.1270626287418294,"distribution":"{\"name\": \"FloatDistribution\", \"attributes\": {\"step\": null, \"low\": 0.0, \"high\": 0.5, \"log\": false}}"}
{"op_code":5,"worker_id":"43021aa0-3a0c-49ee-bb4b-d99c14602408-139735962314560","trial_id":45,"param_name":"layers","param_value_internal":1,"distribution":"{\"name\": \"CategoricalDistribution\", \"attributes\": {\"choices\": [1, 2, 3]}}"}
{"op_code":5,"worker_id":"43021aa0-3a0c-49ee-bb4b-d99c14602408-139735962314560","trial_id":45,"param_name":"nodes","param_value_internal":1,"distribution":"{\"name\": \"CategoricalDistribution\", \"attributes\": {\"choices\": [16, 32, 64]}}"}
{"op_code":6,"worker_id":"43021aa0-3a0c-49ee-bb4b-d99c14602408-139735962314560","trial_id":45,"state":1,"values":[0.6036320738665366],"datetime_complete":"2026-03-30T10:29:44.571958"}
{"op_code":4,"worker_id":"43021aa0-3a0c-49ee-bb4b-d99c14602408-139735962314560","study_id":0,"datetime_start":"2026-03-30T10:29:44.593830"}
{"op_code":5,"worker_id":"43021aa0-3a0c-49ee-bb4b-d99c14602408-139735962314560","trial_id":46,"param_name":"lr","param_value_internal":0.009277117177380572,"distribution":"{\"name\": \"FloatDistribution\", \"attributes\": {\"step\": null, \"low\": 0.0001, \"high\": 0.1, \"log\": true}}"}
{"op_code":5,"worker_id":"43021aa0-3a0c-49ee-bb4b-d99c14602408-139735962314560","trial_id":46,"param_name":"dropout","param_value_internal":0.007208778524906263,"distribution":"{\"name\": \"FloatDistribution\", \"attributes\": {\"step\": null, \"low\": 0.0, \"high\": 0.5, \"log\": false}}"}
{"op_code":5,"worker_id":"43021aa0-3a0c-49ee-bb4b-d99c14602408-139735962314560","trial_id":46,"param_name":"layers","param_value_internal":1,"distribution":"{\"name\": \"CategoricalDistribution\", \"attributes\": {\"choices\": [1, 2, 3]}}"}
{"op_code":5,"worker_id":"43021aa0-3a0c-49ee-bb4b-d99c14602408-139735962314560","trial_id":46,"param_name":"nodes","param_value_internal":2,"distribution":"{\"name\": \"CategoricalDistribution\", \"attributes\": {\"choices\": [16, 32, 64]}}"}
{"op_code":6,"worker_id":"43021aa0-3a0c-49ee-bb4b-d99c14602408-139735962314560","trial_id":46,"state":1,"values":[0.5887062012953868],"datetime_complete":"2026-03-30T10:29:50.501348"}
{"op_code":4,"worker_id":"43021aa0-3a0c-49ee-bb4b-d99c14602408-139735962314560","study_id":0,"datetime_start":"2026-03-30T10:29:50.533350"}
{"op_code":5,"worker_id":"43021aa0-3a0c-49ee-bb4b-d99c14602408-139735962314560","trial_id":47,"param_name":"lr","param_value_internal":0.003017336361563495,"distribution":"{\"name\": \"FloatDistribution\", \"attributes\": {\"step\": null, \"low\": 0.0001, \"high\": 0.1, \"log\": true}}"}
{"op_code":5,"worker_id":"43021aa0-3a0c-49ee-bb4b-d99c14602408-139735962314560","trial_id":47,"param_name":"dropout","param_value_internal":0.14965607859607358,"distribution":"{\"name\": \"FloatDistribution\", \"attributes\": {\"step\": null, \"low\": 0.0, \"high\": 0.5, \"log\": false}}"}
{"op_code":5,"worker_id":"43021aa0-3a0c-49ee-bb4b-d99c14602408-139735962314560","trial_id":47,"param_name":"layers","param_value_internal":0,"distribution":"{\"name\": \"CategoricalDistribution\", \"attributes\": {\"choices\": [1, 2, 3]}}"}
{"op_code":5,"worker_id":"43021aa0-3a0c-49ee-bb4b-d99c14602408-139735962314560","trial_id":47,"param_name":"nodes","param_value_internal":0,"distribution":"{\"name\": \"CategoricalDistribution\", \"attributes\": {\"choices\": [16, 32, 64]}}"}
{"op_code":6,"worker_id":"43021aa0-3a0c-49ee-bb4b-d99c14602408-139735962314560","trial_id":47,"state":1,"values":[0.598253156229086],"datetime_complete":"2026-03-30T10:29:55.003270"}
{"op_code":4,"worker_id":"43021aa0-3a0c-49ee-bb4b-d99c14602408-139735962314560","study_id":0,"datetime_start":"2026-03-30T10:29:55.023689"}
{"op_code":5,"worker_id":"43021aa0-3a0c-49ee-bb4b-d99c14602408-139735962314560","trial_id":48,"param_name":"lr","param_value_internal":0.0009473571442722211,"distribution":"{\"name\": \"FloatDistribution\", \"attributes\": {\"step\": null, \"low\": 0.0001, \"high\": 0.1, \"log\": true}}"}
{"op_code":5,"worker_id":"43021aa0-3a0c-49ee-bb4b-d99c14602408-139735962314560","trial_id":48,"param_name":"dropout","param_value_internal":0.2025623799732273,"distribution":"{\"name\": \"FloatDistribution\", \"attributes\": {\"step\": null, \"low\": 0.0, \"high\": 0.5, \"log\": false}}"}
{"op_code":5,"worker_id":"43021aa0-3a0c-49ee-bb4b-d99c14602408-139735962314560","trial_id":48,"param_name":"layers","param_value_internal":1,"distribution":"{\"name\": \"CategoricalDistribution\", \"attributes\": {\"choices\": [1, 2, 3]}}"}
{"op_code":5,"worker_id":"43021aa0-3a0c-49ee-bb4b-d99c14602408-139735962314560","trial_id":48,"param_name":"nodes","param_value_internal":1,"distribution":"{\"name\": \"CategoricalDistribution\", \"attributes\": {\"choices\": [16, 32, 64]}}"}
{"op_code":6,"worker_id":"43021aa0-3a0c-49ee-bb4b-d99c14602408-139735962314560","trial_id":48,"state":1,"values":[0.5925311085652061],"datetime_complete":"2026-03-30T10:30:00.920314"}
{"op_code":4,"worker_id":"43021aa0-3a0c-49ee-bb4b-d99c14602408-139735962314560","study_id":0,"datetime_start":"2026-03-30T10:30:00.945967"}
{"op_code":5,"worker_id":"43021aa0-3a0c-49ee-bb4b-d99c14602408-139735962314560","trial_id":49,"param_name":"lr","param_value_internal":0.05855342333407716,"distribution":"{\"name\": \"FloatDistribution\", \"attributes\": {\"step\": null, \"low\": 0.0001, \"high\": 0.1, \"log\": true}}"}
{"op_code":5,"worker_id":"43021aa0-3a0c-49ee-bb4b-d99c14602408-139735962314560","trial_id":49,"param_name":"dropout","param_value_internal":0.04089818700940116,"distribution":"{\"name\": \"FloatDistribution\", \"attributes\": {\"step\": null, \"low\": 0.0, \"high\": 0.5, \"log\": false}}"}
{"op_code":5,"worker_id":"43021aa0-3a0c-49ee-bb4b-d99c14602408-139735962314560","trial_id":49,"param_name":"layers","param_value_internal":2,"distribution":"{\"name\": \"CategoricalDistribution\", \"attributes\": {\"choices\": [1, 2, 3]}}"}
{"op_code":5,"worker_id":"43021aa0-3a0c-49ee-bb4b-d99c14602408-139735962314560","trial_id":49,"param_name":"nodes","param_value_internal":2,"distribution":"{\"name\": \"CategoricalDistribution\", \"attributes\": {\"choices\": [16, 32, 64]}}"}
{"op_code":6,"worker_id":"43021aa0-3a0c-49ee-bb4b-d99c14602408-139735962314560","trial_id":49,"state":1,"values":[0.5905954014904887],"datetime_complete":"2026-03-30T10:30:07.810318"}
{"op_code":4,"worker_id":"43021aa0-3a0c-49ee-bb4b-d99c14602408-139735962314560","study_id":0,"datetime_start":"2026-03-30T10:30:07.834800"}
{"op_code":5,"worker_id":"43021aa0-3a0c-49ee-bb4b-d99c14602408-139735962314560","trial_id":50,"param_name":"lr","param_value_internal":0.0022676030741187693,"distribution":"{\"name\": \"FloatDistribution\", \"attributes\": {\"step\": null, \"low\": 0.0001, \"high\": 0.1, \"log\": true}}"}
{"op_code":5,"worker_id":"43021aa0-3a0c-49ee-bb4b-d99c14602408-139735962314560","trial_id":50,"param_name":"dropout","param_value_internal":0.4239024424615728,"distribution":"{\"name\": \"FloatDistribution\", \"attributes\": {\"step\": null, \"low\": 0.0, \"high\": 0.5, \"log\": false}}"}
{"op_code":5,"worker_id":"43021aa0-3a0c-49ee-bb4b-d99c14602408-139735962314560","trial_id":50,"param_name":"layers","param_value_internal":1,"distribution":"{\"name\": \"CategoricalDistribution\", \"attributes\": {\"choices\": [1, 2, 3]}}"}
{"op_code":5,"worker_id":"43021aa0-3a0c-49ee-bb4b-d99c14602408-139735962314560","trial_id":50,"param_name":"nodes","param_value_internal":1,"distribution":"{\"name\": \"CategoricalDistribution\", \"attributes\": {\"choices\": [16, 32, 64]}}"}
{"op_code":6,"worker_id":"43021aa0-3a0c-49ee-bb4b-d99c14602408-139735962314560","trial_id":50,"state":1,"values":[0.5948388706768453],"datetime_complete":"2026-03-30T10:30:13.785056"}
{"op_code":4,"worker_id":"43021aa0-3a0c-49ee-bb4b-d99c14602408-139735962314560","study_id":0,"datetime_start":"2026-03-30T10:30:13.808149"}
{"op_code":5,"worker_id":"43021aa0-3a0c-49ee-bb4b-d99c14602408-139735962314560","trial_id":51,"param_name":"lr","param_value_internal":0.003649290140671274,"distribution":"{\"name\": \"FloatDistribution\", \"attributes\": {\"step\": null, \"low\": 0.0001, \"high\": 0.1, \"log\": true}}"}
{"op_code":5,"worker_id":"43021aa0-3a0c-49ee-bb4b-d99c14602408-139735962314560","trial_id":51,"param_name":"dropout","param_value_internal":0.18430301377484956,"distribution":"{\"name\": \"FloatDistribution\", \"attributes\": {\"step\": null, \"low\": 0.0, \"high\": 0.5, \"log\": false}}"}
{"op_code":5,"worker_id":"43021aa0-3a0c-49ee-bb4b-d99c14602408-139735962314560","trial_id":51,"param_name":"layers","param_value_internal":1,"distribution":"{\"name\": \"CategoricalDistribution\", \"attributes\": {\"choices\": [1, 2, 3]}}"}
{"op_code":5,"worker_id":"43021aa0-3a0c-49ee-bb4b-d99c14602408-139735962314560","trial_id":51,"param_name":"nodes","param_value_internal":2,"distribution":"{\"name\": \"CategoricalDistribution\", \"attributes\": {\"choices\": [16, 32, 64]}}"}
{"op_code":6,"worker_id":"43021aa0-3a0c-49ee-bb4b-d99c14602408-139735962314560","trial_id":51,"state":1,"values":[0.6037659229346976],"datetime_complete":"2026-03-30T10:30:19.726147"}
{"op_code":4,"worker_id":"43021aa0-3a0c-49ee-bb4b-d99c14602408-139735962314560","study_id":0,"datetime_start":"2026-03-30T10:30:19.749981"}
{"op_code":5,"worker_id":"43021aa0-3a0c-49ee-bb4b-d99c14602408-139735962314560","trial_id":52,"param_name":"lr","param_value_internal":0.001790534430736454,"distribution":"{\"name\": \"FloatDistribution\", \"attributes\": {\"step\": null, \"low\": 0.0001, \"high\": 0.1, \"log\": true}}"}
{"op_code":5,"worker_id":"43021aa0-3a0c-49ee-bb4b-d99c14602408-139735962314560","trial_id":52,"param_name":"dropout","param_value_internal":0.24871483544563652,"distribution":"{\"name\": \"FloatDistribution\", \"attributes\": {\"step\": null, \"low\": 0.0, \"high\": 0.5, \"log\": false}}"}
{"op_code":5,"worker_id":"43021aa0-3a0c-49ee-bb4b-d99c14602408-139735962314560","trial_id":52,"param_name":"layers","param_value_internal":1,"distribution":"{\"name\": \"CategoricalDistribution\", \"attributes\": {\"choices\": [1, 2, 3]}}"}
{"op_code":5,"worker_id":"43021aa0-3a0c-49ee-bb4b-d99c14602408-139735962314560","trial_id":52,"param_name":"nodes","param_value_internal":2,"distribution":"{\"name\": \"CategoricalDistribution\", \"attributes\": {\"choices\": [16, 32, 64]}}"}
{"op_code":6,"worker_id":"43021aa0-3a0c-49ee-bb4b-d99c14602408-139735962314560","trial_id":52,"state":1,"values":[0.6076248596286256],"datetime_complete":"2026-03-30T10:30:25.737788"}
{"op_code":4,"worker_id":"43021aa0-3a0c-49ee-bb4b-d99c14602408-139735962314560","study_id":0,"datetime_start":"2026-03-30T10:30:25.760118"}
{"op_code":5,"worker_id":"43021aa0-3a0c-49ee-bb4b-d99c14602408-139735962314560","trial_id":53,"param_name":"lr","param_value_internal":0.001737262939085708,"distribution":"{\"name\": \"FloatDistribution\", \"attributes\": {\"step\": null, \"low\": 0.0001, \"high\": 0.1, \"log\": true}}"}
{"op_code":5,"worker_id":"43021aa0-3a0c-49ee-bb4b-d99c14602408-139735962314560","trial_id":53,"param_name":"dropout","param_value_internal":0.2597340258466948,"distribution":"{\"name\": \"FloatDistribution\", \"attributes\": {\"step\": null, \"low\": 0.0, \"high\": 0.5, \"log\": false}}"}
{"op_code":5,"worker_id":"43021aa0-3a0c-49ee-bb4b-d99c14602408-139735962314560","trial_id":53,"param_name":"layers","param_value_internal":1,"distribution":"{\"name\": \"CategoricalDistribution\", \"attributes\": {\"choices\": [1, 2, 3]}}"}
{"op_code":5,"worker_id":"43021aa0-3a0c-49ee-bb4b-d99c14602408-139735962314560","trial_id":53,"param_name":"nodes","param_value_internal":2,"distribution":"{\"name\": \"CategoricalDistribution\", \"attributes\": {\"choices\": [16, 32, 64]}}"}
{"op_code":6,"worker_id":"43021aa0-3a0c-49ee-bb4b-d99c14602408-139735962314560","trial_id":53,"state":1,"values":[0.5998808970156195],"datetime_complete":"2026-03-30T10:30:31.738216"}
{"op_code":4,"worker_id":"43021aa0-3a0c-49ee-bb4b-d99c14602408-139735962314560","study_id":0,"datetime_start":"2026-03-30T10:30:31.762848"}
{"op_code":5,"worker_id":"43021aa0-3a0c-49ee-bb4b-d99c14602408-139735962314560","trial_id":54,"param_name":"lr","param_value_internal":0.0012043213335847633,"distribution":"{\"name\": \"FloatDistribution\", \"attributes\": {\"step\": null, \"low\": 0.0001, \"high\": 0.1, \"log\": true}}"}
{"op_code":5,"worker_id":"43021aa0-3a0c-49ee-bb4b-d99c14602408-139735962314560","trial_id":54,"param_name":"dropout","param_value_internal":0.11040759214769812,"distribution":"{\"name\": \"FloatDistribution\", \"attributes\": {\"step\": null, \"low\": 0.0, \"high\": 0.5, \"log\": false}}"}
{"op_code":5,"worker_id":"43021aa0-3a0c-49ee-bb4b-d99c14602408-139735962314560","trial_id":54,"param_name":"layers","param_value_internal":1,"distribution":"{\"name\": \"CategoricalDistribution\", \"attributes\": {\"choices\": [1, 2, 3]}}"}
{"op_code":5,"worker_id":"43021aa0-3a0c-49ee-bb4b-d99c14602408-139735962314560","trial_id":54,"param_name":"nodes","param_value_internal":2,"distribution":"{\"name\": \"CategoricalDistribution\", \"attributes\": {\"choices\": [16, 32, 64]}}"}
{"op_code":6,"worker_id":"43021aa0-3a0c-49ee-bb4b-d99c14602408-139735962314560","trial_id":54,"state":1,"values":[0.6002075794870632],"datetime_complete":"2026-03-30T10:30:37.660329"}
{"op_code":4,"worker_id":"43021aa0-3a0c-49ee-bb4b-d99c14602408-139735962314560","study_id":0,"datetime_start":"2026-03-30T10:30:37.687900"}
{"op_code":5,"worker_id":"43021aa0-3a0c-49ee-bb4b-d99c14602408-139735962314560","trial_id":55,"param_name":"lr","param_value_internal":0.000710647193265882,"distribution":"{\"name\": \"FloatDistribution\", \"attributes\": {\"step\": null, \"low\": 0.0001, \"high\": 0.1, \"log\": true}}"}
{"op_code":5,"worker_id":"43021aa0-3a0c-49ee-bb4b-d99c14602408-139735962314560","trial_id":55,"param_name":"dropout","param_value_internal":0.33585625722339363,"distribution":"{\"name\": \"FloatDistribution\", \"attributes\": {\"step\": null, \"low\": 0.0, \"high\": 0.5, \"log\": false}}"}
{"op_code":5,"worker_id":"43021aa0-3a0c-49ee-bb4b-d99c14602408-139735962314560","trial_id":55,"param_name":"layers","param_value_internal":0,"distribution":"{\"name\": \"CategoricalDistribution\", \"attributes\": {\"choices\": [1, 2, 3]}}"}
{"op_code":5,"worker_id":"43021aa0-3a0c-49ee-bb4b-d99c14602408-139735962314560","trial_id":55,"param_name":"nodes","param_value_internal":2,"distribution":"{\"name\": \"CategoricalDistribution\", \"attributes\": {\"choices\": [16, 32, 64]}}"}
{"op_code":6,"worker_id":"43021aa0-3a0c-49ee-bb4b-d99c14602408-139735962314560","trial_id":55,"state":1,"values":[0.6038402205106682],"datetime_complete":"2026-03-30T10:30:42.107603"}
{"op_code":4,"worker_id":"43021aa0-3a0c-49ee-bb4b-d99c14602408-139735962314560","study_id":0,"datetime_start":"2026-03-30T10:30:42.131101"}
{"op_code":5,"worker_id":"43021aa0-3a0c-49ee-bb4b-d99c14602408-139735962314560","trial_id":56,"param_name":"lr","param_value_internal":0.012552531207468492,"distribution":"{\"name\": \"FloatDistribution\", \"attributes\": {\"step\": null, \"low\": 0.0001, \"high\": 0.1, \"log\": true}}"}
{"op_code":5,"worker_id":"43021aa0-3a0c-49ee-bb4b-d99c14602408-139735962314560","trial_id":56,"param_name":"dropout","param_value_internal":0.07907818295966203,"distribution":"{\"name\": \"FloatDistribution\", \"attributes\": {\"step\": null, \"low\": 0.0, \"high\": 0.5, \"log\": false}}"}
{"op_code":5,"worker_id":"43021aa0-3a0c-49ee-bb4b-d99c14602408-139735962314560","trial_id":56,"param_name":"layers","param_value_internal":1,"distribution":"{\"name\": \"CategoricalDistribution\", \"attributes\": {\"choices\": [1, 2, 3]}}"}
{"op_code":5,"worker_id":"43021aa0-3a0c-49ee-bb4b-d99c14602408-139735962314560","trial_id":56,"param_name":"nodes","param_value_internal":2,"distribution":"{\"name\": \"CategoricalDistribution\", \"attributes\": {\"choices\": [16, 32, 64]}}"}
{"op_code":6,"worker_id":"43021aa0-3a0c-49ee-bb4b-d99c14602408-139735962314560","trial_id":56,"state":1,"values":[0.6071847457434862],"datetime_complete":"2026-03-30T10:30:47.869542"}
{"op_code":4,"worker_id":"43021aa0-3a0c-49ee-bb4b-d99c14602408-139735962314560","study_id":0,"datetime_start":"2026-03-30T10:30:47.897960"}
{"op_code":5,"worker_id":"43021aa0-3a0c-49ee-bb4b-d99c14602408-139735962314560","trial_id":57,"param_name":"lr","param_value_internal":0.013775325978754974,"distribution":"{\"name\": \"FloatDistribution\", \"attributes\": {\"step\": null, \"low\": 0.0001, \"high\": 0.1, \"log\": true}}"}
{"op_code":5,"worker_id":"43021aa0-3a0c-49ee-bb4b-d99c14602408-139735962314560","trial_id":57,"param_name":"dropout","param_value_internal":0.0799635326758119,"distribution":"{\"name\": \"FloatDistribution\", \"attributes\": {\"step\": null, \"low\": 0.0, \"high\": 0.5, \"log\": false}}"}
{"op_code":5,"worker_id":"43021aa0-3a0c-49ee-bb4b-d99c14602408-139735962314560","trial_id":57,"param_name":"layers","param_value_internal":1,"distribution":"{\"name\": \"CategoricalDistribution\", \"attributes\": {\"choices\": [1, 2, 3]}}"}
{"op_code":5,"worker_id":"43021aa0-3a0c-49ee-bb4b-d99c14602408-139735962314560","trial_id":57,"param_name":"nodes","param_value_internal":2,"distribution":"{\"name\": \"CategoricalDistribution\", \"attributes\": {\"choices\": [16, 32, 64]}}"}
{"op_code":6,"worker_id":"43021aa0-3a0c-49ee-bb4b-d99c14602408-139735962314560","trial_id":57,"state":1,"values":[0.5935451854036456],"datetime_complete":"2026-03-30T10:30:53.890980"}
{"op_code":4,"worker_id":"43021aa0-3a0c-49ee-bb4b-d99c14602408-139735962314560","study_id":0,"datetime_start":"2026-03-30T10:30:53.908507"}
{"op_code":5,"worker_id":"43021aa0-3a0c-49ee-bb4b-d99c14602408-139735962314560","trial_id":58,"param_name":"lr","param_value_internal":0.004895961999688218,"distribution":"{\"name\": \"FloatDistribution\", \"attributes\": {\"step\": null, \"low\": 0.0001, \"high\": 0.1, \"log\": true}}"}
{"op_code":5,"worker_id":"43021aa0-3a0c-49ee-bb4b-d99c14602408-139735962314560","trial_id":58,"param_name":"dropout","param_value_internal":0.21684698660650822,"distribution":"{\"name\": \"FloatDistribution\", \"attributes\": {\"step\": null, \"low\": 0.0, \"high\": 0.5, \"log\": false}}"}
{"op_code":5,"worker_id":"43021aa0-3a0c-49ee-bb4b-d99c14602408-139735962314560","trial_id":58,"param_name":"layers","param_value_internal":1,"distribution":"{\"name\": \"CategoricalDistribution\", \"attributes\": {\"choices\": [1, 2, 3]}}"}
{"op_code":5,"worker_id":"43021aa0-3a0c-49ee-bb4b-d99c14602408-139735962314560","trial_id":58,"param_name":"nodes","param_value_internal":2,"distribution":"{\"name\": \"CategoricalDistribution\", \"attributes\": {\"choices\": [16, 32, 64]}}"}
{"op_code":6,"worker_id":"43021aa0-3a0c-49ee-bb4b-d99c14602408-139735962314560","trial_id":58,"state":1,"values":[0.6069034358375208],"datetime_complete":"2026-03-30T10:30:59.810151"}
{"op_code":4,"worker_id":"43021aa0-3a0c-49ee-bb4b-d99c14602408-139735962314560","study_id":0,"datetime_start":"2026-03-30T10:30:59.831695"}
{"op_code":5,"worker_id":"43021aa0-3a0c-49ee-bb4b-d99c14602408-139735962314560","trial_id":59,"param_name":"lr","param_value_internal":0.0026958212700775998,"distribution":"{\"name\": \"FloatDistribution\", \"attributes\": {\"step\": null, \"low\": 0.0001, \"high\": 0.1, \"log\": true}}"}
{"op_code":5,"worker_id":"43021aa0-3a0c-49ee-bb4b-d99c14602408-139735962314560","trial_id":59,"param_name":"dropout","param_value_internal":0.2911779079534108,"distribution":"{\"name\": \"FloatDistribution\", \"attributes\": {\"step\": null, \"low\": 0.0, \"high\": 0.5, \"log\": false}}"}
{"op_code":5,"worker_id":"43021aa0-3a0c-49ee-bb4b-d99c14602408-139735962314560","trial_id":59,"param_name":"layers","param_value_internal":1,"distribution":"{\"name\": \"CategoricalDistribution\", \"attributes\": {\"choices\": [1, 2, 3]}}"}
{"op_code":5,"worker_id":"43021aa0-3a0c-49ee-bb4b-d99c14602408-139735962314560","trial_id":59,"param_name":"nodes","param_value_internal":2,"distribution":"{\"name\": \"CategoricalDistribution\", \"attributes\": {\"choices\": [16, 32, 64]}}"}
{"op_code":6,"worker_id":"43021aa0-3a0c-49ee-bb4b-d99c14602408-139735962314560","trial_id":59,"state":1,"values":[0.6014700711214964],"datetime_complete":"2026-03-30T10:31:05.669407"}
{"op_code":0,"worker_id":"5ab71fa9-eb93-4908-98bb-0fd27501f2aa-139956833154880","study_name":"deepsurv_tuning","directions":[2]}
{"op_code":4,"worker_id":"5ab71fa9-eb93-4908-98bb-0fd27501f2aa-139956833154880","study_id":0,"datetime_start":"2026-03-30T10:45:03.909449"}
{"op_code":5,"worker_id":"5ab71fa9-eb93-4908-98bb-0fd27501f2aa-139956833154880","trial_id":60,"param_name":"lr","param_value_internal":0.010711955276804635,"distribution":"{\"name\": \"FloatDistribution\", \"attributes\": {\"step\": null, \"low\": 0.0001, \"high\": 0.1, \"log\": true}}"}
{"op_code":5,"worker_id":"5ab71fa9-eb93-4908-98bb-0fd27501f2aa-139956833154880","trial_id":60,"param_name":"dropout","param_value_internal":0.3885022719614366,"distribution":"{\"name\": \"FloatDistribution\", \"attributes\": {\"step\": null, \"low\": 0.0, \"high\": 0.5, \"log\": false}}"}
{"op_code":5,"worker_id":"5ab71fa9-eb93-4908-98bb-0fd27501f2aa-139956833154880","trial_id":60,"param_name":"layers","param_value_internal":1,"distribution":"{\"name\": \"CategoricalDistribution\", \"attributes\": {\"choices\": [1, 2, 3]}}"}
{"op_code":5,"worker_id":"5ab71fa9-eb93-4908-98bb-0fd27501f2aa-139956833154880","trial_id":60,"param_name":"nodes","param_value_internal":2,"distribution":"{\"name\": \"CategoricalDistribution\", \"attributes\": {\"choices\": [16, 32, 64]}}"}
{"op_code":6,"worker_id":"5ab71fa9-eb93-4908-98bb-0fd27501f2aa-139956833154880","trial_id":60,"state":1,"values":[0.5997186900940347],"datetime_complete":"2026-03-30T10:45:10.038850"}
{"op_code":4,"worker_id":"5ab71fa9-eb93-4908-98bb-0fd27501f2aa-139956833154880","study_id":0,"datetime_start":"2026-03-30T10:45:10.054973"}
{"op_code":5,"worker_id":"5ab71fa9-eb93-4908-98bb-0fd27501f2aa-139956833154880","trial_id":61,"param_name":"lr","param_value_internal":0.02729896149292202,"distribution":"{\"name\": \"FloatDistribution\", \"attributes\": {\"step\": null, \"low\": 0.0001, \"high\": 0.1, \"log\": true}}"}
{"op_code":5,"worker_id":"5ab71fa9-eb93-4908-98bb-0fd27501f2aa-139956833154880","trial_id":61,"param_name":"dropout","param_value_internal":0.01961846705954246,"distribution":"{\"name\": \"FloatDistribution\", \"attributes\": {\"step\": null, \"low\": 0.0, \"high\": 0.5, \"log\": false}}"}
{"op_code":5,"worker_id":"5ab71fa9-eb93-4908-98bb-0fd27501f2aa-139956833154880","trial_id":61,"param_name":"layers","param_value_internal":1,"distribution":"{\"name\": \"CategoricalDistribution\", \"attributes\": {\"choices\": [1, 2, 3]}}"}
{"op_code":5,"worker_id":"5ab71fa9-eb93-4908-98bb-0fd27501f2aa-139956833154880","trial_id":61,"param_name":"nodes","param_value_internal":2,"distribution":"{\"name\": \"CategoricalDistribution\", \"attributes\": {\"choices\": [16, 32, 64]}}"}
{"op_code":6,"worker_id":"5ab71fa9-eb93-4908-98bb-0fd27501f2aa-139956833154880","trial_id":61,"state":1,"values":[0.601480279948729],"datetime_complete":"2026-03-30T10:45:16.263794"}
{"op_code":4,"worker_id":"5ab71fa9-eb93-4908-98bb-0fd27501f2aa-139956833154880","study_id":0,"datetime_start":"2026-03-30T10:45:16.281380"}
{"op_code":5,"worker_id":"5ab71fa9-eb93-4908-98bb-0fd27501f2aa-139956833154880","trial_id":62,"param_name":"lr","param_value_internal":0.01769855715444636,"distribution":"{\"name\": \"FloatDistribution\", \"attributes\": {\"step\": null, \"low\": 0.0001, \"high\": 0.1, \"log\": true}}"}
{"op_code":5,"worker_id":"5ab71fa9-eb93-4908-98bb-0fd27501f2aa-139956833154880","trial_id":62,"param_name":"dropout","param_value_internal":0.16383937154516887,"distribution":"{\"name\": \"FloatDistribution\", \"attributes\": {\"step\": null, \"low\": 0.0, \"high\": 0.5, \"log\": false}}"}
{"op_code":5,"worker_id":"5ab71fa9-eb93-4908-98bb-0fd27501f2aa-139956833154880","trial_id":62,"param_name":"layers","param_value_internal":1,"distribution":"{\"name\": \"CategoricalDistribution\", \"attributes\": {\"choices\": [1, 2, 3]}}"}
{"op_code":5,"worker_id":"5ab71fa9-eb93-4908-98bb-0fd27501f2aa-139956833154880","trial_id":62,"param_name":"nodes","param_value_internal":1,"distribution":"{\"name\": \"CategoricalDistribution\", \"attributes\": {\"choices\": [16, 32, 64]}}"}
{"op_code":6,"worker_id":"5ab71fa9-eb93-4908-98bb-0fd27501f2aa-139956833154880","trial_id":62,"state":1,"values":[0.6035952086570855],"datetime_complete":"2026-03-30T10:45:22.200646"}
{"op_code":4,"worker_id":"5ab71fa9-eb93-4908-98bb-0fd27501f2aa-139956833154880","study_id":0,"datetime_start":"2026-03-30T10:45:22.222376"}
{"op_code":5,"worker_id":"5ab71fa9-eb93-4908-98bb-0fd27501f2aa-139956833154880","trial_id":63,"param_name":"lr","param_value_internal":0.03765431195511725,"distribution":"{\"name\": \"FloatDistribution\", \"attributes\": {\"step\": null, \"low\": 0.0001, \"high\": 0.1, \"log\": true}}"}
{"op_code":5,"worker_id":"5ab71fa9-eb93-4908-98bb-0fd27501f2aa-139956833154880","trial_id":63,"param_name":"dropout","param_value_internal":0.05163409124763385,"distribution":"{\"name\": \"FloatDistribution\", \"attributes\": {\"step\": null, \"low\": 0.0, \"high\": 0.5, \"log\": false}}"}
{"op_code":5,"worker_id":"5ab71fa9-eb93-4908-98bb-0fd27501f2aa-139956833154880","trial_id":63,"param_name":"layers","param_value_internal":1,"distribution":"{\"name\": \"CategoricalDistribution\", \"attributes\": {\"choices\": [1, 2, 3]}}"}
{"op_code":5,"worker_id":"5ab71fa9-eb93-4908-98bb-0fd27501f2aa-139956833154880","trial_id":63,"param_name":"nodes","param_value_internal":2,"distribution":"{\"name\": \"CategoricalDistribution\", \"attributes\": {\"choices\": [16, 32, 64]}}"}
{"op_code":6,"worker_id":"5ab71fa9-eb93-4908-98bb-0fd27501f2aa-139956833154880","trial_id":63,"state":1,"values":[0.5948626912737214],"datetime_complete":"2026-03-30T10:45:28.419185"}
{"op_code":4,"worker_id":"5ab71fa9-eb93-4908-98bb-0fd27501f2aa-139956833154880","study_id":0,"datetime_start":"2026-03-30T10:45:28.437454"}
{"op_code":5,"worker_id":"5ab71fa9-eb93-4908-98bb-0fd27501f2aa-139956833154880","trial_id":64,"param_name":"lr","param_value_internal":0.006315655130887389,"distribution":"{\"name\": \"FloatDistribution\", \"attributes\": {\"step\": null, \"low\": 0.0001, \"high\": 0.1, \"log\": true}}"}
{"op_code":5,"worker_id":"5ab71fa9-eb93-4908-98bb-0fd27501f2aa-139956833154880","trial_id":64,"param_name":"dropout","param_value_internal":0.13710466200830423,"distribution":"{\"name\": \"FloatDistribution\", \"attributes\": {\"step\": null, \"low\": 0.0, \"high\": 0.5, \"log\": false}}"}
{"op_code":5,"worker_id":"5ab71fa9-eb93-4908-98bb-0fd27501f2aa-139956833154880","trial_id":64,"param_name":"layers","param_value_internal":1,"distribution":"{\"name\": \"CategoricalDistribution\", \"attributes\": {\"choices\": [1, 2, 3]}}"}
{"op_code":5,"worker_id":"5ab71fa9-eb93-4908-98bb-0fd27501f2aa-139956833154880","trial_id":64,"param_name":"nodes","param_value_internal":2,"distribution":"{\"name\": \"CategoricalDistribution\", \"attributes\": {\"choices\": [16, 32, 64]}}"}
{"op_code":6,"worker_id":"5ab71fa9-eb93-4908-98bb-0fd27501f2aa-139956833154880","trial_id":64,"state":1,"values":[0.6010980160845745],"datetime_complete":"2026-03-30T10:45:34.474833"}
{"op_code":4,"worker_id":"5ab71fa9-eb93-4908-98bb-0fd27501f2aa-139956833154880","study_id":0,"datetime_start":"2026-03-30T10:45:34.505195"}
{"op_code":5,"worker_id":"5ab71fa9-eb93-4908-98bb-0fd27501f2aa-139956833154880","trial_id":65,"param_name":"lr","param_value_internal":0.0018505902037994628,"distribution":"{\"name\": \"FloatDistribution\", \"attributes\": {\"step\": null, \"low\": 0.0001, \"high\": 0.1, \"log\": true}}"}
{"op_code":5,"worker_id":"5ab71fa9-eb93-4908-98bb-0fd27501f2aa-139956833154880","trial_id":65,"param_name":"dropout","param_value_internal":0.08916470581287955,"distribution":"{\"name\": \"FloatDistribution\", \"attributes\": {\"step\": null, \"low\": 0.0, \"high\": 0.5, \"log\": false}}"}
{"op_code":5,"worker_id":"5ab71fa9-eb93-4908-98bb-0fd27501f2aa-139956833154880","trial_id":65,"param_name":"layers","param_value_internal":1,"distribution":"{\"name\": \"CategoricalDistribution\", \"attributes\": {\"choices\": [1, 2, 3]}}"}
{"op_code":5,"worker_id":"5ab71fa9-eb93-4908-98bb-0fd27501f2aa-139956833154880","trial_id":65,"param_name":"nodes","param_value_internal":2,"distribution":"{\"name\": \"CategoricalDistribution\", \"attributes\": {\"choices\": [16, 32, 64]}}"}
{"op_code":6,"worker_id":"5ab71fa9-eb93-4908-98bb-0fd27501f2aa-139956833154880","trial_id":65,"state":1,"values":[0.6079424675869736],"datetime_complete":"2026-03-30T10:45:40.634081"}
{"op_code":4,"worker_id":"5ab71fa9-eb93-4908-98bb-0fd27501f2aa-139956833154880","study_id":0,"datetime_start":"2026-03-30T10:45:40.669043"}
{"op_code":5,"worker_id":"5ab71fa9-eb93-4908-98bb-0fd27501f2aa-139956833154880","trial_id":66,"param_name":"lr","param_value_internal":0.002089655913424801,"distribution":"{\"name\": \"FloatDistribution\", \"attributes\": {\"step\": null, \"low\": 0.0001, \"high\": 0.1, \"log\": true}}"}
{"op_code":5,"worker_id":"5ab71fa9-eb93-4908-98bb-0fd27501f2aa-139956833154880","trial_id":66,"param_name":"dropout","param_value_internal":0.11323870290511978,"distribution":"{\"name\": \"FloatDistribution\", \"attributes\": {\"step\": null, \"low\": 0.0, \"high\": 0.5, \"log\": false}}"}
{"op_code":5,"worker_id":"5ab71fa9-eb93-4908-98bb-0fd27501f2aa-139956833154880","trial_id":66,"param_name":"layers","param_value_internal":2,"distribution":"{\"name\": \"CategoricalDistribution\", \"attributes\": {\"choices\": [1, 2, 3]}}"}
{"op_code":5,"worker_id":"5ab71fa9-eb93-4908-98bb-0fd27501f2aa-139956833154880","trial_id":66,"param_name":"nodes","param_value_internal":2,"distribution":"{\"name\": \"CategoricalDistribution\", \"attributes\": {\"choices\": [16, 32, 64]}}"}
{"op_code":6,"worker_id":"5ab71fa9-eb93-4908-98bb-0fd27501f2aa-139956833154880","trial_id":66,"state":1,"values":[0.5969872616522419],"datetime_complete":"2026-03-30T10:45:47.954329"}
{"op_code":4,"worker_id":"5ab71fa9-eb93-4908-98bb-0fd27501f2aa-139956833154880","study_id":0,"datetime_start":"2026-03-30T10:45:47.983080"}
{"op_code":5,"worker_id":"5ab71fa9-eb93-4908-98bb-0fd27501f2aa-139956833154880","trial_id":67,"param_name":"lr","param_value_internal":0.0032245662605392272,"distribution":"{\"name\": \"FloatDistribution\", \"attributes\": {\"step\": null, \"low\": 0.0001, \"high\": 0.1, \"log\": true}}"}
{"op_code":5,"worker_id":"5ab71fa9-eb93-4908-98bb-0fd27501f2aa-139956833154880","trial_id":67,"param_name":"dropout","param_value_internal":0.09418919262289012,"distribution":"{\"name\": \"FloatDistribution\", \"attributes\": {\"step\": null, \"low\": 0.0, \"high\": 0.5, \"log\": false}}"}
{"op_code":5,"worker_id":"5ab71fa9-eb93-4908-98bb-0fd27501f2aa-139956833154880","trial_id":67,"param_name":"layers","param_value_internal":1,"distribution":"{\"name\": \"CategoricalDistribution\", \"attributes\": {\"choices\": [1, 2, 3]}}"}
{"op_code":5,"worker_id":"5ab71fa9-eb93-4908-98bb-0fd27501f2aa-139956833154880","trial_id":67,"param_name":"nodes","param_value_internal":2,"distribution":"{\"name\": \"CategoricalDistribution\", \"attributes\": {\"choices\": [16, 32, 64]}}"}
{"op_code":6,"worker_id":"5ab71fa9-eb93-4908-98bb-0fd27501f2aa-139956833154880","trial_id":67,"state":1,"values":[0.5943465783414059],"datetime_complete":"2026-03-30T10:45:54.158479"}
{"op_code":4,"worker_id":"5ab71fa9-eb93-4908-98bb-0fd27501f2aa-139956833154880","study_id":0,"datetime_start":"2026-03-30T10:45:54.188637"}
{"op_code":5,"worker_id":"5ab71fa9-eb93-4908-98bb-0fd27501f2aa-139956833154880","trial_id":68,"param_name":"lr","param_value_internal":0.0042189500349675375,"distribution":"{\"name\": \"FloatDistribution\", \"attributes\": {\"step\": null, \"low\": 0.0001, \"high\": 0.1, \"log\": true}}"}
{"op_code":5,"worker_id":"5ab71fa9-eb93-4908-98bb-0fd27501f2aa-139956833154880","trial_id":68,"param_name":"dropout","param_value_internal":0.2462565986508488,"distribution":"{\"name\": \"FloatDistribution\", \"attributes\": {\"step\": null, \"low\": 0.0, \"high\": 0.5, \"log\": false}}"}
{"op_code":5,"worker_id":"5ab71fa9-eb93-4908-98bb-0fd27501f2aa-139956833154880","trial_id":68,"param_name":"layers","param_value_internal":0,"distribution":"{\"name\": \"CategoricalDistribution\", \"attributes\": {\"choices\": [1, 2, 3]}}"}
{"op_code":5,"worker_id":"5ab71fa9-eb93-4908-98bb-0fd27501f2aa-139956833154880","trial_id":68,"param_name":"nodes","param_value_internal":2,"distribution":"{\"name\": \"CategoricalDistribution\", \"attributes\": {\"choices\": [16, 32, 64]}}"}
{"op_code":6,"worker_id":"5ab71fa9-eb93-4908-98bb-0fd27501f2aa-139956833154880","trial_id":68,"state":1,"values":[0.6017247246452433],"datetime_complete":"2026-03-30T10:45:58.862446"}
{"op_code":4,"worker_id":"5ab71fa9-eb93-4908-98bb-0fd27501f2aa-139956833154880","study_id":0,"datetime_start":"2026-03-30T10:45:58.892023"}
{"op_code":5,"worker_id":"5ab71fa9-eb93-4908-98bb-0fd27501f2aa-139956833154880","trial_id":69,"param_name":"lr","param_value_internal":0.0014133204853612644,"distribution":"{\"name\": \"FloatDistribution\", \"attributes\": {\"step\": null, \"low\": 0.0001, \"high\": 0.1, \"log\": true}}"}
{"op_code":5,"worker_id":"5ab71fa9-eb93-4908-98bb-0fd27501f2aa-139956833154880","trial_id":69,"param_name":"dropout","param_value_internal":0.08002046248623643,"distribution":"{\"name\": \"FloatDistribution\", \"attributes\": {\"step\": null, \"low\": 0.0, \"high\": 0.5, \"log\": false}}"}
{"op_code":5,"worker_id":"5ab71fa9-eb93-4908-98bb-0fd27501f2aa-139956833154880","trial_id":69,"param_name":"layers","param_value_internal":1,"distribution":"{\"name\": \"CategoricalDistribution\", \"attributes\": {\"choices\": [1, 2, 3]}}"}
{"op_code":5,"worker_id":"5ab71fa9-eb93-4908-98bb-0fd27501f2aa-139956833154880","trial_id":69,"param_name":"nodes","param_value_internal":2,"distribution":"{\"name\": \"CategoricalDistribution\", \"attributes\": {\"choices\": [16, 32, 64]}}"}
{"op_code":6,"worker_id":"5ab71fa9-eb93-4908-98bb-0fd27501f2aa-139956833154880","trial_id":69,"state":1,"values":[0.6065637087535022],"datetime_complete":"2026-03-30T10:46:05.219035"}
{"op_code":4,"worker_id":"5ab71fa9-eb93-4908-98bb-0fd27501f2aa-139956833154880","study_id":0,"datetime_start":"2026-03-30T10:46:05.244510"}
{"op_code":5,"worker_id":"5ab71fa9-eb93-4908-98bb-0fd27501f2aa-139956833154880","trial_id":70,"param_name":"lr","param_value_internal":0.001798298010415452,"distribution":"{\"name\": \"FloatDistribution\", \"attributes\": {\"step\": null, \"low\": 0.0001, \"high\": 0.1, \"log\": true}}"}
{"op_code":5,"worker_id":"5ab71fa9-eb93-4908-98bb-0fd27501f2aa-139956833154880","trial_id":70,"param_name":"dropout","param_value_internal":0.14153938919655937,"distribution":"{\"name\": \"FloatDistribution\", \"attributes\": {\"step\": null, \"low\": 0.0, \"high\": 0.5, \"log\": false}}"}
{"op_code":5,"worker_id":"5ab71fa9-eb93-4908-98bb-0fd27501f2aa-139956833154880","trial_id":70,"param_name":"layers","param_value_internal":1,"distribution":"{\"name\": \"CategoricalDistribution\", \"attributes\": {\"choices\": [1, 2, 3]}}"}
{"op_code":5,"worker_id":"5ab71fa9-eb93-4908-98bb-0fd27501f2aa-139956833154880","trial_id":70,"param_name":"nodes","param_value_internal":2,"distribution":"{\"name\": \"CategoricalDistribution\", \"attributes\": {\"choices\": [16, 32, 64]}}"}
{"op_code":6,"worker_id":"5ab71fa9-eb93-4908-98bb-0fd27501f2aa-139956833154880","trial_id":70,"state":1,"values":[0.6066907519368414],"datetime_complete":"2026-03-30T10:46:11.382394"}
{"op_code":4,"worker_id":"5ab71fa9-eb93-4908-98bb-0fd27501f2aa-139956833154880","study_id":0,"datetime_start":"2026-03-30T10:46:11.411438"}
{"op_code":5,"worker_id":"5ab71fa9-eb93-4908-98bb-0fd27501f2aa-139956833154880","trial_id":71,"param_name":"lr","param_value_internal":0.02113049914064897,"distribution":"{\"name\": \"FloatDistribution\", \"attributes\": {\"step\": null, \"low\": 0.0001, \"high\": 0.1, \"log\": true}}"}
{"op_code":5,"worker_id":"5ab71fa9-eb93-4908-98bb-0fd27501f2aa-139956833154880","trial_id":71,"param_name":"dropout","param_value_internal":0.03241858000825693,"distribution":"{\"name\": \"FloatDistribution\", \"attributes\": {\"step\": null, \"low\": 0.0, \"high\": 0.5, \"log\": false}}"}
{"op_code":5,"worker_id":"5ab71fa9-eb93-4908-98bb-0fd27501f2aa-139956833154880","trial_id":71,"param_name":"layers","param_value_internal":1,"distribution":"{\"name\": \"CategoricalDistribution\", \"attributes\": {\"choices\": [1, 2, 3]}}"}
{"op_code":5,"worker_id":"5ab71fa9-eb93-4908-98bb-0fd27501f2aa-139956833154880","trial_id":71,"param_name":"nodes","param_value_internal":1,"distribution":"{\"name\": \"CategoricalDistribution\", \"attributes\": {\"choices\": [16, 32, 64]}}"}
{"op_code":6,"worker_id":"5ab71fa9-eb93-4908-98bb-0fd27501f2aa-139956833154880","trial_id":71,"state":1,"values":[0.6065875293503783],"datetime_complete":"2026-03-30T10:46:17.602487"}
{"op_code":4,"worker_id":"5ab71fa9-eb93-4908-98bb-0fd27501f2aa-139956833154880","study_id":0,"datetime_start":"2026-03-30T10:46:17.633330"}
{"op_code":5,"worker_id":"5ab71fa9-eb93-4908-98bb-0fd27501f2aa-139956833154880","trial_id":72,"param_name":"lr","param_value_internal":0.002525830370727741,"distribution":"{\"name\": \"FloatDistribution\", \"attributes\": {\"step\": null, \"low\": 0.0001, \"high\": 0.1, \"log\": true}}"}
{"op_code":5,"worker_id":"5ab71fa9-eb93-4908-98bb-0fd27501f2aa-139956833154880","trial_id":72,"param_name":"dropout","param_value_internal":0.05520785086978555,"distribution":"{\"name\": \"FloatDistribution\", \"attributes\": {\"step\": null, \"low\": 0.0, \"high\": 0.5, \"log\": false}}"}
{"op_code":5,"worker_id":"5ab71fa9-eb93-4908-98bb-0fd27501f2aa-139956833154880","trial_id":72,"param_name":"layers","param_value_internal":1,"distribution":"{\"name\": \"CategoricalDistribution\", \"attributes\": {\"choices\": [1, 2, 3]}}"}
{"op_code":5,"worker_id":"5ab71fa9-eb93-4908-98bb-0fd27501f2aa-139956833154880","trial_id":72,"param_name":"nodes","param_value_internal":0,"distribution":"{\"name\": \"CategoricalDistribution\", \"attributes\": {\"choices\": [16, 32, 64]}}"}
{"op_code":6,"worker_id":"5ab71fa9-eb93-4908-98bb-0fd27501f2aa-139956833154880","trial_id":72,"state":1,"values":[0.588251341326467],"datetime_complete":"2026-03-30T10:46:23.772041"}
{"op_code":4,"worker_id":"5ab71fa9-eb93-4908-98bb-0fd27501f2aa-139956833154880","study_id":0,"datetime_start":"2026-03-30T10:46:23.799769"}
{"op_code":5,"worker_id":"5ab71fa9-eb93-4908-98bb-0fd27501f2aa-139956833154880","trial_id":73,"param_name":"lr","param_value_internal":0.0008379859867559848,"distribution":"{\"name\": \"FloatDistribution\", \"attributes\": {\"step\": null, \"low\": 0.0001, \"high\": 0.1, \"log\": true}}"}
{"op_code":5,"worker_id":"5ab71fa9-eb93-4908-98bb-0fd27501f2aa-139956833154880","trial_id":73,"param_name":"dropout","param_value_internal":0.12111988431051174,"distribution":"{\"name\": \"FloatDistribution\", \"attributes\": {\"step\": null, \"low\": 0.0, \"high\": 0.5, \"log\": false}}"}
{"op_code":5,"worker_id":"5ab71fa9-eb93-4908-98bb-0fd27501f2aa-139956833154880","trial_id":73,"param_name":"layers","param_value_internal":1,"distribution":"{\"name\": \"CategoricalDistribution\", \"attributes\": {\"choices\": [1, 2, 3]}}"}
{"op_code":5,"worker_id":"5ab71fa9-eb93-4908-98bb-0fd27501f2aa-139956833154880","trial_id":73,"param_name":"nodes","param_value_internal":2,"distribution":"{\"name\": \"CategoricalDistribution\", \"attributes\": {\"choices\": [16, 32, 64]}}"}
{"op_code":6,"worker_id":"5ab71fa9-eb93-4908-98bb-0fd27501f2aa-139956833154880","trial_id":73,"state":1,"values":[0.602378656745199],"datetime_complete":"2026-03-30T10:46:29.791032"}
{"op_code":4,"worker_id":"5ab71fa9-eb93-4908-98bb-0fd27501f2aa-139956833154880","study_id":0,"datetime_start":"2026-03-30T10:46:29.816688"}
{"op_code":5,"worker_id":"5ab71fa9-eb93-4908-98bb-0fd27501f2aa-139956833154880","trial_id":74,"param_name":"lr","param_value_internal":0.008374440572703515,"distribution":"{\"name\": \"FloatDistribution\", \"attributes\": {\"step\": null, \"low\": 0.0001, \"high\": 0.1, \"log\": true}}"}
{"op_code":5,"worker_id":"5ab71fa9-eb93-4908-98bb-0fd27501f2aa-139956833154880","trial_id":74,"param_name":"dropout","param_value_internal":0.1765774508688123,"distribution":"{\"name\": \"FloatDistribution\", \"attributes\": {\"step\": null, \"low\": 0.0, \"high\": 0.5, \"log\": false}}"}
{"op_code":5,"worker_id":"5ab71fa9-eb93-4908-98bb-0fd27501f2aa-139956833154880","trial_id":74,"param_name":"layers","param_value_internal":1,"distribution":"{\"name\": \"CategoricalDistribution\", \"attributes\": {\"choices\": [1, 2, 3]}}"}
{"op_code":5,"worker_id":"5ab71fa9-eb93-4908-98bb-0fd27501f2aa-139956833154880","trial_id":74,"param_name":"nodes","param_value_internal":2,"distribution":"{\"name\": \"CategoricalDistribution\", \"attributes\": {\"choices\": [16, 32, 64]}}"}
{"op_code":6,"worker_id":"5ab71fa9-eb93-4908-98bb-0fd27501f2aa-139956833154880","trial_id":74,"state":1,"values":[0.6040551730396216],"datetime_complete":"2026-03-30T10:46:35.863536"}
{"op_code":4,"worker_id":"5ab71fa9-eb93-4908-98bb-0fd27501f2aa-139956833154880","study_id":0,"datetime_start":"2026-03-30T10:46:35.887079"}
{"op_code":5,"worker_id":"5ab71fa9-eb93-4908-98bb-0fd27501f2aa-139956833154880","trial_id":75,"param_name":"lr","param_value_internal":0.000149260423659463,"distribution":"{\"name\": \"FloatDistribution\", \"attributes\": {\"step\": null, \"low\": 0.0001, \"high\": 0.1, \"log\": true}}"}
{"op_code":5,"worker_id":"5ab71fa9-eb93-4908-98bb-0fd27501f2aa-139956833154880","trial_id":75,"param_name":"dropout","param_value_internal":0.06842209436064955,"distribution":"{\"name\": \"FloatDistribution\", \"attributes\": {\"step\": null, \"low\": 0.0, \"high\": 0.5, \"log\": false}}"}
{"op_code":5,"worker_id":"5ab71fa9-eb93-4908-98bb-0fd27501f2aa-139956833154880","trial_id":75,"param_name":"layers","param_value_internal":1,"distribution":"{\"name\": \"CategoricalDistribution\", \"attributes\": {\"choices\": [1, 2, 3]}}"}
{"op_code":5,"worker_id":"5ab71fa9-eb93-4908-98bb-0fd27501f2aa-139956833154880","trial_id":75,"param_name":"nodes","param_value_internal":0,"distribution":"{\"name\": \"CategoricalDistribution\", \"attributes\": {\"choices\": [16, 32, 64]}}"}
{"op_code":6,"worker_id":"5ab71fa9-eb93-4908-98bb-0fd27501f2aa-139956833154880","trial_id":75,"state":1,"values":[0.5495542145441759],"datetime_complete":"2026-03-30T10:46:41.746113"}
{"op_code":4,"worker_id":"5ab71fa9-eb93-4908-98bb-0fd27501f2aa-139956833154880","study_id":0,"datetime_start":"2026-03-30T10:46:41.778681"}
{"op_code":5,"worker_id":"5ab71fa9-eb93-4908-98bb-0fd27501f2aa-139956833154880","trial_id":76,"param_name":"lr","param_value_internal":0.005650890372626458,"distribution":"{\"name\": \"FloatDistribution\", \"attributes\": {\"step\": null, \"low\": 0.0001, \"high\": 0.1, \"log\": true}}"}
{"op_code":5,"worker_id":"5ab71fa9-eb93-4908-98bb-0fd27501f2aa-139956833154880","trial_id":76,"param_name":"dropout","param_value_internal":0.0894726888822901,"distribution":"{\"name\": \"FloatDistribution\", \"attributes\": {\"step\": null, \"low\": 0.0, \"high\": 0.5, \"log\": false}}"}
{"op_code":5,"worker_id":"5ab71fa9-eb93-4908-98bb-0fd27501f2aa-139956833154880","trial_id":76,"param_name":"layers","param_value_internal":1,"distribution":"{\"name\": \"CategoricalDistribution\", \"attributes\": {\"choices\": [1, 2, 3]}}"}
{"op_code":5,"worker_id":"5ab71fa9-eb93-4908-98bb-0fd27501f2aa-139956833154880","trial_id":76,"param_name":"nodes","param_value_internal":1,"distribution":"{\"name\": \"CategoricalDistribution\", \"attributes\": {\"choices\": [16, 32, 64]}}"}
{"op_code":6,"worker_id":"5ab71fa9-eb93-4908-98bb-0fd27501f2aa-139956833154880","trial_id":76,"state":1,"values":[0.6011343141369571],"datetime_complete":"2026-03-30T10:46:48.010231"}
{"op_code":4,"worker_id":"5ab71fa9-eb93-4908-98bb-0fd27501f2aa-139956833154880","study_id":0,"datetime_start":"2026-03-30T10:46:48.041012"}
{"op_code":5,"worker_id":"5ab71fa9-eb93-4908-98bb-0fd27501f2aa-139956833154880","trial_id":77,"param_name":"lr","param_value_internal":0.0020113331576187606,"distribution":"{\"name\": \"FloatDistribution\", \"attributes\": {\"step\": null, \"low\": 0.0001, \"high\": 0.1, \"log\": true}}"}
{"op_code":5,"worker_id":"5ab71fa9-eb93-4908-98bb-0fd27501f2aa-139956833154880","trial_id":77,"param_name":"dropout","param_value_internal":0.10113430753130795,"distribution":"{\"name\": \"FloatDistribution\", \"attributes\": {\"step\": null, \"low\": 0.0, \"high\": 0.5, \"log\": false}}"}
{"op_code":5,"worker_id":"5ab71fa9-eb93-4908-98bb-0fd27501f2aa-139956833154880","trial_id":77,"param_name":"layers","param_value_internal":1,"distribution":"{\"name\": \"CategoricalDistribution\", \"attributes\": {\"choices\": [1, 2, 3]}}"}
{"op_code":5,"worker_id":"5ab71fa9-eb93-4908-98bb-0fd27501f2aa-139956833154880","trial_id":77,"param_name":"nodes","param_value_internal":2,"distribution":"{\"name\": \"CategoricalDistribution\", \"attributes\": {\"choices\": [16, 32, 64]}}"}
{"op_code":6,"worker_id":"5ab71fa9-eb93-4908-98bb-0fd27501f2aa-139956833154880","trial_id":77,"state":1,"values":[0.6087648453362674],"datetime_complete":"2026-03-30T10:46:54.382422"}
{"op_code":4,"worker_id":"5ab71fa9-eb93-4908-98bb-0fd27501f2aa-139956833154880","study_id":0,"datetime_start":"2026-03-30T10:46:54.414621"}
{"op_code":5,"worker_id":"5ab71fa9-eb93-4908-98bb-0fd27501f2aa-139956833154880","trial_id":78,"param_name":"lr","param_value_internal":0.0011677989401583542,"distribution":"{\"name\": \"FloatDistribution\", \"attributes\": {\"step\": null, \"low\": 0.0001, \"high\": 0.1, \"log\": true}}"}
{"op_code":5,"worker_id":"5ab71fa9-eb93-4908-98bb-0fd27501f2aa-139956833154880","trial_id":78,"param_name":"dropout","param_value_internal":0.10237469569468528,"distribution":"{\"name\": \"FloatDistribution\", \"attributes\": {\"step\": null, \"low\": 0.0, \"high\": 0.5, \"log\": false}}"}
{"op_code":5,"worker_id":"5ab71fa9-eb93-4908-98bb-0fd27501f2aa-139956833154880","trial_id":78,"param_name":"layers","param_value_internal":2,"distribution":"{\"name\": \"CategoricalDistribution\", \"attributes\": {\"choices\": [1, 2, 3]}}"}
{"op_code":5,"worker_id":"5ab71fa9-eb93-4908-98bb-0fd27501f2aa-139956833154880","trial_id":78,"param_name":"nodes","param_value_internal":2,"distribution":"{\"name\": \"CategoricalDistribution\", \"attributes\": {\"choices\": [16, 32, 64]}}"}
{"op_code":6,"worker_id":"5ab71fa9-eb93-4908-98bb-0fd27501f2aa-139956833154880","trial_id":78,"state":1,"values":[0.6021109586088771],"datetime_complete":"2026-03-30T10:47:01.628292"}
{"op_code":4,"worker_id":"5ab71fa9-eb93-4908-98bb-0fd27501f2aa-139956833154880","study_id":0,"datetime_start":"2026-03-30T10:47:01.645313"}
{"op_code":5,"worker_id":"5ab71fa9-eb93-4908-98bb-0fd27501f2aa-139956833154880","trial_id":79,"param_name":"lr","param_value_internal":0.0015514447420274685,"distribution":"{\"name\": \"FloatDistribution\", \"attributes\": {\"step\": null, \"low\": 0.0001, \"high\": 0.1, \"log\": true}}"}
{"op_code":5,"worker_id":"5ab71fa9-eb93-4908-98bb-0fd27501f2aa-139956833154880","trial_id":79,"param_name":"dropout","param_value_internal":0.20147114997771545,"distribution":"{\"name\": \"FloatDistribution\", \"attributes\": {\"step\": null, \"low\": 0.0, \"high\": 0.5, \"log\": false}}"}
{"op_code":5,"worker_id":"5ab71fa9-eb93-4908-98bb-0fd27501f2aa-139956833154880","trial_id":79,"param_name":"layers","param_value_internal":1,"distribution":"{\"name\": \"CategoricalDistribution\", \"attributes\": {\"choices\": [1, 2, 3]}}"}
{"op_code":5,"worker_id":"5ab71fa9-eb93-4908-98bb-0fd27501f2aa-139956833154880","trial_id":79,"param_name":"nodes","param_value_internal":2,"distribution":"{\"name\": \"CategoricalDistribution\", \"attributes\": {\"choices\": [16, 32, 64]}}"}
{"op_code":6,"worker_id":"5ab71fa9-eb93-4908-98bb-0fd27501f2aa-139956833154880","trial_id":79,"state":1,"values":[0.6081579872729954],"datetime_complete":"2026-03-30T10:47:07.583085"}
{"op_code":0,"worker_id":"886a8524-492a-498b-8212-3ddf4bcaccb1-140252871579456","study_name":"deepsurv_tuning","directions":[2]}
{"op_code":4,"worker_id":"886a8524-492a-498b-8212-3ddf4bcaccb1-140252871579456","study_id":0,"datetime_start":"2026-03-30T10:57:47.925120"}
{"op_code":5,"worker_id":"886a8524-492a-498b-8212-3ddf4bcaccb1-140252871579456","trial_id":80,"param_name":"lr","param_value_internal":0.0015417832794944449,"distribution":"{\"name\": \"FloatDistribution\", \"attributes\": {\"step\": null, \"low\": 0.0001, \"high\": 0.1, \"log\": true}}"}
{"op_code":5,"worker_id":"886a8524-492a-498b-8212-3ddf4bcaccb1-140252871579456","trial_id":80,"param_name":"dropout","param_value_internal":0.20069776525274846,"distribution":"{\"name\": \"FloatDistribution\", \"attributes\": {\"step\": null, \"low\": 0.0, \"high\": 0.5, \"log\": false}}"}
{"op_code":5,"worker_id":"886a8524-492a-498b-8212-3ddf4bcaccb1-140252871579456","trial_id":80,"param_name":"layers","param_value_internal":1,"distribution":"{\"name\": \"CategoricalDistribution\", \"attributes\": {\"choices\": [1, 2, 3]}}"}
{"op_code":5,"worker_id":"886a8524-492a-498b-8212-3ddf4bcaccb1-140252871579456","trial_id":80,"param_name":"nodes","param_value_internal":2,"distribution":"{\"name\": \"CategoricalDistribution\", \"attributes\": {\"choices\": [16, 32, 64]}}"}
{"op_code":6,"worker_id":"886a8524-492a-498b-8212-3ddf4bcaccb1-140252871579456","trial_id":80,"state":1,"values":[0.6051809798205515],"datetime_complete":"2026-03-30T10:57:54.462321"}
{"op_code":4,"worker_id":"886a8524-492a-498b-8212-3ddf4bcaccb1-140252871579456","study_id":0,"datetime_start":"2026-03-30T10:57:54.501031"}
{"op_code":5,"worker_id":"886a8524-492a-498b-8212-3ddf4bcaccb1-140252871579456","trial_id":81,"param_name":"lr","param_value_internal":0.0020156816509888337,"distribution":"{\"name\": \"FloatDistribution\", \"attributes\": {\"step\": null, \"low\": 0.0001, \"high\": 0.1, \"log\": true}}"}
{"op_code":5,"worker_id":"886a8524-492a-498b-8212-3ddf4bcaccb1-140252871579456","trial_id":81,"param_name":"dropout","param_value_internal":0.1630351879110367,"distribution":"{\"name\": \"FloatDistribution\", \"attributes\": {\"step\": null, \"low\": 0.0, \"high\": 0.5, \"log\": false}}"}
{"op_code":5,"worker_id":"886a8524-492a-498b-8212-3ddf4bcaccb1-140252871579456","trial_id":81,"param_name":"layers","param_value_internal":1,"distribution":"{\"name\": \"CategoricalDistribution\", \"attributes\": {\"choices\": [1, 2, 3]}}"}
{"op_code":5,"worker_id":"886a8524-492a-498b-8212-3ddf4bcaccb1-140252871579456","trial_id":81,"param_name":"nodes","param_value_internal":2,"distribution":"{\"name\": \"CategoricalDistribution\", \"attributes\": {\"choices\": [16, 32, 64]}}"}
{"op_code":6,"worker_id":"886a8524-492a-498b-8212-3ddf4bcaccb1-140252871579456","trial_id":81,"state":1,"values":[0.6019470502160869],"datetime_complete":"2026-03-30T10:58:00.879689"}
{"op_code":4,"worker_id":"886a8524-492a-498b-8212-3ddf4bcaccb1-140252871579456","study_id":0,"datetime_start":"2026-03-30T10:58:00.943877"}
{"op_code":5,"worker_id":"886a8524-492a-498b-8212-3ddf4bcaccb1-140252871579456","trial_id":82,"param_name":"lr","param_value_internal":0.0029327981132759736,"distribution":"{\"name\": \"FloatDistribution\", \"attributes\": {\"step\": null, \"low\": 0.0001, \"high\": 0.1, \"log\": true}}"}
{"op_code":5,"worker_id":"886a8524-492a-498b-8212-3ddf4bcaccb1-140252871579456","trial_id":82,"param_name":"dropout","param_value_internal":0.14373514819284508,"distribution":"{\"name\": \"FloatDistribution\", \"attributes\": {\"step\": null, \"low\": 0.0, \"high\": 0.5, \"log\": false}}"}
{"op_code":5,"worker_id":"886a8524-492a-498b-8212-3ddf4bcaccb1-140252871579456","trial_id":82,"param_name":"layers","param_value_internal":1,"distribution":"{\"name\": \"CategoricalDistribution\", \"attributes\": {\"choices\": [1, 2, 3]}}"}
{"op_code":5,"worker_id":"886a8524-492a-498b-8212-3ddf4bcaccb1-140252871579456","trial_id":82,"param_name":"nodes","param_value_internal":2,"distribution":"{\"name\": \"CategoricalDistribution\", \"attributes\": {\"choices\": [16, 32, 64]}}"}
{"op_code":6,"worker_id":"886a8524-492a-498b-8212-3ddf4bcaccb1-140252871579456","trial_id":82,"state":1,"values":[0.6026463548815209],"datetime_complete":"2026-03-30T10:58:07.335158"}
{"op_code":4,"worker_id":"886a8524-492a-498b-8212-3ddf4bcaccb1-140252871579456","study_id":0,"datetime_start":"2026-03-30T10:58:07.350706"}
{"op_code":5,"worker_id":"886a8524-492a-498b-8212-3ddf4bcaccb1-140252871579456","trial_id":83,"param_name":"lr","param_value_internal":0.0023516743759502763,"distribution":"{\"name\": \"FloatDistribution\", \"attributes\": {\"step\": null, \"low\": 0.0001, \"high\": 0.1, \"log\": true}}"}
{"op_code":5,"worker_id":"886a8524-492a-498b-8212-3ddf4bcaccb1-140252871579456","trial_id":83,"param_name":"dropout","param_value_internal":0.21964157850861038,"distribution":"{\"name\": \"FloatDistribution\", \"attributes\": {\"step\": null, \"low\": 0.0, \"high\": 0.5, \"log\": false}}"}
{"op_code":5,"worker_id":"886a8524-492a-498b-8212-3ddf4bcaccb1-140252871579456","trial_id":83,"param_name":"layers","param_value_internal":1,"distribution":"{\"name\": \"CategoricalDistribution\", \"attributes\": {\"choices\": [1, 2, 3]}}"}
{"op_code":5,"worker_id":"886a8524-492a-498b-8212-3ddf4bcaccb1-140252871579456","trial_id":83,"param_name":"nodes","param_value_internal":2,"distribution":"{\"name\": \"CategoricalDistribution\", \"attributes\": {\"choices\": [16, 32, 64]}}"}
{"op_code":6,"worker_id":"886a8524-492a-498b-8212-3ddf4bcaccb1-140252871579456","trial_id":83,"state":1,"values":[0.6067854671672773],"datetime_complete":"2026-03-30T10:58:13.446088"}
{"op_code":4,"worker_id":"886a8524-492a-498b-8212-3ddf4bcaccb1-140252871579456","study_id":0,"datetime_start":"2026-03-30T10:58:13.470532"}
{"op_code":5,"worker_id":"886a8524-492a-498b-8212-3ddf4bcaccb1-140252871579456","trial_id":84,"param_name":"lr","param_value_internal":0.0013774942801220674,"distribution":"{\"name\": \"FloatDistribution\", \"attributes\": {\"step\": null, \"low\": 0.0001, \"high\": 0.1, \"log\": true}}"}
{"op_code":5,"worker_id":"886a8524-492a-498b-8212-3ddf4bcaccb1-140252871579456","trial_id":84,"param_name":"dropout","param_value_internal":0.18510587354748925,"distribution":"{\"name\": \"FloatDistribution\", \"attributes\": {\"step\": null, \"low\": 0.0, \"high\": 0.5, \"log\": false}}"}
{"op_code":5,"worker_id":"886a8524-492a-498b-8212-3ddf4bcaccb1-140252871579456","trial_id":84,"param_name":"layers","param_value_internal":1,"distribution":"{\"name\": \"CategoricalDistribution\", \"attributes\": {\"choices\": [1, 2, 3]}}"}
{"op_code":5,"worker_id":"886a8524-492a-498b-8212-3ddf4bcaccb1-140252871579456","trial_id":84,"param_name":"nodes","param_value_internal":2,"distribution":"{\"name\": \"CategoricalDistribution\", \"attributes\": {\"choices\": [16, 32, 64]}}"}
{"op_code":6,"worker_id":"886a8524-492a-498b-8212-3ddf4bcaccb1-140252871579456","trial_id":84,"state":1,"values":[0.5993477693712497],"datetime_complete":"2026-03-30T10:58:20.038367"}
{"op_code":4,"worker_id":"886a8524-492a-498b-8212-3ddf4bcaccb1-140252871579456","study_id":0,"datetime_start":"2026-03-30T10:58:20.059290"}
{"op_code":5,"worker_id":"886a8524-492a-498b-8212-3ddf4bcaccb1-140252871579456","trial_id":85,"param_name":"lr","param_value_internal":0.00184788784790876,"distribution":"{\"name\": \"FloatDistribution\", \"attributes\": {\"step\": null, \"low\": 0.0001, \"high\": 0.1, \"log\": true}}"}
{"op_code":5,"worker_id":"886a8524-492a-498b-8212-3ddf4bcaccb1-140252871579456","trial_id":85,"param_name":"dropout","param_value_internal":0.12229368694183679,"distribution":"{\"name\": \"FloatDistribution\", \"attributes\": {\"step\": null, \"low\": 0.0, \"high\": 0.5, \"log\": false}}"}
{"op_code":5,"worker_id":"886a8524-492a-498b-8212-3ddf4bcaccb1-140252871579456","trial_id":85,"param_name":"layers","param_value_internal":1,"distribution":"{\"name\": \"CategoricalDistribution\", \"attributes\": {\"choices\": [1, 2, 3]}}"}
{"op_code":5,"worker_id":"886a8524-492a-498b-8212-3ddf4bcaccb1-140252871579456","trial_id":85,"param_name":"nodes","param_value_internal":2,"distribution":"{\"name\": \"CategoricalDistribution\", \"attributes\": {\"choices\": [16, 32, 64]}}"}
{"op_code":6,"worker_id":"886a8524-492a-498b-8212-3ddf4bcaccb1-140252871579456","trial_id":85,"state":1,"values":[0.6040381583275672],"datetime_complete":"2026-03-30T10:58:26.258482"}
{"op_code":4,"worker_id":"886a8524-492a-498b-8212-3ddf4bcaccb1-140252871579456","study_id":0,"datetime_start":"2026-03-30T10:58:26.292507"}
{"op_code":5,"worker_id":"886a8524-492a-498b-8212-3ddf4bcaccb1-140252871579456","trial_id":86,"param_name":"lr","param_value_internal":0.00011278808092143221,"distribution":"{\"name\": \"FloatDistribution\", \"attributes\": {\"step\": null, \"low\": 0.0001, \"high\": 0.1, \"log\": true}}"}
{"op_code":5,"worker_id":"886a8524-492a-498b-8212-3ddf4bcaccb1-140252871579456","trial_id":86,"param_name":"dropout","param_value_internal":0.2374490474680856,"distribution":"{\"name\": \"FloatDistribution\", \"attributes\": {\"step\": null, \"low\": 0.0, \"high\": 0.5, \"log\": false}}"}
{"op_code":5,"worker_id":"886a8524-492a-498b-8212-3ddf4bcaccb1-140252871579456","trial_id":86,"param_name":"layers","param_value_internal":1,"distribution":"{\"name\": \"CategoricalDistribution\", \"attributes\": {\"choices\": [1, 2, 3]}}"}
{"op_code":5,"worker_id":"886a8524-492a-498b-8212-3ddf4bcaccb1-140252871579456","trial_id":86,"param_name":"nodes","param_value_internal":2,"distribution":"{\"name\": \"CategoricalDistribution\", \"attributes\": {\"choices\": [16, 32, 64]}}"}
{"op_code":6,"worker_id":"886a8524-492a-498b-8212-3ddf4bcaccb1-140252871579456","trial_id":86,"state":1,"values":[0.5730339500221191],"datetime_complete":"2026-03-30T10:58:32.427448"}
{"op_code":4,"worker_id":"886a8524-492a-498b-8212-3ddf4bcaccb1-140252871579456","study_id":0,"datetime_start":"2026-03-30T10:58:32.449440"}
{"op_code":5,"worker_id":"886a8524-492a-498b-8212-3ddf4bcaccb1-140252871579456","trial_id":87,"param_name":"lr","param_value_internal":0.001002171006198098,"distribution":"{\"name\": \"FloatDistribution\", \"attributes\": {\"step\": null, \"low\": 0.0001, \"high\": 0.1, \"log\": true}}"}
{"op_code":5,"worker_id":"886a8524-492a-498b-8212-3ddf4bcaccb1-140252871579456","trial_id":87,"param_name":"dropout","param_value_internal":0.2745558206152651,"distribution":"{\"name\": \"FloatDistribution\", \"attributes\": {\"step\": null, \"low\": 0.0, \"high\": 0.5, \"log\": false}}"}
{"op_code":5,"worker_id":"886a8524-492a-498b-8212-3ddf4bcaccb1-140252871579456","trial_id":87,"param_name":"layers","param_value_internal":0,"distribution":"{\"name\": \"CategoricalDistribution\", \"attributes\": {\"choices\": [1, 2, 3]}}"}
{"op_code":5,"worker_id":"886a8524-492a-498b-8212-3ddf4bcaccb1-140252871579456","trial_id":87,"param_name":"nodes","param_value_internal":0,"distribution":"{\"name\": \"CategoricalDistribution\", \"attributes\": {\"choices\": [16, 32, 64]}}"}
{"op_code":6,"worker_id":"886a8524-492a-498b-8212-3ddf4bcaccb1-140252871579456","trial_id":87,"state":1,"values":[0.5870381923569914],"datetime_complete":"2026-03-30T10:58:36.971065"}
{"op_code":4,"worker_id":"886a8524-492a-498b-8212-3ddf4bcaccb1-140252871579456","study_id":0,"datetime_start":"2026-03-30T10:58:36.998474"}
{"op_code":5,"worker_id":"886a8524-492a-498b-8212-3ddf4bcaccb1-140252871579456","trial_id":88,"param_name":"lr","param_value_internal":0.0004944529737684484,"distribution":"{\"name\": \"FloatDistribution\", \"attributes\": {\"step\": null, \"low\": 0.0001, \"high\": 0.1, \"log\": true}}"}
{"op_code":5,"worker_id":"886a8524-492a-498b-8212-3ddf4bcaccb1-140252871579456","trial_id":88,"param_name":"dropout","param_value_internal":0.10846193320644819,"distribution":"{\"name\": \"FloatDistribution\", \"attributes\": {\"step\": null, \"low\": 0.0, \"high\": 0.5, \"log\": false}}"}
{"op_code":5,"worker_id":"886a8524-492a-498b-8212-3ddf4bcaccb1-140252871579456","trial_id":88,"param_name":"layers","param_value_internal":1,"distribution":"{\"name\": \"CategoricalDistribution\", \"attributes\": {\"choices\": [1, 2, 3]}}"}
{"op_code":5,"worker_id":"886a8524-492a-498b-8212-3ddf4bcaccb1-140252871579456","trial_id":88,"param_name":"nodes","param_value_internal":2,"distribution":"{\"name\": \"CategoricalDistribution\", \"attributes\": {\"choices\": [16, 32, 64]}}"}
{"op_code":6,"worker_id":"886a8524-492a-498b-8212-3ddf4bcaccb1-140252871579456","trial_id":88,"state":1,"values":[0.592954207738291],"datetime_complete":"2026-03-30T10:58:43.099042"}
{"op_code":4,"worker_id":"886a8524-492a-498b-8212-3ddf4bcaccb1-140252871579456","study_id":0,"datetime_start":"2026-03-30T10:58:43.121500"}
{"op_code":5,"worker_id":"886a8524-492a-498b-8212-3ddf4bcaccb1-140252871579456","trial_id":89,"param_name":"lr","param_value_internal":0.0016277584393634087,"distribution":"{\"name\": \"FloatDistribution\", \"attributes\": {\"step\": null, \"low\": 0.0001, \"high\": 0.1, \"log\": true}}"}
{"op_code":5,"worker_id":"886a8524-492a-498b-8212-3ddf4bcaccb1-140252871579456","trial_id":89,"param_name":"dropout","param_value_internal":0.20819726403809466,"distribution":"{\"name\": \"FloatDistribution\", \"attributes\": {\"step\": null, \"low\": 0.0, \"high\": 0.5, \"log\": false}}"}
{"op_code":5,"worker_id":"886a8524-492a-498b-8212-3ddf4bcaccb1-140252871579456","trial_id":89,"param_name":"layers","param_value_internal":1,"distribution":"{\"name\": \"CategoricalDistribution\", \"attributes\": {\"choices\": [1, 2, 3]}}"}
{"op_code":5,"worker_id":"886a8524-492a-498b-8212-3ddf4bcaccb1-140252871579456","trial_id":89,"param_name":"nodes","param_value_internal":2,"distribution":"{\"name\": \"CategoricalDistribution\", \"attributes\": {\"choices\": [16, 32, 64]}}"}
{"op_code":6,"worker_id":"886a8524-492a-498b-8212-3ddf4bcaccb1-140252871579456","trial_id":89,"state":1,"values":[0.6033156002223256],"datetime_complete":"2026-03-30T10:58:49.393598"}
{"op_code":4,"worker_id":"886a8524-492a-498b-8212-3ddf4bcaccb1-140252871579456","study_id":0,"datetime_start":"2026-03-30T10:58:49.414078"}
{"op_code":5,"worker_id":"886a8524-492a-498b-8212-3ddf4bcaccb1-140252871579456","trial_id":90,"param_name":"lr","param_value_internal":0.0036774324562038312,"distribution":"{\"name\": \"FloatDistribution\", \"attributes\": {\"step\": null, \"low\": 0.0001, \"high\": 0.1, \"log\": true}}"}
{"op_code":5,"worker_id":"886a8524-492a-498b-8212-3ddf4bcaccb1-140252871579456","trial_id":90,"param_name":"dropout","param_value_internal":0.1726012766866262,"distribution":"{\"name\": \"FloatDistribution\", \"attributes\": {\"step\": null, \"low\": 0.0, \"high\": 0.5, \"log\": false}}"}
{"op_code":5,"worker_id":"886a8524-492a-498b-8212-3ddf4bcaccb1-140252871579456","trial_id":90,"param_name":"layers","param_value_internal":1,"distribution":"{\"name\": \"CategoricalDistribution\", \"attributes\": {\"choices\": [1, 2, 3]}}"}
{"op_code":5,"worker_id":"886a8524-492a-498b-8212-3ddf4bcaccb1-140252871579456","trial_id":90,"param_name":"nodes","param_value_internal":2,"distribution":"{\"name\": \"CategoricalDistribution\", \"attributes\": {\"choices\": [16, 32, 64]}}"}
{"op_code":6,"worker_id":"886a8524-492a-498b-8212-3ddf4bcaccb1-140252871579456","trial_id":90,"state":1,"values":[0.6044794065268435],"datetime_complete":"2026-03-30T10:58:55.786973"}
{"op_code":4,"worker_id":"886a8524-492a-498b-8212-3ddf4bcaccb1-140252871579456","study_id":0,"datetime_start":"2026-03-30T10:58:55.880931"}
{"op_code":5,"worker_id":"886a8524-492a-498b-8212-3ddf4bcaccb1-140252871579456","trial_id":91,"param_name":"lr","param_value_internal":0.0012969113082529624,"distribution":"{\"name\": \"FloatDistribution\", \"attributes\": {\"step\": null, \"low\": 0.0001, \"high\": 0.1, \"log\": true}}"}
{"op_code":5,"worker_id":"886a8524-492a-498b-8212-3ddf4bcaccb1-140252871579456","trial_id":91,"param_name":"dropout","param_value_internal":0.07205958428436697,"distribution":"{\"name\": \"FloatDistribution\", \"attributes\": {\"step\": null, \"low\": 0.0, \"high\": 0.5, \"log\": false}}"}
{"op_code":5,"worker_id":"886a8524-492a-498b-8212-3ddf4bcaccb1-140252871579456","trial_id":91,"param_name":"layers","param_value_internal":1,"distribution":"{\"name\": \"CategoricalDistribution\", \"attributes\": {\"choices\": [1, 2, 3]}}"}
{"op_code":5,"worker_id":"886a8524-492a-498b-8212-3ddf4bcaccb1-140252871579456","trial_id":91,"param_name":"nodes","param_value_internal":1,"distribution":"{\"name\": \"CategoricalDistribution\", \"attributes\": {\"choices\": [16, 32, 64]}}"}
{"op_code":6,"worker_id":"886a8524-492a-498b-8212-3ddf4bcaccb1-140252871579456","trial_id":91,"state":1,"values":[0.5972039156524008],"datetime_complete":"2026-03-30T10:59:02.227196"}
{"op_code":4,"worker_id":"886a8524-492a-498b-8212-3ddf4bcaccb1-140252871579456","study_id":0,"datetime_start":"2026-03-30T10:59:02.247991"}
{"op_code":5,"worker_id":"886a8524-492a-498b-8212-3ddf4bcaccb1-140252871579456","trial_id":92,"param_name":"lr","param_value_internal":0.013355951398870207,"distribution":"{\"name\": \"FloatDistribution\", \"attributes\": {\"step\": null, \"low\": 0.0001, \"high\": 0.1, \"log\": true}}"}
{"op_code":5,"worker_id":"886a8524-492a-498b-8212-3ddf4bcaccb1-140252871579456","trial_id":92,"param_name":"dropout","param_value_internal":0.15744285140464695,"distribution":"{\"name\": \"FloatDistribution\", \"attributes\": {\"step\": null, \"low\": 0.0, \"high\": 0.5, \"log\": false}}"}
{"op_code":5,"worker_id":"886a8524-492a-498b-8212-3ddf4bcaccb1-140252871579456","trial_id":92,"param_name":"layers","param_value_internal":1,"distribution":"{\"name\": \"CategoricalDistribution\", \"attributes\": {\"choices\": [1, 2, 3]}}"}
{"op_code":5,"worker_id":"886a8524-492a-498b-8212-3ddf4bcaccb1-140252871579456","trial_id":92,"param_name":"nodes","param_value_internal":2,"distribution":"{\"name\": \"CategoricalDistribution\", \"attributes\": {\"choices\": [16, 32, 64]}}"}
{"op_code":6,"worker_id":"886a8524-492a-498b-8212-3ddf4bcaccb1-140252871579456","trial_id":92,"state":1,"values":[0.6044385712179131],"datetime_complete":"2026-03-30T10:59:08.301930"}
{"op_code":4,"worker_id":"886a8524-492a-498b-8212-3ddf4bcaccb1-140252871579456","study_id":0,"datetime_start":"2026-03-30T10:59:08.333185"}
{"op_code":5,"worker_id":"886a8524-492a-498b-8212-3ddf4bcaccb1-140252871579456","trial_id":93,"param_name":"lr","param_value_internal":0.002298695491134925,"distribution":"{\"name\": \"FloatDistribution\", \"attributes\": {\"step\": null, \"low\": 0.0001, \"high\": 0.1, \"log\": true}}"}
{"op_code":5,"worker_id":"886a8524-492a-498b-8212-3ddf4bcaccb1-140252871579456","trial_id":93,"param_name":"dropout","param_value_internal":0.1306415772763456,"distribution":"{\"name\": \"FloatDistribution\", \"attributes\": {\"step\": null, \"low\": 0.0, \"high\": 0.5, \"log\": false}}"}
{"op_code":5,"worker_id":"886a8524-492a-498b-8212-3ddf4bcaccb1-140252871579456","trial_id":93,"param_name":"layers","param_value_internal":1,"distribution":"{\"name\": \"CategoricalDistribution\", \"attributes\": {\"choices\": [1, 2, 3]}}"}
{"op_code":5,"worker_id":"886a8524-492a-498b-8212-3ddf4bcaccb1-140252871579456","trial_id":93,"param_name":"nodes","param_value_internal":0,"distribution":"{\"name\": \"CategoricalDistribution\", \"attributes\": {\"choices\": [16, 32, 64]}}"}
{"op_code":6,"worker_id":"886a8524-492a-498b-8212-3ddf4bcaccb1-140252871579456","trial_id":93,"state":1,"values":[0.5993761272246736],"datetime_complete":"2026-03-30T10:59:14.342145"}
{"op_code":4,"worker_id":"886a8524-492a-498b-8212-3ddf4bcaccb1-140252871579456","study_id":0,"datetime_start":"2026-03-30T10:59:14.369831"}
{"op_code":5,"worker_id":"886a8524-492a-498b-8212-3ddf4bcaccb1-140252871579456","trial_id":94,"param_name":"lr","param_value_internal":0.000799093088711444,"distribution":"{\"name\": \"FloatDistribution\", \"attributes\": {\"step\": null, \"low\": 0.0001, \"high\": 0.1, \"log\": true}}"}
{"op_code":5,"worker_id":"886a8524-492a-498b-8212-3ddf4bcaccb1-140252871579456","trial_id":94,"param_name":"dropout","param_value_internal":0.05811994894167665,"distribution":"{\"name\": \"FloatDistribution\", \"attributes\": {\"step\": null, \"low\": 0.0, \"high\": 0.5, \"log\": false}}"}
{"op_code":5,"worker_id":"886a8524-492a-498b-8212-3ddf4bcaccb1-140252871579456","trial_id":94,"param_name":"layers","param_value_internal":1,"distribution":"{\"name\": \"CategoricalDistribution\", \"attributes\": {\"choices\": [1, 2, 3]}}"}
{"op_code":5,"worker_id":"886a8524-492a-498b-8212-3ddf4bcaccb1-140252871579456","trial_id":94,"param_name":"nodes","param_value_internal":2,"distribution":"{\"name\": \"CategoricalDistribution\", \"attributes\": {\"choices\": [16, 32, 64]}}"}
{"op_code":6,"worker_id":"886a8524-492a-498b-8212-3ddf4bcaccb1-140252871579456","trial_id":94,"state":1,"values":[0.5987777765174287],"datetime_complete":"2026-03-30T10:59:20.454447"}
{"op_code":4,"worker_id":"886a8524-492a-498b-8212-3ddf4bcaccb1-140252871579456","study_id":0,"datetime_start":"2026-03-30T10:59:20.476818"}
{"op_code":5,"worker_id":"886a8524-492a-498b-8212-3ddf4bcaccb1-140252871579456","trial_id":95,"param_name":"lr","param_value_internal":0.0029494864575803025,"distribution":"{\"name\": \"FloatDistribution\", \"attributes\": {\"step\": null, \"low\": 0.0001, \"high\": 0.1, \"log\": true}}"}
{"op_code":5,"worker_id":"886a8524-492a-498b-8212-3ddf4bcaccb1-140252871579456","trial_id":95,"param_name":"dropout","param_value_internal":0.0913944994260602,"distribution":"{\"name\": \"FloatDistribution\", \"attributes\": {\"step\": null, \"low\": 0.0, \"high\": 0.5, \"log\": false}}"}
{"op_code":5,"worker_id":"886a8524-492a-498b-8212-3ddf4bcaccb1-140252871579456","trial_id":95,"param_name":"layers","param_value_internal":1,"distribution":"{\"name\": \"CategoricalDistribution\", \"attributes\": {\"choices\": [1, 2, 3]}}"}
{"op_code":5,"worker_id":"886a8524-492a-498b-8212-3ddf4bcaccb1-140252871579456","trial_id":95,"param_name":"nodes","param_value_internal":1,"distribution":"{\"name\": \"CategoricalDistribution\", \"attributes\": {\"choices\": [16, 32, 64]}}"}
{"op_code":6,"worker_id":"886a8524-492a-498b-8212-3ddf4bcaccb1-140252871579456","trial_id":95,"state":1,"values":[0.6031114236776733],"datetime_complete":"2026-03-30T10:59:26.560349"}
{"op_code":4,"worker_id":"886a8524-492a-498b-8212-3ddf4bcaccb1-140252871579456","study_id":0,"datetime_start":"2026-03-30T10:59:26.587296"}
{"op_code":5,"worker_id":"886a8524-492a-498b-8212-3ddf4bcaccb1-140252871579456","trial_id":96,"param_name":"lr","param_value_internal":0.034342637146465106,"distribution":"{\"name\": \"FloatDistribution\", \"attributes\": {\"step\": null, \"low\": 0.0001, \"high\": 0.1, \"log\": true}}"}
{"op_code":5,"worker_id":"886a8524-492a-498b-8212-3ddf4bcaccb1-140252871579456","trial_id":96,"param_name":"dropout","param_value_internal":0.04349980892556549,"distribution":"{\"name\": \"FloatDistribution\", \"attributes\": {\"step\": null, \"low\": 0.0, \"high\": 0.5, \"log\": false}}"}
{"op_code":5,"worker_id":"886a8524-492a-498b-8212-3ddf4bcaccb1-140252871579456","trial_id":96,"param_name":"layers","param_value_internal":2,"distribution":"{\"name\": \"CategoricalDistribution\", \"attributes\": {\"choices\": [1, 2, 3]}}"}
{"op_code":5,"worker_id":"886a8524-492a-498b-8212-3ddf4bcaccb1-140252871579456","trial_id":96,"param_name":"nodes","param_value_internal":2,"distribution":"{\"name\": \"CategoricalDistribution\", \"attributes\": {\"choices\": [16, 32, 64]}}"}
{"op_code":6,"worker_id":"886a8524-492a-498b-8212-3ddf4bcaccb1-140252871579456","trial_id":96,"state":1,"values":[0.5987896868158668],"datetime_complete":"2026-03-30T10:59:33.564133"}
{"op_code":4,"worker_id":"886a8524-492a-498b-8212-3ddf4bcaccb1-140252871579456","study_id":0,"datetime_start":"2026-03-30T10:59:33.590466"}
{"op_code":5,"worker_id":"886a8524-492a-498b-8212-3ddf4bcaccb1-140252871579456","trial_id":97,"param_name":"lr","param_value_internal":0.0016384687805243176,"distribution":"{\"name\": \"FloatDistribution\", \"attributes\": {\"step\": null, \"low\": 0.0001, \"high\": 0.1, \"log\": true}}"}
{"op_code":5,"worker_id":"886a8524-492a-498b-8212-3ddf4bcaccb1-140252871579456","trial_id":97,"param_name":"dropout","param_value_internal":0.02446729406159716,"distribution":"{\"name\": \"FloatDistribution\", \"attributes\": {\"step\": null, \"low\": 0.0, \"high\": 0.5, \"log\": false}}"}
{"op_code":5,"worker_id":"886a8524-492a-498b-8212-3ddf4bcaccb1-140252871579456","trial_id":97,"param_name":"layers","param_value_internal":1,"distribution":"{\"name\": \"CategoricalDistribution\", \"attributes\": {\"choices\": [1, 2, 3]}}"}
{"op_code":5,"worker_id":"886a8524-492a-498b-8212-3ddf4bcaccb1-140252871579456","trial_id":97,"param_name":"nodes","param_value_internal":2,"distribution":"{\"name\": \"CategoricalDistribution\", \"attributes\": {\"choices\": [16, 32, 64]}}"}
{"op_code":6,"worker_id":"886a8524-492a-498b-8212-3ddf4bcaccb1-140252871579456","trial_id":97,"state":1,"values":[0.5980478453702969],"datetime_complete":"2026-03-30T10:59:39.486392"}
{"op_code":4,"worker_id":"886a8524-492a-498b-8212-3ddf4bcaccb1-140252871579456","study_id":0,"datetime_start":"2026-03-30T10:59:39.507398"}
{"op_code":5,"worker_id":"886a8524-492a-498b-8212-3ddf4bcaccb1-140252871579456","trial_id":98,"param_name":"lr","param_value_internal":0.0021159757059437496,"distribution":"{\"name\": \"FloatDistribution\", \"attributes\": {\"step\": null, \"low\": 0.0001, \"high\": 0.1, \"log\": true}}"}
{"op_code":5,"worker_id":"886a8524-492a-498b-8212-3ddf4bcaccb1-140252871579456","trial_id":98,"param_name":"dropout","param_value_internal":0.07923276822215838,"distribution":"{\"name\": \"FloatDistribution\", \"attributes\": {\"step\": null, \"low\": 0.0, \"high\": 0.5, \"log\": false}}"}
{"op_code":5,"worker_id":"886a8524-492a-498b-8212-3ddf4bcaccb1-140252871579456","trial_id":98,"param_name":"layers","param_value_internal":1,"distribution":"{\"name\": \"CategoricalDistribution\", \"attributes\": {\"choices\": [1, 2, 3]}}"}
{"op_code":5,"worker_id":"886a8524-492a-498b-8212-3ddf4bcaccb1-140252871579456","trial_id":98,"param_name":"nodes","param_value_internal":2,"distribution":"{\"name\": \"CategoricalDistribution\", \"attributes\": {\"choices\": [16, 32, 64]}}"}
{"op_code":6,"worker_id":"886a8524-492a-498b-8212-3ddf4bcaccb1-140252871579456","trial_id":98,"state":1,"values":[0.6014695039644279],"datetime_complete":"2026-03-30T10:59:45.674772"}
{"op_code":4,"worker_id":"886a8524-492a-498b-8212-3ddf4bcaccb1-140252871579456","study_id":0,"datetime_start":"2026-03-30T10:59:45.704196"}
{"op_code":5,"worker_id":"886a8524-492a-498b-8212-3ddf4bcaccb1-140252871579456","trial_id":99,"param_name":"lr","param_value_internal":0.011246848333289802,"distribution":"{\"name\": \"FloatDistribution\", \"attributes\": {\"step\": null, \"low\": 0.0001, \"high\": 0.1, \"log\": true}}"}
{"op_code":5,"worker_id":"886a8524-492a-498b-8212-3ddf4bcaccb1-140252871579456","trial_id":99,"param_name":"dropout","param_value_internal":0.11563819701083392,"distribution":"{\"name\": \"FloatDistribution\", \"attributes\": {\"step\": null, \"low\": 0.0, \"high\": 0.5, \"log\": false}}"}
{"op_code":5,"worker_id":"886a8524-492a-498b-8212-3ddf4bcaccb1-140252871579456","trial_id":99,"param_name":"layers","param_value_internal":1,"distribution":"{\"name\": \"CategoricalDistribution\", \"attributes\": {\"choices\": [1, 2, 3]}}"}
{"op_code":5,"worker_id":"886a8524-492a-498b-8212-3ddf4bcaccb1-140252871579456","trial_id":99,"param_name":"nodes","param_value_internal":0,"distribution":"{\"name\": \"CategoricalDistribution\", \"attributes\": {\"choices\": [16, 32, 64]}}"}
{"op_code":6,"worker_id":"886a8524-492a-498b-8212-3ddf4bcaccb1-140252871579456","trial_id":99,"state":1,"values":[0.5982605292709763],"datetime_complete":"2026-03-30T10:59:51.750371"}
