{"op_code":0,"worker_id":"65e0dd0f-1be5-4405-9fb1-9bad920a6d3b-140164324837184","study_name":"gbsa_tuning","directions":[2]}
{"op_code":4,"worker_id":"65e0dd0f-1be5-4405-9fb1-9bad920a6d3b-140164324837184","study_id":0,"datetime_start":"2026-03-31T00:08:49.670462"}
{"op_code":5,"worker_id":"65e0dd0f-1be5-4405-9fb1-9bad920a6d3b-140164324837184","trial_id":0,"param_name":"learning_rate","param_value_internal":0.07730377291466586,"distribution":"{\"name\": \"FloatDistribution\", \"attributes\": {\"step\": null, \"low\": 0.01, \"high\": 0.2, \"log\": true}}"}
{"op_code":5,"worker_id":"65e0dd0f-1be5-4405-9fb1-9bad920a6d3b-140164324837184","trial_id":0,"param_name":"n_estimators","param_value_internal":97.0,"distribution":"{\"name\": \"IntDistribution\", \"attributes\": {\"log\": false, \"step\": 1, \"low\": 50, \"high\": 200}}"}
{"op_code":5,"worker_id":"65e0dd0f-1be5-4405-9fb1-9bad920a6d3b-140164324837184","trial_id":0,"param_name":"max_depth","param_value_internal":3.0,"distribution":"{\"name\": \"IntDistribution\", \"attributes\": {\"log\": false, \"step\": 1, \"low\": 2, \"high\": 5}}"}
{"op_code":0,"worker_id":"e2dd025f-9efa-4eb4-8c4e-310f0a969ae9-140090333984576","study_name":"gbsa_tuning","directions":[2]}
{"op_code":4,"worker_id":"e2dd025f-9efa-4eb4-8c4e-310f0a969ae9-140090333984576","study_id":0,"datetime_start":"2026-03-31T00:09:02.514065"}
{"op_code":5,"worker_id":"e2dd025f-9efa-4eb4-8c4e-310f0a969ae9-140090333984576","trial_id":1,"param_name":"learning_rate","param_value_internal":0.17092367782295104,"distribution":"{\"name\": \"FloatDistribution\", \"attributes\": {\"step\": null, \"low\": 0.01, \"high\": 0.2, \"log\": true}}"}
{"op_code":5,"worker_id":"e2dd025f-9efa-4eb4-8c4e-310f0a969ae9-140090333984576","trial_id":1,"param_name":"n_estimators","param_value_internal":143.0,"distribution":"{\"name\": \"IntDistribution\", \"attributes\": {\"log\": false, \"step\": 1, \"low\": 50, \"high\": 200}}"}
{"op_code":5,"worker_id":"e2dd025f-9efa-4eb4-8c4e-310f0a969ae9-140090333984576","trial_id":1,"param_name":"max_depth","param_value_internal":3.0,"distribution":"{\"name\": \"IntDistribution\", \"attributes\": {\"log\": false, \"step\": 1, \"low\": 2, \"high\": 5}}"}
{"op_code":6,"worker_id":"65e0dd0f-1be5-4405-9fb1-9bad920a6d3b-140164324837184","trial_id":0,"state":1,"values":[0.6204857904849301],"datetime_complete":"2026-03-31T00:09:30.208433"}
{"op_code":4,"worker_id":"65e0dd0f-1be5-4405-9fb1-9bad920a6d3b-140164324837184","study_id":0,"datetime_start":"2026-03-31T00:09:30.232511"}
{"op_code":5,"worker_id":"65e0dd0f-1be5-4405-9fb1-9bad920a6d3b-140164324837184","trial_id":2,"param_name":"learning_rate","param_value_internal":0.025014315027207395,"distribution":"{\"name\": \"FloatDistribution\", \"attributes\": {\"step\": null, \"low\": 0.01, \"high\": 0.2, \"log\": true}}"}
{"op_code":5,"worker_id":"65e0dd0f-1be5-4405-9fb1-9bad920a6d3b-140164324837184","trial_id":2,"param_name":"n_estimators","param_value_internal":174.0,"distribution":"{\"name\": \"IntDistribution\", \"attributes\": {\"log\": false, \"step\": 1, \"low\": 50, \"high\": 200}}"}
{"op_code":5,"worker_id":"65e0dd0f-1be5-4405-9fb1-9bad920a6d3b-140164324837184","trial_id":2,"param_name":"max_depth","param_value_internal":2.0,"distribution":"{\"name\": \"IntDistribution\", \"attributes\": {\"log\": false, \"step\": 1, \"low\": 2, \"high\": 5}}"}
{"op_code":6,"worker_id":"e2dd025f-9efa-4eb4-8c4e-310f0a969ae9-140090333984576","trial_id":1,"state":1,"values":[0.6236391270683376],"datetime_complete":"2026-03-31T00:10:02.608935"}
{"op_code":4,"worker_id":"e2dd025f-9efa-4eb4-8c4e-310f0a969ae9-140090333984576","study_id":0,"datetime_start":"2026-03-31T00:10:02.627430"}
{"op_code":5,"worker_id":"e2dd025f-9efa-4eb4-8c4e-310f0a969ae9-140090333984576","trial_id":3,"param_name":"learning_rate","param_value_internal":0.07264188686880231,"distribution":"{\"name\": \"FloatDistribution\", \"attributes\": {\"step\": null, \"low\": 0.01, \"high\": 0.2, \"log\": true}}"}
{"op_code":5,"worker_id":"e2dd025f-9efa-4eb4-8c4e-310f0a969ae9-140090333984576","trial_id":3,"param_name":"n_estimators","param_value_internal":195.0,"distribution":"{\"name\": \"IntDistribution\", \"attributes\": {\"log\": false, \"step\": 1, \"low\": 50, \"high\": 200}}"}
{"op_code":5,"worker_id":"e2dd025f-9efa-4eb4-8c4e-310f0a969ae9-140090333984576","trial_id":3,"param_name":"max_depth","param_value_internal":2.0,"distribution":"{\"name\": \"IntDistribution\", \"attributes\": {\"log\": false, \"step\": 1, \"low\": 2, \"high\": 5}}"}
{"op_code":6,"worker_id":"65e0dd0f-1be5-4405-9fb1-9bad920a6d3b-140164324837184","trial_id":2,"state":1,"values":[0.6089845430300249],"datetime_complete":"2026-03-31T00:10:41.834399"}
{"op_code":4,"worker_id":"65e0dd0f-1be5-4405-9fb1-9bad920a6d3b-140164324837184","study_id":0,"datetime_start":"2026-03-31T00:10:41.858708"}
{"op_code":5,"worker_id":"65e0dd0f-1be5-4405-9fb1-9bad920a6d3b-140164324837184","trial_id":4,"param_name":"learning_rate","param_value_internal":0.09280399400237391,"distribution":"{\"name\": \"FloatDistribution\", \"attributes\": {\"step\": null, \"low\": 0.01, \"high\": 0.2, \"log\": true}}"}
{"op_code":5,"worker_id":"65e0dd0f-1be5-4405-9fb1-9bad920a6d3b-140164324837184","trial_id":4,"param_name":"n_estimators","param_value_internal":105.0,"distribution":"{\"name\": \"IntDistribution\", \"attributes\": {\"log\": false, \"step\": 1, \"low\": 50, \"high\": 200}}"}
{"op_code":5,"worker_id":"65e0dd0f-1be5-4405-9fb1-9bad920a6d3b-140164324837184","trial_id":4,"param_name":"max_depth","param_value_internal":5.0,"distribution":"{\"name\": \"IntDistribution\", \"attributes\": {\"log\": false, \"step\": 1, \"low\": 2, \"high\": 5}}"}
{"op_code":6,"worker_id":"e2dd025f-9efa-4eb4-8c4e-310f0a969ae9-140090333984576","trial_id":3,"state":1,"values":[0.6199403515815434],"datetime_complete":"2026-03-31T00:11:23.833253"}
{"op_code":4,"worker_id":"e2dd025f-9efa-4eb4-8c4e-310f0a969ae9-140090333984576","study_id":0,"datetime_start":"2026-03-31T00:11:23.864330"}
{"op_code":5,"worker_id":"e2dd025f-9efa-4eb4-8c4e-310f0a969ae9-140090333984576","trial_id":5,"param_name":"learning_rate","param_value_internal":0.06101745757604573,"distribution":"{\"name\": \"FloatDistribution\", \"attributes\": {\"step\": null, \"low\": 0.01, \"high\": 0.2, \"log\": true}}"}
{"op_code":5,"worker_id":"e2dd025f-9efa-4eb4-8c4e-310f0a969ae9-140090333984576","trial_id":5,"param_name":"n_estimators","param_value_internal":168.0,"distribution":"{\"name\": \"IntDistribution\", \"attributes\": {\"log\": false, \"step\": 1, \"low\": 50, \"high\": 200}}"}
{"op_code":5,"worker_id":"e2dd025f-9efa-4eb4-8c4e-310f0a969ae9-140090333984576","trial_id":5,"param_name":"max_depth","param_value_internal":4.0,"distribution":"{\"name\": \"IntDistribution\", \"attributes\": {\"log\": false, \"step\": 1, \"low\": 2, \"high\": 5}}"}
{"op_code":6,"worker_id":"65e0dd0f-1be5-4405-9fb1-9bad920a6d3b-140164324837184","trial_id":4,"state":1,"values":[0.6186567634997563],"datetime_complete":"2026-03-31T00:11:25.964347"}
{"op_code":4,"worker_id":"65e0dd0f-1be5-4405-9fb1-9bad920a6d3b-140164324837184","study_id":0,"datetime_start":"2026-03-31T00:11:25.985330"}
{"op_code":5,"worker_id":"65e0dd0f-1be5-4405-9fb1-9bad920a6d3b-140164324837184","trial_id":6,"param_name":"learning_rate","param_value_internal":0.010742890745977337,"distribution":"{\"name\": \"FloatDistribution\", \"attributes\": {\"step\": null, \"low\": 0.01, \"high\": 0.2, \"log\": true}}"}
{"op_code":5,"worker_id":"65e0dd0f-1be5-4405-9fb1-9bad920a6d3b-140164324837184","trial_id":6,"param_name":"n_estimators","param_value_internal":169.0,"distribution":"{\"name\": \"IntDistribution\", \"attributes\": {\"log\": false, \"step\": 1, \"low\": 50, \"high\": 200}}"}
{"op_code":5,"worker_id":"65e0dd0f-1be5-4405-9fb1-9bad920a6d3b-140164324837184","trial_id":6,"param_name":"max_depth","param_value_internal":4.0,"distribution":"{\"name\": \"IntDistribution\", \"attributes\": {\"log\": false, \"step\": 1, \"low\": 2, \"high\": 5}}"}
{"op_code":6,"worker_id":"e2dd025f-9efa-4eb4-8c4e-310f0a969ae9-140090333984576","trial_id":5,"state":1,"values":[0.623166528060566],"datetime_complete":"2026-03-31T00:12:34.731838"}
{"op_code":4,"worker_id":"e2dd025f-9efa-4eb4-8c4e-310f0a969ae9-140090333984576","study_id":0,"datetime_start":"2026-03-31T00:12:34.760016"}
{"op_code":5,"worker_id":"e2dd025f-9efa-4eb4-8c4e-310f0a969ae9-140090333984576","trial_id":7,"param_name":"learning_rate","param_value_internal":0.017396481920485308,"distribution":"{\"name\": \"FloatDistribution\", \"attributes\": {\"step\": null, \"low\": 0.01, \"high\": 0.2, \"log\": true}}"}
{"op_code":5,"worker_id":"e2dd025f-9efa-4eb4-8c4e-310f0a969ae9-140090333984576","trial_id":7,"param_name":"n_estimators","param_value_internal":155.0,"distribution":"{\"name\": \"IntDistribution\", \"attributes\": {\"log\": false, \"step\": 1, \"low\": 50, \"high\": 200}}"}
{"op_code":5,"worker_id":"e2dd025f-9efa-4eb4-8c4e-310f0a969ae9-140090333984576","trial_id":7,"param_name":"max_depth","param_value_internal":2.0,"distribution":"{\"name\": \"IntDistribution\", \"attributes\": {\"log\": false, \"step\": 1, \"low\": 2, \"high\": 5}}"}
{"op_code":6,"worker_id":"65e0dd0f-1be5-4405-9fb1-9bad920a6d3b-140164324837184","trial_id":6,"state":1,"values":[0.610691979008345],"datetime_complete":"2026-03-31T00:12:36.196712"}
{"op_code":4,"worker_id":"65e0dd0f-1be5-4405-9fb1-9bad920a6d3b-140164324837184","study_id":0,"datetime_start":"2026-03-31T00:12:36.221451"}
{"op_code":5,"worker_id":"65e0dd0f-1be5-4405-9fb1-9bad920a6d3b-140164324837184","trial_id":8,"param_name":"learning_rate","param_value_internal":0.10322817729326982,"distribution":"{\"name\": \"FloatDistribution\", \"attributes\": {\"step\": null, \"low\": 0.01, \"high\": 0.2, \"log\": true}}"}
{"op_code":5,"worker_id":"65e0dd0f-1be5-4405-9fb1-9bad920a6d3b-140164324837184","trial_id":8,"param_name":"n_estimators","param_value_internal":170.0,"distribution":"{\"name\": \"IntDistribution\", \"attributes\": {\"log\": false, \"step\": 1, \"low\": 50, \"high\": 200}}"}
{"op_code":5,"worker_id":"65e0dd0f-1be5-4405-9fb1-9bad920a6d3b-140164324837184","trial_id":8,"param_name":"max_depth","param_value_internal":4.0,"distribution":"{\"name\": \"IntDistribution\", \"attributes\": {\"log\": false, \"step\": 1, \"low\": 2, \"high\": 5}}"}
{"op_code":6,"worker_id":"e2dd025f-9efa-4eb4-8c4e-310f0a969ae9-140090333984576","trial_id":7,"state":1,"values":[0.6070385133778785],"datetime_complete":"2026-03-31T00:13:39.575725"}
{"op_code":4,"worker_id":"e2dd025f-9efa-4eb4-8c4e-310f0a969ae9-140090333984576","study_id":0,"datetime_start":"2026-03-31T00:13:39.596140"}
{"op_code":5,"worker_id":"e2dd025f-9efa-4eb4-8c4e-310f0a969ae9-140090333984576","trial_id":9,"param_name":"learning_rate","param_value_internal":0.11284613200673727,"distribution":"{\"name\": \"FloatDistribution\", \"attributes\": {\"step\": null, \"low\": 0.01, \"high\": 0.2, \"log\": true}}"}
{"op_code":5,"worker_id":"e2dd025f-9efa-4eb4-8c4e-310f0a969ae9-140090333984576","trial_id":9,"param_name":"n_estimators","param_value_internal":54.0,"distribution":"{\"name\": \"IntDistribution\", \"attributes\": {\"log\": false, \"step\": 1, \"low\": 50, \"high\": 200}}"}
{"op_code":5,"worker_id":"e2dd025f-9efa-4eb4-8c4e-310f0a969ae9-140090333984576","trial_id":9,"param_name":"max_depth","param_value_internal":5.0,"distribution":"{\"name\": \"IntDistribution\", \"attributes\": {\"log\": false, \"step\": 1, \"low\": 2, \"high\": 5}}"}
{"op_code":6,"worker_id":"65e0dd0f-1be5-4405-9fb1-9bad920a6d3b-140164324837184","trial_id":8,"state":1,"values":[0.6240222534484242],"datetime_complete":"2026-03-31T00:13:47.111144"}
{"op_code":4,"worker_id":"65e0dd0f-1be5-4405-9fb1-9bad920a6d3b-140164324837184","study_id":0,"datetime_start":"2026-03-31T00:13:47.133704"}
{"op_code":5,"worker_id":"65e0dd0f-1be5-4405-9fb1-9bad920a6d3b-140164324837184","trial_id":10,"param_name":"learning_rate","param_value_internal":0.08650909171720587,"distribution":"{\"name\": \"FloatDistribution\", \"attributes\": {\"step\": null, \"low\": 0.01, \"high\": 0.2, \"log\": true}}"}
{"op_code":5,"worker_id":"65e0dd0f-1be5-4405-9fb1-9bad920a6d3b-140164324837184","trial_id":10,"param_name":"n_estimators","param_value_internal":170.0,"distribution":"{\"name\": \"IntDistribution\", \"attributes\": {\"log\": false, \"step\": 1, \"low\": 50, \"high\": 200}}"}
{"op_code":5,"worker_id":"65e0dd0f-1be5-4405-9fb1-9bad920a6d3b-140164324837184","trial_id":10,"param_name":"max_depth","param_value_internal":3.0,"distribution":"{\"name\": \"IntDistribution\", \"attributes\": {\"log\": false, \"step\": 1, \"low\": 2, \"high\": 5}}"}
{"op_code":6,"worker_id":"e2dd025f-9efa-4eb4-8c4e-310f0a969ae9-140090333984576","trial_id":9,"state":1,"values":[0.6196908606004989],"datetime_complete":"2026-03-31T00:14:02.463306"}
{"op_code":4,"worker_id":"e2dd025f-9efa-4eb4-8c4e-310f0a969ae9-140090333984576","study_id":0,"datetime_start":"2026-03-31T00:14:02.483969"}
{"op_code":5,"worker_id":"e2dd025f-9efa-4eb4-8c4e-310f0a969ae9-140090333984576","trial_id":11,"param_name":"learning_rate","param_value_internal":0.03757668228758809,"distribution":"{\"name\": \"FloatDistribution\", \"attributes\": {\"step\": null, \"low\": 0.01, \"high\": 0.2, \"log\": true}}"}
{"op_code":5,"worker_id":"e2dd025f-9efa-4eb4-8c4e-310f0a969ae9-140090333984576","trial_id":11,"param_name":"n_estimators","param_value_internal":121.0,"distribution":"{\"name\": \"IntDistribution\", \"attributes\": {\"log\": false, \"step\": 1, \"low\": 50, \"high\": 200}}"}
{"op_code":5,"worker_id":"e2dd025f-9efa-4eb4-8c4e-310f0a969ae9-140090333984576","trial_id":11,"param_name":"max_depth","param_value_internal":4.0,"distribution":"{\"name\": \"IntDistribution\", \"attributes\": {\"log\": false, \"step\": 1, \"low\": 2, \"high\": 5}}"}
{"op_code":6,"worker_id":"e2dd025f-9efa-4eb4-8c4e-310f0a969ae9-140090333984576","trial_id":11,"state":1,"values":[0.6177597430529667],"datetime_complete":"2026-03-31T00:14:53.294758"}
{"op_code":4,"worker_id":"e2dd025f-9efa-4eb4-8c4e-310f0a969ae9-140090333984576","study_id":0,"datetime_start":"2026-03-31T00:14:53.321639"}
{"op_code":5,"worker_id":"e2dd025f-9efa-4eb4-8c4e-310f0a969ae9-140090333984576","trial_id":12,"param_name":"learning_rate","param_value_internal":0.1781805380703316,"distribution":"{\"name\": \"FloatDistribution\", \"attributes\": {\"step\": null, \"low\": 0.01, \"high\": 0.2, \"log\": true}}"}
{"op_code":5,"worker_id":"e2dd025f-9efa-4eb4-8c4e-310f0a969ae9-140090333984576","trial_id":12,"param_name":"n_estimators","param_value_internal":140.0,"distribution":"{\"name\": \"IntDistribution\", \"attributes\": {\"log\": false, \"step\": 1, \"low\": 50, \"high\": 200}}"}
{"op_code":5,"worker_id":"e2dd025f-9efa-4eb4-8c4e-310f0a969ae9-140090333984576","trial_id":12,"param_name":"max_depth","param_value_internal":3.0,"distribution":"{\"name\": \"IntDistribution\", \"attributes\": {\"log\": false, \"step\": 1, \"low\": 2, \"high\": 5}}"}
{"op_code":6,"worker_id":"65e0dd0f-1be5-4405-9fb1-9bad920a6d3b-140164324837184","trial_id":10,"state":1,"values":[0.6221364457572195],"datetime_complete":"2026-03-31T00:14:57.921990"}
{"op_code":4,"worker_id":"65e0dd0f-1be5-4405-9fb1-9bad920a6d3b-140164324837184","study_id":0,"datetime_start":"2026-03-31T00:14:57.955717"}
{"op_code":5,"worker_id":"65e0dd0f-1be5-4405-9fb1-9bad920a6d3b-140164324837184","trial_id":13,"param_name":"learning_rate","param_value_internal":0.1771371364175711,"distribution":"{\"name\": \"FloatDistribution\", \"attributes\": {\"step\": null, \"low\": 0.01, \"high\": 0.2, \"log\": true}}"}
{"op_code":5,"worker_id":"65e0dd0f-1be5-4405-9fb1-9bad920a6d3b-140164324837184","trial_id":13,"param_name":"n_estimators","param_value_internal":139.0,"distribution":"{\"name\": \"IntDistribution\", \"attributes\": {\"log\": false, \"step\": 1, \"low\": 50, \"high\": 200}}"}
{"op_code":5,"worker_id":"65e0dd0f-1be5-4405-9fb1-9bad920a6d3b-140164324837184","trial_id":13,"param_name":"max_depth","param_value_internal":3.0,"distribution":"{\"name\": \"IntDistribution\", \"attributes\": {\"log\": false, \"step\": 1, \"low\": 2, \"high\": 5}}"}
{"op_code":6,"worker_id":"e2dd025f-9efa-4eb4-8c4e-310f0a969ae9-140090333984576","trial_id":12,"state":1,"values":[0.6208476957930659],"datetime_complete":"2026-03-31T00:15:51.920604"}
{"op_code":4,"worker_id":"e2dd025f-9efa-4eb4-8c4e-310f0a969ae9-140090333984576","study_id":0,"datetime_start":"2026-03-31T00:15:51.954159"}
{"op_code":5,"worker_id":"e2dd025f-9efa-4eb4-8c4e-310f0a969ae9-140090333984576","trial_id":14,"param_name":"learning_rate","param_value_internal":0.19033969716109742,"distribution":"{\"name\": \"FloatDistribution\", \"attributes\": {\"step\": null, \"low\": 0.01, \"high\": 0.2, \"log\": true}}"}
{"op_code":5,"worker_id":"e2dd025f-9efa-4eb4-8c4e-310f0a969ae9-140090333984576","trial_id":14,"param_name":"n_estimators","param_value_internal":135.0,"distribution":"{\"name\": \"IntDistribution\", \"attributes\": {\"log\": false, \"step\": 1, \"low\": 50, \"high\": 200}}"}
{"op_code":5,"worker_id":"e2dd025f-9efa-4eb4-8c4e-310f0a969ae9-140090333984576","trial_id":14,"param_name":"max_depth","param_value_internal":4.0,"distribution":"{\"name\": \"IntDistribution\", \"attributes\": {\"log\": false, \"step\": 1, \"low\": 2, \"high\": 5}}"}
{"op_code":6,"worker_id":"65e0dd0f-1be5-4405-9fb1-9bad920a6d3b-140164324837184","trial_id":13,"state":1,"values":[0.6181354133807462],"datetime_complete":"2026-03-31T00:15:55.497117"}
{"op_code":4,"worker_id":"65e0dd0f-1be5-4405-9fb1-9bad920a6d3b-140164324837184","study_id":0,"datetime_start":"2026-03-31T00:15:55.517174"}
{"op_code":5,"worker_id":"65e0dd0f-1be5-4405-9fb1-9bad920a6d3b-140164324837184","trial_id":15,"param_name":"learning_rate","param_value_internal":0.13142098585366446,"distribution":"{\"name\": \"FloatDistribution\", \"attributes\": {\"step\": null, \"low\": 0.01, \"high\": 0.2, \"log\": true}}"}
{"op_code":5,"worker_id":"65e0dd0f-1be5-4405-9fb1-9bad920a6d3b-140164324837184","trial_id":15,"param_name":"n_estimators","param_value_internal":187.0,"distribution":"{\"name\": \"IntDistribution\", \"attributes\": {\"log\": false, \"step\": 1, \"low\": 50, \"high\": 200}}"}
{"op_code":5,"worker_id":"65e0dd0f-1be5-4405-9fb1-9bad920a6d3b-140164324837184","trial_id":15,"param_name":"max_depth","param_value_internal":4.0,"distribution":"{\"name\": \"IntDistribution\", \"attributes\": {\"log\": false, \"step\": 1, \"low\": 2, \"high\": 5}}"}
{"op_code":6,"worker_id":"e2dd025f-9efa-4eb4-8c4e-310f0a969ae9-140090333984576","trial_id":14,"state":1,"values":[0.6224794241633449],"datetime_complete":"2026-03-31T00:16:48.474551"}
{"op_code":4,"worker_id":"e2dd025f-9efa-4eb4-8c4e-310f0a969ae9-140090333984576","study_id":0,"datetime_start":"2026-03-31T00:16:57.076077"}
{"op_code":5,"worker_id":"e2dd025f-9efa-4eb4-8c4e-310f0a969ae9-140090333984576","trial_id":16,"param_name":"learning_rate","param_value_internal":0.12712954154529305,"distribution":"{\"name\": \"FloatDistribution\", \"attributes\": {\"step\": null, \"low\": 0.01, \"high\": 0.2, \"log\": true}}"}
{"op_code":5,"worker_id":"e2dd025f-9efa-4eb4-8c4e-310f0a969ae9-140090333984576","trial_id":16,"param_name":"n_estimators","param_value_internal":187.0,"distribution":"{\"name\": \"IntDistribution\", \"attributes\": {\"log\": false, \"step\": 1, \"low\": 50, \"high\": 200}}"}
{"op_code":5,"worker_id":"e2dd025f-9efa-4eb4-8c4e-310f0a969ae9-140090333984576","trial_id":16,"param_name":"max_depth","param_value_internal":5.0,"distribution":"{\"name\": \"IntDistribution\", \"attributes\": {\"log\": false, \"step\": 1, \"low\": 2, \"high\": 5}}"}
{"op_code":6,"worker_id":"65e0dd0f-1be5-4405-9fb1-9bad920a6d3b-140164324837184","trial_id":15,"state":1,"values":[0.6202311376215193],"datetime_complete":"2026-03-31T00:17:13.690691"}
{"op_code":4,"worker_id":"65e0dd0f-1be5-4405-9fb1-9bad920a6d3b-140164324837184","study_id":0,"datetime_start":"2026-03-31T00:17:17.083209"}
{"op_code":5,"worker_id":"65e0dd0f-1be5-4405-9fb1-9bad920a6d3b-140164324837184","trial_id":17,"param_name":"learning_rate","param_value_internal":0.046111959064593214,"distribution":"{\"name\": \"FloatDistribution\", \"attributes\": {\"step\": null, \"low\": 0.01, \"high\": 0.2, \"log\": true}}"}
{"op_code":5,"worker_id":"65e0dd0f-1be5-4405-9fb1-9bad920a6d3b-140164324837184","trial_id":17,"param_name":"n_estimators","param_value_internal":83.0,"distribution":"{\"name\": \"IntDistribution\", \"attributes\": {\"log\": false, \"step\": 1, \"low\": 50, \"high\": 200}}"}
{"op_code":5,"worker_id":"65e0dd0f-1be5-4405-9fb1-9bad920a6d3b-140164324837184","trial_id":17,"param_name":"max_depth","param_value_internal":5.0,"distribution":"{\"name\": \"IntDistribution\", \"attributes\": {\"log\": false, \"step\": 1, \"low\": 2, \"high\": 5}}"}
{"op_code":6,"worker_id":"65e0dd0f-1be5-4405-9fb1-9bad920a6d3b-140164324837184","trial_id":17,"state":1,"values":[0.6192710275013622],"datetime_complete":"2026-03-31T00:17:52.909241"}
{"op_code":4,"worker_id":"65e0dd0f-1be5-4405-9fb1-9bad920a6d3b-140164324837184","study_id":0,"datetime_start":"2026-03-31T00:17:52.927284"}
{"op_code":5,"worker_id":"65e0dd0f-1be5-4405-9fb1-9bad920a6d3b-140164324837184","trial_id":18,"param_name":"learning_rate","param_value_internal":0.13105327920041784,"distribution":"{\"name\": \"FloatDistribution\", \"attributes\": {\"step\": null, \"low\": 0.01, \"high\": 0.2, \"log\": true}}"}
{"op_code":5,"worker_id":"65e0dd0f-1be5-4405-9fb1-9bad920a6d3b-140164324837184","trial_id":18,"param_name":"n_estimators","param_value_internal":151.0,"distribution":"{\"name\": \"IntDistribution\", \"attributes\": {\"log\": false, \"step\": 1, \"low\": 50, \"high\": 200}}"}
{"op_code":5,"worker_id":"65e0dd0f-1be5-4405-9fb1-9bad920a6d3b-140164324837184","trial_id":18,"param_name":"max_depth","param_value_internal":3.0,"distribution":"{\"name\": \"IntDistribution\", \"attributes\": {\"log\": false, \"step\": 1, \"low\": 2, \"high\": 5}}"}
{"op_code":6,"worker_id":"e2dd025f-9efa-4eb4-8c4e-310f0a969ae9-140090333984576","trial_id":16,"state":1,"values":[0.6130354736027072],"datetime_complete":"2026-03-31T00:18:24.537553"}
{"op_code":4,"worker_id":"e2dd025f-9efa-4eb4-8c4e-310f0a969ae9-140090333984576","study_id":0,"datetime_start":"2026-03-31T00:18:24.554297"}
{"op_code":5,"worker_id":"e2dd025f-9efa-4eb4-8c4e-310f0a969ae9-140090333984576","trial_id":19,"param_name":"learning_rate","param_value_internal":0.04416234531627212,"distribution":"{\"name\": \"FloatDistribution\", \"attributes\": {\"step\": null, \"low\": 0.01, \"high\": 0.2, \"log\": true}}"}
{"op_code":5,"worker_id":"e2dd025f-9efa-4eb4-8c4e-310f0a969ae9-140090333984576","trial_id":19,"param_name":"n_estimators","param_value_internal":152.0,"distribution":"{\"name\": \"IntDistribution\", \"attributes\": {\"log\": false, \"step\": 1, \"low\": 50, \"high\": 200}}"}
{"op_code":5,"worker_id":"e2dd025f-9efa-4eb4-8c4e-310f0a969ae9-140090333984576","trial_id":19,"param_name":"max_depth","param_value_internal":3.0,"distribution":"{\"name\": \"IntDistribution\", \"attributes\": {\"log\": false, \"step\": 1, \"low\": 2, \"high\": 5}}"}
{"op_code":6,"worker_id":"65e0dd0f-1be5-4405-9fb1-9bad920a6d3b-140164324837184","trial_id":18,"state":1,"values":[0.6206394998709529],"datetime_complete":"2026-03-31T00:18:55.483940"}
{"op_code":4,"worker_id":"65e0dd0f-1be5-4405-9fb1-9bad920a6d3b-140164324837184","study_id":0,"datetime_start":"2026-03-31T00:18:55.499983"}
{"op_code":5,"worker_id":"65e0dd0f-1be5-4405-9fb1-9bad920a6d3b-140164324837184","trial_id":20,"param_name":"learning_rate","param_value_internal":0.04740858813766366,"distribution":"{\"name\": \"FloatDistribution\", \"attributes\": {\"step\": null, \"low\": 0.01, \"high\": 0.2, \"log\": true}}"}
{"op_code":5,"worker_id":"65e0dd0f-1be5-4405-9fb1-9bad920a6d3b-140164324837184","trial_id":20,"param_name":"n_estimators","param_value_internal":121.0,"distribution":"{\"name\": \"IntDistribution\", \"attributes\": {\"log\": false, \"step\": 1, \"low\": 50, \"high\": 200}}"}
{"op_code":5,"worker_id":"65e0dd0f-1be5-4405-9fb1-9bad920a6d3b-140164324837184","trial_id":20,"param_name":"max_depth","param_value_internal":3.0,"distribution":"{\"name\": \"IntDistribution\", \"attributes\": {\"log\": false, \"step\": 1, \"low\": 2, \"high\": 5}}"}
{"op_code":6,"worker_id":"e2dd025f-9efa-4eb4-8c4e-310f0a969ae9-140090333984576","trial_id":19,"state":1,"values":[0.6208046801066789],"datetime_complete":"2026-03-31T00:19:28.269864"}
{"op_code":4,"worker_id":"e2dd025f-9efa-4eb4-8c4e-310f0a969ae9-140090333984576","study_id":0,"datetime_start":"2026-03-31T00:19:28.287065"}
{"op_code":5,"worker_id":"e2dd025f-9efa-4eb4-8c4e-310f0a969ae9-140090333984576","trial_id":21,"param_name":"learning_rate","param_value_internal":0.05438990084362977,"distribution":"{\"name\": \"FloatDistribution\", \"attributes\": {\"step\": null, \"low\": 0.01, \"high\": 0.2, \"log\": true}}"}
{"op_code":5,"worker_id":"e2dd025f-9efa-4eb4-8c4e-310f0a969ae9-140090333984576","trial_id":21,"param_name":"n_estimators","param_value_internal":119.0,"distribution":"{\"name\": \"IntDistribution\", \"attributes\": {\"log\": false, \"step\": 1, \"low\": 50, \"high\": 200}}"}
{"op_code":5,"worker_id":"e2dd025f-9efa-4eb4-8c4e-310f0a969ae9-140090333984576","trial_id":21,"param_name":"max_depth","param_value_internal":4.0,"distribution":"{\"name\": \"IntDistribution\", \"attributes\": {\"log\": false, \"step\": 1, \"low\": 2, \"high\": 5}}"}
{"op_code":6,"worker_id":"65e0dd0f-1be5-4405-9fb1-9bad920a6d3b-140164324837184","trial_id":20,"state":1,"values":[0.6188385764675518],"datetime_complete":"2026-03-31T00:19:45.856025"}
{"op_code":4,"worker_id":"65e0dd0f-1be5-4405-9fb1-9bad920a6d3b-140164324837184","study_id":0,"datetime_start":"2026-03-31T00:19:45.872858"}
{"op_code":5,"worker_id":"65e0dd0f-1be5-4405-9fb1-9bad920a6d3b-140164324837184","trial_id":22,"param_name":"learning_rate","param_value_internal":0.06197073140268012,"distribution":"{\"name\": \"FloatDistribution\", \"attributes\": {\"step\": null, \"low\": 0.01, \"high\": 0.2, \"log\": true}}"}
{"op_code":5,"worker_id":"65e0dd0f-1be5-4405-9fb1-9bad920a6d3b-140164324837184","trial_id":22,"param_name":"n_estimators","param_value_internal":160.0,"distribution":"{\"name\": \"IntDistribution\", \"attributes\": {\"log\": false, \"step\": 1, \"low\": 50, \"high\": 200}}"}
{"op_code":5,"worker_id":"65e0dd0f-1be5-4405-9fb1-9bad920a6d3b-140164324837184","trial_id":22,"param_name":"max_depth","param_value_internal":4.0,"distribution":"{\"name\": \"IntDistribution\", \"attributes\": {\"log\": false, \"step\": 1, \"low\": 2, \"high\": 5}}"}
{"op_code":6,"worker_id":"e2dd025f-9efa-4eb4-8c4e-310f0a969ae9-140090333984576","trial_id":21,"state":1,"values":[0.6206681769952109],"datetime_complete":"2026-03-31T00:20:18.648873"}
{"op_code":4,"worker_id":"e2dd025f-9efa-4eb4-8c4e-310f0a969ae9-140090333984576","study_id":0,"datetime_start":"2026-03-31T00:20:18.681688"}
{"op_code":5,"worker_id":"e2dd025f-9efa-4eb4-8c4e-310f0a969ae9-140090333984576","trial_id":23,"param_name":"learning_rate","param_value_internal":0.060326981245292254,"distribution":"{\"name\": \"FloatDistribution\", \"attributes\": {\"step\": null, \"low\": 0.01, \"high\": 0.2, \"log\": true}}"}
{"op_code":5,"worker_id":"e2dd025f-9efa-4eb4-8c4e-310f0a969ae9-140090333984576","trial_id":23,"param_name":"n_estimators","param_value_internal":162.0,"distribution":"{\"name\": \"IntDistribution\", \"attributes\": {\"log\": false, \"step\": 1, \"low\": 50, \"high\": 200}}"}
{"op_code":5,"worker_id":"e2dd025f-9efa-4eb4-8c4e-310f0a969ae9-140090333984576","trial_id":23,"param_name":"max_depth","param_value_internal":4.0,"distribution":"{\"name\": \"IntDistribution\", \"attributes\": {\"log\": false, \"step\": 1, \"low\": 2, \"high\": 5}}"}
{"op_code":6,"worker_id":"65e0dd0f-1be5-4405-9fb1-9bad920a6d3b-140164324837184","trial_id":22,"state":1,"values":[0.62195864758682],"datetime_complete":"2026-03-31T00:20:52.684522"}
{"op_code":4,"worker_id":"65e0dd0f-1be5-4405-9fb1-9bad920a6d3b-140164324837184","study_id":0,"datetime_start":"2026-03-31T00:20:52.700000"}
{"op_code":5,"worker_id":"65e0dd0f-1be5-4405-9fb1-9bad920a6d3b-140164324837184","trial_id":24,"param_name":"learning_rate","param_value_internal":0.1089367648201307,"distribution":"{\"name\": \"FloatDistribution\", \"attributes\": {\"step\": null, \"low\": 0.01, \"high\": 0.2, \"log\": true}}"}
{"op_code":5,"worker_id":"65e0dd0f-1be5-4405-9fb1-9bad920a6d3b-140164324837184","trial_id":24,"param_name":"n_estimators","param_value_internal":179.0,"distribution":"{\"name\": \"IntDistribution\", \"attributes\": {\"log\": false, \"step\": 1, \"low\": 50, \"high\": 200}}"}
{"op_code":5,"worker_id":"65e0dd0f-1be5-4405-9fb1-9bad920a6d3b-140164324837184","trial_id":24,"param_name":"max_depth","param_value_internal":4.0,"distribution":"{\"name\": \"IntDistribution\", \"attributes\": {\"log\": false, \"step\": 1, \"low\": 2, \"high\": 5}}"}
{"op_code":6,"worker_id":"e2dd025f-9efa-4eb4-8c4e-310f0a969ae9-140090333984576","trial_id":23,"state":1,"values":[0.6203424048636402],"datetime_complete":"2026-03-31T00:21:27.047245"}
{"op_code":4,"worker_id":"e2dd025f-9efa-4eb4-8c4e-310f0a969ae9-140090333984576","study_id":0,"datetime_start":"2026-03-31T00:21:27.060310"}
{"op_code":5,"worker_id":"e2dd025f-9efa-4eb4-8c4e-310f0a969ae9-140090333984576","trial_id":25,"param_name":"learning_rate","param_value_internal":0.032907556243203184,"distribution":"{\"name\": \"FloatDistribution\", \"attributes\": {\"step\": null, \"low\": 0.01, \"high\": 0.2, \"log\": true}}"}
{"op_code":5,"worker_id":"e2dd025f-9efa-4eb4-8c4e-310f0a969ae9-140090333984576","trial_id":25,"param_name":"n_estimators","param_value_internal":184.0,"distribution":"{\"name\": \"IntDistribution\", \"attributes\": {\"log\": false, \"step\": 1, \"low\": 50, \"high\": 200}}"}
{"op_code":5,"worker_id":"e2dd025f-9efa-4eb4-8c4e-310f0a969ae9-140090333984576","trial_id":25,"param_name":"max_depth","param_value_internal":4.0,"distribution":"{\"name\": \"IntDistribution\", \"attributes\": {\"log\": false, \"step\": 1, \"low\": 2, \"high\": 5}}"}
{"op_code":6,"worker_id":"65e0dd0f-1be5-4405-9fb1-9bad920a6d3b-140164324837184","trial_id":24,"state":1,"values":[0.6234395342835021],"datetime_complete":"2026-03-31T00:22:07.518671"}
{"op_code":4,"worker_id":"65e0dd0f-1be5-4405-9fb1-9bad920a6d3b-140164324837184","study_id":0,"datetime_start":"2026-03-31T00:22:07.541239"}
{"op_code":5,"worker_id":"65e0dd0f-1be5-4405-9fb1-9bad920a6d3b-140164324837184","trial_id":26,"param_name":"learning_rate","param_value_internal":0.10545869390570412,"distribution":"{\"name\": \"FloatDistribution\", \"attributes\": {\"step\": null, \"low\": 0.01, \"high\": 0.2, \"log\": true}}"}
{"op_code":5,"worker_id":"65e0dd0f-1be5-4405-9fb1-9bad920a6d3b-140164324837184","trial_id":26,"param_name":"n_estimators","param_value_internal":186.0,"distribution":"{\"name\": \"IntDistribution\", \"attributes\": {\"log\": false, \"step\": 1, \"low\": 50, \"high\": 200}}"}
{"op_code":5,"worker_id":"65e0dd0f-1be5-4405-9fb1-9bad920a6d3b-140164324837184","trial_id":26,"param_name":"max_depth","param_value_internal":4.0,"distribution":"{\"name\": \"IntDistribution\", \"attributes\": {\"log\": false, \"step\": 1, \"low\": 2, \"high\": 5}}"}
{"op_code":6,"worker_id":"e2dd025f-9efa-4eb4-8c4e-310f0a969ae9-140090333984576","trial_id":25,"state":1,"values":[0.6222350950646669],"datetime_complete":"2026-03-31T00:22:44.534851"}
{"op_code":4,"worker_id":"e2dd025f-9efa-4eb4-8c4e-310f0a969ae9-140090333984576","study_id":0,"datetime_start":"2026-03-31T00:22:44.565674"}
{"op_code":5,"worker_id":"e2dd025f-9efa-4eb4-8c4e-310f0a969ae9-140090333984576","trial_id":27,"param_name":"learning_rate","param_value_internal":0.1539249441341171,"distribution":"{\"name\": \"FloatDistribution\", \"attributes\": {\"step\": null, \"low\": 0.01, \"high\": 0.2, \"log\": true}}"}
{"op_code":5,"worker_id":"e2dd025f-9efa-4eb4-8c4e-310f0a969ae9-140090333984576","trial_id":27,"param_name":"n_estimators","param_value_internal":199.0,"distribution":"{\"name\": \"IntDistribution\", \"attributes\": {\"log\": false, \"step\": 1, \"low\": 50, \"high\": 200}}"}
{"op_code":5,"worker_id":"e2dd025f-9efa-4eb4-8c4e-310f0a969ae9-140090333984576","trial_id":27,"param_name":"max_depth","param_value_internal":5.0,"distribution":"{\"name\": \"IntDistribution\", \"attributes\": {\"log\": false, \"step\": 1, \"low\": 2, \"high\": 5}}"}
{"op_code":6,"worker_id":"65e0dd0f-1be5-4405-9fb1-9bad920a6d3b-140164324837184","trial_id":26,"state":1,"values":[0.6216661409193887],"datetime_complete":"2026-03-31T00:23:24.983842"}
{"op_code":4,"worker_id":"65e0dd0f-1be5-4405-9fb1-9bad920a6d3b-140164324837184","study_id":0,"datetime_start":"2026-03-31T00:23:25.007136"}
{"op_code":5,"worker_id":"65e0dd0f-1be5-4405-9fb1-9bad920a6d3b-140164324837184","trial_id":28,"param_name":"learning_rate","param_value_internal":0.15621591299002022,"distribution":"{\"name\": \"FloatDistribution\", \"attributes\": {\"step\": null, \"low\": 0.01, \"high\": 0.2, \"log\": true}}"}
{"op_code":5,"worker_id":"65e0dd0f-1be5-4405-9fb1-9bad920a6d3b-140164324837184","trial_id":28,"param_name":"n_estimators","param_value_internal":144.0,"distribution":"{\"name\": \"IntDistribution\", \"attributes\": {\"log\": false, \"step\": 1, \"low\": 50, \"high\": 200}}"}
{"op_code":5,"worker_id":"65e0dd0f-1be5-4405-9fb1-9bad920a6d3b-140164324837184","trial_id":28,"param_name":"max_depth","param_value_internal":5.0,"distribution":"{\"name\": \"IntDistribution\", \"attributes\": {\"log\": false, \"step\": 1, \"low\": 2, \"high\": 5}}"}
{"op_code":6,"worker_id":"e2dd025f-9efa-4eb4-8c4e-310f0a969ae9-140090333984576","trial_id":27,"state":1,"values":[0.6160362478850621],"datetime_complete":"2026-03-31T00:24:09.103303"}
{"op_code":4,"worker_id":"e2dd025f-9efa-4eb4-8c4e-310f0a969ae9-140090333984576","study_id":0,"datetime_start":"2026-03-31T00:24:09.137252"}
{"op_code":5,"worker_id":"e2dd025f-9efa-4eb4-8c4e-310f0a969ae9-140090333984576","trial_id":29,"param_name":"learning_rate","param_value_internal":0.14756043081527276,"distribution":"{\"name\": \"FloatDistribution\", \"attributes\": {\"step\": null, \"low\": 0.01, \"high\": 0.2, \"log\": true}}"}
{"op_code":5,"worker_id":"e2dd025f-9efa-4eb4-8c4e-310f0a969ae9-140090333984576","trial_id":29,"param_name":"n_estimators","param_value_internal":145.0,"distribution":"{\"name\": \"IntDistribution\", \"attributes\": {\"log\": false, \"step\": 1, \"low\": 50, \"high\": 200}}"}
{"op_code":5,"worker_id":"e2dd025f-9efa-4eb4-8c4e-310f0a969ae9-140090333984576","trial_id":29,"param_name":"max_depth","param_value_internal":3.0,"distribution":"{\"name\": \"IntDistribution\", \"attributes\": {\"log\": false, \"step\": 1, \"low\": 2, \"high\": 5}}"}
{"op_code":6,"worker_id":"65e0dd0f-1be5-4405-9fb1-9bad920a6d3b-140164324837184","trial_id":28,"state":1,"values":[0.6149671646927246],"datetime_complete":"2026-03-31T00:24:25.520472"}
{"op_code":4,"worker_id":"65e0dd0f-1be5-4405-9fb1-9bad920a6d3b-140164324837184","study_id":0,"datetime_start":"2026-03-31T00:24:25.550722"}
{"op_code":5,"worker_id":"65e0dd0f-1be5-4405-9fb1-9bad920a6d3b-140164324837184","trial_id":30,"param_name":"learning_rate","param_value_internal":0.07871082567232413,"distribution":"{\"name\": \"FloatDistribution\", \"attributes\": {\"step\": null, \"low\": 0.01, \"high\": 0.2, \"log\": true}}"}
{"op_code":5,"worker_id":"65e0dd0f-1be5-4405-9fb1-9bad920a6d3b-140164324837184","trial_id":30,"param_name":"n_estimators","param_value_internal":104.0,"distribution":"{\"name\": \"IntDistribution\", \"attributes\": {\"log\": false, \"step\": 1, \"low\": 50, \"high\": 200}}"}
{"op_code":5,"worker_id":"65e0dd0f-1be5-4405-9fb1-9bad920a6d3b-140164324837184","trial_id":30,"param_name":"max_depth","param_value_internal":3.0,"distribution":"{\"name\": \"IntDistribution\", \"attributes\": {\"log\": false, \"step\": 1, \"low\": 2, \"high\": 5}}"}
{"op_code":6,"worker_id":"65e0dd0f-1be5-4405-9fb1-9bad920a6d3b-140164324837184","trial_id":30,"state":1,"values":[0.6205460124458719],"datetime_complete":"2026-03-31T00:25:09.006602"}
{"op_code":4,"worker_id":"65e0dd0f-1be5-4405-9fb1-9bad920a6d3b-140164324837184","study_id":0,"datetime_start":"2026-03-31T00:25:09.045105"}
{"op_code":5,"worker_id":"65e0dd0f-1be5-4405-9fb1-9bad920a6d3b-140164324837184","trial_id":31,"param_name":"learning_rate","param_value_internal":0.09852145998736996,"distribution":"{\"name\": \"FloatDistribution\", \"attributes\": {\"step\": null, \"low\": 0.01, \"high\": 0.2, \"log\": true}}"}
{"op_code":5,"worker_id":"65e0dd0f-1be5-4405-9fb1-9bad920a6d3b-140164324837184","trial_id":31,"param_name":"n_estimators","param_value_internal":177.0,"distribution":"{\"name\": \"IntDistribution\", \"attributes\": {\"log\": false, \"step\": 1, \"low\": 50, \"high\": 200}}"}
{"op_code":5,"worker_id":"65e0dd0f-1be5-4405-9fb1-9bad920a6d3b-140164324837184","trial_id":31,"param_name":"max_depth","param_value_internal":2.0,"distribution":"{\"name\": \"IntDistribution\", \"attributes\": {\"log\": false, \"step\": 1, \"low\": 2, \"high\": 5}}"}
{"op_code":6,"worker_id":"e2dd025f-9efa-4eb4-8c4e-310f0a969ae9-140090333984576","trial_id":29,"state":1,"values":[0.622102606750595],"datetime_complete":"2026-03-31T00:25:09.908739"}
{"op_code":4,"worker_id":"e2dd025f-9efa-4eb4-8c4e-310f0a969ae9-140090333984576","study_id":0,"datetime_start":"2026-03-31T00:25:09.957749"}
{"op_code":5,"worker_id":"e2dd025f-9efa-4eb4-8c4e-310f0a969ae9-140090333984576","trial_id":32,"param_name":"learning_rate","param_value_internal":0.10091344521864205,"distribution":"{\"name\": \"FloatDistribution\", \"attributes\": {\"step\": null, \"low\": 0.01, \"high\": 0.2, \"log\": true}}"}
{"op_code":5,"worker_id":"e2dd025f-9efa-4eb4-8c4e-310f0a969ae9-140090333984576","trial_id":32,"param_name":"n_estimators","param_value_internal":176.0,"distribution":"{\"name\": \"IntDistribution\", \"attributes\": {\"log\": false, \"step\": 1, \"low\": 50, \"high\": 200}}"}
{"op_code":5,"worker_id":"e2dd025f-9efa-4eb4-8c4e-310f0a969ae9-140090333984576","trial_id":32,"param_name":"max_depth","param_value_internal":4.0,"distribution":"{\"name\": \"IntDistribution\", \"attributes\": {\"log\": false, \"step\": 1, \"low\": 2, \"high\": 5}}"}
{"op_code":6,"worker_id":"65e0dd0f-1be5-4405-9fb1-9bad920a6d3b-140164324837184","trial_id":31,"state":1,"values":[0.6210685096498523],"datetime_complete":"2026-03-31T00:26:22.803473"}
{"op_code":4,"worker_id":"65e0dd0f-1be5-4405-9fb1-9bad920a6d3b-140164324837184","study_id":0,"datetime_start":"2026-03-31T00:26:23.113299"}
{"op_code":5,"worker_id":"65e0dd0f-1be5-4405-9fb1-9bad920a6d3b-140164324837184","trial_id":33,"param_name":"learning_rate","param_value_internal":0.0662918405262513,"distribution":"{\"name\": \"FloatDistribution\", \"attributes\": {\"step\": null, \"low\": 0.01, \"high\": 0.2, \"log\": true}}"}
{"op_code":5,"worker_id":"65e0dd0f-1be5-4405-9fb1-9bad920a6d3b-140164324837184","trial_id":33,"param_name":"n_estimators","param_value_internal":164.0,"distribution":"{\"name\": \"IntDistribution\", \"attributes\": {\"log\": false, \"step\": 1, \"low\": 50, \"high\": 200}}"}
{"op_code":5,"worker_id":"65e0dd0f-1be5-4405-9fb1-9bad920a6d3b-140164324837184","trial_id":33,"param_name":"max_depth","param_value_internal":4.0,"distribution":"{\"name\": \"IntDistribution\", \"attributes\": {\"log\": false, \"step\": 1, \"low\": 2, \"high\": 5}}"}
{"op_code":6,"worker_id":"e2dd025f-9efa-4eb4-8c4e-310f0a969ae9-140090333984576","trial_id":32,"state":1,"values":[0.6240687103897221],"datetime_complete":"2026-03-31T00:26:23.785293"}
{"op_code":4,"worker_id":"e2dd025f-9efa-4eb4-8c4e-310f0a969ae9-140090333984576","study_id":0,"datetime_start":"2026-03-31T00:26:24.124907"}
{"op_code":5,"worker_id":"e2dd025f-9efa-4eb4-8c4e-310f0a969ae9-140090333984576","trial_id":34,"param_name":"learning_rate","param_value_internal":0.11559907075574401,"distribution":"{\"name\": \"FloatDistribution\", \"attributes\": {\"step\": null, \"low\": 0.01, \"high\": 0.2, \"log\": true}}"}
{"op_code":5,"worker_id":"e2dd025f-9efa-4eb4-8c4e-310f0a969ae9-140090333984576","trial_id":34,"param_name":"n_estimators","param_value_internal":176.0,"distribution":"{\"name\": \"IntDistribution\", \"attributes\": {\"log\": false, \"step\": 1, \"low\": 50, \"high\": 200}}"}
{"op_code":5,"worker_id":"e2dd025f-9efa-4eb4-8c4e-310f0a969ae9-140090333984576","trial_id":34,"param_name":"max_depth","param_value_internal":4.0,"distribution":"{\"name\": \"IntDistribution\", \"attributes\": {\"log\": false, \"step\": 1, \"low\": 2, \"high\": 5}}"}
{"op_code":6,"worker_id":"65e0dd0f-1be5-4405-9fb1-9bad920a6d3b-140164324837184","trial_id":33,"state":1,"values":[0.6203280663015113],"datetime_complete":"2026-03-31T00:27:31.340023"}
{"op_code":6,"worker_id":"e2dd025f-9efa-4eb4-8c4e-310f0a969ae9-140090333984576","trial_id":34,"state":1,"values":[0.6179363941383959],"datetime_complete":"2026-03-31T00:27:42.522469"}
{"op_code":4,"worker_id":"65e0dd0f-1be5-4405-9fb1-9bad920a6d3b-140164324837184","study_id":0,"datetime_start":"2026-03-31T00:27:42.784264"}
{"op_code":4,"worker_id":"e2dd025f-9efa-4eb4-8c4e-310f0a969ae9-140090333984576","study_id":0,"datetime_start":"2026-03-31T00:27:42.785762"}
{"op_code":5,"worker_id":"65e0dd0f-1be5-4405-9fb1-9bad920a6d3b-140164324837184","trial_id":35,"param_name":"learning_rate","param_value_internal":0.0816282295642428,"distribution":"{\"name\": \"FloatDistribution\", \"attributes\": {\"step\": null, \"low\": 0.01, \"high\": 0.2, \"log\": true}}"}
{"op_code":5,"worker_id":"e2dd025f-9efa-4eb4-8c4e-310f0a969ae9-140090333984576","trial_id":36,"param_name":"learning_rate","param_value_internal":0.08073699967388619,"distribution":"{\"name\": \"FloatDistribution\", \"attributes\": {\"step\": null, \"low\": 0.01, \"high\": 0.2, \"log\": true}}"}
{"op_code":5,"worker_id":"e2dd025f-9efa-4eb4-8c4e-310f0a969ae9-140090333984576","trial_id":36,"param_name":"n_estimators","param_value_internal":195.0,"distribution":"{\"name\": \"IntDistribution\", \"attributes\": {\"log\": false, \"step\": 1, \"low\": 50, \"high\": 200}}"}
{"op_code":5,"worker_id":"65e0dd0f-1be5-4405-9fb1-9bad920a6d3b-140164324837184","trial_id":35,"param_name":"n_estimators","param_value_internal":130.0,"distribution":"{\"name\": \"IntDistribution\", \"attributes\": {\"log\": false, \"step\": 1, \"low\": 50, \"high\": 200}}"}
{"op_code":5,"worker_id":"e2dd025f-9efa-4eb4-8c4e-310f0a969ae9-140090333984576","trial_id":36,"param_name":"max_depth","param_value_internal":4.0,"distribution":"{\"name\": \"IntDistribution\", \"attributes\": {\"log\": false, \"step\": 1, \"low\": 2, \"high\": 5}}"}
{"op_code":5,"worker_id":"65e0dd0f-1be5-4405-9fb1-9bad920a6d3b-140164324837184","trial_id":35,"param_name":"max_depth","param_value_internal":4.0,"distribution":"{\"name\": \"IntDistribution\", \"attributes\": {\"log\": false, \"step\": 1, \"low\": 2, \"high\": 5}}"}
{"op_code":6,"worker_id":"65e0dd0f-1be5-4405-9fb1-9bad920a6d3b-140164324837184","trial_id":35,"state":1,"values":[0.6200005735424852],"datetime_complete":"2026-03-31T00:28:37.262604"}
{"op_code":4,"worker_id":"65e0dd0f-1be5-4405-9fb1-9bad920a6d3b-140164324837184","study_id":0,"datetime_start":"2026-03-31T00:28:37.285142"}
{"op_code":5,"worker_id":"65e0dd0f-1be5-4405-9fb1-9bad920a6d3b-140164324837184","trial_id":37,"param_name":"learning_rate","param_value_internal":0.19906502554837463,"distribution":"{\"name\": \"FloatDistribution\", \"attributes\": {\"step\": null, \"low\": 0.01, \"high\": 0.2, \"log\": true}}"}
{"op_code":5,"worker_id":"65e0dd0f-1be5-4405-9fb1-9bad920a6d3b-140164324837184","trial_id":37,"param_name":"n_estimators","param_value_internal":193.0,"distribution":"{\"name\": \"IntDistribution\", \"attributes\": {\"log\": false, \"step\": 1, \"low\": 50, \"high\": 200}}"}
{"op_code":5,"worker_id":"65e0dd0f-1be5-4405-9fb1-9bad920a6d3b-140164324837184","trial_id":37,"param_name":"max_depth","param_value_internal":3.0,"distribution":"{\"name\": \"IntDistribution\", \"attributes\": {\"log\": false, \"step\": 1, \"low\": 2, \"high\": 5}}"}
{"op_code":6,"worker_id":"e2dd025f-9efa-4eb4-8c4e-310f0a969ae9-140090333984576","trial_id":36,"state":1,"values":[0.6215571678472083],"datetime_complete":"2026-03-31T00:29:06.039761"}
{"op_code":4,"worker_id":"e2dd025f-9efa-4eb4-8c4e-310f0a969ae9-140090333984576","study_id":0,"datetime_start":"2026-03-31T00:29:06.057031"}
{"op_code":5,"worker_id":"e2dd025f-9efa-4eb4-8c4e-310f0a969ae9-140090333984576","trial_id":38,"param_name":"learning_rate","param_value_internal":0.09393149603484532,"distribution":"{\"name\": \"FloatDistribution\", \"attributes\": {\"step\": null, \"low\": 0.01, \"high\": 0.2, \"log\": true}}"}
{"op_code":5,"worker_id":"e2dd025f-9efa-4eb4-8c4e-310f0a969ae9-140090333984576","trial_id":38,"param_name":"n_estimators","param_value_internal":179.0,"distribution":"{\"name\": \"IntDistribution\", \"attributes\": {\"log\": false, \"step\": 1, \"low\": 50, \"high\": 200}}"}
{"op_code":5,"worker_id":"e2dd025f-9efa-4eb4-8c4e-310f0a969ae9-140090333984576","trial_id":38,"param_name":"max_depth","param_value_internal":2.0,"distribution":"{\"name\": \"IntDistribution\", \"attributes\": {\"log\": false, \"step\": 1, \"low\": 2, \"high\": 5}}"}
{"op_code":6,"worker_id":"65e0dd0f-1be5-4405-9fb1-9bad920a6d3b-140164324837184","trial_id":37,"state":1,"values":[0.6225528376014453],"datetime_complete":"2026-03-31T00:29:57.345597"}
{"op_code":6,"worker_id":"e2dd025f-9efa-4eb4-8c4e-310f0a969ae9-140090333984576","trial_id":38,"state":1,"values":[0.6209945226692667],"datetime_complete":"2026-03-31T00:30:20.718996"}
{"op_code":4,"worker_id":"e2dd025f-9efa-4eb4-8c4e-310f0a969ae9-140090333984576","study_id":0,"datetime_start":"2026-03-31T00:30:20.734012"}
{"op_code":5,"worker_id":"e2dd025f-9efa-4eb4-8c4e-310f0a969ae9-140090333984576","trial_id":39,"param_name":"learning_rate","param_value_internal":0.010808541420512525,"distribution":"{\"name\": \"FloatDistribution\", \"attributes\": {\"step\": null, \"low\": 0.01, \"high\": 0.2, \"log\": true}}"}
{"op_code":5,"worker_id":"e2dd025f-9efa-4eb4-8c4e-310f0a969ae9-140090333984576","trial_id":39,"param_name":"n_estimators","param_value_internal":156.0,"distribution":"{\"name\": \"IntDistribution\", \"attributes\": {\"log\": false, \"step\": 1, \"low\": 50, \"high\": 200}}"}
{"op_code":5,"worker_id":"e2dd025f-9efa-4eb4-8c4e-310f0a969ae9-140090333984576","trial_id":39,"param_name":"max_depth","param_value_internal":4.0,"distribution":"{\"name\": \"IntDistribution\", \"attributes\": {\"log\": false, \"step\": 1, \"low\": 2, \"high\": 5}}"}
{"op_code":6,"worker_id":"e2dd025f-9efa-4eb4-8c4e-310f0a969ae9-140090333984576","trial_id":39,"state":1,"values":[0.6104837830862321],"datetime_complete":"2026-03-31T00:31:26.715995"}
{"op_code":0,"worker_id":"880c297e-84aa-4004-b7f4-953c1febfe38-140568750122816","study_name":"gbsa_tuning","directions":[2]}
{"op_code":4,"worker_id":"880c297e-84aa-4004-b7f4-953c1febfe38-140568750122816","study_id":0,"datetime_start":"2026-03-31T14:10:18.743832"}
{"op_code":5,"worker_id":"880c297e-84aa-4004-b7f4-953c1febfe38-140568750122816","trial_id":40,"param_name":"learning_rate","param_value_internal":0.11179090354368011,"distribution":"{\"name\": \"FloatDistribution\", \"attributes\": {\"step\": null, \"low\": 0.01, \"high\": 0.2, \"log\": true}}"}
{"op_code":5,"worker_id":"880c297e-84aa-4004-b7f4-953c1febfe38-140568750122816","trial_id":40,"param_name":"n_estimators","param_value_internal":170.0,"distribution":"{\"name\": \"IntDistribution\", \"attributes\": {\"log\": false, \"step\": 1, \"low\": 50, \"high\": 200}}"}
{"op_code":5,"worker_id":"880c297e-84aa-4004-b7f4-953c1febfe38-140568750122816","trial_id":40,"param_name":"max_depth","param_value_internal":3.0,"distribution":"{\"name\": \"IntDistribution\", \"attributes\": {\"log\": false, \"step\": 1, \"low\": 2, \"high\": 5}}"}
{"op_code":6,"worker_id":"880c297e-84aa-4004-b7f4-953c1febfe38-140568750122816","trial_id":40,"state":1,"values":[0.6221547991167445],"datetime_complete":"2026-03-31T14:11:29.856835"}
{"op_code":4,"worker_id":"880c297e-84aa-4004-b7f4-953c1febfe38-140568750122816","study_id":0,"datetime_start":"2026-03-31T14:11:29.883816"}
{"op_code":5,"worker_id":"880c297e-84aa-4004-b7f4-953c1febfe38-140568750122816","trial_id":41,"param_name":"learning_rate","param_value_internal":0.06879786423786521,"distribution":"{\"name\": \"FloatDistribution\", \"attributes\": {\"step\": null, \"low\": 0.01, \"high\": 0.2, \"log\": true}}"}
{"op_code":5,"worker_id":"880c297e-84aa-4004-b7f4-953c1febfe38-140568750122816","trial_id":41,"param_name":"n_estimators","param_value_internal":165.0,"distribution":"{\"name\": \"IntDistribution\", \"attributes\": {\"log\": false, \"step\": 1, \"low\": 50, \"high\": 200}}"}
{"op_code":5,"worker_id":"880c297e-84aa-4004-b7f4-953c1febfe38-140568750122816","trial_id":41,"param_name":"max_depth","param_value_internal":4.0,"distribution":"{\"name\": \"IntDistribution\", \"attributes\": {\"log\": false, \"step\": 1, \"low\": 2, \"high\": 5}}"}
{"op_code":6,"worker_id":"880c297e-84aa-4004-b7f4-953c1febfe38-140568750122816","trial_id":41,"state":1,"values":[0.6198606291761062],"datetime_complete":"2026-03-31T14:12:39.148794"}
{"op_code":4,"worker_id":"880c297e-84aa-4004-b7f4-953c1febfe38-140568750122816","study_id":0,"datetime_start":"2026-03-31T14:12:39.225688"}
{"op_code":5,"worker_id":"880c297e-84aa-4004-b7f4-953c1febfe38-140568750122816","trial_id":42,"param_name":"learning_rate","param_value_internal":0.028636995970206133,"distribution":"{\"name\": \"FloatDistribution\", \"attributes\": {\"step\": null, \"low\": 0.01, \"high\": 0.2, \"log\": true}}"}
{"op_code":5,"worker_id":"880c297e-84aa-4004-b7f4-953c1febfe38-140568750122816","trial_id":42,"param_name":"n_estimators","param_value_internal":176.0,"distribution":"{\"name\": \"IntDistribution\", \"attributes\": {\"log\": false, \"step\": 1, \"low\": 50, \"high\": 200}}"}
{"op_code":5,"worker_id":"880c297e-84aa-4004-b7f4-953c1febfe38-140568750122816","trial_id":42,"param_name":"max_depth","param_value_internal":4.0,"distribution":"{\"name\": \"IntDistribution\", \"attributes\": {\"log\": false, \"step\": 1, \"low\": 2, \"high\": 5}}"}
{"op_code":6,"worker_id":"880c297e-84aa-4004-b7f4-953c1febfe38-140568750122816","trial_id":42,"state":1,"values":[0.619920851137048],"datetime_complete":"2026-03-31T14:13:53.759646"}
{"op_code":4,"worker_id":"880c297e-84aa-4004-b7f4-953c1febfe38-140568750122816","study_id":0,"datetime_start":"2026-03-31T14:13:53.774946"}
{"op_code":5,"worker_id":"880c297e-84aa-4004-b7f4-953c1febfe38-140568750122816","trial_id":43,"param_name":"learning_rate","param_value_internal":0.019604799486748654,"distribution":"{\"name\": \"FloatDistribution\", \"attributes\": {\"step\": null, \"low\": 0.01, \"high\": 0.2, \"log\": true}}"}
{"op_code":5,"worker_id":"880c297e-84aa-4004-b7f4-953c1febfe38-140568750122816","trial_id":43,"param_name":"n_estimators","param_value_internal":51.0,"distribution":"{\"name\": \"IntDistribution\", \"attributes\": {\"log\": false, \"step\": 1, \"low\": 50, \"high\": 200}}"}
{"op_code":5,"worker_id":"880c297e-84aa-4004-b7f4-953c1febfe38-140568750122816","trial_id":43,"param_name":"max_depth","param_value_internal":5.0,"distribution":"{\"name\": \"IntDistribution\", \"attributes\": {\"log\": false, \"step\": 1, \"low\": 2, \"high\": 5}}"}
{"op_code":6,"worker_id":"880c297e-84aa-4004-b7f4-953c1febfe38-140568750122816","trial_id":43,"state":1,"values":[0.6077124257979409],"datetime_complete":"2026-03-31T14:14:15.299038"}
{"op_code":4,"worker_id":"880c297e-84aa-4004-b7f4-953c1febfe38-140568750122816","study_id":0,"datetime_start":"2026-03-31T14:14:15.317970"}
{"op_code":5,"worker_id":"880c297e-84aa-4004-b7f4-953c1febfe38-140568750122816","trial_id":44,"param_name":"learning_rate","param_value_internal":0.09646225590345159,"distribution":"{\"name\": \"FloatDistribution\", \"attributes\": {\"step\": null, \"low\": 0.01, \"high\": 0.2, \"log\": true}}"}
{"op_code":5,"worker_id":"880c297e-84aa-4004-b7f4-953c1febfe38-140568750122816","trial_id":44,"param_name":"n_estimators","param_value_internal":170.0,"distribution":"{\"name\": \"IntDistribution\", \"attributes\": {\"log\": false, \"step\": 1, \"low\": 50, \"high\": 200}}"}
{"op_code":5,"worker_id":"880c297e-84aa-4004-b7f4-953c1febfe38-140568750122816","trial_id":44,"param_name":"max_depth","param_value_internal":4.0,"distribution":"{\"name\": \"IntDistribution\", \"attributes\": {\"log\": false, \"step\": 1, \"low\": 2, \"high\": 5}}"}
{"op_code":6,"worker_id":"880c297e-84aa-4004-b7f4-953c1febfe38-140568750122816","trial_id":44,"state":1,"values":[0.6183751541395429],"datetime_complete":"2026-03-31T14:15:27.025101"}
{"op_code":4,"worker_id":"880c297e-84aa-4004-b7f4-953c1febfe38-140568750122816","study_id":0,"datetime_start":"2026-03-31T14:15:27.049319"}
{"op_code":5,"worker_id":"880c297e-84aa-4004-b7f4-953c1febfe38-140568750122816","trial_id":45,"param_name":"learning_rate","param_value_internal":0.16116291595845172,"distribution":"{\"name\": \"FloatDistribution\", \"attributes\": {\"step\": null, \"low\": 0.01, \"high\": 0.2, \"log\": true}}"}
{"op_code":5,"worker_id":"880c297e-84aa-4004-b7f4-953c1febfe38-140568750122816","trial_id":45,"param_name":"n_estimators","param_value_internal":84.0,"distribution":"{\"name\": \"IntDistribution\", \"attributes\": {\"log\": false, \"step\": 1, \"low\": 50, \"high\": 200}}"}
{"op_code":5,"worker_id":"880c297e-84aa-4004-b7f4-953c1febfe38-140568750122816","trial_id":45,"param_name":"max_depth","param_value_internal":4.0,"distribution":"{\"name\": \"IntDistribution\", \"attributes\": {\"log\": false, \"step\": 1, \"low\": 2, \"high\": 5}}"}
{"op_code":6,"worker_id":"880c297e-84aa-4004-b7f4-953c1febfe38-140568750122816","trial_id":45,"state":1,"values":[0.6227088411574088],"datetime_complete":"2026-03-31T14:16:02.294581"}
{"op_code":4,"worker_id":"880c297e-84aa-4004-b7f4-953c1febfe38-140568750122816","study_id":0,"datetime_start":"2026-03-31T14:16:02.314296"}
{"op_code":5,"worker_id":"880c297e-84aa-4004-b7f4-953c1febfe38-140568750122816","trial_id":46,"param_name":"learning_rate","param_value_internal":0.12500227682735635,"distribution":"{\"name\": \"FloatDistribution\", \"attributes\": {\"step\": null, \"low\": 0.01, \"high\": 0.2, \"log\": true}}"}
{"op_code":5,"worker_id":"880c297e-84aa-4004-b7f4-953c1febfe38-140568750122816","trial_id":46,"param_name":"n_estimators","param_value_internal":158.0,"distribution":"{\"name\": \"IntDistribution\", \"attributes\": {\"log\": false, \"step\": 1, \"low\": 50, \"high\": 200}}"}
{"op_code":5,"worker_id":"880c297e-84aa-4004-b7f4-953c1febfe38-140568750122816","trial_id":46,"param_name":"max_depth","param_value_internal":4.0,"distribution":"{\"name\": \"IntDistribution\", \"attributes\": {\"log\": false, \"step\": 1, \"low\": 2, \"high\": 5}}"}
{"op_code":6,"worker_id":"880c297e-84aa-4004-b7f4-953c1febfe38-140568750122816","trial_id":46,"state":1,"values":[0.617365719365662],"datetime_complete":"2026-03-31T14:17:08.571070"}
{"op_code":4,"worker_id":"880c297e-84aa-4004-b7f4-953c1febfe38-140568750122816","study_id":0,"datetime_start":"2026-03-31T14:17:08.590278"}
{"op_code":5,"worker_id":"880c297e-84aa-4004-b7f4-953c1febfe38-140568750122816","trial_id":47,"param_name":"learning_rate","param_value_internal":0.08846446837369774,"distribution":"{\"name\": \"FloatDistribution\", \"attributes\": {\"step\": null, \"low\": 0.01, \"high\": 0.2, \"log\": true}}"}
{"op_code":5,"worker_id":"880c297e-84aa-4004-b7f4-953c1febfe38-140568750122816","trial_id":47,"param_name":"n_estimators","param_value_internal":149.0,"distribution":"{\"name\": \"IntDistribution\", \"attributes\": {\"log\": false, \"step\": 1, \"low\": 50, \"high\": 200}}"}
{"op_code":5,"worker_id":"880c297e-84aa-4004-b7f4-953c1febfe38-140568750122816","trial_id":47,"param_name":"max_depth","param_value_internal":2.0,"distribution":"{\"name\": \"IntDistribution\", \"attributes\": {\"log\": false, \"step\": 1, \"low\": 2, \"high\": 5}}"}
{"op_code":6,"worker_id":"880c297e-84aa-4004-b7f4-953c1febfe38-140568750122816","trial_id":47,"state":1,"values":[0.6192188351352126],"datetime_complete":"2026-03-31T14:18:10.405219"}
{"op_code":4,"worker_id":"880c297e-84aa-4004-b7f4-953c1febfe38-140568750122816","study_id":0,"datetime_start":"2026-03-31T14:18:41.431147"}
{"op_code":5,"worker_id":"880c297e-84aa-4004-b7f4-953c1febfe38-140568750122816","trial_id":48,"param_name":"learning_rate","param_value_internal":0.1369482686555553,"distribution":"{\"name\": \"FloatDistribution\", \"attributes\": {\"step\": null, \"low\": 0.01, \"high\": 0.2, \"log\": true}}"}
{"op_code":5,"worker_id":"880c297e-84aa-4004-b7f4-953c1febfe38-140568750122816","trial_id":48,"param_name":"n_estimators","param_value_internal":132.0,"distribution":"{\"name\": \"IntDistribution\", \"attributes\": {\"log\": false, \"step\": 1, \"low\": 50, \"high\": 200}}"}
{"op_code":5,"worker_id":"880c297e-84aa-4004-b7f4-953c1febfe38-140568750122816","trial_id":48,"param_name":"max_depth","param_value_internal":3.0,"distribution":"{\"name\": \"IntDistribution\", \"attributes\": {\"log\": false, \"step\": 1, \"low\": 2, \"high\": 5}}"}
{"op_code":6,"worker_id":"880c297e-84aa-4004-b7f4-953c1febfe38-140568750122816","trial_id":48,"state":1,"values":[0.623119497576783],"datetime_complete":"2026-03-31T14:19:37.272041"}
{"op_code":4,"worker_id":"880c297e-84aa-4004-b7f4-953c1febfe38-140568750122816","study_id":0,"datetime_start":"2026-03-31T14:19:37.299574"}
{"op_code":5,"worker_id":"880c297e-84aa-4004-b7f4-953c1febfe38-140568750122816","trial_id":49,"param_name":"learning_rate","param_value_internal":0.05377598919242008,"distribution":"{\"name\": \"FloatDistribution\", \"attributes\": {\"step\": null, \"low\": 0.01, \"high\": 0.2, \"log\": true}}"}
{"op_code":5,"worker_id":"880c297e-84aa-4004-b7f4-953c1febfe38-140568750122816","trial_id":49,"param_name":"n_estimators","param_value_internal":180.0,"distribution":"{\"name\": \"IntDistribution\", \"attributes\": {\"log\": false, \"step\": 1, \"low\": 50, \"high\": 200}}"}
{"op_code":5,"worker_id":"880c297e-84aa-4004-b7f4-953c1febfe38-140568750122816","trial_id":49,"param_name":"max_depth","param_value_internal":5.0,"distribution":"{\"name\": \"IntDistribution\", \"attributes\": {\"log\": false, \"step\": 1, \"low\": 2, \"high\": 5}}"}
{"op_code":6,"worker_id":"880c297e-84aa-4004-b7f4-953c1febfe38-140568750122816","trial_id":49,"state":1,"values":[0.6195893435806258],"datetime_complete":"2026-03-31T14:20:53.190845"}
{"op_code":4,"worker_id":"880c297e-84aa-4004-b7f4-953c1febfe38-140568750122816","study_id":0,"datetime_start":"2026-03-31T14:20:53.241151"}
{"op_code":5,"worker_id":"880c297e-84aa-4004-b7f4-953c1febfe38-140568750122816","trial_id":50,"param_name":"learning_rate","param_value_internal":0.18014336199497694,"distribution":"{\"name\": \"FloatDistribution\", \"attributes\": {\"step\": null, \"low\": 0.01, \"high\": 0.2, \"log\": true}}"}
{"op_code":5,"worker_id":"880c297e-84aa-4004-b7f4-953c1febfe38-140568750122816","trial_id":50,"param_name":"n_estimators","param_value_internal":170.0,"distribution":"{\"name\": \"IntDistribution\", \"attributes\": {\"log\": false, \"step\": 1, \"low\": 50, \"high\": 200}}"}
{"op_code":5,"worker_id":"880c297e-84aa-4004-b7f4-953c1febfe38-140568750122816","trial_id":50,"param_name":"max_depth","param_value_internal":4.0,"distribution":"{\"name\": \"IntDistribution\", \"attributes\": {\"log\": false, \"step\": 1, \"low\": 2, \"high\": 5}}"}
{"op_code":6,"worker_id":"880c297e-84aa-4004-b7f4-953c1febfe38-140568750122816","trial_id":50,"state":1,"values":[0.6184313613030885],"datetime_complete":"2026-03-31T14:22:04.559304"}
{"op_code":4,"worker_id":"880c297e-84aa-4004-b7f4-953c1febfe38-140568750122816","study_id":0,"datetime_start":"2026-03-31T14:22:04.577299"}
{"op_code":5,"worker_id":"880c297e-84aa-4004-b7f4-953c1febfe38-140568750122816","trial_id":51,"param_name":"learning_rate","param_value_internal":0.14198533902400287,"distribution":"{\"name\": \"FloatDistribution\", \"attributes\": {\"step\": null, \"low\": 0.01, \"high\": 0.2, \"log\": true}}"}
{"op_code":5,"worker_id":"880c297e-84aa-4004-b7f4-953c1febfe38-140568750122816","trial_id":51,"param_name":"n_estimators","param_value_internal":114.0,"distribution":"{\"name\": \"IntDistribution\", \"attributes\": {\"log\": false, \"step\": 1, \"low\": 50, \"high\": 200}}"}
{"op_code":5,"worker_id":"880c297e-84aa-4004-b7f4-953c1febfe38-140568750122816","trial_id":51,"param_name":"max_depth","param_value_internal":3.0,"distribution":"{\"name\": \"IntDistribution\", \"attributes\": {\"log\": false, \"step\": 1, \"low\": 2, \"high\": 5}}"}
{"op_code":6,"worker_id":"880c297e-84aa-4004-b7f4-953c1febfe38-140568750122816","trial_id":51,"state":1,"values":[0.6226004416277136],"datetime_complete":"2026-03-31T14:22:52.254921"}
{"op_code":4,"worker_id":"880c297e-84aa-4004-b7f4-953c1febfe38-140568750122816","study_id":0,"datetime_start":"2026-03-31T14:22:52.285796"}
{"op_code":5,"worker_id":"880c297e-84aa-4004-b7f4-953c1febfe38-140568750122816","trial_id":52,"param_name":"learning_rate","param_value_internal":0.11702247851061114,"distribution":"{\"name\": \"FloatDistribution\", \"attributes\": {\"step\": null, \"low\": 0.01, \"high\": 0.2, \"log\": true}}"}
{"op_code":5,"worker_id":"880c297e-84aa-4004-b7f4-953c1febfe38-140568750122816","trial_id":52,"param_name":"n_estimators","param_value_internal":132.0,"distribution":"{\"name\": \"IntDistribution\", \"attributes\": {\"log\": false, \"step\": 1, \"low\": 50, \"high\": 200}}"}
{"op_code":5,"worker_id":"880c297e-84aa-4004-b7f4-953c1febfe38-140568750122816","trial_id":52,"param_name":"max_depth","param_value_internal":3.0,"distribution":"{\"name\": \"IntDistribution\", \"attributes\": {\"log\": false, \"step\": 1, \"low\": 2, \"high\": 5}}"}
{"op_code":6,"worker_id":"880c297e-84aa-4004-b7f4-953c1febfe38-140568750122816","trial_id":52,"state":1,"values":[0.6218101000831636],"datetime_complete":"2026-03-31T14:23:47.441904"}
{"op_code":4,"worker_id":"880c297e-84aa-4004-b7f4-953c1febfe38-140568750122816","study_id":0,"datetime_start":"2026-03-31T14:23:47.470783"}
{"op_code":5,"worker_id":"880c297e-84aa-4004-b7f4-953c1febfe38-140568750122816","trial_id":53,"param_name":"learning_rate","param_value_internal":0.16769679587249808,"distribution":"{\"name\": \"FloatDistribution\", \"attributes\": {\"step\": null, \"low\": 0.01, \"high\": 0.2, \"log\": true}}"}
{"op_code":5,"worker_id":"880c297e-84aa-4004-b7f4-953c1febfe38-140568750122816","trial_id":53,"param_name":"n_estimators","param_value_internal":128.0,"distribution":"{\"name\": \"IntDistribution\", \"attributes\": {\"log\": false, \"step\": 1, \"low\": 50, \"high\": 200}}"}
{"op_code":5,"worker_id":"880c297e-84aa-4004-b7f4-953c1febfe38-140568750122816","trial_id":53,"param_name":"max_depth","param_value_internal":3.0,"distribution":"{\"name\": \"IntDistribution\", \"attributes\": {\"log\": false, \"step\": 1, \"low\": 2, \"high\": 5}}"}
{"op_code":6,"worker_id":"880c297e-84aa-4004-b7f4-953c1febfe38-140568750122816","trial_id":53,"state":1,"values":[0.621613375010754],"datetime_complete":"2026-03-31T14:24:41.376366"}
{"op_code":4,"worker_id":"880c297e-84aa-4004-b7f4-953c1febfe38-140568750122816","study_id":0,"datetime_start":"2026-03-31T14:24:41.402009"}
{"op_code":5,"worker_id":"880c297e-84aa-4004-b7f4-953c1febfe38-140568750122816","trial_id":54,"param_name":"learning_rate","param_value_internal":0.14193168388894065,"distribution":"{\"name\": \"FloatDistribution\", \"attributes\": {\"step\": null, \"low\": 0.01, \"high\": 0.2, \"log\": true}}"}
{"op_code":5,"worker_id":"880c297e-84aa-4004-b7f4-953c1febfe38-140568750122816","trial_id":54,"param_name":"n_estimators","param_value_internal":135.0,"distribution":"{\"name\": \"IntDistribution\", \"attributes\": {\"log\": false, \"step\": 1, \"low\": 50, \"high\": 200}}"}
{"op_code":5,"worker_id":"880c297e-84aa-4004-b7f4-953c1febfe38-140568750122816","trial_id":54,"param_name":"max_depth","param_value_internal":3.0,"distribution":"{\"name\": \"IntDistribution\", \"attributes\": {\"log\": false, \"step\": 1, \"low\": 2, \"high\": 5}}"}
{"op_code":6,"worker_id":"880c297e-84aa-4004-b7f4-953c1febfe38-140568750122816","trial_id":54,"state":1,"values":[0.6225780734707923],"datetime_complete":"2026-03-31T14:25:37.861081"}
{"op_code":4,"worker_id":"880c297e-84aa-4004-b7f4-953c1febfe38-140568750122816","study_id":0,"datetime_start":"2026-03-31T14:25:37.891198"}
{"op_code":5,"worker_id":"880c297e-84aa-4004-b7f4-953c1febfe38-140568750122816","trial_id":55,"param_name":"learning_rate","param_value_internal":0.10537145331176165,"distribution":"{\"name\": \"FloatDistribution\", \"attributes\": {\"step\": null, \"low\": 0.01, \"high\": 0.2, \"log\": true}}"}
{"op_code":5,"worker_id":"880c297e-84aa-4004-b7f4-953c1febfe38-140568750122816","trial_id":55,"param_name":"n_estimators","param_value_internal":139.0,"distribution":"{\"name\": \"IntDistribution\", \"attributes\": {\"log\": false, \"step\": 1, \"low\": 50, \"high\": 200}}"}
{"op_code":5,"worker_id":"880c297e-84aa-4004-b7f4-953c1febfe38-140568750122816","trial_id":55,"param_name":"max_depth","param_value_internal":4.0,"distribution":"{\"name\": \"IntDistribution\", \"attributes\": {\"log\": false, \"step\": 1, \"low\": 2, \"high\": 5}}"}
{"op_code":6,"worker_id":"880c297e-84aa-4004-b7f4-953c1febfe38-140568750122816","trial_id":55,"state":1,"values":[0.6218410713773623],"datetime_complete":"2026-03-31T14:26:36.249123"}
{"op_code":4,"worker_id":"880c297e-84aa-4004-b7f4-953c1febfe38-140568750122816","study_id":0,"datetime_start":"2026-03-31T14:26:36.267682"}
{"op_code":5,"worker_id":"880c297e-84aa-4004-b7f4-953c1febfe38-140568750122816","trial_id":56,"param_name":"learning_rate","param_value_internal":0.07229099149008085,"distribution":"{\"name\": \"FloatDistribution\", \"attributes\": {\"step\": null, \"low\": 0.01, \"high\": 0.2, \"log\": true}}"}
{"op_code":5,"worker_id":"880c297e-84aa-4004-b7f4-953c1febfe38-140568750122816","trial_id":56,"param_name":"n_estimators","param_value_internal":190.0,"distribution":"{\"name\": \"IntDistribution\", \"attributes\": {\"log\": false, \"step\": 1, \"low\": 50, \"high\": 200}}"}
{"op_code":5,"worker_id":"880c297e-84aa-4004-b7f4-953c1febfe38-140568750122816","trial_id":56,"param_name":"max_depth","param_value_internal":3.0,"distribution":"{\"name\": \"IntDistribution\", \"attributes\": {\"log\": false, \"step\": 1, \"low\": 2, \"high\": 5}}"}
{"op_code":6,"worker_id":"880c297e-84aa-4004-b7f4-953c1febfe38-140568750122816","trial_id":56,"state":1,"values":[0.6230133922170284],"datetime_complete":"2026-03-31T14:27:55.953290"}
{"op_code":4,"worker_id":"880c297e-84aa-4004-b7f4-953c1febfe38-140568750122816","study_id":0,"datetime_start":"2026-03-31T14:27:55.979709"}
{"op_code":5,"worker_id":"880c297e-84aa-4004-b7f4-953c1febfe38-140568750122816","trial_id":57,"param_name":"learning_rate","param_value_internal":0.12966552154367175,"distribution":"{\"name\": \"FloatDistribution\", \"attributes\": {\"step\": null, \"low\": 0.01, \"high\": 0.2, \"log\": true}}"}
{"op_code":5,"worker_id":"880c297e-84aa-4004-b7f4-953c1febfe38-140568750122816","trial_id":57,"param_name":"n_estimators","param_value_internal":110.0,"distribution":"{\"name\": \"IntDistribution\", \"attributes\": {\"log\": false, \"step\": 1, \"low\": 50, \"high\": 200}}"}
{"op_code":5,"worker_id":"880c297e-84aa-4004-b7f4-953c1febfe38-140568750122816","trial_id":57,"param_name":"max_depth","param_value_internal":4.0,"distribution":"{\"name\": \"IntDistribution\", \"attributes\": {\"log\": false, \"step\": 1, \"low\": 2, \"high\": 5}}"}
{"op_code":6,"worker_id":"880c297e-84aa-4004-b7f4-953c1febfe38-140568750122816","trial_id":57,"state":1,"values":[0.6216145220957242],"datetime_complete":"2026-03-31T14:28:42.191024"}
{"op_code":4,"worker_id":"880c297e-84aa-4004-b7f4-953c1febfe38-140568750122816","study_id":0,"datetime_start":"2026-03-31T14:28:42.217432"}
{"op_code":5,"worker_id":"880c297e-84aa-4004-b7f4-953c1febfe38-140568750122816","trial_id":58,"param_name":"learning_rate","param_value_internal":0.089982964055765,"distribution":"{\"name\": \"FloatDistribution\", \"attributes\": {\"step\": null, \"low\": 0.01, \"high\": 0.2, \"log\": true}}"}
{"op_code":5,"worker_id":"880c297e-84aa-4004-b7f4-953c1febfe38-140568750122816","trial_id":58,"param_name":"n_estimators","param_value_internal":147.0,"distribution":"{\"name\": \"IntDistribution\", \"attributes\": {\"log\": false, \"step\": 1, \"low\": 50, \"high\": 200}}"}
{"op_code":5,"worker_id":"880c297e-84aa-4004-b7f4-953c1febfe38-140568750122816","trial_id":58,"param_name":"max_depth","param_value_internal":4.0,"distribution":"{\"name\": \"IntDistribution\", \"attributes\": {\"log\": false, \"step\": 1, \"low\": 2, \"high\": 5}}"}
{"op_code":6,"worker_id":"880c297e-84aa-4004-b7f4-953c1febfe38-140568750122816","trial_id":58,"state":1,"values":[0.6228642711708869],"datetime_complete":"2026-03-31T14:29:43.937876"}
{"op_code":4,"worker_id":"880c297e-84aa-4004-b7f4-953c1febfe38-140568750122816","study_id":0,"datetime_start":"2026-03-31T14:29:43.957878"}
{"op_code":5,"worker_id":"880c297e-84aa-4004-b7f4-953c1febfe38-140568750122816","trial_id":59,"param_name":"learning_rate","param_value_internal":0.13690737299861797,"distribution":"{\"name\": \"FloatDistribution\", \"attributes\": {\"step\": null, \"low\": 0.01, \"high\": 0.2, \"log\": true}}"}
{"op_code":5,"worker_id":"880c297e-84aa-4004-b7f4-953c1febfe38-140568750122816","trial_id":59,"param_name":"n_estimators","param_value_internal":166.0,"distribution":"{\"name\": \"IntDistribution\", \"attributes\": {\"log\": false, \"step\": 1, \"low\": 50, \"high\": 200}}"}
{"op_code":5,"worker_id":"880c297e-84aa-4004-b7f4-953c1febfe38-140568750122816","trial_id":59,"param_name":"max_depth","param_value_internal":3.0,"distribution":"{\"name\": \"IntDistribution\", \"attributes\": {\"log\": false, \"step\": 1, \"low\": 2, \"high\": 5}}"}
{"op_code":6,"worker_id":"880c297e-84aa-4004-b7f4-953c1febfe38-140568750122816","trial_id":59,"state":1,"values":[0.621771672736658],"datetime_complete":"2026-03-31T14:30:53.380792"}
{"op_code":0,"worker_id":"fbb9c6bb-4549-43a7-bffb-58b3abffda13-140287126804288","study_name":"gbsa_tuning","directions":[2]}
{"op_code":4,"worker_id":"fbb9c6bb-4549-43a7-bffb-58b3abffda13-140287126804288","study_id":0,"datetime_start":"2026-03-31T16:57:09.910357"}
{"op_code":5,"worker_id":"fbb9c6bb-4549-43a7-bffb-58b3abffda13-140287126804288","trial_id":60,"param_name":"learning_rate","param_value_internal":0.10129200527329363,"distribution":"{\"name\": \"FloatDistribution\", \"attributes\": {\"step\": null, \"low\": 0.01, \"high\": 0.2, \"log\": true}}"}
{"op_code":5,"worker_id":"fbb9c6bb-4549-43a7-bffb-58b3abffda13-140287126804288","trial_id":60,"param_name":"n_estimators","param_value_internal":184.0,"distribution":"{\"name\": \"IntDistribution\", \"attributes\": {\"log\": false, \"step\": 1, \"low\": 50, \"high\": 200}}"}
{"op_code":5,"worker_id":"fbb9c6bb-4549-43a7-bffb-58b3abffda13-140287126804288","trial_id":60,"param_name":"max_depth","param_value_internal":4.0,"distribution":"{\"name\": \"IntDistribution\", \"attributes\": {\"log\": false, \"step\": 1, \"low\": 2, \"high\": 5}}"}
{"op_code":6,"worker_id":"fbb9c6bb-4549-43a7-bffb-58b3abffda13-140287126804288","trial_id":60,"state":1,"values":[0.6230770554328812],"datetime_complete":"2026-03-31T16:58:26.395750"}
{"op_code":4,"worker_id":"fbb9c6bb-4549-43a7-bffb-58b3abffda13-140287126804288","study_id":0,"datetime_start":"2026-03-31T16:58:26.427555"}
{"op_code":5,"worker_id":"fbb9c6bb-4549-43a7-bffb-58b3abffda13-140287126804288","trial_id":61,"param_name":"learning_rate","param_value_internal":0.1041116527525221,"distribution":"{\"name\": \"FloatDistribution\", \"attributes\": {\"step\": null, \"low\": 0.01, \"high\": 0.2, \"log\": true}}"}
{"op_code":5,"worker_id":"fbb9c6bb-4549-43a7-bffb-58b3abffda13-140287126804288","trial_id":61,"param_name":"n_estimators","param_value_internal":182.0,"distribution":"{\"name\": \"IntDistribution\", \"attributes\": {\"log\": false, \"step\": 1, \"low\": 50, \"high\": 200}}"}
{"op_code":5,"worker_id":"fbb9c6bb-4549-43a7-bffb-58b3abffda13-140287126804288","trial_id":61,"param_name":"max_depth","param_value_internal":4.0,"distribution":"{\"name\": \"IntDistribution\", \"attributes\": {\"log\": false, \"step\": 1, \"low\": 2, \"high\": 5}}"}
{"op_code":6,"worker_id":"fbb9c6bb-4549-43a7-bffb-58b3abffda13-140287126804288","trial_id":61,"state":1,"values":[0.6196312121820424],"datetime_complete":"2026-03-31T16:59:42.188754"}
{"op_code":4,"worker_id":"fbb9c6bb-4549-43a7-bffb-58b3abffda13-140287126804288","study_id":0,"datetime_start":"2026-03-31T16:59:42.227303"}
{"op_code":5,"worker_id":"fbb9c6bb-4549-43a7-bffb-58b3abffda13-140287126804288","trial_id":62,"param_name":"learning_rate","param_value_internal":0.03927005135390531,"distribution":"{\"name\": \"FloatDistribution\", \"attributes\": {\"step\": null, \"low\": 0.01, \"high\": 0.2, \"log\": true}}"}
{"op_code":5,"worker_id":"fbb9c6bb-4549-43a7-bffb-58b3abffda13-140287126804288","trial_id":62,"param_name":"n_estimators","param_value_internal":198.0,"distribution":"{\"name\": \"IntDistribution\", \"attributes\": {\"log\": false, \"step\": 1, \"low\": 50, \"high\": 200}}"}
{"op_code":5,"worker_id":"fbb9c6bb-4549-43a7-bffb-58b3abffda13-140287126804288","trial_id":62,"param_name":"max_depth","param_value_internal":4.0,"distribution":"{\"name\": \"IntDistribution\", \"attributes\": {\"log\": false, \"step\": 1, \"low\": 2, \"high\": 5}}"}
{"op_code":6,"worker_id":"fbb9c6bb-4549-43a7-bffb-58b3abffda13-140287126804288","trial_id":62,"state":1,"values":[0.6225757793008517],"datetime_complete":"2026-03-31T17:01:04.766392"}
{"op_code":4,"worker_id":"fbb9c6bb-4549-43a7-bffb-58b3abffda13-140287126804288","study_id":0,"datetime_start":"2026-03-31T17:01:04.784659"}
{"op_code":5,"worker_id":"fbb9c6bb-4549-43a7-bffb-58b3abffda13-140287126804288","trial_id":63,"param_name":"learning_rate","param_value_internal":0.12059861342745753,"distribution":"{\"name\": \"FloatDistribution\", \"attributes\": {\"step\": null, \"low\": 0.01, \"high\": 0.2, \"log\": true}}"}
{"op_code":5,"worker_id":"fbb9c6bb-4549-43a7-bffb-58b3abffda13-140287126804288","trial_id":63,"param_name":"n_estimators","param_value_internal":186.0,"distribution":"{\"name\": \"IntDistribution\", \"attributes\": {\"log\": false, \"step\": 1, \"low\": 50, \"high\": 200}}"}
{"op_code":5,"worker_id":"fbb9c6bb-4549-43a7-bffb-58b3abffda13-140287126804288","trial_id":63,"param_name":"max_depth","param_value_internal":4.0,"distribution":"{\"name\": \"IntDistribution\", \"attributes\": {\"log\": false, \"step\": 1, \"low\": 2, \"high\": 5}}"}
{"op_code":6,"worker_id":"fbb9c6bb-4549-43a7-bffb-58b3abffda13-140287126804288","trial_id":63,"state":1,"values":[0.6213036620687677],"datetime_complete":"2026-03-31T17:02:22.227714"}
{"op_code":4,"worker_id":"fbb9c6bb-4549-43a7-bffb-58b3abffda13-140287126804288","study_id":0,"datetime_start":"2026-03-31T17:02:22.248038"}
{"op_code":5,"worker_id":"fbb9c6bb-4549-43a7-bffb-58b3abffda13-140287126804288","trial_id":64,"param_name":"learning_rate","param_value_internal":0.07487646149136654,"distribution":"{\"name\": \"FloatDistribution\", \"attributes\": {\"step\": null, \"low\": 0.01, \"high\": 0.2, \"log\": true}}"}
{"op_code":5,"worker_id":"fbb9c6bb-4549-43a7-bffb-58b3abffda13-140287126804288","trial_id":64,"param_name":"n_estimators","param_value_internal":154.0,"distribution":"{\"name\": \"IntDistribution\", \"attributes\": {\"log\": false, \"step\": 1, \"low\": 50, \"high\": 200}}"}
{"op_code":5,"worker_id":"fbb9c6bb-4549-43a7-bffb-58b3abffda13-140287126804288","trial_id":64,"param_name":"max_depth","param_value_internal":4.0,"distribution":"{\"name\": \"IntDistribution\", \"attributes\": {\"log\": false, \"step\": 1, \"low\": 2, \"high\": 5}}"}
{"op_code":6,"worker_id":"fbb9c6bb-4549-43a7-bffb-58b3abffda13-140287126804288","trial_id":64,"state":1,"values":[0.6201491210461415],"datetime_complete":"2026-03-31T17:03:26.362792"}
{"op_code":4,"worker_id":"fbb9c6bb-4549-43a7-bffb-58b3abffda13-140287126804288","study_id":0,"datetime_start":"2026-03-31T17:03:26.388406"}
{"op_code":5,"worker_id":"fbb9c6bb-4549-43a7-bffb-58b3abffda13-140287126804288","trial_id":65,"param_name":"learning_rate","param_value_internal":0.05675061225026544,"distribution":"{\"name\": \"FloatDistribution\", \"attributes\": {\"step\": null, \"low\": 0.01, \"high\": 0.2, \"log\": true}}"}
{"op_code":5,"worker_id":"fbb9c6bb-4549-43a7-bffb-58b3abffda13-140287126804288","trial_id":65,"param_name":"n_estimators","param_value_internal":173.0,"distribution":"{\"name\": \"IntDistribution\", \"attributes\": {\"log\": false, \"step\": 1, \"low\": 50, \"high\": 200}}"}
{"op_code":5,"worker_id":"fbb9c6bb-4549-43a7-bffb-58b3abffda13-140287126804288","trial_id":65,"param_name":"max_depth","param_value_internal":4.0,"distribution":"{\"name\": \"IntDistribution\", \"attributes\": {\"log\": false, \"step\": 1, \"low\": 2, \"high\": 5}}"}
{"op_code":6,"worker_id":"fbb9c6bb-4549-43a7-bffb-58b3abffda13-140287126804288","trial_id":65,"state":1,"values":[0.6222207565025379],"datetime_complete":"2026-03-31T17:04:38.383475"}
{"op_code":4,"worker_id":"fbb9c6bb-4549-43a7-bffb-58b3abffda13-140287126804288","study_id":0,"datetime_start":"2026-03-31T17:04:38.403642"}
{"op_code":5,"worker_id":"fbb9c6bb-4549-43a7-bffb-58b3abffda13-140287126804288","trial_id":66,"param_name":"learning_rate","param_value_internal":0.1686360181876246,"distribution":"{\"name\": \"FloatDistribution\", \"attributes\": {\"step\": null, \"low\": 0.01, \"high\": 0.2, \"log\": true}}"}
{"op_code":5,"worker_id":"fbb9c6bb-4549-43a7-bffb-58b3abffda13-140287126804288","trial_id":66,"param_name":"n_estimators","param_value_internal":61.0,"distribution":"{\"name\": \"IntDistribution\", \"attributes\": {\"log\": false, \"step\": 1, \"low\": 50, \"high\": 200}}"}
{"op_code":5,"worker_id":"fbb9c6bb-4549-43a7-bffb-58b3abffda13-140287126804288","trial_id":66,"param_name":"max_depth","param_value_internal":3.0,"distribution":"{\"name\": \"IntDistribution\", \"attributes\": {\"log\": false, \"step\": 1, \"low\": 2, \"high\": 5}}"}
{"op_code":6,"worker_id":"fbb9c6bb-4549-43a7-bffb-58b3abffda13-140287126804288","trial_id":66,"state":1,"values":[0.6209027558716412],"datetime_complete":"2026-03-31T17:05:03.705382"}
{"op_code":4,"worker_id":"fbb9c6bb-4549-43a7-bffb-58b3abffda13-140287126804288","study_id":0,"datetime_start":"2026-03-31T17:05:03.720776"}
{"op_code":5,"worker_id":"fbb9c6bb-4549-43a7-bffb-58b3abffda13-140287126804288","trial_id":67,"param_name":"learning_rate","param_value_internal":0.10986595222912264,"distribution":"{\"name\": \"FloatDistribution\", \"attributes\": {\"step\": null, \"low\": 0.01, \"high\": 0.2, \"log\": true}}"}
{"op_code":5,"worker_id":"fbb9c6bb-4549-43a7-bffb-58b3abffda13-140287126804288","trial_id":67,"param_name":"n_estimators","param_value_internal":192.0,"distribution":"{\"name\": \"IntDistribution\", \"attributes\": {\"log\": false, \"step\": 1, \"low\": 50, \"high\": 200}}"}
{"op_code":5,"worker_id":"fbb9c6bb-4549-43a7-bffb-58b3abffda13-140287126804288","trial_id":67,"param_name":"max_depth","param_value_internal":4.0,"distribution":"{\"name\": \"IntDistribution\", \"attributes\": {\"log\": false, \"step\": 1, \"low\": 2, \"high\": 5}}"}
{"op_code":6,"worker_id":"fbb9c6bb-4549-43a7-bffb-58b3abffda13-140287126804288","trial_id":67,"state":1,"values":[0.6240451951478305],"datetime_complete":"2026-03-31T17:06:23.552155"}
{"op_code":4,"worker_id":"fbb9c6bb-4549-43a7-bffb-58b3abffda13-140287126804288","study_id":0,"datetime_start":"2026-03-31T17:06:23.569426"}
{"op_code":5,"worker_id":"fbb9c6bb-4549-43a7-bffb-58b3abffda13-140287126804288","trial_id":68,"param_name":"learning_rate","param_value_internal":0.14862789335950982,"distribution":"{\"name\": \"FloatDistribution\", \"attributes\": {\"step\": null, \"low\": 0.01, \"high\": 0.2, \"log\": true}}"}
{"op_code":5,"worker_id":"fbb9c6bb-4549-43a7-bffb-58b3abffda13-140287126804288","trial_id":68,"param_name":"n_estimators","param_value_internal":124.0,"distribution":"{\"name\": \"IntDistribution\", \"attributes\": {\"log\": false, \"step\": 1, \"low\": 50, \"high\": 200}}"}
{"op_code":5,"worker_id":"fbb9c6bb-4549-43a7-bffb-58b3abffda13-140287126804288","trial_id":68,"param_name":"max_depth","param_value_internal":4.0,"distribution":"{\"name\": \"IntDistribution\", \"attributes\": {\"log\": false, \"step\": 1, \"low\": 2, \"high\": 5}}"}
{"op_code":6,"worker_id":"fbb9c6bb-4549-43a7-bffb-58b3abffda13-140287126804288","trial_id":68,"state":1,"values":[0.623122938831694],"datetime_complete":"2026-03-31T17:07:15.165392"}
{"op_code":4,"worker_id":"fbb9c6bb-4549-43a7-bffb-58b3abffda13-140287126804288","study_id":0,"datetime_start":"2026-03-31T17:07:15.181578"}
{"op_code":5,"worker_id":"fbb9c6bb-4549-43a7-bffb-58b3abffda13-140287126804288","trial_id":69,"param_name":"learning_rate","param_value_internal":0.18919833798392635,"distribution":"{\"name\": \"FloatDistribution\", \"attributes\": {\"step\": null, \"low\": 0.01, \"high\": 0.2, \"log\": true}}"}
{"op_code":5,"worker_id":"fbb9c6bb-4549-43a7-bffb-58b3abffda13-140287126804288","trial_id":69,"param_name":"n_estimators","param_value_internal":189.0,"distribution":"{\"name\": \"IntDistribution\", \"attributes\": {\"log\": false, \"step\": 1, \"low\": 50, \"high\": 200}}"}
{"op_code":5,"worker_id":"fbb9c6bb-4549-43a7-bffb-58b3abffda13-140287126804288","trial_id":69,"param_name":"max_depth","param_value_internal":5.0,"distribution":"{\"name\": \"IntDistribution\", \"attributes\": {\"log\": false, \"step\": 1, \"low\": 2, \"high\": 5}}"}
{"op_code":6,"worker_id":"fbb9c6bb-4549-43a7-bffb-58b3abffda13-140287126804288","trial_id":69,"state":1,"values":[0.6191173181153394],"datetime_complete":"2026-03-31T17:08:34.240837"}
{"op_code":4,"worker_id":"fbb9c6bb-4549-43a7-bffb-58b3abffda13-140287126804288","study_id":0,"datetime_start":"2026-03-31T17:08:34.271610"}
{"op_code":5,"worker_id":"fbb9c6bb-4549-43a7-bffb-58b3abffda13-140287126804288","trial_id":70,"param_name":"learning_rate","param_value_internal":0.1520044720206621,"distribution":"{\"name\": \"FloatDistribution\", \"attributes\": {\"step\": null, \"low\": 0.01, \"high\": 0.2, \"log\": true}}"}
{"op_code":5,"worker_id":"fbb9c6bb-4549-43a7-bffb-58b3abffda13-140287126804288","trial_id":70,"param_name":"n_estimators","param_value_internal":160.0,"distribution":"{\"name\": \"IntDistribution\", \"attributes\": {\"log\": false, \"step\": 1, \"low\": 50, \"high\": 200}}"}
{"op_code":5,"worker_id":"fbb9c6bb-4549-43a7-bffb-58b3abffda13-140287126804288","trial_id":70,"param_name":"max_depth","param_value_internal":4.0,"distribution":"{\"name\": \"IntDistribution\", \"attributes\": {\"log\": false, \"step\": 1, \"low\": 2, \"high\": 5}}"}
{"op_code":6,"worker_id":"fbb9c6bb-4549-43a7-bffb-58b3abffda13-140287126804288","trial_id":70,"state":1,"values":[0.6201083995296952],"datetime_complete":"2026-03-31T17:09:40.877601"}
{"op_code":4,"worker_id":"fbb9c6bb-4549-43a7-bffb-58b3abffda13-140287126804288","study_id":0,"datetime_start":"2026-03-31T17:09:40.908878"}
{"op_code":5,"worker_id":"fbb9c6bb-4549-43a7-bffb-58b3abffda13-140287126804288","trial_id":71,"param_name":"learning_rate","param_value_internal":0.11313225906860262,"distribution":"{\"name\": \"FloatDistribution\", \"attributes\": {\"step\": null, \"low\": 0.01, \"high\": 0.2, \"log\": true}}"}
{"op_code":5,"worker_id":"fbb9c6bb-4549-43a7-bffb-58b3abffda13-140287126804288","trial_id":71,"param_name":"n_estimators","param_value_internal":121.0,"distribution":"{\"name\": \"IntDistribution\", \"attributes\": {\"log\": false, \"step\": 1, \"low\": 50, \"high\": 200}}"}
{"op_code":5,"worker_id":"fbb9c6bb-4549-43a7-bffb-58b3abffda13-140287126804288","trial_id":71,"param_name":"max_depth","param_value_internal":4.0,"distribution":"{\"name\": \"IntDistribution\", \"attributes\": {\"log\": false, \"step\": 1, \"low\": 2, \"high\": 5}}"}
{"op_code":6,"worker_id":"fbb9c6bb-4549-43a7-bffb-58b3abffda13-140287126804288","trial_id":71,"state":1,"values":[0.6183814631068797],"datetime_complete":"2026-03-31T17:10:31.336400"}
{"op_code":4,"worker_id":"fbb9c6bb-4549-43a7-bffb-58b3abffda13-140287126804288","study_id":0,"datetime_start":"2026-03-31T17:10:31.356678"}
{"op_code":5,"worker_id":"fbb9c6bb-4549-43a7-bffb-58b3abffda13-140287126804288","trial_id":72,"param_name":"learning_rate","param_value_internal":0.13231992943811968,"distribution":"{\"name\": \"FloatDistribution\", \"attributes\": {\"step\": null, \"low\": 0.01, \"high\": 0.2, \"log\": true}}"}
{"op_code":5,"worker_id":"fbb9c6bb-4549-43a7-bffb-58b3abffda13-140287126804288","trial_id":72,"param_name":"n_estimators","param_value_internal":142.0,"distribution":"{\"name\": \"IntDistribution\", \"attributes\": {\"log\": false, \"step\": 1, \"low\": 50, \"high\": 200}}"}
{"op_code":5,"worker_id":"fbb9c6bb-4549-43a7-bffb-58b3abffda13-140287126804288","trial_id":72,"param_name":"max_depth","param_value_internal":4.0,"distribution":"{\"name\": \"IntDistribution\", \"attributes\": {\"log\": false, \"step\": 1, \"low\": 2, \"high\": 5}}"}
{"op_code":6,"worker_id":"fbb9c6bb-4549-43a7-bffb-58b3abffda13-140287126804288","trial_id":72,"state":1,"values":[0.6251446760918815],"datetime_complete":"2026-03-31T17:11:30.472719"}
{"op_code":4,"worker_id":"fbb9c6bb-4549-43a7-bffb-58b3abffda13-140287126804288","study_id":0,"datetime_start":"2026-03-31T17:11:30.492095"}
{"op_code":5,"worker_id":"fbb9c6bb-4549-43a7-bffb-58b3abffda13-140287126804288","trial_id":73,"param_name":"learning_rate","param_value_internal":0.12609133203639067,"distribution":"{\"name\": \"FloatDistribution\", \"attributes\": {\"step\": null, \"low\": 0.01, \"high\": 0.2, \"log\": true}}"}
{"op_code":5,"worker_id":"fbb9c6bb-4549-43a7-bffb-58b3abffda13-140287126804288","trial_id":73,"param_name":"n_estimators","param_value_internal":141.0,"distribution":"{\"name\": \"IntDistribution\", \"attributes\": {\"log\": false, \"step\": 1, \"low\": 50, \"high\": 200}}"}
{"op_code":5,"worker_id":"fbb9c6bb-4549-43a7-bffb-58b3abffda13-140287126804288","trial_id":73,"param_name":"max_depth","param_value_internal":4.0,"distribution":"{\"name\": \"IntDistribution\", \"attributes\": {\"log\": false, \"step\": 1, \"low\": 2, \"high\": 5}}"}
{"op_code":6,"worker_id":"fbb9c6bb-4549-43a7-bffb-58b3abffda13-140287126804288","trial_id":73,"state":1,"values":[0.6201066789022397],"datetime_complete":"2026-03-31T17:12:29.554256"}
{"op_code":4,"worker_id":"fbb9c6bb-4549-43a7-bffb-58b3abffda13-140287126804288","study_id":0,"datetime_start":"2026-03-31T17:12:32.840378"}
{"op_code":5,"worker_id":"fbb9c6bb-4549-43a7-bffb-58b3abffda13-140287126804288","trial_id":74,"param_name":"learning_rate","param_value_internal":0.08358354789982914,"distribution":"{\"name\": \"FloatDistribution\", \"attributes\": {\"step\": null, \"low\": 0.01, \"high\": 0.2, \"log\": true}}"}
{"op_code":5,"worker_id":"fbb9c6bb-4549-43a7-bffb-58b3abffda13-140287126804288","trial_id":74,"param_name":"n_estimators","param_value_internal":124.0,"distribution":"{\"name\": \"IntDistribution\", \"attributes\": {\"log\": false, \"step\": 1, \"low\": 50, \"high\": 200}}"}
{"op_code":5,"worker_id":"fbb9c6bb-4549-43a7-bffb-58b3abffda13-140287126804288","trial_id":74,"param_name":"max_depth","param_value_internal":4.0,"distribution":"{\"name\": \"IntDistribution\", \"attributes\": {\"log\": false, \"step\": 1, \"low\": 2, \"high\": 5}}"}
{"op_code":6,"worker_id":"fbb9c6bb-4549-43a7-bffb-58b3abffda13-140287126804288","trial_id":74,"state":1,"values":[0.6218204238478965],"datetime_complete":"2026-03-31T17:13:24.494174"}
{"op_code":4,"worker_id":"fbb9c6bb-4549-43a7-bffb-58b3abffda13-140287126804288","study_id":0,"datetime_start":"2026-03-31T17:13:24.520719"}
{"op_code":5,"worker_id":"fbb9c6bb-4549-43a7-bffb-58b3abffda13-140287126804288","trial_id":75,"param_name":"learning_rate","param_value_internal":0.1517344719333696,"distribution":"{\"name\": \"FloatDistribution\", \"attributes\": {\"step\": null, \"low\": 0.01, \"high\": 0.2, \"log\": true}}"}
{"op_code":5,"worker_id":"fbb9c6bb-4549-43a7-bffb-58b3abffda13-140287126804288","trial_id":75,"param_name":"n_estimators","param_value_internal":192.0,"distribution":"{\"name\": \"IntDistribution\", \"attributes\": {\"log\": false, \"step\": 1, \"low\": 50, \"high\": 200}}"}
{"op_code":5,"worker_id":"fbb9c6bb-4549-43a7-bffb-58b3abffda13-140287126804288","trial_id":75,"param_name":"max_depth","param_value_internal":4.0,"distribution":"{\"name\": \"IntDistribution\", \"attributes\": {\"log\": false, \"step\": 1, \"low\": 2, \"high\": 5}}"}
{"op_code":6,"worker_id":"fbb9c6bb-4549-43a7-bffb-58b3abffda13-140287126804288","trial_id":75,"state":1,"values":[0.6180218519686845],"datetime_complete":"2026-03-31T17:14:44.416866"}
{"op_code":4,"worker_id":"fbb9c6bb-4549-43a7-bffb-58b3abffda13-140287126804288","study_id":0,"datetime_start":"2026-03-31T17:14:44.434660"}
{"op_code":5,"worker_id":"fbb9c6bb-4549-43a7-bffb-58b3abffda13-140287126804288","trial_id":76,"param_name":"learning_rate","param_value_internal":0.10813389905385953,"distribution":"{\"name\": \"FloatDistribution\", \"attributes\": {\"step\": null, \"low\": 0.01, \"high\": 0.2, \"log\": true}}"}
{"op_code":5,"worker_id":"fbb9c6bb-4549-43a7-bffb-58b3abffda13-140287126804288","trial_id":76,"param_name":"n_estimators","param_value_internal":152.0,"distribution":"{\"name\": \"IntDistribution\", \"attributes\": {\"log\": false, \"step\": 1, \"low\": 50, \"high\": 200}}"}
{"op_code":5,"worker_id":"fbb9c6bb-4549-43a7-bffb-58b3abffda13-140287126804288","trial_id":76,"param_name":"max_depth","param_value_internal":4.0,"distribution":"{\"name\": \"IntDistribution\", \"attributes\": {\"log\": false, \"step\": 1, \"low\": 2, \"high\": 5}}"}
{"op_code":6,"worker_id":"fbb9c6bb-4549-43a7-bffb-58b3abffda13-140287126804288","trial_id":76,"state":1,"values":[0.6227053999024977],"datetime_complete":"2026-03-31T17:15:47.639853"}
{"op_code":4,"worker_id":"fbb9c6bb-4549-43a7-bffb-58b3abffda13-140287126804288","study_id":0,"datetime_start":"2026-03-31T17:16:08.966617"}
{"op_code":5,"worker_id":"fbb9c6bb-4549-43a7-bffb-58b3abffda13-140287126804288","trial_id":77,"param_name":"learning_rate","param_value_internal":0.09368478468224821,"distribution":"{\"name\": \"FloatDistribution\", \"attributes\": {\"step\": null, \"low\": 0.01, \"high\": 0.2, \"log\": true}}"}
{"op_code":5,"worker_id":"fbb9c6bb-4549-43a7-bffb-58b3abffda13-140287126804288","trial_id":77,"param_name":"n_estimators","param_value_internal":174.0,"distribution":"{\"name\": \"IntDistribution\", \"attributes\": {\"log\": false, \"step\": 1, \"low\": 50, \"high\": 200}}"}
{"op_code":5,"worker_id":"fbb9c6bb-4549-43a7-bffb-58b3abffda13-140287126804288","trial_id":77,"param_name":"max_depth","param_value_internal":4.0,"distribution":"{\"name\": \"IntDistribution\", \"attributes\": {\"log\": false, \"step\": 1, \"low\": 2, \"high\": 5}}"}
{"op_code":6,"worker_id":"fbb9c6bb-4549-43a7-bffb-58b3abffda13-140287126804288","trial_id":77,"state":1,"values":[0.621257778669955],"datetime_complete":"2026-03-31T17:17:22.165026"}
{"op_code":4,"worker_id":"fbb9c6bb-4549-43a7-bffb-58b3abffda13-140287126804288","study_id":0,"datetime_start":"2026-03-31T17:17:22.184118"}
{"op_code":5,"worker_id":"fbb9c6bb-4549-43a7-bffb-58b3abffda13-140287126804288","trial_id":78,"param_name":"learning_rate","param_value_internal":0.17761183342598286,"distribution":"{\"name\": \"FloatDistribution\", \"attributes\": {\"step\": null, \"low\": 0.01, \"high\": 0.2, \"log\": true}}"}
{"op_code":5,"worker_id":"fbb9c6bb-4549-43a7-bffb-58b3abffda13-140287126804288","trial_id":78,"param_name":"n_estimators","param_value_internal":164.0,"distribution":"{\"name\": \"IntDistribution\", \"attributes\": {\"log\": false, \"step\": 1, \"low\": 50, \"high\": 200}}"}
{"op_code":5,"worker_id":"fbb9c6bb-4549-43a7-bffb-58b3abffda13-140287126804288","trial_id":78,"param_name":"max_depth","param_value_internal":4.0,"distribution":"{\"name\": \"IntDistribution\", \"attributes\": {\"log\": false, \"step\": 1, \"low\": 2, \"high\": 5}}"}
{"op_code":6,"worker_id":"fbb9c6bb-4549-43a7-bffb-58b3abffda13-140287126804288","trial_id":78,"state":1,"values":[0.6210799804995555],"datetime_complete":"2026-03-31T17:18:30.470595"}
{"op_code":4,"worker_id":"fbb9c6bb-4549-43a7-bffb-58b3abffda13-140287126804288","study_id":0,"datetime_start":"2026-03-31T17:18:30.495852"}
{"op_code":5,"worker_id":"fbb9c6bb-4549-43a7-bffb-58b3abffda13-140287126804288","trial_id":79,"param_name":"learning_rate","param_value_internal":0.198799775174889,"distribution":"{\"name\": \"FloatDistribution\", \"attributes\": {\"step\": null, \"low\": 0.01, \"high\": 0.2, \"log\": true}}"}
{"op_code":5,"worker_id":"fbb9c6bb-4549-43a7-bffb-58b3abffda13-140287126804288","trial_id":79,"param_name":"n_estimators","param_value_internal":94.0,"distribution":"{\"name\": \"IntDistribution\", \"attributes\": {\"log\": false, \"step\": 1, \"low\": 50, \"high\": 200}}"}
{"op_code":5,"worker_id":"fbb9c6bb-4549-43a7-bffb-58b3abffda13-140287126804288","trial_id":79,"param_name":"max_depth","param_value_internal":4.0,"distribution":"{\"name\": \"IntDistribution\", \"attributes\": {\"log\": false, \"step\": 1, \"low\": 2, \"high\": 5}}"}
{"op_code":6,"worker_id":"fbb9c6bb-4549-43a7-bffb-58b3abffda13-140287126804288","trial_id":79,"state":1,"values":[0.6217028476384389],"datetime_complete":"2026-03-31T17:19:09.691141"}
{"op_code":0,"worker_id":"8ef7d21b-5bc8-4221-bda0-492d0a0bbf78-140544486217536","study_name":"gbsa_tuning","directions":[2]}
{"op_code":4,"worker_id":"8ef7d21b-5bc8-4221-bda0-492d0a0bbf78-140544486217536","study_id":0,"datetime_start":"2026-03-31T17:55:06.263968"}
{"op_code":5,"worker_id":"8ef7d21b-5bc8-4221-bda0-492d0a0bbf78-140544486217536","trial_id":80,"param_name":"learning_rate","param_value_internal":0.11936449877987859,"distribution":"{\"name\": \"FloatDistribution\", \"attributes\": {\"step\": null, \"low\": 0.01, \"high\": 0.2, \"log\": true}}"}
{"op_code":5,"worker_id":"8ef7d21b-5bc8-4221-bda0-492d0a0bbf78-140544486217536","trial_id":80,"param_name":"n_estimators","param_value_internal":180.0,"distribution":"{\"name\": \"IntDistribution\", \"attributes\": {\"log\": false, \"step\": 1, \"low\": 50, \"high\": 200}}"}
{"op_code":5,"worker_id":"8ef7d21b-5bc8-4221-bda0-492d0a0bbf78-140544486217536","trial_id":80,"param_name":"max_depth","param_value_internal":5.0,"distribution":"{\"name\": \"IntDistribution\", \"attributes\": {\"log\": false, \"step\": 1, \"low\": 2, \"high\": 5}}"}
{"op_code":6,"worker_id":"8ef7d21b-5bc8-4221-bda0-492d0a0bbf78-140544486217536","trial_id":80,"state":1,"values":[0.6217280835077859],"datetime_complete":"2026-03-31T17:56:21.518897"}
{"op_code":4,"worker_id":"8ef7d21b-5bc8-4221-bda0-492d0a0bbf78-140544486217536","study_id":0,"datetime_start":"2026-03-31T17:56:21.565016"}
{"op_code":5,"worker_id":"8ef7d21b-5bc8-4221-bda0-492d0a0bbf78-140544486217536","trial_id":81,"param_name":"learning_rate","param_value_internal":0.13984634585809996,"distribution":"{\"name\": \"FloatDistribution\", \"attributes\": {\"step\": null, \"low\": 0.01, \"high\": 0.2, \"log\": true}}"}
{"op_code":5,"worker_id":"8ef7d21b-5bc8-4221-bda0-492d0a0bbf78-140544486217536","trial_id":81,"param_name":"n_estimators","param_value_internal":139.0,"distribution":"{\"name\": \"IntDistribution\", \"attributes\": {\"log\": false, \"step\": 1, \"low\": 50, \"high\": 200}}"}
{"op_code":5,"worker_id":"8ef7d21b-5bc8-4221-bda0-492d0a0bbf78-140544486217536","trial_id":81,"param_name":"max_depth","param_value_internal":4.0,"distribution":"{\"name\": \"IntDistribution\", \"attributes\": {\"log\": false, \"step\": 1, \"low\": 2, \"high\": 5}}"}
{"op_code":6,"worker_id":"8ef7d21b-5bc8-4221-bda0-492d0a0bbf78-140544486217536","trial_id":81,"state":1,"values":[0.6196249032147056],"datetime_complete":"2026-03-31T17:57:19.391314"}
{"op_code":4,"worker_id":"8ef7d21b-5bc8-4221-bda0-492d0a0bbf78-140544486217536","study_id":0,"datetime_start":"2026-03-31T17:57:19.411389"}
{"op_code":5,"worker_id":"8ef7d21b-5bc8-4221-bda0-492d0a0bbf78-140544486217536","trial_id":82,"param_name":"learning_rate","param_value_internal":0.13177265612706462,"distribution":"{\"name\": \"FloatDistribution\", \"attributes\": {\"step\": null, \"low\": 0.01, \"high\": 0.2, \"log\": true}}"}
{"op_code":5,"worker_id":"8ef7d21b-5bc8-4221-bda0-492d0a0bbf78-140544486217536","trial_id":82,"param_name":"n_estimators","param_value_internal":115.0,"distribution":"{\"name\": \"IntDistribution\", \"attributes\": {\"log\": false, \"step\": 1, \"low\": 50, \"high\": 200}}"}
{"op_code":5,"worker_id":"8ef7d21b-5bc8-4221-bda0-492d0a0bbf78-140544486217536","trial_id":82,"param_name":"max_depth","param_value_internal":3.0,"distribution":"{\"name\": \"IntDistribution\", \"attributes\": {\"log\": false, \"step\": 1, \"low\": 2, \"high\": 5}}"}
{"op_code":6,"worker_id":"8ef7d21b-5bc8-4221-bda0-492d0a0bbf78-140544486217536","trial_id":82,"state":1,"values":[0.6251750738435949],"datetime_complete":"2026-03-31T17:58:07.058907"}
{"op_code":4,"worker_id":"8ef7d21b-5bc8-4221-bda0-492d0a0bbf78-140544486217536","study_id":0,"datetime_start":"2026-03-31T17:58:07.084720"}
{"op_code":5,"worker_id":"8ef7d21b-5bc8-4221-bda0-492d0a0bbf78-140544486217536","trial_id":83,"param_name":"learning_rate","param_value_internal":0.16468551052866784,"distribution":"{\"name\": \"FloatDistribution\", \"attributes\": {\"step\": null, \"low\": 0.01, \"high\": 0.2, \"log\": true}}"}
{"op_code":5,"worker_id":"8ef7d21b-5bc8-4221-bda0-492d0a0bbf78-140544486217536","trial_id":83,"param_name":"n_estimators","param_value_internal":110.0,"distribution":"{\"name\": \"IntDistribution\", \"attributes\": {\"log\": false, \"step\": 1, \"low\": 50, \"high\": 200}}"}
{"op_code":5,"worker_id":"8ef7d21b-5bc8-4221-bda0-492d0a0bbf78-140544486217536","trial_id":83,"param_name":"max_depth","param_value_internal":4.0,"distribution":"{\"name\": \"IntDistribution\", \"attributes\": {\"log\": false, \"step\": 1, \"low\": 2, \"high\": 5}}"}
{"op_code":6,"worker_id":"8ef7d21b-5bc8-4221-bda0-492d0a0bbf78-140544486217536","trial_id":83,"state":1,"values":[0.6156347681454504],"datetime_complete":"2026-03-31T17:58:52.878377"}
{"op_code":4,"worker_id":"8ef7d21b-5bc8-4221-bda0-492d0a0bbf78-140544486217536","study_id":0,"datetime_start":"2026-03-31T17:58:52.901878"}
{"op_code":5,"worker_id":"8ef7d21b-5bc8-4221-bda0-492d0a0bbf78-140544486217536","trial_id":84,"param_name":"learning_rate","param_value_internal":0.04940202876439964,"distribution":"{\"name\": \"FloatDistribution\", \"attributes\": {\"step\": null, \"low\": 0.01, \"high\": 0.2, \"log\": true}}"}
{"op_code":5,"worker_id":"8ef7d21b-5bc8-4221-bda0-492d0a0bbf78-140544486217536","trial_id":84,"param_name":"n_estimators","param_value_internal":127.0,"distribution":"{\"name\": \"IntDistribution\", \"attributes\": {\"log\": false, \"step\": 1, \"low\": 50, \"high\": 200}}"}
{"op_code":5,"worker_id":"8ef7d21b-5bc8-4221-bda0-492d0a0bbf78-140544486217536","trial_id":84,"param_name":"max_depth","param_value_internal":4.0,"distribution":"{\"name\": \"IntDistribution\", \"attributes\": {\"log\": false, \"step\": 1, \"low\": 2, \"high\": 5}}"}
{"op_code":6,"worker_id":"8ef7d21b-5bc8-4221-bda0-492d0a0bbf78-140544486217536","trial_id":84,"state":1,"values":[0.619859482091136],"datetime_complete":"2026-03-31T17:59:45.786580"}
{"op_code":4,"worker_id":"8ef7d21b-5bc8-4221-bda0-492d0a0bbf78-140544486217536","study_id":0,"datetime_start":"2026-03-31T17:59:45.806694"}
{"op_code":5,"worker_id":"8ef7d21b-5bc8-4221-bda0-492d0a0bbf78-140544486217536","trial_id":85,"param_name":"learning_rate","param_value_internal":0.13257741945088822,"distribution":"{\"name\": \"FloatDistribution\", \"attributes\": {\"step\": null, \"low\": 0.01, \"high\": 0.2, \"log\": true}}"}
{"op_code":5,"worker_id":"8ef7d21b-5bc8-4221-bda0-492d0a0bbf78-140544486217536","trial_id":85,"param_name":"n_estimators","param_value_internal":113.0,"distribution":"{\"name\": \"IntDistribution\", \"attributes\": {\"log\": false, \"step\": 1, \"low\": 50, \"high\": 200}}"}
{"op_code":5,"worker_id":"8ef7d21b-5bc8-4221-bda0-492d0a0bbf78-140544486217536","trial_id":85,"param_name":"max_depth","param_value_internal":2.0,"distribution":"{\"name\": \"IntDistribution\", \"attributes\": {\"log\": false, \"step\": 1, \"low\": 2, \"high\": 5}}"}
{"op_code":6,"worker_id":"8ef7d21b-5bc8-4221-bda0-492d0a0bbf78-140544486217536","trial_id":85,"state":1,"values":[0.6204399070861174],"datetime_complete":"2026-03-31T18:00:32.523373"}
{"op_code":4,"worker_id":"8ef7d21b-5bc8-4221-bda0-492d0a0bbf78-140544486217536","study_id":0,"datetime_start":"2026-03-31T18:00:32.541510"}
{"op_code":5,"worker_id":"8ef7d21b-5bc8-4221-bda0-492d0a0bbf78-140544486217536","trial_id":86,"param_name":"learning_rate","param_value_internal":0.0872271280599143,"distribution":"{\"name\": \"FloatDistribution\", \"attributes\": {\"step\": null, \"low\": 0.01, \"high\": 0.2, \"log\": true}}"}
{"op_code":5,"worker_id":"8ef7d21b-5bc8-4221-bda0-492d0a0bbf78-140544486217536","trial_id":86,"param_name":"n_estimators","param_value_internal":99.0,"distribution":"{\"name\": \"IntDistribution\", \"attributes\": {\"log\": false, \"step\": 1, \"low\": 50, \"high\": 200}}"}
{"op_code":5,"worker_id":"8ef7d21b-5bc8-4221-bda0-492d0a0bbf78-140544486217536","trial_id":86,"param_name":"max_depth","param_value_internal":3.0,"distribution":"{\"name\": \"IntDistribution\", \"attributes\": {\"log\": false, \"step\": 1, \"low\": 2, \"high\": 5}}"}
{"op_code":6,"worker_id":"8ef7d21b-5bc8-4221-bda0-492d0a0bbf78-140544486217536","trial_id":86,"state":1,"values":[0.6203240515041152],"datetime_complete":"2026-03-31T18:01:13.569999"}
{"op_code":4,"worker_id":"8ef7d21b-5bc8-4221-bda0-492d0a0bbf78-140544486217536","study_id":0,"datetime_start":"2026-03-31T18:01:13.587392"}
{"op_code":5,"worker_id":"8ef7d21b-5bc8-4221-bda0-492d0a0bbf78-140544486217536","trial_id":87,"param_name":"learning_rate","param_value_internal":0.06404406145641853,"distribution":"{\"name\": \"FloatDistribution\", \"attributes\": {\"step\": null, \"low\": 0.01, \"high\": 0.2, \"log\": true}}"}
{"op_code":5,"worker_id":"8ef7d21b-5bc8-4221-bda0-492d0a0bbf78-140544486217536","trial_id":87,"param_name":"n_estimators","param_value_internal":117.0,"distribution":"{\"name\": \"IntDistribution\", \"attributes\": {\"log\": false, \"step\": 1, \"low\": 50, \"high\": 200}}"}
{"op_code":5,"worker_id":"8ef7d21b-5bc8-4221-bda0-492d0a0bbf78-140544486217536","trial_id":87,"param_name":"max_depth","param_value_internal":4.0,"distribution":"{\"name\": \"IntDistribution\", \"attributes\": {\"log\": false, \"step\": 1, \"low\": 2, \"high\": 5}}"}
{"op_code":6,"worker_id":"8ef7d21b-5bc8-4221-bda0-492d0a0bbf78-140544486217536","trial_id":87,"state":1,"values":[0.622030340397465],"datetime_complete":"2026-03-31T18:02:02.310752"}
{"op_code":4,"worker_id":"8ef7d21b-5bc8-4221-bda0-492d0a0bbf78-140544486217536","study_id":0,"datetime_start":"2026-03-31T18:02:02.330598"}
{"op_code":5,"worker_id":"8ef7d21b-5bc8-4221-bda0-492d0a0bbf78-140544486217536","trial_id":88,"param_name":"learning_rate","param_value_internal":0.09816819790367165,"distribution":"{\"name\": \"FloatDistribution\", \"attributes\": {\"step\": null, \"low\": 0.01, \"high\": 0.2, \"log\": true}}"}
{"op_code":5,"worker_id":"8ef7d21b-5bc8-4221-bda0-492d0a0bbf78-140544486217536","trial_id":88,"param_name":"n_estimators","param_value_internal":168.0,"distribution":"{\"name\": \"IntDistribution\", \"attributes\": {\"log\": false, \"step\": 1, \"low\": 50, \"high\": 200}}"}
{"op_code":5,"worker_id":"8ef7d21b-5bc8-4221-bda0-492d0a0bbf78-140544486217536","trial_id":88,"param_name":"max_depth","param_value_internal":4.0,"distribution":"{\"name\": \"IntDistribution\", \"attributes\": {\"log\": false, \"step\": 1, \"low\": 2, \"high\": 5}}"}
{"op_code":6,"worker_id":"8ef7d21b-5bc8-4221-bda0-492d0a0bbf78-140544486217536","trial_id":88,"state":1,"values":[0.6224495999541166],"datetime_complete":"2026-03-31T18:03:12.390263"}
{"op_code":4,"worker_id":"8ef7d21b-5bc8-4221-bda0-492d0a0bbf78-140544486217536","study_id":0,"datetime_start":"2026-03-31T18:03:12.410781"}
{"op_code":5,"worker_id":"8ef7d21b-5bc8-4221-bda0-492d0a0bbf78-140544486217536","trial_id":89,"param_name":"learning_rate","param_value_internal":0.14794920010161952,"distribution":"{\"name\": \"FloatDistribution\", \"attributes\": {\"step\": null, \"low\": 0.01, \"high\": 0.2, \"log\": true}}"}
{"op_code":5,"worker_id":"8ef7d21b-5bc8-4221-bda0-492d0a0bbf78-140544486217536","trial_id":89,"param_name":"n_estimators","param_value_internal":197.0,"distribution":"{\"name\": \"IntDistribution\", \"attributes\": {\"log\": false, \"step\": 1, \"low\": 50, \"high\": 200}}"}
{"op_code":5,"worker_id":"8ef7d21b-5bc8-4221-bda0-492d0a0bbf78-140544486217536","trial_id":89,"param_name":"max_depth","param_value_internal":3.0,"distribution":"{\"name\": \"IntDistribution\", \"attributes\": {\"log\": false, \"step\": 1, \"low\": 2, \"high\": 5}}"}
{"op_code":6,"worker_id":"8ef7d21b-5bc8-4221-bda0-492d0a0bbf78-140544486217536","trial_id":89,"state":1,"values":[0.62088038771472],"datetime_complete":"2026-03-31T18:04:33.920775"}
{"op_code":4,"worker_id":"8ef7d21b-5bc8-4221-bda0-492d0a0bbf78-140544486217536","study_id":0,"datetime_start":"2026-03-31T18:04:33.939632"}
{"op_code":5,"worker_id":"8ef7d21b-5bc8-4221-bda0-492d0a0bbf78-140544486217536","trial_id":90,"param_name":"learning_rate","param_value_internal":0.11402640944081696,"distribution":"{\"name\": \"FloatDistribution\", \"attributes\": {\"step\": null, \"low\": 0.01, \"high\": 0.2, \"log\": true}}"}
{"op_code":5,"worker_id":"8ef7d21b-5bc8-4221-bda0-492d0a0bbf78-140544486217536","trial_id":90,"param_name":"n_estimators","param_value_internal":175.0,"distribution":"{\"name\": \"IntDistribution\", \"attributes\": {\"log\": false, \"step\": 1, \"low\": 50, \"high\": 200}}"}
{"op_code":5,"worker_id":"8ef7d21b-5bc8-4221-bda0-492d0a0bbf78-140544486217536","trial_id":90,"param_name":"max_depth","param_value_internal":4.0,"distribution":"{\"name\": \"IntDistribution\", \"attributes\": {\"log\": false, \"step\": 1, \"low\": 2, \"high\": 5}}"}
{"op_code":6,"worker_id":"8ef7d21b-5bc8-4221-bda0-492d0a0bbf78-140544486217536","trial_id":90,"state":1,"values":[0.619687419345588],"datetime_complete":"2026-03-31T18:05:46.970115"}
{"op_code":4,"worker_id":"8ef7d21b-5bc8-4221-bda0-492d0a0bbf78-140544486217536","study_id":0,"datetime_start":"2026-03-31T18:05:46.995815"}
{"op_code":5,"worker_id":"8ef7d21b-5bc8-4221-bda0-492d0a0bbf78-140544486217536","trial_id":91,"param_name":"learning_rate","param_value_internal":0.12908328211022405,"distribution":"{\"name\": \"FloatDistribution\", \"attributes\": {\"step\": null, \"low\": 0.01, \"high\": 0.2, \"log\": true}}"}
{"op_code":5,"worker_id":"8ef7d21b-5bc8-4221-bda0-492d0a0bbf78-140544486217536","trial_id":91,"param_name":"n_estimators","param_value_internal":132.0,"distribution":"{\"name\": \"IntDistribution\", \"attributes\": {\"log\": false, \"step\": 1, \"low\": 50, \"high\": 200}}"}
{"op_code":5,"worker_id":"8ef7d21b-5bc8-4221-bda0-492d0a0bbf78-140544486217536","trial_id":91,"param_name":"max_depth","param_value_internal":3.0,"distribution":"{\"name\": \"IntDistribution\", \"attributes\": {\"log\": false, \"step\": 1, \"low\": 2, \"high\": 5}}"}
{"op_code":6,"worker_id":"8ef7d21b-5bc8-4221-bda0-492d0a0bbf78-140544486217536","trial_id":91,"state":1,"values":[0.6249651572940266],"datetime_complete":"2026-03-31T18:06:41.616041"}
{"op_code":4,"worker_id":"8ef7d21b-5bc8-4221-bda0-492d0a0bbf78-140544486217536","study_id":0,"datetime_start":"2026-03-31T18:06:41.638343"}
{"op_code":5,"worker_id":"8ef7d21b-5bc8-4221-bda0-492d0a0bbf78-140544486217536","trial_id":92,"param_name":"learning_rate","param_value_internal":0.12873813361214734,"distribution":"{\"name\": \"FloatDistribution\", \"attributes\": {\"step\": null, \"low\": 0.01, \"high\": 0.2, \"log\": true}}"}
{"op_code":5,"worker_id":"8ef7d21b-5bc8-4221-bda0-492d0a0bbf78-140544486217536","trial_id":92,"param_name":"n_estimators","param_value_internal":136.0,"distribution":"{\"name\": \"IntDistribution\", \"attributes\": {\"log\": false, \"step\": 1, \"low\": 50, \"high\": 200}}"}
{"op_code":5,"worker_id":"8ef7d21b-5bc8-4221-bda0-492d0a0bbf78-140544486217536","trial_id":92,"param_name":"max_depth","param_value_internal":3.0,"distribution":"{\"name\": \"IntDistribution\", \"attributes\": {\"log\": false, \"step\": 1, \"low\": 2, \"high\": 5}}"}
{"op_code":6,"worker_id":"8ef7d21b-5bc8-4221-bda0-492d0a0bbf78-140544486217536","trial_id":92,"state":1,"values":[0.623913853918729],"datetime_complete":"2026-03-31T18:07:37.969806"}
{"op_code":4,"worker_id":"8ef7d21b-5bc8-4221-bda0-492d0a0bbf78-140544486217536","study_id":0,"datetime_start":"2026-03-31T18:07:37.984080"}
{"op_code":5,"worker_id":"8ef7d21b-5bc8-4221-bda0-492d0a0bbf78-140544486217536","trial_id":93,"param_name":"learning_rate","param_value_internal":0.12323938044268047,"distribution":"{\"name\": \"FloatDistribution\", \"attributes\": {\"step\": null, \"low\": 0.01, \"high\": 0.2, \"log\": true}}"}
{"op_code":5,"worker_id":"8ef7d21b-5bc8-4221-bda0-492d0a0bbf78-140544486217536","trial_id":93,"param_name":"n_estimators","param_value_internal":135.0,"distribution":"{\"name\": \"IntDistribution\", \"attributes\": {\"log\": false, \"step\": 1, \"low\": 50, \"high\": 200}}"}
{"op_code":5,"worker_id":"8ef7d21b-5bc8-4221-bda0-492d0a0bbf78-140544486217536","trial_id":93,"param_name":"max_depth","param_value_internal":3.0,"distribution":"{\"name\": \"IntDistribution\", \"attributes\": {\"log\": false, \"step\": 1, \"low\": 2, \"high\": 5}}"}
{"op_code":6,"worker_id":"8ef7d21b-5bc8-4221-bda0-492d0a0bbf78-140544486217536","trial_id":93,"state":1,"values":[0.6256046571649795],"datetime_complete":"2026-03-31T18:08:33.931222"}
{"op_code":4,"worker_id":"8ef7d21b-5bc8-4221-bda0-492d0a0bbf78-140544486217536","study_id":0,"datetime_start":"2026-03-31T18:08:33.960340"}
{"op_code":5,"worker_id":"8ef7d21b-5bc8-4221-bda0-492d0a0bbf78-140544486217536","trial_id":94,"param_name":"learning_rate","param_value_internal":0.12452172762196,"distribution":"{\"name\": \"FloatDistribution\", \"attributes\": {\"step\": null, \"low\": 0.01, \"high\": 0.2, \"log\": true}}"}
{"op_code":5,"worker_id":"8ef7d21b-5bc8-4221-bda0-492d0a0bbf78-140544486217536","trial_id":94,"param_name":"n_estimators","param_value_internal":142.0,"distribution":"{\"name\": \"IntDistribution\", \"attributes\": {\"log\": false, \"step\": 1, \"low\": 50, \"high\": 200}}"}
{"op_code":5,"worker_id":"8ef7d21b-5bc8-4221-bda0-492d0a0bbf78-140544486217536","trial_id":94,"param_name":"max_depth","param_value_internal":3.0,"distribution":"{\"name\": \"IntDistribution\", \"attributes\": {\"log\": false, \"step\": 1, \"low\": 2, \"high\": 5}}"}
{"op_code":6,"worker_id":"8ef7d21b-5bc8-4221-bda0-492d0a0bbf78-140544486217536","trial_id":94,"state":1,"values":[0.6224891743855926],"datetime_complete":"2026-03-31T18:09:32.900955"}
{"op_code":4,"worker_id":"8ef7d21b-5bc8-4221-bda0-492d0a0bbf78-140544486217536","study_id":0,"datetime_start":"2026-03-31T18:09:32.919281"}
{"op_code":5,"worker_id":"8ef7d21b-5bc8-4221-bda0-492d0a0bbf78-140544486217536","trial_id":95,"param_name":"learning_rate","param_value_internal":0.1309864883093298,"distribution":"{\"name\": \"FloatDistribution\", \"attributes\": {\"step\": null, \"low\": 0.01, \"high\": 0.2, \"log\": true}}"}
{"op_code":5,"worker_id":"8ef7d21b-5bc8-4221-bda0-492d0a0bbf78-140544486217536","trial_id":95,"param_name":"n_estimators","param_value_internal":135.0,"distribution":"{\"name\": \"IntDistribution\", \"attributes\": {\"log\": false, \"step\": 1, \"low\": 50, \"high\": 200}}"}
{"op_code":5,"worker_id":"8ef7d21b-5bc8-4221-bda0-492d0a0bbf78-140544486217536","trial_id":95,"param_name":"max_depth","param_value_internal":3.0,"distribution":"{\"name\": \"IntDistribution\", \"attributes\": {\"log\": false, \"step\": 1, \"low\": 2, \"high\": 5}}"}
{"op_code":6,"worker_id":"8ef7d21b-5bc8-4221-bda0-492d0a0bbf78-140544486217536","trial_id":95,"state":1,"values":[0.6220670471165152],"datetime_complete":"2026-03-31T18:10:29.187720"}
{"op_code":4,"worker_id":"8ef7d21b-5bc8-4221-bda0-492d0a0bbf78-140544486217536","study_id":0,"datetime_start":"2026-03-31T18:10:29.207097"}
{"op_code":5,"worker_id":"8ef7d21b-5bc8-4221-bda0-492d0a0bbf78-140544486217536","trial_id":96,"param_name":"learning_rate","param_value_internal":0.10825320537942808,"distribution":"{\"name\": \"FloatDistribution\", \"attributes\": {\"step\": null, \"low\": 0.01, \"high\": 0.2, \"log\": true}}"}
{"op_code":5,"worker_id":"8ef7d21b-5bc8-4221-bda0-492d0a0bbf78-140544486217536","trial_id":96,"param_name":"n_estimators","param_value_internal":145.0,"distribution":"{\"name\": \"IntDistribution\", \"attributes\": {\"log\": false, \"step\": 1, \"low\": 50, \"high\": 200}}"}
{"op_code":5,"worker_id":"8ef7d21b-5bc8-4221-bda0-492d0a0bbf78-140544486217536","trial_id":96,"param_name":"max_depth","param_value_internal":3.0,"distribution":"{\"name\": \"IntDistribution\", \"attributes\": {\"log\": false, \"step\": 1, \"low\": 2, \"high\": 5}}"}
{"op_code":6,"worker_id":"8ef7d21b-5bc8-4221-bda0-492d0a0bbf78-140544486217536","trial_id":96,"state":1,"values":[0.622415187405007],"datetime_complete":"2026-03-31T18:11:29.236799"}
{"op_code":4,"worker_id":"8ef7d21b-5bc8-4221-bda0-492d0a0bbf78-140544486217536","study_id":0,"datetime_start":"2026-03-31T18:11:29.259340"}
{"op_code":5,"worker_id":"8ef7d21b-5bc8-4221-bda0-492d0a0bbf78-140544486217536","trial_id":97,"param_name":"learning_rate","param_value_internal":0.09886985117129847,"distribution":"{\"name\": \"FloatDistribution\", \"attributes\": {\"step\": null, \"low\": 0.01, \"high\": 0.2, \"log\": true}}"}
{"op_code":5,"worker_id":"8ef7d21b-5bc8-4221-bda0-492d0a0bbf78-140544486217536","trial_id":97,"param_name":"n_estimators","param_value_internal":132.0,"distribution":"{\"name\": \"IntDistribution\", \"attributes\": {\"log\": false, \"step\": 1, \"low\": 50, \"high\": 200}}"}
{"op_code":5,"worker_id":"8ef7d21b-5bc8-4221-bda0-492d0a0bbf78-140544486217536","trial_id":97,"param_name":"max_depth","param_value_internal":3.0,"distribution":"{\"name\": \"IntDistribution\", \"attributes\": {\"log\": false, \"step\": 1, \"low\": 2, \"high\": 5}}"}
{"op_code":6,"worker_id":"8ef7d21b-5bc8-4221-bda0-492d0a0bbf78-140544486217536","trial_id":97,"state":1,"values":[0.6226858994580023],"datetime_complete":"2026-03-31T18:12:23.919166"}
{"op_code":4,"worker_id":"8ef7d21b-5bc8-4221-bda0-492d0a0bbf78-140544486217536","study_id":0,"datetime_start":"2026-03-31T18:12:23.938131"}
{"op_code":5,"worker_id":"8ef7d21b-5bc8-4221-bda0-492d0a0bbf78-140544486217536","trial_id":98,"param_name":"learning_rate","param_value_internal":0.12009115443751264,"distribution":"{\"name\": \"FloatDistribution\", \"attributes\": {\"step\": null, \"low\": 0.01, \"high\": 0.2, \"log\": true}}"}
{"op_code":5,"worker_id":"8ef7d21b-5bc8-4221-bda0-492d0a0bbf78-140544486217536","trial_id":98,"param_name":"n_estimators","param_value_internal":148.0,"distribution":"{\"name\": \"IntDistribution\", \"attributes\": {\"log\": false, \"step\": 1, \"low\": 50, \"high\": 200}}"}
{"op_code":5,"worker_id":"8ef7d21b-5bc8-4221-bda0-492d0a0bbf78-140544486217536","trial_id":98,"param_name":"max_depth","param_value_internal":3.0,"distribution":"{\"name\": \"IntDistribution\", \"attributes\": {\"log\": false, \"step\": 1, \"low\": 2, \"high\": 5}}"}
{"op_code":6,"worker_id":"8ef7d21b-5bc8-4221-bda0-492d0a0bbf78-140544486217536","trial_id":98,"state":1,"values":[0.6211665854148146],"datetime_complete":"2026-03-31T18:13:25.189181"}
{"op_code":4,"worker_id":"8ef7d21b-5bc8-4221-bda0-492d0a0bbf78-140544486217536","study_id":0,"datetime_start":"2026-03-31T18:13:25.215763"}
{"op_code":5,"worker_id":"8ef7d21b-5bc8-4221-bda0-492d0a0bbf78-140544486217536","trial_id":99,"param_name":"learning_rate","param_value_internal":0.16344051659236425,"distribution":"{\"name\": \"FloatDistribution\", \"attributes\": {\"step\": null, \"low\": 0.01, \"high\": 0.2, \"log\": true}}"}
{"op_code":5,"worker_id":"8ef7d21b-5bc8-4221-bda0-492d0a0bbf78-140544486217536","trial_id":99,"param_name":"n_estimators","param_value_internal":136.0,"distribution":"{\"name\": \"IntDistribution\", \"attributes\": {\"log\": false, \"step\": 1, \"low\": 50, \"high\": 200}}"}
{"op_code":5,"worker_id":"8ef7d21b-5bc8-4221-bda0-492d0a0bbf78-140544486217536","trial_id":99,"param_name":"max_depth","param_value_internal":3.0,"distribution":"{\"name\": \"IntDistribution\", \"attributes\": {\"log\": false, \"step\": 1, \"low\": 2, \"high\": 5}}"}
{"op_code":6,"worker_id":"8ef7d21b-5bc8-4221-bda0-492d0a0bbf78-140544486217536","trial_id":99,"state":1,"values":[0.6226365748042786],"datetime_complete":"2026-03-31T18:14:21.500889"}
