{"op_code":0,"worker_id":"573aec71-cc24-44c1-8066-53d8361f95eb-139952901822272","study_name":"deepsurv_tuning","directions":[2]}
{"op_code":4,"worker_id":"573aec71-cc24-44c1-8066-53d8361f95eb-139952901822272","study_id":0,"datetime_start":"2026-03-26T09:14:52.666963"}
{"op_code":5,"worker_id":"573aec71-cc24-44c1-8066-53d8361f95eb-139952901822272","trial_id":0,"param_name":"lr","param_value_internal":0.0001114981074916941,"distribution":"{\"name\": \"FloatDistribution\", \"attributes\": {\"step\": null, \"low\": 0.0001, \"high\": 0.1, \"log\": true}}"}
{"op_code":5,"worker_id":"573aec71-cc24-44c1-8066-53d8361f95eb-139952901822272","trial_id":0,"param_name":"dropout","param_value_internal":0.0225077650799837,"distribution":"{\"name\": \"FloatDistribution\", \"attributes\": {\"step\": null, \"low\": 0.0, \"high\": 0.5, \"log\": false}}"}
{"op_code":5,"worker_id":"573aec71-cc24-44c1-8066-53d8361f95eb-139952901822272","trial_id":0,"param_name":"layers","param_value_internal":2,"distribution":"{\"name\": \"CategoricalDistribution\", \"attributes\": {\"choices\": [1, 2, 3]}}"}
{"op_code":5,"worker_id":"573aec71-cc24-44c1-8066-53d8361f95eb-139952901822272","trial_id":0,"param_name":"nodes","param_value_internal":0,"distribution":"{\"name\": \"CategoricalDistribution\", \"attributes\": {\"choices\": [16, 32, 64]}}"}
{"op_code":6,"worker_id":"573aec71-cc24-44c1-8066-53d8361f95eb-139952901822272","trial_id":0,"state":1,"values":[0.5293666090126619],"datetime_complete":"2026-03-26T09:15:06.042211"}
{"op_code":4,"worker_id":"573aec71-cc24-44c1-8066-53d8361f95eb-139952901822272","study_id":0,"datetime_start":"2026-03-26T09:15:06.064816"}
{"op_code":5,"worker_id":"573aec71-cc24-44c1-8066-53d8361f95eb-139952901822272","trial_id":1,"param_name":"lr","param_value_internal":0.005316091227664988,"distribution":"{\"name\": \"FloatDistribution\", \"attributes\": {\"step\": null, \"low\": 0.0001, \"high\": 0.1, \"log\": true}}"}
{"op_code":5,"worker_id":"573aec71-cc24-44c1-8066-53d8361f95eb-139952901822272","trial_id":1,"param_name":"dropout","param_value_internal":0.4259253667442866,"distribution":"{\"name\": \"FloatDistribution\", \"attributes\": {\"step\": null, \"low\": 0.0, \"high\": 0.5, \"log\": false}}"}
{"op_code":5,"worker_id":"573aec71-cc24-44c1-8066-53d8361f95eb-139952901822272","trial_id":1,"param_name":"layers","param_value_internal":0,"distribution":"{\"name\": \"CategoricalDistribution\", \"attributes\": {\"choices\": [1, 2, 3]}}"}
{"op_code":5,"worker_id":"573aec71-cc24-44c1-8066-53d8361f95eb-139952901822272","trial_id":1,"param_name":"nodes","param_value_internal":1,"distribution":"{\"name\": \"CategoricalDistribution\", \"attributes\": {\"choices\": [16, 32, 64]}}"}
{"op_code":6,"worker_id":"573aec71-cc24-44c1-8066-53d8361f95eb-139952901822272","trial_id":1,"state":1,"values":[0.6118582393330622],"datetime_complete":"2026-03-26T09:15:12.520571"}
{"op_code":4,"worker_id":"573aec71-cc24-44c1-8066-53d8361f95eb-139952901822272","study_id":0,"datetime_start":"2026-03-26T09:15:12.539197"}
{"op_code":5,"worker_id":"573aec71-cc24-44c1-8066-53d8361f95eb-139952901822272","trial_id":2,"param_name":"lr","param_value_internal":0.0049143161856909125,"distribution":"{\"name\": \"FloatDistribution\", \"attributes\": {\"step\": null, \"low\": 0.0001, \"high\": 0.1, \"log\": true}}"}
{"op_code":5,"worker_id":"573aec71-cc24-44c1-8066-53d8361f95eb-139952901822272","trial_id":2,"param_name":"dropout","param_value_internal":0.23387200695085097,"distribution":"{\"name\": \"FloatDistribution\", \"attributes\": {\"step\": null, \"low\": 0.0, \"high\": 0.5, \"log\": false}}"}
{"op_code":5,"worker_id":"573aec71-cc24-44c1-8066-53d8361f95eb-139952901822272","trial_id":2,"param_name":"layers","param_value_internal":2,"distribution":"{\"name\": \"CategoricalDistribution\", \"attributes\": {\"choices\": [1, 2, 3]}}"}
{"op_code":5,"worker_id":"573aec71-cc24-44c1-8066-53d8361f95eb-139952901822272","trial_id":2,"param_name":"nodes","param_value_internal":1,"distribution":"{\"name\": \"CategoricalDistribution\", \"attributes\": {\"choices\": [16, 32, 64]}}"}
{"op_code":6,"worker_id":"573aec71-cc24-44c1-8066-53d8361f95eb-139952901822272","trial_id":2,"state":1,"values":[0.6158015914323574],"datetime_complete":"2026-03-26T09:15:21.436629"}
{"op_code":4,"worker_id":"573aec71-cc24-44c1-8066-53d8361f95eb-139952901822272","study_id":0,"datetime_start":"2026-03-26T09:15:21.452855"}
{"op_code":5,"worker_id":"573aec71-cc24-44c1-8066-53d8361f95eb-139952901822272","trial_id":3,"param_name":"lr","param_value_internal":0.002210608012803439,"distribution":"{\"name\": \"FloatDistribution\", \"attributes\": {\"step\": null, \"low\": 0.0001, \"high\": 0.1, \"log\": true}}"}
{"op_code":5,"worker_id":"573aec71-cc24-44c1-8066-53d8361f95eb-139952901822272","trial_id":3,"param_name":"dropout","param_value_internal":0.14088286254116705,"distribution":"{\"name\": \"FloatDistribution\", \"attributes\": {\"step\": null, \"low\": 0.0, \"high\": 0.5, \"log\": false}}"}
{"op_code":5,"worker_id":"573aec71-cc24-44c1-8066-53d8361f95eb-139952901822272","trial_id":3,"param_name":"layers","param_value_internal":2,"distribution":"{\"name\": \"CategoricalDistribution\", \"attributes\": {\"choices\": [1, 2, 3]}}"}
{"op_code":5,"worker_id":"573aec71-cc24-44c1-8066-53d8361f95eb-139952901822272","trial_id":3,"param_name":"nodes","param_value_internal":1,"distribution":"{\"name\": \"CategoricalDistribution\", \"attributes\": {\"choices\": [16, 32, 64]}}"}
{"op_code":6,"worker_id":"573aec71-cc24-44c1-8066-53d8361f95eb-139952901822272","trial_id":3,"state":1,"values":[0.6170618731263395],"datetime_complete":"2026-03-26T09:15:30.299783"}
{"op_code":4,"worker_id":"573aec71-cc24-44c1-8066-53d8361f95eb-139952901822272","study_id":0,"datetime_start":"2026-03-26T09:15:30.320824"}
{"op_code":5,"worker_id":"573aec71-cc24-44c1-8066-53d8361f95eb-139952901822272","trial_id":4,"param_name":"lr","param_value_internal":0.0005159750840772883,"distribution":"{\"name\": \"FloatDistribution\", \"attributes\": {\"step\": null, \"low\": 0.0001, \"high\": 0.1, \"log\": true}}"}
{"op_code":5,"worker_id":"573aec71-cc24-44c1-8066-53d8361f95eb-139952901822272","trial_id":4,"param_name":"dropout","param_value_internal":0.08811908087834835,"distribution":"{\"name\": \"FloatDistribution\", \"attributes\": {\"step\": null, \"low\": 0.0, \"high\": 0.5, \"log\": false}}"}
{"op_code":5,"worker_id":"573aec71-cc24-44c1-8066-53d8361f95eb-139952901822272","trial_id":4,"param_name":"layers","param_value_internal":1,"distribution":"{\"name\": \"CategoricalDistribution\", \"attributes\": {\"choices\": [1, 2, 3]}}"}
{"op_code":5,"worker_id":"573aec71-cc24-44c1-8066-53d8361f95eb-139952901822272","trial_id":4,"param_name":"nodes","param_value_internal":0,"distribution":"{\"name\": \"CategoricalDistribution\", \"attributes\": {\"choices\": [16, 32, 64]}}"}
{"op_code":6,"worker_id":"573aec71-cc24-44c1-8066-53d8361f95eb-139952901822272","trial_id":4,"state":1,"values":[0.579864244137815],"datetime_complete":"2026-03-26T09:15:37.827923"}
{"op_code":4,"worker_id":"573aec71-cc24-44c1-8066-53d8361f95eb-139952901822272","study_id":0,"datetime_start":"2026-03-26T09:15:37.851557"}
{"op_code":5,"worker_id":"573aec71-cc24-44c1-8066-53d8361f95eb-139952901822272","trial_id":5,"param_name":"lr","param_value_internal":0.024997664707624392,"distribution":"{\"name\": \"FloatDistribution\", \"attributes\": {\"step\": null, \"low\": 0.0001, \"high\": 0.1, \"log\": true}}"}
{"op_code":5,"worker_id":"573aec71-cc24-44c1-8066-53d8361f95eb-139952901822272","trial_id":5,"param_name":"dropout","param_value_internal":0.033600690719780946,"distribution":"{\"name\": \"FloatDistribution\", \"attributes\": {\"step\": null, \"low\": 0.0, \"high\": 0.5, \"log\": false}}"}
{"op_code":5,"worker_id":"573aec71-cc24-44c1-8066-53d8361f95eb-139952901822272","trial_id":5,"param_name":"layers","param_value_internal":1,"distribution":"{\"name\": \"CategoricalDistribution\", \"attributes\": {\"choices\": [1, 2, 3]}}"}
{"op_code":5,"worker_id":"573aec71-cc24-44c1-8066-53d8361f95eb-139952901822272","trial_id":5,"param_name":"nodes","param_value_internal":0,"distribution":"{\"name\": \"CategoricalDistribution\", \"attributes\": {\"choices\": [16, 32, 64]}}"}
{"op_code":6,"worker_id":"573aec71-cc24-44c1-8066-53d8361f95eb-139952901822272","trial_id":5,"state":1,"values":[0.6167243585518466],"datetime_complete":"2026-03-26T09:15:45.561053"}
{"op_code":4,"worker_id":"573aec71-cc24-44c1-8066-53d8361f95eb-139952901822272","study_id":0,"datetime_start":"2026-03-26T09:15:45.579605"}
{"op_code":5,"worker_id":"573aec71-cc24-44c1-8066-53d8361f95eb-139952901822272","trial_id":6,"param_name":"lr","param_value_internal":0.03960689715936932,"distribution":"{\"name\": \"FloatDistribution\", \"attributes\": {\"step\": null, \"low\": 0.0001, \"high\": 0.1, \"log\": true}}"}
{"op_code":5,"worker_id":"573aec71-cc24-44c1-8066-53d8361f95eb-139952901822272","trial_id":6,"param_name":"dropout","param_value_internal":0.1876913675751894,"distribution":"{\"name\": \"FloatDistribution\", \"attributes\": {\"step\": null, \"low\": 0.0, \"high\": 0.5, \"log\": false}}"}
{"op_code":5,"worker_id":"573aec71-cc24-44c1-8066-53d8361f95eb-139952901822272","trial_id":6,"param_name":"layers","param_value_internal":1,"distribution":"{\"name\": \"CategoricalDistribution\", \"attributes\": {\"choices\": [1, 2, 3]}}"}
{"op_code":5,"worker_id":"573aec71-cc24-44c1-8066-53d8361f95eb-139952901822272","trial_id":6,"param_name":"nodes","param_value_internal":2,"distribution":"{\"name\": \"CategoricalDistribution\", \"attributes\": {\"choices\": [16, 32, 64]}}"}
{"op_code":6,"worker_id":"573aec71-cc24-44c1-8066-53d8361f95eb-139952901822272","trial_id":6,"state":1,"values":[0.616216382071044],"datetime_complete":"2026-03-26T09:15:53.277317"}
{"op_code":4,"worker_id":"573aec71-cc24-44c1-8066-53d8361f95eb-139952901822272","study_id":0,"datetime_start":"2026-03-26T09:15:53.306629"}
{"op_code":5,"worker_id":"573aec71-cc24-44c1-8066-53d8361f95eb-139952901822272","trial_id":7,"param_name":"lr","param_value_internal":0.0002711927679166006,"distribution":"{\"name\": \"FloatDistribution\", \"attributes\": {\"step\": null, \"low\": 0.0001, \"high\": 0.1, \"log\": true}}"}
{"op_code":5,"worker_id":"573aec71-cc24-44c1-8066-53d8361f95eb-139952901822272","trial_id":7,"param_name":"dropout","param_value_internal":0.16100966618427193,"distribution":"{\"name\": \"FloatDistribution\", \"attributes\": {\"step\": null, \"low\": 0.0, \"high\": 0.5, \"log\": false}}"}
{"op_code":5,"worker_id":"573aec71-cc24-44c1-8066-53d8361f95eb-139952901822272","trial_id":7,"param_name":"layers","param_value_internal":1,"distribution":"{\"name\": \"CategoricalDistribution\", \"attributes\": {\"choices\": [1, 2, 3]}}"}
{"op_code":5,"worker_id":"573aec71-cc24-44c1-8066-53d8361f95eb-139952901822272","trial_id":7,"param_name":"nodes","param_value_internal":0,"distribution":"{\"name\": \"CategoricalDistribution\", \"attributes\": {\"choices\": [16, 32, 64]}}"}
{"op_code":6,"worker_id":"573aec71-cc24-44c1-8066-53d8361f95eb-139952901822272","trial_id":7,"state":1,"values":[0.5562126546373594],"datetime_complete":"2026-03-26T09:16:00.882786"}
{"op_code":4,"worker_id":"573aec71-cc24-44c1-8066-53d8361f95eb-139952901822272","study_id":0,"datetime_start":"2026-03-26T09:16:00.915617"}
{"op_code":5,"worker_id":"573aec71-cc24-44c1-8066-53d8361f95eb-139952901822272","trial_id":8,"param_name":"lr","param_value_internal":0.0020628256482600523,"distribution":"{\"name\": \"FloatDistribution\", \"attributes\": {\"step\": null, \"low\": 0.0001, \"high\": 0.1, \"log\": true}}"}
{"op_code":5,"worker_id":"573aec71-cc24-44c1-8066-53d8361f95eb-139952901822272","trial_id":8,"param_name":"dropout","param_value_internal":0.12222370517117759,"distribution":"{\"name\": \"FloatDistribution\", \"attributes\": {\"step\": null, \"low\": 0.0, \"high\": 0.5, \"log\": false}}"}
{"op_code":5,"worker_id":"573aec71-cc24-44c1-8066-53d8361f95eb-139952901822272","trial_id":8,"param_name":"layers","param_value_internal":1,"distribution":"{\"name\": \"CategoricalDistribution\", \"attributes\": {\"choices\": [1, 2, 3]}}"}
{"op_code":5,"worker_id":"573aec71-cc24-44c1-8066-53d8361f95eb-139952901822272","trial_id":8,"param_name":"nodes","param_value_internal":2,"distribution":"{\"name\": \"CategoricalDistribution\", \"attributes\": {\"choices\": [16, 32, 64]}}"}
{"op_code":6,"worker_id":"573aec71-cc24-44c1-8066-53d8361f95eb-139952901822272","trial_id":8,"state":1,"values":[0.623385441644071],"datetime_complete":"2026-03-26T09:16:08.574984"}
{"op_code":4,"worker_id":"573aec71-cc24-44c1-8066-53d8361f95eb-139952901822272","study_id":0,"datetime_start":"2026-03-26T09:16:08.598251"}
{"op_code":5,"worker_id":"573aec71-cc24-44c1-8066-53d8361f95eb-139952901822272","trial_id":9,"param_name":"lr","param_value_internal":0.001527774811662435,"distribution":"{\"name\": \"FloatDistribution\", \"attributes\": {\"step\": null, \"low\": 0.0001, \"high\": 0.1, \"log\": true}}"}
{"op_code":5,"worker_id":"573aec71-cc24-44c1-8066-53d8361f95eb-139952901822272","trial_id":9,"param_name":"dropout","param_value_internal":0.020247556884607887,"distribution":"{\"name\": \"FloatDistribution\", \"attributes\": {\"step\": null, \"low\": 0.0, \"high\": 0.5, \"log\": false}}"}
{"op_code":5,"worker_id":"573aec71-cc24-44c1-8066-53d8361f95eb-139952901822272","trial_id":9,"param_name":"layers","param_value_internal":0,"distribution":"{\"name\": \"CategoricalDistribution\", \"attributes\": {\"choices\": [1, 2, 3]}}"}
{"op_code":5,"worker_id":"573aec71-cc24-44c1-8066-53d8361f95eb-139952901822272","trial_id":9,"param_name":"nodes","param_value_internal":0,"distribution":"{\"name\": \"CategoricalDistribution\", \"attributes\": {\"choices\": [16, 32, 64]}}"}
{"op_code":6,"worker_id":"573aec71-cc24-44c1-8066-53d8361f95eb-139952901822272","trial_id":9,"state":1,"values":[0.6037164104813617],"datetime_complete":"2026-03-26T09:16:14.984631"}
{"op_code":4,"worker_id":"573aec71-cc24-44c1-8066-53d8361f95eb-139952901822272","study_id":0,"datetime_start":"2026-03-26T09:16:15.006805"}
{"op_code":5,"worker_id":"573aec71-cc24-44c1-8066-53d8361f95eb-139952901822272","trial_id":10,"param_name":"lr","param_value_internal":0.0953371119271252,"distribution":"{\"name\": \"FloatDistribution\", \"attributes\": {\"step\": null, \"low\": 0.0001, \"high\": 0.1, \"log\": true}}"}
{"op_code":5,"worker_id":"573aec71-cc24-44c1-8066-53d8361f95eb-139952901822272","trial_id":10,"param_name":"dropout","param_value_internal":0.35598566793542746,"distribution":"{\"name\": \"FloatDistribution\", \"attributes\": {\"step\": null, \"low\": 0.0, \"high\": 0.5, \"log\": false}}"}
{"op_code":5,"worker_id":"573aec71-cc24-44c1-8066-53d8361f95eb-139952901822272","trial_id":10,"param_name":"layers","param_value_internal":1,"distribution":"{\"name\": \"CategoricalDistribution\", \"attributes\": {\"choices\": [1, 2, 3]}}"}
{"op_code":5,"worker_id":"573aec71-cc24-44c1-8066-53d8361f95eb-139952901822272","trial_id":10,"param_name":"nodes","param_value_internal":2,"distribution":"{\"name\": \"CategoricalDistribution\", \"attributes\": {\"choices\": [16, 32, 64]}}"}
{"op_code":6,"worker_id":"573aec71-cc24-44c1-8066-53d8361f95eb-139952901822272","trial_id":10,"state":1,"values":[0.6110434314209022],"datetime_complete":"2026-03-26T09:16:22.706122"}
{"op_code":4,"worker_id":"573aec71-cc24-44c1-8066-53d8361f95eb-139952901822272","study_id":0,"datetime_start":"2026-03-26T09:16:22.720526"}
{"op_code":5,"worker_id":"573aec71-cc24-44c1-8066-53d8361f95eb-139952901822272","trial_id":11,"param_name":"lr","param_value_internal":0.0016981553205124744,"distribution":"{\"name\": \"FloatDistribution\", \"attributes\": {\"step\": null, \"low\": 0.0001, \"high\": 0.1, \"log\": true}}"}
{"op_code":5,"worker_id":"573aec71-cc24-44c1-8066-53d8361f95eb-139952901822272","trial_id":11,"param_name":"dropout","param_value_internal":0.13530832595214976,"distribution":"{\"name\": \"FloatDistribution\", \"attributes\": {\"step\": null, \"low\": 0.0, \"high\": 0.5, \"log\": false}}"}
{"op_code":5,"worker_id":"573aec71-cc24-44c1-8066-53d8361f95eb-139952901822272","trial_id":11,"param_name":"layers","param_value_internal":2,"distribution":"{\"name\": \"CategoricalDistribution\", \"attributes\": {\"choices\": [1, 2, 3]}}"}
{"op_code":5,"worker_id":"573aec71-cc24-44c1-8066-53d8361f95eb-139952901822272","trial_id":11,"param_name":"nodes","param_value_internal":1,"distribution":"{\"name\": \"CategoricalDistribution\", \"attributes\": {\"choices\": [16, 32, 64]}}"}
{"op_code":6,"worker_id":"573aec71-cc24-44c1-8066-53d8361f95eb-139952901822272","trial_id":11,"state":1,"values":[0.6094172248347087],"datetime_complete":"2026-03-26T09:16:31.565908"}
{"op_code":4,"worker_id":"573aec71-cc24-44c1-8066-53d8361f95eb-139952901822272","study_id":0,"datetime_start":"2026-03-26T09:16:31.592855"}
{"op_code":5,"worker_id":"573aec71-cc24-44c1-8066-53d8361f95eb-139952901822272","trial_id":12,"param_name":"lr","param_value_internal":0.0008382426723437053,"distribution":"{\"name\": \"FloatDistribution\", \"attributes\": {\"step\": null, \"low\": 0.0001, \"high\": 0.1, \"log\": true}}"}
{"op_code":5,"worker_id":"573aec71-cc24-44c1-8066-53d8361f95eb-139952901822272","trial_id":12,"param_name":"dropout","param_value_internal":0.3023640109408431,"distribution":"{\"name\": \"FloatDistribution\", \"attributes\": {\"step\": null, \"low\": 0.0, \"high\": 0.5, \"log\": false}}"}
{"op_code":5,"worker_id":"573aec71-cc24-44c1-8066-53d8361f95eb-139952901822272","trial_id":12,"param_name":"layers","param_value_internal":2,"distribution":"{\"name\": \"CategoricalDistribution\", \"attributes\": {\"choices\": [1, 2, 3]}}"}
{"op_code":5,"worker_id":"573aec71-cc24-44c1-8066-53d8361f95eb-139952901822272","trial_id":12,"param_name":"nodes","param_value_internal":2,"distribution":"{\"name\": \"CategoricalDistribution\", \"attributes\": {\"choices\": [16, 32, 64]}}"}
{"op_code":6,"worker_id":"573aec71-cc24-44c1-8066-53d8361f95eb-139952901822272","trial_id":12,"state":1,"values":[0.6125991804191545],"datetime_complete":"2026-03-26T09:16:40.475871"}
{"op_code":4,"worker_id":"573aec71-cc24-44c1-8066-53d8361f95eb-139952901822272","study_id":0,"datetime_start":"2026-03-26T09:16:40.492208"}
{"op_code":5,"worker_id":"573aec71-cc24-44c1-8066-53d8361f95eb-139952901822272","trial_id":13,"param_name":"lr","param_value_internal":0.01350894968233344,"distribution":"{\"name\": \"FloatDistribution\", \"attributes\": {\"step\": null, \"low\": 0.0001, \"high\": 0.1, \"log\": true}}"}
{"op_code":5,"worker_id":"573aec71-cc24-44c1-8066-53d8361f95eb-139952901822272","trial_id":13,"param_name":"dropout","param_value_internal":0.10305377847261984,"distribution":"{\"name\": \"FloatDistribution\", \"attributes\": {\"step\": null, \"low\": 0.0, \"high\": 0.5, \"log\": false}}"}
{"op_code":5,"worker_id":"573aec71-cc24-44c1-8066-53d8361f95eb-139952901822272","trial_id":13,"param_name":"layers","param_value_internal":2,"distribution":"{\"name\": \"CategoricalDistribution\", \"attributes\": {\"choices\": [1, 2, 3]}}"}
{"op_code":5,"worker_id":"573aec71-cc24-44c1-8066-53d8361f95eb-139952901822272","trial_id":13,"param_name":"nodes","param_value_internal":2,"distribution":"{\"name\": \"CategoricalDistribution\", \"attributes\": {\"choices\": [16, 32, 64]}}"}
{"op_code":6,"worker_id":"573aec71-cc24-44c1-8066-53d8361f95eb-139952901822272","trial_id":13,"state":1,"values":[0.6124667883385874],"datetime_complete":"2026-03-26T09:16:49.360983"}
{"op_code":4,"worker_id":"573aec71-cc24-44c1-8066-53d8361f95eb-139952901822272","study_id":0,"datetime_start":"2026-03-26T09:16:49.381896"}
{"op_code":5,"worker_id":"573aec71-cc24-44c1-8066-53d8361f95eb-139952901822272","trial_id":14,"param_name":"lr","param_value_internal":0.0031021509563977515,"distribution":"{\"name\": \"FloatDistribution\", \"attributes\": {\"step\": null, \"low\": 0.0001, \"high\": 0.1, \"log\": true}}"}
{"op_code":5,"worker_id":"573aec71-cc24-44c1-8066-53d8361f95eb-139952901822272","trial_id":14,"param_name":"dropout","param_value_internal":0.23348287568970513,"distribution":"{\"name\": \"FloatDistribution\", \"attributes\": {\"step\": null, \"low\": 0.0, \"high\": 0.5, \"log\": false}}"}
{"op_code":5,"worker_id":"573aec71-cc24-44c1-8066-53d8361f95eb-139952901822272","trial_id":14,"param_name":"layers","param_value_internal":0,"distribution":"{\"name\": \"CategoricalDistribution\", \"attributes\": {\"choices\": [1, 2, 3]}}"}
{"op_code":5,"worker_id":"573aec71-cc24-44c1-8066-53d8361f95eb-139952901822272","trial_id":14,"param_name":"nodes","param_value_internal":1,"distribution":"{\"name\": \"CategoricalDistribution\", \"attributes\": {\"choices\": [16, 32, 64]}}"}
{"op_code":6,"worker_id":"573aec71-cc24-44c1-8066-53d8361f95eb-139952901822272","trial_id":14,"state":1,"values":[0.6100291830783602],"datetime_complete":"2026-03-26T09:16:55.804812"}
{"op_code":4,"worker_id":"573aec71-cc24-44c1-8066-53d8361f95eb-139952901822272","study_id":0,"datetime_start":"2026-03-26T09:16:55.828810"}
{"op_code":5,"worker_id":"573aec71-cc24-44c1-8066-53d8361f95eb-139952901822272","trial_id":15,"param_name":"lr","param_value_internal":0.006790533269822401,"distribution":"{\"name\": \"FloatDistribution\", \"attributes\": {\"step\": null, \"low\": 0.0001, \"high\": 0.1, \"log\": true}}"}
{"op_code":5,"worker_id":"573aec71-cc24-44c1-8066-53d8361f95eb-139952901822272","trial_id":15,"param_name":"dropout","param_value_internal":0.18583841571769136,"distribution":"{\"name\": \"FloatDistribution\", \"attributes\": {\"step\": null, \"low\": 0.0, \"high\": 0.5, \"log\": false}}"}
{"op_code":5,"worker_id":"573aec71-cc24-44c1-8066-53d8361f95eb-139952901822272","trial_id":15,"param_name":"layers","param_value_internal":1,"distribution":"{\"name\": \"CategoricalDistribution\", \"attributes\": {\"choices\": [1, 2, 3]}}"}
{"op_code":5,"worker_id":"573aec71-cc24-44c1-8066-53d8361f95eb-139952901822272","trial_id":15,"param_name":"nodes","param_value_internal":2,"distribution":"{\"name\": \"CategoricalDistribution\", \"attributes\": {\"choices\": [16, 32, 64]}}"}
{"op_code":6,"worker_id":"573aec71-cc24-44c1-8066-53d8361f95eb-139952901822272","trial_id":15,"state":1,"values":[0.6232848691193483],"datetime_complete":"2026-03-26T09:17:03.584921"}
{"op_code":4,"worker_id":"573aec71-cc24-44c1-8066-53d8361f95eb-139952901822272","study_id":0,"datetime_start":"2026-03-26T09:17:03.606816"}
{"op_code":5,"worker_id":"573aec71-cc24-44c1-8066-53d8361f95eb-139952901822272","trial_id":16,"param_name":"lr","param_value_internal":0.009763726470813054,"distribution":"{\"name\": \"FloatDistribution\", \"attributes\": {\"step\": null, \"low\": 0.0001, \"high\": 0.1, \"log\": true}}"}
{"op_code":5,"worker_id":"573aec71-cc24-44c1-8066-53d8361f95eb-139952901822272","trial_id":16,"param_name":"dropout","param_value_internal":0.31288288468435255,"distribution":"{\"name\": \"FloatDistribution\", \"attributes\": {\"step\": null, \"low\": 0.0, \"high\": 0.5, \"log\": false}}"}
{"op_code":5,"worker_id":"573aec71-cc24-44c1-8066-53d8361f95eb-139952901822272","trial_id":16,"param_name":"layers","param_value_internal":1,"distribution":"{\"name\": \"CategoricalDistribution\", \"attributes\": {\"choices\": [1, 2, 3]}}"}
{"op_code":5,"worker_id":"573aec71-cc24-44c1-8066-53d8361f95eb-139952901822272","trial_id":16,"param_name":"nodes","param_value_internal":2,"distribution":"{\"name\": \"CategoricalDistribution\", \"attributes\": {\"choices\": [16, 32, 64]}}"}
{"op_code":6,"worker_id":"573aec71-cc24-44c1-8066-53d8361f95eb-139952901822272","trial_id":16,"state":1,"values":[0.6233587359454158],"datetime_complete":"2026-03-26T09:17:11.369042"}
{"op_code":4,"worker_id":"573aec71-cc24-44c1-8066-53d8361f95eb-139952901822272","study_id":0,"datetime_start":"2026-03-26T09:17:11.388547"}
{"op_code":5,"worker_id":"573aec71-cc24-44c1-8066-53d8361f95eb-139952901822272","trial_id":17,"param_name":"lr","param_value_internal":0.011160325265914131,"distribution":"{\"name\": \"FloatDistribution\", \"attributes\": {\"step\": null, \"low\": 0.0001, \"high\": 0.1, \"log\": true}}"}
{"op_code":5,"worker_id":"573aec71-cc24-44c1-8066-53d8361f95eb-139952901822272","trial_id":17,"param_name":"dropout","param_value_internal":0.49250477321454744,"distribution":"{\"name\": \"FloatDistribution\", \"attributes\": {\"step\": null, \"low\": 0.0, \"high\": 0.5, \"log\": false}}"}
{"op_code":5,"worker_id":"573aec71-cc24-44c1-8066-53d8361f95eb-139952901822272","trial_id":17,"param_name":"layers","param_value_internal":1,"distribution":"{\"name\": \"CategoricalDistribution\", \"attributes\": {\"choices\": [1, 2, 3]}}"}
{"op_code":5,"worker_id":"573aec71-cc24-44c1-8066-53d8361f95eb-139952901822272","trial_id":17,"param_name":"nodes","param_value_internal":2,"distribution":"{\"name\": \"CategoricalDistribution\", \"attributes\": {\"choices\": [16, 32, 64]}}"}
{"op_code":6,"worker_id":"573aec71-cc24-44c1-8066-53d8361f95eb-139952901822272","trial_id":17,"state":1,"values":[0.6180778260879447],"datetime_complete":"2026-03-26T09:17:19.064777"}
{"op_code":4,"worker_id":"573aec71-cc24-44c1-8066-53d8361f95eb-139952901822272","study_id":0,"datetime_start":"2026-03-26T09:17:19.091985"}
{"op_code":5,"worker_id":"573aec71-cc24-44c1-8066-53d8361f95eb-139952901822272","trial_id":18,"param_name":"lr","param_value_internal":0.030945819843715958,"distribution":"{\"name\": \"FloatDistribution\", \"attributes\": {\"step\": null, \"low\": 0.0001, \"high\": 0.1, \"log\": true}}"}
{"op_code":5,"worker_id":"573aec71-cc24-44c1-8066-53d8361f95eb-139952901822272","trial_id":18,"param_name":"dropout","param_value_internal":0.301273396640213,"distribution":"{\"name\": \"FloatDistribution\", \"attributes\": {\"step\": null, \"low\": 0.0, \"high\": 0.5, \"log\": false}}"}
{"op_code":5,"worker_id":"573aec71-cc24-44c1-8066-53d8361f95eb-139952901822272","trial_id":18,"param_name":"layers","param_value_internal":1,"distribution":"{\"name\": \"CategoricalDistribution\", \"attributes\": {\"choices\": [1, 2, 3]}}"}
{"op_code":5,"worker_id":"573aec71-cc24-44c1-8066-53d8361f95eb-139952901822272","trial_id":18,"param_name":"nodes","param_value_internal":2,"distribution":"{\"name\": \"CategoricalDistribution\", \"attributes\": {\"choices\": [16, 32, 64]}}"}
{"op_code":6,"worker_id":"573aec71-cc24-44c1-8066-53d8361f95eb-139952901822272","trial_id":18,"state":1,"values":[0.6248355042604112],"datetime_complete":"2026-03-26T09:17:26.780637"}
{"op_code":4,"worker_id":"573aec71-cc24-44c1-8066-53d8361f95eb-139952901822272","study_id":0,"datetime_start":"2026-03-26T09:17:26.796779"}
{"op_code":5,"worker_id":"573aec71-cc24-44c1-8066-53d8361f95eb-139952901822272","trial_id":19,"param_name":"lr","param_value_internal":0.07265594128563495,"distribution":"{\"name\": \"FloatDistribution\", \"attributes\": {\"step\": null, \"low\": 0.0001, \"high\": 0.1, \"log\": true}}"}
{"op_code":5,"worker_id":"573aec71-cc24-44c1-8066-53d8361f95eb-139952901822272","trial_id":19,"param_name":"dropout","param_value_internal":0.3672127039467132,"distribution":"{\"name\": \"FloatDistribution\", \"attributes\": {\"step\": null, \"low\": 0.0, \"high\": 0.5, \"log\": false}}"}
{"op_code":5,"worker_id":"573aec71-cc24-44c1-8066-53d8361f95eb-139952901822272","trial_id":19,"param_name":"layers","param_value_internal":1,"distribution":"{\"name\": \"CategoricalDistribution\", \"attributes\": {\"choices\": [1, 2, 3]}}"}
{"op_code":5,"worker_id":"573aec71-cc24-44c1-8066-53d8361f95eb-139952901822272","trial_id":19,"param_name":"nodes","param_value_internal":2,"distribution":"{\"name\": \"CategoricalDistribution\", \"attributes\": {\"choices\": [16, 32, 64]}}"}
{"op_code":6,"worker_id":"573aec71-cc24-44c1-8066-53d8361f95eb-139952901822272","trial_id":19,"state":1,"values":[0.6212330759737352],"datetime_complete":"2026-03-26T09:17:34.477420"}
{"op_code":0,"worker_id":"32743229-2f94-4ec7-89c1-a52382c01eef-139699157092160","study_name":"deepsurv_tuning","directions":[2]}
{"op_code":4,"worker_id":"32743229-2f94-4ec7-89c1-a52382c01eef-139699157092160","study_id":0,"datetime_start":"2026-03-26T13:37:54.839475"}
{"op_code":5,"worker_id":"32743229-2f94-4ec7-89c1-a52382c01eef-139699157092160","trial_id":20,"param_name":"lr","param_value_internal":0.02246100976274027,"distribution":"{\"name\": \"FloatDistribution\", \"attributes\": {\"step\": null, \"low\": 0.0001, \"high\": 0.1, \"log\": true}}"}
{"op_code":5,"worker_id":"32743229-2f94-4ec7-89c1-a52382c01eef-139699157092160","trial_id":20,"param_name":"dropout","param_value_internal":0.2843868922549353,"distribution":"{\"name\": \"FloatDistribution\", \"attributes\": {\"step\": null, \"low\": 0.0, \"high\": 0.5, \"log\": false}}"}
{"op_code":5,"worker_id":"32743229-2f94-4ec7-89c1-a52382c01eef-139699157092160","trial_id":20,"param_name":"layers","param_value_internal":1,"distribution":"{\"name\": \"CategoricalDistribution\", \"attributes\": {\"choices\": [1, 2, 3]}}"}
{"op_code":5,"worker_id":"32743229-2f94-4ec7-89c1-a52382c01eef-139699157092160","trial_id":20,"param_name":"nodes","param_value_internal":2,"distribution":"{\"name\": \"CategoricalDistribution\", \"attributes\": {\"choices\": [16, 32, 64]}}"}
{"op_code":6,"worker_id":"32743229-2f94-4ec7-89c1-a52382c01eef-139699157092160","trial_id":20,"state":1,"values":[0.6173687045576968],"datetime_complete":"2026-03-26T13:38:10.148503"}
{"op_code":4,"worker_id":"32743229-2f94-4ec7-89c1-a52382c01eef-139699157092160","study_id":0,"datetime_start":"2026-03-26T13:38:10.172130"}
{"op_code":5,"worker_id":"32743229-2f94-4ec7-89c1-a52382c01eef-139699157092160","trial_id":21,"param_name":"lr","param_value_internal":0.011489145873103642,"distribution":"{\"name\": \"FloatDistribution\", \"attributes\": {\"step\": null, \"low\": 0.0001, \"high\": 0.1, \"log\": true}}"}
{"op_code":5,"worker_id":"32743229-2f94-4ec7-89c1-a52382c01eef-139699157092160","trial_id":21,"param_name":"dropout","param_value_internal":0.334368999596824,"distribution":"{\"name\": \"FloatDistribution\", \"attributes\": {\"step\": null, \"low\": 0.0, \"high\": 0.5, \"log\": false}}"}
{"op_code":5,"worker_id":"32743229-2f94-4ec7-89c1-a52382c01eef-139699157092160","trial_id":21,"param_name":"layers","param_value_internal":1,"distribution":"{\"name\": \"CategoricalDistribution\", \"attributes\": {\"choices\": [1, 2, 3]}}"}
{"op_code":5,"worker_id":"32743229-2f94-4ec7-89c1-a52382c01eef-139699157092160","trial_id":21,"param_name":"nodes","param_value_internal":2,"distribution":"{\"name\": \"CategoricalDistribution\", \"attributes\": {\"choices\": [16, 32, 64]}}"}
{"op_code":6,"worker_id":"32743229-2f94-4ec7-89c1-a52382c01eef-139699157092160","trial_id":21,"state":1,"values":[0.6172380170961927],"datetime_complete":"2026-03-26T13:38:17.965223"}
{"op_code":4,"worker_id":"32743229-2f94-4ec7-89c1-a52382c01eef-139699157092160","study_id":0,"datetime_start":"2026-03-26T13:38:17.999854"}
{"op_code":5,"worker_id":"32743229-2f94-4ec7-89c1-a52382c01eef-139699157092160","trial_id":22,"param_name":"lr","param_value_internal":0.02126901403916096,"distribution":"{\"name\": \"FloatDistribution\", \"attributes\": {\"step\": null, \"low\": 0.0001, \"high\": 0.1, \"log\": true}}"}
{"op_code":5,"worker_id":"32743229-2f94-4ec7-89c1-a52382c01eef-139699157092160","trial_id":22,"param_name":"dropout","param_value_internal":0.27326110327502184,"distribution":"{\"name\": \"FloatDistribution\", \"attributes\": {\"step\": null, \"low\": 0.0, \"high\": 0.5, \"log\": false}}"}
{"op_code":5,"worker_id":"32743229-2f94-4ec7-89c1-a52382c01eef-139699157092160","trial_id":22,"param_name":"layers","param_value_internal":1,"distribution":"{\"name\": \"CategoricalDistribution\", \"attributes\": {\"choices\": [1, 2, 3]}}"}
{"op_code":5,"worker_id":"32743229-2f94-4ec7-89c1-a52382c01eef-139699157092160","trial_id":22,"param_name":"nodes","param_value_internal":2,"distribution":"{\"name\": \"CategoricalDistribution\", \"attributes\": {\"choices\": [16, 32, 64]}}"}
{"op_code":6,"worker_id":"32743229-2f94-4ec7-89c1-a52382c01eef-139699157092160","trial_id":22,"state":1,"values":[0.6178948636418391],"datetime_complete":"2026-03-26T13:38:25.877959"}
{"op_code":4,"worker_id":"32743229-2f94-4ec7-89c1-a52382c01eef-139699157092160","study_id":0,"datetime_start":"2026-03-26T13:38:25.913810"}
{"op_code":5,"worker_id":"32743229-2f94-4ec7-89c1-a52382c01eef-139699157092160","trial_id":23,"param_name":"lr","param_value_internal":0.044954317815845635,"distribution":"{\"name\": \"FloatDistribution\", \"attributes\": {\"step\": null, \"low\": 0.0001, \"high\": 0.1, \"log\": true}}"}
{"op_code":5,"worker_id":"32743229-2f94-4ec7-89c1-a52382c01eef-139699157092160","trial_id":23,"param_name":"dropout","param_value_internal":0.4226280745097454,"distribution":"{\"name\": \"FloatDistribution\", \"attributes\": {\"step\": null, \"low\": 0.0, \"high\": 0.5, \"log\": false}}"}
{"op_code":5,"worker_id":"32743229-2f94-4ec7-89c1-a52382c01eef-139699157092160","trial_id":23,"param_name":"layers","param_value_internal":1,"distribution":"{\"name\": \"CategoricalDistribution\", \"attributes\": {\"choices\": [1, 2, 3]}}"}
{"op_code":5,"worker_id":"32743229-2f94-4ec7-89c1-a52382c01eef-139699157092160","trial_id":23,"param_name":"nodes","param_value_internal":2,"distribution":"{\"name\": \"CategoricalDistribution\", \"attributes\": {\"choices\": [16, 32, 64]}}"}
{"op_code":6,"worker_id":"32743229-2f94-4ec7-89c1-a52382c01eef-139699157092160","trial_id":23,"state":1,"values":[0.6194545900845718],"datetime_complete":"2026-03-26T13:38:33.744043"}
{"op_code":4,"worker_id":"32743229-2f94-4ec7-89c1-a52382c01eef-139699157092160","study_id":0,"datetime_start":"2026-03-26T13:38:33.771564"}
{"op_code":5,"worker_id":"32743229-2f94-4ec7-89c1-a52382c01eef-139699157092160","trial_id":24,"param_name":"lr","param_value_internal":0.0009473706616831172,"distribution":"{\"name\": \"FloatDistribution\", \"attributes\": {\"step\": null, \"low\": 0.0001, \"high\": 0.1, \"log\": true}}"}
{"op_code":5,"worker_id":"32743229-2f94-4ec7-89c1-a52382c01eef-139699157092160","trial_id":24,"param_name":"dropout","param_value_internal":0.3907646289670251,"distribution":"{\"name\": \"FloatDistribution\", \"attributes\": {\"step\": null, \"low\": 0.0, \"high\": 0.5, \"log\": false}}"}
{"op_code":5,"worker_id":"32743229-2f94-4ec7-89c1-a52382c01eef-139699157092160","trial_id":24,"param_name":"layers","param_value_internal":1,"distribution":"{\"name\": \"CategoricalDistribution\", \"attributes\": {\"choices\": [1, 2, 3]}}"}
{"op_code":5,"worker_id":"32743229-2f94-4ec7-89c1-a52382c01eef-139699157092160","trial_id":24,"param_name":"nodes","param_value_internal":2,"distribution":"{\"name\": \"CategoricalDistribution\", \"attributes\": {\"choices\": [16, 32, 64]}}"}
{"op_code":6,"worker_id":"32743229-2f94-4ec7-89c1-a52382c01eef-139699157092160","trial_id":24,"state":1,"values":[0.6018208740831991],"datetime_complete":"2026-03-26T13:38:41.700873"}
{"op_code":4,"worker_id":"32743229-2f94-4ec7-89c1-a52382c01eef-139699157092160","study_id":0,"datetime_start":"2026-03-26T13:38:41.741463"}
{"op_code":5,"worker_id":"32743229-2f94-4ec7-89c1-a52382c01eef-139699157092160","trial_id":25,"param_name":"lr","param_value_internal":0.008312963901612,"distribution":"{\"name\": \"FloatDistribution\", \"attributes\": {\"step\": null, \"low\": 0.0001, \"high\": 0.1, \"log\": true}}"}
{"op_code":5,"worker_id":"32743229-2f94-4ec7-89c1-a52382c01eef-139699157092160","trial_id":25,"param_name":"dropout","param_value_internal":0.317229432582244,"distribution":"{\"name\": \"FloatDistribution\", \"attributes\": {\"step\": null, \"low\": 0.0, \"high\": 0.5, \"log\": false}}"}
{"op_code":5,"worker_id":"32743229-2f94-4ec7-89c1-a52382c01eef-139699157092160","trial_id":25,"param_name":"layers","param_value_internal":0,"distribution":"{\"name\": \"CategoricalDistribution\", \"attributes\": {\"choices\": [1, 2, 3]}}"}
{"op_code":5,"worker_id":"32743229-2f94-4ec7-89c1-a52382c01eef-139699157092160","trial_id":25,"param_name":"nodes","param_value_internal":2,"distribution":"{\"name\": \"CategoricalDistribution\", \"attributes\": {\"choices\": [16, 32, 64]}}"}
{"op_code":6,"worker_id":"32743229-2f94-4ec7-89c1-a52382c01eef-139699157092160","trial_id":25,"state":1,"values":[0.6172624499694305],"datetime_complete":"2026-03-26T13:38:48.405914"}
{"op_code":4,"worker_id":"32743229-2f94-4ec7-89c1-a52382c01eef-139699157092160","study_id":0,"datetime_start":"2026-03-26T13:38:48.440630"}
{"op_code":5,"worker_id":"32743229-2f94-4ec7-89c1-a52382c01eef-139699157092160","trial_id":26,"param_name":"lr","param_value_internal":0.003410537779447256,"distribution":"{\"name\": \"FloatDistribution\", \"attributes\": {\"step\": null, \"low\": 0.0001, \"high\": 0.1, \"log\": true}}"}
{"op_code":5,"worker_id":"32743229-2f94-4ec7-89c1-a52382c01eef-139699157092160","trial_id":26,"param_name":"dropout","param_value_internal":0.21856629020197732,"distribution":"{\"name\": \"FloatDistribution\", \"attributes\": {\"step\": null, \"low\": 0.0, \"high\": 0.5, \"log\": false}}"}
{"op_code":5,"worker_id":"32743229-2f94-4ec7-89c1-a52382c01eef-139699157092160","trial_id":26,"param_name":"layers","param_value_internal":1,"distribution":"{\"name\": \"CategoricalDistribution\", \"attributes\": {\"choices\": [1, 2, 3]}}"}
{"op_code":5,"worker_id":"32743229-2f94-4ec7-89c1-a52382c01eef-139699157092160","trial_id":26,"param_name":"nodes","param_value_internal":2,"distribution":"{\"name\": \"CategoricalDistribution\", \"attributes\": {\"choices\": [16, 32, 64]}}"}
{"op_code":6,"worker_id":"32743229-2f94-4ec7-89c1-a52382c01eef-139699157092160","trial_id":26,"state":1,"values":[0.6153458899361564],"datetime_complete":"2026-03-26T13:38:56.271202"}
{"op_code":4,"worker_id":"32743229-2f94-4ec7-89c1-a52382c01eef-139699157092160","study_id":0,"datetime_start":"2026-03-26T13:38:56.288196"}
{"op_code":5,"worker_id":"32743229-2f94-4ec7-89c1-a52382c01eef-139699157092160","trial_id":27,"param_name":"lr","param_value_internal":0.0391277280769468,"distribution":"{\"name\": \"FloatDistribution\", \"attributes\": {\"step\": null, \"low\": 0.0001, \"high\": 0.1, \"log\": true}}"}
{"op_code":5,"worker_id":"32743229-2f94-4ec7-89c1-a52382c01eef-139699157092160","trial_id":27,"param_name":"dropout","param_value_internal":0.2612256612559041,"distribution":"{\"name\": \"FloatDistribution\", \"attributes\": {\"step\": null, \"low\": 0.0, \"high\": 0.5, \"log\": false}}"}
{"op_code":5,"worker_id":"32743229-2f94-4ec7-89c1-a52382c01eef-139699157092160","trial_id":27,"param_name":"layers","param_value_internal":1,"distribution":"{\"name\": \"CategoricalDistribution\", \"attributes\": {\"choices\": [1, 2, 3]}}"}
{"op_code":5,"worker_id":"32743229-2f94-4ec7-89c1-a52382c01eef-139699157092160","trial_id":27,"param_name":"nodes","param_value_internal":2,"distribution":"{\"name\": \"CategoricalDistribution\", \"attributes\": {\"choices\": [16, 32, 64]}}"}
{"op_code":6,"worker_id":"32743229-2f94-4ec7-89c1-a52382c01eef-139699157092160","trial_id":27,"state":1,"values":[0.6199580209145394],"datetime_complete":"2026-03-26T13:39:04.010324"}
{"op_code":4,"worker_id":"32743229-2f94-4ec7-89c1-a52382c01eef-139699157092160","study_id":0,"datetime_start":"2026-03-26T13:39:04.035119"}
{"op_code":5,"worker_id":"32743229-2f94-4ec7-89c1-a52382c01eef-139699157092160","trial_id":28,"param_name":"lr","param_value_internal":0.01632331276159362,"distribution":"{\"name\": \"FloatDistribution\", \"attributes\": {\"step\": null, \"low\": 0.0001, \"high\": 0.1, \"log\": true}}"}
{"op_code":5,"worker_id":"32743229-2f94-4ec7-89c1-a52382c01eef-139699157092160","trial_id":28,"param_name":"dropout","param_value_internal":0.0772375389003119,"distribution":"{\"name\": \"FloatDistribution\", \"attributes\": {\"step\": null, \"low\": 0.0, \"high\": 0.5, \"log\": false}}"}
{"op_code":5,"worker_id":"32743229-2f94-4ec7-89c1-a52382c01eef-139699157092160","trial_id":28,"param_name":"layers","param_value_internal":1,"distribution":"{\"name\": \"CategoricalDistribution\", \"attributes\": {\"choices\": [1, 2, 3]}}"}
{"op_code":5,"worker_id":"32743229-2f94-4ec7-89c1-a52382c01eef-139699157092160","trial_id":28,"param_name":"nodes","param_value_internal":2,"distribution":"{\"name\": \"CategoricalDistribution\", \"attributes\": {\"choices\": [16, 32, 64]}}"}
{"op_code":6,"worker_id":"32743229-2f94-4ec7-89c1-a52382c01eef-139699157092160","trial_id":28,"state":1,"values":[0.6036970914653133],"datetime_complete":"2026-03-26T13:39:11.829809"}
{"op_code":4,"worker_id":"32743229-2f94-4ec7-89c1-a52382c01eef-139699157092160","study_id":0,"datetime_start":"2026-03-26T13:39:11.860694"}
{"op_code":5,"worker_id":"32743229-2f94-4ec7-89c1-a52382c01eef-139699157092160","trial_id":29,"param_name":"lr","param_value_internal":0.0001581852656044196,"distribution":"{\"name\": \"FloatDistribution\", \"attributes\": {\"step\": null, \"low\": 0.0001, \"high\": 0.1, \"log\": true}}"}
{"op_code":5,"worker_id":"32743229-2f94-4ec7-89c1-a52382c01eef-139699157092160","trial_id":29,"param_name":"dropout","param_value_internal":0.458428819058078,"distribution":"{\"name\": \"FloatDistribution\", \"attributes\": {\"step\": null, \"low\": 0.0, \"high\": 0.5, \"log\": false}}"}
{"op_code":5,"worker_id":"32743229-2f94-4ec7-89c1-a52382c01eef-139699157092160","trial_id":29,"param_name":"layers","param_value_internal":0,"distribution":"{\"name\": \"CategoricalDistribution\", \"attributes\": {\"choices\": [1, 2, 3]}}"}
{"op_code":5,"worker_id":"32743229-2f94-4ec7-89c1-a52382c01eef-139699157092160","trial_id":29,"param_name":"nodes","param_value_internal":2,"distribution":"{\"name\": \"CategoricalDistribution\", \"attributes\": {\"choices\": [16, 32, 64]}}"}
{"op_code":6,"worker_id":"32743229-2f94-4ec7-89c1-a52382c01eef-139699157092160","trial_id":29,"state":1,"values":[0.5608026255679223],"datetime_complete":"2026-03-26T13:39:18.300167"}
{"op_code":4,"worker_id":"32743229-2f94-4ec7-89c1-a52382c01eef-139699157092160","study_id":0,"datetime_start":"2026-03-26T13:39:18.316786"}
{"op_code":5,"worker_id":"32743229-2f94-4ec7-89c1-a52382c01eef-139699157092160","trial_id":30,"param_name":"lr","param_value_internal":0.0031033222729019575,"distribution":"{\"name\": \"FloatDistribution\", \"attributes\": {\"step\": null, \"low\": 0.0001, \"high\": 0.1, \"log\": true}}"}
{"op_code":5,"worker_id":"32743229-2f94-4ec7-89c1-a52382c01eef-139699157092160","trial_id":30,"param_name":"dropout","param_value_internal":0.1926389615194267,"distribution":"{\"name\": \"FloatDistribution\", \"attributes\": {\"step\": null, \"low\": 0.0, \"high\": 0.5, \"log\": false}}"}
{"op_code":5,"worker_id":"32743229-2f94-4ec7-89c1-a52382c01eef-139699157092160","trial_id":30,"param_name":"layers","param_value_internal":1,"distribution":"{\"name\": \"CategoricalDistribution\", \"attributes\": {\"choices\": [1, 2, 3]}}"}
{"op_code":5,"worker_id":"32743229-2f94-4ec7-89c1-a52382c01eef-139699157092160","trial_id":30,"param_name":"nodes","param_value_internal":0,"distribution":"{\"name\": \"CategoricalDistribution\", \"attributes\": {\"choices\": [16, 32, 64]}}"}
{"op_code":6,"worker_id":"32743229-2f94-4ec7-89c1-a52382c01eef-139699157092160","trial_id":30,"state":1,"values":[0.6155152154297572],"datetime_complete":"2026-03-26T13:39:26.137811"}
{"op_code":4,"worker_id":"32743229-2f94-4ec7-89c1-a52382c01eef-139699157092160","study_id":0,"datetime_start":"2026-03-26T13:39:26.171656"}
{"op_code":5,"worker_id":"32743229-2f94-4ec7-89c1-a52382c01eef-139699157092160","trial_id":31,"param_name":"lr","param_value_internal":0.006489489077667559,"distribution":"{\"name\": \"FloatDistribution\", \"attributes\": {\"step\": null, \"low\": 0.0001, \"high\": 0.1, \"log\": true}}"}
{"op_code":5,"worker_id":"32743229-2f94-4ec7-89c1-a52382c01eef-139699157092160","trial_id":31,"param_name":"dropout","param_value_internal":0.19280939048178639,"distribution":"{\"name\": \"FloatDistribution\", \"attributes\": {\"step\": null, \"low\": 0.0, \"high\": 0.5, \"log\": false}}"}
{"op_code":5,"worker_id":"32743229-2f94-4ec7-89c1-a52382c01eef-139699157092160","trial_id":31,"param_name":"layers","param_value_internal":1,"distribution":"{\"name\": \"CategoricalDistribution\", \"attributes\": {\"choices\": [1, 2, 3]}}"}
{"op_code":5,"worker_id":"32743229-2f94-4ec7-89c1-a52382c01eef-139699157092160","trial_id":31,"param_name":"nodes","param_value_internal":2,"distribution":"{\"name\": \"CategoricalDistribution\", \"attributes\": {\"choices\": [16, 32, 64]}}"}
{"op_code":6,"worker_id":"32743229-2f94-4ec7-89c1-a52382c01eef-139699157092160","trial_id":31,"state":1,"values":[0.6146549510092482],"datetime_complete":"2026-03-26T13:39:33.993772"}
{"op_code":4,"worker_id":"32743229-2f94-4ec7-89c1-a52382c01eef-139699157092160","study_id":0,"datetime_start":"2026-03-26T13:39:34.031963"}
{"op_code":5,"worker_id":"32743229-2f94-4ec7-89c1-a52382c01eef-139699157092160","trial_id":32,"param_name":"lr","param_value_internal":0.006672008107494705,"distribution":"{\"name\": \"FloatDistribution\", \"attributes\": {\"step\": null, \"low\": 0.0001, \"high\": 0.1, \"log\": true}}"}
{"op_code":5,"worker_id":"32743229-2f94-4ec7-89c1-a52382c01eef-139699157092160","trial_id":32,"param_name":"dropout","param_value_internal":0.052300682477060934,"distribution":"{\"name\": \"FloatDistribution\", \"attributes\": {\"step\": null, \"low\": 0.0, \"high\": 0.5, \"log\": false}}"}
{"op_code":5,"worker_id":"32743229-2f94-4ec7-89c1-a52382c01eef-139699157092160","trial_id":32,"param_name":"layers","param_value_internal":1,"distribution":"{\"name\": \"CategoricalDistribution\", \"attributes\": {\"choices\": [1, 2, 3]}}"}
{"op_code":5,"worker_id":"32743229-2f94-4ec7-89c1-a52382c01eef-139699157092160","trial_id":32,"param_name":"nodes","param_value_internal":2,"distribution":"{\"name\": \"CategoricalDistribution\", \"attributes\": {\"choices\": [16, 32, 64]}}"}
{"op_code":6,"worker_id":"32743229-2f94-4ec7-89c1-a52382c01eef-139699157092160","trial_id":32,"state":1,"values":[0.5968786152129296],"datetime_complete":"2026-03-26T13:39:41.855175"}
{"op_code":4,"worker_id":"32743229-2f94-4ec7-89c1-a52382c01eef-139699157092160","study_id":0,"datetime_start":"2026-03-26T13:39:41.874216"}
{"op_code":5,"worker_id":"32743229-2f94-4ec7-89c1-a52382c01eef-139699157092160","trial_id":33,"param_name":"lr","param_value_internal":0.004557942584593604,"distribution":"{\"name\": \"FloatDistribution\", \"attributes\": {\"step\": null, \"low\": 0.0001, \"high\": 0.1, \"log\": true}}"}
{"op_code":5,"worker_id":"32743229-2f94-4ec7-89c1-a52382c01eef-139699157092160","trial_id":33,"param_name":"dropout","param_value_internal":0.1298249538392814,"distribution":"{\"name\": \"FloatDistribution\", \"attributes\": {\"step\": null, \"low\": 0.0, \"high\": 0.5, \"log\": false}}"}
{"op_code":5,"worker_id":"32743229-2f94-4ec7-89c1-a52382c01eef-139699157092160","trial_id":33,"param_name":"layers","param_value_internal":1,"distribution":"{\"name\": \"CategoricalDistribution\", \"attributes\": {\"choices\": [1, 2, 3]}}"}
{"op_code":5,"worker_id":"32743229-2f94-4ec7-89c1-a52382c01eef-139699157092160","trial_id":33,"param_name":"nodes","param_value_internal":2,"distribution":"{\"name\": \"CategoricalDistribution\", \"attributes\": {\"choices\": [16, 32, 64]}}"}
{"op_code":6,"worker_id":"32743229-2f94-4ec7-89c1-a52382c01eef-139699157092160","trial_id":33,"state":1,"values":[0.6088961796077558],"datetime_complete":"2026-03-26T13:39:49.847434"}
{"op_code":4,"worker_id":"32743229-2f94-4ec7-89c1-a52382c01eef-139699157092160","study_id":0,"datetime_start":"2026-03-26T13:39:49.871567"}
{"op_code":5,"worker_id":"32743229-2f94-4ec7-89c1-a52382c01eef-139699157092160","trial_id":34,"param_name":"lr","param_value_internal":0.009478731884459144,"distribution":"{\"name\": \"FloatDistribution\", \"attributes\": {\"step\": null, \"low\": 0.0001, \"high\": 0.1, \"log\": true}}"}
{"op_code":5,"worker_id":"32743229-2f94-4ec7-89c1-a52382c01eef-139699157092160","trial_id":34,"param_name":"dropout","param_value_internal":0.24659623618583215,"distribution":"{\"name\": \"FloatDistribution\", \"attributes\": {\"step\": null, \"low\": 0.0, \"high\": 0.5, \"log\": false}}"}
{"op_code":5,"worker_id":"32743229-2f94-4ec7-89c1-a52382c01eef-139699157092160","trial_id":34,"param_name":"layers","param_value_internal":1,"distribution":"{\"name\": \"CategoricalDistribution\", \"attributes\": {\"choices\": [1, 2, 3]}}"}
{"op_code":5,"worker_id":"32743229-2f94-4ec7-89c1-a52382c01eef-139699157092160","trial_id":34,"param_name":"nodes","param_value_internal":1,"distribution":"{\"name\": \"CategoricalDistribution\", \"attributes\": {\"choices\": [16, 32, 64]}}"}
{"op_code":6,"worker_id":"32743229-2f94-4ec7-89c1-a52382c01eef-139699157092160","trial_id":34,"state":1,"values":[0.6206006623013266],"datetime_complete":"2026-03-26T13:39:57.633163"}
{"op_code":4,"worker_id":"32743229-2f94-4ec7-89c1-a52382c01eef-139699157092160","study_id":0,"datetime_start":"2026-03-26T13:39:57.653297"}
{"op_code":5,"worker_id":"32743229-2f94-4ec7-89c1-a52382c01eef-139699157092160","trial_id":35,"param_name":"lr","param_value_internal":0.004606026524228947,"distribution":"{\"name\": \"FloatDistribution\", \"attributes\": {\"step\": null, \"low\": 0.0001, \"high\": 0.1, \"log\": true}}"}
{"op_code":5,"worker_id":"32743229-2f94-4ec7-89c1-a52382c01eef-139699157092160","trial_id":35,"param_name":"dropout","param_value_internal":0.16501625587680685,"distribution":"{\"name\": \"FloatDistribution\", \"attributes\": {\"step\": null, \"low\": 0.0, \"high\": 0.5, \"log\": false}}"}
{"op_code":5,"worker_id":"32743229-2f94-4ec7-89c1-a52382c01eef-139699157092160","trial_id":35,"param_name":"layers","param_value_internal":1,"distribution":"{\"name\": \"CategoricalDistribution\", \"attributes\": {\"choices\": [1, 2, 3]}}"}
{"op_code":5,"worker_id":"32743229-2f94-4ec7-89c1-a52382c01eef-139699157092160","trial_id":35,"param_name":"nodes","param_value_internal":2,"distribution":"{\"name\": \"CategoricalDistribution\", \"attributes\": {\"choices\": [16, 32, 64]}}"}
{"op_code":6,"worker_id":"32743229-2f94-4ec7-89c1-a52382c01eef-139699157092160","trial_id":35,"state":1,"values":[0.6083166091263031],"datetime_complete":"2026-03-26T13:40:05.400563"}
{"op_code":4,"worker_id":"32743229-2f94-4ec7-89c1-a52382c01eef-139699157092160","study_id":0,"datetime_start":"2026-03-26T13:40:05.414253"}
{"op_code":5,"worker_id":"32743229-2f94-4ec7-89c1-a52382c01eef-139699157092160","trial_id":36,"param_name":"lr","param_value_internal":0.001997766598454193,"distribution":"{\"name\": \"FloatDistribution\", \"attributes\": {\"step\": null, \"low\": 0.0001, \"high\": 0.1, \"log\": true}}"}
{"op_code":5,"worker_id":"32743229-2f94-4ec7-89c1-a52382c01eef-139699157092160","trial_id":36,"param_name":"dropout","param_value_internal":0.2124845999545498,"distribution":"{\"name\": \"FloatDistribution\", \"attributes\": {\"step\": null, \"low\": 0.0, \"high\": 0.5, \"log\": false}}"}
{"op_code":5,"worker_id":"32743229-2f94-4ec7-89c1-a52382c01eef-139699157092160","trial_id":36,"param_name":"layers","param_value_internal":2,"distribution":"{\"name\": \"CategoricalDistribution\", \"attributes\": {\"choices\": [1, 2, 3]}}"}
{"op_code":5,"worker_id":"32743229-2f94-4ec7-89c1-a52382c01eef-139699157092160","trial_id":36,"param_name":"nodes","param_value_internal":1,"distribution":"{\"name\": \"CategoricalDistribution\", \"attributes\": {\"choices\": [16, 32, 64]}}"}
{"op_code":6,"worker_id":"32743229-2f94-4ec7-89c1-a52382c01eef-139699157092160","trial_id":36,"state":1,"values":[0.6115110652505449],"datetime_complete":"2026-03-26T13:40:14.362196"}
{"op_code":4,"worker_id":"32743229-2f94-4ec7-89c1-a52382c01eef-139699157092160","study_id":0,"datetime_start":"2026-03-26T13:40:14.383664"}
{"op_code":5,"worker_id":"32743229-2f94-4ec7-89c1-a52382c01eef-139699157092160","trial_id":37,"param_name":"lr","param_value_internal":0.0011160436845673867,"distribution":"{\"name\": \"FloatDistribution\", \"attributes\": {\"step\": null, \"low\": 0.0001, \"high\": 0.1, \"log\": true}}"}
{"op_code":5,"worker_id":"32743229-2f94-4ec7-89c1-a52382c01eef-139699157092160","trial_id":37,"param_name":"dropout","param_value_internal":0.2976704294892178,"distribution":"{\"name\": \"FloatDistribution\", \"attributes\": {\"step\": null, \"low\": 0.0, \"high\": 0.5, \"log\": false}}"}
{"op_code":5,"worker_id":"32743229-2f94-4ec7-89c1-a52382c01eef-139699157092160","trial_id":37,"param_name":"layers","param_value_internal":1,"distribution":"{\"name\": \"CategoricalDistribution\", \"attributes\": {\"choices\": [1, 2, 3]}}"}
{"op_code":5,"worker_id":"32743229-2f94-4ec7-89c1-a52382c01eef-139699157092160","trial_id":37,"param_name":"nodes","param_value_internal":2,"distribution":"{\"name\": \"CategoricalDistribution\", \"attributes\": {\"choices\": [16, 32, 64]}}"}
{"op_code":6,"worker_id":"32743229-2f94-4ec7-89c1-a52382c01eef-139699157092160","trial_id":37,"state":1,"values":[0.6215711587545826],"datetime_complete":"2026-03-26T13:40:22.151401"}
{"op_code":4,"worker_id":"32743229-2f94-4ec7-89c1-a52382c01eef-139699157092160","study_id":0,"datetime_start":"2026-03-26T13:40:22.173166"}
{"op_code":5,"worker_id":"32743229-2f94-4ec7-89c1-a52382c01eef-139699157092160","trial_id":38,"param_name":"lr","param_value_internal":0.02831154710985834,"distribution":"{\"name\": \"FloatDistribution\", \"attributes\": {\"step\": null, \"low\": 0.0001, \"high\": 0.1, \"log\": true}}"}
{"op_code":5,"worker_id":"32743229-2f94-4ec7-89c1-a52382c01eef-139699157092160","trial_id":38,"param_name":"dropout","param_value_internal":0.0008373638902905156,"distribution":"{\"name\": \"FloatDistribution\", \"attributes\": {\"step\": null, \"low\": 0.0, \"high\": 0.5, \"log\": false}}"}
{"op_code":5,"worker_id":"32743229-2f94-4ec7-89c1-a52382c01eef-139699157092160","trial_id":38,"param_name":"layers","param_value_internal":1,"distribution":"{\"name\": \"CategoricalDistribution\", \"attributes\": {\"choices\": [1, 2, 3]}}"}
{"op_code":5,"worker_id":"32743229-2f94-4ec7-89c1-a52382c01eef-139699157092160","trial_id":38,"param_name":"nodes","param_value_internal":0,"distribution":"{\"name\": \"CategoricalDistribution\", \"attributes\": {\"choices\": [16, 32, 64]}}"}
{"op_code":6,"worker_id":"32743229-2f94-4ec7-89c1-a52382c01eef-139699157092160","trial_id":38,"state":1,"values":[0.6106888706557784],"datetime_complete":"2026-03-26T13:40:29.994163"}
{"op_code":4,"worker_id":"32743229-2f94-4ec7-89c1-a52382c01eef-139699157092160","study_id":0,"datetime_start":"2026-03-26T13:40:30.016028"}
{"op_code":5,"worker_id":"32743229-2f94-4ec7-89c1-a52382c01eef-139699157092160","trial_id":39,"param_name":"lr","param_value_internal":0.05946039303139577,"distribution":"{\"name\": \"FloatDistribution\", \"attributes\": {\"step\": null, \"low\": 0.0001, \"high\": 0.1, \"log\": true}}"}
{"op_code":5,"worker_id":"32743229-2f94-4ec7-89c1-a52382c01eef-139699157092160","trial_id":39,"param_name":"dropout","param_value_internal":0.10977743471857385,"distribution":"{\"name\": \"FloatDistribution\", \"attributes\": {\"step\": null, \"low\": 0.0, \"high\": 0.5, \"log\": false}}"}
{"op_code":5,"worker_id":"32743229-2f94-4ec7-89c1-a52382c01eef-139699157092160","trial_id":39,"param_name":"layers","param_value_internal":0,"distribution":"{\"name\": \"CategoricalDistribution\", \"attributes\": {\"choices\": [1, 2, 3]}}"}
{"op_code":5,"worker_id":"32743229-2f94-4ec7-89c1-a52382c01eef-139699157092160","trial_id":39,"param_name":"nodes","param_value_internal":2,"distribution":"{\"name\": \"CategoricalDistribution\", \"attributes\": {\"choices\": [16, 32, 64]}}"}
{"op_code":6,"worker_id":"32743229-2f94-4ec7-89c1-a52382c01eef-139699157092160","trial_id":39,"state":1,"values":[0.6091160754668952],"datetime_complete":"2026-03-26T13:40:36.477564"}
{"op_code":0,"worker_id":"2fd1f50f-13e8-4acc-b335-8f8b6b42e4a5-139998090049344","study_name":"deepsurv_tuning","directions":[2]}
{"op_code":4,"worker_id":"2fd1f50f-13e8-4acc-b335-8f8b6b42e4a5-139998090049344","study_id":0,"datetime_start":"2026-03-30T10:22:49.755185"}
{"op_code":5,"worker_id":"2fd1f50f-13e8-4acc-b335-8f8b6b42e4a5-139998090049344","trial_id":40,"param_name":"lr","param_value_internal":0.01700289715420362,"distribution":"{\"name\": \"FloatDistribution\", \"attributes\": {\"step\": null, \"low\": 0.0001, \"high\": 0.1, \"log\": true}}"}
{"op_code":5,"worker_id":"2fd1f50f-13e8-4acc-b335-8f8b6b42e4a5-139998090049344","trial_id":40,"param_name":"dropout","param_value_internal":0.16083057033370612,"distribution":"{\"name\": \"FloatDistribution\", \"attributes\": {\"step\": null, \"low\": 0.0, \"high\": 0.5, \"log\": false}}"}
{"op_code":5,"worker_id":"2fd1f50f-13e8-4acc-b335-8f8b6b42e4a5-139998090049344","trial_id":40,"param_name":"layers","param_value_internal":1,"distribution":"{\"name\": \"CategoricalDistribution\", \"attributes\": {\"choices\": [1, 2, 3]}}"}
{"op_code":5,"worker_id":"2fd1f50f-13e8-4acc-b335-8f8b6b42e4a5-139998090049344","trial_id":40,"param_name":"nodes","param_value_internal":0,"distribution":"{\"name\": \"CategoricalDistribution\", \"attributes\": {\"choices\": [16, 32, 64]}}"}
{"op_code":6,"worker_id":"2fd1f50f-13e8-4acc-b335-8f8b6b42e4a5-139998090049344","trial_id":40,"state":1,"values":[0.6191631002247824],"datetime_complete":"2026-03-30T10:22:57.546230"}
{"op_code":4,"worker_id":"2fd1f50f-13e8-4acc-b335-8f8b6b42e4a5-139998090049344","study_id":0,"datetime_start":"2026-03-30T10:22:57.566359"}
{"op_code":5,"worker_id":"2fd1f50f-13e8-4acc-b335-8f8b6b42e4a5-139998090049344","trial_id":41,"param_name":"lr","param_value_internal":0.0005512870025705886,"distribution":"{\"name\": \"FloatDistribution\", \"attributes\": {\"step\": null, \"low\": 0.0001, \"high\": 0.1, \"log\": true}}"}
{"op_code":5,"worker_id":"2fd1f50f-13e8-4acc-b335-8f8b6b42e4a5-139998090049344","trial_id":41,"param_name":"dropout","param_value_internal":0.2961271099416734,"distribution":"{\"name\": \"FloatDistribution\", \"attributes\": {\"step\": null, \"low\": 0.0, \"high\": 0.5, \"log\": false}}"}
{"op_code":5,"worker_id":"2fd1f50f-13e8-4acc-b335-8f8b6b42e4a5-139998090049344","trial_id":41,"param_name":"layers","param_value_internal":1,"distribution":"{\"name\": \"CategoricalDistribution\", \"attributes\": {\"choices\": [1, 2, 3]}}"}
{"op_code":5,"worker_id":"2fd1f50f-13e8-4acc-b335-8f8b6b42e4a5-139998090049344","trial_id":41,"param_name":"nodes","param_value_internal":2,"distribution":"{\"name\": \"CategoricalDistribution\", \"attributes\": {\"choices\": [16, 32, 64]}}"}
{"op_code":6,"worker_id":"2fd1f50f-13e8-4acc-b335-8f8b6b42e4a5-139998090049344","trial_id":41,"state":1,"values":[0.6014918826040215],"datetime_complete":"2026-03-30T10:23:03.733609"}
{"op_code":4,"worker_id":"2fd1f50f-13e8-4acc-b335-8f8b6b42e4a5-139998090049344","study_id":0,"datetime_start":"2026-03-30T10:23:03.757296"}
{"op_code":5,"worker_id":"2fd1f50f-13e8-4acc-b335-8f8b6b42e4a5-139998090049344","trial_id":42,"param_name":"lr","param_value_internal":0.0012843936909280344,"distribution":"{\"name\": \"FloatDistribution\", \"attributes\": {\"step\": null, \"low\": 0.0001, \"high\": 0.1, \"log\": true}}"}
{"op_code":5,"worker_id":"2fd1f50f-13e8-4acc-b335-8f8b6b42e4a5-139998090049344","trial_id":42,"param_name":"dropout","param_value_internal":0.34711075736140606,"distribution":"{\"name\": \"FloatDistribution\", \"attributes\": {\"step\": null, \"low\": 0.0, \"high\": 0.5, \"log\": false}}"}
{"op_code":5,"worker_id":"2fd1f50f-13e8-4acc-b335-8f8b6b42e4a5-139998090049344","trial_id":42,"param_name":"layers","param_value_internal":1,"distribution":"{\"name\": \"CategoricalDistribution\", \"attributes\": {\"choices\": [1, 2, 3]}}"}
{"op_code":5,"worker_id":"2fd1f50f-13e8-4acc-b335-8f8b6b42e4a5-139998090049344","trial_id":42,"param_name":"nodes","param_value_internal":2,"distribution":"{\"name\": \"CategoricalDistribution\", \"attributes\": {\"choices\": [16, 32, 64]}}"}
{"op_code":6,"worker_id":"2fd1f50f-13e8-4acc-b335-8f8b6b42e4a5-139998090049344","trial_id":42,"state":1,"values":[0.6105604560196918],"datetime_complete":"2026-03-30T10:23:09.494173"}
{"op_code":4,"worker_id":"2fd1f50f-13e8-4acc-b335-8f8b6b42e4a5-139998090049344","study_id":0,"datetime_start":"2026-03-30T10:23:09.511900"}
{"op_code":5,"worker_id":"2fd1f50f-13e8-4acc-b335-8f8b6b42e4a5-139998090049344","trial_id":43,"param_name":"lr","param_value_internal":0.00045106383592224676,"distribution":"{\"name\": \"FloatDistribution\", \"attributes\": {\"step\": null, \"low\": 0.0001, \"high\": 0.1, \"log\": true}}"}
{"op_code":5,"worker_id":"2fd1f50f-13e8-4acc-b335-8f8b6b42e4a5-139998090049344","trial_id":43,"param_name":"dropout","param_value_internal":0.318525212280034,"distribution":"{\"name\": \"FloatDistribution\", \"attributes\": {\"step\": null, \"low\": 0.0, \"high\": 0.5, \"log\": false}}"}
{"op_code":5,"worker_id":"2fd1f50f-13e8-4acc-b335-8f8b6b42e4a5-139998090049344","trial_id":43,"param_name":"layers","param_value_internal":1,"distribution":"{\"name\": \"CategoricalDistribution\", \"attributes\": {\"choices\": [1, 2, 3]}}"}
{"op_code":5,"worker_id":"2fd1f50f-13e8-4acc-b335-8f8b6b42e4a5-139998090049344","trial_id":43,"param_name":"nodes","param_value_internal":2,"distribution":"{\"name\": \"CategoricalDistribution\", \"attributes\": {\"choices\": [16, 32, 64]}}"}
{"op_code":6,"worker_id":"2fd1f50f-13e8-4acc-b335-8f8b6b42e4a5-139998090049344","trial_id":43,"state":1,"values":[0.6015839320334287],"datetime_complete":"2026-03-30T10:23:15.358969"}
{"op_code":4,"worker_id":"2fd1f50f-13e8-4acc-b335-8f8b6b42e4a5-139998090049344","study_id":0,"datetime_start":"2026-03-30T10:23:15.376821"}
{"op_code":5,"worker_id":"2fd1f50f-13e8-4acc-b335-8f8b6b42e4a5-139998090049344","trial_id":44,"param_name":"lr","param_value_internal":0.002663804228557066,"distribution":"{\"name\": \"FloatDistribution\", \"attributes\": {\"step\": null, \"low\": 0.0001, \"high\": 0.1, \"log\": true}}"}
{"op_code":5,"worker_id":"2fd1f50f-13e8-4acc-b335-8f8b6b42e4a5-139998090049344","trial_id":44,"param_name":"dropout","param_value_internal":0.3781256425597163,"distribution":"{\"name\": \"FloatDistribution\", \"attributes\": {\"step\": null, \"low\": 0.0, \"high\": 0.5, \"log\": false}}"}
{"op_code":5,"worker_id":"2fd1f50f-13e8-4acc-b335-8f8b6b42e4a5-139998090049344","trial_id":44,"param_name":"layers","param_value_internal":2,"distribution":"{\"name\": \"CategoricalDistribution\", \"attributes\": {\"choices\": [1, 2, 3]}}"}
{"op_code":5,"worker_id":"2fd1f50f-13e8-4acc-b335-8f8b6b42e4a5-139998090049344","trial_id":44,"param_name":"nodes","param_value_internal":2,"distribution":"{\"name\": \"CategoricalDistribution\", \"attributes\": {\"choices\": [16, 32, 64]}}"}
{"op_code":6,"worker_id":"2fd1f50f-13e8-4acc-b335-8f8b6b42e4a5-139998090049344","trial_id":44,"state":1,"values":[0.6153777094920008],"datetime_complete":"2026-03-30T10:23:22.230618"}
{"op_code":4,"worker_id":"2fd1f50f-13e8-4acc-b335-8f8b6b42e4a5-139998090049344","study_id":0,"datetime_start":"2026-03-30T10:23:22.255888"}
{"op_code":5,"worker_id":"2fd1f50f-13e8-4acc-b335-8f8b6b42e4a5-139998090049344","trial_id":45,"param_name":"lr","param_value_internal":0.0011365329333236798,"distribution":"{\"name\": \"FloatDistribution\", \"attributes\": {\"step\": null, \"low\": 0.0001, \"high\": 0.1, \"log\": true}}"}
{"op_code":5,"worker_id":"2fd1f50f-13e8-4acc-b335-8f8b6b42e4a5-139998090049344","trial_id":45,"param_name":"dropout","param_value_internal":0.3973627013812608,"distribution":"{\"name\": \"FloatDistribution\", \"attributes\": {\"step\": null, \"low\": 0.0, \"high\": 0.5, \"log\": false}}"}
{"op_code":5,"worker_id":"2fd1f50f-13e8-4acc-b335-8f8b6b42e4a5-139998090049344","trial_id":45,"param_name":"layers","param_value_internal":1,"distribution":"{\"name\": \"CategoricalDistribution\", \"attributes\": {\"choices\": [1, 2, 3]}}"}
{"op_code":5,"worker_id":"2fd1f50f-13e8-4acc-b335-8f8b6b42e4a5-139998090049344","trial_id":45,"param_name":"nodes","param_value_internal":2,"distribution":"{\"name\": \"CategoricalDistribution\", \"attributes\": {\"choices\": [16, 32, 64]}}"}
{"op_code":6,"worker_id":"2fd1f50f-13e8-4acc-b335-8f8b6b42e4a5-139998090049344","trial_id":45,"state":3,"values":null,"datetime_complete":"2026-03-30T10:23:23.126473"}
{"op_code":0,"worker_id":"75467e6e-31c0-4bfc-92a5-73d6a15204f0-139735962314560","study_name":"deepsurv_tuning","directions":[2]}
{"op_code":4,"worker_id":"75467e6e-31c0-4bfc-92a5-73d6a15204f0-139735962314560","study_id":0,"datetime_start":"2026-03-30T10:23:57.044449"}
{"op_code":5,"worker_id":"75467e6e-31c0-4bfc-92a5-73d6a15204f0-139735962314560","trial_id":46,"param_name":"lr","param_value_internal":0.0011556911900970832,"distribution":"{\"name\": \"FloatDistribution\", \"attributes\": {\"step\": null, \"low\": 0.0001, \"high\": 0.1, \"log\": true}}"}
{"op_code":5,"worker_id":"75467e6e-31c0-4bfc-92a5-73d6a15204f0-139735962314560","trial_id":46,"param_name":"dropout","param_value_internal":0.25360944941078434,"distribution":"{\"name\": \"FloatDistribution\", \"attributes\": {\"step\": null, \"low\": 0.0, \"high\": 0.5, \"log\": false}}"}
{"op_code":5,"worker_id":"75467e6e-31c0-4bfc-92a5-73d6a15204f0-139735962314560","trial_id":46,"param_name":"layers","param_value_internal":1,"distribution":"{\"name\": \"CategoricalDistribution\", \"attributes\": {\"choices\": [1, 2, 3]}}"}
{"op_code":5,"worker_id":"75467e6e-31c0-4bfc-92a5-73d6a15204f0-139735962314560","trial_id":46,"param_name":"nodes","param_value_internal":2,"distribution":"{\"name\": \"CategoricalDistribution\", \"attributes\": {\"choices\": [16, 32, 64]}}"}
{"op_code":6,"worker_id":"75467e6e-31c0-4bfc-92a5-73d6a15204f0-139735962314560","trial_id":46,"state":1,"values":[0.611921878444751],"datetime_complete":"2026-03-30T10:24:05.019296"}
{"op_code":4,"worker_id":"75467e6e-31c0-4bfc-92a5-73d6a15204f0-139735962314560","study_id":0,"datetime_start":"2026-03-30T10:24:05.045519"}
{"op_code":5,"worker_id":"75467e6e-31c0-4bfc-92a5-73d6a15204f0-139735962314560","trial_id":47,"param_name":"lr","param_value_internal":0.0008024754373248597,"distribution":"{\"name\": \"FloatDistribution\", \"attributes\": {\"step\": null, \"low\": 0.0001, \"high\": 0.1, \"log\": true}}"}
{"op_code":5,"worker_id":"75467e6e-31c0-4bfc-92a5-73d6a15204f0-139735962314560","trial_id":47,"param_name":"dropout","param_value_internal":0.3995267531865262,"distribution":"{\"name\": \"FloatDistribution\", \"attributes\": {\"step\": null, \"low\": 0.0, \"high\": 0.5, \"log\": false}}"}
{"op_code":5,"worker_id":"75467e6e-31c0-4bfc-92a5-73d6a15204f0-139735962314560","trial_id":47,"param_name":"layers","param_value_internal":1,"distribution":"{\"name\": \"CategoricalDistribution\", \"attributes\": {\"choices\": [1, 2, 3]}}"}
{"op_code":5,"worker_id":"75467e6e-31c0-4bfc-92a5-73d6a15204f0-139735962314560","trial_id":47,"param_name":"nodes","param_value_internal":1,"distribution":"{\"name\": \"CategoricalDistribution\", \"attributes\": {\"choices\": [16, 32, 64]}}"}
{"op_code":6,"worker_id":"75467e6e-31c0-4bfc-92a5-73d6a15204f0-139735962314560","trial_id":47,"state":1,"values":[0.5929062845895618],"datetime_complete":"2026-03-30T10:24:10.930935"}
{"op_code":4,"worker_id":"75467e6e-31c0-4bfc-92a5-73d6a15204f0-139735962314560","study_id":0,"datetime_start":"2026-03-30T10:24:10.954934"}
{"op_code":5,"worker_id":"75467e6e-31c0-4bfc-92a5-73d6a15204f0-139735962314560","trial_id":48,"param_name":"lr","param_value_internal":0.002274704499352722,"distribution":"{\"name\": \"FloatDistribution\", \"attributes\": {\"step\": null, \"low\": 0.0001, \"high\": 0.1, \"log\": true}}"}
{"op_code":5,"worker_id":"75467e6e-31c0-4bfc-92a5-73d6a15204f0-139735962314560","trial_id":48,"param_name":"dropout","param_value_internal":0.327489591903468,"distribution":"{\"name\": \"FloatDistribution\", \"attributes\": {\"step\": null, \"low\": 0.0, \"high\": 0.5, \"log\": false}}"}
{"op_code":5,"worker_id":"75467e6e-31c0-4bfc-92a5-73d6a15204f0-139735962314560","trial_id":48,"param_name":"layers","param_value_internal":1,"distribution":"{\"name\": \"CategoricalDistribution\", \"attributes\": {\"choices\": [1, 2, 3]}}"}
{"op_code":5,"worker_id":"75467e6e-31c0-4bfc-92a5-73d6a15204f0-139735962314560","trial_id":48,"param_name":"nodes","param_value_internal":2,"distribution":"{\"name\": \"CategoricalDistribution\", \"attributes\": {\"choices\": [16, 32, 64]}}"}
{"op_code":6,"worker_id":"75467e6e-31c0-4bfc-92a5-73d6a15204f0-139735962314560","trial_id":48,"state":1,"values":[0.6190880969860062],"datetime_complete":"2026-03-30T10:24:16.901396"}
{"op_code":4,"worker_id":"75467e6e-31c0-4bfc-92a5-73d6a15204f0-139735962314560","study_id":0,"datetime_start":"2026-03-30T10:24:16.918130"}
{"op_code":5,"worker_id":"75467e6e-31c0-4bfc-92a5-73d6a15204f0-139735962314560","trial_id":49,"param_name":"lr","param_value_internal":0.00652933134302268,"distribution":"{\"name\": \"FloatDistribution\", \"attributes\": {\"step\": null, \"low\": 0.0001, \"high\": 0.1, \"log\": true}}"}
{"op_code":5,"worker_id":"75467e6e-31c0-4bfc-92a5-73d6a15204f0-139735962314560","trial_id":49,"param_name":"dropout","param_value_internal":0.3012971966866242,"distribution":"{\"name\": \"FloatDistribution\", \"attributes\": {\"step\": null, \"low\": 0.0, \"high\": 0.5, \"log\": false}}"}
{"op_code":5,"worker_id":"75467e6e-31c0-4bfc-92a5-73d6a15204f0-139735962314560","trial_id":49,"param_name":"layers","param_value_internal":2,"distribution":"{\"name\": \"CategoricalDistribution\", \"attributes\": {\"choices\": [1, 2, 3]}}"}
{"op_code":5,"worker_id":"75467e6e-31c0-4bfc-92a5-73d6a15204f0-139735962314560","trial_id":49,"param_name":"nodes","param_value_internal":2,"distribution":"{\"name\": \"CategoricalDistribution\", \"attributes\": {\"choices\": [16, 32, 64]}}"}
{"op_code":6,"worker_id":"75467e6e-31c0-4bfc-92a5-73d6a15204f0-139735962314560","trial_id":49,"state":1,"values":[0.6110729781513292],"datetime_complete":"2026-03-30T10:24:24.033428"}
{"op_code":4,"worker_id":"75467e6e-31c0-4bfc-92a5-73d6a15204f0-139735962314560","study_id":0,"datetime_start":"2026-03-30T10:24:24.053868"}
{"op_code":5,"worker_id":"75467e6e-31c0-4bfc-92a5-73d6a15204f0-139735962314560","trial_id":50,"param_name":"lr","param_value_internal":0.001645589431200279,"distribution":"{\"name\": \"FloatDistribution\", \"attributes\": {\"step\": null, \"low\": 0.0001, \"high\": 0.1, \"log\": true}}"}
{"op_code":5,"worker_id":"75467e6e-31c0-4bfc-92a5-73d6a15204f0-139735962314560","trial_id":50,"param_name":"dropout","param_value_internal":0.22497862052429926,"distribution":"{\"name\": \"FloatDistribution\", \"attributes\": {\"step\": null, \"low\": 0.0, \"high\": 0.5, \"log\": false}}"}
{"op_code":5,"worker_id":"75467e6e-31c0-4bfc-92a5-73d6a15204f0-139735962314560","trial_id":50,"param_name":"layers","param_value_internal":0,"distribution":"{\"name\": \"CategoricalDistribution\", \"attributes\": {\"choices\": [1, 2, 3]}}"}
{"op_code":5,"worker_id":"75467e6e-31c0-4bfc-92a5-73d6a15204f0-139735962314560","trial_id":50,"param_name":"nodes","param_value_internal":0,"distribution":"{\"name\": \"CategoricalDistribution\", \"attributes\": {\"choices\": [16, 32, 64]}}"}
{"op_code":6,"worker_id":"75467e6e-31c0-4bfc-92a5-73d6a15204f0-139735962314560","trial_id":50,"state":1,"values":[0.595967780426882],"datetime_complete":"2026-03-30T10:24:28.733470"}
{"op_code":4,"worker_id":"75467e6e-31c0-4bfc-92a5-73d6a15204f0-139735962314560","study_id":0,"datetime_start":"2026-03-30T10:24:28.757318"}
{"op_code":5,"worker_id":"75467e6e-31c0-4bfc-92a5-73d6a15204f0-139735962314560","trial_id":51,"param_name":"lr","param_value_internal":0.004049272789365715,"distribution":"{\"name\": \"FloatDistribution\", \"attributes\": {\"step\": null, \"low\": 0.0001, \"high\": 0.1, \"log\": true}}"}
{"op_code":5,"worker_id":"75467e6e-31c0-4bfc-92a5-73d6a15204f0-139735962314560","trial_id":51,"param_name":"dropout","param_value_internal":0.2772709532451095,"distribution":"{\"name\": \"FloatDistribution\", \"attributes\": {\"step\": null, \"low\": 0.0, \"high\": 0.5, \"log\": false}}"}
{"op_code":5,"worker_id":"75467e6e-31c0-4bfc-92a5-73d6a15204f0-139735962314560","trial_id":51,"param_name":"layers","param_value_internal":1,"distribution":"{\"name\": \"CategoricalDistribution\", \"attributes\": {\"choices\": [1, 2, 3]}}"}
{"op_code":5,"worker_id":"75467e6e-31c0-4bfc-92a5-73d6a15204f0-139735962314560","trial_id":51,"param_name":"nodes","param_value_internal":2,"distribution":"{\"name\": \"CategoricalDistribution\", \"attributes\": {\"choices\": [16, 32, 64]}}"}
{"op_code":6,"worker_id":"75467e6e-31c0-4bfc-92a5-73d6a15204f0-139735962314560","trial_id":51,"state":1,"values":[0.6205875935551762],"datetime_complete":"2026-03-30T10:24:34.771724"}
{"op_code":4,"worker_id":"75467e6e-31c0-4bfc-92a5-73d6a15204f0-139735962314560","study_id":0,"datetime_start":"2026-03-30T10:24:34.797101"}
{"op_code":5,"worker_id":"75467e6e-31c0-4bfc-92a5-73d6a15204f0-139735962314560","trial_id":52,"param_name":"lr","param_value_internal":0.05882053577694171,"distribution":"{\"name\": \"FloatDistribution\", \"attributes\": {\"step\": null, \"low\": 0.0001, \"high\": 0.1, \"log\": true}}"}
{"op_code":5,"worker_id":"75467e6e-31c0-4bfc-92a5-73d6a15204f0-139735962314560","trial_id":52,"param_name":"dropout","param_value_internal":0.35734223016669064,"distribution":"{\"name\": \"FloatDistribution\", \"attributes\": {\"step\": null, \"low\": 0.0, \"high\": 0.5, \"log\": false}}"}
{"op_code":5,"worker_id":"75467e6e-31c0-4bfc-92a5-73d6a15204f0-139735962314560","trial_id":52,"param_name":"layers","param_value_internal":1,"distribution":"{\"name\": \"CategoricalDistribution\", \"attributes\": {\"choices\": [1, 2, 3]}}"}
{"op_code":5,"worker_id":"75467e6e-31c0-4bfc-92a5-73d6a15204f0-139735962314560","trial_id":52,"param_name":"nodes","param_value_internal":2,"distribution":"{\"name\": \"CategoricalDistribution\", \"attributes\": {\"choices\": [16, 32, 64]}}"}
{"op_code":6,"worker_id":"75467e6e-31c0-4bfc-92a5-73d6a15204f0-139735962314560","trial_id":52,"state":1,"values":[0.6140071957652716],"datetime_complete":"2026-03-30T10:24:40.586115"}
{"op_code":4,"worker_id":"75467e6e-31c0-4bfc-92a5-73d6a15204f0-139735962314560","study_id":0,"datetime_start":"2026-03-30T10:24:40.610404"}
{"op_code":5,"worker_id":"75467e6e-31c0-4bfc-92a5-73d6a15204f0-139735962314560","trial_id":53,"param_name":"lr","param_value_internal":0.09702292433383902,"distribution":"{\"name\": \"FloatDistribution\", \"attributes\": {\"step\": null, \"low\": 0.0001, \"high\": 0.1, \"log\": true}}"}
{"op_code":5,"worker_id":"75467e6e-31c0-4bfc-92a5-73d6a15204f0-139735962314560","trial_id":53,"param_name":"dropout","param_value_internal":0.35972492128303013,"distribution":"{\"name\": \"FloatDistribution\", \"attributes\": {\"step\": null, \"low\": 0.0, \"high\": 0.5, \"log\": false}}"}
{"op_code":5,"worker_id":"75467e6e-31c0-4bfc-92a5-73d6a15204f0-139735962314560","trial_id":53,"param_name":"layers","param_value_internal":1,"distribution":"{\"name\": \"CategoricalDistribution\", \"attributes\": {\"choices\": [1, 2, 3]}}"}
{"op_code":5,"worker_id":"75467e6e-31c0-4bfc-92a5-73d6a15204f0-139735962314560","trial_id":53,"param_name":"nodes","param_value_internal":2,"distribution":"{\"name\": \"CategoricalDistribution\", \"attributes\": {\"choices\": [16, 32, 64]}}"}
{"op_code":6,"worker_id":"75467e6e-31c0-4bfc-92a5-73d6a15204f0-139735962314560","trial_id":53,"state":1,"values":[0.6149151895195475],"datetime_complete":"2026-03-30T10:24:46.366340"}
{"op_code":4,"worker_id":"75467e6e-31c0-4bfc-92a5-73d6a15204f0-139735962314560","study_id":0,"datetime_start":"2026-03-30T10:24:46.389263"}
{"op_code":5,"worker_id":"75467e6e-31c0-4bfc-92a5-73d6a15204f0-139735962314560","trial_id":54,"param_name":"lr","param_value_internal":0.06257904022244058,"distribution":"{\"name\": \"FloatDistribution\", \"attributes\": {\"step\": null, \"low\": 0.0001, \"high\": 0.1, \"log\": true}}"}
{"op_code":5,"worker_id":"75467e6e-31c0-4bfc-92a5-73d6a15204f0-139735962314560","trial_id":54,"param_name":"dropout","param_value_internal":0.43801780146853964,"distribution":"{\"name\": \"FloatDistribution\", \"attributes\": {\"step\": null, \"low\": 0.0, \"high\": 0.5, \"log\": false}}"}
{"op_code":5,"worker_id":"75467e6e-31c0-4bfc-92a5-73d6a15204f0-139735962314560","trial_id":54,"param_name":"layers","param_value_internal":1,"distribution":"{\"name\": \"CategoricalDistribution\", \"attributes\": {\"choices\": [1, 2, 3]}}"}
{"op_code":5,"worker_id":"75467e6e-31c0-4bfc-92a5-73d6a15204f0-139735962314560","trial_id":54,"param_name":"nodes","param_value_internal":2,"distribution":"{\"name\": \"CategoricalDistribution\", \"attributes\": {\"choices\": [16, 32, 64]}}"}
{"op_code":6,"worker_id":"75467e6e-31c0-4bfc-92a5-73d6a15204f0-139735962314560","trial_id":54,"state":1,"values":[0.6067682468106578],"datetime_complete":"2026-03-30T10:24:52.706311"}
{"op_code":4,"worker_id":"75467e6e-31c0-4bfc-92a5-73d6a15204f0-139735962314560","study_id":0,"datetime_start":"2026-03-30T10:24:52.725385"}
{"op_code":5,"worker_id":"75467e6e-31c0-4bfc-92a5-73d6a15204f0-139735962314560","trial_id":55,"param_name":"lr","param_value_internal":0.041539437894531114,"distribution":"{\"name\": \"FloatDistribution\", \"attributes\": {\"step\": null, \"low\": 0.0001, \"high\": 0.1, \"log\": true}}"}
{"op_code":5,"worker_id":"75467e6e-31c0-4bfc-92a5-73d6a15204f0-139735962314560","trial_id":55,"param_name":"dropout","param_value_internal":0.33444736237209277,"distribution":"{\"name\": \"FloatDistribution\", \"attributes\": {\"step\": null, \"low\": 0.0, \"high\": 0.5, \"log\": false}}"}
{"op_code":5,"worker_id":"75467e6e-31c0-4bfc-92a5-73d6a15204f0-139735962314560","trial_id":55,"param_name":"layers","param_value_internal":1,"distribution":"{\"name\": \"CategoricalDistribution\", \"attributes\": {\"choices\": [1, 2, 3]}}"}
{"op_code":5,"worker_id":"75467e6e-31c0-4bfc-92a5-73d6a15204f0-139735962314560","trial_id":55,"param_name":"nodes","param_value_internal":2,"distribution":"{\"name\": \"CategoricalDistribution\", \"attributes\": {\"choices\": [16, 32, 64]}}"}
{"op_code":6,"worker_id":"75467e6e-31c0-4bfc-92a5-73d6a15204f0-139735962314560","trial_id":55,"state":1,"values":[0.6176187153536176],"datetime_complete":"2026-03-30T10:24:58.708322"}
{"op_code":4,"worker_id":"75467e6e-31c0-4bfc-92a5-73d6a15204f0-139735962314560","study_id":0,"datetime_start":"2026-03-30T10:24:58.726675"}
{"op_code":5,"worker_id":"75467e6e-31c0-4bfc-92a5-73d6a15204f0-139735962314560","trial_id":56,"param_name":"lr","param_value_internal":0.07997188948174437,"distribution":"{\"name\": \"FloatDistribution\", \"attributes\": {\"step\": null, \"low\": 0.0001, \"high\": 0.1, \"log\": true}}"}
{"op_code":5,"worker_id":"75467e6e-31c0-4bfc-92a5-73d6a15204f0-139735962314560","trial_id":56,"param_name":"dropout","param_value_internal":0.37796058590927095,"distribution":"{\"name\": \"FloatDistribution\", \"attributes\": {\"step\": null, \"low\": 0.0, \"high\": 0.5, \"log\": false}}"}
{"op_code":5,"worker_id":"75467e6e-31c0-4bfc-92a5-73d6a15204f0-139735962314560","trial_id":56,"param_name":"layers","param_value_internal":1,"distribution":"{\"name\": \"CategoricalDistribution\", \"attributes\": {\"choices\": [1, 2, 3]}}"}
{"op_code":5,"worker_id":"75467e6e-31c0-4bfc-92a5-73d6a15204f0-139735962314560","trial_id":56,"param_name":"nodes","param_value_internal":2,"distribution":"{\"name\": \"CategoricalDistribution\", \"attributes\": {\"choices\": [16, 32, 64]}}"}
{"op_code":6,"worker_id":"75467e6e-31c0-4bfc-92a5-73d6a15204f0-139735962314560","trial_id":56,"state":1,"values":[0.6152015655221476],"datetime_complete":"2026-03-30T10:25:04.605385"}
{"op_code":4,"worker_id":"75467e6e-31c0-4bfc-92a5-73d6a15204f0-139735962314560","study_id":0,"datetime_start":"2026-03-30T10:25:04.621718"}
{"op_code":5,"worker_id":"75467e6e-31c0-4bfc-92a5-73d6a15204f0-139735962314560","trial_id":57,"param_name":"lr","param_value_internal":0.02965477905125386,"distribution":"{\"name\": \"FloatDistribution\", \"attributes\": {\"step\": null, \"low\": 0.0001, \"high\": 0.1, \"log\": true}}"}
{"op_code":5,"worker_id":"75467e6e-31c0-4bfc-92a5-73d6a15204f0-139735962314560","trial_id":57,"param_name":"dropout","param_value_internal":0.29080593713186786,"distribution":"{\"name\": \"FloatDistribution\", \"attributes\": {\"step\": null, \"low\": 0.0, \"high\": 0.5, \"log\": false}}"}
{"op_code":5,"worker_id":"75467e6e-31c0-4bfc-92a5-73d6a15204f0-139735962314560","trial_id":57,"param_name":"layers","param_value_internal":1,"distribution":"{\"name\": \"CategoricalDistribution\", \"attributes\": {\"choices\": [1, 2, 3]}}"}
{"op_code":5,"worker_id":"75467e6e-31c0-4bfc-92a5-73d6a15204f0-139735962314560","trial_id":57,"param_name":"nodes","param_value_internal":2,"distribution":"{\"name\": \"CategoricalDistribution\", \"attributes\": {\"choices\": [16, 32, 64]}}"}
{"op_code":6,"worker_id":"75467e6e-31c0-4bfc-92a5-73d6a15204f0-139735962314560","trial_id":57,"state":1,"values":[0.623427488914294],"datetime_complete":"2026-03-30T10:25:10.479242"}
{"op_code":4,"worker_id":"75467e6e-31c0-4bfc-92a5-73d6a15204f0-139735962314560","study_id":0,"datetime_start":"2026-03-30T10:25:10.497546"}
{"op_code":5,"worker_id":"75467e6e-31c0-4bfc-92a5-73d6a15204f0-139735962314560","trial_id":58,"param_name":"lr","param_value_internal":0.027340953970677845,"distribution":"{\"name\": \"FloatDistribution\", \"attributes\": {\"step\": null, \"low\": 0.0001, \"high\": 0.1, \"log\": true}}"}
{"op_code":5,"worker_id":"75467e6e-31c0-4bfc-92a5-73d6a15204f0-139735962314560","trial_id":58,"param_name":"dropout","param_value_internal":0.26700428971318746,"distribution":"{\"name\": \"FloatDistribution\", \"attributes\": {\"step\": null, \"low\": 0.0, \"high\": 0.5, \"log\": false}}"}
{"op_code":5,"worker_id":"75467e6e-31c0-4bfc-92a5-73d6a15204f0-139735962314560","trial_id":58,"param_name":"layers","param_value_internal":1,"distribution":"{\"name\": \"CategoricalDistribution\", \"attributes\": {\"choices\": [1, 2, 3]}}"}
{"op_code":5,"worker_id":"75467e6e-31c0-4bfc-92a5-73d6a15204f0-139735962314560","trial_id":58,"param_name":"nodes","param_value_internal":1,"distribution":"{\"name\": \"CategoricalDistribution\", \"attributes\": {\"choices\": [16, 32, 64]}}"}
{"op_code":6,"worker_id":"75467e6e-31c0-4bfc-92a5-73d6a15204f0-139735962314560","trial_id":58,"state":1,"values":[0.6165578740900175],"datetime_complete":"2026-03-30T10:25:16.490478"}
{"op_code":4,"worker_id":"75467e6e-31c0-4bfc-92a5-73d6a15204f0-139735962314560","study_id":0,"datetime_start":"2026-03-30T10:25:16.507650"}
{"op_code":5,"worker_id":"75467e6e-31c0-4bfc-92a5-73d6a15204f0-139735962314560","trial_id":59,"param_name":"lr","param_value_internal":0.015974701141776976,"distribution":"{\"name\": \"FloatDistribution\", \"attributes\": {\"step\": null, \"low\": 0.0001, \"high\": 0.1, \"log\": true}}"}
{"op_code":5,"worker_id":"75467e6e-31c0-4bfc-92a5-73d6a15204f0-139735962314560","trial_id":59,"param_name":"dropout","param_value_internal":0.24258723239591715,"distribution":"{\"name\": \"FloatDistribution\", \"attributes\": {\"step\": null, \"low\": 0.0, \"high\": 0.5, \"log\": false}}"}
{"op_code":5,"worker_id":"75467e6e-31c0-4bfc-92a5-73d6a15204f0-139735962314560","trial_id":59,"param_name":"layers","param_value_internal":1,"distribution":"{\"name\": \"CategoricalDistribution\", \"attributes\": {\"choices\": [1, 2, 3]}}"}
{"op_code":5,"worker_id":"75467e6e-31c0-4bfc-92a5-73d6a15204f0-139735962314560","trial_id":59,"param_name":"nodes","param_value_internal":2,"distribution":"{\"name\": \"CategoricalDistribution\", \"attributes\": {\"choices\": [16, 32, 64]}}"}
{"op_code":6,"worker_id":"75467e6e-31c0-4bfc-92a5-73d6a15204f0-139735962314560","trial_id":59,"state":1,"values":[0.6109195624356506],"datetime_complete":"2026-03-30T10:25:22.406525"}
{"op_code":4,"worker_id":"75467e6e-31c0-4bfc-92a5-73d6a15204f0-139735962314560","study_id":0,"datetime_start":"2026-03-30T10:25:22.429234"}
{"op_code":5,"worker_id":"75467e6e-31c0-4bfc-92a5-73d6a15204f0-139735962314560","trial_id":60,"param_name":"lr","param_value_internal":0.03222974419646407,"distribution":"{\"name\": \"FloatDistribution\", \"attributes\": {\"step\": null, \"low\": 0.0001, \"high\": 0.1, \"log\": true}}"}
{"op_code":5,"worker_id":"75467e6e-31c0-4bfc-92a5-73d6a15204f0-139735962314560","trial_id":60,"param_name":"dropout","param_value_internal":0.30088892030833897,"distribution":"{\"name\": \"FloatDistribution\", \"attributes\": {\"step\": null, \"low\": 0.0, \"high\": 0.5, \"log\": false}}"}
{"op_code":5,"worker_id":"75467e6e-31c0-4bfc-92a5-73d6a15204f0-139735962314560","trial_id":60,"param_name":"layers","param_value_internal":2,"distribution":"{\"name\": \"CategoricalDistribution\", \"attributes\": {\"choices\": [1, 2, 3]}}"}
{"op_code":5,"worker_id":"75467e6e-31c0-4bfc-92a5-73d6a15204f0-139735962314560","trial_id":60,"param_name":"nodes","param_value_internal":2,"distribution":"{\"name\": \"CategoricalDistribution\", \"attributes\": {\"choices\": [16, 32, 64]}}"}
{"op_code":6,"worker_id":"75467e6e-31c0-4bfc-92a5-73d6a15204f0-139735962314560","trial_id":60,"state":1,"values":[0.6195097061009452],"datetime_complete":"2026-03-30T10:25:29.370851"}
{"op_code":4,"worker_id":"75467e6e-31c0-4bfc-92a5-73d6a15204f0-139735962314560","study_id":0,"datetime_start":"2026-03-30T10:25:29.397167"}
{"op_code":5,"worker_id":"75467e6e-31c0-4bfc-92a5-73d6a15204f0-139735962314560","trial_id":61,"param_name":"lr","param_value_internal":0.012367326711415732,"distribution":"{\"name\": \"FloatDistribution\", \"attributes\": {\"step\": null, \"low\": 0.0001, \"high\": 0.1, \"log\": true}}"}
{"op_code":5,"worker_id":"75467e6e-31c0-4bfc-92a5-73d6a15204f0-139735962314560","trial_id":61,"param_name":"dropout","param_value_internal":0.17630738854786543,"distribution":"{\"name\": \"FloatDistribution\", \"attributes\": {\"step\": null, \"low\": 0.0, \"high\": 0.5, \"log\": false}}"}
{"op_code":5,"worker_id":"75467e6e-31c0-4bfc-92a5-73d6a15204f0-139735962314560","trial_id":61,"param_name":"layers","param_value_internal":0,"distribution":"{\"name\": \"CategoricalDistribution\", \"attributes\": {\"choices\": [1, 2, 3]}}"}
{"op_code":5,"worker_id":"75467e6e-31c0-4bfc-92a5-73d6a15204f0-139735962314560","trial_id":61,"param_name":"nodes","param_value_internal":2,"distribution":"{\"name\": \"CategoricalDistribution\", \"attributes\": {\"choices\": [16, 32, 64]}}"}
{"op_code":6,"worker_id":"75467e6e-31c0-4bfc-92a5-73d6a15204f0-139735962314560","trial_id":61,"state":1,"values":[0.6118315336344069],"datetime_complete":"2026-03-30T10:25:33.933402"}
{"op_code":4,"worker_id":"75467e6e-31c0-4bfc-92a5-73d6a15204f0-139735962314560","study_id":0,"datetime_start":"2026-03-30T10:25:33.953047"}
{"op_code":5,"worker_id":"75467e6e-31c0-4bfc-92a5-73d6a15204f0-139735962314560","trial_id":62,"param_name":"lr","param_value_internal":0.02248695520901057,"distribution":"{\"name\": \"FloatDistribution\", \"attributes\": {\"step\": null, \"low\": 0.0001, \"high\": 0.1, \"log\": true}}"}
{"op_code":5,"worker_id":"75467e6e-31c0-4bfc-92a5-73d6a15204f0-139735962314560","trial_id":62,"param_name":"dropout","param_value_internal":0.2864839632298883,"distribution":"{\"name\": \"FloatDistribution\", \"attributes\": {\"step\": null, \"low\": 0.0, \"high\": 0.5, \"log\": false}}"}
{"op_code":5,"worker_id":"75467e6e-31c0-4bfc-92a5-73d6a15204f0-139735962314560","trial_id":62,"param_name":"layers","param_value_internal":1,"distribution":"{\"name\": \"CategoricalDistribution\", \"attributes\": {\"choices\": [1, 2, 3]}}"}
{"op_code":5,"worker_id":"75467e6e-31c0-4bfc-92a5-73d6a15204f0-139735962314560","trial_id":62,"param_name":"nodes","param_value_internal":2,"distribution":"{\"name\": \"CategoricalDistribution\", \"attributes\": {\"choices\": [16, 32, 64]}}"}
{"op_code":6,"worker_id":"75467e6e-31c0-4bfc-92a5-73d6a15204f0-139735962314560","trial_id":62,"state":1,"values":[0.6183846575193019],"datetime_complete":"2026-03-30T10:25:39.926621"}
{"op_code":4,"worker_id":"75467e6e-31c0-4bfc-92a5-73d6a15204f0-139735962314560","study_id":0,"datetime_start":"2026-03-30T10:25:39.946314"}
{"op_code":5,"worker_id":"75467e6e-31c0-4bfc-92a5-73d6a15204f0-139735962314560","trial_id":63,"param_name":"lr","param_value_internal":0.009387936833045613,"distribution":"{\"name\": \"FloatDistribution\", \"attributes\": {\"step\": null, \"low\": 0.0001, \"high\": 0.1, \"log\": true}}"}
{"op_code":5,"worker_id":"75467e6e-31c0-4bfc-92a5-73d6a15204f0-139735962314560","trial_id":63,"param_name":"dropout","param_value_internal":0.32302278140539387,"distribution":"{\"name\": \"FloatDistribution\", \"attributes\": {\"step\": null, \"low\": 0.0, \"high\": 0.5, \"log\": false}}"}
{"op_code":5,"worker_id":"75467e6e-31c0-4bfc-92a5-73d6a15204f0-139735962314560","trial_id":63,"param_name":"layers","param_value_internal":1,"distribution":"{\"name\": \"CategoricalDistribution\", \"attributes\": {\"choices\": [1, 2, 3]}}"}
{"op_code":5,"worker_id":"75467e6e-31c0-4bfc-92a5-73d6a15204f0-139735962314560","trial_id":63,"param_name":"nodes","param_value_internal":2,"distribution":"{\"name\": \"CategoricalDistribution\", \"attributes\": {\"choices\": [16, 32, 64]}}"}
{"op_code":6,"worker_id":"75467e6e-31c0-4bfc-92a5-73d6a15204f0-139735962314560","trial_id":63,"state":1,"values":[0.6155805591605092],"datetime_complete":"2026-03-30T10:25:45.889355"}
{"op_code":4,"worker_id":"75467e6e-31c0-4bfc-92a5-73d6a15204f0-139735962314560","study_id":0,"datetime_start":"2026-03-30T10:25:45.905066"}
{"op_code":5,"worker_id":"75467e6e-31c0-4bfc-92a5-73d6a15204f0-139735962314560","trial_id":64,"param_name":"lr","param_value_internal":0.03474720881048049,"distribution":"{\"name\": \"FloatDistribution\", \"attributes\": {\"step\": null, \"low\": 0.0001, \"high\": 0.1, \"log\": true}}"}
{"op_code":5,"worker_id":"75467e6e-31c0-4bfc-92a5-73d6a15204f0-139735962314560","trial_id":64,"param_name":"dropout","param_value_internal":0.07723136967616782,"distribution":"{\"name\": \"FloatDistribution\", \"attributes\": {\"step\": null, \"low\": 0.0, \"high\": 0.5, \"log\": false}}"}
{"op_code":5,"worker_id":"75467e6e-31c0-4bfc-92a5-73d6a15204f0-139735962314560","trial_id":64,"param_name":"layers","param_value_internal":1,"distribution":"{\"name\": \"CategoricalDistribution\", \"attributes\": {\"choices\": [1, 2, 3]}}"}
{"op_code":5,"worker_id":"75467e6e-31c0-4bfc-92a5-73d6a15204f0-139735962314560","trial_id":64,"param_name":"nodes","param_value_internal":2,"distribution":"{\"name\": \"CategoricalDistribution\", \"attributes\": {\"choices\": [16, 32, 64]}}"}
{"op_code":6,"worker_id":"75467e6e-31c0-4bfc-92a5-73d6a15204f0-139735962314560","trial_id":64,"state":1,"values":[0.6072784961168778],"datetime_complete":"2026-03-30T10:25:51.890062"}
{"op_code":4,"worker_id":"75467e6e-31c0-4bfc-92a5-73d6a15204f0-139735962314560","study_id":0,"datetime_start":"2026-03-30T10:25:51.916291"}
{"op_code":5,"worker_id":"75467e6e-31c0-4bfc-92a5-73d6a15204f0-139735962314560","trial_id":65,"param_name":"lr","param_value_internal":0.05035199881635302,"distribution":"{\"name\": \"FloatDistribution\", \"attributes\": {\"step\": null, \"low\": 0.0001, \"high\": 0.1, \"log\": true}}"}
{"op_code":5,"worker_id":"75467e6e-31c0-4bfc-92a5-73d6a15204f0-139735962314560","trial_id":65,"param_name":"dropout","param_value_internal":0.14628013624871775,"distribution":"{\"name\": \"FloatDistribution\", \"attributes\": {\"step\": null, \"low\": 0.0, \"high\": 0.5, \"log\": false}}"}
{"op_code":5,"worker_id":"75467e6e-31c0-4bfc-92a5-73d6a15204f0-139735962314560","trial_id":65,"param_name":"layers","param_value_internal":1,"distribution":"{\"name\": \"CategoricalDistribution\", \"attributes\": {\"choices\": [1, 2, 3]}}"}
{"op_code":5,"worker_id":"75467e6e-31c0-4bfc-92a5-73d6a15204f0-139735962314560","trial_id":65,"param_name":"nodes","param_value_internal":2,"distribution":"{\"name\": \"CategoricalDistribution\", \"attributes\": {\"choices\": [16, 32, 64]}}"}
{"op_code":6,"worker_id":"75467e6e-31c0-4bfc-92a5-73d6a15204f0-139735962314560","trial_id":65,"state":1,"values":[0.6200279102961265],"datetime_complete":"2026-03-30T10:25:57.737225"}
{"op_code":0,"worker_id":"62274f72-6d5a-4233-b6d3-8663dd1e6995-139956833154880","study_name":"deepsurv_tuning","directions":[2]}
{"op_code":4,"worker_id":"62274f72-6d5a-4233-b6d3-8663dd1e6995-139956833154880","study_id":0,"datetime_start":"2026-03-30T10:40:26.886183"}
{"op_code":5,"worker_id":"62274f72-6d5a-4233-b6d3-8663dd1e6995-139956833154880","trial_id":66,"param_name":"lr","param_value_internal":0.07186295810458616,"distribution":"{\"name\": \"FloatDistribution\", \"attributes\": {\"step\": null, \"low\": 0.0001, \"high\": 0.1, \"log\": true}}"}
{"op_code":5,"worker_id":"62274f72-6d5a-4233-b6d3-8663dd1e6995-139956833154880","trial_id":66,"param_name":"dropout","param_value_internal":0.4127265917081441,"distribution":"{\"name\": \"FloatDistribution\", \"attributes\": {\"step\": null, \"low\": 0.0, \"high\": 0.5, \"log\": false}}"}
{"op_code":5,"worker_id":"62274f72-6d5a-4233-b6d3-8663dd1e6995-139956833154880","trial_id":66,"param_name":"layers","param_value_internal":1,"distribution":"{\"name\": \"CategoricalDistribution\", \"attributes\": {\"choices\": [1, 2, 3]}}"}
{"op_code":5,"worker_id":"62274f72-6d5a-4233-b6d3-8663dd1e6995-139956833154880","trial_id":66,"param_name":"nodes","param_value_internal":2,"distribution":"{\"name\": \"CategoricalDistribution\", \"attributes\": {\"choices\": [16, 32, 64]}}"}
{"op_code":6,"worker_id":"62274f72-6d5a-4233-b6d3-8663dd1e6995-139956833154880","trial_id":66,"state":1,"values":[0.6130247669785741],"datetime_complete":"2026-03-30T10:40:34.951070"}
{"op_code":4,"worker_id":"62274f72-6d5a-4233-b6d3-8663dd1e6995-139956833154880","study_id":0,"datetime_start":"2026-03-30T10:40:34.974607"}
{"op_code":5,"worker_id":"62274f72-6d5a-4233-b6d3-8663dd1e6995-139956833154880","trial_id":67,"param_name":"lr","param_value_internal":0.018579504936115807,"distribution":"{\"name\": \"FloatDistribution\", \"attributes\": {\"step\": null, \"low\": 0.0001, \"high\": 0.1, \"log\": true}}"}
{"op_code":5,"worker_id":"62274f72-6d5a-4233-b6d3-8663dd1e6995-139956833154880","trial_id":67,"param_name":"dropout","param_value_internal":0.20728188595300948,"distribution":"{\"name\": \"FloatDistribution\", \"attributes\": {\"step\": null, \"low\": 0.0, \"high\": 0.5, \"log\": false}}"}
{"op_code":5,"worker_id":"62274f72-6d5a-4233-b6d3-8663dd1e6995-139956833154880","trial_id":67,"param_name":"layers","param_value_internal":1,"distribution":"{\"name\": \"CategoricalDistribution\", \"attributes\": {\"choices\": [1, 2, 3]}}"}
{"op_code":5,"worker_id":"62274f72-6d5a-4233-b6d3-8663dd1e6995-139956833154880","trial_id":67,"param_name":"nodes","param_value_internal":2,"distribution":"{\"name\": \"CategoricalDistribution\", \"attributes\": {\"choices\": [16, 32, 64]}}"}
{"op_code":6,"worker_id":"62274f72-6d5a-4233-b6d3-8663dd1e6995-139956833154880","trial_id":67,"state":1,"values":[0.6178119055141017],"datetime_complete":"2026-03-30T10:40:40.662582"}
{"op_code":4,"worker_id":"62274f72-6d5a-4233-b6d3-8663dd1e6995-139956833154880","study_id":0,"datetime_start":"2026-03-30T10:40:40.688529"}
{"op_code":5,"worker_id":"62274f72-6d5a-4233-b6d3-8663dd1e6995-139956833154880","trial_id":68,"param_name":"lr","param_value_internal":0.005508865581535837,"distribution":"{\"name\": \"FloatDistribution\", \"attributes\": {\"step\": null, \"low\": 0.0001, \"high\": 0.1, \"log\": true}}"}
{"op_code":5,"worker_id":"62274f72-6d5a-4233-b6d3-8663dd1e6995-139956833154880","trial_id":68,"param_name":"dropout","param_value_internal":0.31219976897868257,"distribution":"{\"name\": \"FloatDistribution\", \"attributes\": {\"step\": null, \"low\": 0.0, \"high\": 0.5, \"log\": false}}"}
{"op_code":5,"worker_id":"62274f72-6d5a-4233-b6d3-8663dd1e6995-139956833154880","trial_id":68,"param_name":"layers","param_value_internal":1,"distribution":"{\"name\": \"CategoricalDistribution\", \"attributes\": {\"choices\": [1, 2, 3]}}"}
{"op_code":5,"worker_id":"62274f72-6d5a-4233-b6d3-8663dd1e6995-139956833154880","trial_id":68,"param_name":"nodes","param_value_internal":0,"distribution":"{\"name\": \"CategoricalDistribution\", \"attributes\": {\"choices\": [16, 32, 64]}}"}
{"op_code":6,"worker_id":"62274f72-6d5a-4233-b6d3-8663dd1e6995-139956833154880","trial_id":68,"state":1,"values":[0.6095081378514072],"datetime_complete":"2026-03-30T10:40:46.816292"}
{"op_code":4,"worker_id":"62274f72-6d5a-4233-b6d3-8663dd1e6995-139956833154880","study_id":0,"datetime_start":"2026-03-30T10:40:46.833712"}
{"op_code":5,"worker_id":"62274f72-6d5a-4233-b6d3-8663dd1e6995-139956833154880","trial_id":69,"param_name":"lr","param_value_internal":0.0036720229285169105,"distribution":"{\"name\": \"FloatDistribution\", \"attributes\": {\"step\": null, \"low\": 0.0001, \"high\": 0.1, \"log\": true}}"}
{"op_code":5,"worker_id":"62274f72-6d5a-4233-b6d3-8663dd1e6995-139956833154880","trial_id":69,"param_name":"dropout","param_value_internal":0.34420946730669544,"distribution":"{\"name\": \"FloatDistribution\", \"attributes\": {\"step\": null, \"low\": 0.0, \"high\": 0.5, \"log\": false}}"}
{"op_code":5,"worker_id":"62274f72-6d5a-4233-b6d3-8663dd1e6995-139956833154880","trial_id":69,"param_name":"layers","param_value_internal":1,"distribution":"{\"name\": \"CategoricalDistribution\", \"attributes\": {\"choices\": [1, 2, 3]}}"}
{"op_code":5,"worker_id":"62274f72-6d5a-4233-b6d3-8663dd1e6995-139956833154880","trial_id":69,"param_name":"nodes","param_value_internal":2,"distribution":"{\"name\": \"CategoricalDistribution\", \"attributes\": {\"choices\": [16, 32, 64]}}"}
{"op_code":6,"worker_id":"62274f72-6d5a-4233-b6d3-8663dd1e6995-139956833154880","trial_id":69,"state":1,"values":[0.61843125044036],"datetime_complete":"2026-03-30T10:40:53.008775"}
{"op_code":4,"worker_id":"62274f72-6d5a-4233-b6d3-8663dd1e6995-139956833154880","study_id":0,"datetime_start":"2026-03-30T10:40:53.032613"}
{"op_code":5,"worker_id":"62274f72-6d5a-4233-b6d3-8663dd1e6995-139956833154880","trial_id":70,"param_name":"lr","param_value_internal":0.0007240390417552711,"distribution":"{\"name\": \"FloatDistribution\", \"attributes\": {\"step\": null, \"low\": 0.0001, \"high\": 0.1, \"log\": true}}"}
{"op_code":5,"worker_id":"62274f72-6d5a-4233-b6d3-8663dd1e6995-139956833154880","trial_id":70,"param_name":"dropout","param_value_internal":0.283770131192836,"distribution":"{\"name\": \"FloatDistribution\", \"attributes\": {\"step\": null, \"low\": 0.0, \"high\": 0.5, \"log\": false}}"}
{"op_code":5,"worker_id":"62274f72-6d5a-4233-b6d3-8663dd1e6995-139956833154880","trial_id":70,"param_name":"layers","param_value_internal":1,"distribution":"{\"name\": \"CategoricalDistribution\", \"attributes\": {\"choices\": [1, 2, 3]}}"}
{"op_code":5,"worker_id":"62274f72-6d5a-4233-b6d3-8663dd1e6995-139956833154880","trial_id":70,"param_name":"nodes","param_value_internal":1,"distribution":"{\"name\": \"CategoricalDistribution\", \"attributes\": {\"choices\": [16, 32, 64]}}"}
{"op_code":6,"worker_id":"62274f72-6d5a-4233-b6d3-8663dd1e6995-139956833154880","trial_id":70,"state":1,"values":[0.5918283971353309],"datetime_complete":"2026-03-30T10:40:59.094013"}
{"op_code":4,"worker_id":"62274f72-6d5a-4233-b6d3-8663dd1e6995-139956833154880","study_id":0,"datetime_start":"2026-03-30T10:40:59.111101"}
{"op_code":5,"worker_id":"62274f72-6d5a-4233-b6d3-8663dd1e6995-139956833154880","trial_id":71,"param_name":"lr","param_value_internal":0.007920970177655614,"distribution":"{\"name\": \"FloatDistribution\", \"attributes\": {\"step\": null, \"low\": 0.0001, \"high\": 0.1, \"log\": true}}"}
{"op_code":5,"worker_id":"62274f72-6d5a-4233-b6d3-8663dd1e6995-139956833154880","trial_id":71,"param_name":"dropout","param_value_internal":0.11721379188781067,"distribution":"{\"name\": \"FloatDistribution\", \"attributes\": {\"step\": null, \"low\": 0.0, \"high\": 0.5, \"log\": false}}"}
{"op_code":5,"worker_id":"62274f72-6d5a-4233-b6d3-8663dd1e6995-139956833154880","trial_id":71,"param_name":"layers","param_value_internal":1,"distribution":"{\"name\": \"CategoricalDistribution\", \"attributes\": {\"choices\": [1, 2, 3]}}"}
{"op_code":5,"worker_id":"62274f72-6d5a-4233-b6d3-8663dd1e6995-139956833154880","trial_id":71,"param_name":"nodes","param_value_internal":2,"distribution":"{\"name\": \"CategoricalDistribution\", \"attributes\": {\"choices\": [16, 32, 64]}}"}
{"op_code":6,"worker_id":"62274f72-6d5a-4233-b6d3-8663dd1e6995-139956833154880","trial_id":71,"state":1,"values":[0.609468931612956],"datetime_complete":"2026-03-30T10:41:05.086800"}
{"op_code":4,"worker_id":"62274f72-6d5a-4233-b6d3-8663dd1e6995-139956833154880","study_id":0,"datetime_start":"2026-03-30T10:41:05.114655"}
{"op_code":5,"worker_id":"62274f72-6d5a-4233-b6d3-8663dd1e6995-139956833154880","trial_id":72,"param_name":"lr","param_value_internal":0.009547961131381722,"distribution":"{\"name\": \"FloatDistribution\", \"attributes\": {\"step\": null, \"low\": 0.0001, \"high\": 0.1, \"log\": true}}"}
{"op_code":5,"worker_id":"62274f72-6d5a-4233-b6d3-8663dd1e6995-139956833154880","trial_id":72,"param_name":"dropout","param_value_internal":0.24200005700137453,"distribution":"{\"name\": \"FloatDistribution\", \"attributes\": {\"step\": null, \"low\": 0.0, \"high\": 0.5, \"log\": false}}"}
{"op_code":5,"worker_id":"62274f72-6d5a-4233-b6d3-8663dd1e6995-139956833154880","trial_id":72,"param_name":"layers","param_value_internal":1,"distribution":"{\"name\": \"CategoricalDistribution\", \"attributes\": {\"choices\": [1, 2, 3]}}"}
{"op_code":5,"worker_id":"62274f72-6d5a-4233-b6d3-8663dd1e6995-139956833154880","trial_id":72,"param_name":"nodes","param_value_internal":1,"distribution":"{\"name\": \"CategoricalDistribution\", \"attributes\": {\"choices\": [16, 32, 64]}}"}
{"op_code":6,"worker_id":"62274f72-6d5a-4233-b6d3-8663dd1e6995-139956833154880","trial_id":72,"state":1,"values":[0.6161072864510059],"datetime_complete":"2026-03-30T10:41:11.040380"}
{"op_code":4,"worker_id":"62274f72-6d5a-4233-b6d3-8663dd1e6995-139956833154880","study_id":0,"datetime_start":"2026-03-30T10:41:11.057645"}
{"op_code":5,"worker_id":"62274f72-6d5a-4233-b6d3-8663dd1e6995-139956833154880","trial_id":73,"param_name":"lr","param_value_internal":0.002018266802327946,"distribution":"{\"name\": \"FloatDistribution\", \"attributes\": {\"step\": null, \"low\": 0.0001, \"high\": 0.1, \"log\": true}}"}
{"op_code":5,"worker_id":"62274f72-6d5a-4233-b6d3-8663dd1e6995-139956833154880","trial_id":73,"param_name":"dropout","param_value_internal":0.2640852780471599,"distribution":"{\"name\": \"FloatDistribution\", \"attributes\": {\"step\": null, \"low\": 0.0, \"high\": 0.5, \"log\": false}}"}
{"op_code":5,"worker_id":"62274f72-6d5a-4233-b6d3-8663dd1e6995-139956833154880","trial_id":73,"param_name":"layers","param_value_internal":1,"distribution":"{\"name\": \"CategoricalDistribution\", \"attributes\": {\"choices\": [1, 2, 3]}}"}
{"op_code":5,"worker_id":"62274f72-6d5a-4233-b6d3-8663dd1e6995-139956833154880","trial_id":73,"param_name":"nodes","param_value_internal":1,"distribution":"{\"name\": \"CategoricalDistribution\", \"attributes\": {\"choices\": [16, 32, 64]}}"}
{"op_code":6,"worker_id":"62274f72-6d5a-4233-b6d3-8663dd1e6995-139956833154880","trial_id":73,"state":1,"values":[0.6142708435136972],"datetime_complete":"2026-03-30T10:41:17.167767"}
{"op_code":4,"worker_id":"62274f72-6d5a-4233-b6d3-8663dd1e6995-139956833154880","study_id":0,"datetime_start":"2026-03-30T10:41:17.186440"}
{"op_code":5,"worker_id":"62274f72-6d5a-4233-b6d3-8663dd1e6995-139956833154880","trial_id":74,"param_name":"lr","param_value_internal":0.014211379373276762,"distribution":"{\"name\": \"FloatDistribution\", \"attributes\": {\"step\": null, \"low\": 0.0001, \"high\": 0.1, \"log\": true}}"}
{"op_code":5,"worker_id":"62274f72-6d5a-4233-b6d3-8663dd1e6995-139956833154880","trial_id":74,"param_name":"dropout","param_value_internal":0.25273287407344475,"distribution":"{\"name\": \"FloatDistribution\", \"attributes\": {\"step\": null, \"low\": 0.0, \"high\": 0.5, \"log\": false}}"}
{"op_code":5,"worker_id":"62274f72-6d5a-4233-b6d3-8663dd1e6995-139956833154880","trial_id":74,"param_name":"layers","param_value_internal":1,"distribution":"{\"name\": \"CategoricalDistribution\", \"attributes\": {\"choices\": [1, 2, 3]}}"}
{"op_code":5,"worker_id":"62274f72-6d5a-4233-b6d3-8663dd1e6995-139956833154880","trial_id":74,"param_name":"nodes","param_value_internal":1,"distribution":"{\"name\": \"CategoricalDistribution\", \"attributes\": {\"choices\": [16, 32, 64]}}"}
{"op_code":6,"worker_id":"62274f72-6d5a-4233-b6d3-8663dd1e6995-139956833154880","trial_id":74,"state":1,"values":[0.611809941792941],"datetime_complete":"2026-03-30T10:41:22.970899"}
{"op_code":4,"worker_id":"62274f72-6d5a-4233-b6d3-8663dd1e6995-139956833154880","study_id":0,"datetime_start":"2026-03-30T10:41:22.998004"}
{"op_code":5,"worker_id":"62274f72-6d5a-4233-b6d3-8663dd1e6995-139956833154880","trial_id":75,"param_name":"lr","param_value_internal":0.0012744309505901537,"distribution":"{\"name\": \"FloatDistribution\", \"attributes\": {\"step\": null, \"low\": 0.0001, \"high\": 0.1, \"log\": true}}"}
{"op_code":5,"worker_id":"62274f72-6d5a-4233-b6d3-8663dd1e6995-139956833154880","trial_id":75,"param_name":"dropout","param_value_internal":0.20070892519448974,"distribution":"{\"name\": \"FloatDistribution\", \"attributes\": {\"step\": null, \"low\": 0.0, \"high\": 0.5, \"log\": false}}"}
{"op_code":5,"worker_id":"62274f72-6d5a-4233-b6d3-8663dd1e6995-139956833154880","trial_id":75,"param_name":"layers","param_value_internal":1,"distribution":"{\"name\": \"CategoricalDistribution\", \"attributes\": {\"choices\": [1, 2, 3]}}"}
{"op_code":5,"worker_id":"62274f72-6d5a-4233-b6d3-8663dd1e6995-139956833154880","trial_id":75,"param_name":"nodes","param_value_internal":1,"distribution":"{\"name\": \"CategoricalDistribution\", \"attributes\": {\"choices\": [16, 32, 64]}}"}
{"op_code":6,"worker_id":"62274f72-6d5a-4233-b6d3-8663dd1e6995-139956833154880","trial_id":75,"state":1,"values":[0.6084052493175842],"datetime_complete":"2026-03-30T10:41:29.094384"}
{"op_code":4,"worker_id":"62274f72-6d5a-4233-b6d3-8663dd1e6995-139956833154880","study_id":0,"datetime_start":"2026-03-30T10:41:29.123141"}
{"op_code":5,"worker_id":"62274f72-6d5a-4233-b6d3-8663dd1e6995-139956833154880","trial_id":76,"param_name":"lr","param_value_internal":0.01055035624295852,"distribution":"{\"name\": \"FloatDistribution\", \"attributes\": {\"step\": null, \"low\": 0.0001, \"high\": 0.1, \"log\": true}}"}
{"op_code":5,"worker_id":"62274f72-6d5a-4233-b6d3-8663dd1e6995-139956833154880","trial_id":76,"param_name":"dropout","param_value_internal":0.22747482829332377,"distribution":"{\"name\": \"FloatDistribution\", \"attributes\": {\"step\": null, \"low\": 0.0, \"high\": 0.5, \"log\": false}}"}
{"op_code":5,"worker_id":"62274f72-6d5a-4233-b6d3-8663dd1e6995-139956833154880","trial_id":76,"param_name":"layers","param_value_internal":1,"distribution":"{\"name\": \"CategoricalDistribution\", \"attributes\": {\"choices\": [1, 2, 3]}}"}
{"op_code":5,"worker_id":"62274f72-6d5a-4233-b6d3-8663dd1e6995-139956833154880","trial_id":76,"param_name":"nodes","param_value_internal":1,"distribution":"{\"name\": \"CategoricalDistribution\", \"attributes\": {\"choices\": [16, 32, 64]}}"}
{"op_code":6,"worker_id":"62274f72-6d5a-4233-b6d3-8663dd1e6995-139956833154880","trial_id":76,"state":1,"values":[0.6223143726660924],"datetime_complete":"2026-03-30T10:41:35.093485"}
{"op_code":4,"worker_id":"62274f72-6d5a-4233-b6d3-8663dd1e6995-139956833154880","study_id":0,"datetime_start":"2026-03-30T10:41:35.110983"}
{"op_code":5,"worker_id":"62274f72-6d5a-4233-b6d3-8663dd1e6995-139956833154880","trial_id":77,"param_name":"lr","param_value_internal":0.005620094802816847,"distribution":"{\"name\": \"FloatDistribution\", \"attributes\": {\"step\": null, \"low\": 0.0001, \"high\": 0.1, \"log\": true}}"}
{"op_code":5,"worker_id":"62274f72-6d5a-4233-b6d3-8663dd1e6995-139956833154880","trial_id":77,"param_name":"dropout","param_value_internal":0.22252499790350866,"distribution":"{\"name\": \"FloatDistribution\", \"attributes\": {\"step\": null, \"low\": 0.0, \"high\": 0.5, \"log\": false}}"}
{"op_code":5,"worker_id":"62274f72-6d5a-4233-b6d3-8663dd1e6995-139956833154880","trial_id":77,"param_name":"layers","param_value_internal":0,"distribution":"{\"name\": \"CategoricalDistribution\", \"attributes\": {\"choices\": [1, 2, 3]}}"}
{"op_code":5,"worker_id":"62274f72-6d5a-4233-b6d3-8663dd1e6995-139956833154880","trial_id":77,"param_name":"nodes","param_value_internal":2,"distribution":"{\"name\": \"CategoricalDistribution\", \"attributes\": {\"choices\": [16, 32, 64]}}"}
{"op_code":6,"worker_id":"62274f72-6d5a-4233-b6d3-8663dd1e6995-139956833154880","trial_id":77,"state":1,"values":[0.6057807041667709],"datetime_complete":"2026-03-30T10:41:39.694612"}
{"op_code":4,"worker_id":"62274f72-6d5a-4233-b6d3-8663dd1e6995-139956833154880","study_id":0,"datetime_start":"2026-03-30T10:41:39.720428"}
{"op_code":5,"worker_id":"62274f72-6d5a-4233-b6d3-8663dd1e6995-139956833154880","trial_id":78,"param_name":"lr","param_value_internal":0.019363336494021544,"distribution":"{\"name\": \"FloatDistribution\", \"attributes\": {\"step\": null, \"low\": 0.0001, \"high\": 0.1, \"log\": true}}"}
{"op_code":5,"worker_id":"62274f72-6d5a-4233-b6d3-8663dd1e6995-139956833154880","trial_id":78,"param_name":"dropout","param_value_internal":0.2919961334065217,"distribution":"{\"name\": \"FloatDistribution\", \"attributes\": {\"step\": null, \"low\": 0.0, \"high\": 0.5, \"log\": false}}"}
{"op_code":5,"worker_id":"62274f72-6d5a-4233-b6d3-8663dd1e6995-139956833154880","trial_id":78,"param_name":"layers","param_value_internal":1,"distribution":"{\"name\": \"CategoricalDistribution\", \"attributes\": {\"choices\": [1, 2, 3]}}"}
{"op_code":5,"worker_id":"62274f72-6d5a-4233-b6d3-8663dd1e6995-139956833154880","trial_id":78,"param_name":"nodes","param_value_internal":2,"distribution":"{\"name\": \"CategoricalDistribution\", \"attributes\": {\"choices\": [16, 32, 64]}}"}
{"op_code":6,"worker_id":"62274f72-6d5a-4233-b6d3-8663dd1e6995-139956833154880","trial_id":78,"state":1,"values":[0.6228717830997248],"datetime_complete":"2026-03-30T10:41:45.637462"}
{"op_code":4,"worker_id":"62274f72-6d5a-4233-b6d3-8663dd1e6995-139956833154880","study_id":0,"datetime_start":"2026-03-30T10:41:45.655814"}
{"op_code":5,"worker_id":"62274f72-6d5a-4233-b6d3-8663dd1e6995-139956833154880","trial_id":79,"param_name":"lr","param_value_internal":0.018606221323415925,"distribution":"{\"name\": \"FloatDistribution\", \"attributes\": {\"step\": null, \"low\": 0.0001, \"high\": 0.1, \"log\": true}}"}
{"op_code":5,"worker_id":"62274f72-6d5a-4233-b6d3-8663dd1e6995-139956833154880","trial_id":79,"param_name":"dropout","param_value_internal":0.29355843153325994,"distribution":"{\"name\": \"FloatDistribution\", \"attributes\": {\"step\": null, \"low\": 0.0, \"high\": 0.5, \"log\": false}}"}
{"op_code":5,"worker_id":"62274f72-6d5a-4233-b6d3-8663dd1e6995-139956833154880","trial_id":79,"param_name":"layers","param_value_internal":2,"distribution":"{\"name\": \"CategoricalDistribution\", \"attributes\": {\"choices\": [1, 2, 3]}}"}
{"op_code":5,"worker_id":"62274f72-6d5a-4233-b6d3-8663dd1e6995-139956833154880","trial_id":79,"param_name":"nodes","param_value_internal":2,"distribution":"{\"name\": \"CategoricalDistribution\", \"attributes\": {\"choices\": [16, 32, 64]}}"}
{"op_code":6,"worker_id":"62274f72-6d5a-4233-b6d3-8663dd1e6995-139956833154880","trial_id":79,"state":1,"values":[0.615191337807769],"datetime_complete":"2026-03-30T10:41:52.820374"}
{"op_code":4,"worker_id":"62274f72-6d5a-4233-b6d3-8663dd1e6995-139956833154880","study_id":0,"datetime_start":"2026-03-30T10:41:52.845840"}
{"op_code":5,"worker_id":"62274f72-6d5a-4233-b6d3-8663dd1e6995-139956833154880","trial_id":80,"param_name":"lr","param_value_internal":0.01182689919658118,"distribution":"{\"name\": \"FloatDistribution\", \"attributes\": {\"step\": null, \"low\": 0.0001, \"high\": 0.1, \"log\": true}}"}
{"op_code":5,"worker_id":"62274f72-6d5a-4233-b6d3-8663dd1e6995-139956833154880","trial_id":80,"param_name":"dropout","param_value_internal":0.31160717576475205,"distribution":"{\"name\": \"FloatDistribution\", \"attributes\": {\"step\": null, \"low\": 0.0, \"high\": 0.5, \"log\": false}}"}
{"op_code":5,"worker_id":"62274f72-6d5a-4233-b6d3-8663dd1e6995-139956833154880","trial_id":80,"param_name":"layers","param_value_internal":1,"distribution":"{\"name\": \"CategoricalDistribution\", \"attributes\": {\"choices\": [1, 2, 3]}}"}
{"op_code":5,"worker_id":"62274f72-6d5a-4233-b6d3-8663dd1e6995-139956833154880","trial_id":80,"param_name":"nodes","param_value_internal":0,"distribution":"{\"name\": \"CategoricalDistribution\", \"attributes\": {\"choices\": [16, 32, 64]}}"}
{"op_code":6,"worker_id":"62274f72-6d5a-4233-b6d3-8663dd1e6995-139956833154880","trial_id":80,"state":1,"values":[0.6108297858316609],"datetime_complete":"2026-03-30T10:41:58.857036"}
{"op_code":4,"worker_id":"62274f72-6d5a-4233-b6d3-8663dd1e6995-139956833154880","study_id":0,"datetime_start":"2026-03-30T10:41:58.871839"}
{"op_code":5,"worker_id":"62274f72-6d5a-4233-b6d3-8663dd1e6995-139956833154880","trial_id":81,"param_name":"lr","param_value_internal":0.022116461710548794,"distribution":"{\"name\": \"FloatDistribution\", \"attributes\": {\"step\": null, \"low\": 0.0001, \"high\": 0.1, \"log\": true}}"}
{"op_code":5,"worker_id":"62274f72-6d5a-4233-b6d3-8663dd1e6995-139956833154880","trial_id":81,"param_name":"dropout","param_value_internal":0.23271584853756044,"distribution":"{\"name\": \"FloatDistribution\", \"attributes\": {\"step\": null, \"low\": 0.0, \"high\": 0.5, \"log\": false}}"}
{"op_code":5,"worker_id":"62274f72-6d5a-4233-b6d3-8663dd1e6995-139956833154880","trial_id":81,"param_name":"layers","param_value_internal":1,"distribution":"{\"name\": \"CategoricalDistribution\", \"attributes\": {\"choices\": [1, 2, 3]}}"}
{"op_code":5,"worker_id":"62274f72-6d5a-4233-b6d3-8663dd1e6995-139956833154880","trial_id":81,"param_name":"nodes","param_value_internal":2,"distribution":"{\"name\": \"CategoricalDistribution\", \"attributes\": {\"choices\": [16, 32, 64]}}"}
{"op_code":6,"worker_id":"62274f72-6d5a-4233-b6d3-8663dd1e6995-139956833154880","trial_id":81,"state":1,"values":[0.6182448787561281],"datetime_complete":"2026-03-30T10:42:04.902523"}
{"op_code":4,"worker_id":"62274f72-6d5a-4233-b6d3-8663dd1e6995-139956833154880","study_id":0,"datetime_start":"2026-03-30T10:42:04.916094"}
{"op_code":5,"worker_id":"62274f72-6d5a-4233-b6d3-8663dd1e6995-139956833154880","trial_id":82,"param_name":"lr","param_value_internal":0.04759831609247623,"distribution":"{\"name\": \"FloatDistribution\", \"attributes\": {\"step\": null, \"low\": 0.0001, \"high\": 0.1, \"log\": true}}"}
{"op_code":5,"worker_id":"62274f72-6d5a-4233-b6d3-8663dd1e6995-139956833154880","trial_id":82,"param_name":"dropout","param_value_internal":0.3705234027078045,"distribution":"{\"name\": \"FloatDistribution\", \"attributes\": {\"step\": null, \"low\": 0.0, \"high\": 0.5, \"log\": false}}"}
{"op_code":5,"worker_id":"62274f72-6d5a-4233-b6d3-8663dd1e6995-139956833154880","trial_id":82,"param_name":"layers","param_value_internal":1,"distribution":"{\"name\": \"CategoricalDistribution\", \"attributes\": {\"choices\": [1, 2, 3]}}"}
{"op_code":5,"worker_id":"62274f72-6d5a-4233-b6d3-8663dd1e6995-139956833154880","trial_id":82,"param_name":"nodes","param_value_internal":2,"distribution":"{\"name\": \"CategoricalDistribution\", \"attributes\": {\"choices\": [16, 32, 64]}}"}
{"op_code":6,"worker_id":"62274f72-6d5a-4233-b6d3-8663dd1e6995-139956833154880","trial_id":82,"state":1,"values":[0.6192699230194031],"datetime_complete":"2026-03-30T10:42:10.905534"}
{"op_code":4,"worker_id":"62274f72-6d5a-4233-b6d3-8663dd1e6995-139956833154880","study_id":0,"datetime_start":"2026-03-30T10:42:10.927596"}
{"op_code":5,"worker_id":"62274f72-6d5a-4233-b6d3-8663dd1e6995-139956833154880","trial_id":83,"param_name":"lr","param_value_internal":0.028228635038027916,"distribution":"{\"name\": \"FloatDistribution\", \"attributes\": {\"step\": null, \"low\": 0.0001, \"high\": 0.1, \"log\": true}}"}
{"op_code":5,"worker_id":"62274f72-6d5a-4233-b6d3-8663dd1e6995-139956833154880","trial_id":83,"param_name":"dropout","param_value_internal":0.27791454262909604,"distribution":"{\"name\": \"FloatDistribution\", \"attributes\": {\"step\": null, \"low\": 0.0, \"high\": 0.5, \"log\": false}}"}
{"op_code":5,"worker_id":"62274f72-6d5a-4233-b6d3-8663dd1e6995-139956833154880","trial_id":83,"param_name":"layers","param_value_internal":1,"distribution":"{\"name\": \"CategoricalDistribution\", \"attributes\": {\"choices\": [1, 2, 3]}}"}
{"op_code":5,"worker_id":"62274f72-6d5a-4233-b6d3-8663dd1e6995-139956833154880","trial_id":83,"param_name":"nodes","param_value_internal":2,"distribution":"{\"name\": \"CategoricalDistribution\", \"attributes\": {\"choices\": [16, 32, 64]}}"}
{"op_code":6,"worker_id":"62274f72-6d5a-4233-b6d3-8663dd1e6995-139956833154880","trial_id":83,"state":1,"values":[0.6103684022719162],"datetime_complete":"2026-03-30T10:42:16.808524"}
{"op_code":4,"worker_id":"62274f72-6d5a-4233-b6d3-8663dd1e6995-139956833154880","study_id":0,"datetime_start":"2026-03-30T10:42:16.831649"}
{"op_code":5,"worker_id":"62274f72-6d5a-4233-b6d3-8663dd1e6995-139956833154880","trial_id":84,"param_name":"lr","param_value_internal":0.014176055744858657,"distribution":"{\"name\": \"FloatDistribution\", \"attributes\": {\"step\": null, \"low\": 0.0001, \"high\": 0.1, \"log\": true}}"}
{"op_code":5,"worker_id":"62274f72-6d5a-4233-b6d3-8663dd1e6995-139956833154880","trial_id":84,"param_name":"dropout","param_value_internal":0.3388801535813994,"distribution":"{\"name\": \"FloatDistribution\", \"attributes\": {\"step\": null, \"low\": 0.0, \"high\": 0.5, \"log\": false}}"}
{"op_code":5,"worker_id":"62274f72-6d5a-4233-b6d3-8663dd1e6995-139956833154880","trial_id":84,"param_name":"layers","param_value_internal":1,"distribution":"{\"name\": \"CategoricalDistribution\", \"attributes\": {\"choices\": [1, 2, 3]}}"}
{"op_code":5,"worker_id":"62274f72-6d5a-4233-b6d3-8663dd1e6995-139956833154880","trial_id":84,"param_name":"nodes","param_value_internal":2,"distribution":"{\"name\": \"CategoricalDistribution\", \"attributes\": {\"choices\": [16, 32, 64]}}"}
{"op_code":6,"worker_id":"62274f72-6d5a-4233-b6d3-8663dd1e6995-139956833154880","trial_id":84,"state":1,"values":[0.6080296649173487],"datetime_complete":"2026-03-30T10:42:22.421229"}
{"op_code":4,"worker_id":"62274f72-6d5a-4233-b6d3-8663dd1e6995-139956833154880","study_id":0,"datetime_start":"2026-03-30T10:42:22.438096"}
{"op_code":5,"worker_id":"62274f72-6d5a-4233-b6d3-8663dd1e6995-139956833154880","trial_id":85,"param_name":"lr","param_value_internal":0.008182750062671646,"distribution":"{\"name\": \"FloatDistribution\", \"attributes\": {\"step\": null, \"low\": 0.0001, \"high\": 0.1, \"log\": true}}"}
{"op_code":5,"worker_id":"62274f72-6d5a-4233-b6d3-8663dd1e6995-139956833154880","trial_id":85,"param_name":"dropout","param_value_internal":0.17743515888456785,"distribution":"{\"name\": \"FloatDistribution\", \"attributes\": {\"step\": null, \"low\": 0.0, \"high\": 0.5, \"log\": false}}"}
{"op_code":5,"worker_id":"62274f72-6d5a-4233-b6d3-8663dd1e6995-139956833154880","trial_id":85,"param_name":"layers","param_value_internal":1,"distribution":"{\"name\": \"CategoricalDistribution\", \"attributes\": {\"choices\": [1, 2, 3]}}"}
{"op_code":5,"worker_id":"62274f72-6d5a-4233-b6d3-8663dd1e6995-139956833154880","trial_id":85,"param_name":"nodes","param_value_internal":2,"distribution":"{\"name\": \"CategoricalDistribution\", \"attributes\": {\"choices\": [16, 32, 64]}}"}
{"op_code":6,"worker_id":"62274f72-6d5a-4233-b6d3-8663dd1e6995-139956833154880","trial_id":85,"state":1,"values":[0.6122843940988361],"datetime_complete":"2026-03-30T10:42:28.117245"}
{"op_code":0,"worker_id":"b76030d6-86bd-4cbb-96f2-d2135bf23e56-140252871579456","study_name":"deepsurv_tuning","directions":[2]}
{"op_code":4,"worker_id":"b76030d6-86bd-4cbb-96f2-d2135bf23e56-140252871579456","study_id":0,"datetime_start":"2026-03-30T10:52:54.350837"}
{"op_code":5,"worker_id":"b76030d6-86bd-4cbb-96f2-d2135bf23e56-140252871579456","trial_id":86,"param_name":"lr","param_value_internal":0.002566988976605508,"distribution":"{\"name\": \"FloatDistribution\", \"attributes\": {\"step\": null, \"low\": 0.0001, \"high\": 0.1, \"log\": true}}"}
{"op_code":5,"worker_id":"b76030d6-86bd-4cbb-96f2-d2135bf23e56-140252871579456","trial_id":86,"param_name":"dropout","param_value_internal":0.31218594568303276,"distribution":"{\"name\": \"FloatDistribution\", \"attributes\": {\"step\": null, \"low\": 0.0, \"high\": 0.5, \"log\": false}}"}
{"op_code":5,"worker_id":"b76030d6-86bd-4cbb-96f2-d2135bf23e56-140252871579456","trial_id":86,"param_name":"layers","param_value_internal":1,"distribution":"{\"name\": \"CategoricalDistribution\", \"attributes\": {\"choices\": [1, 2, 3]}}"}
{"op_code":5,"worker_id":"b76030d6-86bd-4cbb-96f2-d2135bf23e56-140252871579456","trial_id":86,"param_name":"nodes","param_value_internal":2,"distribution":"{\"name\": \"CategoricalDistribution\", \"attributes\": {\"choices\": [16, 32, 64]}}"}
{"op_code":6,"worker_id":"b76030d6-86bd-4cbb-96f2-d2135bf23e56-140252871579456","trial_id":86,"state":1,"values":[0.6152652046338365],"datetime_complete":"2026-03-30T10:53:02.451467"}
{"op_code":4,"worker_id":"b76030d6-86bd-4cbb-96f2-d2135bf23e56-140252871579456","study_id":0,"datetime_start":"2026-03-30T10:53:02.467081"}
{"op_code":5,"worker_id":"b76030d6-86bd-4cbb-96f2-d2135bf23e56-140252871579456","trial_id":87,"param_name":"lr","param_value_internal":0.03628615038539082,"distribution":"{\"name\": \"FloatDistribution\", \"attributes\": {\"step\": null, \"low\": 0.0001, \"high\": 0.1, \"log\": true}}"}
{"op_code":5,"worker_id":"b76030d6-86bd-4cbb-96f2-d2135bf23e56-140252871579456","trial_id":87,"param_name":"dropout","param_value_internal":0.15045157748545945,"distribution":"{\"name\": \"FloatDistribution\", \"attributes\": {\"step\": null, \"low\": 0.0, \"high\": 0.5, \"log\": false}}"}
{"op_code":5,"worker_id":"b76030d6-86bd-4cbb-96f2-d2135bf23e56-140252871579456","trial_id":87,"param_name":"layers","param_value_internal":1,"distribution":"{\"name\": \"CategoricalDistribution\", \"attributes\": {\"choices\": [1, 2, 3]}}"}
{"op_code":5,"worker_id":"b76030d6-86bd-4cbb-96f2-d2135bf23e56-140252871579456","trial_id":87,"param_name":"nodes","param_value_internal":1,"distribution":"{\"name\": \"CategoricalDistribution\", \"attributes\": {\"choices\": [16, 32, 64]}}"}
{"op_code":6,"worker_id":"b76030d6-86bd-4cbb-96f2-d2135bf23e56-140252871579456","trial_id":87,"state":1,"values":[0.615079401155959],"datetime_complete":"2026-03-30T10:53:08.330380"}
{"op_code":4,"worker_id":"b76030d6-86bd-4cbb-96f2-d2135bf23e56-140252871579456","study_id":0,"datetime_start":"2026-03-30T10:53:08.345553"}
{"op_code":5,"worker_id":"b76030d6-86bd-4cbb-96f2-d2135bf23e56-140252871579456","trial_id":88,"param_name":"lr","param_value_internal":0.024431269493632647,"distribution":"{\"name\": \"FloatDistribution\", \"attributes\": {\"step\": null, \"low\": 0.0001, \"high\": 0.1, \"log\": true}}"}
{"op_code":5,"worker_id":"b76030d6-86bd-4cbb-96f2-d2135bf23e56-140252871579456","trial_id":88,"param_name":"dropout","param_value_internal":0.2711714097249247,"distribution":"{\"name\": \"FloatDistribution\", \"attributes\": {\"step\": null, \"low\": 0.0, \"high\": 0.5, \"log\": false}}"}
{"op_code":5,"worker_id":"b76030d6-86bd-4cbb-96f2-d2135bf23e56-140252871579456","trial_id":88,"param_name":"layers","param_value_internal":1,"distribution":"{\"name\": \"CategoricalDistribution\", \"attributes\": {\"choices\": [1, 2, 3]}}"}
{"op_code":5,"worker_id":"b76030d6-86bd-4cbb-96f2-d2135bf23e56-140252871579456","trial_id":88,"param_name":"nodes","param_value_internal":2,"distribution":"{\"name\": \"CategoricalDistribution\", \"attributes\": {\"choices\": [16, 32, 64]}}"}
{"op_code":6,"worker_id":"b76030d6-86bd-4cbb-96f2-d2135bf23e56-140252871579456","trial_id":88,"state":1,"values":[0.6195608446728381],"datetime_complete":"2026-03-30T10:53:14.381259"}
{"op_code":4,"worker_id":"b76030d6-86bd-4cbb-96f2-d2135bf23e56-140252871579456","study_id":0,"datetime_start":"2026-03-30T10:53:14.401034"}
{"op_code":5,"worker_id":"b76030d6-86bd-4cbb-96f2-d2135bf23e56-140252871579456","trial_id":89,"param_name":"lr","param_value_internal":0.010446691281496414,"distribution":"{\"name\": \"FloatDistribution\", \"attributes\": {\"step\": null, \"low\": 0.0001, \"high\": 0.1, \"log\": true}}"}
{"op_code":5,"worker_id":"b76030d6-86bd-4cbb-96f2-d2135bf23e56-140252871579456","trial_id":89,"param_name":"dropout","param_value_internal":0.2579310673832704,"distribution":"{\"name\": \"FloatDistribution\", \"attributes\": {\"step\": null, \"low\": 0.0, \"high\": 0.5, \"log\": false}}"}
{"op_code":5,"worker_id":"b76030d6-86bd-4cbb-96f2-d2135bf23e56-140252871579456","trial_id":89,"param_name":"layers","param_value_internal":1,"distribution":"{\"name\": \"CategoricalDistribution\", \"attributes\": {\"choices\": [1, 2, 3]}}"}
{"op_code":5,"worker_id":"b76030d6-86bd-4cbb-96f2-d2135bf23e56-140252871579456","trial_id":89,"param_name":"nodes","param_value_internal":2,"distribution":"{\"name\": \"CategoricalDistribution\", \"attributes\": {\"choices\": [16, 32, 64]}}"}
{"op_code":6,"worker_id":"b76030d6-86bd-4cbb-96f2-d2135bf23e56-140252871579456","trial_id":89,"state":1,"values":[0.6211472768142261],"datetime_complete":"2026-03-30T10:53:20.442961"}
{"op_code":4,"worker_id":"b76030d6-86bd-4cbb-96f2-d2135bf23e56-140252871579456","study_id":0,"datetime_start":"2026-03-30T10:53:20.457522"}
{"op_code":5,"worker_id":"b76030d6-86bd-4cbb-96f2-d2135bf23e56-140252871579456","trial_id":90,"param_name":"lr","param_value_internal":0.019966424658067715,"distribution":"{\"name\": \"FloatDistribution\", \"attributes\": {\"step\": null, \"low\": 0.0001, \"high\": 0.1, \"log\": true}}"}
{"op_code":5,"worker_id":"b76030d6-86bd-4cbb-96f2-d2135bf23e56-140252871579456","trial_id":90,"param_name":"dropout","param_value_internal":0.04682699631137248,"distribution":"{\"name\": \"FloatDistribution\", \"attributes\": {\"step\": null, \"low\": 0.0, \"high\": 0.5, \"log\": false}}"}
{"op_code":5,"worker_id":"b76030d6-86bd-4cbb-96f2-d2135bf23e56-140252871579456","trial_id":90,"param_name":"layers","param_value_internal":0,"distribution":"{\"name\": \"CategoricalDistribution\", \"attributes\": {\"choices\": [1, 2, 3]}}"}
{"op_code":5,"worker_id":"b76030d6-86bd-4cbb-96f2-d2135bf23e56-140252871579456","trial_id":90,"param_name":"nodes","param_value_internal":2,"distribution":"{\"name\": \"CategoricalDistribution\", \"attributes\": {\"choices\": [16, 32, 64]}}"}
{"op_code":6,"worker_id":"b76030d6-86bd-4cbb-96f2-d2135bf23e56-140252871579456","trial_id":90,"state":1,"values":[0.6114014014241524],"datetime_complete":"2026-03-30T10:53:25.250528"}
{"op_code":4,"worker_id":"b76030d6-86bd-4cbb-96f2-d2135bf23e56-140252871579456","study_id":0,"datetime_start":"2026-03-30T10:53:25.265834"}
{"op_code":5,"worker_id":"b76030d6-86bd-4cbb-96f2-d2135bf23e56-140252871579456","trial_id":91,"param_name":"lr","param_value_internal":0.007314034432495172,"distribution":"{\"name\": \"FloatDistribution\", \"attributes\": {\"step\": null, \"low\": 0.0001, \"high\": 0.1, \"log\": true}}"}
{"op_code":5,"worker_id":"b76030d6-86bd-4cbb-96f2-d2135bf23e56-140252871579456","trial_id":91,"param_name":"dropout","param_value_internal":0.3256515385912017,"distribution":"{\"name\": \"FloatDistribution\", \"attributes\": {\"step\": null, \"low\": 0.0, \"high\": 0.5, \"log\": false}}"}
{"op_code":5,"worker_id":"b76030d6-86bd-4cbb-96f2-d2135bf23e56-140252871579456","trial_id":91,"param_name":"layers","param_value_internal":1,"distribution":"{\"name\": \"CategoricalDistribution\", \"attributes\": {\"choices\": [1, 2, 3]}}"}
{"op_code":5,"worker_id":"b76030d6-86bd-4cbb-96f2-d2135bf23e56-140252871579456","trial_id":91,"param_name":"nodes","param_value_internal":2,"distribution":"{\"name\": \"CategoricalDistribution\", \"attributes\": {\"choices\": [16, 32, 64]}}"}
{"op_code":6,"worker_id":"b76030d6-86bd-4cbb-96f2-d2135bf23e56-140252871579456","trial_id":91,"state":1,"values":[0.6226251815419303],"datetime_complete":"2026-03-30T10:53:31.312968"}
{"op_code":4,"worker_id":"b76030d6-86bd-4cbb-96f2-d2135bf23e56-140252871579456","study_id":0,"datetime_start":"2026-03-30T10:53:31.330809"}
{"op_code":5,"worker_id":"b76030d6-86bd-4cbb-96f2-d2135bf23e56-140252871579456","trial_id":92,"param_name":"lr","param_value_internal":0.006417775812469534,"distribution":"{\"name\": \"FloatDistribution\", \"attributes\": {\"step\": null, \"low\": 0.0001, \"high\": 0.1, \"log\": true}}"}
{"op_code":5,"worker_id":"b76030d6-86bd-4cbb-96f2-d2135bf23e56-140252871579456","trial_id":92,"param_name":"dropout","param_value_internal":0.34802247655747354,"distribution":"{\"name\": \"FloatDistribution\", \"attributes\": {\"step\": null, \"low\": 0.0, \"high\": 0.5, \"log\": false}}"}
{"op_code":5,"worker_id":"b76030d6-86bd-4cbb-96f2-d2135bf23e56-140252871579456","trial_id":92,"param_name":"layers","param_value_internal":1,"distribution":"{\"name\": \"CategoricalDistribution\", \"attributes\": {\"choices\": [1, 2, 3]}}"}
{"op_code":5,"worker_id":"b76030d6-86bd-4cbb-96f2-d2135bf23e56-140252871579456","trial_id":92,"param_name":"nodes","param_value_internal":2,"distribution":"{\"name\": \"CategoricalDistribution\", \"attributes\": {\"choices\": [16, 32, 64]}}"}
{"op_code":6,"worker_id":"b76030d6-86bd-4cbb-96f2-d2135bf23e56-140252871579456","trial_id":92,"state":1,"values":[0.6180187326270907],"datetime_complete":"2026-03-30T10:53:37.325264"}
{"op_code":4,"worker_id":"b76030d6-86bd-4cbb-96f2-d2135bf23e56-140252871579456","study_id":0,"datetime_start":"2026-03-30T10:53:37.353483"}
{"op_code":5,"worker_id":"b76030d6-86bd-4cbb-96f2-d2135bf23e56-140252871579456","trial_id":93,"param_name":"lr","param_value_internal":0.007492584240934636,"distribution":"{\"name\": \"FloatDistribution\", \"attributes\": {\"step\": null, \"low\": 0.0001, \"high\": 0.1, \"log\": true}}"}
{"op_code":5,"worker_id":"b76030d6-86bd-4cbb-96f2-d2135bf23e56-140252871579456","trial_id":93,"param_name":"dropout","param_value_internal":0.2922431427333869,"distribution":"{\"name\": \"FloatDistribution\", \"attributes\": {\"step\": null, \"low\": 0.0, \"high\": 0.5, \"log\": false}}"}
{"op_code":5,"worker_id":"b76030d6-86bd-4cbb-96f2-d2135bf23e56-140252871579456","trial_id":93,"param_name":"layers","param_value_internal":1,"distribution":"{\"name\": \"CategoricalDistribution\", \"attributes\": {\"choices\": [1, 2, 3]}}"}
{"op_code":5,"worker_id":"b76030d6-86bd-4cbb-96f2-d2135bf23e56-140252871579456","trial_id":93,"param_name":"nodes","param_value_internal":2,"distribution":"{\"name\": \"CategoricalDistribution\", \"attributes\": {\"choices\": [16, 32, 64]}}"}
{"op_code":6,"worker_id":"b76030d6-86bd-4cbb-96f2-d2135bf23e56-140252871579456","trial_id":93,"state":1,"values":[0.6182210140892448],"datetime_complete":"2026-03-30T10:53:43.402503"}
{"op_code":4,"worker_id":"b76030d6-86bd-4cbb-96f2-d2135bf23e56-140252871579456","study_id":0,"datetime_start":"2026-03-30T10:53:43.421883"}
{"op_code":5,"worker_id":"b76030d6-86bd-4cbb-96f2-d2135bf23e56-140252871579456","trial_id":94,"param_name":"lr","param_value_internal":0.0009649505780363377,"distribution":"{\"name\": \"FloatDistribution\", \"attributes\": {\"step\": null, \"low\": 0.0001, \"high\": 0.1, \"log\": true}}"}
{"op_code":5,"worker_id":"b76030d6-86bd-4cbb-96f2-d2135bf23e56-140252871579456","trial_id":94,"param_name":"dropout","param_value_internal":0.32696004810908696,"distribution":"{\"name\": \"FloatDistribution\", \"attributes\": {\"step\": null, \"low\": 0.0, \"high\": 0.5, \"log\": false}}"}
{"op_code":5,"worker_id":"b76030d6-86bd-4cbb-96f2-d2135bf23e56-140252871579456","trial_id":94,"param_name":"layers","param_value_internal":1,"distribution":"{\"name\": \"CategoricalDistribution\", \"attributes\": {\"choices\": [1, 2, 3]}}"}
{"op_code":5,"worker_id":"b76030d6-86bd-4cbb-96f2-d2135bf23e56-140252871579456","trial_id":94,"param_name":"nodes","param_value_internal":2,"distribution":"{\"name\": \"CategoricalDistribution\", \"attributes\": {\"choices\": [16, 32, 64]}}"}
{"op_code":6,"worker_id":"b76030d6-86bd-4cbb-96f2-d2135bf23e56-140252871579456","trial_id":94,"state":1,"values":[0.602708980615072],"datetime_complete":"2026-03-30T10:53:49.394252"}
{"op_code":4,"worker_id":"b76030d6-86bd-4cbb-96f2-d2135bf23e56-140252871579456","study_id":0,"datetime_start":"2026-03-30T10:53:49.421469"}
{"op_code":5,"worker_id":"b76030d6-86bd-4cbb-96f2-d2135bf23e56-140252871579456","trial_id":95,"param_name":"lr","param_value_internal":0.015667324079149055,"distribution":"{\"name\": \"FloatDistribution\", \"attributes\": {\"step\": null, \"low\": 0.0001, \"high\": 0.1, \"log\": true}}"}
{"op_code":5,"worker_id":"b76030d6-86bd-4cbb-96f2-d2135bf23e56-140252871579456","trial_id":95,"param_name":"dropout","param_value_internal":0.30963150681339474,"distribution":"{\"name\": \"FloatDistribution\", \"attributes\": {\"step\": null, \"low\": 0.0, \"high\": 0.5, \"log\": false}}"}
{"op_code":5,"worker_id":"b76030d6-86bd-4cbb-96f2-d2135bf23e56-140252871579456","trial_id":95,"param_name":"layers","param_value_internal":1,"distribution":"{\"name\": \"CategoricalDistribution\", \"attributes\": {\"choices\": [1, 2, 3]}}"}
{"op_code":5,"worker_id":"b76030d6-86bd-4cbb-96f2-d2135bf23e56-140252871579456","trial_id":95,"param_name":"nodes","param_value_internal":2,"distribution":"{\"name\": \"CategoricalDistribution\", \"attributes\": {\"choices\": [16, 32, 64]}}"}
{"op_code":6,"worker_id":"b76030d6-86bd-4cbb-96f2-d2135bf23e56-140252871579456","trial_id":95,"state":1,"values":[0.6198244924212637],"datetime_complete":"2026-03-30T10:53:55.318177"}
{"op_code":4,"worker_id":"b76030d6-86bd-4cbb-96f2-d2135bf23e56-140252871579456","study_id":0,"datetime_start":"2026-03-30T10:53:55.341387"}
{"op_code":5,"worker_id":"b76030d6-86bd-4cbb-96f2-d2135bf23e56-140252871579456","trial_id":96,"param_name":"lr","param_value_internal":0.004737672612974892,"distribution":"{\"name\": \"FloatDistribution\", \"attributes\": {\"step\": null, \"low\": 0.0001, \"high\": 0.1, \"log\": true}}"}
{"op_code":5,"worker_id":"b76030d6-86bd-4cbb-96f2-d2135bf23e56-140252871579456","trial_id":96,"param_name":"dropout","param_value_internal":0.37154528678771986,"distribution":"{\"name\": \"FloatDistribution\", \"attributes\": {\"step\": null, \"low\": 0.0, \"high\": 0.5, \"log\": false}}"}
{"op_code":5,"worker_id":"b76030d6-86bd-4cbb-96f2-d2135bf23e56-140252871579456","trial_id":96,"param_name":"layers","param_value_internal":1,"distribution":"{\"name\": \"CategoricalDistribution\", \"attributes\": {\"choices\": [1, 2, 3]}}"}
{"op_code":5,"worker_id":"b76030d6-86bd-4cbb-96f2-d2135bf23e56-140252871579456","trial_id":96,"param_name":"nodes","param_value_internal":2,"distribution":"{\"name\": \"CategoricalDistribution\", \"attributes\": {\"choices\": [16, 32, 64]}}"}
{"op_code":6,"worker_id":"b76030d6-86bd-4cbb-96f2-d2135bf23e56-140252871579456","trial_id":96,"state":1,"values":[0.6168107259177101],"datetime_complete":"2026-03-30T10:54:01.250345"}
{"op_code":4,"worker_id":"b76030d6-86bd-4cbb-96f2-d2135bf23e56-140252871579456","study_id":0,"datetime_start":"2026-03-30T10:54:01.271162"}
{"op_code":5,"worker_id":"b76030d6-86bd-4cbb-96f2-d2135bf23e56-140252871579456","trial_id":97,"param_name":"lr","param_value_internal":0.030772475720492635,"distribution":"{\"name\": \"FloatDistribution\", \"attributes\": {\"step\": null, \"low\": 0.0001, \"high\": 0.1, \"log\": true}}"}
{"op_code":5,"worker_id":"b76030d6-86bd-4cbb-96f2-d2135bf23e56-140252871579456","trial_id":97,"param_name":"dropout","param_value_internal":0.39144518866922046,"distribution":"{\"name\": \"FloatDistribution\", \"attributes\": {\"step\": null, \"low\": 0.0, \"high\": 0.5, \"log\": false}}"}
{"op_code":5,"worker_id":"b76030d6-86bd-4cbb-96f2-d2135bf23e56-140252871579456","trial_id":97,"param_name":"layers","param_value_internal":2,"distribution":"{\"name\": \"CategoricalDistribution\", \"attributes\": {\"choices\": [1, 2, 3]}}"}
{"op_code":5,"worker_id":"b76030d6-86bd-4cbb-96f2-d2135bf23e56-140252871579456","trial_id":97,"param_name":"nodes","param_value_internal":2,"distribution":"{\"name\": \"CategoricalDistribution\", \"attributes\": {\"choices\": [16, 32, 64]}}"}
{"op_code":6,"worker_id":"b76030d6-86bd-4cbb-96f2-d2135bf23e56-140252871579456","trial_id":97,"state":1,"values":[0.6149009843606883],"datetime_complete":"2026-03-30T10:54:08.229461"}
{"op_code":4,"worker_id":"b76030d6-86bd-4cbb-96f2-d2135bf23e56-140252871579456","study_id":0,"datetime_start":"2026-03-30T10:54:08.246180"}
{"op_code":5,"worker_id":"b76030d6-86bd-4cbb-96f2-d2135bf23e56-140252871579456","trial_id":98,"param_name":"lr","param_value_internal":0.01063286280779591,"distribution":"{\"name\": \"FloatDistribution\", \"attributes\": {\"step\": null, \"low\": 0.0001, \"high\": 0.1, \"log\": true}}"}
{"op_code":5,"worker_id":"b76030d6-86bd-4cbb-96f2-d2135bf23e56-140252871579456","trial_id":98,"param_name":"dropout","param_value_internal":0.35691086930492333,"distribution":"{\"name\": \"FloatDistribution\", \"attributes\": {\"step\": null, \"low\": 0.0, \"high\": 0.5, \"log\": false}}"}
{"op_code":5,"worker_id":"b76030d6-86bd-4cbb-96f2-d2135bf23e56-140252871579456","trial_id":98,"param_name":"layers","param_value_internal":1,"distribution":"{\"name\": \"CategoricalDistribution\", \"attributes\": {\"choices\": [1, 2, 3]}}"}
{"op_code":5,"worker_id":"b76030d6-86bd-4cbb-96f2-d2135bf23e56-140252871579456","trial_id":98,"param_name":"nodes","param_value_internal":0,"distribution":"{\"name\": \"CategoricalDistribution\", \"attributes\": {\"choices\": [16, 32, 64]}}"}
{"op_code":6,"worker_id":"b76030d6-86bd-4cbb-96f2-d2135bf23e56-140252871579456","trial_id":98,"state":1,"values":[0.6167737925046763],"datetime_complete":"2026-03-30T10:54:14.281297"}
{"op_code":4,"worker_id":"b76030d6-86bd-4cbb-96f2-d2135bf23e56-140252871579456","study_id":0,"datetime_start":"2026-03-30T10:54:14.296887"}
{"op_code":5,"worker_id":"b76030d6-86bd-4cbb-96f2-d2135bf23e56-140252871579456","trial_id":99,"param_name":"lr","param_value_internal":0.0014735183776331362,"distribution":"{\"name\": \"FloatDistribution\", \"attributes\": {\"step\": null, \"low\": 0.0001, \"high\": 0.1, \"log\": true}}"}
{"op_code":5,"worker_id":"b76030d6-86bd-4cbb-96f2-d2135bf23e56-140252871579456","trial_id":99,"param_name":"dropout","param_value_internal":0.3035923514964397,"distribution":"{\"name\": \"FloatDistribution\", \"attributes\": {\"step\": null, \"low\": 0.0, \"high\": 0.5, \"log\": false}}"}
{"op_code":5,"worker_id":"b76030d6-86bd-4cbb-96f2-d2135bf23e56-140252871579456","trial_id":99,"param_name":"layers","param_value_internal":1,"distribution":"{\"name\": \"CategoricalDistribution\", \"attributes\": {\"choices\": [1, 2, 3]}}"}
{"op_code":5,"worker_id":"b76030d6-86bd-4cbb-96f2-d2135bf23e56-140252871579456","trial_id":99,"param_name":"nodes","param_value_internal":2,"distribution":"{\"name\": \"CategoricalDistribution\", \"attributes\": {\"choices\": [16, 32, 64]}}"}
{"op_code":6,"worker_id":"b76030d6-86bd-4cbb-96f2-d2135bf23e56-140252871579456","trial_id":99,"state":1,"values":[0.6154896461438107],"datetime_complete":"2026-03-30T10:54:20.292063"}
{"op_code":4,"worker_id":"b76030d6-86bd-4cbb-96f2-d2135bf23e56-140252871579456","study_id":0,"datetime_start":"2026-03-30T10:54:20.317800"}
{"op_code":5,"worker_id":"b76030d6-86bd-4cbb-96f2-d2135bf23e56-140252871579456","trial_id":100,"param_name":"lr","param_value_internal":0.012654524434851419,"distribution":"{\"name\": \"FloatDistribution\", \"attributes\": {\"step\": null, \"low\": 0.0001, \"high\": 0.1, \"log\": true}}"}
{"op_code":5,"worker_id":"b76030d6-86bd-4cbb-96f2-d2135bf23e56-140252871579456","trial_id":100,"param_name":"dropout","param_value_internal":0.3293935815453318,"distribution":"{\"name\": \"FloatDistribution\", \"attributes\": {\"step\": null, \"low\": 0.0, \"high\": 0.5, \"log\": false}}"}
{"op_code":5,"worker_id":"b76030d6-86bd-4cbb-96f2-d2135bf23e56-140252871579456","trial_id":100,"param_name":"layers","param_value_internal":1,"distribution":"{\"name\": \"CategoricalDistribution\", \"attributes\": {\"choices\": [1, 2, 3]}}"}
{"op_code":5,"worker_id":"b76030d6-86bd-4cbb-96f2-d2135bf23e56-140252871579456","trial_id":100,"param_name":"nodes","param_value_internal":1,"distribution":"{\"name\": \"CategoricalDistribution\", \"attributes\": {\"choices\": [16, 32, 64]}}"}
{"op_code":6,"worker_id":"b76030d6-86bd-4cbb-96f2-d2135bf23e56-140252871579456","trial_id":100,"state":1,"values":[0.6140464020037228],"datetime_complete":"2026-03-30T10:54:26.247708"}
{"op_code":4,"worker_id":"b76030d6-86bd-4cbb-96f2-d2135bf23e56-140252871579456","study_id":0,"datetime_start":"2026-03-30T10:54:26.262792"}
{"op_code":5,"worker_id":"b76030d6-86bd-4cbb-96f2-d2135bf23e56-140252871579456","trial_id":101,"param_name":"lr","param_value_internal":0.00032894148662973246,"distribution":"{\"name\": \"FloatDistribution\", \"attributes\": {\"step\": null, \"low\": 0.0001, \"high\": 0.1, \"log\": true}}"}
{"op_code":5,"worker_id":"b76030d6-86bd-4cbb-96f2-d2135bf23e56-140252871579456","trial_id":101,"param_name":"dropout","param_value_internal":0.28445326473350346,"distribution":"{\"name\": \"FloatDistribution\", \"attributes\": {\"step\": null, \"low\": 0.0, \"high\": 0.5, \"log\": false}}"}
{"op_code":5,"worker_id":"b76030d6-86bd-4cbb-96f2-d2135bf23e56-140252871579456","trial_id":101,"param_name":"layers","param_value_internal":1,"distribution":"{\"name\": \"CategoricalDistribution\", \"attributes\": {\"choices\": [1, 2, 3]}}"}
{"op_code":5,"worker_id":"b76030d6-86bd-4cbb-96f2-d2135bf23e56-140252871579456","trial_id":101,"param_name":"nodes","param_value_internal":2,"distribution":"{\"name\": \"CategoricalDistribution\", \"attributes\": {\"choices\": [16, 32, 64]}}"}
{"op_code":6,"worker_id":"b76030d6-86bd-4cbb-96f2-d2135bf23e56-140252871579456","trial_id":101,"state":1,"values":[0.5923471695368664],"datetime_complete":"2026-03-30T10:54:32.294721"}
{"op_code":4,"worker_id":"b76030d6-86bd-4cbb-96f2-d2135bf23e56-140252871579456","study_id":0,"datetime_start":"2026-03-30T10:54:32.322819"}
{"op_code":5,"worker_id":"b76030d6-86bd-4cbb-96f2-d2135bf23e56-140252871579456","trial_id":102,"param_name":"lr","param_value_internal":0.008845951380676767,"distribution":"{\"name\": \"FloatDistribution\", \"attributes\": {\"step\": null, \"low\": 0.0001, \"high\": 0.1, \"log\": true}}"}
{"op_code":5,"worker_id":"b76030d6-86bd-4cbb-96f2-d2135bf23e56-140252871579456","trial_id":102,"param_name":"dropout","param_value_internal":0.26020364735833557,"distribution":"{\"name\": \"FloatDistribution\", \"attributes\": {\"step\": null, \"low\": 0.0, \"high\": 0.5, \"log\": false}}"}
{"op_code":5,"worker_id":"b76030d6-86bd-4cbb-96f2-d2135bf23e56-140252871579456","trial_id":102,"param_name":"layers","param_value_internal":1,"distribution":"{\"name\": \"CategoricalDistribution\", \"attributes\": {\"choices\": [1, 2, 3]}}"}
{"op_code":5,"worker_id":"b76030d6-86bd-4cbb-96f2-d2135bf23e56-140252871579456","trial_id":102,"param_name":"nodes","param_value_internal":2,"distribution":"{\"name\": \"CategoricalDistribution\", \"attributes\": {\"choices\": [16, 32, 64]}}"}
{"op_code":6,"worker_id":"b76030d6-86bd-4cbb-96f2-d2135bf23e56-140252871579456","trial_id":102,"state":1,"values":[0.6221984585698018],"datetime_complete":"2026-03-30T10:54:38.363703"}
{"op_code":4,"worker_id":"b76030d6-86bd-4cbb-96f2-d2135bf23e56-140252871579456","study_id":0,"datetime_start":"2026-03-30T10:54:38.387659"}
{"op_code":5,"worker_id":"b76030d6-86bd-4cbb-96f2-d2135bf23e56-140252871579456","trial_id":103,"param_name":"lr","param_value_internal":0.003928085954158017,"distribution":"{\"name\": \"FloatDistribution\", \"attributes\": {\"step\": null, \"low\": 0.0001, \"high\": 0.1, \"log\": true}}"}
{"op_code":5,"worker_id":"b76030d6-86bd-4cbb-96f2-d2135bf23e56-140252871579456","trial_id":103,"param_name":"dropout","param_value_internal":0.239705373102256,"distribution":"{\"name\": \"FloatDistribution\", \"attributes\": {\"step\": null, \"low\": 0.0, \"high\": 0.5, \"log\": false}}"}
{"op_code":5,"worker_id":"b76030d6-86bd-4cbb-96f2-d2135bf23e56-140252871579456","trial_id":103,"param_name":"layers","param_value_internal":1,"distribution":"{\"name\": \"CategoricalDistribution\", \"attributes\": {\"choices\": [1, 2, 3]}}"}
{"op_code":5,"worker_id":"b76030d6-86bd-4cbb-96f2-d2135bf23e56-140252871579456","trial_id":103,"param_name":"nodes","param_value_internal":2,"distribution":"{\"name\": \"CategoricalDistribution\", \"attributes\": {\"choices\": [16, 32, 64]}}"}
{"op_code":6,"worker_id":"b76030d6-86bd-4cbb-96f2-d2135bf23e56-140252871579456","trial_id":103,"state":1,"values":[0.6146202904216318],"datetime_complete":"2026-03-30T10:54:44.613623"}
{"op_code":4,"worker_id":"b76030d6-86bd-4cbb-96f2-d2135bf23e56-140252871579456","study_id":0,"datetime_start":"2026-03-30T10:54:44.631038"}
{"op_code":5,"worker_id":"b76030d6-86bd-4cbb-96f2-d2135bf23e56-140252871579456","trial_id":104,"param_name":"lr","param_value_internal":0.00729073995076786,"distribution":"{\"name\": \"FloatDistribution\", \"attributes\": {\"step\": null, \"low\": 0.0001, \"high\": 0.1, \"log\": true}}"}
{"op_code":5,"worker_id":"b76030d6-86bd-4cbb-96f2-d2135bf23e56-140252871579456","trial_id":104,"param_name":"dropout","param_value_internal":0.27232464493103375,"distribution":"{\"name\": \"FloatDistribution\", \"attributes\": {\"step\": null, \"low\": 0.0, \"high\": 0.5, \"log\": false}}"}
{"op_code":5,"worker_id":"b76030d6-86bd-4cbb-96f2-d2135bf23e56-140252871579456","trial_id":104,"param_name":"layers","param_value_internal":1,"distribution":"{\"name\": \"CategoricalDistribution\", \"attributes\": {\"choices\": [1, 2, 3]}}"}
{"op_code":5,"worker_id":"b76030d6-86bd-4cbb-96f2-d2135bf23e56-140252871579456","trial_id":104,"param_name":"nodes","param_value_internal":2,"distribution":"{\"name\": \"CategoricalDistribution\", \"attributes\": {\"choices\": [16, 32, 64]}}"}
{"op_code":6,"worker_id":"b76030d6-86bd-4cbb-96f2-d2135bf23e56-140252871579456","trial_id":104,"state":1,"values":[0.6127963480241192],"datetime_complete":"2026-03-30T10:54:50.794859"}
{"op_code":4,"worker_id":"b76030d6-86bd-4cbb-96f2-d2135bf23e56-140252871579456","study_id":0,"datetime_start":"2026-03-30T10:54:50.817964"}
{"op_code":5,"worker_id":"b76030d6-86bd-4cbb-96f2-d2135bf23e56-140252871579456","trial_id":105,"param_name":"lr","param_value_internal":0.009072179850739104,"distribution":"{\"name\": \"FloatDistribution\", \"attributes\": {\"step\": null, \"low\": 0.0001, \"high\": 0.1, \"log\": true}}"}
{"op_code":5,"worker_id":"b76030d6-86bd-4cbb-96f2-d2135bf23e56-140252871579456","trial_id":105,"param_name":"dropout","param_value_internal":0.0817354548830854,"distribution":"{\"name\": \"FloatDistribution\", \"attributes\": {\"step\": null, \"low\": 0.0, \"high\": 0.5, \"log\": false}}"}
{"op_code":5,"worker_id":"b76030d6-86bd-4cbb-96f2-d2135bf23e56-140252871579456","trial_id":105,"param_name":"layers","param_value_internal":1,"distribution":"{\"name\": \"CategoricalDistribution\", \"attributes\": {\"choices\": [1, 2, 3]}}"}
{"op_code":5,"worker_id":"b76030d6-86bd-4cbb-96f2-d2135bf23e56-140252871579456","trial_id":105,"param_name":"nodes","param_value_internal":2,"distribution":"{\"name\": \"CategoricalDistribution\", \"attributes\": {\"choices\": [16, 32, 64]}}"}
{"op_code":6,"worker_id":"b76030d6-86bd-4cbb-96f2-d2135bf23e56-140252871579456","trial_id":105,"state":1,"values":[0.6080665983303825],"datetime_complete":"2026-03-30T10:54:56.910241"}
