{"op_code":0,"worker_id":"982bd901-19cb-454b-8236-9950f1f72ad0-140164324837184","study_name":"deephit_single_tuning","directions":[2]}
{"op_code":4,"worker_id":"982bd901-19cb-454b-8236-9950f1f72ad0-140164324837184","study_id":0,"datetime_start":"2026-03-31T00:36:46.073913"}
{"op_code":5,"worker_id":"982bd901-19cb-454b-8236-9950f1f72ad0-140164324837184","trial_id":0,"param_name":"lr","param_value_internal":0.005104024277214121,"distribution":"{\"name\": \"FloatDistribution\", \"attributes\": {\"step\": null, \"low\": 0.0001, \"high\": 0.1, \"log\": true}}"}
{"op_code":5,"worker_id":"982bd901-19cb-454b-8236-9950f1f72ad0-140164324837184","trial_id":0,"param_name":"dropout","param_value_internal":0.352531602265743,"distribution":"{\"name\": \"FloatDistribution\", \"attributes\": {\"step\": null, \"low\": 0.0, \"high\": 0.5, \"log\": false}}"}
{"op_code":5,"worker_id":"982bd901-19cb-454b-8236-9950f1f72ad0-140164324837184","trial_id":0,"param_name":"layers","param_value_internal":2.0,"distribution":"{\"name\": \"IntDistribution\", \"attributes\": {\"log\": false, \"step\": 1, \"low\": 1, \"high\": 3}}"}
{"op_code":5,"worker_id":"982bd901-19cb-454b-8236-9950f1f72ad0-140164324837184","trial_id":0,"param_name":"nodes","param_value_internal":0,"distribution":"{\"name\": \"CategoricalDistribution\", \"attributes\": {\"choices\": [32, 64, 128]}}"}
{"op_code":5,"worker_id":"982bd901-19cb-454b-8236-9950f1f72ad0-140164324837184","trial_id":0,"param_name":"alpha","param_value_internal":0.02136814268775078,"distribution":"{\"name\": \"FloatDistribution\", \"attributes\": {\"step\": null, \"low\": 0.0, \"high\": 0.5, \"log\": false}}"}
{"op_code":5,"worker_id":"982bd901-19cb-454b-8236-9950f1f72ad0-140164324837184","trial_id":0,"param_name":"sigma","param_value_internal":0.012389040201998996,"distribution":"{\"name\": \"FloatDistribution\", \"attributes\": {\"step\": null, \"low\": 0.01, \"high\": 1.0, \"log\": true}}"}
{"op_code":6,"worker_id":"982bd901-19cb-454b-8236-9950f1f72ad0-140164324837184","trial_id":0,"state":1,"values":[0.49989056611904364],"datetime_complete":"2026-03-31T00:36:48.739637"}
{"op_code":4,"worker_id":"982bd901-19cb-454b-8236-9950f1f72ad0-140164324837184","study_id":0,"datetime_start":"2026-03-31T00:36:48.765212"}
{"op_code":5,"worker_id":"982bd901-19cb-454b-8236-9950f1f72ad0-140164324837184","trial_id":1,"param_name":"lr","param_value_internal":0.0016877133113654002,"distribution":"{\"name\": \"FloatDistribution\", \"attributes\": {\"step\": null, \"low\": 0.0001, \"high\": 0.1, \"log\": true}}"}
{"op_code":5,"worker_id":"982bd901-19cb-454b-8236-9950f1f72ad0-140164324837184","trial_id":1,"param_name":"dropout","param_value_internal":0.20140770683181763,"distribution":"{\"name\": \"FloatDistribution\", \"attributes\": {\"step\": null, \"low\": 0.0, \"high\": 0.5, \"log\": false}}"}
{"op_code":5,"worker_id":"982bd901-19cb-454b-8236-9950f1f72ad0-140164324837184","trial_id":1,"param_name":"layers","param_value_internal":1.0,"distribution":"{\"name\": \"IntDistribution\", \"attributes\": {\"log\": false, \"step\": 1, \"low\": 1, \"high\": 3}}"}
{"op_code":5,"worker_id":"982bd901-19cb-454b-8236-9950f1f72ad0-140164324837184","trial_id":1,"param_name":"nodes","param_value_internal":1,"distribution":"{\"name\": \"CategoricalDistribution\", \"attributes\": {\"choices\": [32, 64, 128]}}"}
{"op_code":5,"worker_id":"982bd901-19cb-454b-8236-9950f1f72ad0-140164324837184","trial_id":1,"param_name":"alpha","param_value_internal":0.4253451067399026,"distribution":"{\"name\": \"FloatDistribution\", \"attributes\": {\"step\": null, \"low\": 0.0, \"high\": 0.5, \"log\": false}}"}
{"op_code":5,"worker_id":"982bd901-19cb-454b-8236-9950f1f72ad0-140164324837184","trial_id":1,"param_name":"sigma","param_value_internal":0.035356399686118686,"distribution":"{\"name\": \"FloatDistribution\", \"attributes\": {\"step\": null, \"low\": 0.01, \"high\": 1.0, \"log\": true}}"}
{"op_code":6,"worker_id":"982bd901-19cb-454b-8236-9950f1f72ad0-140164324837184","trial_id":1,"state":1,"values":[0.6040801260133974],"datetime_complete":"2026-03-31T00:36:50.968472"}
{"op_code":4,"worker_id":"982bd901-19cb-454b-8236-9950f1f72ad0-140164324837184","study_id":0,"datetime_start":"2026-03-31T00:36:50.990856"}
{"op_code":5,"worker_id":"982bd901-19cb-454b-8236-9950f1f72ad0-140164324837184","trial_id":2,"param_name":"lr","param_value_internal":0.0007221025980629661,"distribution":"{\"name\": \"FloatDistribution\", \"attributes\": {\"step\": null, \"low\": 0.0001, \"high\": 0.1, \"log\": true}}"}
{"op_code":5,"worker_id":"982bd901-19cb-454b-8236-9950f1f72ad0-140164324837184","trial_id":2,"param_name":"dropout","param_value_internal":0.4922448045919552,"distribution":"{\"name\": \"FloatDistribution\", \"attributes\": {\"step\": null, \"low\": 0.0, \"high\": 0.5, \"log\": false}}"}
{"op_code":5,"worker_id":"982bd901-19cb-454b-8236-9950f1f72ad0-140164324837184","trial_id":2,"param_name":"layers","param_value_internal":1.0,"distribution":"{\"name\": \"IntDistribution\", \"attributes\": {\"log\": false, \"step\": 1, \"low\": 1, \"high\": 3}}"}
{"op_code":5,"worker_id":"982bd901-19cb-454b-8236-9950f1f72ad0-140164324837184","trial_id":2,"param_name":"nodes","param_value_internal":1,"distribution":"{\"name\": \"CategoricalDistribution\", \"attributes\": {\"choices\": [32, 64, 128]}}"}
{"op_code":5,"worker_id":"982bd901-19cb-454b-8236-9950f1f72ad0-140164324837184","trial_id":2,"param_name":"alpha","param_value_internal":0.45928186256690134,"distribution":"{\"name\": \"FloatDistribution\", \"attributes\": {\"step\": null, \"low\": 0.0, \"high\": 0.5, \"log\": false}}"}
{"op_code":5,"worker_id":"982bd901-19cb-454b-8236-9950f1f72ad0-140164324837184","trial_id":2,"param_name":"sigma","param_value_internal":0.09588212139571564,"distribution":"{\"name\": \"FloatDistribution\", \"attributes\": {\"step\": null, \"low\": 0.01, \"high\": 1.0, \"log\": true}}"}
{"op_code":6,"worker_id":"982bd901-19cb-454b-8236-9950f1f72ad0-140164324837184","trial_id":2,"state":1,"values":[0.6080940246832938],"datetime_complete":"2026-03-31T00:36:53.149367"}
{"op_code":4,"worker_id":"982bd901-19cb-454b-8236-9950f1f72ad0-140164324837184","study_id":0,"datetime_start":"2026-03-31T00:36:53.167663"}
{"op_code":5,"worker_id":"982bd901-19cb-454b-8236-9950f1f72ad0-140164324837184","trial_id":3,"param_name":"lr","param_value_internal":0.0020168285069553458,"distribution":"{\"name\": \"FloatDistribution\", \"attributes\": {\"step\": null, \"low\": 0.0001, \"high\": 0.1, \"log\": true}}"}
{"op_code":5,"worker_id":"982bd901-19cb-454b-8236-9950f1f72ad0-140164324837184","trial_id":3,"param_name":"dropout","param_value_internal":0.4792898150873257,"distribution":"{\"name\": \"FloatDistribution\", \"attributes\": {\"step\": null, \"low\": 0.0, \"high\": 0.5, \"log\": false}}"}
{"op_code":5,"worker_id":"982bd901-19cb-454b-8236-9950f1f72ad0-140164324837184","trial_id":3,"param_name":"layers","param_value_internal":3.0,"distribution":"{\"name\": \"IntDistribution\", \"attributes\": {\"log\": false, \"step\": 1, \"low\": 1, \"high\": 3}}"}
{"op_code":5,"worker_id":"982bd901-19cb-454b-8236-9950f1f72ad0-140164324837184","trial_id":3,"param_name":"nodes","param_value_internal":0,"distribution":"{\"name\": \"CategoricalDistribution\", \"attributes\": {\"choices\": [32, 64, 128]}}"}
{"op_code":5,"worker_id":"982bd901-19cb-454b-8236-9950f1f72ad0-140164324837184","trial_id":3,"param_name":"alpha","param_value_internal":0.04644909944610598,"distribution":"{\"name\": \"FloatDistribution\", \"attributes\": {\"step\": null, \"low\": 0.0, \"high\": 0.5, \"log\": false}}"}
{"op_code":5,"worker_id":"982bd901-19cb-454b-8236-9950f1f72ad0-140164324837184","trial_id":3,"param_name":"sigma","param_value_internal":0.11981625673979025,"distribution":"{\"name\": \"FloatDistribution\", \"attributes\": {\"step\": null, \"low\": 0.01, \"high\": 1.0, \"log\": true}}"}
{"op_code":6,"worker_id":"982bd901-19cb-454b-8236-9950f1f72ad0-140164324837184","trial_id":3,"state":1,"values":[0.6123999360407162],"datetime_complete":"2026-03-31T00:36:55.728583"}
{"op_code":4,"worker_id":"982bd901-19cb-454b-8236-9950f1f72ad0-140164324837184","study_id":0,"datetime_start":"2026-03-31T00:36:55.767779"}
{"op_code":5,"worker_id":"982bd901-19cb-454b-8236-9950f1f72ad0-140164324837184","trial_id":4,"param_name":"lr","param_value_internal":0.01169589314028083,"distribution":"{\"name\": \"FloatDistribution\", \"attributes\": {\"step\": null, \"low\": 0.0001, \"high\": 0.1, \"log\": true}}"}
{"op_code":5,"worker_id":"982bd901-19cb-454b-8236-9950f1f72ad0-140164324837184","trial_id":4,"param_name":"dropout","param_value_internal":0.4528911785611678,"distribution":"{\"name\": \"FloatDistribution\", \"attributes\": {\"step\": null, \"low\": 0.0, \"high\": 0.5, \"log\": false}}"}
{"op_code":5,"worker_id":"982bd901-19cb-454b-8236-9950f1f72ad0-140164324837184","trial_id":4,"param_name":"layers","param_value_internal":3.0,"distribution":"{\"name\": \"IntDistribution\", \"attributes\": {\"log\": false, \"step\": 1, \"low\": 1, \"high\": 3}}"}
{"op_code":5,"worker_id":"982bd901-19cb-454b-8236-9950f1f72ad0-140164324837184","trial_id":4,"param_name":"nodes","param_value_internal":2,"distribution":"{\"name\": \"CategoricalDistribution\", \"attributes\": {\"choices\": [32, 64, 128]}}"}
{"op_code":5,"worker_id":"982bd901-19cb-454b-8236-9950f1f72ad0-140164324837184","trial_id":4,"param_name":"alpha","param_value_internal":0.3583509207627981,"distribution":"{\"name\": \"FloatDistribution\", \"attributes\": {\"step\": null, \"low\": 0.0, \"high\": 0.5, \"log\": false}}"}
{"op_code":5,"worker_id":"982bd901-19cb-454b-8236-9950f1f72ad0-140164324837184","trial_id":4,"param_name":"sigma","param_value_internal":0.011039624637210541,"distribution":"{\"name\": \"FloatDistribution\", \"attributes\": {\"step\": null, \"low\": 0.01, \"high\": 1.0, \"log\": true}}"}
{"op_code":6,"worker_id":"982bd901-19cb-454b-8236-9950f1f72ad0-140164324837184","trial_id":4,"state":1,"values":[0.5217489915639519],"datetime_complete":"2026-03-31T00:36:58.355262"}
{"op_code":4,"worker_id":"982bd901-19cb-454b-8236-9950f1f72ad0-140164324837184","study_id":0,"datetime_start":"2026-03-31T00:36:58.366650"}
{"op_code":5,"worker_id":"982bd901-19cb-454b-8236-9950f1f72ad0-140164324837184","trial_id":5,"param_name":"lr","param_value_internal":0.009637711679832376,"distribution":"{\"name\": \"FloatDistribution\", \"attributes\": {\"step\": null, \"low\": 0.0001, \"high\": 0.1, \"log\": true}}"}
{"op_code":5,"worker_id":"982bd901-19cb-454b-8236-9950f1f72ad0-140164324837184","trial_id":5,"param_name":"dropout","param_value_internal":0.24250421001883393,"distribution":"{\"name\": \"FloatDistribution\", \"attributes\": {\"step\": null, \"low\": 0.0, \"high\": 0.5, \"log\": false}}"}
{"op_code":5,"worker_id":"982bd901-19cb-454b-8236-9950f1f72ad0-140164324837184","trial_id":5,"param_name":"layers","param_value_internal":3.0,"distribution":"{\"name\": \"IntDistribution\", \"attributes\": {\"log\": false, \"step\": 1, \"low\": 1, \"high\": 3}}"}
{"op_code":5,"worker_id":"982bd901-19cb-454b-8236-9950f1f72ad0-140164324837184","trial_id":5,"param_name":"nodes","param_value_internal":0,"distribution":"{\"name\": \"CategoricalDistribution\", \"attributes\": {\"choices\": [32, 64, 128]}}"}
{"op_code":5,"worker_id":"982bd901-19cb-454b-8236-9950f1f72ad0-140164324837184","trial_id":5,"param_name":"alpha","param_value_internal":0.41299891712664066,"distribution":"{\"name\": \"FloatDistribution\", \"attributes\": {\"step\": null, \"low\": 0.0, \"high\": 0.5, \"log\": false}}"}
{"op_code":5,"worker_id":"982bd901-19cb-454b-8236-9950f1f72ad0-140164324837184","trial_id":5,"param_name":"sigma","param_value_internal":0.9022859517468289,"distribution":"{\"name\": \"FloatDistribution\", \"attributes\": {\"step\": null, \"low\": 0.01, \"high\": 1.0, \"log\": true}}"}
{"op_code":6,"worker_id":"982bd901-19cb-454b-8236-9950f1f72ad0-140164324837184","trial_id":5,"state":1,"values":[0.6183581288961013],"datetime_complete":"2026-03-31T00:37:00.952048"}
{"op_code":4,"worker_id":"982bd901-19cb-454b-8236-9950f1f72ad0-140164324837184","study_id":0,"datetime_start":"2026-03-31T00:37:00.968262"}
{"op_code":5,"worker_id":"982bd901-19cb-454b-8236-9950f1f72ad0-140164324837184","trial_id":6,"param_name":"lr","param_value_internal":0.0003091938442014364,"distribution":"{\"name\": \"FloatDistribution\", \"attributes\": {\"step\": null, \"low\": 0.0001, \"high\": 0.1, \"log\": true}}"}
{"op_code":5,"worker_id":"982bd901-19cb-454b-8236-9950f1f72ad0-140164324837184","trial_id":6,"param_name":"dropout","param_value_internal":0.2801906531729076,"distribution":"{\"name\": \"FloatDistribution\", \"attributes\": {\"step\": null, \"low\": 0.0, \"high\": 0.5, \"log\": false}}"}
{"op_code":5,"worker_id":"982bd901-19cb-454b-8236-9950f1f72ad0-140164324837184","trial_id":6,"param_name":"layers","param_value_internal":2.0,"distribution":"{\"name\": \"IntDistribution\", \"attributes\": {\"log\": false, \"step\": 1, \"low\": 1, \"high\": 3}}"}
{"op_code":5,"worker_id":"982bd901-19cb-454b-8236-9950f1f72ad0-140164324837184","trial_id":6,"param_name":"nodes","param_value_internal":1,"distribution":"{\"name\": \"CategoricalDistribution\", \"attributes\": {\"choices\": [32, 64, 128]}}"}
{"op_code":5,"worker_id":"982bd901-19cb-454b-8236-9950f1f72ad0-140164324837184","trial_id":6,"param_name":"alpha","param_value_internal":0.4632625164140964,"distribution":"{\"name\": \"FloatDistribution\", \"attributes\": {\"step\": null, \"low\": 0.0, \"high\": 0.5, \"log\": false}}"}
{"op_code":5,"worker_id":"982bd901-19cb-454b-8236-9950f1f72ad0-140164324837184","trial_id":6,"param_name":"sigma","param_value_internal":0.10828968829371656,"distribution":"{\"name\": \"FloatDistribution\", \"attributes\": {\"step\": null, \"low\": 0.01, \"high\": 1.0, \"log\": true}}"}
{"op_code":6,"worker_id":"982bd901-19cb-454b-8236-9950f1f72ad0-140164324837184","trial_id":6,"state":1,"values":[0.6107748712592608],"datetime_complete":"2026-03-31T00:37:03.342281"}
{"op_code":4,"worker_id":"982bd901-19cb-454b-8236-9950f1f72ad0-140164324837184","study_id":0,"datetime_start":"2026-03-31T00:37:03.359596"}
{"op_code":5,"worker_id":"982bd901-19cb-454b-8236-9950f1f72ad0-140164324837184","trial_id":7,"param_name":"lr","param_value_internal":0.0005868297146183294,"distribution":"{\"name\": \"FloatDistribution\", \"attributes\": {\"step\": null, \"low\": 0.0001, \"high\": 0.1, \"log\": true}}"}
{"op_code":5,"worker_id":"982bd901-19cb-454b-8236-9950f1f72ad0-140164324837184","trial_id":7,"param_name":"dropout","param_value_internal":0.18910977683938046,"distribution":"{\"name\": \"FloatDistribution\", \"attributes\": {\"step\": null, \"low\": 0.0, \"high\": 0.5, \"log\": false}}"}
{"op_code":5,"worker_id":"982bd901-19cb-454b-8236-9950f1f72ad0-140164324837184","trial_id":7,"param_name":"layers","param_value_internal":3.0,"distribution":"{\"name\": \"IntDistribution\", \"attributes\": {\"log\": false, \"step\": 1, \"low\": 1, \"high\": 3}}"}
{"op_code":5,"worker_id":"982bd901-19cb-454b-8236-9950f1f72ad0-140164324837184","trial_id":7,"param_name":"nodes","param_value_internal":2,"distribution":"{\"name\": \"CategoricalDistribution\", \"attributes\": {\"choices\": [32, 64, 128]}}"}
{"op_code":5,"worker_id":"982bd901-19cb-454b-8236-9950f1f72ad0-140164324837184","trial_id":7,"param_name":"alpha","param_value_internal":0.2038662737358392,"distribution":"{\"name\": \"FloatDistribution\", \"attributes\": {\"step\": null, \"low\": 0.0, \"high\": 0.5, \"log\": false}}"}
{"op_code":5,"worker_id":"982bd901-19cb-454b-8236-9950f1f72ad0-140164324837184","trial_id":7,"param_name":"sigma","param_value_internal":0.027536015759513005,"distribution":"{\"name\": \"FloatDistribution\", \"attributes\": {\"step\": null, \"low\": 0.01, \"high\": 1.0, \"log\": true}}"}
{"op_code":6,"worker_id":"982bd901-19cb-454b-8236-9950f1f72ad0-140164324837184","trial_id":7,"state":1,"values":[0.5457320219412096],"datetime_complete":"2026-03-31T00:37:05.938014"}
{"op_code":4,"worker_id":"982bd901-19cb-454b-8236-9950f1f72ad0-140164324837184","study_id":0,"datetime_start":"2026-03-31T00:37:05.954159"}
{"op_code":5,"worker_id":"982bd901-19cb-454b-8236-9950f1f72ad0-140164324837184","trial_id":8,"param_name":"lr","param_value_internal":0.002796000389080057,"distribution":"{\"name\": \"FloatDistribution\", \"attributes\": {\"step\": null, \"low\": 0.0001, \"high\": 0.1, \"log\": true}}"}
{"op_code":5,"worker_id":"982bd901-19cb-454b-8236-9950f1f72ad0-140164324837184","trial_id":8,"param_name":"dropout","param_value_internal":0.24468080109149332,"distribution":"{\"name\": \"FloatDistribution\", \"attributes\": {\"step\": null, \"low\": 0.0, \"high\": 0.5, \"log\": false}}"}
{"op_code":5,"worker_id":"982bd901-19cb-454b-8236-9950f1f72ad0-140164324837184","trial_id":8,"param_name":"layers","param_value_internal":3.0,"distribution":"{\"name\": \"IntDistribution\", \"attributes\": {\"log\": false, \"step\": 1, \"low\": 1, \"high\": 3}}"}
{"op_code":5,"worker_id":"982bd901-19cb-454b-8236-9950f1f72ad0-140164324837184","trial_id":8,"param_name":"nodes","param_value_internal":1,"distribution":"{\"name\": \"CategoricalDistribution\", \"attributes\": {\"choices\": [32, 64, 128]}}"}
{"op_code":5,"worker_id":"982bd901-19cb-454b-8236-9950f1f72ad0-140164324837184","trial_id":8,"param_name":"alpha","param_value_internal":0.2891623987223613,"distribution":"{\"name\": \"FloatDistribution\", \"attributes\": {\"step\": null, \"low\": 0.0, \"high\": 0.5, \"log\": false}}"}
{"op_code":5,"worker_id":"982bd901-19cb-454b-8236-9950f1f72ad0-140164324837184","trial_id":8,"param_name":"sigma","param_value_internal":0.07129149119625616,"distribution":"{\"name\": \"FloatDistribution\", \"attributes\": {\"step\": null, \"low\": 0.01, \"high\": 1.0, \"log\": true}}"}
{"op_code":6,"worker_id":"982bd901-19cb-454b-8236-9950f1f72ad0-140164324837184","trial_id":8,"state":1,"values":[0.6199559769610494],"datetime_complete":"2026-03-31T00:37:08.524681"}
{"op_code":4,"worker_id":"982bd901-19cb-454b-8236-9950f1f72ad0-140164324837184","study_id":0,"datetime_start":"2026-03-31T00:37:08.534658"}
{"op_code":5,"worker_id":"982bd901-19cb-454b-8236-9950f1f72ad0-140164324837184","trial_id":9,"param_name":"lr","param_value_internal":0.005029145308869182,"distribution":"{\"name\": \"FloatDistribution\", \"attributes\": {\"step\": null, \"low\": 0.0001, \"high\": 0.1, \"log\": true}}"}
{"op_code":5,"worker_id":"982bd901-19cb-454b-8236-9950f1f72ad0-140164324837184","trial_id":9,"param_name":"dropout","param_value_internal":0.4357684990984809,"distribution":"{\"name\": \"FloatDistribution\", \"attributes\": {\"step\": null, \"low\": 0.0, \"high\": 0.5, \"log\": false}}"}
{"op_code":5,"worker_id":"982bd901-19cb-454b-8236-9950f1f72ad0-140164324837184","trial_id":9,"param_name":"layers","param_value_internal":3.0,"distribution":"{\"name\": \"IntDistribution\", \"attributes\": {\"log\": false, \"step\": 1, \"low\": 1, \"high\": 3}}"}
{"op_code":5,"worker_id":"982bd901-19cb-454b-8236-9950f1f72ad0-140164324837184","trial_id":9,"param_name":"nodes","param_value_internal":0,"distribution":"{\"name\": \"CategoricalDistribution\", \"attributes\": {\"choices\": [32, 64, 128]}}"}
{"op_code":5,"worker_id":"982bd901-19cb-454b-8236-9950f1f72ad0-140164324837184","trial_id":9,"param_name":"alpha","param_value_internal":0.2908983050283972,"distribution":"{\"name\": \"FloatDistribution\", \"attributes\": {\"step\": null, \"low\": 0.0, \"high\": 0.5, \"log\": false}}"}
{"op_code":5,"worker_id":"982bd901-19cb-454b-8236-9950f1f72ad0-140164324837184","trial_id":9,"param_name":"sigma","param_value_internal":0.038840054004534885,"distribution":"{\"name\": \"FloatDistribution\", \"attributes\": {\"step\": null, \"low\": 0.01, \"high\": 1.0, \"log\": true}}"}
{"op_code":6,"worker_id":"982bd901-19cb-454b-8236-9950f1f72ad0-140164324837184","trial_id":9,"state":1,"values":[0.5086078536103541],"datetime_complete":"2026-03-31T00:37:11.073991"}
{"op_code":4,"worker_id":"982bd901-19cb-454b-8236-9950f1f72ad0-140164324837184","study_id":0,"datetime_start":"2026-03-31T00:37:11.090160"}
{"op_code":5,"worker_id":"982bd901-19cb-454b-8236-9950f1f72ad0-140164324837184","trial_id":10,"param_name":"lr","param_value_internal":0.03968926246623496,"distribution":"{\"name\": \"FloatDistribution\", \"attributes\": {\"step\": null, \"low\": 0.0001, \"high\": 0.1, \"log\": true}}"}
{"op_code":5,"worker_id":"982bd901-19cb-454b-8236-9950f1f72ad0-140164324837184","trial_id":10,"param_name":"dropout","param_value_internal":0.05126485586741847,"distribution":"{\"name\": \"FloatDistribution\", \"attributes\": {\"step\": null, \"low\": 0.0, \"high\": 0.5, \"log\": false}}"}
{"op_code":5,"worker_id":"982bd901-19cb-454b-8236-9950f1f72ad0-140164324837184","trial_id":10,"param_name":"layers","param_value_internal":2.0,"distribution":"{\"name\": \"IntDistribution\", \"attributes\": {\"log\": false, \"step\": 1, \"low\": 1, \"high\": 3}}"}
{"op_code":5,"worker_id":"982bd901-19cb-454b-8236-9950f1f72ad0-140164324837184","trial_id":10,"param_name":"nodes","param_value_internal":1,"distribution":"{\"name\": \"CategoricalDistribution\", \"attributes\": {\"choices\": [32, 64, 128]}}"}
{"op_code":5,"worker_id":"982bd901-19cb-454b-8236-9950f1f72ad0-140164324837184","trial_id":10,"param_name":"alpha","param_value_internal":0.16183433549423837,"distribution":"{\"name\": \"FloatDistribution\", \"attributes\": {\"step\": null, \"low\": 0.0, \"high\": 0.5, \"log\": false}}"}
{"op_code":5,"worker_id":"982bd901-19cb-454b-8236-9950f1f72ad0-140164324837184","trial_id":10,"param_name":"sigma","param_value_internal":0.4096918544730501,"distribution":"{\"name\": \"FloatDistribution\", \"attributes\": {\"step\": null, \"low\": 0.01, \"high\": 1.0, \"log\": true}}"}
{"op_code":6,"worker_id":"982bd901-19cb-454b-8236-9950f1f72ad0-140164324837184","trial_id":10,"state":1,"values":[0.6169122408316521],"datetime_complete":"2026-03-31T00:37:13.434160"}
{"op_code":4,"worker_id":"982bd901-19cb-454b-8236-9950f1f72ad0-140164324837184","study_id":0,"datetime_start":"2026-03-31T00:37:13.443935"}
{"op_code":5,"worker_id":"982bd901-19cb-454b-8236-9950f1f72ad0-140164324837184","trial_id":11,"param_name":"lr","param_value_internal":0.03386986068018005,"distribution":"{\"name\": \"FloatDistribution\", \"attributes\": {\"step\": null, \"low\": 0.0001, \"high\": 0.1, \"log\": true}}"}
{"op_code":5,"worker_id":"982bd901-19cb-454b-8236-9950f1f72ad0-140164324837184","trial_id":11,"param_name":"dropout","param_value_internal":0.13214223944251732,"distribution":"{\"name\": \"FloatDistribution\", \"attributes\": {\"step\": null, \"low\": 0.0, \"high\": 0.5, \"log\": false}}"}
{"op_code":5,"worker_id":"982bd901-19cb-454b-8236-9950f1f72ad0-140164324837184","trial_id":11,"param_name":"layers","param_value_internal":3.0,"distribution":"{\"name\": \"IntDistribution\", \"attributes\": {\"log\": false, \"step\": 1, \"low\": 1, \"high\": 3}}"}
{"op_code":5,"worker_id":"982bd901-19cb-454b-8236-9950f1f72ad0-140164324837184","trial_id":11,"param_name":"nodes","param_value_internal":0,"distribution":"{\"name\": \"CategoricalDistribution\", \"attributes\": {\"choices\": [32, 64, 128]}}"}
{"op_code":5,"worker_id":"982bd901-19cb-454b-8236-9950f1f72ad0-140164324837184","trial_id":11,"param_name":"alpha","param_value_internal":0.31991485519537743,"distribution":"{\"name\": \"FloatDistribution\", \"attributes\": {\"step\": null, \"low\": 0.0, \"high\": 0.5, \"log\": false}}"}
{"op_code":5,"worker_id":"982bd901-19cb-454b-8236-9950f1f72ad0-140164324837184","trial_id":11,"param_name":"sigma","param_value_internal":0.7418286502318956,"distribution":"{\"name\": \"FloatDistribution\", \"attributes\": {\"step\": null, \"low\": 0.01, \"high\": 1.0, \"log\": true}}"}
{"op_code":6,"worker_id":"982bd901-19cb-454b-8236-9950f1f72ad0-140164324837184","trial_id":11,"state":1,"values":[0.6176085351622966],"datetime_complete":"2026-03-31T00:37:16.003568"}
{"op_code":4,"worker_id":"982bd901-19cb-454b-8236-9950f1f72ad0-140164324837184","study_id":0,"datetime_start":"2026-03-31T00:37:16.012758"}
{"op_code":5,"worker_id":"982bd901-19cb-454b-8236-9950f1f72ad0-140164324837184","trial_id":12,"param_name":"lr","param_value_internal":0.013795990403240617,"distribution":"{\"name\": \"FloatDistribution\", \"attributes\": {\"step\": null, \"low\": 0.0001, \"high\": 0.1, \"log\": true}}"}
{"op_code":5,"worker_id":"982bd901-19cb-454b-8236-9950f1f72ad0-140164324837184","trial_id":12,"param_name":"dropout","param_value_internal":0.3222885669672954,"distribution":"{\"name\": \"FloatDistribution\", \"attributes\": {\"step\": null, \"low\": 0.0, \"high\": 0.5, \"log\": false}}"}
{"op_code":5,"worker_id":"982bd901-19cb-454b-8236-9950f1f72ad0-140164324837184","trial_id":12,"param_name":"layers","param_value_internal":2.0,"distribution":"{\"name\": \"IntDistribution\", \"attributes\": {\"log\": false, \"step\": 1, \"low\": 1, \"high\": 3}}"}
{"op_code":5,"worker_id":"982bd901-19cb-454b-8236-9950f1f72ad0-140164324837184","trial_id":12,"param_name":"nodes","param_value_internal":1,"distribution":"{\"name\": \"CategoricalDistribution\", \"attributes\": {\"choices\": [32, 64, 128]}}"}
{"op_code":5,"worker_id":"982bd901-19cb-454b-8236-9950f1f72ad0-140164324837184","trial_id":12,"param_name":"alpha","param_value_internal":0.37891591522068124,"distribution":"{\"name\": \"FloatDistribution\", \"attributes\": {\"step\": null, \"low\": 0.0, \"high\": 0.5, \"log\": false}}"}
{"op_code":5,"worker_id":"982bd901-19cb-454b-8236-9950f1f72ad0-140164324837184","trial_id":12,"param_name":"sigma","param_value_internal":0.42744756868193295,"distribution":"{\"name\": \"FloatDistribution\", \"attributes\": {\"step\": null, \"low\": 0.01, \"high\": 1.0, \"log\": true}}"}
{"op_code":6,"worker_id":"982bd901-19cb-454b-8236-9950f1f72ad0-140164324837184","trial_id":12,"state":1,"values":[0.6227360511492825],"datetime_complete":"2026-03-31T00:37:18.354726"}
{"op_code":4,"worker_id":"982bd901-19cb-454b-8236-9950f1f72ad0-140164324837184","study_id":0,"datetime_start":"2026-03-31T00:37:18.373686"}
{"op_code":5,"worker_id":"982bd901-19cb-454b-8236-9950f1f72ad0-140164324837184","trial_id":13,"param_name":"lr","param_value_internal":0.08804756032613383,"distribution":"{\"name\": \"FloatDistribution\", \"attributes\": {\"step\": null, \"low\": 0.0001, \"high\": 0.1, \"log\": true}}"}
{"op_code":5,"worker_id":"982bd901-19cb-454b-8236-9950f1f72ad0-140164324837184","trial_id":13,"param_name":"dropout","param_value_internal":0.33922841222307304,"distribution":"{\"name\": \"FloatDistribution\", \"attributes\": {\"step\": null, \"low\": 0.0, \"high\": 0.5, \"log\": false}}"}
{"op_code":5,"worker_id":"982bd901-19cb-454b-8236-9950f1f72ad0-140164324837184","trial_id":13,"param_name":"layers","param_value_internal":2.0,"distribution":"{\"name\": \"IntDistribution\", \"attributes\": {\"log\": false, \"step\": 1, \"low\": 1, \"high\": 3}}"}
{"op_code":5,"worker_id":"982bd901-19cb-454b-8236-9950f1f72ad0-140164324837184","trial_id":13,"param_name":"nodes","param_value_internal":1,"distribution":"{\"name\": \"CategoricalDistribution\", \"attributes\": {\"choices\": [32, 64, 128]}}"}
{"op_code":5,"worker_id":"982bd901-19cb-454b-8236-9950f1f72ad0-140164324837184","trial_id":13,"param_name":"alpha","param_value_internal":0.2288193822845754,"distribution":"{\"name\": \"FloatDistribution\", \"attributes\": {\"step\": null, \"low\": 0.0, \"high\": 0.5, \"log\": false}}"}
{"op_code":5,"worker_id":"982bd901-19cb-454b-8236-9950f1f72ad0-140164324837184","trial_id":13,"param_name":"sigma","param_value_internal":0.2315146546519962,"distribution":"{\"name\": \"FloatDistribution\", \"attributes\": {\"step\": null, \"low\": 0.01, \"high\": 1.0, \"log\": true}}"}
{"op_code":6,"worker_id":"982bd901-19cb-454b-8236-9950f1f72ad0-140164324837184","trial_id":13,"state":1,"values":[0.6258143751892412],"datetime_complete":"2026-03-31T00:37:20.719675"}
{"op_code":4,"worker_id":"982bd901-19cb-454b-8236-9950f1f72ad0-140164324837184","study_id":0,"datetime_start":"2026-03-31T00:37:20.729187"}
{"op_code":5,"worker_id":"982bd901-19cb-454b-8236-9950f1f72ad0-140164324837184","trial_id":14,"param_name":"lr","param_value_internal":0.09084387266774639,"distribution":"{\"name\": \"FloatDistribution\", \"attributes\": {\"step\": null, \"low\": 0.0001, \"high\": 0.1, \"log\": true}}"}
{"op_code":5,"worker_id":"982bd901-19cb-454b-8236-9950f1f72ad0-140164324837184","trial_id":14,"param_name":"dropout","param_value_internal":0.3470605224067266,"distribution":"{\"name\": \"FloatDistribution\", \"attributes\": {\"step\": null, \"low\": 0.0, \"high\": 0.5, \"log\": false}}"}
{"op_code":5,"worker_id":"982bd901-19cb-454b-8236-9950f1f72ad0-140164324837184","trial_id":14,"param_name":"layers","param_value_internal":2.0,"distribution":"{\"name\": \"IntDistribution\", \"attributes\": {\"log\": false, \"step\": 1, \"low\": 1, \"high\": 3}}"}
{"op_code":5,"worker_id":"982bd901-19cb-454b-8236-9950f1f72ad0-140164324837184","trial_id":14,"param_name":"nodes","param_value_internal":1,"distribution":"{\"name\": \"CategoricalDistribution\", \"attributes\": {\"choices\": [32, 64, 128]}}"}
{"op_code":5,"worker_id":"982bd901-19cb-454b-8236-9950f1f72ad0-140164324837184","trial_id":14,"param_name":"alpha","param_value_internal":0.16232643901127006,"distribution":"{\"name\": \"FloatDistribution\", \"attributes\": {\"step\": null, \"low\": 0.0, \"high\": 0.5, \"log\": false}}"}
{"op_code":5,"worker_id":"982bd901-19cb-454b-8236-9950f1f72ad0-140164324837184","trial_id":14,"param_name":"sigma","param_value_internal":0.2930660085441624,"distribution":"{\"name\": \"FloatDistribution\", \"attributes\": {\"step\": null, \"low\": 0.01, \"high\": 1.0, \"log\": true}}"}
{"op_code":6,"worker_id":"982bd901-19cb-454b-8236-9950f1f72ad0-140164324837184","trial_id":14,"state":1,"values":[0.6216275369665382],"datetime_complete":"2026-03-31T00:37:23.087017"}
{"op_code":4,"worker_id":"982bd901-19cb-454b-8236-9950f1f72ad0-140164324837184","study_id":0,"datetime_start":"2026-03-31T00:37:23.103708"}
{"op_code":5,"worker_id":"982bd901-19cb-454b-8236-9950f1f72ad0-140164324837184","trial_id":15,"param_name":"lr","param_value_internal":0.08686743309000035,"distribution":"{\"name\": \"FloatDistribution\", \"attributes\": {\"step\": null, \"low\": 0.0001, \"high\": 0.1, \"log\": true}}"}
{"op_code":5,"worker_id":"982bd901-19cb-454b-8236-9950f1f72ad0-140164324837184","trial_id":15,"param_name":"dropout","param_value_internal":0.36631786163073615,"distribution":"{\"name\": \"FloatDistribution\", \"attributes\": {\"step\": null, \"low\": 0.0, \"high\": 0.5, \"log\": false}}"}
{"op_code":5,"worker_id":"982bd901-19cb-454b-8236-9950f1f72ad0-140164324837184","trial_id":15,"param_name":"layers","param_value_internal":2.0,"distribution":"{\"name\": \"IntDistribution\", \"attributes\": {\"log\": false, \"step\": 1, \"low\": 1, \"high\": 3}}"}
{"op_code":5,"worker_id":"982bd901-19cb-454b-8236-9950f1f72ad0-140164324837184","trial_id":15,"param_name":"nodes","param_value_internal":1,"distribution":"{\"name\": \"CategoricalDistribution\", \"attributes\": {\"choices\": [32, 64, 128]}}"}
{"op_code":5,"worker_id":"982bd901-19cb-454b-8236-9950f1f72ad0-140164324837184","trial_id":15,"param_name":"alpha","param_value_internal":0.21353737218487823,"distribution":"{\"name\": \"FloatDistribution\", \"attributes\": {\"step\": null, \"low\": 0.0, \"high\": 0.5, \"log\": false}}"}
{"op_code":5,"worker_id":"982bd901-19cb-454b-8236-9950f1f72ad0-140164324837184","trial_id":15,"param_name":"sigma","param_value_internal":0.26552725254109194,"distribution":"{\"name\": \"FloatDistribution\", \"attributes\": {\"step\": null, \"low\": 0.01, \"high\": 1.0, \"log\": true}}"}
{"op_code":6,"worker_id":"982bd901-19cb-454b-8236-9950f1f72ad0-140164324837184","trial_id":15,"state":1,"values":[0.6257610757860811],"datetime_complete":"2026-03-31T00:37:25.472324"}
{"op_code":4,"worker_id":"982bd901-19cb-454b-8236-9950f1f72ad0-140164324837184","study_id":0,"datetime_start":"2026-03-31T00:37:25.480971"}
{"op_code":5,"worker_id":"982bd901-19cb-454b-8236-9950f1f72ad0-140164324837184","trial_id":16,"param_name":"lr","param_value_internal":0.09146818354660051,"distribution":"{\"name\": \"FloatDistribution\", \"attributes\": {\"step\": null, \"low\": 0.0001, \"high\": 0.1, \"log\": true}}"}
{"op_code":5,"worker_id":"982bd901-19cb-454b-8236-9950f1f72ad0-140164324837184","trial_id":16,"param_name":"dropout","param_value_internal":0.3966784211241902,"distribution":"{\"name\": \"FloatDistribution\", \"attributes\": {\"step\": null, \"low\": 0.0, \"high\": 0.5, \"log\": false}}"}
{"op_code":5,"worker_id":"982bd901-19cb-454b-8236-9950f1f72ad0-140164324837184","trial_id":16,"param_name":"layers","param_value_internal":1.0,"distribution":"{\"name\": \"IntDistribution\", \"attributes\": {\"log\": false, \"step\": 1, \"low\": 1, \"high\": 3}}"}
{"op_code":5,"worker_id":"982bd901-19cb-454b-8236-9950f1f72ad0-140164324837184","trial_id":16,"param_name":"nodes","param_value_internal":1,"distribution":"{\"name\": \"CategoricalDistribution\", \"attributes\": {\"choices\": [32, 64, 128]}}"}
{"op_code":5,"worker_id":"982bd901-19cb-454b-8236-9950f1f72ad0-140164324837184","trial_id":16,"param_name":"alpha","param_value_internal":0.11235344123764798,"distribution":"{\"name\": \"FloatDistribution\", \"attributes\": {\"step\": null, \"low\": 0.0, \"high\": 0.5, \"log\": false}}"}
{"op_code":5,"worker_id":"982bd901-19cb-454b-8236-9950f1f72ad0-140164324837184","trial_id":16,"param_name":"sigma","param_value_internal":0.2009255341872948,"distribution":"{\"name\": \"FloatDistribution\", \"attributes\": {\"step\": null, \"low\": 0.01, \"high\": 1.0, \"log\": true}}"}
{"op_code":6,"worker_id":"982bd901-19cb-454b-8236-9950f1f72ad0-140164324837184","trial_id":16,"state":1,"values":[0.623253735777848],"datetime_complete":"2026-03-31T00:37:27.618170"}
{"op_code":4,"worker_id":"982bd901-19cb-454b-8236-9950f1f72ad0-140164324837184","study_id":0,"datetime_start":"2026-03-31T00:37:27.634416"}
{"op_code":5,"worker_id":"982bd901-19cb-454b-8236-9950f1f72ad0-140164324837184","trial_id":17,"param_name":"lr","param_value_internal":0.00010548596075995049,"distribution":"{\"name\": \"FloatDistribution\", \"attributes\": {\"step\": null, \"low\": 0.0001, \"high\": 0.1, \"log\": true}}"}
{"op_code":5,"worker_id":"982bd901-19cb-454b-8236-9950f1f72ad0-140164324837184","trial_id":17,"param_name":"dropout","param_value_internal":0.3845708139886447,"distribution":"{\"name\": \"FloatDistribution\", \"attributes\": {\"step\": null, \"low\": 0.0, \"high\": 0.5, \"log\": false}}"}
{"op_code":5,"worker_id":"982bd901-19cb-454b-8236-9950f1f72ad0-140164324837184","trial_id":17,"param_name":"layers","param_value_internal":2.0,"distribution":"{\"name\": \"IntDistribution\", \"attributes\": {\"log\": false, \"step\": 1, \"low\": 1, \"high\": 3}}"}
{"op_code":5,"worker_id":"982bd901-19cb-454b-8236-9950f1f72ad0-140164324837184","trial_id":17,"param_name":"nodes","param_value_internal":2,"distribution":"{\"name\": \"CategoricalDistribution\", \"attributes\": {\"choices\": [32, 64, 128]}}"}
{"op_code":5,"worker_id":"982bd901-19cb-454b-8236-9950f1f72ad0-140164324837184","trial_id":17,"param_name":"alpha","param_value_internal":0.22426080565572742,"distribution":"{\"name\": \"FloatDistribution\", \"attributes\": {\"step\": null, \"low\": 0.0, \"high\": 0.5, \"log\": false}}"}
{"op_code":5,"worker_id":"982bd901-19cb-454b-8236-9950f1f72ad0-140164324837184","trial_id":17,"param_name":"sigma","param_value_internal":0.21166325079562773,"distribution":"{\"name\": \"FloatDistribution\", \"attributes\": {\"step\": null, \"low\": 0.01, \"high\": 1.0, \"log\": true}}"}
{"op_code":6,"worker_id":"982bd901-19cb-454b-8236-9950f1f72ad0-140164324837184","trial_id":17,"state":1,"values":[0.6131540658939387],"datetime_complete":"2026-03-31T00:37:29.994848"}
{"op_code":4,"worker_id":"982bd901-19cb-454b-8236-9950f1f72ad0-140164324837184","study_id":0,"datetime_start":"2026-03-31T00:37:30.011136"}
{"op_code":5,"worker_id":"982bd901-19cb-454b-8236-9950f1f72ad0-140164324837184","trial_id":18,"param_name":"lr","param_value_internal":0.04040003362787687,"distribution":"{\"name\": \"FloatDistribution\", \"attributes\": {\"step\": null, \"low\": 0.0001, \"high\": 0.1, \"log\": true}}"}
{"op_code":5,"worker_id":"982bd901-19cb-454b-8236-9950f1f72ad0-140164324837184","trial_id":18,"param_name":"dropout","param_value_internal":0.4101956149631999,"distribution":"{\"name\": \"FloatDistribution\", \"attributes\": {\"step\": null, \"low\": 0.0, \"high\": 0.5, \"log\": false}}"}
{"op_code":5,"worker_id":"982bd901-19cb-454b-8236-9950f1f72ad0-140164324837184","trial_id":18,"param_name":"layers","param_value_internal":1.0,"distribution":"{\"name\": \"IntDistribution\", \"attributes\": {\"log\": false, \"step\": 1, \"low\": 1, \"high\": 3}}"}
{"op_code":5,"worker_id":"982bd901-19cb-454b-8236-9950f1f72ad0-140164324837184","trial_id":18,"param_name":"nodes","param_value_internal":1,"distribution":"{\"name\": \"CategoricalDistribution\", \"attributes\": {\"choices\": [32, 64, 128]}}"}
{"op_code":5,"worker_id":"982bd901-19cb-454b-8236-9950f1f72ad0-140164324837184","trial_id":18,"param_name":"alpha","param_value_internal":0.08646043813144608,"distribution":"{\"name\": \"FloatDistribution\", \"attributes\": {\"step\": null, \"low\": 0.0, \"high\": 0.5, \"log\": false}}"}
{"op_code":5,"worker_id":"982bd901-19cb-454b-8236-9950f1f72ad0-140164324837184","trial_id":18,"param_name":"sigma","param_value_internal":0.5296882174537961,"distribution":"{\"name\": \"FloatDistribution\", \"attributes\": {\"step\": null, \"low\": 0.01, \"high\": 1.0, \"log\": true}}"}
{"op_code":6,"worker_id":"982bd901-19cb-454b-8236-9950f1f72ad0-140164324837184","trial_id":18,"state":1,"values":[0.6255694247406757],"datetime_complete":"2026-03-31T00:37:32.146194"}
{"op_code":4,"worker_id":"982bd901-19cb-454b-8236-9950f1f72ad0-140164324837184","study_id":0,"datetime_start":"2026-03-31T00:37:32.169294"}
{"op_code":5,"worker_id":"982bd901-19cb-454b-8236-9950f1f72ad0-140164324837184","trial_id":19,"param_name":"lr","param_value_internal":0.023648903375028094,"distribution":"{\"name\": \"FloatDistribution\", \"attributes\": {\"step\": null, \"low\": 0.0001, \"high\": 0.1, \"log\": true}}"}
{"op_code":5,"worker_id":"982bd901-19cb-454b-8236-9950f1f72ad0-140164324837184","trial_id":19,"param_name":"dropout","param_value_internal":0.29955747044784786,"distribution":"{\"name\": \"FloatDistribution\", \"attributes\": {\"step\": null, \"low\": 0.0, \"high\": 0.5, \"log\": false}}"}
{"op_code":5,"worker_id":"982bd901-19cb-454b-8236-9950f1f72ad0-140164324837184","trial_id":19,"param_name":"layers","param_value_internal":2.0,"distribution":"{\"name\": \"IntDistribution\", \"attributes\": {\"log\": false, \"step\": 1, \"low\": 1, \"high\": 3}}"}
{"op_code":5,"worker_id":"982bd901-19cb-454b-8236-9950f1f72ad0-140164324837184","trial_id":19,"param_name":"nodes","param_value_internal":1,"distribution":"{\"name\": \"CategoricalDistribution\", \"attributes\": {\"choices\": [32, 64, 128]}}"}
{"op_code":5,"worker_id":"982bd901-19cb-454b-8236-9950f1f72ad0-140164324837184","trial_id":19,"param_name":"alpha","param_value_internal":0.2505767860565004,"distribution":"{\"name\": \"FloatDistribution\", \"attributes\": {\"step\": null, \"low\": 0.0, \"high\": 0.5, \"log\": false}}"}
{"op_code":5,"worker_id":"982bd901-19cb-454b-8236-9950f1f72ad0-140164324837184","trial_id":19,"param_name":"sigma","param_value_internal":0.18419128449056169,"distribution":"{\"name\": \"FloatDistribution\", \"attributes\": {\"step\": null, \"low\": 0.01, \"high\": 1.0, \"log\": true}}"}
{"op_code":0,"worker_id":"1d4b6b89-e92f-4ee2-a1bc-9927b1359823-140090333984576","study_name":"deephit_single_tuning","directions":[2]}
{"op_code":4,"worker_id":"1d4b6b89-e92f-4ee2-a1bc-9927b1359823-140090333984576","study_id":0,"datetime_start":"2026-03-31T00:37:33.007166"}
{"op_code":5,"worker_id":"1d4b6b89-e92f-4ee2-a1bc-9927b1359823-140090333984576","trial_id":20,"param_name":"lr","param_value_internal":0.02367719754519001,"distribution":"{\"name\": \"FloatDistribution\", \"attributes\": {\"step\": null, \"low\": 0.0001, \"high\": 0.1, \"log\": true}}"}
{"op_code":5,"worker_id":"1d4b6b89-e92f-4ee2-a1bc-9927b1359823-140090333984576","trial_id":20,"param_name":"dropout","param_value_internal":0.29982888796952045,"distribution":"{\"name\": \"FloatDistribution\", \"attributes\": {\"step\": null, \"low\": 0.0, \"high\": 0.5, \"log\": false}}"}
{"op_code":5,"worker_id":"1d4b6b89-e92f-4ee2-a1bc-9927b1359823-140090333984576","trial_id":20,"param_name":"layers","param_value_internal":2.0,"distribution":"{\"name\": \"IntDistribution\", \"attributes\": {\"log\": false, \"step\": 1, \"low\": 1, \"high\": 3}}"}
{"op_code":5,"worker_id":"1d4b6b89-e92f-4ee2-a1bc-9927b1359823-140090333984576","trial_id":20,"param_name":"nodes","param_value_internal":1,"distribution":"{\"name\": \"CategoricalDistribution\", \"attributes\": {\"choices\": [32, 64, 128]}}"}
{"op_code":5,"worker_id":"1d4b6b89-e92f-4ee2-a1bc-9927b1359823-140090333984576","trial_id":20,"param_name":"alpha","param_value_internal":0.2524708978865865,"distribution":"{\"name\": \"FloatDistribution\", \"attributes\": {\"step\": null, \"low\": 0.0, \"high\": 0.5, \"log\": false}}"}
{"op_code":5,"worker_id":"1d4b6b89-e92f-4ee2-a1bc-9927b1359823-140090333984576","trial_id":20,"param_name":"sigma","param_value_internal":0.18850530909393387,"distribution":"{\"name\": \"FloatDistribution\", \"attributes\": {\"step\": null, \"low\": 0.01, \"high\": 1.0, \"log\": true}}"}
{"op_code":6,"worker_id":"982bd901-19cb-454b-8236-9950f1f72ad0-140164324837184","trial_id":19,"state":1,"values":[0.6382013832896165],"datetime_complete":"2026-03-31T00:37:34.528516"}
{"op_code":6,"worker_id":"1d4b6b89-e92f-4ee2-a1bc-9927b1359823-140090333984576","trial_id":20,"state":1,"values":[0.6334378908859155],"datetime_complete":"2026-03-31T00:37:35.807820"}
{"op_code":4,"worker_id":"1d4b6b89-e92f-4ee2-a1bc-9927b1359823-140090333984576","study_id":0,"datetime_start":"2026-03-31T00:37:35.830888"}
{"op_code":5,"worker_id":"1d4b6b89-e92f-4ee2-a1bc-9927b1359823-140090333984576","trial_id":21,"param_name":"lr","param_value_internal":0.020640157992870136,"distribution":"{\"name\": \"FloatDistribution\", \"attributes\": {\"step\": null, \"low\": 0.0001, \"high\": 0.1, \"log\": true}}"}
{"op_code":5,"worker_id":"1d4b6b89-e92f-4ee2-a1bc-9927b1359823-140090333984576","trial_id":21,"param_name":"dropout","param_value_internal":0.30233501579612493,"distribution":"{\"name\": \"FloatDistribution\", \"attributes\": {\"step\": null, \"low\": 0.0, \"high\": 0.5, \"log\": false}}"}
{"op_code":5,"worker_id":"1d4b6b89-e92f-4ee2-a1bc-9927b1359823-140090333984576","trial_id":21,"param_name":"layers","param_value_internal":2.0,"distribution":"{\"name\": \"IntDistribution\", \"attributes\": {\"log\": false, \"step\": 1, \"low\": 1, \"high\": 3}}"}
{"op_code":5,"worker_id":"1d4b6b89-e92f-4ee2-a1bc-9927b1359823-140090333984576","trial_id":21,"param_name":"nodes","param_value_internal":1,"distribution":"{\"name\": \"CategoricalDistribution\", \"attributes\": {\"choices\": [32, 64, 128]}}"}
{"op_code":5,"worker_id":"1d4b6b89-e92f-4ee2-a1bc-9927b1359823-140090333984576","trial_id":21,"param_name":"alpha","param_value_internal":0.2568184201618045,"distribution":"{\"name\": \"FloatDistribution\", \"attributes\": {\"step\": null, \"low\": 0.0, \"high\": 0.5, \"log\": false}}"}
{"op_code":5,"worker_id":"1d4b6b89-e92f-4ee2-a1bc-9927b1359823-140090333984576","trial_id":21,"param_name":"sigma","param_value_internal":0.15641048418447698,"distribution":"{\"name\": \"FloatDistribution\", \"attributes\": {\"step\": null, \"low\": 0.01, \"high\": 1.0, \"log\": true}}"}
{"op_code":6,"worker_id":"1d4b6b89-e92f-4ee2-a1bc-9927b1359823-140090333984576","trial_id":21,"state":1,"values":[0.6287509454973912],"datetime_complete":"2026-03-31T00:37:38.485846"}
{"op_code":4,"worker_id":"1d4b6b89-e92f-4ee2-a1bc-9927b1359823-140090333984576","study_id":0,"datetime_start":"2026-03-31T00:37:38.510984"}
{"op_code":5,"worker_id":"1d4b6b89-e92f-4ee2-a1bc-9927b1359823-140090333984576","trial_id":22,"param_name":"lr","param_value_internal":0.02175281117382211,"distribution":"{\"name\": \"FloatDistribution\", \"attributes\": {\"step\": null, \"low\": 0.0001, \"high\": 0.1, \"log\": true}}"}
{"op_code":5,"worker_id":"1d4b6b89-e92f-4ee2-a1bc-9927b1359823-140090333984576","trial_id":22,"param_name":"dropout","param_value_internal":0.3114136393487463,"distribution":"{\"name\": \"FloatDistribution\", \"attributes\": {\"step\": null, \"low\": 0.0, \"high\": 0.5, \"log\": false}}"}
{"op_code":5,"worker_id":"1d4b6b89-e92f-4ee2-a1bc-9927b1359823-140090333984576","trial_id":22,"param_name":"layers","param_value_internal":2.0,"distribution":"{\"name\": \"IntDistribution\", \"attributes\": {\"log\": false, \"step\": 1, \"low\": 1, \"high\": 3}}"}
{"op_code":5,"worker_id":"1d4b6b89-e92f-4ee2-a1bc-9927b1359823-140090333984576","trial_id":22,"param_name":"nodes","param_value_internal":1,"distribution":"{\"name\": \"CategoricalDistribution\", \"attributes\": {\"choices\": [32, 64, 128]}}"}
{"op_code":5,"worker_id":"1d4b6b89-e92f-4ee2-a1bc-9927b1359823-140090333984576","trial_id":22,"param_name":"alpha","param_value_internal":0.27271409867862334,"distribution":"{\"name\": \"FloatDistribution\", \"attributes\": {\"step\": null, \"low\": 0.0, \"high\": 0.5, \"log\": false}}"}
{"op_code":5,"worker_id":"1d4b6b89-e92f-4ee2-a1bc-9927b1359823-140090333984576","trial_id":22,"param_name":"sigma","param_value_internal":0.15140512219995544,"distribution":"{\"name\": \"FloatDistribution\", \"attributes\": {\"step\": null, \"low\": 0.01, \"high\": 1.0, \"log\": true}}"}
{"op_code":6,"worker_id":"1d4b6b89-e92f-4ee2-a1bc-9927b1359823-140090333984576","trial_id":22,"state":1,"values":[0.6332048477508219],"datetime_complete":"2026-03-31T00:37:41.153738"}
{"op_code":4,"worker_id":"1d4b6b89-e92f-4ee2-a1bc-9927b1359823-140090333984576","study_id":0,"datetime_start":"2026-03-31T00:37:41.177657"}
{"op_code":5,"worker_id":"1d4b6b89-e92f-4ee2-a1bc-9927b1359823-140090333984576","trial_id":23,"param_name":"lr","param_value_internal":0.02317181176734029,"distribution":"{\"name\": \"FloatDistribution\", \"attributes\": {\"step\": null, \"low\": 0.0001, \"high\": 0.1, \"log\": true}}"}
{"op_code":5,"worker_id":"1d4b6b89-e92f-4ee2-a1bc-9927b1359823-140090333984576","trial_id":23,"param_name":"dropout","param_value_internal":0.28572728578896295,"distribution":"{\"name\": \"FloatDistribution\", \"attributes\": {\"step\": null, \"low\": 0.0, \"high\": 0.5, \"log\": false}}"}
{"op_code":5,"worker_id":"1d4b6b89-e92f-4ee2-a1bc-9927b1359823-140090333984576","trial_id":23,"param_name":"layers","param_value_internal":2.0,"distribution":"{\"name\": \"IntDistribution\", \"attributes\": {\"log\": false, \"step\": 1, \"low\": 1, \"high\": 3}}"}
{"op_code":5,"worker_id":"1d4b6b89-e92f-4ee2-a1bc-9927b1359823-140090333984576","trial_id":23,"param_name":"nodes","param_value_internal":1,"distribution":"{\"name\": \"CategoricalDistribution\", \"attributes\": {\"choices\": [32, 64, 128]}}"}
{"op_code":5,"worker_id":"1d4b6b89-e92f-4ee2-a1bc-9927b1359823-140090333984576","trial_id":23,"param_name":"alpha","param_value_internal":0.3313129864476739,"distribution":"{\"name\": \"FloatDistribution\", \"attributes\": {\"step\": null, \"low\": 0.0, \"high\": 0.5, \"log\": false}}"}
{"op_code":5,"worker_id":"1d4b6b89-e92f-4ee2-a1bc-9927b1359823-140090333984576","trial_id":23,"param_name":"sigma","param_value_internal":0.0646909436951631,"distribution":"{\"name\": \"FloatDistribution\", \"attributes\": {\"step\": null, \"low\": 0.01, \"high\": 1.0, \"log\": true}}"}
{"op_code":6,"worker_id":"1d4b6b89-e92f-4ee2-a1bc-9927b1359823-140090333984576","trial_id":23,"state":1,"values":[0.5976405374847898],"datetime_complete":"2026-03-31T00:37:43.774226"}
{"op_code":4,"worker_id":"1d4b6b89-e92f-4ee2-a1bc-9927b1359823-140090333984576","study_id":0,"datetime_start":"2026-03-31T00:37:43.795156"}
{"op_code":5,"worker_id":"1d4b6b89-e92f-4ee2-a1bc-9927b1359823-140090333984576","trial_id":24,"param_name":"lr","param_value_internal":0.006779872717370416,"distribution":"{\"name\": \"FloatDistribution\", \"attributes\": {\"step\": null, \"low\": 0.0001, \"high\": 0.1, \"log\": true}}"}
{"op_code":5,"worker_id":"1d4b6b89-e92f-4ee2-a1bc-9927b1359823-140090333984576","trial_id":24,"param_name":"dropout","param_value_internal":0.19350302490618493,"distribution":"{\"name\": \"FloatDistribution\", \"attributes\": {\"step\": null, \"low\": 0.0, \"high\": 0.5, \"log\": false}}"}
{"op_code":5,"worker_id":"1d4b6b89-e92f-4ee2-a1bc-9927b1359823-140090333984576","trial_id":24,"param_name":"layers","param_value_internal":2.0,"distribution":"{\"name\": \"IntDistribution\", \"attributes\": {\"log\": false, \"step\": 1, \"low\": 1, \"high\": 3}}"}
{"op_code":5,"worker_id":"1d4b6b89-e92f-4ee2-a1bc-9927b1359823-140090333984576","trial_id":24,"param_name":"nodes","param_value_internal":2,"distribution":"{\"name\": \"CategoricalDistribution\", \"attributes\": {\"choices\": [32, 64, 128]}}"}
{"op_code":5,"worker_id":"1d4b6b89-e92f-4ee2-a1bc-9927b1359823-140090333984576","trial_id":24,"param_name":"alpha","param_value_internal":0.27711179821122295,"distribution":"{\"name\": \"FloatDistribution\", \"attributes\": {\"step\": null, \"low\": 0.0, \"high\": 0.5, \"log\": false}}"}
{"op_code":5,"worker_id":"1d4b6b89-e92f-4ee2-a1bc-9927b1359823-140090333984576","trial_id":24,"param_name":"sigma","param_value_internal":0.14703655638977423,"distribution":"{\"name\": \"FloatDistribution\", \"attributes\": {\"step\": null, \"low\": 0.01, \"high\": 1.0, \"log\": true}}"}
{"op_code":6,"worker_id":"1d4b6b89-e92f-4ee2-a1bc-9927b1359823-140090333984576","trial_id":24,"state":1,"values":[0.6241592586166423],"datetime_complete":"2026-03-31T00:37:46.345294"}
{"op_code":4,"worker_id":"1d4b6b89-e92f-4ee2-a1bc-9927b1359823-140090333984576","study_id":0,"datetime_start":"2026-03-31T00:37:46.361831"}
{"op_code":5,"worker_id":"1d4b6b89-e92f-4ee2-a1bc-9927b1359823-140090333984576","trial_id":25,"param_name":"lr","param_value_internal":0.027353816077237643,"distribution":"{\"name\": \"FloatDistribution\", \"attributes\": {\"step\": null, \"low\": 0.0001, \"high\": 0.1, \"log\": true}}"}
{"op_code":5,"worker_id":"1d4b6b89-e92f-4ee2-a1bc-9927b1359823-140090333984576","trial_id":25,"param_name":"dropout","param_value_internal":0.26153686870963955,"distribution":"{\"name\": \"FloatDistribution\", \"attributes\": {\"step\": null, \"low\": 0.0, \"high\": 0.5, \"log\": false}}"}
{"op_code":5,"worker_id":"1d4b6b89-e92f-4ee2-a1bc-9927b1359823-140090333984576","trial_id":25,"param_name":"layers","param_value_internal":1.0,"distribution":"{\"name\": \"IntDistribution\", \"attributes\": {\"log\": false, \"step\": 1, \"low\": 1, \"high\": 3}}"}
{"op_code":5,"worker_id":"1d4b6b89-e92f-4ee2-a1bc-9927b1359823-140090333984576","trial_id":25,"param_name":"nodes","param_value_internal":1,"distribution":"{\"name\": \"CategoricalDistribution\", \"attributes\": {\"choices\": [32, 64, 128]}}"}
{"op_code":5,"worker_id":"1d4b6b89-e92f-4ee2-a1bc-9927b1359823-140090333984576","trial_id":25,"param_name":"alpha","param_value_internal":0.17310597600310457,"distribution":"{\"name\": \"FloatDistribution\", \"attributes\": {\"step\": null, \"low\": 0.0, \"high\": 0.5, \"log\": false}}"}
{"op_code":5,"worker_id":"1d4b6b89-e92f-4ee2-a1bc-9927b1359823-140090333984576","trial_id":25,"param_name":"sigma","param_value_internal":0.06814164595388181,"distribution":"{\"name\": \"FloatDistribution\", \"attributes\": {\"step\": null, \"low\": 0.01, \"high\": 1.0, \"log\": true}}"}
{"op_code":6,"worker_id":"1d4b6b89-e92f-4ee2-a1bc-9927b1359823-140090333984576","trial_id":25,"state":1,"values":[0.6109767285733564],"datetime_complete":"2026-03-31T00:37:48.703152"}
{"op_code":4,"worker_id":"1d4b6b89-e92f-4ee2-a1bc-9927b1359823-140090333984576","study_id":0,"datetime_start":"2026-03-31T00:37:48.724943"}
{"op_code":5,"worker_id":"1d4b6b89-e92f-4ee2-a1bc-9927b1359823-140090333984576","trial_id":26,"param_name":"lr","param_value_internal":0.05467178946888293,"distribution":"{\"name\": \"FloatDistribution\", \"attributes\": {\"step\": null, \"low\": 0.0001, \"high\": 0.1, \"log\": true}}"}
{"op_code":5,"worker_id":"1d4b6b89-e92f-4ee2-a1bc-9927b1359823-140090333984576","trial_id":26,"param_name":"dropout","param_value_internal":0.134092395678508,"distribution":"{\"name\": \"FloatDistribution\", \"attributes\": {\"step\": null, \"low\": 0.0, \"high\": 0.5, \"log\": false}}"}
{"op_code":5,"worker_id":"1d4b6b89-e92f-4ee2-a1bc-9927b1359823-140090333984576","trial_id":26,"param_name":"layers","param_value_internal":2.0,"distribution":"{\"name\": \"IntDistribution\", \"attributes\": {\"log\": false, \"step\": 1, \"low\": 1, \"high\": 3}}"}
{"op_code":5,"worker_id":"1d4b6b89-e92f-4ee2-a1bc-9927b1359823-140090333984576","trial_id":26,"param_name":"nodes","param_value_internal":1,"distribution":"{\"name\": \"CategoricalDistribution\", \"attributes\": {\"choices\": [32, 64, 128]}}"}
{"op_code":5,"worker_id":"1d4b6b89-e92f-4ee2-a1bc-9927b1359823-140090333984576","trial_id":26,"param_name":"alpha","param_value_internal":0.32097376982167614,"distribution":"{\"name\": \"FloatDistribution\", \"attributes\": {\"step\": null, \"low\": 0.0, \"high\": 0.5, \"log\": false}}"}
{"op_code":5,"worker_id":"1d4b6b89-e92f-4ee2-a1bc-9927b1359823-140090333984576","trial_id":26,"param_name":"sigma","param_value_internal":0.3411953663195317,"distribution":"{\"name\": \"FloatDistribution\", \"attributes\": {\"step\": null, \"low\": 0.01, \"high\": 1.0, \"log\": true}}"}
{"op_code":6,"worker_id":"1d4b6b89-e92f-4ee2-a1bc-9927b1359823-140090333984576","trial_id":26,"state":1,"values":[0.6191922078540639],"datetime_complete":"2026-03-31T00:37:51.344951"}
{"op_code":4,"worker_id":"1d4b6b89-e92f-4ee2-a1bc-9927b1359823-140090333984576","study_id":0,"datetime_start":"2026-03-31T00:37:51.361997"}
{"op_code":5,"worker_id":"1d4b6b89-e92f-4ee2-a1bc-9927b1359823-140090333984576","trial_id":27,"param_name":"lr","param_value_internal":0.013775703576153197,"distribution":"{\"name\": \"FloatDistribution\", \"attributes\": {\"step\": null, \"low\": 0.0001, \"high\": 0.1, \"log\": true}}"}
{"op_code":5,"worker_id":"1d4b6b89-e92f-4ee2-a1bc-9927b1359823-140090333984576","trial_id":27,"param_name":"dropout","param_value_internal":0.22653272423649967,"distribution":"{\"name\": \"FloatDistribution\", \"attributes\": {\"step\": null, \"low\": 0.0, \"high\": 0.5, \"log\": false}}"}
{"op_code":5,"worker_id":"1d4b6b89-e92f-4ee2-a1bc-9927b1359823-140090333984576","trial_id":27,"param_name":"layers","param_value_internal":2.0,"distribution":"{\"name\": \"IntDistribution\", \"attributes\": {\"log\": false, \"step\": 1, \"low\": 1, \"high\": 3}}"}
{"op_code":5,"worker_id":"1d4b6b89-e92f-4ee2-a1bc-9927b1359823-140090333984576","trial_id":27,"param_name":"nodes","param_value_internal":1,"distribution":"{\"name\": \"CategoricalDistribution\", \"attributes\": {\"choices\": [32, 64, 128]}}"}
{"op_code":5,"worker_id":"1d4b6b89-e92f-4ee2-a1bc-9927b1359823-140090333984576","trial_id":27,"param_name":"alpha","param_value_internal":0.113779923142132,"distribution":"{\"name\": \"FloatDistribution\", \"attributes\": {\"step\": null, \"low\": 0.0, \"high\": 0.5, \"log\": false}}"}
{"op_code":5,"worker_id":"1d4b6b89-e92f-4ee2-a1bc-9927b1359823-140090333984576","trial_id":27,"param_name":"sigma","param_value_internal":0.15044928451155035,"distribution":"{\"name\": \"FloatDistribution\", \"attributes\": {\"step\": null, \"low\": 0.01, \"high\": 1.0, \"log\": true}}"}
{"op_code":6,"worker_id":"1d4b6b89-e92f-4ee2-a1bc-9927b1359823-140090333984576","trial_id":27,"state":1,"values":[0.6348820779055829],"datetime_complete":"2026-03-31T00:37:53.920782"}
{"op_code":4,"worker_id":"1d4b6b89-e92f-4ee2-a1bc-9927b1359823-140090333984576","study_id":0,"datetime_start":"2026-03-31T00:37:53.941213"}
{"op_code":5,"worker_id":"1d4b6b89-e92f-4ee2-a1bc-9927b1359823-140090333984576","trial_id":28,"param_name":"lr","param_value_internal":0.008160779236264327,"distribution":"{\"name\": \"FloatDistribution\", \"attributes\": {\"step\": null, \"low\": 0.0001, \"high\": 0.1, \"log\": true}}"}
{"op_code":5,"worker_id":"1d4b6b89-e92f-4ee2-a1bc-9927b1359823-140090333984576","trial_id":28,"param_name":"dropout","param_value_internal":0.13948036165247324,"distribution":"{\"name\": \"FloatDistribution\", \"attributes\": {\"step\": null, \"low\": 0.0, \"high\": 0.5, \"log\": false}}"}
{"op_code":5,"worker_id":"1d4b6b89-e92f-4ee2-a1bc-9927b1359823-140090333984576","trial_id":28,"param_name":"layers","param_value_internal":1.0,"distribution":"{\"name\": \"IntDistribution\", \"attributes\": {\"log\": false, \"step\": 1, \"low\": 1, \"high\": 3}}"}
{"op_code":5,"worker_id":"1d4b6b89-e92f-4ee2-a1bc-9927b1359823-140090333984576","trial_id":28,"param_name":"nodes","param_value_internal":2,"distribution":"{\"name\": \"CategoricalDistribution\", \"attributes\": {\"choices\": [32, 64, 128]}}"}
{"op_code":5,"worker_id":"1d4b6b89-e92f-4ee2-a1bc-9927b1359823-140090333984576","trial_id":28,"param_name":"alpha","param_value_internal":0.11013581751514975,"distribution":"{\"name\": \"FloatDistribution\", \"attributes\": {\"step\": null, \"low\": 0.0, \"high\": 0.5, \"log\": false}}"}
{"op_code":5,"worker_id":"1d4b6b89-e92f-4ee2-a1bc-9927b1359823-140090333984576","trial_id":28,"param_name":"sigma","param_value_internal":0.5442899079190852,"distribution":"{\"name\": \"FloatDistribution\", \"attributes\": {\"step\": null, \"low\": 0.01, \"high\": 1.0, \"log\": true}}"}
{"op_code":6,"worker_id":"1d4b6b89-e92f-4ee2-a1bc-9927b1359823-140090333984576","trial_id":28,"state":1,"values":[0.6166128569500721],"datetime_complete":"2026-03-31T00:37:56.307756"}
{"op_code":4,"worker_id":"1d4b6b89-e92f-4ee2-a1bc-9927b1359823-140090333984576","study_id":0,"datetime_start":"2026-03-31T00:37:56.327834"}
{"op_code":5,"worker_id":"1d4b6b89-e92f-4ee2-a1bc-9927b1359823-140090333984576","trial_id":29,"param_name":"lr","param_value_internal":0.00485459997789389,"distribution":"{\"name\": \"FloatDistribution\", \"attributes\": {\"step\": null, \"low\": 0.0001, \"high\": 0.1, \"log\": true}}"}
{"op_code":5,"worker_id":"1d4b6b89-e92f-4ee2-a1bc-9927b1359823-140090333984576","trial_id":29,"param_name":"dropout","param_value_internal":0.22110076887046354,"distribution":"{\"name\": \"FloatDistribution\", \"attributes\": {\"step\": null, \"low\": 0.0, \"high\": 0.5, \"log\": false}}"}
{"op_code":5,"worker_id":"1d4b6b89-e92f-4ee2-a1bc-9927b1359823-140090333984576","trial_id":29,"param_name":"layers","param_value_internal":2.0,"distribution":"{\"name\": \"IntDistribution\", \"attributes\": {\"log\": false, \"step\": 1, \"low\": 1, \"high\": 3}}"}
{"op_code":5,"worker_id":"1d4b6b89-e92f-4ee2-a1bc-9927b1359823-140090333984576","trial_id":29,"param_name":"nodes","param_value_internal":1,"distribution":"{\"name\": \"CategoricalDistribution\", \"attributes\": {\"choices\": [32, 64, 128]}}"}
{"op_code":5,"worker_id":"1d4b6b89-e92f-4ee2-a1bc-9927b1359823-140090333984576","trial_id":29,"param_name":"alpha","param_value_internal":0.024267450761194742,"distribution":"{\"name\": \"FloatDistribution\", \"attributes\": {\"step\": null, \"low\": 0.0, \"high\": 0.5, \"log\": false}}"}
{"op_code":5,"worker_id":"1d4b6b89-e92f-4ee2-a1bc-9927b1359823-140090333984576","trial_id":29,"param_name":"sigma","param_value_internal":0.020396635258933996,"distribution":"{\"name\": \"FloatDistribution\", \"attributes\": {\"step\": null, \"low\": 0.01, \"high\": 1.0, \"log\": true}}"}
{"op_code":6,"worker_id":"1d4b6b89-e92f-4ee2-a1bc-9927b1359823-140090333984576","trial_id":29,"state":1,"values":[0.4951457852079414],"datetime_complete":"2026-03-31T00:37:58.915323"}
{"op_code":4,"worker_id":"1d4b6b89-e92f-4ee2-a1bc-9927b1359823-140090333984576","study_id":0,"datetime_start":"2026-03-31T00:37:58.935318"}
{"op_code":5,"worker_id":"1d4b6b89-e92f-4ee2-a1bc-9927b1359823-140090333984576","trial_id":30,"param_name":"lr","param_value_internal":0.01594093885767421,"distribution":"{\"name\": \"FloatDistribution\", \"attributes\": {\"step\": null, \"low\": 0.0001, \"high\": 0.1, \"log\": true}}"}
{"op_code":5,"worker_id":"1d4b6b89-e92f-4ee2-a1bc-9927b1359823-140090333984576","trial_id":30,"param_name":"dropout","param_value_internal":0.08599914185388804,"distribution":"{\"name\": \"FloatDistribution\", \"attributes\": {\"step\": null, \"low\": 0.0, \"high\": 0.5, \"log\": false}}"}
{"op_code":5,"worker_id":"1d4b6b89-e92f-4ee2-a1bc-9927b1359823-140090333984576","trial_id":30,"param_name":"layers","param_value_internal":2.0,"distribution":"{\"name\": \"IntDistribution\", \"attributes\": {\"log\": false, \"step\": 1, \"low\": 1, \"high\": 3}}"}
{"op_code":5,"worker_id":"1d4b6b89-e92f-4ee2-a1bc-9927b1359823-140090333984576","trial_id":30,"param_name":"nodes","param_value_internal":0,"distribution":"{\"name\": \"CategoricalDistribution\", \"attributes\": {\"choices\": [32, 64, 128]}}"}
{"op_code":5,"worker_id":"1d4b6b89-e92f-4ee2-a1bc-9927b1359823-140090333984576","trial_id":30,"param_name":"alpha","param_value_internal":0.18278193525921643,"distribution":"{\"name\": \"FloatDistribution\", \"attributes\": {\"step\": null, \"low\": 0.0, \"high\": 0.5, \"log\": false}}"}
{"op_code":5,"worker_id":"1d4b6b89-e92f-4ee2-a1bc-9927b1359823-140090333984576","trial_id":30,"param_name":"sigma","param_value_internal":0.08310138163088089,"distribution":"{\"name\": \"FloatDistribution\", \"attributes\": {\"step\": null, \"low\": 0.01, \"high\": 1.0, \"log\": true}}"}
{"op_code":6,"worker_id":"1d4b6b89-e92f-4ee2-a1bc-9927b1359823-140090333984576","trial_id":30,"state":1,"values":[0.6096278000614644],"datetime_complete":"2026-03-31T00:38:01.566616"}
{"op_code":4,"worker_id":"1d4b6b89-e92f-4ee2-a1bc-9927b1359823-140090333984576","study_id":0,"datetime_start":"2026-03-31T00:38:01.579910"}
{"op_code":5,"worker_id":"1d4b6b89-e92f-4ee2-a1bc-9927b1359823-140090333984576","trial_id":31,"param_name":"lr","param_value_internal":0.017769705154288776,"distribution":"{\"name\": \"FloatDistribution\", \"attributes\": {\"step\": null, \"low\": 0.0001, \"high\": 0.1, \"log\": true}}"}
{"op_code":5,"worker_id":"1d4b6b89-e92f-4ee2-a1bc-9927b1359823-140090333984576","trial_id":31,"param_name":"dropout","param_value_internal":0.3237669089318144,"distribution":"{\"name\": \"FloatDistribution\", \"attributes\": {\"step\": null, \"low\": 0.0, \"high\": 0.5, \"log\": false}}"}
{"op_code":5,"worker_id":"1d4b6b89-e92f-4ee2-a1bc-9927b1359823-140090333984576","trial_id":31,"param_name":"layers","param_value_internal":2.0,"distribution":"{\"name\": \"IntDistribution\", \"attributes\": {\"log\": false, \"step\": 1, \"low\": 1, \"high\": 3}}"}
{"op_code":5,"worker_id":"1d4b6b89-e92f-4ee2-a1bc-9927b1359823-140090333984576","trial_id":31,"param_name":"nodes","param_value_internal":1,"distribution":"{\"name\": \"CategoricalDistribution\", \"attributes\": {\"choices\": [32, 64, 128]}}"}
{"op_code":5,"worker_id":"1d4b6b89-e92f-4ee2-a1bc-9927b1359823-140090333984576","trial_id":31,"param_name":"alpha","param_value_internal":0.2552368776920003,"distribution":"{\"name\": \"FloatDistribution\", \"attributes\": {\"step\": null, \"low\": 0.0, \"high\": 0.5, \"log\": false}}"}
{"op_code":5,"worker_id":"1d4b6b89-e92f-4ee2-a1bc-9927b1359823-140090333984576","trial_id":31,"param_name":"sigma","param_value_internal":0.16041511890478016,"distribution":"{\"name\": \"FloatDistribution\", \"attributes\": {\"step\": null, \"low\": 0.01, \"high\": 1.0, \"log\": true}}"}
{"op_code":6,"worker_id":"1d4b6b89-e92f-4ee2-a1bc-9927b1359823-140090333984576","trial_id":31,"state":1,"values":[0.6300284301284516],"datetime_complete":"2026-03-31T00:38:04.199023"}
{"op_code":4,"worker_id":"1d4b6b89-e92f-4ee2-a1bc-9927b1359823-140090333984576","study_id":0,"datetime_start":"2026-03-31T00:38:04.219711"}
{"op_code":5,"worker_id":"1d4b6b89-e92f-4ee2-a1bc-9927b1359823-140090333984576","trial_id":32,"param_name":"lr","param_value_internal":0.05294024356361535,"distribution":"{\"name\": \"FloatDistribution\", \"attributes\": {\"step\": null, \"low\": 0.0001, \"high\": 0.1, \"log\": true}}"}
{"op_code":5,"worker_id":"1d4b6b89-e92f-4ee2-a1bc-9927b1359823-140090333984576","trial_id":32,"param_name":"dropout","param_value_internal":0.283182152679408,"distribution":"{\"name\": \"FloatDistribution\", \"attributes\": {\"step\": null, \"low\": 0.0, \"high\": 0.5, \"log\": false}}"}
{"op_code":5,"worker_id":"1d4b6b89-e92f-4ee2-a1bc-9927b1359823-140090333984576","trial_id":32,"param_name":"layers","param_value_internal":2.0,"distribution":"{\"name\": \"IntDistribution\", \"attributes\": {\"log\": false, \"step\": 1, \"low\": 1, \"high\": 3}}"}
{"op_code":5,"worker_id":"1d4b6b89-e92f-4ee2-a1bc-9927b1359823-140090333984576","trial_id":32,"param_name":"nodes","param_value_internal":1,"distribution":"{\"name\": \"CategoricalDistribution\", \"attributes\": {\"choices\": [32, 64, 128]}}"}
{"op_code":5,"worker_id":"1d4b6b89-e92f-4ee2-a1bc-9927b1359823-140090333984576","trial_id":32,"param_name":"alpha","param_value_internal":0.137410938405849,"distribution":"{\"name\": \"FloatDistribution\", \"attributes\": {\"step\": null, \"low\": 0.0, \"high\": 0.5, \"log\": false}}"}
{"op_code":5,"worker_id":"1d4b6b89-e92f-4ee2-a1bc-9927b1359823-140090333984576","trial_id":32,"param_name":"sigma","param_value_internal":0.1419467706456952,"distribution":"{\"name\": \"FloatDistribution\", \"attributes\": {\"step\": null, \"low\": 0.01, \"high\": 1.0, \"log\": true}}"}
{"op_code":6,"worker_id":"1d4b6b89-e92f-4ee2-a1bc-9927b1359823-140090333984576","trial_id":32,"state":1,"values":[0.6265004632511956],"datetime_complete":"2026-03-31T00:38:06.828074"}
{"op_code":4,"worker_id":"1d4b6b89-e92f-4ee2-a1bc-9927b1359823-140090333984576","study_id":0,"datetime_start":"2026-03-31T00:38:06.844062"}
{"op_code":5,"worker_id":"1d4b6b89-e92f-4ee2-a1bc-9927b1359823-140090333984576","trial_id":33,"param_name":"lr","param_value_internal":0.02684963955284664,"distribution":"{\"name\": \"FloatDistribution\", \"attributes\": {\"step\": null, \"low\": 0.0001, \"high\": 0.1, \"log\": true}}"}
{"op_code":5,"worker_id":"1d4b6b89-e92f-4ee2-a1bc-9927b1359823-140090333984576","trial_id":33,"param_name":"dropout","param_value_internal":0.22021755227998877,"distribution":"{\"name\": \"FloatDistribution\", \"attributes\": {\"step\": null, \"low\": 0.0, \"high\": 0.5, \"log\": false}}"}
{"op_code":5,"worker_id":"1d4b6b89-e92f-4ee2-a1bc-9927b1359823-140090333984576","trial_id":33,"param_name":"layers","param_value_internal":2.0,"distribution":"{\"name\": \"IntDistribution\", \"attributes\": {\"log\": false, \"step\": 1, \"low\": 1, \"high\": 3}}"}
{"op_code":5,"worker_id":"1d4b6b89-e92f-4ee2-a1bc-9927b1359823-140090333984576","trial_id":33,"param_name":"nodes","param_value_internal":1,"distribution":"{\"name\": \"CategoricalDistribution\", \"attributes\": {\"choices\": [32, 64, 128]}}"}
{"op_code":5,"worker_id":"1d4b6b89-e92f-4ee2-a1bc-9927b1359823-140090333984576","trial_id":33,"param_name":"alpha","param_value_internal":0.24838258155692733,"distribution":"{\"name\": \"FloatDistribution\", \"attributes\": {\"step\": null, \"low\": 0.0, \"high\": 0.5, \"log\": false}}"}
{"op_code":5,"worker_id":"1d4b6b89-e92f-4ee2-a1bc-9927b1359823-140090333984576","trial_id":33,"param_name":"sigma","param_value_internal":0.05341981235151145,"distribution":"{\"name\": \"FloatDistribution\", \"attributes\": {\"step\": null, \"low\": 0.01, \"high\": 1.0, \"log\": true}}"}
{"op_code":6,"worker_id":"1d4b6b89-e92f-4ee2-a1bc-9927b1359823-140090333984576","trial_id":33,"state":1,"values":[0.5869778217781362],"datetime_complete":"2026-03-31T00:38:09.494721"}
{"op_code":4,"worker_id":"1d4b6b89-e92f-4ee2-a1bc-9927b1359823-140090333984576","study_id":0,"datetime_start":"2026-03-31T00:38:09.508769"}
{"op_code":5,"worker_id":"1d4b6b89-e92f-4ee2-a1bc-9927b1359823-140090333984576","trial_id":34,"param_name":"lr","param_value_internal":0.012622945174174319,"distribution":"{\"name\": \"FloatDistribution\", \"attributes\": {\"step\": null, \"low\": 0.0001, \"high\": 0.1, \"log\": true}}"}
{"op_code":5,"worker_id":"1d4b6b89-e92f-4ee2-a1bc-9927b1359823-140090333984576","trial_id":34,"param_name":"dropout","param_value_internal":0.17519892022937567,"distribution":"{\"name\": \"FloatDistribution\", \"attributes\": {\"step\": null, \"low\": 0.0, \"high\": 0.5, \"log\": false}}"}
{"op_code":5,"worker_id":"1d4b6b89-e92f-4ee2-a1bc-9927b1359823-140090333984576","trial_id":34,"param_name":"layers","param_value_internal":1.0,"distribution":"{\"name\": \"IntDistribution\", \"attributes\": {\"log\": false, \"step\": 1, \"low\": 1, \"high\": 3}}"}
{"op_code":5,"worker_id":"1d4b6b89-e92f-4ee2-a1bc-9927b1359823-140090333984576","trial_id":34,"param_name":"nodes","param_value_internal":1,"distribution":"{\"name\": \"CategoricalDistribution\", \"attributes\": {\"choices\": [32, 64, 128]}}"}
{"op_code":5,"worker_id":"1d4b6b89-e92f-4ee2-a1bc-9927b1359823-140090333984576","trial_id":34,"param_name":"alpha","param_value_internal":0.36325698029864606,"distribution":"{\"name\": \"FloatDistribution\", \"attributes\": {\"step\": null, \"low\": 0.0, \"high\": 0.5, \"log\": false}}"}
{"op_code":5,"worker_id":"1d4b6b89-e92f-4ee2-a1bc-9927b1359823-140090333984576","trial_id":34,"param_name":"sigma","param_value_internal":0.1058827731086478,"distribution":"{\"name\": \"FloatDistribution\", \"attributes\": {\"step\": null, \"low\": 0.01, \"high\": 1.0, \"log\": true}}"}
{"op_code":6,"worker_id":"1d4b6b89-e92f-4ee2-a1bc-9927b1359823-140090333984576","trial_id":34,"state":1,"values":[0.6093743443889904],"datetime_complete":"2026-03-31T00:38:11.803967"}
{"op_code":4,"worker_id":"1d4b6b89-e92f-4ee2-a1bc-9927b1359823-140090333984576","study_id":0,"datetime_start":"2026-03-31T00:38:11.816247"}
{"op_code":5,"worker_id":"1d4b6b89-e92f-4ee2-a1bc-9927b1359823-140090333984576","trial_id":35,"param_name":"lr","param_value_internal":0.0030215085210139763,"distribution":"{\"name\": \"FloatDistribution\", \"attributes\": {\"step\": null, \"low\": 0.0001, \"high\": 0.1, \"log\": true}}"}
{"op_code":5,"worker_id":"1d4b6b89-e92f-4ee2-a1bc-9927b1359823-140090333984576","trial_id":35,"param_name":"dropout","param_value_internal":0.25852419804669596,"distribution":"{\"name\": \"FloatDistribution\", \"attributes\": {\"step\": null, \"low\": 0.0, \"high\": 0.5, \"log\": false}}"}
{"op_code":5,"worker_id":"1d4b6b89-e92f-4ee2-a1bc-9927b1359823-140090333984576","trial_id":35,"param_name":"layers","param_value_internal":2.0,"distribution":"{\"name\": \"IntDistribution\", \"attributes\": {\"log\": false, \"step\": 1, \"low\": 1, \"high\": 3}}"}
{"op_code":5,"worker_id":"1d4b6b89-e92f-4ee2-a1bc-9927b1359823-140090333984576","trial_id":35,"param_name":"nodes","param_value_internal":1,"distribution":"{\"name\": \"CategoricalDistribution\", \"attributes\": {\"choices\": [32, 64, 128]}}"}
{"op_code":5,"worker_id":"1d4b6b89-e92f-4ee2-a1bc-9927b1359823-140090333984576","trial_id":35,"param_name":"alpha","param_value_internal":0.07474830444348446,"distribution":"{\"name\": \"FloatDistribution\", \"attributes\": {\"step\": null, \"low\": 0.0, \"high\": 0.5, \"log\": false}}"}
{"op_code":5,"worker_id":"1d4b6b89-e92f-4ee2-a1bc-9927b1359823-140090333984576","trial_id":35,"param_name":"sigma","param_value_internal":0.17962605765510323,"distribution":"{\"name\": \"FloatDistribution\", \"attributes\": {\"step\": null, \"low\": 0.01, \"high\": 1.0, \"log\": true}}"}
{"op_code":6,"worker_id":"1d4b6b89-e92f-4ee2-a1bc-9927b1359823-140090333984576","trial_id":35,"state":1,"values":[0.627766040568784],"datetime_complete":"2026-03-31T00:38:14.367245"}
{"op_code":4,"worker_id":"1d4b6b89-e92f-4ee2-a1bc-9927b1359823-140090333984576","study_id":0,"datetime_start":"2026-03-31T00:38:14.383633"}
{"op_code":5,"worker_id":"1d4b6b89-e92f-4ee2-a1bc-9927b1359823-140090333984576","trial_id":36,"param_name":"lr","param_value_internal":0.0013937941642253673,"distribution":"{\"name\": \"FloatDistribution\", \"attributes\": {\"step\": null, \"low\": 0.0001, \"high\": 0.1, \"log\": true}}"}
{"op_code":5,"worker_id":"1d4b6b89-e92f-4ee2-a1bc-9927b1359823-140090333984576","trial_id":36,"param_name":"dropout","param_value_internal":0.3077728898930309,"distribution":"{\"name\": \"FloatDistribution\", \"attributes\": {\"step\": null, \"low\": 0.0, \"high\": 0.5, \"log\": false}}"}
{"op_code":5,"worker_id":"1d4b6b89-e92f-4ee2-a1bc-9927b1359823-140090333984576","trial_id":36,"param_name":"layers","param_value_internal":1.0,"distribution":"{\"name\": \"IntDistribution\", \"attributes\": {\"log\": false, \"step\": 1, \"low\": 1, \"high\": 3}}"}
{"op_code":5,"worker_id":"1d4b6b89-e92f-4ee2-a1bc-9927b1359823-140090333984576","trial_id":36,"param_name":"nodes","param_value_internal":1,"distribution":"{\"name\": \"CategoricalDistribution\", \"attributes\": {\"choices\": [32, 64, 128]}}"}
{"op_code":5,"worker_id":"1d4b6b89-e92f-4ee2-a1bc-9927b1359823-140090333984576","trial_id":36,"param_name":"alpha","param_value_internal":0.30165271554349826,"distribution":"{\"name\": \"FloatDistribution\", \"attributes\": {\"step\": null, \"low\": 0.0, \"high\": 0.5, \"log\": false}}"}
{"op_code":5,"worker_id":"1d4b6b89-e92f-4ee2-a1bc-9927b1359823-140090333984576","trial_id":36,"param_name":"sigma","param_value_internal":0.13146479704516337,"distribution":"{\"name\": \"FloatDistribution\", \"attributes\": {\"step\": null, \"low\": 0.01, \"high\": 1.0, \"log\": true}}"}
{"op_code":6,"worker_id":"1d4b6b89-e92f-4ee2-a1bc-9927b1359823-140090333984576","trial_id":36,"state":1,"values":[0.6169150759062884],"datetime_complete":"2026-03-31T00:38:16.718792"}
{"op_code":4,"worker_id":"1d4b6b89-e92f-4ee2-a1bc-9927b1359823-140090333984576","study_id":0,"datetime_start":"2026-03-31T00:38:16.732398"}
{"op_code":5,"worker_id":"1d4b6b89-e92f-4ee2-a1bc-9927b1359823-140090333984576","trial_id":37,"param_name":"lr","param_value_internal":0.006204751177357805,"distribution":"{\"name\": \"FloatDistribution\", \"attributes\": {\"step\": null, \"low\": 0.0001, \"high\": 0.1, \"log\": true}}"}
{"op_code":5,"worker_id":"1d4b6b89-e92f-4ee2-a1bc-9927b1359823-140090333984576","trial_id":37,"param_name":"dropout","param_value_internal":0.3643530870335726,"distribution":"{\"name\": \"FloatDistribution\", \"attributes\": {\"step\": null, \"low\": 0.0, \"high\": 0.5, \"log\": false}}"}
{"op_code":5,"worker_id":"1d4b6b89-e92f-4ee2-a1bc-9927b1359823-140090333984576","trial_id":37,"param_name":"layers","param_value_internal":2.0,"distribution":"{\"name\": \"IntDistribution\", \"attributes\": {\"log\": false, \"step\": 1, \"low\": 1, \"high\": 3}}"}
{"op_code":5,"worker_id":"1d4b6b89-e92f-4ee2-a1bc-9927b1359823-140090333984576","trial_id":37,"param_name":"nodes","param_value_internal":1,"distribution":"{\"name\": \"CategoricalDistribution\", \"attributes\": {\"choices\": [32, 64, 128]}}"}
{"op_code":5,"worker_id":"1d4b6b89-e92f-4ee2-a1bc-9927b1359823-140090333984576","trial_id":37,"param_name":"alpha","param_value_internal":0.42337373921232513,"distribution":"{\"name\": \"FloatDistribution\", \"attributes\": {\"step\": null, \"low\": 0.0, \"high\": 0.5, \"log\": false}}"}
{"op_code":5,"worker_id":"1d4b6b89-e92f-4ee2-a1bc-9927b1359823-140090333984576","trial_id":37,"param_name":"sigma","param_value_internal":0.09110852863926769,"distribution":"{\"name\": \"FloatDistribution\", \"attributes\": {\"step\": null, \"low\": 0.01, \"high\": 1.0, \"log\": true}}"}
{"op_code":6,"worker_id":"1d4b6b89-e92f-4ee2-a1bc-9927b1359823-140090333984576","trial_id":37,"state":1,"values":[0.6248272022009251],"datetime_complete":"2026-03-31T00:38:19.353895"}
{"op_code":4,"worker_id":"1d4b6b89-e92f-4ee2-a1bc-9927b1359823-140090333984576","study_id":0,"datetime_start":"2026-03-31T00:38:19.369840"}
{"op_code":5,"worker_id":"1d4b6b89-e92f-4ee2-a1bc-9927b1359823-140090333984576","trial_id":38,"param_name":"lr","param_value_internal":0.01032417001922711,"distribution":"{\"name\": \"FloatDistribution\", \"attributes\": {\"step\": null, \"low\": 0.0001, \"high\": 0.1, \"log\": true}}"}
{"op_code":5,"worker_id":"1d4b6b89-e92f-4ee2-a1bc-9927b1359823-140090333984576","trial_id":38,"param_name":"dropout","param_value_internal":0.2251321480613816,"distribution":"{\"name\": \"FloatDistribution\", \"attributes\": {\"step\": null, \"low\": 0.0, \"high\": 0.5, \"log\": false}}"}
{"op_code":5,"worker_id":"1d4b6b89-e92f-4ee2-a1bc-9927b1359823-140090333984576","trial_id":38,"param_name":"layers","param_value_internal":2.0,"distribution":"{\"name\": \"IntDistribution\", \"attributes\": {\"log\": false, \"step\": 1, \"low\": 1, \"high\": 3}}"}
{"op_code":5,"worker_id":"1d4b6b89-e92f-4ee2-a1bc-9927b1359823-140090333984576","trial_id":38,"param_name":"nodes","param_value_internal":0,"distribution":"{\"name\": \"CategoricalDistribution\", \"attributes\": {\"choices\": [32, 64, 128]}}"}
{"op_code":5,"worker_id":"1d4b6b89-e92f-4ee2-a1bc-9927b1359823-140090333984576","trial_id":38,"param_name":"alpha","param_value_internal":0.2048227422637589,"distribution":"{\"name\": \"FloatDistribution\", \"attributes\": {\"step\": null, \"low\": 0.0, \"high\": 0.5, \"log\": false}}"}
{"op_code":5,"worker_id":"1d4b6b89-e92f-4ee2-a1bc-9927b1359823-140090333984576","trial_id":38,"param_name":"sigma","param_value_internal":0.2697548416482009,"distribution":"{\"name\": \"FloatDistribution\", \"attributes\": {\"step\": null, \"low\": 0.01, \"high\": 1.0, \"log\": true}}"}
{"op_code":6,"worker_id":"1d4b6b89-e92f-4ee2-a1bc-9927b1359823-140090333984576","trial_id":38,"state":1,"values":[0.6344704250684103],"datetime_complete":"2026-03-31T00:38:21.968463"}
{"op_code":4,"worker_id":"1d4b6b89-e92f-4ee2-a1bc-9927b1359823-140090333984576","study_id":0,"datetime_start":"2026-03-31T00:38:21.987924"}
{"op_code":5,"worker_id":"1d4b6b89-e92f-4ee2-a1bc-9927b1359823-140090333984576","trial_id":39,"param_name":"lr","param_value_internal":0.009494565616116675,"distribution":"{\"name\": \"FloatDistribution\", \"attributes\": {\"step\": null, \"low\": 0.0001, \"high\": 0.1, \"log\": true}}"}
{"op_code":5,"worker_id":"1d4b6b89-e92f-4ee2-a1bc-9927b1359823-140090333984576","trial_id":39,"param_name":"dropout","param_value_internal":0.1591978564149868,"distribution":"{\"name\": \"FloatDistribution\", \"attributes\": {\"step\": null, \"low\": 0.0, \"high\": 0.5, \"log\": false}}"}
{"op_code":5,"worker_id":"1d4b6b89-e92f-4ee2-a1bc-9927b1359823-140090333984576","trial_id":39,"param_name":"layers","param_value_internal":3.0,"distribution":"{\"name\": \"IntDistribution\", \"attributes\": {\"log\": false, \"step\": 1, \"low\": 1, \"high\": 3}}"}
{"op_code":5,"worker_id":"1d4b6b89-e92f-4ee2-a1bc-9927b1359823-140090333984576","trial_id":39,"param_name":"nodes","param_value_internal":0,"distribution":"{\"name\": \"CategoricalDistribution\", \"attributes\": {\"choices\": [32, 64, 128]}}"}
{"op_code":5,"worker_id":"1d4b6b89-e92f-4ee2-a1bc-9927b1359823-140090333984576","trial_id":39,"param_name":"alpha","param_value_internal":0.1899036778935609,"distribution":"{\"name\": \"FloatDistribution\", \"attributes\": {\"step\": null, \"low\": 0.0, \"high\": 0.5, \"log\": false}}"}
{"op_code":5,"worker_id":"1d4b6b89-e92f-4ee2-a1bc-9927b1359823-140090333984576","trial_id":39,"param_name":"sigma","param_value_internal":0.25765017070341095,"distribution":"{\"name\": \"FloatDistribution\", \"attributes\": {\"step\": null, \"low\": 0.01, \"high\": 1.0, \"log\": true}}"}
{"op_code":6,"worker_id":"1d4b6b89-e92f-4ee2-a1bc-9927b1359823-140090333984576","trial_id":39,"state":1,"values":[0.6263558744447506],"datetime_complete":"2026-03-31T00:38:24.743976"}
{"op_code":0,"worker_id":"70748c90-3433-4f1c-94a6-87d94a688dda-140568750122816","study_name":"deephit_single_tuning","directions":[2]}
{"op_code":4,"worker_id":"70748c90-3433-4f1c-94a6-87d94a688dda-140568750122816","study_id":0,"datetime_start":"2026-03-31T14:37:53.642196"}
{"op_code":5,"worker_id":"70748c90-3433-4f1c-94a6-87d94a688dda-140568750122816","trial_id":40,"param_name":"lr","param_value_internal":0.004287536680675329,"distribution":"{\"name\": \"FloatDistribution\", \"attributes\": {\"step\": null, \"low\": 0.0001, \"high\": 0.1, \"log\": true}}"}
{"op_code":5,"worker_id":"70748c90-3433-4f1c-94a6-87d94a688dda-140568750122816","trial_id":40,"param_name":"dropout","param_value_internal":0.21657268922468229,"distribution":"{\"name\": \"FloatDistribution\", \"attributes\": {\"step\": null, \"low\": 0.0, \"high\": 0.5, \"log\": false}}"}
{"op_code":5,"worker_id":"70748c90-3433-4f1c-94a6-87d94a688dda-140568750122816","trial_id":40,"param_name":"layers","param_value_internal":2.0,"distribution":"{\"name\": \"IntDistribution\", \"attributes\": {\"log\": false, \"step\": 1, \"low\": 1, \"high\": 3}}"}
{"op_code":5,"worker_id":"70748c90-3433-4f1c-94a6-87d94a688dda-140568750122816","trial_id":40,"param_name":"nodes","param_value_internal":0,"distribution":"{\"name\": \"CategoricalDistribution\", \"attributes\": {\"choices\": [32, 64, 128]}}"}
{"op_code":5,"worker_id":"70748c90-3433-4f1c-94a6-87d94a688dda-140568750122816","trial_id":40,"param_name":"alpha","param_value_internal":0.13041929014310724,"distribution":"{\"name\": \"FloatDistribution\", \"attributes\": {\"step\": null, \"low\": 0.0, \"high\": 0.5, \"log\": false}}"}
{"op_code":5,"worker_id":"70748c90-3433-4f1c-94a6-87d94a688dda-140568750122816","trial_id":40,"param_name":"sigma","param_value_internal":0.32400120358265677,"distribution":"{\"name\": \"FloatDistribution\", \"attributes\": {\"step\": null, \"low\": 0.01, \"high\": 1.0, \"log\": true}}"}
{"op_code":6,"worker_id":"70748c90-3433-4f1c-94a6-87d94a688dda-140568750122816","trial_id":40,"state":1,"values":[0.6348854799951463],"datetime_complete":"2026-03-31T14:37:56.180772"}
{"op_code":4,"worker_id":"70748c90-3433-4f1c-94a6-87d94a688dda-140568750122816","study_id":0,"datetime_start":"2026-03-31T14:37:56.215101"}
{"op_code":5,"worker_id":"70748c90-3433-4f1c-94a6-87d94a688dda-140568750122816","trial_id":41,"param_name":"lr","param_value_internal":0.004315213650081548,"distribution":"{\"name\": \"FloatDistribution\", \"attributes\": {\"step\": null, \"low\": 0.0001, \"high\": 0.1, \"log\": true}}"}
{"op_code":5,"worker_id":"70748c90-3433-4f1c-94a6-87d94a688dda-140568750122816","trial_id":41,"param_name":"dropout","param_value_internal":0.2265553092387179,"distribution":"{\"name\": \"FloatDistribution\", \"attributes\": {\"step\": null, \"low\": 0.0, \"high\": 0.5, \"log\": false}}"}
{"op_code":5,"worker_id":"70748c90-3433-4f1c-94a6-87d94a688dda-140568750122816","trial_id":41,"param_name":"layers","param_value_internal":2.0,"distribution":"{\"name\": \"IntDistribution\", \"attributes\": {\"log\": false, \"step\": 1, \"low\": 1, \"high\": 3}}"}
{"op_code":5,"worker_id":"70748c90-3433-4f1c-94a6-87d94a688dda-140568750122816","trial_id":41,"param_name":"nodes","param_value_internal":0,"distribution":"{\"name\": \"CategoricalDistribution\", \"attributes\": {\"choices\": [32, 64, 128]}}"}
{"op_code":5,"worker_id":"70748c90-3433-4f1c-94a6-87d94a688dda-140568750122816","trial_id":41,"param_name":"alpha","param_value_internal":0.1318270501904108,"distribution":"{\"name\": \"FloatDistribution\", \"attributes\": {\"step\": null, \"low\": 0.0, \"high\": 0.5, \"log\": false}}"}
{"op_code":5,"worker_id":"70748c90-3433-4f1c-94a6-87d94a688dda-140568750122816","trial_id":41,"param_name":"sigma","param_value_internal":0.3303498394180543,"distribution":"{\"name\": \"FloatDistribution\", \"attributes\": {\"step\": null, \"low\": 0.01, \"high\": 1.0, \"log\": true}}"}
{"op_code":6,"worker_id":"70748c90-3433-4f1c-94a6-87d94a688dda-140568750122816","trial_id":41,"state":1,"values":[0.6236495121970581],"datetime_complete":"2026-03-31T14:37:58.726914"}
{"op_code":4,"worker_id":"70748c90-3433-4f1c-94a6-87d94a688dda-140568750122816","study_id":0,"datetime_start":"2026-03-31T14:37:58.741342"}
{"op_code":5,"worker_id":"70748c90-3433-4f1c-94a6-87d94a688dda-140568750122816","trial_id":42,"param_name":"lr","param_value_internal":0.0015731964350003864,"distribution":"{\"name\": \"FloatDistribution\", \"attributes\": {\"step\": null, \"low\": 0.0001, \"high\": 0.1, \"log\": true}}"}
{"op_code":5,"worker_id":"70748c90-3433-4f1c-94a6-87d94a688dda-140568750122816","trial_id":42,"param_name":"dropout","param_value_internal":0.21222102007856436,"distribution":"{\"name\": \"FloatDistribution\", \"attributes\": {\"step\": null, \"low\": 0.0, \"high\": 0.5, \"log\": false}}"}
{"op_code":5,"worker_id":"70748c90-3433-4f1c-94a6-87d94a688dda-140568750122816","trial_id":42,"param_name":"layers","param_value_internal":2.0,"distribution":"{\"name\": \"IntDistribution\", \"attributes\": {\"log\": false, \"step\": 1, \"low\": 1, \"high\": 3}}"}
{"op_code":5,"worker_id":"70748c90-3433-4f1c-94a6-87d94a688dda-140568750122816","trial_id":42,"param_name":"nodes","param_value_internal":0,"distribution":"{\"name\": \"CategoricalDistribution\", \"attributes\": {\"choices\": [32, 64, 128]}}"}
{"op_code":5,"worker_id":"70748c90-3433-4f1c-94a6-87d94a688dda-140568750122816","trial_id":42,"param_name":"alpha","param_value_internal":0.049247473803332636,"distribution":"{\"name\": \"FloatDistribution\", \"attributes\": {\"step\": null, \"low\": 0.0, \"high\": 0.5, \"log\": false}}"}
{"op_code":5,"worker_id":"70748c90-3433-4f1c-94a6-87d94a688dda-140568750122816","trial_id":42,"param_name":"sigma","param_value_internal":0.4384556487764918,"distribution":"{\"name\": \"FloatDistribution\", \"attributes\": {\"step\": null, \"low\": 0.01, \"high\": 1.0, \"log\": true}}"}
{"op_code":6,"worker_id":"70748c90-3433-4f1c-94a6-87d94a688dda-140568750122816","trial_id":42,"state":1,"values":[0.6249956056343139],"datetime_complete":"2026-03-31T14:38:01.153947"}
{"op_code":4,"worker_id":"70748c90-3433-4f1c-94a6-87d94a688dda-140568750122816","study_id":0,"datetime_start":"2026-03-31T14:38:01.168713"}
{"op_code":5,"worker_id":"70748c90-3433-4f1c-94a6-87d94a688dda-140568750122816","trial_id":43,"param_name":"lr","param_value_internal":0.010811916851843212,"distribution":"{\"name\": \"FloatDistribution\", \"attributes\": {\"step\": null, \"low\": 0.0001, \"high\": 0.1, \"log\": true}}"}
{"op_code":5,"worker_id":"70748c90-3433-4f1c-94a6-87d94a688dda-140568750122816","trial_id":43,"param_name":"dropout","param_value_internal":0.265697901814661,"distribution":"{\"name\": \"FloatDistribution\", \"attributes\": {\"step\": null, \"low\": 0.0, \"high\": 0.5, \"log\": false}}"}
{"op_code":5,"worker_id":"70748c90-3433-4f1c-94a6-87d94a688dda-140568750122816","trial_id":43,"param_name":"layers","param_value_internal":2.0,"distribution":"{\"name\": \"IntDistribution\", \"attributes\": {\"log\": false, \"step\": 1, \"low\": 1, \"high\": 3}}"}
{"op_code":5,"worker_id":"70748c90-3433-4f1c-94a6-87d94a688dda-140568750122816","trial_id":43,"param_name":"nodes","param_value_internal":0,"distribution":"{\"name\": \"CategoricalDistribution\", \"attributes\": {\"choices\": [32, 64, 128]}}"}
{"op_code":5,"worker_id":"70748c90-3433-4f1c-94a6-87d94a688dda-140568750122816","trial_id":43,"param_name":"alpha","param_value_internal":0.1437406808368151,"distribution":"{\"name\": \"FloatDistribution\", \"attributes\": {\"step\": null, \"low\": 0.0, \"high\": 0.5, \"log\": false}}"}
{"op_code":5,"worker_id":"70748c90-3433-4f1c-94a6-87d94a688dda-140568750122816","trial_id":43,"param_name":"sigma","param_value_internal":0.19636476761918095,"distribution":"{\"name\": \"FloatDistribution\", \"attributes\": {\"step\": null, \"low\": 0.01, \"high\": 1.0, \"log\": true}}"}
{"op_code":6,"worker_id":"70748c90-3433-4f1c-94a6-87d94a688dda-140568750122816","trial_id":43,"state":1,"values":[0.6314811223720276],"datetime_complete":"2026-03-31T14:38:03.575872"}
{"op_code":4,"worker_id":"70748c90-3433-4f1c-94a6-87d94a688dda-140568750122816","study_id":0,"datetime_start":"2026-03-31T14:38:03.590257"}
{"op_code":5,"worker_id":"70748c90-3433-4f1c-94a6-87d94a688dda-140568750122816","trial_id":44,"param_name":"lr","param_value_internal":0.0009922603610070342,"distribution":"{\"name\": \"FloatDistribution\", \"attributes\": {\"step\": null, \"low\": 0.0001, \"high\": 0.1, \"log\": true}}"}
{"op_code":5,"worker_id":"70748c90-3433-4f1c-94a6-87d94a688dda-140568750122816","trial_id":44,"param_name":"dropout","param_value_internal":0.0003454711563449786,"distribution":"{\"name\": \"FloatDistribution\", \"attributes\": {\"step\": null, \"low\": 0.0, \"high\": 0.5, \"log\": false}}"}
{"op_code":5,"worker_id":"70748c90-3433-4f1c-94a6-87d94a688dda-140568750122816","trial_id":44,"param_name":"layers","param_value_internal":2.0,"distribution":"{\"name\": \"IntDistribution\", \"attributes\": {\"log\": false, \"step\": 1, \"low\": 1, \"high\": 3}}"}
{"op_code":5,"worker_id":"70748c90-3433-4f1c-94a6-87d94a688dda-140568750122816","trial_id":44,"param_name":"nodes","param_value_internal":0,"distribution":"{\"name\": \"CategoricalDistribution\", \"attributes\": {\"choices\": [32, 64, 128]}}"}
{"op_code":5,"worker_id":"70748c90-3433-4f1c-94a6-87d94a688dda-140568750122816","trial_id":44,"param_name":"alpha","param_value_internal":0.20634335816863292,"distribution":"{\"name\": \"FloatDistribution\", \"attributes\": {\"step\": null, \"low\": 0.0, \"high\": 0.5, \"log\": false}}"}
{"op_code":5,"worker_id":"70748c90-3433-4f1c-94a6-87d94a688dda-140568750122816","trial_id":44,"param_name":"sigma","param_value_internal":0.727442116800006,"distribution":"{\"name\": \"FloatDistribution\", \"attributes\": {\"step\": null, \"low\": 0.01, \"high\": 1.0, \"log\": true}}"}
{"op_code":6,"worker_id":"70748c90-3433-4f1c-94a6-87d94a688dda-140568750122816","trial_id":44,"state":1,"values":[0.6110561106631693],"datetime_complete":"2026-03-31T14:38:06.015167"}
{"op_code":4,"worker_id":"70748c90-3433-4f1c-94a6-87d94a688dda-140568750122816","study_id":0,"datetime_start":"2026-03-31T14:38:06.027040"}
{"op_code":5,"worker_id":"70748c90-3433-4f1c-94a6-87d94a688dda-140568750122816","trial_id":45,"param_name":"lr","param_value_internal":0.003795039540411983,"distribution":"{\"name\": \"FloatDistribution\", \"attributes\": {\"step\": null, \"low\": 0.0001, \"high\": 0.1, \"log\": true}}"}
{"op_code":5,"worker_id":"70748c90-3433-4f1c-94a6-87d94a688dda-140568750122816","trial_id":45,"param_name":"dropout","param_value_internal":0.17326892525517334,"distribution":"{\"name\": \"FloatDistribution\", \"attributes\": {\"step\": null, \"low\": 0.0, \"high\": 0.5, \"log\": false}}"}
{"op_code":5,"worker_id":"70748c90-3433-4f1c-94a6-87d94a688dda-140568750122816","trial_id":45,"param_name":"layers","param_value_internal":3.0,"distribution":"{\"name\": \"IntDistribution\", \"attributes\": {\"log\": false, \"step\": 1, \"low\": 1, \"high\": 3}}"}
{"op_code":5,"worker_id":"70748c90-3433-4f1c-94a6-87d94a688dda-140568750122816","trial_id":45,"param_name":"nodes","param_value_internal":0,"distribution":"{\"name\": \"CategoricalDistribution\", \"attributes\": {\"choices\": [32, 64, 128]}}"}
{"op_code":5,"worker_id":"70748c90-3433-4f1c-94a6-87d94a688dda-140568750122816","trial_id":45,"param_name":"alpha","param_value_internal":0.2357013074514646,"distribution":"{\"name\": \"FloatDistribution\", \"attributes\": {\"step\": null, \"low\": 0.0, \"high\": 0.5, \"log\": false}}"}
{"op_code":5,"worker_id":"70748c90-3433-4f1c-94a6-87d94a688dda-140568750122816","trial_id":45,"param_name":"sigma","param_value_internal":0.11333110569421578,"distribution":"{\"name\": \"FloatDistribution\", \"attributes\": {\"step\": null, \"low\": 0.01, \"high\": 1.0, \"log\": true}}"}
{"op_code":6,"worker_id":"70748c90-3433-4f1c-94a6-87d94a688dda-140568750122816","trial_id":45,"state":1,"values":[0.6236041510028792],"datetime_complete":"2026-03-31T14:38:08.643895"}
{"op_code":4,"worker_id":"70748c90-3433-4f1c-94a6-87d94a688dda-140568750122816","study_id":0,"datetime_start":"2026-03-31T14:38:08.663367"}
{"op_code":5,"worker_id":"70748c90-3433-4f1c-94a6-87d94a688dda-140568750122816","trial_id":46,"param_name":"lr","param_value_internal":0.002407220650789376,"distribution":"{\"name\": \"FloatDistribution\", \"attributes\": {\"step\": null, \"low\": 0.0001, \"high\": 0.1, \"log\": true}}"}
{"op_code":5,"worker_id":"70748c90-3433-4f1c-94a6-87d94a688dda-140568750122816","trial_id":46,"param_name":"dropout","param_value_internal":0.249953183409574,"distribution":"{\"name\": \"FloatDistribution\", \"attributes\": {\"step\": null, \"low\": 0.0, \"high\": 0.5, \"log\": false}}"}
{"op_code":5,"worker_id":"70748c90-3433-4f1c-94a6-87d94a688dda-140568750122816","trial_id":46,"param_name":"layers","param_value_internal":2.0,"distribution":"{\"name\": \"IntDistribution\", \"attributes\": {\"log\": false, \"step\": 1, \"low\": 1, \"high\": 3}}"}
{"op_code":5,"worker_id":"70748c90-3433-4f1c-94a6-87d94a688dda-140568750122816","trial_id":46,"param_name":"nodes","param_value_internal":0,"distribution":"{\"name\": \"CategoricalDistribution\", \"attributes\": {\"choices\": [32, 64, 128]}}"}
{"op_code":5,"worker_id":"70748c90-3433-4f1c-94a6-87d94a688dda-140568750122816","trial_id":46,"param_name":"alpha","param_value_internal":0.0901835283567959,"distribution":"{\"name\": \"FloatDistribution\", \"attributes\": {\"step\": null, \"low\": 0.0, \"high\": 0.5, \"log\": false}}"}
{"op_code":5,"worker_id":"70748c90-3433-4f1c-94a6-87d94a688dda-140568750122816","trial_id":46,"param_name":"sigma","param_value_internal":0.34355685223333976,"distribution":"{\"name\": \"FloatDistribution\", \"attributes\": {\"step\": null, \"low\": 0.01, \"high\": 1.0, \"log\": true}}"}
{"op_code":6,"worker_id":"70748c90-3433-4f1c-94a6-87d94a688dda-140568750122816","trial_id":46,"state":1,"values":[0.6333397973035038],"datetime_complete":"2026-03-31T14:38:11.087253"}
{"op_code":4,"worker_id":"70748c90-3433-4f1c-94a6-87d94a688dda-140568750122816","study_id":0,"datetime_start":"2026-03-31T14:38:11.100208"}
{"op_code":5,"worker_id":"70748c90-3433-4f1c-94a6-87d94a688dda-140568750122816","trial_id":47,"param_name":"lr","param_value_internal":0.007132055389060013,"distribution":"{\"name\": \"FloatDistribution\", \"attributes\": {\"step\": null, \"low\": 0.0001, \"high\": 0.1, \"log\": true}}"}
{"op_code":5,"worker_id":"70748c90-3433-4f1c-94a6-87d94a688dda-140568750122816","trial_id":47,"param_name":"dropout","param_value_internal":0.2391230675703673,"distribution":"{\"name\": \"FloatDistribution\", \"attributes\": {\"step\": null, \"low\": 0.0, \"high\": 0.5, \"log\": false}}"}
{"op_code":5,"worker_id":"70748c90-3433-4f1c-94a6-87d94a688dda-140568750122816","trial_id":47,"param_name":"layers","param_value_internal":2.0,"distribution":"{\"name\": \"IntDistribution\", \"attributes\": {\"log\": false, \"step\": 1, \"low\": 1, \"high\": 3}}"}
{"op_code":5,"worker_id":"70748c90-3433-4f1c-94a6-87d94a688dda-140568750122816","trial_id":47,"param_name":"nodes","param_value_internal":0,"distribution":"{\"name\": \"CategoricalDistribution\", \"attributes\": {\"choices\": [32, 64, 128]}}"}
{"op_code":5,"worker_id":"70748c90-3433-4f1c-94a6-87d94a688dda-140568750122816","trial_id":47,"param_name":"alpha","param_value_internal":0.19458387949151132,"distribution":"{\"name\": \"FloatDistribution\", \"attributes\": {\"step\": null, \"low\": 0.0, \"high\": 0.5, \"log\": false}}"}
{"op_code":5,"worker_id":"70748c90-3433-4f1c-94a6-87d94a688dda-140568750122816","trial_id":47,"param_name":"sigma","param_value_internal":0.23667603307880203,"distribution":"{\"name\": \"FloatDistribution\", \"attributes\": {\"step\": null, \"low\": 0.01, \"high\": 1.0, \"log\": true}}"}
{"op_code":6,"worker_id":"70748c90-3433-4f1c-94a6-87d94a688dda-140568750122816","trial_id":47,"state":1,"values":[0.6255354038450416],"datetime_complete":"2026-03-31T14:38:13.506946"}
{"op_code":4,"worker_id":"70748c90-3433-4f1c-94a6-87d94a688dda-140568750122816","study_id":0,"datetime_start":"2026-03-31T14:38:13.527137"}
{"op_code":5,"worker_id":"70748c90-3433-4f1c-94a6-87d94a688dda-140568750122816","trial_id":48,"param_name":"lr","param_value_internal":0.013180864631058827,"distribution":"{\"name\": \"FloatDistribution\", \"attributes\": {\"step\": null, \"low\": 0.0001, \"high\": 0.1, \"log\": true}}"}
{"op_code":5,"worker_id":"70748c90-3433-4f1c-94a6-87d94a688dda-140568750122816","trial_id":48,"param_name":"dropout","param_value_internal":0.09805954855119328,"distribution":"{\"name\": \"FloatDistribution\", \"attributes\": {\"step\": null, \"low\": 0.0, \"high\": 0.5, \"log\": false}}"}
{"op_code":5,"worker_id":"70748c90-3433-4f1c-94a6-87d94a688dda-140568750122816","trial_id":48,"param_name":"layers","param_value_internal":2.0,"distribution":"{\"name\": \"IntDistribution\", \"attributes\": {\"log\": false, \"step\": 1, \"low\": 1, \"high\": 3}}"}
{"op_code":5,"worker_id":"70748c90-3433-4f1c-94a6-87d94a688dda-140568750122816","trial_id":48,"param_name":"nodes","param_value_internal":0,"distribution":"{\"name\": \"CategoricalDistribution\", \"attributes\": {\"choices\": [32, 64, 128]}}"}
{"op_code":5,"worker_id":"70748c90-3433-4f1c-94a6-87d94a688dda-140568750122816","trial_id":48,"param_name":"alpha","param_value_internal":0.15398665829033717,"distribution":"{\"name\": \"FloatDistribution\", \"attributes\": {\"step\": null, \"low\": 0.0, \"high\": 0.5, \"log\": false}}"}
{"op_code":5,"worker_id":"70748c90-3433-4f1c-94a6-87d94a688dda-140568750122816","trial_id":48,"param_name":"sigma","param_value_internal":0.5217368933859595,"distribution":"{\"name\": \"FloatDistribution\", \"attributes\": {\"step\": null, \"low\": 0.01, \"high\": 1.0, \"log\": true}}"}
{"op_code":6,"worker_id":"70748c90-3433-4f1c-94a6-87d94a688dda-140568750122816","trial_id":48,"state":1,"values":[0.6227604327911537],"datetime_complete":"2026-03-31T14:38:15.938532"}
{"op_code":4,"worker_id":"70748c90-3433-4f1c-94a6-87d94a688dda-140568750122816","study_id":0,"datetime_start":"2026-03-31T14:38:15.957328"}
{"op_code":5,"worker_id":"70748c90-3433-4f1c-94a6-87d94a688dda-140568750122816","trial_id":49,"param_name":"lr","param_value_internal":0.056885558219956035,"distribution":"{\"name\": \"FloatDistribution\", \"attributes\": {\"step\": null, \"low\": 0.0001, \"high\": 0.1, \"log\": true}}"}
{"op_code":5,"worker_id":"70748c90-3433-4f1c-94a6-87d94a688dda-140568750122816","trial_id":49,"param_name":"dropout","param_value_internal":0.27735026545483077,"distribution":"{\"name\": \"FloatDistribution\", \"attributes\": {\"step\": null, \"low\": 0.0, \"high\": 0.5, \"log\": false}}"}
{"op_code":5,"worker_id":"70748c90-3433-4f1c-94a6-87d94a688dda-140568750122816","trial_id":49,"param_name":"layers","param_value_internal":2.0,"distribution":"{\"name\": \"IntDistribution\", \"attributes\": {\"log\": false, \"step\": 1, \"low\": 1, \"high\": 3}}"}
{"op_code":5,"worker_id":"70748c90-3433-4f1c-94a6-87d94a688dda-140568750122816","trial_id":49,"param_name":"nodes","param_value_internal":2,"distribution":"{\"name\": \"CategoricalDistribution\", \"attributes\": {\"choices\": [32, 64, 128]}}"}
{"op_code":5,"worker_id":"70748c90-3433-4f1c-94a6-87d94a688dda-140568750122816","trial_id":49,"param_name":"alpha","param_value_internal":0.4901154428478989,"distribution":"{\"name\": \"FloatDistribution\", \"attributes\": {\"step\": null, \"low\": 0.0, \"high\": 0.5, \"log\": false}}"}
{"op_code":5,"worker_id":"70748c90-3433-4f1c-94a6-87d94a688dda-140568750122816","trial_id":49,"param_name":"sigma","param_value_internal":0.2880977026499973,"distribution":"{\"name\": \"FloatDistribution\", \"attributes\": {\"step\": null, \"low\": 0.01, \"high\": 1.0, \"log\": true}}"}
{"op_code":6,"worker_id":"70748c90-3433-4f1c-94a6-87d94a688dda-140568750122816","trial_id":49,"state":1,"values":[0.6269143841480771],"datetime_complete":"2026-03-31T14:38:18.366343"}
{"op_code":4,"worker_id":"70748c90-3433-4f1c-94a6-87d94a688dda-140568750122816","study_id":0,"datetime_start":"2026-03-31T14:38:18.380070"}
{"op_code":5,"worker_id":"70748c90-3433-4f1c-94a6-87d94a688dda-140568750122816","trial_id":50,"param_name":"lr","param_value_internal":0.033605424282145885,"distribution":"{\"name\": \"FloatDistribution\", \"attributes\": {\"step\": null, \"low\": 0.0001, \"high\": 0.1, \"log\": true}}"}
{"op_code":5,"worker_id":"70748c90-3433-4f1c-94a6-87d94a688dda-140568750122816","trial_id":50,"param_name":"dropout","param_value_internal":0.2045059111765059,"distribution":"{\"name\": \"FloatDistribution\", \"attributes\": {\"step\": null, \"low\": 0.0, \"high\": 0.5, \"log\": false}}"}
{"op_code":5,"worker_id":"70748c90-3433-4f1c-94a6-87d94a688dda-140568750122816","trial_id":50,"param_name":"layers","param_value_internal":3.0,"distribution":"{\"name\": \"IntDistribution\", \"attributes\": {\"log\": false, \"step\": 1, \"low\": 1, \"high\": 3}}"}
{"op_code":5,"worker_id":"70748c90-3433-4f1c-94a6-87d94a688dda-140568750122816","trial_id":50,"param_name":"nodes","param_value_internal":0,"distribution":"{\"name\": \"CategoricalDistribution\", \"attributes\": {\"choices\": [32, 64, 128]}}"}
{"op_code":5,"worker_id":"70748c90-3433-4f1c-94a6-87d94a688dda-140568750122816","trial_id":50,"param_name":"alpha","param_value_internal":0.06643686044725647,"distribution":"{\"name\": \"FloatDistribution\", \"attributes\": {\"step\": null, \"low\": 0.0, \"high\": 0.5, \"log\": false}}"}
{"op_code":5,"worker_id":"70748c90-3433-4f1c-94a6-87d94a688dda-140568750122816","trial_id":50,"param_name":"sigma","param_value_internal":0.12032106459726626,"distribution":"{\"name\": \"FloatDistribution\", \"attributes\": {\"step\": null, \"low\": 0.01, \"high\": 1.0, \"log\": true}}"}
{"op_code":6,"worker_id":"70748c90-3433-4f1c-94a6-87d94a688dda-140568750122816","trial_id":50,"state":1,"values":[0.6281947038537736],"datetime_complete":"2026-03-31T14:38:21.027659"}
{"op_code":4,"worker_id":"70748c90-3433-4f1c-94a6-87d94a688dda-140568750122816","study_id":0,"datetime_start":"2026-03-31T14:38:21.039037"}
{"op_code":5,"worker_id":"70748c90-3433-4f1c-94a6-87d94a688dda-140568750122816","trial_id":51,"param_name":"lr","param_value_internal":0.0023100634736453133,"distribution":"{\"name\": \"FloatDistribution\", \"attributes\": {\"step\": null, \"low\": 0.0001, \"high\": 0.1, \"log\": true}}"}
{"op_code":5,"worker_id":"70748c90-3433-4f1c-94a6-87d94a688dda-140568750122816","trial_id":51,"param_name":"dropout","param_value_internal":0.23723254775140262,"distribution":"{\"name\": \"FloatDistribution\", \"attributes\": {\"step\": null, \"low\": 0.0, \"high\": 0.5, \"log\": false}}"}
{"op_code":5,"worker_id":"70748c90-3433-4f1c-94a6-87d94a688dda-140568750122816","trial_id":51,"param_name":"layers","param_value_internal":2.0,"distribution":"{\"name\": \"IntDistribution\", \"attributes\": {\"log\": false, \"step\": 1, \"low\": 1, \"high\": 3}}"}
{"op_code":5,"worker_id":"70748c90-3433-4f1c-94a6-87d94a688dda-140568750122816","trial_id":51,"param_name":"nodes","param_value_internal":0,"distribution":"{\"name\": \"CategoricalDistribution\", \"attributes\": {\"choices\": [32, 64, 128]}}"}
{"op_code":5,"worker_id":"70748c90-3433-4f1c-94a6-87d94a688dda-140568750122816","trial_id":51,"param_name":"alpha","param_value_internal":0.10662638795922288,"distribution":"{\"name\": \"FloatDistribution\", \"attributes\": {\"step\": null, \"low\": 0.0, \"high\": 0.5, \"log\": false}}"}
{"op_code":5,"worker_id":"70748c90-3433-4f1c-94a6-87d94a688dda-140568750122816","trial_id":51,"param_name":"sigma","param_value_internal":0.35174249621489495,"distribution":"{\"name\": \"FloatDistribution\", \"attributes\": {\"step\": null, \"low\": 0.01, \"high\": 1.0, \"log\": true}}"}
{"op_code":6,"worker_id":"70748c90-3433-4f1c-94a6-87d94a688dda-140568750122816","trial_id":51,"state":1,"values":[0.6330789704369757],"datetime_complete":"2026-03-31T14:38:23.545687"}
{"op_code":4,"worker_id":"70748c90-3433-4f1c-94a6-87d94a688dda-140568750122816","study_id":0,"datetime_start":"2026-03-31T14:38:23.559096"}
{"op_code":5,"worker_id":"70748c90-3433-4f1c-94a6-87d94a688dda-140568750122816","trial_id":52,"param_name":"lr","param_value_internal":0.0020439206042886463,"distribution":"{\"name\": \"FloatDistribution\", \"attributes\": {\"step\": null, \"low\": 0.0001, \"high\": 0.1, \"log\": true}}"}
{"op_code":5,"worker_id":"70748c90-3433-4f1c-94a6-87d94a688dda-140568750122816","trial_id":52,"param_name":"dropout","param_value_internal":0.24889422865345345,"distribution":"{\"name\": \"FloatDistribution\", \"attributes\": {\"step\": null, \"low\": 0.0, \"high\": 0.5, \"log\": false}}"}
{"op_code":5,"worker_id":"70748c90-3433-4f1c-94a6-87d94a688dda-140568750122816","trial_id":52,"param_name":"layers","param_value_internal":2.0,"distribution":"{\"name\": \"IntDistribution\", \"attributes\": {\"log\": false, \"step\": 1, \"low\": 1, \"high\": 3}}"}
{"op_code":5,"worker_id":"70748c90-3433-4f1c-94a6-87d94a688dda-140568750122816","trial_id":52,"param_name":"nodes","param_value_internal":0,"distribution":"{\"name\": \"CategoricalDistribution\", \"attributes\": {\"choices\": [32, 64, 128]}}"}
{"op_code":5,"worker_id":"70748c90-3433-4f1c-94a6-87d94a688dda-140568750122816","trial_id":52,"param_name":"alpha","param_value_internal":0.12317019900062473,"distribution":"{\"name\": \"FloatDistribution\", \"attributes\": {\"step\": null, \"low\": 0.0, \"high\": 0.5, \"log\": false}}"}
{"op_code":5,"worker_id":"70748c90-3433-4f1c-94a6-87d94a688dda-140568750122816","trial_id":52,"param_name":"sigma","param_value_internal":0.23074678968072682,"distribution":"{\"name\": \"FloatDistribution\", \"attributes\": {\"step\": null, \"low\": 0.01, \"high\": 1.0, \"log\": true}}"}
{"op_code":6,"worker_id":"70748c90-3433-4f1c-94a6-87d94a688dda-140568750122816","trial_id":52,"state":1,"values":[0.6299314705758944],"datetime_complete":"2026-03-31T14:38:26.108160"}
{"op_code":4,"worker_id":"70748c90-3433-4f1c-94a6-87d94a688dda-140568750122816","study_id":0,"datetime_start":"2026-03-31T14:38:26.120693"}
{"op_code":5,"worker_id":"70748c90-3433-4f1c-94a6-87d94a688dda-140568750122816","trial_id":53,"param_name":"lr","param_value_internal":0.003382042527509509,"distribution":"{\"name\": \"FloatDistribution\", \"attributes\": {\"step\": null, \"low\": 0.0001, \"high\": 0.1, \"log\": true}}"}
{"op_code":5,"worker_id":"70748c90-3433-4f1c-94a6-87d94a688dda-140568750122816","trial_id":53,"param_name":"dropout","param_value_internal":0.29171235731305967,"distribution":"{\"name\": \"FloatDistribution\", \"attributes\": {\"step\": null, \"low\": 0.0, \"high\": 0.5, \"log\": false}}"}
{"op_code":5,"worker_id":"70748c90-3433-4f1c-94a6-87d94a688dda-140568750122816","trial_id":53,"param_name":"layers","param_value_internal":2.0,"distribution":"{\"name\": \"IntDistribution\", \"attributes\": {\"log\": false, \"step\": 1, \"low\": 1, \"high\": 3}}"}
{"op_code":5,"worker_id":"70748c90-3433-4f1c-94a6-87d94a688dda-140568750122816","trial_id":53,"param_name":"nodes","param_value_internal":0,"distribution":"{\"name\": \"CategoricalDistribution\", \"attributes\": {\"choices\": [32, 64, 128]}}"}
{"op_code":5,"worker_id":"70748c90-3433-4f1c-94a6-87d94a688dda-140568750122816","trial_id":53,"param_name":"alpha","param_value_internal":0.03320332150372686,"distribution":"{\"name\": \"FloatDistribution\", \"attributes\": {\"step\": null, \"low\": 0.0, \"high\": 0.5, \"log\": false}}"}
{"op_code":5,"worker_id":"70748c90-3433-4f1c-94a6-87d94a688dda-140568750122816","trial_id":53,"param_name":"sigma","param_value_internal":0.17534595882293297,"distribution":"{\"name\": \"FloatDistribution\", \"attributes\": {\"step\": null, \"low\": 0.01, \"high\": 1.0, \"log\": true}}"}
{"op_code":6,"worker_id":"70748c90-3433-4f1c-94a6-87d94a688dda-140568750122816","trial_id":53,"state":1,"values":[0.6354632682059987],"datetime_complete":"2026-03-31T14:38:28.556958"}
{"op_code":4,"worker_id":"70748c90-3433-4f1c-94a6-87d94a688dda-140568750122816","study_id":0,"datetime_start":"2026-03-31T14:38:28.572500"}
{"op_code":5,"worker_id":"70748c90-3433-4f1c-94a6-87d94a688dda-140568750122816","trial_id":54,"param_name":"lr","param_value_internal":0.003473876620759542,"distribution":"{\"name\": \"FloatDistribution\", \"attributes\": {\"step\": null, \"low\": 0.0001, \"high\": 0.1, \"log\": true}}"}
{"op_code":5,"worker_id":"70748c90-3433-4f1c-94a6-87d94a688dda-140568750122816","trial_id":54,"param_name":"dropout","param_value_internal":0.32868838607693557,"distribution":"{\"name\": \"FloatDistribution\", \"attributes\": {\"step\": null, \"low\": 0.0, \"high\": 0.5, \"log\": false}}"}
{"op_code":5,"worker_id":"70748c90-3433-4f1c-94a6-87d94a688dda-140568750122816","trial_id":54,"param_name":"layers","param_value_internal":2.0,"distribution":"{\"name\": \"IntDistribution\", \"attributes\": {\"log\": false, \"step\": 1, \"low\": 1, \"high\": 3}}"}
{"op_code":5,"worker_id":"70748c90-3433-4f1c-94a6-87d94a688dda-140568750122816","trial_id":54,"param_name":"nodes","param_value_internal":0,"distribution":"{\"name\": \"CategoricalDistribution\", \"attributes\": {\"choices\": [32, 64, 128]}}"}
{"op_code":5,"worker_id":"70748c90-3433-4f1c-94a6-87d94a688dda-140568750122816","trial_id":54,"param_name":"alpha","param_value_internal":0.02159920536389967,"distribution":"{\"name\": \"FloatDistribution\", \"attributes\": {\"step\": null, \"low\": 0.0, \"high\": 0.5, \"log\": false}}"}
{"op_code":5,"worker_id":"70748c90-3433-4f1c-94a6-87d94a688dda-140568750122816","trial_id":54,"param_name":"sigma","param_value_internal":0.175690030457508,"distribution":"{\"name\": \"FloatDistribution\", \"attributes\": {\"step\": null, \"low\": 0.01, \"high\": 1.0, \"log\": true}}"}
{"op_code":6,"worker_id":"70748c90-3433-4f1c-94a6-87d94a688dda-140568750122816","trial_id":54,"state":1,"values":[0.6331725278999695],"datetime_complete":"2026-03-31T14:38:30.993547"}
{"op_code":4,"worker_id":"70748c90-3433-4f1c-94a6-87d94a688dda-140568750122816","study_id":0,"datetime_start":"2026-03-31T14:38:31.012796"}
{"op_code":5,"worker_id":"70748c90-3433-4f1c-94a6-87d94a688dda-140568750122816","trial_id":55,"param_name":"lr","param_value_internal":0.005590959836167922,"distribution":"{\"name\": \"FloatDistribution\", \"attributes\": {\"step\": null, \"low\": 0.0001, \"high\": 0.1, \"log\": true}}"}
{"op_code":5,"worker_id":"70748c90-3433-4f1c-94a6-87d94a688dda-140568750122816","trial_id":55,"param_name":"dropout","param_value_internal":0.29709801056144286,"distribution":"{\"name\": \"FloatDistribution\", \"attributes\": {\"step\": null, \"low\": 0.0, \"high\": 0.5, \"log\": false}}"}
{"op_code":5,"worker_id":"70748c90-3433-4f1c-94a6-87d94a688dda-140568750122816","trial_id":55,"param_name":"layers","param_value_internal":2.0,"distribution":"{\"name\": \"IntDistribution\", \"attributes\": {\"log\": false, \"step\": 1, \"low\": 1, \"high\": 3}}"}
{"op_code":5,"worker_id":"70748c90-3433-4f1c-94a6-87d94a688dda-140568750122816","trial_id":55,"param_name":"nodes","param_value_internal":0,"distribution":"{\"name\": \"CategoricalDistribution\", \"attributes\": {\"choices\": [32, 64, 128]}}"}
{"op_code":5,"worker_id":"70748c90-3433-4f1c-94a6-87d94a688dda-140568750122816","trial_id":55,"param_name":"alpha","param_value_internal":0.046913886250057504,"distribution":"{\"name\": \"FloatDistribution\", \"attributes\": {\"step\": null, \"low\": 0.0, \"high\": 0.5, \"log\": false}}"}
{"op_code":5,"worker_id":"70748c90-3433-4f1c-94a6-87d94a688dda-140568750122816","trial_id":55,"param_name":"sigma","param_value_internal":0.20739045053664246,"distribution":"{\"name\": \"FloatDistribution\", \"attributes\": {\"step\": null, \"low\": 0.01, \"high\": 1.0, \"log\": true}}"}
{"op_code":6,"worker_id":"70748c90-3433-4f1c-94a6-87d94a688dda-140568750122816","trial_id":55,"state":1,"values":[0.6325386052113208],"datetime_complete":"2026-03-31T14:38:33.415316"}
{"op_code":4,"worker_id":"70748c90-3433-4f1c-94a6-87d94a688dda-140568750122816","study_id":0,"datetime_start":"2026-03-31T14:38:33.433262"}
{"op_code":5,"worker_id":"70748c90-3433-4f1c-94a6-87d94a688dda-140568750122816","trial_id":56,"param_name":"lr","param_value_internal":0.008943421171827809,"distribution":"{\"name\": \"FloatDistribution\", \"attributes\": {\"step\": null, \"low\": 0.0001, \"high\": 0.1, \"log\": true}}"}
{"op_code":5,"worker_id":"70748c90-3433-4f1c-94a6-87d94a688dda-140568750122816","trial_id":56,"param_name":"dropout","param_value_internal":0.3507530873469344,"distribution":"{\"name\": \"FloatDistribution\", \"attributes\": {\"step\": null, \"low\": 0.0, \"high\": 0.5, \"log\": false}}"}
{"op_code":5,"worker_id":"70748c90-3433-4f1c-94a6-87d94a688dda-140568750122816","trial_id":56,"param_name":"layers","param_value_internal":2.0,"distribution":"{\"name\": \"IntDistribution\", \"attributes\": {\"log\": false, \"step\": 1, \"low\": 1, \"high\": 3}}"}
{"op_code":5,"worker_id":"70748c90-3433-4f1c-94a6-87d94a688dda-140568750122816","trial_id":56,"param_name":"nodes","param_value_internal":2,"distribution":"{\"name\": \"CategoricalDistribution\", \"attributes\": {\"choices\": [32, 64, 128]}}"}
{"op_code":5,"worker_id":"70748c90-3433-4f1c-94a6-87d94a688dda-140568750122816","trial_id":56,"param_name":"alpha","param_value_internal":0.0005945269285641819,"distribution":"{\"name\": \"FloatDistribution\", \"attributes\": {\"step\": null, \"low\": 0.0, \"high\": 0.5, \"log\": false}}"}
{"op_code":5,"worker_id":"70748c90-3433-4f1c-94a6-87d94a688dda-140568750122816","trial_id":56,"param_name":"sigma","param_value_internal":0.2984981376661567,"distribution":"{\"name\": \"FloatDistribution\", \"attributes\": {\"step\": null, \"low\": 0.01, \"high\": 1.0, \"log\": true}}"}
{"op_code":6,"worker_id":"70748c90-3433-4f1c-94a6-87d94a688dda-140568750122816","trial_id":56,"state":1,"values":[0.6252025660827547],"datetime_complete":"2026-03-31T14:38:35.862169"}
{"op_code":4,"worker_id":"70748c90-3433-4f1c-94a6-87d94a688dda-140568750122816","study_id":0,"datetime_start":"2026-03-31T14:38:35.891282"}
{"op_code":5,"worker_id":"70748c90-3433-4f1c-94a6-87d94a688dda-140568750122816","trial_id":57,"param_name":"lr","param_value_internal":0.0004485617981848118,"distribution":"{\"name\": \"FloatDistribution\", \"attributes\": {\"step\": null, \"low\": 0.0001, \"high\": 0.1, \"log\": true}}"}
{"op_code":5,"worker_id":"70748c90-3433-4f1c-94a6-87d94a688dda-140568750122816","trial_id":57,"param_name":"dropout","param_value_internal":0.18541387568756112,"distribution":"{\"name\": \"FloatDistribution\", \"attributes\": {\"step\": null, \"low\": 0.0, \"high\": 0.5, \"log\": false}}"}
{"op_code":5,"worker_id":"70748c90-3433-4f1c-94a6-87d94a688dda-140568750122816","trial_id":57,"param_name":"layers","param_value_internal":2.0,"distribution":"{\"name\": \"IntDistribution\", \"attributes\": {\"log\": false, \"step\": 1, \"low\": 1, \"high\": 3}}"}
{"op_code":5,"worker_id":"70748c90-3433-4f1c-94a6-87d94a688dda-140568750122816","trial_id":57,"param_name":"nodes","param_value_internal":0,"distribution":"{\"name\": \"CategoricalDistribution\", \"attributes\": {\"choices\": [32, 64, 128]}}"}
{"op_code":5,"worker_id":"70748c90-3433-4f1c-94a6-87d94a688dda-140568750122816","trial_id":57,"param_name":"alpha","param_value_internal":0.21733645857087364,"distribution":"{\"name\": \"FloatDistribution\", \"attributes\": {\"step\": null, \"low\": 0.0, \"high\": 0.5, \"log\": false}}"}
{"op_code":5,"worker_id":"70748c90-3433-4f1c-94a6-87d94a688dda-140568750122816","trial_id":57,"param_name":"sigma","param_value_internal":0.412190123687322,"distribution":"{\"name\": \"FloatDistribution\", \"attributes\": {\"step\": null, \"low\": 0.01, \"high\": 1.0, \"log\": true}}"}
{"op_code":6,"worker_id":"70748c90-3433-4f1c-94a6-87d94a688dda-140568750122816","trial_id":57,"state":1,"values":[0.614839234257681],"datetime_complete":"2026-03-31T14:38:38.450558"}
{"op_code":4,"worker_id":"70748c90-3433-4f1c-94a6-87d94a688dda-140568750122816","study_id":0,"datetime_start":"2026-03-31T14:38:38.466787"}
{"op_code":5,"worker_id":"70748c90-3433-4f1c-94a6-87d94a688dda-140568750122816","trial_id":58,"param_name":"lr","param_value_internal":0.01680901497703089,"distribution":"{\"name\": \"FloatDistribution\", \"attributes\": {\"step\": null, \"low\": 0.0001, \"high\": 0.1, \"log\": true}}"}
{"op_code":5,"worker_id":"70748c90-3433-4f1c-94a6-87d94a688dda-140568750122816","trial_id":58,"param_name":"dropout","param_value_internal":0.2889111632088952,"distribution":"{\"name\": \"FloatDistribution\", \"attributes\": {\"step\": null, \"low\": 0.0, \"high\": 0.5, \"log\": false}}"}
{"op_code":5,"worker_id":"70748c90-3433-4f1c-94a6-87d94a688dda-140568750122816","trial_id":58,"param_name":"layers","param_value_internal":2.0,"distribution":"{\"name\": \"IntDistribution\", \"attributes\": {\"log\": false, \"step\": 1, \"low\": 1, \"high\": 3}}"}
{"op_code":5,"worker_id":"70748c90-3433-4f1c-94a6-87d94a688dda-140568750122816","trial_id":58,"param_name":"nodes","param_value_internal":1,"distribution":"{\"name\": \"CategoricalDistribution\", \"attributes\": {\"choices\": [32, 64, 128]}}"}
{"op_code":5,"worker_id":"70748c90-3433-4f1c-94a6-87d94a688dda-140568750122816","trial_id":58,"param_name":"alpha","param_value_internal":0.16602415988358432,"distribution":"{\"name\": \"FloatDistribution\", \"attributes\": {\"step\": null, \"low\": 0.0, \"high\": 0.5, \"log\": false}}"}
{"op_code":5,"worker_id":"70748c90-3433-4f1c-94a6-87d94a688dda-140568750122816","trial_id":58,"param_name":"sigma","param_value_internal":0.18141256438097345,"distribution":"{\"name\": \"FloatDistribution\", \"attributes\": {\"step\": null, \"low\": 0.01, \"high\": 1.0, \"log\": true}}"}
{"op_code":6,"worker_id":"70748c90-3433-4f1c-94a6-87d94a688dda-140568750122816","trial_id":58,"state":1,"values":[0.6290219786326094],"datetime_complete":"2026-03-31T14:38:40.856116"}
{"op_code":4,"worker_id":"70748c90-3433-4f1c-94a6-87d94a688dda-140568750122816","study_id":0,"datetime_start":"2026-03-31T14:38:40.870970"}
{"op_code":5,"worker_id":"70748c90-3433-4f1c-94a6-87d94a688dda-140568750122816","trial_id":59,"param_name":"lr","param_value_internal":0.030582345924730803,"distribution":"{\"name\": \"FloatDistribution\", \"attributes\": {\"step\": null, \"low\": 0.0001, \"high\": 0.1, \"log\": true}}"}
{"op_code":5,"worker_id":"70748c90-3433-4f1c-94a6-87d94a688dda-140568750122816","trial_id":59,"param_name":"dropout","param_value_internal":0.335496502691528,"distribution":"{\"name\": \"FloatDistribution\", \"attributes\": {\"step\": null, \"low\": 0.0, \"high\": 0.5, \"log\": false}}"}
{"op_code":5,"worker_id":"70748c90-3433-4f1c-94a6-87d94a688dda-140568750122816","trial_id":59,"param_name":"layers","param_value_internal":2.0,"distribution":"{\"name\": \"IntDistribution\", \"attributes\": {\"log\": false, \"step\": 1, \"low\": 1, \"high\": 3}}"}
{"op_code":5,"worker_id":"70748c90-3433-4f1c-94a6-87d94a688dda-140568750122816","trial_id":59,"param_name":"nodes","param_value_internal":0,"distribution":"{\"name\": \"CategoricalDistribution\", \"attributes\": {\"choices\": [32, 64, 128]}}"}
{"op_code":5,"worker_id":"70748c90-3433-4f1c-94a6-87d94a688dda-140568750122816","trial_id":59,"param_name":"alpha","param_value_internal":0.2404309840135903,"distribution":"{\"name\": \"FloatDistribution\", \"attributes\": {\"step\": null, \"low\": 0.0, \"high\": 0.5, \"log\": false}}"}
{"op_code":5,"worker_id":"70748c90-3433-4f1c-94a6-87d94a688dda-140568750122816","trial_id":59,"param_name":"sigma","param_value_internal":0.013453178906942042,"distribution":"{\"name\": \"FloatDistribution\", \"attributes\": {\"step\": null, \"low\": 0.01, \"high\": 1.0, \"log\": true}}"}
{"op_code":6,"worker_id":"70748c90-3433-4f1c-94a6-87d94a688dda-140568750122816","trial_id":59,"state":1,"values":[0.49430206699621576],"datetime_complete":"2026-03-31T14:38:43.281664"}
{"op_code":0,"worker_id":"7e247bae-8eab-4766-ae3a-05f3e42b15f8-140287126804288","study_name":"deephit_single_tuning","directions":[2]}
{"op_code":4,"worker_id":"7e247bae-8eab-4766-ae3a-05f3e42b15f8-140287126804288","study_id":0,"datetime_start":"2026-03-31T17:25:27.713669"}
{"op_code":5,"worker_id":"7e247bae-8eab-4766-ae3a-05f3e42b15f8-140287126804288","trial_id":60,"param_name":"lr","param_value_internal":0.03998157082492592,"distribution":"{\"name\": \"FloatDistribution\", \"attributes\": {\"step\": null, \"low\": 0.0001, \"high\": 0.1, \"log\": true}}"}
{"op_code":5,"worker_id":"7e247bae-8eab-4766-ae3a-05f3e42b15f8-140287126804288","trial_id":60,"param_name":"dropout","param_value_internal":0.27017926793232583,"distribution":"{\"name\": \"FloatDistribution\", \"attributes\": {\"step\": null, \"low\": 0.0, \"high\": 0.5, \"log\": false}}"}
{"op_code":5,"worker_id":"7e247bae-8eab-4766-ae3a-05f3e42b15f8-140287126804288","trial_id":60,"param_name":"layers","param_value_internal":2.0,"distribution":"{\"name\": \"IntDistribution\", \"attributes\": {\"log\": false, \"step\": 1, \"low\": 1, \"high\": 3}}"}
{"op_code":5,"worker_id":"7e247bae-8eab-4766-ae3a-05f3e42b15f8-140287126804288","trial_id":60,"param_name":"nodes","param_value_internal":1,"distribution":"{\"name\": \"CategoricalDistribution\", \"attributes\": {\"choices\": [32, 64, 128]}}"}
{"op_code":5,"worker_id":"7e247bae-8eab-4766-ae3a-05f3e42b15f8-140287126804288","trial_id":60,"param_name":"alpha","param_value_internal":0.2958720119283635,"distribution":"{\"name\": \"FloatDistribution\", \"attributes\": {\"step\": null, \"low\": 0.0, \"high\": 0.5, \"log\": false}}"}
{"op_code":5,"worker_id":"7e247bae-8eab-4766-ae3a-05f3e42b15f8-140287126804288","trial_id":60,"param_name":"sigma","param_value_internal":0.09332204629684875,"distribution":"{\"name\": \"FloatDistribution\", \"attributes\": {\"step\": null, \"low\": 0.01, \"high\": 1.0, \"log\": true}}"}
{"op_code":6,"worker_id":"7e247bae-8eab-4766-ae3a-05f3e42b15f8-140287126804288","trial_id":60,"state":1,"values":[0.6193793227800515],"datetime_complete":"2026-03-31T17:25:30.289983"}
{"op_code":4,"worker_id":"7e247bae-8eab-4766-ae3a-05f3e42b15f8-140287126804288","study_id":0,"datetime_start":"2026-03-31T17:25:30.302105"}
{"op_code":5,"worker_id":"7e247bae-8eab-4766-ae3a-05f3e42b15f8-140287126804288","trial_id":61,"param_name":"lr","param_value_internal":0.0027436492166816487,"distribution":"{\"name\": \"FloatDistribution\", \"attributes\": {\"step\": null, \"low\": 0.0001, \"high\": 0.1, \"log\": true}}"}
{"op_code":5,"worker_id":"7e247bae-8eab-4766-ae3a-05f3e42b15f8-140287126804288","trial_id":61,"param_name":"dropout","param_value_internal":0.24828133283293166,"distribution":"{\"name\": \"FloatDistribution\", \"attributes\": {\"step\": null, \"low\": 0.0, \"high\": 0.5, \"log\": false}}"}
{"op_code":5,"worker_id":"7e247bae-8eab-4766-ae3a-05f3e42b15f8-140287126804288","trial_id":61,"param_name":"layers","param_value_internal":2.0,"distribution":"{\"name\": \"IntDistribution\", \"attributes\": {\"log\": false, \"step\": 1, \"low\": 1, \"high\": 3}}"}
{"op_code":5,"worker_id":"7e247bae-8eab-4766-ae3a-05f3e42b15f8-140287126804288","trial_id":61,"param_name":"nodes","param_value_internal":0,"distribution":"{\"name\": \"CategoricalDistribution\", \"attributes\": {\"choices\": [32, 64, 128]}}"}
{"op_code":5,"worker_id":"7e247bae-8eab-4766-ae3a-05f3e42b15f8-140287126804288","trial_id":61,"param_name":"alpha","param_value_internal":0.0880761960592911,"distribution":"{\"name\": \"FloatDistribution\", \"attributes\": {\"step\": null, \"low\": 0.0, \"high\": 0.5, \"log\": false}}"}
{"op_code":5,"worker_id":"7e247bae-8eab-4766-ae3a-05f3e42b15f8-140287126804288","trial_id":61,"param_name":"sigma","param_value_internal":0.25569154514544606,"distribution":"{\"name\": \"FloatDistribution\", \"attributes\": {\"step\": null, \"low\": 0.01, \"high\": 1.0, \"log\": true}}"}
{"op_code":6,"worker_id":"7e247bae-8eab-4766-ae3a-05f3e42b15f8-140287126804288","trial_id":61,"state":1,"values":[0.6328317519287012],"datetime_complete":"2026-03-31T17:25:32.713152"}
{"op_code":4,"worker_id":"7e247bae-8eab-4766-ae3a-05f3e42b15f8-140287126804288","study_id":0,"datetime_start":"2026-03-31T17:25:32.725620"}
{"op_code":5,"worker_id":"7e247bae-8eab-4766-ae3a-05f3e42b15f8-140287126804288","trial_id":62,"param_name":"lr","param_value_internal":0.0013609275968223845,"distribution":"{\"name\": \"FloatDistribution\", \"attributes\": {\"step\": null, \"low\": 0.0001, \"high\": 0.1, \"log\": true}}"}
{"op_code":5,"worker_id":"7e247bae-8eab-4766-ae3a-05f3e42b15f8-140287126804288","trial_id":62,"param_name":"dropout","param_value_internal":0.20105880180527846,"distribution":"{\"name\": \"FloatDistribution\", \"attributes\": {\"step\": null, \"low\": 0.0, \"high\": 0.5, \"log\": false}}"}
{"op_code":5,"worker_id":"7e247bae-8eab-4766-ae3a-05f3e42b15f8-140287126804288","trial_id":62,"param_name":"layers","param_value_internal":2.0,"distribution":"{\"name\": \"IntDistribution\", \"attributes\": {\"log\": false, \"step\": 1, \"low\": 1, \"high\": 3}}"}
{"op_code":5,"worker_id":"7e247bae-8eab-4766-ae3a-05f3e42b15f8-140287126804288","trial_id":62,"param_name":"nodes","param_value_internal":0,"distribution":"{\"name\": \"CategoricalDistribution\", \"attributes\": {\"choices\": [32, 64, 128]}}"}
{"op_code":5,"worker_id":"7e247bae-8eab-4766-ae3a-05f3e42b15f8-140287126804288","trial_id":62,"param_name":"alpha","param_value_internal":0.10121474328155014,"distribution":"{\"name\": \"FloatDistribution\", \"attributes\": {\"step\": null, \"low\": 0.0, \"high\": 0.5, \"log\": false}}"}
{"op_code":5,"worker_id":"7e247bae-8eab-4766-ae3a-05f3e42b15f8-140287126804288","trial_id":62,"param_name":"sigma","param_value_internal":0.3536354235432242,"distribution":"{\"name\": \"FloatDistribution\", \"attributes\": {\"step\": null, \"low\": 0.01, \"high\": 1.0, \"log\": true}}"}
{"op_code":6,"worker_id":"7e247bae-8eab-4766-ae3a-05f3e42b15f8-140287126804288","trial_id":62,"state":1,"values":[0.6214177414434613],"datetime_complete":"2026-03-31T17:25:35.165174"}
{"op_code":4,"worker_id":"7e247bae-8eab-4766-ae3a-05f3e42b15f8-140287126804288","study_id":0,"datetime_start":"2026-03-31T17:25:35.177693"}
{"op_code":5,"worker_id":"7e247bae-8eab-4766-ae3a-05f3e42b15f8-140287126804288","trial_id":63,"param_name":"lr","param_value_internal":0.0024644802320148308,"distribution":"{\"name\": \"FloatDistribution\", \"attributes\": {\"step\": null, \"low\": 0.0001, \"high\": 0.1, \"log\": true}}"}
{"op_code":5,"worker_id":"7e247bae-8eab-4766-ae3a-05f3e42b15f8-140287126804288","trial_id":63,"param_name":"dropout","param_value_internal":0.30780439945035254,"distribution":"{\"name\": \"FloatDistribution\", \"attributes\": {\"step\": null, \"low\": 0.0, \"high\": 0.5, \"log\": false}}"}
{"op_code":5,"worker_id":"7e247bae-8eab-4766-ae3a-05f3e42b15f8-140287126804288","trial_id":63,"param_name":"layers","param_value_internal":2.0,"distribution":"{\"name\": \"IntDistribution\", \"attributes\": {\"log\": false, \"step\": 1, \"low\": 1, \"high\": 3}}"}
{"op_code":5,"worker_id":"7e247bae-8eab-4766-ae3a-05f3e42b15f8-140287126804288","trial_id":63,"param_name":"nodes","param_value_internal":0,"distribution":"{\"name\": \"CategoricalDistribution\", \"attributes\": {\"choices\": [32, 64, 128]}}"}
{"op_code":5,"worker_id":"7e247bae-8eab-4766-ae3a-05f3e42b15f8-140287126804288","trial_id":63,"param_name":"alpha","param_value_internal":0.05358385049266107,"distribution":"{\"name\": \"FloatDistribution\", \"attributes\": {\"step\": null, \"low\": 0.0, \"high\": 0.5, \"log\": false}}"}
{"op_code":5,"worker_id":"7e247bae-8eab-4766-ae3a-05f3e42b15f8-140287126804288","trial_id":63,"param_name":"sigma","param_value_internal":0.6544655218094397,"distribution":"{\"name\": \"FloatDistribution\", \"attributes\": {\"step\": null, \"low\": 0.01, \"high\": 1.0, \"log\": true}}"}
{"op_code":6,"worker_id":"7e247bae-8eab-4766-ae3a-05f3e42b15f8-140287126804288","trial_id":63,"state":1,"values":[0.6324518519274538],"datetime_complete":"2026-03-31T17:25:37.590568"}
{"op_code":4,"worker_id":"7e247bae-8eab-4766-ae3a-05f3e42b15f8-140287126804288","study_id":0,"datetime_start":"2026-03-31T17:25:37.602531"}
{"op_code":5,"worker_id":"7e247bae-8eab-4766-ae3a-05f3e42b15f8-140287126804288","trial_id":64,"param_name":"lr","param_value_internal":0.020130858000843063,"distribution":"{\"name\": \"FloatDistribution\", \"attributes\": {\"step\": null, \"low\": 0.0001, \"high\": 0.1, \"log\": true}}"}
{"op_code":5,"worker_id":"7e247bae-8eab-4766-ae3a-05f3e42b15f8-140287126804288","trial_id":64,"param_name":"dropout","param_value_internal":0.2335912854764249,"distribution":"{\"name\": \"FloatDistribution\", \"attributes\": {\"step\": null, \"low\": 0.0, \"high\": 0.5, \"log\": false}}"}
{"op_code":5,"worker_id":"7e247bae-8eab-4766-ae3a-05f3e42b15f8-140287126804288","trial_id":64,"param_name":"layers","param_value_internal":2.0,"distribution":"{\"name\": \"IntDistribution\", \"attributes\": {\"log\": false, \"step\": 1, \"low\": 1, \"high\": 3}}"}
{"op_code":5,"worker_id":"7e247bae-8eab-4766-ae3a-05f3e42b15f8-140287126804288","trial_id":64,"param_name":"nodes","param_value_internal":0,"distribution":"{\"name\": \"CategoricalDistribution\", \"attributes\": {\"choices\": [32, 64, 128]}}"}
{"op_code":5,"worker_id":"7e247bae-8eab-4766-ae3a-05f3e42b15f8-140287126804288","trial_id":64,"param_name":"alpha","param_value_internal":0.0033262948519234004,"distribution":"{\"name\": \"FloatDistribution\", \"attributes\": {\"step\": null, \"low\": 0.0, \"high\": 0.5, \"log\": false}}"}
{"op_code":5,"worker_id":"7e247bae-8eab-4766-ae3a-05f3e42b15f8-140287126804288","trial_id":64,"param_name":"sigma","param_value_internal":0.12922392857899584,"distribution":"{\"name\": \"FloatDistribution\", \"attributes\": {\"step\": null, \"low\": 0.01, \"high\": 1.0, \"log\": true}}"}
{"op_code":6,"worker_id":"7e247bae-8eab-4766-ae3a-05f3e42b15f8-140287126804288","trial_id":64,"state":1,"values":[0.6329644334216743],"datetime_complete":"2026-03-31T17:25:40.135868"}
{"op_code":4,"worker_id":"7e247bae-8eab-4766-ae3a-05f3e42b15f8-140287126804288","study_id":0,"datetime_start":"2026-03-31T17:25:40.154840"}
{"op_code":5,"worker_id":"7e247bae-8eab-4766-ae3a-05f3e42b15f8-140287126804288","trial_id":65,"param_name":"lr","param_value_internal":0.0077879614357043376,"distribution":"{\"name\": \"FloatDistribution\", \"attributes\": {\"step\": null, \"low\": 0.0001, \"high\": 0.1, \"log\": true}}"}
{"op_code":5,"worker_id":"7e247bae-8eab-4766-ae3a-05f3e42b15f8-140287126804288","trial_id":65,"param_name":"dropout","param_value_internal":0.2589252706087459,"distribution":"{\"name\": \"FloatDistribution\", \"attributes\": {\"step\": null, \"low\": 0.0, \"high\": 0.5, \"log\": false}}"}
{"op_code":5,"worker_id":"7e247bae-8eab-4766-ae3a-05f3e42b15f8-140287126804288","trial_id":65,"param_name":"layers","param_value_internal":2.0,"distribution":"{\"name\": \"IntDistribution\", \"attributes\": {\"log\": false, \"step\": 1, \"low\": 1, \"high\": 3}}"}
{"op_code":5,"worker_id":"7e247bae-8eab-4766-ae3a-05f3e42b15f8-140287126804288","trial_id":65,"param_name":"nodes","param_value_internal":1,"distribution":"{\"name\": \"CategoricalDistribution\", \"attributes\": {\"choices\": [32, 64, 128]}}"}
{"op_code":5,"worker_id":"7e247bae-8eab-4766-ae3a-05f3e42b15f8-140287126804288","trial_id":65,"param_name":"alpha","param_value_internal":0.27146662491528106,"distribution":"{\"name\": \"FloatDistribution\", \"attributes\": {\"step\": null, \"low\": 0.0, \"high\": 0.5, \"log\": false}}"}
{"op_code":5,"worker_id":"7e247bae-8eab-4766-ae3a-05f3e42b15f8-140287126804288","trial_id":65,"param_name":"sigma","param_value_internal":0.2230855550633786,"distribution":"{\"name\": \"FloatDistribution\", \"attributes\": {\"step\": null, \"low\": 0.01, \"high\": 1.0, \"log\": true}}"}
{"op_code":6,"worker_id":"7e247bae-8eab-4766-ae3a-05f3e42b15f8-140287126804288","trial_id":65,"state":1,"values":[0.6331560844670797],"datetime_complete":"2026-03-31T17:25:42.593849"}
{"op_code":4,"worker_id":"7e247bae-8eab-4766-ae3a-05f3e42b15f8-140287126804288","study_id":0,"datetime_start":"2026-03-31T17:25:42.613591"}
{"op_code":5,"worker_id":"7e247bae-8eab-4766-ae3a-05f3e42b15f8-140287126804288","trial_id":66,"param_name":"lr","param_value_internal":0.0008241723741575587,"distribution":"{\"name\": \"FloatDistribution\", \"attributes\": {\"step\": null, \"low\": 0.0001, \"high\": 0.1, \"log\": true}}"}
{"op_code":5,"worker_id":"7e247bae-8eab-4766-ae3a-05f3e42b15f8-140287126804288","trial_id":66,"param_name":"dropout","param_value_internal":0.1608439150054934,"distribution":"{\"name\": \"FloatDistribution\", \"attributes\": {\"step\": null, \"low\": 0.0, \"high\": 0.5, \"log\": false}}"}
{"op_code":5,"worker_id":"7e247bae-8eab-4766-ae3a-05f3e42b15f8-140287126804288","trial_id":66,"param_name":"layers","param_value_internal":2.0,"distribution":"{\"name\": \"IntDistribution\", \"attributes\": {\"log\": false, \"step\": 1, \"low\": 1, \"high\": 3}}"}
{"op_code":5,"worker_id":"7e247bae-8eab-4766-ae3a-05f3e42b15f8-140287126804288","trial_id":66,"param_name":"nodes","param_value_internal":2,"distribution":"{\"name\": \"CategoricalDistribution\", \"attributes\": {\"choices\": [32, 64, 128]}}"}
{"op_code":5,"worker_id":"7e247bae-8eab-4766-ae3a-05f3e42b15f8-140287126804288","trial_id":66,"param_name":"alpha","param_value_internal":0.09098696822595229,"distribution":"{\"name\": \"FloatDistribution\", \"attributes\": {\"step\": null, \"low\": 0.0, \"high\": 0.5, \"log\": false}}"}
{"op_code":5,"worker_id":"7e247bae-8eab-4766-ae3a-05f3e42b15f8-140287126804288","trial_id":66,"param_name":"sigma","param_value_internal":0.46655246272332385,"distribution":"{\"name\": \"FloatDistribution\", \"attributes\": {\"step\": null, \"low\": 0.01, \"high\": 1.0, \"log\": true}}"}
{"op_code":6,"worker_id":"7e247bae-8eab-4766-ae3a-05f3e42b15f8-140287126804288","trial_id":66,"state":1,"values":[0.6324427796886181],"datetime_complete":"2026-03-31T17:25:45.046082"}
{"op_code":4,"worker_id":"7e247bae-8eab-4766-ae3a-05f3e42b15f8-140287126804288","study_id":0,"datetime_start":"2026-03-31T17:25:45.064964"}
{"op_code":5,"worker_id":"7e247bae-8eab-4766-ae3a-05f3e42b15f8-140287126804288","trial_id":67,"param_name":"lr","param_value_internal":0.004548977184011949,"distribution":"{\"name\": \"FloatDistribution\", \"attributes\": {\"step\": null, \"low\": 0.0001, \"high\": 0.1, \"log\": true}}"}
{"op_code":5,"worker_id":"7e247bae-8eab-4766-ae3a-05f3e42b15f8-140287126804288","trial_id":67,"param_name":"dropout","param_value_internal":0.2135473647560067,"distribution":"{\"name\": \"FloatDistribution\", \"attributes\": {\"step\": null, \"low\": 0.0, \"high\": 0.5, \"log\": false}}"}
{"op_code":5,"worker_id":"7e247bae-8eab-4766-ae3a-05f3e42b15f8-140287126804288","trial_id":67,"param_name":"layers","param_value_internal":2.0,"distribution":"{\"name\": \"IntDistribution\", \"attributes\": {\"log\": false, \"step\": 1, \"low\": 1, \"high\": 3}}"}
{"op_code":5,"worker_id":"7e247bae-8eab-4766-ae3a-05f3e42b15f8-140287126804288","trial_id":67,"param_name":"nodes","param_value_internal":0,"distribution":"{\"name\": \"CategoricalDistribution\", \"attributes\": {\"choices\": [32, 64, 128]}}"}
{"op_code":5,"worker_id":"7e247bae-8eab-4766-ae3a-05f3e42b15f8-140287126804288","trial_id":67,"param_name":"alpha","param_value_internal":0.032953996086580235,"distribution":"{\"name\": \"FloatDistribution\", \"attributes\": {\"step\": null, \"low\": 0.0, \"high\": 0.5, \"log\": false}}"}
{"op_code":5,"worker_id":"7e247bae-8eab-4766-ae3a-05f3e42b15f8-140287126804288","trial_id":67,"param_name":"sigma","param_value_internal":0.3094862990829132,"distribution":"{\"name\": \"FloatDistribution\", \"attributes\": {\"step\": null, \"low\": 0.01, \"high\": 1.0, \"log\": true}}"}
{"op_code":6,"worker_id":"7e247bae-8eab-4766-ae3a-05f3e42b15f8-140287126804288","trial_id":67,"state":1,"values":[0.6345214564118615],"datetime_complete":"2026-03-31T17:25:47.487502"}
{"op_code":4,"worker_id":"7e247bae-8eab-4766-ae3a-05f3e42b15f8-140287126804288","study_id":0,"datetime_start":"2026-03-31T17:25:47.498077"}
{"op_code":5,"worker_id":"7e247bae-8eab-4766-ae3a-05f3e42b15f8-140287126804288","trial_id":68,"param_name":"lr","param_value_internal":0.004526225804856394,"distribution":"{\"name\": \"FloatDistribution\", \"attributes\": {\"step\": null, \"low\": 0.0001, \"high\": 0.1, \"log\": true}}"}
{"op_code":5,"worker_id":"7e247bae-8eab-4766-ae3a-05f3e42b15f8-140287126804288","trial_id":68,"param_name":"dropout","param_value_internal":0.37513789115841023,"distribution":"{\"name\": \"FloatDistribution\", \"attributes\": {\"step\": null, \"low\": 0.0, \"high\": 0.5, \"log\": false}}"}
{"op_code":5,"worker_id":"7e247bae-8eab-4766-ae3a-05f3e42b15f8-140287126804288","trial_id":68,"param_name":"layers","param_value_internal":2.0,"distribution":"{\"name\": \"IntDistribution\", \"attributes\": {\"log\": false, \"step\": 1, \"low\": 1, \"high\": 3}}"}
{"op_code":5,"worker_id":"7e247bae-8eab-4766-ae3a-05f3e42b15f8-140287126804288","trial_id":68,"param_name":"nodes","param_value_internal":1,"distribution":"{\"name\": \"CategoricalDistribution\", \"attributes\": {\"choices\": [32, 64, 128]}}"}
{"op_code":5,"worker_id":"7e247bae-8eab-4766-ae3a-05f3e42b15f8-140287126804288","trial_id":68,"param_name":"alpha","param_value_internal":0.025535450634705803,"distribution":"{\"name\": \"FloatDistribution\", \"attributes\": {\"step\": null, \"low\": 0.0, \"high\": 0.5, \"log\": false}}"}
{"op_code":5,"worker_id":"7e247bae-8eab-4766-ae3a-05f3e42b15f8-140287126804288","trial_id":68,"param_name":"sigma","param_value_internal":0.16143446956769233,"distribution":"{\"name\": \"FloatDistribution\", \"attributes\": {\"step\": null, \"low\": 0.01, \"high\": 1.0, \"log\": true}}"}
{"op_code":6,"worker_id":"7e247bae-8eab-4766-ae3a-05f3e42b15f8-140287126804288","trial_id":68,"state":1,"values":[0.6372006019430467],"datetime_complete":"2026-03-31T17:25:49.900900"}
{"op_code":4,"worker_id":"7e247bae-8eab-4766-ae3a-05f3e42b15f8-140287126804288","study_id":0,"datetime_start":"2026-03-31T17:25:49.920522"}
{"op_code":5,"worker_id":"7e247bae-8eab-4766-ae3a-05f3e42b15f8-140287126804288","trial_id":69,"param_name":"lr","param_value_internal":0.004330120263056453,"distribution":"{\"name\": \"FloatDistribution\", \"attributes\": {\"step\": null, \"low\": 0.0001, \"high\": 0.1, \"log\": true}}"}
{"op_code":5,"worker_id":"7e247bae-8eab-4766-ae3a-05f3e42b15f8-140287126804288","trial_id":69,"param_name":"dropout","param_value_internal":0.4264251437152581,"distribution":"{\"name\": \"FloatDistribution\", \"attributes\": {\"step\": null, \"low\": 0.0, \"high\": 0.5, \"log\": false}}"}
{"op_code":5,"worker_id":"7e247bae-8eab-4766-ae3a-05f3e42b15f8-140287126804288","trial_id":69,"param_name":"layers","param_value_internal":2.0,"distribution":"{\"name\": \"IntDistribution\", \"attributes\": {\"log\": false, \"step\": 1, \"low\": 1, \"high\": 3}}"}
{"op_code":5,"worker_id":"7e247bae-8eab-4766-ae3a-05f3e42b15f8-140287126804288","trial_id":69,"param_name":"nodes","param_value_internal":1,"distribution":"{\"name\": \"CategoricalDistribution\", \"attributes\": {\"choices\": [32, 64, 128]}}"}
{"op_code":5,"worker_id":"7e247bae-8eab-4766-ae3a-05f3e42b15f8-140287126804288","trial_id":69,"param_name":"alpha","param_value_internal":0.06376217262250412,"distribution":"{\"name\": \"FloatDistribution\", \"attributes\": {\"step\": null, \"low\": 0.0, \"high\": 0.5, \"log\": false}}"}
{"op_code":5,"worker_id":"7e247bae-8eab-4766-ae3a-05f3e42b15f8-140287126804288","trial_id":69,"param_name":"sigma","param_value_internal":0.1613704605535475,"distribution":"{\"name\": \"FloatDistribution\", \"attributes\": {\"step\": null, \"low\": 0.01, \"high\": 1.0, \"log\": true}}"}
{"op_code":6,"worker_id":"7e247bae-8eab-4766-ae3a-05f3e42b15f8-140287126804288","trial_id":69,"state":1,"values":[0.6386447889627143],"datetime_complete":"2026-03-31T17:25:52.346200"}
{"op_code":4,"worker_id":"7e247bae-8eab-4766-ae3a-05f3e42b15f8-140287126804288","study_id":0,"datetime_start":"2026-03-31T17:25:52.358686"}
{"op_code":5,"worker_id":"7e247bae-8eab-4766-ae3a-05f3e42b15f8-140287126804288","trial_id":70,"param_name":"lr","param_value_internal":0.004298354495607158,"distribution":"{\"name\": \"FloatDistribution\", \"attributes\": {\"step\": null, \"low\": 0.0001, \"high\": 0.1, \"log\": true}}"}
{"op_code":5,"worker_id":"7e247bae-8eab-4766-ae3a-05f3e42b15f8-140287126804288","trial_id":70,"param_name":"dropout","param_value_internal":0.4768657528723316,"distribution":"{\"name\": \"FloatDistribution\", \"attributes\": {\"step\": null, \"low\": 0.0, \"high\": 0.5, \"log\": false}}"}
{"op_code":5,"worker_id":"7e247bae-8eab-4766-ae3a-05f3e42b15f8-140287126804288","trial_id":70,"param_name":"layers","param_value_internal":2.0,"distribution":"{\"name\": \"IntDistribution\", \"attributes\": {\"log\": false, \"step\": 1, \"low\": 1, \"high\": 3}}"}
{"op_code":5,"worker_id":"7e247bae-8eab-4766-ae3a-05f3e42b15f8-140287126804288","trial_id":70,"param_name":"nodes","param_value_internal":1,"distribution":"{\"name\": \"CategoricalDistribution\", \"attributes\": {\"choices\": [32, 64, 128]}}"}
{"op_code":5,"worker_id":"7e247bae-8eab-4766-ae3a-05f3e42b15f8-140287126804288","trial_id":70,"param_name":"alpha","param_value_internal":0.03512757289208803,"distribution":"{\"name\": \"FloatDistribution\", \"attributes\": {\"step\": null, \"low\": 0.0, \"high\": 0.5, \"log\": false}}"}
{"op_code":5,"worker_id":"7e247bae-8eab-4766-ae3a-05f3e42b15f8-140287126804288","trial_id":70,"param_name":"sigma","param_value_internal":0.1656070747746048,"distribution":"{\"name\": \"FloatDistribution\", \"attributes\": {\"step\": null, \"low\": 0.01, \"high\": 1.0, \"log\": true}}"}
{"op_code":6,"worker_id":"7e247bae-8eab-4766-ae3a-05f3e42b15f8-140287126804288","trial_id":70,"state":1,"values":[0.637087765972527],"datetime_complete":"2026-03-31T17:25:54.777908"}
{"op_code":4,"worker_id":"7e247bae-8eab-4766-ae3a-05f3e42b15f8-140287126804288","study_id":0,"datetime_start":"2026-03-31T17:25:54.797069"}
{"op_code":5,"worker_id":"7e247bae-8eab-4766-ae3a-05f3e42b15f8-140287126804288","trial_id":71,"param_name":"lr","param_value_internal":0.0043557656756522825,"distribution":"{\"name\": \"FloatDistribution\", \"attributes\": {\"step\": null, \"low\": 0.0001, \"high\": 0.1, \"log\": true}}"}
{"op_code":5,"worker_id":"7e247bae-8eab-4766-ae3a-05f3e42b15f8-140287126804288","trial_id":71,"param_name":"dropout","param_value_internal":0.4746097812753687,"distribution":"{\"name\": \"FloatDistribution\", \"attributes\": {\"step\": null, \"low\": 0.0, \"high\": 0.5, \"log\": false}}"}
{"op_code":5,"worker_id":"7e247bae-8eab-4766-ae3a-05f3e42b15f8-140287126804288","trial_id":71,"param_name":"layers","param_value_internal":2.0,"distribution":"{\"name\": \"IntDistribution\", \"attributes\": {\"log\": false, \"step\": 1, \"low\": 1, \"high\": 3}}"}
{"op_code":5,"worker_id":"7e247bae-8eab-4766-ae3a-05f3e42b15f8-140287126804288","trial_id":71,"param_name":"nodes","param_value_internal":1,"distribution":"{\"name\": \"CategoricalDistribution\", \"attributes\": {\"choices\": [32, 64, 128]}}"}
{"op_code":5,"worker_id":"7e247bae-8eab-4766-ae3a-05f3e42b15f8-140287126804288","trial_id":71,"param_name":"alpha","param_value_internal":0.03432643063846928,"distribution":"{\"name\": \"FloatDistribution\", \"attributes\": {\"step\": null, \"low\": 0.0, \"high\": 0.5, \"log\": false}}"}
{"op_code":5,"worker_id":"7e247bae-8eab-4766-ae3a-05f3e42b15f8-140287126804288","trial_id":71,"param_name":"sigma","param_value_internal":0.16177763738050044,"distribution":"{\"name\": \"FloatDistribution\", \"attributes\": {\"step\": null, \"low\": 0.01, \"high\": 1.0, \"log\": true}}"}
{"op_code":6,"worker_id":"7e247bae-8eab-4766-ae3a-05f3e42b15f8-140287126804288","trial_id":71,"state":1,"values":[0.6351950701454167],"datetime_complete":"2026-03-31T17:25:57.213104"}
{"op_code":4,"worker_id":"7e247bae-8eab-4766-ae3a-05f3e42b15f8-140287126804288","study_id":0,"datetime_start":"2026-03-31T17:25:57.227164"}
{"op_code":5,"worker_id":"7e247bae-8eab-4766-ae3a-05f3e42b15f8-140287126804288","trial_id":72,"param_name":"lr","param_value_internal":0.003611315948857123,"distribution":"{\"name\": \"FloatDistribution\", \"attributes\": {\"step\": null, \"low\": 0.0001, \"high\": 0.1, \"log\": true}}"}
{"op_code":5,"worker_id":"7e247bae-8eab-4766-ae3a-05f3e42b15f8-140287126804288","trial_id":72,"param_name":"dropout","param_value_internal":0.4707978765812676,"distribution":"{\"name\": \"FloatDistribution\", \"attributes\": {\"step\": null, \"low\": 0.0, \"high\": 0.5, \"log\": false}}"}
{"op_code":5,"worker_id":"7e247bae-8eab-4766-ae3a-05f3e42b15f8-140287126804288","trial_id":72,"param_name":"layers","param_value_internal":2.0,"distribution":"{\"name\": \"IntDistribution\", \"attributes\": {\"log\": false, \"step\": 1, \"low\": 1, \"high\": 3}}"}
{"op_code":5,"worker_id":"7e247bae-8eab-4766-ae3a-05f3e42b15f8-140287126804288","trial_id":72,"param_name":"nodes","param_value_internal":1,"distribution":"{\"name\": \"CategoricalDistribution\", \"attributes\": {\"choices\": [32, 64, 128]}}"}
{"op_code":5,"worker_id":"7e247bae-8eab-4766-ae3a-05f3e42b15f8-140287126804288","trial_id":72,"param_name":"alpha","param_value_internal":0.03799646472578116,"distribution":"{\"name\": \"FloatDistribution\", \"attributes\": {\"step\": null, \"low\": 0.0, \"high\": 0.5, \"log\": false}}"}
{"op_code":5,"worker_id":"7e247bae-8eab-4766-ae3a-05f3e42b15f8-140287126804288","trial_id":72,"param_name":"sigma","param_value_internal":0.07786252861057341,"distribution":"{\"name\": \"FloatDistribution\", \"attributes\": {\"step\": null, \"low\": 0.01, \"high\": 1.0, \"log\": true}}"}
{"op_code":6,"worker_id":"7e247bae-8eab-4766-ae3a-05f3e42b15f8-140287126804288","trial_id":72,"state":1,"values":[0.6328362880481192],"datetime_complete":"2026-03-31T17:25:59.633568"}
{"op_code":4,"worker_id":"7e247bae-8eab-4766-ae3a-05f3e42b15f8-140287126804288","study_id":0,"datetime_start":"2026-03-31T17:25:59.654192"}
{"op_code":5,"worker_id":"7e247bae-8eab-4766-ae3a-05f3e42b15f8-140287126804288","trial_id":73,"param_name":"lr","param_value_internal":0.005504639592465741,"distribution":"{\"name\": \"FloatDistribution\", \"attributes\": {\"step\": null, \"low\": 0.0001, \"high\": 0.1, \"log\": true}}"}
{"op_code":5,"worker_id":"7e247bae-8eab-4766-ae3a-05f3e42b15f8-140287126804288","trial_id":73,"param_name":"dropout","param_value_internal":0.44084523403788034,"distribution":"{\"name\": \"FloatDistribution\", \"attributes\": {\"step\": null, \"low\": 0.0, \"high\": 0.5, \"log\": false}}"}
{"op_code":5,"worker_id":"7e247bae-8eab-4766-ae3a-05f3e42b15f8-140287126804288","trial_id":73,"param_name":"layers","param_value_internal":2.0,"distribution":"{\"name\": \"IntDistribution\", \"attributes\": {\"log\": false, \"step\": 1, \"low\": 1, \"high\": 3}}"}
{"op_code":5,"worker_id":"7e247bae-8eab-4766-ae3a-05f3e42b15f8-140287126804288","trial_id":73,"param_name":"nodes","param_value_internal":1,"distribution":"{\"name\": \"CategoricalDistribution\", \"attributes\": {\"choices\": [32, 64, 128]}}"}
{"op_code":5,"worker_id":"7e247bae-8eab-4766-ae3a-05f3e42b15f8-140287126804288","trial_id":73,"param_name":"alpha","param_value_internal":0.07352004673680054,"distribution":"{\"name\": \"FloatDistribution\", \"attributes\": {\"step\": null, \"low\": 0.0, \"high\": 0.5, \"log\": false}}"}
{"op_code":5,"worker_id":"7e247bae-8eab-4766-ae3a-05f3e42b15f8-140287126804288","trial_id":73,"param_name":"sigma","param_value_internal":0.16366575671878658,"distribution":"{\"name\": \"FloatDistribution\", \"attributes\": {\"step\": null, \"low\": 0.01, \"high\": 1.0, \"log\": true}}"}
{"op_code":6,"worker_id":"7e247bae-8eab-4766-ae3a-05f3e42b15f8-140287126804288","trial_id":73,"state":1,"values":[0.6408096519548974],"datetime_complete":"2026-03-31T17:26:02.057841"}
{"op_code":4,"worker_id":"7e247bae-8eab-4766-ae3a-05f3e42b15f8-140287126804288","study_id":0,"datetime_start":"2026-03-31T17:26:02.076263"}
{"op_code":5,"worker_id":"7e247bae-8eab-4766-ae3a-05f3e42b15f8-140287126804288","trial_id":74,"param_name":"lr","param_value_internal":0.00569955377755984,"distribution":"{\"name\": \"FloatDistribution\", \"attributes\": {\"step\": null, \"low\": 0.0001, \"high\": 0.1, \"log\": true}}"}
{"op_code":5,"worker_id":"7e247bae-8eab-4766-ae3a-05f3e42b15f8-140287126804288","trial_id":74,"param_name":"dropout","param_value_internal":0.4353733445092969,"distribution":"{\"name\": \"FloatDistribution\", \"attributes\": {\"step\": null, \"low\": 0.0, \"high\": 0.5, \"log\": false}}"}
{"op_code":5,"worker_id":"7e247bae-8eab-4766-ae3a-05f3e42b15f8-140287126804288","trial_id":74,"param_name":"layers","param_value_internal":2.0,"distribution":"{\"name\": \"IntDistribution\", \"attributes\": {\"log\": false, \"step\": 1, \"low\": 1, \"high\": 3}}"}
{"op_code":5,"worker_id":"7e247bae-8eab-4766-ae3a-05f3e42b15f8-140287126804288","trial_id":74,"param_name":"nodes","param_value_internal":1,"distribution":"{\"name\": \"CategoricalDistribution\", \"attributes\": {\"choices\": [32, 64, 128]}}"}
{"op_code":5,"worker_id":"7e247bae-8eab-4766-ae3a-05f3e42b15f8-140287126804288","trial_id":74,"param_name":"alpha","param_value_internal":0.06667447887179259,"distribution":"{\"name\": \"FloatDistribution\", \"attributes\": {\"step\": null, \"low\": 0.0, \"high\": 0.5, \"log\": false}}"}
{"op_code":5,"worker_id":"7e247bae-8eab-4766-ae3a-05f3e42b15f8-140287126804288","trial_id":74,"param_name":"sigma","param_value_internal":0.16342970215855773,"distribution":"{\"name\": \"FloatDistribution\", \"attributes\": {\"step\": null, \"low\": 0.01, \"high\": 1.0, \"log\": true}}"}
{"op_code":6,"worker_id":"7e247bae-8eab-4766-ae3a-05f3e42b15f8-140287126804288","trial_id":74,"state":1,"values":[0.6342640316348969],"datetime_complete":"2026-03-31T17:26:04.523117"}
{"op_code":4,"worker_id":"7e247bae-8eab-4766-ae3a-05f3e42b15f8-140287126804288","study_id":0,"datetime_start":"2026-03-31T17:26:04.546059"}
{"op_code":5,"worker_id":"7e247bae-8eab-4766-ae3a-05f3e42b15f8-140287126804288","trial_id":75,"param_name":"lr","param_value_internal":0.0018691591742924665,"distribution":"{\"name\": \"FloatDistribution\", \"attributes\": {\"step\": null, \"low\": 0.0001, \"high\": 0.1, \"log\": true}}"}
{"op_code":5,"worker_id":"7e247bae-8eab-4766-ae3a-05f3e42b15f8-140287126804288","trial_id":75,"param_name":"dropout","param_value_internal":0.497698165449747,"distribution":"{\"name\": \"FloatDistribution\", \"attributes\": {\"step\": null, \"low\": 0.0, \"high\": 0.5, \"log\": false}}"}
{"op_code":5,"worker_id":"7e247bae-8eab-4766-ae3a-05f3e42b15f8-140287126804288","trial_id":75,"param_name":"layers","param_value_internal":2.0,"distribution":"{\"name\": \"IntDistribution\", \"attributes\": {\"log\": false, \"step\": 1, \"low\": 1, \"high\": 3}}"}
{"op_code":5,"worker_id":"7e247bae-8eab-4766-ae3a-05f3e42b15f8-140287126804288","trial_id":75,"param_name":"nodes","param_value_internal":1,"distribution":"{\"name\": \"CategoricalDistribution\", \"attributes\": {\"choices\": [32, 64, 128]}}"}
{"op_code":5,"worker_id":"7e247bae-8eab-4766-ae3a-05f3e42b15f8-140287126804288","trial_id":75,"param_name":"alpha","param_value_internal":0.011560643823022049,"distribution":"{\"name\": \"FloatDistribution\", \"attributes\": {\"step\": null, \"low\": 0.0, \"high\": 0.5, \"log\": false}}"}
{"op_code":5,"worker_id":"7e247bae-8eab-4766-ae3a-05f3e42b15f8-140287126804288","trial_id":75,"param_name":"sigma","param_value_internal":0.12175040915228415,"distribution":"{\"name\": \"FloatDistribution\", \"attributes\": {\"step\": null, \"low\": 0.01, \"high\": 1.0, \"log\": true}}"}
{"op_code":6,"worker_id":"7e247bae-8eab-4766-ae3a-05f3e42b15f8-140287126804288","trial_id":75,"state":1,"values":[0.6310036958032957],"datetime_complete":"2026-03-31T17:26:06.980890"}
{"op_code":4,"worker_id":"7e247bae-8eab-4766-ae3a-05f3e42b15f8-140287126804288","study_id":0,"datetime_start":"2026-03-31T17:26:07.000459"}
{"op_code":5,"worker_id":"7e247bae-8eab-4766-ae3a-05f3e42b15f8-140287126804288","trial_id":76,"param_name":"lr","param_value_internal":0.00415362912001859,"distribution":"{\"name\": \"FloatDistribution\", \"attributes\": {\"step\": null, \"low\": 0.0001, \"high\": 0.1, \"log\": true}}"}
{"op_code":5,"worker_id":"7e247bae-8eab-4766-ae3a-05f3e42b15f8-140287126804288","trial_id":76,"param_name":"dropout","param_value_internal":0.43329671718143736,"distribution":"{\"name\": \"FloatDistribution\", \"attributes\": {\"step\": null, \"low\": 0.0, \"high\": 0.5, \"log\": false}}"}
{"op_code":5,"worker_id":"7e247bae-8eab-4766-ae3a-05f3e42b15f8-140287126804288","trial_id":76,"param_name":"layers","param_value_internal":2.0,"distribution":"{\"name\": \"IntDistribution\", \"attributes\": {\"log\": false, \"step\": 1, \"low\": 1, \"high\": 3}}"}
{"op_code":5,"worker_id":"7e247bae-8eab-4766-ae3a-05f3e42b15f8-140287126804288","trial_id":76,"param_name":"nodes","param_value_internal":1,"distribution":"{\"name\": \"CategoricalDistribution\", \"attributes\": {\"choices\": [32, 64, 128]}}"}
{"op_code":5,"worker_id":"7e247bae-8eab-4766-ae3a-05f3e42b15f8-140287126804288","trial_id":76,"param_name":"alpha","param_value_internal":0.06081771887728161,"distribution":"{\"name\": \"FloatDistribution\", \"attributes\": {\"step\": null, \"low\": 0.0, \"high\": 0.5, \"log\": false}}"}
{"op_code":5,"worker_id":"7e247bae-8eab-4766-ae3a-05f3e42b15f8-140287126804288","trial_id":76,"param_name":"sigma","param_value_internal":0.10288265972121222,"distribution":"{\"name\": \"FloatDistribution\", \"attributes\": {\"step\": null, \"low\": 0.01, \"high\": 1.0, \"log\": true}}"}
{"op_code":6,"worker_id":"7e247bae-8eab-4766-ae3a-05f3e42b15f8-140287126804288","trial_id":76,"state":1,"values":[0.6301934314722769],"datetime_complete":"2026-03-31T17:26:09.429124"}
{"op_code":4,"worker_id":"7e247bae-8eab-4766-ae3a-05f3e42b15f8-140287126804288","study_id":0,"datetime_start":"2026-03-31T17:26:09.448436"}
{"op_code":5,"worker_id":"7e247bae-8eab-4766-ae3a-05f3e42b15f8-140287126804288","trial_id":77,"param_name":"lr","param_value_internal":0.005035519165736061,"distribution":"{\"name\": \"FloatDistribution\", \"attributes\": {\"step\": null, \"low\": 0.0001, \"high\": 0.1, \"log\": true}}"}
{"op_code":5,"worker_id":"7e247bae-8eab-4766-ae3a-05f3e42b15f8-140287126804288","trial_id":77,"param_name":"dropout","param_value_internal":0.4732106691487686,"distribution":"{\"name\": \"FloatDistribution\", \"attributes\": {\"step\": null, \"low\": 0.0, \"high\": 0.5, \"log\": false}}"}
{"op_code":5,"worker_id":"7e247bae-8eab-4766-ae3a-05f3e42b15f8-140287126804288","trial_id":77,"param_name":"layers","param_value_internal":2.0,"distribution":"{\"name\": \"IntDistribution\", \"attributes\": {\"log\": false, \"step\": 1, \"low\": 1, \"high\": 3}}"}
{"op_code":5,"worker_id":"7e247bae-8eab-4766-ae3a-05f3e42b15f8-140287126804288","trial_id":77,"param_name":"nodes","param_value_internal":1,"distribution":"{\"name\": \"CategoricalDistribution\", \"attributes\": {\"choices\": [32, 64, 128]}}"}
{"op_code":5,"worker_id":"7e247bae-8eab-4766-ae3a-05f3e42b15f8-140287126804288","trial_id":77,"param_name":"alpha","param_value_internal":0.02965550650068651,"distribution":"{\"name\": \"FloatDistribution\", \"attributes\": {\"step\": null, \"low\": 0.0, \"high\": 0.5, \"log\": false}}"}
{"op_code":5,"worker_id":"7e247bae-8eab-4766-ae3a-05f3e42b15f8-140287126804288","trial_id":77,"param_name":"sigma","param_value_internal":0.15075830234086351,"distribution":"{\"name\": \"FloatDistribution\", \"attributes\": {\"step\": null, \"low\": 0.01, \"high\": 1.0, \"log\": true}}"}
{"op_code":6,"worker_id":"7e247bae-8eab-4766-ae3a-05f3e42b15f8-140287126804288","trial_id":77,"state":1,"values":[0.6346581070093251],"datetime_complete":"2026-03-31T17:26:11.885128"}
{"op_code":4,"worker_id":"7e247bae-8eab-4766-ae3a-05f3e42b15f8-140287126804288","study_id":0,"datetime_start":"2026-03-31T17:26:11.898387"}
{"op_code":5,"worker_id":"7e247bae-8eab-4766-ae3a-05f3e42b15f8-140287126804288","trial_id":78,"param_name":"lr","param_value_internal":0.0032868866563823948,"distribution":"{\"name\": \"FloatDistribution\", \"attributes\": {\"step\": null, \"low\": 0.0001, \"high\": 0.1, \"log\": true}}"}
{"op_code":5,"worker_id":"7e247bae-8eab-4766-ae3a-05f3e42b15f8-140287126804288","trial_id":78,"param_name":"dropout","param_value_internal":0.4534766864950435,"distribution":"{\"name\": \"FloatDistribution\", \"attributes\": {\"step\": null, \"low\": 0.0, \"high\": 0.5, \"log\": false}}"}
{"op_code":5,"worker_id":"7e247bae-8eab-4766-ae3a-05f3e42b15f8-140287126804288","trial_id":78,"param_name":"layers","param_value_internal":2.0,"distribution":"{\"name\": \"IntDistribution\", \"attributes\": {\"log\": false, \"step\": 1, \"low\": 1, \"high\": 3}}"}
{"op_code":5,"worker_id":"7e247bae-8eab-4766-ae3a-05f3e42b15f8-140287126804288","trial_id":78,"param_name":"nodes","param_value_internal":1,"distribution":"{\"name\": \"CategoricalDistribution\", \"attributes\": {\"choices\": [32, 64, 128]}}"}
{"op_code":5,"worker_id":"7e247bae-8eab-4766-ae3a-05f3e42b15f8-140287126804288","trial_id":78,"param_name":"alpha","param_value_internal":0.015377165005421134,"distribution":"{\"name\": \"FloatDistribution\", \"attributes\": {\"step\": null, \"low\": 0.0, \"high\": 0.5, \"log\": false}}"}
{"op_code":5,"worker_id":"7e247bae-8eab-4766-ae3a-05f3e42b15f8-140287126804288","trial_id":78,"param_name":"sigma","param_value_internal":0.1392318440288982,"distribution":"{\"name\": \"FloatDistribution\", \"attributes\": {\"step\": null, \"low\": 0.01, \"high\": 1.0, \"log\": true}}"}
{"op_code":6,"worker_id":"7e247bae-8eab-4766-ae3a-05f3e42b15f8-140287126804288","trial_id":78,"state":1,"values":[0.6325839664054996],"datetime_complete":"2026-03-31T17:26:14.336749"}
{"op_code":4,"worker_id":"7e247bae-8eab-4766-ae3a-05f3e42b15f8-140287126804288","study_id":0,"datetime_start":"2026-03-31T17:26:14.349201"}
{"op_code":5,"worker_id":"7e247bae-8eab-4766-ae3a-05f3e42b15f8-140287126804288","trial_id":79,"param_name":"lr","param_value_internal":0.0028659906132013214,"distribution":"{\"name\": \"FloatDistribution\", \"attributes\": {\"step\": null, \"low\": 0.0001, \"high\": 0.1, \"log\": true}}"}
{"op_code":5,"worker_id":"7e247bae-8eab-4766-ae3a-05f3e42b15f8-140287126804288","trial_id":79,"param_name":"dropout","param_value_internal":0.41330605783075247,"distribution":"{\"name\": \"FloatDistribution\", \"attributes\": {\"step\": null, \"low\": 0.0, \"high\": 0.5, \"log\": false}}"}
{"op_code":5,"worker_id":"7e247bae-8eab-4766-ae3a-05f3e42b15f8-140287126804288","trial_id":79,"param_name":"layers","param_value_internal":2.0,"distribution":"{\"name\": \"IntDistribution\", \"attributes\": {\"log\": false, \"step\": 1, \"low\": 1, \"high\": 3}}"}
{"op_code":5,"worker_id":"7e247bae-8eab-4766-ae3a-05f3e42b15f8-140287126804288","trial_id":79,"param_name":"nodes","param_value_internal":1,"distribution":"{\"name\": \"CategoricalDistribution\", \"attributes\": {\"choices\": [32, 64, 128]}}"}
{"op_code":5,"worker_id":"7e247bae-8eab-4766-ae3a-05f3e42b15f8-140287126804288","trial_id":79,"param_name":"alpha","param_value_internal":0.0742344295941754,"distribution":"{\"name\": \"FloatDistribution\", \"attributes\": {\"step\": null, \"low\": 0.0, \"high\": 0.5, \"log\": false}}"}
{"op_code":5,"worker_id":"7e247bae-8eab-4766-ae3a-05f3e42b15f8-140287126804288","trial_id":79,"param_name":"sigma","param_value_internal":0.05700086515897251,"distribution":"{\"name\": \"FloatDistribution\", \"attributes\": {\"step\": null, \"low\": 0.01, \"high\": 1.0, \"log\": true}}"}
{"op_code":6,"worker_id":"7e247bae-8eab-4766-ae3a-05f3e42b15f8-140287126804288","trial_id":79,"state":1,"values":[0.6241802381689501],"datetime_complete":"2026-03-31T17:26:16.751837"}
{"op_code":0,"worker_id":"0ec2aa8e-ed04-4d2e-b3d6-4dae744abd5b-140544486217536","study_name":"deephit_single_tuning","directions":[2]}
{"op_code":4,"worker_id":"0ec2aa8e-ed04-4d2e-b3d6-4dae744abd5b-140544486217536","study_id":0,"datetime_start":"2026-03-31T18:21:04.954396"}
{"op_code":5,"worker_id":"0ec2aa8e-ed04-4d2e-b3d6-4dae744abd5b-140544486217536","trial_id":80,"param_name":"lr","param_value_internal":0.006599623035572177,"distribution":"{\"name\": \"FloatDistribution\", \"attributes\": {\"step\": null, \"low\": 0.0001, \"high\": 0.1, \"log\": true}}"}
{"op_code":5,"worker_id":"0ec2aa8e-ed04-4d2e-b3d6-4dae744abd5b-140544486217536","trial_id":80,"param_name":"dropout","param_value_internal":0.4580846987046123,"distribution":"{\"name\": \"FloatDistribution\", \"attributes\": {\"step\": null, \"low\": 0.0, \"high\": 0.5, \"log\": false}}"}
{"op_code":5,"worker_id":"0ec2aa8e-ed04-4d2e-b3d6-4dae744abd5b-140544486217536","trial_id":80,"param_name":"layers","param_value_internal":1.0,"distribution":"{\"name\": \"IntDistribution\", \"attributes\": {\"log\": false, \"step\": 1, \"low\": 1, \"high\": 3}}"}
{"op_code":5,"worker_id":"0ec2aa8e-ed04-4d2e-b3d6-4dae744abd5b-140544486217536","trial_id":80,"param_name":"nodes","param_value_internal":1,"distribution":"{\"name\": \"CategoricalDistribution\", \"attributes\": {\"choices\": [32, 64, 128]}}"}
{"op_code":5,"worker_id":"0ec2aa8e-ed04-4d2e-b3d6-4dae744abd5b-140544486217536","trial_id":80,"param_name":"alpha","param_value_internal":0.03845643227431463,"distribution":"{\"name\": \"FloatDistribution\", \"attributes\": {\"step\": null, \"low\": 0.0, \"high\": 0.5, \"log\": false}}"}
{"op_code":5,"worker_id":"0ec2aa8e-ed04-4d2e-b3d6-4dae744abd5b-140544486217536","trial_id":80,"param_name":"sigma","param_value_internal":0.20255931229376126,"distribution":"{\"name\": \"FloatDistribution\", \"attributes\": {\"step\": null, \"low\": 0.01, \"high\": 1.0, \"log\": true}}"}
{"op_code":6,"worker_id":"0ec2aa8e-ed04-4d2e-b3d6-4dae744abd5b-140544486217536","trial_id":80,"state":1,"values":[0.6325176256590131],"datetime_complete":"2026-03-31T18:21:07.291907"}
{"op_code":4,"worker_id":"0ec2aa8e-ed04-4d2e-b3d6-4dae744abd5b-140544486217536","study_id":0,"datetime_start":"2026-03-31T18:21:07.316662"}
{"op_code":5,"worker_id":"0ec2aa8e-ed04-4d2e-b3d6-4dae744abd5b-140544486217536","trial_id":81,"param_name":"lr","param_value_internal":0.005124670451443901,"distribution":"{\"name\": \"FloatDistribution\", \"attributes\": {\"step\": null, \"low\": 0.0001, \"high\": 0.1, \"log\": true}}"}
{"op_code":5,"worker_id":"0ec2aa8e-ed04-4d2e-b3d6-4dae744abd5b-140544486217536","trial_id":81,"param_name":"dropout","param_value_internal":0.3815211949869548,"distribution":"{\"name\": \"FloatDistribution\", \"attributes\": {\"step\": null, \"low\": 0.0, \"high\": 0.5, \"log\": false}}"}
{"op_code":5,"worker_id":"0ec2aa8e-ed04-4d2e-b3d6-4dae744abd5b-140544486217536","trial_id":81,"param_name":"layers","param_value_internal":2.0,"distribution":"{\"name\": \"IntDistribution\", \"attributes\": {\"log\": false, \"step\": 1, \"low\": 1, \"high\": 3}}"}
{"op_code":5,"worker_id":"0ec2aa8e-ed04-4d2e-b3d6-4dae744abd5b-140544486217536","trial_id":81,"param_name":"nodes","param_value_internal":1,"distribution":"{\"name\": \"CategoricalDistribution\", \"attributes\": {\"choices\": [32, 64, 128]}}"}
{"op_code":5,"worker_id":"0ec2aa8e-ed04-4d2e-b3d6-4dae744abd5b-140544486217536","trial_id":81,"param_name":"alpha","param_value_internal":0.11812379957190638,"distribution":"{\"name\": \"FloatDistribution\", \"attributes\": {\"step\": null, \"low\": 0.0, \"high\": 0.5, \"log\": false}}"}
{"op_code":5,"worker_id":"0ec2aa8e-ed04-4d2e-b3d6-4dae744abd5b-140544486217536","trial_id":81,"param_name":"sigma","param_value_internal":0.1646960854632783,"distribution":"{\"name\": \"FloatDistribution\", \"attributes\": {\"step\": null, \"low\": 0.01, \"high\": 1.0, \"log\": true}}"}
{"op_code":6,"worker_id":"0ec2aa8e-ed04-4d2e-b3d6-4dae744abd5b-140544486217536","trial_id":81,"state":1,"values":[0.6291529590808007],"datetime_complete":"2026-03-31T18:21:09.810017"}
{"op_code":4,"worker_id":"0ec2aa8e-ed04-4d2e-b3d6-4dae744abd5b-140544486217536","study_id":0,"datetime_start":"2026-03-31T18:21:09.834355"}
{"op_code":5,"worker_id":"0ec2aa8e-ed04-4d2e-b3d6-4dae744abd5b-140544486217536","trial_id":82,"param_name":"lr","param_value_internal":0.00017299971933710105,"distribution":"{\"name\": \"FloatDistribution\", \"attributes\": {\"step\": null, \"low\": 0.0001, \"high\": 0.1, \"log\": true}}"}
{"op_code":5,"worker_id":"0ec2aa8e-ed04-4d2e-b3d6-4dae744abd5b-140544486217536","trial_id":82,"param_name":"dropout","param_value_internal":0.4879431240479419,"distribution":"{\"name\": \"FloatDistribution\", \"attributes\": {\"step\": null, \"low\": 0.0, \"high\": 0.5, \"log\": false}}"}
{"op_code":5,"worker_id":"0ec2aa8e-ed04-4d2e-b3d6-4dae744abd5b-140544486217536","trial_id":82,"param_name":"layers","param_value_internal":2.0,"distribution":"{\"name\": \"IntDistribution\", \"attributes\": {\"log\": false, \"step\": 1, \"low\": 1, \"high\": 3}}"}
{"op_code":5,"worker_id":"0ec2aa8e-ed04-4d2e-b3d6-4dae744abd5b-140544486217536","trial_id":82,"param_name":"nodes","param_value_internal":1,"distribution":"{\"name\": \"CategoricalDistribution\", \"attributes\": {\"choices\": [32, 64, 128]}}"}
{"op_code":5,"worker_id":"0ec2aa8e-ed04-4d2e-b3d6-4dae744abd5b-140544486217536","trial_id":82,"param_name":"alpha","param_value_internal":0.0756501151514109,"distribution":"{\"name\": \"FloatDistribution\", \"attributes\": {\"step\": null, \"low\": 0.0, \"high\": 0.5, \"log\": false}}"}
{"op_code":5,"worker_id":"0ec2aa8e-ed04-4d2e-b3d6-4dae744abd5b-140544486217536","trial_id":82,"param_name":"sigma","param_value_internal":0.13017579460190196,"distribution":"{\"name\": \"FloatDistribution\", \"attributes\": {\"step\": null, \"low\": 0.01, \"high\": 1.0, \"log\": true}}"}
{"op_code":6,"worker_id":"0ec2aa8e-ed04-4d2e-b3d6-4dae744abd5b-140544486217536","trial_id":82,"state":1,"values":[0.5877722096911924],"datetime_complete":"2026-03-31T18:21:12.247466"}
{"op_code":4,"worker_id":"0ec2aa8e-ed04-4d2e-b3d6-4dae744abd5b-140544486217536","study_id":0,"datetime_start":"2026-03-31T18:21:12.271253"}
{"op_code":5,"worker_id":"0ec2aa8e-ed04-4d2e-b3d6-4dae744abd5b-140544486217536","trial_id":83,"param_name":"lr","param_value_internal":0.004040348280884949,"distribution":"{\"name\": \"FloatDistribution\", \"attributes\": {\"step\": null, \"low\": 0.0001, \"high\": 0.1, \"log\": true}}"}
{"op_code":5,"worker_id":"0ec2aa8e-ed04-4d2e-b3d6-4dae744abd5b-140544486217536","trial_id":83,"param_name":"dropout","param_value_internal":0.4444311863897331,"distribution":"{\"name\": \"FloatDistribution\", \"attributes\": {\"step\": null, \"low\": 0.0, \"high\": 0.5, \"log\": false}}"}
{"op_code":5,"worker_id":"0ec2aa8e-ed04-4d2e-b3d6-4dae744abd5b-140544486217536","trial_id":83,"param_name":"layers","param_value_internal":2.0,"distribution":"{\"name\": \"IntDistribution\", \"attributes\": {\"log\": false, \"step\": 1, \"low\": 1, \"high\": 3}}"}
{"op_code":5,"worker_id":"0ec2aa8e-ed04-4d2e-b3d6-4dae744abd5b-140544486217536","trial_id":83,"param_name":"nodes","param_value_internal":1,"distribution":"{\"name\": \"CategoricalDistribution\", \"attributes\": {\"choices\": [32, 64, 128]}}"}
{"op_code":5,"worker_id":"0ec2aa8e-ed04-4d2e-b3d6-4dae744abd5b-140544486217536","trial_id":83,"param_name":"alpha","param_value_internal":0.04628180346544783,"distribution":"{\"name\": \"FloatDistribution\", \"attributes\": {\"step\": null, \"low\": 0.0, \"high\": 0.5, \"log\": false}}"}
{"op_code":5,"worker_id":"0ec2aa8e-ed04-4d2e-b3d6-4dae744abd5b-140544486217536","trial_id":83,"param_name":"sigma","param_value_internal":0.18256678728080108,"distribution":"{\"name\": \"FloatDistribution\", \"attributes\": {\"step\": null, \"low\": 0.01, \"high\": 1.0, \"log\": true}}"}
{"op_code":6,"worker_id":"0ec2aa8e-ed04-4d2e-b3d6-4dae744abd5b-140544486217536","trial_id":83,"state":1,"values":[0.6347851183530258],"datetime_complete":"2026-03-31T18:21:14.697654"}
{"op_code":4,"worker_id":"0ec2aa8e-ed04-4d2e-b3d6-4dae744abd5b-140544486217536","study_id":0,"datetime_start":"2026-03-31T18:21:14.719142"}
{"op_code":5,"worker_id":"0ec2aa8e-ed04-4d2e-b3d6-4dae744abd5b-140544486217536","trial_id":84,"param_name":"lr","param_value_internal":0.007929348508868539,"distribution":"{\"name\": \"FloatDistribution\", \"attributes\": {\"step\": null, \"low\": 0.0001, \"high\": 0.1, \"log\": true}}"}
{"op_code":5,"worker_id":"0ec2aa8e-ed04-4d2e-b3d6-4dae744abd5b-140544486217536","trial_id":84,"param_name":"dropout","param_value_internal":0.4220806161847907,"distribution":"{\"name\": \"FloatDistribution\", \"attributes\": {\"step\": null, \"low\": 0.0, \"high\": 0.5, \"log\": false}}"}
{"op_code":5,"worker_id":"0ec2aa8e-ed04-4d2e-b3d6-4dae744abd5b-140544486217536","trial_id":84,"param_name":"layers","param_value_internal":2.0,"distribution":"{\"name\": \"IntDistribution\", \"attributes\": {\"log\": false, \"step\": 1, \"low\": 1, \"high\": 3}}"}
{"op_code":5,"worker_id":"0ec2aa8e-ed04-4d2e-b3d6-4dae744abd5b-140544486217536","trial_id":84,"param_name":"nodes","param_value_internal":1,"distribution":"{\"name\": \"CategoricalDistribution\", \"attributes\": {\"choices\": [32, 64, 128]}}"}
{"op_code":5,"worker_id":"0ec2aa8e-ed04-4d2e-b3d6-4dae744abd5b-140544486217536","trial_id":84,"param_name":"alpha","param_value_internal":0.05750372834256305,"distribution":"{\"name\": \"FloatDistribution\", \"attributes\": {\"step\": null, \"low\": 0.0, \"high\": 0.5, \"log\": false}}"}
{"op_code":5,"worker_id":"0ec2aa8e-ed04-4d2e-b3d6-4dae744abd5b-140544486217536","trial_id":84,"param_name":"sigma","param_value_internal":0.10970456899481577,"distribution":"{\"name\": \"FloatDistribution\", \"attributes\": {\"step\": null, \"low\": 0.01, \"high\": 1.0, \"log\": true}}"}
{"op_code":6,"worker_id":"0ec2aa8e-ed04-4d2e-b3d6-4dae744abd5b-140544486217536","trial_id":84,"state":1,"values":[0.6335705723788885],"datetime_complete":"2026-03-31T18:21:17.151496"}
{"op_code":4,"worker_id":"0ec2aa8e-ed04-4d2e-b3d6-4dae744abd5b-140544486217536","study_id":0,"datetime_start":"2026-03-31T18:21:17.175139"}
{"op_code":5,"worker_id":"0ec2aa8e-ed04-4d2e-b3d6-4dae744abd5b-140544486217536","trial_id":85,"param_name":"lr","param_value_internal":0.0031767483893653738,"distribution":"{\"name\": \"FloatDistribution\", \"attributes\": {\"step\": null, \"low\": 0.0001, \"high\": 0.1, \"log\": true}}"}
{"op_code":5,"worker_id":"0ec2aa8e-ed04-4d2e-b3d6-4dae744abd5b-140544486217536","trial_id":85,"param_name":"dropout","param_value_internal":0.39244674478780495,"distribution":"{\"name\": \"FloatDistribution\", \"attributes\": {\"step\": null, \"low\": 0.0, \"high\": 0.5, \"log\": false}}"}
{"op_code":5,"worker_id":"0ec2aa8e-ed04-4d2e-b3d6-4dae744abd5b-140544486217536","trial_id":85,"param_name":"layers","param_value_internal":2.0,"distribution":"{\"name\": \"IntDistribution\", \"attributes\": {\"log\": false, \"step\": 1, \"low\": 1, \"high\": 3}}"}
{"op_code":5,"worker_id":"0ec2aa8e-ed04-4d2e-b3d6-4dae744abd5b-140544486217536","trial_id":85,"param_name":"nodes","param_value_internal":1,"distribution":"{\"name\": \"CategoricalDistribution\", \"attributes\": {\"choices\": [32, 64, 128]}}"}
{"op_code":5,"worker_id":"0ec2aa8e-ed04-4d2e-b3d6-4dae744abd5b-140544486217536","trial_id":85,"param_name":"alpha","param_value_internal":0.017633097977554406,"distribution":"{\"name\": \"FloatDistribution\", \"attributes\": {\"step\": null, \"low\": 0.0, \"high\": 0.5, \"log\": false}}"}
{"op_code":5,"worker_id":"0ec2aa8e-ed04-4d2e-b3d6-4dae744abd5b-140544486217536","trial_id":85,"param_name":"sigma","param_value_internal":0.14435992753674415,"distribution":"{\"name\": \"FloatDistribution\", \"attributes\": {\"step\": null, \"low\": 0.01, \"high\": 1.0, \"log\": true}}"}
{"op_code":6,"worker_id":"0ec2aa8e-ed04-4d2e-b3d6-4dae744abd5b-140544486217536","trial_id":85,"state":1,"values":[0.6354893508926516],"datetime_complete":"2026-03-31T18:21:19.648330"}
{"op_code":4,"worker_id":"0ec2aa8e-ed04-4d2e-b3d6-4dae744abd5b-140544486217536","study_id":0,"datetime_start":"2026-03-31T18:21:19.663532"}
{"op_code":5,"worker_id":"0ec2aa8e-ed04-4d2e-b3d6-4dae744abd5b-140544486217536","trial_id":86,"param_name":"lr","param_value_internal":0.0011282213639759143,"distribution":"{\"name\": \"FloatDistribution\", \"attributes\": {\"step\": null, \"low\": 0.0001, \"high\": 0.1, \"log\": true}}"}
{"op_code":5,"worker_id":"0ec2aa8e-ed04-4d2e-b3d6-4dae744abd5b-140544486217536","trial_id":86,"param_name":"dropout","param_value_internal":0.401398556263742,"distribution":"{\"name\": \"FloatDistribution\", \"attributes\": {\"step\": null, \"low\": 0.0, \"high\": 0.5, \"log\": false}}"}
{"op_code":5,"worker_id":"0ec2aa8e-ed04-4d2e-b3d6-4dae744abd5b-140544486217536","trial_id":86,"param_name":"layers","param_value_internal":2.0,"distribution":"{\"name\": \"IntDistribution\", \"attributes\": {\"log\": false, \"step\": 1, \"low\": 1, \"high\": 3}}"}
{"op_code":5,"worker_id":"0ec2aa8e-ed04-4d2e-b3d6-4dae744abd5b-140544486217536","trial_id":86,"param_name":"nodes","param_value_internal":1,"distribution":"{\"name\": \"CategoricalDistribution\", \"attributes\": {\"choices\": [32, 64, 128]}}"}
{"op_code":5,"worker_id":"0ec2aa8e-ed04-4d2e-b3d6-4dae744abd5b-140544486217536","trial_id":86,"param_name":"alpha","param_value_internal":0.017864885931389133,"distribution":"{\"name\": \"FloatDistribution\", \"attributes\": {\"step\": null, \"low\": 0.0, \"high\": 0.5, \"log\": false}}"}
{"op_code":5,"worker_id":"0ec2aa8e-ed04-4d2e-b3d6-4dae744abd5b-140544486217536","trial_id":86,"param_name":"sigma","param_value_internal":0.22161762930078224,"distribution":"{\"name\": \"FloatDistribution\", \"attributes\": {\"step\": null, \"low\": 0.01, \"high\": 1.0, \"log\": true}}"}
{"op_code":6,"worker_id":"0ec2aa8e-ed04-4d2e-b3d6-4dae744abd5b-140544486217536","trial_id":86,"state":1,"values":[0.6292266710213413],"datetime_complete":"2026-03-31T18:21:22.062885"}
{"op_code":4,"worker_id":"0ec2aa8e-ed04-4d2e-b3d6-4dae744abd5b-140544486217536","study_id":0,"datetime_start":"2026-03-31T18:21:22.087609"}
{"op_code":5,"worker_id":"0ec2aa8e-ed04-4d2e-b3d6-4dae744abd5b-140544486217536","trial_id":87,"param_name":"lr","param_value_internal":0.001974036221739495,"distribution":"{\"name\": \"FloatDistribution\", \"attributes\": {\"step\": null, \"low\": 0.0001, \"high\": 0.1, \"log\": true}}"}
{"op_code":5,"worker_id":"0ec2aa8e-ed04-4d2e-b3d6-4dae744abd5b-140544486217536","trial_id":87,"param_name":"dropout","param_value_internal":0.3726820029878822,"distribution":"{\"name\": \"FloatDistribution\", \"attributes\": {\"step\": null, \"low\": 0.0, \"high\": 0.5, \"log\": false}}"}
{"op_code":5,"worker_id":"0ec2aa8e-ed04-4d2e-b3d6-4dae744abd5b-140544486217536","trial_id":87,"param_name":"layers","param_value_internal":2.0,"distribution":"{\"name\": \"IntDistribution\", \"attributes\": {\"log\": false, \"step\": 1, \"low\": 1, \"high\": 3}}"}
{"op_code":5,"worker_id":"0ec2aa8e-ed04-4d2e-b3d6-4dae744abd5b-140544486217536","trial_id":87,"param_name":"nodes","param_value_internal":1,"distribution":"{\"name\": \"CategoricalDistribution\", \"attributes\": {\"choices\": [32, 64, 128]}}"}
{"op_code":5,"worker_id":"0ec2aa8e-ed04-4d2e-b3d6-4dae744abd5b-140544486217536","trial_id":87,"param_name":"alpha","param_value_internal":0.027229371226825352,"distribution":"{\"name\": \"FloatDistribution\", \"attributes\": {\"step\": null, \"low\": 0.0, \"high\": 0.5, \"log\": false}}"}
{"op_code":5,"worker_id":"0ec2aa8e-ed04-4d2e-b3d6-4dae744abd5b-140544486217536","trial_id":87,"param_name":"sigma","param_value_internal":0.14063849672025694,"distribution":"{\"name\": \"FloatDistribution\", \"attributes\": {\"step\": null, \"low\": 0.01, \"high\": 1.0, \"log\": true}}"}
{"op_code":6,"worker_id":"0ec2aa8e-ed04-4d2e-b3d6-4dae744abd5b-140544486217536","trial_id":87,"state":1,"values":[0.6391539683673713],"datetime_complete":"2026-03-31T18:21:24.524409"}
{"op_code":4,"worker_id":"0ec2aa8e-ed04-4d2e-b3d6-4dae744abd5b-140544486217536","study_id":0,"datetime_start":"2026-03-31T18:21:24.549119"}
{"op_code":5,"worker_id":"0ec2aa8e-ed04-4d2e-b3d6-4dae744abd5b-140544486217536","trial_id":88,"param_name":"lr","param_value_internal":0.0016863911412390244,"distribution":"{\"name\": \"FloatDistribution\", \"attributes\": {\"step\": null, \"low\": 0.0001, \"high\": 0.1, \"log\": true}}"}
{"op_code":5,"worker_id":"0ec2aa8e-ed04-4d2e-b3d6-4dae744abd5b-140544486217536","trial_id":88,"param_name":"dropout","param_value_internal":0.37472362465499154,"distribution":"{\"name\": \"FloatDistribution\", \"attributes\": {\"step\": null, \"low\": 0.0, \"high\": 0.5, \"log\": false}}"}
{"op_code":5,"worker_id":"0ec2aa8e-ed04-4d2e-b3d6-4dae744abd5b-140544486217536","trial_id":88,"param_name":"layers","param_value_internal":2.0,"distribution":"{\"name\": \"IntDistribution\", \"attributes\": {\"log\": false, \"step\": 1, \"low\": 1, \"high\": 3}}"}
{"op_code":5,"worker_id":"0ec2aa8e-ed04-4d2e-b3d6-4dae744abd5b-140544486217536","trial_id":88,"param_name":"nodes","param_value_internal":1,"distribution":"{\"name\": \"CategoricalDistribution\", \"attributes\": {\"choices\": [32, 64, 128]}}"}
{"op_code":5,"worker_id":"0ec2aa8e-ed04-4d2e-b3d6-4dae744abd5b-140544486217536","trial_id":88,"param_name":"alpha","param_value_internal":0.030477617427377226,"distribution":"{\"name\": \"FloatDistribution\", \"attributes\": {\"step\": null, \"low\": 0.0, \"high\": 0.5, \"log\": false}}"}
{"op_code":5,"worker_id":"0ec2aa8e-ed04-4d2e-b3d6-4dae744abd5b-140544486217536","trial_id":88,"param_name":"sigma","param_value_internal":0.0855981598025521,"distribution":"{\"name\": \"FloatDistribution\", \"attributes\": {\"step\": null, \"low\": 0.01, \"high\": 1.0, \"log\": true}}"}
{"op_code":6,"worker_id":"0ec2aa8e-ed04-4d2e-b3d6-4dae744abd5b-140544486217536","trial_id":88,"state":1,"values":[0.6303516286369755],"datetime_complete":"2026-03-31T18:21:27.040091"}
{"op_code":4,"worker_id":"0ec2aa8e-ed04-4d2e-b3d6-4dae744abd5b-140544486217536","study_id":0,"datetime_start":"2026-03-31T18:21:27.054221"}
{"op_code":5,"worker_id":"0ec2aa8e-ed04-4d2e-b3d6-4dae744abd5b-140544486217536","trial_id":89,"param_name":"lr","param_value_internal":0.0031424633400712297,"distribution":"{\"name\": \"FloatDistribution\", \"attributes\": {\"step\": null, \"low\": 0.0001, \"high\": 0.1, \"log\": true}}"}
{"op_code":5,"worker_id":"0ec2aa8e-ed04-4d2e-b3d6-4dae744abd5b-140544486217536","trial_id":89,"param_name":"dropout","param_value_internal":0.4001688718133698,"distribution":"{\"name\": \"FloatDistribution\", \"attributes\": {\"step\": null, \"low\": 0.0, \"high\": 0.5, \"log\": false}}"}
{"op_code":5,"worker_id":"0ec2aa8e-ed04-4d2e-b3d6-4dae744abd5b-140544486217536","trial_id":89,"param_name":"layers","param_value_internal":2.0,"distribution":"{\"name\": \"IntDistribution\", \"attributes\": {\"log\": false, \"step\": 1, \"low\": 1, \"high\": 3}}"}
{"op_code":5,"worker_id":"0ec2aa8e-ed04-4d2e-b3d6-4dae744abd5b-140544486217536","trial_id":89,"param_name":"nodes","param_value_internal":1,"distribution":"{\"name\": \"CategoricalDistribution\", \"attributes\": {\"choices\": [32, 64, 128]}}"}
{"op_code":5,"worker_id":"0ec2aa8e-ed04-4d2e-b3d6-4dae744abd5b-140544486217536","trial_id":89,"param_name":"alpha","param_value_internal":0.011405231323912194,"distribution":"{\"name\": \"FloatDistribution\", \"attributes\": {\"step\": null, \"low\": 0.0, \"high\": 0.5, \"log\": false}}"}
{"op_code":5,"worker_id":"0ec2aa8e-ed04-4d2e-b3d6-4dae744abd5b-140544486217536","trial_id":89,"param_name":"sigma","param_value_internal":0.14498117361234858,"distribution":"{\"name\": \"FloatDistribution\", \"attributes\": {\"step\": null, \"low\": 0.01, \"high\": 1.0, \"log\": true}}"}
{"op_code":6,"worker_id":"0ec2aa8e-ed04-4d2e-b3d6-4dae744abd5b-140544486217536","trial_id":89,"state":1,"values":[0.6303550307265389],"datetime_complete":"2026-03-31T18:21:29.442400"}
{"op_code":4,"worker_id":"0ec2aa8e-ed04-4d2e-b3d6-4dae744abd5b-140544486217536","study_id":0,"datetime_start":"2026-03-31T18:21:29.454722"}
{"op_code":5,"worker_id":"0ec2aa8e-ed04-4d2e-b3d6-4dae744abd5b-140544486217536","trial_id":90,"param_name":"lr","param_value_internal":0.0020713887783363836,"distribution":"{\"name\": \"FloatDistribution\", \"attributes\": {\"step\": null, \"low\": 0.0001, \"high\": 0.1, \"log\": true}}"}
{"op_code":5,"worker_id":"0ec2aa8e-ed04-4d2e-b3d6-4dae744abd5b-140544486217536","trial_id":90,"param_name":"dropout","param_value_internal":0.3638448719597148,"distribution":"{\"name\": \"FloatDistribution\", \"attributes\": {\"step\": null, \"low\": 0.0, \"high\": 0.5, \"log\": false}}"}
{"op_code":5,"worker_id":"0ec2aa8e-ed04-4d2e-b3d6-4dae744abd5b-140544486217536","trial_id":90,"param_name":"layers","param_value_internal":2.0,"distribution":"{\"name\": \"IntDistribution\", \"attributes\": {\"log\": false, \"step\": 1, \"low\": 1, \"high\": 3}}"}
{"op_code":5,"worker_id":"0ec2aa8e-ed04-4d2e-b3d6-4dae744abd5b-140544486217536","trial_id":90,"param_name":"nodes","param_value_internal":1,"distribution":"{\"name\": \"CategoricalDistribution\", \"attributes\": {\"choices\": [32, 64, 128]}}"}
{"op_code":5,"worker_id":"0ec2aa8e-ed04-4d2e-b3d6-4dae744abd5b-140544486217536","trial_id":90,"param_name":"alpha","param_value_internal":0.042584523864816086,"distribution":"{\"name\": \"FloatDistribution\", \"attributes\": {\"step\": null, \"low\": 0.0, \"high\": 0.5, \"log\": false}}"}
{"op_code":5,"worker_id":"0ec2aa8e-ed04-4d2e-b3d6-4dae744abd5b-140544486217536","trial_id":90,"param_name":"sigma","param_value_internal":0.09866104245685582,"distribution":"{\"name\": \"FloatDistribution\", \"attributes\": {\"step\": null, \"low\": 0.01, \"high\": 1.0, \"log\": true}}"}
{"op_code":6,"worker_id":"0ec2aa8e-ed04-4d2e-b3d6-4dae744abd5b-140544486217536","trial_id":90,"state":1,"values":[0.6302155450544391],"datetime_complete":"2026-03-31T18:21:31.847490"}
{"op_code":4,"worker_id":"0ec2aa8e-ed04-4d2e-b3d6-4dae744abd5b-140544486217536","study_id":0,"datetime_start":"2026-03-31T18:21:31.863966"}
{"op_code":5,"worker_id":"0ec2aa8e-ed04-4d2e-b3d6-4dae744abd5b-140544486217536","trial_id":91,"param_name":"lr","param_value_internal":0.002593209952694175,"distribution":"{\"name\": \"FloatDistribution\", \"attributes\": {\"step\": null, \"low\": 0.0001, \"high\": 0.1, \"log\": true}}"}
{"op_code":5,"worker_id":"0ec2aa8e-ed04-4d2e-b3d6-4dae744abd5b-140544486217536","trial_id":91,"param_name":"dropout","param_value_internal":0.46562822481829663,"distribution":"{\"name\": \"FloatDistribution\", \"attributes\": {\"step\": null, \"low\": 0.0, \"high\": 0.5, \"log\": false}}"}
{"op_code":5,"worker_id":"0ec2aa8e-ed04-4d2e-b3d6-4dae744abd5b-140544486217536","trial_id":91,"param_name":"layers","param_value_internal":2.0,"distribution":"{\"name\": \"IntDistribution\", \"attributes\": {\"log\": false, \"step\": 1, \"low\": 1, \"high\": 3}}"}
{"op_code":5,"worker_id":"0ec2aa8e-ed04-4d2e-b3d6-4dae744abd5b-140544486217536","trial_id":91,"param_name":"nodes","param_value_internal":1,"distribution":"{\"name\": \"CategoricalDistribution\", \"attributes\": {\"choices\": [32, 64, 128]}}"}
{"op_code":5,"worker_id":"0ec2aa8e-ed04-4d2e-b3d6-4dae744abd5b-140544486217536","trial_id":91,"param_name":"alpha","param_value_internal":0.02766455558254356,"distribution":"{\"name\": \"FloatDistribution\", \"attributes\": {\"step\": null, \"low\": 0.0, \"high\": 0.5, \"log\": false}}"}
{"op_code":5,"worker_id":"0ec2aa8e-ed04-4d2e-b3d6-4dae744abd5b-140544486217536","trial_id":91,"param_name":"sigma","param_value_internal":0.16497862103295402,"distribution":"{\"name\": \"FloatDistribution\", \"attributes\": {\"step\": null, \"low\": 0.01, \"high\": 1.0, \"log\": true}}"}
{"op_code":6,"worker_id":"0ec2aa8e-ed04-4d2e-b3d6-4dae744abd5b-140544486217536","trial_id":91,"state":1,"values":[0.632285716553774],"datetime_complete":"2026-03-31T18:21:34.282307"}
{"op_code":4,"worker_id":"0ec2aa8e-ed04-4d2e-b3d6-4dae744abd5b-140544486217536","study_id":0,"datetime_start":"2026-03-31T18:21:34.295800"}
{"op_code":5,"worker_id":"0ec2aa8e-ed04-4d2e-b3d6-4dae744abd5b-140544486217536","trial_id":92,"param_name":"lr","param_value_internal":0.003460313558547644,"distribution":"{\"name\": \"FloatDistribution\", \"attributes\": {\"step\": null, \"low\": 0.0001, \"high\": 0.1, \"log\": true}}"}
{"op_code":5,"worker_id":"0ec2aa8e-ed04-4d2e-b3d6-4dae744abd5b-140544486217536","trial_id":92,"param_name":"dropout","param_value_internal":0.3851502224770337,"distribution":"{\"name\": \"FloatDistribution\", \"attributes\": {\"step\": null, \"low\": 0.0, \"high\": 0.5, \"log\": false}}"}
{"op_code":5,"worker_id":"0ec2aa8e-ed04-4d2e-b3d6-4dae744abd5b-140544486217536","trial_id":92,"param_name":"layers","param_value_internal":2.0,"distribution":"{\"name\": \"IntDistribution\", \"attributes\": {\"log\": false, \"step\": 1, \"low\": 1, \"high\": 3}}"}
{"op_code":5,"worker_id":"0ec2aa8e-ed04-4d2e-b3d6-4dae744abd5b-140544486217536","trial_id":92,"param_name":"nodes","param_value_internal":1,"distribution":"{\"name\": \"CategoricalDistribution\", \"attributes\": {\"choices\": [32, 64, 128]}}"}
{"op_code":5,"worker_id":"0ec2aa8e-ed04-4d2e-b3d6-4dae744abd5b-140544486217536","trial_id":92,"param_name":"alpha","param_value_internal":0.05631978378922617,"distribution":"{\"name\": \"FloatDistribution\", \"attributes\": {\"step\": null, \"low\": 0.0, \"high\": 0.5, \"log\": false}}"}
{"op_code":5,"worker_id":"0ec2aa8e-ed04-4d2e-b3d6-4dae744abd5b-140544486217536","trial_id":92,"param_name":"sigma","param_value_internal":0.18846332400480542,"distribution":"{\"name\": \"FloatDistribution\", \"attributes\": {\"step\": null, \"low\": 0.01, \"high\": 1.0, \"log\": true}}"}
{"op_code":6,"worker_id":"0ec2aa8e-ed04-4d2e-b3d6-4dae744abd5b-140544486217536","trial_id":92,"state":1,"values":[0.6330358773025059],"datetime_complete":"2026-03-31T18:21:36.680450"}
{"op_code":4,"worker_id":"0ec2aa8e-ed04-4d2e-b3d6-4dae744abd5b-140544486217536","study_id":0,"datetime_start":"2026-03-31T18:21:36.694928"}
{"op_code":5,"worker_id":"0ec2aa8e-ed04-4d2e-b3d6-4dae744abd5b-140544486217536","trial_id":93,"param_name":"lr","param_value_internal":0.006147588243128259,"distribution":"{\"name\": \"FloatDistribution\", \"attributes\": {\"step\": null, \"low\": 0.0001, \"high\": 0.1, \"log\": true}}"}
{"op_code":5,"worker_id":"0ec2aa8e-ed04-4d2e-b3d6-4dae744abd5b-140544486217536","trial_id":93,"param_name":"dropout","param_value_internal":0.48405945741837086,"distribution":"{\"name\": \"FloatDistribution\", \"attributes\": {\"step\": null, \"low\": 0.0, \"high\": 0.5, \"log\": false}}"}
{"op_code":5,"worker_id":"0ec2aa8e-ed04-4d2e-b3d6-4dae744abd5b-140544486217536","trial_id":93,"param_name":"layers","param_value_internal":2.0,"distribution":"{\"name\": \"IntDistribution\", \"attributes\": {\"log\": false, \"step\": 1, \"low\": 1, \"high\": 3}}"}
{"op_code":5,"worker_id":"0ec2aa8e-ed04-4d2e-b3d6-4dae744abd5b-140544486217536","trial_id":93,"param_name":"nodes","param_value_internal":1,"distribution":"{\"name\": \"CategoricalDistribution\", \"attributes\": {\"choices\": [32, 64, 128]}}"}
{"op_code":5,"worker_id":"0ec2aa8e-ed04-4d2e-b3d6-4dae744abd5b-140544486217536","trial_id":93,"param_name":"alpha","param_value_internal":0.07598920329344425,"distribution":"{\"name\": \"FloatDistribution\", \"attributes\": {\"step\": null, \"low\": 0.0, \"high\": 0.5, \"log\": false}}"}
{"op_code":5,"worker_id":"0ec2aa8e-ed04-4d2e-b3d6-4dae744abd5b-140544486217536","trial_id":93,"param_name":"sigma","param_value_internal":0.11740223300166788,"distribution":"{\"name\": \"FloatDistribution\", \"attributes\": {\"step\": null, \"low\": 0.01, \"high\": 1.0, \"log\": true}}"}
{"op_code":6,"worker_id":"0ec2aa8e-ed04-4d2e-b3d6-4dae744abd5b-140544486217536","trial_id":93,"state":1,"values":[0.6316875158055411],"datetime_complete":"2026-03-31T18:21:39.098115"}
{"op_code":4,"worker_id":"0ec2aa8e-ed04-4d2e-b3d6-4dae744abd5b-140544486217536","study_id":0,"datetime_start":"2026-03-31T18:21:39.112469"}
{"op_code":5,"worker_id":"0ec2aa8e-ed04-4d2e-b3d6-4dae744abd5b-140544486217536","trial_id":94,"param_name":"lr","param_value_internal":0.004221590801802529,"distribution":"{\"name\": \"FloatDistribution\", \"attributes\": {\"step\": null, \"low\": 0.0001, \"high\": 0.1, \"log\": true}}"}
{"op_code":5,"worker_id":"0ec2aa8e-ed04-4d2e-b3d6-4dae744abd5b-140544486217536","trial_id":94,"param_name":"dropout","param_value_internal":0.4246732297568971,"distribution":"{\"name\": \"FloatDistribution\", \"attributes\": {\"step\": null, \"low\": 0.0, \"high\": 0.5, \"log\": false}}"}
{"op_code":5,"worker_id":"0ec2aa8e-ed04-4d2e-b3d6-4dae744abd5b-140544486217536","trial_id":94,"param_name":"layers","param_value_internal":2.0,"distribution":"{\"name\": \"IntDistribution\", \"attributes\": {\"log\": false, \"step\": 1, \"low\": 1, \"high\": 3}}"}
{"op_code":5,"worker_id":"0ec2aa8e-ed04-4d2e-b3d6-4dae744abd5b-140544486217536","trial_id":94,"param_name":"nodes","param_value_internal":1,"distribution":"{\"name\": \"CategoricalDistribution\", \"attributes\": {\"choices\": [32, 64, 128]}}"}
{"op_code":5,"worker_id":"0ec2aa8e-ed04-4d2e-b3d6-4dae744abd5b-140544486217536","trial_id":94,"param_name":"alpha","param_value_internal":0.0010983686476233531,"distribution":"{\"name\": \"FloatDistribution\", \"attributes\": {\"step\": null, \"low\": 0.0, \"high\": 0.5, \"log\": false}}"}
{"op_code":5,"worker_id":"0ec2aa8e-ed04-4d2e-b3d6-4dae744abd5b-140544486217536","trial_id":94,"param_name":"sigma","param_value_internal":0.13643007246766775,"distribution":"{\"name\": \"FloatDistribution\", \"attributes\": {\"step\": null, \"low\": 0.01, \"high\": 1.0, \"log\": true}}"}
{"op_code":6,"worker_id":"0ec2aa8e-ed04-4d2e-b3d6-4dae744abd5b-140544486217536","trial_id":94,"state":1,"values":[0.6339198535740652],"datetime_complete":"2026-03-31T18:21:41.525132"}
{"op_code":4,"worker_id":"0ec2aa8e-ed04-4d2e-b3d6-4dae744abd5b-140544486217536","study_id":0,"datetime_start":"2026-03-31T18:21:41.540247"}
{"op_code":5,"worker_id":"0ec2aa8e-ed04-4d2e-b3d6-4dae744abd5b-140544486217536","trial_id":95,"param_name":"lr","param_value_internal":0.0021879138128021473,"distribution":"{\"name\": \"FloatDistribution\", \"attributes\": {\"step\": null, \"low\": 0.0001, \"high\": 0.1, \"log\": true}}"}
{"op_code":5,"worker_id":"0ec2aa8e-ed04-4d2e-b3d6-4dae744abd5b-140544486217536","trial_id":95,"param_name":"dropout","param_value_internal":0.4151196839619368,"distribution":"{\"name\": \"FloatDistribution\", \"attributes\": {\"step\": null, \"low\": 0.0, \"high\": 0.5, \"log\": false}}"}
{"op_code":5,"worker_id":"0ec2aa8e-ed04-4d2e-b3d6-4dae744abd5b-140544486217536","trial_id":95,"param_name":"layers","param_value_internal":2.0,"distribution":"{\"name\": \"IntDistribution\", \"attributes\": {\"log\": false, \"step\": 1, \"low\": 1, \"high\": 3}}"}
{"op_code":5,"worker_id":"0ec2aa8e-ed04-4d2e-b3d6-4dae744abd5b-140544486217536","trial_id":95,"param_name":"nodes","param_value_internal":1,"distribution":"{\"name\": \"CategoricalDistribution\", \"attributes\": {\"choices\": [32, 64, 128]}}"}
{"op_code":5,"worker_id":"0ec2aa8e-ed04-4d2e-b3d6-4dae744abd5b-140544486217536","trial_id":95,"param_name":"alpha","param_value_internal":0.020465436346751333,"distribution":"{\"name\": \"FloatDistribution\", \"attributes\": {\"step\": null, \"low\": 0.0, \"high\": 0.5, \"log\": false}}"}
{"op_code":5,"worker_id":"0ec2aa8e-ed04-4d2e-b3d6-4dae744abd5b-140544486217536","trial_id":95,"param_name":"sigma","param_value_internal":0.2601403883440068,"distribution":"{\"name\": \"FloatDistribution\", \"attributes\": {\"step\": null, \"low\": 0.01, \"high\": 1.0, \"log\": true}}"}
{"op_code":6,"worker_id":"0ec2aa8e-ed04-4d2e-b3d6-4dae744abd5b-140544486217536","trial_id":95,"state":1,"values":[0.6348662014876204],"datetime_complete":"2026-03-31T18:21:43.940224"}
{"op_code":4,"worker_id":"0ec2aa8e-ed04-4d2e-b3d6-4dae744abd5b-140544486217536","study_id":0,"datetime_start":"2026-03-31T18:21:43.954953"}
{"op_code":5,"worker_id":"0ec2aa8e-ed04-4d2e-b3d6-4dae744abd5b-140544486217536","trial_id":96,"param_name":"lr","param_value_internal":0.004693952010883923,"distribution":"{\"name\": \"FloatDistribution\", \"attributes\": {\"step\": null, \"low\": 0.0001, \"high\": 0.1, \"log\": true}}"}
{"op_code":5,"worker_id":"0ec2aa8e-ed04-4d2e-b3d6-4dae744abd5b-140544486217536","trial_id":96,"param_name":"dropout","param_value_internal":0.44532001653265124,"distribution":"{\"name\": \"FloatDistribution\", \"attributes\": {\"step\": null, \"low\": 0.0, \"high\": 0.5, \"log\": false}}"}
{"op_code":5,"worker_id":"0ec2aa8e-ed04-4d2e-b3d6-4dae744abd5b-140544486217536","trial_id":96,"param_name":"layers","param_value_internal":2.0,"distribution":"{\"name\": \"IntDistribution\", \"attributes\": {\"log\": false, \"step\": 1, \"low\": 1, \"high\": 3}}"}
{"op_code":5,"worker_id":"0ec2aa8e-ed04-4d2e-b3d6-4dae744abd5b-140544486217536","trial_id":96,"param_name":"nodes","param_value_internal":1,"distribution":"{\"name\": \"CategoricalDistribution\", \"attributes\": {\"choices\": [32, 64, 128]}}"}
{"op_code":5,"worker_id":"0ec2aa8e-ed04-4d2e-b3d6-4dae744abd5b-140544486217536","trial_id":96,"param_name":"alpha","param_value_internal":0.039050409888718676,"distribution":"{\"name\": \"FloatDistribution\", \"attributes\": {\"step\": null, \"low\": 0.0, \"high\": 0.5, \"log\": false}}"}
{"op_code":5,"worker_id":"0ec2aa8e-ed04-4d2e-b3d6-4dae744abd5b-140544486217536","trial_id":96,"param_name":"sigma","param_value_internal":0.20167824746614502,"distribution":"{\"name\": \"FloatDistribution\", \"attributes\": {\"step\": null, \"low\": 0.01, \"high\": 1.0, \"log\": true}}"}
{"op_code":6,"worker_id":"0ec2aa8e-ed04-4d2e-b3d6-4dae744abd5b-140544486217536","trial_id":96,"state":1,"values":[0.6339895964101151],"datetime_complete":"2026-03-31T18:21:46.358631"}
{"op_code":4,"worker_id":"0ec2aa8e-ed04-4d2e-b3d6-4dae744abd5b-140544486217536","study_id":0,"datetime_start":"2026-03-31T18:21:46.375458"}
{"op_code":5,"worker_id":"0ec2aa8e-ed04-4d2e-b3d6-4dae744abd5b-140544486217536","trial_id":97,"param_name":"lr","param_value_internal":0.0014248619386651115,"distribution":"{\"name\": \"FloatDistribution\", \"attributes\": {\"step\": null, \"low\": 0.0001, \"high\": 0.1, \"log\": true}}"}
{"op_code":5,"worker_id":"0ec2aa8e-ed04-4d2e-b3d6-4dae744abd5b-140544486217536","trial_id":97,"param_name":"dropout","param_value_internal":0.39231532904740085,"distribution":"{\"name\": \"FloatDistribution\", \"attributes\": {\"step\": null, \"low\": 0.0, \"high\": 0.5, \"log\": false}}"}
{"op_code":5,"worker_id":"0ec2aa8e-ed04-4d2e-b3d6-4dae744abd5b-140544486217536","trial_id":97,"param_name":"layers","param_value_internal":2.0,"distribution":"{\"name\": \"IntDistribution\", \"attributes\": {\"log\": false, \"step\": 1, \"low\": 1, \"high\": 3}}"}
{"op_code":5,"worker_id":"0ec2aa8e-ed04-4d2e-b3d6-4dae744abd5b-140544486217536","trial_id":97,"param_name":"nodes","param_value_internal":2,"distribution":"{\"name\": \"CategoricalDistribution\", \"attributes\": {\"choices\": [32, 64, 128]}}"}
{"op_code":5,"worker_id":"0ec2aa8e-ed04-4d2e-b3d6-4dae744abd5b-140544486217536","trial_id":97,"param_name":"alpha","param_value_internal":0.09817911467504367,"distribution":"{\"name\": \"FloatDistribution\", \"attributes\": {\"step\": null, \"low\": 0.0, \"high\": 0.5, \"log\": false}}"}
{"op_code":5,"worker_id":"0ec2aa8e-ed04-4d2e-b3d6-4dae744abd5b-140544486217536","trial_id":97,"param_name":"sigma","param_value_internal":0.1726964092239653,"distribution":"{\"name\": \"FloatDistribution\", \"attributes\": {\"step\": null, \"low\": 0.01, \"high\": 1.0, \"log\": true}}"}
{"op_code":6,"worker_id":"0ec2aa8e-ed04-4d2e-b3d6-4dae744abd5b-140544486217536","trial_id":97,"state":1,"values":[0.6370616832858742],"datetime_complete":"2026-03-31T18:21:48.774203"}
{"op_code":4,"worker_id":"0ec2aa8e-ed04-4d2e-b3d6-4dae744abd5b-140544486217536","study_id":0,"datetime_start":"2026-03-31T18:21:48.788496"}
{"op_code":5,"worker_id":"0ec2aa8e-ed04-4d2e-b3d6-4dae744abd5b-140544486217536","trial_id":98,"param_name":"lr","param_value_internal":0.0014576666319549864,"distribution":"{\"name\": \"FloatDistribution\", \"attributes\": {\"step\": null, \"low\": 0.0001, \"high\": 0.1, \"log\": true}}"}
{"op_code":5,"worker_id":"0ec2aa8e-ed04-4d2e-b3d6-4dae744abd5b-140544486217536","trial_id":98,"param_name":"dropout","param_value_internal":0.3606912148515779,"distribution":"{\"name\": \"FloatDistribution\", \"attributes\": {\"step\": null, \"low\": 0.0, \"high\": 0.5, \"log\": false}}"}
{"op_code":5,"worker_id":"0ec2aa8e-ed04-4d2e-b3d6-4dae744abd5b-140544486217536","trial_id":98,"param_name":"layers","param_value_internal":2.0,"distribution":"{\"name\": \"IntDistribution\", \"attributes\": {\"log\": false, \"step\": 1, \"low\": 1, \"high\": 3}}"}
{"op_code":5,"worker_id":"0ec2aa8e-ed04-4d2e-b3d6-4dae744abd5b-140544486217536","trial_id":98,"param_name":"nodes","param_value_internal":2,"distribution":"{\"name\": \"CategoricalDistribution\", \"attributes\": {\"choices\": [32, 64, 128]}}"}
{"op_code":5,"worker_id":"0ec2aa8e-ed04-4d2e-b3d6-4dae744abd5b-140544486217536","trial_id":98,"param_name":"alpha","param_value_internal":0.07868433082820053,"distribution":"{\"name\": \"FloatDistribution\", \"attributes\": {\"step\": null, \"low\": 0.0, \"high\": 0.5, \"log\": false}}"}
{"op_code":5,"worker_id":"0ec2aa8e-ed04-4d2e-b3d6-4dae744abd5b-140544486217536","trial_id":98,"param_name":"sigma","param_value_internal":0.15133381443689664,"distribution":"{\"name\": \"FloatDistribution\", \"attributes\": {\"step\": null, \"low\": 0.01, \"high\": 1.0, \"log\": true}}"}
{"op_code":6,"worker_id":"0ec2aa8e-ed04-4d2e-b3d6-4dae744abd5b-140544486217536","trial_id":98,"state":1,"values":[0.6320265907320276],"datetime_complete":"2026-03-31T18:21:51.198825"}
{"op_code":4,"worker_id":"0ec2aa8e-ed04-4d2e-b3d6-4dae744abd5b-140544486217536","study_id":0,"datetime_start":"2026-03-31T18:21:51.214386"}
{"op_code":5,"worker_id":"0ec2aa8e-ed04-4d2e-b3d6-4dae744abd5b-140544486217536","trial_id":99,"param_name":"lr","param_value_internal":0.0012130585025962692,"distribution":"{\"name\": \"FloatDistribution\", \"attributes\": {\"step\": null, \"low\": 0.0001, \"high\": 0.1, \"log\": true}}"}
{"op_code":5,"worker_id":"0ec2aa8e-ed04-4d2e-b3d6-4dae744abd5b-140544486217536","trial_id":99,"param_name":"dropout","param_value_internal":0.3962524521678452,"distribution":"{\"name\": \"FloatDistribution\", \"attributes\": {\"step\": null, \"low\": 0.0, \"high\": 0.5, \"log\": false}}"}
{"op_code":5,"worker_id":"0ec2aa8e-ed04-4d2e-b3d6-4dae744abd5b-140544486217536","trial_id":99,"param_name":"layers","param_value_internal":2.0,"distribution":"{\"name\": \"IntDistribution\", \"attributes\": {\"log\": false, \"step\": 1, \"low\": 1, \"high\": 3}}"}
{"op_code":5,"worker_id":"0ec2aa8e-ed04-4d2e-b3d6-4dae744abd5b-140544486217536","trial_id":99,"param_name":"nodes","param_value_internal":2,"distribution":"{\"name\": \"CategoricalDistribution\", \"attributes\": {\"choices\": [32, 64, 128]}}"}
{"op_code":5,"worker_id":"0ec2aa8e-ed04-4d2e-b3d6-4dae744abd5b-140544486217536","trial_id":99,"param_name":"alpha","param_value_internal":0.06312764294328824,"distribution":"{\"name\": \"FloatDistribution\", \"attributes\": {\"step\": null, \"low\": 0.0, \"high\": 0.5, \"log\": false}}"}
{"op_code":5,"worker_id":"0ec2aa8e-ed04-4d2e-b3d6-4dae744abd5b-140544486217536","trial_id":99,"param_name":"sigma","param_value_internal":0.17525182125041538,"distribution":"{\"name\": \"FloatDistribution\", \"attributes\": {\"step\": null, \"low\": 0.01, \"high\": 1.0, \"log\": true}}"}
{"op_code":6,"worker_id":"0ec2aa8e-ed04-4d2e-b3d6-4dae744abd5b-140544486217536","trial_id":99,"state":1,"values":[0.6324359755094913],"datetime_complete":"2026-03-31T18:21:53.612587"}
