Dataset,Model,Fold,n_train,n_test,n_features,tune,timestamp,C-index,IBS,AUC_mean,AUC_t=890.0,AUC_t=2000.0,AUC_t=3114.0,D-cal,AUC_t=975.0,AUC_t=2171.0,AUC_t=3245.0,AUC_t=904.2,AUC_t=2286.5,AUC_t=3348.5,AUC_t=796.5,AUC_t=2017.0,AUC_t=3202.5,AUC_t=1022.8,AUC_t=2062.0,AUC_t=3244.8,AUC_t=14.1,AUC_t=24.2,AUC_t=40.4,AUC_t=14.3,AUC_t=25.4,AUC_t=40.9,AUC_t=12.2,AUC_t=21.7,AUC_t=40.1,AUC_t=15.0,AUC_t=25.3,AUC_t=41.9,AUC_t=12.6,AUC_t=21.6,AUC_t=37.7,AUC_t=42.2,AUC_t=83.9,AUC_t=152.5,AUC_t=43.1,AUC_t=82.6,AUC_t=128.4,AUC_t=47.0,AUC_t=87.5,AUC_t=145.4,AUC_t=39.1,AUC_t=76.1,AUC_t=139.6,AUC_t=624.0,AUC_t=1453.0,AUC_t=2552.0,AUC_t=496.0,AUC_t=1387.0,AUC_t=2420.0,AUC_t=432.0,AUC_t=1271.0,AUC_t=2346.0,AUC_t=349.5,AUC_t=1313.5,AUC_t=2323.5,AUC_t=515.5,AUC_t=1335.5,AUC_t=2357.0,AUC_t=489.5,AUC_t=1276.0,AUC_t=2303.0,AUC_t=467.0,AUC_t=1327.5,AUC_t=2464.2,AUC_t=450.2,AUC_t=1405.5,AUC_t=2356.0,AUC_t=296.8,AUC_t=1121.0,AUC_t=2011.5,AUC_t=423.5,AUC_t=1325.5,AUC_t=2378.5,AUC_t=518.0,AUC_t=1306.5,AUC_t=2360.8,AUC_t=571.2,AUC_t=1421.5,AUC_t=2378.2,AUC_t=522.2,AUC_t=1273.0,AUC_t=2483.0,AUC_t=436.0,AUC_t=1434.0,AUC_t=2344.0,AUC_t=424.0,AUC_t=1329.0,AUC_t=2350.0,AUC_t=60.0,AUC_t=270.2,AUC_t=13.0,AUC_t=65.0,AUC_t=236.5,AUC_t=59.0,AUC_t=276.0,AUC_t=11.0,AUC_t=44.0,AUC_t=218.5,AUC_t=14.0,AUC_t=265.0,AUC_t=22.8,AUC_t=51.5,AUC_t=134.2,AUC_t=27.5,AUC_t=93.5,AUC_t=160.5,AUC_t=26.0,AUC_t=120.8,AUC_t=80.0,AUC_t=132.0,AUC_t=18.5,AUC_t=145.0,AUC_t=351.5,AUC_t=197.0,AUC_t=705.5,AUC_t=63.0,AUC_t=259.0,AUC_t=650.0,AUC_t=8.5,AUC_t=200.0,AUC_t=987.0
FLCHAIN,deephit_single,1,5219.0,1305.0,43.0,True,2026-03-30T11:45:56.555198,0.9302604625387181,0.08544312943348398,0.946201897524845,0.9264485692550672,0.9425089883446023,0.9689456899083595,0.5743060816191753,,,,,,,,,,,,,,,,,,,,,,,,,,,,,,,,,,,,,,,,,,,,,,,,,,,,,,,,,,,,,,,,,,,,,,,,,,,,,,,,,,,,,,,,,,,,,,,,,,,,,,,,,,,,,,,,,,,,,
FLCHAIN,deephit_single,2,5219.0,1305.0,43.0,True,2026-03-30T11:48:50.564219,0.9285929167236429,0.05692127803997037,0.9446811585068684,,,,0.40285790131370225,0.9257679371729182,0.9400225368397988,0.9675561106994637,,,,,,,,,,,,,,,,,,,,,,,,,,,,,,,,,,,,,,,,,,,,,,,,,,,,,,,,,,,,,,,,,,,,,,,,,,,,,,,,,,,,,,,,,,,,,,,,,,,,,,,,,,,,,,,,,,
FLCHAIN,deephit_single,3,5219.0,1305.0,43.0,True,2026-03-30T11:50:54.801443,0.9246522546512035,0.05869335740260581,0.9413336247025348,,,,0.24180029154518942,,,,0.9248200926209844,0.9375567670122196,0.9606230503934529,,,,,,,,,,,,,,,,,,,,,,,,,,,,,,,,,,,,,,,,,,,,,,,,,,,,,,,,,,,,,,,,,,,,,,,,,,,,,,,,,,,,,,,,,,,,,,,,,,,,,,,,,,,,,,,
FLCHAIN,deephit_single,4,5219.0,1305.0,43.0,True,2026-03-30T11:53:05.770693,0.9176662568346978,0.06993692209210917,0.9246332412264947,,,,0.045007288629737595,,,,,,,0.8867364881405387,0.9229375793783301,0.9630757594009347,,,,,,,,,,,,,,,,,,,,,,,,,,,,,,,,,,,,,,,,,,,,,,,,,,,,,,,,,,,,,,,,,,,,,,,,,,,,,,,,,,,,,,,,,,,,,,,,,,,,,,,,,,,,
FLCHAIN,deephit_single,5,5220.0,1304.0,43.0,True,2026-03-30T11:55:09.571279,0.9269118571484697,0.06982787158538736,0.9420331711235959,,,,0.7738702623906702,,,,,,,,,,0.9290314042760061,0.93614642305207,0.9603752894802364,,,,,,,,,,,,,,,,,,,,,,,,,,,,,,,,,,,,,,,,,,,,,,,,,,,,,,,,,,,,,,,,,,,,,,,,,,,,,,,,,,,,,,,,,,,,,,,,,,,,,,,,,
FLCHAIN,deepsurv,1,5219.0,1305.0,43.0,True,2026-03-30T11:44:32.388362,0.9219700943088144,0.04361722774426278,0.9286937796239407,0.8964141389905322,0.9262635693945898,0.9623454679125886,0.026681946791497522,,,,,,,,,,,,,,,,,,,,,,,,,,,,,,,,,,,,,,,,,,,,,,,,,,,,,,,,,,,,,,,,,,,,,,,,,,,,,,,,,,,,,,,,,,,,,,,,,,,,,,,,,,,,,,,,,,,,,
FLCHAIN,deepsurv,2,5219.0,1305.0,43.0,True,2026-03-30T11:46:41.665074,0.9267928844026205,0.04558844220230858,0.939252116969697,,,,0.02253818412550421,0.9171770833937662,0.9365881273469209,0.9632463712942325,,,,,,,,,,,,,,,,,,,,,,,,,,,,,,,,,,,,,,,,,,,,,,,,,,,,,,,,,,,,,,,,,,,,,,,,,,,,,,,,,,,,,,,,,,,,,,,,,,,,,,,,,,,,,,,,,,
FLCHAIN,deepsurv,3,5219.0,1305.0,43.0,True,2026-03-30T11:49:29.881287,0.9232445053982491,0.046853340365092776,0.9350123345942223,,,,0.029649104539775088,,,,0.9115116893266967,0.929879933432386,0.9622296295629704,,,,,,,,,,,,,,,,,,,,,,,,,,,,,,,,,,,,,,,,,,,,,,,,,,,,,,,,,,,,,,,,,,,,,,,,,,,,,,,,,,,,,,,,,,,,,,,,,,,,,,,,,,,,,,,
FLCHAIN,deepsurv,4,5219.0,1305.0,43.0,True,2026-03-30T11:51:37.822745,0.9202939294889095,0.047927175302537886,0.926637559426907,,,,0.037458350687213655,,,,,,,0.8934335642865252,0.923018800746623,0.9624389065793095,,,,,,,,,,,,,,,,,,,,,,,,,,,,,,,,,,,,,,,,,,,,,,,,,,,,,,,,,,,,,,,,,,,,,,,,,,,,,,,,,,,,,,,,,,,,,,,,,,,,,,,,,,,,
FLCHAIN,deepsurv,5,5220.0,1304.0,43.0,True,2026-03-30T11:53:44.330509,0.9235932404824578,0.04486443324615664,0.9348846213856701,,,,0.030169720949604326,,,,,,,,,,0.9105993384636004,0.9293309849753376,0.9638417158701043,,,,,,,,,,,,,,,,,,,,,,,,,,,,,,,,,,,,,,,,,,,,,,,,,,,,,,,,,,,,,,,,,,,,,,,,,,,,,,,,,,,,,,,,,,,,,,,,,,,,,,,,,
FLCHAIN,mtlr,1,5219.0,1305.0,43.0,True,2026-03-30T11:45:07.628489,0.9275563824207579,0.045179224077723255,0.9434041149275195,0.9268098090839261,0.9387393862203802,0.9640341482835453,0.048695685954586954,,,,,,,,,,,,,,,,,,,,,,,,,,,,,,,,,,,,,,,,,,,,,,,,,,,,,,,,,,,,,,,,,,,,,,,,,,,,,,,,,,,,,,,,,,,,,,,,,,,,,,,,,,,,,,,,,,,,,
FLCHAIN,mtlr,2,5219.0,1305.0,43.0,True,2026-03-30T11:47:16.231211,0.9295675198587819,0.04707752433839269,0.9460146955076927,,,,0.048566193371274664,0.9277747926634193,0.9410241380347493,0.968560757692419,,,,,,,,,,,,,,,,,,,,,,,,,,,,,,,,,,,,,,,,,,,,,,,,,,,,,,,,,,,,,,,,,,,,,,,,,,,,,,,,,,,,,,,,,,,,,,,,,,,,,,,,,,,,,,,,,,
FLCHAIN,mtlr,3,5219.0,1305.0,43.0,True,2026-03-30T11:50:03.824088,0.9189211510258425,0.06440801529013476,0.9331533585944293,,,,0.4309142024156601,,,,0.9126778142249324,0.9291856926396838,0.9563812157450974,,,,,,,,,,,,,,,,,,,,,,,,,,,,,,,,,,,,,,,,,,,,,,,,,,,,,,,,,,,,,,,,,,,,,,,,,,,,,,,,,,,,,,,,,,,,,,,,,,,,,,,,,,,,,,,
FLCHAIN,mtlr,4,5219.0,1305.0,43.0,True,2026-03-30T11:52:12.610401,0.919410541677912,0.051407506007606484,0.9273105611159469,,,,0.30765826738858804,,,,,,,0.8925104346296748,0.9259911978245273,0.9623756641354524,,,,,,,,,,,,,,,,,,,,,,,,,,,,,,,,,,,,,,,,,,,,,,,,,,,,,,,,,,,,,,,,,,,,,,,,,,,,,,,,,,,,,,,,,,,,,,,,,,,,,,,,,,,,
FLCHAIN,mtlr,5,5220.0,1304.0,43.0,True,2026-03-30T11:54:19.683922,0.9230861784465485,0.049735593822421875,0.936907847014433,,,,0.07845689296126611,,,,,,,,,,0.9220849139516136,0.9281485146868864,0.959814960568887,,,,,,,,,,,,,,,,,,,,,,,,,,,,,,,,,,,,,,,,,,,,,,,,,,,,,,,,,,,,,,,,,,,,,,,,,,,,,,,,,,,,,,,,,,,,,,,,,,,,,,,,,
FLCHAIN,pchazard,1,5219.0,1305.0,43.0,True,2026-03-30T11:45:15.215534,0.8178494027768156,0.5368235022337462,0.8573464212898222,0.8637957580323885,0.851655471415615,0.8566456963971525,2.735019326768059,,,,,,,,,,,,,,,,,,,,,,,,,,,,,,,,,,,,,,,,,,,,,,,,,,,,,,,,,,,,,,,,,,,,,,,,,,,,,,,,,,,,,,,,,,,,,,,,,,,,,,,,,,,,,,,,,,,,,
FLCHAIN,pchazard,2,5219.0,1305.0,43.0,True,2026-03-30T11:47:24.215926,0.9254577775567794,0.07401106698873684,0.9432512462044224,,,,0.033933531456985806,0.9257676089026736,0.9371921991362456,0.9661063510058849,,,,,,,,,,,,,,,,,,,,,,,,,,,,,,,,,,,,,,,,,,,,,,,,,,,,,,,,,,,,,,,,,,,,,,,,,,,,,,,,,,,,,,,,,,,,,,,,,,,,,,,,,,,,,,,,,,
FLCHAIN,pchazard,3,5219.0,1305.0,43.0,True,2026-03-30T11:50:12.073652,0.9247498585994084,0.04670645998415784,0.9402839441908551,,,,0.01949708454810495,,,,0.9232439487348718,0.9364589602040805,0.9601186517454725,,,,,,,,,,,,,,,,,,,,,,,,,,,,,,,,,,,,,,,,,,,,,,,,,,,,,,,,,,,,,,,,,,,,,,,,,,,,,,,,,,,,,,,,,,,,,,,,,,,,,,,,,,,,,,,
FLCHAIN,pchazard,4,5219.0,1305.0,43.0,True,2026-03-30T11:52:20.669008,0.8667771213802341,0.09896261327035893,0.8836725042805303,,,,0.965977717617659,,,,,,,0.846183734653766,0.8773646070168011,0.9263014758291741,,,,,,,,,,,,,,,,,,,,,,,,,,,,,,,,,,,,,,,,,,,,,,,,,,,,,,,,,,,,,,,,,,,,,,,,,,,,,,,,,,,,,,,,,,,,,,,,,,,,,,,,,,,,
FLCHAIN,pchazard,5,5220.0,1304.0,43.0,True,2026-03-30T11:54:27.198375,0.9228062507366519,0.05547289851321694,0.9361057973959986,,,,0.2909985422740524,,,,,,,,,,0.9159318045709197,0.9316194466163874,0.9600368424379827,,,,,,,,,,,,,,,,,,,,,,,,,,,,,,,,,,,,,,,,,,,,,,,,,,,,,,,,,,,,,,,,,,,,,,,,,,,,,,,,,,,,,,,,,,,,,,,,,,,,,,,,,
FLCHAIN,tabpfn_cox,1,5219.0,1305.0,43.0,True,2026-03-30T11:58:04.221650,0.9132393543854094,0.05280108593529891,0.9293009999654844,0.9035978954417752,0.9226647798464369,0.960680720680525,0.1679583551852068,,,,,,,,,,,,,,,,,,,,,,,,,,,,,,,,,,,,,,,,,,,,,,,,,,,,,,,,,,,,,,,,,,,,,,,,,,,,,,,,,,,,,,,,,,,,,,,,,,,,,,,,,,,,,,,,,,,,,
FLCHAIN,tabpfn_cox,2,5219.0,1305.0,43.0,True,2026-03-30T12:01:33.522391,0.8756734582250786,0.06901133107528269,0.8930903490472256,,,,0.38783676164947656,0.8710386127053745,0.879475431980322,0.9277419859692047,,,,,,,,,,,,,,,,,,,,,,,,,,,,,,,,,,,,,,,,,,,,,,,,,,,,,,,,,,,,,,,,,,,,,,,,,,,,,,,,,,,,,,,,,,,,,,,,,,,,,,,,,,,,,,,,,,
FLCHAIN,tabpfn_cox,3,5219.0,1305.0,43.0,True,2026-03-30T12:05:11.825252,0.9145514973446721,0.0511287638661705,0.9279298668975778,,,,0.04357559350270719,,,,0.9010041352881326,0.9246339855622976,0.9566224868073825,,,,,,,,,,,,,,,,,,,,,,,,,,,,,,,,,,,,,,,,,,,,,,,,,,,,,,,,,,,,,,,,,,,,,,,,,,,,,,,,,,,,,,,,,,,,,,,,,,,,,,,,,,,,,,,
FLCHAIN,tabpfn_cox,4,5219.0,1305.0,43.0,True,2026-03-30T12:08:38.169873,0.8855469257604383,0.06220043249773113,0.8952087367335133,,,,0.20991253644314864,,,,,,,0.8587435999480608,0.8880750456116004,0.9376652488811752,,,,,,,,,,,,,,,,,,,,,,,,,,,,,,,,,,,,,,,,,,,,,,,,,,,,,,,,,,,,,,,,,,,,,,,,,,,,,,,,,,,,,,,,,,,,,,,,,,,,,,,,,,,,
FLCHAIN,tabpfn_cox,5,5220.0,1304.0,43.0,True,2026-03-30T12:12:04.738494,0.9149584528346364,0.04965879769992921,0.9306973763379044,,,,0.0655716368179925,,,,,,,,,,0.9110865251687819,0.9209960958920006,0.959164402074894,,,,,,,,,,,,,,,,,,,,,,,,,,,,,,,,,,,,,,,,,,,,,,,,,,,,,,,,,,,,,,,,,,,,,,,,,,,,,,,,,,,,,,,,,,,,,,,,,,,,,,,,,
FLCHAIN,tabpfn_deephit,1,5219.0,1305.0,43.0,True,2026-03-30T11:59:03.134550,0.919924097732828,0.6683819408765188,0.9335650919975171,0.9087443957938798,0.9308247620386911,0.9602907690683326,4.970967762821384,,,,,,,,,,,,,,,,,,,,,,,,,,,,,,,,,,,,,,,,,,,,,,,,,,,,,,,,,,,,,,,,,,,,,,,,,,,,,,,,,,,,,,,,,,,,,,,,,,,,,,,,,,,,,,,,,,,,,
FLCHAIN,tabpfn_deephit,2,5219.0,1305.0,43.0,True,2026-03-30T12:02:36.448107,0.9267008938005793,0.6561988149853801,0.9428031100211416,,,,5.313734630849018,0.9235105487816131,0.9365895943167177,0.9675621571885706,,,,,,,,,,,,,,,,,,,,,,,,,,,,,,,,,,,,,,,,,,,,,,,,,,,,,,,,,,,,,,,,,,,,,,,,,,,,,,,,,,,,,,,,,,,,,,,,,,,,,,,,,,,,,,,,,,
FLCHAIN,tabpfn_deephit,3,5219.0,1305.0,43.0,True,2026-03-30T12:06:11.555329,0.9115583095997237,0.6462654028544932,0.9286340796912774,,,,5.036156809662639,,,,0.9112599285504288,0.9246872473161378,0.9489029004017444,,,,,,,,,,,,,,,,,,,,,,,,,,,,,,,,,,,,,,,,,,,,,,,,,,,,,,,,,,,,,,,,,,,,,,,,,,,,,,,,,,,,,,,,,,,,,,,,,,,,,,,,,,,,,,,
FLCHAIN,tabpfn_deephit,4,5219.0,1305.0,43.0,True,2026-03-30T12:09:38.305115,0.893541148129267,0.6741820779484704,0.901775605759007,,,,4.772464598084131,,,,,,,0.8684181884956008,0.8952950592709686,0.9405689013786297,,,,,,,,,,,,,,,,,,,,,,,,,,,,,,,,,,,,,,,,,,,,,,,,,,,,,,,,,,,,,,,,,,,,,,,,,,,,,,,,,,,,,,,,,,,,,,,,,,,,,,,,,,,,
FLCHAIN,tabpfn_deephit,5,5220.0,1304.0,43.0,True,2026-03-30T12:13:04.859985,0.9166060975130633,0.6596022886256429,0.9306699949470378,,,,5.113338192419823,,,,,,,,,,0.9101444879692229,0.9240481512578288,0.957022881422255,,,,,,,,,,,,,,,,,,,,,,,,,,,,,,,,,,,,,,,,,,,,,,,,,,,,,,,,,,,,,,,,,,,,,,,,,,,,,,,,,,,,,,,,,,,,,,,,,,,,,,,,,
FLCHAIN,tabpfn_mtlr,1,5219.0,1305.0,43.0,True,2026-03-30T12:00:45.477594,0.8699245925324836,0.17175499744042602,0.8845522454886562,0.8673738962839606,0.875197081430411,0.9103219452863325,5.137598819027642,,,,,,,,,,,,,,,,,,,,,,,,,,,,,,,,,,,,,,,,,,,,,,,,,,,,,,,,,,,,,,,,,,,,,,,,,,,,,,,,,,,,,,,,,,,,,,,,,,,,,,,,,,,,,,,,,,,,,
FLCHAIN,tabpfn_mtlr,2,5219.0,1305.0,43.0,True,2026-03-30T12:04:24.726954,0.8627922877068235,0.2552489276380755,0.8796267914421277,,,,5.759836580359861,0.8557077532062166,0.8753060117219795,0.9070241388513993,,,,,,,,,,,,,,,,,,,,,,,,,,,,,,,,,,,,,,,,,,,,,,,,,,,,,,,,,,,,,,,,,,,,,,,,,,,,,,,,,,,,,,,,,,,,,,,,,,,,,,,,,,,,,,,,,,
FLCHAIN,tabpfn_mtlr,3,5219.0,1305.0,43.0,True,2026-03-30T12:07:54.937233,0.7572915154639691,0.4589532482660407,0.7896195936709786,,,,5.00847303206997,,,,0.7993779408998172,0.7746487956092353,0.7948038972538027,,,,,,,,,,,,,,,,,,,,,,,,,,,,,,,,,,,,,,,,,,,,,,,,,,,,,,,,,,,,,,,,,,,,,,,,,,,,,,,,,,,,,,,,,,,,,,,,,,,,,,,,,,,,,,,
FLCHAIN,tabpfn_mtlr,4,5219.0,1305.0,43.0,True,2026-03-30T12:11:22.210652,0.8433092432102838,0.19509744849081762,0.8494399010275919,,,,4.823094543940026,,,,,,,0.8155479222917303,0.8415848178698286,0.8901172723622539,,,,,,,,,,,,,,,,,,,,,,,,,,,,,,,,,,,,,,,,,,,,,,,,,,,,,,,,,,,,,,,,,,,,,,,,,,,,,,,,,,,,,,,,,,,,,,,,,,,,,,,,,,,,
FLCHAIN,tabpfn_mtlr,5,5220.0,1304.0,43.0,True,2026-03-30T12:14:49.385888,0.8882253565395042,0.18536221720046675,0.9031774016781497,,,,5.585927738442315,,,,,,,,,,0.8883216114753122,0.8927866273772427,0.9277062138442402,,,,,,,,,,,,,,,,,,,,,,,,,,,,,,,,,,,,,,,,,,,,,,,,,,,,,,,,,,,,,,,,,,,,,,,,,,,,,,,,,,,,,,,,,,,,,,,,,,,,,,,,,
FLCHAIN,tabpfn_pchazard,1,5219.0,1305.0,43.0,True,2026-03-30T11:59:55.459432,0.9130637005076645,0.45398756109089267,0.9296195241665179,0.9093405702300075,0.9241692410047349,0.9545863235441698,8.060660800652643,,,,,,,,,,,,,,,,,,,,,,,,,,,,,,,,,,,,,,,,,,,,,,,,,,,,,,,,,,,,,,,,,,,,,,,,,,,,,,,,,,,,,,,,,,,,,,,,,,,,,,,,,,,,,,,,,,,,,
FLCHAIN,tabpfn_pchazard,2,5219.0,1305.0,43.0,True,2026-03-30T12:03:30.463542,0.8840620066382407,0.4348490429080424,0.9031994795662247,,,,8.254511197871143,0.887310553586655,0.8927204992178663,0.9288194824363318,,,,,,,,,,,,,,,,,,,,,,,,,,,,,,,,,,,,,,,,,,,,,,,,,,,,,,,,,,,,,,,,,,,,,,,,,,,,,,,,,,,,,,,,,,,,,,,,,,,,,,,,,,,,,,,,,,
FLCHAIN,tabpfn_pchazard,3,5219.0,1305.0,43.0,True,2026-03-30T12:07:04.081528,0.8795992732259856,0.534900022209965,0.8964426411122083,,,,8.251744064972929,,,,0.8763980555369888,0.8926901177256792,0.9190547185173006,,,,,,,,,,,,,,,,,,,,,,,,,,,,,,,,,,,,,,,,,,,,,,,,,,,,,,,,,,,,,,,,,,,,,,,,,,,,,,,,,,,,,,,,,,,,,,,,,,,,,,,,,,,,,,,
FLCHAIN,tabpfn_pchazard,4,5219.0,1305.0,43.0,True,2026-03-30T12:10:32.308895,0.9127957537409662,0.5299886079514713,0.9235045842998154,,,,8.15634110787172,,,,,,,0.8969747014896111,0.9198092112121771,0.9529084997989296,,,,,,,,,,,,,,,,,,,,,,,,,,,,,,,,,,,,,,,,,,,,,,,,,,,,,,,,,,,,,,,,,,,,,,,,,,,,,,,,,,,,,,,,,,,,,,,,,,,,,,,,,,,,
FLCHAIN,tabpfn_pchazard,5,5220.0,1304.0,43.0,True,2026-03-30T12:13:59.017576,0.8076749302636231,0.6004613048393334,0.838557591131545,,,,8.35027072053311,,,,,,,,,,0.8370960302757005,0.830758904340309,0.847574436998501,,,,,,,,,,,,,,,,,,,,,,,,,,,,,,,,,,,,,,,,,,,,,,,,,,,,,,,,,,,,,,,,,,,,,,,,,,,,,,,,,,,,,,,,,,,,,,,,,,,,,,,,,
GBSG,cox,1,1785.0,447.0,7.0,True,2026-03-26T17:08:32.229229,0.6378668536901165,0.18743011932196244,0.7003502463323439,,,,0.5599231198462398,,,,,,,,,,,,,0.7253641877574205,0.6997391475659853,0.6771806526894556,,,,,,,,,,,,,,,,,,,,,,,,,,,,,,,,,,,,,,,,,,,,,,,,,,,,,,,,,,,,,,,,,,,,,,,,,,,,,,,,,,,,,,,,,,,,,,,,,,,,,,
GBSG,cox,2,1785.0,447.0,7.0,True,2026-03-26T17:15:23.774068,0.6751606675306128,0.1872789189566093,0.7454591110867054,,,,0.5137330274660549,,,,,,,,,,,,,,,,0.7958652587582092,0.7205964271195793,0.7207668135203839,,,,,,,,,,,,,,,,,,,,,,,,,,,,,,,,,,,,,,,,,,,,,,,,,,,,,,,,,,,,,,,,,,,,,,,,,,,,,,,,,,,,,,,,,,,,,,,,,,,
GBSG,cox,3,1786.0,446.0,7.0,True,2026-03-26T17:21:19.249193,0.6506002400960385,0.18762512360845018,0.7154508603922537,,,,0.6149291505881985,,,,,,,,,,,,,,,,,,,0.720883680638423,0.7229694181786459,0.702917500860109,,,,,,,,,,,,,,,,,,,,,,,,,,,,,,,,,,,,,,,,,,,,,,,,,,,,,,,,,,,,,,,,,,,,,,,,,,,,,,,,,,,,,,,,,,,,,,,,
GBSG,cox,4,1786.0,446.0,7.0,True,2026-03-26T17:27:56.251949,0.6710689087967809,0.17557997097669983,0.7249828752749529,,,,0.4852598853286257,,,,,,,,,,,,,,,,,,,,,,0.7197070451138877,0.7238395359643977,0.7309915204055274,,,,,,,,,,,,,,,,,,,,,,,,,,,,,,,,,,,,,,,,,,,,,,,,,,,,,,,,,,,,,,,,,,,,,,,,,,,,,,,,,,,,,,,,,,,,,
GBSG,cox,5,1786.0,446.0,7.0,True,2026-03-26T17:35:35.074414,0.6811530406712287,0.1879411354556932,0.7362080009539055,,,,0.5343154868846568,,,,,,,,,,,,,,,,,,,,,,,,,0.7500345394226379,0.7179680460211598,0.740374333107632,,,,,,,,,,,,,,,,,,,,,,,,,,,,,,,,,,,,,,,,,,,,,,,,,,,,,,,,,,,,,,,,,,,,,,,,,,,,,,,,,,,,,,,,,,
GBSG,deephit_single,1,1785.0,447.0,7.0,True,2026-03-30T11:29:40.426908,0.6538088044885628,0.26492207842156146,0.7157567717609955,,,,0.13119226238452478,,,,,,,,,,,,,0.7349926214225303,0.7136632613059186,0.6994755464768352,,,,,,,,,,,,,,,,,,,,,,,,,,,,,,,,,,,,,,,,,,,,,,,,,,,,,,,,,,,,,,,,,,,,,,,,,,,,,,,,,,,,,,,,,,,,,,,,,,,,,,
GBSG,deephit_single,2,1785.0,447.0,7.0,True,2026-03-30T11:32:02.091271,0.6621750284308799,0.21035516710105626,0.7207028429808012,,,,0.1699423398846798,,,,,,,,,,,,,,,,0.7787709428012374,0.696592352852168,0.6879433036935005,,,,,,,,,,,,,,,,,,,,,,,,,,,,,,,,,,,,,,,,,,,,,,,,,,,,,,,,,,,,,,,,,,,,,,,,,,,,,,,,,,,,,,,,,,,,,,,,,,,
GBSG,deephit_single,3,1786.0,446.0,7.0,True,2026-03-30T11:34:14.361735,0.6377150860344137,0.19219456943941365,0.7084171691145386,,,,0.6614851036572982,,,,,,,,,,,,,,,,,,,0.7406856725964003,0.6941499459065417,0.6908489757358476,,,,,,,,,,,,,,,,,,,,,,,,,,,,,,,,,,,,,,,,,,,,,,,,,,,,,,,,,,,,,,,,,,,,,,,,,,,,,,,,,,,,,,,,,,,,,,,,
GBSG,deephit_single,4,1786.0,446.0,7.0,True,2026-03-30T11:36:29.307418,0.6657399980968176,0.17455524592043445,0.7166037873201245,,,,0.4496398943898514,,,,,,,,,,,,,,,,,,,,,,0.7104788502716708,0.7134400072342431,0.7252986655437745,,,,,,,,,,,,,,,,,,,,,,,,,,,,,,,,,,,,,,,,,,,,,,,,,,,,,,,,,,,,,,,,,,,,,,,,,,,,,,,,,,,,,,,,,,,,,
GBSG,deephit_single,5,1786.0,446.0,7.0,True,2026-03-30T11:38:39.012261,0.6714287619886083,0.19971947410920413,0.7145880167089059,,,,0.665547032448562,,,,,,,,,,,,,,,,,,,,,,,,,0.7160208855968013,0.6975535254768498,0.7295506283382086,,,,,,,,,,,,,,,,,,,,,,,,,,,,,,,,,,,,,,,,,,,,,,,,,,,,,,,,,,,,,,,,,,,,,,,,,,,,,,,,,,,,,,,,,,
GBSG,deepsurv,1,1785.0,447.0,7.0,True,2026-03-30T11:27:58.682753,0.6599050496331463,0.18394917272506234,0.724447424500607,,,,0.5450430900861801,,,,,,,,,,,,,0.7455200325343545,0.722011153893583,0.7067467473781008,,,,,,,,,,,,,,,,,,,,,,,,,,,,,,,,,,,,,,,,,,,,,,,,,,,,,,,,,,,,,,,,,,,,,,,,,,,,,,,,,,,,,,,,,,,,,,,,,,,,,,
GBSG,deepsurv,2,1785.0,447.0,7.0,True,2026-03-30T11:30:33.359376,0.6752267858559678,0.18187166501518431,0.7357736204326843,,,,0.361522723045446,,,,,,,,,,,,,,,,0.7878574400023546,0.7135242694451152,0.7069838189158885,,,,,,,,,,,,,,,,,,,,,,,,,,,,,,,,,,,,,,,,,,,,,,,,,,,,,,,,,,,,,,,,,,,,,,,,,,,,,,,,,,,,,,,,,,,,,,,,,,,
GBSG,deepsurv,3,1786.0,446.0,7.0,True,2026-03-30T11:32:43.112474,0.6606976123782846,0.1860684272598808,0.7325823990870426,,,,0.5855582808667531,,,,,,,,,,,,,,,,,,,0.7599361147392117,0.7294035300958557,0.7090848080780388,,,,,,,,,,,,,,,,,,,,,,,,,,,,,,,,,,,,,,,,,,,,,,,,,,,,,,,,,,,,,,,,,,,,,,,,,,,,,,,,,,,,,,,,,,,,,,,,
GBSG,deepsurv,4,1786.0,446.0,7.0,True,2026-03-30T11:34:58.059425,0.6764250078166419,0.16987022455099768,0.7295798371235338,,,,0.380587104938368,,,,,,,,,,,,,,,,,,,,,,0.7295081514208778,0.7287687833591714,0.7304062100441661,,,,,,,,,,,,,,,,,,,,,,,,,,,,,,,,,,,,,,,,,,,,,,,,,,,,,,,,,,,,,,,,,,,,,,,,,,,,,,,,,,,,,,,,,,,,,
GBSG,deepsurv,5,1786.0,446.0,7.0,True,2026-03-30T11:37:07.914261,0.6954926834473835,0.18499317475424895,0.7553400082971607,,,,0.4796356762330296,,,,,,,,,,,,,,,,,,,,,,,,,0.7551026229523254,0.7466740750428035,0.7638838786419346,,,,,,,,,,,,,,,,,,,,,,,,,,,,,,,,,,,,,,,,,,,,,,,,,,,,,,,,,,,,,,,,,,,,,,,,,,,,,,,,,,,,,,,,,,
GBSG,embedding_cox,1,1785.0,447.0,7.0,True,2026-03-26T17:14:08.924360,0.5,0.39597723381576755,0.5,,,,9.000000000000002,,,,,,,,,,,,,0.5,0.5,0.5,,,,,,,,,,,,,,,,,,,,,,,,,,,,,,,,,,,,,,,,,,,,,,,,,,,,,,,,,,,,,,,,,,,,,,,,,,,,,,,,,,,,,,,,,,,,,,,,,,,,,,
GBSG,embedding_cox,2,1785.0,447.0,7.0,True,2026-03-26T17:20:05.129163,0.6030850810610668,0.3981303131901735,0.629323413818722,,,,9.000000000000002,,,,,,,,,,,,,,,,0.6401838566873612,0.6222024611914648,0.6256826335717824,,,,,,,,,,,,,,,,,,,,,,,,,,,,,,,,,,,,,,,,,,,,,,,,,,,,,,,,,,,,,,,,,,,,,,,,,,,,,,,,,,,,,,,,,,,,,,,,,,,
GBSG,embedding_cox,3,1786.0,446.0,7.0,True,2026-03-26T17:26:42.891945,0.5561758036547952,0.4021356201844063,0.5752288574500475,,,,8.999999999999998,,,,,,,,,,,,,,,,,,,0.5677826499295664,0.5865600656294702,0.5715235640455237,,,,,,,,,,,,,,,,,,,,,,,,,,,,,,,,,,,,,,,,,,,,,,,,,,,,,,,,,,,,,,,,,,,,,,,,,,,,,,,,,,,,,,,,,,,,,,,,
GBSG,embedding_cox,4,1786.0,446.0,7.0,True,2026-03-26T17:34:24.199998,0.5006729109174699,0.393342952313377,0.5022224486912474,,,,8.999999999999998,,,,,,,,,,,,,,,,,,,,,,0.510181043156365,0.5011468279592123,0.4957799678027697,,,,,,,,,,,,,,,,,,,,,,,,,,,,,,,,,,,,,,,,,,,,,,,,,,,,,,,,,,,,,,,,,,,,,,,,,,,,,,,,,,,,,,,,,,,,,
GBSG,embedding_cox,5,1786.0,446.0,7.0,True,2026-03-26T17:41:08.932356,0.5,0.4099561936769357,0.5,,,,8.999999999999998,,,,,,,,,,,,,,,,,,,,,,,,,0.5,0.5,0.5,,,,,,,,,,,,,,,,,,,,,,,,,,,,,,,,,,,,,,,,,,,,,,,,,,,,,,,,,,,,,,,,,,,,,,,,,,,,,,,,,,,,,,,,,,
GBSG,gbsa,1,1785.0,447.0,7.0,True,2026-03-26T17:09:56.618017,0.656182563659905,0.18386830437482132,0.7245354506110131,,,,0.5360530721061443,,,,,,,,,,,,,0.7583764788657793,0.7240473041493906,0.692869213516568,,,,,,,,,,,,,,,,,,,,,,,,,,,,,,,,,,,,,,,,,,,,,,,,,,,,,,,,,,,,,,,,,,,,,,,,,,,,,,,,,,,,,,,,,,,,,,,,,,,,,,
GBSG,gbsa,2,1785.0,447.0,7.0,True,2026-03-26T17:16:39.172140,0.6759540874348734,0.18267241414353666,0.7337709913849808,,,,0.40864281728563456,,,,,,,,,,,,,,,,0.7826416683140893,0.7125302431417666,0.7071038092788441,,,,,,,,,,,,,,,,,,,,,,,,,,,,,,,,,,,,,,,,,,,,,,,,,,,,,,,,,,,,,,,,,,,,,,,,,,,,,,,,,,,,,,,,,,,,,,,,,,,
GBSG,gbsa,3,1786.0,446.0,7.0,True,2026-03-26T17:23:19.020795,0.6465853007869815,0.19293219100930664,0.7141316703592315,,,,0.5086940898936088,,,,,,,,,,,,,,,,,,,0.7397336019044243,0.7045253283627939,0.6985392934083916,,,,,,,,,,,,,,,,,,,,,,,,,,,,,,,,,,,,,,,,,,,,,,,,,,,,,,,,,,,,,,,,,,,,,,,,,,,,,,,,,,,,,,,,,,,,,,,,
GBSG,gbsa,4,1786.0,446.0,7.0,True,2026-03-26T17:30:16.447274,0.6812509345984965,0.17093657582608682,0.7405842711219008,,,,0.3852739458513646,,,,,,,,,,,,,,,,,,,,,,0.7485163689022539,0.7487986336779269,0.7254697115182053,,,,,,,,,,,,,,,,,,,,,,,,,,,,,,,,,,,,,,,,,,,,,,,,,,,,,,,,,,,,,,,,,,,,,,,,,,,,,,,,,,,,,,,,,,,,,
GBSG,gbsa,5,1786.0,446.0,7.0,True,2026-03-26T17:37:20.414407,0.6923112836314645,0.18325698209263291,0.7571078211802923,,,,0.5318158383977253,,,,,,,,,,,,,,,,,,,,,,,,,0.7673830627689782,0.7421180308772501,0.7615806369133346,,,,,,,,,,,,,,,,,,,,,,,,,,,,,,,,,,,,,,,,,,,,,,,,,,,,,,,,,,,,,,,,,,,,,,,,,,,,,,,,,,,,,,,,,,
GBSG,km,1,1785.0,447.0,7.0,True,2026-03-26T17:08:32.282155,0.5,0.20068122050159715,0.5,,,,0.6138632277264556,,,,,,,,,,,,,0.5,0.5,0.5,,,,,,,,,,,,,,,,,,,,,,,,,,,,,,,,,,,,,,,,,,,,,,,,,,,,,,,,,,,,,,,,,,,,,,,,,,,,,,,,,,,,,,,,,,,,,,,,,,,,,,
GBSG,km,2,1785.0,447.0,7.0,True,2026-03-26T17:15:23.877695,0.5,0.2129652372944745,0.5,,,,0.6343232686465374,,,,,,,,,,,,,,,,0.5,0.5,0.5,,,,,,,,,,,,,,,,,,,,,,,,,,,,,,,,,,,,,,,,,,,,,,,,,,,,,,,,,,,,,,,,,,,,,,,,,,,,,,,,,,,,,,,,,,,,,,,,,,,
GBSG,km,3,1786.0,446.0,7.0,True,2026-03-26T17:21:19.305507,0.5,0.206412889043366,0.5,,,,0.625865112718524,,,,,,,,,,,,,,,,,,,0.5,0.5,0.5,,,,,,,,,,,,,,,,,,,,,,,,,,,,,,,,,,,,,,,,,,,,,,,,,,,,,,,,,,,,,,,,,,,,,,,,,,,,,,,,,,,,,,,,,,,,,,,,
GBSG,km,4,1786.0,446.0,7.0,True,2026-03-26T17:27:56.365260,0.5,0.19632172272263002,0.5,,,,0.6186786233185957,,,,,,,,,,,,,,,,,,,,,,0.5,0.5,0.5,,,,,,,,,,,,,,,,,,,,,,,,,,,,,,,,,,,,,,,,,,,,,,,,,,,,,,,,,,,,,,,,,,,,,,,,,,,,,,,,,,,,,,,,,,,,,
GBSG,km,5,1786.0,446.0,7.0,True,2026-03-26T17:35:35.141095,0.5,0.21518899090062654,0.5,,,,0.638050899092315,,,,,,,,,,,,,,,,,,,,,,,,,0.5,0.5,0.5,,,,,,,,,,,,,,,,,,,,,,,,,,,,,,,,,,,,,,,,,,,,,,,,,,,,,,,,,,,,,,,,,,,,,,,,,,,,,,,,,,,,,,,,,,
GBSG,mtlr,1,1785.0,447.0,7.0,True,2026-03-30T11:28:37.591068,0.6516238670694864,0.19216894500658424,0.7179198511380427,,,,0.9514539029078057,,,,,,,,,,,,,0.7398830995561789,0.7135705639375907,0.7011838129806355,,,,,,,,,,,,,,,,,,,,,,,,,,,,,,,,,,,,,,,,,,,,,,,,,,,,,,,,,,,,,,,,,,,,,,,,,,,,,,,,,,,,,,,,,,,,,,,,,,,,,,
GBSG,mtlr,2,1785.0,447.0,7.0,True,2026-03-30T11:31:10.226171,0.6613551611964772,0.1902588719878386,0.7294170630866599,,,,0.2551925103850208,,,,,,,,,,,,,,,,0.7727935213348686,0.7113610241457161,0.7049894013633698,,,,,,,,,,,,,,,,,,,,,,,,,,,,,,,,,,,,,,,,,,,,,,,,,,,,,,,,,,,,,,,,,,,,,,,,,,,,,,,,,,,,,,,,,,,,,,,,,,,
GBSG,mtlr,3,1786.0,446.0,7.0,True,2026-03-30T11:33:19.079426,0.6358476724022942,0.20223188446726353,0.6976684397929354,,,,0.41245762314674506,,,,,,,,,,,,,,,,,,,0.7182350612656155,0.7060743097861162,0.66958071431869,,,,,,,,,,,,,,,,,,,,,,,,,,,,,,,,,,,,,,,,,,,,,,,,,,,,,,,,,,,,,,,,,,,,,,,,,,,,,,,,,,,,,,,,,,,,,,,,
GBSG,mtlr,4,1786.0,446.0,7.0,True,2026-03-30T11:35:35.437607,0.6819850192357363,0.16979386336404423,0.7449970508883406,,,,0.31215922760861753,,,,,,,,,,,,,,,,,,,,,,0.7521036557910243,0.7508558500550255,0.7328603483978722,,,,,,,,,,,,,,,,,,,,,,,,,,,,,,,,,,,,,,,,,,,,,,,,,,,,,,,,,,,,,,,,,,,,,,,,,,,,,,,,,,,,,,,,,,,,,
GBSG,mtlr,5,1786.0,446.0,7.0,True,2026-03-30T11:37:45.370481,0.6833806875025011,0.1887188057778073,0.7405063569912909,,,,0.42839288225093347,,,,,,,,,,,,,,,,,,,,,,,,,0.7466405915178151,0.731146343880628,0.7435711663847202,,,,,,,,,,,,,,,,,,,,,,,,,,,,,,,,,,,,,,,,,,,,,,,,,,,,,,,,,,,,,,,,,,,,,,,,,,,,,,,,,,,,,,,,,,
GBSG,pchazard,1,1785.0,447.0,7.0,True,2026-03-30T11:28:52.304862,0.6432078118256366,0.2582866530792014,0.7067388249579376,,,,0.12778225556451114,,,,,,,,,,,,,0.7378008154886725,0.7083409071617816,0.6757330764641428,,,,,,,,,,,,,,,,,,,,,,,,,,,,,,,,,,,,,,,,,,,,,,,,,,,,,,,,,,,,,,,,,,,,,,,,,,,,,,,,,,,,,,,,,,,,,,,,,,,,,,
GBSG,pchazard,2,1785.0,447.0,7.0,True,2026-03-30T11:31:18.582505,0.6403295337335696,0.5843677531007749,0.6855706296735918,,,,7.932977865955732,,,,,,,,,,,,,,,,0.7256476218596162,0.6661985160288575,0.6655614945627275,,,,,,,,,,,,,,,,,,,,,,,,,,,,,,,,,,,,,,,,,,,,,,,,,,,,,,,,,,,,,,,,,,,,,,,,,,,,,,,,,,,,,,,,,,,,,,,,,,,
GBSG,pchazard,3,1786.0,446.0,7.0,True,2026-03-30T11:33:27.827162,0.6494664532479658,0.1902003297047192,0.7172718910975394,,,,0.7574091143432956,,,,,,,,,,,,,,,,,,,0.7378547070182759,0.7198217036928651,0.6948207840070559,,,,,,,,,,,,,,,,,,,,,,,,,,,,,,,,,,,,,,,,,,,,,,,,,,,,,,,,,,,,,,,,,,,,,,,,,,,,,,,,,,,,,,,,,,,,,,,,
GBSG,pchazard,4,1786.0,446.0,7.0,True,2026-03-30T11:35:44.390609,0.6853427767431112,0.16610442998164138,0.7415163317504825,,,,0.4627630489462419,,,,,,,,,,,,,,,,,,,,,,0.7348627766774402,0.7413447914390066,0.7479048034462576,,,,,,,,,,,,,,,,,,,,,,,,,,,,,,,,,,,,,,,,,,,,,,,,,,,,,,,,,,,,,,,,,,,,,,,,,,,,,,,,,,,,,,,,,,,,,
GBSG,pchazard,5,1786.0,446.0,7.0,True,2026-03-30T11:37:54.676086,0.636453372817373,0.20516508145695897,0.6756351740879314,,,,0.4537018231811152,,,,,,,,,,,,,,,,,,,,,,,,,0.6723450944617573,0.6705181189623957,0.6837180427155961,,,,,,,,,,,,,,,,,,,,,,,,,,,,,,,,,,,,,,,,,,,,,,,,,,,,,,,,,,,,,,,,,,,,,,,,,,,,,,,,,,,,,,,,,,
GBSG,rsf,1,,,,,,0.6571131851532154,0.1845111569696515,0.7235171918715808,,,,0.5239630479260959,,,,,,,,,,,,,0.7467442020754778,0.7226854914277926,0.7022528281893866,,,,,,,,,,,,,,,,,,,,,,,,,,,,,,,,,,,,,,,,,,,,,,,,,,,,,,,,,,,,,,,,,,,,,,,,,,,,,,,,,,,,,,,,,,,,,,,,,,,,,,
GBSG,rsf,2,,,,,,0.6775343154108593,0.17728375554958775,0.7402965921210153,,,,0.38384276768553544,,,,,,,,,,,,,,,,0.7902145426046718,0.7216969705030274,0.7101102737088252,,,,,,,,,,,,,,,,,,,,,,,,,,,,,,,,,,,,,,,,,,,,,,,,,,,,,,,,,,,,,,,,,,,,,,,,,,,,,,,,,,,,,,,,,,,,,,,,,,,
GBSG,rsf,3,,,,,,0.6602841136454581,0.18446920824338345,0.7354805291301696,,,,0.5758721429798933,,,,,,,,,,,,,,,,,,,0.7633285754931055,0.7352484521570631,0.7086585612253846,,,,,,,,,,,,,,,,,,,,,,,,,,,,,,,,,,,,,,,,,,,,,,,,,,,,,,,,,,,,,,,,,,,,,,,,,,,,,,,,,,,,,,,,,,,,,,,,
GBSG,rsf,4,,,,,,0.6805576324411033,0.1677386254280746,0.7387006491275738,,,,0.422456217094471,,,,,,,,,,,,,,,,,,,,,,0.740945692965066,0.7424954461568642,0.7330467108970374,,,,,,,,,,,,,,,,,,,,,,,,,,,,,,,,,,,,,,,,,,,,,,,,,,,,,,,,,,,,,,,,,,,,,,,,,,,,,,,,,,,,,,,,,,,,,
GBSG,rsf,5,,,,,,0.6977403390825296,0.18209495338033674,0.7625345179604943,,,,0.49088409442422154,,,,,,,,,,,,,,,,,,,,,,,,,0.7719186769940218,0.7539296375211331,0.7617404323510399,,,,,,,,,,,,,,,,,,,,,,,,,,,,,,,,,,,,,,,,,,,,,,,,,,,,,,,,,,,,,,,,,,,,,,,,,,,,,,,,,,,,,,,,,,
GBSG,tabpfn_cox,1,1785.0,447.0,7.0,True,2026-03-30T11:49:29.654521,0.663115019421666,0.1828977367570392,0.7284785278492045,,,,0.41887283774567546,,,,,,,,,,,,,0.7505369287101924,0.7245274489048551,0.7112753473799422,,,,,,,,,,,,,,,,,,,,,,,,,,,,,,,,,,,,,,,,,,,,,,,,,,,,,,,,,,,,,,,,,,,,,,,,,,,,,,,,,,,,,,,,,,,,,,,,,,,,,,
GBSG,tabpfn_cox,2,1785.0,447.0,7.0,True,2026-03-30T11:50:40.150593,0.6631139086509217,0.18442225230865586,0.7278322109660328,,,,0.4241428482856966,,,,,,,,,,,,,,,,0.7826676707895397,0.7076942717095543,0.6943923285837026,,,,,,,,,,,,,,,,,,,,,,,,,,,,,,,,,,,,,,,,,,,,,,,,,,,,,,,,,,,,,,,,,,,,,,,,,,,,,,,,,,,,,,,,,,,,,,,,,,,
GBSG,tabpfn_cox,3,1786.0,446.0,7.0,True,2026-03-30T11:51:50.141736,0.6485060690943044,0.1909599992994442,0.7176760324676658,,,,0.3983971004077551,,,,,,,,,,,,,,,,,,,0.7483607724854888,0.7118530179573435,0.6934955219664231,,,,,,,,,,,,,,,,,,,,,,,,,,,,,,,,,,,,,,,,,,,,,,,,,,,,,,,,,,,,,,,,,,,,,,,,,,,,,,,,,,,,,,,,,,,,,,,,
GBSG,tabpfn_cox,4,1786.0,446.0,7.0,True,2026-03-30T11:53:01.721956,0.6738421174263537,0.1726591167912733,0.7288127031571257,,,,0.4268306019466012,,,,,,,,,,,,,,,,,,,,,,0.7331909268822319,0.730592755434967,0.7230481755135391,,,,,,,,,,,,,,,,,,,,,,,,,,,,,,,,,,,,,,,,,,,,,,,,,,,,,,,,,,,,,,,,,,,,,,,,,,,,,,,,,,,,,,,,,,,,,
GBSG,tabpfn_cox,5,1786.0,446.0,7.0,True,2026-03-30T11:54:11.889945,0.6847813037736604,0.18972351893944325,0.7424042052070455,,,,0.4730740989548344,,,,,,,,,,,,,,,,,,,,,,,,,0.7459250807892841,0.7314470237167253,0.7495219118224902,,,,,,,,,,,,,,,,,,,,,,,,,,,,,,,,,,,,,,,,,,,,,,,,,,,,,,,,,,,,,,,,,,,,,,,,,,,,,,,,,,,,,,,,,,
GBSG,tabpfn_deephit,1,1785.0,447.0,7.0,True,2026-03-30T11:49:49.769288,0.6482925118687959,0.3486555185974108,0.709247602102436,,,,8.0997581995164,,,,,,,,,,,,,0.736159516114548,0.7002321021367632,0.6922287989143818,,,,,,,,,,,,,,,,,,,,,,,,,,,,,,,,,,,,,,,,,,,,,,,,,,,,,,,,,,,,,,,,,,,,,,,,,,,,,,,,,,,,,,,,,,,,,,,,,,,,,,
GBSG,tabpfn_deephit,2,1785.0,447.0,7.0,True,2026-03-30T11:51:00.585428,0.6456983417524,0.35187129639546705,0.6956896924646996,,,,8.243598487196975,,,,,,,,,,,,,,,,0.7379159385949332,0.6792242712772533,0.670851323163494,,,,,,,,,,,,,,,,,,,,,,,,,,,,,,,,,,,,,,,,,,,,,,,,,,,,,,,,,,,,,,,,,,,,,,,,,,,,,,,,,,,,,,,,,,,,,,,,,,,
GBSG,tabpfn_deephit,3,1786.0,446.0,7.0,True,2026-03-30T11:52:10.898283,0.6399959983993597,0.3637629950784757,0.701378529126769,,,,8.765657954350168,,,,,,,,,,,,,,,,,,,0.7287893022613352,0.6988174012185215,0.6772292718837392,,,,,,,,,,,,,,,,,,,,,,,,,,,,,,,,,,,,,,,,,,,,,,,,,,,,,,,,,,,,,,,,,,,,,,,,,,,,,,,,,,,,,,,,,,,,,,,,
GBSG,tabpfn_deephit,4,1786.0,446.0,7.0,True,2026-03-30T11:53:22.266219,0.6399246883538832,0.355687389967788,0.6925898657978555,,,,8.5353778374916,,,,,,,,,,,,,,,,,,,,,,0.7054858960727732,0.6902015987930677,0.6827546721960899,,,,,,,,,,,,,,,,,,,,,,,,,,,,,,,,,,,,,,,,,,,,,,,,,,,,,,,,,,,,,,,,,,,,,,,,,,,,,,,,,,,,,,,,,,,,,
GBSG,tabpfn_deephit,5,1786.0,446.0,7.0,True,2026-03-30T11:54:32.014374,0.6570090839969587,0.36583205357818555,0.689319442325715,,,,8.688793763377022,,,,,,,,,,,,,,,,,,,,,,,,,0.6890572892285856,0.6797570870466696,0.6987473128343907,,,,,,,,,,,,,,,,,,,,,,,,,,,,,,,,,,,,,,,,,,,,,,,,,,,,,,,,,,,,,,,,,,,,,,,,,,,,,,,,,,,,,,,,,,
GBSG,tabpfn_mtlr,1,1785.0,447.0,7.0,True,2026-03-30T11:50:25.650803,0.6438686879585671,0.35721055901954013,0.7085484558436412,,,,8.168268336536672,,,,,,,,,,,,,0.7372109357214214,0.7061431340685268,0.6836127866255579,,,,,,,,,,,,,,,,,,,,,,,,,,,,,,,,,,,,,,,,,,,,,,,,,,,,,,,,,,,,,,,,,,,,,,,,,,,,,,,,,,,,,,,,,,,,,,,,,,,,,,
GBSG,tabpfn_mtlr,2,1785.0,447.0,7.0,True,2026-03-30T11:51:35.416868,0.6581682579143635,0.3678331824645906,0.7213584381303662,,,,8.462148924297848,,,,,,,,,,,,,,,,0.7780447102439894,0.6971408752919553,0.6900266074872685,,,,,,,,,,,,,,,,,,,,,,,,,,,,,,,,,,,,,,,,,,,,,,,,,,,,,,,,,,,,,,,,,,,,,,,,,,,,,,,,,,,,,,,,,,,,,,,,,,,
GBSG,tabpfn_mtlr,3,1786.0,446.0,7.0,True,2026-03-30T11:52:46.878733,0.6498399359743897,0.3710996628643065,0.7166331759729884,,,,8.311346841850364,,,,,,,,,,,,,,,,,,,0.7386040937753737,0.7235885498129995,0.6885816391216082,,,,,,,,,,,,,,,,,,,,,,,,,,,,,,,,,,,,,,,,,,,,,,,,,,,,,,,,,,,,,,,,,,,,,,,,,,,,,,,,,,,,,,,,,,,,,,,,
GBSG,tabpfn_mtlr,4,1786.0,446.0,7.0,True,2026-03-30T11:53:57.155975,0.6533965008632292,0.37366294919740656,0.6980601415652,,,,8.843147057445046,,,,,,,,,,,,,,,,,,,,,,0.7028562969805496,0.6968329651465878,0.6947196574258481,,,,,,,,,,,,,,,,,,,,,,,,,,,,,,,,,,,,,,,,,,,,,,,,,,,,,,,,,,,,,,,,,,,,,,,,,,,,,,,,,,,,,,,,,,,,,
GBSG,tabpfn_mtlr,5,1786.0,446.0,7.0,True,2026-03-30T11:55:08.147908,0.6822868728907386,0.3724486023768251,0.7350362289755265,,,,8.536940117795933,,,,,,,,,,,,,,,,,,,,,,,,,0.7447820439204577,0.7218841325726153,0.7382563838107441,,,,,,,,,,,,,,,,,,,,,,,,,,,,,,,,,,,,,,,,,,,,,,,,,,,,,,,,,,,,,,,,,,,,,,,,,,,,,,,,,,,,,,,,,,
GBSG,tabpfn_pchazard,1,1785.0,447.0,7.0,True,2026-03-30T11:50:08.308167,0.6607817220543807,0.18932024565597613,0.7220826781443787,,,,0.7887035774071548,,,,,,,,,,,,,0.7450881424833898,0.7158830828141068,0.7061080373687068,,,,,,,,,,,,,,,,,,,,,,,,,,,,,,,,,,,,,,,,,,,,,,,,,,,,,,,,,,,,,,,,,,,,,,,,,,,,,,,,,,,,,,,,,,,,,,,,,,,,,,
GBSG,tabpfn_pchazard,2,1785.0,447.0,7.0,True,2026-03-30T11:51:18.913350,0.655219380603528,0.18926013556048862,0.7215212062821084,,,,0.6330832661665323,,,,,,,,,,,,,,,,0.767665075627086,0.7087268827628821,0.689429253704363,,,,,,,,,,,,,,,,,,,,,,,,,,,,,,,,,,,,,,,,,,,,,,,,,,,,,,,,,,,,,,,,,,,,,,,,,,,,,,,,,,,,,,,,,,,,,,,,,,,
GBSG,tabpfn_pchazard,3,1786.0,446.0,7.0,True,2026-03-30T11:52:29.639973,0.6547885820995065,0.20307311650523785,0.7316216159362676,,,,1.276086175381587,,,,,,,,,,,,,,,,,,,0.7595875881342795,0.7320256092535165,0.70407117496374,,,,,,,,,,,,,,,,,,,,,,,,,,,,,,,,,,,,,,,,,,,,,,,,,,,,,,,,,,,,,,,,,,,,,,,,,,,,,,,,,,,,,,,,,,,,,,,,
GBSG,tabpfn_pchazard,4,1786.0,446.0,7.0,True,2026-03-30T11:53:40.471916,0.6615937793124074,0.1816618916699457,0.7277664125639308,,,,0.7777187582996141,,,,,,,,,,,,,,,,,,,,,,0.7479908694936257,0.7239302134782903,0.7124271316439572,,,,,,,,,,,,,,,,,,,,,,,,,,,,,,,,,,,,,,,,,,,,,,,,,,,,,,,,,,,,,,,,,,,,,,,,,,,,,,,,,,,,,,,,,,,,,
GBSG,tabpfn_pchazard,5,1786.0,446.0,7.0,True,2026-03-30T11:54:51.011425,0.6833139914895887,0.20041731529368753,0.7446605352271256,,,,1.412941930041088,,,,,,,,,,,,,,,,,,,,,,,,,0.7630494824407489,0.7288380537630264,0.7421071545466131,,,,,,,,,,,,,,,,,,,,,,,,,,,,,,,,,,,,,,,,,,,,,,,,,,,,,,,,,,,,,,,,,,,,,,,,,,,,,,,,,,,,,,,,,,
METABRIC,cox,1,1523.0,381.0,9.0,True,2026-03-26T16:35:34.454693,0.6444100303770326,0.16862962988042396,0.6692792726181338,,,,0.3169421487603306,,,,,,,,,,,,,,,,,,,,,,,,,,,,0.6535186430403384,0.6484852806374906,0.7002674148983623,,,,,,,,,,,,,,,,,,,,,,,,,,,,,,,,,,,,,,,,,,,,,,,,,,,,,,,,,,,,,,,,,,,,,,,,,,,,,,,,,,,,,,,
METABRIC,cox,2,1523.0,381.0,9.0,True,2026-03-26T16:41:46.844358,0.6341191987470118,,,,,,0.32695890747527684,,,,,,,,,,,,,,,,,,,,,,,,,,,,,,,,,,,,,,,,,,,,,,,,,,,,,,,,,,,,,,,,,,,,,,,,,,,,,,,,,,,,,,,,,,,,,,,,,,,,,,,,,,,,,,,,,,,,,
METABRIC,cox,3,1523.0,381.0,9.0,True,2026-03-26T16:49:10.701592,0.6297521296848259,0.17908833530843926,0.6422383453853409,,,,0.3838782989701275,,,,,,,,,,,,,,,,,,,,,,,,,,,,,,,0.6032560261283268,0.633512539191017,0.6852923121593599,,,,,,,,,,,,,,,,,,,,,,,,,,,,,,,,,,,,,,,,,,,,,,,,,,,,,,,,,,,,,,,,,,,,,,,,,,,,,,,,,,,,
METABRIC,cox,4,1523.0,381.0,9.0,True,2026-03-26T16:55:13.953441,0.6234565410378501,0.1643331205615308,0.625405188856781,,,,0.32450195532442,,,,,,,,,,,,,,,,,,,,,,,,,,,,,,,,,,0.5720855737794251,0.6446731076622766,0.6544108197166101,,,,,,,,,,,,,,,,,,,,,,,,,,,,,,,,,,,,,,,,,,,,,,,,,,,,,,,,,,,,,,,,,,,,,,,,,,,,,,,,,
METABRIC,cox,5,1524.0,380.0,9.0,True,2026-03-26T17:01:20.836063,0.638752184480646,0.16054115208859226,0.6753865579249965,,,,0.4805785123966942,,,,,,,,,,,,,,,,,,,,,,,,,,,,,,,,,,,,,0.6769846276061713,0.6762041626817132,0.6733844287658564,,,,,,,,,,,,,,,,,,,,,,,,,,,,,,,,,,,,,,,,,,,,,,,,,,,,,,,,,,,,,,,,,,,,,,,,,,,,,,
METABRIC,deephit_single,1,1523.0,381.0,9.0,True,2026-03-30T11:18:58.334219,0.6163360930768161,0.20275700899698862,0.628258379350971,,,,0.2359504132231405,,,,,,,,,,,,,,,,,,,,,,,,,,,,0.6137242369233065,0.630526832940105,0.6384411447660024,,,,,,,,,,,,,,,,,,,,,,,,,,,,,,,,,,,,,,,,,,,,,,,,,,,,,,,,,,,,,,,,,,,,,,,,,,,,,,,,,,,,,,,
METABRIC,deephit_single,2,1523.0,381.0,9.0,True,2026-03-30T11:21:02.638786,0.5980545709339709,,,,,,0.33392027190270457,,,,,,,,,,,,,,,,,,,,,,,,,,,,,,,,,,,,,,,,,,,,,,,,,,,,,,,,,,,,,,,,,,,,,,,,,,,,,,,,,,,,,,,,,,,,,,,,,,,,,,,,,,,,,,,,,,,,,
METABRIC,deephit_single,3,1523.0,381.0,9.0,True,2026-03-30T11:22:56.306353,0.6265984654731458,0.18879729321654326,0.6442680303399413,,,,0.12917425933129953,,,,,,,,,,,,,,,,,,,,,,,,,,,,,,,0.596599081841962,0.647968684331315,0.683951214316443,,,,,,,,,,,,,,,,,,,,,,,,,,,,,,,,,,,,,,,,,,,,,,,,,,,,,,,,,,,,,,,,,,,,,,,,,,,,,,,,,,,,
METABRIC,deephit_single,4,1523.0,381.0,9.0,True,2026-03-30T11:25:13.640370,0.6157493341941732,0.1841784748900129,0.6192279079178122,,,,0.1529247967895825,,,,,,,,,,,,,,,,,,,,,,,,,,,,,,,,,,0.5813666811137336,0.636187735861989,0.636911529748668,,,,,,,,,,,,,,,,,,,,,,,,,,,,,,,,,,,,,,,,,,,,,,,,,,,,,,,,,,,,,,,,,,,,,,,,,,,,,,,,,
METABRIC,deephit_single,5,1524.0,380.0,9.0,True,2026-03-30T11:27:09.039620,0.638732097302292,0.16060623295123885,0.6686621034143329,,,,0.15289256198347106,,,,,,,,,,,,,,,,,,,,,,,,,,,,,,,,,,,,,0.6541219755519692,0.6798586353119247,0.6712683117155266,,,,,,,,,,,,,,,,,,,,,,,,,,,,,,,,,,,,,,,,,,,,,,,,,,,,,,,,,,,,,,,,,,,,,,,,,,,,,,
METABRIC,deepsurv,1,1523.0,381.0,9.0,True,2026-03-30T11:17:39.153760,0.6412929100403042,0.18205888048342106,0.6757462723739318,,,,0.23388429752066117,,,,,,,,,,,,,,,,,,,,,,,,,,,,0.6625022369786027,0.6613448001314975,0.6991511465523228,,,,,,,,,,,,,,,,,,,,,,,,,,,,,,,,,,,,,,,,,,,,,,,,,,,,,,,,,,,,,,,,,,,,,,,,,,,,,,,,,,,,,,,
METABRIC,deepsurv,2,1523.0,381.0,9.0,True,2026-03-30T11:19:41.794313,0.5630306652378204,,,,,,0.23277574169243054,,,,,,,,,,,,,,,,,,,,,,,,,,,,,,,,,,,,,,,,,,,,,,,,,,,,,,,,,,,,,,,,,,,,,,,,,,,,,,,,,,,,,,,,,,,,,,,,,,,,,,,,,,,,,,,,,,,,,
METABRIC,deepsurv,3,1523.0,381.0,9.0,True,2026-03-30T11:21:41.824973,0.6381458761994501,0.17829361668482577,0.6585816376619181,,,,0.3195880510227062,,,,,,,,,,,,,,,,,,,,,,,,,,,,,,,0.6214825686910719,0.6486022916593366,0.7010668345970748,,,,,,,,,,,,,,,,,,,,,,,,,,,,,,,,,,,,,,,,,,,,,,,,,,,,,,,,,,,,,,,,,,,,,,,,,,,,,,,,,,,,
METABRIC,deepsurv,4,1523.0,381.0,9.0,True,2026-03-30T11:23:34.073523,0.6330905495924462,0.1625396856619316,0.6353765256485711,,,,0.20861571220900468,,,,,,,,,,,,,,,,,,,,,,,,,,,,,,,,,,0.5931912777324091,0.6498618105373739,0.6589995630124865,,,,,,,,,,,,,,,,,,,,,,,,,,,,,,,,,,,,,,,,,,,,,,,,,,,,,,,,,,,,,,,,,,,,,,,,,,,,,,,,,
METABRIC,deepsurv,5,1524.0,380.0,9.0,True,2026-03-30T11:25:52.380373,0.6707611031878352,0.14797218352055433,0.7197096146119867,,,,0.4698347107438017,,,,,,,,,,,,,,,,,,,,,,,,,,,,,,,,,,,,,0.7066726065196847,0.7294084777210321,0.7223313732018992,,,,,,,,,,,,,,,,,,,,,,,,,,,,,,,,,,,,,,,,,,,,,,,,,,,,,,,,,,,,,,,,,,,,,,,,,,,,,,
METABRIC,embedding_cox,1,1523.0,381.0,9.0,True,2026-03-26T16:40:43.377116,0.5946155220680207,0.5136548553219915,0.5849077545375505,,,,9.0,,,,,,,,,,,,,,,,,,,,,,,,,,,,0.5025476205027855,0.581764228821582,0.6563325073886654,,,,,,,,,,,,,,,,,,,,,,,,,,,,,,,,,,,,,,,,,,,,,,,,,,,,,,,,,,,,,,,,,,,,,,,,,,,,,,,,,,,,,,,
METABRIC,embedding_cox,2,1523.0,381.0,9.0,True,2026-03-26T16:48:08.613075,0.6083175335916248,,,,,,9.0,,,,,,,,,,,,,,,,,,,,,,,,,,,,,,,,,,,,,,,,,,,,,,,,,,,,,,,,,,,,,,,,,,,,,,,,,,,,,,,,,,,,,,,,,,,,,,,,,,,,,,,,,,,,,,,,,,,,,
METABRIC,embedding_cox,3,1523.0,381.0,9.0,True,2026-03-26T16:54:09.799632,0.5,0.5187825862632749,0.5,,,,9.0,,,,,,,,,,,,,,,,,,,,,,,,,,,,,,,0.5,0.5,0.5,,,,,,,,,,,,,,,,,,,,,,,,,,,,,,,,,,,,,,,,,,,,,,,,,,,,,,,,,,,,,,,,,,,,,,,,,,,,,,,,,,,,
METABRIC,embedding_cox,4,1523.0,381.0,9.0,True,2026-03-26T17:00:21.985832,0.6013437172141071,0.4551281827309268,0.5933455776997922,,,,9.0,,,,,,,,,,,,,,,,,,,,,,,,,,,,,,,,,,0.5232511475395196,0.605641855572678,0.6430575552594457,,,,,,,,,,,,,,,,,,,,,,,,,,,,,,,,,,,,,,,,,,,,,,,,,,,,,,,,,,,,,,,,,,,,,,,,,,,,,,,,,
METABRIC,embedding_cox,5,1524.0,380.0,9.0,True,2026-03-26T17:07:28.092068,0.5,0.4945965034538717,0.5,,,,9.0,,,,,,,,,,,,,,,,,,,,,,,,,,,,,,,,,,,,,0.5,0.5,0.5,,,,,,,,,,,,,,,,,,,,,,,,,,,,,,,,,,,,,,,,,,,,,,,,,,,,,,,,,,,,,,,,,,,,,,,,,,,,,,
METABRIC,gbsa,1,1523.0,381.0,9.0,True,2026-03-26T16:37:37.679632,0.6513987332975957,0.1725332874667267,0.6801548852056728,,,,0.2677685950413223,,,,,,,,,,,,,,,,,,,,,,,,,,,,0.6645282320116219,0.6699487245599427,0.7019494780365003,,,,,,,,,,,,,,,,,,,,,,,,,,,,,,,,,,,,,,,,,,,,,,,,,,,,,,,,,,,,,,,,,,,,,,,,,,,,,,,,,,,,,,,
METABRIC,gbsa,2,1523.0,381.0,9.0,True,2026-03-26T16:44:41.923165,0.5946129750226692,,,,,,0.3064843062181363,,,,,,,,,,,,,,,,,,,,,,,,,,,,,,,,,,,,,,,,,,,,,,,,,,,,,,,,,,,,,,,,,,,,,,,,,,,,,,,,,,,,,,,,,,,,,,,,,,,,,,,,,,,,,,,,,,,,,
METABRIC,gbsa,3,1523.0,381.0,9.0,True,2026-03-26T16:51:22.637609,0.6266849989423687,0.19037770176405877,0.6608270684695988,,,,0.30566532216785075,,,,,,,,,,,,,,,,,,,,,,,,,,,,,,,0.6517317408207053,0.6493575989561648,0.6793829067898594,,,,,,,,,,,,,,,,,,,,,,,,,,,,,,,,,,,,,,,,,,,,,,,,,,,,,,,,,,,,,,,,,,,,,,,,,,,,,,,,,,,,
METABRIC,gbsa,4,1523.0,381.0,9.0,True,2026-03-26T16:57:32.625364,0.629378177709628,0.16869657044223704,0.6382797422470753,,,,0.1930550152535779,,,,,,,,,,,,,,,,,,,,,,,,,,,,,,,,,,0.6135339382855535,0.650425034613245,0.648895329493592,,,,,,,,,,,,,,,,,,,,,,,,,,,,,,,,,,,,,,,,,,,,,,,,,,,,,,,,,,,,,,,,,,,,,,,,,,,,,,,,,
METABRIC,gbsa,5,1524.0,380.0,9.0,True,2026-03-26T17:04:26.986157,0.6557459373681779,0.15369597720452546,0.6932157185405033,,,,0.48016528925619834,,,,,,,,,,,,,,,,,,,,,,,,,,,,,,,,,,,,,0.6791894245628092,0.6947268290358701,0.7035114846097822,,,,,,,,,,,,,,,,,,,,,,,,,,,,,,,,,,,,,,,,,,,,,,,,,,,,,,,,,,,,,,,,,,,,,,,,,,,,,,
METABRIC,km,1,1523.0,381.0,9.0,True,2026-03-26T16:35:34.516806,0.5,0.190572944701738,0.5,,,,0.40867768595041326,,,,,,,,,,,,,,,,,,,,,,,,,,,,0.5,0.5,0.5,,,,,,,,,,,,,,,,,,,,,,,,,,,,,,,,,,,,,,,,,,,,,,,,,,,,,,,,,,,,,,,,,,,,,,,,,,,,,,,,,,,,,,,
METABRIC,km,2,1523.0,381.0,9.0,True,2026-03-26T16:41:46.942485,0.5,,,,,,0.39452509162384064,,,,,,,,,,,,,,,,,,,,,,,,,,,,,,,,,,,,,,,,,,,,,,,,,,,,,,,,,,,,,,,,,,,,,,,,,,,,,,,,,,,,,,,,,,,,,,,,,,,,,,,,,,,,,,,,,,,,,
METABRIC,km,3,1523.0,381.0,9.0,True,2026-03-26T16:49:10.751542,0.5,0.2036151731736289,0.5,,,,0.4776519727278311,,,,,,,,,,,,,,,,,,,,,,,,,,,,,,,0.5,0.5,0.5,,,,,,,,,,,,,,,,,,,,,,,,,,,,,,,,,,,,,,,,,,,,,,,,,,,,,,,,,,,,,,,,,,,,,,,,,,,,,,,,,,,,
METABRIC,km,4,1523.0,381.0,9.0,True,2026-03-26T16:55:14.001171,0.5,0.17891839679419014,0.5,,,,0.4010769640261256,,,,,,,,,,,,,,,,,,,,,,,,,,,,,,,,,,0.5,0.5,0.5,,,,,,,,,,,,,,,,,,,,,,,,,,,,,,,,,,,,,,,,,,,,,,,,,,,,,,,,,,,,,,,,,,,,,,,,,,,,,,,,,
METABRIC,km,5,1524.0,380.0,9.0,True,2026-03-26T17:01:20.919123,0.5,0.16712778693462693,0.5,,,,0.5148760330578512,,,,,,,,,,,,,,,,,,,,,,,,,,,,,,,,,,,,,0.5,0.5,0.5,,,,,,,,,,,,,,,,,,,,,,,,,,,,,,,,,,,,,,,,,,,,,,,,,,,,,,,,,,,,,,,,,,,,,,,,,,,,,,
METABRIC,mtlr,1,1523.0,381.0,9.0,True,2026-03-30T11:18:12.302889,0.6509619393650604,0.18290861447019613,0.6844704398079287,,,,0.2190082644628099,,,,,,,,,,,,,,,,,,,,,,,,,,,,0.6702920039855746,0.6807817582789988,0.6994661257551767,,,,,,,,,,,,,,,,,,,,,,,,,,,,,,,,,,,,,,,,,,,,,,,,,,,,,,,,,,,,,,,,,,,,,,,,,,,,,,,,,,,,,,,
METABRIC,mtlr,2,1523.0,381.0,9.0,True,2026-03-30T11:20:13.746447,0.5927582227351413,,,,,,0.34374808050613204,,,,,,,,,,,,,,,,,,,,,,,,,,,,,,,,,,,,,,,,,,,,,,,,,,,,,,,,,,,,,,,,,,,,,,,,,,,,,,,,,,,,,,,,,,,,,,,,,,,,,,,,,,,,,,,,,,,,,
METABRIC,mtlr,3,1523.0,381.0,9.0,True,2026-03-30T11:22:11.672262,0.6555967924927408,0.17347557938965688,0.6994587181981379,,,,0.3216355111484203,,,,,,,,,,,,,,,,,,,,,,,,,,,,,,,0.6935243175699783,0.6936610422795086,0.7100449647058482,,,,,,,,,,,,,,,,,,,,,,,,,,,,,,,,,,,,,,,,,,,,,,,,,,,,,,,,,,,,,,,,,,,,,,,,,,,,,,,,,,,,
METABRIC,mtlr,4,1523.0,381.0,9.0,True,2026-03-30T11:24:04.533377,0.6118150270357517,0.1638698874729351,0.6089668232135762,,,,0.2356421858684302,,,,,,,,,,,,,,,,,,,,,,,,,,,,,,,,,,0.5538370886447985,0.6244320912858312,0.6429172147759475,,,,,,,,,,,,,,,,,,,,,,,,,,,,,,,,,,,,,,,,,,,,,,,,,,,,,,,,,,,,,,,,,,,,,,,,,,,,,,,,,
METABRIC,mtlr,5,1524.0,380.0,9.0,True,2026-03-30T11:26:22.986860,0.6725789928288773,0.1485156393269498,0.7288218070357082,,,,0.4140495867768595,,,,,,,,,,,,,,,,,,,,,,,,,,,,,,,,,,,,,0.7304682721267745,0.7401484358703192,0.7179767870829433,,,,,,,,,,,,,,,,,,,,,,,,,,,,,,,,,,,,,,,,,,,,,,,,,,,,,,,,,,,,,,,,,,,,,,,,,,,,,,
METABRIC,pchazard,1,1523.0,381.0,9.0,True,2026-03-30T11:18:19.311905,0.5991025870113368,0.29152456396274956,0.637932908842026,,,,0.4450413223140496,,,,,,,,,,,,,,,,,,,,,,,,,,,,0.6511746297062971,0.652679142457165,0.6142342458776693,,,,,,,,,,,,,,,,,,,,,,,,,,,,,,,,,,,,,,,,,,,,,,,,,,,,,,,,,,,,,,,,,,,,,,,,,,,,,,,,,,,,,,,
METABRIC,pchazard,2,1523.0,381.0,9.0,True,2026-03-30T11:20:22.019395,0.5736130574561042,,,,,,0.1492393685632972,,,,,,,,,,,,,,,,,,,,,,,,,,,,,,,,,,,,,,,,,,,,,,,,,,,,,,,,,,,,,,,,,,,,,,,,,,,,,,,,,,,,,,,,,,,,,,,,,,,,,,,,,,,,,,,,,,,,,
METABRIC,pchazard,3,1523.0,381.0,9.0,True,2026-03-30T11:22:17.902627,0.6329827125358153,0.18148903208628295,0.6592239369818179,,,,0.4407976904649782,,,,,,,,,,,,,,,,,,,,,,,,,,,,,,,0.6356001108043791,0.6555484730761745,0.6838605214464757,,,,,,,,,,,,,,,,,,,,,,,,,,,,,,,,,,,,,,,,,,,,,,,,,,,,,,,,,,,,,,,,,,,,,,,,,,,,,,,,,,,,
METABRIC,pchazard,4,1523.0,381.0,9.0,True,2026-03-30T11:24:11.853931,0.6247276248890323,0.16826651128396458,0.6229856574512926,,,,0.5996805962203885,,,,,,,,,,,,,,,,,,,,,,,,,,,,,,,,,,0.5762580678323707,0.6271997385883687,0.6596647056451997,,,,,,,,,,,,,,,,,,,,,,,,,,,,,,,,,,,,,,,,,,,,,,,,,,,,,,,,,,,,,,,,,,,,,,,,,,,,,,,,,
METABRIC,pchazard,5,1524.0,380.0,9.0,True,2026-03-30T11:26:30.250814,0.633790651427194,0.16209665268568516,0.6742186189668323,,,,0.6570247933884298,,,,,,,,,,,,,,,,,,,,,,,,,,,,,,,,,,,,,0.6500517859411266,0.6812717502437009,0.6882306728197082,,,,,,,,,,,,,,,,,,,,,,,,,,,,,,,,,,,,,,,,,,,,,,,,,,,,,,,,,,,,,,,,,,,,,,,,,,,,,,
METABRIC,rsf,1,,,,,,0.6559652153195544,0.170565248682448,0.6963695112749148,,,,0.30165289256198347,,,,,,,,,,,,,,,,,,,,,,,,,,,,0.691985439828864,0.6860032695428028,0.7089196365433497,,,,,,,,,,,,,,,,,,,,,,,,,,,,,,,,,,,,,,,,,,,,,,,,,,,,,,,,,,,,,,,,,,,,,,,,,,,,,,,,,,,,,,,
METABRIC,rsf,2,,,,,,0.5922224054076334,,,,,,0.26144018345242725,,,,,,,,,,,,,,,,,,,,,,,,,,,,,,,,,,,,,,,,,,,,,,,,,,,,,,,,,,,,,,,,,,,,,,,,,,,,,,,,,,,,,,,,,,,,,,,,,,,,,,,,,,,,,,,,,,,,,
METABRIC,rsf,3,,,,,,0.6401938349710594,0.1819396902416953,0.6799937285748249,,,,0.458405847546119,,,,,,,,,,,,,,,,,,,,,,,,,,,,,,,0.6782535982158527,0.6672067063826775,0.6931000555549639,,,,,,,,,,,,,,,,,,,,,,,,,,,,,,,,,,,,,,,,,,,,,,,,,,,,,,,,,,,,,,,,,,,,,,,,,,,,,,,,,,,,
METABRIC,rsf,4,,,,,,0.6384876119764346,0.16089450949300146,0.6478756333687842,,,,0.2086157122090047,,,,,,,,,,,,,,,,,,,,,,,,,,,,,,,,,,0.6187135022771255,0.6600675619369238,0.6622702932225982,,,,,,,,,,,,,,,,,,,,,,,,,,,,,,,,,,,,,,,,,,,,,,,,,,,,,,,,,,,,,,,,,,,,,,,,,,,,,,,,,
METABRIC,rsf,5,,,,,,0.6769379105317076,0.1529636338982019,0.7212451694990817,,,,0.471900826446281,,,,,,,,,,,,,,,,,,,,,,,,,,,,,,,,,,,,,0.7177436526392097,0.7315856458413375,0.7154695788604011,,,,,,,,,,,,,,,,,,,,,,,,,,,,,,,,,,,,,,,,,,,,,,,,,,,,,,,,,,,,,,,,,,,,,,,,,,,,,,
METABRIC,tabpfn_cox,1,1523.0,381.0,9.0,True,2026-03-30T11:44:30.233147,0.6354359004904004,0.18585712173489338,0.6647038184557503,,,,0.371900826446281,,,,,,,,,,,,,,,,,,,,,,,,,,,,0.6704003499582907,0.6588369684598258,0.6649824527386514,,,,,,,,,,,,,,,,,,,,,,,,,,,,,,,,,,,,,,,,,,,,,,,,,,,,,,,,,,,,,,,,,,,,,,,,,,,,,,,,,,,,,,,
METABRIC,tabpfn_cox,2,1523.0,381.0,9.0,True,2026-03-30T11:45:30.531051,0.5699241612397988,,,,,,0.2794578325587109,,,,,,,,,,,,,,,,,,,,,,,,,,,,,,,,,,,,,,,,,,,,,,,,,,,,,,,,,,,,,,,,,,,,,,,,,,,,,,,,,,,,,,,,,,,,,,,,,,,,,,,,,,,,,,,,,,,,,
METABRIC,tabpfn_cox,3,1523.0,381.0,9.0,True,2026-03-30T11:46:30.515899,0.6270022883295194,0.18429893654176113,0.6491760644449355,,,,0.3814213468192706,,,,,,,,,,,,,,,,,,,,,,,,,,,,,,,0.6133581240250088,0.6426918690374961,0.6873518711969191,,,,,,,,,,,,,,,,,,,,,,,,,,,,,,,,,,,,,,,,,,,,,,,,,,,,,,,,,,,,,,,,,,,,,,,,,,,,,,,,,,,,
METABRIC,tabpfn_cox,4,1523.0,381.0,9.0,True,2026-03-30T11:47:30.776093,0.616415140020983,0.17921854316539426,0.613363334383114,,,,0.4575868634958334,,,,,,,,,,,,,,,,,,,,,,,,,,,,,,,,,,0.5731153350327678,0.6327955836760975,0.6309148524355997,,,,,,,,,,,,,,,,,,,,,,,,,,,,,,,,,,,,,,,,,,,,,,,,,,,,,,,,,,,,,,,,,,,,,,,,,,,,,,,,,
METABRIC,tabpfn_cox,5,1524.0,380.0,9.0,True,2026-03-30T11:48:28.699046,0.6622541831548923,0.16877973265481463,0.7049372429179563,,,,0.7380165289256199,,,,,,,,,,,,,,,,,,,,,,,,,,,,,,,,,,,,,0.7108446211891523,0.7090183598406165,0.6966493290142358,,,,,,,,,,,,,,,,,,,,,,,,,,,,,,,,,,,,,,,,,,,,,,,,,,,,,,,,,,,,,,,,,,,,,,,,,,,,,,
METABRIC,tabpfn_deephit,1,1523.0,381.0,9.0,True,2026-03-30T11:44:47.588755,0.6298568507157464,0.30848635531035995,0.6417522705767359,,,,2.9512396694214877,,,,,,,,,,,,,,,,,,,,,,,,,,,,0.6031802198988304,0.6284554980621717,0.6853454603098303,,,,,,,,,,,,,,,,,,,,,,,,,,,,,,,,,,,,,,,,,,,,,,,,,,,,,,,,,,,,,,,,,,,,,,,,,,,,,,,,,,,,,,,
METABRIC,tabpfn_deephit,2,1523.0,381.0,9.0,True,2026-03-30T11:45:47.442926,0.5811145000412167,,,,,,3.290862185458938,,,,,,,,,,,,,,,,,,,,,,,,,,,,,,,,,,,,,,,,,,,,,,,,,,,,,,,,,,,,,,,,,,,,,,,,,,,,,,,,,,,,,,,,,,,,,,,,,,,,,,,,,,,,,,,,,,,,,
METABRIC,tabpfn_deephit,3,1523.0,381.0,9.0,True,2026-03-30T11:46:47.840011,0.6022921754514162,0.3165987497618269,0.6035577914120059,,,,3.1585962613378102,,,,,,,,,,,,,,,,,,,,,,,,,,,,,,,0.5366332021098489,0.6075974415415614,0.6603135715997119,,,,,,,,,,,,,,,,,,,,,,,,,,,,,,,,,,,,,,,,,,,,,,,,,,,,,,,,,,,,,,,,,,,,,,,,,,,,,,,,,,,,
METABRIC,tabpfn_deephit,4,1523.0,381.0,9.0,True,2026-03-30T11:47:47.779606,0.5829634412073279,0.29728369969425755,0.5606613373093919,,,,3.0210069408898264,,,,,,,,,,,,,,,,,,,,,,,,,,,,,,,,,,0.5039421011284888,0.566116856132834,0.6048809578196007,,,,,,,,,,,,,,,,,,,,,,,,,,,,,,,,,,,,,,,,,,,,,,,,,,,,,,,,,,,,,,,,,,,,,,,,,,,,,,,,,
METABRIC,tabpfn_deephit,5,1524.0,380.0,9.0,True,2026-03-30T11:48:45.362146,0.600084366149087,0.3023074526675139,0.6017465601068956,,,,3.2665289256198347,,,,,,,,,,,,,,,,,,,,,,,,,,,,,,,,,,,,,0.5522446385198755,0.6118420649744516,0.634093290311184,,,,,,,,,,,,,,,,,,,,,,,,,,,,,,,,,,,,,,,,,,,,,,,,,,,,,,,,,,,,,,,,,,,,,,,,,,,,,,
METABRIC,tabpfn_mtlr,1,1523.0,381.0,9.0,True,2026-03-30T11:45:17.925134,0.6350983779061687,0.29394975553628855,0.6683768110806053,,,,2.4892561983471073,,,,,,,,,,,,,,,,,,,,,,,,,,,,0.6713608392307883,0.6539806414230651,0.6782350442738493,,,,,,,,,,,,,,,,,,,,,,,,,,,,,,,,,,,,,,,,,,,,,,,,,,,,,,,,,,,,,,,,,,,,,,,,,,,,,,,,,,,,,,,
METABRIC,tabpfn_mtlr,2,1523.0,381.0,9.0,True,2026-03-30T11:46:17.653700,0.569738686011046,,,,,,4.575438668331934,,,,,,,,,,,,,,,,,,,,,,,,,,,,,,,,,,,,,,,,,,,,,,,,,,,,,,,,,,,,,,,,,,,,,,,,,,,,,,,,,,,,,,,,,,,,,,,,,,,,,,,,,,,,,,,,,,,,,
METABRIC,tabpfn_mtlr,3,1523.0,381.0,9.0,True,2026-03-30T11:47:17.928930,0.6367132665423149,0.30495520898669337,0.6667601874793189,,,,2.8248602608464197,,,,,,,,,,,,,,,,,,,,,,,,,,,,,,,0.6451187771927764,0.6618771340338705,0.6906970499458787,,,,,,,,,,,,,,,,,,,,,,,,,,,,,,,,,,,,,,,,,,,,,,,,,,,,,,,,,,,,,,,,,,,,,,,,,,,,,,,,,,,,
METABRIC,tabpfn_mtlr,4,1523.0,381.0,9.0,True,2026-03-30T11:48:16.705249,0.6146598337503026,0.2739755885103873,0.6244454899006074,,,,2.2994819925881944,,,,,,,,,,,,,,,,,,,,,,,,,,,,,,,,,,0.593237399313953,0.655334992328756,0.6239963411187732,,,,,,,,,,,,,,,,,,,,,,,,,,,,,,,,,,,,,,,,,,,,,,,,,,,,,,,,,,,,,,,,,,,,,,,,,,,,,,,,,
METABRIC,tabpfn_mtlr,5,1524.0,380.0,9.0,True,2026-03-30T11:49:15.225821,0.6466464455737903,0.27948458567031303,0.6956745256700076,,,,2.88099173553719,,,,,,,,,,,,,,,,,,,,,,,,,,,,,,,,,,,,,0.7032470529137528,0.7110260115533193,0.6765733178043976,,,,,,,,,,,,,,,,,,,,,,,,,,,,,,,,,,,,,,,,,,,,,,,,,,,,,,,,,,,,,,,,,,,,,,,,,,,,,,
METABRIC,tabpfn_pchazard,1,1523.0,381.0,9.0,True,2026-03-30T11:45:03.216987,0.6260448309408938,0.364335653763136,0.6522081216750518,,,,2.65702479338843,,,,,,,,,,,,,,,,,,,,,,,,,,,,0.6496109796513339,0.6506961615291652,0.6556722893810913,,,,,,,,,,,,,,,,,,,,,,,,,,,,,,,,,,,,,,,,,,,,,,,,,,,,,,,,,,,,,,,,,,,,,,,,,,,,,,,,,,,,,,,
METABRIC,tabpfn_pchazard,2,1523.0,381.0,9.0,True,2026-03-30T11:46:03.187049,0.5944481081526667,,,,,,3.23435228598923,,,,,,,,,,,,,,,,,,,,,,,,,,,,,,,,,,,,,,,,,,,,,,,,,,,,,,,,,,,,,,,,,,,,,,,,,,,,,,,,,,,,,,,,,,,,,,,,,,,,,,,,,,,,,,,,,,,,,
METABRIC,tabpfn_pchazard,3,1523.0,381.0,9.0,True,2026-03-30T11:47:03.649900,0.6357902428706036,0.3814728167047984,0.674149516520925,,,,2.34984951168076,,,,,,,,,,,,,,,,,,,,,,,,,,,,,,,0.6628829648480159,0.6759507941687365,0.6826926735768034,,,,,,,,,,,,,,,,,,,,,,,,,,,,,,,,,,,,,,,,,,,,,,,,,,,,,,,,,,,,,,,,,,,,,,,,,,,,,,,,,,,,
METABRIC,tabpfn_pchazard,4,1523.0,381.0,9.0,True,2026-03-30T11:48:02.895539,0.6130659349527883,0.35440219702748416,0.6138069532412493,,,,2.924366822956123,,,,,,,,,,,,,,,,,,,,,,,,,,,,,,,,,,0.5744625188985688,0.6386539068277917,0.6257655685045194,,,,,,,,,,,,,,,,,,,,,,,,,,,,,,,,,,,,,,,,,,,,,,,,,,,,,,,,,,,,,,,,,,,,,,,,,,,,,,,,,
METABRIC,tabpfn_pchazard,5,1524.0,380.0,9.0,True,2026-03-30T11:49:01.060434,0.6434726713938493,0.2923058009624255,0.6818847212368779,,,,2.144628099173554,,,,,,,,,,,,,,,,,,,,,,,,,,,,,,,,,,,,,0.664217996648856,0.6838512443313407,0.6947997324978383,,,,,,,,,,,,,,,,,,,,,,,,,,,,,,,,,,,,,,,,,,,,,,,,,,,,,,,,,,,,,,,,,,,,,,,,,,,,,,
SIRBU,cox,1,6452.0,1613.0,68.0,True,2026-03-26T17:42:31.649927,0.7833352670456742,0.14516148488797015,0.8188588565741887,,,,0.7350806747896147,,,,,,,,,,,,,,,,,,,,,,,,,,,,,,,,,,,,,,,,0.8158127262089423,0.8269199165761896,0.8146816634668486,,,,,,,,,,,,,,,,,,,,,,,,,,,,,,,,,,,,,,,,,,,,,,,,,,,,,,,,,,,,,,,,,,,,,,,,,,,
SIRBU,cox,2,6452.0,1613.0,68.0,True,2026-03-26T18:28:24.769616,0.8020285340716813,0.20626800014642674,0.8359279526672521,,,,0.8159067431416703,,,,,,,,,,,,,,,,,,,,,,,,,,,,,,,,,,,,,,,,,,,0.8301051822783728,0.8325988463311506,0.8434004381182469,,,,,,,,,,,,,,,,,,,,,,,,,,,,,,,,,,,,,,,,,,,,,,,,,,,,,,,,,,,,,,,,,,,,,,,,
SIRBU,cox,3,6452.0,1613.0,68.0,True,2026-03-26T19:09:21.766836,0.793188249432706,0.15605748133418512,0.8272450594524996,,,,0.8018162093006168,,,,,,,,,,,,,,,,,,,,,,,,,,,,,,,,,,,,,,,,,,,,,,0.8318035757302491,0.8303823782960704,0.8209201500286116,,,,,,,,,,,,,,,,,,,,,,,,,,,,,,,,,,,,,,,,,,,,,,,,,,,,,,,,,,,,,,,,,,,,,
SIRBU,cox,4,6452.0,1613.0,68.0,True,2026-03-26T19:49:28.467005,0.8015821710966573,0.14024157073580942,0.837948762846616,,,,0.8172035605447564,,,,,,,,,,,,,,,,,,,,,,,,,,,,,,,,,,,,,,,,,,,,,,,,,0.8369521543248315,0.8412694330150899,0.8359779976809358,,,,,,,,,,,,,,,,,,,,,,,,,,,,,,,,,,,,,,,,,,,,,,,,,,,,,,,,,,,,,,,,,,
SIRBU,cox,5,6452.0,1613.0,68.0,True,2026-03-26T20:29:54.468981,0.7918946799249905,0.14204646665118525,0.8289436818462532,,,,0.742910762555741,,,,,,,,,,,,,,,,,,,,,,,,,,,,,,,,,,,,,,,,,,,,,,,,,,,,0.8284068580201629,0.8261515014506862,0.8317196641139601,,,,,,,,,,,,,,,,,,,,,,,,,,,,,,,,,,,,,,,,,,,,,,,,,,,,,,,,,,,,,,,
SIRBU,deepsurv,1,6452.0,1613.0,68.0,True,2026-03-26T18:19:48.560856,0.7782263990408786,0.1478796840123987,0.8120400828439682,,,,0.5899395317274735,,,,,,,,,,,,,,,,,,,,,,,,,,,,,,,,,,,,,,,,0.8158002925925087,0.8144191609999432,0.8071488803554501,,,,,,,,,,,,,,,,,,,,,,,,,,,,,,,,,,,,,,,,,,,,,,,,,,,,,,,,,,,,,,,,,,,,,,,,,,,
SIRBU,deepsurv,2,6452.0,1613.0,68.0,True,2026-03-26T19:01:25.897784,0.7991568604830026,0.24837867663888125,0.8296707982174832,,,,0.6450049921983394,,,,,,,,,,,,,,,,,,,,,,,,,,,,,,,,,,,,,,,,,,,0.8250567277823985,0.8325608161383689,0.8309759476167149,,,,,,,,,,,,,,,,,,,,,,,,,,,,,,,,,,,,,,,,,,,,,,,,,,,,,,,,,,,,,,,,,,,,,,,,
SIRBU,deepsurv,3,6452.0,1613.0,68.0,True,2026-03-26T19:40:36.069669,0.7983908434345568,0.14287109567690154,0.8358587259085022,,,,0.6934141882166831,,,,,,,,,,,,,,,,,,,,,,,,,,,,,,,,,,,,,,,,,,,,,,0.8508167874063159,0.8334897541626353,0.8257441976790412,,,,,,,,,,,,,,,,,,,,,,,,,,,,,,,,,,,,,,,,,,,,,,,,,,,,,,,,,,,,,,,,,,,,,
SIRBU,deepsurv,4,6452.0,1613.0,68.0,True,2026-03-26T20:20:07.447737,0.7591805165089108,0.16119874372030146,0.7979000134572141,,,,1.192799710748782,,,,,,,,,,,,,,,,,,,,,,,,,,,,,,,,,,,,,,,,,,,,,,,,,0.8100268893837154,0.7982236356238634,0.7876621250391118,,,,,,,,,,,,,,,,,,,,,,,,,,,,,,,,,,,,,,,,,,,,,,,,,,,,,,,,,,,,,,,,,,
SIRBU,deepsurv,5,6452.0,1613.0,68.0,True,2026-03-26T21:03:33.865569,0.7908985799583537,0.16235996592536944,0.8290601836717152,,,,0.5767634854771783,,,,,,,,,,,,,,,,,,,,,,,,,,,,,,,,,,,,,,,,,,,,,,,,,,,,0.8335637629835313,0.8243517031894686,0.8293769474683582,,,,,,,,,,,,,,,,,,,,,,,,,,,,,,,,,,,,,,,,,,,,,,,,,,,,,,,,,,,,,,,
SIRBU,embedding_cox,1,6452.0,1613.0,68.0,True,2026-03-26T18:23:56.881434,0.5014290134199636,0.3166241583616012,0.5007165185239079,,,,8.999999999999998,,,,,,,,,,,,,,,,,,,,,,,,,,,,,,,,,,,,,,,,0.4992982456140351,0.499168744804655,0.5030914201738927,,,,,,,,,,,,,,,,,,,,,,,,,,,,,,,,,,,,,,,,,,,,,,,,,,,,,,,,,,,,,,,,,,,,,,,,,,,
SIRBU,embedding_cox,2,6452.0,1613.0,68.0,True,2026-03-26T19:05:21.670149,0.7307818027995693,0.3873258520846044,0.7488714125816811,,,,8.834544283608732,,,,,,,,,,,,,,,,,,,,,,,,,,,,,,,,,,,,,,,,,,,0.773949005896692,0.7536196925305929,0.7246965271130879,,,,,,,,,,,,,,,,,,,,,,,,,,,,,,,,,,,,,,,,,,,,,,,,,,,,,,,,,,,,,,,,,,,,,,,,
SIRBU,embedding_cox,3,6452.0,1613.0,68.0,True,2026-03-26T19:45:07.341123,0.6354383041463331,0.3389484715386134,0.6680846265450068,,,,8.711705948712185,,,,,,,,,,,,,,,,,,,,,,,,,,,,,,,,,,,,,,,,,,,,,,0.6904821323968445,0.6782618397702902,0.6414086584685406,,,,,,,,,,,,,,,,,,,,,,,,,,,,,,,,,,,,,,,,,,,,,,,,,,,,,,,,,,,,,,,,,,,,,
SIRBU,embedding_cox,4,6452.0,1613.0,68.0,True,2026-03-26T20:25:27.590259,0.5,0.6441112019877748,0.5,,,,4.815412957765878,,,,,,,,,,,,,,,,,,,,,,,,,,,,,,,,,,,,,,,,,,,,,,,,,0.5,0.5,0.5,,,,,,,,,,,,,,,,,,,,,,,,,,,,,,,,,,,,,,,,,,,,,,,,,,,,,,,,,,,,,,,,,,
SIRBU,embedding_cox,5,6452.0,1613.0,68.0,True,2026-03-26T21:07:38.466662,0.650171417395606,0.30479947796328355,0.6849130388554184,,,,8.999999999999998,,,,,,,,,,,,,,,,,,,,,,,,,,,,,,,,,,,,,,,,,,,,,,,,,,,,0.704013175962898,0.6834715580571742,0.67071057491794,,,,,,,,,,,,,,,,,,,,,,,,,,,,,,,,,,,,,,,,,,,,,,,,,,,,,,,,,,,,,,,
SIRBU,gbsa,1,6452.0,1613.0,68.0,True,2026-03-26T18:18:51.460564,0.7769791545809646,0.15007392912289577,0.8123979956224968,,,,0.6871037037357204,,,,,,,,,,,,,,,,,,,,,,,,,,,,,,,,,,,,,,,,0.8125079614699474,0.8170488059001384,0.8085216890760458,,,,,,,,,,,,,,,,,,,,,,,,,,,,,,,,,,,,,,,,,,,,,,,,,,,,,,,,,,,,,,,,,,,,,,,,,,,
SIRBU,gbsa,2,6452.0,1613.0,68.0,True,2026-03-26T19:00:31.213298,0.8052203507152745,0.1975308178470601,0.8374334093223424,,,,0.698600887790077,,,,,,,,,,,,,,,,,,,,,,,,,,,,,,,,,,,,,,,,,,,0.8287904273938003,0.8380838248694796,0.8438556003591435,,,,,,,,,,,,,,,,,,,,,,,,,,,,,,,,,,,,,,,,,,,,,,,,,,,,,,,,,,,,,,,,,,,,,,,,
SIRBU,gbsa,3,6452.0,1613.0,68.0,True,2026-03-26T19:39:41.857042,0.7862213809335489,0.16795232812002064,0.8176053320055214,,,,0.7472694187870903,,,,,,,,,,,,,,,,,,,,,,,,,,,,,,,,,,,,,,,,,,,,,,0.8162064308249171,0.8153803206461869,0.8206068060361426,,,,,,,,,,,,,,,,,,,,,,,,,,,,,,,,,,,,,,,,,,,,,,,,,,,,,,,,,,,,,,,,,,,,,
SIRBU,gbsa,4,6452.0,1613.0,68.0,True,2026-03-26T20:19:13.654732,0.7997926078145527,0.151524726337001,0.8388356820365629,,,,0.7757097846111464,,,,,,,,,,,,,,,,,,,,,,,,,,,,,,,,,,,,,,,,,,,,,,,,,0.8361947903366229,0.8387325821116197,0.8410926139782486,,,,,,,,,,,,,,,,,,,,,,,,,,,,,,,,,,,,,,,,,,,,,,,,,,,,,,,,,,,,,,,,,,
SIRBU,gbsa,5,6452.0,1613.0,68.0,True,2026-03-26T21:02:16.562490,0.7947439668362944,0.14341046585972822,0.8315828955993833,,,,0.6151581412165767,,,,,,,,,,,,,,,,,,,,,,,,,,,,,,,,,,,,,,,,,,,,,,,,,,,,0.8280908569063763,0.8266857533672729,0.838509646949416,,,,,,,,,,,,,,,,,,,,,,,,,,,,,,,,,,,,,,,,,,,,,,,,,,,,,,,,,,,,,,,
SIRBU,km,1,6452.0,1613.0,68.0,True,2026-03-26T17:42:31.732174,0.5,0.19789116308155716,0.5,,,,1.5018477617230215,,,,,,,,,,,,,,,,,,,,,,,,,,,,,,,,,,,,,,,,0.5,0.5,0.5,,,,,,,,,,,,,,,,,,,,,,,,,,,,,,,,,,,,,,,,,,,,,,,,,,,,,,,,,,,,,,,,,,,,,,,,,,,
SIRBU,km,2,6452.0,1613.0,68.0,True,2026-03-26T18:28:24.876151,0.5,0.2586189036293713,0.5,,,,1.5431684683243934,,,,,,,,,,,,,,,,,,,,,,,,,,,,,,,,,,,,,,,,,,,0.5,0.5,0.5,,,,,,,,,,,,,,,,,,,,,,,,,,,,,,,,,,,,,,,,,,,,,,,,,,,,,,,,,,,,,,,,,,,,,,,,
SIRBU,km,3,6452.0,1613.0,68.0,True,2026-03-26T19:09:21.840431,0.5,0.22691572496035778,0.5,,,,1.6650559082991514,,,,,,,,,,,,,,,,,,,,,,,,,,,,,,,,,,,,,,,,,,,,,,0.5,0.5,0.5,,,,,,,,,,,,,,,,,,,,,,,,,,,,,,,,,,,,,,,,,,,,,,,,,,,,,,,,,,,,,,,,,,,,,
SIRBU,km,4,6452.0,1613.0,68.0,True,2026-03-26T19:49:28.546703,0.5,0.19735173775909606,0.5,,,,1.6108365902790927,,,,,,,,,,,,,,,,,,,,,,,,,,,,,,,,,,,,,,,,,,,,,,,,,0.5,0.5,0.5,,,,,,,,,,,,,,,,,,,,,,,,,,,,,,,,,,,,,,,,,,,,,,,,,,,,,,,,,,,,,,,,,,
SIRBU,km,5,6452.0,1613.0,68.0,True,2026-03-26T20:29:54.564568,0.5,0.1781080379920974,0.5,,,,1.708028443036449,,,,,,,,,,,,,,,,,,,,,,,,,,,,,,,,,,,,,,,,,,,,,,,,,,,,0.5,0.5,0.5,,,,,,,,,,,,,,,,,,,,,,,,,,,,,,,,,,,,,,,,,,,,,,,,,,,,,,,,,,,,,,,
SIRBU,rsf,1,,,,,,0.7852728468113084,0.1442191414603563,0.8240980222867242,,,,0.7634346324575015,,,,,,,,,,,,,,,,,,,,,,,,,,,,,,,,,,,,,,,,0.828571929169319,0.8270533604603598,0.8181768348070559,,,,,,,,,,,,,,,,,,,,,,,,,,,,,,,,,,,,,,,,,,,,,,,,,,,,,,,,,,,,,,,,,,,,,,,,,,,
SIRBU,rsf,2,,,,,,0.8086429010921397,0.20880909529849415,0.8439801745980929,,,,0.7704366768815833,,,,,,,,,,,,,,,,,,,,,,,,,,,,,,,,,,,,,,,,,,,0.8350043144296038,0.8412740731566902,0.8534734751237889,,,,,,,,,,,,,,,,,,,,,,,,,,,,,,,,,,,,,,,,,,,,,,,,,,,,,,,,,,,,,,,,,,,,,,,,
SIRBU,rsf,3,,,,,,0.7943631525799875,0.1455300182780708,0.8256804634693805,,,,0.7791676211634632,,,,,,,,,,,,,,,,,,,,,,,,,,,,,,,,,,,,,,,,,,,,,,0.8181299789616285,0.8264138542496833,0.8311745521920637,,,,,,,,,,,,,,,,,,,,,,,,,,,,,,,,,,,,,,,,,,,,,,,,,,,,,,,,,,,,,,,,,,,,,
SIRBU,rsf,4,,,,,,0.8045376045254719,0.14907908494031086,0.8439662966510201,,,,0.859213856510735,,,,,,,,,,,,,,,,,,,,,,,,,,,,,,,,,,,,,,,,,,,,,,,,,0.8449577099413854,0.8422009849540089,0.8446346304731471,,,,,,,,,,,,,,,,,,,,,,,,,,,,,,,,,,,,,,,,,,,,,,,,,,,,,,,,,,,,,,,,,,
SIRBU,rsf,5,,,,,,0.7937181468514037,0.137577522534274,0.8327730060818838,,,,0.794390592448477,,,,,,,,,,,,,,,,,,,,,,,,,,,,,,,,,,,,,,,,,,,,,,,,,,,,0.8317513495188507,0.8300070403147959,0.8359182056029428,,,,,,,,,,,,,,,,,,,,,,,,,,,,,,,,,,,,,,,,,,,,,,,,,,,,,,,,,,,,,,,
SIRBU_cv,cox,1,6452.0,1613.0,68.0,True,2026-03-27T00:14:41.370922,0.7833352670456742,0.14516148488797015,0.8188588565741887,,,,0.7350806747896147,,,,,,,,,,,,,,,,,,,,,,,,,,,,,,,,,,,,,,,,0.8158127262089423,0.8269199165761896,0.8146816634668486,,,,,,,,,,,,,,,,,,,,,,,,,,,,,,,,,,,,,,,,,,,,,,,,,,,,,,,,,,,,,,,,,,,,,,,,,,,
SIRBU_cv,cox,2,6452.0,1613.0,68.0,True,2026-03-27T00:48:42.946125,0.8020285340716813,0.20626800014642674,0.8359279526672521,,,,0.8159067431416703,,,,,,,,,,,,,,,,,,,,,,,,,,,,,,,,,,,,,,,,,,,0.8301051822783728,0.8325988463311506,0.8434004381182469,,,,,,,,,,,,,,,,,,,,,,,,,,,,,,,,,,,,,,,,,,,,,,,,,,,,,,,,,,,,,,,,,,,,,,,,
SIRBU_cv,cox,3,6452.0,1613.0,68.0,True,2026-03-27T01:28:31.163023,0.793188249432706,0.15605748133418512,0.8272450594524996,,,,0.8018162093006168,,,,,,,,,,,,,,,,,,,,,,,,,,,,,,,,,,,,,,,,,,,,,,0.8318035757302491,0.8303823782960704,0.8209201500286116,,,,,,,,,,,,,,,,,,,,,,,,,,,,,,,,,,,,,,,,,,,,,,,,,,,,,,,,,,,,,,,,,,,,,
SIRBU_cv,cox,4,6452.0,1613.0,68.0,True,2026-03-27T02:07:39.497272,0.8015821710966573,0.14024157073580942,0.837948762846616,,,,0.8172035605447564,,,,,,,,,,,,,,,,,,,,,,,,,,,,,,,,,,,,,,,,,,,,,,,,,0.8369521543248315,0.8412694330150899,0.8359779976809358,,,,,,,,,,,,,,,,,,,,,,,,,,,,,,,,,,,,,,,,,,,,,,,,,,,,,,,,,,,,,,,,,,
SIRBU_cv,cox,5,6452.0,1613.0,68.0,True,2026-03-27T02:43:36.357269,0.7918946799249905,0.14204646665118525,0.8289436818462532,,,,0.742910762555741,,,,,,,,,,,,,,,,,,,,,,,,,,,,,,,,,,,,,,,,,,,,,,,,,,,,0.8284068580201629,0.8261515014506862,0.8317196641139601,,,,,,,,,,,,,,,,,,,,,,,,,,,,,,,,,,,,,,,,,,,,,,,,,,,,,,,,,,,,,,,
SIRBU_cv,deepsurv,1,6452.0,1613.0,68.0,True,2026-03-27T00:40:23.930776,0.7669035464284333,0.1453701545339282,0.8049752836675602,,,,0.8390740012361634,,,,,,,,,,,,,,,,,,,,,,,,,,,,,,,,,,,,,,,,0.82435044894612,0.8048735474325616,0.7898449828655558,,,,,,,,,,,,,,,,,,,,,,,,,,,,,,,,,,,,,,,,,,,,,,,,,,,,,,,,,,,,,,,,,,,,,,,,,,,
SIRBU_cv,deepsurv,2,6452.0,1613.0,68.0,True,2026-03-27T01:20:24.368877,0.8006268266420551,0.24509802486567447,0.8293362313839795,,,,0.6112914449712787,,,,,,,,,,,,,,,,,,,,,,,,,,,,,,,,,,,,,,,,,,,0.8184998287205786,0.8329069186264677,0.8350875241242246,,,,,,,,,,,,,,,,,,,,,,,,,,,,,,,,,,,,,,,,,,,,,,,,,,,,,,,,,,,,,,,,,,,,,,,,
SIRBU_cv,deepsurv,3,6452.0,1613.0,68.0,True,2026-03-27T01:59:20.716528,0.7936720330815866,0.1536758737474853,0.8315687736312503,,,,0.7375875795834217,,,,,,,,,,,,,,,,,,,,,,,,,,,,,,,,,,,,,,,,,,,,,,0.8454717024951143,0.8326166256004235,0.8194373757896061,,,,,,,,,,,,,,,,,,,,,,,,,,,,,,,,,,,,,,,,,,,,,,,,,,,,,,,,,,,,,,,,,,,,,
SIRBU_cv,deepsurv,4,6452.0,1613.0,68.0,True,2026-03-27T02:35:21.422684,0.7925954923479108,0.14920271631235402,0.8296415523629294,,,,0.8377782751674384,,,,,,,,,,,,,,,,,,,,,,,,,,,,,,,,,,,,,,,,,,,,,,,,,0.8315272831865785,0.8356669093956814,0.8230297637351389,,,,,,,,,,,,,,,,,,,,,,,,,,,,,,,,,,,,,,,,,,,,,,,,,,,,,,,,,,,,,,,,,,
SIRBU_cv,deepsurv,5,6452.0,1613.0,68.0,True,2026-03-27T03:12:47.444359,0.7876984050896011,0.15756647447877697,0.8222445199807081,,,,0.5796904323272669,,,,,,,,,,,,,,,,,,,,,,,,,,,,,,,,,,,,,,,,,,,,,,,,,,,,0.8225774719118357,0.820706523385552,0.8232663373345575,,,,,,,,,,,,,,,,,,,,,,,,,,,,,,,,,,,,,,,,,,,,,,,,,,,,,,,,,,,,,,,
SIRBU_cv,embedding_cox,1,6452.0,1613.0,68.0,True,2026-03-27T00:44:18.399363,0.5320860888734192,0.3166238182358525,0.5463242866118152,,,,8.999999999999998,,,,,,,,,,,,,,,,,,,,,,,,,,,,,,,,,,,,,,,,0.5706785285420654,0.5422364462373388,0.530532750351754,,,,,,,,,,,,,,,,,,,,,,,,,,,,,,,,,,,,,,,,,,,,,,,,,,,,,,,,,,,,,,,,,,,,,,,,,,,
SIRBU_cv,embedding_cox,2,6452.0,1613.0,68.0,True,2026-03-27T01:24:22.518514,0.6864857329641594,0.3953223824606945,0.70395985043227,,,,8.917099251818584,,,,,,,,,,,,,,,,,,,,,,,,,,,,,,,,,,,,,,,,,,,0.7290886015312691,0.7122129409464037,0.6768170600679765,,,,,,,,,,,,,,,,,,,,,,,,,,,,,,,,,,,,,,,,,,,,,,,,,,,,,,,,,,,,,,,,,,,,,,,,
SIRBU_cv,embedding_cox,3,6452.0,1613.0,68.0,True,2026-03-27T02:03:12.390722,0.5117039167277796,0.34798466882231494,0.5169632442953509,,,,8.999999999999998,,,,,,,,,,,,,,,,,,,,,,,,,,,,,,,,,,,,,,,,,,,,,,0.5233474488373571,0.518056739948195,0.5108780632487367,,,,,,,,,,,,,,,,,,,,,,,,,,,,,,,,,,,,,,,,,,,,,,,,,,,,,,,,,,,,,,,,,,,,,
SIRBU_cv,embedding_cox,4,6452.0,1613.0,68.0,True,2026-03-27T02:39:13.304406,0.8046428171972482,0.3167180090693739,0.8453082352950059,,,,8.95859231073845,,,,,,,,,,,,,,,,,,,,,,,,,,,,,,,,,,,,,,,,,,,,,,,,,0.8527522578063569,0.8485366700022801,0.8364783534014427,,,,,,,,,,,,,,,,,,,,,,,,,,,,,,,,,,,,,,,,,,,,,,,,,,,,,,,,,,,,,,,,,,
SIRBU_cv,embedding_cox,5,6452.0,1613.0,68.0,True,2026-03-27T03:16:42.798055,0.7212530726664034,0.2881910384517882,0.746396061947054,,,,2.8007265715121985,,,,,,,,,,,,,,,,,,,,,,,,,,,,,,,,,,,,,,,,,,,,,,,,,,,,0.7473449904223077,0.7467132465428451,0.7453642305821824,,,,,,,,,,,,,,,,,,,,,,,,,,,,,,,,,,,,,,,,,,,,,,,,,,,,,,,,,,,,,,,
SIRBU_cv,gbsa,1,6452.0,1613.0,68.0,True,2026-03-27T00:39:25.089789,0.7801388405460804,0.14387760902845756,0.8166325015964055,,,,0.6844239089561336,,,,,,,,,,,,,,,,,,,,,,,,,,,,,,,,,,,,,,,,0.8188789224072675,0.8215486144002163,0.8108624737696069,,,,,,,,,,,,,,,,,,,,,,,,,,,,,,,,,,,,,,,,,,,,,,,,,,,,,,,,,,,,,,,,,,,,,,,,,,,
SIRBU_cv,gbsa,2,6452.0,1613.0,68.0,True,2026-03-27T01:19:27.149451,0.8065336102138133,0.17261632178626643,0.8392074961538044,,,,0.6820034491552163,,,,,,,,,,,,,,,,,,,,,,,,,,,,,,,,,,,,,,,,,,,0.834537034107082,0.8370079687242695,0.8448080944157801,,,,,,,,,,,,,,,,,,,,,,,,,,,,,,,,,,,,,,,,,,,,,,,,,,,,,,,,,,,,,,,,,,,,,,,,
SIRBU_cv,gbsa,3,6452.0,1613.0,68.0,True,2026-03-27T01:58:22.199408,0.7878627897422508,0.1708940929113997,0.8195681286876428,,,,0.7387978094838802,,,,,,,,,,,,,,,,,,,,,,,,,,,,,,,,,,,,,,,,,,,,,,0.8184772515547181,0.8175913710849163,0.822111755291417,,,,,,,,,,,,,,,,,,,,,,,,,,,,,,,,,,,,,,,,,,,,,,,,,,,,,,,,,,,,,,,,,,,,,
SIRBU_cv,gbsa,4,6452.0,1613.0,68.0,True,2026-03-27T02:34:21.858580,0.798767021230211,0.1532982054816777,0.8367606879649304,,,,0.7565124567414472,,,,,,,,,,,,,,,,,,,,,,,,,,,,,,,,,,,,,,,,,,,,,,,,,0.8330509291254553,0.836637097691489,0.8399132415743573,,,,,,,,,,,,,,,,,,,,,,,,,,,,,,,,,,,,,,,,,,,,,,,,,,,,,,,,,,,,,,,,,,
SIRBU_cv,gbsa,5,6452.0,1613.0,68.0,True,2026-03-27T03:11:55.965820,0.7938734579145368,0.1473318090916324,0.8291624551474817,,,,0.6119729343503038,,,,,,,,,,,,,,,,,,,,,,,,,,,,,,,,,,,,,,,,,,,,,,,,,,,,0.8246932059182539,0.8247389072023599,0.8364803448059608,,,,,,,,,,,,,,,,,,,,,,,,,,,,,,,,,,,,,,,,,,,,,,,,,,,,,,,,,,,,,,,
SIRBU_cv,km,1,6452.0,1613.0,68.0,True,2026-03-27T00:14:41.445589,0.5,0.19789116308155716,0.5,,,,1.5018477617230215,,,,,,,,,,,,,,,,,,,,,,,,,,,,,,,,,,,,,,,,0.5,0.5,0.5,,,,,,,,,,,,,,,,,,,,,,,,,,,,,,,,,,,,,,,,,,,,,,,,,,,,,,,,,,,,,,,,,,,,,,,,,,,
SIRBU_cv,km,2,6452.0,1613.0,68.0,True,2026-03-27T00:48:43.036370,0.5,0.2586189036293713,0.5,,,,1.5431684683243934,,,,,,,,,,,,,,,,,,,,,,,,,,,,,,,,,,,,,,,,,,,0.5,0.5,0.5,,,,,,,,,,,,,,,,,,,,,,,,,,,,,,,,,,,,,,,,,,,,,,,,,,,,,,,,,,,,,,,,,,,,,,,,
SIRBU_cv,km,3,6452.0,1613.0,68.0,True,2026-03-27T01:28:31.248904,0.5,0.22691572496035778,0.5,,,,1.6650559082991514,,,,,,,,,,,,,,,,,,,,,,,,,,,,,,,,,,,,,,,,,,,,,,0.5,0.5,0.5,,,,,,,,,,,,,,,,,,,,,,,,,,,,,,,,,,,,,,,,,,,,,,,,,,,,,,,,,,,,,,,,,,,,,
SIRBU_cv,km,4,6452.0,1613.0,68.0,True,2026-03-27T02:07:39.583858,0.5,0.19735173775909606,0.5,,,,1.6108365902790927,,,,,,,,,,,,,,,,,,,,,,,,,,,,,,,,,,,,,,,,,,,,,,,,,0.5,0.5,0.5,,,,,,,,,,,,,,,,,,,,,,,,,,,,,,,,,,,,,,,,,,,,,,,,,,,,,,,,,,,,,,,,,,
SIRBU_cv,km,5,6452.0,1613.0,68.0,True,2026-03-27T02:43:36.439318,0.5,0.1781080379920974,0.5,,,,1.708028443036449,,,,,,,,,,,,,,,,,,,,,,,,,,,,,,,,,,,,,,,,,,,,,,,,,,,,0.5,0.5,0.5,,,,,,,,,,,,,,,,,,,,,,,,,,,,,,,,,,,,,,,,,,,,,,,,,,,,,,,,,,,,,,,
SIRBU_cv,rsf,1,,,,,,0.7889333642727308,0.1441521080841619,0.8286739409370654,,,,0.7824525308932794,,,,,,,,,,,,,,,,,,,,,,,,,,,,,,,,,,,,,,,,0.8324966325414909,0.8319085747616063,0.8230364828040826,,,,,,,,,,,,,,,,,,,,,,,,,,,,,,,,,,,,,,,,,,,,,,,,,,,,,,,,,,,,,,,,,,,,,,,,,,,
SIRBU_cv,rsf,2,,,,,,0.8079276265189971,0.20818867158652288,0.8435812633101575,,,,0.7679297720877762,,,,,,,,,,,,,,,,,,,,,,,,,,,,,,,,,,,,,,,,,,,0.8353687408852655,0.8403969209506766,0.8528587484177848,,,,,,,,,,,,,,,,,,,,,,,,,,,,,,,,,,,,,,,,,,,,,,,,,,,,,,,,,,,,,,,,,,,,,,,,
SIRBU_cv,rsf,3,,,,,,0.7945992850752744,0.14480453184397035,0.8258941314176694,,,,0.7761420464123167,,,,,,,,,,,,,,,,,,,,,,,,,,,,,,,,,,,,,,,,,,,,,,0.8184787377822863,0.8264768769369437,0.8314054660439048,,,,,,,,,,,,,,,,,,,,,,,,,,,,,,,,,,,,,,,,,,,,,,,,,,,,,,,,,,,,,,,,,,,,,
SIRBU_cv,rsf,4,,,,,,0.799942369996,0.14877322132952456,0.838653666907209,,,,0.8617964566725778,,,,,,,,,,,,,,,,,,,,,,,,,,,,,,,,,,,,,,,,,,,,,,,,,0.8373983526214156,0.8374262038925908,0.8407165249854369,,,,,,,,,,,,,,,,,,,,,,,,,,,,,,,,,,,,,,,,,,,,,,,,,,,,,,,,,,,,,,,,,,
SIRBU_cv,rsf,5,,,,,,0.7933749285760852,0.1342515537850896,0.8317637342432811,,,,0.746698576126444,,,,,,,,,,,,,,,,,,,,,,,,,,,,,,,,,,,,,,,,,,,,,,,,,,,,0.830914682914911,0.8287077298435642,0.8350130189975136,,,,,,,,,,,,,,,,,,,,,,,,,,,,,,,,,,,,,,,,,,,,,,,,,,,,,,,,,,,,,,,
SIRBU_mi,cox,1,6452.0,1613.0,68.0,True,2026-03-27T03:20:51.205206,0.7803324436886678,0.16201289629892787,0.8114297288337533,,,,0.6327701998691182,,,,,,,,,,,,,,,,,,,,,,,,,,,,,,,,,,,,,,,,,,,,,,,,,,,,,,,0.8030809128095747,0.8097662622363946,0.8197464770386577,,,,,,,,,,,,,,,,,,,,,,,,,,,,,,,,,,,,,,,,,,,,,,,,,,,,,,,,,,,,
SIRBU_mi,cox,2,6452.0,1613.0,68.0,True,2026-03-27T04:01:28.167985,0.7719114800336749,0.16427421664898806,0.80928332807961,,,,0.7141337917370782,,,,,,,,,,,,,,,,,,,,,,,,,,,,,,,,,,,,,,,,,,,,,,,,,,,,,,,,,,0.8148611820897196,0.8121918573911266,0.8024130515898675,,,,,,,,,,,,,,,,,,,,,,,,,,,,,,,,,,,,,,,,,,,,,,,,,,,,,,,,,
SIRBU_mi,cox,3,6452.0,1613.0,68.0,True,2026-03-27T04:39:47.003599,0.7622225280174995,0.16005384889454816,0.7901733415482862,,,,0.6664967076510693,,,,,,,,,,,,,,,,,,,,,,,,,,,,,,,,,,,,,,,,,,,,,,,,,,,,,,,,,,,,,0.7655958895429862,0.7995687101381819,0.8019204250152125,,,,,,,,,,,,,,,,,,,,,,,,,,,,,,,,,,,,,,,,,,,,,,,,,,,,,,
SIRBU_mi,cox,4,6452.0,1613.0,68.0,True,2026-03-27T05:19:36.400222,0.7646353923800642,0.14151658656177876,0.7995290238879952,,,,1.0236291591399103,,,,,,,,,,,,,,,,,,,,,,,,,,,,,,,,,,,,,,,,,,,,,,,,,,,,,,,,,,,,,,,,0.7937041801808566,0.7984592310637212,0.8055230673417603,,,,,,,,,,,,,,,,,,,,,,,,,,,,,,,,,,,,,,,,,,,,,,,,,,,
SIRBU_mi,cox,5,6452.0,1613.0,68.0,True,2026-03-27T05:53:31.659789,0.7593790473128076,0.15756786525733027,0.7895681743596765,,,,0.7302313385000874,,,,,,,,,,,,,,,,,,,,,,,,,,,,,,,,,,,,,,,,,,,,,,,,,,,,,,,,,,,,,,,,,,,0.7920910117341883,0.7845606100001934,0.7917444836314849,,,,,,,,,,,,,,,,,,,,,,,,,,,,,,,,,,,,,,,,,,,,,,,,
SIRBU_mi,deepsurv,1,6452.0,1613.0,68.0,True,2026-03-27T03:52:50.433524,0.7706224984256288,0.22178805877363705,0.8010912470601025,,,,0.5468560920414289,,,,,,,,,,,,,,,,,,,,,,,,,,,,,,,,,,,,,,,,,,,,,,,,,,,,,,,0.8002789078433794,0.7975169660512094,0.804832012941658,,,,,,,,,,,,,,,,,,,,,,,,,,,,,,,,,,,,,,,,,,,,,,,,,,,,,,,,,,,,
SIRBU_mi,deepsurv,2,6452.0,1613.0,68.0,True,2026-03-27T04:31:28.572585,0.761496209785385,0.18509848662031478,0.7987761898437188,,,,0.6619806538080532,,,,,,,,,,,,,,,,,,,,,,,,,,,,,,,,,,,,,,,,,,,,,,,,,,,,,,,,,,0.8135735181122352,0.8006693497982571,0.7853731333149023,,,,,,,,,,,,,,,,,,,,,,,,,,,,,,,,,,,,,,,,,,,,,,,,,,,,,,,,,
SIRBU_mi,deepsurv,3,6452.0,1613.0,68.0,True,2026-03-27T05:11:22.951473,0.7511200744869639,0.19283766345342054,0.7814734485906429,,,,0.6120855428005362,,,,,,,,,,,,,,,,,,,,,,,,,,,,,,,,,,,,,,,,,,,,,,,,,,,,,,,,,,,,,0.7661247557335609,0.7836265852476869,0.7919117729983817,,,,,,,,,,,,,,,,,,,,,,,,,,,,,,,,,,,,,,,,,,,,,,,,,,,,,,
SIRBU_mi,deepsurv,4,6452.0,1613.0,68.0,True,2026-03-27T05:45:16.238669,0.7592909112104671,0.13568863518962837,0.7944088870874865,,,,0.9152438669075229,,,,,,,,,,,,,,,,,,,,,,,,,,,,,,,,,,,,,,,,,,,,,,,,,,,,,,,,,,,,,,,,0.7925298528953995,0.7942942622363747,0.796136525598969,,,,,,,,,,,,,,,,,,,,,,,,,,,,,,,,,,,,,,,,,,,,,,,,,,,
SIRBU_mi,deepsurv,5,6452.0,1613.0,68.0,True,2026-03-27T06:23:15.928563,0.7600078601605974,0.1598620564348763,0.7948029868581523,,,,0.6613979371831478,,,,,,,,,,,,,,,,,,,,,,,,,,,,,,,,,,,,,,,,,,,,,,,,,,,,,,,,,,,,,,,,,,,0.8031974316021955,0.7935665647367977,0.7891088230324418,,,,,,,,,,,,,,,,,,,,,,,,,,,,,,,,,,,,,,,,,,,,,,,,
SIRBU_mi,embedding_cox,1,6452.0,1613.0,68.0,True,2026-03-27T03:57:17.070554,0.6959214525492465,0.3525247039984286,0.7285339384212548,,,,8.92373751960487,,,,,,,,,,,,,,,,,,,,,,,,,,,,,,,,,,,,,,,,,,,,,,,,,,,,,,,0.7339792623909951,0.7279196533805401,0.7245693156843642,,,,,,,,,,,,,,,,,,,,,,,,,,,,,,,,,,,,,,,,,,,,,,,,,,,,,,,,,,,,
SIRBU_mi,embedding_cox,2,6452.0,1613.0,68.0,True,2026-03-27T04:35:19.884667,0.5,0.3594243504958322,0.5,,,,9.000000000000002,,,,,,,,,,,,,,,,,,,,,,,,,,,,,,,,,,,,,,,,,,,,,,,,,,,,,,,,,,0.5,0.5,0.5,,,,,,,,,,,,,,,,,,,,,,,,,,,,,,,,,,,,,,,,,,,,,,,,,,,,,,,,,
SIRBU_mi,embedding_cox,3,6452.0,1613.0,68.0,True,2026-03-27T05:15:15.851234,0.5104188819449533,0.33965178760291564,0.514541576654814,,,,9.000000000000002,,,,,,,,,,,,,,,,,,,,,,,,,,,,,,,,,,,,,,,,,,,,,,,,,,,,,,,,,,,,,0.5172865983368837,0.5166596914038268,0.5105840449400041,,,,,,,,,,,,,,,,,,,,,,,,,,,,,,,,,,,,,,,,,,,,,,,,,,,,,,
SIRBU_mi,embedding_cox,4,6452.0,1613.0,68.0,True,2026-03-27T05:49:07.376616,0.7193791658666374,0.23984230950400962,0.7592565010507659,,,,5.115538138803101,,,,,,,,,,,,,,,,,,,,,,,,,,,,,,,,,,,,,,,,,,,,,,,,,,,,,,,,,,,,,,,,0.765857655314282,0.7579263935414694,0.7547357924894241,,,,,,,,,,,,,,,,,,,,,,,,,,,,,,,,,,,,,,,,,,,,,,,,,,,
SIRBU_mi,embedding_cox,5,6452.0,1613.0,68.0,True,2026-03-27T06:27:03.581173,0.5582169940244915,0.334433030501895,0.5680555335508773,,,,9.000000000000002,,,,,,,,,,,,,,,,,,,,,,,,,,,,,,,,,,,,,,,,,,,,,,,,,,,,,,,,,,,,,,,,,,,0.5563781394854199,0.564372163234517,0.5805077120381035,,,,,,,,,,,,,,,,,,,,,,,,,,,,,,,,,,,,,,,,,,,,,,,,
SIRBU_mi,gbsa,1,6452.0,1613.0,68.0,True,2026-03-27T03:51:53.544953,0.7800255074590796,0.1778236318127469,0.8103400662842698,,,,0.5777851708593971,,,,,,,,,,,,,,,,,,,,,,,,,,,,,,,,,,,,,,,,,,,,,,,,,,,,,,,0.7993019143844506,0.8061505046020383,0.8230456099519944,,,,,,,,,,,,,,,,,,,,,,,,,,,,,,,,,,,,,,,,,,,,,,,,,,,,,,,,,,,,
SIRBU_mi,gbsa,2,6452.0,1613.0,68.0,True,2026-03-27T04:30:34.165761,0.7644704692144487,0.1993006574411568,0.8019958271562488,,,,0.6442077967484412,,,,,,,,,,,,,,,,,,,,,,,,,,,,,,,,,,,,,,,,,,,,,,,,,,,,,,,,,,0.815904533787664,0.8028697216651817,0.7901477323870602,,,,,,,,,,,,,,,,,,,,,,,,,,,,,,,,,,,,,,,,,,,,,,,,,,,,,,,,,
SIRBU_mi,gbsa,3,6452.0,1613.0,68.0,True,2026-03-27T05:10:32.386637,0.7661774140799663,0.17659618766943225,0.7919184629078929,,,,0.5822941553522522,,,,,,,,,,,,,,,,,,,,,,,,,,,,,,,,,,,,,,,,,,,,,,,,,,,,,,,,,,,,,0.7654622437757135,0.7964149514079008,0.8092549963317938,,,,,,,,,,,,,,,,,,,,,,,,,,,,,,,,,,,,,,,,,,,,,,,,,,,,,,
SIRBU_mi,gbsa,4,6452.0,1613.0,68.0,True,2026-03-27T05:44:26.027029,0.7637816468716571,0.13439547377461208,0.7948535604754037,,,,0.9219451080939338,,,,,,,,,,,,,,,,,,,,,,,,,,,,,,,,,,,,,,,,,,,,,,,,,,,,,,,,,,,,,,,,0.7784125048954913,0.7975371504605704,0.8066753184170524,,,,,,,,,,,,,,,,,,,,,,,,,,,,,,,,,,,,,,,,,,,,,,,,,,,
SIRBU_mi,gbsa,5,6452.0,1613.0,68.0,True,2026-03-27T06:22:26.469491,0.7591021552917638,0.15394350533491094,0.7922311409255227,,,,0.7182128081114154,,,,,,,,,,,,,,,,,,,,,,,,,,,,,,,,,,,,,,,,,,,,,,,,,,,,,,,,,,,,,,,,,,,0.7925604684453647,0.7915532683407791,0.7925355203367923,,,,,,,,,,,,,,,,,,,,,,,,,,,,,,,,,,,,,,,,,,,,,,,,
SIRBU_mi,km,1,6452.0,1613.0,68.0,True,2026-03-27T03:20:51.275148,0.5,0.23226333485415107,0.5,,,,1.3921046762866096,,,,,,,,,,,,,,,,,,,,,,,,,,,,,,,,,,,,,,,,,,,,,,,,,,,,,,,0.5,0.5,0.5,,,,,,,,,,,,,,,,,,,,,,,,,,,,,,,,,,,,,,,,,,,,,,,,,,,,,,,,,,,,
SIRBU_mi,km,2,6452.0,1613.0,68.0,True,2026-03-27T04:01:28.234667,0.5,0.21310231355125553,0.5,,,,1.2930627585805023,,,,,,,,,,,,,,,,,,,,,,,,,,,,,,,,,,,,,,,,,,,,,,,,,,,,,,,,,,0.5,0.5,0.5,,,,,,,,,,,,,,,,,,,,,,,,,,,,,,,,,,,,,,,,,,,,,,,,,,,,,,,,,
SIRBU_mi,km,3,6452.0,1613.0,68.0,True,2026-03-27T04:39:47.089880,0.5,0.19812136310226672,0.5,,,,1.4241011596060837,,,,,,,,,,,,,,,,,,,,,,,,,,,,,,,,,,,,,,,,,,,,,,,,,,,,,,,,,,,,,0.5,0.5,0.5,,,,,,,,,,,,,,,,,,,,,,,,,,,,,,,,,,,,,,,,,,,,,,,,,,,,,,
SIRBU_mi,km,4,6452.0,1613.0,68.0,True,2026-03-27T05:19:36.467408,0.5,0.19146450039232496,0.5,,,,1.639414952508595,,,,,,,,,,,,,,,,,,,,,,,,,,,,,,,,,,,,,,,,,,,,,,,,,,,,,,,,,,,,,,,,0.5,0.5,0.5,,,,,,,,,,,,,,,,,,,,,,,,,,,,,,,,,,,,,,,,,,,,,,,,,,,
SIRBU_mi,km,5,6452.0,1613.0,68.0,True,2026-03-27T05:53:31.741128,0.5,0.19642760313717125,0.5,,,,1.3640085076627235,,,,,,,,,,,,,,,,,,,,,,,,,,,,,,,,,,,,,,,,,,,,,,,,,,,,,,,,,,,,,,,,,,,0.5,0.5,0.5,,,,,,,,,,,,,,,,,,,,,,,,,,,,,,,,,,,,,,,,,,,,,,,,
SIRBU_mi,rsf,1,,,,,,0.7831830698209362,0.1723593134176801,0.8154701972495269,,,,0.7074971940817976,,,,,,,,,,,,,,,,,,,,,,,,,,,,,,,,,,,,,,,,,,,,,,,,,,,,,,,0.8021056307097642,0.8146597696672055,0.8271920652289,,,,,,,,,,,,,,,,,,,,,,,,,,,,,,,,,,,,,,,,,,,,,,,,,,,,,,,,,,,,
SIRBU_mi,rsf,2,,,,,,0.7700078825024532,0.16491425665099146,0.8058253648684547,,,,0.6852164792261524,,,,,,,,,,,,,,,,,,,,,,,,,,,,,,,,,,,,,,,,,,,,,,,,,,,,,,,,,,0.8160025704390852,0.8062660328396384,0.7973205794372761,,,,,,,,,,,,,,,,,,,,,,,,,,,,,,,,,,,,,,,,,,,,,,,,,,,,,,,,,
SIRBU_mi,rsf,3,,,,,,0.7641704836470018,0.15834553963803613,0.7915605830268453,,,,0.7116572460812307,,,,,,,,,,,,,,,,,,,,,,,,,,,,,,,,,,,,,,,,,,,,,,,,,,,,,,,,,,,,,0.7659956336807076,0.7972946301097201,0.8071529304433163,,,,,,,,,,,,,,,,,,,,,,,,,,,,,,,,,,,,,,,,,,,,,,,,,,,,,,
SIRBU_mi,rsf,4,,,,,,0.7672103436925694,0.1418007585950652,0.7994065114204845,,,,0.9876464075520074,,,,,,,,,,,,,,,,,,,,,,,,,,,,,,,,,,,,,,,,,,,,,,,,,,,,,,,,,,,,,,,,0.785355655298397,0.7998183436569302,0.8111912123509682,,,,,,,,,,,,,,,,,,,,,,,,,,,,,,,,,,,,,,,,,,,,,,,,,,,
SIRBU_mi,rsf,5,,,,,,0.7603419169859857,0.15172504638832868,0.7926392862887212,,,,0.7421041897325331,,,,,,,,,,,,,,,,,,,,,,,,,,,,,,,,,,,,,,,,,,,,,,,,,,,,,,,,,,,,,,,,,,,0.7926459158042188,0.788259472117237,0.7963067744604497,,,,,,,,,,,,,,,,,,,,,,,,,,,,,,,,,,,,,,,,,,,,,,,,
SIRBU_mortality,cox,1,6452.0,1613.0,68.0,True,2026-03-26T21:11:54.044078,0.7833352670456742,0.14516148488797015,0.8188588565741887,,,,0.7350806747896147,,,,,,,,,,,,,,,,,,,,,,,,,,,,,,,,,,,,,,,,0.8158127262089423,0.8269199165761896,0.8146816634668486,,,,,,,,,,,,,,,,,,,,,,,,,,,,,,,,,,,,,,,,,,,,,,,,,,,,,,,,,,,,,,,,,,,,,,,,,,,
SIRBU_mortality,cox,2,6452.0,1613.0,68.0,True,2026-03-26T21:43:47.942233,0.8020285340716813,0.20626800014642674,0.8359279526672521,,,,0.8159067431416703,,,,,,,,,,,,,,,,,,,,,,,,,,,,,,,,,,,,,,,,,,,0.8301051822783728,0.8325988463311506,0.8434004381182469,,,,,,,,,,,,,,,,,,,,,,,,,,,,,,,,,,,,,,,,,,,,,,,,,,,,,,,,,,,,,,,,,,,,,,,,
SIRBU_mortality,cox,3,6452.0,1613.0,68.0,True,2026-03-26T22:20:19.478187,0.793188249432706,0.15605748133418512,0.8272450594524996,,,,0.8018162093006168,,,,,,,,,,,,,,,,,,,,,,,,,,,,,,,,,,,,,,,,,,,,,,0.8318035757302491,0.8303823782960704,0.8209201500286116,,,,,,,,,,,,,,,,,,,,,,,,,,,,,,,,,,,,,,,,,,,,,,,,,,,,,,,,,,,,,,,,,,,,,
SIRBU_mortality,cox,4,6452.0,1613.0,68.0,True,2026-03-26T23:02:37.262482,0.8015821710966573,0.14024157073580942,0.837948762846616,,,,0.8172035605447564,,,,,,,,,,,,,,,,,,,,,,,,,,,,,,,,,,,,,,,,,,,,,,,,,0.8369521543248315,0.8412694330150899,0.8359779976809358,,,,,,,,,,,,,,,,,,,,,,,,,,,,,,,,,,,,,,,,,,,,,,,,,,,,,,,,,,,,,,,,,,
SIRBU_mortality,cox,5,6452.0,1613.0,68.0,True,2026-03-26T23:37:55.921633,0.7918946799249905,0.14204646665118525,0.8289436818462532,,,,0.742910762555741,,,,,,,,,,,,,,,,,,,,,,,,,,,,,,,,,,,,,,,,,,,,,,,,,,,,0.8284068580201629,0.8261515014506862,0.8317196641139601,,,,,,,,,,,,,,,,,,,,,,,,,,,,,,,,,,,,,,,,,,,,,,,,,,,,,,,,,,,,,,,
SIRBU_mortality,deepsurv,1,6452.0,1613.0,68.0,True,2026-03-26T21:35:28.834046,0.7699742816258653,0.14532853075241006,0.8058216896828001,,,,0.624776863862103,,,,,,,,,,,,,,,,,,,,,,,,,,,,,,,,,,,,,,,,0.8152018365105509,0.8146604554151138,0.7912537399028459,,,,,,,,,,,,,,,,,,,,,,,,,,,,,,,,,,,,,,,,,,,,,,,,,,,,,,,,,,,,,,,,,,,,,,,,,,,
SIRBU_mortality,deepsurv,2,6452.0,1613.0,68.0,True,2026-03-26T22:12:19.276966,0.7875692201199815,0.28362279245850647,0.8179044660992896,,,,0.6833865690414547,,,,,,,,,,,,,,,,,,,,,,,,,,,,,,,,,,,,,,,,,,,0.8077692736471829,0.8233966067460574,0.8214861569904605,,,,,,,,,,,,,,,,,,,,,,,,,,,,,,,,,,,,,,,,,,,,,,,,,,,,,,,,,,,,,,,,,,,,,,,,
SIRBU_mortality,deepsurv,3,6452.0,1613.0,68.0,True,2026-03-26T22:54:15.829950,0.7803199883277596,0.1357323037039759,0.8103419637229712,,,,0.8084724737531391,,,,,,,,,,,,,,,,,,,,,,,,,,,,,,,,,,,,,,,,,,,,,,0.8163600871145131,0.8073588817678092,0.8079780876023684,,,,,,,,,,,,,,,,,,,,,,,,,,,,,,,,,,,,,,,,,,,,,,,,,,,,,,,,,,,,,,,,,,,,,
SIRBU_mortality,deepsurv,4,6452.0,1613.0,68.0,True,2026-03-26T23:29:37.808441,0.7882467019144915,0.14692886186432794,0.8239806242507477,,,,0.7564263700693857,,,,,,,,,,,,,,,,,,,,,,,,,,,,,,,,,,,,,,,,,,,,,,,,,0.8329084504903582,0.8249263801524598,0.8158490789379078,,,,,,,,,,,,,,,,,,,,,,,,,,,,,,,,,,,,,,,,,,,,,,,,,,,,,,,,,,,,,,,,,,
SIRBU_mortality,deepsurv,5,6452.0,1613.0,68.0,True,2026-03-27T00:06:24.130552,0.7612523823950116,0.1784773555186773,0.7962254576997246,,,,0.6573406105266782,,,,,,,,,,,,,,,,,,,,,,,,,,,,,,,,,,,,,,,,,,,,,,,,,,,,0.7973134504386175,0.7880014863177659,0.8022479897783454,,,,,,,,,,,,,,,,,,,,,,,,,,,,,,,,,,,,,,,,,,,,,,,,,,,,,,,,,,,,,,,
SIRBU_mortality,embedding_cox,1,6452.0,1613.0,68.0,True,2026-03-26T21:39:24.654266,0.5,0.3166241583825517,0.5,,,,8.999999999999998,,,,,,,,,,,,,,,,,,,,,,,,,,,,,,,,,,,,,,,,0.5,0.5,0.5,,,,,,,,,,,,,,,,,,,,,,,,,,,,,,,,,,,,,,,,,,,,,,,,,,,,,,,,,,,,,,,,,,,,,,,,,,,
SIRBU_mortality,embedding_cox,2,6452.0,1613.0,68.0,True,2026-03-26T22:16:19.999768,0.45784686971235194,0.8071745360848747,0.45272995449209125,,,,5.2144008713655285,,,,,,,,,,,,,,,,,,,,,,,,,,,,,,,,,,,,,,,,,,,0.4519871341140726,0.45446339541159825,0.45188108567222646,,,,,,,,,,,,,,,,,,,,,,,,,,,,,,,,,,,,,,,,,,,,,,,,,,,,,,,,,,,,,,,,,,,,,,,,
SIRBU_mortality,embedding_cox,3,6452.0,1613.0,68.0,True,2026-03-26T22:58:09.104582,0.7092527462401179,0.297790764643084,0.743699003518812,,,,6.304126451735598,,,,,,,,,,,,,,,,,,,,,,,,,,,,,,,,,,,,,,,,,,,,,,0.7552009873263149,0.7503633857638402,0.7287916959197919,,,,,,,,,,,,,,,,,,,,,,,,,,,,,,,,,,,,,,,,,,,,,,,,,,,,,,,,,,,,,,,,,,,,,
SIRBU_mortality,embedding_cox,4,6452.0,1613.0,68.0,True,2026-03-26T23:33:31.400235,0.7539075607152945,0.2594678966191211,0.7943804043484408,,,,5.478710765999208,,,,,,,,,,,,,,,,,,,,,,,,,,,,,,,,,,,,,,,,,,,,,,,,,0.8002671667422391,0.7982216654247909,0.786315443645164,,,,,,,,,,,,,,,,,,,,,,,,,,,,,,,,,,,,,,,,,,,,,,,,,,,,,,,,,,,,,,,,,,
SIRBU_mortality,embedding_cox,5,6452.0,1613.0,68.0,True,2026-03-27T00:10:21.296387,0.5012223555894726,0.30480023154496416,0.5010407824620162,,,,8.999999999999998,,,,,,,,,,,,,,,,,,,,,,,,,,,,,,,,,,,,,,,,,,,,,,,,,,,,0.49964912280701756,0.5020745613325568,0.5012963104085668,,,,,,,,,,,,,,,,,,,,,,,,,,,,,,,,,,,,,,,,,,,,,,,,,,,,,,,,,,,,,,,
SIRBU_mortality,gbsa,1,6452.0,1613.0,68.0,True,2026-03-26T21:34:34.968503,0.7757686506555285,0.15447657738698306,0.8118805419101921,,,,0.722632595813469,,,,,,,,,,,,,,,,,,,,,,,,,,,,,,,,,,,,,,,,0.814815883826892,0.8155194048728411,0.8066104149879447,,,,,,,,,,,,,,,,,,,,,,,,,,,,,,,,,,,,,,,,,,,,,,,,,,,,,,,,,,,,,,,,,,,,,,,,,,,
SIRBU_mortality,gbsa,2,6452.0,1613.0,68.0,True,2026-03-26T22:11:27.589602,0.8053780187663436,0.21945330413744196,0.8377891764717863,,,,0.6895241635366376,,,,,,,,,,,,,,,,,,,,,,,,,,,,,,,,,,,,,,,,,,,0.8310068431161457,0.8365292053017648,0.8443071443594439,,,,,,,,,,,,,,,,,,,,,,,,,,,,,,,,,,,,,,,,,,,,,,,,,,,,,,,,,,,,,,,,,,,,,,,,
SIRBU_mortality,gbsa,3,6452.0,1613.0,68.0,True,2026-03-26T22:53:16.428102,0.7893256593471992,0.15950309474322505,0.822465463458192,,,,0.8125353884189643,,,,,,,,,,,,,,,,,,,,,,,,,,,,,,,,,,,,,,,,,,,,,,0.8258953512319474,0.8200477933471239,0.8217210833387278,,,,,,,,,,,,,,,,,,,,,,,,,,,,,,,,,,,,,,,,,,,,,,,,,,,,,,,,,,,,,,,,,,,,,
SIRBU_mortality,gbsa,4,6452.0,1613.0,68.0,True,2026-03-26T23:28:46.236173,0.8014532618771837,0.14143529871447794,0.839735035074885,,,,0.7763984779876377,,,,,,,,,,,,,,,,,,,,,,,,,,,,,,,,,,,,,,,,,,,,,,,,,0.8323415438391074,0.8420525773596654,0.8438640569460424,,,,,,,,,,,,,,,,,,,,,,,,,,,,,,,,,,,,,,,,,,,,,,,,,,,,,,,,,,,,,,,,,,
SIRBU_mortality,gbsa,5,6452.0,1613.0,68.0,True,2026-03-27T00:04:38.953829,0.7935283222186856,0.1393577668345597,0.8310172005888126,,,,0.6127477143988567,,,,,,,,,,,,,,,,,,,,,,,,,,,,,,,,,,,,,,,,,,,,,,,,,,,,0.8264124310101083,0.8262166837640889,0.8387607429682147,,,,,,,,,,,,,,,,,,,,,,,,,,,,,,,,,,,,,,,,,,,,,,,,,,,,,,,,,,,,,,,
SIRBU_mortality,km,1,6452.0,1613.0,68.0,True,2026-03-26T21:11:54.130382,0.5,0.19789116308155716,0.5,,,,1.5018477617230215,,,,,,,,,,,,,,,,,,,,,,,,,,,,,,,,,,,,,,,,0.5,0.5,0.5,,,,,,,,,,,,,,,,,,,,,,,,,,,,,,,,,,,,,,,,,,,,,,,,,,,,,,,,,,,,,,,,,,,,,,,,,,,
SIRBU_mortality,km,2,6452.0,1613.0,68.0,True,2026-03-26T21:43:48.021994,0.5,0.2586189036293713,0.5,,,,1.5431684683243934,,,,,,,,,,,,,,,,,,,,,,,,,,,,,,,,,,,,,,,,,,,0.5,0.5,0.5,,,,,,,,,,,,,,,,,,,,,,,,,,,,,,,,,,,,,,,,,,,,,,,,,,,,,,,,,,,,,,,,,,,,,,,,
SIRBU_mortality,km,3,6452.0,1613.0,68.0,True,2026-03-26T22:20:19.557434,0.5,0.22691572496035778,0.5,,,,1.6650559082991514,,,,,,,,,,,,,,,,,,,,,,,,,,,,,,,,,,,,,,,,,,,,,,0.5,0.5,0.5,,,,,,,,,,,,,,,,,,,,,,,,,,,,,,,,,,,,,,,,,,,,,,,,,,,,,,,,,,,,,,,,,,,,,
SIRBU_mortality,km,4,6452.0,1613.0,68.0,True,2026-03-26T23:02:37.345073,0.5,0.19735173775909606,0.5,,,,1.6108365902790927,,,,,,,,,,,,,,,,,,,,,,,,,,,,,,,,,,,,,,,,,,,,,,,,,0.5,0.5,0.5,,,,,,,,,,,,,,,,,,,,,,,,,,,,,,,,,,,,,,,,,,,,,,,,,,,,,,,,,,,,,,,,,,
SIRBU_mortality,km,5,6452.0,1613.0,68.0,True,2026-03-26T23:37:56.012820,0.5,0.1781080379920974,0.5,,,,1.708028443036449,,,,,,,,,,,,,,,,,,,,,,,,,,,,,,,,,,,,,,,,,,,,,,,,,,,,0.5,0.5,0.5,,,,,,,,,,,,,,,,,,,,,,,,,,,,,,,,,,,,,,,,,,,,,,,,,,,,,,,,,,,,,,,
SIRBU_mortality,rsf,1,,,,,,0.7869435742738911,0.14326843235635597,0.8246332356414511,,,,0.7847865457013065,,,,,,,,,,,,,,,,,,,,,,,,,,,,,,,,,,,,,,,,0.8266234514534367,0.8289315054641128,0.8195678601931755,,,,,,,,,,,,,,,,,,,,,,,,,,,,,,,,,,,,,,,,,,,,,,,,,,,,,,,,,,,,,,,,,,,,,,,,,,,
SIRBU_mortality,rsf,2,,,,,,0.8068258729426242,0.2025790668676013,0.8425941302047799,,,,0.76473130735085,,,,,,,,,,,,,,,,,,,,,,,,,,,,,,,,,,,,,,,,,,,0.835265655048262,0.8402119882782755,0.8504892938245796,,,,,,,,,,,,,,,,,,,,,,,,,,,,,,,,,,,,,,,,,,,,,,,,,,,,,,,,,,,,,,,,,,,,,,,,
SIRBU_mortality,rsf,3,,,,,,0.7924260982080807,0.1445060564008651,0.8234433422137272,,,,0.7857374406230955,,,,,,,,,,,,,,,,,,,,,,,,,,,,,,,,,,,,,,,,,,,,,,0.8144421608046115,0.825132673431122,0.8293082543507323,,,,,,,,,,,,,,,,,,,,,,,,,,,,,,,,,,,,,,,,,,,,,,,,,,,,,,,,,,,,,,,,,,,,,
SIRBU_mortality,rsf,4,,,,,,0.799932891376921,0.148897733081968,0.8385726821079992,,,,0.8643790568344207,,,,,,,,,,,,,,,,,,,,,,,,,,,,,,,,,,,,,,,,,,,,,,,,,0.8370459427725946,0.8374416902128257,0.8407775522434348,,,,,,,,,,,,,,,,,,,,,,,,,,,,,,,,,,,,,,,,,,,,,,,,,,,,,,,,,,,,,,,,,,
SIRBU_mortality,rsf,5,,,,,,0.7944582711769511,0.13562230616895307,0.8325351773669076,,,,0.7385203422806079,,,,,,,,,,,,,,,,,,,,,,,,,,,,,,,,,,,,,,,,,,,,,,,,,,,,0.8310159106802694,0.8303035268976707,0.8356335753731858,,,,,,,,,,,,,,,,,,,,,,,,,,,,,,,,,,,,,,,,,,,,,,,,,,,,,,,,,,,,,,,
SIRBU_stroke,cox,1,6452.0,1613.0,68.0,True,2026-03-27T06:31:06.706234,0.7970661450270808,0.1466456865660279,0.834838809733961,,,,0.7192377731529656,,,,,,,,,,,,,,,,,,,,,,,,,,,,,,,,,,,,,,,,,,,,,,,,,,,,,,,,,,,,,,,,,,,,,,0.837977597118392,0.8406513312663813,0.8273934956535276,,,,,,,,,,,,,,,,,,,,,,,,,,,,,,,,,,,,,,,,,,,,,
SIRBU_stroke,cox,2,6452.0,1613.0,68.0,True,2026-03-27T07:09:48.240638,0.778453968176042,0.16513540777511618,0.8082136928673438,,,,0.7724050468262227,,,,,,,,,,,,,,,,,,,,,,,,,,,,,,,,,,,,,,,,,,,,,,,,,,,,,,,,,,,,,,,,,,,,,,,,,0.8084553065328617,0.8062145437574129,0.8096709005570006,,,,,,,,,,,,,,,,,,,,,,,,,,,,,,,,,,,,,,,,,,
SIRBU_stroke,cox,3,6452.0,1613.0,68.0,True,2026-03-27T07:50:40.587100,0.8005835856579748,0.15564626362701942,0.842175200780336,,,,0.7871195369406866,,,,,,,,,,,,,,,,,,,,,,,,,,,,,,,,,,,,,,,,,,,,,,,,,,,,,,,,,,,,,,,,,,,,,,,,,,,,0.8446763039662726,0.835599457915308,0.8455919810636219,,,,,,,,,,,,,,,,,,,,,,,,,,,,,,,,,,,,,,,
SIRBU_stroke,cox,4,6452.0,1613.0,68.0,True,2026-03-27T08:31:08.988583,0.7898197090344597,0.16042672955343892,0.8188652060095921,,,,0.7298559971499013,,,,,,,,,,,,,,,,,,,,,,,,,,,,,,,,,,,,,,,,,,,,,,,,,,,,,,,,,,,,,,,,,,,,,,,,,,,,,,,0.8044091861700509,0.8276590984202745,0.8231949851637852,,,,,,,,,,,,,,,,,,,,,,,,,,,,,,,,,,,,
SIRBU_stroke,cox,5,6452.0,1613.0,68.0,True,2026-03-27T09:07:02.275185,0.7816504298643816,0.14730153828381937,0.8146684583434821,,,,0.7788420664834074,,,,,,,,,,,,,,,,,,,,,,,,,,,,,,,,,,,,,,,,,,,,,,,,,,,,,,,,,,,,,,,,,,,,,,,,,,,,,,,,,,0.8096861785289045,0.825273124085232,0.8098517733932747,,,,,,,,,,,,,,,,,,,,,,,,,,,,,,,,,
SIRBU_stroke,deepsurv,1,6452.0,1613.0,68.0,True,2026-03-27T07:01:29.128062,0.7839595827373577,0.15990719223631525,0.8241508097303571,,,,0.7476912070759625,,,,,,,,,,,,,,,,,,,,,,,,,,,,,,,,,,,,,,,,,,,,,,,,,,,,,,,,,,,,,,,,,,,,,,0.831784442230665,0.8323557496218942,0.8110152532657156,,,,,,,,,,,,,,,,,,,,,,,,,,,,,,,,,,,,,,,,,,,,,
SIRBU_stroke,deepsurv,2,6452.0,1613.0,68.0,True,2026-03-27T07:42:19.684227,0.7796199402946746,0.17094937869785523,0.8138378584741691,,,,0.7566337148803329,,,,,,,,,,,,,,,,,,,,,,,,,,,,,,,,,,,,,,,,,,,,,,,,,,,,,,,,,,,,,,,,,,,,,,,,,0.8226371766982032,0.8121075728963078,0.8083022991855994,,,,,,,,,,,,,,,,,,,,,,,,,,,,,,,,,,,,,,,,,,
SIRBU_stroke,deepsurv,3,6452.0,1613.0,68.0,True,2026-03-27T08:21:49.669491,0.7943950749769163,0.17525829562456732,0.8331718927019492,,,,0.5968067117585848,,,,,,,,,,,,,,,,,,,,,,,,,,,,,,,,,,,,,,,,,,,,,,,,,,,,,,,,,,,,,,,,,,,,,,,,,,,,0.8400659359432214,0.8316796854606788,0.8290273640050149,,,,,,,,,,,,,,,,,,,,,,,,,,,,,,,,,,,,,,,
SIRBU_stroke,deepsurv,4,6452.0,1613.0,68.0,True,2026-03-27T08:58:47.396214,0.785366361787681,0.17374308661654173,0.8136919265520425,,,,0.6051641843009768,,,,,,,,,,,,,,,,,,,,,,,,,,,,,,,,,,,,,,,,,,,,,,,,,,,,,,,,,,,,,,,,,,,,,,,,,,,,,,,0.8103347076325962,0.8206275910468329,0.8106397993804867,,,,,,,,,,,,,,,,,,,,,,,,,,,,,,,,,,,,
SIRBU_stroke,deepsurv,5,6452.0,1613.0,68.0,True,2026-03-27T09:34:15.821188,0.7773262832174371,0.1349407332231813,0.810208662607453,,,,0.6416810723495904,,,,,,,,,,,,,,,,,,,,,,,,,,,,,,,,,,,,,,,,,,,,,,,,,,,,,,,,,,,,,,,,,,,,,,,,,,,,,,,,,,0.8127287702811009,0.817053499788762,0.802531970818195,,,,,,,,,,,,,,,,,,,,,,,,,,,,,,,,,
SIRBU_stroke,embedding_cox,1,6452.0,1613.0,68.0,True,2026-03-27T07:05:24.017591,0.5,0.3116144664394172,0.5,,,,8.999999999999998,,,,,,,,,,,,,,,,,,,,,,,,,,,,,,,,,,,,,,,,,,,,,,,,,,,,,,,,,,,,,,,,,,,,,,0.5,0.5,0.5,,,,,,,,,,,,,,,,,,,,,,,,,,,,,,,,,,,,,,,,,,,,,
SIRBU_stroke,embedding_cox,2,6452.0,1613.0,68.0,True,2026-03-27T07:46:14.607846,0.6731086232843216,0.3602768678397218,0.7138261954091831,,,,8.999999999999998,,,,,,,,,,,,,,,,,,,,,,,,,,,,,,,,,,,,,,,,,,,,,,,,,,,,,,,,,,,,,,,,,,,,,,,,,0.7088702974503673,0.7085357902623073,0.7221095820777084,,,,,,,,,,,,,,,,,,,,,,,,,,,,,,,,,,,,,,,,,,
SIRBU_stroke,embedding_cox,3,6452.0,1613.0,68.0,True,2026-03-27T08:26:51.051953,0.7633785779697362,0.22622772473839395,0.7927963890917518,,,,3.2401307232049934,,,,,,,,,,,,,,,,,,,,,,,,,,,,,,,,,,,,,,,,,,,,,,,,,,,,,,,,,,,,,,,,,,,,,,,,,,,,0.8090323399625002,0.7936941297734137,0.7794382364358188,,,,,,,,,,,,,,,,,,,,,,,,,,,,,,,,,,,,,,,
SIRBU_stroke,embedding_cox,4,6452.0,1613.0,68.0,True,2026-03-27T09:02:36.211545,0.5,0.34399268719308107,0.5,,,,9.0,,,,,,,,,,,,,,,,,,,,,,,,,,,,,,,,,,,,,,,,,,,,,,,,,,,,,,,,,,,,,,,,,,,,,,,,,,,,,,,0.5,0.5,0.5,,,,,,,,,,,,,,,,,,,,,,,,,,,,,,,,,,,,
SIRBU_stroke,embedding_cox,5,6452.0,1613.0,68.0,True,2026-03-27T09:38:15.476169,0.605501432881272,0.3335036527067474,0.6281980084063425,,,,9.0,,,,,,,,,,,,,,,,,,,,,,,,,,,,,,,,,,,,,,,,,,,,,,,,,,,,,,,,,,,,,,,,,,,,,,,,,,,,,,,,,,0.632025140351889,0.6392954319745379,0.6159579067195309,,,,,,,,,,,,,,,,,,,,,,,,,,,,,,,,,
SIRBU_stroke,gbsa,1,6452.0,1613.0,68.0,True,2026-03-27T07:00:35.483214,0.7977721234138467,0.1472318763104611,0.8363211945513216,,,,0.7333831945889698,,,,,,,,,,,,,,,,,,,,,,,,,,,,,,,,,,,,,,,,,,,,,,,,,,,,,,,,,,,,,,,,,,,,,,0.8355848621574986,0.8431834113769003,0.8311728485166734,,,,,,,,,,,,,,,,,,,,,,,,,,,,,,,,,,,,,,,,,,,,,
SIRBU_stroke,gbsa,2,6452.0,1613.0,68.0,True,2026-03-27T07:41:23.287056,0.7818848529364559,0.2091960602103821,0.8137471842970421,,,,0.6323328563995837,,,,,,,,,,,,,,,,,,,,,,,,,,,,,,,,,,,,,,,,,,,,,,,,,,,,,,,,,,,,,,,,,,,,,,,,,0.8159248214990803,0.8041069361418407,0.8199729527858344,,,,,,,,,,,,,,,,,,,,,,,,,,,,,,,,,,,,,,,,,,
SIRBU_stroke,gbsa,3,6452.0,1613.0,68.0,True,2026-03-27T08:20:53.666232,0.7984695570399049,0.16894713498451883,0.8361391831287976,,,,0.6068060613943809,,,,,,,,,,,,,,,,,,,,,,,,,,,,,,,,,,,,,,,,,,,,,,,,,,,,,,,,,,,,,,,,,,,,,,,,,,,,0.8344255763337073,0.8387533036446023,0.8353402656933437,,,,,,,,,,,,,,,,,,,,,,,,,,,,,,,,,,,,,,,
SIRBU_stroke,gbsa,4,6452.0,1613.0,68.0,True,2026-03-27T08:57:58.307055,0.7885439001771752,0.1652379442605245,0.8179335892753361,,,,0.6630568116951203,,,,,,,,,,,,,,,,,,,,,,,,,,,,,,,,,,,,,,,,,,,,,,,,,,,,,,,,,,,,,,,,,,,,,,,,,,,,,,,0.806931995450866,0.8264532464057402,0.8197136162822617,,,,,,,,,,,,,,,,,,,,,,,,,,,,,,,,,,,,
SIRBU_stroke,gbsa,5,6452.0,1613.0,68.0,True,2026-03-27T09:33:21.536567,0.7750102483597902,0.14598284532339856,0.8055537460538039,,,,0.6815176774935325,,,,,,,,,,,,,,,,,,,,,,,,,,,,,,,,,,,,,,,,,,,,,,,,,,,,,,,,,,,,,,,,,,,,,,,,,,,,,,,,,,0.7929770254785622,0.8102376931733204,0.8116891412319889,,,,,,,,,,,,,,,,,,,,,,,,,,,,,,,,,
SIRBU_stroke,km,1,6452.0,1613.0,68.0,True,2026-03-27T06:31:06.779546,0.5,0.1913678514856115,0.5,,,,1.5642234651404785,,,,,,,,,,,,,,,,,,,,,,,,,,,,,,,,,,,,,,,,,,,,,,,,,,,,,,,,,,,,,,,,,,,,,,0.5,0.5,0.5,,,,,,,,,,,,,,,,,,,,,,,,,,,,,,,,,,,,,,,,,,,,,
SIRBU_stroke,km,2,6452.0,1613.0,68.0,True,2026-03-27T07:09:48.331393,0.5,0.24941370281574343,0.5,,,,1.4730098855359,,,,,,,,,,,,,,,,,,,,,,,,,,,,,,,,,,,,,,,,,,,,,,,,,,,,,,,,,,,,,,,,,,,,,,,,,0.5,0.5,0.5,,,,,,,,,,,,,,,,,,,,,,,,,,,,,,,,,,,,,,,,,,
SIRBU_stroke,km,3,6452.0,1613.0,68.0,True,2026-03-27T07:50:40.672745,0.5,0.2372106949817809,0.5,,,,1.4568320759625388,,,,,,,,,,,,,,,,,,,,,,,,,,,,,,,,,,,,,,,,,,,,,,,,,,,,,,,,,,,,,,,,,,,,,,,,,,,,0.5,0.5,0.5,,,,,,,,,,,,,,,,,,,,,,,,,,,,,,,,,,,,,,,
SIRBU_stroke,km,4,6452.0,1613.0,68.0,True,2026-03-27T08:31:09.061520,0.5,0.1956006883130421,0.5,,,,1.5937921290317358,,,,,,,,,,,,,,,,,,,,,,,,,,,,,,,,,,,,,,,,,,,,,,,,,,,,,,,,,,,,,,,,,,,,,,,,,,,,,,,0.5,0.5,0.5,,,,,,,,,,,,,,,,,,,,,,,,,,,,,,,,,,,,
SIRBU_stroke,km,5,6452.0,1613.0,68.0,True,2026-03-27T09:07:02.360546,0.5,0.19173077619461046,0.5,,,,1.5116088887449444,,,,,,,,,,,,,,,,,,,,,,,,,,,,,,,,,,,,,,,,,,,,,,,,,,,,,,,,,,,,,,,,,,,,,,,,,,,,,,,,,,0.5,0.5,0.5,,,,,,,,,,,,,,,,,,,,,,,,,,,,,,,,,
SIRBU_stroke,rsf,1,,,,,,0.7976158521563596,0.14133068511847605,0.8378921598889026,,,,0.7858188085327783,,,,,,,,,,,,,,,,,,,,,,,,,,,,,,,,,,,,,,,,,,,,,,,,,,,,,,,,,,,,,,,,,,,,,,0.8398132815646485,0.8392920688671284,0.8351437975388695,,,,,,,,,,,,,,,,,,,,,,,,,,,,,,,,,,,,,,,,,,,,,
SIRBU_stroke,rsf,2,,,,,,0.7873720026963695,0.16786539974859807,0.8205208723738288,,,,0.7923224505723205,,,,,,,,,,,,,,,,,,,,,,,,,,,,,,,,,,,,,,,,,,,,,,,,,,,,,,,,,,,,,,,,,,,,,,,,,0.8227549347833251,0.8137676941877383,0.8243214906775242,,,,,,,,,,,,,,,,,,,,,,,,,,,,,,,,,,,,,,,,,,
SIRBU_stroke,rsf,3,,,,,,0.7956521162090063,0.15138138126604844,0.8371751222850374,,,,0.7324076482830385,,,,,,,,,,,,,,,,,,,,,,,,,,,,,,,,,,,,,,,,,,,,,,,,,,,,,,,,,,,,,,,,,,,,,,,,,,,,0.8392845730667574,0.8356089299706169,0.8368117340266646,,,,,,,,,,,,,,,,,,,,,,,,,,,,,,,,,,,,,,,
SIRBU_stroke,rsf,4,,,,,,0.7895118187466469,0.1546153040574737,0.8199287356637152,,,,0.724107218765308,,,,,,,,,,,,,,,,,,,,,,,,,,,,,,,,,,,,,,,,,,,,,,,,,,,,,,,,,,,,,,,,,,,,,,,,,,,,,,,0.8060248421638088,0.8254860120389231,0.8264984761484706,,,,,,,,,,,,,,,,,,,,,,,,,,,,,,,,,,,,
SIRBU_stroke,rsf,5,,,,,,0.7763382846607084,0.15135598694219168,0.8125508457649772,,,,0.8349533822654234,,,,,,,,,,,,,,,,,,,,,,,,,,,,,,,,,,,,,,,,,,,,,,,,,,,,,,,,,,,,,,,,,,,,,,,,,,,,,,,,,,0.8045648270379057,0.822174644212892,0.8109386344313023,,,,,,,,,,,,,,,,,,,,,,,,,,,,,,,,,
SUPPORT2,cox,1,7098.0,1775.0,14.0,True,2026-03-26T13:15:49.544994,0.5852070386018329,0.2135306971894713,0.590371436714531,,,,0.3629610543397219,,,,,,,,,,,,,,,,,,,,,,0.5578202236192866,,,,,,,,,,,,,,,,,,,,,,,,,,,,,,,,,,,,,,,,,,,,,,,,,,,,,,,,,,,,,,,0.5910969838242566,0.6227426414365805,,,,,,,,,,,,,,,,,,,,,,,,,,,,,,,
SUPPORT2,cox,2,7098.0,1775.0,14.0,True,2026-03-26T13:50:44.804458,0.5820880728852721,0.20807957789977272,0.58100045264922,,,,0.3499889144310769,,,,,,,,,,,,,,,,,,,,,,,,,,,,,,,,,,,,,,,,,,,,,,,,,,,,,,,,,,,,,,,,,,,,,,,,,,,,,,,,,,,,,,,0.5447226108480414,0.5788919302571527,0.6196278656251984,,,,,,,,,,,,,,,,,,,,,,,,,,,,
SUPPORT2,cox,3,7098.0,1775.0,14.0,True,2026-03-26T14:34:00.601839,0.5647392447595991,0.22073593628174468,0.5684932631183314,,,,0.3420677091448736,,,,,,,,,,,,,,,,,,,,,,0.5432306135671746,,,,,,,,,,,,,,,,,,,,,,,,,,,,,,,,,,,,,,,,,,,,,,,,,,,,,,,,,,,,,,,,,,,,0.5669533030578947,0.5956886324897055,,,,,,,,,,,,,,,,,,,,,,,,,,
SUPPORT2,cox,4,7099.0,1774.0,14.0,True,2026-03-26T15:15:36.251275,0.5565417726593987,0.20392504015896135,0.5581610496412719,,,,0.3887437888209416,,,,,,,,,,,,,,,,,,,,,,,,,,,,,,,,,,,,,,,,,,,,,,,,,,,,,,,,,,,,,,,,,,,,,,,,,,,,,,,,,,,,,,,,,,,,0.549982372642341,0.5462916184088501,0.5789368614461278,,,,,,,,,,,,,,,,,,,,,,,
SUPPORT2,cox,5,7099.0,1774.0,14.0,True,2026-03-26T15:58:02.676212,0.5617719925895611,0.20803699391311628,0.5579921000222446,,,,0.34054387242603734,,,,,,,,,,,,,,,,,,,,,,,,,,,,,,,,,,,,,,,,,,,,,,,,,,,,,,,,,,,,,,,,,,,,,,,,,,,,,,,,,,,,,,,,,,0.5483472009962076,,,,,0.5390641069220927,0.587026072979929,,,,,,,,,,,,,,,,,,,,,
SUPPORT2,deephit_single,1,7098.0,1775.0,14.0,True,2026-03-30T10:57:47.735056,0.5685695175118884,0.2974497534252034,0.5484662561216146,,,,0.5278386912854699,,,,,,,,,,,,,,,,,,,,,,0.4808259587020649,,,,,,,,,,,,,,,,,,,,,,,,,,,,,,,,,,,,,,,,,,,,,,,,,,,,,,,,,,,,,,,0.5466850321395775,0.6189995351282971,,,,,,,,,,,,,,,,,,,,,,,,,,,,,,,
SUPPORT2,deephit_single,2,7098.0,1775.0,14.0,True,2026-03-30T11:02:42.856373,0.6011889597226495,0.20129696742410907,0.5966470631627044,,,,0.08146417370640334,,,,,,,,,,,,,,,,,,,,,,,,,,,,,,,,,,,,,,,,,,,,,,,,,,,,,,,,,,,,,,,,,,,,,,,,,,,,,,,,,,,,,,,0.5447607260726073,0.5821607727588918,0.6633644503714994,,,,,,,,,,,,,,,,,,,,,,,,,,,,
SUPPORT2,deephit_single,3,7098.0,1775.0,14.0,True,2026-03-30T11:07:22.800235,0.569675835670192,0.23447666666980527,0.5586385564659772,,,,0.3466804040775674,,,,,,,,,,,,,,,,,,,,,,0.5051056634921762,,,,,,,,,,,,,,,,,,,,,,,,,,,,,,,,,,,,,,,,,,,,,,,,,,,,,,,,,,,,,,,,,,,,0.5515196158827289,0.6200588329434,,,,,,,,,,,,,,,,,,,,,,,,,,
SUPPORT2,deephit_single,4,7099.0,1774.0,14.0,True,2026-03-30T11:12:19.658203,0.5754247574147358,0.19265218277883298,0.5592941809473033,,,,0.33827870973587515,,,,,,,,,,,,,,,,,,,,,,,,,,,,,,,,,,,,,,,,,,,,,,,,,,,,,,,,,,,,,,,,,,,,,,,,,,,,,,,,,,,,,,,,,,,,0.5174290498854222,0.5504979643762322,0.6124433367876965,,,,,,,,,,,,,,,,,,,,,,,
SUPPORT2,deephit_single,5,7099.0,1774.0,14.0,True,2026-03-30T11:16:59.549231,0.5777780711443202,0.2054515444038491,0.5522587203694028,,,,0.34732563223779545,,,,,,,,,,,,,,,,,,,,,,,,,,,,,,,,,,,,,,,,,,,,,,,,,,,,,,,,,,,,,,,,,,,,,,,,,,,,,,,,,,,,,,,,,,0.5189831323937284,,,,,0.5235878571629617,0.6139764600563575,,,,,,,,,,,,,,,,,,,,,
SUPPORT2,deepsurv,1,7098.0,1775.0,14.0,True,2026-03-30T10:55:34.300822,0.6199077353850256,0.19839343293082642,0.6333897723263237,,,,0.23127823341081533,,,,,,,,,,,,,,,,,,,,,,0.5927690794947432,,,,,,,,,,,,,,,,,,,,,,,,,,,,,,,,,,,,,,,,,,,,,,,,,,,,,,,,,,,,,,,0.6357886557886557,0.6723022834599665,,,,,,,,,,,,,,,,,,,,,,,,,,,,,,,
SUPPORT2,deepsurv,2,7098.0,1775.0,14.0,True,2026-03-30T11:00:29.115035,0.6156188809212125,0.1936354710863345,0.6304119254741645,,,,0.2129671640643608,,,,,,,,,,,,,,,,,,,,,,,,,,,,,,,,,,,,,,,,,,,,,,,,,,,,,,,,,,,,,,,,,,,,,,,,,,,,,,,,,,,,,,,0.6041935715310661,0.6180756245016147,0.6691407887216612,,,,,,,,,,,,,,,,,,,,,,,,,,,,
SUPPORT2,deepsurv,3,7098.0,1775.0,14.0,True,2026-03-30T11:05:19.421489,0.6064300510107051,0.20722762148128943,0.628326341967599,,,,0.26739970992189305,,,,,,,,,,,,,,,,,,,,,,0.6061338966352767,,,,,,,,,,,,,,,,,,,,,,,,,,,,,,,,,,,,,,,,,,,,,,,,,,,,,,,,,,,,,,,,,,,,0.6214526272331906,0.6576461234018447,,,,,,,,,,,,,,,,,,,,,,,,,,
SUPPORT2,deepsurv,4,7099.0,1774.0,14.0,True,2026-03-30T11:10:19.748120,0.6052311208562238,0.21042920697840678,0.6156848201067409,,,,0.43072480401194635,,,,,,,,,,,,,,,,,,,,,,,,,,,,,,,,,,,,,,,,,,,,,,,,,,,,,,,,,,,,,,,,,,,,,,,,,,,,,,,,,,,,,,,,,,,,0.5946434866913449,0.6115610483075404,0.6420932169446052,,,,,,,,,,,,,,,,,,,,,,,
SUPPORT2,deepsurv,5,7099.0,1774.0,14.0,True,2026-03-30T11:14:58.812826,0.6106263228997523,0.18962254559571767,0.6215068537070251,,,,0.26884117708835986,,,,,,,,,,,,,,,,,,,,,,,,,,,,,,,,,,,,,,,,,,,,,,,,,,,,,,,,,,,,,,,,,,,,,,,,,,,,,,,,,,,,,,,,,,0.5933378615497821,,,,,0.6203620507113489,0.6494783878088728,,,,,,,,,,,,,,,,,,,,,
SUPPORT2,embedding_cox,1,7098.0,1775.0,14.0,True,2026-03-26T13:45:48.651762,0.5,0.6418448147780021,0.5,,,,9.000000000000002,,,,,,,,,,,,,,,,,,,,,,0.5,,,,,,,,,,,,,,,,,,,,,,,,,,,,,,,,,,,,,,,,,,,,,,,,,,,,,,,,,,,,,,,0.5,0.5,,,,,,,,,,,,,,,,,,,,,,,,,,,,,,,
SUPPORT2,embedding_cox,2,7098.0,1775.0,14.0,True,2026-03-26T14:29:08.267364,0.5089961241704484,0.6426806124795988,0.49381259086678847,,,,8.999999999999998,,,,,,,,,,,,,,,,,,,,,,,,,,,,,,,,,,,,,,,,,,,,,,,,,,,,,,,,,,,,,,,,,,,,,,,,,,,,,,,,,,,,,,,0.4660763291003014,0.5042019895826854,0.5113437480154951,,,,,,,,,,,,,,,,,,,,,,,,,,,,
SUPPORT2,embedding_cox,3,7098.0,1775.0,14.0,True,2026-03-26T15:10:45.478028,0.5,0.6402220113239526,0.5,,,,8.999999999999998,,,,,,,,,,,,,,,,,,,,,,0.5,,,,,,,,,,,,,,,,,,,,,,,,,,,,,,,,,,,,,,,,,,,,,,,,,,,,,,,,,,,,,,,,,,,,0.5,0.5,,,,,,,,,,,,,,,,,,,,,,,,,,
SUPPORT2,embedding_cox,4,7099.0,1774.0,14.0,True,2026-03-26T15:53:27.652136,0.5158394660965923,0.6441821537216543,0.5158989086144871,,,,8.999999999999998,,,,,,,,,,,,,,,,,,,,,,,,,,,,,,,,,,,,,,,,,,,,,,,,,,,,,,,,,,,,,,,,,,,,,,,,,,,,,,,,,,,,,,,,,,,,0.5122730477701393,0.5185633689045629,0.5169941953982796,,,,,,,,,,,,,,,,,,,,,,,
SUPPORT2,embedding_cox,5,7099.0,1774.0,14.0,True,2026-03-26T16:30:52.087457,0.5,0.6407093830257772,0.5,,,,8.999999999999998,,,,,,,,,,,,,,,,,,,,,,,,,,,,,,,,,,,,,,,,,,,,,,,,,,,,,,,,,,,,,,,,,,,,,,,,,,,,,,,,,,,,,,,,,,0.5,,,,,0.5,0.5,,,,,,,,,,,,,,,,,,,,,
SUPPORT2,gbsa,1,7098.0,1775.0,14.0,True,2026-03-26T13:37:54.749913,0.6196073662240007,0.199958067069362,0.6306554169764257,,,,0.17231700364019123,,,,,,,,,,,,,,,,,,,,,,0.5863009828392441,,,,,,,,,,,,,,,,,,,,,,,,,,,,,,,,,,,,,,,,,,,,,,,,,,,,,,,,,,,,,,,0.6320526947799675,0.674358642168182,,,,,,,,,,,,,,,,,,,,,,,,,,,,,,,
SUPPORT2,gbsa,2,7098.0,1775.0,14.0,True,2026-03-26T14:21:17.280196,0.6306111975424935,0.19078958430547277,0.6498546126828668,,,,0.23185724807444014,,,,,,,,,,,,,,,,,,,,,,,,,,,,,,,,,,,,,,,,,,,,,,,,,,,,,,,,,,,,,,,,,,,,,,,,,,,,,,,,,,,,,,,0.6275985614865834,0.6329939599934398,0.6891191973074235,,,,,,,,,,,,,,,,,,,,,,,,,,,,
SUPPORT2,gbsa,3,7098.0,1775.0,14.0,True,2026-03-26T15:02:51.346871,0.6190366047885593,0.2099967895707924,0.6467487246217726,,,,0.2249107491579429,,,,,,,,,,,,,,,,,,,,,,0.6347320469694415,,,,,,,,,,,,,,,,,,,,,,,,,,,,,,,,,,,,,,,,,,,,,,,,,,,,,,,,,,,,,,,,,,,,0.6385822385350157,0.6669956332543304,,,,,,,,,,,,,,,,,,,,,,,,,,
SUPPORT2,gbsa,4,7099.0,1774.0,14.0,True,2026-03-26T15:45:48.968743,0.6064584051230613,0.1863704335040139,0.6185280692709296,,,,0.3130461701933419,,,,,,,,,,,,,,,,,,,,,,,,,,,,,,,,,,,,,,,,,,,,,,,,,,,,,,,,,,,,,,,,,,,,,,,,,,,,,,,,,,,,,,,,,,,,0.59541468358893,0.6155323792944766,0.6459663422108349,,,,,,,,,,,,,,,,,,,,,,,
SUPPORT2,gbsa,5,7099.0,1774.0,14.0,True,2026-03-26T16:23:09.390241,0.6218959986270446,0.1879935062475875,0.641736293140593,,,,0.18940947208667472,,,,,,,,,,,,,,,,,,,,,,,,,,,,,,,,,,,,,,,,,,,,,,,,,,,,,,,,,,,,,,,,,,,,,,,,,,,,,,,,,,,,,,,,,,0.6128657949850003,,,,,0.6494287341215799,0.6610983102918588,,,,,,,,,,,,,,,,,,,,,
SUPPORT2,km,1,7098.0,1775.0,14.0,True,2026-03-26T13:15:49.671651,0.5,0.22291196093036944,0.5,,,,0.38484880049120657,,,,,,,,,,,,,,,,,,,,,,0.5,,,,,,,,,,,,,,,,,,,,,,,,,,,,,,,,,,,,,,,,,,,,,,,,,,,,,,,,,,,,,,,0.5,0.5,,,,,,,,,,,,,,,,,,,,,,,,,,,,,,,
SUPPORT2,km,2,7098.0,1775.0,14.0,True,2026-03-26T13:50:44.965889,0.5,0.2196289918456753,0.5,,,,0.38406245259460664,,,,,,,,,,,,,,,,,,,,,,,,,,,,,,,,,,,,,,,,,,,,,,,,,,,,,,,,,,,,,,,,,,,,,,,,,,,,,,,,,,,,,,,0.5,0.5,0.5,,,,,,,,,,,,,,,,,,,,,,,,,,,,
SUPPORT2,km,3,7098.0,1775.0,14.0,True,2026-03-26T14:34:00.711363,0.5,0.2315225174339478,0.5,,,,0.41053053542268275,,,,,,,,,,,,,,,,,,,,,,0.5,,,,,,,,,,,,,,,,,,,,,,,,,,,,,,,,,,,,,,,,,,,,,,,,,,,,,,,,,,,,,,,,,,,,0.5,0.5,,,,,,,,,,,,,,,,,,,,,,,,,,
SUPPORT2,km,4,7099.0,1774.0,14.0,True,2026-03-26T15:15:36.367825,0.5,0.20850562820794918,0.5,,,,0.4330448797370215,,,,,,,,,,,,,,,,,,,,,,,,,,,,,,,,,,,,,,,,,,,,,,,,,,,,,,,,,,,,,,,,,,,,,,,,,,,,,,,,,,,,,,,,,,,,0.5,0.5,0.5,,,,,,,,,,,,,,,,,,,,,,,
SUPPORT2,km,5,7099.0,1774.0,14.0,True,2026-03-26T15:58:02.805801,0.5,0.2138830460833053,0.5,,,,0.38798873459088756,,,,,,,,,,,,,,,,,,,,,,,,,,,,,,,,,,,,,,,,,,,,,,,,,,,,,,,,,,,,,,,,,,,,,,,,,,,,,,,,,,,,,,,,,,0.5,,,,,0.5,0.5,,,,,,,,,,,,,,,,,,,,,
SUPPORT2,mtlr,1,7098.0,1775.0,14.0,True,2026-03-30T10:56:25.667079,0.6049859815514727,0.210499664847328,0.6061092670667914,,,,0.1585566422525328,,,,,,,,,,,,,,,,,,,,,,0.5497937772794618,,,,,,,,,,,,,,,,,,,,,,,,,,,,,,,,,,,,,,,,,,,,,,,,,,,,,,,,,,,,,,,0.608483435756163,0.6610018366242695,,,,,,,,,,,,,,,,,,,,,,,,,,,,,,,
SUPPORT2,mtlr,2,7098.0,1775.0,14.0,True,2026-03-30T11:01:20.366478,0.6077335978402841,0.19226700424776585,0.6061916648752954,,,,0.2754444695366507,,,,,,,,,,,,,,,,,,,,,,,,,,,,,,,,,,,,,,,,,,,,,,,,,,,,,,,,,,,,,,,,,,,,,,,,,,,,,,,,,,,,,,,0.5554105682307361,0.59561081545744,0.6678910268622595,,,,,,,,,,,,,,,,,,,,,,,,,,,,
SUPPORT2,mtlr,3,7098.0,1775.0,14.0,True,2026-03-30T11:06:07.850949,0.6049390874759797,0.22306656742358935,0.6219054642400661,,,,0.44199570442784386,,,,,,,,,,,,,,,,,,,,,,0.593574985133444,,,,,,,,,,,,,,,,,,,,,,,,,,,,,,,,,,,,,,,,,,,,,,,,,,,,,,,,,,,,,,,,,,,,0.6134113029560968,0.6590585204886488,,,,,,,,,,,,,,,,,,,,,,,,,,
SUPPORT2,mtlr,4,7099.0,1774.0,14.0,True,2026-03-30T11:11:07.138322,0.5868906286695068,0.196470157432524,0.5862622172482119,,,,0.1517528583950705,,,,,,,,,,,,,,,,,,,,,,,,,,,,,,,,,,,,,,,,,,,,,,,,,,,,,,,,,,,,,,,,,,,,,,,,,,,,,,,,,,,,,,,,,,,,0.559924202362066,0.5776499346320608,0.6228509304528607,,,,,,,,,,,,,,,,,,,,,,,
SUPPORT2,mtlr,5,7099.0,1774.0,14.0,True,2026-03-30T11:15:50.717935,0.6088617231470602,0.1924191929571653,0.6162238191027373,,,,0.07652200056423143,,,,,,,,,,,,,,,,,,,,,,,,,,,,,,,,,,,,,,,,,,,,,,,,,,,,,,,,,,,,,,,,,,,,,,,,,,,,,,,,,,,,,,,,,,0.5861606384785193,,,,,0.6169325068363541,0.6440499079358297,,,,,,,,,,,,,,,,,,,,,
SUPPORT2,pchazard,1,7098.0,1775.0,14.0,True,2026-03-30T10:56:43.286479,0.6059896541139219,0.20226991152846194,0.6050831230113961,,,,0.3736924915573878,,,,,,,,,,,,,,,,,,,,,,0.54764923895585,,,,,,,,,,,,,,,,,,,,,,,,,,,,,,,,,,,,,,,,,,,,,,,,,,,,,,,,,,,,,,,0.6088973652610016,0.6596821598498185,,,,,,,,,,,,,,,,,,,,,,,,,,,,,,,
SUPPORT2,pchazard,2,7098.0,1775.0,14.0,True,2026-03-30T11:01:35.967175,0.6019774880307424,0.20286426856098322,0.6078336047970375,,,,0.3499477296548921,,,,,,,,,,,,,,,,,,,,,,,,,,,,,,,,,,,,,,,,,,,,,,,,,,,,,,,,,,,,,,,,,,,,,,,,,,,,,,,,,,,,,,,0.5707014994977759,0.5952813862606818,0.6577646535848098,,,,,,,,,,,,,,,,,,,,,,,,,,,,
SUPPORT2,pchazard,3,7098.0,1775.0,14.0,True,2026-03-30T11:06:23.867817,0.5578054015394998,0.2363050102486653,0.5634724220200866,,,,0.6564722905393765,,,,,,,,,,,,,,,,,,,,,,0.5364363755780206,,,,,,,,,,,,,,,,,,,,,,,,,,,,,,,,,,,,,,,,,,,,,,,,,,,,,,,,,,,,,,,,,,,,0.5626070998354268,0.5918070807835247,,,,,,,,,,,,,,,,,,,,,,,,,,
SUPPORT2,pchazard,4,7099.0,1774.0,14.0,True,2026-03-30T11:11:20.643730,0.5844865415751234,0.18699923236824653,0.5765123607178211,,,,0.3154623437295148,,,,,,,,,,,,,,,,,,,,,,,,,,,,,,,,,,,,,,,,,,,,,,,,,,,,,,,,,,,,,,,,,,,,,,,,,,,,,,,,,,,,,,,,,,,,0.5435109289617487,0.5639107055656332,0.6242114833205119,,,,,,,,,,,,,,,,,,,,,,,
SUPPORT2,pchazard,5,7099.0,1774.0,14.0,True,2026-03-30T11:16:01.972769,0.5890968857674689,0.19829372471857473,0.6009246481494768,,,,0.188832885220088,,,,,,,,,,,,,,,,,,,,,,,,,,,,,,,,,,,,,,,,,,,,,,,,,,,,,,,,,,,,,,,,,,,,,,,,,,,,,,,,,,,,,,,,,,0.5775145751966944,,,,,0.5969116784196384,0.6273842585528122,,,,,,,,,,,,,,,,,,,,,
SUPPORT2,rsf,1,,,,,,0.6201048068589664,0.1949062047224085,0.6253659822852071,,,,0.2609644313845884,,,,,,,,,,,,,,,,,,,,,,0.5630414180648433,,,,,,,,,,,,,,,,,,,,,,,,,,,,,,,,,,,,,,,,,,,,,,,,,,,,,,,,,,,,,,,0.6274648583739493,0.6866409082018102,,,,,,,,,,,,,,,,,,,,,,,,,,,,,,,
SUPPORT2,rsf,2,,,,,,0.6245650796494353,0.18885355476310753,0.6402999194704228,,,,0.27731151272369337,,,,,,,,,,,,,,,,,,,,,,,,,,,,,,,,,,,,,,,,,,,,,,,,,,,,,,,,,,,,,,,,,,,,,,,,,,,,,,,,,,,,,,,0.5993910532357584,0.6286300835308023,0.6931504413539087,,,,,,,,,,,,,,,,,,,,,,,,,,,,
SUPPORT2,rsf,3,,,,,,0.6141132309888382,0.20685898745707135,0.6373863095793671,,,,0.31072609446826677,,,,,,,,,,,,,,,,,,,,,,0.6116722434742476,,,,,,,,,,,,,,,,,,,,,,,,,,,,,,,,,,,,,,,,,,,,,,,,,,,,,,,,,,,,,,,,,,,,0.6289906176302589,0.6717827956825358,,,,,,,,,,,,,,,,,,,,,,,,,,
SUPPORT2,rsf,4,,,,,,0.6024879301805114,0.18573535541977831,0.6079707674811363,,,,0.3504282187103811,,,,,,,,,,,,,,,,,,,,,,,,,,,,,,,,,,,,,,,,,,,,,,,,,,,,,,,,,,,,,,,,,,,,,,,,,,,,,,,,,,,,,,,,,,,,0.5808148246077913,0.601058552504739,0.6436813763200224,,,,,,,,,,,,,,,,,,,,,,,
SUPPORT2,rsf,5,,,,,,0.6189388638793911,0.18497033801918566,0.6313297962856543,,,,0.24883910412129193,,,,,,,,,,,,,,,,,,,,,,,,,,,,,,,,,,,,,,,,,,,,,,,,,,,,,,,,,,,,,,,,,,,,,,,,,,,,,,,,,,,,,,,,,,0.5979891888832286,,,,,0.6298322684570733,0.6645863216040528,,,,,,,,,,,,,,,,,,,,,
SUPPORT2,tabpfn_cox,1,7098.0,1775.0,14.0,True,2026-03-30T11:22:17.524804,0.6032497012792063,0.21028340975809887,0.6334901573133008,,,,0.3526407832989782,,,,,,,,,,,,,,,,,,,,,,0.6248348216073359,,,,,,,,,,,,,,,,,,,,,,,,,,,,,,,,,,,,,,,,,,,,,,,,,,,,,,,,,,,,,,,0.6379402415766051,0.6378687537627935,,,,,,,,,,,,,,,,,,,,,,,,,,,,,,,
SUPPORT2,tabpfn_cox,2,7098.0,1775.0,14.0,True,2026-03-30T11:26:58.623758,0.6073422704769569,0.199778351631409,0.6258103003038511,,,,0.22721709662428982,,,,,,,,,,,,,,,,,,,,,,,,,,,,,,,,,,,,,,,,,,,,,,,,,,,,,,,,,,,,,,,,,,,,,,,,,,,,,,,,,,,,,,,0.601249730951356,0.6217587277529253,0.654585635359116,,,,,,,,,,,,,,,,,,,,,,,,,,,,
SUPPORT2,tabpfn_cox,3,7098.0,1775.0,14.0,True,2026-03-30T11:31:29.300368,0.5997535743106359,0.2222611916169156,0.6294674861964796,,,,0.2914928039899812,,,,,,,,,,,,,,,,,,,,,,0.6265743017156449,,,,,,,,,,,,,,,,,,,,,,,,,,,,,,,,,,,,,,,,,,,,,,,,,,,,,,,,,,,,,,,,,,,,0.6247716617370108,0.6370266501040246,,,,,,,,,,,,,,,,,,,,,,,,,,
SUPPORT2,tabpfn_cox,4,7099.0,1774.0,14.0,True,2026-03-30T11:36:03.180081,0.5770869868360502,0.20135665554994464,0.5961961603725913,,,,0.38823584324799615,,,,,,,,,,,,,,,,,,,,,,,,,,,,,,,,,,,,,,,,,,,,,,,,,,,,,,,,,,,,,,,,,,,,,,,,,,,,,,,,,,,,,,,,,,,,0.5892208707914682,0.5904392528493807,0.6094450342999191,,,,,,,,,,,,,,,,,,,,,,,
SUPPORT2,tabpfn_cox,5,7099.0,1774.0,14.0,True,2026-03-30T11:40:38.843492,0.588487416775579,0.20772321403705096,0.6202136945427615,,,,0.26071404792123276,,,,,,,,,,,,,,,,,,,,,,,,,,,,,,,,,,,,,,,,,,,,,,,,,,,,,,,,,,,,,,,,,,,,,,,,,,,,,,,,,,,,,,,,,,0.6049895284994622,,,,,0.6364575236701315,0.6176310515661082,,,,,,,,,,,,,,,,,,,,,
SUPPORT2,tabpfn_deephit,1,7098.0,1775.0,14.0,True,2026-03-30T11:23:37.311228,0.5869528427743268,0.27651893552509116,0.5774398328368856,,,,1.9331087452304723,,,,,,,,,,,,,,,,,,,,,,0.5066427297036356,,,,,,,,,,,,,,,,,,,,,,,,,,,,,,,,,,,,,,,,,,,,,,,,,,,,,,,,,,,,,,,0.5827435191071555,0.6441445217537094,,,,,,,,,,,,,,,,,,,,,,,,,,,,,,,
SUPPORT2,tabpfn_deephit,2,7098.0,1775.0,14.0,True,2026-03-30T11:28:17.017640,0.5798120600779277,0.26853059030455934,0.5657364986967526,,,,1.6023905016923514,,,,,,,,,,,,,,,,,,,,,,,,,,,,,,,,,,,,,,,,,,,,,,,,,,,,,,,,,,,,,,,,,,,,,,,,,,,,,,,,,,,,,,,0.5055782752188263,0.5589833786710855,0.6330475646154823,,,,,,,,,,,,,,,,,,,,,,,,,,,,
SUPPORT2,tabpfn_deephit,3,7098.0,1775.0,14.0,True,2026-03-30T11:32:47.625552,0.5885234357732855,0.28845168119393627,0.5977787402777931,,,,1.3910714150883174,,,,,,,,,,,,,,,,,,,,,,0.5685126343537263,,,,,,,,,,,,,,,,,,,,,,,,,,,,,,,,,,,,,,,,,,,,,,,,,,,,,,,,,,,,,,,,,,,,0.5911515034978876,0.6340468986960729,,,,,,,,,,,,,,,,,,,,,,,,,,
SUPPORT2,tabpfn_deephit,4,7099.0,1774.0,14.0,True,2026-03-30T11:37:23.177683,0.5664522302919364,0.25212942444109443,0.5621009914630233,,,,1.843390083666873,,,,,,,,,,,,,,,,,,,,,,,,,,,,,,,,,,,,,,,,,,,,,,,,,,,,,,,,,,,,,,,,,,,,,,,,,,,,,,,,,,,,,,,,,,,,0.5296359950643399,0.5646171577823029,0.5937567153456377,,,,,,,,,,,,,,,,,,,,,,,
SUPPORT2,tabpfn_deephit,5,7099.0,1774.0,14.0,True,2026-03-30T11:41:59.708391,0.5882211866383275,0.2585149755861453,0.5787616616646825,,,,1.5714195500014072,,,,,,,,,,,,,,,,,,,,,,,,,,,,,,,,,,,,,,,,,,,,,,,,,,,,,,,,,,,,,,,,,,,,,,,,,,,,,,,,,,,,,,,,,,0.5477132506933832,,,,,0.56171771649537,0.6261584317555264,,,,,,,,,,,,,,,,,,,,,
SUPPORT2,tabpfn_mtlr,1,7098.0,1775.0,14.0,True,2026-03-30T11:25:59.018901,0.598530975020275,0.2781644028192154,0.6340495754100024,,,,0.703022893732731,,,,,,,,,,,,,,,,,,,,,,0.6395484901471367,,,,,,,,,,,,,,,,,,,,,,,,,,,,,,,,,,,,,,,,,,,,,,,,,,,,,,,,,,,,,,,0.6406074733347461,0.6219449927220906,,,,,,,,,,,,,,,,,,,,,,,,,,,,,,,
SUPPORT2,tabpfn_mtlr,2,7098.0,1775.0,14.0,True,2026-03-30T11:30:31.854237,0.6131886866011126,0.2631071533433269,0.6441486349647754,,,,1.319149067610988,,,,,,,,,,,,,,,,,,,,,,,,,,,,,,,,,,,,,,,,,,,,,,,,,,,,,,,,,,,,,,,,,,,,,,,,,,,,,,,,,,,,,,,0.6294617233462476,0.6367300829652587,0.6663516860354354,,,,,,,,,,,,,,,,,,,,,,,,,,,,
SUPPORT2,tabpfn_mtlr,3,7098.0,1775.0,14.0,True,2026-03-30T11:35:06.275337,0.5941363021901487,0.2860515443146701,0.6321067471227175,,,,1.345919172131086,,,,,,,,,,,,,,,,,,,,,,0.6408750410494457,,,,,,,,,,,,,,,,,,,,,,,,,,,,,,,,,,,,,,,,,,,,,,,,,,,,,,,,,,,,,,,,,,,,0.6336111095401565,0.6217138270118403,,,,,,,,,,,,,,,,,,,,,,,,,,
SUPPORT2,tabpfn_mtlr,4,7099.0,1774.0,14.0,True,2026-03-30T11:39:41.391964,0.5945652706719665,0.24524369032238078,0.6323250450161091,,,,1.016248767030763,,,,,,,,,,,,,,,,,,,,,,,,,,,,,,,,,,,,,,,,,,,,,,,,,,,,,,,,,,,,,,,,,,,,,,,,,,,,,,,,,,,,,,,,,,,,0.6434668605676008,0.6282048936592395,0.6247951223543923,,,,,,,,,,,,,,,,,,,,,,,
SUPPORT2,tabpfn_mtlr,5,7099.0,1774.0,14.0,True,2026-03-30T11:44:17.332680,0.5934511786734258,0.25707033001368457,0.6109681132094245,,,,1.343148809519724,,,,,,,,,,,,,,,,,,,,,,,,,,,,,,,,,,,,,,,,,,,,,,,,,,,,,,,,,,,,,,,,,,,,,,,,,,,,,,,,,,,,,,,,,,0.5902643346351957,,,,,0.6114504329149608,0.6301372824284596,,,,,,,,,,,,,,,,,,,,,
SUPPORT2,tabpfn_pchazard,1,7098.0,1775.0,14.0,True,2026-03-30T11:24:50.560484,0.5768794867643429,0.35640855741677796,0.5911623726869614,,,,1.74467128634709,,,,,,,,,,,,,,,,,,,,,,0.5572863136632007,,,,,,,,,,,,,,,,,,,,,,,,,,,,,,,,,,,,,,,,,,,,,,,,,,,,,,,,,,,,,,,0.5969527442254715,0.6198492596346565,,,,,,,,,,,,,,,,,,,,,,,,,,,,,,,
SUPPORT2,tabpfn_pchazard,2,7098.0,1775.0,14.0,True,2026-03-30T11:29:27.859693,0.5826680890523049,0.34715494391805457,0.6024164604818663,,,,1.6099547722516203,,,,,,,,,,,,,,,,,,,,,,,,,,,,,,,,,,,,,,,,,,,,,,,,,,,,,,,,,,,,,,,,,,,,,,,,,,,,,,,,,,,,,,,0.5889878390012915,0.5954397384925999,0.6229110306725091,,,,,,,,,,,,,,,,,,,,,,,,,,,,
SUPPORT2,tabpfn_pchazard,3,7098.0,1775.0,14.0,True,2026-03-30T11:33:59.438771,0.5823716049464304,0.36803718992419815,0.6175387622926568,,,,1.7168429947098158,,,,,,,,,,,,,,,,,,,,,,0.6152224658069212,,,,,,,,,,,,,,,,,,,,,,,,,,,,,,,,,,,,,,,,,,,,,,,,,,,,,,,,,,,,,,,,,,,,0.6245100977825033,0.6130374920298636,,,,,,,,,,,,,,,,,,,,,,,,,,
SUPPORT2,tabpfn_pchazard,4,7099.0,1774.0,14.0,True,2026-03-30T11:38:34.283104,0.5813018212093743,0.32058013586499545,0.6015676354751108,,,,1.321990817167737,,,,,,,,,,,,,,,,,,,,,,,,,,,,,,,,,,,,,,,,,,,,,,,,,,,,,,,,,,,,,,,,,,,,,,,,,,,,,,,,,,,,,,,,,,,,0.5948175568482285,0.5973602329322131,0.6129926441137015,,,,,,,,,,,,,,,,,,,,,,,
SUPPORT2,tabpfn_pchazard,5,7099.0,1774.0,14.0,True,2026-03-30T11:43:12.175837,0.5647621310732375,0.3406515690303326,0.5935595983659904,,,,1.7690927474295552,,,,,,,,,,,,,,,,,,,,,,,,,,,,,,,,,,,,,,,,,,,,,,,,,,,,,,,,,,,,,,,,,,,,,,,,,,,,,,,,,,,,,,,,,,0.582900322635422,,,,,0.6064143729066034,0.5901961831517483,,,,,,,,,,,,,,,,,,,,,
VETERANS,deephit_single,1,109.0,28.0,11.0,True,2026-03-30T11:41:51.124770,0.6235955056179775,0.15000011826200968,0.674869659744413,,,,1.0118343195266273,,,,,,,,,,,,,,,,,,,,,,,,,,,,,,,,,,,,,,,,,,,,,,,,,,,,,,,,,,,,,,,,,,,,,,,,,,,,,,,,,,,,,,,,,,,,,,,,,0.6326530612244898,0.7283639883833495,0.6708512730821777,,,,,,,,,,,,,,,,,,
VETERANS,deephit_single,2,109.0,28.0,11.0,True,2026-03-30T11:42:18.160350,0.7002801120448179,0.19599008902325316,0.76873411270265,,,,1.4260355029585798,,,,,,,,,,,,,,,,,,,,,,,,,,,,,,,,,,,,,,,,,,,,,,,,,,,,,,,,,,,,,,,,,,,,,,,,,,,,,,,,,,,,,,,,,,,,,,,,,,,,0.7483241925655089,0.8354625437626156,0.7286783789737911,,,,,,,,,,,,,,,
VETERANS,deephit_single,3,110.0,27.0,11.0,True,2026-03-30T11:42:46.362926,0.7222222222222222,0.08572957686537867,0.8375158534977288,,,,0.3313609467455621,,,,,,,,,,,,,,,,,,,,,,,,,,,,,,,,,,,,,,,,,,,,,,,,,,,,,,,,,,,,,,,,,,,,,,,,,,,,,,,,,,,,,,,,,,,,,,,,,,0.9123376623376623,,,,,0.7360108303249098,0.8802267611173423,,,,,,,,,,,,,
VETERANS,deephit_single,4,110.0,27.0,11.0,True,2026-03-30T11:43:14.624966,0.6759259259259259,,,,,,0.168,,,,,,,,,,,,,,,,,,,,,,,,,,,,,,,,,,,,,,,,,,,,,,,,,,,,,,,,,,,,,,,,,,,,,,,,,,,,,,,,,,,,,,,,,,,,,,,,,,,,,,,,,,,,,,,,,,,,,
VETERANS,deephit_single,5,110.0,27.0,11.0,True,2026-03-30T11:43:46.535202,0.6432926829268293,0.17252732172631988,0.7171963084935802,,,,0.68,,,,,,,,,,,,,,,,,,,,,,0.85,,,,,,,,,,,,,,,,,,,,,,,,,,,,,,,,,,,,,,,,,,,,,,,,,,,,,,,,,,,,,,,,,,,,,,,,,,,,,,,,,,,0.6862970216789357,0.5937352028093142,,,,,,,,,,,
VETERANS,deepsurv,1,109.0,28.0,11.0,True,2026-03-30T11:41:30.028917,0.6811797752808989,0.11863946964035388,0.7448078533872897,,,,0.1242603550295858,,,,,,,,,,,,,,,,,,,,,,,,,,,,,,,,,,,,,,,,,,,,,,,,,,,,,,,,,,,,,,,,,,,,,,,,,,,,,,,,,,,,,,,,,,,,,,,,,0.7959183673469388,0.7842529848338173,0.6509482134299148,,,,,,,,,,,,,,,,,,
VETERANS,deepsurv,2,109.0,28.0,11.0,True,2026-03-30T11:41:56.451544,0.7394957983193278,0.12655237436265854,0.8348685665469487,,,,0.4792899408284024,,,,,,,,,,,,,,,,,,,,,,,,,,,,,,,,,,,,,,,,,,,,,,,,,,,,,,,,,,,,,,,,,,,,,,,,,,,,,,,,,,,,,,,,,,,,,,,,,,,,0.8331156960041787,0.9173955684293355,0.759752046047737,,,,,,,,,,,,,,,
VETERANS,deepsurv,3,110.0,27.0,11.0,True,2026-03-30T11:42:23.904056,0.6549707602339181,0.06404170759345985,0.7094241771911869,,,,0.5088757396449703,,,,,,,,,,,,,,,,,,,,,,,,,,,,,,,,,,,,,,,,,,,,,,,,,,,,,,,,,,,,,,,,,,,,,,,,,,,,,,,,,,,,,,,,,,,,,,,,,,0.6981555678364189,,,,,0.5858754512635379,0.8616613588437828,,,,,,,,,,,,,
VETERANS,deepsurv,4,110.0,27.0,11.0,True,2026-03-30T11:42:52.929413,0.5462962962962963,,,,,,0.36,,,,,,,,,,,,,,,,,,,,,,,,,,,,,,,,,,,,,,,,,,,,,,,,,,,,,,,,,,,,,,,,,,,,,,,,,,,,,,,,,,,,,,,,,,,,,,,,,,,,,,,,,,,,,,,,,,,,,
VETERANS,deepsurv,5,110.0,27.0,11.0,True,2026-03-30T11:43:20.898452,0.7134146341463414,0.12259638187892556,0.7635477385163926,,,,0.36,,,,,,,,,,,,,,,,,,,,,,0.7714285714285715,,,,,,,,,,,,,,,,,,,,,,,,,,,,,,,,,,,,,,,,,,,,,,,,,,,,,,,,,,,,,,,,,,,,,,,,,,,,,,,,,,,0.8074559330046599,0.7008033399350827,,,,,,,,,,,
VETERANS,mtlr,1,109.0,28.0,11.0,True,2026-03-30T11:41:37.611585,0.6797752808988764,0.11903870950113428,0.7312437046987851,,,,0.863905325443787,,,,,,,,,,,,,,,,,,,,,,,,,,,,,,,,,,,,,,,,,,,,,,,,,,,,,,,,,,,,,,,,,,,,,,,,,,,,,,,,,,,,,,,,,,,,,,,,,0.7687074829931972,0.7741852210390449,0.6491549342615577,,,,,,,,,,,,,,,,,,
VETERANS,mtlr,2,109.0,28.0,11.0,True,2026-03-30T11:42:04.399691,0.7058823529411765,0.18083906887645004,0.7756308606285044,,,,1.662721893491124,,,,,,,,,,,,,,,,,,,,,,,,,,,,,,,,,,,,,,,,,,,,,,,,,,,,,,,,,,,,,,,,,,,,,,,,,,,,,,,,,,,,,,,,,,,,,,,,,,,,0.8090014799338383,0.8456719200811961,0.6739223085624061,,,,,,,,,,,,,,,
VETERANS,mtlr,3,110.0,27.0,11.0,True,2026-03-30T11:42:32.040642,0.6842105263157895,0.06481727559047472,0.7629827846819464,,,,1.1005917159763312,,,,,,,,,,,,,,,,,,,,,,,,,,,,,,,,,,,,,,,,,,,,,,,,,,,,,,,,,,,,,,,,,,,,,,,,,,,,,,,,,,,,,,,,,,,,,,,,,,0.7863360044211108,,,,,0.678971119133574,0.836119493319272,,,,,,,,,,,,,
VETERANS,mtlr,4,110.0,27.0,11.0,True,2026-03-30T11:43:01.073694,0.6820987654320988,,,,,,0.488,,,,,,,,,,,,,,,,,,,,,,,,,,,,,,,,,,,,,,,,,,,,,,,,,,,,,,,,,,,,,,,,,,,,,,,,,,,,,,,,,,,,,,,,,,,,,,,,,,,,,,,,,,,,,,,,,,,,,
VETERANS,mtlr,5,110.0,27.0,11.0,True,2026-03-30T11:43:29.823051,0.676829268292683,0.16257802655077294,0.7041050066488582,,,,1.0,,,,,,,,,,,,,,,,,,,,,,0.7142857142857143,,,,,,,,,,,,,,,,,,,,,,,,,,,,,,,,,,,,,,,,,,,,,,,,,,,,,,,,,,,,,,,,,,,,,,,,,,,,,,,,,,,0.7135814141959884,0.680289655560567,,,,,,,,,,,
VETERANS,pchazard,1,109.0,28.0,11.0,True,2026-03-30T11:41:41.646472,0.49719101123595505,0.21446611968199966,0.45544136192724355,,,,8.999999999999998,,,,,,,,,,,,,,,,,,,,,,,,,,,,,,,,,,,,,,,,,,,,,,,,,,,,,,,,,,,,,,,,,,,,,,,,,,,,,,,,,,,,,,,,,,,,,,,,,0.4217687074829932,0.5852855759922556,0.3696481982514036,,,,,,,,,,,,,,,,,,
VETERANS,pchazard,2,109.0,28.0,11.0,True,2026-03-30T11:42:08.114459,0.37254901960784315,0.291120404970896,0.27107524984729353,,,,8.999999999999998,,,,,,,,,,,,,,,,,,,,,,,,,,,,,,,,,,,,,,,,,,,,,,,,,,,,,,,,,,,,,,,,,,,,,,,,,,,,,,,,,,,,,,,,,,,,,,,,,,,,0.25829198224079397,0.18672239391485818,0.3637241401113104,,,,,,,,,,,,,,,
VETERANS,pchazard,3,110.0,27.0,11.0,True,2026-03-30T11:42:35.791232,0.7046783625730995,0.06992334987101309,0.8022768260584885,,,,0.6272189349112426,,,,,,,,,,,,,,,,,,,,,,,,,,,,,,,,,,,,,,,,,,,,,,,,,,,,,,,,,,,,,,,,,,,,,,,,,,,,,,,,,,,,,,,,,,,,,,,,,,0.7801878972091738,,,,,0.7859205776173286,0.8426078158028161,,,,,,,,,,,,,
VETERANS,pchazard,4,110.0,27.0,11.0,True,2026-03-30T11:43:04.417178,0.6820987654320988,,,,,,1.416,,,,,,,,,,,,,,,,,,,,,,,,,,,,,,,,,,,,,,,,,,,,,,,,,,,,,,,,,,,,,,,,,,,,,,,,,,,,,,,,,,,,,,,,,,,,,,,,,,,,,,,,,,,,,,,,,,,,,
VETERANS,pchazard,5,110.0,27.0,11.0,True,2026-03-30T11:43:32.574973,0.6585365853658537,0.19510935065340748,0.7098606840010683,,,,1.0,,,,,,,,,,,,,,,,,,,,,,0.7071428571428572,,,,,,,,,,,,,,,,,,,,,,,,,,,,,,,,,,,,,,,,,,,,,,,,,,,,,,,,,,,,,,,,,,,,,,,,,,,,,,,,,,,0.752414398595259,0.6615979738594007,,,,,,,,,,,
VETERANS,tabpfn_cox,1,109.0,28.0,11.0,True,2026-03-30T11:56:53.466409,0.6235955056179775,0.13294047084240926,0.6728622783455153,,,,1.1005917159763312,,,,,,,,,,,,,,,,,,,,,,,,,,,,,,,,,,,,,,,,,,,,,,,,,,,,,,,,,,,,,,,,,,,,,,,,,,,,,,,,,,,,,,,,,,,,,,,,,0.7074829931972789,0.7383026782833172,0.5726011093577539,,,,,,,,,,,,,,,,,,
VETERANS,tabpfn_cox,2,109.0,28.0,11.0,True,2026-03-30T11:56:59.103872,0.7058823529411765,0.16368956880098245,0.8006465473939189,,,,0.36094674556213013,,,,,,,,,,,,,,,,,,,,,,,,,,,,,,,,,,,,,,,,,,,,,,,,,,,,,,,,,,,,,,,,,,,,,,,,,,,,,,,,,,,,,,,,,,,,,,,,,,,,0.8229302689997389,0.8182639783781318,0.7599391149489826,,,,,,,,,,,,,,,
VETERANS,tabpfn_cox,3,110.0,27.0,11.0,True,2026-03-30T11:57:04.838789,0.6695906432748538,0.07505859179808691,0.7732552406783401,,,,0.7159763313609467,,,,,,,,,,,,,,,,,,,,,,,,,,,,,,,,,,,,,,,,,,,,,,,,,,,,,,,,,,,,,,,,,,,,,,,,,,,,,,,,,,,,,,,,,,,,,,,,,,0.7748687482730036,,,,,0.6788808664259928,0.8795310895270666,,,,,,,,,,,,,
VETERANS,tabpfn_cox,4,110.0,27.0,11.0,True,2026-03-30T11:57:10.638898,0.6481481481481481,,,,,,0.7440000000000001,,,,,,,,,,,,,,,,,,,,,,,,,,,,,,,,,,,,,,,,,,,,,,,,,,,,,,,,,,,,,,,,,,,,,,,,,,,,,,,,,,,,,,,,,,,,,,,,,,,,,,,,,,,,,,,,,,,,,
VETERANS,tabpfn_cox,5,110.0,27.0,11.0,True,2026-03-30T11:57:16.345094,0.7378048780487805,0.13756851197405712,0.8191469514523422,,,,0.584,,,,,,,,,,,,,,,,,,,,,,0.807142857142857,,,,,,,,,,,,,,,,,,,,,,,,,,,,,,,,,,,,,,,,,,,,,,,,,,,,,,,,,,,,,,,,,,,,,,,,,,,,,,,,,,,0.8677652461673532,0.7747874394225702,,,,,,,,,,,
VETERANS,tabpfn_deephit,1,109.0,28.0,11.0,True,2026-03-30T11:56:55.044526,0.6685393258426966,0.2776222284747119,0.7150008503362942,,,,3.1420118343195265,,,,,,,,,,,,,,,,,,,,,,,,,,,,,,,,,,,,,,,,,,,,,,,,,,,,,,,,,,,,,,,,,,,,,,,,,,,,,,,,,,,,,,,,,,,,,,,,,0.7142857142857142,0.7793481768312358,0.6548306387654121,,,,,,,,,,,,,,,,,,
VETERANS,tabpfn_deephit,2,109.0,28.0,11.0,True,2026-03-30T11:57:00.690997,0.711484593837535,0.31425586022042024,0.7999829489438552,,,,1.9881656804733727,,,,,,,,,,,,,,,,,,,,,,,,,,,,,,,,,,,,,,,,,,,,,,,,,,,,,,,,,,,,,,,,,,,,,,,,,,,,,,,,,,,,,,,,,,,,,,,,,,,,0.8365978932706538,0.8570886884329848,0.7068146527092648,,,,,,,,,,,,,,,
VETERANS,tabpfn_deephit,3,110.0,27.0,11.0,True,2026-03-30T11:57:06.449478,0.6666666666666666,0.18773299379925407,0.7452606753576082,,,,2.9644970414201186,,,,,,,,,,,,,,,,,,,,,,,,,,,,,,,,,,,,,,,,,,,,,,,,,,,,,,,,,,,,,,,,,,,,,,,,,,,,,,,,,,,,,,,,,,,,,,,,,,0.7751450676982592,,,,,0.6216606498194945,0.8572433406184876,,,,,,,,,,,,,
VETERANS,tabpfn_deephit,4,110.0,27.0,11.0,True,2026-03-30T11:57:12.215435,0.6666666666666666,,,,,,1.64,,,,,,,,,,,,,,,,,,,,,,,,,,,,,,,,,,,,,,,,,,,,,,,,,,,,,,,,,,,,,,,,,,,,,,,,,,,,,,,,,,,,,,,,,,,,,,,,,,,,,,,,,,,,,,,,,,,,,
VETERANS,tabpfn_deephit,5,110.0,27.0,11.0,True,2026-03-30T11:57:17.947156,0.6829268292682927,0.36752838423378653,0.7233652485032311,,,,3.1439999999999997,,,,,,,,,,,,,,,,,,,,,,0.7,,,,,,,,,,,,,,,,,,,,,,,,,,,,,,,,,,,,,,,,,,,,,,,,,,,,,,,,,,,,,,,,,,,,,,,,,,,,,,,,,,,0.7748362261092726,0.6893140767055956,,,,,,,,,,,
VETERANS,tabpfn_mtlr,1,109.0,28.0,11.0,True,2026-03-30T11:56:57.793258,0.6095505617977528,0.37279438829606926,0.6383435907178633,,,,4.532544378698224,,,,,,,,,,,,,,,,,,,,,,,,,,,,,,,,,,,,,,,,,,,,,,,,,,,,,,,,,,,,,,,,,,,,,,,,,,,,,,,,,,,,,,,,,,,,,,,,,0.653061224489796,0.712810584059374,0.5515290544358752,,,,,,,,,,,,,,,,,,
VETERANS,tabpfn_mtlr,2,109.0,28.0,11.0,True,2026-03-30T11:57:03.536254,0.7058823529411765,0.37079882558993005,0.7747949415325577,,,,4.562130177514792,,,,,,,,,,,,,,,,,,,,,,,,,,,,,,,,,,,,,,,,,,,,,,,,,,,,,,,,,,,,,,,,,,,,,,,,,,,,,,,,,,,,,,,,,,,,,,,,,,,,0.795595020457909,0.8296650663139048,0.70093385024014,,,,,,,,,,,,,,,
VETERANS,tabpfn_mtlr,3,110.0,27.0,11.0,True,2026-03-30T11:57:09.329357,0.7134502923976608,0.2816107538696341,0.785203577994736,,,,7.550295857988163,,,,,,,,,,,,,,,,,,,,,,,,,,,,,,,,,,,,,,,,,,,,,,,,,,,,,,,,,,,,,,,,,,,,,,,,,,,,,,,,,,,,,,,,,,,,,,,,,,0.8136916275214148,,,,,0.6574007220216607,0.9033573240602792,,,,,,,,,,,,,
VETERANS,tabpfn_mtlr,4,110.0,27.0,11.0,True,2026-03-30T11:57:15.077153,0.6388888888888888,,,,,,4.328,,,,,,,,,,,,,,,,,,,,,,,,,,,,,,,,,,,,,,,,,,,,,,,,,,,,,,,,,,,,,,,,,,,,,,,,,,,,,,,,,,,,,,,,,,,,,,,,,,,,,,,,,,,,,,,,,,,,,
VETERANS,tabpfn_mtlr,5,110.0,27.0,11.0,True,2026-03-30T11:57:20.808891,0.6829268292682927,0.45634233729055423,0.7360005978440415,,,,5.672000000000001,,,,,,,,,,,,,,,,,,,,,,0.6642857142857143,,,,,,,,,,,,,,,,,,,,,,,,,,,,,,,,,,,,,,,,,,,,,,,,,,,,,,,,,,,,,,,,,,,,,,,,,,,,,,,,,,,0.8024582967515365,0.7423698792479345,,,,,,,,,,,
VETERANS,tabpfn_pchazard,1,109.0,28.0,11.0,True,2026-03-30T11:56:56.439632,0.6179775280898876,0.19981778400104325,0.681036464195423,,,,6.248520710059171,,,,,,,,,,,,,,,,,,,,,,,,,,,,,,,,,,,,,,,,,,,,,,,,,,,,,,,,,,,,,,,,,,,,,,,,,,,,,,,,,,,,,,,,,,,,,,,,,0.7006802721088435,0.7177153920619554,0.6245764290491382,,,,,,,,,,,,,,,,,,
VETERANS,tabpfn_pchazard,2,109.0,28.0,11.0,True,2026-03-30T11:57:02.150993,0.6582633053221288,0.27134723167265246,0.7063218739133306,,,,6.899408284023668,,,,,,,,,,,,,,,,,,,,,,,,,,,,,,,,,,,,,,,,,,,,,,,,,,,,,,,,,,,,,,,,,,,,,,,,,,,,,,,,,,,,,,,,,,,,,,,,,,,,0.7068860450944546,0.7358690941851316,0.6781301485957588,,,,,,,,,,,,,,,
VETERANS,tabpfn_pchazard,3,110.0,27.0,11.0,True,2026-03-30T11:57:07.942443,0.7339181286549707,0.11500627936986822,0.8424079897418653,,,,5.656804733727809,,,,,,,,,,,,,,,,,,,,,,,,,,,,,,,,,,,,,,,,,,,,,,,,,,,,,,,,,,,,,,,,,,,,,,,,,,,,,,,,,,,,,,,,,,,,,,,,,,0.8184581376070738,,,,,0.7714801444043321,0.9469294640555767,,,,,,,,,,,,,
VETERANS,tabpfn_pchazard,4,110.0,27.0,11.0,True,2026-03-30T11:57:13.704257,0.6604938271604939,,,,,,7.496,,,,,,,,,,,,,,,,,,,,,,,,,,,,,,,,,,,,,,,,,,,,,,,,,,,,,,,,,,,,,,,,,,,,,,,,,,,,,,,,,,,,,,,,,,,,,,,,,,,,,,,,,,,,,,,,,,,,,
VETERANS,tabpfn_pchazard,5,110.0,27.0,11.0,True,2026-03-30T11:57:19.426612,0.6707317073170732,0.25872033268007827,0.6812227050141235,,,,4.328,,,,,,,,,,,,,,,,,,,,,,0.6642857142857143,,,,,,,,,,,,,,,,,,,,,,,,,,,,,,,,,,,,,,,,,,,,,,,,,,,,,,,,,,,,,,,,,,,,,,,,,,,,,,,,,,,0.7361383129600865,0.6352101495390103,,,,,,,,,,,
WHAS500,deephit_single,1,400.0,100.0,22.0,True,2026-03-30T11:39:13.151414,0.7582597317631665,0.24913457358407476,0.7675224923658422,,,,0.9740400216333153,,,,,,,,,,,,,,,,,,,,,,,,,,,,,,,,,,,,,,,,,,,,,,,,,,,,,,,,,,,,,,,,,,,,,,,,,,,,,,,,,,,,,,,,,,,,,,,,,,,,,,,,,,,0.7425944841675179,0.7569930069930069,0.8065257352941176,,,,,,,,
WHAS500,deephit_single,2,400.0,100.0,22.0,True,2026-03-30T11:39:47.571632,0.7532556545579164,0.21861785243051915,0.7908838528929448,,,,0.5846403461330448,,,,,,,,,,,,,,,,,,,,,,,,,,,,,,,,,,,,,,,,,,,,,,,,,,,,,,,,,,,,,,,,,,,,,,,,,,,,,,,,,,,,,,,,,,,,,,,,,,,,,,,0.7814096016343206,,,,,,,0.772144522144522,0.818712345675615,,,,,,
WHAS500,deephit_single,3,400.0,100.0,22.0,True,2026-03-30T11:40:19.072860,0.6830225711481845,0.25854797393131196,0.7172892768797431,,,,0.6170903190914008,,,,,,,,,,,,,,,,,,,,,,,,,,,,,,,,,,,,,,,,,,,,,,,,,,,,,,,,,,,,,,,,,,,,,,,,,,,,,,,,,,,,,,,,,,,,,,,,,,,,,,,,,,,,,,,,0.7344228804902961,0.6946386946386947,0.7229842094002549,,,
WHAS500,deephit_single,4,400.0,100.0,22.0,True,2026-03-30T11:40:51.163446,0.7443857331571995,,,,,,0.35749053542455383,,,,,,,,,,,,,,,,,,,,,,,,,,,,,,,,,,,,,,,,,,,,,,,,,,,,,,,,,,,,,,,,,,,,,,,,,,,,,,,,,,,,,,,,,,,,,,,,,,,,,,,,,,,,,,,,,,,,,
WHAS500,deephit_single,5,400.0,100.0,22.0,True,2026-03-30T11:41:24.514890,0.7490441432047271,0.20636435233642159,0.8078544516767596,,,,0.1952406706327745,,,,,,,,,,,,,,,,,,,,,,,,,,,,,,,,,,,,,,,,,,,,,,,,,,,,,,,,,,,,,,,,,,,,,,,,,,,,,,,,,,,,,,,,,,,,,,,,,,,,,,,,,,,,,,,,,,,0.8386108273748722,0.7896270396270396,0.7961285179710762
WHAS500,deepsurv,1,400.0,100.0,22.0,True,2026-03-30T11:38:52.918519,0.7253843637553157,0.25414845080637183,0.7111293138420017,,,,0.32504056246619795,,,,,,,,,,,,,,,,,,,,,,,,,,,,,,,,,,,,,,,,,,,,,,,,,,,,,,,,,,,,,,,,,,,,,,,,,,,,,,,,,,,,,,,,,,,,,,,,,,,,,,,,,,,0.6690500510725229,0.7162004662004662,0.7518382352941176,,,,,,,,
WHAS500,deepsurv,2,400.0,100.0,22.0,True,2026-03-30T11:39:26.172826,0.7388622344071282,0.230206098113459,0.7752033432656418,,,,0.38994050838290967,,,,,,,,,,,,,,,,,,,,,,,,,,,,,,,,,,,,,,,,,,,,,,,,,,,,,,,,,,,,,,,,,,,,,,,,,,,,,,,,,,,,,,,,,,,,,,,,,,,,,,,0.7997957099080694,,,,,,,0.733974358974359,0.7916128865151865,,,,,,
WHAS500,deepsurv,3,400.0,100.0,22.0,True,2026-03-30T11:40:00.366950,0.6753352960418711,0.20687686298158506,0.69799375574868,,,,0.49810708491076255,,,,,,,,,,,,,,,,,,,,,,,,,,,,,,,,,,,,,,,,,,,,,,,,,,,,,,,,,,,,,,,,,,,,,,,,,,,,,,,,,,,,,,,,,,,,,,,,,,,,,,,,,,,,,,,,0.6762002042900919,0.6891025641025641,0.729668256067496,,,
WHAS500,deepsurv,4,400.0,100.0,22.0,True,2026-03-30T11:40:31.413543,0.7878137384412153,,,,,,0.9415900486749593,,,,,,,,,,,,,,,,,,,,,,,,,,,,,,,,,,,,,,,,,,,,,,,,,,,,,,,,,,,,,,,,,,,,,,,,,,,,,,,,,,,,,,,,,,,,,,,,,,,,,,,,,,,,,,,,,,,,,
WHAS500,deepsurv,5,400.0,100.0,22.0,True,2026-03-30T11:41:04.114735,0.7771984706291276,0.16566930340137606,0.8471021208854886,,,,0.660356949702542,,,,,,,,,,,,,,,,,,,,,,,,,,,,,,,,,,,,,,,,,,,,,,,,,,,,,,,,,,,,,,,,,,,,,,,,,,,,,,,,,,,,,,,,,,,,,,,,,,,,,,,,,,,,,,,,,,,0.8539325842696629,0.8385780885780886,0.848687142398605
WHAS500,mtlr,1,400.0,100.0,22.0,True,2026-03-30T11:39:00.508343,0.7677461563624468,0.21518937101193092,0.7774008059292754,,,,0.7252568956192538,,,,,,,,,,,,,,,,,,,,,,,,,,,,,,,,,,,,,,,,,,,,,,,,,,,,,,,,,,,,,,,,,,,,,,,,,,,,,,,,,,,,,,,,,,,,,,,,,,,,,,,,,,,0.7252298263534219,0.7855477855477857,0.825827205882353,,,,,,,,
WHAS500,mtlr,2,400.0,100.0,22.0,True,2026-03-30T11:39:34.089771,0.7539410555174777,0.2145222543465498,0.7859603693568061,,,,0.8658734451054624,,,,,,,,,,,,,,,,,,,,,,,,,,,,,,,,,,,,,,,,,,,,,,,,,,,,,,,,,,,,,,,,,,,,,,,,,,,,,,,,,,,,,,,,,,,,,,,,,,,,,,,0.7926455566905005,,,,,,,0.7529137529137528,0.8119619894108439,,,,,,
WHAS500,mtlr,3,400.0,100.0,22.0,True,2026-03-30T11:40:07.277609,0.6751717369970559,0.2385778589052728,0.7089927635315546,,,,0.855056787452677,,,,,,,,,,,,,,,,,,,,,,,,,,,,,,,,,,,,,,,,,,,,,,,,,,,,,,,,,,,,,,,,,,,,,,,,,,,,,,,,,,,,,,,,,,,,,,,,,,,,,,,,,,,,,,,,0.7180796731358529,0.6928904428904429,0.7162344614126137,,,
WHAS500,mtlr,4,400.0,100.0,22.0,True,2026-03-30T11:40:38.599386,0.7793923381770145,,,,,,1.601406165494862,,,,,,,,,,,,,,,,,,,,,,,,,,,,,,,,,,,,,,,,,,,,,,,,,,,,,,,,,,,,,,,,,,,,,,,,,,,,,,,,,,,,,,,,,,,,,,,,,,,,,,,,,,,,,,,,,,,,,
WHAS500,mtlr,5,400.0,100.0,22.0,True,2026-03-30T11:41:12.124628,0.7413972888425443,0.18441951884926605,0.786598900683857,,,,0.6495402920497567,,,,,,,,,,,,,,,,,,,,,,,,,,,,,,,,,,,,,,,,,,,,,,,,,,,,,,,,,,,,,,,,,,,,,,,,,,,,,,,,,,,,,,,,,,,,,,,,,,,,,,,,,,,,,,,,,,,0.7987742594484167,0.7692307692307693,0.7914588484020528
WHAS500,pchazard,1,400.0,100.0,22.0,True,2026-03-30T11:39:03.323032,0.7657834478246647,0.2774933085869337,0.7721935897171098,,,,0.1952406706327745,,,,,,,,,,,,,,,,,,,,,,,,,,,,,,,,,,,,,,,,,,,,,,,,,,,,,,,,,,,,,,,,,,,,,,,,,,,,,,,,,,,,,,,,,,,,,,,,,,,,,,,,,,,0.7446373850868232,0.7756410256410257,0.7987132352941176,,,,,,,,
WHAS500,pchazard,2,400.0,100.0,22.0,True,2026-03-30T11:39:37.287330,0.7566826593557231,0.21824739351862582,0.7942002670253573,,,,1.341806381828015,,,,,,,,,,,,,,,,,,,,,,,,,,,,,,,,,,,,,,,,,,,,,,,,,,,,,,,,,,,,,,,,,,,,,,,,,,,,,,,,,,,,,,,,,,,,,,,,,,,,,,,0.8273748723186926,,,,,,,0.763986013986014,0.7912803208337039,,,,,,
WHAS500,pchazard,3,400.0,100.0,22.0,True,2026-03-30T11:40:09.935497,0.543997383055283,0.4035341536547859,0.5407478395170683,,,,0.49810708491076255,,,,,,,,,,,,,,,,,,,,,,,,,,,,,,,,,,,,,,,,,,,,,,,,,,,,,,,,,,,,,,,,,,,,,,,,,,,,,,,,,,,,,,,,,,,,,,,,,,,,,,,,,,,,,,,,0.5383043922369765,0.5466200466200466,0.5372084827190474,,,
WHAS500,pchazard,4,400.0,100.0,22.0,True,2026-03-30T11:40:41.473033,0.7077278731836195,,,,,,4.024337479718767,,,,,,,,,,,,,,,,,,,,,,,,,,,,,,,,,,,,,,,,,,,,,,,,,,,,,,,,,,,,,,,,,,,,,,,,,,,,,,,,,,,,,,,,,,,,,,,,,,,,,,,,,,,,,,,,,,,,,
WHAS500,pchazard,5,400.0,100.0,22.0,True,2026-03-30T11:41:15.365985,0.7062912756343414,0.23994694841549755,0.7644906502512198,,,,1.752839372633856,,,,,,,,,,,,,,,,,,,,,,,,,,,,,,,,,,,,,,,,,,,,,,,,,,,,,,,,,,,,,,,,,,,,,,,,,,,,,,,,,,,,,,,,,,,,,,,,,,,,,,,,,,,,,,,,,,,0.812053115423902,0.7354312354312355,0.7471735322614569
WHAS500,tabpfn_cox,1,400.0,100.0,22.0,True,2026-03-30T11:55:12.138542,0.7523716061498201,0.272777379548068,0.7489826336149736,,,,0.7360735532720392,,,,,,,,,,,,,,,,,,,,,,,,,,,,,,,,,,,,,,,,,,,,,,,,,,,,,,,,,,,,,,,,,,,,,,,,,,,,,,,,,,,,,,,,,,,,,,,,,,,,,,,,,,,0.7160367722165475,0.7488344988344988,0.7853860294117647,,,,,,,,
WHAS500,tabpfn_cox,2,400.0,100.0,22.0,True,2026-03-30T11:55:30.268152,0.7563399588759424,0.23405381527625227,0.7908297240004097,,,,0.4656571119524067,,,,,,,,,,,,,,,,,,,,,,,,,,,,,,,,,,,,,,,,,,,,,,,,,,,,,,,,,,,,,,,,,,,,,,,,,,,,,,,,,,,,,,,,,,,,,,,,,,,,,,,0.7946884576098059,,,,,,,0.7587412587412588,0.8186741459981449,,,,,,
WHAS500,tabpfn_cox,3,400.0,100.0,22.0,True,2026-03-30T11:56:01.430981,0.6526005888125613,0.25247836791244477,0.6876540488275341,,,,0.7468902109248241,,,,,,,,,,,,,,,,,,,,,,,,,,,,,,,,,,,,,,,,,,,,,,,,,,,,,,,,,,,,,,,,,,,,,,,,,,,,,,,,,,,,,,,,,,,,,,,,,,,,,,,,,,,,,,,,0.6925434116445353,0.6724941724941725,0.6982558447278066,,,
WHAS500,tabpfn_cox,4,400.0,100.0,22.0,True,2026-03-30T11:56:19.750723,0.7453764861294584,,,,,,0.9524067063277446,,,,,,,,,,,,,,,,,,,,,,,,,,,,,,,,,,,,,,,,,,,,,,,,,,,,,,,,,,,,,,,,,,,,,,,,,,,,,,,,,,,,,,,,,,,,,,,,,,,,,,,,,,,,,,,,,,,,,
WHAS500,tabpfn_cox,5,400.0,100.0,22.0,True,2026-03-30T11:56:37.742207,0.7247132429614181,0.23342200605319946,0.781434013299815,,,,0.5846403461330448,,,,,,,,,,,,,,,,,,,,,,,,,,,,,,,,,,,,,,,,,,,,,,,,,,,,,,,,,,,,,,,,,,,,,,,,,,,,,,,,,,,,,,,,,,,,,,,,,,,,,,,,,,,,,,,,,,,0.7803881511746681,0.7756410256410255,0.7878345346390122
WHAS500,tabpfn_deephit,1,400.0,100.0,22.0,True,2026-03-30T11:55:17.308033,0.742230945371279,0.4631944078945189,0.7632564548750572,,,,0.8983234180638181,,,,,,,,,,,,,,,,,,,,,,,,,,,,,,,,,,,,,,,,,,,,,,,,,,,,,,,,,,,,,,,,,,,,,,,,,,,,,,,,,,,,,,,,,,,,,,,,,,,,,,,,,,,0.7405515832482125,0.7587412587412588,0.7931985294117647,,,,,,,,
WHAS500,tabpfn_deephit,2,400.0,100.0,22.0,True,2026-03-30T11:55:35.645765,0.7573680603152845,0.4744299115673086,0.7802580892478754,,,,1.0605732828555974,,,,,,,,,,,,,,,,,,,,,,,,,,,,,,,,,,,,,,,,,,,,,,,,,,,,,,,,,,,,,,,,,,,,,,,,,,,,,,,,,,,,,,,,,,,,,,,,,,,,,,,0.7834525025536261,,,,,,,0.7616550116550117,0.7954564395600556,,,,,,
WHAS500,tabpfn_deephit,3,400.0,100.0,22.0,True,2026-03-30T11:56:06.748508,0.6813869807000327,0.4036936281331745,0.7070038901199662,,,,0.7360735532720392,,,,,,,,,,,,,,,,,,,,,,,,,,,,,,,,,,,,,,,,,,,,,,,,,,,,,,,,,,,,,,,,,,,,,,,,,,,,,,,,,,,,,,,,,,,,,,,,,,,,,,,,,,,,,,,,0.718079673135853,0.6917249417249417,0.7113426314510326,,,
WHAS500,tabpfn_deephit,4,400.0,100.0,22.0,True,2026-03-30T11:56:25.037314,0.7361294583883752,,,,,,1.6230394808004327,,,,,,,,,,,,,,,,,,,,,,,,,,,,,,,,,,,,,,,,,,,,,,,,,,,,,,,,,,,,,,,,,,,,,,,,,,,,,,,,,,,,,,,,,,,,,,,,,,,,,,,,,,,,,,,,,,,,,
WHAS500,tabpfn_deephit,5,400.0,100.0,22.0,True,2026-03-30T11:56:43.045164,0.7264511644073688,0.4147942719419504,0.774604666869383,,,,1.374256354786371,,,,,,,,,,,,,,,,,,,,,,,,,,,,,,,,,,,,,,,,,,,,,,,,,,,,,,,,,,,,,,,,,,,,,,,,,,,,,,,,,,,,,,,,,,,,,,,,,,,,,,,,,,,,,,,,,,,0.7803881511746681,0.768065268065268,0.7753121318720119
WHAS500,tabpfn_mtlr,1,400.0,100.0,22.0,True,2026-03-30T11:55:26.314492,0.736669937847563,0.5009720337871305,0.7271331999672709,,,,1.51487290427258,,,,,,,,,,,,,,,,,,,,,,,,,,,,,,,,,,,,,,,,,,,,,,,,,,,,,,,,,,,,,,,,,,,,,,,,,,,,,,,,,,,,,,,,,,,,,,,,,,,,,,,,,,,0.6843718079673136,0.7202797202797203,0.7817095588235294,,,,,,,,
WHAS500,tabpfn_mtlr,2,400.0,100.0,22.0,True,2026-03-30T11:55:57.609757,0.7333790267306374,0.4929248488438542,0.7730537478909892,,,,2.607355327203894,,,,,,,,,,,,,,,,,,,,,,,,,,,,,,,,,,,,,,,,,,,,,,,,,,,,,,,,,,,,,,,,,,,,,,,,,,,,,,,,,,,,,,,,,,,,,,,,,,,,,,,0.7957099080694586,,,,,,,0.7645687645687645,0.7590759944541005,,,,,,
WHAS500,tabpfn_mtlr,3,400.0,100.0,22.0,True,2026-03-30T11:56:15.866620,0.6372260385999345,0.4392273642886073,0.6549402082512257,,,,2.3261222282314766,,,,,,,,,,,,,,,,,,,,,,,,,,,,,,,,,,,,,,,,,,,,,,,,,,,,,,,,,,,,,,,,,,,,,,,,,,,,,,,,,,,,,,,,,,,,,,,,,,,,,,,,,,,,,,,,0.6353421859039836,0.6468531468531469,0.6835182931621984,,,
WHAS500,tabpfn_mtlr,4,400.0,100.0,22.0,True,2026-03-30T11:56:33.914867,0.7414134742404227,,,,,,1.2855597620335317,,,,,,,,,,,,,,,,,,,,,,,,,,,,,,,,,,,,,,,,,,,,,,,,,,,,,,,,,,,,,,,,,,,,,,,,,,,,,,,,,,,,,,,,,,,,,,,,,,,,,,,,,,,,,,,,,,,,,
WHAS500,tabpfn_mtlr,5,400.0,100.0,22.0,True,2026-03-30T11:56:52.209020,0.7306221758776503,0.45183181965142344,0.7793173676872837,,,,2.0773391022174152,,,,,,,,,,,,,,,,,,,,,,,,,,,,,,,,,,,,,,,,,,,,,,,,,,,,,,,,,,,,,,,,,,,,,,,,,,,,,,,,,,,,,,,,,,,,,,,,,,,,,,,,,,,,,,,,,,,0.7936670071501531,0.7779720279720279,0.7671465640191834
WHAS500,tabpfn_pchazard,1,400.0,100.0,22.0,True,2026-03-30T11:55:21.798678,0.751390251880929,0.617329175218005,0.7498266807195545,,,,4.0459707950243375,,,,,,,,,,,,,,,,,,,,,,,,,,,,,,,,,,,,,,,,,,,,,,,,,,,,,,,,,,,,,,,,,,,,,,,,,,,,,,,,,,,,,,,,,,,,,,,,,,,,,,,,,,,0.7027579162410623,0.7645687645687647,0.7853860294117647,,,,,,,,
WHAS500,tabpfn_pchazard,2,400.0,100.0,22.0,True,2026-03-30T11:55:53.291544,0.7902673063742289,0.65005219786767,0.8439548275307329,,,,3.689021092482423,,,,,,,,,,,,,,,,,,,,,,,,,,,,,,,,,,,,,,,,,,,,,,,,,,,,,,,,,,,,,,,,,,,,,,,,,,,,,,,,,,,,,,,,,,,,,,,,,,,,,,,0.8600612870275791,,,,,,,0.8251748251748252,0.8465918790096615,,,,,,
WHAS500,tabpfn_pchazard,3,400.0,100.0,22.0,True,2026-03-30T11:56:11.509441,0.6611056591429506,0.5837470444682668,0.7003270209812146,,,,5.6901027582477015,,,,,,,,,,,,,,,,,,,,,,,,,,,,,,,,,,,,,,,,,,,,,,,,,,,,,,,,,,,,,,,,,,,,,,,,,,,,,,,,,,,,,,,,,,,,,,,,,,,,,,,,,,,,,,,,0.7160367722165475,0.6882284382284383,0.6965993718084078,,,
WHAS500,tabpfn_pchazard,4,400.0,100.0,22.0,True,2026-03-30T11:56:29.730925,0.7387714663143989,,,,,,3.2347214710654413,,,,,,,,,,,,,,,,,,,,,,,,,,,,,,,,,,,,,,,,,,,,,,,,,,,,,,,,,,,,,,,,,,,,,,,,,,,,,,,,,,,,,,,,,,,,,,,,,,,,,,,,,,,,,,,,,,,,,
WHAS500,tabpfn_pchazard,5,400.0,100.0,22.0,True,2026-03-30T11:56:47.783920,0.7417448731317344,0.6062186074570051,0.8028950552130318,,,,3.872904272579772,,,,,,,,,,,,,,,,,,,,,,,,,,,,,,,,,,,,,,,,,,,,,,,,,,,,,,,,,,,,,,,,,,,,,,,,,,,,,,,,,,,,,,,,,,,,,,,,,,,,,,,,,,,,,,,,,,,0.8232890704800816,0.8082750582750583,0.7787729938249299
