{"op_code":0,"worker_id":"649a9e6b-e201-4042-bc77-8a86c5682738-139630798595904","study_name":"rsf_tuning","directions":[2]}
{"op_code":4,"worker_id":"649a9e6b-e201-4042-bc77-8a86c5682738-139630798595904","study_id":0,"datetime_start":"2026-03-30T23:53:35.097183"}
{"op_code":5,"worker_id":"649a9e6b-e201-4042-bc77-8a86c5682738-139630798595904","trial_id":0,"param_name":"n_estimators","param_value_internal":140.0,"distribution":"{\"name\": \"IntDistribution\", \"attributes\": {\"log\": false, \"step\": 1, \"low\": 50, \"high\": 200}}"}
{"op_code":5,"worker_id":"649a9e6b-e201-4042-bc77-8a86c5682738-139630798595904","trial_id":0,"param_name":"min_samples_split","param_value_internal":17.0,"distribution":"{\"name\": \"IntDistribution\", \"attributes\": {\"log\": false, \"step\": 1, \"low\": 5, \"high\": 20}}"}
{"op_code":5,"worker_id":"649a9e6b-e201-4042-bc77-8a86c5682738-139630798595904","trial_id":0,"param_name":"min_samples_leaf","param_value_internal":7.0,"distribution":"{\"name\": \"IntDistribution\", \"attributes\": {\"log\": false, \"step\": 1, \"low\": 5, \"high\": 20}}"}
{"op_code":6,"worker_id":"649a9e6b-e201-4042-bc77-8a86c5682738-139630798595904","trial_id":0,"state":1,"values":[0.6227570187261622],"datetime_complete":"2026-03-30T23:53:54.662741"}
{"op_code":4,"worker_id":"649a9e6b-e201-4042-bc77-8a86c5682738-139630798595904","study_id":0,"datetime_start":"2026-03-30T23:53:54.682646"}
{"op_code":5,"worker_id":"649a9e6b-e201-4042-bc77-8a86c5682738-139630798595904","trial_id":1,"param_name":"n_estimators","param_value_internal":127.0,"distribution":"{\"name\": \"IntDistribution\", \"attributes\": {\"log\": false, \"step\": 1, \"low\": 50, \"high\": 200}}"}
{"op_code":5,"worker_id":"649a9e6b-e201-4042-bc77-8a86c5682738-139630798595904","trial_id":1,"param_name":"min_samples_split","param_value_internal":11.0,"distribution":"{\"name\": \"IntDistribution\", \"attributes\": {\"log\": false, \"step\": 1, \"low\": 5, \"high\": 20}}"}
{"op_code":5,"worker_id":"649a9e6b-e201-4042-bc77-8a86c5682738-139630798595904","trial_id":1,"param_name":"min_samples_leaf","param_value_internal":14.0,"distribution":"{\"name\": \"IntDistribution\", \"attributes\": {\"log\": false, \"step\": 1, \"low\": 5, \"high\": 20}}"}
{"op_code":6,"worker_id":"649a9e6b-e201-4042-bc77-8a86c5682738-139630798595904","trial_id":1,"state":1,"values":[0.6190461988471796],"datetime_complete":"2026-03-30T23:54:08.556070"}
{"op_code":4,"worker_id":"649a9e6b-e201-4042-bc77-8a86c5682738-139630798595904","study_id":0,"datetime_start":"2026-03-30T23:54:08.585996"}
{"op_code":5,"worker_id":"649a9e6b-e201-4042-bc77-8a86c5682738-139630798595904","trial_id":2,"param_name":"n_estimators","param_value_internal":160.0,"distribution":"{\"name\": \"IntDistribution\", \"attributes\": {\"log\": false, \"step\": 1, \"low\": 50, \"high\": 200}}"}
{"op_code":5,"worker_id":"649a9e6b-e201-4042-bc77-8a86c5682738-139630798595904","trial_id":2,"param_name":"min_samples_split","param_value_internal":10.0,"distribution":"{\"name\": \"IntDistribution\", \"attributes\": {\"log\": false, \"step\": 1, \"low\": 5, \"high\": 20}}"}
{"op_code":5,"worker_id":"649a9e6b-e201-4042-bc77-8a86c5682738-139630798595904","trial_id":2,"param_name":"min_samples_leaf","param_value_internal":10.0,"distribution":"{\"name\": \"IntDistribution\", \"attributes\": {\"log\": false, \"step\": 1, \"low\": 5, \"high\": 20}}"}
{"op_code":0,"worker_id":"95fb1de4-589b-4354-a38d-323b1569324c-140488963876672","study_name":"rsf_tuning","directions":[2]}
{"op_code":4,"worker_id":"95fb1de4-589b-4354-a38d-323b1569324c-140488963876672","study_id":0,"datetime_start":"2026-03-30T23:54:23.786875"}
{"op_code":5,"worker_id":"95fb1de4-589b-4354-a38d-323b1569324c-140488963876672","trial_id":3,"param_name":"n_estimators","param_value_internal":65.0,"distribution":"{\"name\": \"IntDistribution\", \"attributes\": {\"log\": false, \"step\": 1, \"low\": 50, \"high\": 200}}"}
{"op_code":5,"worker_id":"95fb1de4-589b-4354-a38d-323b1569324c-140488963876672","trial_id":3,"param_name":"min_samples_split","param_value_internal":13.0,"distribution":"{\"name\": \"IntDistribution\", \"attributes\": {\"log\": false, \"step\": 1, \"low\": 5, \"high\": 20}}"}
{"op_code":5,"worker_id":"95fb1de4-589b-4354-a38d-323b1569324c-140488963876672","trial_id":3,"param_name":"min_samples_leaf","param_value_internal":5.0,"distribution":"{\"name\": \"IntDistribution\", \"attributes\": {\"log\": false, \"step\": 1, \"low\": 5, \"high\": 20}}"}
{"op_code":6,"worker_id":"649a9e6b-e201-4042-bc77-8a86c5682738-139630798595904","trial_id":2,"state":1,"values":[0.6221869174959135],"datetime_complete":"2026-03-30T23:54:28.918034"}
{"op_code":4,"worker_id":"649a9e6b-e201-4042-bc77-8a86c5682738-139630798595904","study_id":0,"datetime_start":"2026-03-30T23:54:28.946171"}
{"op_code":5,"worker_id":"649a9e6b-e201-4042-bc77-8a86c5682738-139630798595904","trial_id":4,"param_name":"n_estimators","param_value_internal":128.0,"distribution":"{\"name\": \"IntDistribution\", \"attributes\": {\"log\": false, \"step\": 1, \"low\": 50, \"high\": 200}}"}
{"op_code":5,"worker_id":"649a9e6b-e201-4042-bc77-8a86c5682738-139630798595904","trial_id":4,"param_name":"min_samples_split","param_value_internal":16.0,"distribution":"{\"name\": \"IntDistribution\", \"attributes\": {\"log\": false, \"step\": 1, \"low\": 5, \"high\": 20}}"}
{"op_code":5,"worker_id":"649a9e6b-e201-4042-bc77-8a86c5682738-139630798595904","trial_id":4,"param_name":"min_samples_leaf","param_value_internal":16.0,"distribution":"{\"name\": \"IntDistribution\", \"attributes\": {\"log\": false, \"step\": 1, \"low\": 5, \"high\": 20}}"}
{"op_code":6,"worker_id":"95fb1de4-589b-4354-a38d-323b1569324c-140488963876672","trial_id":3,"state":1,"values":[0.6203825528376015],"datetime_complete":"2026-03-30T23:54:34.686630"}
{"op_code":4,"worker_id":"95fb1de4-589b-4354-a38d-323b1569324c-140488963876672","study_id":0,"datetime_start":"2026-03-30T23:54:34.714765"}
{"op_code":5,"worker_id":"95fb1de4-589b-4354-a38d-323b1569324c-140488963876672","trial_id":5,"param_name":"n_estimators","param_value_internal":114.0,"distribution":"{\"name\": \"IntDistribution\", \"attributes\": {\"log\": false, \"step\": 1, \"low\": 50, \"high\": 200}}"}
{"op_code":5,"worker_id":"95fb1de4-589b-4354-a38d-323b1569324c-140488963876672","trial_id":5,"param_name":"min_samples_split","param_value_internal":5.0,"distribution":"{\"name\": \"IntDistribution\", \"attributes\": {\"log\": false, \"step\": 1, \"low\": 5, \"high\": 20}}"}
{"op_code":5,"worker_id":"95fb1de4-589b-4354-a38d-323b1569324c-140488963876672","trial_id":5,"param_name":"min_samples_leaf","param_value_internal":15.0,"distribution":"{\"name\": \"IntDistribution\", \"attributes\": {\"log\": false, \"step\": 1, \"low\": 5, \"high\": 20}}"}
{"op_code":6,"worker_id":"649a9e6b-e201-4042-bc77-8a86c5682738-139630798595904","trial_id":4,"state":1,"values":[0.6191115826904878],"datetime_complete":"2026-03-30T23:54:42.239864"}
{"op_code":4,"worker_id":"649a9e6b-e201-4042-bc77-8a86c5682738-139630798595904","study_id":0,"datetime_start":"2026-03-30T23:54:42.275946"}
{"op_code":5,"worker_id":"649a9e6b-e201-4042-bc77-8a86c5682738-139630798595904","trial_id":6,"param_name":"n_estimators","param_value_internal":147.0,"distribution":"{\"name\": \"IntDistribution\", \"attributes\": {\"log\": false, \"step\": 1, \"low\": 50, \"high\": 200}}"}
{"op_code":5,"worker_id":"649a9e6b-e201-4042-bc77-8a86c5682738-139630798595904","trial_id":6,"param_name":"min_samples_split","param_value_internal":13.0,"distribution":"{\"name\": \"IntDistribution\", \"attributes\": {\"log\": false, \"step\": 1, \"low\": 5, \"high\": 20}}"}
{"op_code":5,"worker_id":"649a9e6b-e201-4042-bc77-8a86c5682738-139630798595904","trial_id":6,"param_name":"min_samples_leaf","param_value_internal":7.0,"distribution":"{\"name\": \"IntDistribution\", \"attributes\": {\"log\": false, \"step\": 1, \"low\": 5, \"high\": 20}}"}
{"op_code":6,"worker_id":"95fb1de4-589b-4354-a38d-323b1569324c-140488963876672","trial_id":5,"state":1,"values":[0.6216420521350119],"datetime_complete":"2026-03-30T23:54:46.827843"}
{"op_code":4,"worker_id":"95fb1de4-589b-4354-a38d-323b1569324c-140488963876672","study_id":0,"datetime_start":"2026-03-30T23:54:46.869440"}
{"op_code":5,"worker_id":"95fb1de4-589b-4354-a38d-323b1569324c-140488963876672","trial_id":7,"param_name":"n_estimators","param_value_internal":125.0,"distribution":"{\"name\": \"IntDistribution\", \"attributes\": {\"log\": false, \"step\": 1, \"low\": 50, \"high\": 200}}"}
{"op_code":5,"worker_id":"95fb1de4-589b-4354-a38d-323b1569324c-140488963876672","trial_id":7,"param_name":"min_samples_split","param_value_internal":14.0,"distribution":"{\"name\": \"IntDistribution\", \"attributes\": {\"log\": false, \"step\": 1, \"low\": 5, \"high\": 20}}"}
{"op_code":5,"worker_id":"95fb1de4-589b-4354-a38d-323b1569324c-140488963876672","trial_id":7,"param_name":"min_samples_leaf","param_value_internal":8.0,"distribution":"{\"name\": \"IntDistribution\", \"attributes\": {\"log\": false, \"step\": 1, \"low\": 5, \"high\": 20}}"}
{"op_code":6,"worker_id":"649a9e6b-e201-4042-bc77-8a86c5682738-139630798595904","trial_id":6,"state":1,"values":[0.6234062688193628],"datetime_complete":"2026-03-30T23:55:03.214865"}
{"op_code":4,"worker_id":"649a9e6b-e201-4042-bc77-8a86c5682738-139630798595904","study_id":0,"datetime_start":"2026-03-30T23:55:03.238400"}
{"op_code":5,"worker_id":"649a9e6b-e201-4042-bc77-8a86c5682738-139630798595904","trial_id":8,"param_name":"n_estimators","param_value_internal":171.0,"distribution":"{\"name\": \"IntDistribution\", \"attributes\": {\"log\": false, \"step\": 1, \"low\": 50, \"high\": 200}}"}
{"op_code":5,"worker_id":"649a9e6b-e201-4042-bc77-8a86c5682738-139630798595904","trial_id":8,"param_name":"min_samples_split","param_value_internal":17.0,"distribution":"{\"name\": \"IntDistribution\", \"attributes\": {\"log\": false, \"step\": 1, \"low\": 5, \"high\": 20}}"}
{"op_code":5,"worker_id":"649a9e6b-e201-4042-bc77-8a86c5682738-139630798595904","trial_id":8,"param_name":"min_samples_leaf","param_value_internal":15.0,"distribution":"{\"name\": \"IntDistribution\", \"attributes\": {\"log\": false, \"step\": 1, \"low\": 5, \"high\": 20}}"}
{"op_code":6,"worker_id":"95fb1de4-589b-4354-a38d-323b1569324c-140488963876672","trial_id":7,"state":1,"values":[0.6206245877663388],"datetime_complete":"2026-03-30T23:55:03.818165"}
{"op_code":4,"worker_id":"95fb1de4-589b-4354-a38d-323b1569324c-140488963876672","study_id":0,"datetime_start":"2026-03-30T23:55:03.861537"}
{"op_code":5,"worker_id":"95fb1de4-589b-4354-a38d-323b1569324c-140488963876672","trial_id":9,"param_name":"n_estimators","param_value_internal":187.0,"distribution":"{\"name\": \"IntDistribution\", \"attributes\": {\"log\": false, \"step\": 1, \"low\": 50, \"high\": 200}}"}
{"op_code":5,"worker_id":"95fb1de4-589b-4354-a38d-323b1569324c-140488963876672","trial_id":9,"param_name":"min_samples_split","param_value_internal":15.0,"distribution":"{\"name\": \"IntDistribution\", \"attributes\": {\"log\": false, \"step\": 1, \"low\": 5, \"high\": 20}}"}
{"op_code":5,"worker_id":"95fb1de4-589b-4354-a38d-323b1569324c-140488963876672","trial_id":9,"param_name":"min_samples_leaf","param_value_internal":11.0,"distribution":"{\"name\": \"IntDistribution\", \"attributes\": {\"log\": false, \"step\": 1, \"low\": 5, \"high\": 20}}"}
{"op_code":6,"worker_id":"649a9e6b-e201-4042-bc77-8a86c5682738-139630798595904","trial_id":8,"state":1,"values":[0.62238995153566],"datetime_complete":"2026-03-30T23:55:21.716762"}
{"op_code":4,"worker_id":"649a9e6b-e201-4042-bc77-8a86c5682738-139630798595904","study_id":0,"datetime_start":"2026-03-30T23:55:21.730746"}
{"op_code":5,"worker_id":"649a9e6b-e201-4042-bc77-8a86c5682738-139630798595904","trial_id":10,"param_name":"n_estimators","param_value_internal":61.0,"distribution":"{\"name\": \"IntDistribution\", \"attributes\": {\"log\": false, \"step\": 1, \"low\": 50, \"high\": 200}}"}
{"op_code":5,"worker_id":"649a9e6b-e201-4042-bc77-8a86c5682738-139630798595904","trial_id":10,"param_name":"min_samples_split","param_value_internal":14.0,"distribution":"{\"name\": \"IntDistribution\", \"attributes\": {\"log\": false, \"step\": 1, \"low\": 5, \"high\": 20}}"}
{"op_code":5,"worker_id":"649a9e6b-e201-4042-bc77-8a86c5682738-139630798595904","trial_id":10,"param_name":"min_samples_leaf","param_value_internal":5.0,"distribution":"{\"name\": \"IntDistribution\", \"attributes\": {\"log\": false, \"step\": 1, \"low\": 5, \"high\": 20}}"}
{"op_code":6,"worker_id":"95fb1de4-589b-4354-a38d-323b1569324c-140488963876672","trial_id":9,"state":1,"values":[0.6212348369705486],"datetime_complete":"2026-03-30T23:55:25.771961"}
{"op_code":4,"worker_id":"95fb1de4-589b-4354-a38d-323b1569324c-140488963876672","study_id":0,"datetime_start":"2026-03-30T23:55:25.808422"}
{"op_code":5,"worker_id":"95fb1de4-589b-4354-a38d-323b1569324c-140488963876672","trial_id":11,"param_name":"n_estimators","param_value_internal":88.0,"distribution":"{\"name\": \"IntDistribution\", \"attributes\": {\"log\": false, \"step\": 1, \"low\": 50, \"high\": 200}}"}
{"op_code":5,"worker_id":"95fb1de4-589b-4354-a38d-323b1569324c-140488963876672","trial_id":11,"param_name":"min_samples_split","param_value_internal":20.0,"distribution":"{\"name\": \"IntDistribution\", \"attributes\": {\"log\": false, \"step\": 1, \"low\": 5, \"high\": 20}}"}
{"op_code":5,"worker_id":"95fb1de4-589b-4354-a38d-323b1569324c-140488963876672","trial_id":11,"param_name":"min_samples_leaf","param_value_internal":18.0,"distribution":"{\"name\": \"IntDistribution\", \"attributes\": {\"log\": false, \"step\": 1, \"low\": 5, \"high\": 20}}"}
{"op_code":6,"worker_id":"649a9e6b-e201-4042-bc77-8a86c5682738-139630798595904","trial_id":10,"state":1,"values":[0.624201198703794],"datetime_complete":"2026-03-30T23:55:31.185508"}
{"op_code":4,"worker_id":"649a9e6b-e201-4042-bc77-8a86c5682738-139630798595904","study_id":0,"datetime_start":"2026-03-30T23:55:31.212872"}
{"op_code":5,"worker_id":"649a9e6b-e201-4042-bc77-8a86c5682738-139630798595904","trial_id":12,"param_name":"n_estimators","param_value_internal":51.0,"distribution":"{\"name\": \"IntDistribution\", \"attributes\": {\"log\": false, \"step\": 1, \"low\": 50, \"high\": 200}}"}
{"op_code":5,"worker_id":"649a9e6b-e201-4042-bc77-8a86c5682738-139630798595904","trial_id":12,"param_name":"min_samples_split","param_value_internal":8.0,"distribution":"{\"name\": \"IntDistribution\", \"attributes\": {\"log\": false, \"step\": 1, \"low\": 5, \"high\": 20}}"}
{"op_code":5,"worker_id":"649a9e6b-e201-4042-bc77-8a86c5682738-139630798595904","trial_id":12,"param_name":"min_samples_leaf","param_value_internal":20.0,"distribution":"{\"name\": \"IntDistribution\", \"attributes\": {\"log\": false, \"step\": 1, \"low\": 5, \"high\": 20}}"}
{"op_code":6,"worker_id":"95fb1de4-589b-4354-a38d-323b1569324c-140488963876672","trial_id":11,"state":1,"values":[0.6208161509563821],"datetime_complete":"2026-03-30T23:55:34.650754"}
{"op_code":4,"worker_id":"95fb1de4-589b-4354-a38d-323b1569324c-140488963876672","study_id":0,"datetime_start":"2026-03-30T23:55:34.680886"}
{"op_code":5,"worker_id":"95fb1de4-589b-4354-a38d-323b1569324c-140488963876672","trial_id":13,"param_name":"n_estimators","param_value_internal":52.0,"distribution":"{\"name\": \"IntDistribution\", \"attributes\": {\"log\": false, \"step\": 1, \"low\": 50, \"high\": 200}}"}
{"op_code":5,"worker_id":"95fb1de4-589b-4354-a38d-323b1569324c-140488963876672","trial_id":13,"param_name":"min_samples_split","param_value_internal":8.0,"distribution":"{\"name\": \"IntDistribution\", \"attributes\": {\"log\": false, \"step\": 1, \"low\": 5, \"high\": 20}}"}
{"op_code":5,"worker_id":"95fb1de4-589b-4354-a38d-323b1569324c-140488963876672","trial_id":13,"param_name":"min_samples_leaf","param_value_internal":5.0,"distribution":"{\"name\": \"IntDistribution\", \"attributes\": {\"log\": false, \"step\": 1, \"low\": 5, \"high\": 20}}"}
{"op_code":6,"worker_id":"649a9e6b-e201-4042-bc77-8a86c5682738-139630798595904","trial_id":12,"state":1,"values":[0.6183464770152849],"datetime_complete":"2026-03-30T23:55:36.398160"}
{"op_code":4,"worker_id":"649a9e6b-e201-4042-bc77-8a86c5682738-139630798595904","study_id":0,"datetime_start":"2026-03-30T23:55:36.424682"}
{"op_code":5,"worker_id":"649a9e6b-e201-4042-bc77-8a86c5682738-139630798595904","trial_id":14,"param_name":"n_estimators","param_value_internal":96.0,"distribution":"{\"name\": \"IntDistribution\", \"attributes\": {\"log\": false, \"step\": 1, \"low\": 50, \"high\": 200}}"}
{"op_code":5,"worker_id":"649a9e6b-e201-4042-bc77-8a86c5682738-139630798595904","trial_id":14,"param_name":"min_samples_split","param_value_internal":11.0,"distribution":"{\"name\": \"IntDistribution\", \"attributes\": {\"log\": false, \"step\": 1, \"low\": 5, \"high\": 20}}"}
{"op_code":5,"worker_id":"649a9e6b-e201-4042-bc77-8a86c5682738-139630798595904","trial_id":14,"param_name":"min_samples_leaf","param_value_internal":5.0,"distribution":"{\"name\": \"IntDistribution\", \"attributes\": {\"log\": false, \"step\": 1, \"low\": 5, \"high\": 20}}"}
{"op_code":6,"worker_id":"95fb1de4-589b-4354-a38d-323b1569324c-140488963876672","trial_id":13,"state":1,"values":[0.6209870666169597],"datetime_complete":"2026-03-30T23:55:43.128394"}
{"op_code":4,"worker_id":"95fb1de4-589b-4354-a38d-323b1569324c-140488963876672","study_id":0,"datetime_start":"2026-03-30T23:55:43.146585"}
{"op_code":5,"worker_id":"95fb1de4-589b-4354-a38d-323b1569324c-140488963876672","trial_id":15,"param_name":"n_estimators","param_value_internal":99.0,"distribution":"{\"name\": \"IntDistribution\", \"attributes\": {\"log\": false, \"step\": 1, \"low\": 50, \"high\": 200}}"}
{"op_code":5,"worker_id":"95fb1de4-589b-4354-a38d-323b1569324c-140488963876672","trial_id":15,"param_name":"min_samples_split","param_value_internal":11.0,"distribution":"{\"name\": \"IntDistribution\", \"attributes\": {\"log\": false, \"step\": 1, \"low\": 5, \"high\": 20}}"}
{"op_code":5,"worker_id":"95fb1de4-589b-4354-a38d-323b1569324c-140488963876672","trial_id":15,"param_name":"min_samples_leaf","param_value_internal":8.0,"distribution":"{\"name\": \"IntDistribution\", \"attributes\": {\"log\": false, \"step\": 1, \"low\": 5, \"high\": 20}}"}
{"op_code":6,"worker_id":"649a9e6b-e201-4042-bc77-8a86c5682738-139630798595904","trial_id":14,"state":1,"values":[0.6254515213214419],"datetime_complete":"2026-03-30T23:55:51.794446"}
{"op_code":4,"worker_id":"649a9e6b-e201-4042-bc77-8a86c5682738-139630798595904","study_id":0,"datetime_start":"2026-03-30T23:55:51.810136"}
{"op_code":5,"worker_id":"649a9e6b-e201-4042-bc77-8a86c5682738-139630798595904","trial_id":16,"param_name":"n_estimators","param_value_internal":86.0,"distribution":"{\"name\": \"IntDistribution\", \"attributes\": {\"log\": false, \"step\": 1, \"low\": 50, \"high\": 200}}"}
{"op_code":5,"worker_id":"649a9e6b-e201-4042-bc77-8a86c5682738-139630798595904","trial_id":16,"param_name":"min_samples_split","param_value_internal":11.0,"distribution":"{\"name\": \"IntDistribution\", \"attributes\": {\"log\": false, \"step\": 1, \"low\": 5, \"high\": 20}}"}
{"op_code":5,"worker_id":"649a9e6b-e201-4042-bc77-8a86c5682738-139630798595904","trial_id":16,"param_name":"min_samples_leaf","param_value_internal":9.0,"distribution":"{\"name\": \"IntDistribution\", \"attributes\": {\"log\": false, \"step\": 1, \"low\": 5, \"high\": 20}}"}
{"op_code":6,"worker_id":"95fb1de4-589b-4354-a38d-323b1569324c-140488963876672","trial_id":15,"state":1,"values":[0.620280462275243],"datetime_complete":"2026-03-30T23:55:56.352374"}
{"op_code":4,"worker_id":"95fb1de4-589b-4354-a38d-323b1569324c-140488963876672","study_id":0,"datetime_start":"2026-03-30T23:55:56.376318"}
{"op_code":5,"worker_id":"95fb1de4-589b-4354-a38d-323b1569324c-140488963876672","trial_id":17,"param_name":"n_estimators","param_value_internal":84.0,"distribution":"{\"name\": \"IntDistribution\", \"attributes\": {\"log\": false, \"step\": 1, \"low\": 50, \"high\": 200}}"}
{"op_code":5,"worker_id":"95fb1de4-589b-4354-a38d-323b1569324c-140488963876672","trial_id":17,"param_name":"min_samples_split","param_value_internal":20.0,"distribution":"{\"name\": \"IntDistribution\", \"attributes\": {\"log\": false, \"step\": 1, \"low\": 5, \"high\": 20}}"}
{"op_code":5,"worker_id":"95fb1de4-589b-4354-a38d-323b1569324c-140488963876672","trial_id":17,"param_name":"min_samples_leaf","param_value_internal":10.0,"distribution":"{\"name\": \"IntDistribution\", \"attributes\": {\"log\": false, \"step\": 1, \"low\": 5, \"high\": 20}}"}
{"op_code":6,"worker_id":"649a9e6b-e201-4042-bc77-8a86c5682738-139630798595904","trial_id":16,"state":1,"values":[0.6201886954776175],"datetime_complete":"2026-03-30T23:56:03.126129"}
{"op_code":6,"worker_id":"95fb1de4-589b-4354-a38d-323b1569324c-140488963876672","trial_id":17,"state":1,"values":[0.6214573714547905],"datetime_complete":"2026-03-30T23:56:12.525260"}
{"op_code":4,"worker_id":"649a9e6b-e201-4042-bc77-8a86c5682738-139630798595904","study_id":0,"datetime_start":"2026-03-30T23:56:50.486078"}
{"op_code":4,"worker_id":"95fb1de4-589b-4354-a38d-323b1569324c-140488963876672","study_id":0,"datetime_start":"2026-03-30T23:57:09.641219"}
{"op_code":5,"worker_id":"649a9e6b-e201-4042-bc77-8a86c5682738-139630798595904","trial_id":18,"param_name":"n_estimators","param_value_internal":73.0,"distribution":"{\"name\": \"IntDistribution\", \"attributes\": {\"log\": false, \"step\": 1, \"low\": 50, \"high\": 200}}"}
{"op_code":5,"worker_id":"649a9e6b-e201-4042-bc77-8a86c5682738-139630798595904","trial_id":18,"param_name":"min_samples_split","param_value_internal":9.0,"distribution":"{\"name\": \"IntDistribution\", \"attributes\": {\"log\": false, \"step\": 1, \"low\": 5, \"high\": 20}}"}
{"op_code":5,"worker_id":"95fb1de4-589b-4354-a38d-323b1569324c-140488963876672","trial_id":19,"param_name":"n_estimators","param_value_internal":72.0,"distribution":"{\"name\": \"IntDistribution\", \"attributes\": {\"log\": false, \"step\": 1, \"low\": 50, \"high\": 200}}"}
{"op_code":5,"worker_id":"649a9e6b-e201-4042-bc77-8a86c5682738-139630798595904","trial_id":18,"param_name":"min_samples_leaf","param_value_internal":12.0,"distribution":"{\"name\": \"IntDistribution\", \"attributes\": {\"log\": false, \"step\": 1, \"low\": 5, \"high\": 20}}"}
{"op_code":5,"worker_id":"95fb1de4-589b-4354-a38d-323b1569324c-140488963876672","trial_id":19,"param_name":"min_samples_split","param_value_internal":8.0,"distribution":"{\"name\": \"IntDistribution\", \"attributes\": {\"log\": false, \"step\": 1, \"low\": 5, \"high\": 20}}"}
{"op_code":5,"worker_id":"95fb1de4-589b-4354-a38d-323b1569324c-140488963876672","trial_id":19,"param_name":"min_samples_leaf","param_value_internal":5.0,"distribution":"{\"name\": \"IntDistribution\", \"attributes\": {\"log\": false, \"step\": 1, \"low\": 5, \"high\": 20}}"}
{"op_code":6,"worker_id":"649a9e6b-e201-4042-bc77-8a86c5682738-139630798595904","trial_id":18,"state":1,"values":[0.6161429267873018],"datetime_complete":"2026-03-30T23:57:18.552440"}
{"op_code":4,"worker_id":"649a9e6b-e201-4042-bc77-8a86c5682738-139630798595904","study_id":0,"datetime_start":"2026-03-30T23:57:19.469245"}
{"op_code":6,"worker_id":"95fb1de4-589b-4354-a38d-323b1569324c-140488963876672","trial_id":19,"state":1,"values":[0.6221754466462103],"datetime_complete":"2026-03-30T23:57:23.312613"}
{"op_code":5,"worker_id":"649a9e6b-e201-4042-bc77-8a86c5682738-139630798595904","trial_id":20,"param_name":"n_estimators","param_value_internal":108.0,"distribution":"{\"name\": \"IntDistribution\", \"attributes\": {\"log\": false, \"step\": 1, \"low\": 50, \"high\": 200}}"}
{"op_code":5,"worker_id":"649a9e6b-e201-4042-bc77-8a86c5682738-139630798595904","trial_id":20,"param_name":"min_samples_split","param_value_internal":5.0,"distribution":"{\"name\": \"IntDistribution\", \"attributes\": {\"log\": false, \"step\": 1, \"low\": 5, \"high\": 20}}"}
{"op_code":4,"worker_id":"95fb1de4-589b-4354-a38d-323b1569324c-140488963876672","study_id":0,"datetime_start":"2026-03-30T23:57:23.356284"}
{"op_code":5,"worker_id":"649a9e6b-e201-4042-bc77-8a86c5682738-139630798595904","trial_id":20,"param_name":"min_samples_leaf","param_value_internal":6.0,"distribution":"{\"name\": \"IntDistribution\", \"attributes\": {\"log\": false, \"step\": 1, \"low\": 5, \"high\": 20}}"}
{"op_code":5,"worker_id":"95fb1de4-589b-4354-a38d-323b1569324c-140488963876672","trial_id":21,"param_name":"n_estimators","param_value_internal":104.0,"distribution":"{\"name\": \"IntDistribution\", \"attributes\": {\"log\": false, \"step\": 1, \"low\": 50, \"high\": 200}}"}
{"op_code":5,"worker_id":"95fb1de4-589b-4354-a38d-323b1569324c-140488963876672","trial_id":21,"param_name":"min_samples_split","param_value_internal":5.0,"distribution":"{\"name\": \"IntDistribution\", \"attributes\": {\"log\": false, \"step\": 1, \"low\": 5, \"high\": 20}}"}
{"op_code":5,"worker_id":"95fb1de4-589b-4354-a38d-323b1569324c-140488963876672","trial_id":21,"param_name":"min_samples_leaf","param_value_internal":6.0,"distribution":"{\"name\": \"IntDistribution\", \"attributes\": {\"log\": false, \"step\": 1, \"low\": 5, \"high\": 20}}"}
{"op_code":6,"worker_id":"95fb1de4-589b-4354-a38d-323b1569324c-140488963876672","trial_id":21,"state":1,"values":[0.6248275070975883],"datetime_complete":"2026-03-30T23:57:38.415596"}
{"op_code":4,"worker_id":"95fb1de4-589b-4354-a38d-323b1569324c-140488963876672","study_id":0,"datetime_start":"2026-03-30T23:57:38.432369"}
{"op_code":5,"worker_id":"95fb1de4-589b-4354-a38d-323b1569324c-140488963876672","trial_id":22,"param_name":"n_estimators","param_value_internal":105.0,"distribution":"{\"name\": \"IntDistribution\", \"attributes\": {\"log\": false, \"step\": 1, \"low\": 50, \"high\": 200}}"}
{"op_code":5,"worker_id":"95fb1de4-589b-4354-a38d-323b1569324c-140488963876672","trial_id":22,"param_name":"min_samples_split","param_value_internal":5.0,"distribution":"{\"name\": \"IntDistribution\", \"attributes\": {\"log\": false, \"step\": 1, \"low\": 5, \"high\": 20}}"}
{"op_code":5,"worker_id":"95fb1de4-589b-4354-a38d-323b1569324c-140488963876672","trial_id":22,"param_name":"min_samples_leaf","param_value_internal":6.0,"distribution":"{\"name\": \"IntDistribution\", \"attributes\": {\"log\": false, \"step\": 1, \"low\": 5, \"high\": 20}}"}
{"op_code":6,"worker_id":"649a9e6b-e201-4042-bc77-8a86c5682738-139630798595904","trial_id":20,"state":1,"values":[0.6247391815548736],"datetime_complete":"2026-03-30T23:57:39.204360"}
{"op_code":4,"worker_id":"649a9e6b-e201-4042-bc77-8a86c5682738-139630798595904","study_id":0,"datetime_start":"2026-03-30T23:57:42.851722"}
{"op_code":5,"worker_id":"649a9e6b-e201-4042-bc77-8a86c5682738-139630798595904","trial_id":23,"param_name":"n_estimators","param_value_internal":105.0,"distribution":"{\"name\": \"IntDistribution\", \"attributes\": {\"log\": false, \"step\": 1, \"low\": 50, \"high\": 200}}"}
{"op_code":5,"worker_id":"649a9e6b-e201-4042-bc77-8a86c5682738-139630798595904","trial_id":23,"param_name":"min_samples_split","param_value_internal":5.0,"distribution":"{\"name\": \"IntDistribution\", \"attributes\": {\"log\": false, \"step\": 1, \"low\": 5, \"high\": 20}}"}
{"op_code":5,"worker_id":"649a9e6b-e201-4042-bc77-8a86c5682738-139630798595904","trial_id":23,"param_name":"min_samples_leaf","param_value_internal":7.0,"distribution":"{\"name\": \"IntDistribution\", \"attributes\": {\"log\": false, \"step\": 1, \"low\": 5, \"high\": 20}}"}
{"op_code":6,"worker_id":"95fb1de4-589b-4354-a38d-323b1569324c-140488963876672","trial_id":22,"state":1,"values":[0.6250293940523645],"datetime_complete":"2026-03-30T23:57:53.507690"}
{"op_code":4,"worker_id":"95fb1de4-589b-4354-a38d-323b1569324c-140488963876672","study_id":0,"datetime_start":"2026-03-30T23:57:53.526125"}
{"op_code":5,"worker_id":"95fb1de4-589b-4354-a38d-323b1569324c-140488963876672","trial_id":24,"param_name":"n_estimators","param_value_internal":104.0,"distribution":"{\"name\": \"IntDistribution\", \"attributes\": {\"log\": false, \"step\": 1, \"low\": 50, \"high\": 200}}"}
{"op_code":5,"worker_id":"95fb1de4-589b-4354-a38d-323b1569324c-140488963876672","trial_id":24,"param_name":"min_samples_split","param_value_internal":7.0,"distribution":"{\"name\": \"IntDistribution\", \"attributes\": {\"log\": false, \"step\": 1, \"low\": 5, \"high\": 20}}"}
{"op_code":5,"worker_id":"95fb1de4-589b-4354-a38d-323b1569324c-140488963876672","trial_id":24,"param_name":"min_samples_leaf","param_value_internal":7.0,"distribution":"{\"name\": \"IntDistribution\", \"attributes\": {\"log\": false, \"step\": 1, \"low\": 5, \"high\": 20}}"}
{"op_code":6,"worker_id":"649a9e6b-e201-4042-bc77-8a86c5682738-139630798595904","trial_id":23,"state":1,"values":[0.6227616070660434],"datetime_complete":"2026-03-30T23:57:57.790544"}
{"op_code":4,"worker_id":"649a9e6b-e201-4042-bc77-8a86c5682738-139630798595904","study_id":0,"datetime_start":"2026-03-30T23:57:57.820085"}
{"op_code":5,"worker_id":"649a9e6b-e201-4042-bc77-8a86c5682738-139630798595904","trial_id":25,"param_name":"n_estimators","param_value_internal":97.0,"distribution":"{\"name\": \"IntDistribution\", \"attributes\": {\"log\": false, \"step\": 1, \"low\": 50, \"high\": 200}}"}
{"op_code":5,"worker_id":"649a9e6b-e201-4042-bc77-8a86c5682738-139630798595904","trial_id":25,"param_name":"min_samples_split","param_value_internal":7.0,"distribution":"{\"name\": \"IntDistribution\", \"attributes\": {\"log\": false, \"step\": 1, \"low\": 5, \"high\": 20}}"}
{"op_code":5,"worker_id":"649a9e6b-e201-4042-bc77-8a86c5682738-139630798595904","trial_id":25,"param_name":"min_samples_leaf","param_value_internal":9.0,"distribution":"{\"name\": \"IntDistribution\", \"attributes\": {\"log\": false, \"step\": 1, \"low\": 5, \"high\": 20}}"}
{"op_code":6,"worker_id":"95fb1de4-589b-4354-a38d-323b1569324c-140488963876672","trial_id":24,"state":1,"values":[0.6226044564251096],"datetime_complete":"2026-03-30T23:58:07.983426"}
{"op_code":4,"worker_id":"95fb1de4-589b-4354-a38d-323b1569324c-140488963876672","study_id":0,"datetime_start":"2026-03-30T23:58:08.008118"}
{"op_code":5,"worker_id":"95fb1de4-589b-4354-a38d-323b1569324c-140488963876672","trial_id":26,"param_name":"n_estimators","param_value_internal":94.0,"distribution":"{\"name\": \"IntDistribution\", \"attributes\": {\"log\": false, \"step\": 1, \"low\": 50, \"high\": 200}}"}
{"op_code":5,"worker_id":"95fb1de4-589b-4354-a38d-323b1569324c-140488963876672","trial_id":26,"param_name":"min_samples_split","param_value_internal":7.0,"distribution":"{\"name\": \"IntDistribution\", \"attributes\": {\"log\": false, \"step\": 1, \"low\": 5, \"high\": 20}}"}
{"op_code":5,"worker_id":"95fb1de4-589b-4354-a38d-323b1569324c-140488963876672","trial_id":26,"param_name":"min_samples_leaf","param_value_internal":9.0,"distribution":"{\"name\": \"IntDistribution\", \"attributes\": {\"log\": false, \"step\": 1, \"low\": 5, \"high\": 20}}"}
{"op_code":6,"worker_id":"649a9e6b-e201-4042-bc77-8a86c5682738-139630798595904","trial_id":25,"state":1,"values":[0.6205832927074073],"datetime_complete":"2026-03-30T23:58:10.570702"}
{"op_code":4,"worker_id":"649a9e6b-e201-4042-bc77-8a86c5682738-139630798595904","study_id":0,"datetime_start":"2026-03-30T23:58:10.597833"}
{"op_code":5,"worker_id":"649a9e6b-e201-4042-bc77-8a86c5682738-139630798595904","trial_id":27,"param_name":"n_estimators","param_value_internal":112.0,"distribution":"{\"name\": \"IntDistribution\", \"attributes\": {\"log\": false, \"step\": 1, \"low\": 50, \"high\": 200}}"}
{"op_code":5,"worker_id":"649a9e6b-e201-4042-bc77-8a86c5682738-139630798595904","trial_id":27,"param_name":"min_samples_split","param_value_internal":7.0,"distribution":"{\"name\": \"IntDistribution\", \"attributes\": {\"log\": false, \"step\": 1, \"low\": 5, \"high\": 20}}"}
{"op_code":5,"worker_id":"649a9e6b-e201-4042-bc77-8a86c5682738-139630798595904","trial_id":27,"param_name":"min_samples_leaf","param_value_internal":6.0,"distribution":"{\"name\": \"IntDistribution\", \"attributes\": {\"log\": false, \"step\": 1, \"low\": 5, \"high\": 20}}"}
{"op_code":6,"worker_id":"95fb1de4-589b-4354-a38d-323b1569324c-140488963876672","trial_id":26,"state":1,"values":[0.6206154110865763],"datetime_complete":"2026-03-30T23:58:20.008476"}
{"op_code":4,"worker_id":"95fb1de4-589b-4354-a38d-323b1569324c-140488963876672","study_id":0,"datetime_start":"2026-03-30T23:58:20.026536"}
{"op_code":5,"worker_id":"95fb1de4-589b-4354-a38d-323b1569324c-140488963876672","trial_id":28,"param_name":"n_estimators","param_value_internal":119.0,"distribution":"{\"name\": \"IntDistribution\", \"attributes\": {\"log\": false, \"step\": 1, \"low\": 50, \"high\": 200}}"}
{"op_code":5,"worker_id":"95fb1de4-589b-4354-a38d-323b1569324c-140488963876672","trial_id":28,"param_name":"min_samples_split","param_value_internal":6.0,"distribution":"{\"name\": \"IntDistribution\", \"attributes\": {\"log\": false, \"step\": 1, \"low\": 5, \"high\": 20}}"}
{"op_code":5,"worker_id":"95fb1de4-589b-4354-a38d-323b1569324c-140488963876672","trial_id":28,"param_name":"min_samples_leaf","param_value_internal":6.0,"distribution":"{\"name\": \"IntDistribution\", \"attributes\": {\"log\": false, \"step\": 1, \"low\": 5, \"high\": 20}}"}
{"op_code":6,"worker_id":"649a9e6b-e201-4042-bc77-8a86c5682738-139630798595904","trial_id":27,"state":1,"values":[0.6250856012159101],"datetime_complete":"2026-03-30T23:58:27.168216"}
{"op_code":4,"worker_id":"649a9e6b-e201-4042-bc77-8a86c5682738-139630798595904","study_id":0,"datetime_start":"2026-03-30T23:58:27.183627"}
{"op_code":5,"worker_id":"649a9e6b-e201-4042-bc77-8a86c5682738-139630798595904","trial_id":29,"param_name":"n_estimators","param_value_internal":138.0,"distribution":"{\"name\": \"IntDistribution\", \"attributes\": {\"log\": false, \"step\": 1, \"low\": 50, \"high\": 200}}"}
{"op_code":5,"worker_id":"649a9e6b-e201-4042-bc77-8a86c5682738-139630798595904","trial_id":29,"param_name":"min_samples_split","param_value_internal":6.0,"distribution":"{\"name\": \"IntDistribution\", \"attributes\": {\"log\": false, \"step\": 1, \"low\": 5, \"high\": 20}}"}
{"op_code":5,"worker_id":"649a9e6b-e201-4042-bc77-8a86c5682738-139630798595904","trial_id":29,"param_name":"min_samples_leaf","param_value_internal":12.0,"distribution":"{\"name\": \"IntDistribution\", \"attributes\": {\"log\": false, \"step\": 1, \"low\": 5, \"high\": 20}}"}
{"op_code":6,"worker_id":"95fb1de4-589b-4354-a38d-323b1569324c-140488963876672","trial_id":28,"state":1,"values":[0.6245487654498006],"datetime_complete":"2026-03-30T23:58:37.305960"}
{"op_code":4,"worker_id":"95fb1de4-589b-4354-a38d-323b1569324c-140488963876672","study_id":0,"datetime_start":"2026-03-30T23:58:37.326607"}
{"op_code":5,"worker_id":"95fb1de4-589b-4354-a38d-323b1569324c-140488963876672","trial_id":30,"param_name":"n_estimators","param_value_internal":144.0,"distribution":"{\"name\": \"IntDistribution\", \"attributes\": {\"log\": false, \"step\": 1, \"low\": 50, \"high\": 200}}"}
{"op_code":5,"worker_id":"95fb1de4-589b-4354-a38d-323b1569324c-140488963876672","trial_id":30,"param_name":"min_samples_split","param_value_internal":9.0,"distribution":"{\"name\": \"IntDistribution\", \"attributes\": {\"log\": false, \"step\": 1, \"low\": 5, \"high\": 20}}"}
{"op_code":5,"worker_id":"95fb1de4-589b-4354-a38d-323b1569324c-140488963876672","trial_id":30,"param_name":"min_samples_leaf","param_value_internal":13.0,"distribution":"{\"name\": \"IntDistribution\", \"attributes\": {\"log\": false, \"step\": 1, \"low\": 5, \"high\": 20}}"}
{"op_code":6,"worker_id":"649a9e6b-e201-4042-bc77-8a86c5682738-139630798595904","trial_id":29,"state":1,"values":[0.6190163746379513],"datetime_complete":"2026-03-30T23:58:43.543153"}
{"op_code":4,"worker_id":"649a9e6b-e201-4042-bc77-8a86c5682738-139630798595904","study_id":0,"datetime_start":"2026-03-30T23:58:43.564095"}
{"op_code":5,"worker_id":"649a9e6b-e201-4042-bc77-8a86c5682738-139630798595904","trial_id":31,"param_name":"n_estimators","param_value_internal":141.0,"distribution":"{\"name\": \"IntDistribution\", \"attributes\": {\"log\": false, \"step\": 1, \"low\": 50, \"high\": 200}}"}
{"op_code":5,"worker_id":"649a9e6b-e201-4042-bc77-8a86c5682738-139630798595904","trial_id":31,"param_name":"min_samples_split","param_value_internal":10.0,"distribution":"{\"name\": \"IntDistribution\", \"attributes\": {\"log\": false, \"step\": 1, \"low\": 5, \"high\": 20}}"}
{"op_code":5,"worker_id":"649a9e6b-e201-4042-bc77-8a86c5682738-139630798595904","trial_id":31,"param_name":"min_samples_leaf","param_value_internal":8.0,"distribution":"{\"name\": \"IntDistribution\", \"attributes\": {\"log\": false, \"step\": 1, \"low\": 5, \"high\": 20}}"}
{"op_code":6,"worker_id":"95fb1de4-589b-4354-a38d-323b1569324c-140488963876672","trial_id":30,"state":1,"values":[0.6214252530756216],"datetime_complete":"2026-03-30T23:58:53.420043"}
{"op_code":4,"worker_id":"95fb1de4-589b-4354-a38d-323b1569324c-140488963876672","study_id":0,"datetime_start":"2026-03-30T23:58:53.442141"}
{"op_code":5,"worker_id":"95fb1de4-589b-4354-a38d-323b1569324c-140488963876672","trial_id":32,"param_name":"n_estimators","param_value_internal":111.0,"distribution":"{\"name\": \"IntDistribution\", \"attributes\": {\"log\": false, \"step\": 1, \"low\": 50, \"high\": 200}}"}
{"op_code":5,"worker_id":"95fb1de4-589b-4354-a38d-323b1569324c-140488963876672","trial_id":32,"param_name":"min_samples_split","param_value_internal":6.0,"distribution":"{\"name\": \"IntDistribution\", \"attributes\": {\"log\": false, \"step\": 1, \"low\": 5, \"high\": 20}}"}
{"op_code":5,"worker_id":"95fb1de4-589b-4354-a38d-323b1569324c-140488963876672","trial_id":32,"param_name":"min_samples_leaf","param_value_internal":6.0,"distribution":"{\"name\": \"IntDistribution\", \"attributes\": {\"log\": false, \"step\": 1, \"low\": 5, \"high\": 20}}"}
{"op_code":6,"worker_id":"649a9e6b-e201-4042-bc77-8a86c5682738-139630798595904","trial_id":31,"state":1,"values":[0.6211006280290212],"datetime_complete":"2026-03-30T23:59:02.657932"}
{"op_code":4,"worker_id":"649a9e6b-e201-4042-bc77-8a86c5682738-139630798595904","study_id":0,"datetime_start":"2026-03-30T23:59:02.681921"}
{"op_code":5,"worker_id":"649a9e6b-e201-4042-bc77-8a86c5682738-139630798595904","trial_id":33,"param_name":"n_estimators","param_value_internal":114.0,"distribution":"{\"name\": \"IntDistribution\", \"attributes\": {\"log\": false, \"step\": 1, \"low\": 50, \"high\": 200}}"}
{"op_code":5,"worker_id":"649a9e6b-e201-4042-bc77-8a86c5682738-139630798595904","trial_id":33,"param_name":"min_samples_split","param_value_internal":6.0,"distribution":"{\"name\": \"IntDistribution\", \"attributes\": {\"log\": false, \"step\": 1, \"low\": 5, \"high\": 20}}"}
{"op_code":5,"worker_id":"649a9e6b-e201-4042-bc77-8a86c5682738-139630798595904","trial_id":33,"param_name":"min_samples_leaf","param_value_internal":6.0,"distribution":"{\"name\": \"IntDistribution\", \"attributes\": {\"log\": false, \"step\": 1, \"low\": 5, \"high\": 20}}"}
{"op_code":6,"worker_id":"95fb1de4-589b-4354-a38d-323b1569324c-140488963876672","trial_id":32,"state":1,"values":[0.6247609761693097],"datetime_complete":"2026-03-30T23:59:09.283012"}
{"op_code":4,"worker_id":"95fb1de4-589b-4354-a38d-323b1569324c-140488963876672","study_id":0,"datetime_start":"2026-03-30T23:59:09.305601"}
{"op_code":5,"worker_id":"95fb1de4-589b-4354-a38d-323b1569324c-140488963876672","trial_id":34,"param_name":"n_estimators","param_value_internal":79.0,"distribution":"{\"name\": \"IntDistribution\", \"attributes\": {\"log\": false, \"step\": 1, \"low\": 50, \"high\": 200}}"}
{"op_code":5,"worker_id":"95fb1de4-589b-4354-a38d-323b1569324c-140488963876672","trial_id":34,"param_name":"min_samples_split","param_value_internal":5.0,"distribution":"{\"name\": \"IntDistribution\", \"attributes\": {\"log\": false, \"step\": 1, \"low\": 5, \"high\": 20}}"}
{"op_code":5,"worker_id":"95fb1de4-589b-4354-a38d-323b1569324c-140488963876672","trial_id":34,"param_name":"min_samples_leaf","param_value_internal":6.0,"distribution":"{\"name\": \"IntDistribution\", \"attributes\": {\"log\": false, \"step\": 1, \"low\": 5, \"high\": 20}}"}
{"op_code":6,"worker_id":"649a9e6b-e201-4042-bc77-8a86c5682738-139630798595904","trial_id":33,"state":1,"values":[0.6251005133205242],"datetime_complete":"2026-03-30T23:59:19.551621"}
{"op_code":4,"worker_id":"649a9e6b-e201-4042-bc77-8a86c5682738-139630798595904","study_id":0,"datetime_start":"2026-03-30T23:59:19.573304"}
{"op_code":5,"worker_id":"649a9e6b-e201-4042-bc77-8a86c5682738-139630798595904","trial_id":35,"param_name":"n_estimators","param_value_internal":131.0,"distribution":"{\"name\": \"IntDistribution\", \"attributes\": {\"log\": false, \"step\": 1, \"low\": 50, \"high\": 200}}"}
{"op_code":5,"worker_id":"649a9e6b-e201-4042-bc77-8a86c5682738-139630798595904","trial_id":35,"param_name":"min_samples_split","param_value_internal":9.0,"distribution":"{\"name\": \"IntDistribution\", \"attributes\": {\"log\": false, \"step\": 1, \"low\": 5, \"high\": 20}}"}
{"op_code":5,"worker_id":"649a9e6b-e201-4042-bc77-8a86c5682738-139630798595904","trial_id":35,"param_name":"min_samples_leaf","param_value_internal":6.0,"distribution":"{\"name\": \"IntDistribution\", \"attributes\": {\"log\": false, \"step\": 1, \"low\": 5, \"high\": 20}}"}
{"op_code":6,"worker_id":"95fb1de4-589b-4354-a38d-323b1569324c-140488963876672","trial_id":34,"state":1,"values":[0.6236161853689312],"datetime_complete":"2026-03-30T23:59:20.571770"}
{"op_code":4,"worker_id":"95fb1de4-589b-4354-a38d-323b1569324c-140488963876672","study_id":0,"datetime_start":"2026-03-30T23:59:20.599906"}
{"op_code":5,"worker_id":"95fb1de4-589b-4354-a38d-323b1569324c-140488963876672","trial_id":36,"param_name":"n_estimators","param_value_internal":132.0,"distribution":"{\"name\": \"IntDistribution\", \"attributes\": {\"log\": false, \"step\": 1, \"low\": 50, \"high\": 200}}"}
{"op_code":5,"worker_id":"95fb1de4-589b-4354-a38d-323b1569324c-140488963876672","trial_id":36,"param_name":"min_samples_split","param_value_internal":9.0,"distribution":"{\"name\": \"IntDistribution\", \"attributes\": {\"log\": false, \"step\": 1, \"low\": 5, \"high\": 20}}"}
{"op_code":5,"worker_id":"95fb1de4-589b-4354-a38d-323b1569324c-140488963876672","trial_id":36,"param_name":"min_samples_leaf","param_value_internal":7.0,"distribution":"{\"name\": \"IntDistribution\", \"attributes\": {\"log\": false, \"step\": 1, \"low\": 5, \"high\": 20}}"}
{"op_code":6,"worker_id":"95fb1de4-589b-4354-a38d-323b1569324c-140488963876672","trial_id":36,"state":1,"values":[0.6230954087924063],"datetime_complete":"2026-03-30T23:59:38.653762"}
{"op_code":4,"worker_id":"95fb1de4-589b-4354-a38d-323b1569324c-140488963876672","study_id":0,"datetime_start":"2026-03-30T23:59:38.669326"}
{"op_code":5,"worker_id":"95fb1de4-589b-4354-a38d-323b1569324c-140488963876672","trial_id":37,"param_name":"n_estimators","param_value_internal":119.0,"distribution":"{\"name\": \"IntDistribution\", \"attributes\": {\"log\": false, \"step\": 1, \"low\": 50, \"high\": 200}}"}
{"op_code":5,"worker_id":"95fb1de4-589b-4354-a38d-323b1569324c-140488963876672","trial_id":37,"param_name":"min_samples_split","param_value_internal":12.0,"distribution":"{\"name\": \"IntDistribution\", \"attributes\": {\"log\": false, \"step\": 1, \"low\": 5, \"high\": 20}}"}
{"op_code":5,"worker_id":"95fb1de4-589b-4354-a38d-323b1569324c-140488963876672","trial_id":37,"param_name":"min_samples_leaf","param_value_internal":5.0,"distribution":"{\"name\": \"IntDistribution\", \"attributes\": {\"log\": false, \"step\": 1, \"low\": 5, \"high\": 20}}"}
{"op_code":6,"worker_id":"649a9e6b-e201-4042-bc77-8a86c5682738-139630798595904","trial_id":35,"state":1,"values":[0.6253253419747068],"datetime_complete":"2026-03-30T23:59:38.886636"}
{"op_code":4,"worker_id":"649a9e6b-e201-4042-bc77-8a86c5682738-139630798595904","study_id":0,"datetime_start":"2026-03-30T23:59:38.908113"}
{"op_code":5,"worker_id":"649a9e6b-e201-4042-bc77-8a86c5682738-139630798595904","trial_id":38,"param_name":"n_estimators","param_value_internal":152.0,"distribution":"{\"name\": \"IntDistribution\", \"attributes\": {\"log\": false, \"step\": 1, \"low\": 50, \"high\": 200}}"}
{"op_code":5,"worker_id":"649a9e6b-e201-4042-bc77-8a86c5682738-139630798595904","trial_id":38,"param_name":"min_samples_split","param_value_internal":11.0,"distribution":"{\"name\": \"IntDistribution\", \"attributes\": {\"log\": false, \"step\": 1, \"low\": 5, \"high\": 20}}"}
{"op_code":5,"worker_id":"649a9e6b-e201-4042-bc77-8a86c5682738-139630798595904","trial_id":38,"param_name":"min_samples_leaf","param_value_internal":5.0,"distribution":"{\"name\": \"IntDistribution\", \"attributes\": {\"log\": false, \"step\": 1, \"low\": 5, \"high\": 20}}"}
{"op_code":6,"worker_id":"95fb1de4-589b-4354-a38d-323b1569324c-140488963876672","trial_id":37,"state":1,"values":[0.623446416793324],"datetime_complete":"2026-03-30T23:59:56.905508"}
{"op_code":4,"worker_id":"95fb1de4-589b-4354-a38d-323b1569324c-140488963876672","study_id":0,"datetime_start":"2026-03-30T23:59:56.923029"}
{"op_code":5,"worker_id":"95fb1de4-589b-4354-a38d-323b1569324c-140488963876672","trial_id":39,"param_name":"n_estimators","param_value_internal":155.0,"distribution":"{\"name\": \"IntDistribution\", \"attributes\": {\"log\": false, \"step\": 1, \"low\": 50, \"high\": 200}}"}
{"op_code":5,"worker_id":"95fb1de4-589b-4354-a38d-323b1569324c-140488963876672","trial_id":39,"param_name":"min_samples_split","param_value_internal":10.0,"distribution":"{\"name\": \"IntDistribution\", \"attributes\": {\"log\": false, \"step\": 1, \"low\": 5, \"high\": 20}}"}
{"op_code":5,"worker_id":"95fb1de4-589b-4354-a38d-323b1569324c-140488963876672","trial_id":39,"param_name":"min_samples_leaf","param_value_internal":10.0,"distribution":"{\"name\": \"IntDistribution\", \"attributes\": {\"log\": false, \"step\": 1, \"low\": 5, \"high\": 20}}"}
{"op_code":6,"worker_id":"649a9e6b-e201-4042-bc77-8a86c5682738-139630798595904","trial_id":38,"state":1,"values":[0.6245235295804537],"datetime_complete":"2026-03-31T00:00:03.298389"}
{"op_code":6,"worker_id":"95fb1de4-589b-4354-a38d-323b1569324c-140488963876672","trial_id":39,"state":1,"values":[0.6220274726850391],"datetime_complete":"2026-03-31T00:00:16.087084"}
{"op_code":0,"worker_id":"e7d69756-1d2d-4cff-9d83-5e389e33b2a4-140164324837184","study_name":"rsf_tuning","directions":[2]}
{"op_code":4,"worker_id":"e7d69756-1d2d-4cff-9d83-5e389e33b2a4-140164324837184","study_id":0,"datetime_start":"2026-03-31T00:02:48.549794"}
{"op_code":5,"worker_id":"e7d69756-1d2d-4cff-9d83-5e389e33b2a4-140164324837184","trial_id":40,"param_name":"n_estimators","param_value_internal":164.0,"distribution":"{\"name\": \"IntDistribution\", \"attributes\": {\"log\": false, \"step\": 1, \"low\": 50, \"high\": 200}}"}
{"op_code":5,"worker_id":"e7d69756-1d2d-4cff-9d83-5e389e33b2a4-140164324837184","trial_id":40,"param_name":"min_samples_split","param_value_internal":12.0,"distribution":"{\"name\": \"IntDistribution\", \"attributes\": {\"log\": false, \"step\": 1, \"low\": 5, \"high\": 20}}"}
{"op_code":5,"worker_id":"e7d69756-1d2d-4cff-9d83-5e389e33b2a4-140164324837184","trial_id":40,"param_name":"min_samples_leaf","param_value_internal":8.0,"distribution":"{\"name\": \"IntDistribution\", \"attributes\": {\"log\": false, \"step\": 1, \"low\": 5, \"high\": 20}}"}
{"op_code":0,"worker_id":"219f253e-795d-4694-9b84-682209443e44-140090333984576","study_name":"rsf_tuning","directions":[2]}
{"op_code":4,"worker_id":"219f253e-795d-4694-9b84-682209443e44-140090333984576","study_id":0,"datetime_start":"2026-03-31T00:02:52.515309"}
{"op_code":5,"worker_id":"219f253e-795d-4694-9b84-682209443e44-140090333984576","trial_id":41,"param_name":"n_estimators","param_value_internal":121.0,"distribution":"{\"name\": \"IntDistribution\", \"attributes\": {\"log\": false, \"step\": 1, \"low\": 50, \"high\": 200}}"}
{"op_code":5,"worker_id":"219f253e-795d-4694-9b84-682209443e44-140090333984576","trial_id":41,"param_name":"min_samples_split","param_value_internal":12.0,"distribution":"{\"name\": \"IntDistribution\", \"attributes\": {\"log\": false, \"step\": 1, \"low\": 5, \"high\": 20}}"}
{"op_code":5,"worker_id":"219f253e-795d-4694-9b84-682209443e44-140090333984576","trial_id":41,"param_name":"min_samples_leaf","param_value_internal":8.0,"distribution":"{\"name\": \"IntDistribution\", \"attributes\": {\"log\": false, \"step\": 1, \"low\": 5, \"high\": 20}}"}
{"op_code":6,"worker_id":"219f253e-795d-4694-9b84-682209443e44-140090333984576","trial_id":41,"state":1,"values":[0.6205695276877635],"datetime_complete":"2026-03-31T00:03:09.302918"}
{"op_code":4,"worker_id":"219f253e-795d-4694-9b84-682209443e44-140090333984576","study_id":0,"datetime_start":"2026-03-31T00:03:09.320705"}
{"op_code":5,"worker_id":"219f253e-795d-4694-9b84-682209443e44-140090333984576","trial_id":42,"param_name":"n_estimators","param_value_internal":134.0,"distribution":"{\"name\": \"IntDistribution\", \"attributes\": {\"log\": false, \"step\": 1, \"low\": 50, \"high\": 200}}"}
{"op_code":5,"worker_id":"219f253e-795d-4694-9b84-682209443e44-140090333984576","trial_id":42,"param_name":"min_samples_split","param_value_internal":7.0,"distribution":"{\"name\": \"IntDistribution\", \"attributes\": {\"log\": false, \"step\": 1, \"low\": 5, \"high\": 20}}"}
{"op_code":5,"worker_id":"219f253e-795d-4694-9b84-682209443e44-140090333984576","trial_id":42,"param_name":"min_samples_leaf","param_value_internal":7.0,"distribution":"{\"name\": \"IntDistribution\", \"attributes\": {\"log\": false, \"step\": 1, \"low\": 5, \"high\": 20}}"}
{"op_code":6,"worker_id":"e7d69756-1d2d-4cff-9d83-5e389e33b2a4-140164324837184","trial_id":40,"state":1,"values":[0.6212658082647472],"datetime_complete":"2026-03-31T00:03:10.641255"}
{"op_code":4,"worker_id":"e7d69756-1d2d-4cff-9d83-5e389e33b2a4-140164324837184","study_id":0,"datetime_start":"2026-03-31T00:03:10.667062"}
{"op_code":5,"worker_id":"e7d69756-1d2d-4cff-9d83-5e389e33b2a4-140164324837184","trial_id":43,"param_name":"n_estimators","param_value_internal":133.0,"distribution":"{\"name\": \"IntDistribution\", \"attributes\": {\"log\": false, \"step\": 1, \"low\": 50, \"high\": 200}}"}
{"op_code":5,"worker_id":"e7d69756-1d2d-4cff-9d83-5e389e33b2a4-140164324837184","trial_id":43,"param_name":"min_samples_split","param_value_internal":7.0,"distribution":"{\"name\": \"IntDistribution\", \"attributes\": {\"log\": false, \"step\": 1, \"low\": 5, \"high\": 20}}"}
{"op_code":5,"worker_id":"e7d69756-1d2d-4cff-9d83-5e389e33b2a4-140164324837184","trial_id":43,"param_name":"min_samples_leaf","param_value_internal":6.0,"distribution":"{\"name\": \"IntDistribution\", \"attributes\": {\"log\": false, \"step\": 1, \"low\": 5, \"high\": 20}}"}
{"op_code":6,"worker_id":"219f253e-795d-4694-9b84-682209443e44-140090333984576","trial_id":42,"state":1,"values":[0.6233018840870638],"datetime_complete":"2026-03-31T00:03:28.313544"}
{"op_code":4,"worker_id":"219f253e-795d-4694-9b84-682209443e44-140090333984576","study_id":0,"datetime_start":"2026-03-31T00:03:28.329492"}
{"op_code":5,"worker_id":"219f253e-795d-4694-9b84-682209443e44-140090333984576","trial_id":44,"param_name":"n_estimators","param_value_internal":114.0,"distribution":"{\"name\": \"IntDistribution\", \"attributes\": {\"log\": false, \"step\": 1, \"low\": 50, \"high\": 200}}"}
{"op_code":5,"worker_id":"219f253e-795d-4694-9b84-682209443e44-140090333984576","trial_id":44,"param_name":"min_samples_split","param_value_internal":6.0,"distribution":"{\"name\": \"IntDistribution\", \"attributes\": {\"log\": false, \"step\": 1, \"low\": 5, \"high\": 20}}"}
{"op_code":5,"worker_id":"219f253e-795d-4694-9b84-682209443e44-140090333984576","trial_id":44,"param_name":"min_samples_leaf","param_value_internal":6.0,"distribution":"{\"name\": \"IntDistribution\", \"attributes\": {\"log\": false, \"step\": 1, \"low\": 5, \"high\": 20}}"}
{"op_code":6,"worker_id":"e7d69756-1d2d-4cff-9d83-5e389e33b2a4-140164324837184","trial_id":43,"state":1,"values":[0.6254859338705515],"datetime_complete":"2026-03-31T00:03:30.296912"}
{"op_code":4,"worker_id":"e7d69756-1d2d-4cff-9d83-5e389e33b2a4-140164324837184","study_id":0,"datetime_start":"2026-03-31T00:03:30.333754"}
{"op_code":5,"worker_id":"e7d69756-1d2d-4cff-9d83-5e389e33b2a4-140164324837184","trial_id":45,"param_name":"n_estimators","param_value_internal":129.0,"distribution":"{\"name\": \"IntDistribution\", \"attributes\": {\"log\": false, \"step\": 1, \"low\": 50, \"high\": 200}}"}
{"op_code":5,"worker_id":"e7d69756-1d2d-4cff-9d83-5e389e33b2a4-140164324837184","trial_id":45,"param_name":"min_samples_split","param_value_internal":8.0,"distribution":"{\"name\": \"IntDistribution\", \"attributes\": {\"log\": false, \"step\": 1, \"low\": 5, \"high\": 20}}"}
{"op_code":5,"worker_id":"e7d69756-1d2d-4cff-9d83-5e389e33b2a4-140164324837184","trial_id":45,"param_name":"min_samples_leaf","param_value_internal":5.0,"distribution":"{\"name\": \"IntDistribution\", \"attributes\": {\"log\": false, \"step\": 1, \"low\": 5, \"high\": 20}}"}
{"op_code":6,"worker_id":"219f253e-795d-4694-9b84-682209443e44-140090333984576","trial_id":44,"state":1,"values":[0.6251005133205242],"datetime_complete":"2026-03-31T00:03:45.049139"}
{"op_code":4,"worker_id":"219f253e-795d-4694-9b84-682209443e44-140090333984576","study_id":0,"datetime_start":"2026-03-31T00:03:45.105418"}
{"op_code":5,"worker_id":"219f253e-795d-4694-9b84-682209443e44-140090333984576","trial_id":46,"param_name":"n_estimators","param_value_internal":126.0,"distribution":"{\"name\": \"IntDistribution\", \"attributes\": {\"log\": false, \"step\": 1, \"low\": 50, \"high\": 200}}"}
{"op_code":5,"worker_id":"219f253e-795d-4694-9b84-682209443e44-140090333984576","trial_id":46,"param_name":"min_samples_split","param_value_internal":8.0,"distribution":"{\"name\": \"IntDistribution\", \"attributes\": {\"log\": false, \"step\": 1, \"low\": 5, \"high\": 20}}"}
{"op_code":5,"worker_id":"219f253e-795d-4694-9b84-682209443e44-140090333984576","trial_id":46,"param_name":"min_samples_leaf","param_value_internal":5.0,"distribution":"{\"name\": \"IntDistribution\", \"attributes\": {\"log\": false, \"step\": 1, \"low\": 5, \"high\": 20}}"}
{"op_code":6,"worker_id":"e7d69756-1d2d-4cff-9d83-5e389e33b2a4-140164324837184","trial_id":45,"state":1,"values":[0.6231848814200912],"datetime_complete":"2026-03-31T00:03:51.149121"}
{"op_code":4,"worker_id":"e7d69756-1d2d-4cff-9d83-5e389e33b2a4-140164324837184","study_id":0,"datetime_start":"2026-03-31T00:03:51.167017"}
{"op_code":5,"worker_id":"e7d69756-1d2d-4cff-9d83-5e389e33b2a4-140164324837184","trial_id":47,"param_name":"n_estimators","param_value_internal":124.0,"distribution":"{\"name\": \"IntDistribution\", \"attributes\": {\"log\": false, \"step\": 1, \"low\": 50, \"high\": 200}}"}
{"op_code":5,"worker_id":"e7d69756-1d2d-4cff-9d83-5e389e33b2a4-140164324837184","trial_id":47,"param_name":"min_samples_split","param_value_internal":9.0,"distribution":"{\"name\": \"IntDistribution\", \"attributes\": {\"log\": false, \"step\": 1, \"low\": 5, \"high\": 20}}"}
{"op_code":5,"worker_id":"e7d69756-1d2d-4cff-9d83-5e389e33b2a4-140164324837184","trial_id":47,"param_name":"min_samples_leaf","param_value_internal":17.0,"distribution":"{\"name\": \"IntDistribution\", \"attributes\": {\"log\": false, \"step\": 1, \"low\": 5, \"high\": 20}}"}
{"op_code":6,"worker_id":"e7d69756-1d2d-4cff-9d83-5e389e33b2a4-140164324837184","trial_id":47,"state":1,"values":[0.6198158928622638],"datetime_complete":"2026-03-31T00:04:03.835901"}
{"op_code":4,"worker_id":"e7d69756-1d2d-4cff-9d83-5e389e33b2a4-140164324837184","study_id":0,"datetime_start":"2026-03-31T00:04:03.853600"}
{"op_code":5,"worker_id":"e7d69756-1d2d-4cff-9d83-5e389e33b2a4-140164324837184","trial_id":48,"param_name":"n_estimators","param_value_internal":199.0,"distribution":"{\"name\": \"IntDistribution\", \"attributes\": {\"log\": false, \"step\": 1, \"low\": 50, \"high\": 200}}"}
{"op_code":5,"worker_id":"e7d69756-1d2d-4cff-9d83-5e389e33b2a4-140164324837184","trial_id":48,"param_name":"min_samples_split","param_value_internal":10.0,"distribution":"{\"name\": \"IntDistribution\", \"attributes\": {\"log\": false, \"step\": 1, \"low\": 5, \"high\": 20}}"}
{"op_code":5,"worker_id":"e7d69756-1d2d-4cff-9d83-5e389e33b2a4-140164324837184","trial_id":48,"param_name":"min_samples_leaf","param_value_internal":7.0,"distribution":"{\"name\": \"IntDistribution\", \"attributes\": {\"log\": false, \"step\": 1, \"low\": 5, \"high\": 20}}"}
{"op_code":6,"worker_id":"219f253e-795d-4694-9b84-682209443e44-140090333984576","trial_id":46,"state":1,"values":[0.6234636230678787],"datetime_complete":"2026-03-31T00:04:05.738543"}
{"op_code":4,"worker_id":"219f253e-795d-4694-9b84-682209443e44-140090333984576","study_id":0,"datetime_start":"2026-03-31T00:04:05.763933"}
{"op_code":5,"worker_id":"219f253e-795d-4694-9b84-682209443e44-140090333984576","trial_id":49,"param_name":"n_estimators","param_value_internal":187.0,"distribution":"{\"name\": \"IntDistribution\", \"attributes\": {\"log\": false, \"step\": 1, \"low\": 50, \"high\": 200}}"}
{"op_code":5,"worker_id":"219f253e-795d-4694-9b84-682209443e44-140090333984576","trial_id":49,"param_name":"min_samples_split","param_value_internal":6.0,"distribution":"{\"name\": \"IntDistribution\", \"attributes\": {\"log\": false, \"step\": 1, \"low\": 5, \"high\": 20}}"}
{"op_code":5,"worker_id":"219f253e-795d-4694-9b84-682209443e44-140090333984576","trial_id":49,"param_name":"min_samples_leaf","param_value_internal":7.0,"distribution":"{\"name\": \"IntDistribution\", \"attributes\": {\"log\": false, \"step\": 1, \"low\": 5, \"high\": 20}}"}
{"op_code":6,"worker_id":"e7d69756-1d2d-4cff-9d83-5e389e33b2a4-140164324837184","trial_id":48,"state":1,"values":[0.623550801525623],"datetime_complete":"2026-03-31T00:04:31.483696"}
{"op_code":4,"worker_id":"e7d69756-1d2d-4cff-9d83-5e389e33b2a4-140164324837184","study_id":0,"datetime_start":"2026-03-31T00:04:31.505630"}
{"op_code":5,"worker_id":"e7d69756-1d2d-4cff-9d83-5e389e33b2a4-140164324837184","trial_id":50,"param_name":"n_estimators","param_value_internal":115.0,"distribution":"{\"name\": \"IntDistribution\", \"attributes\": {\"log\": false, \"step\": 1, \"low\": 50, \"high\": 200}}"}
{"op_code":5,"worker_id":"e7d69756-1d2d-4cff-9d83-5e389e33b2a4-140164324837184","trial_id":50,"param_name":"min_samples_split","param_value_internal":9.0,"distribution":"{\"name\": \"IntDistribution\", \"attributes\": {\"log\": false, \"step\": 1, \"low\": 5, \"high\": 20}}"}
{"op_code":5,"worker_id":"e7d69756-1d2d-4cff-9d83-5e389e33b2a4-140164324837184","trial_id":50,"param_name":"min_samples_leaf","param_value_internal":7.0,"distribution":"{\"name\": \"IntDistribution\", \"attributes\": {\"log\": false, \"step\": 1, \"low\": 5, \"high\": 20}}"}
{"op_code":6,"worker_id":"219f253e-795d-4694-9b84-682209443e44-140090333984576","trial_id":49,"state":1,"values":[0.6233902096297783],"datetime_complete":"2026-03-31T00:04:32.045602"}
{"op_code":4,"worker_id":"219f253e-795d-4694-9b84-682209443e44-140090333984576","study_id":0,"datetime_start":"2026-03-31T00:04:32.069190"}
{"op_code":5,"worker_id":"219f253e-795d-4694-9b84-682209443e44-140090333984576","trial_id":51,"param_name":"n_estimators","param_value_internal":115.0,"distribution":"{\"name\": \"IntDistribution\", \"attributes\": {\"log\": false, \"step\": 1, \"low\": 50, \"high\": 200}}"}
{"op_code":5,"worker_id":"219f253e-795d-4694-9b84-682209443e44-140090333984576","trial_id":51,"param_name":"min_samples_split","param_value_internal":6.0,"distribution":"{\"name\": \"IntDistribution\", \"attributes\": {\"log\": false, \"step\": 1, \"low\": 5, \"high\": 20}}"}
{"op_code":5,"worker_id":"219f253e-795d-4694-9b84-682209443e44-140090333984576","trial_id":51,"param_name":"min_samples_leaf","param_value_internal":10.0,"distribution":"{\"name\": \"IntDistribution\", \"attributes\": {\"log\": false, \"step\": 1, \"low\": 5, \"high\": 20}}"}
{"op_code":6,"worker_id":"219f253e-795d-4694-9b84-682209443e44-140090333984576","trial_id":51,"state":1,"values":[0.6221674170514181],"datetime_complete":"2026-03-31T00:04:46.644618"}
{"op_code":4,"worker_id":"219f253e-795d-4694-9b84-682209443e44-140090333984576","study_id":0,"datetime_start":"2026-03-31T00:04:46.665138"}
{"op_code":5,"worker_id":"219f253e-795d-4694-9b84-682209443e44-140090333984576","trial_id":52,"param_name":"n_estimators","param_value_internal":114.0,"distribution":"{\"name\": \"IntDistribution\", \"attributes\": {\"log\": false, \"step\": 1, \"low\": 50, \"high\": 200}}"}
{"op_code":5,"worker_id":"219f253e-795d-4694-9b84-682209443e44-140090333984576","trial_id":52,"param_name":"min_samples_split","param_value_internal":7.0,"distribution":"{\"name\": \"IntDistribution\", \"attributes\": {\"log\": false, \"step\": 1, \"low\": 5, \"high\": 20}}"}
{"op_code":5,"worker_id":"219f253e-795d-4694-9b84-682209443e44-140090333984576","trial_id":52,"param_name":"min_samples_leaf","param_value_internal":6.0,"distribution":"{\"name\": \"IntDistribution\", \"attributes\": {\"log\": false, \"step\": 1, \"low\": 5, \"high\": 20}}"}
{"op_code":6,"worker_id":"e7d69756-1d2d-4cff-9d83-5e389e33b2a4-140164324837184","trial_id":50,"state":1,"values":[0.6227489891313699],"datetime_complete":"2026-03-31T00:04:47.490060"}
{"op_code":4,"worker_id":"e7d69756-1d2d-4cff-9d83-5e389e33b2a4-140164324837184","study_id":0,"datetime_start":"2026-03-31T00:04:47.530886"}
{"op_code":5,"worker_id":"e7d69756-1d2d-4cff-9d83-5e389e33b2a4-140164324837184","trial_id":53,"param_name":"n_estimators","param_value_internal":93.0,"distribution":"{\"name\": \"IntDistribution\", \"attributes\": {\"log\": false, \"step\": 1, \"low\": 50, \"high\": 200}}"}
{"op_code":5,"worker_id":"e7d69756-1d2d-4cff-9d83-5e389e33b2a4-140164324837184","trial_id":53,"param_name":"min_samples_split","param_value_internal":7.0,"distribution":"{\"name\": \"IntDistribution\", \"attributes\": {\"log\": false, \"step\": 1, \"low\": 5, \"high\": 20}}"}
{"op_code":5,"worker_id":"e7d69756-1d2d-4cff-9d83-5e389e33b2a4-140164324837184","trial_id":53,"param_name":"min_samples_leaf","param_value_internal":6.0,"distribution":"{\"name\": \"IntDistribution\", \"attributes\": {\"log\": false, \"step\": 1, \"low\": 5, \"high\": 20}}"}
{"op_code":6,"worker_id":"e7d69756-1d2d-4cff-9d83-5e389e33b2a4-140164324837184","trial_id":53,"state":1,"values":[0.6248963321958074],"datetime_complete":"2026-03-31T00:05:00.939332"}
{"op_code":4,"worker_id":"e7d69756-1d2d-4cff-9d83-5e389e33b2a4-140164324837184","study_id":0,"datetime_start":"2026-03-31T00:05:00.960414"}
{"op_code":5,"worker_id":"e7d69756-1d2d-4cff-9d83-5e389e33b2a4-140164324837184","trial_id":54,"param_name":"n_estimators","param_value_internal":136.0,"distribution":"{\"name\": \"IntDistribution\", \"attributes\": {\"log\": false, \"step\": 1, \"low\": 50, \"high\": 200}}"}
{"op_code":5,"worker_id":"e7d69756-1d2d-4cff-9d83-5e389e33b2a4-140164324837184","trial_id":54,"param_name":"min_samples_split","param_value_internal":7.0,"distribution":"{\"name\": \"IntDistribution\", \"attributes\": {\"log\": false, \"step\": 1, \"low\": 5, \"high\": 20}}"}
{"op_code":5,"worker_id":"e7d69756-1d2d-4cff-9d83-5e389e33b2a4-140164324837184","trial_id":54,"param_name":"min_samples_leaf","param_value_internal":5.0,"distribution":"{\"name\": \"IntDistribution\", \"attributes\": {\"log\": false, \"step\": 1, \"low\": 5, \"high\": 20}}"}
{"op_code":6,"worker_id":"219f253e-795d-4694-9b84-682209443e44-140090333984576","trial_id":52,"state":1,"values":[0.6251005133205242],"datetime_complete":"2026-03-31T00:05:03.303202"}
{"op_code":4,"worker_id":"219f253e-795d-4694-9b84-682209443e44-140090333984576","study_id":0,"datetime_start":"2026-03-31T00:05:03.339374"}
{"op_code":5,"worker_id":"219f253e-795d-4694-9b84-682209443e44-140090333984576","trial_id":55,"param_name":"n_estimators","param_value_internal":134.0,"distribution":"{\"name\": \"IntDistribution\", \"attributes\": {\"log\": false, \"step\": 1, \"low\": 50, \"high\": 200}}"}
{"op_code":5,"worker_id":"219f253e-795d-4694-9b84-682209443e44-140090333984576","trial_id":55,"param_name":"min_samples_split","param_value_internal":8.0,"distribution":"{\"name\": \"IntDistribution\", \"attributes\": {\"log\": false, \"step\": 1, \"low\": 5, \"high\": 20}}"}
{"op_code":5,"worker_id":"219f253e-795d-4694-9b84-682209443e44-140090333984576","trial_id":55,"param_name":"min_samples_leaf","param_value_internal":5.0,"distribution":"{\"name\": \"IntDistribution\", \"attributes\": {\"log\": false, \"step\": 1, \"low\": 5, \"high\": 20}}"}
{"op_code":6,"worker_id":"e7d69756-1d2d-4cff-9d83-5e389e33b2a4-140164324837184","trial_id":54,"state":1,"values":[0.6231206446617533],"datetime_complete":"2026-03-31T00:05:22.966119"}
{"op_code":4,"worker_id":"e7d69756-1d2d-4cff-9d83-5e389e33b2a4-140164324837184","study_id":0,"datetime_start":"2026-03-31T00:05:22.985154"}
{"op_code":5,"worker_id":"e7d69756-1d2d-4cff-9d83-5e389e33b2a4-140164324837184","trial_id":56,"param_name":"n_estimators","param_value_internal":129.0,"distribution":"{\"name\": \"IntDistribution\", \"attributes\": {\"log\": false, \"step\": 1, \"low\": 50, \"high\": 200}}"}
{"op_code":5,"worker_id":"e7d69756-1d2d-4cff-9d83-5e389e33b2a4-140164324837184","trial_id":56,"param_name":"min_samples_split","param_value_internal":8.0,"distribution":"{\"name\": \"IntDistribution\", \"attributes\": {\"log\": false, \"step\": 1, \"low\": 5, \"high\": 20}}"}
{"op_code":5,"worker_id":"e7d69756-1d2d-4cff-9d83-5e389e33b2a4-140164324837184","trial_id":56,"param_name":"min_samples_leaf","param_value_internal":8.0,"distribution":"{\"name\": \"IntDistribution\", \"attributes\": {\"log\": false, \"step\": 1, \"low\": 5, \"high\": 20}}"}
{"op_code":6,"worker_id":"219f253e-795d-4694-9b84-682209443e44-140090333984576","trial_id":55,"state":1,"values":[0.6231757047403287],"datetime_complete":"2026-03-31T00:05:25.161348"}
{"op_code":4,"worker_id":"219f253e-795d-4694-9b84-682209443e44-140090333984576","study_id":0,"datetime_start":"2026-03-31T00:05:25.193759"}
{"op_code":5,"worker_id":"219f253e-795d-4694-9b84-682209443e44-140090333984576","trial_id":57,"param_name":"n_estimators","param_value_internal":146.0,"distribution":"{\"name\": \"IntDistribution\", \"attributes\": {\"log\": false, \"step\": 1, \"low\": 50, \"high\": 200}}"}
{"op_code":5,"worker_id":"219f253e-795d-4694-9b84-682209443e44-140090333984576","trial_id":57,"param_name":"min_samples_split","param_value_internal":11.0,"distribution":"{\"name\": \"IntDistribution\", \"attributes\": {\"log\": false, \"step\": 1, \"low\": 5, \"high\": 20}}"}
{"op_code":5,"worker_id":"219f253e-795d-4694-9b84-682209443e44-140090333984576","trial_id":57,"param_name":"min_samples_leaf","param_value_internal":8.0,"distribution":"{\"name\": \"IntDistribution\", \"attributes\": {\"log\": false, \"step\": 1, \"low\": 5, \"high\": 20}}"}
{"op_code":6,"worker_id":"e7d69756-1d2d-4cff-9d83-5e389e33b2a4-140164324837184","trial_id":56,"state":1,"values":[0.6208092684465601],"datetime_complete":"2026-03-31T00:05:39.961849"}
{"op_code":4,"worker_id":"e7d69756-1d2d-4cff-9d83-5e389e33b2a4-140164324837184","study_id":0,"datetime_start":"2026-03-31T00:05:39.982223"}
{"op_code":5,"worker_id":"e7d69756-1d2d-4cff-9d83-5e389e33b2a4-140164324837184","trial_id":58,"param_name":"n_estimators","param_value_internal":148.0,"distribution":"{\"name\": \"IntDistribution\", \"attributes\": {\"log\": false, \"step\": 1, \"low\": 50, \"high\": 200}}"}
{"op_code":5,"worker_id":"e7d69756-1d2d-4cff-9d83-5e389e33b2a4-140164324837184","trial_id":58,"param_name":"min_samples_split","param_value_internal":10.0,"distribution":"{\"name\": \"IntDistribution\", \"attributes\": {\"log\": false, \"step\": 1, \"low\": 5, \"high\": 20}}"}
{"op_code":5,"worker_id":"e7d69756-1d2d-4cff-9d83-5e389e33b2a4-140164324837184","trial_id":58,"param_name":"min_samples_leaf","param_value_internal":9.0,"distribution":"{\"name\": \"IntDistribution\", \"attributes\": {\"log\": false, \"step\": 1, \"low\": 5, \"high\": 20}}"}
{"op_code":6,"worker_id":"219f253e-795d-4694-9b84-682209443e44-140090333984576","trial_id":57,"state":1,"values":[0.6210249204209802],"datetime_complete":"2026-03-31T00:05:44.599112"}
{"op_code":4,"worker_id":"219f253e-795d-4694-9b84-682209443e44-140090333984576","study_id":0,"datetime_start":"2026-03-31T00:05:44.637284"}
{"op_code":5,"worker_id":"219f253e-795d-4694-9b84-682209443e44-140090333984576","trial_id":59,"param_name":"n_estimators","param_value_internal":100.0,"distribution":"{\"name\": \"IntDistribution\", \"attributes\": {\"log\": false, \"step\": 1, \"low\": 50, \"high\": 200}}"}
{"op_code":5,"worker_id":"219f253e-795d-4694-9b84-682209443e44-140090333984576","trial_id":59,"param_name":"min_samples_split","param_value_internal":10.0,"distribution":"{\"name\": \"IntDistribution\", \"attributes\": {\"log\": false, \"step\": 1, \"low\": 5, \"high\": 20}}"}
{"op_code":5,"worker_id":"219f253e-795d-4694-9b84-682209443e44-140090333984576","trial_id":59,"param_name":"min_samples_leaf","param_value_internal":14.0,"distribution":"{\"name\": \"IntDistribution\", \"attributes\": {\"log\": false, \"step\": 1, \"low\": 5, \"high\": 20}}"}
{"op_code":6,"worker_id":"219f253e-795d-4694-9b84-682209443e44-140090333984576","trial_id":59,"state":1,"values":[0.6199409251240285],"datetime_complete":"2026-03-31T00:05:55.174925"}
{"op_code":4,"worker_id":"219f253e-795d-4694-9b84-682209443e44-140090333984576","study_id":0,"datetime_start":"2026-03-31T00:05:55.192997"}
{"op_code":5,"worker_id":"219f253e-795d-4694-9b84-682209443e44-140090333984576","trial_id":60,"param_name":"n_estimators","param_value_internal":122.0,"distribution":"{\"name\": \"IntDistribution\", \"attributes\": {\"log\": false, \"step\": 1, \"low\": 50, \"high\": 200}}"}
{"op_code":5,"worker_id":"219f253e-795d-4694-9b84-682209443e44-140090333984576","trial_id":60,"param_name":"min_samples_split","param_value_internal":6.0,"distribution":"{\"name\": \"IntDistribution\", \"attributes\": {\"log\": false, \"step\": 1, \"low\": 5, \"high\": 20}}"}
{"op_code":5,"worker_id":"219f253e-795d-4694-9b84-682209443e44-140090333984576","trial_id":60,"param_name":"min_samples_leaf","param_value_internal":20.0,"distribution":"{\"name\": \"IntDistribution\", \"attributes\": {\"log\": false, \"step\": 1, \"low\": 5, \"high\": 20}}"}
{"op_code":6,"worker_id":"e7d69756-1d2d-4cff-9d83-5e389e33b2a4-140164324837184","trial_id":58,"state":1,"values":[0.6215112844483955],"datetime_complete":"2026-03-31T00:05:58.783459"}
{"op_code":4,"worker_id":"e7d69756-1d2d-4cff-9d83-5e389e33b2a4-140164324837184","study_id":0,"datetime_start":"2026-03-31T00:05:58.820372"}
{"op_code":5,"worker_id":"e7d69756-1d2d-4cff-9d83-5e389e33b2a4-140164324837184","trial_id":61,"param_name":"n_estimators","param_value_internal":88.0,"distribution":"{\"name\": \"IntDistribution\", \"attributes\": {\"log\": false, \"step\": 1, \"low\": 50, \"high\": 200}}"}
{"op_code":5,"worker_id":"e7d69756-1d2d-4cff-9d83-5e389e33b2a4-140164324837184","trial_id":61,"param_name":"min_samples_split","param_value_internal":6.0,"distribution":"{\"name\": \"IntDistribution\", \"attributes\": {\"log\": false, \"step\": 1, \"low\": 5, \"high\": 20}}"}
{"op_code":5,"worker_id":"e7d69756-1d2d-4cff-9d83-5e389e33b2a4-140164324837184","trial_id":61,"param_name":"min_samples_leaf","param_value_internal":20.0,"distribution":"{\"name\": \"IntDistribution\", \"attributes\": {\"log\": false, \"step\": 1, \"low\": 5, \"high\": 20}}"}
{"op_code":6,"worker_id":"219f253e-795d-4694-9b84-682209443e44-140090333984576","trial_id":60,"state":1,"values":[0.6193192050701156],"datetime_complete":"2026-03-31T00:06:07.138592"}
{"op_code":4,"worker_id":"219f253e-795d-4694-9b84-682209443e44-140090333984576","study_id":0,"datetime_start":"2026-03-31T00:06:07.156895"}
{"op_code":5,"worker_id":"219f253e-795d-4694-9b84-682209443e44-140090333984576","trial_id":62,"param_name":"n_estimators","param_value_internal":108.0,"distribution":"{\"name\": \"IntDistribution\", \"attributes\": {\"log\": false, \"step\": 1, \"low\": 50, \"high\": 200}}"}
{"op_code":5,"worker_id":"219f253e-795d-4694-9b84-682209443e44-140090333984576","trial_id":62,"param_name":"min_samples_split","param_value_internal":18.0,"distribution":"{\"name\": \"IntDistribution\", \"attributes\": {\"log\": false, \"step\": 1, \"low\": 5, \"high\": 20}}"}
{"op_code":5,"worker_id":"219f253e-795d-4694-9b84-682209443e44-140090333984576","trial_id":62,"param_name":"min_samples_leaf","param_value_internal":6.0,"distribution":"{\"name\": \"IntDistribution\", \"attributes\": {\"log\": false, \"step\": 1, \"low\": 5, \"high\": 20}}"}
{"op_code":6,"worker_id":"e7d69756-1d2d-4cff-9d83-5e389e33b2a4-140164324837184","trial_id":61,"state":1,"values":[0.6192767629262138],"datetime_complete":"2026-03-31T00:06:07.353913"}
{"op_code":4,"worker_id":"e7d69756-1d2d-4cff-9d83-5e389e33b2a4-140164324837184","study_id":0,"datetime_start":"2026-03-31T00:06:07.377822"}
{"op_code":5,"worker_id":"e7d69756-1d2d-4cff-9d83-5e389e33b2a4-140164324837184","trial_id":63,"param_name":"n_estimators","param_value_internal":110.0,"distribution":"{\"name\": \"IntDistribution\", \"attributes\": {\"log\": false, \"step\": 1, \"low\": 50, \"high\": 200}}"}
{"op_code":5,"worker_id":"e7d69756-1d2d-4cff-9d83-5e389e33b2a4-140164324837184","trial_id":63,"param_name":"min_samples_split","param_value_internal":7.0,"distribution":"{\"name\": \"IntDistribution\", \"attributes\": {\"log\": false, \"step\": 1, \"low\": 5, \"high\": 20}}"}
{"op_code":5,"worker_id":"e7d69756-1d2d-4cff-9d83-5e389e33b2a4-140164324837184","trial_id":63,"param_name":"min_samples_leaf","param_value_internal":6.0,"distribution":"{\"name\": \"IntDistribution\", \"attributes\": {\"log\": false, \"step\": 1, \"low\": 5, \"high\": 20}}"}
{"op_code":6,"worker_id":"219f253e-795d-4694-9b84-682209443e44-140090333984576","trial_id":62,"state":1,"values":[0.621822144475352],"datetime_complete":"2026-03-31T00:06:22.932465"}
{"op_code":4,"worker_id":"219f253e-795d-4694-9b84-682209443e44-140090333984576","study_id":0,"datetime_start":"2026-03-31T00:06:22.952196"}
{"op_code":5,"worker_id":"219f253e-795d-4694-9b84-682209443e44-140090333984576","trial_id":64,"param_name":"n_estimators","param_value_internal":114.0,"distribution":"{\"name\": \"IntDistribution\", \"attributes\": {\"log\": false, \"step\": 1, \"low\": 50, \"high\": 200}}"}
{"op_code":5,"worker_id":"219f253e-795d-4694-9b84-682209443e44-140090333984576","trial_id":64,"param_name":"min_samples_split","param_value_internal":7.0,"distribution":"{\"name\": \"IntDistribution\", \"attributes\": {\"log\": false, \"step\": 1, \"low\": 5, \"high\": 20}}"}
{"op_code":5,"worker_id":"219f253e-795d-4694-9b84-682209443e44-140090333984576","trial_id":64,"param_name":"min_samples_leaf","param_value_internal":6.0,"distribution":"{\"name\": \"IntDistribution\", \"attributes\": {\"log\": false, \"step\": 1, \"low\": 5, \"high\": 20}}"}
{"op_code":6,"worker_id":"e7d69756-1d2d-4cff-9d83-5e389e33b2a4-140164324837184","trial_id":63,"state":1,"values":[0.6250477474118895],"datetime_complete":"2026-03-31T00:06:23.090330"}
{"op_code":4,"worker_id":"e7d69756-1d2d-4cff-9d83-5e389e33b2a4-140164324837184","study_id":0,"datetime_start":"2026-03-31T00:06:23.112279"}
{"op_code":5,"worker_id":"e7d69756-1d2d-4cff-9d83-5e389e33b2a4-140164324837184","trial_id":65,"param_name":"n_estimators","param_value_internal":114.0,"distribution":"{\"name\": \"IntDistribution\", \"attributes\": {\"log\": false, \"step\": 1, \"low\": 50, \"high\": 200}}"}
{"op_code":5,"worker_id":"e7d69756-1d2d-4cff-9d83-5e389e33b2a4-140164324837184","trial_id":65,"param_name":"min_samples_split","param_value_internal":13.0,"distribution":"{\"name\": \"IntDistribution\", \"attributes\": {\"log\": false, \"step\": 1, \"low\": 5, \"high\": 20}}"}
{"op_code":5,"worker_id":"e7d69756-1d2d-4cff-9d83-5e389e33b2a4-140164324837184","trial_id":65,"param_name":"min_samples_leaf","param_value_internal":6.0,"distribution":"{\"name\": \"IntDistribution\", \"attributes\": {\"log\": false, \"step\": 1, \"low\": 5, \"high\": 20}}"}
{"op_code":6,"worker_id":"219f253e-795d-4694-9b84-682209443e44-140090333984576","trial_id":64,"state":1,"values":[0.6251005133205242],"datetime_complete":"2026-03-31T00:06:39.691401"}
{"op_code":4,"worker_id":"219f253e-795d-4694-9b84-682209443e44-140090333984576","study_id":0,"datetime_start":"2026-03-31T00:06:39.709318"}
{"op_code":5,"worker_id":"219f253e-795d-4694-9b84-682209443e44-140090333984576","trial_id":66,"param_name":"n_estimators","param_value_internal":117.0,"distribution":"{\"name\": \"IntDistribution\", \"attributes\": {\"log\": false, \"step\": 1, \"low\": 50, \"high\": 200}}"}
{"op_code":5,"worker_id":"219f253e-795d-4694-9b84-682209443e44-140090333984576","trial_id":66,"param_name":"min_samples_split","param_value_internal":14.0,"distribution":"{\"name\": \"IntDistribution\", \"attributes\": {\"log\": false, \"step\": 1, \"low\": 5, \"high\": 20}}"}
{"op_code":5,"worker_id":"219f253e-795d-4694-9b84-682209443e44-140090333984576","trial_id":66,"param_name":"min_samples_leaf","param_value_internal":7.0,"distribution":"{\"name\": \"IntDistribution\", \"attributes\": {\"log\": false, \"step\": 1, \"low\": 5, \"high\": 20}}"}
{"op_code":6,"worker_id":"e7d69756-1d2d-4cff-9d83-5e389e33b2a4-140164324837184","trial_id":65,"state":1,"values":[0.6222798313785094],"datetime_complete":"2026-03-31T00:06:39.836560"}
{"op_code":4,"worker_id":"e7d69756-1d2d-4cff-9d83-5e389e33b2a4-140164324837184","study_id":0,"datetime_start":"2026-03-31T00:06:39.858981"}
{"op_code":5,"worker_id":"e7d69756-1d2d-4cff-9d83-5e389e33b2a4-140164324837184","trial_id":67,"param_name":"n_estimators","param_value_internal":102.0,"distribution":"{\"name\": \"IntDistribution\", \"attributes\": {\"log\": false, \"step\": 1, \"low\": 50, \"high\": 200}}"}
{"op_code":5,"worker_id":"e7d69756-1d2d-4cff-9d83-5e389e33b2a4-140164324837184","trial_id":67,"param_name":"min_samples_split","param_value_internal":5.0,"distribution":"{\"name\": \"IntDistribution\", \"attributes\": {\"log\": false, \"step\": 1, \"low\": 5, \"high\": 20}}"}
{"op_code":5,"worker_id":"e7d69756-1d2d-4cff-9d83-5e389e33b2a4-140164324837184","trial_id":67,"param_name":"min_samples_leaf","param_value_internal":7.0,"distribution":"{\"name\": \"IntDistribution\", \"attributes\": {\"log\": false, \"step\": 1, \"low\": 5, \"high\": 20}}"}
{"op_code":6,"worker_id":"e7d69756-1d2d-4cff-9d83-5e389e33b2a4-140164324837184","trial_id":67,"state":1,"values":[0.6222740959536578],"datetime_complete":"2026-03-31T00:06:53.857722"}
{"op_code":4,"worker_id":"e7d69756-1d2d-4cff-9d83-5e389e33b2a4-140164324837184","study_id":0,"datetime_start":"2026-03-31T00:06:53.876809"}
{"op_code":5,"worker_id":"e7d69756-1d2d-4cff-9d83-5e389e33b2a4-140164324837184","trial_id":68,"param_name":"n_estimators","param_value_internal":96.0,"distribution":"{\"name\": \"IntDistribution\", \"attributes\": {\"log\": false, \"step\": 1, \"low\": 50, \"high\": 200}}"}
{"op_code":5,"worker_id":"e7d69756-1d2d-4cff-9d83-5e389e33b2a4-140164324837184","trial_id":68,"param_name":"min_samples_split","param_value_internal":9.0,"distribution":"{\"name\": \"IntDistribution\", \"attributes\": {\"log\": false, \"step\": 1, \"low\": 5, \"high\": 20}}"}
{"op_code":5,"worker_id":"e7d69756-1d2d-4cff-9d83-5e389e33b2a4-140164324837184","trial_id":68,"param_name":"min_samples_leaf","param_value_internal":5.0,"distribution":"{\"name\": \"IntDistribution\", \"attributes\": {\"log\": false, \"step\": 1, \"low\": 5, \"high\": 20}}"}
{"op_code":6,"worker_id":"219f253e-795d-4694-9b84-682209443e44-140090333984576","trial_id":66,"state":1,"values":[0.6228614034584612],"datetime_complete":"2026-03-31T00:06:56.192855"}
{"op_code":4,"worker_id":"219f253e-795d-4694-9b84-682209443e44-140090333984576","study_id":0,"datetime_start":"2026-03-31T00:06:56.229277"}
{"op_code":5,"worker_id":"219f253e-795d-4694-9b84-682209443e44-140090333984576","trial_id":69,"param_name":"n_estimators","param_value_internal":92.0,"distribution":"{\"name\": \"IntDistribution\", \"attributes\": {\"log\": false, \"step\": 1, \"low\": 50, \"high\": 200}}"}
{"op_code":5,"worker_id":"219f253e-795d-4694-9b84-682209443e44-140090333984576","trial_id":69,"param_name":"min_samples_split","param_value_internal":9.0,"distribution":"{\"name\": \"IntDistribution\", \"attributes\": {\"log\": false, \"step\": 1, \"low\": 5, \"high\": 20}}"}
{"op_code":5,"worker_id":"219f253e-795d-4694-9b84-682209443e44-140090333984576","trial_id":69,"param_name":"min_samples_leaf","param_value_internal":11.0,"distribution":"{\"name\": \"IntDistribution\", \"attributes\": {\"log\": false, \"step\": 1, \"low\": 5, \"high\": 20}}"}
{"op_code":6,"worker_id":"219f253e-795d-4694-9b84-682209443e44-140090333984576","trial_id":69,"state":1,"values":[0.6213633104872244],"datetime_complete":"2026-03-31T00:07:07.215651"}
{"op_code":4,"worker_id":"219f253e-795d-4694-9b84-682209443e44-140090333984576","study_id":0,"datetime_start":"2026-03-31T00:07:07.232681"}
{"op_code":5,"worker_id":"219f253e-795d-4694-9b84-682209443e44-140090333984576","trial_id":70,"param_name":"n_estimators","param_value_internal":97.0,"distribution":"{\"name\": \"IntDistribution\", \"attributes\": {\"log\": false, \"step\": 1, \"low\": 50, \"high\": 200}}"}
{"op_code":5,"worker_id":"219f253e-795d-4694-9b84-682209443e44-140090333984576","trial_id":70,"param_name":"min_samples_split","param_value_internal":8.0,"distribution":"{\"name\": \"IntDistribution\", \"attributes\": {\"log\": false, \"step\": 1, \"low\": 5, \"high\": 20}}"}
{"op_code":5,"worker_id":"219f253e-795d-4694-9b84-682209443e44-140090333984576","trial_id":70,"param_name":"min_samples_leaf","param_value_internal":5.0,"distribution":"{\"name\": \"IntDistribution\", \"attributes\": {\"log\": false, \"step\": 1, \"low\": 5, \"high\": 20}}"}
{"op_code":6,"worker_id":"e7d69756-1d2d-4cff-9d83-5e389e33b2a4-140164324837184","trial_id":68,"state":1,"values":[0.6228614034584612],"datetime_complete":"2026-03-31T00:07:09.179709"}
{"op_code":4,"worker_id":"e7d69756-1d2d-4cff-9d83-5e389e33b2a4-140164324837184","study_id":0,"datetime_start":"2026-03-31T00:07:09.218746"}
{"op_code":5,"worker_id":"e7d69756-1d2d-4cff-9d83-5e389e33b2a4-140164324837184","trial_id":71,"param_name":"n_estimators","param_value_internal":78.0,"distribution":"{\"name\": \"IntDistribution\", \"attributes\": {\"log\": false, \"step\": 1, \"low\": 50, \"high\": 200}}"}
{"op_code":5,"worker_id":"e7d69756-1d2d-4cff-9d83-5e389e33b2a4-140164324837184","trial_id":71,"param_name":"min_samples_split","param_value_internal":8.0,"distribution":"{\"name\": \"IntDistribution\", \"attributes\": {\"log\": false, \"step\": 1, \"low\": 5, \"high\": 20}}"}
{"op_code":5,"worker_id":"e7d69756-1d2d-4cff-9d83-5e389e33b2a4-140164324837184","trial_id":71,"param_name":"min_samples_leaf","param_value_internal":6.0,"distribution":"{\"name\": \"IntDistribution\", \"attributes\": {\"log\": false, \"step\": 1, \"low\": 5, \"high\": 20}}"}
{"op_code":6,"worker_id":"e7d69756-1d2d-4cff-9d83-5e389e33b2a4-140164324837184","trial_id":71,"state":1,"values":[0.623579478649881],"datetime_complete":"2026-03-31T00:07:20.261588"}
{"op_code":4,"worker_id":"e7d69756-1d2d-4cff-9d83-5e389e33b2a4-140164324837184","study_id":0,"datetime_start":"2026-03-31T00:07:20.359247"}
{"op_code":5,"worker_id":"e7d69756-1d2d-4cff-9d83-5e389e33b2a4-140164324837184","trial_id":72,"param_name":"n_estimators","param_value_internal":111.0,"distribution":"{\"name\": \"IntDistribution\", \"attributes\": {\"log\": false, \"step\": 1, \"low\": 50, \"high\": 200}}"}
{"op_code":5,"worker_id":"e7d69756-1d2d-4cff-9d83-5e389e33b2a4-140164324837184","trial_id":72,"param_name":"min_samples_split","param_value_internal":7.0,"distribution":"{\"name\": \"IntDistribution\", \"attributes\": {\"log\": false, \"step\": 1, \"low\": 5, \"high\": 20}}"}
{"op_code":5,"worker_id":"e7d69756-1d2d-4cff-9d83-5e389e33b2a4-140164324837184","trial_id":72,"param_name":"min_samples_leaf","param_value_internal":6.0,"distribution":"{\"name\": \"IntDistribution\", \"attributes\": {\"log\": false, \"step\": 1, \"low\": 5, \"high\": 20}}"}
{"op_code":6,"worker_id":"219f253e-795d-4694-9b84-682209443e44-140090333984576","trial_id":70,"state":1,"values":[0.6227868429353904],"datetime_complete":"2026-03-31T00:07:22.887575"}
{"op_code":4,"worker_id":"219f253e-795d-4694-9b84-682209443e44-140090333984576","study_id":0,"datetime_start":"2026-03-31T00:07:22.917696"}
{"op_code":5,"worker_id":"219f253e-795d-4694-9b84-682209443e44-140090333984576","trial_id":73,"param_name":"n_estimators","param_value_internal":111.0,"distribution":"{\"name\": \"IntDistribution\", \"attributes\": {\"log\": false, \"step\": 1, \"low\": 50, \"high\": 200}}"}
{"op_code":5,"worker_id":"219f253e-795d-4694-9b84-682209443e44-140090333984576","trial_id":73,"param_name":"min_samples_split","param_value_internal":7.0,"distribution":"{\"name\": \"IntDistribution\", \"attributes\": {\"log\": false, \"step\": 1, \"low\": 5, \"high\": 20}}"}
{"op_code":5,"worker_id":"219f253e-795d-4694-9b84-682209443e44-140090333984576","trial_id":73,"param_name":"min_samples_leaf","param_value_internal":6.0,"distribution":"{\"name\": \"IntDistribution\", \"attributes\": {\"log\": false, \"step\": 1, \"low\": 5, \"high\": 20}}"}
{"op_code":6,"worker_id":"e7d69756-1d2d-4cff-9d83-5e389e33b2a4-140164324837184","trial_id":72,"state":1,"values":[0.6247609761693097],"datetime_complete":"2026-03-31T00:07:36.225650"}
{"op_code":4,"worker_id":"e7d69756-1d2d-4cff-9d83-5e389e33b2a4-140164324837184","study_id":0,"datetime_start":"2026-03-31T00:07:36.245387"}
{"op_code":5,"worker_id":"e7d69756-1d2d-4cff-9d83-5e389e33b2a4-140164324837184","trial_id":74,"param_name":"n_estimators","param_value_internal":127.0,"distribution":"{\"name\": \"IntDistribution\", \"attributes\": {\"log\": false, \"step\": 1, \"low\": 50, \"high\": 200}}"}
{"op_code":5,"worker_id":"e7d69756-1d2d-4cff-9d83-5e389e33b2a4-140164324837184","trial_id":74,"param_name":"min_samples_split","param_value_internal":5.0,"distribution":"{\"name\": \"IntDistribution\", \"attributes\": {\"log\": false, \"step\": 1, \"low\": 5, \"high\": 20}}"}
{"op_code":5,"worker_id":"e7d69756-1d2d-4cff-9d83-5e389e33b2a4-140164324837184","trial_id":74,"param_name":"min_samples_leaf","param_value_internal":19.0,"distribution":"{\"name\": \"IntDistribution\", \"attributes\": {\"log\": false, \"step\": 1, \"low\": 5, \"high\": 20}}"}
{"op_code":6,"worker_id":"219f253e-795d-4694-9b84-682209443e44-140090333984576","trial_id":73,"state":1,"values":[0.6247609761693097],"datetime_complete":"2026-03-31T00:07:39.001444"}
{"op_code":4,"worker_id":"219f253e-795d-4694-9b84-682209443e44-140090333984576","study_id":0,"datetime_start":"2026-03-31T00:07:39.056438"}
{"op_code":5,"worker_id":"219f253e-795d-4694-9b84-682209443e44-140090333984576","trial_id":75,"param_name":"n_estimators","param_value_internal":140.0,"distribution":"{\"name\": \"IntDistribution\", \"attributes\": {\"log\": false, \"step\": 1, \"low\": 50, \"high\": 200}}"}
{"op_code":5,"worker_id":"219f253e-795d-4694-9b84-682209443e44-140090333984576","trial_id":75,"param_name":"min_samples_split","param_value_internal":5.0,"distribution":"{\"name\": \"IntDistribution\", \"attributes\": {\"log\": false, \"step\": 1, \"low\": 5, \"high\": 20}}"}
{"op_code":5,"worker_id":"219f253e-795d-4694-9b84-682209443e44-140090333984576","trial_id":75,"param_name":"min_samples_leaf","param_value_internal":7.0,"distribution":"{\"name\": \"IntDistribution\", \"attributes\": {\"log\": false, \"step\": 1, \"low\": 5, \"high\": 20}}"}
{"op_code":6,"worker_id":"e7d69756-1d2d-4cff-9d83-5e389e33b2a4-140164324837184","trial_id":74,"state":1,"values":[0.6197252731496086],"datetime_complete":"2026-03-31T00:07:48.560934"}
{"op_code":4,"worker_id":"e7d69756-1d2d-4cff-9d83-5e389e33b2a4-140164324837184","study_id":0,"datetime_start":"2026-03-31T00:07:48.578880"}
{"op_code":5,"worker_id":"e7d69756-1d2d-4cff-9d83-5e389e33b2a4-140164324837184","trial_id":76,"param_name":"n_estimators","param_value_internal":122.0,"distribution":"{\"name\": \"IntDistribution\", \"attributes\": {\"log\": false, \"step\": 1, \"low\": 50, \"high\": 200}}"}
{"op_code":5,"worker_id":"e7d69756-1d2d-4cff-9d83-5e389e33b2a4-140164324837184","trial_id":76,"param_name":"min_samples_split","param_value_internal":6.0,"distribution":"{\"name\": \"IntDistribution\", \"attributes\": {\"log\": false, \"step\": 1, \"low\": 5, \"high\": 20}}"}
{"op_code":5,"worker_id":"e7d69756-1d2d-4cff-9d83-5e389e33b2a4-140164324837184","trial_id":76,"param_name":"min_samples_leaf","param_value_internal":7.0,"distribution":"{\"name\": \"IntDistribution\", \"attributes\": {\"log\": false, \"step\": 1, \"low\": 5, \"high\": 20}}"}
{"op_code":6,"worker_id":"219f253e-795d-4694-9b84-682209443e44-140090333984576","trial_id":75,"state":1,"values":[0.6237549826503398],"datetime_complete":"2026-03-31T00:07:58.449221"}
{"op_code":4,"worker_id":"219f253e-795d-4694-9b84-682209443e44-140090333984576","study_id":0,"datetime_start":"2026-03-31T00:07:58.471937"}
{"op_code":5,"worker_id":"219f253e-795d-4694-9b84-682209443e44-140090333984576","trial_id":77,"param_name":"n_estimators","param_value_internal":122.0,"distribution":"{\"name\": \"IntDistribution\", \"attributes\": {\"log\": false, \"step\": 1, \"low\": 50, \"high\": 200}}"}
{"op_code":5,"worker_id":"219f253e-795d-4694-9b84-682209443e44-140090333984576","trial_id":77,"param_name":"min_samples_split","param_value_internal":6.0,"distribution":"{\"name\": \"IntDistribution\", \"attributes\": {\"log\": false, \"step\": 1, \"low\": 5, \"high\": 20}}"}
{"op_code":5,"worker_id":"219f253e-795d-4694-9b84-682209443e44-140090333984576","trial_id":77,"param_name":"min_samples_leaf","param_value_internal":5.0,"distribution":"{\"name\": \"IntDistribution\", \"attributes\": {\"log\": false, \"step\": 1, \"low\": 5, \"high\": 20}}"}
{"op_code":6,"worker_id":"e7d69756-1d2d-4cff-9d83-5e389e33b2a4-140164324837184","trial_id":76,"state":1,"values":[0.6229485819162054],"datetime_complete":"2026-03-31T00:08:05.532052"}
{"op_code":4,"worker_id":"e7d69756-1d2d-4cff-9d83-5e389e33b2a4-140164324837184","study_id":0,"datetime_start":"2026-03-31T00:08:05.549196"}
{"op_code":5,"worker_id":"e7d69756-1d2d-4cff-9d83-5e389e33b2a4-140164324837184","trial_id":78,"param_name":"n_estimators","param_value_internal":104.0,"distribution":"{\"name\": \"IntDistribution\", \"attributes\": {\"log\": false, \"step\": 1, \"low\": 50, \"high\": 200}}"}
{"op_code":5,"worker_id":"e7d69756-1d2d-4cff-9d83-5e389e33b2a4-140164324837184","trial_id":78,"param_name":"min_samples_split","param_value_internal":6.0,"distribution":"{\"name\": \"IntDistribution\", \"attributes\": {\"log\": false, \"step\": 1, \"low\": 5, \"high\": 20}}"}
{"op_code":5,"worker_id":"e7d69756-1d2d-4cff-9d83-5e389e33b2a4-140164324837184","trial_id":78,"param_name":"min_samples_leaf","param_value_internal":6.0,"distribution":"{\"name\": \"IntDistribution\", \"attributes\": {\"log\": false, \"step\": 1, \"low\": 5, \"high\": 20}}"}
{"op_code":6,"worker_id":"219f253e-795d-4694-9b84-682209443e44-140090333984576","trial_id":77,"state":1,"values":[0.6241094319061684],"datetime_complete":"2026-03-31T00:08:18.279548"}
{"op_code":4,"worker_id":"219f253e-795d-4694-9b84-682209443e44-140090333984576","study_id":0,"datetime_start":"2026-03-31T00:08:18.305958"}
{"op_code":5,"worker_id":"219f253e-795d-4694-9b84-682209443e44-140090333984576","trial_id":79,"param_name":"n_estimators","param_value_internal":104.0,"distribution":"{\"name\": \"IntDistribution\", \"attributes\": {\"log\": false, \"step\": 1, \"low\": 50, \"high\": 200}}"}
{"op_code":5,"worker_id":"219f253e-795d-4694-9b84-682209443e44-140090333984576","trial_id":79,"param_name":"min_samples_split","param_value_internal":7.0,"distribution":"{\"name\": \"IntDistribution\", \"attributes\": {\"log\": false, \"step\": 1, \"low\": 5, \"high\": 20}}"}
{"op_code":5,"worker_id":"219f253e-795d-4694-9b84-682209443e44-140090333984576","trial_id":79,"param_name":"min_samples_leaf","param_value_internal":6.0,"distribution":"{\"name\": \"IntDistribution\", \"attributes\": {\"log\": false, \"step\": 1, \"low\": 5, \"high\": 20}}"}
{"op_code":6,"worker_id":"e7d69756-1d2d-4cff-9d83-5e389e33b2a4-140164324837184","trial_id":78,"state":1,"values":[0.6248275070975883],"datetime_complete":"2026-03-31T00:08:20.678895"}
{"op_code":6,"worker_id":"219f253e-795d-4694-9b84-682209443e44-140090333984576","trial_id":79,"state":1,"values":[0.6248275070975883],"datetime_complete":"2026-03-31T00:08:33.418455"}
{"op_code":0,"worker_id":"bce08094-b76f-4f78-b74c-d824764cba25-140568750122816","study_name":"rsf_tuning","directions":[2]}
{"op_code":4,"worker_id":"bce08094-b76f-4f78-b74c-d824764cba25-140568750122816","study_id":0,"datetime_start":"2026-03-31T14:03:57.295655"}
{"op_code":5,"worker_id":"bce08094-b76f-4f78-b74c-d824764cba25-140568750122816","trial_id":80,"param_name":"n_estimators","param_value_internal":131.0,"distribution":"{\"name\": \"IntDistribution\", \"attributes\": {\"log\": false, \"step\": 1, \"low\": 50, \"high\": 200}}"}
{"op_code":5,"worker_id":"bce08094-b76f-4f78-b74c-d824764cba25-140568750122816","trial_id":80,"param_name":"min_samples_split","param_value_internal":7.0,"distribution":"{\"name\": \"IntDistribution\", \"attributes\": {\"log\": false, \"step\": 1, \"low\": 5, \"high\": 20}}"}
{"op_code":5,"worker_id":"bce08094-b76f-4f78-b74c-d824764cba25-140568750122816","trial_id":80,"param_name":"min_samples_leaf","param_value_internal":8.0,"distribution":"{\"name\": \"IntDistribution\", \"attributes\": {\"log\": false, \"step\": 1, \"low\": 5, \"high\": 20}}"}
{"op_code":6,"worker_id":"bce08094-b76f-4f78-b74c-d824764cba25-140568750122816","trial_id":80,"state":1,"values":[0.6208425339106994],"datetime_complete":"2026-03-31T14:04:15.712862"}
{"op_code":4,"worker_id":"bce08094-b76f-4f78-b74c-d824764cba25-140568750122816","study_id":0,"datetime_start":"2026-03-31T14:04:15.732819"}
{"op_code":5,"worker_id":"bce08094-b76f-4f78-b74c-d824764cba25-140568750122816","trial_id":81,"param_name":"n_estimators","param_value_internal":109.0,"distribution":"{\"name\": \"IntDistribution\", \"attributes\": {\"log\": false, \"step\": 1, \"low\": 50, \"high\": 200}}"}
{"op_code":5,"worker_id":"bce08094-b76f-4f78-b74c-d824764cba25-140568750122816","trial_id":81,"param_name":"min_samples_split","param_value_internal":7.0,"distribution":"{\"name\": \"IntDistribution\", \"attributes\": {\"log\": false, \"step\": 1, \"low\": 5, \"high\": 20}}"}
{"op_code":5,"worker_id":"bce08094-b76f-4f78-b74c-d824764cba25-140568750122816","trial_id":81,"param_name":"min_samples_leaf","param_value_internal":5.0,"distribution":"{\"name\": \"IntDistribution\", \"attributes\": {\"log\": false, \"step\": 1, \"low\": 5, \"high\": 20}}"}
{"op_code":6,"worker_id":"bce08094-b76f-4f78-b74c-d824764cba25-140568750122816","trial_id":81,"state":1,"values":[0.6230024949098104],"datetime_complete":"2026-03-31T14:04:33.790813"}
{"op_code":4,"worker_id":"bce08094-b76f-4f78-b74c-d824764cba25-140568750122816","study_id":0,"datetime_start":"2026-03-31T14:04:33.811521"}
{"op_code":5,"worker_id":"bce08094-b76f-4f78-b74c-d824764cba25-140568750122816","trial_id":82,"param_name":"n_estimators","param_value_internal":115.0,"distribution":"{\"name\": \"IntDistribution\", \"attributes\": {\"log\": false, \"step\": 1, \"low\": 50, \"high\": 200}}"}
{"op_code":5,"worker_id":"bce08094-b76f-4f78-b74c-d824764cba25-140568750122816","trial_id":82,"param_name":"min_samples_split","param_value_internal":8.0,"distribution":"{\"name\": \"IntDistribution\", \"attributes\": {\"log\": false, \"step\": 1, \"low\": 5, \"high\": 20}}"}
{"op_code":5,"worker_id":"bce08094-b76f-4f78-b74c-d824764cba25-140568750122816","trial_id":82,"param_name":"min_samples_leaf","param_value_internal":6.0,"distribution":"{\"name\": \"IntDistribution\", \"attributes\": {\"log\": false, \"step\": 1, \"low\": 5, \"high\": 20}}"}
{"op_code":6,"worker_id":"bce08094-b76f-4f78-b74c-d824764cba25-140568750122816","trial_id":82,"state":1,"values":[0.6251601617389808],"datetime_complete":"2026-03-31T14:04:50.772292"}
{"op_code":4,"worker_id":"bce08094-b76f-4f78-b74c-d824764cba25-140568750122816","study_id":0,"datetime_start":"2026-03-31T14:04:50.790471"}
{"op_code":5,"worker_id":"bce08094-b76f-4f78-b74c-d824764cba25-140568750122816","trial_id":83,"param_name":"n_estimators","param_value_internal":118.0,"distribution":"{\"name\": \"IntDistribution\", \"attributes\": {\"log\": false, \"step\": 1, \"low\": 50, \"high\": 200}}"}
{"op_code":5,"worker_id":"bce08094-b76f-4f78-b74c-d824764cba25-140568750122816","trial_id":83,"param_name":"min_samples_split","param_value_internal":8.0,"distribution":"{\"name\": \"IntDistribution\", \"attributes\": {\"log\": false, \"step\": 1, \"low\": 5, \"high\": 20}}"}
{"op_code":5,"worker_id":"bce08094-b76f-4f78-b74c-d824764cba25-140568750122816","trial_id":83,"param_name":"min_samples_leaf","param_value_internal":7.0,"distribution":"{\"name\": \"IntDistribution\", \"attributes\": {\"log\": false, \"step\": 1, \"low\": 5, \"high\": 20}}"}
{"op_code":6,"worker_id":"bce08094-b76f-4f78-b74c-d824764cba25-140568750122816","trial_id":83,"state":1,"values":[0.6229061397723036],"datetime_complete":"2026-03-31T14:05:07.299557"}
{"op_code":4,"worker_id":"bce08094-b76f-4f78-b74c-d824764cba25-140568750122816","study_id":0,"datetime_start":"2026-03-31T14:05:07.318582"}
{"op_code":5,"worker_id":"bce08094-b76f-4f78-b74c-d824764cba25-140568750122816","trial_id":84,"param_name":"n_estimators","param_value_internal":125.0,"distribution":"{\"name\": \"IntDistribution\", \"attributes\": {\"log\": false, \"step\": 1, \"low\": 50, \"high\": 200}}"}
{"op_code":5,"worker_id":"bce08094-b76f-4f78-b74c-d824764cba25-140568750122816","trial_id":84,"param_name":"min_samples_split","param_value_internal":8.0,"distribution":"{\"name\": \"IntDistribution\", \"attributes\": {\"log\": false, \"step\": 1, \"low\": 5, \"high\": 20}}"}
{"op_code":5,"worker_id":"bce08094-b76f-4f78-b74c-d824764cba25-140568750122816","trial_id":84,"param_name":"min_samples_leaf","param_value_internal":5.0,"distribution":"{\"name\": \"IntDistribution\", \"attributes\": {\"log\": false, \"step\": 1, \"low\": 5, \"high\": 20}}"}
{"op_code":6,"worker_id":"bce08094-b76f-4f78-b74c-d824764cba25-140568750122816","trial_id":84,"state":1,"values":[0.6234773880875226],"datetime_complete":"2026-03-31T14:05:27.675886"}
{"op_code":4,"worker_id":"bce08094-b76f-4f78-b74c-d824764cba25-140568750122816","study_id":0,"datetime_start":"2026-03-31T14:05:27.702025"}
{"op_code":5,"worker_id":"bce08094-b76f-4f78-b74c-d824764cba25-140568750122816","trial_id":85,"param_name":"n_estimators","param_value_internal":115.0,"distribution":"{\"name\": \"IntDistribution\", \"attributes\": {\"log\": false, \"step\": 1, \"low\": 50, \"high\": 200}}"}
{"op_code":5,"worker_id":"bce08094-b76f-4f78-b74c-d824764cba25-140568750122816","trial_id":85,"param_name":"min_samples_split","param_value_internal":6.0,"distribution":"{\"name\": \"IntDistribution\", \"attributes\": {\"log\": false, \"step\": 1, \"low\": 5, \"high\": 20}}"}
{"op_code":5,"worker_id":"bce08094-b76f-4f78-b74c-d824764cba25-140568750122816","trial_id":85,"param_name":"min_samples_leaf","param_value_internal":6.0,"distribution":"{\"name\": \"IntDistribution\", \"attributes\": {\"log\": false, \"step\": 1, \"low\": 5, \"high\": 20}}"}
{"op_code":6,"worker_id":"bce08094-b76f-4f78-b74c-d824764cba25-140568750122816","trial_id":85,"state":1,"values":[0.6251601617389808],"datetime_complete":"2026-03-31T14:05:44.100971"}
{"op_code":4,"worker_id":"bce08094-b76f-4f78-b74c-d824764cba25-140568750122816","study_id":0,"datetime_start":"2026-03-31T14:05:44.119894"}
{"op_code":5,"worker_id":"bce08094-b76f-4f78-b74c-d824764cba25-140568750122816","trial_id":86,"param_name":"n_estimators","param_value_internal":117.0,"distribution":"{\"name\": \"IntDistribution\", \"attributes\": {\"log\": false, \"step\": 1, \"low\": 50, \"high\": 200}}"}
{"op_code":5,"worker_id":"bce08094-b76f-4f78-b74c-d824764cba25-140568750122816","trial_id":86,"param_name":"min_samples_split","param_value_internal":6.0,"distribution":"{\"name\": \"IntDistribution\", \"attributes\": {\"log\": false, \"step\": 1, \"low\": 5, \"high\": 20}}"}
{"op_code":5,"worker_id":"bce08094-b76f-4f78-b74c-d824764cba25-140568750122816","trial_id":86,"param_name":"min_samples_leaf","param_value_internal":5.0,"distribution":"{\"name\": \"IntDistribution\", \"attributes\": {\"log\": false, \"step\": 1, \"low\": 5, \"high\": 20}}"}
{"op_code":6,"worker_id":"bce08094-b76f-4f78-b74c-d824764cba25-140568750122816","trial_id":86,"state":1,"values":[0.6238364256832325],"datetime_complete":"2026-03-31T14:06:03.421201"}
{"op_code":4,"worker_id":"bce08094-b76f-4f78-b74c-d824764cba25-140568750122816","study_id":0,"datetime_start":"2026-03-31T14:06:03.433154"}
{"op_code":5,"worker_id":"bce08094-b76f-4f78-b74c-d824764cba25-140568750122816","trial_id":87,"param_name":"n_estimators","param_value_internal":58.0,"distribution":"{\"name\": \"IntDistribution\", \"attributes\": {\"log\": false, \"step\": 1, \"low\": 50, \"high\": 200}}"}
{"op_code":5,"worker_id":"bce08094-b76f-4f78-b74c-d824764cba25-140568750122816","trial_id":87,"param_name":"min_samples_split","param_value_internal":5.0,"distribution":"{\"name\": \"IntDistribution\", \"attributes\": {\"log\": false, \"step\": 1, \"low\": 5, \"high\": 20}}"}
{"op_code":5,"worker_id":"bce08094-b76f-4f78-b74c-d824764cba25-140568750122816","trial_id":87,"param_name":"min_samples_leaf","param_value_internal":6.0,"distribution":"{\"name\": \"IntDistribution\", \"attributes\": {\"log\": false, \"step\": 1, \"low\": 5, \"high\": 20}}"}
{"op_code":6,"worker_id":"bce08094-b76f-4f78-b74c-d824764cba25-140568750122816","trial_id":87,"state":1,"values":[0.6239362220756502],"datetime_complete":"2026-03-31T14:06:11.831805"}
{"op_code":4,"worker_id":"bce08094-b76f-4f78-b74c-d824764cba25-140568750122816","study_id":0,"datetime_start":"2026-03-31T14:06:11.857374"}
{"op_code":5,"worker_id":"bce08094-b76f-4f78-b74c-d824764cba25-140568750122816","trial_id":88,"param_name":"n_estimators","param_value_internal":107.0,"distribution":"{\"name\": \"IntDistribution\", \"attributes\": {\"log\": false, \"step\": 1, \"low\": 50, \"high\": 200}}"}
{"op_code":5,"worker_id":"bce08094-b76f-4f78-b74c-d824764cba25-140568750122816","trial_id":88,"param_name":"min_samples_split","param_value_internal":9.0,"distribution":"{\"name\": \"IntDistribution\", \"attributes\": {\"log\": false, \"step\": 1, \"low\": 5, \"high\": 20}}"}
{"op_code":5,"worker_id":"bce08094-b76f-4f78-b74c-d824764cba25-140568750122816","trial_id":88,"param_name":"min_samples_leaf","param_value_internal":7.0,"distribution":"{\"name\": \"IntDistribution\", \"attributes\": {\"log\": false, \"step\": 1, \"low\": 5, \"high\": 20}}"}
{"op_code":6,"worker_id":"bce08094-b76f-4f78-b74c-d824764cba25-140568750122816","trial_id":88,"state":1,"values":[0.6223027730779157],"datetime_complete":"2026-03-31T14:06:26.537266"}
{"op_code":4,"worker_id":"bce08094-b76f-4f78-b74c-d824764cba25-140568750122816","study_id":0,"datetime_start":"2026-03-31T14:06:26.555698"}
{"op_code":5,"worker_id":"bce08094-b76f-4f78-b74c-d824764cba25-140568750122816","trial_id":89,"param_name":"n_estimators","param_value_internal":100.0,"distribution":"{\"name\": \"IntDistribution\", \"attributes\": {\"log\": false, \"step\": 1, \"low\": 50, \"high\": 200}}"}
{"op_code":5,"worker_id":"bce08094-b76f-4f78-b74c-d824764cba25-140568750122816","trial_id":89,"param_name":"min_samples_split","param_value_internal":7.0,"distribution":"{\"name\": \"IntDistribution\", \"attributes\": {\"log\": false, \"step\": 1, \"low\": 5, \"high\": 20}}"}
{"op_code":5,"worker_id":"bce08094-b76f-4f78-b74c-d824764cba25-140568750122816","trial_id":89,"param_name":"min_samples_leaf","param_value_internal":6.0,"distribution":"{\"name\": \"IntDistribution\", \"attributes\": {\"log\": false, \"step\": 1, \"low\": 5, \"high\": 20}}"}
{"op_code":6,"worker_id":"bce08094-b76f-4f78-b74c-d824764cba25-140568750122816","trial_id":89,"state":1,"values":[0.624769005764102],"datetime_complete":"2026-03-31T14:06:40.772301"}
{"op_code":4,"worker_id":"bce08094-b76f-4f78-b74c-d824764cba25-140568750122816","study_id":0,"datetime_start":"2026-03-31T14:06:40.786414"}
{"op_code":5,"worker_id":"bce08094-b76f-4f78-b74c-d824764cba25-140568750122816","trial_id":90,"param_name":"n_estimators","param_value_internal":130.0,"distribution":"{\"name\": \"IntDistribution\", \"attributes\": {\"log\": false, \"step\": 1, \"low\": 50, \"high\": 200}}"}
{"op_code":5,"worker_id":"bce08094-b76f-4f78-b74c-d824764cba25-140568750122816","trial_id":90,"param_name":"min_samples_split","param_value_internal":6.0,"distribution":"{\"name\": \"IntDistribution\", \"attributes\": {\"log\": false, \"step\": 1, \"low\": 5, \"high\": 20}}"}
{"op_code":5,"worker_id":"bce08094-b76f-4f78-b74c-d824764cba25-140568750122816","trial_id":90,"param_name":"min_samples_leaf","param_value_internal":16.0,"distribution":"{\"name\": \"IntDistribution\", \"attributes\": {\"log\": false, \"step\": 1, \"low\": 5, \"high\": 20}}"}
{"op_code":6,"worker_id":"bce08094-b76f-4f78-b74c-d824764cba25-140568750122816","trial_id":90,"state":1,"values":[0.6192113790829056],"datetime_complete":"2026-03-31T14:06:53.860587"}
{"op_code":4,"worker_id":"bce08094-b76f-4f78-b74c-d824764cba25-140568750122816","study_id":0,"datetime_start":"2026-03-31T14:06:53.888501"}
{"op_code":5,"worker_id":"bce08094-b76f-4f78-b74c-d824764cba25-140568750122816","trial_id":91,"param_name":"n_estimators","param_value_internal":114.0,"distribution":"{\"name\": \"IntDistribution\", \"attributes\": {\"log\": false, \"step\": 1, \"low\": 50, \"high\": 200}}"}
{"op_code":5,"worker_id":"bce08094-b76f-4f78-b74c-d824764cba25-140568750122816","trial_id":91,"param_name":"min_samples_split","param_value_internal":7.0,"distribution":"{\"name\": \"IntDistribution\", \"attributes\": {\"log\": false, \"step\": 1, \"low\": 5, \"high\": 20}}"}
{"op_code":5,"worker_id":"bce08094-b76f-4f78-b74c-d824764cba25-140568750122816","trial_id":91,"param_name":"min_samples_leaf","param_value_internal":6.0,"distribution":"{\"name\": \"IntDistribution\", \"attributes\": {\"log\": false, \"step\": 1, \"low\": 5, \"high\": 20}}"}
{"op_code":6,"worker_id":"bce08094-b76f-4f78-b74c-d824764cba25-140568750122816","trial_id":91,"state":1,"values":[0.6251005133205242],"datetime_complete":"2026-03-31T14:07:10.124007"}
{"op_code":4,"worker_id":"bce08094-b76f-4f78-b74c-d824764cba25-140568750122816","study_id":0,"datetime_start":"2026-03-31T14:07:10.155881"}
{"op_code":5,"worker_id":"bce08094-b76f-4f78-b74c-d824764cba25-140568750122816","trial_id":92,"param_name":"n_estimators","param_value_internal":113.0,"distribution":"{\"name\": \"IntDistribution\", \"attributes\": {\"log\": false, \"step\": 1, \"low\": 50, \"high\": 200}}"}
{"op_code":5,"worker_id":"bce08094-b76f-4f78-b74c-d824764cba25-140568750122816","trial_id":92,"param_name":"min_samples_split","param_value_internal":8.0,"distribution":"{\"name\": \"IntDistribution\", \"attributes\": {\"log\": false, \"step\": 1, \"low\": 5, \"high\": 20}}"}
{"op_code":5,"worker_id":"bce08094-b76f-4f78-b74c-d824764cba25-140568750122816","trial_id":92,"param_name":"min_samples_leaf","param_value_internal":5.0,"distribution":"{\"name\": \"IntDistribution\", \"attributes\": {\"log\": false, \"step\": 1, \"low\": 5, \"high\": 20}}"}
{"op_code":6,"worker_id":"bce08094-b76f-4f78-b74c-d824764cba25-140568750122816","trial_id":92,"state":1,"values":[0.6237997189641823],"datetime_complete":"2026-03-31T14:07:28.521487"}
{"op_code":4,"worker_id":"bce08094-b76f-4f78-b74c-d824764cba25-140568750122816","study_id":0,"datetime_start":"2026-03-31T14:07:28.545843"}
{"op_code":5,"worker_id":"bce08094-b76f-4f78-b74c-d824764cba25-140568750122816","trial_id":93,"param_name":"n_estimators","param_value_internal":119.0,"distribution":"{\"name\": \"IntDistribution\", \"attributes\": {\"log\": false, \"step\": 1, \"low\": 50, \"high\": 200}}"}
{"op_code":5,"worker_id":"bce08094-b76f-4f78-b74c-d824764cba25-140568750122816","trial_id":93,"param_name":"min_samples_split","param_value_internal":7.0,"distribution":"{\"name\": \"IntDistribution\", \"attributes\": {\"log\": false, \"step\": 1, \"low\": 5, \"high\": 20}}"}
{"op_code":5,"worker_id":"bce08094-b76f-4f78-b74c-d824764cba25-140568750122816","trial_id":93,"param_name":"min_samples_leaf","param_value_internal":7.0,"distribution":"{\"name\": \"IntDistribution\", \"attributes\": {\"log\": false, \"step\": 1, \"low\": 5, \"high\": 20}}"}
{"op_code":6,"worker_id":"bce08094-b76f-4f78-b74c-d824764cba25-140568750122816","trial_id":93,"state":1,"values":[0.6230128186745433],"datetime_complete":"2026-03-31T14:07:44.877243"}
{"op_code":4,"worker_id":"bce08094-b76f-4f78-b74c-d824764cba25-140568750122816","study_id":0,"datetime_start":"2026-03-31T14:07:44.902294"}
{"op_code":5,"worker_id":"bce08094-b76f-4f78-b74c-d824764cba25-140568750122816","trial_id":94,"param_name":"n_estimators","param_value_internal":136.0,"distribution":"{\"name\": \"IntDistribution\", \"attributes\": {\"log\": false, \"step\": 1, \"low\": 50, \"high\": 200}}"}
{"op_code":5,"worker_id":"bce08094-b76f-4f78-b74c-d824764cba25-140568750122816","trial_id":94,"param_name":"min_samples_split","param_value_internal":6.0,"distribution":"{\"name\": \"IntDistribution\", \"attributes\": {\"log\": false, \"step\": 1, \"low\": 5, \"high\": 20}}"}
{"op_code":5,"worker_id":"bce08094-b76f-4f78-b74c-d824764cba25-140568750122816","trial_id":94,"param_name":"min_samples_leaf","param_value_internal":6.0,"distribution":"{\"name\": \"IntDistribution\", \"attributes\": {\"log\": false, \"step\": 1, \"low\": 5, \"high\": 20}}"}
{"op_code":6,"worker_id":"bce08094-b76f-4f78-b74c-d824764cba25-140568750122816","trial_id":94,"state":1,"values":[0.6256052307074647],"datetime_complete":"2026-03-31T14:08:04.438823"}
{"op_code":4,"worker_id":"bce08094-b76f-4f78-b74c-d824764cba25-140568750122816","study_id":0,"datetime_start":"2026-03-31T14:08:04.462801"}
{"op_code":5,"worker_id":"bce08094-b76f-4f78-b74c-d824764cba25-140568750122816","trial_id":95,"param_name":"n_estimators","param_value_internal":134.0,"distribution":"{\"name\": \"IntDistribution\", \"attributes\": {\"log\": false, \"step\": 1, \"low\": 50, \"high\": 200}}"}
{"op_code":5,"worker_id":"bce08094-b76f-4f78-b74c-d824764cba25-140568750122816","trial_id":95,"param_name":"min_samples_split","param_value_internal":5.0,"distribution":"{\"name\": \"IntDistribution\", \"attributes\": {\"log\": false, \"step\": 1, \"low\": 5, \"high\": 20}}"}
{"op_code":5,"worker_id":"bce08094-b76f-4f78-b74c-d824764cba25-140568750122816","trial_id":95,"param_name":"min_samples_leaf","param_value_internal":8.0,"distribution":"{\"name\": \"IntDistribution\", \"attributes\": {\"log\": false, \"step\": 1, \"low\": 5, \"high\": 20}}"}
{"op_code":6,"worker_id":"bce08094-b76f-4f78-b74c-d824764cba25-140568750122816","trial_id":95,"state":1,"values":[0.6208000917667976],"datetime_complete":"2026-03-31T14:08:22.445977"}
{"op_code":4,"worker_id":"bce08094-b76f-4f78-b74c-d824764cba25-140568750122816","study_id":0,"datetime_start":"2026-03-31T14:08:22.465785"}
{"op_code":5,"worker_id":"bce08094-b76f-4f78-b74c-d824764cba25-140568750122816","trial_id":96,"param_name":"n_estimators","param_value_internal":142.0,"distribution":"{\"name\": \"IntDistribution\", \"attributes\": {\"log\": false, \"step\": 1, \"low\": 50, \"high\": 200}}"}
{"op_code":5,"worker_id":"bce08094-b76f-4f78-b74c-d824764cba25-140568750122816","trial_id":96,"param_name":"min_samples_split","param_value_internal":6.0,"distribution":"{\"name\": \"IntDistribution\", \"attributes\": {\"log\": false, \"step\": 1, \"low\": 5, \"high\": 20}}"}
{"op_code":5,"worker_id":"bce08094-b76f-4f78-b74c-d824764cba25-140568750122816","trial_id":96,"param_name":"min_samples_leaf","param_value_internal":5.0,"distribution":"{\"name\": \"IntDistribution\", \"attributes\": {\"log\": false, \"step\": 1, \"low\": 5, \"high\": 20}}"}
{"op_code":6,"worker_id":"bce08094-b76f-4f78-b74c-d824764cba25-140568750122816","trial_id":96,"state":1,"values":[0.6233798858650454],"datetime_complete":"2026-03-31T14:08:45.670642"}
{"op_code":4,"worker_id":"bce08094-b76f-4f78-b74c-d824764cba25-140568750122816","study_id":0,"datetime_start":"2026-03-31T14:08:45.695882"}
{"op_code":5,"worker_id":"bce08094-b76f-4f78-b74c-d824764cba25-140568750122816","trial_id":97,"param_name":"n_estimators","param_value_internal":136.0,"distribution":"{\"name\": \"IntDistribution\", \"attributes\": {\"log\": false, \"step\": 1, \"low\": 50, \"high\": 200}}"}
{"op_code":5,"worker_id":"bce08094-b76f-4f78-b74c-d824764cba25-140568750122816","trial_id":97,"param_name":"min_samples_split","param_value_internal":6.0,"distribution":"{\"name\": \"IntDistribution\", \"attributes\": {\"log\": false, \"step\": 1, \"low\": 5, \"high\": 20}}"}
{"op_code":5,"worker_id":"bce08094-b76f-4f78-b74c-d824764cba25-140568750122816","trial_id":97,"param_name":"min_samples_leaf","param_value_internal":6.0,"distribution":"{\"name\": \"IntDistribution\", \"attributes\": {\"log\": false, \"step\": 1, \"low\": 5, \"high\": 20}}"}
{"op_code":6,"worker_id":"bce08094-b76f-4f78-b74c-d824764cba25-140568750122816","trial_id":97,"state":1,"values":[0.6256052307074647],"datetime_complete":"2026-03-31T14:09:05.461728"}
{"op_code":4,"worker_id":"bce08094-b76f-4f78-b74c-d824764cba25-140568750122816","study_id":0,"datetime_start":"2026-03-31T14:09:05.486343"}
{"op_code":5,"worker_id":"bce08094-b76f-4f78-b74c-d824764cba25-140568750122816","trial_id":98,"param_name":"n_estimators","param_value_internal":155.0,"distribution":"{\"name\": \"IntDistribution\", \"attributes\": {\"log\": false, \"step\": 1, \"low\": 50, \"high\": 200}}"}
{"op_code":5,"worker_id":"bce08094-b76f-4f78-b74c-d824764cba25-140568750122816","trial_id":98,"param_name":"min_samples_split","param_value_internal":6.0,"distribution":"{\"name\": \"IntDistribution\", \"attributes\": {\"log\": false, \"step\": 1, \"low\": 5, \"high\": 20}}"}
{"op_code":5,"worker_id":"bce08094-b76f-4f78-b74c-d824764cba25-140568750122816","trial_id":98,"param_name":"min_samples_leaf","param_value_internal":6.0,"distribution":"{\"name\": \"IntDistribution\", \"attributes\": {\"log\": false, \"step\": 1, \"low\": 5, \"high\": 20}}"}
{"op_code":6,"worker_id":"bce08094-b76f-4f78-b74c-d824764cba25-140568750122816","trial_id":98,"state":1,"values":[0.6248171833328554],"datetime_complete":"2026-03-31T14:09:28.233590"}
{"op_code":4,"worker_id":"bce08094-b76f-4f78-b74c-d824764cba25-140568750122816","study_id":0,"datetime_start":"2026-03-31T14:09:28.260726"}
{"op_code":5,"worker_id":"bce08094-b76f-4f78-b74c-d824764cba25-140568750122816","trial_id":99,"param_name":"n_estimators","param_value_internal":150.0,"distribution":"{\"name\": \"IntDistribution\", \"attributes\": {\"log\": false, \"step\": 1, \"low\": 50, \"high\": 200}}"}
{"op_code":5,"worker_id":"bce08094-b76f-4f78-b74c-d824764cba25-140568750122816","trial_id":99,"param_name":"min_samples_split","param_value_internal":11.0,"distribution":"{\"name\": \"IntDistribution\", \"attributes\": {\"log\": false, \"step\": 1, \"low\": 5, \"high\": 20}}"}
{"op_code":5,"worker_id":"bce08094-b76f-4f78-b74c-d824764cba25-140568750122816","trial_id":99,"param_name":"min_samples_leaf","param_value_internal":7.0,"distribution":"{\"name\": \"IntDistribution\", \"attributes\": {\"log\": false, \"step\": 1, \"low\": 5, \"high\": 20}}"}
{"op_code":6,"worker_id":"bce08094-b76f-4f78-b74c-d824764cba25-140568750122816","trial_id":99,"state":1,"values":[0.6237045109116458],"datetime_complete":"2026-03-31T14:09:48.833303"}
{"op_code":0,"worker_id":"8afcc3e1-3c79-4f1a-92b8-3b1656cbb973-140287126804288","study_name":"rsf_tuning","directions":[2]}
{"op_code":4,"worker_id":"8afcc3e1-3c79-4f1a-92b8-3b1656cbb973-140287126804288","study_id":0,"datetime_start":"2026-03-31T16:49:23.301381"}
{"op_code":5,"worker_id":"8afcc3e1-3c79-4f1a-92b8-3b1656cbb973-140287126804288","trial_id":100,"param_name":"n_estimators","param_value_internal":136.0,"distribution":"{\"name\": \"IntDistribution\", \"attributes\": {\"log\": false, \"step\": 1, \"low\": 50, \"high\": 200}}"}
{"op_code":5,"worker_id":"8afcc3e1-3c79-4f1a-92b8-3b1656cbb973-140287126804288","trial_id":100,"param_name":"min_samples_split","param_value_internal":5.0,"distribution":"{\"name\": \"IntDistribution\", \"attributes\": {\"log\": false, \"step\": 1, \"low\": 5, \"high\": 20}}"}
{"op_code":5,"worker_id":"8afcc3e1-3c79-4f1a-92b8-3b1656cbb973-140287126804288","trial_id":100,"param_name":"min_samples_leaf","param_value_internal":5.0,"distribution":"{\"name\": \"IntDistribution\", \"attributes\": {\"log\": false, \"step\": 1, \"low\": 5, \"high\": 20}}"}
{"op_code":6,"worker_id":"8afcc3e1-3c79-4f1a-92b8-3b1656cbb973-140287126804288","trial_id":100,"state":1,"values":[0.6231206446617533],"datetime_complete":"2026-03-31T16:49:45.668496"}
{"op_code":4,"worker_id":"8afcc3e1-3c79-4f1a-92b8-3b1656cbb973-140287126804288","study_id":0,"datetime_start":"2026-03-31T16:50:04.229862"}
{"op_code":5,"worker_id":"8afcc3e1-3c79-4f1a-92b8-3b1656cbb973-140287126804288","trial_id":101,"param_name":"n_estimators","param_value_internal":144.0,"distribution":"{\"name\": \"IntDistribution\", \"attributes\": {\"log\": false, \"step\": 1, \"low\": 50, \"high\": 200}}"}
{"op_code":5,"worker_id":"8afcc3e1-3c79-4f1a-92b8-3b1656cbb973-140287126804288","trial_id":101,"param_name":"min_samples_split","param_value_internal":6.0,"distribution":"{\"name\": \"IntDistribution\", \"attributes\": {\"log\": false, \"step\": 1, \"low\": 5, \"high\": 20}}"}
{"op_code":5,"worker_id":"8afcc3e1-3c79-4f1a-92b8-3b1656cbb973-140287126804288","trial_id":101,"param_name":"min_samples_leaf","param_value_internal":6.0,"distribution":"{\"name\": \"IntDistribution\", \"attributes\": {\"log\": false, \"step\": 1, \"low\": 5, \"high\": 20}}"}
{"op_code":6,"worker_id":"8afcc3e1-3c79-4f1a-92b8-3b1656cbb973-140287126804288","trial_id":101,"state":1,"values":[0.6253700782885492],"datetime_complete":"2026-03-31T16:50:33.351840"}
{"op_code":4,"worker_id":"8afcc3e1-3c79-4f1a-92b8-3b1656cbb973-140287126804288","study_id":0,"datetime_start":"2026-03-31T16:50:33.367981"}
{"op_code":5,"worker_id":"8afcc3e1-3c79-4f1a-92b8-3b1656cbb973-140287126804288","trial_id":102,"param_name":"n_estimators","param_value_internal":137.0,"distribution":"{\"name\": \"IntDistribution\", \"attributes\": {\"log\": false, \"step\": 1, \"low\": 50, \"high\": 200}}"}
{"op_code":5,"worker_id":"8afcc3e1-3c79-4f1a-92b8-3b1656cbb973-140287126804288","trial_id":102,"param_name":"min_samples_split","param_value_internal":6.0,"distribution":"{\"name\": \"IntDistribution\", \"attributes\": {\"log\": false, \"step\": 1, \"low\": 5, \"high\": 20}}"}
{"op_code":5,"worker_id":"8afcc3e1-3c79-4f1a-92b8-3b1656cbb973-140287126804288","trial_id":102,"param_name":"min_samples_leaf","param_value_internal":6.0,"distribution":"{\"name\": \"IntDistribution\", \"attributes\": {\"log\": false, \"step\": 1, \"low\": 5, \"high\": 20}}"}
{"op_code":6,"worker_id":"8afcc3e1-3c79-4f1a-92b8-3b1656cbb973-140287126804288","trial_id":102,"state":1,"values":[0.6254756101058185],"datetime_complete":"2026-03-31T16:50:53.331405"}
{"op_code":4,"worker_id":"8afcc3e1-3c79-4f1a-92b8-3b1656cbb973-140287126804288","study_id":0,"datetime_start":"2026-03-31T16:50:53.351361"}
{"op_code":5,"worker_id":"8afcc3e1-3c79-4f1a-92b8-3b1656cbb973-140287126804288","trial_id":103,"param_name":"n_estimators","param_value_internal":138.0,"distribution":"{\"name\": \"IntDistribution\", \"attributes\": {\"log\": false, \"step\": 1, \"low\": 50, \"high\": 200}}"}
{"op_code":5,"worker_id":"8afcc3e1-3c79-4f1a-92b8-3b1656cbb973-140287126804288","trial_id":103,"param_name":"min_samples_split","param_value_internal":5.0,"distribution":"{\"name\": \"IntDistribution\", \"attributes\": {\"log\": false, \"step\": 1, \"low\": 5, \"high\": 20}}"}
{"op_code":5,"worker_id":"8afcc3e1-3c79-4f1a-92b8-3b1656cbb973-140287126804288","trial_id":103,"param_name":"min_samples_leaf","param_value_internal":6.0,"distribution":"{\"name\": \"IntDistribution\", \"attributes\": {\"log\": false, \"step\": 1, \"low\": 5, \"high\": 20}}"}
{"op_code":6,"worker_id":"8afcc3e1-3c79-4f1a-92b8-3b1656cbb973-140287126804288","trial_id":103,"state":1,"values":[0.6252278397522296],"datetime_complete":"2026-03-31T16:51:13.439194"}
{"op_code":4,"worker_id":"8afcc3e1-3c79-4f1a-92b8-3b1656cbb973-140287126804288","study_id":0,"datetime_start":"2026-03-31T16:51:13.459060"}
{"op_code":5,"worker_id":"8afcc3e1-3c79-4f1a-92b8-3b1656cbb973-140287126804288","trial_id":104,"param_name":"n_estimators","param_value_internal":140.0,"distribution":"{\"name\": \"IntDistribution\", \"attributes\": {\"log\": false, \"step\": 1, \"low\": 50, \"high\": 200}}"}
{"op_code":5,"worker_id":"8afcc3e1-3c79-4f1a-92b8-3b1656cbb973-140287126804288","trial_id":104,"param_name":"min_samples_split","param_value_internal":5.0,"distribution":"{\"name\": \"IntDistribution\", \"attributes\": {\"log\": false, \"step\": 1, \"low\": 5, \"high\": 20}}"}
{"op_code":5,"worker_id":"8afcc3e1-3c79-4f1a-92b8-3b1656cbb973-140287126804288","trial_id":104,"param_name":"min_samples_leaf","param_value_internal":7.0,"distribution":"{\"name\": \"IntDistribution\", \"attributes\": {\"log\": false, \"step\": 1, \"low\": 5, \"high\": 20}}"}
{"op_code":6,"worker_id":"8afcc3e1-3c79-4f1a-92b8-3b1656cbb973-140287126804288","trial_id":104,"state":1,"values":[0.6237549826503398],"datetime_complete":"2026-03-31T16:51:32.925589"}
{"op_code":4,"worker_id":"8afcc3e1-3c79-4f1a-92b8-3b1656cbb973-140287126804288","study_id":0,"datetime_start":"2026-03-31T16:51:32.937965"}
{"op_code":5,"worker_id":"8afcc3e1-3c79-4f1a-92b8-3b1656cbb973-140287126804288","trial_id":105,"param_name":"n_estimators","param_value_internal":143.0,"distribution":"{\"name\": \"IntDistribution\", \"attributes\": {\"log\": false, \"step\": 1, \"low\": 50, \"high\": 200}}"}
{"op_code":5,"worker_id":"8afcc3e1-3c79-4f1a-92b8-3b1656cbb973-140287126804288","trial_id":105,"param_name":"min_samples_split","param_value_internal":5.0,"distribution":"{\"name\": \"IntDistribution\", \"attributes\": {\"log\": false, \"step\": 1, \"low\": 5, \"high\": 20}}"}
{"op_code":5,"worker_id":"8afcc3e1-3c79-4f1a-92b8-3b1656cbb973-140287126804288","trial_id":105,"param_name":"min_samples_leaf","param_value_internal":5.0,"distribution":"{\"name\": \"IntDistribution\", \"attributes\": {\"log\": false, \"step\": 1, \"low\": 5, \"high\": 20}}"}
{"op_code":6,"worker_id":"8afcc3e1-3c79-4f1a-92b8-3b1656cbb973-140287126804288","trial_id":105,"state":1,"values":[0.6235416248458605],"datetime_complete":"2026-03-31T16:51:55.663924"}
{"op_code":4,"worker_id":"8afcc3e1-3c79-4f1a-92b8-3b1656cbb973-140287126804288","study_id":0,"datetime_start":"2026-03-31T16:51:55.682682"}
{"op_code":5,"worker_id":"8afcc3e1-3c79-4f1a-92b8-3b1656cbb973-140287126804288","trial_id":106,"param_name":"n_estimators","param_value_internal":146.0,"distribution":"{\"name\": \"IntDistribution\", \"attributes\": {\"log\": false, \"step\": 1, \"low\": 50, \"high\": 200}}"}
{"op_code":5,"worker_id":"8afcc3e1-3c79-4f1a-92b8-3b1656cbb973-140287126804288","trial_id":106,"param_name":"min_samples_split","param_value_internal":6.0,"distribution":"{\"name\": \"IntDistribution\", \"attributes\": {\"log\": false, \"step\": 1, \"low\": 5, \"high\": 20}}"}
{"op_code":5,"worker_id":"8afcc3e1-3c79-4f1a-92b8-3b1656cbb973-140287126804288","trial_id":106,"param_name":"min_samples_leaf","param_value_internal":6.0,"distribution":"{\"name\": \"IntDistribution\", \"attributes\": {\"log\": false, \"step\": 1, \"low\": 5, \"high\": 20}}"}
{"op_code":6,"worker_id":"8afcc3e1-3c79-4f1a-92b8-3b1656cbb973-140287126804288","trial_id":106,"state":1,"values":[0.6250270998824238],"datetime_complete":"2026-03-31T16:52:16.984062"}
{"op_code":4,"worker_id":"8afcc3e1-3c79-4f1a-92b8-3b1656cbb973-140287126804288","study_id":0,"datetime_start":"2026-03-31T16:52:17.001906"}
{"op_code":5,"worker_id":"8afcc3e1-3c79-4f1a-92b8-3b1656cbb973-140287126804288","trial_id":107,"param_name":"n_estimators","param_value_internal":162.0,"distribution":"{\"name\": \"IntDistribution\", \"attributes\": {\"log\": false, \"step\": 1, \"low\": 50, \"high\": 200}}"}
{"op_code":5,"worker_id":"8afcc3e1-3c79-4f1a-92b8-3b1656cbb973-140287126804288","trial_id":107,"param_name":"min_samples_split","param_value_internal":5.0,"distribution":"{\"name\": \"IntDistribution\", \"attributes\": {\"log\": false, \"step\": 1, \"low\": 5, \"high\": 20}}"}
{"op_code":5,"worker_id":"8afcc3e1-3c79-4f1a-92b8-3b1656cbb973-140287126804288","trial_id":107,"param_name":"min_samples_leaf","param_value_internal":6.0,"distribution":"{\"name\": \"IntDistribution\", \"attributes\": {\"log\": false, \"step\": 1, \"low\": 5, \"high\": 20}}"}
{"op_code":6,"worker_id":"8afcc3e1-3c79-4f1a-92b8-3b1656cbb973-140287126804288","trial_id":107,"state":1,"values":[0.6248653609016088],"datetime_complete":"2026-03-31T16:52:39.999480"}
{"op_code":4,"worker_id":"8afcc3e1-3c79-4f1a-92b8-3b1656cbb973-140287126804288","study_id":0,"datetime_start":"2026-03-31T16:52:40.011475"}
{"op_code":5,"worker_id":"8afcc3e1-3c79-4f1a-92b8-3b1656cbb973-140287126804288","trial_id":108,"param_name":"n_estimators","param_value_internal":132.0,"distribution":"{\"name\": \"IntDistribution\", \"attributes\": {\"log\": false, \"step\": 1, \"low\": 50, \"high\": 200}}"}
{"op_code":5,"worker_id":"8afcc3e1-3c79-4f1a-92b8-3b1656cbb973-140287126804288","trial_id":108,"param_name":"min_samples_split","param_value_internal":6.0,"distribution":"{\"name\": \"IntDistribution\", \"attributes\": {\"log\": false, \"step\": 1, \"low\": 5, \"high\": 20}}"}
{"op_code":5,"worker_id":"8afcc3e1-3c79-4f1a-92b8-3b1656cbb973-140287126804288","trial_id":108,"param_name":"min_samples_leaf","param_value_internal":7.0,"distribution":"{\"name\": \"IntDistribution\", \"attributes\": {\"log\": false, \"step\": 1, \"low\": 5, \"high\": 20}}"}
{"op_code":6,"worker_id":"8afcc3e1-3c79-4f1a-92b8-3b1656cbb973-140287126804288","trial_id":108,"state":1,"values":[0.6230954087924063],"datetime_complete":"2026-03-31T16:52:58.406258"}
{"op_code":4,"worker_id":"8afcc3e1-3c79-4f1a-92b8-3b1656cbb973-140287126804288","study_id":0,"datetime_start":"2026-03-31T16:52:58.425738"}
{"op_code":5,"worker_id":"8afcc3e1-3c79-4f1a-92b8-3b1656cbb973-140287126804288","trial_id":109,"param_name":"n_estimators","param_value_internal":138.0,"distribution":"{\"name\": \"IntDistribution\", \"attributes\": {\"log\": false, \"step\": 1, \"low\": 50, \"high\": 200}}"}
{"op_code":5,"worker_id":"8afcc3e1-3c79-4f1a-92b8-3b1656cbb973-140287126804288","trial_id":109,"param_name":"min_samples_split","param_value_internal":6.0,"distribution":"{\"name\": \"IntDistribution\", \"attributes\": {\"log\": false, \"step\": 1, \"low\": 5, \"high\": 20}}"}
{"op_code":5,"worker_id":"8afcc3e1-3c79-4f1a-92b8-3b1656cbb973-140287126804288","trial_id":109,"param_name":"min_samples_leaf","param_value_internal":8.0,"distribution":"{\"name\": \"IntDistribution\", \"attributes\": {\"log\": false, \"step\": 1, \"low\": 5, \"high\": 20}}"}
{"op_code":6,"worker_id":"8afcc3e1-3c79-4f1a-92b8-3b1656cbb973-140287126804288","trial_id":109,"state":1,"values":[0.6208471222505807],"datetime_complete":"2026-03-31T16:53:17.000687"}
{"op_code":4,"worker_id":"8afcc3e1-3c79-4f1a-92b8-3b1656cbb973-140287126804288","study_id":0,"datetime_start":"2026-03-31T16:53:17.018066"}
{"op_code":5,"worker_id":"8afcc3e1-3c79-4f1a-92b8-3b1656cbb973-140287126804288","trial_id":110,"param_name":"n_estimators","param_value_internal":155.0,"distribution":"{\"name\": \"IntDistribution\", \"attributes\": {\"log\": false, \"step\": 1, \"low\": 50, \"high\": 200}}"}
{"op_code":5,"worker_id":"8afcc3e1-3c79-4f1a-92b8-3b1656cbb973-140287126804288","trial_id":110,"param_name":"min_samples_split","param_value_internal":5.0,"distribution":"{\"name\": \"IntDistribution\", \"attributes\": {\"log\": false, \"step\": 1, \"low\": 5, \"high\": 20}}"}
{"op_code":5,"worker_id":"8afcc3e1-3c79-4f1a-92b8-3b1656cbb973-140287126804288","trial_id":110,"param_name":"min_samples_leaf","param_value_internal":5.0,"distribution":"{\"name\": \"IntDistribution\", \"attributes\": {\"log\": false, \"step\": 1, \"low\": 5, \"high\": 20}}"}
{"op_code":6,"worker_id":"8afcc3e1-3c79-4f1a-92b8-3b1656cbb973-140287126804288","trial_id":110,"state":1,"values":[0.6229864357202259],"datetime_complete":"2026-03-31T16:53:41.995535"}
{"op_code":4,"worker_id":"8afcc3e1-3c79-4f1a-92b8-3b1656cbb973-140287126804288","study_id":0,"datetime_start":"2026-03-31T16:53:42.012270"}
{"op_code":5,"worker_id":"8afcc3e1-3c79-4f1a-92b8-3b1656cbb973-140287126804288","trial_id":111,"param_name":"n_estimators","param_value_internal":138.0,"distribution":"{\"name\": \"IntDistribution\", \"attributes\": {\"log\": false, \"step\": 1, \"low\": 50, \"high\": 200}}"}
{"op_code":5,"worker_id":"8afcc3e1-3c79-4f1a-92b8-3b1656cbb973-140287126804288","trial_id":111,"param_name":"min_samples_split","param_value_internal":6.0,"distribution":"{\"name\": \"IntDistribution\", \"attributes\": {\"log\": false, \"step\": 1, \"low\": 5, \"high\": 20}}"}
{"op_code":5,"worker_id":"8afcc3e1-3c79-4f1a-92b8-3b1656cbb973-140287126804288","trial_id":111,"param_name":"min_samples_leaf","param_value_internal":6.0,"distribution":"{\"name\": \"IntDistribution\", \"attributes\": {\"log\": false, \"step\": 1, \"low\": 5, \"high\": 20}}"}
{"op_code":6,"worker_id":"8afcc3e1-3c79-4f1a-92b8-3b1656cbb973-140287126804288","trial_id":111,"state":1,"values":[0.6252278397522296],"datetime_complete":"2026-03-31T16:54:02.122079"}
{"op_code":4,"worker_id":"8afcc3e1-3c79-4f1a-92b8-3b1656cbb973-140287126804288","study_id":0,"datetime_start":"2026-03-31T16:54:02.134762"}
{"op_code":5,"worker_id":"8afcc3e1-3c79-4f1a-92b8-3b1656cbb973-140287126804288","trial_id":112,"param_name":"n_estimators","param_value_internal":137.0,"distribution":"{\"name\": \"IntDistribution\", \"attributes\": {\"log\": false, \"step\": 1, \"low\": 50, \"high\": 200}}"}
{"op_code":5,"worker_id":"8afcc3e1-3c79-4f1a-92b8-3b1656cbb973-140287126804288","trial_id":112,"param_name":"min_samples_split","param_value_internal":6.0,"distribution":"{\"name\": \"IntDistribution\", \"attributes\": {\"log\": false, \"step\": 1, \"low\": 5, \"high\": 20}}"}
{"op_code":5,"worker_id":"8afcc3e1-3c79-4f1a-92b8-3b1656cbb973-140287126804288","trial_id":112,"param_name":"min_samples_leaf","param_value_internal":6.0,"distribution":"{\"name\": \"IntDistribution\", \"attributes\": {\"log\": false, \"step\": 1, \"low\": 5, \"high\": 20}}"}
{"op_code":6,"worker_id":"8afcc3e1-3c79-4f1a-92b8-3b1656cbb973-140287126804288","trial_id":112,"state":1,"values":[0.6254756101058185],"datetime_complete":"2026-03-31T16:54:21.772460"}
{"op_code":4,"worker_id":"8afcc3e1-3c79-4f1a-92b8-3b1656cbb973-140287126804288","study_id":0,"datetime_start":"2026-03-31T16:54:21.797447"}
{"op_code":5,"worker_id":"8afcc3e1-3c79-4f1a-92b8-3b1656cbb973-140287126804288","trial_id":113,"param_name":"n_estimators","param_value_internal":138.0,"distribution":"{\"name\": \"IntDistribution\", \"attributes\": {\"log\": false, \"step\": 1, \"low\": 50, \"high\": 200}}"}
{"op_code":5,"worker_id":"8afcc3e1-3c79-4f1a-92b8-3b1656cbb973-140287126804288","trial_id":113,"param_name":"min_samples_split","param_value_internal":6.0,"distribution":"{\"name\": \"IntDistribution\", \"attributes\": {\"log\": false, \"step\": 1, \"low\": 5, \"high\": 20}}"}
{"op_code":5,"worker_id":"8afcc3e1-3c79-4f1a-92b8-3b1656cbb973-140287126804288","trial_id":113,"param_name":"min_samples_leaf","param_value_internal":6.0,"distribution":"{\"name\": \"IntDistribution\", \"attributes\": {\"log\": false, \"step\": 1, \"low\": 5, \"high\": 20}}"}
{"op_code":6,"worker_id":"8afcc3e1-3c79-4f1a-92b8-3b1656cbb973-140287126804288","trial_id":113,"state":1,"values":[0.6252278397522296],"datetime_complete":"2026-03-31T16:54:41.671330"}
{"op_code":4,"worker_id":"8afcc3e1-3c79-4f1a-92b8-3b1656cbb973-140287126804288","study_id":0,"datetime_start":"2026-03-31T16:54:41.698557"}
{"op_code":5,"worker_id":"8afcc3e1-3c79-4f1a-92b8-3b1656cbb973-140287126804288","trial_id":114,"param_name":"n_estimators","param_value_internal":137.0,"distribution":"{\"name\": \"IntDistribution\", \"attributes\": {\"log\": false, \"step\": 1, \"low\": 50, \"high\": 200}}"}
{"op_code":5,"worker_id":"8afcc3e1-3c79-4f1a-92b8-3b1656cbb973-140287126804288","trial_id":114,"param_name":"min_samples_split","param_value_internal":6.0,"distribution":"{\"name\": \"IntDistribution\", \"attributes\": {\"log\": false, \"step\": 1, \"low\": 5, \"high\": 20}}"}
{"op_code":5,"worker_id":"8afcc3e1-3c79-4f1a-92b8-3b1656cbb973-140287126804288","trial_id":114,"param_name":"min_samples_leaf","param_value_internal":7.0,"distribution":"{\"name\": \"IntDistribution\", \"attributes\": {\"log\": false, \"step\": 1, \"low\": 5, \"high\": 20}}"}
{"op_code":6,"worker_id":"8afcc3e1-3c79-4f1a-92b8-3b1656cbb973-140287126804288","trial_id":114,"state":1,"values":[0.6236138911989906],"datetime_complete":"2026-03-31T16:55:00.828566"}
{"op_code":4,"worker_id":"8afcc3e1-3c79-4f1a-92b8-3b1656cbb973-140287126804288","study_id":0,"datetime_start":"2026-03-31T16:55:00.850678"}
{"op_code":5,"worker_id":"8afcc3e1-3c79-4f1a-92b8-3b1656cbb973-140287126804288","trial_id":115,"param_name":"n_estimators","param_value_internal":144.0,"distribution":"{\"name\": \"IntDistribution\", \"attributes\": {\"log\": false, \"step\": 1, \"low\": 50, \"high\": 200}}"}
{"op_code":5,"worker_id":"8afcc3e1-3c79-4f1a-92b8-3b1656cbb973-140287126804288","trial_id":115,"param_name":"min_samples_split","param_value_internal":19.0,"distribution":"{\"name\": \"IntDistribution\", \"attributes\": {\"log\": false, \"step\": 1, \"low\": 5, \"high\": 20}}"}
{"op_code":5,"worker_id":"8afcc3e1-3c79-4f1a-92b8-3b1656cbb973-140287126804288","trial_id":115,"param_name":"min_samples_leaf","param_value_internal":6.0,"distribution":"{\"name\": \"IntDistribution\", \"attributes\": {\"log\": false, \"step\": 1, \"low\": 5, \"high\": 20}}"}
{"op_code":6,"worker_id":"8afcc3e1-3c79-4f1a-92b8-3b1656cbb973-140287126804288","trial_id":115,"state":1,"values":[0.6218531157695506],"datetime_complete":"2026-03-31T16:55:21.658375"}
{"op_code":4,"worker_id":"8afcc3e1-3c79-4f1a-92b8-3b1656cbb973-140287126804288","study_id":0,"datetime_start":"2026-03-31T16:55:21.688166"}
{"op_code":5,"worker_id":"8afcc3e1-3c79-4f1a-92b8-3b1656cbb973-140287126804288","trial_id":116,"param_name":"n_estimators","param_value_internal":133.0,"distribution":"{\"name\": \"IntDistribution\", \"attributes\": {\"log\": false, \"step\": 1, \"low\": 50, \"high\": 200}}"}
{"op_code":5,"worker_id":"8afcc3e1-3c79-4f1a-92b8-3b1656cbb973-140287126804288","trial_id":116,"param_name":"min_samples_split","param_value_internal":16.0,"distribution":"{\"name\": \"IntDistribution\", \"attributes\": {\"log\": false, \"step\": 1, \"low\": 5, \"high\": 20}}"}
{"op_code":5,"worker_id":"8afcc3e1-3c79-4f1a-92b8-3b1656cbb973-140287126804288","trial_id":116,"param_name":"min_samples_leaf","param_value_internal":5.0,"distribution":"{\"name\": \"IntDistribution\", \"attributes\": {\"log\": false, \"step\": 1, \"low\": 5, \"high\": 20}}"}
{"op_code":6,"worker_id":"8afcc3e1-3c79-4f1a-92b8-3b1656cbb973-140287126804288","trial_id":116,"state":1,"values":[0.6245831779989103],"datetime_complete":"2026-03-31T16:55:42.023665"}
{"op_code":4,"worker_id":"8afcc3e1-3c79-4f1a-92b8-3b1656cbb973-140287126804288","study_id":0,"datetime_start":"2026-03-31T16:55:42.052283"}
{"op_code":5,"worker_id":"8afcc3e1-3c79-4f1a-92b8-3b1656cbb973-140287126804288","trial_id":117,"param_name":"n_estimators","param_value_internal":150.0,"distribution":"{\"name\": \"IntDistribution\", \"attributes\": {\"log\": false, \"step\": 1, \"low\": 50, \"high\": 200}}"}
{"op_code":5,"worker_id":"8afcc3e1-3c79-4f1a-92b8-3b1656cbb973-140287126804288","trial_id":117,"param_name":"min_samples_split","param_value_internal":5.0,"distribution":"{\"name\": \"IntDistribution\", \"attributes\": {\"log\": false, \"step\": 1, \"low\": 5, \"high\": 20}}"}
{"op_code":5,"worker_id":"8afcc3e1-3c79-4f1a-92b8-3b1656cbb973-140287126804288","trial_id":117,"param_name":"min_samples_leaf","param_value_internal":6.0,"distribution":"{\"name\": \"IntDistribution\", \"attributes\": {\"log\": false, \"step\": 1, \"low\": 5, \"high\": 20}}"}
{"op_code":6,"worker_id":"8afcc3e1-3c79-4f1a-92b8-3b1656cbb973-140287126804288","trial_id":117,"state":1,"values":[0.625009893607869],"datetime_complete":"2026-03-31T16:56:03.848215"}
{"op_code":4,"worker_id":"8afcc3e1-3c79-4f1a-92b8-3b1656cbb973-140287126804288","study_id":0,"datetime_start":"2026-03-31T16:56:03.870950"}
{"op_code":5,"worker_id":"8afcc3e1-3c79-4f1a-92b8-3b1656cbb973-140287126804288","trial_id":118,"param_name":"n_estimators","param_value_internal":139.0,"distribution":"{\"name\": \"IntDistribution\", \"attributes\": {\"log\": false, \"step\": 1, \"low\": 50, \"high\": 200}}"}
{"op_code":5,"worker_id":"8afcc3e1-3c79-4f1a-92b8-3b1656cbb973-140287126804288","trial_id":118,"param_name":"min_samples_split","param_value_internal":6.0,"distribution":"{\"name\": \"IntDistribution\", \"attributes\": {\"log\": false, \"step\": 1, \"low\": 5, \"high\": 20}}"}
{"op_code":5,"worker_id":"8afcc3e1-3c79-4f1a-92b8-3b1656cbb973-140287126804288","trial_id":118,"param_name":"min_samples_leaf","param_value_internal":13.0,"distribution":"{\"name\": \"IntDistribution\", \"attributes\": {\"log\": false, \"step\": 1, \"low\": 5, \"high\": 20}}"}
{"op_code":6,"worker_id":"8afcc3e1-3c79-4f1a-92b8-3b1656cbb973-140287126804288","trial_id":118,"state":1,"values":[0.6213977230363339],"datetime_complete":"2026-03-31T16:56:19.562602"}
{"op_code":4,"worker_id":"8afcc3e1-3c79-4f1a-92b8-3b1656cbb973-140287126804288","study_id":0,"datetime_start":"2026-03-31T16:56:19.592296"}
{"op_code":5,"worker_id":"8afcc3e1-3c79-4f1a-92b8-3b1656cbb973-140287126804288","trial_id":119,"param_name":"n_estimators","param_value_internal":147.0,"distribution":"{\"name\": \"IntDistribution\", \"attributes\": {\"log\": false, \"step\": 1, \"low\": 50, \"high\": 200}}"}
{"op_code":5,"worker_id":"8afcc3e1-3c79-4f1a-92b8-3b1656cbb973-140287126804288","trial_id":119,"param_name":"min_samples_split","param_value_internal":7.0,"distribution":"{\"name\": \"IntDistribution\", \"attributes\": {\"log\": false, \"step\": 1, \"low\": 5, \"high\": 20}}"}
{"op_code":5,"worker_id":"8afcc3e1-3c79-4f1a-92b8-3b1656cbb973-140287126804288","trial_id":119,"param_name":"min_samples_leaf","param_value_internal":7.0,"distribution":"{\"name\": \"IntDistribution\", \"attributes\": {\"log\": false, \"step\": 1, \"low\": 5, \"high\": 20}}"}
{"op_code":6,"worker_id":"8afcc3e1-3c79-4f1a-92b8-3b1656cbb973-140287126804288","trial_id":119,"state":1,"values":[0.6234062688193628],"datetime_complete":"2026-03-31T16:56:40.254680"}
{"op_code":0,"worker_id":"c5ed7ef4-02af-4570-9d4b-2e6ab53a49f6-140544486217536","study_name":"rsf_tuning","directions":[2]}
{"op_code":4,"worker_id":"c5ed7ef4-02af-4570-9d4b-2e6ab53a49f6-140544486217536","study_id":0,"datetime_start":"2026-03-31T17:47:49.538513"}
{"op_code":5,"worker_id":"c5ed7ef4-02af-4570-9d4b-2e6ab53a49f6-140544486217536","trial_id":120,"param_name":"n_estimators","param_value_internal":128.0,"distribution":"{\"name\": \"IntDistribution\", \"attributes\": {\"log\": false, \"step\": 1, \"low\": 50, \"high\": 200}}"}
{"op_code":5,"worker_id":"c5ed7ef4-02af-4570-9d4b-2e6ab53a49f6-140544486217536","trial_id":120,"param_name":"min_samples_split","param_value_internal":13.0,"distribution":"{\"name\": \"IntDistribution\", \"attributes\": {\"log\": false, \"step\": 1, \"low\": 5, \"high\": 20}}"}
{"op_code":5,"worker_id":"c5ed7ef4-02af-4570-9d4b-2e6ab53a49f6-140544486217536","trial_id":120,"param_name":"min_samples_leaf","param_value_internal":5.0,"distribution":"{\"name\": \"IntDistribution\", \"attributes\": {\"log\": false, \"step\": 1, \"low\": 5, \"high\": 20}}"}
{"op_code":6,"worker_id":"c5ed7ef4-02af-4570-9d4b-2e6ab53a49f6-140544486217536","trial_id":120,"state":1,"values":[0.6222523013392217],"datetime_complete":"2026-03-31T17:48:09.174780"}
{"op_code":4,"worker_id":"c5ed7ef4-02af-4570-9d4b-2e6ab53a49f6-140544486217536","study_id":0,"datetime_start":"2026-03-31T17:48:09.190968"}
{"op_code":5,"worker_id":"c5ed7ef4-02af-4570-9d4b-2e6ab53a49f6-140544486217536","trial_id":121,"param_name":"n_estimators","param_value_internal":142.0,"distribution":"{\"name\": \"IntDistribution\", \"attributes\": {\"log\": false, \"step\": 1, \"low\": 50, \"high\": 200}}"}
{"op_code":5,"worker_id":"c5ed7ef4-02af-4570-9d4b-2e6ab53a49f6-140544486217536","trial_id":121,"param_name":"min_samples_split","param_value_internal":6.0,"distribution":"{\"name\": \"IntDistribution\", \"attributes\": {\"log\": false, \"step\": 1, \"low\": 5, \"high\": 20}}"}
{"op_code":5,"worker_id":"c5ed7ef4-02af-4570-9d4b-2e6ab53a49f6-140544486217536","trial_id":121,"param_name":"min_samples_leaf","param_value_internal":6.0,"distribution":"{\"name\": \"IntDistribution\", \"attributes\": {\"log\": false, \"step\": 1, \"low\": 5, \"high\": 20}}"}
{"op_code":6,"worker_id":"c5ed7ef4-02af-4570-9d4b-2e6ab53a49f6-140544486217536","trial_id":121,"state":1,"values":[0.6253976083278369],"datetime_complete":"2026-03-31T17:48:29.981311"}
{"op_code":4,"worker_id":"c5ed7ef4-02af-4570-9d4b-2e6ab53a49f6-140544486217536","study_id":0,"datetime_start":"2026-03-31T17:48:30.003137"}
{"op_code":5,"worker_id":"c5ed7ef4-02af-4570-9d4b-2e6ab53a49f6-140544486217536","trial_id":122,"param_name":"n_estimators","param_value_internal":136.0,"distribution":"{\"name\": \"IntDistribution\", \"attributes\": {\"log\": false, \"step\": 1, \"low\": 50, \"high\": 200}}"}
{"op_code":5,"worker_id":"c5ed7ef4-02af-4570-9d4b-2e6ab53a49f6-140544486217536","trial_id":122,"param_name":"min_samples_split","param_value_internal":6.0,"distribution":"{\"name\": \"IntDistribution\", \"attributes\": {\"log\": false, \"step\": 1, \"low\": 5, \"high\": 20}}"}
{"op_code":5,"worker_id":"c5ed7ef4-02af-4570-9d4b-2e6ab53a49f6-140544486217536","trial_id":122,"param_name":"min_samples_leaf","param_value_internal":6.0,"distribution":"{\"name\": \"IntDistribution\", \"attributes\": {\"log\": false, \"step\": 1, \"low\": 5, \"high\": 20}}"}
{"op_code":6,"worker_id":"c5ed7ef4-02af-4570-9d4b-2e6ab53a49f6-140544486217536","trial_id":122,"state":1,"values":[0.6256052307074647],"datetime_complete":"2026-03-31T17:48:49.813543"}
{"op_code":4,"worker_id":"c5ed7ef4-02af-4570-9d4b-2e6ab53a49f6-140544486217536","study_id":0,"datetime_start":"2026-03-31T17:48:49.833029"}
{"op_code":5,"worker_id":"c5ed7ef4-02af-4570-9d4b-2e6ab53a49f6-140544486217536","trial_id":123,"param_name":"n_estimators","param_value_internal":135.0,"distribution":"{\"name\": \"IntDistribution\", \"attributes\": {\"log\": false, \"step\": 1, \"low\": 50, \"high\": 200}}"}
{"op_code":5,"worker_id":"c5ed7ef4-02af-4570-9d4b-2e6ab53a49f6-140544486217536","trial_id":123,"param_name":"min_samples_split","param_value_internal":5.0,"distribution":"{\"name\": \"IntDistribution\", \"attributes\": {\"log\": false, \"step\": 1, \"low\": 5, \"high\": 20}}"}
{"op_code":5,"worker_id":"c5ed7ef4-02af-4570-9d4b-2e6ab53a49f6-140544486217536","trial_id":123,"param_name":"min_samples_leaf","param_value_internal":6.0,"distribution":"{\"name\": \"IntDistribution\", \"attributes\": {\"log\": false, \"step\": 1, \"low\": 5, \"high\": 20}}"}
{"op_code":6,"worker_id":"c5ed7ef4-02af-4570-9d4b-2e6ab53a49f6-140544486217536","trial_id":123,"state":1,"values":[0.6256453786814258],"datetime_complete":"2026-03-31T17:49:09.644220"}
{"op_code":4,"worker_id":"c5ed7ef4-02af-4570-9d4b-2e6ab53a49f6-140544486217536","study_id":0,"datetime_start":"2026-03-31T17:49:09.662680"}
{"op_code":5,"worker_id":"c5ed7ef4-02af-4570-9d4b-2e6ab53a49f6-140544486217536","trial_id":124,"param_name":"n_estimators","param_value_internal":135.0,"distribution":"{\"name\": \"IntDistribution\", \"attributes\": {\"log\": false, \"step\": 1, \"low\": 50, \"high\": 200}}"}
{"op_code":5,"worker_id":"c5ed7ef4-02af-4570-9d4b-2e6ab53a49f6-140544486217536","trial_id":124,"param_name":"min_samples_split","param_value_internal":5.0,"distribution":"{\"name\": \"IntDistribution\", \"attributes\": {\"log\": false, \"step\": 1, \"low\": 5, \"high\": 20}}"}
{"op_code":5,"worker_id":"c5ed7ef4-02af-4570-9d4b-2e6ab53a49f6-140544486217536","trial_id":124,"param_name":"min_samples_leaf","param_value_internal":5.0,"distribution":"{\"name\": \"IntDistribution\", \"attributes\": {\"log\": false, \"step\": 1, \"low\": 5, \"high\": 20}}"}
{"op_code":6,"worker_id":"c5ed7ef4-02af-4570-9d4b-2e6ab53a49f6-140544486217536","trial_id":124,"state":1,"values":[0.623281236557598],"datetime_complete":"2026-03-31T17:49:31.317129"}
{"op_code":4,"worker_id":"c5ed7ef4-02af-4570-9d4b-2e6ab53a49f6-140544486217536","study_id":0,"datetime_start":"2026-03-31T17:49:31.333657"}
{"op_code":5,"worker_id":"c5ed7ef4-02af-4570-9d4b-2e6ab53a49f6-140544486217536","trial_id":125,"param_name":"n_estimators","param_value_internal":143.0,"distribution":"{\"name\": \"IntDistribution\", \"attributes\": {\"log\": false, \"step\": 1, \"low\": 50, \"high\": 200}}"}
{"op_code":5,"worker_id":"c5ed7ef4-02af-4570-9d4b-2e6ab53a49f6-140544486217536","trial_id":125,"param_name":"min_samples_split","param_value_internal":5.0,"distribution":"{\"name\": \"IntDistribution\", \"attributes\": {\"log\": false, \"step\": 1, \"low\": 5, \"high\": 20}}"}
{"op_code":5,"worker_id":"c5ed7ef4-02af-4570-9d4b-2e6ab53a49f6-140544486217536","trial_id":125,"param_name":"min_samples_leaf","param_value_internal":7.0,"distribution":"{\"name\": \"IntDistribution\", \"attributes\": {\"log\": false, \"step\": 1, \"low\": 5, \"high\": 20}}"}
{"op_code":6,"worker_id":"c5ed7ef4-02af-4570-9d4b-2e6ab53a49f6-140544486217536","trial_id":125,"state":1,"values":[0.6234154454991253],"datetime_complete":"2026-03-31T17:49:51.254468"}
{"op_code":4,"worker_id":"c5ed7ef4-02af-4570-9d4b-2e6ab53a49f6-140544486217536","study_id":0,"datetime_start":"2026-03-31T17:49:51.275064"}
{"op_code":5,"worker_id":"c5ed7ef4-02af-4570-9d4b-2e6ab53a49f6-140544486217536","trial_id":126,"param_name":"n_estimators","param_value_internal":130.0,"distribution":"{\"name\": \"IntDistribution\", \"attributes\": {\"log\": false, \"step\": 1, \"low\": 50, \"high\": 200}}"}
{"op_code":5,"worker_id":"c5ed7ef4-02af-4570-9d4b-2e6ab53a49f6-140544486217536","trial_id":126,"param_name":"min_samples_split","param_value_internal":5.0,"distribution":"{\"name\": \"IntDistribution\", \"attributes\": {\"log\": false, \"step\": 1, \"low\": 5, \"high\": 20}}"}
{"op_code":5,"worker_id":"c5ed7ef4-02af-4570-9d4b-2e6ab53a49f6-140544486217536","trial_id":126,"param_name":"min_samples_leaf","param_value_internal":6.0,"distribution":"{\"name\": \"IntDistribution\", \"attributes\": {\"log\": false, \"step\": 1, \"low\": 5, \"high\": 20}}"}
{"op_code":6,"worker_id":"c5ed7ef4-02af-4570-9d4b-2e6ab53a49f6-140544486217536","trial_id":126,"state":1,"values":[0.625225545582289],"datetime_complete":"2026-03-31T17:50:10.157594"}
{"op_code":4,"worker_id":"c5ed7ef4-02af-4570-9d4b-2e6ab53a49f6-140544486217536","study_id":0,"datetime_start":"2026-03-31T17:50:10.171020"}
{"op_code":5,"worker_id":"c5ed7ef4-02af-4570-9d4b-2e6ab53a49f6-140544486217536","trial_id":127,"param_name":"n_estimators","param_value_internal":126.0,"distribution":"{\"name\": \"IntDistribution\", \"attributes\": {\"log\": false, \"step\": 1, \"low\": 50, \"high\": 200}}"}
{"op_code":5,"worker_id":"c5ed7ef4-02af-4570-9d4b-2e6ab53a49f6-140544486217536","trial_id":127,"param_name":"min_samples_split","param_value_internal":6.0,"distribution":"{\"name\": \"IntDistribution\", \"attributes\": {\"log\": false, \"step\": 1, \"low\": 5, \"high\": 20}}"}
{"op_code":5,"worker_id":"c5ed7ef4-02af-4570-9d4b-2e6ab53a49f6-140544486217536","trial_id":127,"param_name":"min_samples_leaf","param_value_internal":5.0,"distribution":"{\"name\": \"IntDistribution\", \"attributes\": {\"log\": false, \"step\": 1, \"low\": 5, \"high\": 20}}"}
{"op_code":6,"worker_id":"c5ed7ef4-02af-4570-9d4b-2e6ab53a49f6-140544486217536","trial_id":127,"state":1,"values":[0.6234636230678787],"datetime_complete":"2026-03-31T17:50:30.666258"}
{"op_code":4,"worker_id":"c5ed7ef4-02af-4570-9d4b-2e6ab53a49f6-140544486217536","study_id":0,"datetime_start":"2026-03-31T17:50:30.745271"}
{"op_code":5,"worker_id":"c5ed7ef4-02af-4570-9d4b-2e6ab53a49f6-140544486217536","trial_id":128,"param_name":"n_estimators","param_value_internal":141.0,"distribution":"{\"name\": \"IntDistribution\", \"attributes\": {\"log\": false, \"step\": 1, \"low\": 50, \"high\": 200}}"}
{"op_code":5,"worker_id":"c5ed7ef4-02af-4570-9d4b-2e6ab53a49f6-140544486217536","trial_id":128,"param_name":"min_samples_split","param_value_internal":6.0,"distribution":"{\"name\": \"IntDistribution\", \"attributes\": {\"log\": false, \"step\": 1, \"low\": 5, \"high\": 20}}"}
{"op_code":5,"worker_id":"c5ed7ef4-02af-4570-9d4b-2e6ab53a49f6-140544486217536","trial_id":128,"param_name":"min_samples_leaf","param_value_internal":6.0,"distribution":"{\"name\": \"IntDistribution\", \"attributes\": {\"log\": false, \"step\": 1, \"low\": 5, \"high\": 20}}"}
{"op_code":6,"worker_id":"c5ed7ef4-02af-4570-9d4b-2e6ab53a49f6-140544486217536","trial_id":128,"state":1,"values":[0.6251808092684465],"datetime_complete":"2026-03-31T17:50:51.351202"}
{"op_code":4,"worker_id":"c5ed7ef4-02af-4570-9d4b-2e6ab53a49f6-140544486217536","study_id":0,"datetime_start":"2026-03-31T17:50:51.369506"}
{"op_code":5,"worker_id":"c5ed7ef4-02af-4570-9d4b-2e6ab53a49f6-140544486217536","trial_id":129,"param_name":"n_estimators","param_value_internal":153.0,"distribution":"{\"name\": \"IntDistribution\", \"attributes\": {\"log\": false, \"step\": 1, \"low\": 50, \"high\": 200}}"}
{"op_code":5,"worker_id":"c5ed7ef4-02af-4570-9d4b-2e6ab53a49f6-140544486217536","trial_id":129,"param_name":"min_samples_split","param_value_internal":5.0,"distribution":"{\"name\": \"IntDistribution\", \"attributes\": {\"log\": false, \"step\": 1, \"low\": 5, \"high\": 20}}"}
{"op_code":5,"worker_id":"c5ed7ef4-02af-4570-9d4b-2e6ab53a49f6-140544486217536","trial_id":129,"param_name":"min_samples_leaf","param_value_internal":6.0,"distribution":"{\"name\": \"IntDistribution\", \"attributes\": {\"log\": false, \"step\": 1, \"low\": 5, \"high\": 20}}"}
{"op_code":6,"worker_id":"c5ed7ef4-02af-4570-9d4b-2e6ab53a49f6-140544486217536","trial_id":129,"state":1,"values":[0.6246026784434057],"datetime_complete":"2026-03-31T17:51:13.571073"}
{"op_code":4,"worker_id":"c5ed7ef4-02af-4570-9d4b-2e6ab53a49f6-140544486217536","study_id":0,"datetime_start":"2026-03-31T17:51:13.595567"}
{"op_code":5,"worker_id":"c5ed7ef4-02af-4570-9d4b-2e6ab53a49f6-140544486217536","trial_id":130,"param_name":"n_estimators","param_value_internal":145.0,"distribution":"{\"name\": \"IntDistribution\", \"attributes\": {\"log\": false, \"step\": 1, \"low\": 50, \"high\": 200}}"}
{"op_code":5,"worker_id":"c5ed7ef4-02af-4570-9d4b-2e6ab53a49f6-140544486217536","trial_id":130,"param_name":"min_samples_split","param_value_internal":11.0,"distribution":"{\"name\": \"IntDistribution\", \"attributes\": {\"log\": false, \"step\": 1, \"low\": 5, \"high\": 20}}"}
{"op_code":5,"worker_id":"c5ed7ef4-02af-4570-9d4b-2e6ab53a49f6-140544486217536","trial_id":130,"param_name":"min_samples_leaf","param_value_internal":8.0,"distribution":"{\"name\": \"IntDistribution\", \"attributes\": {\"log\": false, \"step\": 1, \"low\": 5, \"high\": 20}}"}
{"op_code":6,"worker_id":"c5ed7ef4-02af-4570-9d4b-2e6ab53a49f6-140544486217536","trial_id":130,"state":1,"values":[0.6210604800550601],"datetime_complete":"2026-03-31T17:51:33.343397"}
{"op_code":4,"worker_id":"c5ed7ef4-02af-4570-9d4b-2e6ab53a49f6-140544486217536","study_id":0,"datetime_start":"2026-03-31T17:51:33.361926"}
{"op_code":5,"worker_id":"c5ed7ef4-02af-4570-9d4b-2e6ab53a49f6-140544486217536","trial_id":131,"param_name":"n_estimators","param_value_internal":138.0,"distribution":"{\"name\": \"IntDistribution\", \"attributes\": {\"log\": false, \"step\": 1, \"low\": 50, \"high\": 200}}"}
{"op_code":5,"worker_id":"c5ed7ef4-02af-4570-9d4b-2e6ab53a49f6-140544486217536","trial_id":131,"param_name":"min_samples_split","param_value_internal":6.0,"distribution":"{\"name\": \"IntDistribution\", \"attributes\": {\"log\": false, \"step\": 1, \"low\": 5, \"high\": 20}}"}
{"op_code":5,"worker_id":"c5ed7ef4-02af-4570-9d4b-2e6ab53a49f6-140544486217536","trial_id":131,"param_name":"min_samples_leaf","param_value_internal":6.0,"distribution":"{\"name\": \"IntDistribution\", \"attributes\": {\"log\": false, \"step\": 1, \"low\": 5, \"high\": 20}}"}
{"op_code":6,"worker_id":"c5ed7ef4-02af-4570-9d4b-2e6ab53a49f6-140544486217536","trial_id":131,"state":1,"values":[0.6252278397522296],"datetime_complete":"2026-03-31T17:51:53.582696"}
{"op_code":4,"worker_id":"c5ed7ef4-02af-4570-9d4b-2e6ab53a49f6-140544486217536","study_id":0,"datetime_start":"2026-03-31T17:51:53.598793"}
{"op_code":5,"worker_id":"c5ed7ef4-02af-4570-9d4b-2e6ab53a49f6-140544486217536","trial_id":132,"param_name":"n_estimators","param_value_internal":135.0,"distribution":"{\"name\": \"IntDistribution\", \"attributes\": {\"log\": false, \"step\": 1, \"low\": 50, \"high\": 200}}"}
{"op_code":5,"worker_id":"c5ed7ef4-02af-4570-9d4b-2e6ab53a49f6-140544486217536","trial_id":132,"param_name":"min_samples_split","param_value_internal":6.0,"distribution":"{\"name\": \"IntDistribution\", \"attributes\": {\"log\": false, \"step\": 1, \"low\": 5, \"high\": 20}}"}
{"op_code":5,"worker_id":"c5ed7ef4-02af-4570-9d4b-2e6ab53a49f6-140544486217536","trial_id":132,"param_name":"min_samples_leaf","param_value_internal":6.0,"distribution":"{\"name\": \"IntDistribution\", \"attributes\": {\"log\": false, \"step\": 1, \"low\": 5, \"high\": 20}}"}
{"op_code":6,"worker_id":"c5ed7ef4-02af-4570-9d4b-2e6ab53a49f6-140544486217536","trial_id":132,"state":1,"values":[0.6256453786814258],"datetime_complete":"2026-03-31T17:52:13.299512"}
{"op_code":4,"worker_id":"c5ed7ef4-02af-4570-9d4b-2e6ab53a49f6-140544486217536","study_id":0,"datetime_start":"2026-03-31T17:52:13.399892"}
{"op_code":5,"worker_id":"c5ed7ef4-02af-4570-9d4b-2e6ab53a49f6-140544486217536","trial_id":133,"param_name":"n_estimators","param_value_internal":131.0,"distribution":"{\"name\": \"IntDistribution\", \"attributes\": {\"log\": false, \"step\": 1, \"low\": 50, \"high\": 200}}"}
{"op_code":5,"worker_id":"c5ed7ef4-02af-4570-9d4b-2e6ab53a49f6-140544486217536","trial_id":133,"param_name":"min_samples_split","param_value_internal":6.0,"distribution":"{\"name\": \"IntDistribution\", \"attributes\": {\"log\": false, \"step\": 1, \"low\": 5, \"high\": 20}}"}
{"op_code":5,"worker_id":"c5ed7ef4-02af-4570-9d4b-2e6ab53a49f6-140544486217536","trial_id":133,"param_name":"min_samples_leaf","param_value_internal":7.0,"distribution":"{\"name\": \"IntDistribution\", \"attributes\": {\"log\": false, \"step\": 1, \"low\": 5, \"high\": 20}}"}
{"op_code":6,"worker_id":"c5ed7ef4-02af-4570-9d4b-2e6ab53a49f6-140544486217536","trial_id":133,"state":1,"values":[0.6231653809755958],"datetime_complete":"2026-03-31T17:52:31.816351"}
{"op_code":4,"worker_id":"c5ed7ef4-02af-4570-9d4b-2e6ab53a49f6-140544486217536","study_id":0,"datetime_start":"2026-03-31T17:52:31.839000"}
{"op_code":5,"worker_id":"c5ed7ef4-02af-4570-9d4b-2e6ab53a49f6-140544486217536","trial_id":134,"param_name":"n_estimators","param_value_internal":135.0,"distribution":"{\"name\": \"IntDistribution\", \"attributes\": {\"log\": false, \"step\": 1, \"low\": 50, \"high\": 200}}"}
{"op_code":5,"worker_id":"c5ed7ef4-02af-4570-9d4b-2e6ab53a49f6-140544486217536","trial_id":134,"param_name":"min_samples_split","param_value_internal":7.0,"distribution":"{\"name\": \"IntDistribution\", \"attributes\": {\"log\": false, \"step\": 1, \"low\": 5, \"high\": 20}}"}
{"op_code":5,"worker_id":"c5ed7ef4-02af-4570-9d4b-2e6ab53a49f6-140544486217536","trial_id":134,"param_name":"min_samples_leaf","param_value_internal":5.0,"distribution":"{\"name\": \"IntDistribution\", \"attributes\": {\"log\": false, \"step\": 1, \"low\": 5, \"high\": 20}}"}
{"op_code":6,"worker_id":"c5ed7ef4-02af-4570-9d4b-2e6ab53a49f6-140544486217536","trial_id":134,"state":1,"values":[0.623281236557598],"datetime_complete":"2026-03-31T17:52:53.400159"}
{"op_code":4,"worker_id":"c5ed7ef4-02af-4570-9d4b-2e6ab53a49f6-140544486217536","study_id":0,"datetime_start":"2026-03-31T17:52:53.437847"}
{"op_code":5,"worker_id":"c5ed7ef4-02af-4570-9d4b-2e6ab53a49f6-140544486217536","trial_id":135,"param_name":"n_estimators","param_value_internal":150.0,"distribution":"{\"name\": \"IntDistribution\", \"attributes\": {\"log\": false, \"step\": 1, \"low\": 50, \"high\": 200}}"}
{"op_code":5,"worker_id":"c5ed7ef4-02af-4570-9d4b-2e6ab53a49f6-140544486217536","trial_id":135,"param_name":"min_samples_split","param_value_internal":5.0,"distribution":"{\"name\": \"IntDistribution\", \"attributes\": {\"log\": false, \"step\": 1, \"low\": 5, \"high\": 20}}"}
{"op_code":5,"worker_id":"c5ed7ef4-02af-4570-9d4b-2e6ab53a49f6-140544486217536","trial_id":135,"param_name":"min_samples_leaf","param_value_internal":6.0,"distribution":"{\"name\": \"IntDistribution\", \"attributes\": {\"log\": false, \"step\": 1, \"low\": 5, \"high\": 20}}"}
{"op_code":6,"worker_id":"c5ed7ef4-02af-4570-9d4b-2e6ab53a49f6-140544486217536","trial_id":135,"state":1,"values":[0.625009893607869],"datetime_complete":"2026-03-31T17:53:14.710315"}
{"op_code":4,"worker_id":"c5ed7ef4-02af-4570-9d4b-2e6ab53a49f6-140544486217536","study_id":0,"datetime_start":"2026-03-31T17:53:14.729673"}
{"op_code":5,"worker_id":"c5ed7ef4-02af-4570-9d4b-2e6ab53a49f6-140544486217536","trial_id":136,"param_name":"n_estimators","param_value_internal":141.0,"distribution":"{\"name\": \"IntDistribution\", \"attributes\": {\"log\": false, \"step\": 1, \"low\": 50, \"high\": 200}}"}
{"op_code":5,"worker_id":"c5ed7ef4-02af-4570-9d4b-2e6ab53a49f6-140544486217536","trial_id":136,"param_name":"min_samples_split","param_value_internal":6.0,"distribution":"{\"name\": \"IntDistribution\", \"attributes\": {\"log\": false, \"step\": 1, \"low\": 5, \"high\": 20}}"}
{"op_code":5,"worker_id":"c5ed7ef4-02af-4570-9d4b-2e6ab53a49f6-140544486217536","trial_id":136,"param_name":"min_samples_leaf","param_value_internal":6.0,"distribution":"{\"name\": \"IntDistribution\", \"attributes\": {\"log\": false, \"step\": 1, \"low\": 5, \"high\": 20}}"}
{"op_code":6,"worker_id":"c5ed7ef4-02af-4570-9d4b-2e6ab53a49f6-140544486217536","trial_id":136,"state":1,"values":[0.6251808092684465],"datetime_complete":"2026-03-31T17:53:34.992456"}
{"op_code":4,"worker_id":"c5ed7ef4-02af-4570-9d4b-2e6ab53a49f6-140544486217536","study_id":0,"datetime_start":"2026-03-31T17:53:35.043231"}
{"op_code":5,"worker_id":"c5ed7ef4-02af-4570-9d4b-2e6ab53a49f6-140544486217536","trial_id":137,"param_name":"n_estimators","param_value_internal":133.0,"distribution":"{\"name\": \"IntDistribution\", \"attributes\": {\"log\": false, \"step\": 1, \"low\": 50, \"high\": 200}}"}
{"op_code":5,"worker_id":"c5ed7ef4-02af-4570-9d4b-2e6ab53a49f6-140544486217536","trial_id":137,"param_name":"min_samples_split","param_value_internal":7.0,"distribution":"{\"name\": \"IntDistribution\", \"attributes\": {\"log\": false, \"step\": 1, \"low\": 5, \"high\": 20}}"}
{"op_code":5,"worker_id":"c5ed7ef4-02af-4570-9d4b-2e6ab53a49f6-140544486217536","trial_id":137,"param_name":"min_samples_leaf","param_value_internal":7.0,"distribution":"{\"name\": \"IntDistribution\", \"attributes\": {\"log\": false, \"step\": 1, \"low\": 5, \"high\": 20}}"}
{"op_code":6,"worker_id":"c5ed7ef4-02af-4570-9d4b-2e6ab53a49f6-140544486217536","trial_id":137,"state":1,"values":[0.6232835307275386],"datetime_complete":"2026-03-31T17:53:53.653728"}
{"op_code":4,"worker_id":"c5ed7ef4-02af-4570-9d4b-2e6ab53a49f6-140544486217536","study_id":0,"datetime_start":"2026-03-31T17:53:53.667179"}
{"op_code":5,"worker_id":"c5ed7ef4-02af-4570-9d4b-2e6ab53a49f6-140544486217536","trial_id":138,"param_name":"n_estimators","param_value_internal":128.0,"distribution":"{\"name\": \"IntDistribution\", \"attributes\": {\"log\": false, \"step\": 1, \"low\": 50, \"high\": 200}}"}
{"op_code":5,"worker_id":"c5ed7ef4-02af-4570-9d4b-2e6ab53a49f6-140544486217536","trial_id":138,"param_name":"min_samples_split","param_value_internal":5.0,"distribution":"{\"name\": \"IntDistribution\", \"attributes\": {\"log\": false, \"step\": 1, \"low\": 5, \"high\": 20}}"}
{"op_code":5,"worker_id":"c5ed7ef4-02af-4570-9d4b-2e6ab53a49f6-140544486217536","trial_id":138,"param_name":"min_samples_leaf","param_value_internal":5.0,"distribution":"{\"name\": \"IntDistribution\", \"attributes\": {\"log\": false, \"step\": 1, \"low\": 5, \"high\": 20}}"}
{"op_code":6,"worker_id":"c5ed7ef4-02af-4570-9d4b-2e6ab53a49f6-140544486217536","trial_id":138,"state":1,"values":[0.6232445298385478],"datetime_complete":"2026-03-31T17:54:14.477095"}
{"op_code":4,"worker_id":"c5ed7ef4-02af-4570-9d4b-2e6ab53a49f6-140544486217536","study_id":0,"datetime_start":"2026-03-31T17:54:14.511199"}
{"op_code":5,"worker_id":"c5ed7ef4-02af-4570-9d4b-2e6ab53a49f6-140544486217536","trial_id":139,"param_name":"n_estimators","param_value_internal":158.0,"distribution":"{\"name\": \"IntDistribution\", \"attributes\": {\"log\": false, \"step\": 1, \"low\": 50, \"high\": 200}}"}
{"op_code":5,"worker_id":"c5ed7ef4-02af-4570-9d4b-2e6ab53a49f6-140544486217536","trial_id":139,"param_name":"min_samples_split","param_value_internal":6.0,"distribution":"{\"name\": \"IntDistribution\", \"attributes\": {\"log\": false, \"step\": 1, \"low\": 5, \"high\": 20}}"}
{"op_code":5,"worker_id":"c5ed7ef4-02af-4570-9d4b-2e6ab53a49f6-140544486217536","trial_id":139,"param_name":"min_samples_leaf","param_value_internal":6.0,"distribution":"{\"name\": \"IntDistribution\", \"attributes\": {\"log\": false, \"step\": 1, \"low\": 5, \"high\": 20}}"}
{"op_code":6,"worker_id":"c5ed7ef4-02af-4570-9d4b-2e6ab53a49f6-140544486217536","trial_id":139,"state":1,"values":[0.6249330389148576],"datetime_complete":"2026-03-31T17:54:37.079503"}
