{"op_code":0,"worker_id":"c06943c7-d1ff-43bc-a5aa-286ee7f290a9-139735962314560","study_name":"deephit_single_tuning","directions":[2]}
{"op_code":4,"worker_id":"c06943c7-d1ff-43bc-a5aa-286ee7f290a9-139735962314560","study_id":0,"datetime_start":"2026-03-30T10:27:34.010354"}
{"op_code":5,"worker_id":"c06943c7-d1ff-43bc-a5aa-286ee7f290a9-139735962314560","trial_id":0,"param_name":"lr","param_value_internal":0.00018855393284972007,"distribution":"{\"name\": \"FloatDistribution\", \"attributes\": {\"step\": null, \"low\": 0.0001, \"high\": 0.1, \"log\": true}}"}
{"op_code":5,"worker_id":"c06943c7-d1ff-43bc-a5aa-286ee7f290a9-139735962314560","trial_id":0,"param_name":"dropout","param_value_internal":0.37667203757301093,"distribution":"{\"name\": \"FloatDistribution\", \"attributes\": {\"step\": null, \"low\": 0.0, \"high\": 0.5, \"log\": false}}"}
{"op_code":5,"worker_id":"c06943c7-d1ff-43bc-a5aa-286ee7f290a9-139735962314560","trial_id":0,"param_name":"layers","param_value_internal":3.0,"distribution":"{\"name\": \"IntDistribution\", \"attributes\": {\"log\": false, \"step\": 1, \"low\": 1, \"high\": 3}}"}
{"op_code":5,"worker_id":"c06943c7-d1ff-43bc-a5aa-286ee7f290a9-139735962314560","trial_id":0,"param_name":"nodes","param_value_internal":2,"distribution":"{\"name\": \"CategoricalDistribution\", \"attributes\": {\"choices\": [32, 64, 128]}}"}
{"op_code":5,"worker_id":"c06943c7-d1ff-43bc-a5aa-286ee7f290a9-139735962314560","trial_id":0,"param_name":"alpha","param_value_internal":0.221642985333956,"distribution":"{\"name\": \"FloatDistribution\", \"attributes\": {\"step\": null, \"low\": 0.0, \"high\": 0.5, \"log\": false}}"}
{"op_code":5,"worker_id":"c06943c7-d1ff-43bc-a5aa-286ee7f290a9-139735962314560","trial_id":0,"param_name":"sigma","param_value_internal":0.215146564613731,"distribution":"{\"name\": \"FloatDistribution\", \"attributes\": {\"step\": null, \"low\": 0.01, \"high\": 1.0, \"log\": true}}"}
{"op_code":6,"worker_id":"c06943c7-d1ff-43bc-a5aa-286ee7f290a9-139735962314560","trial_id":0,"state":1,"values":[0.6193832918845421],"datetime_complete":"2026-03-30T10:27:36.742332"}
{"op_code":4,"worker_id":"c06943c7-d1ff-43bc-a5aa-286ee7f290a9-139735962314560","study_id":0,"datetime_start":"2026-03-30T10:27:45.597135"}
{"op_code":5,"worker_id":"c06943c7-d1ff-43bc-a5aa-286ee7f290a9-139735962314560","trial_id":1,"param_name":"lr","param_value_internal":0.00625331440410498,"distribution":"{\"name\": \"FloatDistribution\", \"attributes\": {\"step\": null, \"low\": 0.0001, \"high\": 0.1, \"log\": true}}"}
{"op_code":5,"worker_id":"c06943c7-d1ff-43bc-a5aa-286ee7f290a9-139735962314560","trial_id":1,"param_name":"dropout","param_value_internal":0.34079405535332136,"distribution":"{\"name\": \"FloatDistribution\", \"attributes\": {\"step\": null, \"low\": 0.0, \"high\": 0.5, \"log\": false}}"}
{"op_code":5,"worker_id":"c06943c7-d1ff-43bc-a5aa-286ee7f290a9-139735962314560","trial_id":1,"param_name":"layers","param_value_internal":1.0,"distribution":"{\"name\": \"IntDistribution\", \"attributes\": {\"log\": false, \"step\": 1, \"low\": 1, \"high\": 3}}"}
{"op_code":5,"worker_id":"c06943c7-d1ff-43bc-a5aa-286ee7f290a9-139735962314560","trial_id":1,"param_name":"nodes","param_value_internal":0,"distribution":"{\"name\": \"CategoricalDistribution\", \"attributes\": {\"choices\": [32, 64, 128]}}"}
{"op_code":5,"worker_id":"c06943c7-d1ff-43bc-a5aa-286ee7f290a9-139735962314560","trial_id":1,"param_name":"alpha","param_value_internal":0.2112057948991366,"distribution":"{\"name\": \"FloatDistribution\", \"attributes\": {\"step\": null, \"low\": 0.0, \"high\": 0.5, \"log\": false}}"}
{"op_code":5,"worker_id":"c06943c7-d1ff-43bc-a5aa-286ee7f290a9-139735962314560","trial_id":1,"param_name":"sigma","param_value_internal":0.4311477091164048,"distribution":"{\"name\": \"FloatDistribution\", \"attributes\": {\"step\": null, \"low\": 0.01, \"high\": 1.0, \"log\": true}}"}
{"op_code":6,"worker_id":"c06943c7-d1ff-43bc-a5aa-286ee7f290a9-139735962314560","trial_id":1,"state":1,"values":[0.6254747332478274],"datetime_complete":"2026-03-30T10:27:59.164033"}
{"op_code":4,"worker_id":"c06943c7-d1ff-43bc-a5aa-286ee7f290a9-139735962314560","study_id":0,"datetime_start":"2026-03-30T10:28:02.721231"}
{"op_code":5,"worker_id":"c06943c7-d1ff-43bc-a5aa-286ee7f290a9-139735962314560","trial_id":2,"param_name":"lr","param_value_internal":0.00010062284846303185,"distribution":"{\"name\": \"FloatDistribution\", \"attributes\": {\"step\": null, \"low\": 0.0001, \"high\": 0.1, \"log\": true}}"}
{"op_code":5,"worker_id":"c06943c7-d1ff-43bc-a5aa-286ee7f290a9-139735962314560","trial_id":2,"param_name":"dropout","param_value_internal":0.23330385541795334,"distribution":"{\"name\": \"FloatDistribution\", \"attributes\": {\"step\": null, \"low\": 0.0, \"high\": 0.5, \"log\": false}}"}
{"op_code":5,"worker_id":"c06943c7-d1ff-43bc-a5aa-286ee7f290a9-139735962314560","trial_id":2,"param_name":"layers","param_value_internal":3.0,"distribution":"{\"name\": \"IntDistribution\", \"attributes\": {\"log\": false, \"step\": 1, \"low\": 1, \"high\": 3}}"}
{"op_code":5,"worker_id":"c06943c7-d1ff-43bc-a5aa-286ee7f290a9-139735962314560","trial_id":2,"param_name":"nodes","param_value_internal":0,"distribution":"{\"name\": \"CategoricalDistribution\", \"attributes\": {\"choices\": [32, 64, 128]}}"}
{"op_code":5,"worker_id":"c06943c7-d1ff-43bc-a5aa-286ee7f290a9-139735962314560","trial_id":2,"param_name":"alpha","param_value_internal":0.17830476523998834,"distribution":"{\"name\": \"FloatDistribution\", \"attributes\": {\"step\": null, \"low\": 0.0, \"high\": 0.5, \"log\": false}}"}
{"op_code":5,"worker_id":"c06943c7-d1ff-43bc-a5aa-286ee7f290a9-139735962314560","trial_id":2,"param_name":"sigma","param_value_internal":0.01575680913903365,"distribution":"{\"name\": \"FloatDistribution\", \"attributes\": {\"step\": null, \"low\": 0.01, \"high\": 1.0, \"log\": true}}"}
{"op_code":6,"worker_id":"c06943c7-d1ff-43bc-a5aa-286ee7f290a9-139735962314560","trial_id":2,"state":1,"values":[0.491566219972307],"datetime_complete":"2026-03-30T10:28:05.282002"}
{"op_code":4,"worker_id":"c06943c7-d1ff-43bc-a5aa-286ee7f290a9-139735962314560","study_id":0,"datetime_start":"2026-03-30T10:28:08.187701"}
{"op_code":5,"worker_id":"c06943c7-d1ff-43bc-a5aa-286ee7f290a9-139735962314560","trial_id":3,"param_name":"lr","param_value_internal":0.0009176805591231106,"distribution":"{\"name\": \"FloatDistribution\", \"attributes\": {\"step\": null, \"low\": 0.0001, \"high\": 0.1, \"log\": true}}"}
{"op_code":5,"worker_id":"c06943c7-d1ff-43bc-a5aa-286ee7f290a9-139735962314560","trial_id":3,"param_name":"dropout","param_value_internal":0.11100528423994999,"distribution":"{\"name\": \"FloatDistribution\", \"attributes\": {\"step\": null, \"low\": 0.0, \"high\": 0.5, \"log\": false}}"}
{"op_code":5,"worker_id":"c06943c7-d1ff-43bc-a5aa-286ee7f290a9-139735962314560","trial_id":3,"param_name":"layers","param_value_internal":3.0,"distribution":"{\"name\": \"IntDistribution\", \"attributes\": {\"log\": false, \"step\": 1, \"low\": 1, \"high\": 3}}"}
{"op_code":5,"worker_id":"c06943c7-d1ff-43bc-a5aa-286ee7f290a9-139735962314560","trial_id":3,"param_name":"nodes","param_value_internal":1,"distribution":"{\"name\": \"CategoricalDistribution\", \"attributes\": {\"choices\": [32, 64, 128]}}"}
{"op_code":5,"worker_id":"c06943c7-d1ff-43bc-a5aa-286ee7f290a9-139735962314560","trial_id":3,"param_name":"alpha","param_value_internal":0.4702709750208531,"distribution":"{\"name\": \"FloatDistribution\", \"attributes\": {\"step\": null, \"low\": 0.0, \"high\": 0.5, \"log\": false}}"}
{"op_code":5,"worker_id":"c06943c7-d1ff-43bc-a5aa-286ee7f290a9-139735962314560","trial_id":3,"param_name":"sigma","param_value_internal":0.6464396263089881,"distribution":"{\"name\": \"FloatDistribution\", \"attributes\": {\"step\": null, \"low\": 0.01, \"high\": 1.0, \"log\": true}}"}
{"op_code":6,"worker_id":"c06943c7-d1ff-43bc-a5aa-286ee7f290a9-139735962314560","trial_id":3,"state":1,"values":[0.6228108971196775],"datetime_complete":"2026-03-30T10:28:10.746502"}
{"op_code":4,"worker_id":"c06943c7-d1ff-43bc-a5aa-286ee7f290a9-139735962314560","study_id":0,"datetime_start":"2026-03-30T10:28:10.762684"}
{"op_code":5,"worker_id":"c06943c7-d1ff-43bc-a5aa-286ee7f290a9-139735962314560","trial_id":4,"param_name":"lr","param_value_internal":0.000541441393130065,"distribution":"{\"name\": \"FloatDistribution\", \"attributes\": {\"step\": null, \"low\": 0.0001, \"high\": 0.1, \"log\": true}}"}
{"op_code":5,"worker_id":"c06943c7-d1ff-43bc-a5aa-286ee7f290a9-139735962314560","trial_id":4,"param_name":"dropout","param_value_internal":0.19753022966476985,"distribution":"{\"name\": \"FloatDistribution\", \"attributes\": {\"step\": null, \"low\": 0.0, \"high\": 0.5, \"log\": false}}"}
{"op_code":5,"worker_id":"c06943c7-d1ff-43bc-a5aa-286ee7f290a9-139735962314560","trial_id":4,"param_name":"layers","param_value_internal":3.0,"distribution":"{\"name\": \"IntDistribution\", \"attributes\": {\"log\": false, \"step\": 1, \"low\": 1, \"high\": 3}}"}
{"op_code":5,"worker_id":"c06943c7-d1ff-43bc-a5aa-286ee7f290a9-139735962314560","trial_id":4,"param_name":"nodes","param_value_internal":0,"distribution":"{\"name\": \"CategoricalDistribution\", \"attributes\": {\"choices\": [32, 64, 128]}}"}
{"op_code":5,"worker_id":"c06943c7-d1ff-43bc-a5aa-286ee7f290a9-139735962314560","trial_id":4,"param_name":"alpha","param_value_internal":0.2135786824741226,"distribution":"{\"name\": \"FloatDistribution\", \"attributes\": {\"step\": null, \"low\": 0.0, \"high\": 0.5, \"log\": false}}"}
{"op_code":5,"worker_id":"c06943c7-d1ff-43bc-a5aa-286ee7f290a9-139735962314560","trial_id":4,"param_name":"sigma","param_value_internal":0.510905406682936,"distribution":"{\"name\": \"FloatDistribution\", \"attributes\": {\"step\": null, \"low\": 0.01, \"high\": 1.0, \"log\": true}}"}
{"op_code":6,"worker_id":"c06943c7-d1ff-43bc-a5aa-286ee7f290a9-139735962314560","trial_id":4,"state":1,"values":[0.6084506770725246],"datetime_complete":"2026-03-30T10:28:13.291775"}
{"op_code":4,"worker_id":"c06943c7-d1ff-43bc-a5aa-286ee7f290a9-139735962314560","study_id":0,"datetime_start":"2026-03-30T10:28:15.825537"}
{"op_code":5,"worker_id":"c06943c7-d1ff-43bc-a5aa-286ee7f290a9-139735962314560","trial_id":5,"param_name":"lr","param_value_internal":0.00014934766504299217,"distribution":"{\"name\": \"FloatDistribution\", \"attributes\": {\"step\": null, \"low\": 0.0001, \"high\": 0.1, \"log\": true}}"}
{"op_code":5,"worker_id":"c06943c7-d1ff-43bc-a5aa-286ee7f290a9-139735962314560","trial_id":5,"param_name":"dropout","param_value_internal":0.23409645602869494,"distribution":"{\"name\": \"FloatDistribution\", \"attributes\": {\"step\": null, \"low\": 0.0, \"high\": 0.5, \"log\": false}}"}
{"op_code":5,"worker_id":"c06943c7-d1ff-43bc-a5aa-286ee7f290a9-139735962314560","trial_id":5,"param_name":"layers","param_value_internal":3.0,"distribution":"{\"name\": \"IntDistribution\", \"attributes\": {\"log\": false, \"step\": 1, \"low\": 1, \"high\": 3}}"}
{"op_code":5,"worker_id":"c06943c7-d1ff-43bc-a5aa-286ee7f290a9-139735962314560","trial_id":5,"param_name":"nodes","param_value_internal":1,"distribution":"{\"name\": \"CategoricalDistribution\", \"attributes\": {\"choices\": [32, 64, 128]}}"}
{"op_code":5,"worker_id":"c06943c7-d1ff-43bc-a5aa-286ee7f290a9-139735962314560","trial_id":5,"param_name":"alpha","param_value_internal":0.1404260681931806,"distribution":"{\"name\": \"FloatDistribution\", \"attributes\": {\"step\": null, \"low\": 0.0, \"high\": 0.5, \"log\": false}}"}
{"op_code":5,"worker_id":"c06943c7-d1ff-43bc-a5aa-286ee7f290a9-139735962314560","trial_id":5,"param_name":"sigma","param_value_internal":0.2051384501821732,"distribution":"{\"name\": \"FloatDistribution\", \"attributes\": {\"step\": null, \"low\": 0.01, \"high\": 1.0, \"log\": true}}"}
{"op_code":6,"worker_id":"c06943c7-d1ff-43bc-a5aa-286ee7f290a9-139735962314560","trial_id":5,"state":1,"values":[0.6037104322808402],"datetime_complete":"2026-03-30T10:28:18.367393"}
{"op_code":4,"worker_id":"c06943c7-d1ff-43bc-a5aa-286ee7f290a9-139735962314560","study_id":0,"datetime_start":"2026-03-30T10:28:21.224129"}
{"op_code":5,"worker_id":"c06943c7-d1ff-43bc-a5aa-286ee7f290a9-139735962314560","trial_id":6,"param_name":"lr","param_value_internal":0.00018439172193285747,"distribution":"{\"name\": \"FloatDistribution\", \"attributes\": {\"step\": null, \"low\": 0.0001, \"high\": 0.1, \"log\": true}}"}
{"op_code":5,"worker_id":"c06943c7-d1ff-43bc-a5aa-286ee7f290a9-139735962314560","trial_id":6,"param_name":"dropout","param_value_internal":0.24413085344021024,"distribution":"{\"name\": \"FloatDistribution\", \"attributes\": {\"step\": null, \"low\": 0.0, \"high\": 0.5, \"log\": false}}"}
{"op_code":5,"worker_id":"c06943c7-d1ff-43bc-a5aa-286ee7f290a9-139735962314560","trial_id":6,"param_name":"layers","param_value_internal":1.0,"distribution":"{\"name\": \"IntDistribution\", \"attributes\": {\"log\": false, \"step\": 1, \"low\": 1, \"high\": 3}}"}
{"op_code":5,"worker_id":"c06943c7-d1ff-43bc-a5aa-286ee7f290a9-139735962314560","trial_id":6,"param_name":"nodes","param_value_internal":1,"distribution":"{\"name\": \"CategoricalDistribution\", \"attributes\": {\"choices\": [32, 64, 128]}}"}
{"op_code":5,"worker_id":"c06943c7-d1ff-43bc-a5aa-286ee7f290a9-139735962314560","trial_id":6,"param_name":"alpha","param_value_internal":0.06996835591619299,"distribution":"{\"name\": \"FloatDistribution\", \"attributes\": {\"step\": null, \"low\": 0.0, \"high\": 0.5, \"log\": false}}"}
{"op_code":5,"worker_id":"c06943c7-d1ff-43bc-a5aa-286ee7f290a9-139735962314560","trial_id":6,"param_name":"sigma","param_value_internal":0.015111559627171717,"distribution":"{\"name\": \"FloatDistribution\", \"attributes\": {\"step\": null, \"low\": 0.01, \"high\": 1.0, \"log\": true}}"}
{"op_code":6,"worker_id":"c06943c7-d1ff-43bc-a5aa-286ee7f290a9-139735962314560","trial_id":6,"state":1,"values":[0.5066306725590858],"datetime_complete":"2026-03-30T10:28:23.334573"}
{"op_code":4,"worker_id":"c06943c7-d1ff-43bc-a5aa-286ee7f290a9-139735962314560","study_id":0,"datetime_start":"2026-03-30T10:28:26.658133"}
{"op_code":5,"worker_id":"c06943c7-d1ff-43bc-a5aa-286ee7f290a9-139735962314560","trial_id":7,"param_name":"lr","param_value_internal":0.011467496176704907,"distribution":"{\"name\": \"FloatDistribution\", \"attributes\": {\"step\": null, \"low\": 0.0001, \"high\": 0.1, \"log\": true}}"}
{"op_code":5,"worker_id":"c06943c7-d1ff-43bc-a5aa-286ee7f290a9-139735962314560","trial_id":7,"param_name":"dropout","param_value_internal":0.40971374958301615,"distribution":"{\"name\": \"FloatDistribution\", \"attributes\": {\"step\": null, \"low\": 0.0, \"high\": 0.5, \"log\": false}}"}
{"op_code":5,"worker_id":"c06943c7-d1ff-43bc-a5aa-286ee7f290a9-139735962314560","trial_id":7,"param_name":"layers","param_value_internal":1.0,"distribution":"{\"name\": \"IntDistribution\", \"attributes\": {\"log\": false, \"step\": 1, \"low\": 1, \"high\": 3}}"}
{"op_code":5,"worker_id":"c06943c7-d1ff-43bc-a5aa-286ee7f290a9-139735962314560","trial_id":7,"param_name":"nodes","param_value_internal":2,"distribution":"{\"name\": \"CategoricalDistribution\", \"attributes\": {\"choices\": [32, 64, 128]}}"}
{"op_code":5,"worker_id":"c06943c7-d1ff-43bc-a5aa-286ee7f290a9-139735962314560","trial_id":7,"param_name":"alpha","param_value_internal":0.013545427315591385,"distribution":"{\"name\": \"FloatDistribution\", \"attributes\": {\"step\": null, \"low\": 0.0, \"high\": 0.5, \"log\": false}}"}
{"op_code":5,"worker_id":"c06943c7-d1ff-43bc-a5aa-286ee7f290a9-139735962314560","trial_id":7,"param_name":"sigma","param_value_internal":0.036554004647736046,"distribution":"{\"name\": \"FloatDistribution\", \"attributes\": {\"step\": null, \"low\": 0.01, \"high\": 1.0, \"log\": true}}"}
{"op_code":6,"worker_id":"c06943c7-d1ff-43bc-a5aa-286ee7f290a9-139735962314560","trial_id":7,"state":1,"values":[0.5122787082492734],"datetime_complete":"2026-03-30T10:28:28.773440"}
{"op_code":4,"worker_id":"c06943c7-d1ff-43bc-a5aa-286ee7f290a9-139735962314560","study_id":0,"datetime_start":"2026-03-30T10:28:32.054868"}
{"op_code":5,"worker_id":"c06943c7-d1ff-43bc-a5aa-286ee7f290a9-139735962314560","trial_id":8,"param_name":"lr","param_value_internal":0.000205877520288365,"distribution":"{\"name\": \"FloatDistribution\", \"attributes\": {\"step\": null, \"low\": 0.0001, \"high\": 0.1, \"log\": true}}"}
{"op_code":5,"worker_id":"c06943c7-d1ff-43bc-a5aa-286ee7f290a9-139735962314560","trial_id":8,"param_name":"dropout","param_value_internal":0.39248072526956207,"distribution":"{\"name\": \"FloatDistribution\", \"attributes\": {\"step\": null, \"low\": 0.0, \"high\": 0.5, \"log\": false}}"}
{"op_code":5,"worker_id":"c06943c7-d1ff-43bc-a5aa-286ee7f290a9-139735962314560","trial_id":8,"param_name":"layers","param_value_internal":1.0,"distribution":"{\"name\": \"IntDistribution\", \"attributes\": {\"log\": false, \"step\": 1, \"low\": 1, \"high\": 3}}"}
{"op_code":5,"worker_id":"c06943c7-d1ff-43bc-a5aa-286ee7f290a9-139735962314560","trial_id":8,"param_name":"nodes","param_value_internal":2,"distribution":"{\"name\": \"CategoricalDistribution\", \"attributes\": {\"choices\": [32, 64, 128]}}"}
{"op_code":5,"worker_id":"c06943c7-d1ff-43bc-a5aa-286ee7f290a9-139735962314560","trial_id":8,"param_name":"alpha","param_value_internal":0.08035551660144319,"distribution":"{\"name\": \"FloatDistribution\", \"attributes\": {\"step\": null, \"low\": 0.0, \"high\": 0.5, \"log\": false}}"}
{"op_code":5,"worker_id":"c06943c7-d1ff-43bc-a5aa-286ee7f290a9-139735962314560","trial_id":8,"param_name":"sigma","param_value_internal":0.059223023124016054,"distribution":"{\"name\": \"FloatDistribution\", \"attributes\": {\"step\": null, \"low\": 0.01, \"high\": 1.0, \"log\": true}}"}
{"op_code":6,"worker_id":"c06943c7-d1ff-43bc-a5aa-286ee7f290a9-139735962314560","trial_id":8,"state":1,"values":[0.6078258266227117],"datetime_complete":"2026-03-30T10:28:37.909112"}
{"op_code":4,"worker_id":"c06943c7-d1ff-43bc-a5aa-286ee7f290a9-139735962314560","study_id":0,"datetime_start":"2026-03-30T10:28:38.039427"}
{"op_code":5,"worker_id":"c06943c7-d1ff-43bc-a5aa-286ee7f290a9-139735962314560","trial_id":9,"param_name":"lr","param_value_internal":0.0006766861482034361,"distribution":"{\"name\": \"FloatDistribution\", \"attributes\": {\"step\": null, \"low\": 0.0001, \"high\": 0.1, \"log\": true}}"}
{"op_code":5,"worker_id":"c06943c7-d1ff-43bc-a5aa-286ee7f290a9-139735962314560","trial_id":9,"param_name":"dropout","param_value_internal":0.24226887303979333,"distribution":"{\"name\": \"FloatDistribution\", \"attributes\": {\"step\": null, \"low\": 0.0, \"high\": 0.5, \"log\": false}}"}
{"op_code":5,"worker_id":"c06943c7-d1ff-43bc-a5aa-286ee7f290a9-139735962314560","trial_id":9,"param_name":"layers","param_value_internal":1.0,"distribution":"{\"name\": \"IntDistribution\", \"attributes\": {\"log\": false, \"step\": 1, \"low\": 1, \"high\": 3}}"}
{"op_code":5,"worker_id":"c06943c7-d1ff-43bc-a5aa-286ee7f290a9-139735962314560","trial_id":9,"param_name":"nodes","param_value_internal":2,"distribution":"{\"name\": \"CategoricalDistribution\", \"attributes\": {\"choices\": [32, 64, 128]}}"}
{"op_code":5,"worker_id":"c06943c7-d1ff-43bc-a5aa-286ee7f290a9-139735962314560","trial_id":9,"param_name":"alpha","param_value_internal":0.3432871417418895,"distribution":"{\"name\": \"FloatDistribution\", \"attributes\": {\"step\": null, \"low\": 0.0, \"high\": 0.5, \"log\": false}}"}
{"op_code":5,"worker_id":"c06943c7-d1ff-43bc-a5aa-286ee7f290a9-139735962314560","trial_id":9,"param_name":"sigma","param_value_internal":0.03583342616333459,"distribution":"{\"name\": \"FloatDistribution\", \"attributes\": {\"step\": null, \"low\": 0.01, \"high\": 1.0, \"log\": true}}"}
{"op_code":6,"worker_id":"c06943c7-d1ff-43bc-a5aa-286ee7f290a9-139735962314560","trial_id":9,"state":1,"values":[0.6177877118793029],"datetime_complete":"2026-03-30T10:28:40.477564"}
{"op_code":4,"worker_id":"c06943c7-d1ff-43bc-a5aa-286ee7f290a9-139735962314560","study_id":0,"datetime_start":"2026-03-30T10:28:40.502964"}
{"op_code":5,"worker_id":"c06943c7-d1ff-43bc-a5aa-286ee7f290a9-139735962314560","trial_id":10,"param_name":"lr","param_value_internal":0.09524137279825255,"distribution":"{\"name\": \"FloatDistribution\", \"attributes\": {\"step\": null, \"low\": 0.0001, \"high\": 0.1, \"log\": true}}"}
{"op_code":5,"worker_id":"c06943c7-d1ff-43bc-a5aa-286ee7f290a9-139735962314560","trial_id":10,"param_name":"dropout","param_value_internal":0.03183704387143163,"distribution":"{\"name\": \"FloatDistribution\", \"attributes\": {\"step\": null, \"low\": 0.0, \"high\": 0.5, \"log\": false}}"}
{"op_code":5,"worker_id":"c06943c7-d1ff-43bc-a5aa-286ee7f290a9-139735962314560","trial_id":10,"param_name":"layers","param_value_internal":2.0,"distribution":"{\"name\": \"IntDistribution\", \"attributes\": {\"log\": false, \"step\": 1, \"low\": 1, \"high\": 3}}"}
{"op_code":5,"worker_id":"c06943c7-d1ff-43bc-a5aa-286ee7f290a9-139735962314560","trial_id":10,"param_name":"nodes","param_value_internal":0,"distribution":"{\"name\": \"CategoricalDistribution\", \"attributes\": {\"choices\": [32, 64, 128]}}"}
{"op_code":5,"worker_id":"c06943c7-d1ff-43bc-a5aa-286ee7f290a9-139735962314560","trial_id":10,"param_name":"alpha","param_value_internal":0.3280352180412067,"distribution":"{\"name\": \"FloatDistribution\", \"attributes\": {\"step\": null, \"low\": 0.0, \"high\": 0.5, \"log\": false}}"}
{"op_code":5,"worker_id":"c06943c7-d1ff-43bc-a5aa-286ee7f290a9-139735962314560","trial_id":10,"param_name":"sigma","param_value_internal":0.985115981672405,"distribution":"{\"name\": \"FloatDistribution\", \"attributes\": {\"step\": null, \"low\": 0.01, \"high\": 1.0, \"log\": true}}"}
{"op_code":6,"worker_id":"c06943c7-d1ff-43bc-a5aa-286ee7f290a9-139735962314560","trial_id":10,"state":1,"values":[0.6101715673766828],"datetime_complete":"2026-03-30T10:28:42.827196"}
{"op_code":4,"worker_id":"c06943c7-d1ff-43bc-a5aa-286ee7f290a9-139735962314560","study_id":0,"datetime_start":"2026-03-30T10:28:42.847235"}
{"op_code":5,"worker_id":"c06943c7-d1ff-43bc-a5aa-286ee7f290a9-139735962314560","trial_id":11,"param_name":"lr","param_value_internal":0.0036690132126188445,"distribution":"{\"name\": \"FloatDistribution\", \"attributes\": {\"step\": null, \"low\": 0.0001, \"high\": 0.1, \"log\": true}}"}
{"op_code":5,"worker_id":"c06943c7-d1ff-43bc-a5aa-286ee7f290a9-139735962314560","trial_id":11,"param_name":"dropout","param_value_internal":0.08989104359744707,"distribution":"{\"name\": \"FloatDistribution\", \"attributes\": {\"step\": null, \"low\": 0.0, \"high\": 0.5, \"log\": false}}"}
{"op_code":5,"worker_id":"c06943c7-d1ff-43bc-a5aa-286ee7f290a9-139735962314560","trial_id":11,"param_name":"layers","param_value_internal":2.0,"distribution":"{\"name\": \"IntDistribution\", \"attributes\": {\"log\": false, \"step\": 1, \"low\": 1, \"high\": 3}}"}
{"op_code":5,"worker_id":"c06943c7-d1ff-43bc-a5aa-286ee7f290a9-139735962314560","trial_id":11,"param_name":"nodes","param_value_internal":1,"distribution":"{\"name\": \"CategoricalDistribution\", \"attributes\": {\"choices\": [32, 64, 128]}}"}
{"op_code":5,"worker_id":"c06943c7-d1ff-43bc-a5aa-286ee7f290a9-139735962314560","trial_id":11,"param_name":"alpha","param_value_internal":0.49801816351910466,"distribution":"{\"name\": \"FloatDistribution\", \"attributes\": {\"step\": null, \"low\": 0.0, \"high\": 0.5, \"log\": false}}"}
{"op_code":5,"worker_id":"c06943c7-d1ff-43bc-a5aa-286ee7f290a9-139735962314560","trial_id":11,"param_name":"sigma","param_value_internal":0.44673546093136157,"distribution":"{\"name\": \"FloatDistribution\", \"attributes\": {\"step\": null, \"low\": 0.01, \"high\": 1.0, \"log\": true}}"}
{"op_code":6,"worker_id":"c06943c7-d1ff-43bc-a5aa-286ee7f290a9-139735962314560","trial_id":11,"state":1,"values":[0.6158802736640845],"datetime_complete":"2026-03-30T10:28:45.169154"}
{"op_code":4,"worker_id":"c06943c7-d1ff-43bc-a5aa-286ee7f290a9-139735962314560","study_id":0,"datetime_start":"2026-03-30T10:28:45.189257"}
{"op_code":5,"worker_id":"c06943c7-d1ff-43bc-a5aa-286ee7f290a9-139735962314560","trial_id":12,"param_name":"lr","param_value_internal":0.005725153951655254,"distribution":"{\"name\": \"FloatDistribution\", \"attributes\": {\"step\": null, \"low\": 0.0001, \"high\": 0.1, \"log\": true}}"}
{"op_code":5,"worker_id":"c06943c7-d1ff-43bc-a5aa-286ee7f290a9-139735962314560","trial_id":12,"param_name":"dropout","param_value_internal":0.493703923802707,"distribution":"{\"name\": \"FloatDistribution\", \"attributes\": {\"step\": null, \"low\": 0.0, \"high\": 0.5, \"log\": false}}"}
{"op_code":5,"worker_id":"c06943c7-d1ff-43bc-a5aa-286ee7f290a9-139735962314560","trial_id":12,"param_name":"layers","param_value_internal":2.0,"distribution":"{\"name\": \"IntDistribution\", \"attributes\": {\"log\": false, \"step\": 1, \"low\": 1, \"high\": 3}}"}
{"op_code":5,"worker_id":"c06943c7-d1ff-43bc-a5aa-286ee7f290a9-139735962314560","trial_id":12,"param_name":"nodes","param_value_internal":0,"distribution":"{\"name\": \"CategoricalDistribution\", \"attributes\": {\"choices\": [32, 64, 128]}}"}
{"op_code":5,"worker_id":"c06943c7-d1ff-43bc-a5aa-286ee7f290a9-139735962314560","trial_id":12,"param_name":"alpha","param_value_internal":0.49692276234013627,"distribution":"{\"name\": \"FloatDistribution\", \"attributes\": {\"step\": null, \"low\": 0.0, \"high\": 0.5, \"log\": false}}"}
{"op_code":5,"worker_id":"c06943c7-d1ff-43bc-a5aa-286ee7f290a9-139735962314560","trial_id":12,"param_name":"sigma","param_value_internal":0.9683495774659158,"distribution":"{\"name\": \"FloatDistribution\", \"attributes\": {\"step\": null, \"low\": 0.01, \"high\": 1.0, \"log\": true}}"}
{"op_code":6,"worker_id":"c06943c7-d1ff-43bc-a5aa-286ee7f290a9-139735962314560","trial_id":12,"state":1,"values":[0.6157288806785127],"datetime_complete":"2026-03-30T10:28:47.515801"}
{"op_code":4,"worker_id":"c06943c7-d1ff-43bc-a5aa-286ee7f290a9-139735962314560","study_id":0,"datetime_start":"2026-03-30T10:28:47.536820"}
{"op_code":5,"worker_id":"c06943c7-d1ff-43bc-a5aa-286ee7f290a9-139735962314560","trial_id":13,"param_name":"lr","param_value_internal":0.0013279263343693316,"distribution":"{\"name\": \"FloatDistribution\", \"attributes\": {\"step\": null, \"low\": 0.0001, \"high\": 0.1, \"log\": true}}"}
{"op_code":5,"worker_id":"c06943c7-d1ff-43bc-a5aa-286ee7f290a9-139735962314560","trial_id":13,"param_name":"dropout","param_value_internal":0.13826792749579003,"distribution":"{\"name\": \"FloatDistribution\", \"attributes\": {\"step\": null, \"low\": 0.0, \"high\": 0.5, \"log\": false}}"}
{"op_code":5,"worker_id":"c06943c7-d1ff-43bc-a5aa-286ee7f290a9-139735962314560","trial_id":13,"param_name":"layers","param_value_internal":2.0,"distribution":"{\"name\": \"IntDistribution\", \"attributes\": {\"log\": false, \"step\": 1, \"low\": 1, \"high\": 3}}"}
{"op_code":5,"worker_id":"c06943c7-d1ff-43bc-a5aa-286ee7f290a9-139735962314560","trial_id":13,"param_name":"nodes","param_value_internal":1,"distribution":"{\"name\": \"CategoricalDistribution\", \"attributes\": {\"choices\": [32, 64, 128]}}"}
{"op_code":5,"worker_id":"c06943c7-d1ff-43bc-a5aa-286ee7f290a9-139735962314560","trial_id":13,"param_name":"alpha","param_value_internal":0.3250856051090085,"distribution":"{\"name\": \"FloatDistribution\", \"attributes\": {\"step\": null, \"low\": 0.0, \"high\": 0.5, \"log\": false}}"}
{"op_code":5,"worker_id":"c06943c7-d1ff-43bc-a5aa-286ee7f290a9-139735962314560","trial_id":13,"param_name":"sigma","param_value_internal":0.19010242505868297,"distribution":"{\"name\": \"FloatDistribution\", \"attributes\": {\"step\": null, \"low\": 0.01, \"high\": 1.0, \"log\": true}}"}
{"op_code":6,"worker_id":"c06943c7-d1ff-43bc-a5aa-286ee7f290a9-139735962314560","trial_id":13,"state":1,"values":[0.6221599639832118],"datetime_complete":"2026-03-30T10:28:49.864778"}
{"op_code":4,"worker_id":"c06943c7-d1ff-43bc-a5aa-286ee7f290a9-139735962314560","study_id":0,"datetime_start":"2026-03-30T10:28:49.884580"}
{"op_code":5,"worker_id":"c06943c7-d1ff-43bc-a5aa-286ee7f290a9-139735962314560","trial_id":14,"param_name":"lr","param_value_internal":0.020153920387313392,"distribution":"{\"name\": \"FloatDistribution\", \"attributes\": {\"step\": null, \"low\": 0.0001, \"high\": 0.1, \"log\": true}}"}
{"op_code":5,"worker_id":"c06943c7-d1ff-43bc-a5aa-286ee7f290a9-139735962314560","trial_id":14,"param_name":"dropout","param_value_internal":0.31713445041891775,"distribution":"{\"name\": \"FloatDistribution\", \"attributes\": {\"step\": null, \"low\": 0.0, \"high\": 0.5, \"log\": false}}"}
{"op_code":5,"worker_id":"c06943c7-d1ff-43bc-a5aa-286ee7f290a9-139735962314560","trial_id":14,"param_name":"layers","param_value_internal":2.0,"distribution":"{\"name\": \"IntDistribution\", \"attributes\": {\"log\": false, \"step\": 1, \"low\": 1, \"high\": 3}}"}
{"op_code":5,"worker_id":"c06943c7-d1ff-43bc-a5aa-286ee7f290a9-139735962314560","trial_id":14,"param_name":"nodes","param_value_internal":0,"distribution":"{\"name\": \"CategoricalDistribution\", \"attributes\": {\"choices\": [32, 64, 128]}}"}
{"op_code":5,"worker_id":"c06943c7-d1ff-43bc-a5aa-286ee7f290a9-139735962314560","trial_id":14,"param_name":"alpha","param_value_internal":0.41706300110355715,"distribution":"{\"name\": \"FloatDistribution\", \"attributes\": {\"step\": null, \"low\": 0.0, \"high\": 0.5, \"log\": false}}"}
{"op_code":5,"worker_id":"c06943c7-d1ff-43bc-a5aa-286ee7f290a9-139735962314560","trial_id":14,"param_name":"sigma","param_value_internal":0.4418807928280894,"distribution":"{\"name\": \"FloatDistribution\", \"attributes\": {\"step\": null, \"low\": 0.01, \"high\": 1.0, \"log\": true}}"}
{"op_code":6,"worker_id":"c06943c7-d1ff-43bc-a5aa-286ee7f290a9-139735962314560","trial_id":14,"state":1,"values":[0.6219921275647503],"datetime_complete":"2026-03-30T10:28:52.203774"}
{"op_code":4,"worker_id":"c06943c7-d1ff-43bc-a5aa-286ee7f290a9-139735962314560","study_id":0,"datetime_start":"2026-03-30T10:28:52.223048"}
{"op_code":5,"worker_id":"c06943c7-d1ff-43bc-a5aa-286ee7f290a9-139735962314560","trial_id":15,"param_name":"lr","param_value_internal":0.001499750247910923,"distribution":"{\"name\": \"FloatDistribution\", \"attributes\": {\"step\": null, \"low\": 0.0001, \"high\": 0.1, \"log\": true}}"}
{"op_code":5,"worker_id":"c06943c7-d1ff-43bc-a5aa-286ee7f290a9-139735962314560","trial_id":15,"param_name":"dropout","param_value_internal":0.004589151964371846,"distribution":"{\"name\": \"FloatDistribution\", \"attributes\": {\"step\": null, \"low\": 0.0, \"high\": 0.5, \"log\": false}}"}
{"op_code":5,"worker_id":"c06943c7-d1ff-43bc-a5aa-286ee7f290a9-139735962314560","trial_id":15,"param_name":"layers","param_value_internal":1.0,"distribution":"{\"name\": \"IntDistribution\", \"attributes\": {\"log\": false, \"step\": 1, \"low\": 1, \"high\": 3}}"}
{"op_code":5,"worker_id":"c06943c7-d1ff-43bc-a5aa-286ee7f290a9-139735962314560","trial_id":15,"param_name":"nodes","param_value_internal":1,"distribution":"{\"name\": \"CategoricalDistribution\", \"attributes\": {\"choices\": [32, 64, 128]}}"}
{"op_code":5,"worker_id":"c06943c7-d1ff-43bc-a5aa-286ee7f290a9-139735962314560","trial_id":15,"param_name":"alpha","param_value_internal":0.26935480731495026,"distribution":"{\"name\": \"FloatDistribution\", \"attributes\": {\"step\": null, \"low\": 0.0, \"high\": 0.5, \"log\": false}}"}
{"op_code":5,"worker_id":"c06943c7-d1ff-43bc-a5aa-286ee7f290a9-139735962314560","trial_id":15,"param_name":"sigma","param_value_internal":0.13616400487203367,"distribution":"{\"name\": \"FloatDistribution\", \"attributes\": {\"step\": null, \"low\": 0.01, \"high\": 1.0, \"log\": true}}"}
{"op_code":6,"worker_id":"c06943c7-d1ff-43bc-a5aa-286ee7f290a9-139735962314560","trial_id":15,"state":1,"values":[0.6231244563744385],"datetime_complete":"2026-03-30T10:28:54.319472"}
{"op_code":4,"worker_id":"c06943c7-d1ff-43bc-a5aa-286ee7f290a9-139735962314560","study_id":0,"datetime_start":"2026-03-30T10:28:54.345749"}
{"op_code":5,"worker_id":"c06943c7-d1ff-43bc-a5aa-286ee7f290a9-139735962314560","trial_id":16,"param_name":"lr","param_value_internal":0.001942496349451839,"distribution":"{\"name\": \"FloatDistribution\", \"attributes\": {\"step\": null, \"low\": 0.0001, \"high\": 0.1, \"log\": true}}"}
{"op_code":5,"worker_id":"c06943c7-d1ff-43bc-a5aa-286ee7f290a9-139735962314560","trial_id":16,"param_name":"dropout","param_value_internal":0.0006521290371030823,"distribution":"{\"name\": \"FloatDistribution\", \"attributes\": {\"step\": null, \"low\": 0.0, \"high\": 0.5, \"log\": false}}"}
{"op_code":5,"worker_id":"c06943c7-d1ff-43bc-a5aa-286ee7f290a9-139735962314560","trial_id":16,"param_name":"layers","param_value_internal":1.0,"distribution":"{\"name\": \"IntDistribution\", \"attributes\": {\"log\": false, \"step\": 1, \"low\": 1, \"high\": 3}}"}
{"op_code":5,"worker_id":"c06943c7-d1ff-43bc-a5aa-286ee7f290a9-139735962314560","trial_id":16,"param_name":"nodes","param_value_internal":1,"distribution":"{\"name\": \"CategoricalDistribution\", \"attributes\": {\"choices\": [32, 64, 128]}}"}
{"op_code":5,"worker_id":"c06943c7-d1ff-43bc-a5aa-286ee7f290a9-139735962314560","trial_id":16,"param_name":"alpha","param_value_internal":0.2848039141894178,"distribution":"{\"name\": \"FloatDistribution\", \"attributes\": {\"step\": null, \"low\": 0.0, \"high\": 0.5, \"log\": false}}"}
{"op_code":5,"worker_id":"c06943c7-d1ff-43bc-a5aa-286ee7f290a9-139735962314560","trial_id":16,"param_name":"sigma","param_value_internal":0.10381085210580106,"distribution":"{\"name\": \"FloatDistribution\", \"attributes\": {\"step\": null, \"low\": 0.01, \"high\": 1.0, \"log\": true}}"}
{"op_code":6,"worker_id":"c06943c7-d1ff-43bc-a5aa-286ee7f290a9-139735962314560","trial_id":16,"state":1,"values":[0.6190340106893654],"datetime_complete":"2026-03-30T10:28:56.441458"}
{"op_code":4,"worker_id":"c06943c7-d1ff-43bc-a5aa-286ee7f290a9-139735962314560","study_id":0,"datetime_start":"2026-03-30T10:28:56.467403"}
{"op_code":5,"worker_id":"c06943c7-d1ff-43bc-a5aa-286ee7f290a9-139735962314560","trial_id":17,"param_name":"lr","param_value_internal":0.027200002372580925,"distribution":"{\"name\": \"FloatDistribution\", \"attributes\": {\"step\": null, \"low\": 0.0001, \"high\": 0.1, \"log\": true}}"}
{"op_code":5,"worker_id":"c06943c7-d1ff-43bc-a5aa-286ee7f290a9-139735962314560","trial_id":17,"param_name":"dropout","param_value_internal":0.343611157818448,"distribution":"{\"name\": \"FloatDistribution\", \"attributes\": {\"step\": null, \"low\": 0.0, \"high\": 0.5, \"log\": false}}"}
{"op_code":5,"worker_id":"c06943c7-d1ff-43bc-a5aa-286ee7f290a9-139735962314560","trial_id":17,"param_name":"layers","param_value_internal":1.0,"distribution":"{\"name\": \"IntDistribution\", \"attributes\": {\"log\": false, \"step\": 1, \"low\": 1, \"high\": 3}}"}
{"op_code":5,"worker_id":"c06943c7-d1ff-43bc-a5aa-286ee7f290a9-139735962314560","trial_id":17,"param_name":"nodes","param_value_internal":0,"distribution":"{\"name\": \"CategoricalDistribution\", \"attributes\": {\"choices\": [32, 64, 128]}}"}
{"op_code":5,"worker_id":"c06943c7-d1ff-43bc-a5aa-286ee7f290a9-139735962314560","trial_id":17,"param_name":"alpha","param_value_internal":0.25964068016974146,"distribution":"{\"name\": \"FloatDistribution\", \"attributes\": {\"step\": null, \"low\": 0.0, \"high\": 0.5, \"log\": false}}"}
{"op_code":5,"worker_id":"c06943c7-d1ff-43bc-a5aa-286ee7f290a9-139735962314560","trial_id":17,"param_name":"sigma","param_value_internal":0.11604247435252373,"distribution":"{\"name\": \"FloatDistribution\", \"attributes\": {\"step\": null, \"low\": 0.01, \"high\": 1.0, \"log\": true}}"}
{"op_code":6,"worker_id":"c06943c7-d1ff-43bc-a5aa-286ee7f290a9-139735962314560","trial_id":17,"state":1,"values":[0.6188848857635026],"datetime_complete":"2026-03-30T10:28:58.554922"}
{"op_code":4,"worker_id":"c06943c7-d1ff-43bc-a5aa-286ee7f290a9-139735962314560","study_id":0,"datetime_start":"2026-03-30T10:28:58.573199"}
{"op_code":5,"worker_id":"c06943c7-d1ff-43bc-a5aa-286ee7f290a9-139735962314560","trial_id":18,"param_name":"lr","param_value_internal":0.005707614302139627,"distribution":"{\"name\": \"FloatDistribution\", \"attributes\": {\"step\": null, \"low\": 0.0001, \"high\": 0.1, \"log\": true}}"}
{"op_code":5,"worker_id":"c06943c7-d1ff-43bc-a5aa-286ee7f290a9-139735962314560","trial_id":18,"param_name":"dropout","param_value_internal":0.4653200393159311,"distribution":"{\"name\": \"FloatDistribution\", \"attributes\": {\"step\": null, \"low\": 0.0, \"high\": 0.5, \"log\": false}}"}
{"op_code":5,"worker_id":"c06943c7-d1ff-43bc-a5aa-286ee7f290a9-139735962314560","trial_id":18,"param_name":"layers","param_value_internal":1.0,"distribution":"{\"name\": \"IntDistribution\", \"attributes\": {\"log\": false, \"step\": 1, \"low\": 1, \"high\": 3}}"}
{"op_code":5,"worker_id":"c06943c7-d1ff-43bc-a5aa-286ee7f290a9-139735962314560","trial_id":18,"param_name":"nodes","param_value_internal":0,"distribution":"{\"name\": \"CategoricalDistribution\", \"attributes\": {\"choices\": [32, 64, 128]}}"}
{"op_code":5,"worker_id":"c06943c7-d1ff-43bc-a5aa-286ee7f290a9-139735962314560","trial_id":18,"param_name":"alpha","param_value_internal":0.3907607844303477,"distribution":"{\"name\": \"FloatDistribution\", \"attributes\": {\"step\": null, \"low\": 0.0, \"high\": 0.5, \"log\": false}}"}
{"op_code":5,"worker_id":"c06943c7-d1ff-43bc-a5aa-286ee7f290a9-139735962314560","trial_id":18,"param_name":"sigma","param_value_internal":0.2861405951181301,"distribution":"{\"name\": \"FloatDistribution\", \"attributes\": {\"step\": null, \"low\": 0.01, \"high\": 1.0, \"log\": true}}"}
{"op_code":6,"worker_id":"c06943c7-d1ff-43bc-a5aa-286ee7f290a9-139735962314560","trial_id":18,"state":1,"values":[0.6238252868245009],"datetime_complete":"2026-03-30T10:29:00.669708"}
{"op_code":4,"worker_id":"c06943c7-d1ff-43bc-a5aa-286ee7f290a9-139735962314560","study_id":0,"datetime_start":"2026-03-30T10:29:00.684597"}
{"op_code":5,"worker_id":"c06943c7-d1ff-43bc-a5aa-286ee7f290a9-139735962314560","trial_id":19,"param_name":"lr","param_value_internal":0.007708658527184611,"distribution":"{\"name\": \"FloatDistribution\", \"attributes\": {\"step\": null, \"low\": 0.0001, \"high\": 0.1, \"log\": true}}"}
{"op_code":5,"worker_id":"c06943c7-d1ff-43bc-a5aa-286ee7f290a9-139735962314560","trial_id":19,"param_name":"dropout","param_value_internal":0.4746341109905979,"distribution":"{\"name\": \"FloatDistribution\", \"attributes\": {\"step\": null, \"low\": 0.0, \"high\": 0.5, \"log\": false}}"}
{"op_code":5,"worker_id":"c06943c7-d1ff-43bc-a5aa-286ee7f290a9-139735962314560","trial_id":19,"param_name":"layers","param_value_internal":1.0,"distribution":"{\"name\": \"IntDistribution\", \"attributes\": {\"log\": false, \"step\": 1, \"low\": 1, \"high\": 3}}"}
{"op_code":5,"worker_id":"c06943c7-d1ff-43bc-a5aa-286ee7f290a9-139735962314560","trial_id":19,"param_name":"nodes","param_value_internal":0,"distribution":"{\"name\": \"CategoricalDistribution\", \"attributes\": {\"choices\": [32, 64, 128]}}"}
{"op_code":5,"worker_id":"c06943c7-d1ff-43bc-a5aa-286ee7f290a9-139735962314560","trial_id":19,"param_name":"alpha","param_value_internal":0.3906205429809048,"distribution":"{\"name\": \"FloatDistribution\", \"attributes\": {\"step\": null, \"low\": 0.0, \"high\": 0.5, \"log\": false}}"}
{"op_code":5,"worker_id":"c06943c7-d1ff-43bc-a5aa-286ee7f290a9-139735962314560","trial_id":19,"param_name":"sigma","param_value_internal":0.28477012340130775,"distribution":"{\"name\": \"FloatDistribution\", \"attributes\": {\"step\": null, \"low\": 0.01, \"high\": 1.0, \"log\": true}}"}
{"op_code":6,"worker_id":"c06943c7-d1ff-43bc-a5aa-286ee7f290a9-139735962314560","trial_id":19,"state":1,"values":[0.617348842325623],"datetime_complete":"2026-03-30T10:29:02.779715"}
{"op_code":0,"worker_id":"b2458213-b555-46fc-8a10-0e26528af581-139956833154880","study_name":"deephit_single_tuning","directions":[2]}
{"op_code":4,"worker_id":"b2458213-b555-46fc-8a10-0e26528af581-139956833154880","study_id":0,"datetime_start":"2026-03-30T10:44:04.251173"}
{"op_code":5,"worker_id":"b2458213-b555-46fc-8a10-0e26528af581-139956833154880","trial_id":20,"param_name":"lr","param_value_internal":0.06418035183283924,"distribution":"{\"name\": \"FloatDistribution\", \"attributes\": {\"step\": null, \"low\": 0.0001, \"high\": 0.1, \"log\": true}}"}
{"op_code":5,"worker_id":"b2458213-b555-46fc-8a10-0e26528af581-139956833154880","trial_id":20,"param_name":"dropout","param_value_internal":0.4384117925293072,"distribution":"{\"name\": \"FloatDistribution\", \"attributes\": {\"step\": null, \"low\": 0.0, \"high\": 0.5, \"log\": false}}"}
{"op_code":5,"worker_id":"b2458213-b555-46fc-8a10-0e26528af581-139956833154880","trial_id":20,"param_name":"layers","param_value_internal":1.0,"distribution":"{\"name\": \"IntDistribution\", \"attributes\": {\"log\": false, \"step\": 1, \"low\": 1, \"high\": 3}}"}
{"op_code":5,"worker_id":"b2458213-b555-46fc-8a10-0e26528af581-139956833154880","trial_id":20,"param_name":"nodes","param_value_internal":0,"distribution":"{\"name\": \"CategoricalDistribution\", \"attributes\": {\"choices\": [32, 64, 128]}}"}
{"op_code":5,"worker_id":"b2458213-b555-46fc-8a10-0e26528af581-139956833154880","trial_id":20,"param_name":"alpha","param_value_internal":0.39961703828221223,"distribution":"{\"name\": \"FloatDistribution\", \"attributes\": {\"step\": null, \"low\": 0.0, \"high\": 0.5, \"log\": false}}"}
{"op_code":5,"worker_id":"b2458213-b555-46fc-8a10-0e26528af581-139956833154880","trial_id":20,"param_name":"sigma","param_value_internal":0.32413647810823437,"distribution":"{\"name\": \"FloatDistribution\", \"attributes\": {\"step\": null, \"low\": 0.01, \"high\": 1.0, \"log\": true}}"}
{"op_code":6,"worker_id":"b2458213-b555-46fc-8a10-0e26528af581-139956833154880","trial_id":20,"state":1,"values":[0.6242953421991787],"datetime_complete":"2026-03-30T10:44:06.530017"}
{"op_code":4,"worker_id":"b2458213-b555-46fc-8a10-0e26528af581-139956833154880","study_id":0,"datetime_start":"2026-03-30T10:44:06.554939"}
{"op_code":5,"worker_id":"b2458213-b555-46fc-8a10-0e26528af581-139956833154880","trial_id":21,"param_name":"lr","param_value_internal":0.08038119740729242,"distribution":"{\"name\": \"FloatDistribution\", \"attributes\": {\"step\": null, \"low\": 0.0001, \"high\": 0.1, \"log\": true}}"}
{"op_code":5,"worker_id":"b2458213-b555-46fc-8a10-0e26528af581-139956833154880","trial_id":21,"param_name":"dropout","param_value_internal":0.43887473839736835,"distribution":"{\"name\": \"FloatDistribution\", \"attributes\": {\"step\": null, \"low\": 0.0, \"high\": 0.5, \"log\": false}}"}
{"op_code":5,"worker_id":"b2458213-b555-46fc-8a10-0e26528af581-139956833154880","trial_id":21,"param_name":"layers","param_value_internal":1.0,"distribution":"{\"name\": \"IntDistribution\", \"attributes\": {\"log\": false, \"step\": 1, \"low\": 1, \"high\": 3}}"}
{"op_code":5,"worker_id":"b2458213-b555-46fc-8a10-0e26528af581-139956833154880","trial_id":21,"param_name":"nodes","param_value_internal":0,"distribution":"{\"name\": \"CategoricalDistribution\", \"attributes\": {\"choices\": [32, 64, 128]}}"}
{"op_code":5,"worker_id":"b2458213-b555-46fc-8a10-0e26528af581-139956833154880","trial_id":21,"param_name":"alpha","param_value_internal":0.36853197317746184,"distribution":"{\"name\": \"FloatDistribution\", \"attributes\": {\"step\": null, \"low\": 0.0, \"high\": 0.5, \"log\": false}}"}
{"op_code":5,"worker_id":"b2458213-b555-46fc-8a10-0e26528af581-139956833154880","trial_id":21,"param_name":"sigma","param_value_internal":0.34612278306586314,"distribution":"{\"name\": \"FloatDistribution\", \"attributes\": {\"step\": null, \"low\": 0.01, \"high\": 1.0, \"log\": true}}"}
{"op_code":6,"worker_id":"b2458213-b555-46fc-8a10-0e26528af581-139956833154880","trial_id":21,"state":1,"values":[0.61740894590791],"datetime_complete":"2026-03-30T10:44:08.717196"}
{"op_code":4,"worker_id":"b2458213-b555-46fc-8a10-0e26528af581-139956833154880","study_id":0,"datetime_start":"2026-03-30T10:44:08.735792"}
{"op_code":5,"worker_id":"b2458213-b555-46fc-8a10-0e26528af581-139956833154880","trial_id":22,"param_name":"lr","param_value_internal":0.03892198942648947,"distribution":"{\"name\": \"FloatDistribution\", \"attributes\": {\"step\": null, \"low\": 0.0001, \"high\": 0.1, \"log\": true}}"}
{"op_code":5,"worker_id":"b2458213-b555-46fc-8a10-0e26528af581-139956833154880","trial_id":22,"param_name":"dropout","param_value_internal":0.3057646993290313,"distribution":"{\"name\": \"FloatDistribution\", \"attributes\": {\"step\": null, \"low\": 0.0, \"high\": 0.5, \"log\": false}}"}
{"op_code":5,"worker_id":"b2458213-b555-46fc-8a10-0e26528af581-139956833154880","trial_id":22,"param_name":"layers","param_value_internal":1.0,"distribution":"{\"name\": \"IntDistribution\", \"attributes\": {\"log\": false, \"step\": 1, \"low\": 1, \"high\": 3}}"}
{"op_code":5,"worker_id":"b2458213-b555-46fc-8a10-0e26528af581-139956833154880","trial_id":22,"param_name":"nodes","param_value_internal":0,"distribution":"{\"name\": \"CategoricalDistribution\", \"attributes\": {\"choices\": [32, 64, 128]}}"}
{"op_code":5,"worker_id":"b2458213-b555-46fc-8a10-0e26528af581-139956833154880","trial_id":22,"param_name":"alpha","param_value_internal":0.43423350333366223,"distribution":"{\"name\": \"FloatDistribution\", \"attributes\": {\"step\": null, \"low\": 0.0, \"high\": 0.5, \"log\": false}}"}
{"op_code":5,"worker_id":"b2458213-b555-46fc-8a10-0e26528af581-139956833154880","trial_id":22,"param_name":"sigma","param_value_internal":0.29135857830961903,"distribution":"{\"name\": \"FloatDistribution\", \"attributes\": {\"step\": null, \"low\": 0.01, \"high\": 1.0, \"log\": true}}"}
{"op_code":6,"worker_id":"b2458213-b555-46fc-8a10-0e26528af581-139956833154880","trial_id":22,"state":1,"values":[0.6206896942768916],"datetime_complete":"2026-03-30T10:44:10.897170"}
{"op_code":4,"worker_id":"b2458213-b555-46fc-8a10-0e26528af581-139956833154880","study_id":0,"datetime_start":"2026-03-30T10:44:10.915701"}
{"op_code":5,"worker_id":"b2458213-b555-46fc-8a10-0e26528af581-139956833154880","trial_id":23,"param_name":"lr","param_value_internal":0.013122904348852616,"distribution":"{\"name\": \"FloatDistribution\", \"attributes\": {\"step\": null, \"low\": 0.0001, \"high\": 0.1, \"log\": true}}"}
{"op_code":5,"worker_id":"b2458213-b555-46fc-8a10-0e26528af581-139956833154880","trial_id":23,"param_name":"dropout","param_value_internal":0.42924603580234766,"distribution":"{\"name\": \"FloatDistribution\", \"attributes\": {\"step\": null, \"low\": 0.0, \"high\": 0.5, \"log\": false}}"}
{"op_code":5,"worker_id":"b2458213-b555-46fc-8a10-0e26528af581-139956833154880","trial_id":23,"param_name":"layers","param_value_internal":2.0,"distribution":"{\"name\": \"IntDistribution\", \"attributes\": {\"log\": false, \"step\": 1, \"low\": 1, \"high\": 3}}"}
{"op_code":5,"worker_id":"b2458213-b555-46fc-8a10-0e26528af581-139956833154880","trial_id":23,"param_name":"nodes","param_value_internal":0,"distribution":"{\"name\": \"CategoricalDistribution\", \"attributes\": {\"choices\": [32, 64, 128]}}"}
{"op_code":5,"worker_id":"b2458213-b555-46fc-8a10-0e26528af581-139956833154880","trial_id":23,"param_name":"alpha","param_value_internal":0.4362496337378141,"distribution":"{\"name\": \"FloatDistribution\", \"attributes\": {\"step\": null, \"low\": 0.0, \"high\": 0.5, \"log\": false}}"}
{"op_code":5,"worker_id":"b2458213-b555-46fc-8a10-0e26528af581-139956833154880","trial_id":23,"param_name":"sigma","param_value_internal":0.6390552850905102,"distribution":"{\"name\": \"FloatDistribution\", \"attributes\": {\"step\": null, \"low\": 0.01, \"high\": 1.0, \"log\": true}}"}
{"op_code":6,"worker_id":"b2458213-b555-46fc-8a10-0e26528af581-139956833154880","trial_id":23,"state":1,"values":[0.6243287960798856],"datetime_complete":"2026-03-30T10:44:13.304057"}
{"op_code":4,"worker_id":"b2458213-b555-46fc-8a10-0e26528af581-139956833154880","study_id":0,"datetime_start":"2026-03-30T10:44:13.328471"}
{"op_code":5,"worker_id":"b2458213-b555-46fc-8a10-0e26528af581-139956833154880","trial_id":24,"param_name":"lr","param_value_internal":0.015262264923451842,"distribution":"{\"name\": \"FloatDistribution\", \"attributes\": {\"step\": null, \"low\": 0.0001, \"high\": 0.1, \"log\": true}}"}
{"op_code":5,"worker_id":"b2458213-b555-46fc-8a10-0e26528af581-139956833154880","trial_id":24,"param_name":"dropout","param_value_internal":0.42773868077652444,"distribution":"{\"name\": \"FloatDistribution\", \"attributes\": {\"step\": null, \"low\": 0.0, \"high\": 0.5, \"log\": false}}"}
{"op_code":5,"worker_id":"b2458213-b555-46fc-8a10-0e26528af581-139956833154880","trial_id":24,"param_name":"layers","param_value_internal":2.0,"distribution":"{\"name\": \"IntDistribution\", \"attributes\": {\"log\": false, \"step\": 1, \"low\": 1, \"high\": 3}}"}
{"op_code":5,"worker_id":"b2458213-b555-46fc-8a10-0e26528af581-139956833154880","trial_id":24,"param_name":"nodes","param_value_internal":0,"distribution":"{\"name\": \"CategoricalDistribution\", \"attributes\": {\"choices\": [32, 64, 128]}}"}
{"op_code":5,"worker_id":"b2458213-b555-46fc-8a10-0e26528af581-139956833154880","trial_id":24,"param_name":"alpha","param_value_internal":0.4437608722979443,"distribution":"{\"name\": \"FloatDistribution\", \"attributes\": {\"step\": null, \"low\": 0.0, \"high\": 0.5, \"log\": false}}"}
{"op_code":5,"worker_id":"b2458213-b555-46fc-8a10-0e26528af581-139956833154880","trial_id":24,"param_name":"sigma","param_value_internal":0.7438313553596771,"distribution":"{\"name\": \"FloatDistribution\", \"attributes\": {\"step\": null, \"low\": 0.01, \"high\": 1.0, \"log\": true}}"}
{"op_code":6,"worker_id":"b2458213-b555-46fc-8a10-0e26528af581-139956833154880","trial_id":24,"state":1,"values":[0.6228624954780559],"datetime_complete":"2026-03-30T10:44:15.720566"}
{"op_code":4,"worker_id":"b2458213-b555-46fc-8a10-0e26528af581-139956833154880","study_id":0,"datetime_start":"2026-03-30T10:44:15.739086"}
{"op_code":5,"worker_id":"b2458213-b555-46fc-8a10-0e26528af581-139956833154880","trial_id":25,"param_name":"lr","param_value_internal":0.026954041913032255,"distribution":"{\"name\": \"FloatDistribution\", \"attributes\": {\"step\": null, \"low\": 0.0001, \"high\": 0.1, \"log\": true}}"}
{"op_code":5,"worker_id":"b2458213-b555-46fc-8a10-0e26528af581-139956833154880","trial_id":25,"param_name":"dropout","param_value_internal":0.35745329211380567,"distribution":"{\"name\": \"FloatDistribution\", \"attributes\": {\"step\": null, \"low\": 0.0, \"high\": 0.5, \"log\": false}}"}
{"op_code":5,"worker_id":"b2458213-b555-46fc-8a10-0e26528af581-139956833154880","trial_id":25,"param_name":"layers","param_value_internal":2.0,"distribution":"{\"name\": \"IntDistribution\", \"attributes\": {\"log\": false, \"step\": 1, \"low\": 1, \"high\": 3}}"}
{"op_code":5,"worker_id":"b2458213-b555-46fc-8a10-0e26528af581-139956833154880","trial_id":25,"param_name":"nodes","param_value_internal":0,"distribution":"{\"name\": \"CategoricalDistribution\", \"attributes\": {\"choices\": [32, 64, 128]}}"}
{"op_code":5,"worker_id":"b2458213-b555-46fc-8a10-0e26528af581-139956833154880","trial_id":25,"param_name":"alpha","param_value_internal":0.14527898880313322,"distribution":"{\"name\": \"FloatDistribution\", \"attributes\": {\"step\": null, \"low\": 0.0, \"high\": 0.5, \"log\": false}}"}
{"op_code":5,"worker_id":"b2458213-b555-46fc-8a10-0e26528af581-139956833154880","trial_id":25,"param_name":"sigma","param_value_internal":0.6405345490402224,"distribution":"{\"name\": \"FloatDistribution\", \"attributes\": {\"step\": null, \"low\": 0.01, \"high\": 1.0, \"log\": true}}"}
{"op_code":6,"worker_id":"b2458213-b555-46fc-8a10-0e26528af581-139956833154880","trial_id":25,"state":1,"values":[0.6278522268377237],"datetime_complete":"2026-03-30T10:44:18.123572"}
{"op_code":4,"worker_id":"b2458213-b555-46fc-8a10-0e26528af581-139956833154880","study_id":0,"datetime_start":"2026-03-30T10:44:18.147742"}
{"op_code":5,"worker_id":"b2458213-b555-46fc-8a10-0e26528af581-139956833154880","trial_id":26,"param_name":"lr","param_value_internal":0.03910942120476554,"distribution":"{\"name\": \"FloatDistribution\", \"attributes\": {\"step\": null, \"low\": 0.0001, \"high\": 0.1, \"log\": true}}"}
{"op_code":5,"worker_id":"b2458213-b555-46fc-8a10-0e26528af581-139956833154880","trial_id":26,"param_name":"dropout","param_value_internal":0.35247081066967745,"distribution":"{\"name\": \"FloatDistribution\", \"attributes\": {\"step\": null, \"low\": 0.0, \"high\": 0.5, \"log\": false}}"}
{"op_code":5,"worker_id":"b2458213-b555-46fc-8a10-0e26528af581-139956833154880","trial_id":26,"param_name":"layers","param_value_internal":2.0,"distribution":"{\"name\": \"IntDistribution\", \"attributes\": {\"log\": false, \"step\": 1, \"low\": 1, \"high\": 3}}"}
{"op_code":5,"worker_id":"b2458213-b555-46fc-8a10-0e26528af581-139956833154880","trial_id":26,"param_name":"nodes","param_value_internal":0,"distribution":"{\"name\": \"CategoricalDistribution\", \"attributes\": {\"choices\": [32, 64, 128]}}"}
{"op_code":5,"worker_id":"b2458213-b555-46fc-8a10-0e26528af581-139956833154880","trial_id":26,"param_name":"alpha","param_value_internal":0.11303618386763462,"distribution":"{\"name\": \"FloatDistribution\", \"attributes\": {\"step\": null, \"low\": 0.0, \"high\": 0.5, \"log\": false}}"}
{"op_code":5,"worker_id":"b2458213-b555-46fc-8a10-0e26528af581-139956833154880","trial_id":26,"param_name":"sigma","param_value_internal":0.6070415922018499,"distribution":"{\"name\": \"FloatDistribution\", \"attributes\": {\"step\": null, \"low\": 0.01, \"high\": 1.0, \"log\": true}}"}
{"op_code":6,"worker_id":"b2458213-b555-46fc-8a10-0e26528af581-139956833154880","trial_id":26,"state":1,"values":[0.629889511471279],"datetime_complete":"2026-03-30T10:44:20.539330"}
{"op_code":4,"worker_id":"b2458213-b555-46fc-8a10-0e26528af581-139956833154880","study_id":0,"datetime_start":"2026-03-30T10:44:20.557891"}
{"op_code":5,"worker_id":"b2458213-b555-46fc-8a10-0e26528af581-139956833154880","trial_id":27,"param_name":"lr","param_value_internal":0.03601981694223356,"distribution":"{\"name\": \"FloatDistribution\", \"attributes\": {\"step\": null, \"low\": 0.0001, \"high\": 0.1, \"log\": true}}"}
{"op_code":5,"worker_id":"b2458213-b555-46fc-8a10-0e26528af581-139956833154880","trial_id":27,"param_name":"dropout","param_value_internal":0.30316471794152666,"distribution":"{\"name\": \"FloatDistribution\", \"attributes\": {\"step\": null, \"low\": 0.0, \"high\": 0.5, \"log\": false}}"}
{"op_code":5,"worker_id":"b2458213-b555-46fc-8a10-0e26528af581-139956833154880","trial_id":27,"param_name":"layers","param_value_internal":2.0,"distribution":"{\"name\": \"IntDistribution\", \"attributes\": {\"log\": false, \"step\": 1, \"low\": 1, \"high\": 3}}"}
{"op_code":5,"worker_id":"b2458213-b555-46fc-8a10-0e26528af581-139956833154880","trial_id":27,"param_name":"nodes","param_value_internal":0,"distribution":"{\"name\": \"CategoricalDistribution\", \"attributes\": {\"choices\": [32, 64, 128]}}"}
{"op_code":5,"worker_id":"b2458213-b555-46fc-8a10-0e26528af581-139956833154880","trial_id":27,"param_name":"alpha","param_value_internal":0.12953117146650434,"distribution":"{\"name\": \"FloatDistribution\", \"attributes\": {\"step\": null, \"low\": 0.0, \"high\": 0.5, \"log\": false}}"}
{"op_code":5,"worker_id":"b2458213-b555-46fc-8a10-0e26528af581-139956833154880","trial_id":27,"param_name":"sigma","param_value_internal":0.580477969218853,"distribution":"{\"name\": \"FloatDistribution\", \"attributes\": {\"step\": null, \"low\": 0.01, \"high\": 1.0, \"log\": true}}"}
{"op_code":6,"worker_id":"b2458213-b555-46fc-8a10-0e26528af581-139956833154880","trial_id":27,"state":1,"values":[0.6265917526544804],"datetime_complete":"2026-03-30T10:44:22.944366"}
{"op_code":4,"worker_id":"b2458213-b555-46fc-8a10-0e26528af581-139956833154880","study_id":0,"datetime_start":"2026-03-30T10:44:22.967894"}
{"op_code":5,"worker_id":"b2458213-b555-46fc-8a10-0e26528af581-139956833154880","trial_id":28,"param_name":"lr","param_value_internal":0.04264139370300134,"distribution":"{\"name\": \"FloatDistribution\", \"attributes\": {\"step\": null, \"low\": 0.0001, \"high\": 0.1, \"log\": true}}"}
{"op_code":5,"worker_id":"b2458213-b555-46fc-8a10-0e26528af581-139956833154880","trial_id":28,"param_name":"dropout","param_value_internal":0.2920687060441088,"distribution":"{\"name\": \"FloatDistribution\", \"attributes\": {\"step\": null, \"low\": 0.0, \"high\": 0.5, \"log\": false}}"}
{"op_code":5,"worker_id":"b2458213-b555-46fc-8a10-0e26528af581-139956833154880","trial_id":28,"param_name":"layers","param_value_internal":2.0,"distribution":"{\"name\": \"IntDistribution\", \"attributes\": {\"log\": false, \"step\": 1, \"low\": 1, \"high\": 3}}"}
{"op_code":5,"worker_id":"b2458213-b555-46fc-8a10-0e26528af581-139956833154880","trial_id":28,"param_name":"nodes","param_value_internal":0,"distribution":"{\"name\": \"CategoricalDistribution\", \"attributes\": {\"choices\": [32, 64, 128]}}"}
{"op_code":5,"worker_id":"b2458213-b555-46fc-8a10-0e26528af581-139956833154880","trial_id":28,"param_name":"alpha","param_value_internal":0.11977108719171842,"distribution":"{\"name\": \"FloatDistribution\", \"attributes\": {\"step\": null, \"low\": 0.0, \"high\": 0.5, \"log\": false}}"}
{"op_code":5,"worker_id":"b2458213-b555-46fc-8a10-0e26528af581-139956833154880","trial_id":28,"param_name":"sigma","param_value_internal":0.06331785436769637,"distribution":"{\"name\": \"FloatDistribution\", \"attributes\": {\"step\": null, \"low\": 0.01, \"high\": 1.0, \"log\": true}}"}
{"op_code":6,"worker_id":"b2458213-b555-46fc-8a10-0e26528af581-139956833154880","trial_id":28,"state":1,"values":[0.6247863771261642],"datetime_complete":"2026-03-30T10:44:25.355732"}
{"op_code":4,"worker_id":"b2458213-b555-46fc-8a10-0e26528af581-139956833154880","study_id":0,"datetime_start":"2026-03-30T10:44:25.379413"}
{"op_code":5,"worker_id":"b2458213-b555-46fc-8a10-0e26528af581-139956833154880","trial_id":29,"param_name":"lr","param_value_internal":0.038981898661087235,"distribution":"{\"name\": \"FloatDistribution\", \"attributes\": {\"step\": null, \"low\": 0.0001, \"high\": 0.1, \"log\": true}}"}
{"op_code":5,"worker_id":"b2458213-b555-46fc-8a10-0e26528af581-139956833154880","trial_id":29,"param_name":"dropout","param_value_internal":0.3538807623621666,"distribution":"{\"name\": \"FloatDistribution\", \"attributes\": {\"step\": null, \"low\": 0.0, \"high\": 0.5, \"log\": false}}"}
{"op_code":5,"worker_id":"b2458213-b555-46fc-8a10-0e26528af581-139956833154880","trial_id":29,"param_name":"layers","param_value_internal":2.0,"distribution":"{\"name\": \"IntDistribution\", \"attributes\": {\"log\": false, \"step\": 1, \"low\": 1, \"high\": 3}}"}
{"op_code":5,"worker_id":"b2458213-b555-46fc-8a10-0e26528af581-139956833154880","trial_id":29,"param_name":"nodes","param_value_internal":2,"distribution":"{\"name\": \"CategoricalDistribution\", \"attributes\": {\"choices\": [32, 64, 128]}}"}
{"op_code":5,"worker_id":"b2458213-b555-46fc-8a10-0e26528af581-139956833154880","trial_id":29,"param_name":"alpha","param_value_internal":0.16057963466597958,"distribution":"{\"name\": \"FloatDistribution\", \"attributes\": {\"step\": null, \"low\": 0.0, \"high\": 0.5, \"log\": false}}"}
{"op_code":5,"worker_id":"b2458213-b555-46fc-8a10-0e26528af581-139956833154880","trial_id":29,"param_name":"sigma","param_value_internal":0.17575183913867853,"distribution":"{\"name\": \"FloatDistribution\", \"attributes\": {\"step\": null, \"low\": 0.01, \"high\": 1.0, \"log\": true}}"}
{"op_code":6,"worker_id":"b2458213-b555-46fc-8a10-0e26528af581-139956833154880","trial_id":29,"state":1,"values":[0.6239046689143138],"datetime_complete":"2026-03-30T10:44:27.768675"}
{"op_code":4,"worker_id":"b2458213-b555-46fc-8a10-0e26528af581-139956833154880","study_id":0,"datetime_start":"2026-03-30T10:44:27.793632"}
{"op_code":5,"worker_id":"b2458213-b555-46fc-8a10-0e26528af581-139956833154880","trial_id":30,"param_name":"lr","param_value_internal":0.02068679282271657,"distribution":"{\"name\": \"FloatDistribution\", \"attributes\": {\"step\": null, \"low\": 0.0001, \"high\": 0.1, \"log\": true}}"}
{"op_code":5,"worker_id":"b2458213-b555-46fc-8a10-0e26528af581-139956833154880","trial_id":30,"param_name":"dropout","param_value_internal":0.2765268801052323,"distribution":"{\"name\": \"FloatDistribution\", \"attributes\": {\"step\": null, \"low\": 0.0, \"high\": 0.5, \"log\": false}}"}
{"op_code":5,"worker_id":"b2458213-b555-46fc-8a10-0e26528af581-139956833154880","trial_id":30,"param_name":"layers","param_value_internal":2.0,"distribution":"{\"name\": \"IntDistribution\", \"attributes\": {\"log\": false, \"step\": 1, \"low\": 1, \"high\": 3}}"}
{"op_code":5,"worker_id":"b2458213-b555-46fc-8a10-0e26528af581-139956833154880","trial_id":30,"param_name":"nodes","param_value_internal":0,"distribution":"{\"name\": \"CategoricalDistribution\", \"attributes\": {\"choices\": [32, 64, 128]}}"}
{"op_code":5,"worker_id":"b2458213-b555-46fc-8a10-0e26528af581-139956833154880","trial_id":30,"param_name":"alpha","param_value_internal":0.09790820009076395,"distribution":"{\"name\": \"FloatDistribution\", \"attributes\": {\"step\": null, \"low\": 0.0, \"high\": 0.5, \"log\": false}}"}
{"op_code":5,"worker_id":"b2458213-b555-46fc-8a10-0e26528af581-139956833154880","trial_id":30,"param_name":"sigma","param_value_internal":0.7148667156662195,"distribution":"{\"name\": \"FloatDistribution\", \"attributes\": {\"step\": null, \"low\": 0.01, \"high\": 1.0, \"log\": true}}"}
{"op_code":6,"worker_id":"b2458213-b555-46fc-8a10-0e26528af581-139956833154880","trial_id":30,"state":1,"values":[0.6250375647389294],"datetime_complete":"2026-03-30T10:44:30.182324"}
{"op_code":4,"worker_id":"b2458213-b555-46fc-8a10-0e26528af581-139956833154880","study_id":0,"datetime_start":"2026-03-30T10:44:30.200657"}
{"op_code":5,"worker_id":"b2458213-b555-46fc-8a10-0e26528af581-139956833154880","trial_id":31,"param_name":"lr","param_value_internal":0.008467993021177754,"distribution":"{\"name\": \"FloatDistribution\", \"attributes\": {\"step\": null, \"low\": 0.0001, \"high\": 0.1, \"log\": true}}"}
{"op_code":5,"worker_id":"b2458213-b555-46fc-8a10-0e26528af581-139956833154880","trial_id":31,"param_name":"dropout","param_value_internal":0.36562487553512024,"distribution":"{\"name\": \"FloatDistribution\", \"attributes\": {\"step\": null, \"low\": 0.0, \"high\": 0.5, \"log\": false}}"}
{"op_code":5,"worker_id":"b2458213-b555-46fc-8a10-0e26528af581-139956833154880","trial_id":31,"param_name":"layers","param_value_internal":2.0,"distribution":"{\"name\": \"IntDistribution\", \"attributes\": {\"log\": false, \"step\": 1, \"low\": 1, \"high\": 3}}"}
{"op_code":5,"worker_id":"b2458213-b555-46fc-8a10-0e26528af581-139956833154880","trial_id":31,"param_name":"nodes","param_value_internal":0,"distribution":"{\"name\": \"CategoricalDistribution\", \"attributes\": {\"choices\": [32, 64, 128]}}"}
{"op_code":5,"worker_id":"b2458213-b555-46fc-8a10-0e26528af581-139956833154880","trial_id":31,"param_name":"alpha","param_value_internal":0.2037756309734243,"distribution":"{\"name\": \"FloatDistribution\", \"attributes\": {\"step\": null, \"low\": 0.0, \"high\": 0.5, \"log\": false}}"}
{"op_code":5,"worker_id":"b2458213-b555-46fc-8a10-0e26528af581-139956833154880","trial_id":31,"param_name":"sigma","param_value_internal":0.49707347821881415,"distribution":"{\"name\": \"FloatDistribution\", \"attributes\": {\"step\": null, \"low\": 0.01, \"high\": 1.0, \"log\": true}}"}
{"op_code":6,"worker_id":"b2458213-b555-46fc-8a10-0e26528af581-139956833154880","trial_id":31,"state":1,"values":[0.6248277692158524],"datetime_complete":"2026-03-30T10:44:32.585130"}
{"op_code":4,"worker_id":"b2458213-b555-46fc-8a10-0e26528af581-139956833154880","study_id":0,"datetime_start":"2026-03-30T10:44:32.609592"}
{"op_code":5,"worker_id":"b2458213-b555-46fc-8a10-0e26528af581-139956833154880","trial_id":32,"param_name":"lr","param_value_internal":0.053251841702250724,"distribution":"{\"name\": \"FloatDistribution\", \"attributes\": {\"step\": null, \"low\": 0.0001, \"high\": 0.1, \"log\": true}}"}
{"op_code":5,"worker_id":"b2458213-b555-46fc-8a10-0e26528af581-139956833154880","trial_id":32,"param_name":"dropout","param_value_internal":0.3299231207467234,"distribution":"{\"name\": \"FloatDistribution\", \"attributes\": {\"step\": null, \"low\": 0.0, \"high\": 0.5, \"log\": false}}"}
{"op_code":5,"worker_id":"b2458213-b555-46fc-8a10-0e26528af581-139956833154880","trial_id":32,"param_name":"layers","param_value_internal":3.0,"distribution":"{\"name\": \"IntDistribution\", \"attributes\": {\"log\": false, \"step\": 1, \"low\": 1, \"high\": 3}}"}
{"op_code":5,"worker_id":"b2458213-b555-46fc-8a10-0e26528af581-139956833154880","trial_id":32,"param_name":"nodes","param_value_internal":0,"distribution":"{\"name\": \"CategoricalDistribution\", \"attributes\": {\"choices\": [32, 64, 128]}}"}
{"op_code":5,"worker_id":"b2458213-b555-46fc-8a10-0e26528af581-139956833154880","trial_id":32,"param_name":"alpha","param_value_internal":0.04075637130745863,"distribution":"{\"name\": \"FloatDistribution\", \"attributes\": {\"step\": null, \"low\": 0.0, \"high\": 0.5, \"log\": false}}"}
{"op_code":5,"worker_id":"b2458213-b555-46fc-8a10-0e26528af581-139956833154880","trial_id":32,"param_name":"sigma","param_value_internal":0.3789760742535724,"distribution":"{\"name\": \"FloatDistribution\", \"attributes\": {\"step\": null, \"low\": 0.01, \"high\": 1.0, \"log\": true}}"}
{"op_code":6,"worker_id":"b2458213-b555-46fc-8a10-0e26528af581-139956833154880","trial_id":32,"state":1,"values":[0.6285247065414244],"datetime_complete":"2026-03-30T10:44:35.220724"}
{"op_code":4,"worker_id":"b2458213-b555-46fc-8a10-0e26528af581-139956833154880","study_id":0,"datetime_start":"2026-03-30T10:44:35.240747"}
{"op_code":5,"worker_id":"b2458213-b555-46fc-8a10-0e26528af581-139956833154880","trial_id":33,"param_name":"lr","param_value_internal":0.05880672419106158,"distribution":"{\"name\": \"FloatDistribution\", \"attributes\": {\"step\": null, \"low\": 0.0001, \"high\": 0.1, \"log\": true}}"}
{"op_code":5,"worker_id":"b2458213-b555-46fc-8a10-0e26528af581-139956833154880","trial_id":33,"param_name":"dropout","param_value_internal":0.3249448091969068,"distribution":"{\"name\": \"FloatDistribution\", \"attributes\": {\"step\": null, \"low\": 0.0, \"high\": 0.5, \"log\": false}}"}
{"op_code":5,"worker_id":"b2458213-b555-46fc-8a10-0e26528af581-139956833154880","trial_id":33,"param_name":"layers","param_value_internal":3.0,"distribution":"{\"name\": \"IntDistribution\", \"attributes\": {\"log\": false, \"step\": 1, \"low\": 1, \"high\": 3}}"}
{"op_code":5,"worker_id":"b2458213-b555-46fc-8a10-0e26528af581-139956833154880","trial_id":33,"param_name":"nodes","param_value_internal":0,"distribution":"{\"name\": \"CategoricalDistribution\", \"attributes\": {\"choices\": [32, 64, 128]}}"}
{"op_code":5,"worker_id":"b2458213-b555-46fc-8a10-0e26528af581-139956833154880","trial_id":33,"param_name":"alpha","param_value_internal":0.03347290357747901,"distribution":"{\"name\": \"FloatDistribution\", \"attributes\": {\"step\": null, \"low\": 0.0, \"high\": 0.5, \"log\": false}}"}
{"op_code":5,"worker_id":"b2458213-b555-46fc-8a10-0e26528af581-139956833154880","trial_id":33,"param_name":"sigma","param_value_internal":0.8152750136874821,"distribution":"{\"name\": \"FloatDistribution\", \"attributes\": {\"step\": null, \"low\": 0.01, \"high\": 1.0, \"log\": true}}"}
{"op_code":6,"worker_id":"b2458213-b555-46fc-8a10-0e26528af581-139956833154880","trial_id":33,"state":1,"values":[0.6241581245867879],"datetime_complete":"2026-03-30T10:44:37.849311"}
{"op_code":4,"worker_id":"b2458213-b555-46fc-8a10-0e26528af581-139956833154880","study_id":0,"datetime_start":"2026-03-30T10:44:37.870456"}
{"op_code":5,"worker_id":"b2458213-b555-46fc-8a10-0e26528af581-139956833154880","trial_id":34,"param_name":"lr","param_value_internal":0.02606516344057763,"distribution":"{\"name\": \"FloatDistribution\", \"attributes\": {\"step\": null, \"low\": 0.0001, \"high\": 0.1, \"log\": true}}"}
{"op_code":5,"worker_id":"b2458213-b555-46fc-8a10-0e26528af581-139956833154880","trial_id":34,"param_name":"dropout","param_value_internal":0.19913568042877916,"distribution":"{\"name\": \"FloatDistribution\", \"attributes\": {\"step\": null, \"low\": 0.0, \"high\": 0.5, \"log\": false}}"}
{"op_code":5,"worker_id":"b2458213-b555-46fc-8a10-0e26528af581-139956833154880","trial_id":34,"param_name":"layers","param_value_internal":3.0,"distribution":"{\"name\": \"IntDistribution\", \"attributes\": {\"log\": false, \"step\": 1, \"low\": 1, \"high\": 3}}"}
{"op_code":5,"worker_id":"b2458213-b555-46fc-8a10-0e26528af581-139956833154880","trial_id":34,"param_name":"nodes","param_value_internal":0,"distribution":"{\"name\": \"CategoricalDistribution\", \"attributes\": {\"choices\": [32, 64, 128]}}"}
{"op_code":5,"worker_id":"b2458213-b555-46fc-8a10-0e26528af581-139956833154880","trial_id":34,"param_name":"alpha","param_value_internal":0.04401517858120643,"distribution":"{\"name\": \"FloatDistribution\", \"attributes\": {\"step\": null, \"low\": 0.0, \"high\": 0.5, \"log\": false}}"}
{"op_code":5,"worker_id":"b2458213-b555-46fc-8a10-0e26528af581-139956833154880","trial_id":34,"param_name":"sigma","param_value_internal":0.5913282196354612,"distribution":"{\"name\": \"FloatDistribution\", \"attributes\": {\"step\": null, \"low\": 0.01, \"high\": 1.0, \"log\": true}}"}
{"op_code":6,"worker_id":"b2458213-b555-46fc-8a10-0e26528af581-139956833154880","trial_id":34,"state":1,"values":[0.6346155808897825],"datetime_complete":"2026-03-30T10:44:40.480344"}
{"op_code":4,"worker_id":"b2458213-b555-46fc-8a10-0e26528af581-139956833154880","study_id":0,"datetime_start":"2026-03-30T10:44:40.494002"}
{"op_code":5,"worker_id":"b2458213-b555-46fc-8a10-0e26528af581-139956833154880","trial_id":35,"param_name":"lr","param_value_internal":0.023787928930379135,"distribution":"{\"name\": \"FloatDistribution\", \"attributes\": {\"step\": null, \"low\": 0.0001, \"high\": 0.1, \"log\": true}}"}
{"op_code":5,"worker_id":"b2458213-b555-46fc-8a10-0e26528af581-139956833154880","trial_id":35,"param_name":"dropout","param_value_internal":0.1923288263929377,"distribution":"{\"name\": \"FloatDistribution\", \"attributes\": {\"step\": null, \"low\": 0.0, \"high\": 0.5, \"log\": false}}"}
{"op_code":5,"worker_id":"b2458213-b555-46fc-8a10-0e26528af581-139956833154880","trial_id":35,"param_name":"layers","param_value_internal":3.0,"distribution":"{\"name\": \"IntDistribution\", \"attributes\": {\"log\": false, \"step\": 1, \"low\": 1, \"high\": 3}}"}
{"op_code":5,"worker_id":"b2458213-b555-46fc-8a10-0e26528af581-139956833154880","trial_id":35,"param_name":"nodes","param_value_internal":0,"distribution":"{\"name\": \"CategoricalDistribution\", \"attributes\": {\"choices\": [32, 64, 128]}}"}
{"op_code":5,"worker_id":"b2458213-b555-46fc-8a10-0e26528af581-139956833154880","trial_id":35,"param_name":"alpha","param_value_internal":0.048417127642379695,"distribution":"{\"name\": \"FloatDistribution\", \"attributes\": {\"step\": null, \"low\": 0.0, \"high\": 0.5, \"log\": false}}"}
{"op_code":5,"worker_id":"b2458213-b555-46fc-8a10-0e26528af581-139956833154880","trial_id":35,"param_name":"sigma","param_value_internal":0.37463312844885344,"distribution":"{\"name\": \"FloatDistribution\", \"attributes\": {\"step\": null, \"low\": 0.01, \"high\": 1.0, \"log\": true}}"}
{"op_code":6,"worker_id":"b2458213-b555-46fc-8a10-0e26528af581-139956833154880","trial_id":35,"state":1,"values":[0.6321037047621315],"datetime_complete":"2026-03-30T10:44:43.099546"}
{"op_code":4,"worker_id":"b2458213-b555-46fc-8a10-0e26528af581-139956833154880","study_id":0,"datetime_start":"2026-03-30T10:44:43.125696"}
{"op_code":5,"worker_id":"b2458213-b555-46fc-8a10-0e26528af581-139956833154880","trial_id":36,"param_name":"lr","param_value_internal":0.05434668648550656,"distribution":"{\"name\": \"FloatDistribution\", \"attributes\": {\"step\": null, \"low\": 0.0001, \"high\": 0.1, \"log\": true}}"}
{"op_code":5,"worker_id":"b2458213-b555-46fc-8a10-0e26528af581-139956833154880","trial_id":36,"param_name":"dropout","param_value_internal":0.19710452901750292,"distribution":"{\"name\": \"FloatDistribution\", \"attributes\": {\"step\": null, \"low\": 0.0, \"high\": 0.5, \"log\": false}}"}
{"op_code":5,"worker_id":"b2458213-b555-46fc-8a10-0e26528af581-139956833154880","trial_id":36,"param_name":"layers","param_value_internal":3.0,"distribution":"{\"name\": \"IntDistribution\", \"attributes\": {\"log\": false, \"step\": 1, \"low\": 1, \"high\": 3}}"}
{"op_code":5,"worker_id":"b2458213-b555-46fc-8a10-0e26528af581-139956833154880","trial_id":36,"param_name":"nodes","param_value_internal":0,"distribution":"{\"name\": \"CategoricalDistribution\", \"attributes\": {\"choices\": [32, 64, 128]}}"}
{"op_code":5,"worker_id":"b2458213-b555-46fc-8a10-0e26528af581-139956833154880","trial_id":36,"param_name":"alpha","param_value_internal":0.04772927224570961,"distribution":"{\"name\": \"FloatDistribution\", \"attributes\": {\"step\": null, \"low\": 0.0, \"high\": 0.5, \"log\": false}}"}
{"op_code":5,"worker_id":"b2458213-b555-46fc-8a10-0e26528af581-139956833154880","trial_id":36,"param_name":"sigma","param_value_internal":0.3759755540486304,"distribution":"{\"name\": \"FloatDistribution\", \"attributes\": {\"step\": null, \"low\": 0.01, \"high\": 1.0, \"log\": true}}"}
{"op_code":6,"worker_id":"b2458213-b555-46fc-8a10-0e26528af581-139956833154880","trial_id":36,"state":1,"values":[0.6273197998210501],"datetime_complete":"2026-03-30T10:44:45.730561"}
{"op_code":4,"worker_id":"b2458213-b555-46fc-8a10-0e26528af581-139956833154880","study_id":0,"datetime_start":"2026-03-30T10:44:45.747205"}
{"op_code":5,"worker_id":"b2458213-b555-46fc-8a10-0e26528af581-139956833154880","trial_id":37,"param_name":"lr","param_value_internal":0.022374309672241556,"distribution":"{\"name\": \"FloatDistribution\", \"attributes\": {\"step\": null, \"low\": 0.0001, \"high\": 0.1, \"log\": true}}"}
{"op_code":5,"worker_id":"b2458213-b555-46fc-8a10-0e26528af581-139956833154880","trial_id":37,"param_name":"dropout","param_value_internal":0.17698584130782188,"distribution":"{\"name\": \"FloatDistribution\", \"attributes\": {\"step\": null, \"low\": 0.0, \"high\": 0.5, \"log\": false}}"}
{"op_code":5,"worker_id":"b2458213-b555-46fc-8a10-0e26528af581-139956833154880","trial_id":37,"param_name":"layers","param_value_internal":3.0,"distribution":"{\"name\": \"IntDistribution\", \"attributes\": {\"log\": false, \"step\": 1, \"low\": 1, \"high\": 3}}"}
{"op_code":5,"worker_id":"b2458213-b555-46fc-8a10-0e26528af581-139956833154880","trial_id":37,"param_name":"nodes","param_value_internal":0,"distribution":"{\"name\": \"CategoricalDistribution\", \"attributes\": {\"choices\": [32, 64, 128]}}"}
{"op_code":5,"worker_id":"b2458213-b555-46fc-8a10-0e26528af581-139956833154880","trial_id":37,"param_name":"alpha","param_value_internal":0.001000895036366467,"distribution":"{\"name\": \"FloatDistribution\", \"attributes\": {\"step\": null, \"low\": 0.0, \"high\": 0.5, \"log\": false}}"}
{"op_code":5,"worker_id":"b2458213-b555-46fc-8a10-0e26528af581-139956833154880","trial_id":37,"param_name":"sigma","param_value_internal":0.2579829704845233,"distribution":"{\"name\": \"FloatDistribution\", \"attributes\": {\"step\": null, \"low\": 0.01, \"high\": 1.0, \"log\": true}}"}
{"op_code":6,"worker_id":"b2458213-b555-46fc-8a10-0e26528af581-139956833154880","trial_id":37,"state":1,"values":[0.6310445208780566],"datetime_complete":"2026-03-30T10:44:48.353715"}
{"op_code":4,"worker_id":"b2458213-b555-46fc-8a10-0e26528af581-139956833154880","study_id":0,"datetime_start":"2026-03-30T10:44:48.380147"}
{"op_code":5,"worker_id":"b2458213-b555-46fc-8a10-0e26528af581-139956833154880","trial_id":38,"param_name":"lr","param_value_internal":0.020798062564212686,"distribution":"{\"name\": \"FloatDistribution\", \"attributes\": {\"step\": null, \"low\": 0.0001, \"high\": 0.1, \"log\": true}}"}
{"op_code":5,"worker_id":"b2458213-b555-46fc-8a10-0e26528af581-139956833154880","trial_id":38,"param_name":"dropout","param_value_internal":0.19228134477132772,"distribution":"{\"name\": \"FloatDistribution\", \"attributes\": {\"step\": null, \"low\": 0.0, \"high\": 0.5, \"log\": false}}"}
{"op_code":5,"worker_id":"b2458213-b555-46fc-8a10-0e26528af581-139956833154880","trial_id":38,"param_name":"layers","param_value_internal":3.0,"distribution":"{\"name\": \"IntDistribution\", \"attributes\": {\"log\": false, \"step\": 1, \"low\": 1, \"high\": 3}}"}
{"op_code":5,"worker_id":"b2458213-b555-46fc-8a10-0e26528af581-139956833154880","trial_id":38,"param_name":"nodes","param_value_internal":2,"distribution":"{\"name\": \"CategoricalDistribution\", \"attributes\": {\"choices\": [32, 64, 128]}}"}
{"op_code":5,"worker_id":"b2458213-b555-46fc-8a10-0e26528af581-139956833154880","trial_id":38,"param_name":"alpha","param_value_internal":0.002376080955409393,"distribution":"{\"name\": \"FloatDistribution\", \"attributes\": {\"step\": null, \"low\": 0.0, \"high\": 0.5, \"log\": false}}"}
{"op_code":5,"worker_id":"b2458213-b555-46fc-8a10-0e26528af581-139956833154880","trial_id":38,"param_name":"sigma","param_value_internal":0.25278375487013965,"distribution":"{\"name\": \"FloatDistribution\", \"attributes\": {\"step\": null, \"low\": 0.01, \"high\": 1.0, \"log\": true}}"}
{"op_code":6,"worker_id":"b2458213-b555-46fc-8a10-0e26528af581-139956833154880","trial_id":38,"state":1,"values":[0.6397958292650012],"datetime_complete":"2026-03-30T10:44:50.987950"}
{"op_code":4,"worker_id":"b2458213-b555-46fc-8a10-0e26528af581-139956833154880","study_id":0,"datetime_start":"2026-03-30T10:44:51.013866"}
{"op_code":5,"worker_id":"b2458213-b555-46fc-8a10-0e26528af581-139956833154880","trial_id":39,"param_name":"lr","param_value_internal":0.003532983799501264,"distribution":"{\"name\": \"FloatDistribution\", \"attributes\": {\"step\": null, \"low\": 0.0001, \"high\": 0.1, \"log\": true}}"}
{"op_code":5,"worker_id":"b2458213-b555-46fc-8a10-0e26528af581-139956833154880","trial_id":39,"param_name":"dropout","param_value_internal":0.1822607051443669,"distribution":"{\"name\": \"FloatDistribution\", \"attributes\": {\"step\": null, \"low\": 0.0, \"high\": 0.5, \"log\": false}}"}
{"op_code":5,"worker_id":"b2458213-b555-46fc-8a10-0e26528af581-139956833154880","trial_id":39,"param_name":"layers","param_value_internal":3.0,"distribution":"{\"name\": \"IntDistribution\", \"attributes\": {\"log\": false, \"step\": 1, \"low\": 1, \"high\": 3}}"}
{"op_code":5,"worker_id":"b2458213-b555-46fc-8a10-0e26528af581-139956833154880","trial_id":39,"param_name":"nodes","param_value_internal":2,"distribution":"{\"name\": \"CategoricalDistribution\", \"attributes\": {\"choices\": [32, 64, 128]}}"}
{"op_code":5,"worker_id":"b2458213-b555-46fc-8a10-0e26528af581-139956833154880","trial_id":39,"param_name":"alpha","param_value_internal":0.0009359125590077339,"distribution":"{\"name\": \"FloatDistribution\", \"attributes\": {\"step\": null, \"low\": 0.0, \"high\": 0.5, \"log\": false}}"}
{"op_code":5,"worker_id":"b2458213-b555-46fc-8a10-0e26528af581-139956833154880","trial_id":39,"param_name":"sigma","param_value_internal":0.2273676999448059,"distribution":"{\"name\": \"FloatDistribution\", \"attributes\": {\"step\": null, \"low\": 0.01, \"high\": 1.0, \"log\": true}}"}
{"op_code":6,"worker_id":"b2458213-b555-46fc-8a10-0e26528af581-139956833154880","trial_id":39,"state":1,"values":[0.6188298853155608],"datetime_complete":"2026-03-30T10:44:53.622693"}
{"op_code":0,"worker_id":"8db0a136-cfa9-4ee5-a316-85696c958cb3-140252871579456","study_name":"deephit_single_tuning","directions":[2]}
{"op_code":4,"worker_id":"8db0a136-cfa9-4ee5-a316-85696c958cb3-140252871579456","study_id":0,"datetime_start":"2026-03-30T10:56:43.334969"}
{"op_code":5,"worker_id":"8db0a136-cfa9-4ee5-a316-85696c958cb3-140252871579456","trial_id":40,"param_name":"lr","param_value_internal":0.010531156035018203,"distribution":"{\"name\": \"FloatDistribution\", \"attributes\": {\"step\": null, \"low\": 0.0001, \"high\": 0.1, \"log\": true}}"}
{"op_code":5,"worker_id":"8db0a136-cfa9-4ee5-a316-85696c958cb3-140252871579456","trial_id":40,"param_name":"dropout","param_value_internal":0.1565711817205246,"distribution":"{\"name\": \"FloatDistribution\", \"attributes\": {\"step\": null, \"low\": 0.0, \"high\": 0.5, \"log\": false}}"}
{"op_code":5,"worker_id":"8db0a136-cfa9-4ee5-a316-85696c958cb3-140252871579456","trial_id":40,"param_name":"layers","param_value_internal":3.0,"distribution":"{\"name\": \"IntDistribution\", \"attributes\": {\"log\": false, \"step\": 1, \"low\": 1, \"high\": 3}}"}
{"op_code":5,"worker_id":"8db0a136-cfa9-4ee5-a316-85696c958cb3-140252871579456","trial_id":40,"param_name":"nodes","param_value_internal":2,"distribution":"{\"name\": \"CategoricalDistribution\", \"attributes\": {\"choices\": [32, 64, 128]}}"}
{"op_code":5,"worker_id":"8db0a136-cfa9-4ee5-a316-85696c958cb3-140252871579456","trial_id":40,"param_name":"alpha","param_value_internal":0.07930076392487058,"distribution":"{\"name\": \"FloatDistribution\", \"attributes\": {\"step\": null, \"low\": 0.0, \"high\": 0.5, \"log\": false}}"}
{"op_code":5,"worker_id":"8db0a136-cfa9-4ee5-a316-85696c958cb3-140252871579456","trial_id":40,"param_name":"sigma","param_value_internal":0.14693468398856677,"distribution":"{\"name\": \"FloatDistribution\", \"attributes\": {\"step\": null, \"low\": 0.01, \"high\": 1.0, \"log\": true}}"}
{"op_code":6,"worker_id":"8db0a136-cfa9-4ee5-a316-85696c958cb3-140252871579456","trial_id":40,"state":1,"values":[0.627580059672651],"datetime_complete":"2026-03-30T10:56:46.443872"}
{"op_code":4,"worker_id":"8db0a136-cfa9-4ee5-a316-85696c958cb3-140252871579456","study_id":0,"datetime_start":"2026-03-30T10:56:46.475618"}
{"op_code":5,"worker_id":"8db0a136-cfa9-4ee5-a316-85696c958cb3-140252871579456","trial_id":41,"param_name":"lr","param_value_internal":0.020146980295169734,"distribution":"{\"name\": \"FloatDistribution\", \"attributes\": {\"step\": null, \"low\": 0.0001, \"high\": 0.1, \"log\": true}}"}
{"op_code":5,"worker_id":"8db0a136-cfa9-4ee5-a316-85696c958cb3-140252871579456","trial_id":41,"param_name":"dropout","param_value_internal":0.16551660689749115,"distribution":"{\"name\": \"FloatDistribution\", \"attributes\": {\"step\": null, \"low\": 0.0, \"high\": 0.5, \"log\": false}}"}
{"op_code":5,"worker_id":"8db0a136-cfa9-4ee5-a316-85696c958cb3-140252871579456","trial_id":41,"param_name":"layers","param_value_internal":3.0,"distribution":"{\"name\": \"IntDistribution\", \"attributes\": {\"log\": false, \"step\": 1, \"low\": 1, \"high\": 3}}"}
{"op_code":5,"worker_id":"8db0a136-cfa9-4ee5-a316-85696c958cb3-140252871579456","trial_id":41,"param_name":"nodes","param_value_internal":2,"distribution":"{\"name\": \"CategoricalDistribution\", \"attributes\": {\"choices\": [32, 64, 128]}}"}
{"op_code":5,"worker_id":"8db0a136-cfa9-4ee5-a316-85696c958cb3-140252871579456","trial_id":41,"param_name":"alpha","param_value_internal":0.01664345293928031,"distribution":"{\"name\": \"FloatDistribution\", \"attributes\": {\"step\": null, \"low\": 0.0, \"high\": 0.5, \"log\": false}}"}
{"op_code":5,"worker_id":"8db0a136-cfa9-4ee5-a316-85696c958cb3-140252871579456","trial_id":41,"param_name":"sigma","param_value_internal":0.248932751143248,"distribution":"{\"name\": \"FloatDistribution\", \"attributes\": {\"step\": null, \"low\": 0.01, \"high\": 1.0, \"log\": true}}"}
{"op_code":6,"worker_id":"8db0a136-cfa9-4ee5-a316-85696c958cb3-140252871579456","trial_id":41,"state":1,"values":[0.6094401181205497],"datetime_complete":"2026-03-30T10:56:49.087018"}
{"op_code":4,"worker_id":"8db0a136-cfa9-4ee5-a316-85696c958cb3-140252871579456","study_id":0,"datetime_start":"2026-03-30T10:56:49.125932"}
{"op_code":5,"worker_id":"8db0a136-cfa9-4ee5-a316-85696c958cb3-140252871579456","trial_id":42,"param_name":"lr","param_value_internal":0.027746010421490275,"distribution":"{\"name\": \"FloatDistribution\", \"attributes\": {\"step\": null, \"low\": 0.0001, \"high\": 0.1, \"log\": true}}"}
{"op_code":5,"worker_id":"8db0a136-cfa9-4ee5-a316-85696c958cb3-140252871579456","trial_id":42,"param_name":"dropout","param_value_internal":0.2197208125637017,"distribution":"{\"name\": \"FloatDistribution\", \"attributes\": {\"step\": null, \"low\": 0.0, \"high\": 0.5, \"log\": false}}"}
{"op_code":5,"worker_id":"8db0a136-cfa9-4ee5-a316-85696c958cb3-140252871579456","trial_id":42,"param_name":"layers","param_value_internal":3.0,"distribution":"{\"name\": \"IntDistribution\", \"attributes\": {\"log\": false, \"step\": 1, \"low\": 1, \"high\": 3}}"}
{"op_code":5,"worker_id":"8db0a136-cfa9-4ee5-a316-85696c958cb3-140252871579456","trial_id":42,"param_name":"nodes","param_value_internal":2,"distribution":"{\"name\": \"CategoricalDistribution\", \"attributes\": {\"choices\": [32, 64, 128]}}"}
{"op_code":5,"worker_id":"8db0a136-cfa9-4ee5-a316-85696c958cb3-140252871579456","trial_id":42,"param_name":"alpha","param_value_internal":0.055497449394453655,"distribution":"{\"name\": \"FloatDistribution\", \"attributes\": {\"step\": null, \"low\": 0.0, \"high\": 0.5, \"log\": false}}"}
{"op_code":5,"worker_id":"8db0a136-cfa9-4ee5-a316-85696c958cb3-140252871579456","trial_id":42,"param_name":"sigma","param_value_internal":0.5501832273719697,"distribution":"{\"name\": \"FloatDistribution\", \"attributes\": {\"step\": null, \"low\": 0.01, \"high\": 1.0, \"log\": true}}"}
{"op_code":6,"worker_id":"8db0a136-cfa9-4ee5-a316-85696c958cb3-140252871579456","trial_id":42,"state":1,"values":[0.6227689380150622],"datetime_complete":"2026-03-30T10:56:51.791417"}
{"op_code":4,"worker_id":"8db0a136-cfa9-4ee5-a316-85696c958cb3-140252871579456","study_id":0,"datetime_start":"2026-03-30T10:56:51.814713"}
{"op_code":5,"worker_id":"8db0a136-cfa9-4ee5-a316-85696c958cb3-140252871579456","trial_id":43,"param_name":"lr","param_value_internal":0.01916461643535859,"distribution":"{\"name\": \"FloatDistribution\", \"attributes\": {\"step\": null, \"low\": 0.0001, \"high\": 0.1, \"log\": true}}"}
{"op_code":5,"worker_id":"8db0a136-cfa9-4ee5-a316-85696c958cb3-140252871579456","trial_id":43,"param_name":"dropout","param_value_internal":0.10373553697005963,"distribution":"{\"name\": \"FloatDistribution\", \"attributes\": {\"step\": null, \"low\": 0.0, \"high\": 0.5, \"log\": false}}"}
{"op_code":5,"worker_id":"8db0a136-cfa9-4ee5-a316-85696c958cb3-140252871579456","trial_id":43,"param_name":"layers","param_value_internal":3.0,"distribution":"{\"name\": \"IntDistribution\", \"attributes\": {\"log\": false, \"step\": 1, \"low\": 1, \"high\": 3}}"}
{"op_code":5,"worker_id":"8db0a136-cfa9-4ee5-a316-85696c958cb3-140252871579456","trial_id":43,"param_name":"nodes","param_value_internal":2,"distribution":"{\"name\": \"CategoricalDistribution\", \"attributes\": {\"choices\": [32, 64, 128]}}"}
{"op_code":5,"worker_id":"8db0a136-cfa9-4ee5-a316-85696c958cb3-140252871579456","trial_id":43,"param_name":"alpha","param_value_internal":0.10290043206591776,"distribution":"{\"name\": \"FloatDistribution\", \"attributes\": {\"step\": null, \"low\": 0.0, \"high\": 0.5, \"log\": false}}"}
{"op_code":5,"worker_id":"8db0a136-cfa9-4ee5-a316-85696c958cb3-140252871579456","trial_id":43,"param_name":"sigma","param_value_internal":0.07045317167124063,"distribution":"{\"name\": \"FloatDistribution\", \"attributes\": {\"step\": null, \"low\": 0.01, \"high\": 1.0, \"log\": true}}"}
{"op_code":6,"worker_id":"8db0a136-cfa9-4ee5-a316-85696c958cb3-140252871579456","trial_id":43,"state":1,"values":[0.6052447746739381],"datetime_complete":"2026-03-30T10:56:54.427898"}
{"op_code":4,"worker_id":"8db0a136-cfa9-4ee5-a316-85696c958cb3-140252871579456","study_id":0,"datetime_start":"2026-03-30T10:56:54.453027"}
{"op_code":5,"worker_id":"8db0a136-cfa9-4ee5-a316-85696c958cb3-140252871579456","trial_id":44,"param_name":"lr","param_value_internal":0.015667542745664287,"distribution":"{\"name\": \"FloatDistribution\", \"attributes\": {\"step\": null, \"low\": 0.0001, \"high\": 0.1, \"log\": true}}"}
{"op_code":5,"worker_id":"8db0a136-cfa9-4ee5-a316-85696c958cb3-140252871579456","trial_id":44,"param_name":"dropout","param_value_internal":0.27116471251660934,"distribution":"{\"name\": \"FloatDistribution\", \"attributes\": {\"step\": null, \"low\": 0.0, \"high\": 0.5, \"log\": false}}"}
{"op_code":5,"worker_id":"8db0a136-cfa9-4ee5-a316-85696c958cb3-140252871579456","trial_id":44,"param_name":"layers","param_value_internal":3.0,"distribution":"{\"name\": \"IntDistribution\", \"attributes\": {\"log\": false, \"step\": 1, \"low\": 1, \"high\": 3}}"}
{"op_code":5,"worker_id":"8db0a136-cfa9-4ee5-a316-85696c958cb3-140252871579456","trial_id":44,"param_name":"nodes","param_value_internal":0,"distribution":"{\"name\": \"CategoricalDistribution\", \"attributes\": {\"choices\": [32, 64, 128]}}"}
{"op_code":5,"worker_id":"8db0a136-cfa9-4ee5-a316-85696c958cb3-140252871579456","trial_id":44,"param_name":"alpha","param_value_internal":0.02516018110781563,"distribution":"{\"name\": \"FloatDistribution\", \"attributes\": {\"step\": null, \"low\": 0.0, \"high\": 0.5, \"log\": false}}"}
{"op_code":5,"worker_id":"8db0a136-cfa9-4ee5-a316-85696c958cb3-140252871579456","trial_id":44,"param_name":"sigma","param_value_internal":0.4381631507794425,"distribution":"{\"name\": \"FloatDistribution\", \"attributes\": {\"step\": null, \"low\": 0.01, \"high\": 1.0, \"log\": true}}"}
{"op_code":6,"worker_id":"8db0a136-cfa9-4ee5-a316-85696c958cb3-140252871579456","trial_id":44,"state":1,"values":[0.6329695365560194],"datetime_complete":"2026-03-30T10:56:57.081133"}
{"op_code":4,"worker_id":"8db0a136-cfa9-4ee5-a316-85696c958cb3-140252871579456","study_id":0,"datetime_start":"2026-03-30T10:56:57.114509"}
{"op_code":5,"worker_id":"8db0a136-cfa9-4ee5-a316-85696c958cb3-140252871579456","trial_id":45,"param_name":"lr","param_value_internal":0.013848257874631897,"distribution":"{\"name\": \"FloatDistribution\", \"attributes\": {\"step\": null, \"low\": 0.0001, \"high\": 0.1, \"log\": true}}"}
{"op_code":5,"worker_id":"8db0a136-cfa9-4ee5-a316-85696c958cb3-140252871579456","trial_id":45,"param_name":"dropout","param_value_internal":0.2633427193328948,"distribution":"{\"name\": \"FloatDistribution\", \"attributes\": {\"step\": null, \"low\": 0.0, \"high\": 0.5, \"log\": false}}"}
{"op_code":5,"worker_id":"8db0a136-cfa9-4ee5-a316-85696c958cb3-140252871579456","trial_id":45,"param_name":"layers","param_value_internal":3.0,"distribution":"{\"name\": \"IntDistribution\", \"attributes\": {\"log\": false, \"step\": 1, \"low\": 1, \"high\": 3}}"}
{"op_code":5,"worker_id":"8db0a136-cfa9-4ee5-a316-85696c958cb3-140252871579456","trial_id":45,"param_name":"nodes","param_value_internal":2,"distribution":"{\"name\": \"CategoricalDistribution\", \"attributes\": {\"choices\": [32, 64, 128]}}"}
{"op_code":5,"worker_id":"8db0a136-cfa9-4ee5-a316-85696c958cb3-140252871579456","trial_id":45,"param_name":"alpha","param_value_internal":0.0219211251920803,"distribution":"{\"name\": \"FloatDistribution\", \"attributes\": {\"step\": null, \"low\": 0.0, \"high\": 0.5, \"log\": false}}"}
{"op_code":5,"worker_id":"8db0a136-cfa9-4ee5-a316-85696c958cb3-140252871579456","trial_id":45,"param_name":"sigma","param_value_internal":0.2317879786784226,"distribution":"{\"name\": \"FloatDistribution\", \"attributes\": {\"step\": null, \"low\": 0.01, \"high\": 1.0, \"log\": true}}"}
{"op_code":6,"worker_id":"8db0a136-cfa9-4ee5-a316-85696c958cb3-140252871579456","trial_id":45,"state":1,"values":[0.6289057405725264],"datetime_complete":"2026-03-30T10:56:59.766856"}
{"op_code":4,"worker_id":"8db0a136-cfa9-4ee5-a316-85696c958cb3-140252871579456","study_id":0,"datetime_start":"2026-03-30T10:56:59.796305"}
{"op_code":5,"worker_id":"8db0a136-cfa9-4ee5-a316-85696c958cb3-140252871579456","trial_id":46,"param_name":"lr","param_value_internal":0.008805081220506553,"distribution":"{\"name\": \"FloatDistribution\", \"attributes\": {\"step\": null, \"low\": 0.0001, \"high\": 0.1, \"log\": true}}"}
{"op_code":5,"worker_id":"8db0a136-cfa9-4ee5-a316-85696c958cb3-140252871579456","trial_id":46,"param_name":"dropout","param_value_internal":0.22357052445525671,"distribution":"{\"name\": \"FloatDistribution\", \"attributes\": {\"step\": null, \"low\": 0.0, \"high\": 0.5, \"log\": false}}"}
{"op_code":5,"worker_id":"8db0a136-cfa9-4ee5-a316-85696c958cb3-140252871579456","trial_id":46,"param_name":"layers","param_value_internal":3.0,"distribution":"{\"name\": \"IntDistribution\", \"attributes\": {\"log\": false, \"step\": 1, \"low\": 1, \"high\": 3}}"}
{"op_code":5,"worker_id":"8db0a136-cfa9-4ee5-a316-85696c958cb3-140252871579456","trial_id":46,"param_name":"nodes","param_value_internal":0,"distribution":"{\"name\": \"CategoricalDistribution\", \"attributes\": {\"choices\": [32, 64, 128]}}"}
{"op_code":5,"worker_id":"8db0a136-cfa9-4ee5-a316-85696c958cb3-140252871579456","trial_id":46,"param_name":"alpha","param_value_internal":0.06213509082169832,"distribution":"{\"name\": \"FloatDistribution\", \"attributes\": {\"step\": null, \"low\": 0.0, \"high\": 0.5, \"log\": false}}"}
{"op_code":5,"worker_id":"8db0a136-cfa9-4ee5-a316-85696c958cb3-140252871579456","trial_id":46,"param_name":"sigma","param_value_internal":0.1719298718253434,"distribution":"{\"name\": \"FloatDistribution\", \"attributes\": {\"step\": null, \"low\": 0.01, \"high\": 1.0, \"log\": true}}"}
{"op_code":6,"worker_id":"8db0a136-cfa9-4ee5-a316-85696c958cb3-140252871579456","trial_id":46,"state":1,"values":[0.635859611640136],"datetime_complete":"2026-03-30T10:57:02.439306"}
{"op_code":4,"worker_id":"8db0a136-cfa9-4ee5-a316-85696c958cb3-140252871579456","study_id":0,"datetime_start":"2026-03-30T10:57:02.460163"}
{"op_code":5,"worker_id":"8db0a136-cfa9-4ee5-a316-85696c958cb3-140252871579456","trial_id":47,"param_name":"lr","param_value_internal":0.00894437717880196,"distribution":"{\"name\": \"FloatDistribution\", \"attributes\": {\"step\": null, \"low\": 0.0001, \"high\": 0.1, \"log\": true}}"}
{"op_code":5,"worker_id":"8db0a136-cfa9-4ee5-a316-85696c958cb3-140252871579456","trial_id":47,"param_name":"dropout","param_value_internal":0.22014074779128034,"distribution":"{\"name\": \"FloatDistribution\", \"attributes\": {\"step\": null, \"low\": 0.0, \"high\": 0.5, \"log\": false}}"}
{"op_code":5,"worker_id":"8db0a136-cfa9-4ee5-a316-85696c958cb3-140252871579456","trial_id":47,"param_name":"layers","param_value_internal":3.0,"distribution":"{\"name\": \"IntDistribution\", \"attributes\": {\"log\": false, \"step\": 1, \"low\": 1, \"high\": 3}}"}
{"op_code":5,"worker_id":"8db0a136-cfa9-4ee5-a316-85696c958cb3-140252871579456","trial_id":47,"param_name":"nodes","param_value_internal":0,"distribution":"{\"name\": \"CategoricalDistribution\", \"attributes\": {\"choices\": [32, 64, 128]}}"}
{"op_code":5,"worker_id":"8db0a136-cfa9-4ee5-a316-85696c958cb3-140252871579456","trial_id":47,"param_name":"alpha","param_value_internal":0.06583595688139957,"distribution":"{\"name\": \"FloatDistribution\", \"attributes\": {\"step\": null, \"low\": 0.0, \"high\": 0.5, \"log\": false}}"}
{"op_code":5,"worker_id":"8db0a136-cfa9-4ee5-a316-85696c958cb3-140252871579456","trial_id":47,"param_name":"sigma","param_value_internal":0.010859667155927042,"distribution":"{\"name\": \"FloatDistribution\", \"attributes\": {\"step\": null, \"low\": 0.01, \"high\": 1.0, \"log\": true}}"}
{"op_code":6,"worker_id":"8db0a136-cfa9-4ee5-a316-85696c958cb3-140252871579456","trial_id":47,"state":1,"values":[0.5046223056868195],"datetime_complete":"2026-03-30T10:57:05.101593"}
{"op_code":4,"worker_id":"8db0a136-cfa9-4ee5-a316-85696c958cb3-140252871579456","study_id":0,"datetime_start":"2026-03-30T10:57:05.129709"}
{"op_code":5,"worker_id":"8db0a136-cfa9-4ee5-a316-85696c958cb3-140252871579456","trial_id":48,"param_name":"lr","param_value_internal":0.00471547590272862,"distribution":"{\"name\": \"FloatDistribution\", \"attributes\": {\"step\": null, \"low\": 0.0001, \"high\": 0.1, \"log\": true}}"}
{"op_code":5,"worker_id":"8db0a136-cfa9-4ee5-a316-85696c958cb3-140252871579456","trial_id":48,"param_name":"dropout","param_value_internal":0.14289339994864797,"distribution":"{\"name\": \"FloatDistribution\", \"attributes\": {\"step\": null, \"low\": 0.0, \"high\": 0.5, \"log\": false}}"}
{"op_code":5,"worker_id":"8db0a136-cfa9-4ee5-a316-85696c958cb3-140252871579456","trial_id":48,"param_name":"layers","param_value_internal":3.0,"distribution":"{\"name\": \"IntDistribution\", \"attributes\": {\"log\": false, \"step\": 1, \"low\": 1, \"high\": 3}}"}
{"op_code":5,"worker_id":"8db0a136-cfa9-4ee5-a316-85696c958cb3-140252871579456","trial_id":48,"param_name":"nodes","param_value_internal":1,"distribution":"{\"name\": \"CategoricalDistribution\", \"attributes\": {\"choices\": [32, 64, 128]}}"}
{"op_code":5,"worker_id":"8db0a136-cfa9-4ee5-a316-85696c958cb3-140252871579456","trial_id":48,"param_name":"alpha","param_value_internal":0.08464024594423128,"distribution":"{\"name\": \"FloatDistribution\", \"attributes\": {\"step\": null, \"low\": 0.0, \"high\": 0.5, \"log\": false}}"}
{"op_code":5,"worker_id":"8db0a136-cfa9-4ee5-a316-85696c958cb3-140252871579456","trial_id":48,"param_name":"sigma","param_value_internal":0.17859933594770305,"distribution":"{\"name\": \"FloatDistribution\", \"attributes\": {\"step\": null, \"low\": 0.01, \"high\": 1.0, \"log\": true}}"}
{"op_code":6,"worker_id":"8db0a136-cfa9-4ee5-a316-85696c958cb3-140252871579456","trial_id":48,"state":1,"values":[0.6283908910185969],"datetime_complete":"2026-03-30T10:57:07.749844"}
{"op_code":4,"worker_id":"8db0a136-cfa9-4ee5-a316-85696c958cb3-140252871579456","study_id":0,"datetime_start":"2026-03-30T10:57:07.792238"}
{"op_code":5,"worker_id":"8db0a136-cfa9-4ee5-a316-85696c958cb3-140252871579456","trial_id":49,"param_name":"lr","param_value_internal":0.0153368473697744,"distribution":"{\"name\": \"FloatDistribution\", \"attributes\": {\"step\": null, \"low\": 0.0001, \"high\": 0.1, \"log\": true}}"}
{"op_code":5,"worker_id":"8db0a136-cfa9-4ee5-a316-85696c958cb3-140252871579456","trial_id":49,"param_name":"dropout","param_value_internal":0.20668670573242415,"distribution":"{\"name\": \"FloatDistribution\", \"attributes\": {\"step\": null, \"low\": 0.0, \"high\": 0.5, \"log\": false}}"}
{"op_code":5,"worker_id":"8db0a136-cfa9-4ee5-a316-85696c958cb3-140252871579456","trial_id":49,"param_name":"layers","param_value_internal":3.0,"distribution":"{\"name\": \"IntDistribution\", \"attributes\": {\"log\": false, \"step\": 1, \"low\": 1, \"high\": 3}}"}
{"op_code":5,"worker_id":"8db0a136-cfa9-4ee5-a316-85696c958cb3-140252871579456","trial_id":49,"param_name":"nodes","param_value_internal":2,"distribution":"{\"name\": \"CategoricalDistribution\", \"attributes\": {\"choices\": [32, 64, 128]}}"}
{"op_code":5,"worker_id":"8db0a136-cfa9-4ee5-a316-85696c958cb3-140252871579456","trial_id":49,"param_name":"alpha","param_value_internal":0.03136443827872132,"distribution":"{\"name\": \"FloatDistribution\", \"attributes\": {\"step\": null, \"low\": 0.0, \"high\": 0.5, \"log\": false}}"}
{"op_code":5,"worker_id":"8db0a136-cfa9-4ee5-a316-85696c958cb3-140252871579456","trial_id":49,"param_name":"sigma","param_value_internal":0.08544010470241473,"distribution":"{\"name\": \"FloatDistribution\", \"attributes\": {\"step\": null, \"low\": 0.01, \"high\": 1.0, \"log\": true}}"}
{"op_code":6,"worker_id":"8db0a136-cfa9-4ee5-a316-85696c958cb3-140252871579456","trial_id":49,"state":1,"values":[0.6198318006919851],"datetime_complete":"2026-03-30T10:57:10.444384"}
{"op_code":4,"worker_id":"8db0a136-cfa9-4ee5-a316-85696c958cb3-140252871579456","study_id":0,"datetime_start":"2026-03-30T10:57:10.464420"}
{"op_code":5,"worker_id":"8db0a136-cfa9-4ee5-a316-85696c958cb3-140252871579456","trial_id":50,"param_name":"lr","param_value_internal":0.0025724605807007227,"distribution":"{\"name\": \"FloatDistribution\", \"attributes\": {\"step\": null, \"low\": 0.0001, \"high\": 0.1, \"log\": true}}"}
{"op_code":5,"worker_id":"8db0a136-cfa9-4ee5-a316-85696c958cb3-140252871579456","trial_id":50,"param_name":"dropout","param_value_internal":0.0653728207652099,"distribution":"{\"name\": \"FloatDistribution\", \"attributes\": {\"step\": null, \"low\": 0.0, \"high\": 0.5, \"log\": false}}"}
{"op_code":5,"worker_id":"8db0a136-cfa9-4ee5-a316-85696c958cb3-140252871579456","trial_id":50,"param_name":"layers","param_value_internal":3.0,"distribution":"{\"name\": \"IntDistribution\", \"attributes\": {\"log\": false, \"step\": 1, \"low\": 1, \"high\": 3}}"}
{"op_code":5,"worker_id":"8db0a136-cfa9-4ee5-a316-85696c958cb3-140252871579456","trial_id":50,"param_name":"nodes","param_value_internal":0,"distribution":"{\"name\": \"CategoricalDistribution\", \"attributes\": {\"choices\": [32, 64, 128]}}"}
{"op_code":5,"worker_id":"8db0a136-cfa9-4ee5-a316-85696c958cb3-140252871579456","trial_id":50,"param_name":"alpha","param_value_internal":0.055178070332656114,"distribution":"{\"name\": \"FloatDistribution\", \"attributes\": {\"step\": null, \"low\": 0.0, \"high\": 0.5, \"log\": false}}"}
{"op_code":5,"worker_id":"8db0a136-cfa9-4ee5-a316-85696c958cb3-140252871579456","trial_id":50,"param_name":"sigma","param_value_internal":0.4420211679930872,"distribution":"{\"name\": \"FloatDistribution\", \"attributes\": {\"step\": null, \"low\": 0.01, \"high\": 1.0, \"log\": true}}"}
{"op_code":6,"worker_id":"8db0a136-cfa9-4ee5-a316-85696c958cb3-140252871579456","trial_id":50,"state":1,"values":[0.6293786310218403],"datetime_complete":"2026-03-30T10:57:13.081646"}
{"op_code":4,"worker_id":"8db0a136-cfa9-4ee5-a316-85696c958cb3-140252871579456","study_id":0,"datetime_start":"2026-03-30T10:57:13.104433"}
{"op_code":5,"worker_id":"8db0a136-cfa9-4ee5-a316-85696c958cb3-140252871579456","trial_id":51,"param_name":"lr","param_value_internal":0.02643055359075862,"distribution":"{\"name\": \"FloatDistribution\", \"attributes\": {\"step\": null, \"low\": 0.0001, \"high\": 0.1, \"log\": true}}"}
{"op_code":5,"worker_id":"8db0a136-cfa9-4ee5-a316-85696c958cb3-140252871579456","trial_id":51,"param_name":"dropout","param_value_internal":0.25540195376068325,"distribution":"{\"name\": \"FloatDistribution\", \"attributes\": {\"step\": null, \"low\": 0.0, \"high\": 0.5, \"log\": false}}"}
{"op_code":5,"worker_id":"8db0a136-cfa9-4ee5-a316-85696c958cb3-140252871579456","trial_id":51,"param_name":"layers","param_value_internal":3.0,"distribution":"{\"name\": \"IntDistribution\", \"attributes\": {\"log\": false, \"step\": 1, \"low\": 1, \"high\": 3}}"}
{"op_code":5,"worker_id":"8db0a136-cfa9-4ee5-a316-85696c958cb3-140252871579456","trial_id":51,"param_name":"nodes","param_value_internal":0,"distribution":"{\"name\": \"CategoricalDistribution\", \"attributes\": {\"choices\": [32, 64, 128]}}"}
{"op_code":5,"worker_id":"8db0a136-cfa9-4ee5-a316-85696c958cb3-140252871579456","trial_id":51,"param_name":"alpha","param_value_internal":0.005259200112683506,"distribution":"{\"name\": \"FloatDistribution\", \"attributes\": {\"step\": null, \"low\": 0.0, \"high\": 0.5, \"log\": false}}"}
{"op_code":5,"worker_id":"8db0a136-cfa9-4ee5-a316-85696c958cb3-140252871579456","trial_id":51,"param_name":"sigma","param_value_internal":0.14385505238960836,"distribution":"{\"name\": \"FloatDistribution\", \"attributes\": {\"step\": null, \"low\": 0.01, \"high\": 1.0, \"log\": true}}"}
{"op_code":6,"worker_id":"8db0a136-cfa9-4ee5-a316-85696c958cb3-140252871579456","trial_id":51,"state":1,"values":[0.6347357880543563],"datetime_complete":"2026-03-30T10:57:15.717388"}
{"op_code":4,"worker_id":"8db0a136-cfa9-4ee5-a316-85696c958cb3-140252871579456","study_id":0,"datetime_start":"2026-03-30T10:57:15.757529"}
{"op_code":5,"worker_id":"8db0a136-cfa9-4ee5-a316-85696c958cb3-140252871579456","trial_id":52,"param_name":"lr","param_value_internal":0.010289177633373517,"distribution":"{\"name\": \"FloatDistribution\", \"attributes\": {\"step\": null, \"low\": 0.0001, \"high\": 0.1, \"log\": true}}"}
{"op_code":5,"worker_id":"8db0a136-cfa9-4ee5-a316-85696c958cb3-140252871579456","trial_id":52,"param_name":"dropout","param_value_internal":0.2549833308912862,"distribution":"{\"name\": \"FloatDistribution\", \"attributes\": {\"step\": null, \"low\": 0.0, \"high\": 0.5, \"log\": false}}"}
{"op_code":5,"worker_id":"8db0a136-cfa9-4ee5-a316-85696c958cb3-140252871579456","trial_id":52,"param_name":"layers","param_value_internal":3.0,"distribution":"{\"name\": \"IntDistribution\", \"attributes\": {\"log\": false, \"step\": 1, \"low\": 1, \"high\": 3}}"}
{"op_code":5,"worker_id":"8db0a136-cfa9-4ee5-a316-85696c958cb3-140252871579456","trial_id":52,"param_name":"nodes","param_value_internal":0,"distribution":"{\"name\": \"CategoricalDistribution\", \"attributes\": {\"choices\": [32, 64, 128]}}"}
{"op_code":5,"worker_id":"8db0a136-cfa9-4ee5-a316-85696c958cb3-140252871579456","trial_id":52,"param_name":"alpha","param_value_internal":0.0005670545228740867,"distribution":"{\"name\": \"FloatDistribution\", \"attributes\": {\"step\": null, \"low\": 0.0, \"high\": 0.5, \"log\": false}}"}
{"op_code":5,"worker_id":"8db0a136-cfa9-4ee5-a316-85696c958cb3-140252871579456","trial_id":52,"param_name":"sigma","param_value_internal":0.1567437752393822,"distribution":"{\"name\": \"FloatDistribution\", \"attributes\": {\"step\": null, \"low\": 0.01, \"high\": 1.0, \"log\": true}}"}
{"op_code":6,"worker_id":"8db0a136-cfa9-4ee5-a316-85696c958cb3-140252871579456","trial_id":52,"state":1,"values":[0.6343218671574747],"datetime_complete":"2026-03-30T10:57:18.357744"}
{"op_code":4,"worker_id":"8db0a136-cfa9-4ee5-a316-85696c958cb3-140252871579456","study_id":0,"datetime_start":"2026-03-30T10:57:18.684883"}
{"op_code":5,"worker_id":"8db0a136-cfa9-4ee5-a316-85696c958cb3-140252871579456","trial_id":53,"param_name":"lr","param_value_internal":0.006697338874123127,"distribution":"{\"name\": \"FloatDistribution\", \"attributes\": {\"step\": null, \"low\": 0.0001, \"high\": 0.1, \"log\": true}}"}
{"op_code":5,"worker_id":"8db0a136-cfa9-4ee5-a316-85696c958cb3-140252871579456","trial_id":53,"param_name":"dropout","param_value_internal":0.24905579665756594,"distribution":"{\"name\": \"FloatDistribution\", \"attributes\": {\"step\": null, \"low\": 0.0, \"high\": 0.5, \"log\": false}}"}
{"op_code":5,"worker_id":"8db0a136-cfa9-4ee5-a316-85696c958cb3-140252871579456","trial_id":53,"param_name":"layers","param_value_internal":3.0,"distribution":"{\"name\": \"IntDistribution\", \"attributes\": {\"log\": false, \"step\": 1, \"low\": 1, \"high\": 3}}"}
{"op_code":5,"worker_id":"8db0a136-cfa9-4ee5-a316-85696c958cb3-140252871579456","trial_id":53,"param_name":"nodes","param_value_internal":0,"distribution":"{\"name\": \"CategoricalDistribution\", \"attributes\": {\"choices\": [32, 64, 128]}}"}
{"op_code":5,"worker_id":"8db0a136-cfa9-4ee5-a316-85696c958cb3-140252871579456","trial_id":53,"param_name":"alpha","param_value_internal":0.01725382947391942,"distribution":"{\"name\": \"FloatDistribution\", \"attributes\": {\"step\": null, \"low\": 0.0, \"high\": 0.5, \"log\": false}}"}
{"op_code":5,"worker_id":"8db0a136-cfa9-4ee5-a316-85696c958cb3-140252871579456","trial_id":53,"param_name":"sigma","param_value_internal":0.14510317866718433,"distribution":"{\"name\": \"FloatDistribution\", \"attributes\": {\"step\": null, \"low\": 0.01, \"high\": 1.0, \"log\": true}}"}
{"op_code":6,"worker_id":"8db0a136-cfa9-4ee5-a316-85696c958cb3-140252871579456","trial_id":53,"state":1,"values":[0.634389908948743],"datetime_complete":"2026-03-30T10:57:21.469377"}
{"op_code":4,"worker_id":"8db0a136-cfa9-4ee5-a316-85696c958cb3-140252871579456","study_id":0,"datetime_start":"2026-03-30T10:57:21.500541"}
{"op_code":5,"worker_id":"8db0a136-cfa9-4ee5-a316-85696c958cb3-140252871579456","trial_id":54,"param_name":"lr","param_value_internal":0.006308550710588567,"distribution":"{\"name\": \"FloatDistribution\", \"attributes\": {\"step\": null, \"low\": 0.0001, \"high\": 0.1, \"log\": true}}"}
{"op_code":5,"worker_id":"8db0a136-cfa9-4ee5-a316-85696c958cb3-140252871579456","trial_id":54,"param_name":"dropout","param_value_internal":0.2480630361130134,"distribution":"{\"name\": \"FloatDistribution\", \"attributes\": {\"step\": null, \"low\": 0.0, \"high\": 0.5, \"log\": false}}"}
{"op_code":5,"worker_id":"8db0a136-cfa9-4ee5-a316-85696c958cb3-140252871579456","trial_id":54,"param_name":"layers","param_value_internal":3.0,"distribution":"{\"name\": \"IntDistribution\", \"attributes\": {\"log\": false, \"step\": 1, \"low\": 1, \"high\": 3}}"}
{"op_code":5,"worker_id":"8db0a136-cfa9-4ee5-a316-85696c958cb3-140252871579456","trial_id":54,"param_name":"nodes","param_value_internal":0,"distribution":"{\"name\": \"CategoricalDistribution\", \"attributes\": {\"choices\": [32, 64, 128]}}"}
{"op_code":5,"worker_id":"8db0a136-cfa9-4ee5-a316-85696c958cb3-140252871579456","trial_id":54,"param_name":"alpha","param_value_internal":0.00486614752352091,"distribution":"{\"name\": \"FloatDistribution\", \"attributes\": {\"step\": null, \"low\": 0.0, \"high\": 0.5, \"log\": false}}"}
{"op_code":5,"worker_id":"8db0a136-cfa9-4ee5-a316-85696c958cb3-140252871579456","trial_id":54,"param_name":"sigma","param_value_internal":0.13585462461290262,"distribution":"{\"name\": \"FloatDistribution\", \"attributes\": {\"step\": null, \"low\": 0.01, \"high\": 1.0, \"log\": true}}"}
{"op_code":6,"worker_id":"8db0a136-cfa9-4ee5-a316-85696c958cb3-140252871579456","trial_id":54,"state":1,"values":[0.6323384489420069],"datetime_complete":"2026-03-30T10:57:24.097466"}
{"op_code":4,"worker_id":"8db0a136-cfa9-4ee5-a316-85696c958cb3-140252871579456","study_id":0,"datetime_start":"2026-03-30T10:57:24.117677"}
{"op_code":5,"worker_id":"8db0a136-cfa9-4ee5-a316-85696c958cb3-140252871579456","trial_id":55,"param_name":"lr","param_value_internal":0.004456609507881525,"distribution":"{\"name\": \"FloatDistribution\", \"attributes\": {\"step\": null, \"low\": 0.0001, \"high\": 0.1, \"log\": true}}"}
{"op_code":5,"worker_id":"8db0a136-cfa9-4ee5-a316-85696c958cb3-140252871579456","trial_id":55,"param_name":"dropout","param_value_internal":0.2265327409845104,"distribution":"{\"name\": \"FloatDistribution\", \"attributes\": {\"step\": null, \"low\": 0.0, \"high\": 0.5, \"log\": false}}"}
{"op_code":5,"worker_id":"8db0a136-cfa9-4ee5-a316-85696c958cb3-140252871579456","trial_id":55,"param_name":"layers","param_value_internal":3.0,"distribution":"{\"name\": \"IntDistribution\", \"attributes\": {\"log\": false, \"step\": 1, \"low\": 1, \"high\": 3}}"}
{"op_code":5,"worker_id":"8db0a136-cfa9-4ee5-a316-85696c958cb3-140252871579456","trial_id":55,"param_name":"nodes","param_value_internal":1,"distribution":"{\"name\": \"CategoricalDistribution\", \"attributes\": {\"choices\": [32, 64, 128]}}"}
{"op_code":5,"worker_id":"8db0a136-cfa9-4ee5-a316-85696c958cb3-140252871579456","trial_id":55,"param_name":"alpha","param_value_internal":0.06863008455456045,"distribution":"{\"name\": \"FloatDistribution\", \"attributes\": {\"step\": null, \"low\": 0.0, \"high\": 0.5, \"log\": false}}"}
{"op_code":5,"worker_id":"8db0a136-cfa9-4ee5-a316-85696c958cb3-140252871579456","trial_id":55,"param_name":"sigma","param_value_internal":0.08656214637012753,"distribution":"{\"name\": \"FloatDistribution\", \"attributes\": {\"step\": null, \"low\": 0.01, \"high\": 1.0, \"log\": true}}"}
{"op_code":6,"worker_id":"8db0a136-cfa9-4ee5-a316-85696c958cb3-140252871579456","trial_id":55,"state":1,"values":[0.6221231080129416],"datetime_complete":"2026-03-30T10:57:26.700339"}
{"op_code":4,"worker_id":"8db0a136-cfa9-4ee5-a316-85696c958cb3-140252871579456","study_id":0,"datetime_start":"2026-03-30T10:57:26.727963"}
{"op_code":5,"worker_id":"8db0a136-cfa9-4ee5-a316-85696c958cb3-140252871579456","trial_id":56,"param_name":"lr","param_value_internal":0.01124813189939812,"distribution":"{\"name\": \"FloatDistribution\", \"attributes\": {\"step\": null, \"low\": 0.0001, \"high\": 0.1, \"log\": true}}"}
{"op_code":5,"worker_id":"8db0a136-cfa9-4ee5-a316-85696c958cb3-140252871579456","trial_id":56,"param_name":"dropout","param_value_internal":0.2563340884719295,"distribution":"{\"name\": \"FloatDistribution\", \"attributes\": {\"step\": null, \"low\": 0.0, \"high\": 0.5, \"log\": false}}"}
{"op_code":5,"worker_id":"8db0a136-cfa9-4ee5-a316-85696c958cb3-140252871579456","trial_id":56,"param_name":"layers","param_value_internal":3.0,"distribution":"{\"name\": \"IntDistribution\", \"attributes\": {\"log\": false, \"step\": 1, \"low\": 1, \"high\": 3}}"}
{"op_code":5,"worker_id":"8db0a136-cfa9-4ee5-a316-85696c958cb3-140252871579456","trial_id":56,"param_name":"nodes","param_value_internal":0,"distribution":"{\"name\": \"CategoricalDistribution\", \"attributes\": {\"choices\": [32, 64, 128]}}"}
{"op_code":5,"worker_id":"8db0a136-cfa9-4ee5-a316-85696c958cb3-140252871579456","trial_id":56,"param_name":"alpha","param_value_internal":0.019533282390041644,"distribution":"{\"name\": \"FloatDistribution\", \"attributes\": {\"step\": null, \"low\": 0.0, \"high\": 0.5, \"log\": false}}"}
{"op_code":5,"worker_id":"8db0a136-cfa9-4ee5-a316-85696c958cb3-140252871579456","trial_id":56,"param_name":"sigma","param_value_internal":0.0376055497159845,"distribution":"{\"name\": \"FloatDistribution\", \"attributes\": {\"step\": null, \"low\": 0.01, \"high\": 1.0, \"log\": true}}"}
{"op_code":6,"worker_id":"8db0a136-cfa9-4ee5-a316-85696c958cb3-140252871579456","trial_id":56,"state":1,"values":[0.5404134219237455],"datetime_complete":"2026-03-30T10:57:29.306846"}
{"op_code":4,"worker_id":"8db0a136-cfa9-4ee5-a316-85696c958cb3-140252871579456","study_id":0,"datetime_start":"2026-03-30T10:57:29.319967"}
{"op_code":5,"worker_id":"8db0a136-cfa9-4ee5-a316-85696c958cb3-140252871579456","trial_id":57,"param_name":"lr","param_value_internal":0.006828841434011513,"distribution":"{\"name\": \"FloatDistribution\", \"attributes\": {\"step\": null, \"low\": 0.0001, \"high\": 0.1, \"log\": true}}"}
{"op_code":5,"worker_id":"8db0a136-cfa9-4ee5-a316-85696c958cb3-140252871579456","trial_id":57,"param_name":"dropout","param_value_internal":0.28758459198751624,"distribution":"{\"name\": \"FloatDistribution\", \"attributes\": {\"step\": null, \"low\": 0.0, \"high\": 0.5, \"log\": false}}"}
{"op_code":5,"worker_id":"8db0a136-cfa9-4ee5-a316-85696c958cb3-140252871579456","trial_id":57,"param_name":"layers","param_value_internal":3.0,"distribution":"{\"name\": \"IntDistribution\", \"attributes\": {\"log\": false, \"step\": 1, \"low\": 1, \"high\": 3}}"}
{"op_code":5,"worker_id":"8db0a136-cfa9-4ee5-a316-85696c958cb3-140252871579456","trial_id":57,"param_name":"nodes","param_value_internal":0,"distribution":"{\"name\": \"CategoricalDistribution\", \"attributes\": {\"choices\": [32, 64, 128]}}"}
{"op_code":5,"worker_id":"8db0a136-cfa9-4ee5-a316-85696c958cb3-140252871579456","trial_id":57,"param_name":"alpha","param_value_internal":0.04149663415075206,"distribution":"{\"name\": \"FloatDistribution\", \"attributes\": {\"step\": null, \"low\": 0.0, \"high\": 0.5, \"log\": false}}"}
{"op_code":5,"worker_id":"8db0a136-cfa9-4ee5-a316-85696c958cb3-140252871579456","trial_id":57,"param_name":"sigma","param_value_internal":0.1500754672523384,"distribution":"{\"name\": \"FloatDistribution\", \"attributes\": {\"step\": null, \"low\": 0.01, \"high\": 1.0, \"log\": true}}"}
{"op_code":6,"worker_id":"8db0a136-cfa9-4ee5-a316-85696c958cb3-140252871579456","trial_id":57,"state":1,"values":[0.6391755149346061],"datetime_complete":"2026-03-30T10:57:31.915946"}
{"op_code":4,"worker_id":"8db0a136-cfa9-4ee5-a316-85696c958cb3-140252871579456","study_id":0,"datetime_start":"2026-03-30T10:57:31.973710"}
{"op_code":5,"worker_id":"8db0a136-cfa9-4ee5-a316-85696c958cb3-140252871579456","trial_id":58,"param_name":"lr","param_value_internal":0.006949015176633983,"distribution":"{\"name\": \"FloatDistribution\", \"attributes\": {\"step\": null, \"low\": 0.0001, \"high\": 0.1, \"log\": true}}"}
{"op_code":5,"worker_id":"8db0a136-cfa9-4ee5-a316-85696c958cb3-140252871579456","trial_id":58,"param_name":"dropout","param_value_internal":0.2854895672846616,"distribution":"{\"name\": \"FloatDistribution\", \"attributes\": {\"step\": null, \"low\": 0.0, \"high\": 0.5, \"log\": false}}"}
{"op_code":5,"worker_id":"8db0a136-cfa9-4ee5-a316-85696c958cb3-140252871579456","trial_id":58,"param_name":"layers","param_value_internal":3.0,"distribution":"{\"name\": \"IntDistribution\", \"attributes\": {\"log\": false, \"step\": 1, \"low\": 1, \"high\": 3}}"}
{"op_code":5,"worker_id":"8db0a136-cfa9-4ee5-a316-85696c958cb3-140252871579456","trial_id":58,"param_name":"nodes","param_value_internal":0,"distribution":"{\"name\": \"CategoricalDistribution\", \"attributes\": {\"choices\": [32, 64, 128]}}"}
{"op_code":5,"worker_id":"8db0a136-cfa9-4ee5-a316-85696c958cb3-140252871579456","trial_id":58,"param_name":"alpha","param_value_internal":0.0898912780218801,"distribution":"{\"name\": \"FloatDistribution\", \"attributes\": {\"step\": null, \"low\": 0.0, \"high\": 0.5, \"log\": false}}"}
{"op_code":5,"worker_id":"8db0a136-cfa9-4ee5-a316-85696c958cb3-140252871579456","trial_id":58,"param_name":"sigma","param_value_internal":0.1167744488316381,"distribution":"{\"name\": \"FloatDistribution\", \"attributes\": {\"step\": null, \"low\": 0.01, \"high\": 1.0, \"log\": true}}"}
{"op_code":6,"worker_id":"8db0a136-cfa9-4ee5-a316-85696c958cb3-140252871579456","trial_id":58,"state":1,"values":[0.6312463781921522],"datetime_complete":"2026-03-30T10:57:34.562743"}
{"op_code":4,"worker_id":"8db0a136-cfa9-4ee5-a316-85696c958cb3-140252871579456","study_id":0,"datetime_start":"2026-03-30T10:57:34.575982"}
{"op_code":5,"worker_id":"8db0a136-cfa9-4ee5-a316-85696c958cb3-140252871579456","trial_id":59,"param_name":"lr","param_value_internal":0.004511289942799569,"distribution":"{\"name\": \"FloatDistribution\", \"attributes\": {\"step\": null, \"low\": 0.0001, \"high\": 0.1, \"log\": true}}"}
{"op_code":5,"worker_id":"8db0a136-cfa9-4ee5-a316-85696c958cb3-140252871579456","trial_id":59,"param_name":"dropout","param_value_internal":0.13186765416831928,"distribution":"{\"name\": \"FloatDistribution\", \"attributes\": {\"step\": null, \"low\": 0.0, \"high\": 0.5, \"log\": false}}"}
{"op_code":5,"worker_id":"8db0a136-cfa9-4ee5-a316-85696c958cb3-140252871579456","trial_id":59,"param_name":"layers","param_value_internal":3.0,"distribution":"{\"name\": \"IntDistribution\", \"attributes\": {\"log\": false, \"step\": 1, \"low\": 1, \"high\": 3}}"}
{"op_code":5,"worker_id":"8db0a136-cfa9-4ee5-a316-85696c958cb3-140252871579456","trial_id":59,"param_name":"nodes","param_value_internal":0,"distribution":"{\"name\": \"CategoricalDistribution\", \"attributes\": {\"choices\": [32, 64, 128]}}"}
{"op_code":5,"worker_id":"8db0a136-cfa9-4ee5-a316-85696c958cb3-140252871579456","trial_id":59,"param_name":"alpha","param_value_internal":0.22674926836873158,"distribution":"{\"name\": \"FloatDistribution\", \"attributes\": {\"step\": null, \"low\": 0.0, \"high\": 0.5, \"log\": false}}"}
{"op_code":5,"worker_id":"8db0a136-cfa9-4ee5-a316-85696c958cb3-140252871579456","trial_id":59,"param_name":"sigma","param_value_internal":0.050982027745487456,"distribution":"{\"name\": \"FloatDistribution\", \"attributes\": {\"step\": null, \"low\": 0.01, \"high\": 1.0, \"log\": true}}"}
{"op_code":6,"worker_id":"8db0a136-cfa9-4ee5-a316-85696c958cb3-140252871579456","trial_id":59,"state":1,"values":[0.6224559457752284],"datetime_complete":"2026-03-30T10:57:37.444252"}
