{"op_code":0,"worker_id":"51ebec14-d258-4f7a-bd46-622b99a2e48c-139735962314560","study_name":"deephit_single_tuning","directions":[2]}
{"op_code":4,"worker_id":"51ebec14-d258-4f7a-bd46-622b99a2e48c-139735962314560","study_id":0,"datetime_start":"2026-03-30T10:32:38.853411"}
{"op_code":5,"worker_id":"51ebec14-d258-4f7a-bd46-622b99a2e48c-139735962314560","trial_id":0,"param_name":"lr","param_value_internal":0.0007624047904534904,"distribution":"{\"name\": \"FloatDistribution\", \"attributes\": {\"step\": null, \"low\": 0.0001, \"high\": 0.1, \"log\": true}}"}
{"op_code":5,"worker_id":"51ebec14-d258-4f7a-bd46-622b99a2e48c-139735962314560","trial_id":0,"param_name":"dropout","param_value_internal":0.19597630054680437,"distribution":"{\"name\": \"FloatDistribution\", \"attributes\": {\"step\": null, \"low\": 0.0, \"high\": 0.5, \"log\": false}}"}
{"op_code":5,"worker_id":"51ebec14-d258-4f7a-bd46-622b99a2e48c-139735962314560","trial_id":0,"param_name":"layers","param_value_internal":1.0,"distribution":"{\"name\": \"IntDistribution\", \"attributes\": {\"log\": false, \"step\": 1, \"low\": 1, \"high\": 3}}"}
{"op_code":5,"worker_id":"51ebec14-d258-4f7a-bd46-622b99a2e48c-139735962314560","trial_id":0,"param_name":"nodes","param_value_internal":1,"distribution":"{\"name\": \"CategoricalDistribution\", \"attributes\": {\"choices\": [32, 64, 128]}}"}
{"op_code":5,"worker_id":"51ebec14-d258-4f7a-bd46-622b99a2e48c-139735962314560","trial_id":0,"param_name":"alpha","param_value_internal":0.19012854362737813,"distribution":"{\"name\": \"FloatDistribution\", \"attributes\": {\"step\": null, \"low\": 0.0, \"high\": 0.5, \"log\": false}}"}
{"op_code":5,"worker_id":"51ebec14-d258-4f7a-bd46-622b99a2e48c-139735962314560","trial_id":0,"param_name":"sigma","param_value_internal":0.04070415437730739,"distribution":"{\"name\": \"FloatDistribution\", \"attributes\": {\"step\": null, \"low\": 0.01, \"high\": 1.0, \"log\": true}}"}
{"op_code":6,"worker_id":"51ebec14-d258-4f7a-bd46-622b99a2e48c-139735962314560","trial_id":0,"state":1,"values":[0.6236483405059159],"datetime_complete":"2026-03-30T10:32:40.943021"}
{"op_code":4,"worker_id":"51ebec14-d258-4f7a-bd46-622b99a2e48c-139735962314560","study_id":0,"datetime_start":"2026-03-30T10:32:40.960009"}
{"op_code":5,"worker_id":"51ebec14-d258-4f7a-bd46-622b99a2e48c-139735962314560","trial_id":1,"param_name":"lr","param_value_internal":0.027943703233058274,"distribution":"{\"name\": \"FloatDistribution\", \"attributes\": {\"step\": null, \"low\": 0.0001, \"high\": 0.1, \"log\": true}}"}
{"op_code":5,"worker_id":"51ebec14-d258-4f7a-bd46-622b99a2e48c-139735962314560","trial_id":1,"param_name":"dropout","param_value_internal":0.08376214222976741,"distribution":"{\"name\": \"FloatDistribution\", \"attributes\": {\"step\": null, \"low\": 0.0, \"high\": 0.5, \"log\": false}}"}
{"op_code":5,"worker_id":"51ebec14-d258-4f7a-bd46-622b99a2e48c-139735962314560","trial_id":1,"param_name":"layers","param_value_internal":2.0,"distribution":"{\"name\": \"IntDistribution\", \"attributes\": {\"log\": false, \"step\": 1, \"low\": 1, \"high\": 3}}"}
{"op_code":5,"worker_id":"51ebec14-d258-4f7a-bd46-622b99a2e48c-139735962314560","trial_id":1,"param_name":"nodes","param_value_internal":0,"distribution":"{\"name\": \"CategoricalDistribution\", \"attributes\": {\"choices\": [32, 64, 128]}}"}
{"op_code":5,"worker_id":"51ebec14-d258-4f7a-bd46-622b99a2e48c-139735962314560","trial_id":1,"param_name":"alpha","param_value_internal":0.13691887567887534,"distribution":"{\"name\": \"FloatDistribution\", \"attributes\": {\"step\": null, \"low\": 0.0, \"high\": 0.5, \"log\": false}}"}
{"op_code":5,"worker_id":"51ebec14-d258-4f7a-bd46-622b99a2e48c-139735962314560","trial_id":1,"param_name":"sigma","param_value_internal":0.17732542858401718,"distribution":"{\"name\": \"FloatDistribution\", \"attributes\": {\"step\": null, \"low\": 0.01, \"high\": 1.0, \"log\": true}}"}
{"op_code":6,"worker_id":"51ebec14-d258-4f7a-bd46-622b99a2e48c-139735962314560","trial_id":1,"state":1,"values":[0.6329667175190812],"datetime_complete":"2026-03-30T10:32:43.254812"}
{"op_code":4,"worker_id":"51ebec14-d258-4f7a-bd46-622b99a2e48c-139735962314560","study_id":0,"datetime_start":"2026-03-30T10:32:43.276378"}
{"op_code":5,"worker_id":"51ebec14-d258-4f7a-bd46-622b99a2e48c-139735962314560","trial_id":2,"param_name":"lr","param_value_internal":0.0025212285351646187,"distribution":"{\"name\": \"FloatDistribution\", \"attributes\": {\"step\": null, \"low\": 0.0001, \"high\": 0.1, \"log\": true}}"}
{"op_code":5,"worker_id":"51ebec14-d258-4f7a-bd46-622b99a2e48c-139735962314560","trial_id":2,"param_name":"dropout","param_value_internal":0.3183247558706933,"distribution":"{\"name\": \"FloatDistribution\", \"attributes\": {\"step\": null, \"low\": 0.0, \"high\": 0.5, \"log\": false}}"}
{"op_code":5,"worker_id":"51ebec14-d258-4f7a-bd46-622b99a2e48c-139735962314560","trial_id":2,"param_name":"layers","param_value_internal":2.0,"distribution":"{\"name\": \"IntDistribution\", \"attributes\": {\"log\": false, \"step\": 1, \"low\": 1, \"high\": 3}}"}
{"op_code":5,"worker_id":"51ebec14-d258-4f7a-bd46-622b99a2e48c-139735962314560","trial_id":2,"param_name":"nodes","param_value_internal":0,"distribution":"{\"name\": \"CategoricalDistribution\", \"attributes\": {\"choices\": [32, 64, 128]}}"}
{"op_code":5,"worker_id":"51ebec14-d258-4f7a-bd46-622b99a2e48c-139735962314560","trial_id":2,"param_name":"alpha","param_value_internal":0.01645470374713892,"distribution":"{\"name\": \"FloatDistribution\", \"attributes\": {\"step\": null, \"low\": 0.0, \"high\": 0.5, \"log\": false}}"}
{"op_code":5,"worker_id":"51ebec14-d258-4f7a-bd46-622b99a2e48c-139735962314560","trial_id":2,"param_name":"sigma","param_value_internal":0.03044291652976201,"distribution":"{\"name\": \"FloatDistribution\", \"attributes\": {\"step\": null, \"low\": 0.01, \"high\": 1.0, \"log\": true}}"}
{"op_code":6,"worker_id":"51ebec14-d258-4f7a-bd46-622b99a2e48c-139735962314560","trial_id":2,"state":1,"values":[0.5847288810076648],"datetime_complete":"2026-03-30T10:32:45.569921"}
{"op_code":4,"worker_id":"51ebec14-d258-4f7a-bd46-622b99a2e48c-139735962314560","study_id":0,"datetime_start":"2026-03-30T10:32:45.586475"}
{"op_code":5,"worker_id":"51ebec14-d258-4f7a-bd46-622b99a2e48c-139735962314560","trial_id":3,"param_name":"lr","param_value_internal":0.004143632831579762,"distribution":"{\"name\": \"FloatDistribution\", \"attributes\": {\"step\": null, \"low\": 0.0001, \"high\": 0.1, \"log\": true}}"}
{"op_code":5,"worker_id":"51ebec14-d258-4f7a-bd46-622b99a2e48c-139735962314560","trial_id":3,"param_name":"dropout","param_value_internal":0.28654142584425285,"distribution":"{\"name\": \"FloatDistribution\", \"attributes\": {\"step\": null, \"low\": 0.0, \"high\": 0.5, \"log\": false}}"}
{"op_code":5,"worker_id":"51ebec14-d258-4f7a-bd46-622b99a2e48c-139735962314560","trial_id":3,"param_name":"layers","param_value_internal":3.0,"distribution":"{\"name\": \"IntDistribution\", \"attributes\": {\"log\": false, \"step\": 1, \"low\": 1, \"high\": 3}}"}
{"op_code":5,"worker_id":"51ebec14-d258-4f7a-bd46-622b99a2e48c-139735962314560","trial_id":3,"param_name":"nodes","param_value_internal":2,"distribution":"{\"name\": \"CategoricalDistribution\", \"attributes\": {\"choices\": [32, 64, 128]}}"}
{"op_code":5,"worker_id":"51ebec14-d258-4f7a-bd46-622b99a2e48c-139735962314560","trial_id":3,"param_name":"alpha","param_value_internal":0.1569004479355658,"distribution":"{\"name\": \"FloatDistribution\", \"attributes\": {\"step\": null, \"low\": 0.0, \"high\": 0.5, \"log\": false}}"}
{"op_code":5,"worker_id":"51ebec14-d258-4f7a-bd46-622b99a2e48c-139735962314560","trial_id":3,"param_name":"sigma","param_value_internal":0.6628844717093137,"distribution":"{\"name\": \"FloatDistribution\", \"attributes\": {\"step\": null, \"low\": 0.01, \"high\": 1.0, \"log\": true}}"}
{"op_code":6,"worker_id":"51ebec14-d258-4f7a-bd46-622b99a2e48c-139735962314560","trial_id":3,"state":1,"values":[0.6368304207014855],"datetime_complete":"2026-03-30T10:32:48.099905"}
{"op_code":4,"worker_id":"51ebec14-d258-4f7a-bd46-622b99a2e48c-139735962314560","study_id":0,"datetime_start":"2026-03-30T10:32:48.115558"}
{"op_code":5,"worker_id":"51ebec14-d258-4f7a-bd46-622b99a2e48c-139735962314560","trial_id":4,"param_name":"lr","param_value_internal":0.006551007433257563,"distribution":"{\"name\": \"FloatDistribution\", \"attributes\": {\"step\": null, \"low\": 0.0001, \"high\": 0.1, \"log\": true}}"}
{"op_code":5,"worker_id":"51ebec14-d258-4f7a-bd46-622b99a2e48c-139735962314560","trial_id":4,"param_name":"dropout","param_value_internal":0.28736948684634567,"distribution":"{\"name\": \"FloatDistribution\", \"attributes\": {\"step\": null, \"low\": 0.0, \"high\": 0.5, \"log\": false}}"}
{"op_code":5,"worker_id":"51ebec14-d258-4f7a-bd46-622b99a2e48c-139735962314560","trial_id":4,"param_name":"layers","param_value_internal":1.0,"distribution":"{\"name\": \"IntDistribution\", \"attributes\": {\"log\": false, \"step\": 1, \"low\": 1, \"high\": 3}}"}
{"op_code":5,"worker_id":"51ebec14-d258-4f7a-bd46-622b99a2e48c-139735962314560","trial_id":4,"param_name":"nodes","param_value_internal":0,"distribution":"{\"name\": \"CategoricalDistribution\", \"attributes\": {\"choices\": [32, 64, 128]}}"}
{"op_code":5,"worker_id":"51ebec14-d258-4f7a-bd46-622b99a2e48c-139735962314560","trial_id":4,"param_name":"alpha","param_value_internal":0.06996181038623106,"distribution":"{\"name\": \"FloatDistribution\", \"attributes\": {\"step\": null, \"low\": 0.0, \"high\": 0.5, \"log\": false}}"}
{"op_code":5,"worker_id":"51ebec14-d258-4f7a-bd46-622b99a2e48c-139735962314560","trial_id":4,"param_name":"sigma","param_value_internal":0.058458086058385525,"distribution":"{\"name\": \"FloatDistribution\", \"attributes\": {\"step\": null, \"low\": 0.01, \"high\": 1.0, \"log\": true}}"}
{"op_code":6,"worker_id":"51ebec14-d258-4f7a-bd46-622b99a2e48c-139735962314560","trial_id":4,"state":1,"values":[0.6403376168197255],"datetime_complete":"2026-03-30T10:32:50.189181"}
{"op_code":4,"worker_id":"51ebec14-d258-4f7a-bd46-622b99a2e48c-139735962314560","study_id":0,"datetime_start":"2026-03-30T10:32:50.205567"}
{"op_code":5,"worker_id":"51ebec14-d258-4f7a-bd46-622b99a2e48c-139735962314560","trial_id":5,"param_name":"lr","param_value_internal":0.0001424077874501503,"distribution":"{\"name\": \"FloatDistribution\", \"attributes\": {\"step\": null, \"low\": 0.0001, \"high\": 0.1, \"log\": true}}"}
{"op_code":5,"worker_id":"51ebec14-d258-4f7a-bd46-622b99a2e48c-139735962314560","trial_id":5,"param_name":"dropout","param_value_internal":0.2318897650631287,"distribution":"{\"name\": \"FloatDistribution\", \"attributes\": {\"step\": null, \"low\": 0.0, \"high\": 0.5, \"log\": false}}"}
{"op_code":5,"worker_id":"51ebec14-d258-4f7a-bd46-622b99a2e48c-139735962314560","trial_id":5,"param_name":"layers","param_value_internal":2.0,"distribution":"{\"name\": \"IntDistribution\", \"attributes\": {\"log\": false, \"step\": 1, \"low\": 1, \"high\": 3}}"}
{"op_code":5,"worker_id":"51ebec14-d258-4f7a-bd46-622b99a2e48c-139735962314560","trial_id":5,"param_name":"nodes","param_value_internal":0,"distribution":"{\"name\": \"CategoricalDistribution\", \"attributes\": {\"choices\": [32, 64, 128]}}"}
{"op_code":5,"worker_id":"51ebec14-d258-4f7a-bd46-622b99a2e48c-139735962314560","trial_id":5,"param_name":"alpha","param_value_internal":0.08881085465269023,"distribution":"{\"name\": \"FloatDistribution\", \"attributes\": {\"step\": null, \"low\": 0.0, \"high\": 0.5, \"log\": false}}"}
{"op_code":5,"worker_id":"51ebec14-d258-4f7a-bd46-622b99a2e48c-139735962314560","trial_id":5,"param_name":"sigma","param_value_internal":0.47149145175351453,"distribution":"{\"name\": \"FloatDistribution\", \"attributes\": {\"step\": null, \"low\": 0.01, \"high\": 1.0, \"log\": true}}"}
{"op_code":6,"worker_id":"51ebec14-d258-4f7a-bd46-622b99a2e48c-139735962314560","trial_id":5,"state":1,"values":[0.6067374047674717],"datetime_complete":"2026-03-30T10:32:52.508385"}
{"op_code":4,"worker_id":"51ebec14-d258-4f7a-bd46-622b99a2e48c-139735962314560","study_id":0,"datetime_start":"2026-03-30T10:32:52.520082"}
{"op_code":5,"worker_id":"51ebec14-d258-4f7a-bd46-622b99a2e48c-139735962314560","trial_id":6,"param_name":"lr","param_value_internal":0.0003790906141546165,"distribution":"{\"name\": \"FloatDistribution\", \"attributes\": {\"step\": null, \"low\": 0.0001, \"high\": 0.1, \"log\": true}}"}
{"op_code":5,"worker_id":"51ebec14-d258-4f7a-bd46-622b99a2e48c-139735962314560","trial_id":6,"param_name":"dropout","param_value_internal":0.26399726148048525,"distribution":"{\"name\": \"FloatDistribution\", \"attributes\": {\"step\": null, \"low\": 0.0, \"high\": 0.5, \"log\": false}}"}
{"op_code":5,"worker_id":"51ebec14-d258-4f7a-bd46-622b99a2e48c-139735962314560","trial_id":6,"param_name":"layers","param_value_internal":2.0,"distribution":"{\"name\": \"IntDistribution\", \"attributes\": {\"log\": false, \"step\": 1, \"low\": 1, \"high\": 3}}"}
{"op_code":5,"worker_id":"51ebec14-d258-4f7a-bd46-622b99a2e48c-139735962314560","trial_id":6,"param_name":"nodes","param_value_internal":2,"distribution":"{\"name\": \"CategoricalDistribution\", \"attributes\": {\"choices\": [32, 64, 128]}}"}
{"op_code":5,"worker_id":"51ebec14-d258-4f7a-bd46-622b99a2e48c-139735962314560","trial_id":6,"param_name":"alpha","param_value_internal":0.17885696116356298,"distribution":"{\"name\": \"FloatDistribution\", \"attributes\": {\"step\": null, \"low\": 0.0, \"high\": 0.5, \"log\": false}}"}
{"op_code":5,"worker_id":"51ebec14-d258-4f7a-bd46-622b99a2e48c-139735962314560","trial_id":6,"param_name":"sigma","param_value_internal":0.020352308496539722,"distribution":"{\"name\": \"FloatDistribution\", \"attributes\": {\"step\": null, \"low\": 0.01, \"high\": 1.0, \"log\": true}}"}
{"op_code":6,"worker_id":"51ebec14-d258-4f7a-bd46-622b99a2e48c-139735962314560","trial_id":6,"state":1,"values":[0.4728771046070436],"datetime_complete":"2026-03-30T10:32:54.823602"}
{"op_code":4,"worker_id":"51ebec14-d258-4f7a-bd46-622b99a2e48c-139735962314560","study_id":0,"datetime_start":"2026-03-30T10:32:54.844370"}
{"op_code":5,"worker_id":"51ebec14-d258-4f7a-bd46-622b99a2e48c-139735962314560","trial_id":7,"param_name":"lr","param_value_internal":0.0001633207351952868,"distribution":"{\"name\": \"FloatDistribution\", \"attributes\": {\"step\": null, \"low\": 0.0001, \"high\": 0.1, \"log\": true}}"}
{"op_code":5,"worker_id":"51ebec14-d258-4f7a-bd46-622b99a2e48c-139735962314560","trial_id":7,"param_name":"dropout","param_value_internal":0.1071357175116115,"distribution":"{\"name\": \"FloatDistribution\", \"attributes\": {\"step\": null, \"low\": 0.0, \"high\": 0.5, \"log\": false}}"}
{"op_code":5,"worker_id":"51ebec14-d258-4f7a-bd46-622b99a2e48c-139735962314560","trial_id":7,"param_name":"layers","param_value_internal":3.0,"distribution":"{\"name\": \"IntDistribution\", \"attributes\": {\"log\": false, \"step\": 1, \"low\": 1, \"high\": 3}}"}
{"op_code":5,"worker_id":"51ebec14-d258-4f7a-bd46-622b99a2e48c-139735962314560","trial_id":7,"param_name":"nodes","param_value_internal":1,"distribution":"{\"name\": \"CategoricalDistribution\", \"attributes\": {\"choices\": [32, 64, 128]}}"}
{"op_code":5,"worker_id":"51ebec14-d258-4f7a-bd46-622b99a2e48c-139735962314560","trial_id":7,"param_name":"alpha","param_value_internal":0.07416648205776527,"distribution":"{\"name\": \"FloatDistribution\", \"attributes\": {\"step\": null, \"low\": 0.0, \"high\": 0.5, \"log\": false}}"}
{"op_code":5,"worker_id":"51ebec14-d258-4f7a-bd46-622b99a2e48c-139735962314560","trial_id":7,"param_name":"sigma","param_value_internal":0.024317818386935124,"distribution":"{\"name\": \"FloatDistribution\", \"attributes\": {\"step\": null, \"low\": 0.01, \"high\": 1.0, \"log\": true}}"}
{"op_code":6,"worker_id":"51ebec14-d258-4f7a-bd46-622b99a2e48c-139735962314560","trial_id":7,"state":1,"values":[0.4749767923161153],"datetime_complete":"2026-03-30T10:32:57.352490"}
{"op_code":4,"worker_id":"51ebec14-d258-4f7a-bd46-622b99a2e48c-139735962314560","study_id":0,"datetime_start":"2026-03-30T10:32:57.363856"}
{"op_code":5,"worker_id":"51ebec14-d258-4f7a-bd46-622b99a2e48c-139735962314560","trial_id":8,"param_name":"lr","param_value_internal":0.0022317430065883063,"distribution":"{\"name\": \"FloatDistribution\", \"attributes\": {\"step\": null, \"low\": 0.0001, \"high\": 0.1, \"log\": true}}"}
{"op_code":5,"worker_id":"51ebec14-d258-4f7a-bd46-622b99a2e48c-139735962314560","trial_id":8,"param_name":"dropout","param_value_internal":0.06594057849141477,"distribution":"{\"name\": \"FloatDistribution\", \"attributes\": {\"step\": null, \"low\": 0.0, \"high\": 0.5, \"log\": false}}"}
{"op_code":5,"worker_id":"51ebec14-d258-4f7a-bd46-622b99a2e48c-139735962314560","trial_id":8,"param_name":"layers","param_value_internal":1.0,"distribution":"{\"name\": \"IntDistribution\", \"attributes\": {\"log\": false, \"step\": 1, \"low\": 1, \"high\": 3}}"}
{"op_code":5,"worker_id":"51ebec14-d258-4f7a-bd46-622b99a2e48c-139735962314560","trial_id":8,"param_name":"nodes","param_value_internal":0,"distribution":"{\"name\": \"CategoricalDistribution\", \"attributes\": {\"choices\": [32, 64, 128]}}"}
{"op_code":5,"worker_id":"51ebec14-d258-4f7a-bd46-622b99a2e48c-139735962314560","trial_id":8,"param_name":"alpha","param_value_internal":0.43391531886292944,"distribution":"{\"name\": \"FloatDistribution\", \"attributes\": {\"step\": null, \"low\": 0.0, \"high\": 0.5, \"log\": false}}"}
{"op_code":5,"worker_id":"51ebec14-d258-4f7a-bd46-622b99a2e48c-139735962314560","trial_id":8,"param_name":"sigma","param_value_internal":0.23869592248869256,"distribution":"{\"name\": \"FloatDistribution\", \"attributes\": {\"step\": null, \"low\": 0.01, \"high\": 1.0, \"log\": true}}"}
{"op_code":6,"worker_id":"51ebec14-d258-4f7a-bd46-622b99a2e48c-139735962314560","trial_id":8,"state":1,"values":[0.6427538781718133],"datetime_complete":"2026-03-30T10:32:59.433937"}
{"op_code":4,"worker_id":"51ebec14-d258-4f7a-bd46-622b99a2e48c-139735962314560","study_id":0,"datetime_start":"2026-03-30T10:32:59.444579"}
{"op_code":5,"worker_id":"51ebec14-d258-4f7a-bd46-622b99a2e48c-139735962314560","trial_id":9,"param_name":"lr","param_value_internal":0.00026973175227883357,"distribution":"{\"name\": \"FloatDistribution\", \"attributes\": {\"step\": null, \"low\": 0.0001, \"high\": 0.1, \"log\": true}}"}
{"op_code":5,"worker_id":"51ebec14-d258-4f7a-bd46-622b99a2e48c-139735962314560","trial_id":9,"param_name":"dropout","param_value_internal":0.3671753706434714,"distribution":"{\"name\": \"FloatDistribution\", \"attributes\": {\"step\": null, \"low\": 0.0, \"high\": 0.5, \"log\": false}}"}
{"op_code":5,"worker_id":"51ebec14-d258-4f7a-bd46-622b99a2e48c-139735962314560","trial_id":9,"param_name":"layers","param_value_internal":1.0,"distribution":"{\"name\": \"IntDistribution\", \"attributes\": {\"log\": false, \"step\": 1, \"low\": 1, \"high\": 3}}"}
{"op_code":5,"worker_id":"51ebec14-d258-4f7a-bd46-622b99a2e48c-139735962314560","trial_id":9,"param_name":"nodes","param_value_internal":1,"distribution":"{\"name\": \"CategoricalDistribution\", \"attributes\": {\"choices\": [32, 64, 128]}}"}
{"op_code":5,"worker_id":"51ebec14-d258-4f7a-bd46-622b99a2e48c-139735962314560","trial_id":9,"param_name":"alpha","param_value_internal":0.14972351144415136,"distribution":"{\"name\": \"FloatDistribution\", \"attributes\": {\"step\": null, \"low\": 0.0, \"high\": 0.5, \"log\": false}}"}
{"op_code":5,"worker_id":"51ebec14-d258-4f7a-bd46-622b99a2e48c-139735962314560","trial_id":9,"param_name":"sigma","param_value_internal":0.08745114842723141,"distribution":"{\"name\": \"FloatDistribution\", \"attributes\": {\"step\": null, \"low\": 0.01, \"high\": 1.0, \"log\": true}}"}
{"op_code":6,"worker_id":"51ebec14-d258-4f7a-bd46-622b99a2e48c-139735962314560","trial_id":9,"state":1,"values":[0.6317374626419952],"datetime_complete":"2026-03-30T10:33:01.529224"}
{"op_code":4,"worker_id":"51ebec14-d258-4f7a-bd46-622b99a2e48c-139735962314560","study_id":0,"datetime_start":"2026-03-30T10:33:01.545069"}
{"op_code":5,"worker_id":"51ebec14-d258-4f7a-bd46-622b99a2e48c-139735962314560","trial_id":10,"param_name":"lr","param_value_internal":0.08974507954459174,"distribution":"{\"name\": \"FloatDistribution\", \"attributes\": {\"step\": null, \"low\": 0.0001, \"high\": 0.1, \"log\": true}}"}
{"op_code":5,"worker_id":"51ebec14-d258-4f7a-bd46-622b99a2e48c-139735962314560","trial_id":10,"param_name":"dropout","param_value_internal":0.008626664033582775,"distribution":"{\"name\": \"FloatDistribution\", \"attributes\": {\"step\": null, \"low\": 0.0, \"high\": 0.5, \"log\": false}}"}
{"op_code":5,"worker_id":"51ebec14-d258-4f7a-bd46-622b99a2e48c-139735962314560","trial_id":10,"param_name":"layers","param_value_internal":1.0,"distribution":"{\"name\": \"IntDistribution\", \"attributes\": {\"log\": false, \"step\": 1, \"low\": 1, \"high\": 3}}"}
{"op_code":5,"worker_id":"51ebec14-d258-4f7a-bd46-622b99a2e48c-139735962314560","trial_id":10,"param_name":"nodes","param_value_internal":0,"distribution":"{\"name\": \"CategoricalDistribution\", \"attributes\": {\"choices\": [32, 64, 128]}}"}
{"op_code":5,"worker_id":"51ebec14-d258-4f7a-bd46-622b99a2e48c-139735962314560","trial_id":10,"param_name":"alpha","param_value_internal":0.46967579233139534,"distribution":"{\"name\": \"FloatDistribution\", \"attributes\": {\"step\": null, \"low\": 0.0, \"high\": 0.5, \"log\": false}}"}
{"op_code":5,"worker_id":"51ebec14-d258-4f7a-bd46-622b99a2e48c-139735962314560","trial_id":10,"param_name":"sigma","param_value_internal":0.20679435261361806,"distribution":"{\"name\": \"FloatDistribution\", \"attributes\": {\"step\": null, \"low\": 0.01, \"high\": 1.0, \"log\": true}}"}
{"op_code":6,"worker_id":"51ebec14-d258-4f7a-bd46-622b99a2e48c-139735962314560","trial_id":10,"state":1,"values":[0.6139184756313532],"datetime_complete":"2026-03-30T10:33:03.608833"}
{"op_code":4,"worker_id":"51ebec14-d258-4f7a-bd46-622b99a2e48c-139735962314560","study_id":0,"datetime_start":"2026-03-30T10:33:03.629513"}
{"op_code":5,"worker_id":"51ebec14-d258-4f7a-bd46-622b99a2e48c-139735962314560","trial_id":11,"param_name":"lr","param_value_internal":0.006100765226293054,"distribution":"{\"name\": \"FloatDistribution\", \"attributes\": {\"step\": null, \"low\": 0.0001, \"high\": 0.1, \"log\": true}}"}
{"op_code":5,"worker_id":"51ebec14-d258-4f7a-bd46-622b99a2e48c-139735962314560","trial_id":11,"param_name":"dropout","param_value_internal":0.41624811914883103,"distribution":"{\"name\": \"FloatDistribution\", \"attributes\": {\"step\": null, \"low\": 0.0, \"high\": 0.5, \"log\": false}}"}
{"op_code":5,"worker_id":"51ebec14-d258-4f7a-bd46-622b99a2e48c-139735962314560","trial_id":11,"param_name":"layers","param_value_internal":1.0,"distribution":"{\"name\": \"IntDistribution\", \"attributes\": {\"log\": false, \"step\": 1, \"low\": 1, \"high\": 3}}"}
{"op_code":5,"worker_id":"51ebec14-d258-4f7a-bd46-622b99a2e48c-139735962314560","trial_id":11,"param_name":"nodes","param_value_internal":0,"distribution":"{\"name\": \"CategoricalDistribution\", \"attributes\": {\"choices\": [32, 64, 128]}}"}
{"op_code":5,"worker_id":"51ebec14-d258-4f7a-bd46-622b99a2e48c-139735962314560","trial_id":11,"param_name":"alpha","param_value_internal":0.34075071389622824,"distribution":"{\"name\": \"FloatDistribution\", \"attributes\": {\"step\": null, \"low\": 0.0, \"high\": 0.5, \"log\": false}}"}
{"op_code":5,"worker_id":"51ebec14-d258-4f7a-bd46-622b99a2e48c-139735962314560","trial_id":11,"param_name":"sigma","param_value_internal":0.085843551235866,"distribution":"{\"name\": \"FloatDistribution\", \"attributes\": {\"step\": null, \"low\": 0.01, \"high\": 1.0, \"log\": true}}"}
{"op_code":6,"worker_id":"51ebec14-d258-4f7a-bd46-622b99a2e48c-139735962314560","trial_id":11,"state":1,"values":[0.6417659600573189],"datetime_complete":"2026-03-30T10:33:05.721609"}
{"op_code":4,"worker_id":"51ebec14-d258-4f7a-bd46-622b99a2e48c-139735962314560","study_id":0,"datetime_start":"2026-03-30T10:33:05.741827"}
{"op_code":5,"worker_id":"51ebec14-d258-4f7a-bd46-622b99a2e48c-139735962314560","trial_id":12,"param_name":"lr","param_value_internal":0.010521698773120336,"distribution":"{\"name\": \"FloatDistribution\", \"attributes\": {\"step\": null, \"low\": 0.0001, \"high\": 0.1, \"log\": true}}"}
{"op_code":5,"worker_id":"51ebec14-d258-4f7a-bd46-622b99a2e48c-139735962314560","trial_id":12,"param_name":"dropout","param_value_internal":0.4998544460172706,"distribution":"{\"name\": \"FloatDistribution\", \"attributes\": {\"step\": null, \"low\": 0.0, \"high\": 0.5, \"log\": false}}"}
{"op_code":5,"worker_id":"51ebec14-d258-4f7a-bd46-622b99a2e48c-139735962314560","trial_id":12,"param_name":"layers","param_value_internal":1.0,"distribution":"{\"name\": \"IntDistribution\", \"attributes\": {\"log\": false, \"step\": 1, \"low\": 1, \"high\": 3}}"}
{"op_code":5,"worker_id":"51ebec14-d258-4f7a-bd46-622b99a2e48c-139735962314560","trial_id":12,"param_name":"nodes","param_value_internal":0,"distribution":"{\"name\": \"CategoricalDistribution\", \"attributes\": {\"choices\": [32, 64, 128]}}"}
{"op_code":5,"worker_id":"51ebec14-d258-4f7a-bd46-622b99a2e48c-139735962314560","trial_id":12,"param_name":"alpha","param_value_internal":0.3778471472109819,"distribution":"{\"name\": \"FloatDistribution\", \"attributes\": {\"step\": null, \"low\": 0.0, \"high\": 0.5, \"log\": false}}"}
{"op_code":5,"worker_id":"51ebec14-d258-4f7a-bd46-622b99a2e48c-139735962314560","trial_id":12,"param_name":"sigma","param_value_internal":0.010234886485825453,"distribution":"{\"name\": \"FloatDistribution\", \"attributes\": {\"step\": null, \"low\": 0.01, \"high\": 1.0, \"log\": true}}"}
{"op_code":6,"worker_id":"51ebec14-d258-4f7a-bd46-622b99a2e48c-139735962314560","trial_id":12,"state":1,"values":[0.004403093740523047],"datetime_complete":"2026-03-30T10:33:07.827116"}
{"op_code":4,"worker_id":"51ebec14-d258-4f7a-bd46-622b99a2e48c-139735962314560","study_id":0,"datetime_start":"2026-03-30T10:33:07.847915"}
{"op_code":5,"worker_id":"51ebec14-d258-4f7a-bd46-622b99a2e48c-139735962314560","trial_id":13,"param_name":"lr","param_value_internal":0.001447923255222408,"distribution":"{\"name\": \"FloatDistribution\", \"attributes\": {\"step\": null, \"low\": 0.0001, \"high\": 0.1, \"log\": true}}"}
{"op_code":5,"worker_id":"51ebec14-d258-4f7a-bd46-622b99a2e48c-139735962314560","trial_id":13,"param_name":"dropout","param_value_internal":0.43168547024618464,"distribution":"{\"name\": \"FloatDistribution\", \"attributes\": {\"step\": null, \"low\": 0.0, \"high\": 0.5, \"log\": false}}"}
{"op_code":5,"worker_id":"51ebec14-d258-4f7a-bd46-622b99a2e48c-139735962314560","trial_id":13,"param_name":"layers","param_value_internal":1.0,"distribution":"{\"name\": \"IntDistribution\", \"attributes\": {\"log\": false, \"step\": 1, \"low\": 1, \"high\": 3}}"}
{"op_code":5,"worker_id":"51ebec14-d258-4f7a-bd46-622b99a2e48c-139735962314560","trial_id":13,"param_name":"nodes","param_value_internal":0,"distribution":"{\"name\": \"CategoricalDistribution\", \"attributes\": {\"choices\": [32, 64, 128]}}"}
{"op_code":5,"worker_id":"51ebec14-d258-4f7a-bd46-622b99a2e48c-139735962314560","trial_id":13,"param_name":"alpha","param_value_internal":0.33924554985727723,"distribution":"{\"name\": \"FloatDistribution\", \"attributes\": {\"step\": null, \"low\": 0.0, \"high\": 0.5, \"log\": false}}"}
{"op_code":5,"worker_id":"51ebec14-d258-4f7a-bd46-622b99a2e48c-139735962314560","trial_id":13,"param_name":"sigma","param_value_internal":0.23716930976022066,"distribution":"{\"name\": \"FloatDistribution\", \"attributes\": {\"step\": null, \"low\": 0.01, \"high\": 1.0, \"log\": true}}"}
{"op_code":6,"worker_id":"51ebec14-d258-4f7a-bd46-622b99a2e48c-139735962314560","trial_id":13,"state":1,"values":[0.6392680956272325],"datetime_complete":"2026-03-30T10:33:09.938593"}
{"op_code":4,"worker_id":"51ebec14-d258-4f7a-bd46-622b99a2e48c-139735962314560","study_id":0,"datetime_start":"2026-03-30T10:33:09.953017"}
{"op_code":5,"worker_id":"51ebec14-d258-4f7a-bd46-622b99a2e48c-139735962314560","trial_id":14,"param_name":"lr","param_value_internal":0.015409307767970231,"distribution":"{\"name\": \"FloatDistribution\", \"attributes\": {\"step\": null, \"low\": 0.0001, \"high\": 0.1, \"log\": true}}"}
{"op_code":5,"worker_id":"51ebec14-d258-4f7a-bd46-622b99a2e48c-139735962314560","trial_id":14,"param_name":"dropout","param_value_internal":0.16228446601414645,"distribution":"{\"name\": \"FloatDistribution\", \"attributes\": {\"step\": null, \"low\": 0.0, \"high\": 0.5, \"log\": false}}"}
{"op_code":5,"worker_id":"51ebec14-d258-4f7a-bd46-622b99a2e48c-139735962314560","trial_id":14,"param_name":"layers","param_value_internal":2.0,"distribution":"{\"name\": \"IntDistribution\", \"attributes\": {\"log\": false, \"step\": 1, \"low\": 1, \"high\": 3}}"}
{"op_code":5,"worker_id":"51ebec14-d258-4f7a-bd46-622b99a2e48c-139735962314560","trial_id":14,"param_name":"nodes","param_value_internal":0,"distribution":"{\"name\": \"CategoricalDistribution\", \"attributes\": {\"choices\": [32, 64, 128]}}"}
{"op_code":5,"worker_id":"51ebec14-d258-4f7a-bd46-622b99a2e48c-139735962314560","trial_id":14,"param_name":"alpha","param_value_internal":0.3014557785163528,"distribution":"{\"name\": \"FloatDistribution\", \"attributes\": {\"step\": null, \"low\": 0.0, \"high\": 0.5, \"log\": false}}"}
{"op_code":5,"worker_id":"51ebec14-d258-4f7a-bd46-622b99a2e48c-139735962314560","trial_id":14,"param_name":"sigma","param_value_internal":0.12749921026912084,"distribution":"{\"name\": \"FloatDistribution\", \"attributes\": {\"step\": null, \"low\": 0.01, \"high\": 1.0, \"log\": true}}"}
{"op_code":6,"worker_id":"51ebec14-d258-4f7a-bd46-622b99a2e48c-139735962314560","trial_id":14,"state":1,"values":[0.6393549074123375],"datetime_complete":"2026-03-30T10:33:12.274148"}
{"op_code":4,"worker_id":"51ebec14-d258-4f7a-bd46-622b99a2e48c-139735962314560","study_id":0,"datetime_start":"2026-03-30T10:33:12.295315"}
{"op_code":5,"worker_id":"51ebec14-d258-4f7a-bd46-622b99a2e48c-139735962314560","trial_id":15,"param_name":"lr","param_value_internal":0.0011161261590985057,"distribution":"{\"name\": \"FloatDistribution\", \"attributes\": {\"step\": null, \"low\": 0.0001, \"high\": 0.1, \"log\": true}}"}
{"op_code":5,"worker_id":"51ebec14-d258-4f7a-bd46-622b99a2e48c-139735962314560","trial_id":15,"param_name":"dropout","param_value_internal":0.37338934372370197,"distribution":"{\"name\": \"FloatDistribution\", \"attributes\": {\"step\": null, \"low\": 0.0, \"high\": 0.5, \"log\": false}}"}
{"op_code":5,"worker_id":"51ebec14-d258-4f7a-bd46-622b99a2e48c-139735962314560","trial_id":15,"param_name":"layers","param_value_internal":1.0,"distribution":"{\"name\": \"IntDistribution\", \"attributes\": {\"log\": false, \"step\": 1, \"low\": 1, \"high\": 3}}"}
{"op_code":5,"worker_id":"51ebec14-d258-4f7a-bd46-622b99a2e48c-139735962314560","trial_id":15,"param_name":"nodes","param_value_internal":2,"distribution":"{\"name\": \"CategoricalDistribution\", \"attributes\": {\"choices\": [32, 64, 128]}}"}
{"op_code":5,"worker_id":"51ebec14-d258-4f7a-bd46-622b99a2e48c-139735962314560","trial_id":15,"param_name":"alpha","param_value_internal":0.4754886832257466,"distribution":"{\"name\": \"FloatDistribution\", \"attributes\": {\"step\": null, \"low\": 0.0, \"high\": 0.5, \"log\": false}}"}
{"op_code":5,"worker_id":"51ebec14-d258-4f7a-bd46-622b99a2e48c-139735962314560","trial_id":15,"param_name":"sigma","param_value_internal":0.412004341685006,"distribution":"{\"name\": \"FloatDistribution\", \"attributes\": {\"step\": null, \"low\": 0.01, \"high\": 1.0, \"log\": true}}"}
{"op_code":6,"worker_id":"51ebec14-d258-4f7a-bd46-622b99a2e48c-139735962314560","trial_id":15,"state":1,"values":[0.640014676979135],"datetime_complete":"2026-03-30T10:33:14.381224"}
{"op_code":4,"worker_id":"51ebec14-d258-4f7a-bd46-622b99a2e48c-139735962314560","study_id":0,"datetime_start":"2026-03-30T10:33:14.399038"}
{"op_code":5,"worker_id":"51ebec14-d258-4f7a-bd46-622b99a2e48c-139735962314560","trial_id":16,"param_name":"lr","param_value_internal":0.036901324742236744,"distribution":"{\"name\": \"FloatDistribution\", \"attributes\": {\"step\": null, \"low\": 0.0001, \"high\": 0.1, \"log\": true}}"}
{"op_code":5,"worker_id":"51ebec14-d258-4f7a-bd46-622b99a2e48c-139735962314560","trial_id":16,"param_name":"dropout","param_value_internal":0.014455106602473233,"distribution":"{\"name\": \"FloatDistribution\", \"attributes\": {\"step\": null, \"low\": 0.0, \"high\": 0.5, \"log\": false}}"}
{"op_code":5,"worker_id":"51ebec14-d258-4f7a-bd46-622b99a2e48c-139735962314560","trial_id":16,"param_name":"layers","param_value_internal":1.0,"distribution":"{\"name\": \"IntDistribution\", \"attributes\": {\"log\": false, \"step\": 1, \"low\": 1, \"high\": 3}}"}
{"op_code":5,"worker_id":"51ebec14-d258-4f7a-bd46-622b99a2e48c-139735962314560","trial_id":16,"param_name":"nodes","param_value_internal":0,"distribution":"{\"name\": \"CategoricalDistribution\", \"attributes\": {\"choices\": [32, 64, 128]}}"}
{"op_code":5,"worker_id":"51ebec14-d258-4f7a-bd46-622b99a2e48c-139735962314560","trial_id":16,"param_name":"alpha","param_value_internal":0.4141755795486939,"distribution":"{\"name\": \"FloatDistribution\", \"attributes\": {\"step\": null, \"low\": 0.0, \"high\": 0.5, \"log\": false}}"}
{"op_code":6,"worker_id":"51ebec14-d258-4f7a-bd46-622b99a2e48c-139735962314560","trial_id":16,"state":3,"values":null,"datetime_complete":"2026-03-30T10:33:14.489198"}
{"op_code":0,"worker_id":"13022abc-209b-4c79-aa7f-5b4ab1cee3a3-139956833154880","study_name":"deephit_single_tuning","directions":[2]}
{"op_code":4,"worker_id":"13022abc-209b-4c79-aa7f-5b4ab1cee3a3-139956833154880","study_id":0,"datetime_start":"2026-03-30T10:48:44.629322"}
{"op_code":5,"worker_id":"13022abc-209b-4c79-aa7f-5b4ab1cee3a3-139956833154880","trial_id":17,"param_name":"lr","param_value_internal":0.03726324653959262,"distribution":"{\"name\": \"FloatDistribution\", \"attributes\": {\"step\": null, \"low\": 0.0001, \"high\": 0.1, \"log\": true}}"}
{"op_code":5,"worker_id":"13022abc-209b-4c79-aa7f-5b4ab1cee3a3-139956833154880","trial_id":17,"param_name":"dropout","param_value_internal":0.015697417799003077,"distribution":"{\"name\": \"FloatDistribution\", \"attributes\": {\"step\": null, \"low\": 0.0, \"high\": 0.5, \"log\": false}}"}
{"op_code":5,"worker_id":"13022abc-209b-4c79-aa7f-5b4ab1cee3a3-139956833154880","trial_id":17,"param_name":"layers","param_value_internal":1.0,"distribution":"{\"name\": \"IntDistribution\", \"attributes\": {\"log\": false, \"step\": 1, \"low\": 1, \"high\": 3}}"}
{"op_code":5,"worker_id":"13022abc-209b-4c79-aa7f-5b4ab1cee3a3-139956833154880","trial_id":17,"param_name":"nodes","param_value_internal":0,"distribution":"{\"name\": \"CategoricalDistribution\", \"attributes\": {\"choices\": [32, 64, 128]}}"}
{"op_code":5,"worker_id":"13022abc-209b-4c79-aa7f-5b4ab1cee3a3-139956833154880","trial_id":17,"param_name":"alpha","param_value_internal":0.41000844311723916,"distribution":"{\"name\": \"FloatDistribution\", \"attributes\": {\"step\": null, \"low\": 0.0, \"high\": 0.5, \"log\": false}}"}
{"op_code":5,"worker_id":"13022abc-209b-4c79-aa7f-5b4ab1cee3a3-139956833154880","trial_id":17,"param_name":"sigma","param_value_internal":0.0825479972002613,"distribution":"{\"name\": \"FloatDistribution\", \"attributes\": {\"step\": null, \"low\": 0.01, \"high\": 1.0, \"log\": true}}"}
{"op_code":6,"worker_id":"13022abc-209b-4c79-aa7f-5b4ab1cee3a3-139956833154880","trial_id":17,"state":1,"values":[0.6223901483671282],"datetime_complete":"2026-03-30T10:48:46.777193"}
{"op_code":4,"worker_id":"13022abc-209b-4c79-aa7f-5b4ab1cee3a3-139956833154880","study_id":0,"datetime_start":"2026-03-30T10:48:46.789456"}
{"op_code":5,"worker_id":"13022abc-209b-4c79-aa7f-5b4ab1cee3a3-139956833154880","trial_id":18,"param_name":"lr","param_value_internal":0.0025885814622469126,"distribution":"{\"name\": \"FloatDistribution\", \"attributes\": {\"step\": null, \"low\": 0.0001, \"high\": 0.1, \"log\": true}}"}
{"op_code":5,"worker_id":"13022abc-209b-4c79-aa7f-5b4ab1cee3a3-139956833154880","trial_id":18,"param_name":"dropout","param_value_internal":0.11400615532941191,"distribution":"{\"name\": \"FloatDistribution\", \"attributes\": {\"step\": null, \"low\": 0.0, \"high\": 0.5, \"log\": false}}"}
{"op_code":5,"worker_id":"13022abc-209b-4c79-aa7f-5b4ab1cee3a3-139956833154880","trial_id":18,"param_name":"layers","param_value_internal":3.0,"distribution":"{\"name\": \"IntDistribution\", \"attributes\": {\"log\": false, \"step\": 1, \"low\": 1, \"high\": 3}}"}
{"op_code":5,"worker_id":"13022abc-209b-4c79-aa7f-5b4ab1cee3a3-139956833154880","trial_id":18,"param_name":"nodes","param_value_internal":0,"distribution":"{\"name\": \"CategoricalDistribution\", \"attributes\": {\"choices\": [32, 64, 128]}}"}
{"op_code":5,"worker_id":"13022abc-209b-4c79-aa7f-5b4ab1cee3a3-139956833154880","trial_id":18,"param_name":"alpha","param_value_internal":0.24159537374197393,"distribution":"{\"name\": \"FloatDistribution\", \"attributes\": {\"step\": null, \"low\": 0.0, \"high\": 0.5, \"log\": false}}"}
{"op_code":5,"worker_id":"13022abc-209b-4c79-aa7f-5b4ab1cee3a3-139956833154880","trial_id":18,"param_name":"sigma","param_value_internal":0.31198795255798467,"distribution":"{\"name\": \"FloatDistribution\", \"attributes\": {\"step\": null, \"low\": 0.01, \"high\": 1.0, \"log\": true}}"}
{"op_code":6,"worker_id":"13022abc-209b-4c79-aa7f-5b4ab1cee3a3-139956833154880","trial_id":18,"state":1,"values":[0.6444247156624665],"datetime_complete":"2026-03-30T10:48:49.382477"}
{"op_code":4,"worker_id":"13022abc-209b-4c79-aa7f-5b4ab1cee3a3-139956833154880","study_id":0,"datetime_start":"2026-03-30T10:48:49.410225"}
{"op_code":5,"worker_id":"13022abc-209b-4c79-aa7f-5b4ab1cee3a3-139956833154880","trial_id":19,"param_name":"lr","param_value_internal":0.0023522810894384075,"distribution":"{\"name\": \"FloatDistribution\", \"attributes\": {\"step\": null, \"low\": 0.0001, \"high\": 0.1, \"log\": true}}"}
{"op_code":5,"worker_id":"13022abc-209b-4c79-aa7f-5b4ab1cee3a3-139956833154880","trial_id":19,"param_name":"dropout","param_value_internal":0.0839471698428767,"distribution":"{\"name\": \"FloatDistribution\", \"attributes\": {\"step\": null, \"low\": 0.0, \"high\": 0.5, \"log\": false}}"}
{"op_code":5,"worker_id":"13022abc-209b-4c79-aa7f-5b4ab1cee3a3-139956833154880","trial_id":19,"param_name":"layers","param_value_internal":3.0,"distribution":"{\"name\": \"IntDistribution\", \"attributes\": {\"log\": false, \"step\": 1, \"low\": 1, \"high\": 3}}"}
{"op_code":5,"worker_id":"13022abc-209b-4c79-aa7f-5b4ab1cee3a3-139956833154880","trial_id":19,"param_name":"nodes","param_value_internal":2,"distribution":"{\"name\": \"CategoricalDistribution\", \"attributes\": {\"choices\": [32, 64, 128]}}"}
{"op_code":5,"worker_id":"13022abc-209b-4c79-aa7f-5b4ab1cee3a3-139956833154880","trial_id":19,"param_name":"alpha","param_value_internal":0.24528492302515958,"distribution":"{\"name\": \"FloatDistribution\", \"attributes\": {\"step\": null, \"low\": 0.0, \"high\": 0.5, \"log\": false}}"}
{"op_code":5,"worker_id":"13022abc-209b-4c79-aa7f-5b4ab1cee3a3-139956833154880","trial_id":19,"param_name":"sigma","param_value_internal":0.9788581640334534,"distribution":"{\"name\": \"FloatDistribution\", \"attributes\": {\"step\": null, \"low\": 0.01, \"high\": 1.0, \"log\": true}}"}
{"op_code":6,"worker_id":"13022abc-209b-4c79-aa7f-5b4ab1cee3a3-139956833154880","trial_id":19,"state":1,"values":[0.6067460859459822],"datetime_complete":"2026-03-30T10:48:52.004387"}
{"op_code":4,"worker_id":"13022abc-209b-4c79-aa7f-5b4ab1cee3a3-139956833154880","study_id":0,"datetime_start":"2026-03-30T10:48:52.020088"}
{"op_code":5,"worker_id":"13022abc-209b-4c79-aa7f-5b4ab1cee3a3-139956833154880","trial_id":20,"param_name":"lr","param_value_internal":0.0004335062927833087,"distribution":"{\"name\": \"FloatDistribution\", \"attributes\": {\"step\": null, \"low\": 0.0001, \"high\": 0.1, \"log\": true}}"}
{"op_code":5,"worker_id":"13022abc-209b-4c79-aa7f-5b4ab1cee3a3-139956833154880","trial_id":20,"param_name":"dropout","param_value_internal":0.13432626866445013,"distribution":"{\"name\": \"FloatDistribution\", \"attributes\": {\"step\": null, \"low\": 0.0, \"high\": 0.5, \"log\": false}}"}
{"op_code":5,"worker_id":"13022abc-209b-4c79-aa7f-5b4ab1cee3a3-139956833154880","trial_id":20,"param_name":"layers","param_value_internal":3.0,"distribution":"{\"name\": \"IntDistribution\", \"attributes\": {\"log\": false, \"step\": 1, \"low\": 1, \"high\": 3}}"}
{"op_code":5,"worker_id":"13022abc-209b-4c79-aa7f-5b4ab1cee3a3-139956833154880","trial_id":20,"param_name":"nodes","param_value_internal":1,"distribution":"{\"name\": \"CategoricalDistribution\", \"attributes\": {\"choices\": [32, 64, 128]}}"}
{"op_code":5,"worker_id":"13022abc-209b-4c79-aa7f-5b4ab1cee3a3-139956833154880","trial_id":20,"param_name":"alpha","param_value_internal":0.2575669186848925,"distribution":"{\"name\": \"FloatDistribution\", \"attributes\": {\"step\": null, \"low\": 0.0, \"high\": 0.5, \"log\": false}}"}
{"op_code":5,"worker_id":"13022abc-209b-4c79-aa7f-5b4ab1cee3a3-139956833154880","trial_id":20,"param_name":"sigma","param_value_internal":0.3328087807874869,"distribution":"{\"name\": \"FloatDistribution\", \"attributes\": {\"step\": null, \"low\": 0.01, \"high\": 1.0, \"log\": true}}"}
{"op_code":6,"worker_id":"13022abc-209b-4c79-aa7f-5b4ab1cee3a3-139956833154880","trial_id":20,"state":1,"values":[0.6436769768200958],"datetime_complete":"2026-03-30T10:48:54.611870"}
{"op_code":4,"worker_id":"13022abc-209b-4c79-aa7f-5b4ab1cee3a3-139956833154880","study_id":0,"datetime_start":"2026-03-30T10:48:54.629128"}
{"op_code":5,"worker_id":"13022abc-209b-4c79-aa7f-5b4ab1cee3a3-139956833154880","trial_id":21,"param_name":"lr","param_value_internal":0.0005429754472741461,"distribution":"{\"name\": \"FloatDistribution\", \"attributes\": {\"step\": null, \"low\": 0.0001, \"high\": 0.1, \"log\": true}}"}
{"op_code":5,"worker_id":"13022abc-209b-4c79-aa7f-5b4ab1cee3a3-139956833154880","trial_id":21,"param_name":"dropout","param_value_internal":0.150016795565167,"distribution":"{\"name\": \"FloatDistribution\", \"attributes\": {\"step\": null, \"low\": 0.0, \"high\": 0.5, \"log\": false}}"}
{"op_code":5,"worker_id":"13022abc-209b-4c79-aa7f-5b4ab1cee3a3-139956833154880","trial_id":21,"param_name":"layers","param_value_internal":3.0,"distribution":"{\"name\": \"IntDistribution\", \"attributes\": {\"log\": false, \"step\": 1, \"low\": 1, \"high\": 3}}"}
{"op_code":5,"worker_id":"13022abc-209b-4c79-aa7f-5b4ab1cee3a3-139956833154880","trial_id":21,"param_name":"nodes","param_value_internal":1,"distribution":"{\"name\": \"CategoricalDistribution\", \"attributes\": {\"choices\": [32, 64, 128]}}"}
{"op_code":5,"worker_id":"13022abc-209b-4c79-aa7f-5b4ab1cee3a3-139956833154880","trial_id":21,"param_name":"alpha","param_value_internal":0.24752240536302336,"distribution":"{\"name\": \"FloatDistribution\", \"attributes\": {\"step\": null, \"low\": 0.0, \"high\": 0.5, \"log\": false}}"}
{"op_code":5,"worker_id":"13022abc-209b-4c79-aa7f-5b4ab1cee3a3-139956833154880","trial_id":21,"param_name":"sigma","param_value_internal":0.3773431449754029,"distribution":"{\"name\": \"FloatDistribution\", \"attributes\": {\"step\": null, \"low\": 0.01, \"high\": 1.0, \"log\": true}}"}
{"op_code":6,"worker_id":"13022abc-209b-4c79-aa7f-5b4ab1cee3a3-139956833154880","trial_id":21,"state":1,"values":[0.6491009771534532],"datetime_complete":"2026-03-30T10:48:57.213771"}
{"op_code":4,"worker_id":"13022abc-209b-4c79-aa7f-5b4ab1cee3a3-139956833154880","study_id":0,"datetime_start":"2026-03-30T10:48:57.234537"}
{"op_code":5,"worker_id":"13022abc-209b-4c79-aa7f-5b4ab1cee3a3-139956833154880","trial_id":22,"param_name":"lr","param_value_internal":0.0005179286197273596,"distribution":"{\"name\": \"FloatDistribution\", \"attributes\": {\"step\": null, \"low\": 0.0001, \"high\": 0.1, \"log\": true}}"}
{"op_code":5,"worker_id":"13022abc-209b-4c79-aa7f-5b4ab1cee3a3-139956833154880","trial_id":22,"param_name":"dropout","param_value_internal":0.14872247560643823,"distribution":"{\"name\": \"FloatDistribution\", \"attributes\": {\"step\": null, \"low\": 0.0, \"high\": 0.5, \"log\": false}}"}
{"op_code":5,"worker_id":"13022abc-209b-4c79-aa7f-5b4ab1cee3a3-139956833154880","trial_id":22,"param_name":"layers","param_value_internal":3.0,"distribution":"{\"name\": \"IntDistribution\", \"attributes\": {\"log\": false, \"step\": 1, \"low\": 1, \"high\": 3}}"}
{"op_code":5,"worker_id":"13022abc-209b-4c79-aa7f-5b4ab1cee3a3-139956833154880","trial_id":22,"param_name":"nodes","param_value_internal":1,"distribution":"{\"name\": \"CategoricalDistribution\", \"attributes\": {\"choices\": [32, 64, 128]}}"}
{"op_code":5,"worker_id":"13022abc-209b-4c79-aa7f-5b4ab1cee3a3-139956833154880","trial_id":22,"param_name":"alpha","param_value_internal":0.24548182971263507,"distribution":"{\"name\": \"FloatDistribution\", \"attributes\": {\"step\": null, \"low\": 0.0, \"high\": 0.5, \"log\": false}}"}
{"op_code":5,"worker_id":"13022abc-209b-4c79-aa7f-5b4ab1cee3a3-139956833154880","trial_id":22,"param_name":"sigma","param_value_internal":0.3611323748416668,"distribution":"{\"name\": \"FloatDistribution\", \"attributes\": {\"step\": null, \"low\": 0.01, \"high\": 1.0, \"log\": true}}"}
{"op_code":6,"worker_id":"13022abc-209b-4c79-aa7f-5b4ab1cee3a3-139956833154880","trial_id":22,"state":1,"values":[0.6515062423460943],"datetime_complete":"2026-03-30T10:48:59.827564"}
{"op_code":4,"worker_id":"13022abc-209b-4c79-aa7f-5b4ab1cee3a3-139956833154880","study_id":0,"datetime_start":"2026-03-30T10:48:59.846374"}
{"op_code":5,"worker_id":"13022abc-209b-4c79-aa7f-5b4ab1cee3a3-139956833154880","trial_id":23,"param_name":"lr","param_value_internal":0.0006449305686622169,"distribution":"{\"name\": \"FloatDistribution\", \"attributes\": {\"step\": null, \"low\": 0.0001, \"high\": 0.1, \"log\": true}}"}
{"op_code":5,"worker_id":"13022abc-209b-4c79-aa7f-5b4ab1cee3a3-139956833154880","trial_id":23,"param_name":"dropout","param_value_internal":0.18190000672906406,"distribution":"{\"name\": \"FloatDistribution\", \"attributes\": {\"step\": null, \"low\": 0.0, \"high\": 0.5, \"log\": false}}"}
{"op_code":5,"worker_id":"13022abc-209b-4c79-aa7f-5b4ab1cee3a3-139956833154880","trial_id":23,"param_name":"layers","param_value_internal":3.0,"distribution":"{\"name\": \"IntDistribution\", \"attributes\": {\"log\": false, \"step\": 1, \"low\": 1, \"high\": 3}}"}
{"op_code":5,"worker_id":"13022abc-209b-4c79-aa7f-5b4ab1cee3a3-139956833154880","trial_id":23,"param_name":"nodes","param_value_internal":1,"distribution":"{\"name\": \"CategoricalDistribution\", \"attributes\": {\"choices\": [32, 64, 128]}}"}
{"op_code":5,"worker_id":"13022abc-209b-4c79-aa7f-5b4ab1cee3a3-139956833154880","trial_id":23,"param_name":"alpha","param_value_internal":0.2402161171176922,"distribution":"{\"name\": \"FloatDistribution\", \"attributes\": {\"step\": null, \"low\": 0.0, \"high\": 0.5, \"log\": false}}"}
{"op_code":5,"worker_id":"13022abc-209b-4c79-aa7f-5b4ab1cee3a3-139956833154880","trial_id":23,"param_name":"sigma","param_value_internal":0.6579686559090663,"distribution":"{\"name\": \"FloatDistribution\", \"attributes\": {\"step\": null, \"low\": 0.01, \"high\": 1.0, \"log\": true}}"}
{"op_code":6,"worker_id":"13022abc-209b-4c79-aa7f-5b4ab1cee3a3-139956833154880","trial_id":23,"state":1,"values":[0.6412311994610724],"datetime_complete":"2026-03-30T10:49:02.434799"}
{"op_code":4,"worker_id":"13022abc-209b-4c79-aa7f-5b4ab1cee3a3-139956833154880","study_id":0,"datetime_start":"2026-03-30T10:49:02.461108"}
{"op_code":5,"worker_id":"13022abc-209b-4c79-aa7f-5b4ab1cee3a3-139956833154880","trial_id":24,"param_name":"lr","param_value_internal":0.0010943486525842685,"distribution":"{\"name\": \"FloatDistribution\", \"attributes\": {\"step\": null, \"low\": 0.0001, \"high\": 0.1, \"log\": true}}"}
{"op_code":5,"worker_id":"13022abc-209b-4c79-aa7f-5b4ab1cee3a3-139956833154880","trial_id":24,"param_name":"dropout","param_value_internal":0.1380229229480449,"distribution":"{\"name\": \"FloatDistribution\", \"attributes\": {\"step\": null, \"low\": 0.0, \"high\": 0.5, \"log\": false}}"}
{"op_code":5,"worker_id":"13022abc-209b-4c79-aa7f-5b4ab1cee3a3-139956833154880","trial_id":24,"param_name":"layers","param_value_internal":3.0,"distribution":"{\"name\": \"IntDistribution\", \"attributes\": {\"log\": false, \"step\": 1, \"low\": 1, \"high\": 3}}"}
{"op_code":5,"worker_id":"13022abc-209b-4c79-aa7f-5b4ab1cee3a3-139956833154880","trial_id":24,"param_name":"nodes","param_value_internal":1,"distribution":"{\"name\": \"CategoricalDistribution\", \"attributes\": {\"choices\": [32, 64, 128]}}"}
{"op_code":5,"worker_id":"13022abc-209b-4c79-aa7f-5b4ab1cee3a3-139956833154880","trial_id":24,"param_name":"alpha","param_value_internal":0.28622176597004706,"distribution":"{\"name\": \"FloatDistribution\", \"attributes\": {\"step\": null, \"low\": 0.0, \"high\": 0.5, \"log\": false}}"}
{"op_code":5,"worker_id":"13022abc-209b-4c79-aa7f-5b4ab1cee3a3-139956833154880","trial_id":24,"param_name":"sigma","param_value_internal":0.3242364717653789,"distribution":"{\"name\": \"FloatDistribution\", \"attributes\": {\"step\": null, \"low\": 0.01, \"high\": 1.0, \"log\": true}}"}
{"op_code":6,"worker_id":"13022abc-209b-4c79-aa7f-5b4ab1cee3a3-139956833154880","trial_id":24,"state":1,"values":[0.6490367364324755],"datetime_complete":"2026-03-30T10:49:05.049699"}
{"op_code":4,"worker_id":"13022abc-209b-4c79-aa7f-5b4ab1cee3a3-139956833154880","study_id":0,"datetime_start":"2026-03-30T10:49:05.064509"}
{"op_code":5,"worker_id":"13022abc-209b-4c79-aa7f-5b4ab1cee3a3-139956833154880","trial_id":25,"param_name":"lr","param_value_internal":0.0001010601306833154,"distribution":"{\"name\": \"FloatDistribution\", \"attributes\": {\"step\": null, \"low\": 0.0001, \"high\": 0.1, \"log\": true}}"}
{"op_code":5,"worker_id":"13022abc-209b-4c79-aa7f-5b4ab1cee3a3-139956833154880","trial_id":25,"param_name":"dropout","param_value_internal":0.218134131836686,"distribution":"{\"name\": \"FloatDistribution\", \"attributes\": {\"step\": null, \"low\": 0.0, \"high\": 0.5, \"log\": false}}"}
{"op_code":5,"worker_id":"13022abc-209b-4c79-aa7f-5b4ab1cee3a3-139956833154880","trial_id":25,"param_name":"layers","param_value_internal":3.0,"distribution":"{\"name\": \"IntDistribution\", \"attributes\": {\"log\": false, \"step\": 1, \"low\": 1, \"high\": 3}}"}
{"op_code":5,"worker_id":"13022abc-209b-4c79-aa7f-5b4ab1cee3a3-139956833154880","trial_id":25,"param_name":"nodes","param_value_internal":1,"distribution":"{\"name\": \"CategoricalDistribution\", \"attributes\": {\"choices\": [32, 64, 128]}}"}
{"op_code":5,"worker_id":"13022abc-209b-4c79-aa7f-5b4ab1cee3a3-139956833154880","trial_id":25,"param_name":"alpha","param_value_internal":0.29045131550154035,"distribution":"{\"name\": \"FloatDistribution\", \"attributes\": {\"step\": null, \"low\": 0.0, \"high\": 0.5, \"log\": false}}"}
{"op_code":5,"worker_id":"13022abc-209b-4c79-aa7f-5b4ab1cee3a3-139956833154880","trial_id":25,"param_name":"sigma","param_value_internal":0.15264186148439804,"distribution":"{\"name\": \"FloatDistribution\", \"attributes\": {\"step\": null, \"low\": 0.01, \"high\": 1.0, \"log\": true}}"}
{"op_code":6,"worker_id":"13022abc-209b-4c79-aa7f-5b4ab1cee3a3-139956833154880","trial_id":25,"state":1,"values":[0.6091409337244108],"datetime_complete":"2026-03-30T10:49:07.650436"}
{"op_code":4,"worker_id":"13022abc-209b-4c79-aa7f-5b4ab1cee3a3-139956833154880","study_id":0,"datetime_start":"2026-03-30T10:49:07.669463"}
{"op_code":5,"worker_id":"13022abc-209b-4c79-aa7f-5b4ab1cee3a3-139956833154880","trial_id":26,"param_name":"lr","param_value_internal":0.0010500146968434982,"distribution":"{\"name\": \"FloatDistribution\", \"attributes\": {\"step\": null, \"low\": 0.0001, \"high\": 0.1, \"log\": true}}"}
{"op_code":5,"worker_id":"13022abc-209b-4c79-aa7f-5b4ab1cee3a3-139956833154880","trial_id":26,"param_name":"dropout","param_value_internal":0.16431639393927888,"distribution":"{\"name\": \"FloatDistribution\", \"attributes\": {\"step\": null, \"low\": 0.0, \"high\": 0.5, \"log\": false}}"}
{"op_code":5,"worker_id":"13022abc-209b-4c79-aa7f-5b4ab1cee3a3-139956833154880","trial_id":26,"param_name":"layers","param_value_internal":3.0,"distribution":"{\"name\": \"IntDistribution\", \"attributes\": {\"log\": false, \"step\": 1, \"low\": 1, \"high\": 3}}"}
{"op_code":5,"worker_id":"13022abc-209b-4c79-aa7f-5b4ab1cee3a3-139956833154880","trial_id":26,"param_name":"nodes","param_value_internal":1,"distribution":"{\"name\": \"CategoricalDistribution\", \"attributes\": {\"choices\": [32, 64, 128]}}"}
{"op_code":5,"worker_id":"13022abc-209b-4c79-aa7f-5b4ab1cee3a3-139956833154880","trial_id":26,"param_name":"alpha","param_value_internal":0.2099532585826105,"distribution":"{\"name\": \"FloatDistribution\", \"attributes\": {\"step\": null, \"low\": 0.0, \"high\": 0.5, \"log\": false}}"}
{"op_code":5,"worker_id":"13022abc-209b-4c79-aa7f-5b4ab1cee3a3-139956833154880","trial_id":26,"param_name":"sigma","param_value_internal":0.6109601301971733,"distribution":"{\"name\": \"FloatDistribution\", \"attributes\": {\"step\": null, \"low\": 0.01, \"high\": 1.0, \"log\": true}}"}
{"op_code":6,"worker_id":"13022abc-209b-4c79-aa7f-5b4ab1cee3a3-139956833154880","trial_id":26,"state":1,"values":[0.6453622829416],"datetime_complete":"2026-03-30T10:49:10.254665"}
{"op_code":4,"worker_id":"13022abc-209b-4c79-aa7f-5b4ab1cee3a3-139956833154880","study_id":0,"datetime_start":"2026-03-30T10:49:10.273583"}
{"op_code":5,"worker_id":"13022abc-209b-4c79-aa7f-5b4ab1cee3a3-139956833154880","trial_id":27,"param_name":"lr","param_value_internal":0.0002886305374434695,"distribution":"{\"name\": \"FloatDistribution\", \"attributes\": {\"step\": null, \"low\": 0.0001, \"high\": 0.1, \"log\": true}}"}
{"op_code":5,"worker_id":"13022abc-209b-4c79-aa7f-5b4ab1cee3a3-139956833154880","trial_id":27,"param_name":"dropout","param_value_internal":0.050133116044759146,"distribution":"{\"name\": \"FloatDistribution\", \"attributes\": {\"step\": null, \"low\": 0.0, \"high\": 0.5, \"log\": false}}"}
{"op_code":5,"worker_id":"13022abc-209b-4c79-aa7f-5b4ab1cee3a3-139956833154880","trial_id":27,"param_name":"layers","param_value_internal":3.0,"distribution":"{\"name\": \"IntDistribution\", \"attributes\": {\"log\": false, \"step\": 1, \"low\": 1, \"high\": 3}}"}
{"op_code":5,"worker_id":"13022abc-209b-4c79-aa7f-5b4ab1cee3a3-139956833154880","trial_id":27,"param_name":"nodes","param_value_internal":1,"distribution":"{\"name\": \"CategoricalDistribution\", \"attributes\": {\"choices\": [32, 64, 128]}}"}
{"op_code":5,"worker_id":"13022abc-209b-4c79-aa7f-5b4ab1cee3a3-139956833154880","trial_id":27,"param_name":"alpha","param_value_internal":0.29942229115138386,"distribution":"{\"name\": \"FloatDistribution\", \"attributes\": {\"step\": null, \"low\": 0.0, \"high\": 0.5, \"log\": false}}"}
{"op_code":5,"worker_id":"13022abc-209b-4c79-aa7f-5b4ab1cee3a3-139956833154880","trial_id":27,"param_name":"sigma","param_value_internal":0.3344436892753436,"distribution":"{\"name\": \"FloatDistribution\", \"attributes\": {\"step\": null, \"low\": 0.01, \"high\": 1.0, \"log\": true}}"}
{"op_code":6,"worker_id":"13022abc-209b-4c79-aa7f-5b4ab1cee3a3-139956833154880","trial_id":27,"state":1,"values":[0.6397947537902026],"datetime_complete":"2026-03-30T10:49:12.858610"}
{"op_code":4,"worker_id":"13022abc-209b-4c79-aa7f-5b4ab1cee3a3-139956833154880","study_id":0,"datetime_start":"2026-03-30T10:49:12.879971"}
{"op_code":5,"worker_id":"13022abc-209b-4c79-aa7f-5b4ab1cee3a3-139956833154880","trial_id":28,"param_name":"lr","param_value_internal":0.0004214660890420661,"distribution":"{\"name\": \"FloatDistribution\", \"attributes\": {\"step\": null, \"low\": 0.0001, \"high\": 0.1, \"log\": true}}"}
{"op_code":5,"worker_id":"13022abc-209b-4c79-aa7f-5b4ab1cee3a3-139956833154880","trial_id":28,"param_name":"dropout","param_value_internal":0.1490643933644691,"distribution":"{\"name\": \"FloatDistribution\", \"attributes\": {\"step\": null, \"low\": 0.0, \"high\": 0.5, \"log\": false}}"}
{"op_code":5,"worker_id":"13022abc-209b-4c79-aa7f-5b4ab1cee3a3-139956833154880","trial_id":28,"param_name":"layers","param_value_internal":3.0,"distribution":"{\"name\": \"IntDistribution\", \"attributes\": {\"log\": false, \"step\": 1, \"low\": 1, \"high\": 3}}"}
{"op_code":5,"worker_id":"13022abc-209b-4c79-aa7f-5b4ab1cee3a3-139956833154880","trial_id":28,"param_name":"nodes","param_value_internal":1,"distribution":"{\"name\": \"CategoricalDistribution\", \"attributes\": {\"choices\": [32, 64, 128]}}"}
{"op_code":5,"worker_id":"13022abc-209b-4c79-aa7f-5b4ab1cee3a3-139956833154880","trial_id":28,"param_name":"alpha","param_value_internal":0.32825396998809897,"distribution":"{\"name\": \"FloatDistribution\", \"attributes\": {\"step\": null, \"low\": 0.0, \"high\": 0.5, \"log\": false}}"}
{"op_code":5,"worker_id":"13022abc-209b-4c79-aa7f-5b4ab1cee3a3-139956833154880","trial_id":28,"param_name":"sigma","param_value_internal":0.9192626637153718,"distribution":"{\"name\": \"FloatDistribution\", \"attributes\": {\"step\": null, \"low\": 0.01, \"high\": 1.0, \"log\": true}}"}
{"op_code":6,"worker_id":"13022abc-209b-4c79-aa7f-5b4ab1cee3a3-139956833154880","trial_id":28,"state":1,"values":[0.6427521419361112],"datetime_complete":"2026-03-30T10:49:15.466576"}
{"op_code":4,"worker_id":"13022abc-209b-4c79-aa7f-5b4ab1cee3a3-139956833154880","study_id":0,"datetime_start":"2026-03-30T10:49:15.490396"}
{"op_code":5,"worker_id":"13022abc-209b-4c79-aa7f-5b4ab1cee3a3-139956833154880","trial_id":29,"param_name":"lr","param_value_internal":0.000608926038511074,"distribution":"{\"name\": \"FloatDistribution\", \"attributes\": {\"step\": null, \"low\": 0.0001, \"high\": 0.1, \"log\": true}}"}
{"op_code":5,"worker_id":"13022abc-209b-4c79-aa7f-5b4ab1cee3a3-139956833154880","trial_id":29,"param_name":"dropout","param_value_internal":0.21683054203747232,"distribution":"{\"name\": \"FloatDistribution\", \"attributes\": {\"step\": null, \"low\": 0.0, \"high\": 0.5, \"log\": false}}"}
{"op_code":5,"worker_id":"13022abc-209b-4c79-aa7f-5b4ab1cee3a3-139956833154880","trial_id":29,"param_name":"layers","param_value_internal":2.0,"distribution":"{\"name\": \"IntDistribution\", \"attributes\": {\"log\": false, \"step\": 1, \"low\": 1, \"high\": 3}}"}
{"op_code":5,"worker_id":"13022abc-209b-4c79-aa7f-5b4ab1cee3a3-139956833154880","trial_id":29,"param_name":"nodes","param_value_internal":1,"distribution":"{\"name\": \"CategoricalDistribution\", \"attributes\": {\"choices\": [32, 64, 128]}}"}
{"op_code":5,"worker_id":"13022abc-209b-4c79-aa7f-5b4ab1cee3a3-139956833154880","trial_id":29,"param_name":"alpha","param_value_internal":0.37594330412258725,"distribution":"{\"name\": \"FloatDistribution\", \"attributes\": {\"step\": null, \"low\": 0.0, \"high\": 0.5, \"log\": false}}"}
{"op_code":5,"worker_id":"13022abc-209b-4c79-aa7f-5b4ab1cee3a3-139956833154880","trial_id":29,"param_name":"sigma","param_value_internal":0.4912933026882243,"distribution":"{\"name\": \"FloatDistribution\", \"attributes\": {\"step\": null, \"low\": 0.01, \"high\": 1.0, \"log\": true}}"}
{"op_code":6,"worker_id":"13022abc-209b-4c79-aa7f-5b4ab1cee3a3-139956833154880","trial_id":29,"state":1,"values":[0.640468991987851],"datetime_complete":"2026-03-30T10:49:17.858730"}
{"op_code":4,"worker_id":"13022abc-209b-4c79-aa7f-5b4ab1cee3a3-139956833154880","study_id":0,"datetime_start":"2026-03-30T10:49:17.878457"}
{"op_code":5,"worker_id":"13022abc-209b-4c79-aa7f-5b4ab1cee3a3-139956833154880","trial_id":30,"param_name":"lr","param_value_internal":0.0014431353776678487,"distribution":"{\"name\": \"FloatDistribution\", \"attributes\": {\"step\": null, \"low\": 0.0001, \"high\": 0.1, \"log\": true}}"}
{"op_code":5,"worker_id":"13022abc-209b-4c79-aa7f-5b4ab1cee3a3-139956833154880","trial_id":30,"param_name":"dropout","param_value_internal":0.2023504253463403,"distribution":"{\"name\": \"FloatDistribution\", \"attributes\": {\"step\": null, \"low\": 0.0, \"high\": 0.5, \"log\": false}}"}
{"op_code":5,"worker_id":"13022abc-209b-4c79-aa7f-5b4ab1cee3a3-139956833154880","trial_id":30,"param_name":"layers","param_value_internal":3.0,"distribution":"{\"name\": \"IntDistribution\", \"attributes\": {\"log\": false, \"step\": 1, \"low\": 1, \"high\": 3}}"}
{"op_code":5,"worker_id":"13022abc-209b-4c79-aa7f-5b4ab1cee3a3-139956833154880","trial_id":30,"param_name":"nodes","param_value_internal":1,"distribution":"{\"name\": \"CategoricalDistribution\", \"attributes\": {\"choices\": [32, 64, 128]}}"}
{"op_code":5,"worker_id":"13022abc-209b-4c79-aa7f-5b4ab1cee3a3-139956833154880","trial_id":30,"param_name":"alpha","param_value_internal":0.21527130166037195,"distribution":"{\"name\": \"FloatDistribution\", \"attributes\": {\"step\": null, \"low\": 0.0, \"high\": 0.5, \"log\": false}}"}
{"op_code":5,"worker_id":"13022abc-209b-4c79-aa7f-5b4ab1cee3a3-139956833154880","trial_id":30,"param_name":"sigma","param_value_internal":0.12988453972225336,"distribution":"{\"name\": \"FloatDistribution\", \"attributes\": {\"step\": null, \"low\": 0.01, \"high\": 1.0, \"log\": true}}"}
{"op_code":6,"worker_id":"13022abc-209b-4c79-aa7f-5b4ab1cee3a3-139956833154880","trial_id":30,"state":1,"values":[0.6429506515513844],"datetime_complete":"2026-03-30T10:49:20.452965"}
{"op_code":4,"worker_id":"13022abc-209b-4c79-aa7f-5b4ab1cee3a3-139956833154880","study_id":0,"datetime_start":"2026-03-30T10:49:20.479624"}
{"op_code":5,"worker_id":"13022abc-209b-4c79-aa7f-5b4ab1cee3a3-139956833154880","trial_id":31,"param_name":"lr","param_value_internal":0.0007743102109202785,"distribution":"{\"name\": \"FloatDistribution\", \"attributes\": {\"step\": null, \"low\": 0.0001, \"high\": 0.1, \"log\": true}}"}
{"op_code":5,"worker_id":"13022abc-209b-4c79-aa7f-5b4ab1cee3a3-139956833154880","trial_id":31,"param_name":"dropout","param_value_internal":0.1265896908140025,"distribution":"{\"name\": \"FloatDistribution\", \"attributes\": {\"step\": null, \"low\": 0.0, \"high\": 0.5, \"log\": false}}"}
{"op_code":5,"worker_id":"13022abc-209b-4c79-aa7f-5b4ab1cee3a3-139956833154880","trial_id":31,"param_name":"layers","param_value_internal":3.0,"distribution":"{\"name\": \"IntDistribution\", \"attributes\": {\"log\": false, \"step\": 1, \"low\": 1, \"high\": 3}}"}
{"op_code":5,"worker_id":"13022abc-209b-4c79-aa7f-5b4ab1cee3a3-139956833154880","trial_id":31,"param_name":"nodes","param_value_internal":1,"distribution":"{\"name\": \"CategoricalDistribution\", \"attributes\": {\"choices\": [32, 64, 128]}}"}
{"op_code":5,"worker_id":"13022abc-209b-4c79-aa7f-5b4ab1cee3a3-139956833154880","trial_id":31,"param_name":"alpha","param_value_internal":0.2746234758932692,"distribution":"{\"name\": \"FloatDistribution\", \"attributes\": {\"step\": null, \"low\": 0.0, \"high\": 0.5, \"log\": false}}"}
{"op_code":5,"worker_id":"13022abc-209b-4c79-aa7f-5b4ab1cee3a3-139956833154880","trial_id":31,"param_name":"sigma","param_value_internal":0.27355326183429285,"distribution":"{\"name\": \"FloatDistribution\", \"attributes\": {\"step\": null, \"low\": 0.01, \"high\": 1.0, \"log\": true}}"}
{"op_code":6,"worker_id":"13022abc-209b-4c79-aa7f-5b4ab1cee3a3-139956833154880","trial_id":31,"state":1,"values":[0.6464237017008165],"datetime_complete":"2026-03-30T10:49:23.054293"}
{"op_code":4,"worker_id":"13022abc-209b-4c79-aa7f-5b4ab1cee3a3-139956833154880","study_id":0,"datetime_start":"2026-03-30T10:49:23.067586"}
{"op_code":5,"worker_id":"13022abc-209b-4c79-aa7f-5b4ab1cee3a3-139956833154880","trial_id":32,"param_name":"lr","param_value_internal":0.0007991871371513145,"distribution":"{\"name\": \"FloatDistribution\", \"attributes\": {\"step\": null, \"low\": 0.0001, \"high\": 0.1, \"log\": true}}"}
{"op_code":5,"worker_id":"13022abc-209b-4c79-aa7f-5b4ab1cee3a3-139956833154880","trial_id":32,"param_name":"dropout","param_value_internal":0.13292911714054256,"distribution":"{\"name\": \"FloatDistribution\", \"attributes\": {\"step\": null, \"low\": 0.0, \"high\": 0.5, \"log\": false}}"}
{"op_code":5,"worker_id":"13022abc-209b-4c79-aa7f-5b4ab1cee3a3-139956833154880","trial_id":32,"param_name":"layers","param_value_internal":3.0,"distribution":"{\"name\": \"IntDistribution\", \"attributes\": {\"log\": false, \"step\": 1, \"low\": 1, \"high\": 3}}"}
{"op_code":5,"worker_id":"13022abc-209b-4c79-aa7f-5b4ab1cee3a3-139956833154880","trial_id":32,"param_name":"nodes","param_value_internal":1,"distribution":"{\"name\": \"CategoricalDistribution\", \"attributes\": {\"choices\": [32, 64, 128]}}"}
{"op_code":5,"worker_id":"13022abc-209b-4c79-aa7f-5b4ab1cee3a3-139956833154880","trial_id":32,"param_name":"alpha","param_value_internal":0.2782713724492955,"distribution":"{\"name\": \"FloatDistribution\", \"attributes\": {\"step\": null, \"low\": 0.0, \"high\": 0.5, \"log\": false}}"}
{"op_code":5,"worker_id":"13022abc-209b-4c79-aa7f-5b4ab1cee3a3-139956833154880","trial_id":32,"param_name":"sigma","param_value_internal":0.2736756649359482,"distribution":"{\"name\": \"FloatDistribution\", \"attributes\": {\"step\": null, \"low\": 0.01, \"high\": 1.0, \"log\": true}}"}
{"op_code":6,"worker_id":"13022abc-209b-4c79-aa7f-5b4ab1cee3a3-139956833154880","trial_id":32,"state":1,"values":[0.6463739296106896],"datetime_complete":"2026-03-30T10:49:25.640881"}
{"op_code":4,"worker_id":"13022abc-209b-4c79-aa7f-5b4ab1cee3a3-139956833154880","study_id":0,"datetime_start":"2026-03-30T10:49:25.658931"}
{"op_code":5,"worker_id":"13022abc-209b-4c79-aa7f-5b4ab1cee3a3-139956833154880","trial_id":33,"param_name":"lr","param_value_internal":0.0007458300756198687,"distribution":"{\"name\": \"FloatDistribution\", \"attributes\": {\"step\": null, \"low\": 0.0001, \"high\": 0.1, \"log\": true}}"}
{"op_code":5,"worker_id":"13022abc-209b-4c79-aa7f-5b4ab1cee3a3-139956833154880","trial_id":33,"param_name":"dropout","param_value_internal":0.10292156687752937,"distribution":"{\"name\": \"FloatDistribution\", \"attributes\": {\"step\": null, \"low\": 0.0, \"high\": 0.5, \"log\": false}}"}
{"op_code":5,"worker_id":"13022abc-209b-4c79-aa7f-5b4ab1cee3a3-139956833154880","trial_id":33,"param_name":"layers","param_value_internal":3.0,"distribution":"{\"name\": \"IntDistribution\", \"attributes\": {\"log\": false, \"step\": 1, \"low\": 1, \"high\": 3}}"}
{"op_code":5,"worker_id":"13022abc-209b-4c79-aa7f-5b4ab1cee3a3-139956833154880","trial_id":33,"param_name":"nodes","param_value_internal":1,"distribution":"{\"name\": \"CategoricalDistribution\", \"attributes\": {\"choices\": [32, 64, 128]}}"}
{"op_code":5,"worker_id":"13022abc-209b-4c79-aa7f-5b4ab1cee3a3-139956833154880","trial_id":33,"param_name":"alpha","param_value_internal":0.19295165626167743,"distribution":"{\"name\": \"FloatDistribution\", \"attributes\": {\"step\": null, \"low\": 0.0, \"high\": 0.5, \"log\": false}}"}
{"op_code":5,"worker_id":"13022abc-209b-4c79-aa7f-5b4ab1cee3a3-139956833154880","trial_id":33,"param_name":"sigma","param_value_internal":0.40311314032320855,"distribution":"{\"name\": \"FloatDistribution\", \"attributes\": {\"step\": null, \"low\": 0.01, \"high\": 1.0, \"log\": true}}"}
{"op_code":6,"worker_id":"13022abc-209b-4c79-aa7f-5b4ab1cee3a3-139956833154880","trial_id":33,"state":1,"values":[0.6458970435378465],"datetime_complete":"2026-03-30T10:49:28.226295"}
{"op_code":4,"worker_id":"13022abc-209b-4c79-aa7f-5b4ab1cee3a3-139956833154880","study_id":0,"datetime_start":"2026-03-30T10:49:28.252959"}
{"op_code":5,"worker_id":"13022abc-209b-4c79-aa7f-5b4ab1cee3a3-139956833154880","trial_id":34,"param_name":"lr","param_value_internal":0.0002606236698569802,"distribution":"{\"name\": \"FloatDistribution\", \"attributes\": {\"step\": null, \"low\": 0.0001, \"high\": 0.1, \"log\": true}}"}
{"op_code":5,"worker_id":"13022abc-209b-4c79-aa7f-5b4ab1cee3a3-139956833154880","trial_id":34,"param_name":"dropout","param_value_internal":0.04311062022650963,"distribution":"{\"name\": \"FloatDistribution\", \"attributes\": {\"step\": null, \"low\": 0.0, \"high\": 0.5, \"log\": false}}"}
{"op_code":5,"worker_id":"13022abc-209b-4c79-aa7f-5b4ab1cee3a3-139956833154880","trial_id":34,"param_name":"layers","param_value_internal":3.0,"distribution":"{\"name\": \"IntDistribution\", \"attributes\": {\"log\": false, \"step\": 1, \"low\": 1, \"high\": 3}}"}
{"op_code":5,"worker_id":"13022abc-209b-4c79-aa7f-5b4ab1cee3a3-139956833154880","trial_id":34,"param_name":"nodes","param_value_internal":1,"distribution":"{\"name\": \"CategoricalDistribution\", \"attributes\": {\"choices\": [32, 64, 128]}}"}
{"op_code":5,"worker_id":"13022abc-209b-4c79-aa7f-5b4ab1cee3a3-139956833154880","trial_id":34,"param_name":"alpha","param_value_internal":0.2753847121948686,"distribution":"{\"name\": \"FloatDistribution\", \"attributes\": {\"step\": null, \"low\": 0.0, \"high\": 0.5, \"log\": false}}"}
{"op_code":5,"worker_id":"13022abc-209b-4c79-aa7f-5b4ab1cee3a3-139956833154880","trial_id":34,"param_name":"sigma","param_value_internal":0.16874427719290844,"distribution":"{\"name\": \"FloatDistribution\", \"attributes\": {\"step\": null, \"low\": 0.01, \"high\": 1.0, \"log\": true}}"}
{"op_code":6,"worker_id":"13022abc-209b-4c79-aa7f-5b4ab1cee3a3-139956833154880","trial_id":34,"state":1,"values":[0.6359651965766062],"datetime_complete":"2026-03-30T10:49:30.838122"}
{"op_code":4,"worker_id":"13022abc-209b-4c79-aa7f-5b4ab1cee3a3-139956833154880","study_id":0,"datetime_start":"2026-03-30T10:49:30.861567"}
{"op_code":5,"worker_id":"13022abc-209b-4c79-aa7f-5b4ab1cee3a3-139956833154880","trial_id":35,"param_name":"lr","param_value_internal":0.0015775684815091085,"distribution":"{\"name\": \"FloatDistribution\", \"attributes\": {\"step\": null, \"low\": 0.0001, \"high\": 0.1, \"log\": true}}"}
{"op_code":5,"worker_id":"13022abc-209b-4c79-aa7f-5b4ab1cee3a3-139956833154880","trial_id":35,"param_name":"dropout","param_value_internal":0.18355632160451218,"distribution":"{\"name\": \"FloatDistribution\", \"attributes\": {\"step\": null, \"low\": 0.0, \"high\": 0.5, \"log\": false}}"}
{"op_code":5,"worker_id":"13022abc-209b-4c79-aa7f-5b4ab1cee3a3-139956833154880","trial_id":35,"param_name":"layers","param_value_internal":3.0,"distribution":"{\"name\": \"IntDistribution\", \"attributes\": {\"log\": false, \"step\": 1, \"low\": 1, \"high\": 3}}"}
{"op_code":5,"worker_id":"13022abc-209b-4c79-aa7f-5b4ab1cee3a3-139956833154880","trial_id":35,"param_name":"nodes","param_value_internal":1,"distribution":"{\"name\": \"CategoricalDistribution\", \"attributes\": {\"choices\": [32, 64, 128]}}"}
{"op_code":5,"worker_id":"13022abc-209b-4c79-aa7f-5b4ab1cee3a3-139956833154880","trial_id":35,"param_name":"alpha","param_value_internal":0.11543315971371279,"distribution":"{\"name\": \"FloatDistribution\", \"attributes\": {\"step\": null, \"low\": 0.0, \"high\": 0.5, \"log\": false}}"}
{"op_code":5,"worker_id":"13022abc-209b-4c79-aa7f-5b4ab1cee3a3-139956833154880","trial_id":35,"param_name":"sigma","param_value_internal":0.5138843390893584,"distribution":"{\"name\": \"FloatDistribution\", \"attributes\": {\"step\": null, \"low\": 0.01, \"high\": 1.0, \"log\": true}}"}
{"op_code":6,"worker_id":"13022abc-209b-4c79-aa7f-5b4ab1cee3a3-139956833154880","trial_id":35,"state":1,"values":[0.649976039947311],"datetime_complete":"2026-03-30T10:49:33.440901"}
{"op_code":4,"worker_id":"13022abc-209b-4c79-aa7f-5b4ab1cee3a3-139956833154880","study_id":0,"datetime_start":"2026-03-30T10:49:33.460663"}
{"op_code":5,"worker_id":"13022abc-209b-4c79-aa7f-5b4ab1cee3a3-139956833154880","trial_id":36,"param_name":"lr","param_value_internal":0.0016283825035099334,"distribution":"{\"name\": \"FloatDistribution\", \"attributes\": {\"step\": null, \"low\": 0.0001, \"high\": 0.1, \"log\": true}}"}
{"op_code":5,"worker_id":"13022abc-209b-4c79-aa7f-5b4ab1cee3a3-139956833154880","trial_id":36,"param_name":"dropout","param_value_internal":0.19115002574458775,"distribution":"{\"name\": \"FloatDistribution\", \"attributes\": {\"step\": null, \"low\": 0.0, \"high\": 0.5, \"log\": false}}"}
{"op_code":5,"worker_id":"13022abc-209b-4c79-aa7f-5b4ab1cee3a3-139956833154880","trial_id":36,"param_name":"layers","param_value_internal":3.0,"distribution":"{\"name\": \"IntDistribution\", \"attributes\": {\"log\": false, \"step\": 1, \"low\": 1, \"high\": 3}}"}
{"op_code":5,"worker_id":"13022abc-209b-4c79-aa7f-5b4ab1cee3a3-139956833154880","trial_id":36,"param_name":"nodes","param_value_internal":1,"distribution":"{\"name\": \"CategoricalDistribution\", \"attributes\": {\"choices\": [32, 64, 128]}}"}
{"op_code":5,"worker_id":"13022abc-209b-4c79-aa7f-5b4ab1cee3a3-139956833154880","trial_id":36,"param_name":"alpha","param_value_internal":0.11990626857438794,"distribution":"{\"name\": \"FloatDistribution\", \"attributes\": {\"step\": null, \"low\": 0.0, \"high\": 0.5, \"log\": false}}"}
{"op_code":5,"worker_id":"13022abc-209b-4c79-aa7f-5b4ab1cee3a3-139956833154880","trial_id":36,"param_name":"sigma","param_value_internal":0.7713116847785173,"distribution":"{\"name\": \"FloatDistribution\", \"attributes\": {\"step\": null, \"low\": 0.01, \"high\": 1.0, \"log\": true}}"}
{"op_code":6,"worker_id":"13022abc-209b-4c79-aa7f-5b4ab1cee3a3-139956833154880","trial_id":36,"state":1,"values":[0.6407473684454209],"datetime_complete":"2026-03-30T10:49:36.039892"}
{"op_code":0,"worker_id":"9b6db37a-9ea9-41ef-9de7-f039f0e692a4-140252871579456","study_name":"deephit_single_tuning","directions":[2]}
{"op_code":4,"worker_id":"9b6db37a-9ea9-41ef-9de7-f039f0e692a4-140252871579456","study_id":0,"datetime_start":"2026-03-30T11:01:36.046704"}
{"op_code":5,"worker_id":"9b6db37a-9ea9-41ef-9de7-f039f0e692a4-140252871579456","trial_id":37,"param_name":"lr","param_value_internal":0.0040167849294095856,"distribution":"{\"name\": \"FloatDistribution\", \"attributes\": {\"step\": null, \"low\": 0.0001, \"high\": 0.1, \"log\": true}}"}
{"op_code":5,"worker_id":"9b6db37a-9ea9-41ef-9de7-f039f0e692a4-140252871579456","trial_id":37,"param_name":"dropout","param_value_internal":0.2572044364009315,"distribution":"{\"name\": \"FloatDistribution\", \"attributes\": {\"step\": null, \"low\": 0.0, \"high\": 0.5, \"log\": false}}"}
{"op_code":5,"worker_id":"9b6db37a-9ea9-41ef-9de7-f039f0e692a4-140252871579456","trial_id":37,"param_name":"layers","param_value_internal":2.0,"distribution":"{\"name\": \"IntDistribution\", \"attributes\": {\"log\": false, \"step\": 1, \"low\": 1, \"high\": 3}}"}
{"op_code":5,"worker_id":"9b6db37a-9ea9-41ef-9de7-f039f0e692a4-140252871579456","trial_id":37,"param_name":"nodes","param_value_internal":1,"distribution":"{\"name\": \"CategoricalDistribution\", \"attributes\": {\"choices\": [32, 64, 128]}}"}
{"op_code":5,"worker_id":"9b6db37a-9ea9-41ef-9de7-f039f0e692a4-140252871579456","trial_id":37,"param_name":"alpha","param_value_internal":0.04777024228350599,"distribution":"{\"name\": \"FloatDistribution\", \"attributes\": {\"step\": null, \"low\": 0.0, \"high\": 0.5, \"log\": false}}"}
{"op_code":5,"worker_id":"9b6db37a-9ea9-41ef-9de7-f039f0e692a4-140252871579456","trial_id":37,"param_name":"sigma","param_value_internal":0.5580584086619172,"distribution":"{\"name\": \"FloatDistribution\", \"attributes\": {\"step\": null, \"low\": 0.01, \"high\": 1.0, \"log\": true}}"}
{"op_code":6,"worker_id":"9b6db37a-9ea9-41ef-9de7-f039f0e692a4-140252871579456","trial_id":37,"state":1,"values":[0.6552981811194785],"datetime_complete":"2026-03-30T11:01:38.671131"}
{"op_code":4,"worker_id":"9b6db37a-9ea9-41ef-9de7-f039f0e692a4-140252871579456","study_id":0,"datetime_start":"2026-03-30T11:01:38.781344"}
{"op_code":5,"worker_id":"9b6db37a-9ea9-41ef-9de7-f039f0e692a4-140252871579456","trial_id":38,"param_name":"lr","param_value_internal":0.0034513381829757435,"distribution":"{\"name\": \"FloatDistribution\", \"attributes\": {\"step\": null, \"low\": 0.0001, \"high\": 0.1, \"log\": true}}"}
{"op_code":5,"worker_id":"9b6db37a-9ea9-41ef-9de7-f039f0e692a4-140252871579456","trial_id":38,"param_name":"dropout","param_value_internal":0.24477338951019476,"distribution":"{\"name\": \"FloatDistribution\", \"attributes\": {\"step\": null, \"low\": 0.0, \"high\": 0.5, \"log\": false}}"}
{"op_code":5,"worker_id":"9b6db37a-9ea9-41ef-9de7-f039f0e692a4-140252871579456","trial_id":38,"param_name":"layers","param_value_internal":2.0,"distribution":"{\"name\": \"IntDistribution\", \"attributes\": {\"log\": false, \"step\": 1, \"low\": 1, \"high\": 3}}"}
{"op_code":5,"worker_id":"9b6db37a-9ea9-41ef-9de7-f039f0e692a4-140252871579456","trial_id":38,"param_name":"nodes","param_value_internal":1,"distribution":"{\"name\": \"CategoricalDistribution\", \"attributes\": {\"choices\": [32, 64, 128]}}"}
{"op_code":5,"worker_id":"9b6db37a-9ea9-41ef-9de7-f039f0e692a4-140252871579456","trial_id":38,"param_name":"alpha","param_value_internal":0.0001996633309016213,"distribution":"{\"name\": \"FloatDistribution\", \"attributes\": {\"step\": null, \"low\": 0.0, \"high\": 0.5, \"log\": false}}"}
{"op_code":5,"worker_id":"9b6db37a-9ea9-41ef-9de7-f039f0e692a4-140252871579456","trial_id":38,"param_name":"sigma","param_value_internal":0.4982419332898902,"distribution":"{\"name\": \"FloatDistribution\", \"attributes\": {\"step\": null, \"low\": 0.01, \"high\": 1.0, \"log\": true}}"}
{"op_code":6,"worker_id":"9b6db37a-9ea9-41ef-9de7-f039f0e692a4-140252871579456","trial_id":38,"state":1,"values":[0.6332595626075019],"datetime_complete":"2026-03-30T11:01:41.244719"}
{"op_code":4,"worker_id":"9b6db37a-9ea9-41ef-9de7-f039f0e692a4-140252871579456","study_id":0,"datetime_start":"2026-03-30T11:01:41.850281"}
{"op_code":5,"worker_id":"9b6db37a-9ea9-41ef-9de7-f039f0e692a4-140252871579456","trial_id":39,"param_name":"lr","param_value_internal":0.004714849974948738,"distribution":"{\"name\": \"FloatDistribution\", \"attributes\": {\"step\": null, \"low\": 0.0001, \"high\": 0.1, \"log\": true}}"}
{"op_code":5,"worker_id":"9b6db37a-9ea9-41ef-9de7-f039f0e692a4-140252871579456","trial_id":39,"param_name":"dropout","param_value_internal":0.27784039927334514,"distribution":"{\"name\": \"FloatDistribution\", \"attributes\": {\"step\": null, \"low\": 0.0, \"high\": 0.5, \"log\": false}}"}
{"op_code":5,"worker_id":"9b6db37a-9ea9-41ef-9de7-f039f0e692a4-140252871579456","trial_id":39,"param_name":"layers","param_value_internal":2.0,"distribution":"{\"name\": \"IntDistribution\", \"attributes\": {\"log\": false, \"step\": 1, \"low\": 1, \"high\": 3}}"}
{"op_code":5,"worker_id":"9b6db37a-9ea9-41ef-9de7-f039f0e692a4-140252871579456","trial_id":39,"param_name":"nodes","param_value_internal":2,"distribution":"{\"name\": \"CategoricalDistribution\", \"attributes\": {\"choices\": [32, 64, 128]}}"}
{"op_code":5,"worker_id":"9b6db37a-9ea9-41ef-9de7-f039f0e692a4-140252871579456","trial_id":39,"param_name":"alpha","param_value_internal":0.04402452855808568,"distribution":"{\"name\": \"FloatDistribution\", \"attributes\": {\"step\": null, \"low\": 0.0, \"high\": 0.5, \"log\": false}}"}
{"op_code":5,"worker_id":"9b6db37a-9ea9-41ef-9de7-f039f0e692a4-140252871579456","trial_id":39,"param_name":"sigma","param_value_internal":0.5847087792341453,"distribution":"{\"name\": \"FloatDistribution\", \"attributes\": {\"step\": null, \"low\": 0.01, \"high\": 1.0, \"log\": true}}"}
{"op_code":6,"worker_id":"9b6db37a-9ea9-41ef-9de7-f039f0e692a4-140252871579456","trial_id":39,"state":1,"values":[0.6454097400507907],"datetime_complete":"2026-03-30T11:01:45.346836"}
{"op_code":4,"worker_id":"9b6db37a-9ea9-41ef-9de7-f039f0e692a4-140252871579456","study_id":0,"datetime_start":"2026-03-30T11:01:45.510953"}
{"op_code":5,"worker_id":"9b6db37a-9ea9-41ef-9de7-f039f0e692a4-140252871579456","trial_id":40,"param_name":"lr","param_value_internal":0.011464153925269959,"distribution":"{\"name\": \"FloatDistribution\", \"attributes\": {\"step\": null, \"low\": 0.0001, \"high\": 0.1, \"log\": true}}"}
{"op_code":5,"worker_id":"9b6db37a-9ea9-41ef-9de7-f039f0e692a4-140252871579456","trial_id":40,"param_name":"dropout","param_value_internal":0.2939180379656223,"distribution":"{\"name\": \"FloatDistribution\", \"attributes\": {\"step\": null, \"low\": 0.0, \"high\": 0.5, \"log\": false}}"}
{"op_code":5,"worker_id":"9b6db37a-9ea9-41ef-9de7-f039f0e692a4-140252871579456","trial_id":40,"param_name":"layers","param_value_internal":2.0,"distribution":"{\"name\": \"IntDistribution\", \"attributes\": {\"log\": false, \"step\": 1, \"low\": 1, \"high\": 3}}"}
{"op_code":5,"worker_id":"9b6db37a-9ea9-41ef-9de7-f039f0e692a4-140252871579456","trial_id":40,"param_name":"nodes","param_value_internal":1,"distribution":"{\"name\": \"CategoricalDistribution\", \"attributes\": {\"choices\": [32, 64, 128]}}"}
{"op_code":5,"worker_id":"9b6db37a-9ea9-41ef-9de7-f039f0e692a4-140252871579456","trial_id":40,"param_name":"alpha","param_value_internal":0.045639209430414024,"distribution":"{\"name\": \"FloatDistribution\", \"attributes\": {\"step\": null, \"low\": 0.0, \"high\": 0.5, \"log\": false}}"}
{"op_code":5,"worker_id":"9b6db37a-9ea9-41ef-9de7-f039f0e692a4-140252871579456","trial_id":40,"param_name":"sigma","param_value_internal":0.7969202119245234,"distribution":"{\"name\": \"FloatDistribution\", \"attributes\": {\"step\": null, \"low\": 0.01, \"high\": 1.0, \"log\": true}}"}
{"op_code":6,"worker_id":"9b6db37a-9ea9-41ef-9de7-f039f0e692a4-140252871579456","trial_id":40,"state":1,"values":[0.6444756452430614],"datetime_complete":"2026-03-30T11:01:49.250214"}
{"op_code":4,"worker_id":"9b6db37a-9ea9-41ef-9de7-f039f0e692a4-140252871579456","study_id":0,"datetime_start":"2026-03-30T11:01:49.290087"}
{"op_code":5,"worker_id":"9b6db37a-9ea9-41ef-9de7-f039f0e692a4-140252871579456","trial_id":41,"param_name":"lr","param_value_internal":0.0017591605582389066,"distribution":"{\"name\": \"FloatDistribution\", \"attributes\": {\"step\": null, \"low\": 0.0001, \"high\": 0.1, \"log\": true}}"}
{"op_code":5,"worker_id":"9b6db37a-9ea9-41ef-9de7-f039f0e692a4-140252871579456","trial_id":41,"param_name":"dropout","param_value_internal":0.3199860187793226,"distribution":"{\"name\": \"FloatDistribution\", \"attributes\": {\"step\": null, \"low\": 0.0, \"high\": 0.5, \"log\": false}}"}
{"op_code":5,"worker_id":"9b6db37a-9ea9-41ef-9de7-f039f0e692a4-140252871579456","trial_id":41,"param_name":"layers","param_value_internal":2.0,"distribution":"{\"name\": \"IntDistribution\", \"attributes\": {\"log\": false, \"step\": 1, \"low\": 1, \"high\": 3}}"}
{"op_code":5,"worker_id":"9b6db37a-9ea9-41ef-9de7-f039f0e692a4-140252871579456","trial_id":41,"param_name":"nodes","param_value_internal":1,"distribution":"{\"name\": \"CategoricalDistribution\", \"attributes\": {\"choices\": [32, 64, 128]}}"}
{"op_code":5,"worker_id":"9b6db37a-9ea9-41ef-9de7-f039f0e692a4-140252871579456","trial_id":41,"param_name":"alpha","param_value_internal":0.1131173745174788,"distribution":"{\"name\": \"FloatDistribution\", \"attributes\": {\"step\": null, \"low\": 0.0, \"high\": 0.5, \"log\": false}}"}
{"op_code":5,"worker_id":"9b6db37a-9ea9-41ef-9de7-f039f0e692a4-140252871579456","trial_id":41,"param_name":"sigma","param_value_internal":0.048172463483802525,"distribution":"{\"name\": \"FloatDistribution\", \"attributes\": {\"step\": null, \"low\": 0.01, \"high\": 1.0, \"log\": true}}"}
{"op_code":6,"worker_id":"9b6db37a-9ea9-41ef-9de7-f039f0e692a4-140252871579456","trial_id":41,"state":1,"values":[0.6057205493912757],"datetime_complete":"2026-03-30T11:01:52.025995"}
{"op_code":4,"worker_id":"9b6db37a-9ea9-41ef-9de7-f039f0e692a4-140252871579456","study_id":0,"datetime_start":"2026-03-30T11:01:52.083843"}
{"op_code":5,"worker_id":"9b6db37a-9ea9-41ef-9de7-f039f0e692a4-140252871579456","trial_id":42,"param_name":"lr","param_value_internal":0.0005267900134816421,"distribution":"{\"name\": \"FloatDistribution\", \"attributes\": {\"step\": null, \"low\": 0.0001, \"high\": 0.1, \"log\": true}}"}
{"op_code":5,"worker_id":"9b6db37a-9ea9-41ef-9de7-f039f0e692a4-140252871579456","trial_id":42,"param_name":"dropout","param_value_internal":0.16616526639037574,"distribution":"{\"name\": \"FloatDistribution\", \"attributes\": {\"step\": null, \"low\": 0.0, \"high\": 0.5, \"log\": false}}"}
{"op_code":5,"worker_id":"9b6db37a-9ea9-41ef-9de7-f039f0e692a4-140252871579456","trial_id":42,"param_name":"layers","param_value_internal":3.0,"distribution":"{\"name\": \"IntDistribution\", \"attributes\": {\"log\": false, \"step\": 1, \"low\": 1, \"high\": 3}}"}
{"op_code":5,"worker_id":"9b6db37a-9ea9-41ef-9de7-f039f0e692a4-140252871579456","trial_id":42,"param_name":"nodes","param_value_internal":1,"distribution":"{\"name\": \"CategoricalDistribution\", \"attributes\": {\"choices\": [32, 64, 128]}}"}
{"op_code":5,"worker_id":"9b6db37a-9ea9-41ef-9de7-f039f0e692a4-140252871579456","trial_id":42,"param_name":"alpha","param_value_internal":0.1722951407437795,"distribution":"{\"name\": \"FloatDistribution\", \"attributes\": {\"step\": null, \"low\": 0.0, \"high\": 0.5, \"log\": false}}"}
{"op_code":5,"worker_id":"9b6db37a-9ea9-41ef-9de7-f039f0e692a4-140252871579456","trial_id":42,"param_name":"sigma","param_value_internal":0.4247128624126221,"distribution":"{\"name\": \"FloatDistribution\", \"attributes\": {\"step\": null, \"low\": 0.01, \"high\": 1.0, \"log\": true}}"}
{"op_code":6,"worker_id":"9b6db37a-9ea9-41ef-9de7-f039f0e692a4-140252871579456","trial_id":42,"state":1,"values":[0.6362725102958777],"datetime_complete":"2026-03-30T11:01:54.861898"}
{"op_code":4,"worker_id":"9b6db37a-9ea9-41ef-9de7-f039f0e692a4-140252871579456","study_id":0,"datetime_start":"2026-03-30T11:01:54.904993"}
{"op_code":5,"worker_id":"9b6db37a-9ea9-41ef-9de7-f039f0e692a4-140252871579456","trial_id":43,"param_name":"lr","param_value_internal":0.00021149088379168474,"distribution":"{\"name\": \"FloatDistribution\", \"attributes\": {\"step\": null, \"low\": 0.0001, \"high\": 0.1, \"log\": true}}"}
{"op_code":5,"worker_id":"9b6db37a-9ea9-41ef-9de7-f039f0e692a4-140252871579456","trial_id":43,"param_name":"dropout","param_value_internal":0.18904263107719863,"distribution":"{\"name\": \"FloatDistribution\", \"attributes\": {\"step\": null, \"low\": 0.0, \"high\": 0.5, \"log\": false}}"}
{"op_code":5,"worker_id":"9b6db37a-9ea9-41ef-9de7-f039f0e692a4-140252871579456","trial_id":43,"param_name":"layers","param_value_internal":3.0,"distribution":"{\"name\": \"IntDistribution\", \"attributes\": {\"log\": false, \"step\": 1, \"low\": 1, \"high\": 3}}"}
{"op_code":5,"worker_id":"9b6db37a-9ea9-41ef-9de7-f039f0e692a4-140252871579456","trial_id":43,"param_name":"nodes","param_value_internal":1,"distribution":"{\"name\": \"CategoricalDistribution\", \"attributes\": {\"choices\": [32, 64, 128]}}"}
{"op_code":5,"worker_id":"9b6db37a-9ea9-41ef-9de7-f039f0e692a4-140252871579456","trial_id":43,"param_name":"alpha","param_value_internal":0.09851922453696008,"distribution":"{\"name\": \"FloatDistribution\", \"attributes\": {\"step\": null, \"low\": 0.0, \"high\": 0.5, \"log\": false}}"}
{"op_code":5,"worker_id":"9b6db37a-9ea9-41ef-9de7-f039f0e692a4-140252871579456","trial_id":43,"param_name":"sigma","param_value_internal":0.5416188732454015,"distribution":"{\"name\": \"FloatDistribution\", \"attributes\": {\"step\": null, \"low\": 0.01, \"high\": 1.0, \"log\": true}}"}
{"op_code":6,"worker_id":"9b6db37a-9ea9-41ef-9de7-f039f0e692a4-140252871579456","trial_id":43,"state":1,"values":[0.6269952241943287],"datetime_complete":"2026-03-30T11:01:57.541505"}
{"op_code":4,"worker_id":"9b6db37a-9ea9-41ef-9de7-f039f0e692a4-140252871579456","study_id":0,"datetime_start":"2026-03-30T11:01:57.599447"}
{"op_code":5,"worker_id":"9b6db37a-9ea9-41ef-9de7-f039f0e692a4-140252871579456","trial_id":44,"param_name":"lr","param_value_internal":0.001052641719360117,"distribution":"{\"name\": \"FloatDistribution\", \"attributes\": {\"step\": null, \"low\": 0.0001, \"high\": 0.1, \"log\": true}}"}
{"op_code":5,"worker_id":"9b6db37a-9ea9-41ef-9de7-f039f0e692a4-140252871579456","trial_id":44,"param_name":"dropout","param_value_internal":0.24190719858115994,"distribution":"{\"name\": \"FloatDistribution\", \"attributes\": {\"step\": null, \"low\": 0.0, \"high\": 0.5, \"log\": false}}"}
{"op_code":5,"worker_id":"9b6db37a-9ea9-41ef-9de7-f039f0e692a4-140252871579456","trial_id":44,"param_name":"layers","param_value_internal":3.0,"distribution":"{\"name\": \"IntDistribution\", \"attributes\": {\"log\": false, \"step\": 1, \"low\": 1, \"high\": 3}}"}
{"op_code":5,"worker_id":"9b6db37a-9ea9-41ef-9de7-f039f0e692a4-140252871579456","trial_id":44,"param_name":"nodes","param_value_internal":1,"distribution":"{\"name\": \"CategoricalDistribution\", \"attributes\": {\"choices\": [32, 64, 128]}}"}
{"op_code":5,"worker_id":"9b6db37a-9ea9-41ef-9de7-f039f0e692a4-140252871579456","trial_id":44,"param_name":"alpha","param_value_internal":0.04652952216346631,"distribution":"{\"name\": \"FloatDistribution\", \"attributes\": {\"step\": null, \"low\": 0.0, \"high\": 0.5, \"log\": false}}"}
{"op_code":5,"worker_id":"9b6db37a-9ea9-41ef-9de7-f039f0e692a4-140252871579456","trial_id":44,"param_name":"sigma","param_value_internal":0.34166128300063775,"distribution":"{\"name\": \"FloatDistribution\", \"attributes\": {\"step\": null, \"low\": 0.01, \"high\": 1.0, \"log\": true}}"}
{"op_code":6,"worker_id":"9b6db37a-9ea9-41ef-9de7-f039f0e692a4-140252871579456","trial_id":44,"state":1,"values":[0.653552685493635],"datetime_complete":"2026-03-30T11:02:00.547482"}
{"op_code":4,"worker_id":"9b6db37a-9ea9-41ef-9de7-f039f0e692a4-140252871579456","study_id":0,"datetime_start":"2026-03-30T11:02:00.596108"}
{"op_code":5,"worker_id":"9b6db37a-9ea9-41ef-9de7-f039f0e692a4-140252871579456","trial_id":45,"param_name":"lr","param_value_internal":0.0031374362541875217,"distribution":"{\"name\": \"FloatDistribution\", \"attributes\": {\"step\": null, \"low\": 0.0001, \"high\": 0.1, \"log\": true}}"}
{"op_code":5,"worker_id":"9b6db37a-9ea9-41ef-9de7-f039f0e692a4-140252871579456","trial_id":45,"param_name":"dropout","param_value_internal":0.25048727303466733,"distribution":"{\"name\": \"FloatDistribution\", \"attributes\": {\"step\": null, \"low\": 0.0, \"high\": 0.5, \"log\": false}}"}
{"op_code":5,"worker_id":"9b6db37a-9ea9-41ef-9de7-f039f0e692a4-140252871579456","trial_id":45,"param_name":"layers","param_value_internal":2.0,"distribution":"{\"name\": \"IntDistribution\", \"attributes\": {\"log\": false, \"step\": 1, \"low\": 1, \"high\": 3}}"}
{"op_code":5,"worker_id":"9b6db37a-9ea9-41ef-9de7-f039f0e692a4-140252871579456","trial_id":45,"param_name":"nodes","param_value_internal":1,"distribution":"{\"name\": \"CategoricalDistribution\", \"attributes\": {\"choices\": [32, 64, 128]}}"}
{"op_code":5,"worker_id":"9b6db37a-9ea9-41ef-9de7-f039f0e692a4-140252871579456","trial_id":45,"param_name":"alpha","param_value_internal":0.0391605229084027,"distribution":"{\"name\": \"FloatDistribution\", \"attributes\": {\"step\": null, \"low\": 0.0, \"high\": 0.5, \"log\": false}}"}
{"op_code":5,"worker_id":"9b6db37a-9ea9-41ef-9de7-f039f0e692a4-140252871579456","trial_id":45,"param_name":"sigma","param_value_internal":0.21754093934267765,"distribution":"{\"name\": \"FloatDistribution\", \"attributes\": {\"step\": null, \"low\": 0.01, \"high\": 1.0, \"log\": true}}"}
{"op_code":6,"worker_id":"9b6db37a-9ea9-41ef-9de7-f039f0e692a4-140252871579456","trial_id":45,"state":1,"values":[0.6467200192606414],"datetime_complete":"2026-03-30T11:02:03.105370"}
{"op_code":4,"worker_id":"9b6db37a-9ea9-41ef-9de7-f039f0e692a4-140252871579456","study_id":0,"datetime_start":"2026-03-30T11:02:03.131610"}
{"op_code":5,"worker_id":"9b6db37a-9ea9-41ef-9de7-f039f0e692a4-140252871579456","trial_id":46,"param_name":"lr","param_value_internal":0.007476503223714733,"distribution":"{\"name\": \"FloatDistribution\", \"attributes\": {\"step\": null, \"low\": 0.0001, \"high\": 0.1, \"log\": true}}"}
{"op_code":5,"worker_id":"9b6db37a-9ea9-41ef-9de7-f039f0e692a4-140252871579456","trial_id":46,"param_name":"dropout","param_value_internal":0.32501043268873486,"distribution":"{\"name\": \"FloatDistribution\", \"attributes\": {\"step\": null, \"low\": 0.0, \"high\": 0.5, \"log\": false}}"}
{"op_code":5,"worker_id":"9b6db37a-9ea9-41ef-9de7-f039f0e692a4-140252871579456","trial_id":46,"param_name":"layers","param_value_internal":2.0,"distribution":"{\"name\": \"IntDistribution\", \"attributes\": {\"log\": false, \"step\": 1, \"low\": 1, \"high\": 3}}"}
{"op_code":5,"worker_id":"9b6db37a-9ea9-41ef-9de7-f039f0e692a4-140252871579456","trial_id":46,"param_name":"nodes","param_value_internal":1,"distribution":"{\"name\": \"CategoricalDistribution\", \"attributes\": {\"choices\": [32, 64, 128]}}"}
{"op_code":5,"worker_id":"9b6db37a-9ea9-41ef-9de7-f039f0e692a4-140252871579456","trial_id":46,"param_name":"alpha","param_value_internal":0.07144448965755303,"distribution":"{\"name\": \"FloatDistribution\", \"attributes\": {\"step\": null, \"low\": 0.0, \"high\": 0.5, \"log\": false}}"}
{"op_code":5,"worker_id":"9b6db37a-9ea9-41ef-9de7-f039f0e692a4-140252871579456","trial_id":46,"param_name":"sigma","param_value_internal":0.7525286313324044,"distribution":"{\"name\": \"FloatDistribution\", \"attributes\": {\"step\": null, \"low\": 0.01, \"high\": 1.0, \"log\": true}}"}
{"op_code":6,"worker_id":"9b6db37a-9ea9-41ef-9de7-f039f0e692a4-140252871579456","trial_id":46,"state":1,"values":[0.6492965930425563],"datetime_complete":"2026-03-30T11:02:05.610708"}
{"op_code":4,"worker_id":"9b6db37a-9ea9-41ef-9de7-f039f0e692a4-140252871579456","study_id":0,"datetime_start":"2026-03-30T11:02:05.738558"}
{"op_code":5,"worker_id":"9b6db37a-9ea9-41ef-9de7-f039f0e692a4-140252871579456","trial_id":47,"param_name":"lr","param_value_internal":0.007172894305229922,"distribution":"{\"name\": \"FloatDistribution\", \"attributes\": {\"step\": null, \"low\": 0.0001, \"high\": 0.1, \"log\": true}}"}
{"op_code":5,"worker_id":"9b6db37a-9ea9-41ef-9de7-f039f0e692a4-140252871579456","trial_id":47,"param_name":"dropout","param_value_internal":0.31446395921198794,"distribution":"{\"name\": \"FloatDistribution\", \"attributes\": {\"step\": null, \"low\": 0.0, \"high\": 0.5, \"log\": false}}"}
{"op_code":5,"worker_id":"9b6db37a-9ea9-41ef-9de7-f039f0e692a4-140252871579456","trial_id":47,"param_name":"layers","param_value_internal":2.0,"distribution":"{\"name\": \"IntDistribution\", \"attributes\": {\"log\": false, \"step\": 1, \"low\": 1, \"high\": 3}}"}
{"op_code":5,"worker_id":"9b6db37a-9ea9-41ef-9de7-f039f0e692a4-140252871579456","trial_id":47,"param_name":"nodes","param_value_internal":2,"distribution":"{\"name\": \"CategoricalDistribution\", \"attributes\": {\"choices\": [32, 64, 128]}}"}
{"op_code":5,"worker_id":"9b6db37a-9ea9-41ef-9de7-f039f0e692a4-140252871579456","trial_id":47,"param_name":"alpha","param_value_internal":0.06948227386819046,"distribution":"{\"name\": \"FloatDistribution\", \"attributes\": {\"step\": null, \"low\": 0.0, \"high\": 0.5, \"log\": false}}"}
{"op_code":5,"worker_id":"9b6db37a-9ea9-41ef-9de7-f039f0e692a4-140252871579456","trial_id":47,"param_name":"sigma","param_value_internal":0.755991806728661,"distribution":"{\"name\": \"FloatDistribution\", \"attributes\": {\"step\": null, \"low\": 0.01, \"high\": 1.0, \"log\": true}}"}
{"op_code":6,"worker_id":"9b6db37a-9ea9-41ef-9de7-f039f0e692a4-140252871579456","trial_id":47,"state":1,"values":[0.6415101546638764],"datetime_complete":"2026-03-30T11:02:08.376837"}
{"op_code":4,"worker_id":"9b6db37a-9ea9-41ef-9de7-f039f0e692a4-140252871579456","study_id":0,"datetime_start":"2026-03-30T11:02:08.426875"}
{"op_code":5,"worker_id":"9b6db37a-9ea9-41ef-9de7-f039f0e692a4-140252871579456","trial_id":48,"param_name":"lr","param_value_internal":0.02445355712089654,"distribution":"{\"name\": \"FloatDistribution\", \"attributes\": {\"step\": null, \"low\": 0.0001, \"high\": 0.1, \"log\": true}}"}
{"op_code":5,"worker_id":"9b6db37a-9ea9-41ef-9de7-f039f0e692a4-140252871579456","trial_id":48,"param_name":"dropout","param_value_internal":0.3456728289821894,"distribution":"{\"name\": \"FloatDistribution\", \"attributes\": {\"step\": null, \"low\": 0.0, \"high\": 0.5, \"log\": false}}"}
{"op_code":5,"worker_id":"9b6db37a-9ea9-41ef-9de7-f039f0e692a4-140252871579456","trial_id":48,"param_name":"layers","param_value_internal":2.0,"distribution":"{\"name\": \"IntDistribution\", \"attributes\": {\"log\": false, \"step\": 1, \"low\": 1, \"high\": 3}}"}
{"op_code":5,"worker_id":"9b6db37a-9ea9-41ef-9de7-f039f0e692a4-140252871579456","trial_id":48,"param_name":"nodes","param_value_internal":1,"distribution":"{\"name\": \"CategoricalDistribution\", \"attributes\": {\"choices\": [32, 64, 128]}}"}
{"op_code":5,"worker_id":"9b6db37a-9ea9-41ef-9de7-f039f0e692a4-140252871579456","trial_id":48,"param_name":"alpha","param_value_internal":0.13670862418339638,"distribution":"{\"name\": \"FloatDistribution\", \"attributes\": {\"step\": null, \"low\": 0.0, \"high\": 0.5, \"log\": false}}"}
{"op_code":5,"worker_id":"9b6db37a-9ea9-41ef-9de7-f039f0e692a4-140252871579456","trial_id":48,"param_name":"sigma","param_value_internal":0.6823874159932798,"distribution":"{\"name\": \"FloatDistribution\", \"attributes\": {\"step\": null, \"low\": 0.01, \"high\": 1.0, \"log\": true}}"}
{"op_code":6,"worker_id":"9b6db37a-9ea9-41ef-9de7-f039f0e692a4-140252871579456","trial_id":48,"state":1,"values":[0.6397380367572673],"datetime_complete":"2026-03-30T11:02:11.116294"}
{"op_code":4,"worker_id":"9b6db37a-9ea9-41ef-9de7-f039f0e692a4-140252871579456","study_id":0,"datetime_start":"2026-03-30T11:02:11.228796"}
{"op_code":5,"worker_id":"9b6db37a-9ea9-41ef-9de7-f039f0e692a4-140252871579456","trial_id":49,"param_name":"lr","param_value_internal":0.00567877208900285,"distribution":"{\"name\": \"FloatDistribution\", \"attributes\": {\"step\": null, \"low\": 0.0001, \"high\": 0.1, \"log\": true}}"}
{"op_code":5,"worker_id":"9b6db37a-9ea9-41ef-9de7-f039f0e692a4-140252871579456","trial_id":49,"param_name":"dropout","param_value_internal":0.23033437334137832,"distribution":"{\"name\": \"FloatDistribution\", \"attributes\": {\"step\": null, \"low\": 0.0, \"high\": 0.5, \"log\": false}}"}
{"op_code":5,"worker_id":"9b6db37a-9ea9-41ef-9de7-f039f0e692a4-140252871579456","trial_id":49,"param_name":"layers","param_value_internal":2.0,"distribution":"{\"name\": \"IntDistribution\", \"attributes\": {\"log\": false, \"step\": 1, \"low\": 1, \"high\": 3}}"}
{"op_code":5,"worker_id":"9b6db37a-9ea9-41ef-9de7-f039f0e692a4-140252871579456","trial_id":49,"param_name":"nodes","param_value_internal":1,"distribution":"{\"name\": \"CategoricalDistribution\", \"attributes\": {\"choices\": [32, 64, 128]}}"}
{"op_code":5,"worker_id":"9b6db37a-9ea9-41ef-9de7-f039f0e692a4-140252871579456","trial_id":49,"param_name":"alpha","param_value_internal":0.017823659165184906,"distribution":"{\"name\": \"FloatDistribution\", \"attributes\": {\"step\": null, \"low\": 0.0, \"high\": 0.5, \"log\": false}}"}
{"op_code":5,"worker_id":"9b6db37a-9ea9-41ef-9de7-f039f0e692a4-140252871579456","trial_id":49,"param_name":"sigma","param_value_internal":0.5010038478893973,"distribution":"{\"name\": \"FloatDistribution\", \"attributes\": {\"step\": null, \"low\": 0.01, \"high\": 1.0, \"log\": true}}"}
{"op_code":6,"worker_id":"9b6db37a-9ea9-41ef-9de7-f039f0e692a4-140252871579456","trial_id":49,"state":1,"values":[0.6453252432466219],"datetime_complete":"2026-03-30T11:02:13.885132"}
{"op_code":4,"worker_id":"9b6db37a-9ea9-41ef-9de7-f039f0e692a4-140252871579456","study_id":0,"datetime_start":"2026-03-30T11:02:14.126381"}
{"op_code":5,"worker_id":"9b6db37a-9ea9-41ef-9de7-f039f0e692a4-140252871579456","trial_id":50,"param_name":"lr","param_value_internal":0.008660200555444995,"distribution":"{\"name\": \"FloatDistribution\", \"attributes\": {\"step\": null, \"low\": 0.0001, \"high\": 0.1, \"log\": true}}"}
{"op_code":5,"worker_id":"9b6db37a-9ea9-41ef-9de7-f039f0e692a4-140252871579456","trial_id":50,"param_name":"dropout","param_value_internal":0.27973607208834106,"distribution":"{\"name\": \"FloatDistribution\", \"attributes\": {\"step\": null, \"low\": 0.0, \"high\": 0.5, \"log\": false}}"}
{"op_code":5,"worker_id":"9b6db37a-9ea9-41ef-9de7-f039f0e692a4-140252871579456","trial_id":50,"param_name":"layers","param_value_internal":2.0,"distribution":"{\"name\": \"IntDistribution\", \"attributes\": {\"log\": false, \"step\": 1, \"low\": 1, \"high\": 3}}"}
{"op_code":5,"worker_id":"9b6db37a-9ea9-41ef-9de7-f039f0e692a4-140252871579456","trial_id":50,"param_name":"nodes","param_value_internal":1,"distribution":"{\"name\": \"CategoricalDistribution\", \"attributes\": {\"choices\": [32, 64, 128]}}"}
{"op_code":5,"worker_id":"9b6db37a-9ea9-41ef-9de7-f039f0e692a4-140252871579456","trial_id":50,"param_name":"alpha","param_value_internal":0.07373316526558496,"distribution":"{\"name\": \"FloatDistribution\", \"attributes\": {\"step\": null, \"low\": 0.0, \"high\": 0.5, \"log\": false}}"}
{"op_code":5,"worker_id":"9b6db37a-9ea9-41ef-9de7-f039f0e692a4-140252871579456","trial_id":50,"param_name":"sigma","param_value_internal":0.9906572746037883,"distribution":"{\"name\": \"FloatDistribution\", \"attributes\": {\"step\": null, \"low\": 0.01, \"high\": 1.0, \"log\": true}}"}
{"op_code":6,"worker_id":"9b6db37a-9ea9-41ef-9de7-f039f0e692a4-140252871579456","trial_id":50,"state":1,"values":[0.6403613453743209],"datetime_complete":"2026-03-30T11:02:16.878218"}
{"op_code":4,"worker_id":"9b6db37a-9ea9-41ef-9de7-f039f0e692a4-140252871579456","study_id":0,"datetime_start":"2026-03-30T11:02:16.912294"}
{"op_code":5,"worker_id":"9b6db37a-9ea9-41ef-9de7-f039f0e692a4-140252871579456","trial_id":51,"param_name":"lr","param_value_internal":0.004236310950248134,"distribution":"{\"name\": \"FloatDistribution\", \"attributes\": {\"step\": null, \"low\": 0.0001, \"high\": 0.1, \"log\": true}}"}
{"op_code":5,"worker_id":"9b6db37a-9ea9-41ef-9de7-f039f0e692a4-140252871579456","trial_id":51,"param_name":"dropout","param_value_internal":0.2609357194620284,"distribution":"{\"name\": \"FloatDistribution\", \"attributes\": {\"step\": null, \"low\": 0.0, \"high\": 0.5, \"log\": false}}"}
{"op_code":5,"worker_id":"9b6db37a-9ea9-41ef-9de7-f039f0e692a4-140252871579456","trial_id":51,"param_name":"layers","param_value_internal":2.0,"distribution":"{\"name\": \"IntDistribution\", \"attributes\": {\"log\": false, \"step\": 1, \"low\": 1, \"high\": 3}}"}
{"op_code":5,"worker_id":"9b6db37a-9ea9-41ef-9de7-f039f0e692a4-140252871579456","trial_id":51,"param_name":"nodes","param_value_internal":2,"distribution":"{\"name\": \"CategoricalDistribution\", \"attributes\": {\"choices\": [32, 64, 128]}}"}
{"op_code":5,"worker_id":"9b6db37a-9ea9-41ef-9de7-f039f0e692a4-140252871579456","trial_id":51,"param_name":"alpha","param_value_internal":0.09282569151058054,"distribution":"{\"name\": \"FloatDistribution\", \"attributes\": {\"step\": null, \"low\": 0.0, \"high\": 0.5, \"log\": false}}"}
{"op_code":5,"worker_id":"9b6db37a-9ea9-41ef-9de7-f039f0e692a4-140252871579456","trial_id":51,"param_name":"sigma","param_value_internal":0.01434092609413347,"distribution":"{\"name\": \"FloatDistribution\", \"attributes\": {\"step\": null, \"low\": 0.01, \"high\": 1.0, \"log\": true}}"}
{"op_code":6,"worker_id":"9b6db37a-9ea9-41ef-9de7-f039f0e692a4-140252871579456","trial_id":51,"state":1,"values":[0.502456194773236],"datetime_complete":"2026-03-30T11:02:19.355709"}
{"op_code":4,"worker_id":"9b6db37a-9ea9-41ef-9de7-f039f0e692a4-140252871579456","study_id":0,"datetime_start":"2026-03-30T11:02:19.371692"}
{"op_code":5,"worker_id":"9b6db37a-9ea9-41ef-9de7-f039f0e692a4-140252871579456","trial_id":52,"param_name":"lr","param_value_internal":0.0020543006278146473,"distribution":"{\"name\": \"FloatDistribution\", \"attributes\": {\"step\": null, \"low\": 0.0001, \"high\": 0.1, \"log\": true}}"}
{"op_code":5,"worker_id":"9b6db37a-9ea9-41ef-9de7-f039f0e692a4-140252871579456","trial_id":52,"param_name":"dropout","param_value_internal":0.2080439346942056,"distribution":"{\"name\": \"FloatDistribution\", \"attributes\": {\"step\": null, \"low\": 0.0, \"high\": 0.5, \"log\": false}}"}
{"op_code":5,"worker_id":"9b6db37a-9ea9-41ef-9de7-f039f0e692a4-140252871579456","trial_id":52,"param_name":"layers","param_value_internal":3.0,"distribution":"{\"name\": \"IntDistribution\", \"attributes\": {\"log\": false, \"step\": 1, \"low\": 1, \"high\": 3}}"}
{"op_code":5,"worker_id":"9b6db37a-9ea9-41ef-9de7-f039f0e692a4-140252871579456","trial_id":52,"param_name":"nodes","param_value_internal":1,"distribution":"{\"name\": \"CategoricalDistribution\", \"attributes\": {\"choices\": [32, 64, 128]}}"}
{"op_code":5,"worker_id":"9b6db37a-9ea9-41ef-9de7-f039f0e692a4-140252871579456","trial_id":52,"param_name":"alpha","param_value_internal":0.024495640296729286,"distribution":"{\"name\": \"FloatDistribution\", \"attributes\": {\"step\": null, \"low\": 0.0, \"high\": 0.5, \"log\": false}}"}
{"op_code":5,"worker_id":"9b6db37a-9ea9-41ef-9de7-f039f0e692a4-140252871579456","trial_id":52,"param_name":"sigma","param_value_internal":0.3882498634583259,"distribution":"{\"name\": \"FloatDistribution\", \"attributes\": {\"step\": null, \"low\": 0.01, \"high\": 1.0, \"log\": true}}"}
{"op_code":6,"worker_id":"9b6db37a-9ea9-41ef-9de7-f039f0e692a4-140252871579456","trial_id":52,"state":1,"values":[0.6482143394549146],"datetime_complete":"2026-03-30T11:02:22.191982"}
{"op_code":4,"worker_id":"9b6db37a-9ea9-41ef-9de7-f039f0e692a4-140252871579456","study_id":0,"datetime_start":"2026-03-30T11:02:22.255662"}
{"op_code":5,"worker_id":"9b6db37a-9ea9-41ef-9de7-f039f0e692a4-140252871579456","trial_id":53,"param_name":"lr","param_value_internal":0.000995028511044419,"distribution":"{\"name\": \"FloatDistribution\", \"attributes\": {\"step\": null, \"low\": 0.0001, \"high\": 0.1, \"log\": true}}"}
{"op_code":5,"worker_id":"9b6db37a-9ea9-41ef-9de7-f039f0e692a4-140252871579456","trial_id":53,"param_name":"dropout","param_value_internal":0.23488525553811132,"distribution":"{\"name\": \"FloatDistribution\", \"attributes\": {\"step\": null, \"low\": 0.0, \"high\": 0.5, \"log\": false}}"}
{"op_code":5,"worker_id":"9b6db37a-9ea9-41ef-9de7-f039f0e692a4-140252871579456","trial_id":53,"param_name":"layers","param_value_internal":2.0,"distribution":"{\"name\": \"IntDistribution\", \"attributes\": {\"log\": false, \"step\": 1, \"low\": 1, \"high\": 3}}"}
{"op_code":5,"worker_id":"9b6db37a-9ea9-41ef-9de7-f039f0e692a4-140252871579456","trial_id":53,"param_name":"nodes","param_value_internal":1,"distribution":"{\"name\": \"CategoricalDistribution\", \"attributes\": {\"choices\": [32, 64, 128]}}"}
{"op_code":5,"worker_id":"9b6db37a-9ea9-41ef-9de7-f039f0e692a4-140252871579456","trial_id":53,"param_name":"alpha","param_value_internal":0.06131478086655206,"distribution":"{\"name\": \"FloatDistribution\", \"attributes\": {\"step\": null, \"low\": 0.0, \"high\": 0.5, \"log\": false}}"}
{"op_code":5,"worker_id":"9b6db37a-9ea9-41ef-9de7-f039f0e692a4-140252871579456","trial_id":53,"param_name":"sigma","param_value_internal":0.3813454723150666,"distribution":"{\"name\": \"FloatDistribution\", \"attributes\": {\"step\": null, \"low\": 0.01, \"high\": 1.0, \"log\": true}}"}
{"op_code":6,"worker_id":"9b6db37a-9ea9-41ef-9de7-f039f0e692a4-140252871579456","trial_id":53,"state":1,"values":[0.6469711946922118],"datetime_complete":"2026-03-30T11:02:24.890904"}
{"op_code":4,"worker_id":"9b6db37a-9ea9-41ef-9de7-f039f0e692a4-140252871579456","study_id":0,"datetime_start":"2026-03-30T11:02:24.993519"}
{"op_code":5,"worker_id":"9b6db37a-9ea9-41ef-9de7-f039f0e692a4-140252871579456","trial_id":54,"param_name":"lr","param_value_internal":0.00033642095043418847,"distribution":"{\"name\": \"FloatDistribution\", \"attributes\": {\"step\": null, \"low\": 0.0001, \"high\": 0.1, \"log\": true}}"}
{"op_code":5,"worker_id":"9b6db37a-9ea9-41ef-9de7-f039f0e692a4-140252871579456","trial_id":54,"param_name":"dropout","param_value_internal":0.34737718316595356,"distribution":"{\"name\": \"FloatDistribution\", \"attributes\": {\"step\": null, \"low\": 0.0, \"high\": 0.5, \"log\": false}}"}
{"op_code":5,"worker_id":"9b6db37a-9ea9-41ef-9de7-f039f0e692a4-140252871579456","trial_id":54,"param_name":"layers","param_value_internal":3.0,"distribution":"{\"name\": \"IntDistribution\", \"attributes\": {\"log\": false, \"step\": 1, \"low\": 1, \"high\": 3}}"}
{"op_code":5,"worker_id":"9b6db37a-9ea9-41ef-9de7-f039f0e692a4-140252871579456","trial_id":54,"param_name":"nodes","param_value_internal":1,"distribution":"{\"name\": \"CategoricalDistribution\", \"attributes\": {\"choices\": [32, 64, 128]}}"}
{"op_code":5,"worker_id":"9b6db37a-9ea9-41ef-9de7-f039f0e692a4-140252871579456","trial_id":54,"param_name":"alpha","param_value_internal":0.14348710510196772,"distribution":"{\"name\": \"FloatDistribution\", \"attributes\": {\"step\": null, \"low\": 0.0, \"high\": 0.5, \"log\": false}}"}
{"op_code":5,"worker_id":"9b6db37a-9ea9-41ef-9de7-f039f0e692a4-140252871579456","trial_id":54,"param_name":"sigma","param_value_internal":0.19279413435132203,"distribution":"{\"name\": \"FloatDistribution\", \"attributes\": {\"step\": null, \"low\": 0.01, \"high\": 1.0, \"log\": true}}"}
{"op_code":6,"worker_id":"9b6db37a-9ea9-41ef-9de7-f039f0e692a4-140252871579456","trial_id":54,"state":1,"values":[0.6279756186207807],"datetime_complete":"2026-03-30T11:02:27.945630"}
{"op_code":4,"worker_id":"9b6db37a-9ea9-41ef-9de7-f039f0e692a4-140252871579456","study_id":0,"datetime_start":"2026-03-30T11:02:28.012032"}
{"op_code":5,"worker_id":"9b6db37a-9ea9-41ef-9de7-f039f0e692a4-140252871579456","trial_id":55,"param_name":"lr","param_value_internal":0.0029681415037750825,"distribution":"{\"name\": \"FloatDistribution\", \"attributes\": {\"step\": null, \"low\": 0.0001, \"high\": 0.1, \"log\": true}}"}
{"op_code":5,"worker_id":"9b6db37a-9ea9-41ef-9de7-f039f0e692a4-140252871579456","trial_id":55,"param_name":"dropout","param_value_internal":0.17791283436996214,"distribution":"{\"name\": \"FloatDistribution\", \"attributes\": {\"step\": null, \"low\": 0.0, \"high\": 0.5, \"log\": false}}"}
{"op_code":5,"worker_id":"9b6db37a-9ea9-41ef-9de7-f039f0e692a4-140252871579456","trial_id":55,"param_name":"layers","param_value_internal":2.0,"distribution":"{\"name\": \"IntDistribution\", \"attributes\": {\"log\": false, \"step\": 1, \"low\": 1, \"high\": 3}}"}
{"op_code":5,"worker_id":"9b6db37a-9ea9-41ef-9de7-f039f0e692a4-140252871579456","trial_id":55,"param_name":"nodes","param_value_internal":1,"distribution":"{\"name\": \"CategoricalDistribution\", \"attributes\": {\"choices\": [32, 64, 128]}}"}
{"op_code":5,"worker_id":"9b6db37a-9ea9-41ef-9de7-f039f0e692a4-140252871579456","trial_id":55,"param_name":"alpha","param_value_internal":0.0014465404338886018,"distribution":"{\"name\": \"FloatDistribution\", \"attributes\": {\"step\": null, \"low\": 0.0, \"high\": 0.5, \"log\": false}}"}
{"op_code":5,"worker_id":"9b6db37a-9ea9-41ef-9de7-f039f0e692a4-140252871579456","trial_id":55,"param_name":"sigma","param_value_internal":0.6251894488863518,"distribution":"{\"name\": \"FloatDistribution\", \"attributes\": {\"step\": null, \"low\": 0.01, \"high\": 1.0, \"log\": true}}"}
{"op_code":6,"worker_id":"9b6db37a-9ea9-41ef-9de7-f039f0e692a4-140252871579456","trial_id":55,"state":1,"values":[0.6453564954892597],"datetime_complete":"2026-03-30T11:02:30.892672"}
{"op_code":4,"worker_id":"9b6db37a-9ea9-41ef-9de7-f039f0e692a4-140252871579456","study_id":0,"datetime_start":"2026-03-30T11:02:30.911211"}
{"op_code":5,"worker_id":"9b6db37a-9ea9-41ef-9de7-f039f0e692a4-140252871579456","trial_id":56,"param_name":"lr","param_value_internal":0.014514891291661043,"distribution":"{\"name\": \"FloatDistribution\", \"attributes\": {\"step\": null, \"low\": 0.0001, \"high\": 0.1, \"log\": true}}"}
{"op_code":5,"worker_id":"9b6db37a-9ea9-41ef-9de7-f039f0e692a4-140252871579456","trial_id":56,"param_name":"dropout","param_value_internal":0.39757139966823063,"distribution":"{\"name\": \"FloatDistribution\", \"attributes\": {\"step\": null, \"low\": 0.0, \"high\": 0.5, \"log\": false}}"}
{"op_code":5,"worker_id":"9b6db37a-9ea9-41ef-9de7-f039f0e692a4-140252871579456","trial_id":56,"param_name":"layers","param_value_internal":3.0,"distribution":"{\"name\": \"IntDistribution\", \"attributes\": {\"log\": false, \"step\": 1, \"low\": 1, \"high\": 3}}"}
{"op_code":5,"worker_id":"9b6db37a-9ea9-41ef-9de7-f039f0e692a4-140252871579456","trial_id":56,"param_name":"nodes","param_value_internal":1,"distribution":"{\"name\": \"CategoricalDistribution\", \"attributes\": {\"choices\": [32, 64, 128]}}"}
{"op_code":5,"worker_id":"9b6db37a-9ea9-41ef-9de7-f039f0e692a4-140252871579456","trial_id":56,"param_name":"alpha","param_value_internal":0.08898205166746569,"distribution":"{\"name\": \"FloatDistribution\", \"attributes\": {\"step\": null, \"low\": 0.0, \"high\": 0.5, \"log\": false}}"}
{"op_code":5,"worker_id":"9b6db37a-9ea9-41ef-9de7-f039f0e692a4-140252871579456","trial_id":56,"param_name":"sigma","param_value_internal":0.2477113768974796,"distribution":"{\"name\": \"FloatDistribution\", \"attributes\": {\"step\": null, \"low\": 0.01, \"high\": 1.0, \"log\": true}}"}
{"op_code":6,"worker_id":"9b6db37a-9ea9-41ef-9de7-f039f0e692a4-140252871579456","trial_id":56,"state":1,"values":[0.6535793077744004],"datetime_complete":"2026-03-30T11:02:33.572142"}
