{"op_code":0,"worker_id":"a860cf6e-93b5-4ac2-80a6-f837910a8f2d-140700833089344","study_name":"gbsa_tuning","directions":[2]}
{"op_code":4,"worker_id":"a860cf6e-93b5-4ac2-80a6-f837910a8f2d-140700833089344","study_id":0,"datetime_start":"2026-03-20T16:55:37.457038"}
{"op_code":5,"worker_id":"a860cf6e-93b5-4ac2-80a6-f837910a8f2d-140700833089344","trial_id":0,"param_name":"learning_rate","param_value_internal":0.014783706300505826,"distribution":"{\"name\": \"FloatDistribution\", \"attributes\": {\"step\": null, \"low\": 0.01, \"high\": 0.2, \"log\": true}}"}
{"op_code":5,"worker_id":"a860cf6e-93b5-4ac2-80a6-f837910a8f2d-140700833089344","trial_id":0,"param_name":"n_estimators","param_value_internal":194.0,"distribution":"{\"name\": \"IntDistribution\", \"attributes\": {\"log\": false, \"step\": 1, \"low\": 50, \"high\": 200}}"}
{"op_code":5,"worker_id":"a860cf6e-93b5-4ac2-80a6-f837910a8f2d-140700833089344","trial_id":0,"param_name":"max_depth","param_value_internal":2.0,"distribution":"{\"name\": \"IntDistribution\", \"attributes\": {\"log\": false, \"step\": 1, \"low\": 2, \"high\": 5}}"}
{"op_code":6,"worker_id":"a860cf6e-93b5-4ac2-80a6-f837910a8f2d-140700833089344","trial_id":0,"state":1,"values":[0.7626171468240195],"datetime_complete":"2026-03-20T16:56:14.118074"}
{"op_code":4,"worker_id":"a860cf6e-93b5-4ac2-80a6-f837910a8f2d-140700833089344","study_id":0,"datetime_start":"2026-03-20T16:56:14.152888"}
{"op_code":5,"worker_id":"a860cf6e-93b5-4ac2-80a6-f837910a8f2d-140700833089344","trial_id":1,"param_name":"learning_rate","param_value_internal":0.010403902116601948,"distribution":"{\"name\": \"FloatDistribution\", \"attributes\": {\"step\": null, \"low\": 0.01, \"high\": 0.2, \"log\": true}}"}
{"op_code":5,"worker_id":"a860cf6e-93b5-4ac2-80a6-f837910a8f2d-140700833089344","trial_id":1,"param_name":"n_estimators","param_value_internal":188.0,"distribution":"{\"name\": \"IntDistribution\", \"attributes\": {\"log\": false, \"step\": 1, \"low\": 50, \"high\": 200}}"}
{"op_code":5,"worker_id":"a860cf6e-93b5-4ac2-80a6-f837910a8f2d-140700833089344","trial_id":1,"param_name":"max_depth","param_value_internal":2.0,"distribution":"{\"name\": \"IntDistribution\", \"attributes\": {\"log\": false, \"step\": 1, \"low\": 2, \"high\": 5}}"}
{"op_code":6,"worker_id":"a860cf6e-93b5-4ac2-80a6-f837910a8f2d-140700833089344","trial_id":1,"state":1,"values":[0.7563577461529561],"datetime_complete":"2026-03-20T16:56:49.916841"}
{"op_code":4,"worker_id":"a860cf6e-93b5-4ac2-80a6-f837910a8f2d-140700833089344","study_id":0,"datetime_start":"2026-03-20T16:56:49.937071"}
{"op_code":5,"worker_id":"a860cf6e-93b5-4ac2-80a6-f837910a8f2d-140700833089344","trial_id":2,"param_name":"learning_rate","param_value_internal":0.0658139312364185,"distribution":"{\"name\": \"FloatDistribution\", \"attributes\": {\"step\": null, \"low\": 0.01, \"high\": 0.2, \"log\": true}}"}
{"op_code":5,"worker_id":"a860cf6e-93b5-4ac2-80a6-f837910a8f2d-140700833089344","trial_id":2,"param_name":"n_estimators","param_value_internal":62.0,"distribution":"{\"name\": \"IntDistribution\", \"attributes\": {\"log\": false, \"step\": 1, \"low\": 50, \"high\": 200}}"}
{"op_code":5,"worker_id":"a860cf6e-93b5-4ac2-80a6-f837910a8f2d-140700833089344","trial_id":2,"param_name":"max_depth","param_value_internal":4.0,"distribution":"{\"name\": \"IntDistribution\", \"attributes\": {\"log\": false, \"step\": 1, \"low\": 2, \"high\": 5}}"}
{"op_code":6,"worker_id":"a860cf6e-93b5-4ac2-80a6-f837910a8f2d-140700833089344","trial_id":2,"state":1,"values":[0.7685323383084577],"datetime_complete":"2026-03-20T16:57:02.279846"}
{"op_code":4,"worker_id":"a860cf6e-93b5-4ac2-80a6-f837910a8f2d-140700833089344","study_id":0,"datetime_start":"2026-03-20T16:57:02.301399"}
{"op_code":5,"worker_id":"a860cf6e-93b5-4ac2-80a6-f837910a8f2d-140700833089344","trial_id":3,"param_name":"learning_rate","param_value_internal":0.07155993957479932,"distribution":"{\"name\": \"FloatDistribution\", \"attributes\": {\"step\": null, \"low\": 0.01, \"high\": 0.2, \"log\": true}}"}
{"op_code":5,"worker_id":"a860cf6e-93b5-4ac2-80a6-f837910a8f2d-140700833089344","trial_id":3,"param_name":"n_estimators","param_value_internal":81.0,"distribution":"{\"name\": \"IntDistribution\", \"attributes\": {\"log\": false, \"step\": 1, \"low\": 50, \"high\": 200}}"}
{"op_code":5,"worker_id":"a860cf6e-93b5-4ac2-80a6-f837910a8f2d-140700833089344","trial_id":3,"param_name":"max_depth","param_value_internal":4.0,"distribution":"{\"name\": \"IntDistribution\", \"attributes\": {\"log\": false, \"step\": 1, \"low\": 2, \"high\": 5}}"}
{"op_code":6,"worker_id":"a860cf6e-93b5-4ac2-80a6-f837910a8f2d-140700833089344","trial_id":3,"state":1,"values":[0.7694695129006132],"datetime_complete":"2026-03-20T16:57:18.336266"}
{"op_code":4,"worker_id":"a860cf6e-93b5-4ac2-80a6-f837910a8f2d-140700833089344","study_id":0,"datetime_start":"2026-03-20T16:57:18.351306"}
{"op_code":5,"worker_id":"a860cf6e-93b5-4ac2-80a6-f837910a8f2d-140700833089344","trial_id":4,"param_name":"learning_rate","param_value_internal":0.04090035540569049,"distribution":"{\"name\": \"FloatDistribution\", \"attributes\": {\"step\": null, \"low\": 0.01, \"high\": 0.2, \"log\": true}}"}
{"op_code":5,"worker_id":"a860cf6e-93b5-4ac2-80a6-f837910a8f2d-140700833089344","trial_id":4,"param_name":"n_estimators","param_value_internal":77.0,"distribution":"{\"name\": \"IntDistribution\", \"attributes\": {\"log\": false, \"step\": 1, \"low\": 50, \"high\": 200}}"}
{"op_code":5,"worker_id":"a860cf6e-93b5-4ac2-80a6-f837910a8f2d-140700833089344","trial_id":4,"param_name":"max_depth","param_value_internal":2.0,"distribution":"{\"name\": \"IntDistribution\", \"attributes\": {\"log\": false, \"step\": 1, \"low\": 2, \"high\": 5}}"}
{"op_code":6,"worker_id":"a860cf6e-93b5-4ac2-80a6-f837910a8f2d-140700833089344","trial_id":4,"state":1,"values":[0.7627068147633923],"datetime_complete":"2026-03-20T16:57:32.947095"}
{"op_code":4,"worker_id":"a860cf6e-93b5-4ac2-80a6-f837910a8f2d-140700833089344","study_id":0,"datetime_start":"2026-03-20T16:57:32.960764"}
{"op_code":5,"worker_id":"a860cf6e-93b5-4ac2-80a6-f837910a8f2d-140700833089344","trial_id":5,"param_name":"learning_rate","param_value_internal":0.011362593185986217,"distribution":"{\"name\": \"FloatDistribution\", \"attributes\": {\"step\": null, \"low\": 0.01, \"high\": 0.2, \"log\": true}}"}
{"op_code":5,"worker_id":"a860cf6e-93b5-4ac2-80a6-f837910a8f2d-140700833089344","trial_id":5,"param_name":"n_estimators","param_value_internal":191.0,"distribution":"{\"name\": \"IntDistribution\", \"attributes\": {\"log\": false, \"step\": 1, \"low\": 50, \"high\": 200}}"}
{"op_code":5,"worker_id":"a860cf6e-93b5-4ac2-80a6-f837910a8f2d-140700833089344","trial_id":5,"param_name":"max_depth","param_value_internal":5.0,"distribution":"{\"name\": \"IntDistribution\", \"attributes\": {\"log\": false, \"step\": 1, \"low\": 2, \"high\": 5}}"}
{"op_code":6,"worker_id":"a860cf6e-93b5-4ac2-80a6-f837910a8f2d-140700833089344","trial_id":5,"state":1,"values":[0.7672364919588106],"datetime_complete":"2026-03-20T16:58:11.566791"}
{"op_code":4,"worker_id":"a860cf6e-93b5-4ac2-80a6-f837910a8f2d-140700833089344","study_id":0,"datetime_start":"2026-03-20T16:58:11.588502"}
{"op_code":5,"worker_id":"a860cf6e-93b5-4ac2-80a6-f837910a8f2d-140700833089344","trial_id":6,"param_name":"learning_rate","param_value_internal":0.02914116207214404,"distribution":"{\"name\": \"FloatDistribution\", \"attributes\": {\"step\": null, \"low\": 0.01, \"high\": 0.2, \"log\": true}}"}
{"op_code":5,"worker_id":"a860cf6e-93b5-4ac2-80a6-f837910a8f2d-140700833089344","trial_id":6,"param_name":"n_estimators","param_value_internal":172.0,"distribution":"{\"name\": \"IntDistribution\", \"attributes\": {\"log\": false, \"step\": 1, \"low\": 50, \"high\": 200}}"}
{"op_code":5,"worker_id":"a860cf6e-93b5-4ac2-80a6-f837910a8f2d-140700833089344","trial_id":6,"param_name":"max_depth","param_value_internal":2.0,"distribution":"{\"name\": \"IntDistribution\", \"attributes\": {\"log\": false, \"step\": 1, \"low\": 2, \"high\": 5}}"}
{"op_code":6,"worker_id":"a860cf6e-93b5-4ac2-80a6-f837910a8f2d-140700833089344","trial_id":6,"state":1,"values":[0.766869142658799],"datetime_complete":"2026-03-20T16:58:44.198123"}
{"op_code":4,"worker_id":"a860cf6e-93b5-4ac2-80a6-f837910a8f2d-140700833089344","study_id":0,"datetime_start":"2026-03-20T16:58:44.220272"}
{"op_code":5,"worker_id":"a860cf6e-93b5-4ac2-80a6-f837910a8f2d-140700833089344","trial_id":7,"param_name":"learning_rate","param_value_internal":0.18673458492864212,"distribution":"{\"name\": \"FloatDistribution\", \"attributes\": {\"step\": null, \"low\": 0.01, \"high\": 0.2, \"log\": true}}"}
{"op_code":5,"worker_id":"a860cf6e-93b5-4ac2-80a6-f837910a8f2d-140700833089344","trial_id":7,"param_name":"n_estimators","param_value_internal":92.0,"distribution":"{\"name\": \"IntDistribution\", \"attributes\": {\"log\": false, \"step\": 1, \"low\": 50, \"high\": 200}}"}
{"op_code":5,"worker_id":"a860cf6e-93b5-4ac2-80a6-f837910a8f2d-140700833089344","trial_id":7,"param_name":"max_depth","param_value_internal":5.0,"distribution":"{\"name\": \"IntDistribution\", \"attributes\": {\"log\": false, \"step\": 1, \"low\": 2, \"high\": 5}}"}
{"op_code":6,"worker_id":"a860cf6e-93b5-4ac2-80a6-f837910a8f2d-140700833089344","trial_id":7,"state":1,"values":[0.7831250723128543],"datetime_complete":"2026-03-20T16:59:02.895946"}
{"op_code":4,"worker_id":"a860cf6e-93b5-4ac2-80a6-f837910a8f2d-140700833089344","study_id":0,"datetime_start":"2026-03-20T16:59:02.917306"}
{"op_code":5,"worker_id":"a860cf6e-93b5-4ac2-80a6-f837910a8f2d-140700833089344","trial_id":8,"param_name":"learning_rate","param_value_internal":0.048156921185244096,"distribution":"{\"name\": \"FloatDistribution\", \"attributes\": {\"step\": null, \"low\": 0.01, \"high\": 0.2, \"log\": true}}"}
{"op_code":5,"worker_id":"a860cf6e-93b5-4ac2-80a6-f837910a8f2d-140700833089344","trial_id":8,"param_name":"n_estimators","param_value_internal":170.0,"distribution":"{\"name\": \"IntDistribution\", \"attributes\": {\"log\": false, \"step\": 1, \"low\": 50, \"high\": 200}}"}
{"op_code":5,"worker_id":"a860cf6e-93b5-4ac2-80a6-f837910a8f2d-140700833089344","trial_id":8,"param_name":"max_depth","param_value_internal":2.0,"distribution":"{\"name\": \"IntDistribution\", \"attributes\": {\"log\": false, \"step\": 1, \"low\": 2, \"high\": 5}}"}
{"op_code":6,"worker_id":"a860cf6e-93b5-4ac2-80a6-f837910a8f2d-140700833089344","trial_id":8,"state":1,"values":[0.77361448571098],"datetime_complete":"2026-03-20T16:59:35.194824"}
{"op_code":4,"worker_id":"a860cf6e-93b5-4ac2-80a6-f837910a8f2d-140700833089344","study_id":0,"datetime_start":"2026-03-20T16:59:35.214652"}
{"op_code":5,"worker_id":"a860cf6e-93b5-4ac2-80a6-f837910a8f2d-140700833089344","trial_id":9,"param_name":"learning_rate","param_value_internal":0.02706346274394686,"distribution":"{\"name\": \"FloatDistribution\", \"attributes\": {\"step\": null, \"low\": 0.01, \"high\": 0.2, \"log\": true}}"}
{"op_code":5,"worker_id":"a860cf6e-93b5-4ac2-80a6-f837910a8f2d-140700833089344","trial_id":9,"param_name":"n_estimators","param_value_internal":98.0,"distribution":"{\"name\": \"IntDistribution\", \"attributes\": {\"log\": false, \"step\": 1, \"low\": 50, \"high\": 200}}"}
{"op_code":5,"worker_id":"a860cf6e-93b5-4ac2-80a6-f837910a8f2d-140700833089344","trial_id":9,"param_name":"max_depth","param_value_internal":2.0,"distribution":"{\"name\": \"IntDistribution\", \"attributes\": {\"log\": false, \"step\": 1, \"low\": 2, \"high\": 5}}"}
{"op_code":6,"worker_id":"a860cf6e-93b5-4ac2-80a6-f837910a8f2d-140700833089344","trial_id":9,"state":1,"values":[0.7588163832002777],"datetime_complete":"2026-03-20T16:59:53.865354"}
{"op_code":0,"worker_id":"2cbe33c0-781f-4b6a-9615-e2edd71263ee-139679950972736","study_name":"gbsa_tuning","directions":[2]}
{"op_code":4,"worker_id":"2cbe33c0-781f-4b6a-9615-e2edd71263ee-139679950972736","study_id":0,"datetime_start":"2026-03-20T17:12:43.947616"}
{"op_code":5,"worker_id":"2cbe33c0-781f-4b6a-9615-e2edd71263ee-139679950972736","trial_id":10,"param_name":"learning_rate","param_value_internal":0.19961304298154217,"distribution":"{\"name\": \"FloatDistribution\", \"attributes\": {\"step\": null, \"low\": 0.01, \"high\": 0.2, \"log\": true}}"}
{"op_code":5,"worker_id":"2cbe33c0-781f-4b6a-9615-e2edd71263ee-139679950972736","trial_id":10,"param_name":"n_estimators","param_value_internal":128.0,"distribution":"{\"name\": \"IntDistribution\", \"attributes\": {\"log\": false, \"step\": 1, \"low\": 50, \"high\": 200}}"}
{"op_code":5,"worker_id":"2cbe33c0-781f-4b6a-9615-e2edd71263ee-139679950972736","trial_id":10,"param_name":"max_depth","param_value_internal":5.0,"distribution":"{\"name\": \"IntDistribution\", \"attributes\": {\"log\": false, \"step\": 1, \"low\": 2, \"high\": 5}}"}
{"op_code":6,"worker_id":"2cbe33c0-781f-4b6a-9615-e2edd71263ee-139679950972736","trial_id":10,"state":1,"values":[0.7824308689112577],"datetime_complete":"2026-03-20T17:13:09.827455"}
{"op_code":4,"worker_id":"2cbe33c0-781f-4b6a-9615-e2edd71263ee-139679950972736","study_id":0,"datetime_start":"2026-03-20T17:13:09.849333"}
{"op_code":5,"worker_id":"2cbe33c0-781f-4b6a-9615-e2edd71263ee-139679950972736","trial_id":11,"param_name":"learning_rate","param_value_internal":0.17405796408747617,"distribution":"{\"name\": \"FloatDistribution\", \"attributes\": {\"step\": null, \"low\": 0.01, \"high\": 0.2, \"log\": true}}"}
{"op_code":5,"worker_id":"2cbe33c0-781f-4b6a-9615-e2edd71263ee-139679950972736","trial_id":11,"param_name":"n_estimators","param_value_internal":129.0,"distribution":"{\"name\": \"IntDistribution\", \"attributes\": {\"log\": false, \"step\": 1, \"low\": 50, \"high\": 200}}"}
{"op_code":5,"worker_id":"2cbe33c0-781f-4b6a-9615-e2edd71263ee-139679950972736","trial_id":11,"param_name":"max_depth","param_value_internal":5.0,"distribution":"{\"name\": \"IntDistribution\", \"attributes\": {\"log\": false, \"step\": 1, \"low\": 2, \"high\": 5}}"}
{"op_code":6,"worker_id":"2cbe33c0-781f-4b6a-9615-e2edd71263ee-139679950972736","trial_id":11,"state":1,"values":[0.7839234062246905],"datetime_complete":"2026-03-20T17:13:35.931825"}
{"op_code":4,"worker_id":"2cbe33c0-781f-4b6a-9615-e2edd71263ee-139679950972736","study_id":0,"datetime_start":"2026-03-20T17:13:35.947168"}
{"op_code":5,"worker_id":"2cbe33c0-781f-4b6a-9615-e2edd71263ee-139679950972736","trial_id":12,"param_name":"learning_rate","param_value_internal":0.19509376166489387,"distribution":"{\"name\": \"FloatDistribution\", \"attributes\": {\"step\": null, \"low\": 0.01, \"high\": 0.2, \"log\": true}}"}
{"op_code":5,"worker_id":"2cbe33c0-781f-4b6a-9615-e2edd71263ee-139679950972736","trial_id":12,"param_name":"n_estimators","param_value_internal":125.0,"distribution":"{\"name\": \"IntDistribution\", \"attributes\": {\"log\": false, \"step\": 1, \"low\": 50, \"high\": 200}}"}
{"op_code":5,"worker_id":"2cbe33c0-781f-4b6a-9615-e2edd71263ee-139679950972736","trial_id":12,"param_name":"max_depth","param_value_internal":5.0,"distribution":"{\"name\": \"IntDistribution\", \"attributes\": {\"log\": false, \"step\": 1, \"low\": 2, \"high\": 5}}"}
{"op_code":6,"worker_id":"2cbe33c0-781f-4b6a-9615-e2edd71263ee-139679950972736","trial_id":12,"state":1,"values":[0.7794747194261252],"datetime_complete":"2026-03-20T17:14:01.164459"}
{"op_code":4,"worker_id":"2cbe33c0-781f-4b6a-9615-e2edd71263ee-139679950972736","study_id":0,"datetime_start":"2026-03-20T17:14:05.533041"}
{"op_code":5,"worker_id":"2cbe33c0-781f-4b6a-9615-e2edd71263ee-139679950972736","trial_id":13,"param_name":"learning_rate","param_value_internal":0.11242414277987328,"distribution":"{\"name\": \"FloatDistribution\", \"attributes\": {\"step\": null, \"low\": 0.01, \"high\": 0.2, \"log\": true}}"}
{"op_code":5,"worker_id":"2cbe33c0-781f-4b6a-9615-e2edd71263ee-139679950972736","trial_id":13,"param_name":"n_estimators","param_value_internal":126.0,"distribution":"{\"name\": \"IntDistribution\", \"attributes\": {\"log\": false, \"step\": 1, \"low\": 50, \"high\": 200}}"}
{"op_code":5,"worker_id":"2cbe33c0-781f-4b6a-9615-e2edd71263ee-139679950972736","trial_id":13,"param_name":"max_depth","param_value_internal":4.0,"distribution":"{\"name\": \"IntDistribution\", \"attributes\": {\"log\": false, \"step\": 1, \"low\": 2, \"high\": 5}}"}
{"op_code":6,"worker_id":"2cbe33c0-781f-4b6a-9615-e2edd71263ee-139679950972736","trial_id":13,"state":1,"values":[0.7826738401018165],"datetime_complete":"2026-03-20T17:15:13.152457"}
{"op_code":4,"worker_id":"2cbe33c0-781f-4b6a-9615-e2edd71263ee-139679950972736","study_id":0,"datetime_start":"2026-03-20T17:15:13.180358"}
{"op_code":5,"worker_id":"2cbe33c0-781f-4b6a-9615-e2edd71263ee-139679950972736","trial_id":14,"param_name":"learning_rate","param_value_internal":0.10884993487410946,"distribution":"{\"name\": \"FloatDistribution\", \"attributes\": {\"step\": null, \"low\": 0.01, \"high\": 0.2, \"log\": true}}"}
{"op_code":5,"worker_id":"2cbe33c0-781f-4b6a-9615-e2edd71263ee-139679950972736","trial_id":14,"param_name":"n_estimators","param_value_internal":147.0,"distribution":"{\"name\": \"IntDistribution\", \"attributes\": {\"log\": false, \"step\": 1, \"low\": 50, \"high\": 200}}"}
{"op_code":5,"worker_id":"2cbe33c0-781f-4b6a-9615-e2edd71263ee-139679950972736","trial_id":14,"param_name":"max_depth","param_value_internal":3.0,"distribution":"{\"name\": \"IntDistribution\", \"attributes\": {\"log\": false, \"step\": 1, \"low\": 2, \"high\": 5}}"}
{"op_code":6,"worker_id":"2cbe33c0-781f-4b6a-9615-e2edd71263ee-139679950972736","trial_id":14,"state":1,"values":[0.7844614138609279],"datetime_complete":"2026-03-20T17:15:41.426051"}
{"op_code":4,"worker_id":"2cbe33c0-781f-4b6a-9615-e2edd71263ee-139679950972736","study_id":0,"datetime_start":"2026-03-20T17:15:41.438084"}
{"op_code":5,"worker_id":"2cbe33c0-781f-4b6a-9615-e2edd71263ee-139679950972736","trial_id":15,"param_name":"learning_rate","param_value_internal":0.11982190079958907,"distribution":"{\"name\": \"FloatDistribution\", \"attributes\": {\"step\": null, \"low\": 0.01, \"high\": 0.2, \"log\": true}}"}
{"op_code":5,"worker_id":"2cbe33c0-781f-4b6a-9615-e2edd71263ee-139679950972736","trial_id":15,"param_name":"n_estimators","param_value_internal":141.0,"distribution":"{\"name\": \"IntDistribution\", \"attributes\": {\"log\": false, \"step\": 1, \"low\": 50, \"high\": 200}}"}
{"op_code":5,"worker_id":"2cbe33c0-781f-4b6a-9615-e2edd71263ee-139679950972736","trial_id":15,"param_name":"max_depth","param_value_internal":3.0,"distribution":"{\"name\": \"IntDistribution\", \"attributes\": {\"log\": false, \"step\": 1, \"low\": 2, \"high\": 5}}"}
{"op_code":6,"worker_id":"2cbe33c0-781f-4b6a-9615-e2edd71263ee-139679950972736","trial_id":15,"state":1,"values":[0.7858845308342011],"datetime_complete":"2026-03-20T17:16:08.456887"}
{"op_code":4,"worker_id":"2cbe33c0-781f-4b6a-9615-e2edd71263ee-139679950972736","study_id":0,"datetime_start":"2026-03-20T17:16:08.478424"}
{"op_code":5,"worker_id":"2cbe33c0-781f-4b6a-9615-e2edd71263ee-139679950972736","trial_id":16,"param_name":"learning_rate","param_value_internal":0.10659830570949086,"distribution":"{\"name\": \"FloatDistribution\", \"attributes\": {\"step\": null, \"low\": 0.01, \"high\": 0.2, \"log\": true}}"}
{"op_code":5,"worker_id":"2cbe33c0-781f-4b6a-9615-e2edd71263ee-139679950972736","trial_id":16,"param_name":"n_estimators","param_value_internal":152.0,"distribution":"{\"name\": \"IntDistribution\", \"attributes\": {\"log\": false, \"step\": 1, \"low\": 50, \"high\": 200}}"}
{"op_code":5,"worker_id":"2cbe33c0-781f-4b6a-9615-e2edd71263ee-139679950972736","trial_id":16,"param_name":"max_depth","param_value_internal":3.0,"distribution":"{\"name\": \"IntDistribution\", \"attributes\": {\"log\": false, \"step\": 1, \"low\": 2, \"high\": 5}}"}
{"op_code":6,"worker_id":"2cbe33c0-781f-4b6a-9615-e2edd71263ee-139679950972736","trial_id":16,"state":1,"values":[0.785005206525512],"datetime_complete":"2026-03-20T17:16:37.630072"}
{"op_code":4,"worker_id":"2cbe33c0-781f-4b6a-9615-e2edd71263ee-139679950972736","study_id":0,"datetime_start":"2026-03-20T17:16:37.644146"}
{"op_code":5,"worker_id":"2cbe33c0-781f-4b6a-9615-e2edd71263ee-139679950972736","trial_id":17,"param_name":"learning_rate","param_value_internal":0.11087837258532171,"distribution":"{\"name\": \"FloatDistribution\", \"attributes\": {\"step\": null, \"low\": 0.01, \"high\": 0.2, \"log\": true}}"}
{"op_code":5,"worker_id":"2cbe33c0-781f-4b6a-9615-e2edd71263ee-139679950972736","trial_id":17,"param_name":"n_estimators","param_value_internal":149.0,"distribution":"{\"name\": \"IntDistribution\", \"attributes\": {\"log\": false, \"step\": 1, \"low\": 50, \"high\": 200}}"}
{"op_code":5,"worker_id":"2cbe33c0-781f-4b6a-9615-e2edd71263ee-139679950972736","trial_id":17,"param_name":"max_depth","param_value_internal":3.0,"distribution":"{\"name\": \"IntDistribution\", \"attributes\": {\"log\": false, \"step\": 1, \"low\": 2, \"high\": 5}}"}
{"op_code":6,"worker_id":"2cbe33c0-781f-4b6a-9615-e2edd71263ee-139679950972736","trial_id":17,"state":1,"values":[0.785340738169617],"datetime_complete":"2026-03-20T17:17:06.223942"}
{"op_code":4,"worker_id":"2cbe33c0-781f-4b6a-9615-e2edd71263ee-139679950972736","study_id":0,"datetime_start":"2026-03-20T17:17:06.239216"}
{"op_code":5,"worker_id":"2cbe33c0-781f-4b6a-9615-e2edd71263ee-139679950972736","trial_id":18,"param_name":"learning_rate","param_value_internal":0.08634981731015284,"distribution":"{\"name\": \"FloatDistribution\", \"attributes\": {\"step\": null, \"low\": 0.01, \"high\": 0.2, \"log\": true}}"}
{"op_code":5,"worker_id":"2cbe33c0-781f-4b6a-9615-e2edd71263ee-139679950972736","trial_id":18,"param_name":"n_estimators","param_value_internal":108.0,"distribution":"{\"name\": \"IntDistribution\", \"attributes\": {\"log\": false, \"step\": 1, \"low\": 50, \"high\": 200}}"}
{"op_code":5,"worker_id":"2cbe33c0-781f-4b6a-9615-e2edd71263ee-139679950972736","trial_id":18,"param_name":"max_depth","param_value_internal":3.0,"distribution":"{\"name\": \"IntDistribution\", \"attributes\": {\"log\": false, \"step\": 1, \"low\": 2, \"high\": 5}}"}
{"op_code":6,"worker_id":"2cbe33c0-781f-4b6a-9615-e2edd71263ee-139679950972736","trial_id":18,"state":1,"values":[0.7761338655559412],"datetime_complete":"2026-03-20T17:17:26.981245"}
{"op_code":4,"worker_id":"2cbe33c0-781f-4b6a-9615-e2edd71263ee-139679950972736","study_id":0,"datetime_start":"2026-03-20T17:17:27.006033"}
{"op_code":5,"worker_id":"2cbe33c0-781f-4b6a-9615-e2edd71263ee-139679950972736","trial_id":19,"param_name":"learning_rate","param_value_internal":0.11833814024078389,"distribution":"{\"name\": \"FloatDistribution\", \"attributes\": {\"step\": null, \"low\": 0.01, \"high\": 0.2, \"log\": true}}"}
{"op_code":5,"worker_id":"2cbe33c0-781f-4b6a-9615-e2edd71263ee-139679950972736","trial_id":19,"param_name":"n_estimators","param_value_internal":148.0,"distribution":"{\"name\": \"IntDistribution\", \"attributes\": {\"log\": false, \"step\": 1, \"low\": 50, \"high\": 200}}"}
{"op_code":5,"worker_id":"2cbe33c0-781f-4b6a-9615-e2edd71263ee-139679950972736","trial_id":19,"param_name":"max_depth","param_value_internal":3.0,"distribution":"{\"name\": \"IntDistribution\", \"attributes\": {\"log\": false, \"step\": 1, \"low\": 2, \"high\": 5}}"}
{"op_code":6,"worker_id":"2cbe33c0-781f-4b6a-9615-e2edd71263ee-139679950972736","trial_id":19,"state":1,"values":[0.7863299780168923],"datetime_complete":"2026-03-20T17:17:55.499342"}
{"op_code":0,"worker_id":"d04b59ba-d279-49c8-9c88-3f4a697b7afe-139679950972736","study_name":"gbsa_tuning","directions":[2]}
{"op_code":4,"worker_id":"d04b59ba-d279-49c8-9c88-3f4a697b7afe-139679950972736","study_id":0,"datetime_start":"2026-03-20T17:23:26.140379"}
{"op_code":5,"worker_id":"d04b59ba-d279-49c8-9c88-3f4a697b7afe-139679950972736","trial_id":20,"param_name":"learning_rate","param_value_internal":0.13130589193602876,"distribution":"{\"name\": \"FloatDistribution\", \"attributes\": {\"step\": null, \"low\": 0.01, \"high\": 0.2, \"log\": true}}"}
{"op_code":5,"worker_id":"d04b59ba-d279-49c8-9c88-3f4a697b7afe-139679950972736","trial_id":20,"param_name":"n_estimators","param_value_internal":168.0,"distribution":"{\"name\": \"IntDistribution\", \"attributes\": {\"log\": false, \"step\": 1, \"low\": 50, \"high\": 200}}"}
{"op_code":5,"worker_id":"d04b59ba-d279-49c8-9c88-3f4a697b7afe-139679950972736","trial_id":20,"param_name":"max_depth","param_value_internal":3.0,"distribution":"{\"name\": \"IntDistribution\", \"attributes\": {\"log\": false, \"step\": 1, \"low\": 2, \"high\": 5}}"}
{"op_code":6,"worker_id":"d04b59ba-d279-49c8-9c88-3f4a697b7afe-139679950972736","trial_id":20,"state":1,"values":[0.7811518988070895],"datetime_complete":"2026-03-20T17:23:58.712151"}
{"op_code":4,"worker_id":"d04b59ba-d279-49c8-9c88-3f4a697b7afe-139679950972736","study_id":0,"datetime_start":"2026-03-20T17:23:58.746743"}
{"op_code":5,"worker_id":"d04b59ba-d279-49c8-9c88-3f4a697b7afe-139679950972736","trial_id":21,"param_name":"learning_rate","param_value_internal":0.13753280624404013,"distribution":"{\"name\": \"FloatDistribution\", \"attributes\": {\"step\": null, \"low\": 0.01, \"high\": 0.2, \"log\": true}}"}
{"op_code":5,"worker_id":"d04b59ba-d279-49c8-9c88-3f4a697b7afe-139679950972736","trial_id":21,"param_name":"n_estimators","param_value_internal":147.0,"distribution":"{\"name\": \"IntDistribution\", \"attributes\": {\"log\": false, \"step\": 1, \"low\": 50, \"high\": 200}}"}
{"op_code":5,"worker_id":"d04b59ba-d279-49c8-9c88-3f4a697b7afe-139679950972736","trial_id":21,"param_name":"max_depth","param_value_internal":3.0,"distribution":"{\"name\": \"IntDistribution\", \"attributes\": {\"log\": false, \"step\": 1, \"low\": 2, \"high\": 5}}"}
{"op_code":6,"worker_id":"d04b59ba-d279-49c8-9c88-3f4a697b7afe-139679950972736","trial_id":21,"state":1,"values":[0.7819295082628205],"datetime_complete":"2026-03-20T17:24:27.307581"}
{"op_code":4,"worker_id":"d04b59ba-d279-49c8-9c88-3f4a697b7afe-139679950972736","study_id":0,"datetime_start":"2026-03-20T17:24:27.322473"}
{"op_code":5,"worker_id":"d04b59ba-d279-49c8-9c88-3f4a697b7afe-139679950972736","trial_id":22,"param_name":"learning_rate","param_value_internal":0.07934944027469949,"distribution":"{\"name\": \"FloatDistribution\", \"attributes\": {\"step\": null, \"low\": 0.01, \"high\": 0.2, \"log\": true}}"}
{"op_code":5,"worker_id":"d04b59ba-d279-49c8-9c88-3f4a697b7afe-139679950972736","trial_id":22,"param_name":"n_estimators","param_value_internal":157.0,"distribution":"{\"name\": \"IntDistribution\", \"attributes\": {\"log\": false, \"step\": 1, \"low\": 50, \"high\": 200}}"}
{"op_code":5,"worker_id":"d04b59ba-d279-49c8-9c88-3f4a697b7afe-139679950972736","trial_id":22,"param_name":"max_depth","param_value_internal":3.0,"distribution":"{\"name\": \"IntDistribution\", \"attributes\": {\"log\": false, \"step\": 1, \"low\": 2, \"high\": 5}}"}
{"op_code":6,"worker_id":"d04b59ba-d279-49c8-9c88-3f4a697b7afe-139679950972736","trial_id":22,"state":1,"values":[0.7780817814744627],"datetime_complete":"2026-03-20T17:24:57.922901"}
{"op_code":4,"worker_id":"d04b59ba-d279-49c8-9c88-3f4a697b7afe-139679950972736","study_id":0,"datetime_start":"2026-03-20T17:24:57.939295"}
{"op_code":5,"worker_id":"d04b59ba-d279-49c8-9c88-3f4a697b7afe-139679950972736","trial_id":23,"param_name":"learning_rate","param_value_internal":0.0552657764102536,"distribution":"{\"name\": \"FloatDistribution\", \"attributes\": {\"step\": null, \"low\": 0.01, \"high\": 0.2, \"log\": true}}"}
{"op_code":5,"worker_id":"d04b59ba-d279-49c8-9c88-3f4a697b7afe-139679950972736","trial_id":23,"param_name":"n_estimators","param_value_internal":139.0,"distribution":"{\"name\": \"IntDistribution\", \"attributes\": {\"log\": false, \"step\": 1, \"low\": 50, \"high\": 200}}"}
{"op_code":5,"worker_id":"d04b59ba-d279-49c8-9c88-3f4a697b7afe-139679950972736","trial_id":23,"param_name":"max_depth","param_value_internal":4.0,"distribution":"{\"name\": \"IntDistribution\", \"attributes\": {\"log\": false, \"step\": 1, \"low\": 2, \"high\": 5}}"}
{"op_code":6,"worker_id":"d04b59ba-d279-49c8-9c88-3f4a697b7afe-139679950972736","trial_id":23,"state":1,"values":[0.7736004469814353],"datetime_complete":"2026-03-20T17:25:25.307468"}
{"op_code":4,"worker_id":"d04b59ba-d279-49c8-9c88-3f4a697b7afe-139679950972736","study_id":0,"datetime_start":"2026-03-20T17:25:25.323101"}
{"op_code":5,"worker_id":"d04b59ba-d279-49c8-9c88-3f4a697b7afe-139679950972736","trial_id":24,"param_name":"learning_rate","param_value_internal":0.14765900469748083,"distribution":"{\"name\": \"FloatDistribution\", \"attributes\": {\"step\": null, \"low\": 0.01, \"high\": 0.2, \"log\": true}}"}
{"op_code":5,"worker_id":"d04b59ba-d279-49c8-9c88-3f4a697b7afe-139679950972736","trial_id":24,"param_name":"n_estimators","param_value_internal":112.0,"distribution":"{\"name\": \"IntDistribution\", \"attributes\": {\"log\": false, \"step\": 1, \"low\": 50, \"high\": 200}}"}
{"op_code":5,"worker_id":"d04b59ba-d279-49c8-9c88-3f4a697b7afe-139679950972736","trial_id":24,"param_name":"max_depth","param_value_internal":3.0,"distribution":"{\"name\": \"IntDistribution\", \"attributes\": {\"log\": false, \"step\": 1, \"low\": 2, \"high\": 5}}"}
{"op_code":6,"worker_id":"d04b59ba-d279-49c8-9c88-3f4a697b7afe-139679950972736","trial_id":24,"state":1,"values":[0.7799768445184293],"datetime_complete":"2026-03-20T17:25:46.954590"}
{"op_code":4,"worker_id":"d04b59ba-d279-49c8-9c88-3f4a697b7afe-139679950972736","study_id":0,"datetime_start":"2026-03-20T17:25:46.976195"}
{"op_code":5,"worker_id":"d04b59ba-d279-49c8-9c88-3f4a697b7afe-139679950972736","trial_id":25,"param_name":"learning_rate","param_value_internal":0.09402043295290965,"distribution":"{\"name\": \"FloatDistribution\", \"attributes\": {\"step\": null, \"low\": 0.01, \"high\": 0.2, \"log\": true}}"}
{"op_code":5,"worker_id":"d04b59ba-d279-49c8-9c88-3f4a697b7afe-139679950972736","trial_id":25,"param_name":"n_estimators","param_value_internal":162.0,"distribution":"{\"name\": \"IntDistribution\", \"attributes\": {\"log\": false, \"step\": 1, \"low\": 50, \"high\": 200}}"}
{"op_code":5,"worker_id":"d04b59ba-d279-49c8-9c88-3f4a697b7afe-139679950972736","trial_id":25,"param_name":"max_depth","param_value_internal":3.0,"distribution":"{\"name\": \"IntDistribution\", \"attributes\": {\"log\": false, \"step\": 1, \"low\": 2, \"high\": 5}}"}
{"op_code":6,"worker_id":"d04b59ba-d279-49c8-9c88-3f4a697b7afe-139679950972736","trial_id":25,"state":1,"values":[0.7794123576542691],"datetime_complete":"2026-03-20T17:26:18.100395"}
{"op_code":4,"worker_id":"d04b59ba-d279-49c8-9c88-3f4a697b7afe-139679950972736","study_id":0,"datetime_start":"2026-03-20T17:26:18.115760"}
{"op_code":5,"worker_id":"d04b59ba-d279-49c8-9c88-3f4a697b7afe-139679950972736","trial_id":26,"param_name":"learning_rate","param_value_internal":0.05810767295188341,"distribution":"{\"name\": \"FloatDistribution\", \"attributes\": {\"step\": null, \"low\": 0.01, \"high\": 0.2, \"log\": true}}"}
{"op_code":5,"worker_id":"d04b59ba-d279-49c8-9c88-3f4a697b7afe-139679950972736","trial_id":26,"param_name":"n_estimators","param_value_internal":180.0,"distribution":"{\"name\": \"IntDistribution\", \"attributes\": {\"log\": false, \"step\": 1, \"low\": 50, \"high\": 200}}"}
{"op_code":5,"worker_id":"d04b59ba-d279-49c8-9c88-3f4a697b7afe-139679950972736","trial_id":26,"param_name":"max_depth","param_value_internal":4.0,"distribution":"{\"name\": \"IntDistribution\", \"attributes\": {\"log\": false, \"step\": 1, \"low\": 2, \"high\": 5}}"}
{"op_code":6,"worker_id":"d04b59ba-d279-49c8-9c88-3f4a697b7afe-139679950972736","trial_id":26,"state":1,"values":[0.7769499277111209],"datetime_complete":"2026-03-20T17:26:53.626169"}
{"op_code":4,"worker_id":"d04b59ba-d279-49c8-9c88-3f4a697b7afe-139679950972736","study_id":0,"datetime_start":"2026-03-20T17:27:33.227828"}
{"op_code":5,"worker_id":"d04b59ba-d279-49c8-9c88-3f4a697b7afe-139679950972736","trial_id":27,"param_name":"learning_rate","param_value_internal":0.0370950057333479,"distribution":"{\"name\": \"FloatDistribution\", \"attributes\": {\"step\": null, \"low\": 0.01, \"high\": 0.2, \"log\": true}}"}
{"op_code":5,"worker_id":"d04b59ba-d279-49c8-9c88-3f4a697b7afe-139679950972736","trial_id":27,"param_name":"n_estimators","param_value_internal":135.0,"distribution":"{\"name\": \"IntDistribution\", \"attributes\": {\"log\": false, \"step\": 1, \"low\": 50, \"high\": 200}}"}
{"op_code":5,"worker_id":"d04b59ba-d279-49c8-9c88-3f4a697b7afe-139679950972736","trial_id":27,"param_name":"max_depth","param_value_internal":3.0,"distribution":"{\"name\": \"IntDistribution\", \"attributes\": {\"log\": false, \"step\": 1, \"low\": 2, \"high\": 5}}"}
{"op_code":6,"worker_id":"d04b59ba-d279-49c8-9c88-3f4a697b7afe-139679950972736","trial_id":27,"state":1,"values":[0.7650928235287341],"datetime_complete":"2026-03-20T17:27:59.710466"}
{"op_code":4,"worker_id":"d04b59ba-d279-49c8-9c88-3f4a697b7afe-139679950972736","study_id":0,"datetime_start":"2026-03-20T17:27:59.748200"}
{"op_code":5,"worker_id":"d04b59ba-d279-49c8-9c88-3f4a697b7afe-139679950972736","trial_id":28,"param_name":"learning_rate","param_value_internal":0.14295447685474633,"distribution":"{\"name\": \"FloatDistribution\", \"attributes\": {\"step\": null, \"low\": 0.01, \"high\": 0.2, \"log\": true}}"}
{"op_code":5,"worker_id":"d04b59ba-d279-49c8-9c88-3f4a697b7afe-139679950972736","trial_id":28,"param_name":"n_estimators","param_value_internal":143.0,"distribution":"{\"name\": \"IntDistribution\", \"attributes\": {\"log\": false, \"step\": 1, \"low\": 50, \"high\": 200}}"}
{"op_code":5,"worker_id":"d04b59ba-d279-49c8-9c88-3f4a697b7afe-139679950972736","trial_id":28,"param_name":"max_depth","param_value_internal":4.0,"distribution":"{\"name\": \"IntDistribution\", \"attributes\": {\"log\": false, \"step\": 1, \"low\": 2, \"high\": 5}}"}
{"op_code":6,"worker_id":"d04b59ba-d279-49c8-9c88-3f4a697b7afe-139679950972736","trial_id":28,"state":1,"values":[0.7772235310381375],"datetime_complete":"2026-03-20T17:28:28.040099"}
{"op_code":4,"worker_id":"d04b59ba-d279-49c8-9c88-3f4a697b7afe-139679950972736","study_id":0,"datetime_start":"2026-03-20T17:28:28.974578"}
{"op_code":5,"worker_id":"d04b59ba-d279-49c8-9c88-3f4a697b7afe-139679950972736","trial_id":29,"param_name":"learning_rate","param_value_internal":0.022449438559600847,"distribution":"{\"name\": \"FloatDistribution\", \"attributes\": {\"step\": null, \"low\": 0.01, \"high\": 0.2, \"log\": true}}"}
{"op_code":5,"worker_id":"d04b59ba-d279-49c8-9c88-3f4a697b7afe-139679950972736","trial_id":29,"param_name":"n_estimators","param_value_internal":159.0,"distribution":"{\"name\": \"IntDistribution\", \"attributes\": {\"log\": false, \"step\": 1, \"low\": 50, \"high\": 200}}"}
{"op_code":5,"worker_id":"d04b59ba-d279-49c8-9c88-3f4a697b7afe-139679950972736","trial_id":29,"param_name":"max_depth","param_value_internal":3.0,"distribution":"{\"name\": \"IntDistribution\", \"attributes\": {\"log\": false, \"step\": 1, \"low\": 2, \"high\": 5}}"}
{"op_code":6,"worker_id":"d04b59ba-d279-49c8-9c88-3f4a697b7afe-139679950972736","trial_id":29,"state":1,"values":[0.7607238104015345],"datetime_complete":"2026-03-20T17:28:59.733857"}
{"op_code":0,"worker_id":"ac7e87ea-9472-4c1f-ba87-b7f2ec161eac-139679950972736","study_name":"gbsa_tuning","directions":[2]}
{"op_code":4,"worker_id":"ac7e87ea-9472-4c1f-ba87-b7f2ec161eac-139679950972736","study_id":0,"datetime_start":"2026-03-20T17:34:09.641302"}
{"op_code":5,"worker_id":"ac7e87ea-9472-4c1f-ba87-b7f2ec161eac-139679950972736","trial_id":30,"param_name":"learning_rate","param_value_internal":0.018147304990402107,"distribution":"{\"name\": \"FloatDistribution\", \"attributes\": {\"step\": null, \"low\": 0.01, \"high\": 0.2, \"log\": true}}"}
{"op_code":5,"worker_id":"ac7e87ea-9472-4c1f-ba87-b7f2ec161eac-139679950972736","trial_id":30,"param_name":"n_estimators","param_value_internal":114.0,"distribution":"{\"name\": \"IntDistribution\", \"attributes\": {\"log\": false, \"step\": 1, \"low\": 50, \"high\": 200}}"}
{"op_code":5,"worker_id":"ac7e87ea-9472-4c1f-ba87-b7f2ec161eac-139679950972736","trial_id":30,"param_name":"max_depth","param_value_internal":2.0,"distribution":"{\"name\": \"IntDistribution\", \"attributes\": {\"log\": false, \"step\": 1, \"low\": 2, \"high\": 5}}"}
{"op_code":6,"worker_id":"ac7e87ea-9472-4c1f-ba87-b7f2ec161eac-139679950972736","trial_id":30,"state":1,"values":[0.7519695300375544],"datetime_complete":"2026-03-20T17:34:31.086691"}
{"op_code":4,"worker_id":"ac7e87ea-9472-4c1f-ba87-b7f2ec161eac-139679950972736","study_id":0,"datetime_start":"2026-03-20T17:34:31.111272"}
{"op_code":5,"worker_id":"ac7e87ea-9472-4c1f-ba87-b7f2ec161eac-139679950972736","trial_id":31,"param_name":"learning_rate","param_value_internal":0.10877361593855697,"distribution":"{\"name\": \"FloatDistribution\", \"attributes\": {\"step\": null, \"low\": 0.01, \"high\": 0.2, \"log\": true}}"}
{"op_code":5,"worker_id":"ac7e87ea-9472-4c1f-ba87-b7f2ec161eac-139679950972736","trial_id":31,"param_name":"n_estimators","param_value_internal":149.0,"distribution":"{\"name\": \"IntDistribution\", \"attributes\": {\"log\": false, \"step\": 1, \"low\": 50, \"high\": 200}}"}
{"op_code":5,"worker_id":"ac7e87ea-9472-4c1f-ba87-b7f2ec161eac-139679950972736","trial_id":31,"param_name":"max_depth","param_value_internal":3.0,"distribution":"{\"name\": \"IntDistribution\", \"attributes\": {\"log\": false, \"step\": 1, \"low\": 2, \"high\": 5}}"}
{"op_code":6,"worker_id":"ac7e87ea-9472-4c1f-ba87-b7f2ec161eac-139679950972736","trial_id":31,"state":1,"values":[0.7807276302851525],"datetime_complete":"2026-03-20T17:35:00.162653"}
{"op_code":4,"worker_id":"ac7e87ea-9472-4c1f-ba87-b7f2ec161eac-139679950972736","study_id":0,"datetime_start":"2026-03-20T17:35:00.184420"}
{"op_code":5,"worker_id":"ac7e87ea-9472-4c1f-ba87-b7f2ec161eac-139679950972736","trial_id":32,"param_name":"learning_rate","param_value_internal":0.09732036072895883,"distribution":"{\"name\": \"FloatDistribution\", \"attributes\": {\"step\": null, \"low\": 0.01, \"high\": 0.2, \"log\": true}}"}
{"op_code":5,"worker_id":"ac7e87ea-9472-4c1f-ba87-b7f2ec161eac-139679950972736","trial_id":32,"param_name":"n_estimators","param_value_internal":154.0,"distribution":"{\"name\": \"IntDistribution\", \"attributes\": {\"log\": false, \"step\": 1, \"low\": 50, \"high\": 200}}"}
{"op_code":5,"worker_id":"ac7e87ea-9472-4c1f-ba87-b7f2ec161eac-139679950972736","trial_id":32,"param_name":"max_depth","param_value_internal":3.0,"distribution":"{\"name\": \"IntDistribution\", \"attributes\": {\"log\": false, \"step\": 1, \"low\": 2, \"high\": 5}}"}
{"op_code":6,"worker_id":"ac7e87ea-9472-4c1f-ba87-b7f2ec161eac-139679950972736","trial_id":32,"state":1,"values":[0.7794659463813958],"datetime_complete":"2026-03-20T17:35:29.993643"}
{"op_code":4,"worker_id":"ac7e87ea-9472-4c1f-ba87-b7f2ec161eac-139679950972736","study_id":0,"datetime_start":"2026-03-20T17:35:30.014795"}
{"op_code":5,"worker_id":"ac7e87ea-9472-4c1f-ba87-b7f2ec161eac-139679950972736","trial_id":33,"param_name":"learning_rate","param_value_internal":0.1193898146379255,"distribution":"{\"name\": \"FloatDistribution\", \"attributes\": {\"step\": null, \"low\": 0.01, \"high\": 0.2, \"log\": true}}"}
{"op_code":5,"worker_id":"ac7e87ea-9472-4c1f-ba87-b7f2ec161eac-139679950972736","trial_id":33,"param_name":"n_estimators","param_value_internal":179.0,"distribution":"{\"name\": \"IntDistribution\", \"attributes\": {\"log\": false, \"step\": 1, \"low\": 50, \"high\": 200}}"}
{"op_code":5,"worker_id":"ac7e87ea-9472-4c1f-ba87-b7f2ec161eac-139679950972736","trial_id":33,"param_name":"max_depth","param_value_internal":3.0,"distribution":"{\"name\": \"IntDistribution\", \"attributes\": {\"log\": false, \"step\": 1, \"low\": 2, \"high\": 5}}"}
{"op_code":6,"worker_id":"ac7e87ea-9472-4c1f-ba87-b7f2ec161eac-139679950972736","trial_id":33,"state":1,"values":[0.7815687528876568],"datetime_complete":"2026-03-20T17:36:04.555910"}
{"op_code":4,"worker_id":"ac7e87ea-9472-4c1f-ba87-b7f2ec161eac-139679950972736","study_id":0,"datetime_start":"2026-03-20T17:36:04.576423"}
{"op_code":5,"worker_id":"ac7e87ea-9472-4c1f-ba87-b7f2ec161eac-139679950972736","trial_id":34,"param_name":"learning_rate","param_value_internal":0.06916515097324956,"distribution":"{\"name\": \"FloatDistribution\", \"attributes\": {\"step\": null, \"low\": 0.01, \"high\": 0.2, \"log\": true}}"}
{"op_code":5,"worker_id":"ac7e87ea-9472-4c1f-ba87-b7f2ec161eac-139679950972736","trial_id":34,"param_name":"n_estimators","param_value_internal":198.0,"distribution":"{\"name\": \"IntDistribution\", \"attributes\": {\"log\": false, \"step\": 1, \"low\": 50, \"high\": 200}}"}
{"op_code":5,"worker_id":"ac7e87ea-9472-4c1f-ba87-b7f2ec161eac-139679950972736","trial_id":34,"param_name":"max_depth","param_value_internal":4.0,"distribution":"{\"name\": \"IntDistribution\", \"attributes\": {\"log\": false, \"step\": 1, \"low\": 2, \"high\": 5}}"}
{"op_code":6,"worker_id":"ac7e87ea-9472-4c1f-ba87-b7f2ec161eac-139679950972736","trial_id":34,"state":1,"values":[0.774807193375271],"datetime_complete":"2026-03-20T17:36:43.706322"}
{"op_code":4,"worker_id":"ac7e87ea-9472-4c1f-ba87-b7f2ec161eac-139679950972736","study_id":0,"datetime_start":"2026-03-20T17:36:43.721210"}
{"op_code":5,"worker_id":"ac7e87ea-9472-4c1f-ba87-b7f2ec161eac-139679950972736","trial_id":35,"param_name":"learning_rate","param_value_internal":0.1636532148557408,"distribution":"{\"name\": \"FloatDistribution\", \"attributes\": {\"step\": null, \"low\": 0.01, \"high\": 0.2, \"log\": true}}"}
{"op_code":5,"worker_id":"ac7e87ea-9472-4c1f-ba87-b7f2ec161eac-139679950972736","trial_id":35,"param_name":"n_estimators","param_value_internal":134.0,"distribution":"{\"name\": \"IntDistribution\", \"attributes\": {\"log\": false, \"step\": 1, \"low\": 50, \"high\": 200}}"}
{"op_code":5,"worker_id":"ac7e87ea-9472-4c1f-ba87-b7f2ec161eac-139679950972736","trial_id":35,"param_name":"max_depth","param_value_internal":2.0,"distribution":"{\"name\": \"IntDistribution\", \"attributes\": {\"log\": false, \"step\": 1, \"low\": 2, \"high\": 5}}"}
{"op_code":6,"worker_id":"ac7e87ea-9472-4c1f-ba87-b7f2ec161eac-139679950972736","trial_id":35,"state":1,"values":[0.7833931596592861],"datetime_complete":"2026-03-20T17:37:09.019347"}
{"op_code":4,"worker_id":"ac7e87ea-9472-4c1f-ba87-b7f2ec161eac-139679950972736","study_id":0,"datetime_start":"2026-03-20T17:37:09.043145"}
{"op_code":5,"worker_id":"ac7e87ea-9472-4c1f-ba87-b7f2ec161eac-139679950972736","trial_id":36,"param_name":"learning_rate","param_value_internal":0.07526410530703438,"distribution":"{\"name\": \"FloatDistribution\", \"attributes\": {\"step\": null, \"low\": 0.01, \"high\": 0.2, \"log\": true}}"}
{"op_code":5,"worker_id":"ac7e87ea-9472-4c1f-ba87-b7f2ec161eac-139679950972736","trial_id":36,"param_name":"n_estimators","param_value_internal":54.0,"distribution":"{\"name\": \"IntDistribution\", \"attributes\": {\"log\": false, \"step\": 1, \"low\": 50, \"high\": 200}}"}
{"op_code":5,"worker_id":"ac7e87ea-9472-4c1f-ba87-b7f2ec161eac-139679950972736","trial_id":36,"param_name":"max_depth","param_value_internal":3.0,"distribution":"{\"name\": \"IntDistribution\", \"attributes\": {\"log\": false, \"step\": 1, \"low\": 2, \"high\": 5}}"}
{"op_code":6,"worker_id":"ac7e87ea-9472-4c1f-ba87-b7f2ec161eac-139679950972736","trial_id":36,"state":1,"values":[0.7680870976531494],"datetime_complete":"2026-03-20T17:37:19.579295"}
{"op_code":4,"worker_id":"ac7e87ea-9472-4c1f-ba87-b7f2ec161eac-139679950972736","study_id":0,"datetime_start":"2026-03-20T17:37:19.610127"}
{"op_code":5,"worker_id":"ac7e87ea-9472-4c1f-ba87-b7f2ec161eac-139679950972736","trial_id":37,"param_name":"learning_rate","param_value_internal":0.09563602479762708,"distribution":"{\"name\": \"FloatDistribution\", \"attributes\": {\"step\": null, \"low\": 0.01, \"high\": 0.2, \"log\": true}}"}
{"op_code":5,"worker_id":"ac7e87ea-9472-4c1f-ba87-b7f2ec161eac-139679950972736","trial_id":37,"param_name":"n_estimators","param_value_internal":118.0,"distribution":"{\"name\": \"IntDistribution\", \"attributes\": {\"log\": false, \"step\": 1, \"low\": 50, \"high\": 200}}"}
{"op_code":5,"worker_id":"ac7e87ea-9472-4c1f-ba87-b7f2ec161eac-139679950972736","trial_id":37,"param_name":"max_depth","param_value_internal":3.0,"distribution":"{\"name\": \"IntDistribution\", \"attributes\": {\"log\": false, \"step\": 1, \"low\": 2, \"high\": 5}}"}
{"op_code":6,"worker_id":"ac7e87ea-9472-4c1f-ba87-b7f2ec161eac-139679950972736","trial_id":37,"state":1,"values":[0.7764746300837568],"datetime_complete":"2026-03-20T17:37:42.492858"}
{"op_code":4,"worker_id":"ac7e87ea-9472-4c1f-ba87-b7f2ec161eac-139679950972736","study_id":0,"datetime_start":"2026-03-20T17:37:42.516921"}
{"op_code":5,"worker_id":"ac7e87ea-9472-4c1f-ba87-b7f2ec161eac-139679950972736","trial_id":38,"param_name":"learning_rate","param_value_internal":0.06359110862701332,"distribution":"{\"name\": \"FloatDistribution\", \"attributes\": {\"step\": null, \"low\": 0.01, \"high\": 0.2, \"log\": true}}"}
{"op_code":5,"worker_id":"ac7e87ea-9472-4c1f-ba87-b7f2ec161eac-139679950972736","trial_id":38,"param_name":"n_estimators","param_value_internal":183.0,"distribution":"{\"name\": \"IntDistribution\", \"attributes\": {\"log\": false, \"step\": 1, \"low\": 50, \"high\": 200}}"}
{"op_code":5,"worker_id":"ac7e87ea-9472-4c1f-ba87-b7f2ec161eac-139679950972736","trial_id":38,"param_name":"max_depth","param_value_internal":2.0,"distribution":"{\"name\": \"IntDistribution\", \"attributes\": {\"log\": false, \"step\": 1, \"low\": 2, \"high\": 5}}"}
{"op_code":6,"worker_id":"ac7e87ea-9472-4c1f-ba87-b7f2ec161eac-139679950972736","trial_id":38,"state":1,"values":[0.7773779483716577],"datetime_complete":"2026-03-20T17:38:17.444871"}
{"op_code":4,"worker_id":"ac7e87ea-9472-4c1f-ba87-b7f2ec161eac-139679950972736","study_id":0,"datetime_start":"2026-03-20T17:38:17.467571"}
{"op_code":5,"worker_id":"ac7e87ea-9472-4c1f-ba87-b7f2ec161eac-139679950972736","trial_id":39,"param_name":"learning_rate","param_value_internal":0.15645921242751737,"distribution":"{\"name\": \"FloatDistribution\", \"attributes\": {\"step\": null, \"low\": 0.01, \"high\": 0.2, \"log\": true}}"}
{"op_code":5,"worker_id":"ac7e87ea-9472-4c1f-ba87-b7f2ec161eac-139679950972736","trial_id":39,"param_name":"n_estimators","param_value_internal":166.0,"distribution":"{\"name\": \"IntDistribution\", \"attributes\": {\"log\": false, \"step\": 1, \"low\": 50, \"high\": 200}}"}
{"op_code":5,"worker_id":"ac7e87ea-9472-4c1f-ba87-b7f2ec161eac-139679950972736","trial_id":39,"param_name":"max_depth","param_value_internal":4.0,"distribution":"{\"name\": \"IntDistribution\", \"attributes\": {\"log\": false, \"step\": 1, \"low\": 2, \"high\": 5}}"}
{"op_code":6,"worker_id":"ac7e87ea-9472-4c1f-ba87-b7f2ec161eac-139679950972736","trial_id":39,"state":1,"values":[0.7765397874684579],"datetime_complete":"2026-03-20T17:38:50.356143"}
{"op_code":0,"worker_id":"5ce52b71-dd68-4531-9537-aa95d0df2c20-139679950972736","study_name":"gbsa_tuning","directions":[2]}
{"op_code":4,"worker_id":"5ce52b71-dd68-4531-9537-aa95d0df2c20-139679950972736","study_id":0,"datetime_start":"2026-03-20T17:45:46.471730"}
{"op_code":5,"worker_id":"5ce52b71-dd68-4531-9537-aa95d0df2c20-139679950972736","trial_id":40,"param_name":"learning_rate","param_value_internal":0.1272245299135645,"distribution":"{\"name\": \"FloatDistribution\", \"attributes\": {\"step\": null, \"low\": 0.01, \"high\": 0.2, \"log\": true}}"}
{"op_code":5,"worker_id":"5ce52b71-dd68-4531-9537-aa95d0df2c20-139679950972736","trial_id":40,"param_name":"n_estimators","param_value_internal":152.0,"distribution":"{\"name\": \"IntDistribution\", \"attributes\": {\"log\": false, \"step\": 1, \"low\": 50, \"high\": 200}}"}
{"op_code":5,"worker_id":"5ce52b71-dd68-4531-9537-aa95d0df2c20-139679950972736","trial_id":40,"param_name":"max_depth","param_value_internal":2.0,"distribution":"{\"name\": \"IntDistribution\", \"attributes\": {\"log\": false, \"step\": 1, \"low\": 2, \"high\": 5}}"}
{"op_code":6,"worker_id":"5ce52b71-dd68-4531-9537-aa95d0df2c20-139679950972736","trial_id":40,"state":1,"values":[0.7810327648864546],"datetime_complete":"2026-03-20T17:46:15.751321"}
{"op_code":4,"worker_id":"5ce52b71-dd68-4531-9537-aa95d0df2c20-139679950972736","study_id":0,"datetime_start":"2026-03-20T17:46:15.771726"}
{"op_code":5,"worker_id":"5ce52b71-dd68-4531-9537-aa95d0df2c20-139679950972736","trial_id":41,"param_name":"learning_rate","param_value_internal":0.10216171555366567,"distribution":"{\"name\": \"FloatDistribution\", \"attributes\": {\"step\": null, \"low\": 0.01, \"high\": 0.2, \"log\": true}}"}
{"op_code":5,"worker_id":"5ce52b71-dd68-4531-9537-aa95d0df2c20-139679950972736","trial_id":41,"param_name":"n_estimators","param_value_internal":140.0,"distribution":"{\"name\": \"IntDistribution\", \"attributes\": {\"log\": false, \"step\": 1, \"low\": 50, \"high\": 200}}"}
{"op_code":5,"worker_id":"5ce52b71-dd68-4531-9537-aa95d0df2c20-139679950972736","trial_id":41,"param_name":"max_depth","param_value_internal":3.0,"distribution":"{\"name\": \"IntDistribution\", \"attributes\": {\"log\": false, \"step\": 1, \"low\": 2, \"high\": 5}}"}
{"op_code":6,"worker_id":"5ce52b71-dd68-4531-9537-aa95d0df2c20-139679950972736","trial_id":41,"state":1,"values":[0.7771884052962893],"datetime_complete":"2026-03-20T17:46:43.403109"}
{"op_code":4,"worker_id":"5ce52b71-dd68-4531-9537-aa95d0df2c20-139679950972736","study_id":0,"datetime_start":"2026-03-20T17:46:43.427037"}
{"op_code":5,"worker_id":"5ce52b71-dd68-4531-9537-aa95d0df2c20-139679950972736","trial_id":42,"param_name":"learning_rate","param_value_internal":0.080174355832478,"distribution":"{\"name\": \"FloatDistribution\", \"attributes\": {\"step\": null, \"low\": 0.01, \"high\": 0.2, \"log\": true}}"}
{"op_code":5,"worker_id":"5ce52b71-dd68-4531-9537-aa95d0df2c20-139679950972736","trial_id":42,"param_name":"n_estimators","param_value_internal":145.0,"distribution":"{\"name\": \"IntDistribution\", \"attributes\": {\"log\": false, \"step\": 1, \"low\": 50, \"high\": 200}}"}
{"op_code":5,"worker_id":"5ce52b71-dd68-4531-9537-aa95d0df2c20-139679950972736","trial_id":42,"param_name":"max_depth","param_value_internal":3.0,"distribution":"{\"name\": \"IntDistribution\", \"attributes\": {\"log\": false, \"step\": 1, \"low\": 2, \"high\": 5}}"}
{"op_code":6,"worker_id":"5ce52b71-dd68-4531-9537-aa95d0df2c20-139679950972736","trial_id":42,"state":1,"values":[0.777663550863613],"datetime_complete":"2026-03-20T17:47:12.089535"}
{"op_code":4,"worker_id":"5ce52b71-dd68-4531-9537-aa95d0df2c20-139679950972736","study_id":0,"datetime_start":"2026-03-20T17:47:12.104690"}
{"op_code":5,"worker_id":"5ce52b71-dd68-4531-9537-aa95d0df2c20-139679950972736","trial_id":43,"param_name":"learning_rate","param_value_internal":0.11687904593948321,"distribution":"{\"name\": \"FloatDistribution\", \"attributes\": {\"step\": null, \"low\": 0.01, \"high\": 0.2, \"log\": true}}"}
{"op_code":5,"worker_id":"5ce52b71-dd68-4531-9537-aa95d0df2c20-139679950972736","trial_id":43,"param_name":"n_estimators","param_value_internal":153.0,"distribution":"{\"name\": \"IntDistribution\", \"attributes\": {\"log\": false, \"step\": 1, \"low\": 50, \"high\": 200}}"}
{"op_code":5,"worker_id":"5ce52b71-dd68-4531-9537-aa95d0df2c20-139679950972736","trial_id":43,"param_name":"max_depth","param_value_internal":3.0,"distribution":"{\"name\": \"IntDistribution\", \"attributes\": {\"log\": false, \"step\": 1, \"low\": 2, \"high\": 5}}"}
{"op_code":6,"worker_id":"5ce52b71-dd68-4531-9537-aa95d0df2c20-139679950972736","trial_id":43,"state":1,"values":[0.7773899822036388],"datetime_complete":"2026-03-20T17:47:42.365770"}
{"op_code":4,"worker_id":"5ce52b71-dd68-4531-9537-aa95d0df2c20-139679950972736","study_id":0,"datetime_start":"2026-03-20T17:47:42.440227"}
{"op_code":5,"worker_id":"5ce52b71-dd68-4531-9537-aa95d0df2c20-139679950972736","trial_id":44,"param_name":"learning_rate","param_value_internal":0.08494762822198018,"distribution":"{\"name\": \"FloatDistribution\", \"attributes\": {\"step\": null, \"low\": 0.01, \"high\": 0.2, \"log\": true}}"}
{"op_code":5,"worker_id":"5ce52b71-dd68-4531-9537-aa95d0df2c20-139679950972736","trial_id":44,"param_name":"n_estimators","param_value_internal":175.0,"distribution":"{\"name\": \"IntDistribution\", \"attributes\": {\"log\": false, \"step\": 1, \"low\": 50, \"high\": 200}}"}
{"op_code":5,"worker_id":"5ce52b71-dd68-4531-9537-aa95d0df2c20-139679950972736","trial_id":44,"param_name":"max_depth","param_value_internal":3.0,"distribution":"{\"name\": \"IntDistribution\", \"attributes\": {\"log\": false, \"step\": 1, \"low\": 2, \"high\": 5}}"}
{"op_code":6,"worker_id":"5ce52b71-dd68-4531-9537-aa95d0df2c20-139679950972736","trial_id":44,"state":1,"values":[0.7772143223272342],"datetime_complete":"2026-03-20T17:48:17.605912"}
{"op_code":4,"worker_id":"5ce52b71-dd68-4531-9537-aa95d0df2c20-139679950972736","study_id":0,"datetime_start":"2026-03-20T17:48:17.636275"}
{"op_code":5,"worker_id":"5ce52b71-dd68-4531-9537-aa95d0df2c20-139679950972736","trial_id":45,"param_name":"learning_rate","param_value_internal":0.050172771466471096,"distribution":"{\"name\": \"FloatDistribution\", \"attributes\": {\"step\": null, \"low\": 0.01, \"high\": 0.2, \"log\": true}}"}
{"op_code":5,"worker_id":"5ce52b71-dd68-4531-9537-aa95d0df2c20-139679950972736","trial_id":45,"param_name":"n_estimators","param_value_internal":133.0,"distribution":"{\"name\": \"IntDistribution\", \"attributes\": {\"log\": false, \"step\": 1, \"low\": 50, \"high\": 200}}"}
{"op_code":5,"worker_id":"5ce52b71-dd68-4531-9537-aa95d0df2c20-139679950972736","trial_id":45,"param_name":"max_depth","param_value_internal":3.0,"distribution":"{\"name\": \"IntDistribution\", \"attributes\": {\"log\": false, \"step\": 1, \"low\": 2, \"high\": 5}}"}
{"op_code":6,"worker_id":"5ce52b71-dd68-4531-9537-aa95d0df2c20-139679950972736","trial_id":45,"state":1,"values":[0.7757572092541078],"datetime_complete":"2026-03-20T17:48:44.085230"}
{"op_code":4,"worker_id":"5ce52b71-dd68-4531-9537-aa95d0df2c20-139679950972736","study_id":0,"datetime_start":"2026-03-20T17:48:44.103629"}
{"op_code":5,"worker_id":"5ce52b71-dd68-4531-9537-aa95d0df2c20-139679950972736","trial_id":46,"param_name":"learning_rate","param_value_internal":0.1721533398018976,"distribution":"{\"name\": \"FloatDistribution\", \"attributes\": {\"step\": null, \"low\": 0.01, \"high\": 0.2, \"log\": true}}"}
{"op_code":5,"worker_id":"5ce52b71-dd68-4531-9537-aa95d0df2c20-139679950972736","trial_id":46,"param_name":"n_estimators","param_value_internal":119.0,"distribution":"{\"name\": \"IntDistribution\", \"attributes\": {\"log\": false, \"step\": 1, \"low\": 50, \"high\": 200}}"}
{"op_code":5,"worker_id":"5ce52b71-dd68-4531-9537-aa95d0df2c20-139679950972736","trial_id":46,"param_name":"max_depth","param_value_internal":2.0,"distribution":"{\"name\": \"IntDistribution\", \"attributes\": {\"log\": false, \"step\": 1, \"low\": 2, \"high\": 5}}"}
{"op_code":6,"worker_id":"5ce52b71-dd68-4531-9537-aa95d0df2c20-139679950972736","trial_id":46,"state":1,"values":[0.7793193611739839],"datetime_complete":"2026-03-20T17:49:07.111950"}
{"op_code":4,"worker_id":"5ce52b71-dd68-4531-9537-aa95d0df2c20-139679950972736","study_id":0,"datetime_start":"2026-03-20T17:49:07.125638"}
{"op_code":5,"worker_id":"5ce52b71-dd68-4531-9537-aa95d0df2c20-139679950972736","trial_id":47,"param_name":"learning_rate","param_value_internal":0.10740877975290809,"distribution":"{\"name\": \"FloatDistribution\", \"attributes\": {\"step\": null, \"low\": 0.01, \"high\": 0.2, \"log\": true}}"}
{"op_code":5,"worker_id":"5ce52b71-dd68-4531-9537-aa95d0df2c20-139679950972736","trial_id":47,"param_name":"n_estimators","param_value_internal":161.0,"distribution":"{\"name\": \"IntDistribution\", \"attributes\": {\"log\": false, \"step\": 1, \"low\": 50, \"high\": 200}}"}
{"op_code":5,"worker_id":"5ce52b71-dd68-4531-9537-aa95d0df2c20-139679950972736","trial_id":47,"param_name":"max_depth","param_value_internal":4.0,"distribution":"{\"name\": \"IntDistribution\", \"attributes\": {\"log\": false, \"step\": 1, \"low\": 2, \"high\": 5}}"}
{"op_code":6,"worker_id":"5ce52b71-dd68-4531-9537-aa95d0df2c20-139679950972736","trial_id":47,"state":1,"values":[0.7770674591518796],"datetime_complete":"2026-03-20T17:49:39.797348"}
{"op_code":4,"worker_id":"5ce52b71-dd68-4531-9537-aa95d0df2c20-139679950972736","study_id":0,"datetime_start":"2026-03-20T17:49:39.813394"}
{"op_code":5,"worker_id":"5ce52b71-dd68-4531-9537-aa95d0df2c20-139679950972736","trial_id":48,"param_name":"learning_rate","param_value_internal":0.03986192356012635,"distribution":"{\"name\": \"FloatDistribution\", \"attributes\": {\"step\": null, \"low\": 0.01, \"high\": 0.2, \"log\": true}}"}
{"op_code":5,"worker_id":"5ce52b71-dd68-4531-9537-aa95d0df2c20-139679950972736","trial_id":48,"param_name":"n_estimators","param_value_internal":103.0,"distribution":"{\"name\": \"IntDistribution\", \"attributes\": {\"log\": false, \"step\": 1, \"low\": 50, \"high\": 200}}"}
{"op_code":5,"worker_id":"5ce52b71-dd68-4531-9537-aa95d0df2c20-139679950972736","trial_id":48,"param_name":"max_depth","param_value_internal":3.0,"distribution":"{\"name\": \"IntDistribution\", \"attributes\": {\"log\": false, \"step\": 1, \"low\": 2, \"high\": 5}}"}
{"op_code":6,"worker_id":"5ce52b71-dd68-4531-9537-aa95d0df2c20-139679950972736","trial_id":48,"state":1,"values":[0.7700669811266422],"datetime_complete":"2026-03-20T17:50:00.292301"}
{"op_code":4,"worker_id":"5ce52b71-dd68-4531-9537-aa95d0df2c20-139679950972736","study_id":0,"datetime_start":"2026-03-20T17:50:00.305318"}
{"op_code":5,"worker_id":"5ce52b71-dd68-4531-9537-aa95d0df2c20-139679950972736","trial_id":49,"param_name":"learning_rate","param_value_internal":0.011754755697441737,"distribution":"{\"name\": \"FloatDistribution\", \"attributes\": {\"step\": null, \"low\": 0.01, \"high\": 0.2, \"log\": true}}"}
{"op_code":5,"worker_id":"5ce52b71-dd68-4531-9537-aa95d0df2c20-139679950972736","trial_id":49,"param_name":"n_estimators","param_value_internal":78.0,"distribution":"{\"name\": \"IntDistribution\", \"attributes\": {\"log\": false, \"step\": 1, \"low\": 50, \"high\": 200}}"}
{"op_code":5,"worker_id":"5ce52b71-dd68-4531-9537-aa95d0df2c20-139679950972736","trial_id":49,"param_name":"max_depth","param_value_internal":3.0,"distribution":"{\"name\": \"IntDistribution\", \"attributes\": {\"log\": false, \"step\": 1, \"low\": 2, \"high\": 5}}"}
{"op_code":6,"worker_id":"5ce52b71-dd68-4531-9537-aa95d0df2c20-139679950972736","trial_id":49,"state":1,"values":[0.7564288635093963],"datetime_complete":"2026-03-20T17:50:15.801515"}
{"op_code":0,"worker_id":"c559fb44-1718-4135-a3f9-572c44c0b691-139679950972736","study_name":"gbsa_tuning","directions":[2]}
{"op_code":4,"worker_id":"c559fb44-1718-4135-a3f9-572c44c0b691-139679950972736","study_id":0,"datetime_start":"2026-03-20T17:57:09.416352"}
{"op_code":5,"worker_id":"c559fb44-1718-4135-a3f9-572c44c0b691-139679950972736","trial_id":50,"param_name":"learning_rate","param_value_internal":0.12963115088301233,"distribution":"{\"name\": \"FloatDistribution\", \"attributes\": {\"step\": null, \"low\": 0.01, \"high\": 0.2, \"log\": true}}"}
{"op_code":5,"worker_id":"c559fb44-1718-4135-a3f9-572c44c0b691-139679950972736","trial_id":50,"param_name":"n_estimators","param_value_internal":147.0,"distribution":"{\"name\": \"IntDistribution\", \"attributes\": {\"log\": false, \"step\": 1, \"low\": 50, \"high\": 200}}"}
{"op_code":5,"worker_id":"c559fb44-1718-4135-a3f9-572c44c0b691-139679950972736","trial_id":50,"param_name":"max_depth","param_value_internal":2.0,"distribution":"{\"name\": \"IntDistribution\", \"attributes\": {\"log\": false, \"step\": 1, \"low\": 2, \"high\": 5}}"}
{"op_code":6,"worker_id":"c559fb44-1718-4135-a3f9-572c44c0b691-139679950972736","trial_id":50,"state":1,"values":[0.7688103889427627],"datetime_complete":"2026-03-20T17:57:37.852897"}
{"op_code":4,"worker_id":"c559fb44-1718-4135-a3f9-572c44c0b691-139679950972736","study_id":0,"datetime_start":"2026-03-20T17:57:37.874676"}
{"op_code":5,"worker_id":"c559fb44-1718-4135-a3f9-572c44c0b691-139679950972736","trial_id":51,"param_name":"learning_rate","param_value_internal":0.1756797658718468,"distribution":"{\"name\": \"FloatDistribution\", \"attributes\": {\"step\": null, \"low\": 0.01, \"high\": 0.2, \"log\": true}}"}
{"op_code":5,"worker_id":"c559fb44-1718-4135-a3f9-572c44c0b691-139679950972736","trial_id":51,"param_name":"n_estimators","param_value_internal":129.0,"distribution":"{\"name\": \"IntDistribution\", \"attributes\": {\"log\": false, \"step\": 1, \"low\": 50, \"high\": 200}}"}
{"op_code":5,"worker_id":"c559fb44-1718-4135-a3f9-572c44c0b691-139679950972736","trial_id":51,"param_name":"max_depth","param_value_internal":5.0,"distribution":"{\"name\": \"IntDistribution\", \"attributes\": {\"log\": false, \"step\": 1, \"low\": 2, \"high\": 5}}"}
{"op_code":6,"worker_id":"c559fb44-1718-4135-a3f9-572c44c0b691-139679950972736","trial_id":51,"state":1,"values":[0.7652907431856153],"datetime_complete":"2026-03-20T17:58:04.661215"}
{"op_code":4,"worker_id":"c559fb44-1718-4135-a3f9-572c44c0b691-139679950972736","study_id":0,"datetime_start":"2026-03-20T17:58:04.683695"}
{"op_code":5,"worker_id":"c559fb44-1718-4135-a3f9-572c44c0b691-139679950972736","trial_id":52,"param_name":"learning_rate","param_value_internal":0.14776199820335534,"distribution":"{\"name\": \"FloatDistribution\", \"attributes\": {\"step\": null, \"low\": 0.01, \"high\": 0.2, \"log\": true}}"}
{"op_code":5,"worker_id":"c559fb44-1718-4135-a3f9-572c44c0b691-139679950972736","trial_id":52,"param_name":"n_estimators","param_value_internal":138.0,"distribution":"{\"name\": \"IntDistribution\", \"attributes\": {\"log\": false, \"step\": 1, \"low\": 50, \"high\": 200}}"}
{"op_code":5,"worker_id":"c559fb44-1718-4135-a3f9-572c44c0b691-139679950972736","trial_id":52,"param_name":"max_depth","param_value_internal":5.0,"distribution":"{\"name\": \"IntDistribution\", \"attributes\": {\"log\": false, \"step\": 1, \"low\": 2, \"high\": 5}}"}
{"op_code":6,"worker_id":"c559fb44-1718-4135-a3f9-572c44c0b691-139679950972736","trial_id":52,"state":1,"values":[0.7693156990805108],"datetime_complete":"2026-03-20T17:58:33.334033"}
{"op_code":4,"worker_id":"c559fb44-1718-4135-a3f9-572c44c0b691-139679950972736","study_id":0,"datetime_start":"2026-03-20T17:58:33.370934"}
{"op_code":5,"worker_id":"c559fb44-1718-4135-a3f9-572c44c0b691-139679950972736","trial_id":53,"param_name":"learning_rate","param_value_internal":0.19981555484618008,"distribution":"{\"name\": \"FloatDistribution\", \"attributes\": {\"step\": null, \"low\": 0.01, \"high\": 0.2, \"log\": true}}"}
{"op_code":5,"worker_id":"c559fb44-1718-4135-a3f9-572c44c0b691-139679950972736","trial_id":53,"param_name":"n_estimators","param_value_internal":121.0,"distribution":"{\"name\": \"IntDistribution\", \"attributes\": {\"log\": false, \"step\": 1, \"low\": 50, \"high\": 200}}"}
{"op_code":5,"worker_id":"c559fb44-1718-4135-a3f9-572c44c0b691-139679950972736","trial_id":53,"param_name":"max_depth","param_value_internal":3.0,"distribution":"{\"name\": \"IntDistribution\", \"attributes\": {\"log\": false, \"step\": 1, \"low\": 2, \"high\": 5}}"}
{"op_code":6,"worker_id":"c559fb44-1718-4135-a3f9-572c44c0b691-139679950972736","trial_id":53,"state":1,"values":[0.7702620602633454],"datetime_complete":"2026-03-20T17:58:57.429538"}
{"op_code":4,"worker_id":"c559fb44-1718-4135-a3f9-572c44c0b691-139679950972736","study_id":0,"datetime_start":"2026-03-20T17:58:57.450346"}
{"op_code":5,"worker_id":"c559fb44-1718-4135-a3f9-572c44c0b691-139679950972736","trial_id":54,"param_name":"learning_rate","param_value_internal":0.08936089291472836,"distribution":"{\"name\": \"FloatDistribution\", \"attributes\": {\"step\": null, \"low\": 0.01, \"high\": 0.2, \"log\": true}}"}
{"op_code":5,"worker_id":"c559fb44-1718-4135-a3f9-572c44c0b691-139679950972736","trial_id":54,"param_name":"n_estimators","param_value_internal":127.0,"distribution":"{\"name\": \"IntDistribution\", \"attributes\": {\"log\": false, \"step\": 1, \"low\": 50, \"high\": 200}}"}
{"op_code":5,"worker_id":"c559fb44-1718-4135-a3f9-572c44c0b691-139679950972736","trial_id":54,"param_name":"max_depth","param_value_internal":4.0,"distribution":"{\"name\": \"IntDistribution\", \"attributes\": {\"log\": false, \"step\": 1, \"low\": 2, \"high\": 5}}"}
{"op_code":6,"worker_id":"c559fb44-1718-4135-a3f9-572c44c0b691-139679950972736","trial_id":54,"state":1,"values":[0.766123190522368],"datetime_complete":"2026-03-20T17:59:23.263867"}
{"op_code":4,"worker_id":"c559fb44-1718-4135-a3f9-572c44c0b691-139679950972736","study_id":0,"datetime_start":"2026-03-20T17:59:23.281238"}
{"op_code":5,"worker_id":"c559fb44-1718-4135-a3f9-572c44c0b691-139679950972736","trial_id":55,"param_name":"learning_rate","param_value_internal":0.11960688814132107,"distribution":"{\"name\": \"FloatDistribution\", \"attributes\": {\"step\": null, \"low\": 0.01, \"high\": 0.2, \"log\": true}}"}
{"op_code":5,"worker_id":"c559fb44-1718-4135-a3f9-572c44c0b691-139679950972736","trial_id":55,"param_name":"n_estimators","param_value_internal":90.0,"distribution":"{\"name\": \"IntDistribution\", \"attributes\": {\"log\": false, \"step\": 1, \"low\": 50, \"high\": 200}}"}
{"op_code":5,"worker_id":"c559fb44-1718-4135-a3f9-572c44c0b691-139679950972736","trial_id":55,"param_name":"max_depth","param_value_internal":3.0,"distribution":"{\"name\": \"IntDistribution\", \"attributes\": {\"log\": false, \"step\": 1, \"low\": 2, \"high\": 5}}"}
{"op_code":6,"worker_id":"c559fb44-1718-4135-a3f9-572c44c0b691-139679950972736","trial_id":55,"state":1,"values":[0.7633542078022222],"datetime_complete":"2026-03-20T17:59:41.198651"}
{"op_code":4,"worker_id":"c559fb44-1718-4135-a3f9-572c44c0b691-139679950972736","study_id":0,"datetime_start":"2026-03-20T17:59:41.631931"}
{"op_code":5,"worker_id":"c559fb44-1718-4135-a3f9-572c44c0b691-139679950972736","trial_id":56,"param_name":"learning_rate","param_value_internal":0.136685243451062,"distribution":"{\"name\": \"FloatDistribution\", \"attributes\": {\"step\": null, \"low\": 0.01, \"high\": 0.2, \"log\": true}}"}
{"op_code":5,"worker_id":"c559fb44-1718-4135-a3f9-572c44c0b691-139679950972736","trial_id":56,"param_name":"n_estimators","param_value_internal":143.0,"distribution":"{\"name\": \"IntDistribution\", \"attributes\": {\"log\": false, \"step\": 1, \"low\": 50, \"high\": 200}}"}
{"op_code":5,"worker_id":"c559fb44-1718-4135-a3f9-572c44c0b691-139679950972736","trial_id":56,"param_name":"max_depth","param_value_internal":3.0,"distribution":"{\"name\": \"IntDistribution\", \"attributes\": {\"log\": false, \"step\": 1, \"low\": 2, \"high\": 5}}"}
{"op_code":6,"worker_id":"c559fb44-1718-4135-a3f9-572c44c0b691-139679950972736","trial_id":56,"state":1,"values":[0.7689359862602376],"datetime_complete":"2026-03-20T18:00:10.374153"}
{"op_code":4,"worker_id":"c559fb44-1718-4135-a3f9-572c44c0b691-139679950972736","study_id":0,"datetime_start":"2026-03-20T18:00:10.388901"}
{"op_code":5,"worker_id":"c559fb44-1718-4135-a3f9-572c44c0b691-139679950972736","trial_id":57,"param_name":"learning_rate","param_value_internal":0.16397619369830518,"distribution":"{\"name\": \"FloatDistribution\", \"attributes\": {\"step\": null, \"low\": 0.01, \"high\": 0.2, \"log\": true}}"}
{"op_code":5,"worker_id":"c559fb44-1718-4135-a3f9-572c44c0b691-139679950972736","trial_id":57,"param_name":"n_estimators","param_value_internal":165.0,"distribution":"{\"name\": \"IntDistribution\", \"attributes\": {\"log\": false, \"step\": 1, \"low\": 50, \"high\": 200}}"}
{"op_code":5,"worker_id":"c559fb44-1718-4135-a3f9-572c44c0b691-139679950972736","trial_id":57,"param_name":"max_depth","param_value_internal":4.0,"distribution":"{\"name\": \"IntDistribution\", \"attributes\": {\"log\": false, \"step\": 1, \"low\": 2, \"high\": 5}}"}
{"op_code":6,"worker_id":"c559fb44-1718-4135-a3f9-572c44c0b691-139679950972736","trial_id":57,"state":1,"values":[0.7678552651563832],"datetime_complete":"2026-03-20T18:00:44.025332"}
{"op_code":4,"worker_id":"c559fb44-1718-4135-a3f9-572c44c0b691-139679950972736","study_id":0,"datetime_start":"2026-03-20T18:00:44.048206"}
{"op_code":5,"worker_id":"c559fb44-1718-4135-a3f9-572c44c0b691-139679950972736","trial_id":58,"param_name":"learning_rate","param_value_internal":0.10390656661706628,"distribution":"{\"name\": \"FloatDistribution\", \"attributes\": {\"step\": null, \"low\": 0.01, \"high\": 0.2, \"log\": true}}"}
{"op_code":5,"worker_id":"c559fb44-1718-4135-a3f9-572c44c0b691-139679950972736","trial_id":58,"param_name":"n_estimators","param_value_internal":156.0,"distribution":"{\"name\": \"IntDistribution\", \"attributes\": {\"log\": false, \"step\": 1, \"low\": 50, \"high\": 200}}"}
{"op_code":5,"worker_id":"c559fb44-1718-4135-a3f9-572c44c0b691-139679950972736","trial_id":58,"param_name":"max_depth","param_value_internal":3.0,"distribution":"{\"name\": \"IntDistribution\", \"attributes\": {\"log\": false, \"step\": 1, \"low\": 2, \"high\": 5}}"}
{"op_code":6,"worker_id":"c559fb44-1718-4135-a3f9-572c44c0b691-139679950972736","trial_id":58,"state":1,"values":[0.7670286595553271],"datetime_complete":"2026-03-20T18:01:15.005510"}
{"op_code":4,"worker_id":"c559fb44-1718-4135-a3f9-572c44c0b691-139679950972736","study_id":0,"datetime_start":"2026-03-20T18:01:15.042475"}
{"op_code":5,"worker_id":"c559fb44-1718-4135-a3f9-572c44c0b691-139679950972736","trial_id":59,"param_name":"learning_rate","param_value_internal":0.17987841255036954,"distribution":"{\"name\": \"FloatDistribution\", \"attributes\": {\"step\": null, \"low\": 0.01, \"high\": 0.2, \"log\": true}}"}
{"op_code":5,"worker_id":"c559fb44-1718-4135-a3f9-572c44c0b691-139679950972736","trial_id":59,"param_name":"n_estimators","param_value_internal":172.0,"distribution":"{\"name\": \"IntDistribution\", \"attributes\": {\"log\": false, \"step\": 1, \"low\": 50, \"high\": 200}}"}
{"op_code":5,"worker_id":"c559fb44-1718-4135-a3f9-572c44c0b691-139679950972736","trial_id":59,"param_name":"max_depth","param_value_internal":3.0,"distribution":"{\"name\": \"IntDistribution\", \"attributes\": {\"log\": false, \"step\": 1, \"low\": 2, \"high\": 5}}"}
{"op_code":6,"worker_id":"c559fb44-1718-4135-a3f9-572c44c0b691-139679950972736","trial_id":59,"state":1,"values":[0.7690294540313818],"datetime_complete":"2026-03-20T18:01:49.233644"}
{"op_code":0,"worker_id":"c7e005c3-a39e-4d40-bdc1-e30b6c0794e1-139679950972736","study_name":"gbsa_tuning","directions":[2]}
{"op_code":4,"worker_id":"c7e005c3-a39e-4d40-bdc1-e30b6c0794e1-139679950972736","study_id":0,"datetime_start":"2026-03-20T18:11:01.757938"}
{"op_code":5,"worker_id":"c7e005c3-a39e-4d40-bdc1-e30b6c0794e1-139679950972736","trial_id":60,"param_name":"learning_rate","param_value_internal":0.03259151052796089,"distribution":"{\"name\": \"FloatDistribution\", \"attributes\": {\"step\": null, \"low\": 0.01, \"high\": 0.2, \"log\": true}}"}
{"op_code":5,"worker_id":"c7e005c3-a39e-4d40-bdc1-e30b6c0794e1-139679950972736","trial_id":60,"param_name":"n_estimators","param_value_internal":151.0,"distribution":"{\"name\": \"IntDistribution\", \"attributes\": {\"log\": false, \"step\": 1, \"low\": 50, \"high\": 200}}"}
{"op_code":5,"worker_id":"c7e005c3-a39e-4d40-bdc1-e30b6c0794e1-139679950972736","trial_id":60,"param_name":"max_depth","param_value_internal":4.0,"distribution":"{\"name\": \"IntDistribution\", \"attributes\": {\"log\": false, \"step\": 1, \"low\": 2, \"high\": 5}}"}
{"op_code":6,"worker_id":"c7e005c3-a39e-4d40-bdc1-e30b6c0794e1-139679950972736","trial_id":60,"state":1,"values":[0.7680220573677897],"datetime_complete":"2026-03-20T18:11:31.662792"}
{"op_code":4,"worker_id":"c7e005c3-a39e-4d40-bdc1-e30b6c0794e1-139679950972736","study_id":0,"datetime_start":"2026-03-20T18:11:31.682065"}
{"op_code":5,"worker_id":"c7e005c3-a39e-4d40-bdc1-e30b6c0794e1-139679950972736","trial_id":61,"param_name":"learning_rate","param_value_internal":0.15520778485124834,"distribution":"{\"name\": \"FloatDistribution\", \"attributes\": {\"step\": null, \"low\": 0.01, \"high\": 0.2, \"log\": true}}"}
{"op_code":5,"worker_id":"c7e005c3-a39e-4d40-bdc1-e30b6c0794e1-139679950972736","trial_id":61,"param_name":"n_estimators","param_value_internal":133.0,"distribution":"{\"name\": \"IntDistribution\", \"attributes\": {\"log\": false, \"step\": 1, \"low\": 50, \"high\": 200}}"}
{"op_code":5,"worker_id":"c7e005c3-a39e-4d40-bdc1-e30b6c0794e1-139679950972736","trial_id":61,"param_name":"max_depth","param_value_internal":2.0,"distribution":"{\"name\": \"IntDistribution\", \"attributes\": {\"log\": false, \"step\": 1, \"low\": 2, \"high\": 5}}"}
{"op_code":6,"worker_id":"c7e005c3-a39e-4d40-bdc1-e30b6c0794e1-139679950972736","trial_id":61,"state":1,"values":[0.7847310375347922],"datetime_complete":"2026-03-20T18:11:56.845219"}
{"op_code":4,"worker_id":"c7e005c3-a39e-4d40-bdc1-e30b6c0794e1-139679950972736","study_id":0,"datetime_start":"2026-03-20T18:11:56.862086"}
{"op_code":5,"worker_id":"c7e005c3-a39e-4d40-bdc1-e30b6c0794e1-139679950972736","trial_id":62,"param_name":"learning_rate","param_value_internal":0.1493867650642772,"distribution":"{\"name\": \"FloatDistribution\", \"attributes\": {\"step\": null, \"low\": 0.01, \"high\": 0.2, \"log\": true}}"}
{"op_code":5,"worker_id":"c7e005c3-a39e-4d40-bdc1-e30b6c0794e1-139679950972736","trial_id":62,"param_name":"n_estimators","param_value_internal":132.0,"distribution":"{\"name\": \"IntDistribution\", \"attributes\": {\"log\": false, \"step\": 1, \"low\": 50, \"high\": 200}}"}
{"op_code":5,"worker_id":"c7e005c3-a39e-4d40-bdc1-e30b6c0794e1-139679950972736","trial_id":62,"param_name":"max_depth","param_value_internal":2.0,"distribution":"{\"name\": \"IntDistribution\", \"attributes\": {\"log\": false, \"step\": 1, \"low\": 2, \"high\": 5}}"}
{"op_code":6,"worker_id":"c7e005c3-a39e-4d40-bdc1-e30b6c0794e1-139679950972736","trial_id":62,"state":1,"values":[0.7841254498235644],"datetime_complete":"2026-03-20T18:12:21.866602"}
{"op_code":4,"worker_id":"c7e005c3-a39e-4d40-bdc1-e30b6c0794e1-139679950972736","study_id":0,"datetime_start":"2026-03-20T18:12:21.885486"}
{"op_code":5,"worker_id":"c7e005c3-a39e-4d40-bdc1-e30b6c0794e1-139679950972736","trial_id":63,"param_name":"learning_rate","param_value_internal":0.14738244181052798,"distribution":"{\"name\": \"FloatDistribution\", \"attributes\": {\"step\": null, \"low\": 0.01, \"high\": 0.2, \"log\": true}}"}
{"op_code":5,"worker_id":"c7e005c3-a39e-4d40-bdc1-e30b6c0794e1-139679950972736","trial_id":63,"param_name":"n_estimators","param_value_internal":139.0,"distribution":"{\"name\": \"IntDistribution\", \"attributes\": {\"log\": false, \"step\": 1, \"low\": 50, \"high\": 200}}"}
{"op_code":5,"worker_id":"c7e005c3-a39e-4d40-bdc1-e30b6c0794e1-139679950972736","trial_id":63,"param_name":"max_depth","param_value_internal":2.0,"distribution":"{\"name\": \"IntDistribution\", \"attributes\": {\"log\": false, \"step\": 1, \"low\": 2, \"high\": 5}}"}
{"op_code":6,"worker_id":"c7e005c3-a39e-4d40-bdc1-e30b6c0794e1-139679950972736","trial_id":63,"state":1,"values":[0.7843292533802275],"datetime_complete":"2026-03-20T18:12:48.161858"}
{"op_code":4,"worker_id":"c7e005c3-a39e-4d40-bdc1-e30b6c0794e1-139679950972736","study_id":0,"datetime_start":"2026-03-20T18:12:48.188919"}
{"op_code":5,"worker_id":"c7e005c3-a39e-4d40-bdc1-e30b6c0794e1-139679950972736","trial_id":64,"param_name":"learning_rate","param_value_internal":0.12490926609388343,"distribution":"{\"name\": \"FloatDistribution\", \"attributes\": {\"step\": null, \"low\": 0.01, \"high\": 0.2, \"log\": true}}"}
{"op_code":5,"worker_id":"c7e005c3-a39e-4d40-bdc1-e30b6c0794e1-139679950972736","trial_id":64,"param_name":"n_estimators","param_value_internal":139.0,"distribution":"{\"name\": \"IntDistribution\", \"attributes\": {\"log\": false, \"step\": 1, \"low\": 50, \"high\": 200}}"}
{"op_code":5,"worker_id":"c7e005c3-a39e-4d40-bdc1-e30b6c0794e1-139679950972736","trial_id":64,"param_name":"max_depth","param_value_internal":2.0,"distribution":"{\"name\": \"IntDistribution\", \"attributes\": {\"log\": false, \"step\": 1, \"low\": 2, \"high\": 5}}"}
{"op_code":6,"worker_id":"c7e005c3-a39e-4d40-bdc1-e30b6c0794e1-139679950972736","trial_id":64,"state":1,"values":[0.7815429676127034],"datetime_complete":"2026-03-20T18:13:14.492233"}
{"op_code":4,"worker_id":"c7e005c3-a39e-4d40-bdc1-e30b6c0794e1-139679950972736","study_id":0,"datetime_start":"2026-03-20T18:13:14.516261"}
{"op_code":5,"worker_id":"c7e005c3-a39e-4d40-bdc1-e30b6c0794e1-139679950972736","trial_id":65,"param_name":"learning_rate","param_value_internal":0.13649748595896352,"distribution":"{\"name\": \"FloatDistribution\", \"attributes\": {\"step\": null, \"low\": 0.01, \"high\": 0.2, \"log\": true}}"}
{"op_code":5,"worker_id":"c7e005c3-a39e-4d40-bdc1-e30b6c0794e1-139679950972736","trial_id":65,"param_name":"n_estimators","param_value_internal":144.0,"distribution":"{\"name\": \"IntDistribution\", \"attributes\": {\"log\": false, \"step\": 1, \"low\": 50, \"high\": 200}}"}
{"op_code":5,"worker_id":"c7e005c3-a39e-4d40-bdc1-e30b6c0794e1-139679950972736","trial_id":65,"param_name":"max_depth","param_value_internal":2.0,"distribution":"{\"name\": \"IntDistribution\", \"attributes\": {\"log\": false, \"step\": 1, \"low\": 2, \"high\": 5}}"}
{"op_code":6,"worker_id":"c7e005c3-a39e-4d40-bdc1-e30b6c0794e1-139679950972736","trial_id":65,"state":1,"values":[0.7843583681740366],"datetime_complete":"2026-03-20T18:13:41.780730"}
{"op_code":4,"worker_id":"c7e005c3-a39e-4d40-bdc1-e30b6c0794e1-139679950972736","study_id":0,"datetime_start":"2026-03-20T18:13:41.807323"}
{"op_code":5,"worker_id":"c7e005c3-a39e-4d40-bdc1-e30b6c0794e1-139679950972736","trial_id":66,"param_name":"learning_rate","param_value_internal":0.11405027137228023,"distribution":"{\"name\": \"FloatDistribution\", \"attributes\": {\"step\": null, \"low\": 0.01, \"high\": 0.2, \"log\": true}}"}
{"op_code":5,"worker_id":"c7e005c3-a39e-4d40-bdc1-e30b6c0794e1-139679950972736","trial_id":66,"param_name":"n_estimators","param_value_internal":148.0,"distribution":"{\"name\": \"IntDistribution\", \"attributes\": {\"log\": false, \"step\": 1, \"low\": 50, \"high\": 200}}"}
{"op_code":5,"worker_id":"c7e005c3-a39e-4d40-bdc1-e30b6c0794e1-139679950972736","trial_id":66,"param_name":"max_depth","param_value_internal":2.0,"distribution":"{\"name\": \"IntDistribution\", \"attributes\": {\"log\": false, \"step\": 1, \"low\": 2, \"high\": 5}}"}
{"op_code":6,"worker_id":"c7e005c3-a39e-4d40-bdc1-e30b6c0794e1-139679950972736","trial_id":66,"state":1,"values":[0.7820612109425041],"datetime_complete":"2026-03-20T18:14:09.856323"}
{"op_code":4,"worker_id":"c7e005c3-a39e-4d40-bdc1-e30b6c0794e1-139679950972736","study_id":0,"datetime_start":"2026-03-20T18:14:09.878740"}
{"op_code":5,"worker_id":"c7e005c3-a39e-4d40-bdc1-e30b6c0794e1-139679950972736","trial_id":67,"param_name":"learning_rate","param_value_internal":0.09324614349771132,"distribution":"{\"name\": \"FloatDistribution\", \"attributes\": {\"step\": null, \"low\": 0.01, \"high\": 0.2, \"log\": true}}"}
{"op_code":5,"worker_id":"c7e005c3-a39e-4d40-bdc1-e30b6c0794e1-139679950972736","trial_id":67,"param_name":"n_estimators","param_value_internal":160.0,"distribution":"{\"name\": \"IntDistribution\", \"attributes\": {\"log\": false, \"step\": 1, \"low\": 50, \"high\": 200}}"}
{"op_code":5,"worker_id":"c7e005c3-a39e-4d40-bdc1-e30b6c0794e1-139679950972736","trial_id":67,"param_name":"max_depth","param_value_internal":2.0,"distribution":"{\"name\": \"IntDistribution\", \"attributes\": {\"log\": false, \"step\": 1, \"low\": 2, \"high\": 5}}"}
{"op_code":6,"worker_id":"c7e005c3-a39e-4d40-bdc1-e30b6c0794e1-139679950972736","trial_id":67,"state":1,"values":[0.7799154506387785],"datetime_complete":"2026-03-20T18:14:40.101836"}
{"op_code":4,"worker_id":"c7e005c3-a39e-4d40-bdc1-e30b6c0794e1-139679950972736","study_id":0,"datetime_start":"2026-03-20T18:14:40.132221"}
{"op_code":5,"worker_id":"c7e005c3-a39e-4d40-bdc1-e30b6c0794e1-139679950972736","trial_id":68,"param_name":"learning_rate","param_value_internal":0.06302372948881388,"distribution":"{\"name\": \"FloatDistribution\", \"attributes\": {\"step\": null, \"low\": 0.01, \"high\": 0.2, \"log\": true}}"}
{"op_code":5,"worker_id":"c7e005c3-a39e-4d40-bdc1-e30b6c0794e1-139679950972736","trial_id":68,"param_name":"n_estimators","param_value_internal":124.0,"distribution":"{\"name\": \"IntDistribution\", \"attributes\": {\"log\": false, \"step\": 1, \"low\": 50, \"high\": 200}}"}
{"op_code":5,"worker_id":"c7e005c3-a39e-4d40-bdc1-e30b6c0794e1-139679950972736","trial_id":68,"param_name":"max_depth","param_value_internal":2.0,"distribution":"{\"name\": \"IntDistribution\", \"attributes\": {\"log\": false, \"step\": 1, \"low\": 2, \"high\": 5}}"}
{"op_code":6,"worker_id":"c7e005c3-a39e-4d40-bdc1-e30b6c0794e1-139679950972736","trial_id":68,"state":1,"values":[0.7715769736918723],"datetime_complete":"2026-03-20T18:15:03.591979"}
{"op_code":4,"worker_id":"c7e005c3-a39e-4d40-bdc1-e30b6c0794e1-139679950972736","study_id":0,"datetime_start":"2026-03-20T18:15:03.634830"}
{"op_code":5,"worker_id":"c7e005c3-a39e-4d40-bdc1-e30b6c0794e1-139679950972736","trial_id":69,"param_name":"learning_rate","param_value_internal":0.13485350408588628,"distribution":"{\"name\": \"FloatDistribution\", \"attributes\": {\"step\": null, \"low\": 0.01, \"high\": 0.2, \"log\": true}}"}
{"op_code":5,"worker_id":"c7e005c3-a39e-4d40-bdc1-e30b6c0794e1-139679950972736","trial_id":69,"param_name":"n_estimators","param_value_internal":157.0,"distribution":"{\"name\": \"IntDistribution\", \"attributes\": {\"log\": false, \"step\": 1, \"low\": 50, \"high\": 200}}"}
{"op_code":5,"worker_id":"c7e005c3-a39e-4d40-bdc1-e30b6c0794e1-139679950972736","trial_id":69,"param_name":"max_depth","param_value_internal":3.0,"distribution":"{\"name\": \"IntDistribution\", \"attributes\": {\"log\": false, \"step\": 1, \"low\": 2, \"high\": 5}}"}
{"op_code":6,"worker_id":"c7e005c3-a39e-4d40-bdc1-e30b6c0794e1-139679950972736","trial_id":69,"state":1,"values":[0.7846145783595561],"datetime_complete":"2026-03-20T18:15:34.026000"}
{"op_code":0,"worker_id":"df4d0b7b-e41e-41d8-8fad-587c9427f921-139679950972736","study_name":"gbsa_tuning","directions":[2]}
{"op_code":4,"worker_id":"df4d0b7b-e41e-41d8-8fad-587c9427f921-139679950972736","study_id":0,"datetime_start":"2026-03-20T18:23:36.581892"}
{"op_code":5,"worker_id":"df4d0b7b-e41e-41d8-8fad-587c9427f921-139679950972736","trial_id":70,"param_name":"learning_rate","param_value_internal":0.08168021161994639,"distribution":"{\"name\": \"FloatDistribution\", \"attributes\": {\"step\": null, \"low\": 0.01, \"high\": 0.2, \"log\": true}}"}
{"op_code":5,"worker_id":"df4d0b7b-e41e-41d8-8fad-587c9427f921-139679950972736","trial_id":70,"param_name":"n_estimators","param_value_internal":156.0,"distribution":"{\"name\": \"IntDistribution\", \"attributes\": {\"log\": false, \"step\": 1, \"low\": 50, \"high\": 200}}"}
{"op_code":5,"worker_id":"df4d0b7b-e41e-41d8-8fad-587c9427f921-139679950972736","trial_id":70,"param_name":"max_depth","param_value_internal":3.0,"distribution":"{\"name\": \"IntDistribution\", \"attributes\": {\"log\": false, \"step\": 1, \"low\": 2, \"high\": 5}}"}
{"op_code":6,"worker_id":"df4d0b7b-e41e-41d8-8fad-587c9427f921-139679950972736","trial_id":70,"state":1,"values":[0.7941597061005672],"datetime_complete":"2026-03-20T18:24:06.726663"}
{"op_code":4,"worker_id":"df4d0b7b-e41e-41d8-8fad-587c9427f921-139679950972736","study_id":0,"datetime_start":"2026-03-20T18:24:06.749102"}
{"op_code":5,"worker_id":"df4d0b7b-e41e-41d8-8fad-587c9427f921-139679950972736","trial_id":71,"param_name":"learning_rate","param_value_internal":0.08375266188954271,"distribution":"{\"name\": \"FloatDistribution\", \"attributes\": {\"step\": null, \"low\": 0.01, \"high\": 0.2, \"log\": true}}"}
{"op_code":5,"worker_id":"df4d0b7b-e41e-41d8-8fad-587c9427f921-139679950972736","trial_id":71,"param_name":"n_estimators","param_value_internal":164.0,"distribution":"{\"name\": \"IntDistribution\", \"attributes\": {\"log\": false, \"step\": 1, \"low\": 50, \"high\": 200}}"}
{"op_code":5,"worker_id":"df4d0b7b-e41e-41d8-8fad-587c9427f921-139679950972736","trial_id":71,"param_name":"max_depth","param_value_internal":3.0,"distribution":"{\"name\": \"IntDistribution\", \"attributes\": {\"log\": false, \"step\": 1, \"low\": 2, \"high\": 5}}"}
{"op_code":6,"worker_id":"df4d0b7b-e41e-41d8-8fad-587c9427f921-139679950972736","trial_id":71,"state":1,"values":[0.7943451882344494],"datetime_complete":"2026-03-20T18:24:38.455627"}
{"op_code":4,"worker_id":"df4d0b7b-e41e-41d8-8fad-587c9427f921-139679950972736","study_id":0,"datetime_start":"2026-03-20T18:24:38.853911"}
{"op_code":5,"worker_id":"df4d0b7b-e41e-41d8-8fad-587c9427f921-139679950972736","trial_id":72,"param_name":"learning_rate","param_value_internal":0.07299223360267879,"distribution":"{\"name\": \"FloatDistribution\", \"attributes\": {\"step\": null, \"low\": 0.01, \"high\": 0.2, \"log\": true}}"}
{"op_code":5,"worker_id":"df4d0b7b-e41e-41d8-8fad-587c9427f921-139679950972736","trial_id":72,"param_name":"n_estimators","param_value_internal":165.0,"distribution":"{\"name\": \"IntDistribution\", \"attributes\": {\"log\": false, \"step\": 1, \"low\": 50, \"high\": 200}}"}
{"op_code":5,"worker_id":"df4d0b7b-e41e-41d8-8fad-587c9427f921-139679950972736","trial_id":72,"param_name":"max_depth","param_value_internal":3.0,"distribution":"{\"name\": \"IntDistribution\", \"attributes\": {\"log\": false, \"step\": 1, \"low\": 2, \"high\": 5}}"}
{"op_code":6,"worker_id":"df4d0b7b-e41e-41d8-8fad-587c9427f921-139679950972736","trial_id":72,"state":1,"values":[0.7929780054088984],"datetime_complete":"2026-03-20T18:25:10.764103"}
{"op_code":4,"worker_id":"df4d0b7b-e41e-41d8-8fad-587c9427f921-139679950972736","study_id":0,"datetime_start":"2026-03-20T18:25:10.791342"}
{"op_code":5,"worker_id":"df4d0b7b-e41e-41d8-8fad-587c9427f921-139679950972736","trial_id":73,"param_name":"learning_rate","param_value_internal":0.07372074355657002,"distribution":"{\"name\": \"FloatDistribution\", \"attributes\": {\"step\": null, \"low\": 0.01, \"high\": 0.2, \"log\": true}}"}
{"op_code":5,"worker_id":"df4d0b7b-e41e-41d8-8fad-587c9427f921-139679950972736","trial_id":73,"param_name":"n_estimators","param_value_internal":164.0,"distribution":"{\"name\": \"IntDistribution\", \"attributes\": {\"log\": false, \"step\": 1, \"low\": 50, \"high\": 200}}"}
{"op_code":5,"worker_id":"df4d0b7b-e41e-41d8-8fad-587c9427f921-139679950972736","trial_id":73,"param_name":"max_depth","param_value_internal":3.0,"distribution":"{\"name\": \"IntDistribution\", \"attributes\": {\"log\": false, \"step\": 1, \"low\": 2, \"high\": 5}}"}
{"op_code":6,"worker_id":"df4d0b7b-e41e-41d8-8fad-587c9427f921-139679950972736","trial_id":73,"state":1,"values":[0.7922330852260488],"datetime_complete":"2026-03-20T18:25:42.431084"}
{"op_code":4,"worker_id":"df4d0b7b-e41e-41d8-8fad-587c9427f921-139679950972736","study_id":0,"datetime_start":"2026-03-20T18:25:42.448607"}
{"op_code":5,"worker_id":"df4d0b7b-e41e-41d8-8fad-587c9427f921-139679950972736","trial_id":74,"param_name":"learning_rate","param_value_internal":0.07099071207232299,"distribution":"{\"name\": \"FloatDistribution\", \"attributes\": {\"step\": null, \"low\": 0.01, \"high\": 0.2, \"log\": true}}"}
{"op_code":5,"worker_id":"df4d0b7b-e41e-41d8-8fad-587c9427f921-139679950972736","trial_id":74,"param_name":"n_estimators","param_value_internal":171.0,"distribution":"{\"name\": \"IntDistribution\", \"attributes\": {\"log\": false, \"step\": 1, \"low\": 50, \"high\": 200}}"}
{"op_code":5,"worker_id":"df4d0b7b-e41e-41d8-8fad-587c9427f921-139679950972736","trial_id":74,"param_name":"max_depth","param_value_internal":3.0,"distribution":"{\"name\": \"IntDistribution\", \"attributes\": {\"log\": false, \"step\": 1, \"low\": 2, \"high\": 5}}"}
{"op_code":6,"worker_id":"df4d0b7b-e41e-41d8-8fad-587c9427f921-139679950972736","trial_id":74,"state":1,"values":[0.7923288179403106],"datetime_complete":"2026-03-20T18:26:15.531611"}
{"op_code":4,"worker_id":"df4d0b7b-e41e-41d8-8fad-587c9427f921-139679950972736","study_id":0,"datetime_start":"2026-03-20T18:26:15.551750"}
{"op_code":5,"worker_id":"df4d0b7b-e41e-41d8-8fad-587c9427f921-139679950972736","trial_id":75,"param_name":"learning_rate","param_value_internal":0.07336693791751286,"distribution":"{\"name\": \"FloatDistribution\", \"attributes\": {\"step\": null, \"low\": 0.01, \"high\": 0.2, \"log\": true}}"}
{"op_code":5,"worker_id":"df4d0b7b-e41e-41d8-8fad-587c9427f921-139679950972736","trial_id":75,"param_name":"n_estimators","param_value_internal":171.0,"distribution":"{\"name\": \"IntDistribution\", \"attributes\": {\"log\": false, \"step\": 1, \"low\": 50, \"high\": 200}}"}
{"op_code":5,"worker_id":"df4d0b7b-e41e-41d8-8fad-587c9427f921-139679950972736","trial_id":75,"param_name":"max_depth","param_value_internal":3.0,"distribution":"{\"name\": \"IntDistribution\", \"attributes\": {\"log\": false, \"step\": 1, \"low\": 2, \"high\": 5}}"}
{"op_code":6,"worker_id":"df4d0b7b-e41e-41d8-8fad-587c9427f921-139679950972736","trial_id":75,"state":1,"values":[0.7943332216451667],"datetime_complete":"2026-03-20T18:26:48.536944"}
{"op_code":4,"worker_id":"df4d0b7b-e41e-41d8-8fad-587c9427f921-139679950972736","study_id":0,"datetime_start":"2026-03-20T18:26:48.556235"}
{"op_code":5,"worker_id":"df4d0b7b-e41e-41d8-8fad-587c9427f921-139679950972736","trial_id":76,"param_name":"learning_rate","param_value_internal":0.07276620385391228,"distribution":"{\"name\": \"FloatDistribution\", \"attributes\": {\"step\": null, \"low\": 0.01, \"high\": 0.2, \"log\": true}}"}
{"op_code":5,"worker_id":"df4d0b7b-e41e-41d8-8fad-587c9427f921-139679950972736","trial_id":76,"param_name":"n_estimators","param_value_internal":190.0,"distribution":"{\"name\": \"IntDistribution\", \"attributes\": {\"log\": false, \"step\": 1, \"low\": 50, \"high\": 200}}"}
{"op_code":5,"worker_id":"df4d0b7b-e41e-41d8-8fad-587c9427f921-139679950972736","trial_id":76,"param_name":"max_depth","param_value_internal":3.0,"distribution":"{\"name\": \"IntDistribution\", \"attributes\": {\"log\": false, \"step\": 1, \"low\": 2, \"high\": 5}}"}
{"op_code":6,"worker_id":"df4d0b7b-e41e-41d8-8fad-587c9427f921-139679950972736","trial_id":76,"state":1,"values":[0.7939772156140057],"datetime_complete":"2026-03-20T18:27:25.328156"}
{"op_code":4,"worker_id":"df4d0b7b-e41e-41d8-8fad-587c9427f921-139679950972736","study_id":0,"datetime_start":"2026-03-20T18:27:25.345227"}
{"op_code":5,"worker_id":"df4d0b7b-e41e-41d8-8fad-587c9427f921-139679950972736","trial_id":77,"param_name":"learning_rate","param_value_internal":0.06986704417419957,"distribution":"{\"name\": \"FloatDistribution\", \"attributes\": {\"step\": null, \"low\": 0.01, \"high\": 0.2, \"log\": true}}"}
{"op_code":5,"worker_id":"df4d0b7b-e41e-41d8-8fad-587c9427f921-139679950972736","trial_id":77,"param_name":"n_estimators","param_value_internal":189.0,"distribution":"{\"name\": \"IntDistribution\", \"attributes\": {\"log\": false, \"step\": 1, \"low\": 50, \"high\": 200}}"}
{"op_code":5,"worker_id":"df4d0b7b-e41e-41d8-8fad-587c9427f921-139679950972736","trial_id":77,"param_name":"max_depth","param_value_internal":3.0,"distribution":"{\"name\": \"IntDistribution\", \"attributes\": {\"log\": false, \"step\": 1, \"low\": 2, \"high\": 5}}"}
{"op_code":6,"worker_id":"df4d0b7b-e41e-41d8-8fad-587c9427f921-139679950972736","trial_id":77,"state":1,"values":[0.7937977167747648],"datetime_complete":"2026-03-20T18:28:01.901052"}
{"op_code":4,"worker_id":"df4d0b7b-e41e-41d8-8fad-587c9427f921-139679950972736","study_id":0,"datetime_start":"2026-03-20T18:28:01.918966"}
{"op_code":5,"worker_id":"df4d0b7b-e41e-41d8-8fad-587c9427f921-139679950972736","trial_id":78,"param_name":"learning_rate","param_value_internal":0.0547578776280462,"distribution":"{\"name\": \"FloatDistribution\", \"attributes\": {\"step\": null, \"low\": 0.01, \"high\": 0.2, \"log\": true}}"}
{"op_code":5,"worker_id":"df4d0b7b-e41e-41d8-8fad-587c9427f921-139679950972736","trial_id":78,"param_name":"n_estimators","param_value_internal":186.0,"distribution":"{\"name\": \"IntDistribution\", \"attributes\": {\"log\": false, \"step\": 1, \"low\": 50, \"high\": 200}}"}
{"op_code":5,"worker_id":"df4d0b7b-e41e-41d8-8fad-587c9427f921-139679950972736","trial_id":78,"param_name":"max_depth","param_value_internal":3.0,"distribution":"{\"name\": \"IntDistribution\", \"attributes\": {\"log\": false, \"step\": 1, \"low\": 2, \"high\": 5}}"}
{"op_code":6,"worker_id":"df4d0b7b-e41e-41d8-8fad-587c9427f921-139679950972736","trial_id":78,"state":1,"values":[0.7916407390565541],"datetime_complete":"2026-03-20T18:28:37.877001"}
{"op_code":4,"worker_id":"df4d0b7b-e41e-41d8-8fad-587c9427f921-139679950972736","study_id":0,"datetime_start":"2026-03-20T18:28:37.940565"}
{"op_code":5,"worker_id":"df4d0b7b-e41e-41d8-8fad-587c9427f921-139679950972736","trial_id":79,"param_name":"learning_rate","param_value_internal":0.0701544760317421,"distribution":"{\"name\": \"FloatDistribution\", \"attributes\": {\"step\": null, \"low\": 0.01, \"high\": 0.2, \"log\": true}}"}
{"op_code":5,"worker_id":"df4d0b7b-e41e-41d8-8fad-587c9427f921-139679950972736","trial_id":79,"param_name":"n_estimators","param_value_internal":193.0,"distribution":"{\"name\": \"IntDistribution\", \"attributes\": {\"log\": false, \"step\": 1, \"low\": 50, \"high\": 200}}"}
{"op_code":5,"worker_id":"df4d0b7b-e41e-41d8-8fad-587c9427f921-139679950972736","trial_id":79,"param_name":"max_depth","param_value_internal":3.0,"distribution":"{\"name\": \"IntDistribution\", \"attributes\": {\"log\": false, \"step\": 1, \"low\": 2, \"high\": 5}}"}
{"op_code":6,"worker_id":"df4d0b7b-e41e-41d8-8fad-587c9427f921-139679950972736","trial_id":79,"state":1,"values":[0.7935045353373381],"datetime_complete":"2026-03-20T18:29:15.460307"}
{"op_code":0,"worker_id":"4a184193-a132-4eaf-9513-7f7206ec4ecd-139679950972736","study_name":"gbsa_tuning","directions":[2]}
{"op_code":4,"worker_id":"4a184193-a132-4eaf-9513-7f7206ec4ecd-139679950972736","study_id":0,"datetime_start":"2026-03-20T18:36:26.788489"}
{"op_code":5,"worker_id":"4a184193-a132-4eaf-9513-7f7206ec4ecd-139679950972736","trial_id":80,"param_name":"learning_rate","param_value_internal":0.06794238481694881,"distribution":"{\"name\": \"FloatDistribution\", \"attributes\": {\"step\": null, \"low\": 0.01, \"high\": 0.2, \"log\": true}}"}
{"op_code":5,"worker_id":"4a184193-a132-4eaf-9513-7f7206ec4ecd-139679950972736","trial_id":80,"param_name":"n_estimators","param_value_internal":192.0,"distribution":"{\"name\": \"IntDistribution\", \"attributes\": {\"log\": false, \"step\": 1, \"low\": 50, \"high\": 200}}"}
{"op_code":5,"worker_id":"4a184193-a132-4eaf-9513-7f7206ec4ecd-139679950972736","trial_id":80,"param_name":"max_depth","param_value_internal":3.0,"distribution":"{\"name\": \"IntDistribution\", \"attributes\": {\"log\": false, \"step\": 1, \"low\": 2, \"high\": 5}}"}
{"op_code":6,"worker_id":"4a184193-a132-4eaf-9513-7f7206ec4ecd-139679950972736","trial_id":80,"state":1,"values":[0.7742361484510255],"datetime_complete":"2026-03-20T18:37:03.824258"}
{"op_code":4,"worker_id":"4a184193-a132-4eaf-9513-7f7206ec4ecd-139679950972736","study_id":0,"datetime_start":"2026-03-20T18:37:03.850221"}
{"op_code":5,"worker_id":"4a184193-a132-4eaf-9513-7f7206ec4ecd-139679950972736","trial_id":81,"param_name":"learning_rate","param_value_internal":0.0785173975934242,"distribution":"{\"name\": \"FloatDistribution\", \"attributes\": {\"step\": null, \"low\": 0.01, \"high\": 0.2, \"log\": true}}"}
{"op_code":5,"worker_id":"4a184193-a132-4eaf-9513-7f7206ec4ecd-139679950972736","trial_id":81,"param_name":"n_estimators","param_value_internal":200.0,"distribution":"{\"name\": \"IntDistribution\", \"attributes\": {\"log\": false, \"step\": 1, \"low\": 50, \"high\": 200}}"}
{"op_code":5,"worker_id":"4a184193-a132-4eaf-9513-7f7206ec4ecd-139679950972736","trial_id":81,"param_name":"max_depth","param_value_internal":3.0,"distribution":"{\"name\": \"IntDistribution\", \"attributes\": {\"log\": false, \"step\": 1, \"low\": 2, \"high\": 5}}"}
{"op_code":6,"worker_id":"4a184193-a132-4eaf-9513-7f7206ec4ecd-139679950972736","trial_id":81,"state":1,"values":[0.7763721556833155],"datetime_complete":"2026-03-20T18:37:42.134629"}
{"op_code":4,"worker_id":"4a184193-a132-4eaf-9513-7f7206ec4ecd-139679950972736","study_id":0,"datetime_start":"2026-03-20T18:37:42.166335"}
{"op_code":5,"worker_id":"4a184193-a132-4eaf-9513-7f7206ec4ecd-139679950972736","trial_id":82,"param_name":"learning_rate","param_value_internal":0.07293252710697323,"distribution":"{\"name\": \"FloatDistribution\", \"attributes\": {\"step\": null, \"low\": 0.01, \"high\": 0.2, \"log\": true}}"}
{"op_code":5,"worker_id":"4a184193-a132-4eaf-9513-7f7206ec4ecd-139679950972736","trial_id":82,"param_name":"n_estimators","param_value_internal":188.0,"distribution":"{\"name\": \"IntDistribution\", \"attributes\": {\"log\": false, \"step\": 1, \"low\": 50, \"high\": 200}}"}
{"op_code":5,"worker_id":"4a184193-a132-4eaf-9513-7f7206ec4ecd-139679950972736","trial_id":82,"param_name":"max_depth","param_value_internal":3.0,"distribution":"{\"name\": \"IntDistribution\", \"attributes\": {\"log\": false, \"step\": 1, \"low\": 2, \"high\": 5}}"}
{"op_code":6,"worker_id":"4a184193-a132-4eaf-9513-7f7206ec4ecd-139679950972736","trial_id":82,"state":1,"values":[0.774971785796586],"datetime_complete":"2026-03-20T18:38:18.482086"}
{"op_code":4,"worker_id":"4a184193-a132-4eaf-9513-7f7206ec4ecd-139679950972736","study_id":0,"datetime_start":"2026-03-20T18:38:18.500170"}
{"op_code":5,"worker_id":"4a184193-a132-4eaf-9513-7f7206ec4ecd-139679950972736","trial_id":83,"param_name":"learning_rate","param_value_internal":0.060941778497388716,"distribution":"{\"name\": \"FloatDistribution\", \"attributes\": {\"step\": null, \"low\": 0.01, \"high\": 0.2, \"log\": true}}"}
{"op_code":5,"worker_id":"4a184193-a132-4eaf-9513-7f7206ec4ecd-139679950972736","trial_id":83,"param_name":"n_estimators","param_value_internal":177.0,"distribution":"{\"name\": \"IntDistribution\", \"attributes\": {\"log\": false, \"step\": 1, \"low\": 50, \"high\": 200}}"}
{"op_code":5,"worker_id":"4a184193-a132-4eaf-9513-7f7206ec4ecd-139679950972736","trial_id":83,"param_name":"max_depth","param_value_internal":3.0,"distribution":"{\"name\": \"IntDistribution\", \"attributes\": {\"log\": false, \"step\": 1, \"low\": 2, \"high\": 5}}"}
{"op_code":6,"worker_id":"4a184193-a132-4eaf-9513-7f7206ec4ecd-139679950972736","trial_id":83,"state":1,"values":[0.7737191342523384],"datetime_complete":"2026-03-20T18:38:52.692007"}
{"op_code":4,"worker_id":"4a184193-a132-4eaf-9513-7f7206ec4ecd-139679950972736","study_id":0,"datetime_start":"2026-03-20T18:38:52.710031"}
{"op_code":5,"worker_id":"4a184193-a132-4eaf-9513-7f7206ec4ecd-139679950972736","trial_id":84,"param_name":"learning_rate","param_value_internal":0.04917546327305398,"distribution":"{\"name\": \"FloatDistribution\", \"attributes\": {\"step\": null, \"low\": 0.01, \"high\": 0.2, \"log\": true}}"}
{"op_code":5,"worker_id":"4a184193-a132-4eaf-9513-7f7206ec4ecd-139679950972736","trial_id":84,"param_name":"n_estimators","param_value_internal":172.0,"distribution":"{\"name\": \"IntDistribution\", \"attributes\": {\"log\": false, \"step\": 1, \"low\": 50, \"high\": 200}}"}
{"op_code":5,"worker_id":"4a184193-a132-4eaf-9513-7f7206ec4ecd-139679950972736","trial_id":84,"param_name":"max_depth","param_value_internal":3.0,"distribution":"{\"name\": \"IntDistribution\", \"attributes\": {\"log\": false, \"step\": 1, \"low\": 2, \"high\": 5}}"}
{"op_code":6,"worker_id":"4a184193-a132-4eaf-9513-7f7206ec4ecd-139679950972736","trial_id":84,"state":1,"values":[0.7705136462204785],"datetime_complete":"2026-03-20T18:39:25.934548"}
{"op_code":4,"worker_id":"4a184193-a132-4eaf-9513-7f7206ec4ecd-139679950972736","study_id":0,"datetime_start":"2026-03-20T18:39:25.984684"}
{"op_code":5,"worker_id":"4a184193-a132-4eaf-9513-7f7206ec4ecd-139679950972736","trial_id":85,"param_name":"learning_rate","param_value_internal":0.0839477748195745,"distribution":"{\"name\": \"FloatDistribution\", \"attributes\": {\"step\": null, \"low\": 0.01, \"high\": 0.2, \"log\": true}}"}
{"op_code":5,"worker_id":"4a184193-a132-4eaf-9513-7f7206ec4ecd-139679950972736","trial_id":85,"param_name":"n_estimators","param_value_internal":185.0,"distribution":"{\"name\": \"IntDistribution\", \"attributes\": {\"log\": false, \"step\": 1, \"low\": 50, \"high\": 200}}"}
{"op_code":5,"worker_id":"4a184193-a132-4eaf-9513-7f7206ec4ecd-139679950972736","trial_id":85,"param_name":"max_depth","param_value_internal":3.0,"distribution":"{\"name\": \"IntDistribution\", \"attributes\": {\"log\": false, \"step\": 1, \"low\": 2, \"high\": 5}}"}
{"op_code":6,"worker_id":"4a184193-a132-4eaf-9513-7f7206ec4ecd-139679950972736","trial_id":85,"state":1,"values":[0.7764401061208572],"datetime_complete":"2026-03-20T18:40:01.825485"}
{"op_code":4,"worker_id":"4a184193-a132-4eaf-9513-7f7206ec4ecd-139679950972736","study_id":0,"datetime_start":"2026-03-20T18:40:01.847717"}
{"op_code":5,"worker_id":"4a184193-a132-4eaf-9513-7f7206ec4ecd-139679950972736","trial_id":86,"param_name":"learning_rate","param_value_internal":0.0720305881044495,"distribution":"{\"name\": \"FloatDistribution\", \"attributes\": {\"step\": null, \"low\": 0.01, \"high\": 0.2, \"log\": true}}"}
{"op_code":5,"worker_id":"4a184193-a132-4eaf-9513-7f7206ec4ecd-139679950972736","trial_id":86,"param_name":"n_estimators","param_value_internal":196.0,"distribution":"{\"name\": \"IntDistribution\", \"attributes\": {\"log\": false, \"step\": 1, \"low\": 50, \"high\": 200}}"}
{"op_code":5,"worker_id":"4a184193-a132-4eaf-9513-7f7206ec4ecd-139679950972736","trial_id":86,"param_name":"max_depth","param_value_internal":3.0,"distribution":"{\"name\": \"IntDistribution\", \"attributes\": {\"log\": false, \"step\": 1, \"low\": 2, \"high\": 5}}"}
{"op_code":6,"worker_id":"4a184193-a132-4eaf-9513-7f7206ec4ecd-139679950972736","trial_id":86,"state":1,"values":[0.7763780644170147],"datetime_complete":"2026-03-20T18:40:39.797323"}
{"op_code":4,"worker_id":"4a184193-a132-4eaf-9513-7f7206ec4ecd-139679950972736","study_id":0,"datetime_start":"2026-03-20T18:40:39.886415"}
{"op_code":5,"worker_id":"4a184193-a132-4eaf-9513-7f7206ec4ecd-139679950972736","trial_id":87,"param_name":"learning_rate","param_value_internal":0.056107445750933335,"distribution":"{\"name\": \"FloatDistribution\", \"attributes\": {\"step\": null, \"low\": 0.01, \"high\": 0.2, \"log\": true}}"}
{"op_code":5,"worker_id":"4a184193-a132-4eaf-9513-7f7206ec4ecd-139679950972736","trial_id":87,"param_name":"n_estimators","param_value_internal":181.0,"distribution":"{\"name\": \"IntDistribution\", \"attributes\": {\"log\": false, \"step\": 1, \"low\": 50, \"high\": 200}}"}
{"op_code":5,"worker_id":"4a184193-a132-4eaf-9513-7f7206ec4ecd-139679950972736","trial_id":87,"param_name":"max_depth","param_value_internal":3.0,"distribution":"{\"name\": \"IntDistribution\", \"attributes\": {\"log\": false, \"step\": 1, \"low\": 2, \"high\": 5}}"}
{"op_code":6,"worker_id":"4a184193-a132-4eaf-9513-7f7206ec4ecd-139679950972736","trial_id":87,"state":1,"values":[0.7731282608824103],"datetime_complete":"2026-03-20T18:41:14.966406"}
{"op_code":4,"worker_id":"4a184193-a132-4eaf-9513-7f7206ec4ecd-139679950972736","study_id":0,"datetime_start":"2026-03-20T18:41:14.988762"}
{"op_code":5,"worker_id":"4a184193-a132-4eaf-9513-7f7206ec4ecd-139679950972736","trial_id":88,"param_name":"learning_rate","param_value_internal":0.04368425278642105,"distribution":"{\"name\": \"FloatDistribution\", \"attributes\": {\"step\": null, \"low\": 0.01, \"high\": 0.2, \"log\": true}}"}
{"op_code":5,"worker_id":"4a184193-a132-4eaf-9513-7f7206ec4ecd-139679950972736","trial_id":88,"param_name":"n_estimators","param_value_internal":192.0,"distribution":"{\"name\": \"IntDistribution\", \"attributes\": {\"log\": false, \"step\": 1, \"low\": 50, \"high\": 200}}"}
{"op_code":5,"worker_id":"4a184193-a132-4eaf-9513-7f7206ec4ecd-139679950972736","trial_id":88,"param_name":"max_depth","param_value_internal":3.0,"distribution":"{\"name\": \"IntDistribution\", \"attributes\": {\"log\": false, \"step\": 1, \"low\": 2, \"high\": 5}}"}
{"op_code":6,"worker_id":"4a184193-a132-4eaf-9513-7f7206ec4ecd-139679950972736","trial_id":88,"state":1,"values":[0.7712729185008361],"datetime_complete":"2026-03-20T18:41:52.096335"}
{"op_code":4,"worker_id":"4a184193-a132-4eaf-9513-7f7206ec4ecd-139679950972736","study_id":0,"datetime_start":"2026-03-20T18:41:52.125437"}
{"op_code":5,"worker_id":"4a184193-a132-4eaf-9513-7f7206ec4ecd-139679950972736","trial_id":89,"param_name":"learning_rate","param_value_internal":0.06679190518929243,"distribution":"{\"name\": \"FloatDistribution\", \"attributes\": {\"step\": null, \"low\": 0.01, \"high\": 0.2, \"log\": true}}"}
{"op_code":5,"worker_id":"4a184193-a132-4eaf-9513-7f7206ec4ecd-139679950972736","trial_id":89,"param_name":"n_estimators","param_value_internal":166.0,"distribution":"{\"name\": \"IntDistribution\", \"attributes\": {\"log\": false, \"step\": 1, \"low\": 50, \"high\": 200}}"}
{"op_code":5,"worker_id":"4a184193-a132-4eaf-9513-7f7206ec4ecd-139679950972736","trial_id":89,"param_name":"max_depth","param_value_internal":3.0,"distribution":"{\"name\": \"IntDistribution\", \"attributes\": {\"log\": false, \"step\": 1, \"low\": 2, \"high\": 5}}"}
{"op_code":6,"worker_id":"4a184193-a132-4eaf-9513-7f7206ec4ecd-139679950972736","trial_id":89,"state":1,"values":[0.7733941538988779],"datetime_complete":"2026-03-20T18:42:24.256277"}
{"op_code":0,"worker_id":"238e5a28-d26a-4645-b9c5-bd2a1edfff04-139679950972736","study_name":"gbsa_tuning","directions":[2]}
{"op_code":4,"worker_id":"238e5a28-d26a-4645-b9c5-bd2a1edfff04-139679950972736","study_id":0,"datetime_start":"2026-03-20T18:49:53.015402"}
{"op_code":5,"worker_id":"238e5a28-d26a-4645-b9c5-bd2a1edfff04-139679950972736","trial_id":90,"param_name":"learning_rate","param_value_internal":0.07595916426475133,"distribution":"{\"name\": \"FloatDistribution\", \"attributes\": {\"step\": null, \"low\": 0.01, \"high\": 0.2, \"log\": true}}"}
{"op_code":5,"worker_id":"238e5a28-d26a-4645-b9c5-bd2a1edfff04-139679950972736","trial_id":90,"param_name":"n_estimators","param_value_internal":176.0,"distribution":"{\"name\": \"IntDistribution\", \"attributes\": {\"log\": false, \"step\": 1, \"low\": 50, \"high\": 200}}"}
{"op_code":5,"worker_id":"238e5a28-d26a-4645-b9c5-bd2a1edfff04-139679950972736","trial_id":90,"param_name":"max_depth","param_value_internal":3.0,"distribution":"{\"name\": \"IntDistribution\", \"attributes\": {\"log\": false, \"step\": 1, \"low\": 2, \"high\": 5}}"}
{"op_code":6,"worker_id":"238e5a28-d26a-4645-b9c5-bd2a1edfff04-139679950972736","trial_id":90,"state":1,"values":[0.7763954408274488],"datetime_complete":"2026-03-20T18:50:26.664001"}
{"op_code":4,"worker_id":"238e5a28-d26a-4645-b9c5-bd2a1edfff04-139679950972736","study_id":0,"datetime_start":"2026-03-20T18:50:26.686618"}
{"op_code":5,"worker_id":"238e5a28-d26a-4645-b9c5-bd2a1edfff04-139679950972736","trial_id":91,"param_name":"learning_rate","param_value_internal":0.053101099047209624,"distribution":"{\"name\": \"FloatDistribution\", \"attributes\": {\"step\": null, \"low\": 0.01, \"high\": 0.2, \"log\": true}}"}
{"op_code":5,"worker_id":"238e5a28-d26a-4645-b9c5-bd2a1edfff04-139679950972736","trial_id":91,"param_name":"n_estimators","param_value_internal":186.0,"distribution":"{\"name\": \"IntDistribution\", \"attributes\": {\"log\": false, \"step\": 1, \"low\": 50, \"high\": 200}}"}
{"op_code":5,"worker_id":"238e5a28-d26a-4645-b9c5-bd2a1edfff04-139679950972736","trial_id":91,"param_name":"max_depth","param_value_internal":3.0,"distribution":"{\"name\": \"IntDistribution\", \"attributes\": {\"log\": false, \"step\": 1, \"low\": 2, \"high\": 5}}"}
{"op_code":6,"worker_id":"238e5a28-d26a-4645-b9c5-bd2a1edfff04-139679950972736","trial_id":91,"state":1,"values":[0.7735620733100882],"datetime_complete":"2026-03-20T18:51:02.342098"}
{"op_code":4,"worker_id":"238e5a28-d26a-4645-b9c5-bd2a1edfff04-139679950972736","study_id":0,"datetime_start":"2026-03-20T18:51:02.363393"}
{"op_code":5,"worker_id":"238e5a28-d26a-4645-b9c5-bd2a1edfff04-139679950972736","trial_id":92,"param_name":"learning_rate","param_value_internal":0.05990177431908163,"distribution":"{\"name\": \"FloatDistribution\", \"attributes\": {\"step\": null, \"low\": 0.01, \"high\": 0.2, \"log\": true}}"}
{"op_code":5,"worker_id":"238e5a28-d26a-4645-b9c5-bd2a1edfff04-139679950972736","trial_id":92,"param_name":"n_estimators","param_value_internal":169.0,"distribution":"{\"name\": \"IntDistribution\", \"attributes\": {\"log\": false, \"step\": 1, \"low\": 50, \"high\": 200}}"}
{"op_code":5,"worker_id":"238e5a28-d26a-4645-b9c5-bd2a1edfff04-139679950972736","trial_id":92,"param_name":"max_depth","param_value_internal":3.0,"distribution":"{\"name\": \"IntDistribution\", \"attributes\": {\"log\": false, \"step\": 1, \"low\": 2, \"high\": 5}}"}
{"op_code":6,"worker_id":"238e5a28-d26a-4645-b9c5-bd2a1edfff04-139679950972736","trial_id":92,"state":1,"values":[0.7744703917489525],"datetime_complete":"2026-03-20T18:51:34.686930"}
{"op_code":4,"worker_id":"238e5a28-d26a-4645-b9c5-bd2a1edfff04-139679950972736","study_id":0,"datetime_start":"2026-03-20T18:51:34.702460"}
{"op_code":5,"worker_id":"238e5a28-d26a-4645-b9c5-bd2a1edfff04-139679950972736","trial_id":93,"param_name":"learning_rate","param_value_internal":0.08180234807586496,"distribution":"{\"name\": \"FloatDistribution\", \"attributes\": {\"step\": null, \"low\": 0.01, \"high\": 0.2, \"log\": true}}"}
{"op_code":5,"worker_id":"238e5a28-d26a-4645-b9c5-bd2a1edfff04-139679950972736","trial_id":93,"param_name":"n_estimators","param_value_internal":195.0,"distribution":"{\"name\": \"IntDistribution\", \"attributes\": {\"log\": false, \"step\": 1, \"low\": 50, \"high\": 200}}"}
{"op_code":5,"worker_id":"238e5a28-d26a-4645-b9c5-bd2a1edfff04-139679950972736","trial_id":93,"param_name":"max_depth","param_value_internal":3.0,"distribution":"{\"name\": \"IntDistribution\", \"attributes\": {\"log\": false, \"step\": 1, \"low\": 2, \"high\": 5}}"}
{"op_code":6,"worker_id":"238e5a28-d26a-4645-b9c5-bd2a1edfff04-139679950972736","trial_id":93,"state":1,"values":[0.7784406223446336],"datetime_complete":"2026-03-20T18:52:11.887518"}
{"op_code":4,"worker_id":"238e5a28-d26a-4645-b9c5-bd2a1edfff04-139679950972736","study_id":0,"datetime_start":"2026-03-20T18:52:11.930671"}
{"op_code":5,"worker_id":"238e5a28-d26a-4645-b9c5-bd2a1edfff04-139679950972736","trial_id":94,"param_name":"learning_rate","param_value_internal":0.05306483372802533,"distribution":"{\"name\": \"FloatDistribution\", \"attributes\": {\"step\": null, \"low\": 0.01, \"high\": 0.2, \"log\": true}}"}
{"op_code":5,"worker_id":"238e5a28-d26a-4645-b9c5-bd2a1edfff04-139679950972736","trial_id":94,"param_name":"n_estimators","param_value_internal":187.0,"distribution":"{\"name\": \"IntDistribution\", \"attributes\": {\"log\": false, \"step\": 1, \"low\": 50, \"high\": 200}}"}
{"op_code":5,"worker_id":"238e5a28-d26a-4645-b9c5-bd2a1edfff04-139679950972736","trial_id":94,"param_name":"max_depth","param_value_internal":3.0,"distribution":"{\"name\": \"IntDistribution\", \"attributes\": {\"log\": false, \"step\": 1, \"low\": 2, \"high\": 5}}"}
{"op_code":6,"worker_id":"238e5a28-d26a-4645-b9c5-bd2a1edfff04-139679950972736","trial_id":94,"state":1,"values":[0.7746960063289284],"datetime_complete":"2026-03-20T18:52:47.647978"}
{"op_code":4,"worker_id":"238e5a28-d26a-4645-b9c5-bd2a1edfff04-139679950972736","study_id":0,"datetime_start":"2026-03-20T18:52:47.663663"}
{"op_code":5,"worker_id":"238e5a28-d26a-4645-b9c5-bd2a1edfff04-139679950972736","trial_id":95,"param_name":"learning_rate","param_value_internal":0.06986366414967178,"distribution":"{\"name\": \"FloatDistribution\", \"attributes\": {\"step\": null, \"low\": 0.01, \"high\": 0.2, \"log\": true}}"}
{"op_code":5,"worker_id":"238e5a28-d26a-4645-b9c5-bd2a1edfff04-139679950972736","trial_id":95,"param_name":"n_estimators","param_value_internal":182.0,"distribution":"{\"name\": \"IntDistribution\", \"attributes\": {\"log\": false, \"step\": 1, \"low\": 50, \"high\": 200}}"}
{"op_code":5,"worker_id":"238e5a28-d26a-4645-b9c5-bd2a1edfff04-139679950972736","trial_id":95,"param_name":"max_depth","param_value_internal":3.0,"distribution":"{\"name\": \"IntDistribution\", \"attributes\": {\"log\": false, \"step\": 1, \"low\": 2, \"high\": 5}}"}
{"op_code":6,"worker_id":"238e5a28-d26a-4645-b9c5-bd2a1edfff04-139679950972736","trial_id":95,"state":1,"values":[0.7774649125377245],"datetime_complete":"2026-03-20T18:53:22.331620"}
{"op_code":4,"worker_id":"238e5a28-d26a-4645-b9c5-bd2a1edfff04-139679950972736","study_id":0,"datetime_start":"2026-03-20T18:53:22.346300"}
{"op_code":5,"worker_id":"238e5a28-d26a-4645-b9c5-bd2a1edfff04-139679950972736","trial_id":96,"param_name":"learning_rate","param_value_internal":0.06533122084286115,"distribution":"{\"name\": \"FloatDistribution\", \"attributes\": {\"step\": null, \"low\": 0.01, \"high\": 0.2, \"log\": true}}"}
{"op_code":5,"worker_id":"238e5a28-d26a-4645-b9c5-bd2a1edfff04-139679950972736","trial_id":96,"param_name":"n_estimators","param_value_internal":190.0,"distribution":"{\"name\": \"IntDistribution\", \"attributes\": {\"log\": false, \"step\": 1, \"low\": 50, \"high\": 200}}"}
{"op_code":5,"worker_id":"238e5a28-d26a-4645-b9c5-bd2a1edfff04-139679950972736","trial_id":96,"param_name":"max_depth","param_value_internal":3.0,"distribution":"{\"name\": \"IntDistribution\", \"attributes\": {\"log\": false, \"step\": 1, \"low\": 2, \"high\": 5}}"}
{"op_code":6,"worker_id":"238e5a28-d26a-4645-b9c5-bd2a1edfff04-139679950972736","trial_id":96,"state":1,"values":[0.7762987488646019],"datetime_complete":"2026-03-20T18:53:58.539497"}
{"op_code":4,"worker_id":"238e5a28-d26a-4645-b9c5-bd2a1edfff04-139679950972736","study_id":0,"datetime_start":"2026-03-20T18:53:58.556157"}
{"op_code":5,"worker_id":"238e5a28-d26a-4645-b9c5-bd2a1edfff04-139679950972736","trial_id":97,"param_name":"learning_rate","param_value_internal":0.058481433447355555,"distribution":"{\"name\": \"FloatDistribution\", \"attributes\": {\"step\": null, \"low\": 0.01, \"high\": 0.2, \"log\": true}}"}
{"op_code":5,"worker_id":"238e5a28-d26a-4645-b9c5-bd2a1edfff04-139679950972736","trial_id":97,"param_name":"n_estimators","param_value_internal":174.0,"distribution":"{\"name\": \"IntDistribution\", \"attributes\": {\"log\": false, \"step\": 1, \"low\": 50, \"high\": 200}}"}
{"op_code":5,"worker_id":"238e5a28-d26a-4645-b9c5-bd2a1edfff04-139679950972736","trial_id":97,"param_name":"max_depth","param_value_internal":3.0,"distribution":"{\"name\": \"IntDistribution\", \"attributes\": {\"log\": false, \"step\": 1, \"low\": 2, \"high\": 5}}"}
{"op_code":6,"worker_id":"238e5a28-d26a-4645-b9c5-bd2a1edfff04-139679950972736","trial_id":97,"state":1,"values":[0.7740367429458818],"datetime_complete":"2026-03-20T18:54:31.812741"}
{"op_code":4,"worker_id":"238e5a28-d26a-4645-b9c5-bd2a1edfff04-139679950972736","study_id":0,"datetime_start":"2026-03-20T18:54:31.831663"}
{"op_code":5,"worker_id":"238e5a28-d26a-4645-b9c5-bd2a1edfff04-139679950972736","trial_id":98,"param_name":"learning_rate","param_value_internal":0.08911976139442757,"distribution":"{\"name\": \"FloatDistribution\", \"attributes\": {\"step\": null, \"low\": 0.01, \"high\": 0.2, \"log\": true}}"}
{"op_code":5,"worker_id":"238e5a28-d26a-4645-b9c5-bd2a1edfff04-139679950972736","trial_id":98,"param_name":"n_estimators","param_value_internal":163.0,"distribution":"{\"name\": \"IntDistribution\", \"attributes\": {\"log\": false, \"step\": 1, \"low\": 50, \"high\": 200}}"}
{"op_code":5,"worker_id":"238e5a28-d26a-4645-b9c5-bd2a1edfff04-139679950972736","trial_id":98,"param_name":"max_depth","param_value_internal":3.0,"distribution":"{\"name\": \"IntDistribution\", \"attributes\": {\"log\": false, \"step\": 1, \"low\": 2, \"high\": 5}}"}
{"op_code":6,"worker_id":"238e5a28-d26a-4645-b9c5-bd2a1edfff04-139679950972736","trial_id":98,"state":1,"values":[0.7781944973482962],"datetime_complete":"2026-03-20T18:55:03.025074"}
{"op_code":4,"worker_id":"238e5a28-d26a-4645-b9c5-bd2a1edfff04-139679950972736","study_id":0,"datetime_start":"2026-03-20T18:55:03.046414"}
{"op_code":5,"worker_id":"238e5a28-d26a-4645-b9c5-bd2a1edfff04-139679950972736","trial_id":99,"param_name":"learning_rate","param_value_internal":0.07483791822487595,"distribution":"{\"name\": \"FloatDistribution\", \"attributes\": {\"step\": null, \"low\": 0.01, \"high\": 0.2, \"log\": true}}"}
{"op_code":5,"worker_id":"238e5a28-d26a-4645-b9c5-bd2a1edfff04-139679950972736","trial_id":99,"param_name":"n_estimators","param_value_internal":179.0,"distribution":"{\"name\": \"IntDistribution\", \"attributes\": {\"log\": false, \"step\": 1, \"low\": 50, \"high\": 200}}"}
{"op_code":5,"worker_id":"238e5a28-d26a-4645-b9c5-bd2a1edfff04-139679950972736","trial_id":99,"param_name":"max_depth","param_value_internal":3.0,"distribution":"{\"name\": \"IntDistribution\", \"attributes\": {\"log\": false, \"step\": 1, \"low\": 2, \"high\": 5}}"}
{"op_code":6,"worker_id":"238e5a28-d26a-4645-b9c5-bd2a1edfff04-139679950972736","trial_id":99,"state":1,"values":[0.7780392041958452],"datetime_complete":"2026-03-20T18:55:37.252164"}
{"op_code":0,"worker_id":"12396f4f-cf60-45e7-9605-c613afd615f9-139679950972736","study_name":"gbsa_tuning","directions":[2]}
{"op_code":4,"worker_id":"12396f4f-cf60-45e7-9605-c613afd615f9-139679950972736","study_id":0,"datetime_start":"2026-03-20T19:02:36.144009"}
{"op_code":5,"worker_id":"12396f4f-cf60-45e7-9605-c613afd615f9-139679950972736","trial_id":100,"param_name":"learning_rate","param_value_internal":0.04551628442046832,"distribution":"{\"name\": \"FloatDistribution\", \"attributes\": {\"step\": null, \"low\": 0.01, \"high\": 0.2, \"log\": true}}"}
{"op_code":5,"worker_id":"12396f4f-cf60-45e7-9605-c613afd615f9-139679950972736","trial_id":100,"param_name":"n_estimators","param_value_internal":170.0,"distribution":"{\"name\": \"IntDistribution\", \"attributes\": {\"log\": false, \"step\": 1, \"low\": 50, \"high\": 200}}"}
{"op_code":5,"worker_id":"12396f4f-cf60-45e7-9605-c613afd615f9-139679950972736","trial_id":100,"param_name":"max_depth","param_value_internal":3.0,"distribution":"{\"name\": \"IntDistribution\", \"attributes\": {\"log\": false, \"step\": 1, \"low\": 2, \"high\": 5}}"}
{"op_code":6,"worker_id":"12396f4f-cf60-45e7-9605-c613afd615f9-139679950972736","trial_id":100,"state":1,"values":[0.7857747128046255],"datetime_complete":"2026-03-20T19:03:08.916432"}
{"op_code":4,"worker_id":"12396f4f-cf60-45e7-9605-c613afd615f9-139679950972736","study_id":0,"datetime_start":"2026-03-20T19:03:08.942293"}
{"op_code":5,"worker_id":"12396f4f-cf60-45e7-9605-c613afd615f9-139679950972736","trial_id":101,"param_name":"learning_rate","param_value_internal":0.09717069678684445,"distribution":"{\"name\": \"FloatDistribution\", \"attributes\": {\"step\": null, \"low\": 0.01, \"high\": 0.2, \"log\": true}}"}
{"op_code":5,"worker_id":"12396f4f-cf60-45e7-9605-c613afd615f9-139679950972736","trial_id":101,"param_name":"n_estimators","param_value_internal":163.0,"distribution":"{\"name\": \"IntDistribution\", \"attributes\": {\"log\": false, \"step\": 1, \"low\": 50, \"high\": 200}}"}
{"op_code":5,"worker_id":"12396f4f-cf60-45e7-9605-c613afd615f9-139679950972736","trial_id":101,"param_name":"max_depth","param_value_internal":3.0,"distribution":"{\"name\": \"IntDistribution\", \"attributes\": {\"log\": false, \"step\": 1, \"low\": 2, \"high\": 5}}"}
{"op_code":6,"worker_id":"12396f4f-cf60-45e7-9605-c613afd615f9-139679950972736","trial_id":101,"state":1,"values":[0.7906784753703348],"datetime_complete":"2026-03-20T19:03:40.384155"}
{"op_code":4,"worker_id":"12396f4f-cf60-45e7-9605-c613afd615f9-139679950972736","study_id":0,"datetime_start":"2026-03-20T19:03:40.406771"}
{"op_code":5,"worker_id":"12396f4f-cf60-45e7-9605-c613afd615f9-139679950972736","trial_id":102,"param_name":"learning_rate","param_value_internal":0.09827023604024761,"distribution":"{\"name\": \"FloatDistribution\", \"attributes\": {\"step\": null, \"low\": 0.01, \"high\": 0.2, \"log\": true}}"}
{"op_code":5,"worker_id":"12396f4f-cf60-45e7-9605-c613afd615f9-139679950972736","trial_id":102,"param_name":"n_estimators","param_value_internal":164.0,"distribution":"{\"name\": \"IntDistribution\", \"attributes\": {\"log\": false, \"step\": 1, \"low\": 50, \"high\": 200}}"}
{"op_code":5,"worker_id":"12396f4f-cf60-45e7-9605-c613afd615f9-139679950972736","trial_id":102,"param_name":"max_depth","param_value_internal":3.0,"distribution":"{\"name\": \"IntDistribution\", \"attributes\": {\"log\": false, \"step\": 1, \"low\": 2, \"high\": 5}}"}
{"op_code":6,"worker_id":"12396f4f-cf60-45e7-9605-c613afd615f9-139679950972736","trial_id":102,"state":1,"values":[0.7913902648206815],"datetime_complete":"2026-03-20T19:04:11.992783"}
{"op_code":4,"worker_id":"12396f4f-cf60-45e7-9605-c613afd615f9-139679950972736","study_id":0,"datetime_start":"2026-03-20T19:04:12.005467"}
{"op_code":5,"worker_id":"12396f4f-cf60-45e7-9605-c613afd615f9-139679950972736","trial_id":103,"param_name":"learning_rate","param_value_internal":0.08547043143489386,"distribution":"{\"name\": \"FloatDistribution\", \"attributes\": {\"step\": null, \"low\": 0.01, \"high\": 0.2, \"log\": true}}"}
{"op_code":5,"worker_id":"12396f4f-cf60-45e7-9605-c613afd615f9-139679950972736","trial_id":103,"param_name":"n_estimators","param_value_internal":184.0,"distribution":"{\"name\": \"IntDistribution\", \"attributes\": {\"log\": false, \"step\": 1, \"low\": 50, \"high\": 200}}"}
{"op_code":5,"worker_id":"12396f4f-cf60-45e7-9605-c613afd615f9-139679950972736","trial_id":103,"param_name":"max_depth","param_value_internal":3.0,"distribution":"{\"name\": \"IntDistribution\", \"attributes\": {\"log\": false, \"step\": 1, \"low\": 2, \"high\": 5}}"}
{"op_code":6,"worker_id":"12396f4f-cf60-45e7-9605-c613afd615f9-139679950972736","trial_id":103,"state":1,"values":[0.7910314529256297],"datetime_complete":"2026-03-20T19:04:47.403229"}
{"op_code":4,"worker_id":"12396f4f-cf60-45e7-9605-c613afd615f9-139679950972736","study_id":0,"datetime_start":"2026-03-20T19:04:47.424378"}
{"op_code":5,"worker_id":"12396f4f-cf60-45e7-9605-c613afd615f9-139679950972736","trial_id":104,"param_name":"learning_rate","param_value_internal":0.08083917943191168,"distribution":"{\"name\": \"FloatDistribution\", \"attributes\": {\"step\": null, \"low\": 0.01, \"high\": 0.2, \"log\": true}}"}
{"op_code":5,"worker_id":"12396f4f-cf60-45e7-9605-c613afd615f9-139679950972736","trial_id":104,"param_name":"n_estimators","param_value_internal":167.0,"distribution":"{\"name\": \"IntDistribution\", \"attributes\": {\"log\": false, \"step\": 1, \"low\": 50, \"high\": 200}}"}
{"op_code":5,"worker_id":"12396f4f-cf60-45e7-9605-c613afd615f9-139679950972736","trial_id":104,"param_name":"max_depth","param_value_internal":3.0,"distribution":"{\"name\": \"IntDistribution\", \"attributes\": {\"log\": false, \"step\": 1, \"low\": 2, \"high\": 5}}"}
{"op_code":6,"worker_id":"12396f4f-cf60-45e7-9605-c613afd615f9-139679950972736","trial_id":104,"state":1,"values":[0.7904246815909077],"datetime_complete":"2026-03-20T19:05:19.576673"}
{"op_code":4,"worker_id":"12396f4f-cf60-45e7-9605-c613afd615f9-139679950972736","study_id":0,"datetime_start":"2026-03-20T19:05:19.607378"}
{"op_code":5,"worker_id":"12396f4f-cf60-45e7-9605-c613afd615f9-139679950972736","trial_id":105,"param_name":"learning_rate","param_value_internal":0.0657483658229446,"distribution":"{\"name\": \"FloatDistribution\", \"attributes\": {\"step\": null, \"low\": 0.01, \"high\": 0.2, \"log\": true}}"}
{"op_code":5,"worker_id":"12396f4f-cf60-45e7-9605-c613afd615f9-139679950972736","trial_id":105,"param_name":"n_estimators","param_value_internal":173.0,"distribution":"{\"name\": \"IntDistribution\", \"attributes\": {\"log\": false, \"step\": 1, \"low\": 50, \"high\": 200}}"}
{"op_code":5,"worker_id":"12396f4f-cf60-45e7-9605-c613afd615f9-139679950972736","trial_id":105,"param_name":"max_depth","param_value_internal":3.0,"distribution":"{\"name\": \"IntDistribution\", \"attributes\": {\"log\": false, \"step\": 1, \"low\": 2, \"high\": 5}}"}
{"op_code":6,"worker_id":"12396f4f-cf60-45e7-9605-c613afd615f9-139679950972736","trial_id":105,"state":1,"values":[0.7876417015268468],"datetime_complete":"2026-03-20T19:05:52.887679"}
{"op_code":4,"worker_id":"12396f4f-cf60-45e7-9605-c613afd615f9-139679950972736","study_id":0,"datetime_start":"2026-03-20T19:05:52.901728"}
{"op_code":5,"worker_id":"12396f4f-cf60-45e7-9605-c613afd615f9-139679950972736","trial_id":106,"param_name":"learning_rate","param_value_internal":0.08992285355635524,"distribution":"{\"name\": \"FloatDistribution\", \"attributes\": {\"step\": null, \"low\": 0.01, \"high\": 0.2, \"log\": true}}"}
{"op_code":5,"worker_id":"12396f4f-cf60-45e7-9605-c613afd615f9-139679950972736","trial_id":106,"param_name":"n_estimators","param_value_internal":178.0,"distribution":"{\"name\": \"IntDistribution\", \"attributes\": {\"log\": false, \"step\": 1, \"low\": 50, \"high\": 200}}"}
{"op_code":5,"worker_id":"12396f4f-cf60-45e7-9605-c613afd615f9-139679950972736","trial_id":106,"param_name":"max_depth","param_value_internal":3.0,"distribution":"{\"name\": \"IntDistribution\", \"attributes\": {\"log\": false, \"step\": 1, \"low\": 2, \"high\": 5}}"}
{"op_code":6,"worker_id":"12396f4f-cf60-45e7-9605-c613afd615f9-139679950972736","trial_id":106,"state":1,"values":[0.7910489559449005],"datetime_complete":"2026-03-20T19:06:27.107804"}
{"op_code":4,"worker_id":"12396f4f-cf60-45e7-9605-c613afd615f9-139679950972736","study_id":0,"datetime_start":"2026-03-20T19:06:27.128430"}
{"op_code":5,"worker_id":"12396f4f-cf60-45e7-9605-c613afd615f9-139679950972736","trial_id":107,"param_name":"learning_rate","param_value_internal":0.07771282521750962,"distribution":"{\"name\": \"FloatDistribution\", \"attributes\": {\"step\": null, \"low\": 0.01, \"high\": 0.2, \"log\": true}}"}
{"op_code":5,"worker_id":"12396f4f-cf60-45e7-9605-c613afd615f9-139679950972736","trial_id":107,"param_name":"n_estimators","param_value_internal":190.0,"distribution":"{\"name\": \"IntDistribution\", \"attributes\": {\"log\": false, \"step\": 1, \"low\": 50, \"high\": 200}}"}
{"op_code":5,"worker_id":"12396f4f-cf60-45e7-9605-c613afd615f9-139679950972736","trial_id":107,"param_name":"max_depth","param_value_internal":3.0,"distribution":"{\"name\": \"IntDistribution\", \"attributes\": {\"log\": false, \"step\": 1, \"low\": 2, \"high\": 5}}"}
{"op_code":6,"worker_id":"12396f4f-cf60-45e7-9605-c613afd615f9-139679950972736","trial_id":107,"state":1,"values":[0.790903097450977],"datetime_complete":"2026-03-20T19:07:03.649006"}
{"op_code":4,"worker_id":"12396f4f-cf60-45e7-9605-c613afd615f9-139679950972736","study_id":0,"datetime_start":"2026-03-20T19:07:03.675020"}
{"op_code":5,"worker_id":"12396f4f-cf60-45e7-9605-c613afd615f9-139679950972736","trial_id":108,"param_name":"learning_rate","param_value_internal":0.1007511730928933,"distribution":"{\"name\": \"FloatDistribution\", \"attributes\": {\"step\": null, \"low\": 0.01, \"high\": 0.2, \"log\": true}}"}
{"op_code":5,"worker_id":"12396f4f-cf60-45e7-9605-c613afd615f9-139679950972736","trial_id":108,"param_name":"n_estimators","param_value_internal":198.0,"distribution":"{\"name\": \"IntDistribution\", \"attributes\": {\"log\": false, \"step\": 1, \"low\": 50, \"high\": 200}}"}
{"op_code":5,"worker_id":"12396f4f-cf60-45e7-9605-c613afd615f9-139679950972736","trial_id":108,"param_name":"max_depth","param_value_internal":3.0,"distribution":"{\"name\": \"IntDistribution\", \"attributes\": {\"log\": false, \"step\": 1, \"low\": 2, \"high\": 5}}"}
{"op_code":6,"worker_id":"12396f4f-cf60-45e7-9605-c613afd615f9-139679950972736","trial_id":108,"state":1,"values":[0.7923937712588754],"datetime_complete":"2026-03-20T19:07:41.737750"}
{"op_code":4,"worker_id":"12396f4f-cf60-45e7-9605-c613afd615f9-139679950972736","study_id":0,"datetime_start":"2026-03-20T19:07:41.768586"}
{"op_code":5,"worker_id":"12396f4f-cf60-45e7-9605-c613afd615f9-139679950972736","trial_id":109,"param_name":"learning_rate","param_value_internal":0.07164147375139122,"distribution":"{\"name\": \"FloatDistribution\", \"attributes\": {\"step\": null, \"low\": 0.01, \"high\": 0.2, \"log\": true}}"}
{"op_code":5,"worker_id":"12396f4f-cf60-45e7-9605-c613afd615f9-139679950972736","trial_id":109,"param_name":"n_estimators","param_value_internal":198.0,"distribution":"{\"name\": \"IntDistribution\", \"attributes\": {\"log\": false, \"step\": 1, \"low\": 50, \"high\": 200}}"}
{"op_code":5,"worker_id":"12396f4f-cf60-45e7-9605-c613afd615f9-139679950972736","trial_id":109,"param_name":"max_depth","param_value_internal":3.0,"distribution":"{\"name\": \"IntDistribution\", \"attributes\": {\"log\": false, \"step\": 1, \"low\": 2, \"high\": 5}}"}
{"op_code":6,"worker_id":"12396f4f-cf60-45e7-9605-c613afd615f9-139679950972736","trial_id":109,"state":1,"values":[0.7909672751883033],"datetime_complete":"2026-03-20T19:08:19.932192"}
{"op_code":0,"worker_id":"6ed60d17-46ce-4f6c-aef1-d5f70cec18c4-139679950972736","study_name":"gbsa_tuning","directions":[2]}
{"op_code":4,"worker_id":"6ed60d17-46ce-4f6c-aef1-d5f70cec18c4-139679950972736","study_id":0,"datetime_start":"2026-03-20T19:15:26.077027"}
{"op_code":5,"worker_id":"6ed60d17-46ce-4f6c-aef1-d5f70cec18c4-139679950972736","trial_id":110,"param_name":"learning_rate","param_value_internal":0.06281764972891286,"distribution":"{\"name\": \"FloatDistribution\", \"attributes\": {\"step\": null, \"low\": 0.01, \"high\": 0.2, \"log\": true}}"}
{"op_code":5,"worker_id":"6ed60d17-46ce-4f6c-aef1-d5f70cec18c4-139679950972736","trial_id":110,"param_name":"n_estimators","param_value_internal":200.0,"distribution":"{\"name\": \"IntDistribution\", \"attributes\": {\"log\": false, \"step\": 1, \"low\": 50, \"high\": 200}}"}
{"op_code":5,"worker_id":"6ed60d17-46ce-4f6c-aef1-d5f70cec18c4-139679950972736","trial_id":110,"param_name":"max_depth","param_value_internal":3.0,"distribution":"{\"name\": \"IntDistribution\", \"attributes\": {\"log\": false, \"step\": 1, \"low\": 2, \"high\": 5}}"}
{"op_code":6,"worker_id":"6ed60d17-46ce-4f6c-aef1-d5f70cec18c4-139679950972736","trial_id":110,"state":1,"values":[0.7604212542376353],"datetime_complete":"2026-03-20T19:16:05.158138"}
{"op_code":4,"worker_id":"6ed60d17-46ce-4f6c-aef1-d5f70cec18c4-139679950972736","study_id":0,"datetime_start":"2026-03-20T19:16:05.183954"}
{"op_code":5,"worker_id":"6ed60d17-46ce-4f6c-aef1-d5f70cec18c4-139679950972736","trial_id":111,"param_name":"learning_rate","param_value_internal":0.09250895874922281,"distribution":"{\"name\": \"FloatDistribution\", \"attributes\": {\"step\": null, \"low\": 0.01, \"high\": 0.2, \"log\": true}}"}
{"op_code":5,"worker_id":"6ed60d17-46ce-4f6c-aef1-d5f70cec18c4-139679950972736","trial_id":111,"param_name":"n_estimators","param_value_internal":159.0,"distribution":"{\"name\": \"IntDistribution\", \"attributes\": {\"log\": false, \"step\": 1, \"low\": 50, \"high\": 200}}"}
{"op_code":5,"worker_id":"6ed60d17-46ce-4f6c-aef1-d5f70cec18c4-139679950972736","trial_id":111,"param_name":"max_depth","param_value_internal":3.0,"distribution":"{\"name\": \"IntDistribution\", \"attributes\": {\"log\": false, \"step\": 1, \"low\": 2, \"high\": 5}}"}
{"op_code":6,"worker_id":"6ed60d17-46ce-4f6c-aef1-d5f70cec18c4-139679950972736","trial_id":111,"state":1,"values":[0.7636474901932669],"datetime_complete":"2026-03-20T19:16:36.283848"}
{"op_code":4,"worker_id":"6ed60d17-46ce-4f6c-aef1-d5f70cec18c4-139679950972736","study_id":0,"datetime_start":"2026-03-20T19:16:36.311238"}
{"op_code":5,"worker_id":"6ed60d17-46ce-4f6c-aef1-d5f70cec18c4-139679950972736","trial_id":112,"param_name":"learning_rate","param_value_internal":0.09868185040100623,"distribution":"{\"name\": \"FloatDistribution\", \"attributes\": {\"step\": null, \"low\": 0.01, \"high\": 0.2, \"log\": true}}"}
{"op_code":5,"worker_id":"6ed60d17-46ce-4f6c-aef1-d5f70cec18c4-139679950972736","trial_id":112,"param_name":"n_estimators","param_value_internal":194.0,"distribution":"{\"name\": \"IntDistribution\", \"attributes\": {\"log\": false, \"step\": 1, \"low\": 50, \"high\": 200}}"}
{"op_code":5,"worker_id":"6ed60d17-46ce-4f6c-aef1-d5f70cec18c4-139679950972736","trial_id":112,"param_name":"max_depth","param_value_internal":3.0,"distribution":"{\"name\": \"IntDistribution\", \"attributes\": {\"log\": false, \"step\": 1, \"low\": 2, \"high\": 5}}"}
{"op_code":6,"worker_id":"6ed60d17-46ce-4f6c-aef1-d5f70cec18c4-139679950972736","trial_id":112,"state":1,"values":[0.7665229370013417],"datetime_complete":"2026-03-20T19:17:14.171414"}
{"op_code":4,"worker_id":"6ed60d17-46ce-4f6c-aef1-d5f70cec18c4-139679950972736","study_id":0,"datetime_start":"2026-03-20T19:17:14.194444"}
{"op_code":5,"worker_id":"6ed60d17-46ce-4f6c-aef1-d5f70cec18c4-139679950972736","trial_id":113,"param_name":"learning_rate","param_value_internal":0.07072435336807596,"distribution":"{\"name\": \"FloatDistribution\", \"attributes\": {\"step\": null, \"low\": 0.01, \"high\": 0.2, \"log\": true}}"}
{"op_code":5,"worker_id":"6ed60d17-46ce-4f6c-aef1-d5f70cec18c4-139679950972736","trial_id":113,"param_name":"n_estimators","param_value_internal":155.0,"distribution":"{\"name\": \"IntDistribution\", \"attributes\": {\"log\": false, \"step\": 1, \"low\": 50, \"high\": 200}}"}
{"op_code":5,"worker_id":"6ed60d17-46ce-4f6c-aef1-d5f70cec18c4-139679950972736","trial_id":113,"param_name":"max_depth","param_value_internal":3.0,"distribution":"{\"name\": \"IntDistribution\", \"attributes\": {\"log\": false, \"step\": 1, \"low\": 2, \"high\": 5}}"}
{"op_code":6,"worker_id":"6ed60d17-46ce-4f6c-aef1-d5f70cec18c4-139679950972736","trial_id":113,"state":1,"values":[0.7589592060386944],"datetime_complete":"2026-03-20T19:17:44.541011"}
{"op_code":4,"worker_id":"6ed60d17-46ce-4f6c-aef1-d5f70cec18c4-139679950972736","study_id":0,"datetime_start":"2026-03-20T19:17:44.561885"}
{"op_code":5,"worker_id":"6ed60d17-46ce-4f6c-aef1-d5f70cec18c4-139679950972736","trial_id":114,"param_name":"learning_rate","param_value_internal":0.10325816524162322,"distribution":"{\"name\": \"FloatDistribution\", \"attributes\": {\"step\": null, \"low\": 0.01, \"high\": 0.2, \"log\": true}}"}
{"op_code":5,"worker_id":"6ed60d17-46ce-4f6c-aef1-d5f70cec18c4-139679950972736","trial_id":114,"param_name":"n_estimators","param_value_internal":182.0,"distribution":"{\"name\": \"IntDistribution\", \"attributes\": {\"log\": false, \"step\": 1, \"low\": 50, \"high\": 200}}"}
{"op_code":5,"worker_id":"6ed60d17-46ce-4f6c-aef1-d5f70cec18c4-139679950972736","trial_id":114,"param_name":"max_depth","param_value_internal":3.0,"distribution":"{\"name\": \"IntDistribution\", \"attributes\": {\"log\": false, \"step\": 1, \"low\": 2, \"high\": 5}}"}
{"op_code":6,"worker_id":"6ed60d17-46ce-4f6c-aef1-d5f70cec18c4-139679950972736","trial_id":114,"state":1,"values":[0.7653604678554237],"datetime_complete":"2026-03-20T19:18:20.044260"}
{"op_code":4,"worker_id":"6ed60d17-46ce-4f6c-aef1-d5f70cec18c4-139679950972736","study_id":0,"datetime_start":"2026-03-20T19:18:20.063071"}
{"op_code":5,"worker_id":"6ed60d17-46ce-4f6c-aef1-d5f70cec18c4-139679950972736","trial_id":115,"param_name":"learning_rate","param_value_internal":0.07772256477146619,"distribution":"{\"name\": \"FloatDistribution\", \"attributes\": {\"step\": null, \"low\": 0.01, \"high\": 0.2, \"log\": true}}"}
{"op_code":5,"worker_id":"6ed60d17-46ce-4f6c-aef1-d5f70cec18c4-139679950972736","trial_id":115,"param_name":"n_estimators","param_value_internal":170.0,"distribution":"{\"name\": \"IntDistribution\", \"attributes\": {\"log\": false, \"step\": 1, \"low\": 50, \"high\": 200}}"}
{"op_code":5,"worker_id":"6ed60d17-46ce-4f6c-aef1-d5f70cec18c4-139679950972736","trial_id":115,"param_name":"max_depth","param_value_internal":3.0,"distribution":"{\"name\": \"IntDistribution\", \"attributes\": {\"log\": false, \"step\": 1, \"low\": 2, \"high\": 5}}"}
{"op_code":6,"worker_id":"6ed60d17-46ce-4f6c-aef1-d5f70cec18c4-139679950972736","trial_id":115,"state":1,"values":[0.7618551368845827],"datetime_complete":"2026-03-20T19:18:53.187834"}
{"op_code":4,"worker_id":"6ed60d17-46ce-4f6c-aef1-d5f70cec18c4-139679950972736","study_id":0,"datetime_start":"2026-03-20T19:18:53.216983"}
{"op_code":5,"worker_id":"6ed60d17-46ce-4f6c-aef1-d5f70cec18c4-139679950972736","trial_id":116,"param_name":"learning_rate","param_value_internal":0.08511902020304385,"distribution":"{\"name\": \"FloatDistribution\", \"attributes\": {\"step\": null, \"low\": 0.01, \"high\": 0.2, \"log\": true}}"}
{"op_code":5,"worker_id":"6ed60d17-46ce-4f6c-aef1-d5f70cec18c4-139679950972736","trial_id":116,"param_name":"n_estimators","param_value_internal":192.0,"distribution":"{\"name\": \"IntDistribution\", \"attributes\": {\"log\": false, \"step\": 1, \"low\": 50, \"high\": 200}}"}
{"op_code":5,"worker_id":"6ed60d17-46ce-4f6c-aef1-d5f70cec18c4-139679950972736","trial_id":116,"param_name":"max_depth","param_value_internal":3.0,"distribution":"{\"name\": \"IntDistribution\", \"attributes\": {\"log\": false, \"step\": 1, \"low\": 2, \"high\": 5}}"}
{"op_code":6,"worker_id":"6ed60d17-46ce-4f6c-aef1-d5f70cec18c4-139679950972736","trial_id":116,"state":1,"values":[0.7658085561825947],"datetime_complete":"2026-03-20T19:19:30.701394"}
{"op_code":4,"worker_id":"6ed60d17-46ce-4f6c-aef1-d5f70cec18c4-139679950972736","study_id":0,"datetime_start":"2026-03-20T19:19:30.731918"}
{"op_code":5,"worker_id":"6ed60d17-46ce-4f6c-aef1-d5f70cec18c4-139679950972736","trial_id":117,"param_name":"learning_rate","param_value_internal":0.05584056406839043,"distribution":"{\"name\": \"FloatDistribution\", \"attributes\": {\"step\": null, \"low\": 0.01, \"high\": 0.2, \"log\": true}}"}
{"op_code":5,"worker_id":"6ed60d17-46ce-4f6c-aef1-d5f70cec18c4-139679950972736","trial_id":117,"param_name":"n_estimators","param_value_internal":164.0,"distribution":"{\"name\": \"IntDistribution\", \"attributes\": {\"log\": false, \"step\": 1, \"low\": 50, \"high\": 200}}"}
{"op_code":5,"worker_id":"6ed60d17-46ce-4f6c-aef1-d5f70cec18c4-139679950972736","trial_id":117,"param_name":"max_depth","param_value_internal":3.0,"distribution":"{\"name\": \"IntDistribution\", \"attributes\": {\"log\": false, \"step\": 1, \"low\": 2, \"high\": 5}}"}
{"op_code":6,"worker_id":"6ed60d17-46ce-4f6c-aef1-d5f70cec18c4-139679950972736","trial_id":117,"state":1,"values":[0.7561554533629669],"datetime_complete":"2026-03-20T19:20:02.730654"}
{"op_code":4,"worker_id":"6ed60d17-46ce-4f6c-aef1-d5f70cec18c4-139679950972736","study_id":0,"datetime_start":"2026-03-20T19:20:02.747811"}
{"op_code":5,"worker_id":"6ed60d17-46ce-4f6c-aef1-d5f70cec18c4-139679950972736","trial_id":118,"param_name":"learning_rate","param_value_internal":0.06652920612418814,"distribution":"{\"name\": \"FloatDistribution\", \"attributes\": {\"step\": null, \"low\": 0.01, \"high\": 0.2, \"log\": true}}"}
{"op_code":5,"worker_id":"6ed60d17-46ce-4f6c-aef1-d5f70cec18c4-139679950972736","trial_id":118,"param_name":"n_estimators","param_value_internal":188.0,"distribution":"{\"name\": \"IntDistribution\", \"attributes\": {\"log\": false, \"step\": 1, \"low\": 50, \"high\": 200}}"}
{"op_code":5,"worker_id":"6ed60d17-46ce-4f6c-aef1-d5f70cec18c4-139679950972736","trial_id":118,"param_name":"max_depth","param_value_internal":3.0,"distribution":"{\"name\": \"IntDistribution\", \"attributes\": {\"log\": false, \"step\": 1, \"low\": 2, \"high\": 5}}"}
{"op_code":6,"worker_id":"6ed60d17-46ce-4f6c-aef1-d5f70cec18c4-139679950972736","trial_id":118,"state":1,"values":[0.7602522609256737],"datetime_complete":"2026-03-20T19:20:39.736351"}
{"op_code":4,"worker_id":"6ed60d17-46ce-4f6c-aef1-d5f70cec18c4-139679950972736","study_id":0,"datetime_start":"2026-03-20T19:20:39.964799"}
{"op_code":5,"worker_id":"6ed60d17-46ce-4f6c-aef1-d5f70cec18c4-139679950972736","trial_id":119,"param_name":"learning_rate","param_value_internal":0.07283254039356912,"distribution":"{\"name\": \"FloatDistribution\", \"attributes\": {\"step\": null, \"low\": 0.01, \"high\": 0.2, \"log\": true}}"}
{"op_code":5,"worker_id":"6ed60d17-46ce-4f6c-aef1-d5f70cec18c4-139679950972736","trial_id":119,"param_name":"n_estimators","param_value_internal":159.0,"distribution":"{\"name\": \"IntDistribution\", \"attributes\": {\"log\": false, \"step\": 1, \"low\": 50, \"high\": 200}}"}
{"op_code":5,"worker_id":"6ed60d17-46ce-4f6c-aef1-d5f70cec18c4-139679950972736","trial_id":119,"param_name":"max_depth","param_value_internal":3.0,"distribution":"{\"name\": \"IntDistribution\", \"attributes\": {\"log\": false, \"step\": 1, \"low\": 2, \"high\": 5}}"}
{"op_code":6,"worker_id":"6ed60d17-46ce-4f6c-aef1-d5f70cec18c4-139679950972736","trial_id":119,"state":1,"values":[0.7586160984053176],"datetime_complete":"2026-03-20T19:21:11.067603"}
{"op_code":0,"worker_id":"4db478c8-007d-470f-bc82-431f9526767a-139679950972736","study_name":"gbsa_tuning","directions":[2]}
{"op_code":4,"worker_id":"4db478c8-007d-470f-bc82-431f9526767a-139679950972736","study_id":0,"datetime_start":"2026-03-20T19:28:17.220490"}
{"op_code":5,"worker_id":"4db478c8-007d-470f-bc82-431f9526767a-139679950972736","trial_id":120,"param_name":"learning_rate","param_value_internal":0.06126520308704998,"distribution":"{\"name\": \"FloatDistribution\", \"attributes\": {\"step\": null, \"low\": 0.01, \"high\": 0.2, \"log\": true}}"}
{"op_code":5,"worker_id":"4db478c8-007d-470f-bc82-431f9526767a-139679950972736","trial_id":120,"param_name":"n_estimators","param_value_internal":176.0,"distribution":"{\"name\": \"IntDistribution\", \"attributes\": {\"log\": false, \"step\": 1, \"low\": 50, \"high\": 200}}"}
{"op_code":5,"worker_id":"4db478c8-007d-470f-bc82-431f9526767a-139679950972736","trial_id":120,"param_name":"max_depth","param_value_internal":3.0,"distribution":"{\"name\": \"IntDistribution\", \"attributes\": {\"log\": false, \"step\": 1, \"low\": 2, \"high\": 5}}"}
{"op_code":6,"worker_id":"4db478c8-007d-470f-bc82-431f9526767a-139679950972736","trial_id":120,"state":1,"values":[0.7321342210057314],"datetime_complete":"2026-03-20T19:28:51.946510"}
{"op_code":4,"worker_id":"4db478c8-007d-470f-bc82-431f9526767a-139679950972736","study_id":0,"datetime_start":"2026-03-20T19:28:51.967478"}
{"op_code":5,"worker_id":"4db478c8-007d-470f-bc82-431f9526767a-139679950972736","trial_id":121,"param_name":"learning_rate","param_value_internal":0.0913561797782327,"distribution":"{\"name\": \"FloatDistribution\", \"attributes\": {\"step\": null, \"low\": 0.01, \"high\": 0.2, \"log\": true}}"}
{"op_code":5,"worker_id":"4db478c8-007d-470f-bc82-431f9526767a-139679950972736","trial_id":121,"param_name":"n_estimators","param_value_internal":168.0,"distribution":"{\"name\": \"IntDistribution\", \"attributes\": {\"log\": false, \"step\": 1, \"low\": 50, \"high\": 200}}"}
{"op_code":5,"worker_id":"4db478c8-007d-470f-bc82-431f9526767a-139679950972736","trial_id":121,"param_name":"max_depth","param_value_internal":3.0,"distribution":"{\"name\": \"IntDistribution\", \"attributes\": {\"log\": false, \"step\": 1, \"low\": 2, \"high\": 5}}"}
{"op_code":6,"worker_id":"4db478c8-007d-470f-bc82-431f9526767a-139679950972736","trial_id":121,"state":1,"values":[0.733850056079767],"datetime_complete":"2026-03-20T19:29:24.995081"}
{"op_code":4,"worker_id":"4db478c8-007d-470f-bc82-431f9526767a-139679950972736","study_id":0,"datetime_start":"2026-03-20T19:29:25.018803"}
{"op_code":5,"worker_id":"4db478c8-007d-470f-bc82-431f9526767a-139679950972736","trial_id":122,"param_name":"learning_rate","param_value_internal":0.0867490834299067,"distribution":"{\"name\": \"FloatDistribution\", \"attributes\": {\"step\": null, \"low\": 0.01, \"high\": 0.2, \"log\": true}}"}
{"op_code":5,"worker_id":"4db478c8-007d-470f-bc82-431f9526767a-139679950972736","trial_id":122,"param_name":"n_estimators","param_value_internal":180.0,"distribution":"{\"name\": \"IntDistribution\", \"attributes\": {\"log\": false, \"step\": 1, \"low\": 50, \"high\": 200}}"}
{"op_code":5,"worker_id":"4db478c8-007d-470f-bc82-431f9526767a-139679950972736","trial_id":122,"param_name":"max_depth","param_value_internal":3.0,"distribution":"{\"name\": \"IntDistribution\", \"attributes\": {\"log\": false, \"step\": 1, \"low\": 2, \"high\": 5}}"}
{"op_code":6,"worker_id":"4db478c8-007d-470f-bc82-431f9526767a-139679950972736","trial_id":122,"state":1,"values":[0.732275706656514],"datetime_complete":"2026-03-20T19:30:00.364126"}
{"op_code":4,"worker_id":"4db478c8-007d-470f-bc82-431f9526767a-139679950972736","study_id":0,"datetime_start":"2026-03-20T19:30:00.380647"}
{"op_code":5,"worker_id":"4db478c8-007d-470f-bc82-431f9526767a-139679950972736","trial_id":123,"param_name":"learning_rate","param_value_internal":0.08101589939638194,"distribution":"{\"name\": \"FloatDistribution\", \"attributes\": {\"step\": null, \"low\": 0.01, \"high\": 0.2, \"log\": true}}"}
{"op_code":5,"worker_id":"4db478c8-007d-470f-bc82-431f9526767a-139679950972736","trial_id":123,"param_name":"n_estimators","param_value_internal":178.0,"distribution":"{\"name\": \"IntDistribution\", \"attributes\": {\"log\": false, \"step\": 1, \"low\": 50, \"high\": 200}}"}
{"op_code":5,"worker_id":"4db478c8-007d-470f-bc82-431f9526767a-139679950972736","trial_id":123,"param_name":"max_depth","param_value_internal":3.0,"distribution":"{\"name\": \"IntDistribution\", \"attributes\": {\"log\": false, \"step\": 1, \"low\": 2, \"high\": 5}}"}
{"op_code":6,"worker_id":"4db478c8-007d-470f-bc82-431f9526767a-139679950972736","trial_id":123,"state":1,"values":[0.7340172663943282],"datetime_complete":"2026-03-20T19:30:35.331042"}
{"op_code":4,"worker_id":"4db478c8-007d-470f-bc82-431f9526767a-139679950972736","study_id":0,"datetime_start":"2026-03-20T19:30:35.351752"}
{"op_code":5,"worker_id":"4db478c8-007d-470f-bc82-431f9526767a-139679950972736","trial_id":124,"param_name":"learning_rate","param_value_internal":0.09902710891108742,"distribution":"{\"name\": \"FloatDistribution\", \"attributes\": {\"step\": null, \"low\": 0.01, \"high\": 0.2, \"log\": true}}"}
{"op_code":5,"worker_id":"4db478c8-007d-470f-bc82-431f9526767a-139679950972736","trial_id":124,"param_name":"n_estimators","param_value_internal":197.0,"distribution":"{\"name\": \"IntDistribution\", \"attributes\": {\"log\": false, \"step\": 1, \"low\": 50, \"high\": 200}}"}
{"op_code":5,"worker_id":"4db478c8-007d-470f-bc82-431f9526767a-139679950972736","trial_id":124,"param_name":"max_depth","param_value_internal":3.0,"distribution":"{\"name\": \"IntDistribution\", \"attributes\": {\"log\": false, \"step\": 1, \"low\": 2, \"high\": 5}}"}
{"op_code":6,"worker_id":"4db478c8-007d-470f-bc82-431f9526767a-139679950972736","trial_id":124,"state":1,"values":[0.7328596565242892],"datetime_complete":"2026-03-20T19:31:14.055684"}
{"op_code":4,"worker_id":"4db478c8-007d-470f-bc82-431f9526767a-139679950972736","study_id":0,"datetime_start":"2026-03-20T19:31:14.077771"}
{"op_code":5,"worker_id":"4db478c8-007d-470f-bc82-431f9526767a-139679950972736","trial_id":125,"param_name":"learning_rate","param_value_internal":0.07493175216112619,"distribution":"{\"name\": \"FloatDistribution\", \"attributes\": {\"step\": null, \"low\": 0.01, \"high\": 0.2, \"log\": true}}"}
{"op_code":5,"worker_id":"4db478c8-007d-470f-bc82-431f9526767a-139679950972736","trial_id":125,"param_name":"n_estimators","param_value_internal":184.0,"distribution":"{\"name\": \"IntDistribution\", \"attributes\": {\"log\": false, \"step\": 1, \"low\": 50, \"high\": 200}}"}
{"op_code":5,"worker_id":"4db478c8-007d-470f-bc82-431f9526767a-139679950972736","trial_id":125,"param_name":"max_depth","param_value_internal":3.0,"distribution":"{\"name\": \"IntDistribution\", \"attributes\": {\"log\": false, \"step\": 1, \"low\": 2, \"high\": 5}}"}
{"op_code":6,"worker_id":"4db478c8-007d-470f-bc82-431f9526767a-139679950972736","trial_id":125,"state":1,"values":[0.7336622660341829],"datetime_complete":"2026-03-20T19:31:50.393477"}
{"op_code":4,"worker_id":"4db478c8-007d-470f-bc82-431f9526767a-139679950972736","study_id":0,"datetime_start":"2026-03-20T19:31:50.425286"}
{"op_code":5,"worker_id":"4db478c8-007d-470f-bc82-431f9526767a-139679950972736","trial_id":126,"param_name":"learning_rate","param_value_internal":0.11076924580348478,"distribution":"{\"name\": \"FloatDistribution\", \"attributes\": {\"step\": null, \"low\": 0.01, \"high\": 0.2, \"log\": true}}"}
{"op_code":5,"worker_id":"4db478c8-007d-470f-bc82-431f9526767a-139679950972736","trial_id":126,"param_name":"n_estimators","param_value_internal":173.0,"distribution":"{\"name\": \"IntDistribution\", \"attributes\": {\"log\": false, \"step\": 1, \"low\": 50, \"high\": 200}}"}
{"op_code":5,"worker_id":"4db478c8-007d-470f-bc82-431f9526767a-139679950972736","trial_id":126,"param_name":"max_depth","param_value_internal":3.0,"distribution":"{\"name\": \"IntDistribution\", \"attributes\": {\"log\": false, \"step\": 1, \"low\": 2, \"high\": 5}}"}
{"op_code":6,"worker_id":"4db478c8-007d-470f-bc82-431f9526767a-139679950972736","trial_id":126,"state":1,"values":[0.7329934247759382],"datetime_complete":"2026-03-20T19:32:24.490461"}
{"op_code":4,"worker_id":"4db478c8-007d-470f-bc82-431f9526767a-139679950972736","study_id":0,"datetime_start":"2026-03-20T19:32:24.503797"}
{"op_code":5,"worker_id":"4db478c8-007d-470f-bc82-431f9526767a-139679950972736","trial_id":127,"param_name":"learning_rate","param_value_internal":0.08797038963923454,"distribution":"{\"name\": \"FloatDistribution\", \"attributes\": {\"step\": null, \"low\": 0.01, \"high\": 0.2, \"log\": true}}"}
{"op_code":5,"worker_id":"4db478c8-007d-470f-bc82-431f9526767a-139679950972736","trial_id":127,"param_name":"n_estimators","param_value_internal":187.0,"distribution":"{\"name\": \"IntDistribution\", \"attributes\": {\"log\": false, \"step\": 1, \"low\": 50, \"high\": 200}}"}
{"op_code":5,"worker_id":"4db478c8-007d-470f-bc82-431f9526767a-139679950972736","trial_id":127,"param_name":"max_depth","param_value_internal":3.0,"distribution":"{\"name\": \"IntDistribution\", \"attributes\": {\"log\": false, \"step\": 1, \"low\": 2, \"high\": 5}}"}
{"op_code":6,"worker_id":"4db478c8-007d-470f-bc82-431f9526767a-139679950972736","trial_id":127,"state":1,"values":[0.7331889322206558],"datetime_complete":"2026-03-20T19:33:01.221833"}
{"op_code":4,"worker_id":"4db478c8-007d-470f-bc82-431f9526767a-139679950972736","study_id":0,"datetime_start":"2026-03-20T19:33:01.254963"}
{"op_code":5,"worker_id":"4db478c8-007d-470f-bc82-431f9526767a-139679950972736","trial_id":128,"param_name":"learning_rate","param_value_internal":0.08065777589129121,"distribution":"{\"name\": \"FloatDistribution\", \"attributes\": {\"step\": null, \"low\": 0.01, \"high\": 0.2, \"log\": true}}"}
{"op_code":5,"worker_id":"4db478c8-007d-470f-bc82-431f9526767a-139679950972736","trial_id":128,"param_name":"n_estimators","param_value_internal":193.0,"distribution":"{\"name\": \"IntDistribution\", \"attributes\": {\"log\": false, \"step\": 1, \"low\": 50, \"high\": 200}}"}
{"op_code":5,"worker_id":"4db478c8-007d-470f-bc82-431f9526767a-139679950972736","trial_id":128,"param_name":"max_depth","param_value_internal":3.0,"distribution":"{\"name\": \"IntDistribution\", \"attributes\": {\"log\": false, \"step\": 1, \"low\": 2, \"high\": 5}}"}
{"op_code":6,"worker_id":"4db478c8-007d-470f-bc82-431f9526767a-139679950972736","trial_id":128,"state":1,"values":[0.7334281715937973],"datetime_complete":"2026-03-20T19:33:39.259952"}
{"op_code":4,"worker_id":"4db478c8-007d-470f-bc82-431f9526767a-139679950972736","study_id":0,"datetime_start":"2026-03-20T19:33:39.283848"}
{"op_code":5,"worker_id":"4db478c8-007d-470f-bc82-431f9526767a-139679950972736","trial_id":129,"param_name":"learning_rate","param_value_internal":0.06925058096425847,"distribution":"{\"name\": \"FloatDistribution\", \"attributes\": {\"step\": null, \"low\": 0.01, \"high\": 0.2, \"log\": true}}"}
{"op_code":5,"worker_id":"4db478c8-007d-470f-bc82-431f9526767a-139679950972736","trial_id":129,"param_name":"n_estimators","param_value_internal":167.0,"distribution":"{\"name\": \"IntDistribution\", \"attributes\": {\"log\": false, \"step\": 1, \"low\": 50, \"high\": 200}}"}
{"op_code":5,"worker_id":"4db478c8-007d-470f-bc82-431f9526767a-139679950972736","trial_id":129,"param_name":"max_depth","param_value_internal":3.0,"distribution":"{\"name\": \"IntDistribution\", \"attributes\": {\"log\": false, \"step\": 1, \"low\": 2, \"high\": 5}}"}
{"op_code":6,"worker_id":"4db478c8-007d-470f-bc82-431f9526767a-139679950972736","trial_id":129,"state":1,"values":[0.7329445479147587],"datetime_complete":"2026-03-20T19:34:12.116932"}
{"op_code":0,"worker_id":"2549bfc3-ba6f-4f43-a30f-09b6195af54f-139679950972736","study_name":"gbsa_tuning","directions":[2]}
{"op_code":4,"worker_id":"2549bfc3-ba6f-4f43-a30f-09b6195af54f-139679950972736","study_id":0,"datetime_start":"2026-03-20T19:41:34.769441"}
{"op_code":5,"worker_id":"2549bfc3-ba6f-4f43-a30f-09b6195af54f-139679950972736","trial_id":130,"param_name":"learning_rate","param_value_internal":0.0919427328764869,"distribution":"{\"name\": \"FloatDistribution\", \"attributes\": {\"step\": null, \"low\": 0.01, \"high\": 0.2, \"log\": true}}"}
{"op_code":5,"worker_id":"2549bfc3-ba6f-4f43-a30f-09b6195af54f-139679950972736","trial_id":130,"param_name":"n_estimators","param_value_internal":161.0,"distribution":"{\"name\": \"IntDistribution\", \"attributes\": {\"log\": false, \"step\": 1, \"low\": 50, \"high\": 200}}"}
{"op_code":5,"worker_id":"2549bfc3-ba6f-4f43-a30f-09b6195af54f-139679950972736","trial_id":130,"param_name":"max_depth","param_value_internal":3.0,"distribution":"{\"name\": \"IntDistribution\", \"attributes\": {\"log\": false, \"step\": 1, \"low\": 2, \"high\": 5}}"}
{"op_code":6,"worker_id":"2549bfc3-ba6f-4f43-a30f-09b6195af54f-139679950972736","trial_id":130,"state":1,"values":[0.7488092433445666],"datetime_complete":"2026-03-20T19:42:06.458857"}
{"op_code":4,"worker_id":"2549bfc3-ba6f-4f43-a30f-09b6195af54f-139679950972736","study_id":0,"datetime_start":"2026-03-20T19:42:06.474932"}
{"op_code":5,"worker_id":"2549bfc3-ba6f-4f43-a30f-09b6195af54f-139679950972736","trial_id":131,"param_name":"learning_rate","param_value_internal":0.08618954267215287,"distribution":"{\"name\": \"FloatDistribution\", \"attributes\": {\"step\": null, \"low\": 0.01, \"high\": 0.2, \"log\": true}}"}
{"op_code":5,"worker_id":"2549bfc3-ba6f-4f43-a30f-09b6195af54f-139679950972736","trial_id":131,"param_name":"n_estimators","param_value_internal":184.0,"distribution":"{\"name\": \"IntDistribution\", \"attributes\": {\"log\": false, \"step\": 1, \"low\": 50, \"high\": 200}}"}
{"op_code":5,"worker_id":"2549bfc3-ba6f-4f43-a30f-09b6195af54f-139679950972736","trial_id":131,"param_name":"max_depth","param_value_internal":3.0,"distribution":"{\"name\": \"IntDistribution\", \"attributes\": {\"log\": false, \"step\": 1, \"low\": 2, \"high\": 5}}"}
{"op_code":6,"worker_id":"2549bfc3-ba6f-4f43-a30f-09b6195af54f-139679950972736","trial_id":131,"state":1,"values":[0.7491447038216886],"datetime_complete":"2026-03-20T19:42:42.725021"}
{"op_code":4,"worker_id":"2549bfc3-ba6f-4f43-a30f-09b6195af54f-139679950972736","study_id":0,"datetime_start":"2026-03-20T19:42:42.748960"}
{"op_code":5,"worker_id":"2549bfc3-ba6f-4f43-a30f-09b6195af54f-139679950972736","trial_id":132,"param_name":"learning_rate","param_value_internal":0.07622221264294546,"distribution":"{\"name\": \"FloatDistribution\", \"attributes\": {\"step\": null, \"low\": 0.01, \"high\": 0.2, \"log\": true}}"}
{"op_code":5,"worker_id":"2549bfc3-ba6f-4f43-a30f-09b6195af54f-139679950972736","trial_id":132,"param_name":"n_estimators","param_value_internal":189.0,"distribution":"{\"name\": \"IntDistribution\", \"attributes\": {\"log\": false, \"step\": 1, \"low\": 50, \"high\": 200}}"}
{"op_code":5,"worker_id":"2549bfc3-ba6f-4f43-a30f-09b6195af54f-139679950972736","trial_id":132,"param_name":"max_depth","param_value_internal":3.0,"distribution":"{\"name\": \"IntDistribution\", \"attributes\": {\"log\": false, \"step\": 1, \"low\": 2, \"high\": 5}}"}
{"op_code":6,"worker_id":"2549bfc3-ba6f-4f43-a30f-09b6195af54f-139679950972736","trial_id":132,"state":1,"values":[0.7481075931863111],"datetime_complete":"2026-03-20T19:43:20.033599"}
{"op_code":4,"worker_id":"2549bfc3-ba6f-4f43-a30f-09b6195af54f-139679950972736","study_id":0,"datetime_start":"2026-03-20T19:43:20.052283"}
{"op_code":5,"worker_id":"2549bfc3-ba6f-4f43-a30f-09b6195af54f-139679950972736","trial_id":133,"param_name":"learning_rate","param_value_internal":0.10444065711134373,"distribution":"{\"name\": \"FloatDistribution\", \"attributes\": {\"step\": null, \"low\": 0.01, \"high\": 0.2, \"log\": true}}"}
{"op_code":5,"worker_id":"2549bfc3-ba6f-4f43-a30f-09b6195af54f-139679950972736","trial_id":133,"param_name":"n_estimators","param_value_internal":69.0,"distribution":"{\"name\": \"IntDistribution\", \"attributes\": {\"log\": false, \"step\": 1, \"low\": 50, \"high\": 200}}"}
{"op_code":5,"worker_id":"2549bfc3-ba6f-4f43-a30f-09b6195af54f-139679950972736","trial_id":133,"param_name":"max_depth","param_value_internal":3.0,"distribution":"{\"name\": \"IntDistribution\", \"attributes\": {\"log\": false, \"step\": 1, \"low\": 2, \"high\": 5}}"}
{"op_code":6,"worker_id":"2549bfc3-ba6f-4f43-a30f-09b6195af54f-139679950972736","trial_id":133,"state":1,"values":[0.7394982945291774],"datetime_complete":"2026-03-20T19:43:33.721338"}
{"op_code":4,"worker_id":"2549bfc3-ba6f-4f43-a30f-09b6195af54f-139679950972736","study_id":0,"datetime_start":"2026-03-20T19:43:33.740968"}
{"op_code":5,"worker_id":"2549bfc3-ba6f-4f43-a30f-09b6195af54f-139679950972736","trial_id":134,"param_name":"learning_rate","param_value_internal":0.0838359683054071,"distribution":"{\"name\": \"FloatDistribution\", \"attributes\": {\"step\": null, \"low\": 0.01, \"high\": 0.2, \"log\": true}}"}
{"op_code":5,"worker_id":"2549bfc3-ba6f-4f43-a30f-09b6195af54f-139679950972736","trial_id":134,"param_name":"n_estimators","param_value_internal":176.0,"distribution":"{\"name\": \"IntDistribution\", \"attributes\": {\"log\": false, \"step\": 1, \"low\": 50, \"high\": 200}}"}
{"op_code":5,"worker_id":"2549bfc3-ba6f-4f43-a30f-09b6195af54f-139679950972736","trial_id":134,"param_name":"max_depth","param_value_internal":3.0,"distribution":"{\"name\": \"IntDistribution\", \"attributes\": {\"log\": false, \"step\": 1, \"low\": 2, \"high\": 5}}"}
{"op_code":6,"worker_id":"2549bfc3-ba6f-4f43-a30f-09b6195af54f-139679950972736","trial_id":134,"state":1,"values":[0.7487708318395526],"datetime_complete":"2026-03-20T19:44:08.429191"}
{"op_code":4,"worker_id":"2549bfc3-ba6f-4f43-a30f-09b6195af54f-139679950972736","study_id":0,"datetime_start":"2026-03-20T19:44:08.461263"}
{"op_code":5,"worker_id":"2549bfc3-ba6f-4f43-a30f-09b6195af54f-139679950972736","trial_id":135,"param_name":"learning_rate","param_value_internal":0.06822437217817058,"distribution":"{\"name\": \"FloatDistribution\", \"attributes\": {\"step\": null, \"low\": 0.01, \"high\": 0.2, \"log\": true}}"}
{"op_code":5,"worker_id":"2549bfc3-ba6f-4f43-a30f-09b6195af54f-139679950972736","trial_id":135,"param_name":"n_estimators","param_value_internal":170.0,"distribution":"{\"name\": \"IntDistribution\", \"attributes\": {\"log\": false, \"step\": 1, \"low\": 50, \"high\": 200}}"}
{"op_code":5,"worker_id":"2549bfc3-ba6f-4f43-a30f-09b6195af54f-139679950972736","trial_id":135,"param_name":"max_depth","param_value_internal":3.0,"distribution":"{\"name\": \"IntDistribution\", \"attributes\": {\"log\": false, \"step\": 1, \"low\": 2, \"high\": 5}}"}
{"op_code":6,"worker_id":"2549bfc3-ba6f-4f43-a30f-09b6195af54f-139679950972736","trial_id":135,"state":1,"values":[0.7462740840136438],"datetime_complete":"2026-03-20T19:44:42.006019"}
{"op_code":4,"worker_id":"2549bfc3-ba6f-4f43-a30f-09b6195af54f-139679950972736","study_id":0,"datetime_start":"2026-03-20T19:44:42.026954"}
{"op_code":5,"worker_id":"2549bfc3-ba6f-4f43-a30f-09b6195af54f-139679950972736","trial_id":136,"param_name":"learning_rate","param_value_internal":0.09527846567957883,"distribution":"{\"name\": \"FloatDistribution\", \"attributes\": {\"step\": null, \"low\": 0.01, \"high\": 0.2, \"log\": true}}"}
{"op_code":5,"worker_id":"2549bfc3-ba6f-4f43-a30f-09b6195af54f-139679950972736","trial_id":136,"param_name":"n_estimators","param_value_internal":184.0,"distribution":"{\"name\": \"IntDistribution\", \"attributes\": {\"log\": false, \"step\": 1, \"low\": 50, \"high\": 200}}"}
{"op_code":5,"worker_id":"2549bfc3-ba6f-4f43-a30f-09b6195af54f-139679950972736","trial_id":136,"param_name":"max_depth","param_value_internal":3.0,"distribution":"{\"name\": \"IntDistribution\", \"attributes\": {\"log\": false, \"step\": 1, \"low\": 2, \"high\": 5}}"}
{"op_code":6,"worker_id":"2549bfc3-ba6f-4f43-a30f-09b6195af54f-139679950972736","trial_id":136,"state":1,"values":[0.7491677507246971],"datetime_complete":"2026-03-20T19:45:18.363550"}
{"op_code":4,"worker_id":"2549bfc3-ba6f-4f43-a30f-09b6195af54f-139679950972736","study_id":0,"datetime_start":"2026-03-20T19:45:18.386685"}
{"op_code":5,"worker_id":"2549bfc3-ba6f-4f43-a30f-09b6195af54f-139679950972736","trial_id":137,"param_name":"learning_rate","param_value_internal":0.05329867457958052,"distribution":"{\"name\": \"FloatDistribution\", \"attributes\": {\"step\": null, \"low\": 0.01, \"high\": 0.2, \"log\": true}}"}
{"op_code":5,"worker_id":"2549bfc3-ba6f-4f43-a30f-09b6195af54f-139679950972736","trial_id":137,"param_name":"n_estimators","param_value_internal":179.0,"distribution":"{\"name\": \"IntDistribution\", \"attributes\": {\"log\": false, \"step\": 1, \"low\": 50, \"high\": 200}}"}
{"op_code":5,"worker_id":"2549bfc3-ba6f-4f43-a30f-09b6195af54f-139679950972736","trial_id":137,"param_name":"max_depth","param_value_internal":3.0,"distribution":"{\"name\": \"IntDistribution\", \"attributes\": {\"log\": false, \"step\": 1, \"low\": 2, \"high\": 5}}"}
{"op_code":6,"worker_id":"2549bfc3-ba6f-4f43-a30f-09b6195af54f-139679950972736","trial_id":137,"state":1,"values":[0.7426736456103332],"datetime_complete":"2026-03-20T19:45:53.655310"}
{"op_code":4,"worker_id":"2549bfc3-ba6f-4f43-a30f-09b6195af54f-139679950972736","study_id":0,"datetime_start":"2026-03-20T19:45:53.672529"}
{"op_code":5,"worker_id":"2549bfc3-ba6f-4f43-a30f-09b6195af54f-139679950972736","trial_id":138,"param_name":"learning_rate","param_value_internal":0.06218181778748241,"distribution":"{\"name\": \"FloatDistribution\", \"attributes\": {\"step\": null, \"low\": 0.01, \"high\": 0.2, \"log\": true}}"}
{"op_code":5,"worker_id":"2549bfc3-ba6f-4f43-a30f-09b6195af54f-139679950972736","trial_id":138,"param_name":"n_estimators","param_value_internal":194.0,"distribution":"{\"name\": \"IntDistribution\", \"attributes\": {\"log\": false, \"step\": 1, \"low\": 50, \"high\": 200}}"}
{"op_code":5,"worker_id":"2549bfc3-ba6f-4f43-a30f-09b6195af54f-139679950972736","trial_id":138,"param_name":"max_depth","param_value_internal":3.0,"distribution":"{\"name\": \"IntDistribution\", \"attributes\": {\"log\": false, \"step\": 1, \"low\": 2, \"high\": 5}}"}
{"op_code":6,"worker_id":"2549bfc3-ba6f-4f43-a30f-09b6195af54f-139679950972736","trial_id":138,"state":1,"values":[0.7456185276614051],"datetime_complete":"2026-03-20T19:46:31.944004"}
{"op_code":4,"worker_id":"2549bfc3-ba6f-4f43-a30f-09b6195af54f-139679950972736","study_id":0,"datetime_start":"2026-03-20T19:46:31.967651"}
{"op_code":5,"worker_id":"2549bfc3-ba6f-4f43-a30f-09b6195af54f-139679950972736","trial_id":139,"param_name":"learning_rate","param_value_internal":0.07842427967229457,"distribution":"{\"name\": \"FloatDistribution\", \"attributes\": {\"step\": null, \"low\": 0.01, \"high\": 0.2, \"log\": true}}"}
{"op_code":5,"worker_id":"2549bfc3-ba6f-4f43-a30f-09b6195af54f-139679950972736","trial_id":139,"param_name":"n_estimators","param_value_internal":174.0,"distribution":"{\"name\": \"IntDistribution\", \"attributes\": {\"log\": false, \"step\": 1, \"low\": 50, \"high\": 200}}"}
{"op_code":5,"worker_id":"2549bfc3-ba6f-4f43-a30f-09b6195af54f-139679950972736","trial_id":139,"param_name":"max_depth","param_value_internal":3.0,"distribution":"{\"name\": \"IntDistribution\", \"attributes\": {\"log\": false, \"step\": 1, \"low\": 2, \"high\": 5}}"}
{"op_code":6,"worker_id":"2549bfc3-ba6f-4f43-a30f-09b6195af54f-139679950972736","trial_id":139,"state":1,"values":[0.7483662306534054],"datetime_complete":"2026-03-20T19:47:06.247773"}
{"op_code":0,"worker_id":"3f74514c-c2e4-4503-a88e-cc46dd720b4d-139679950972736","study_name":"gbsa_tuning","directions":[2]}
{"op_code":4,"worker_id":"3f74514c-c2e4-4503-a88e-cc46dd720b4d-139679950972736","study_id":0,"datetime_start":"2026-03-20T19:54:37.821921"}
{"op_code":5,"worker_id":"3f74514c-c2e4-4503-a88e-cc46dd720b4d-139679950972736","trial_id":140,"param_name":"learning_rate","param_value_internal":0.057871502488565145,"distribution":"{\"name\": \"FloatDistribution\", \"attributes\": {\"step\": null, \"low\": 0.01, \"high\": 0.2, \"log\": true}}"}
{"op_code":5,"worker_id":"3f74514c-c2e4-4503-a88e-cc46dd720b4d-139679950972736","trial_id":140,"param_name":"n_estimators","param_value_internal":190.0,"distribution":"{\"name\": \"IntDistribution\", \"attributes\": {\"log\": false, \"step\": 1, \"low\": 50, \"high\": 200}}"}
{"op_code":5,"worker_id":"3f74514c-c2e4-4503-a88e-cc46dd720b4d-139679950972736","trial_id":140,"param_name":"max_depth","param_value_internal":3.0,"distribution":"{\"name\": \"IntDistribution\", \"attributes\": {\"log\": false, \"step\": 1, \"low\": 2, \"high\": 5}}"}
{"op_code":6,"worker_id":"3f74514c-c2e4-4503-a88e-cc46dd720b4d-139679950972736","trial_id":140,"state":1,"values":[0.7684348723078366],"datetime_complete":"2026-03-20T19:55:15.244519"}
{"op_code":4,"worker_id":"3f74514c-c2e4-4503-a88e-cc46dd720b4d-139679950972736","study_id":0,"datetime_start":"2026-03-20T19:55:15.265099"}
{"op_code":5,"worker_id":"3f74514c-c2e4-4503-a88e-cc46dd720b4d-139679950972736","trial_id":141,"param_name":"learning_rate","param_value_internal":0.07133667171460484,"distribution":"{\"name\": \"FloatDistribution\", \"attributes\": {\"step\": null, \"low\": 0.01, \"high\": 0.2, \"log\": true}}"}
{"op_code":5,"worker_id":"3f74514c-c2e4-4503-a88e-cc46dd720b4d-139679950972736","trial_id":141,"param_name":"n_estimators","param_value_internal":198.0,"distribution":"{\"name\": \"IntDistribution\", \"attributes\": {\"log\": false, \"step\": 1, \"low\": 50, \"high\": 200}}"}
{"op_code":5,"worker_id":"3f74514c-c2e4-4503-a88e-cc46dd720b4d-139679950972736","trial_id":141,"param_name":"max_depth","param_value_internal":3.0,"distribution":"{\"name\": \"IntDistribution\", \"attributes\": {\"log\": false, \"step\": 1, \"low\": 2, \"high\": 5}}"}
{"op_code":6,"worker_id":"3f74514c-c2e4-4503-a88e-cc46dd720b4d-139679950972736","trial_id":141,"state":1,"values":[0.7707349983849624],"datetime_complete":"2026-03-20T19:55:54.229099"}
{"op_code":4,"worker_id":"3f74514c-c2e4-4503-a88e-cc46dd720b4d-139679950972736","study_id":0,"datetime_start":"2026-03-20T19:55:54.250799"}
{"op_code":5,"worker_id":"3f74514c-c2e4-4503-a88e-cc46dd720b4d-139679950972736","trial_id":142,"param_name":"learning_rate","param_value_internal":0.0709702708308979,"distribution":"{\"name\": \"FloatDistribution\", \"attributes\": {\"step\": null, \"low\": 0.01, \"high\": 0.2, \"log\": true}}"}
{"op_code":5,"worker_id":"3f74514c-c2e4-4503-a88e-cc46dd720b4d-139679950972736","trial_id":142,"param_name":"n_estimators","param_value_internal":198.0,"distribution":"{\"name\": \"IntDistribution\", \"attributes\": {\"log\": false, \"step\": 1, \"low\": 50, \"high\": 200}}"}
{"op_code":5,"worker_id":"3f74514c-c2e4-4503-a88e-cc46dd720b4d-139679950972736","trial_id":142,"param_name":"max_depth","param_value_internal":3.0,"distribution":"{\"name\": \"IntDistribution\", \"attributes\": {\"log\": false, \"step\": 1, \"low\": 2, \"high\": 5}}"}
{"op_code":6,"worker_id":"3f74514c-c2e4-4503-a88e-cc46dd720b4d-139679950972736","trial_id":142,"state":1,"values":[0.7712768174382378],"datetime_complete":"2026-03-20T19:56:33.197754"}
{"op_code":4,"worker_id":"3f74514c-c2e4-4503-a88e-cc46dd720b4d-139679950972736","study_id":0,"datetime_start":"2026-03-20T19:56:33.220415"}
{"op_code":5,"worker_id":"3f74514c-c2e4-4503-a88e-cc46dd720b4d-139679950972736","trial_id":143,"param_name":"learning_rate","param_value_internal":0.0652858479513314,"distribution":"{\"name\": \"FloatDistribution\", \"attributes\": {\"step\": null, \"low\": 0.01, \"high\": 0.2, \"log\": true}}"}
{"op_code":5,"worker_id":"3f74514c-c2e4-4503-a88e-cc46dd720b4d-139679950972736","trial_id":143,"param_name":"n_estimators","param_value_internal":200.0,"distribution":"{\"name\": \"IntDistribution\", \"attributes\": {\"log\": false, \"step\": 1, \"low\": 50, \"high\": 200}}"}
{"op_code":5,"worker_id":"3f74514c-c2e4-4503-a88e-cc46dd720b4d-139679950972736","trial_id":143,"param_name":"max_depth","param_value_internal":3.0,"distribution":"{\"name\": \"IntDistribution\", \"attributes\": {\"log\": false, \"step\": 1, \"low\": 2, \"high\": 5}}"}
{"op_code":6,"worker_id":"3f74514c-c2e4-4503-a88e-cc46dd720b4d-139679950972736","trial_id":143,"state":1,"values":[0.7706881101976597],"datetime_complete":"2026-03-20T19:57:12.561257"}
{"op_code":4,"worker_id":"3f74514c-c2e4-4503-a88e-cc46dd720b4d-139679950972736","study_id":0,"datetime_start":"2026-03-20T19:57:12.590515"}
{"op_code":5,"worker_id":"3f74514c-c2e4-4503-a88e-cc46dd720b4d-139679950972736","trial_id":144,"param_name":"learning_rate","param_value_internal":0.07316186624819664,"distribution":"{\"name\": \"FloatDistribution\", \"attributes\": {\"step\": null, \"low\": 0.01, \"high\": 0.2, \"log\": true}}"}
{"op_code":5,"worker_id":"3f74514c-c2e4-4503-a88e-cc46dd720b4d-139679950972736","trial_id":144,"param_name":"n_estimators","param_value_internal":165.0,"distribution":"{\"name\": \"IntDistribution\", \"attributes\": {\"log\": false, \"step\": 1, \"low\": 50, \"high\": 200}}"}
{"op_code":5,"worker_id":"3f74514c-c2e4-4503-a88e-cc46dd720b4d-139679950972736","trial_id":144,"param_name":"max_depth","param_value_internal":3.0,"distribution":"{\"name\": \"IntDistribution\", \"attributes\": {\"log\": false, \"step\": 1, \"low\": 2, \"high\": 5}}"}
{"op_code":6,"worker_id":"3f74514c-c2e4-4503-a88e-cc46dd720b4d-139679950972736","trial_id":144,"state":1,"values":[0.7688829149865066],"datetime_complete":"2026-03-20T19:57:45.065118"}
{"op_code":4,"worker_id":"3f74514c-c2e4-4503-a88e-cc46dd720b4d-139679950972736","study_id":0,"datetime_start":"2026-03-20T19:57:45.085495"}
{"op_code":5,"worker_id":"3f74514c-c2e4-4503-a88e-cc46dd720b4d-139679950972736","trial_id":145,"param_name":"learning_rate","param_value_internal":0.08915837247582362,"distribution":"{\"name\": \"FloatDistribution\", \"attributes\": {\"step\": null, \"low\": 0.01, \"high\": 0.2, \"log\": true}}"}
{"op_code":5,"worker_id":"3f74514c-c2e4-4503-a88e-cc46dd720b4d-139679950972736","trial_id":145,"param_name":"n_estimators","param_value_internal":194.0,"distribution":"{\"name\": \"IntDistribution\", \"attributes\": {\"log\": false, \"step\": 1, \"low\": 50, \"high\": 200}}"}
{"op_code":5,"worker_id":"3f74514c-c2e4-4503-a88e-cc46dd720b4d-139679950972736","trial_id":145,"param_name":"max_depth","param_value_internal":3.0,"distribution":"{\"name\": \"IntDistribution\", \"attributes\": {\"log\": false, \"step\": 1, \"low\": 2, \"high\": 5}}"}
{"op_code":6,"worker_id":"3f74514c-c2e4-4503-a88e-cc46dd720b4d-139679950972736","trial_id":145,"state":1,"values":[0.7713263105248351],"datetime_complete":"2026-03-20T19:58:23.313075"}
{"op_code":4,"worker_id":"3f74514c-c2e4-4503-a88e-cc46dd720b4d-139679950972736","study_id":0,"datetime_start":"2026-03-20T19:58:23.359123"}
{"op_code":5,"worker_id":"3f74514c-c2e4-4503-a88e-cc46dd720b4d-139679950972736","trial_id":146,"param_name":"learning_rate","param_value_internal":0.07675896833625635,"distribution":"{\"name\": \"FloatDistribution\", \"attributes\": {\"step\": null, \"low\": 0.01, \"high\": 0.2, \"log\": true}}"}
{"op_code":5,"worker_id":"3f74514c-c2e4-4503-a88e-cc46dd720b4d-139679950972736","trial_id":146,"param_name":"n_estimators","param_value_internal":187.0,"distribution":"{\"name\": \"IntDistribution\", \"attributes\": {\"log\": false, \"step\": 1, \"low\": 50, \"high\": 200}}"}
{"op_code":5,"worker_id":"3f74514c-c2e4-4503-a88e-cc46dd720b4d-139679950972736","trial_id":146,"param_name":"max_depth","param_value_internal":3.0,"distribution":"{\"name\": \"IntDistribution\", \"attributes\": {\"log\": false, \"step\": 1, \"low\": 2, \"high\": 5}}"}
{"op_code":6,"worker_id":"3f74514c-c2e4-4503-a88e-cc46dd720b4d-139679950972736","trial_id":146,"state":1,"values":[0.7711179185812677],"datetime_complete":"2026-03-20T19:59:00.214533"}
{"op_code":4,"worker_id":"3f74514c-c2e4-4503-a88e-cc46dd720b4d-139679950972736","study_id":0,"datetime_start":"2026-03-20T19:59:00.250370"}
{"op_code":5,"worker_id":"3f74514c-c2e4-4503-a88e-cc46dd720b4d-139679950972736","trial_id":147,"param_name":"learning_rate","param_value_internal":0.08367582095351819,"distribution":"{\"name\": \"FloatDistribution\", \"attributes\": {\"step\": null, \"low\": 0.01, \"high\": 0.2, \"log\": true}}"}
{"op_code":5,"worker_id":"3f74514c-c2e4-4503-a88e-cc46dd720b4d-139679950972736","trial_id":147,"param_name":"n_estimators","param_value_internal":181.0,"distribution":"{\"name\": \"IntDistribution\", \"attributes\": {\"log\": false, \"step\": 1, \"low\": 50, \"high\": 200}}"}
{"op_code":5,"worker_id":"3f74514c-c2e4-4503-a88e-cc46dd720b4d-139679950972736","trial_id":147,"param_name":"max_depth","param_value_internal":3.0,"distribution":"{\"name\": \"IntDistribution\", \"attributes\": {\"log\": false, \"step\": 1, \"low\": 2, \"high\": 5}}"}
{"op_code":6,"worker_id":"3f74514c-c2e4-4503-a88e-cc46dd720b4d-139679950972736","trial_id":147,"state":1,"values":[0.7722197909828806],"datetime_complete":"2026-03-20T19:59:36.205533"}
{"op_code":4,"worker_id":"3f74514c-c2e4-4503-a88e-cc46dd720b4d-139679950972736","study_id":0,"datetime_start":"2026-03-20T19:59:36.229123"}
{"op_code":5,"worker_id":"3f74514c-c2e4-4503-a88e-cc46dd720b4d-139679950972736","trial_id":148,"param_name":"learning_rate","param_value_internal":0.025300521641496456,"distribution":"{\"name\": \"FloatDistribution\", \"attributes\": {\"step\": null, \"low\": 0.01, \"high\": 0.2, \"log\": true}}"}
{"op_code":5,"worker_id":"3f74514c-c2e4-4503-a88e-cc46dd720b4d-139679950972736","trial_id":148,"param_name":"n_estimators","param_value_internal":196.0,"distribution":"{\"name\": \"IntDistribution\", \"attributes\": {\"log\": false, \"step\": 1, \"low\": 50, \"high\": 200}}"}
{"op_code":5,"worker_id":"3f74514c-c2e4-4503-a88e-cc46dd720b4d-139679950972736","trial_id":148,"param_name":"max_depth","param_value_internal":3.0,"distribution":"{\"name\": \"IntDistribution\", \"attributes\": {\"log\": false, \"step\": 1, \"low\": 2, \"high\": 5}}"}
{"op_code":6,"worker_id":"3f74514c-c2e4-4503-a88e-cc46dd720b4d-139679950972736","trial_id":148,"state":1,"values":[0.7545820178591895],"datetime_complete":"2026-03-20T20:00:14.789499"}
{"op_code":4,"worker_id":"3f74514c-c2e4-4503-a88e-cc46dd720b4d-139679950972736","study_id":0,"datetime_start":"2026-03-20T20:00:14.810986"}
{"op_code":5,"worker_id":"3f74514c-c2e4-4503-a88e-cc46dd720b4d-139679950972736","trial_id":149,"param_name":"learning_rate","param_value_internal":0.09980075721513383,"distribution":"{\"name\": \"FloatDistribution\", \"attributes\": {\"step\": null, \"low\": 0.01, \"high\": 0.2, \"log\": true}}"}
{"op_code":5,"worker_id":"3f74514c-c2e4-4503-a88e-cc46dd720b4d-139679950972736","trial_id":149,"param_name":"n_estimators","param_value_internal":171.0,"distribution":"{\"name\": \"IntDistribution\", \"attributes\": {\"log\": false, \"step\": 1, \"low\": 50, \"high\": 200}}"}
{"op_code":5,"worker_id":"3f74514c-c2e4-4503-a88e-cc46dd720b4d-139679950972736","trial_id":149,"param_name":"max_depth","param_value_internal":3.0,"distribution":"{\"name\": \"IntDistribution\", \"attributes\": {\"log\": false, \"step\": 1, \"low\": 2, \"high\": 5}}"}
{"op_code":6,"worker_id":"3f74514c-c2e4-4503-a88e-cc46dd720b4d-139679950972736","trial_id":149,"state":1,"values":[0.7728944599001802],"datetime_complete":"2026-03-20T20:00:48.496468"}
{"op_code":0,"worker_id":"9aaa99bf-cd2d-4263-917f-e3b3f30c4692-139679950972736","study_name":"gbsa_tuning","directions":[2]}
{"op_code":4,"worker_id":"9aaa99bf-cd2d-4263-917f-e3b3f30c4692-139679950972736","study_id":0,"datetime_start":"2026-03-20T20:07:44.477965"}
{"op_code":5,"worker_id":"9aaa99bf-cd2d-4263-917f-e3b3f30c4692-139679950972736","trial_id":150,"param_name":"learning_rate","param_value_internal":0.06909825966404613,"distribution":"{\"name\": \"FloatDistribution\", \"attributes\": {\"step\": null, \"low\": 0.01, \"high\": 0.2, \"log\": true}}"}
{"op_code":5,"worker_id":"9aaa99bf-cd2d-4263-917f-e3b3f30c4692-139679950972736","trial_id":150,"param_name":"n_estimators","param_value_internal":190.0,"distribution":"{\"name\": \"IntDistribution\", \"attributes\": {\"log\": false, \"step\": 1, \"low\": 50, \"high\": 200}}"}
{"op_code":5,"worker_id":"9aaa99bf-cd2d-4263-917f-e3b3f30c4692-139679950972736","trial_id":150,"param_name":"max_depth","param_value_internal":3.0,"distribution":"{\"name\": \"IntDistribution\", \"attributes\": {\"log\": false, \"step\": 1, \"low\": 2, \"high\": 5}}"}
{"op_code":6,"worker_id":"9aaa99bf-cd2d-4263-917f-e3b3f30c4692-139679950972736","trial_id":150,"state":1,"values":[0.7638917351476525],"datetime_complete":"2026-03-20T20:08:21.838009"}
{"op_code":4,"worker_id":"9aaa99bf-cd2d-4263-917f-e3b3f30c4692-139679950972736","study_id":0,"datetime_start":"2026-03-20T20:08:21.852872"}
{"op_code":5,"worker_id":"9aaa99bf-cd2d-4263-917f-e3b3f30c4692-139679950972736","trial_id":151,"param_name":"learning_rate","param_value_internal":0.07852667953527488,"distribution":"{\"name\": \"FloatDistribution\", \"attributes\": {\"step\": null, \"low\": 0.01, \"high\": 0.2, \"log\": true}}"}
{"op_code":5,"worker_id":"9aaa99bf-cd2d-4263-917f-e3b3f30c4692-139679950972736","trial_id":151,"param_name":"n_estimators","param_value_internal":192.0,"distribution":"{\"name\": \"IntDistribution\", \"attributes\": {\"log\": false, \"step\": 1, \"low\": 50, \"high\": 200}}"}
{"op_code":5,"worker_id":"9aaa99bf-cd2d-4263-917f-e3b3f30c4692-139679950972736","trial_id":151,"param_name":"max_depth","param_value_internal":3.0,"distribution":"{\"name\": \"IntDistribution\", \"attributes\": {\"log\": false, \"step\": 1, \"low\": 2, \"high\": 5}}"}
{"op_code":6,"worker_id":"9aaa99bf-cd2d-4263-917f-e3b3f30c4692-139679950972736","trial_id":151,"state":1,"values":[0.7655439883599402],"datetime_complete":"2026-03-20T20:08:59.507692"}
{"op_code":4,"worker_id":"9aaa99bf-cd2d-4263-917f-e3b3f30c4692-139679950972736","study_id":0,"datetime_start":"2026-03-20T20:08:59.554413"}
{"op_code":5,"worker_id":"9aaa99bf-cd2d-4263-917f-e3b3f30c4692-139679950972736","trial_id":152,"param_name":"learning_rate","param_value_internal":0.07611492501198207,"distribution":"{\"name\": \"FloatDistribution\", \"attributes\": {\"step\": null, \"low\": 0.01, \"high\": 0.2, \"log\": true}}"}
{"op_code":5,"worker_id":"9aaa99bf-cd2d-4263-917f-e3b3f30c4692-139679950972736","trial_id":152,"param_name":"n_estimators","param_value_internal":185.0,"distribution":"{\"name\": \"IntDistribution\", \"attributes\": {\"log\": false, \"step\": 1, \"low\": 50, \"high\": 200}}"}
{"op_code":5,"worker_id":"9aaa99bf-cd2d-4263-917f-e3b3f30c4692-139679950972736","trial_id":152,"param_name":"max_depth","param_value_internal":3.0,"distribution":"{\"name\": \"IntDistribution\", \"attributes\": {\"log\": false, \"step\": 1, \"low\": 2, \"high\": 5}}"}
{"op_code":6,"worker_id":"9aaa99bf-cd2d-4263-917f-e3b3f30c4692-139679950972736","trial_id":152,"state":1,"values":[0.7660127671783101],"datetime_complete":"2026-03-20T20:09:35.832749"}
{"op_code":4,"worker_id":"9aaa99bf-cd2d-4263-917f-e3b3f30c4692-139679950972736","study_id":0,"datetime_start":"2026-03-20T20:09:35.856159"}
{"op_code":5,"worker_id":"9aaa99bf-cd2d-4263-917f-e3b3f30c4692-139679950972736","trial_id":153,"param_name":"learning_rate","param_value_internal":0.08311712662935772,"distribution":"{\"name\": \"FloatDistribution\", \"attributes\": {\"step\": null, \"low\": 0.01, \"high\": 0.2, \"log\": true}}"}
{"op_code":5,"worker_id":"9aaa99bf-cd2d-4263-917f-e3b3f30c4692-139679950972736","trial_id":153,"param_name":"n_estimators","param_value_internal":157.0,"distribution":"{\"name\": \"IntDistribution\", \"attributes\": {\"log\": false, \"step\": 1, \"low\": 50, \"high\": 200}}"}
{"op_code":5,"worker_id":"9aaa99bf-cd2d-4263-917f-e3b3f30c4692-139679950972736","trial_id":153,"param_name":"max_depth","param_value_internal":3.0,"distribution":"{\"name\": \"IntDistribution\", \"attributes\": {\"log\": false, \"step\": 1, \"low\": 2, \"high\": 5}}"}
{"op_code":6,"worker_id":"9aaa99bf-cd2d-4263-917f-e3b3f30c4692-139679950972736","trial_id":153,"state":1,"values":[0.7632231489640756],"datetime_complete":"2026-03-20T20:10:06.712830"}
{"op_code":4,"worker_id":"9aaa99bf-cd2d-4263-917f-e3b3f30c4692-139679950972736","study_id":0,"datetime_start":"2026-03-20T20:10:06.739177"}
{"op_code":5,"worker_id":"9aaa99bf-cd2d-4263-917f-e3b3f30c4692-139679950972736","trial_id":154,"param_name":"learning_rate","param_value_internal":0.06441890089304647,"distribution":"{\"name\": \"FloatDistribution\", \"attributes\": {\"step\": null, \"low\": 0.01, \"high\": 0.2, \"log\": true}}"}
{"op_code":5,"worker_id":"9aaa99bf-cd2d-4263-917f-e3b3f30c4692-139679950972736","trial_id":154,"param_name":"n_estimators","param_value_internal":162.0,"distribution":"{\"name\": \"IntDistribution\", \"attributes\": {\"log\": false, \"step\": 1, \"low\": 50, \"high\": 200}}"}
{"op_code":5,"worker_id":"9aaa99bf-cd2d-4263-917f-e3b3f30c4692-139679950972736","trial_id":154,"param_name":"max_depth","param_value_internal":3.0,"distribution":"{\"name\": \"IntDistribution\", \"attributes\": {\"log\": false, \"step\": 1, \"low\": 2, \"high\": 5}}"}
{"op_code":6,"worker_id":"9aaa99bf-cd2d-4263-917f-e3b3f30c4692-139679950972736","trial_id":154,"state":1,"values":[0.7628184109678874],"datetime_complete":"2026-03-20T20:10:38.561328"}
{"op_code":4,"worker_id":"9aaa99bf-cd2d-4263-917f-e3b3f30c4692-139679950972736","study_id":0,"datetime_start":"2026-03-20T20:10:38.587929"}
{"op_code":5,"worker_id":"9aaa99bf-cd2d-4263-917f-e3b3f30c4692-139679950972736","trial_id":155,"param_name":"learning_rate","param_value_internal":0.09292676067538726,"distribution":"{\"name\": \"FloatDistribution\", \"attributes\": {\"step\": null, \"low\": 0.01, \"high\": 0.2, \"log\": true}}"}
{"op_code":5,"worker_id":"9aaa99bf-cd2d-4263-917f-e3b3f30c4692-139679950972736","trial_id":155,"param_name":"n_estimators","param_value_internal":190.0,"distribution":"{\"name\": \"IntDistribution\", \"attributes\": {\"log\": false, \"step\": 1, \"low\": 50, \"high\": 200}}"}
{"op_code":5,"worker_id":"9aaa99bf-cd2d-4263-917f-e3b3f30c4692-139679950972736","trial_id":155,"param_name":"max_depth","param_value_internal":3.0,"distribution":"{\"name\": \"IntDistribution\", \"attributes\": {\"log\": false, \"step\": 1, \"low\": 2, \"high\": 5}}"}
{"op_code":6,"worker_id":"9aaa99bf-cd2d-4263-917f-e3b3f30c4692-139679950972736","trial_id":155,"state":1,"values":[0.7666249974383671],"datetime_complete":"2026-03-20T20:11:15.903361"}
{"op_code":4,"worker_id":"9aaa99bf-cd2d-4263-917f-e3b3f30c4692-139679950972736","study_id":0,"datetime_start":"2026-03-20T20:11:15.928270"}
{"op_code":5,"worker_id":"9aaa99bf-cd2d-4263-917f-e3b3f30c4692-139679950972736","trial_id":156,"param_name":"learning_rate","param_value_internal":0.07962012398114637,"distribution":"{\"name\": \"FloatDistribution\", \"attributes\": {\"step\": null, \"low\": 0.01, \"high\": 0.2, \"log\": true}}"}
{"op_code":5,"worker_id":"9aaa99bf-cd2d-4263-917f-e3b3f30c4692-139679950972736","trial_id":156,"param_name":"n_estimators","param_value_internal":196.0,"distribution":"{\"name\": \"IntDistribution\", \"attributes\": {\"log\": false, \"step\": 1, \"low\": 50, \"high\": 200}}"}
{"op_code":5,"worker_id":"9aaa99bf-cd2d-4263-917f-e3b3f30c4692-139679950972736","trial_id":156,"param_name":"max_depth","param_value_internal":3.0,"distribution":"{\"name\": \"IntDistribution\", \"attributes\": {\"log\": false, \"step\": 1, \"low\": 2, \"high\": 5}}"}
{"op_code":6,"worker_id":"9aaa99bf-cd2d-4263-917f-e3b3f30c4692-139679950972736","trial_id":156,"state":1,"values":[0.7655849744861365],"datetime_complete":"2026-03-20T20:11:54.371573"}
{"op_code":4,"worker_id":"9aaa99bf-cd2d-4263-917f-e3b3f30c4692-139679950972736","study_id":0,"datetime_start":"2026-03-20T20:11:54.394973"}
{"op_code":5,"worker_id":"9aaa99bf-cd2d-4263-917f-e3b3f30c4692-139679950972736","trial_id":157,"param_name":"learning_rate","param_value_internal":0.07265331344197586,"distribution":"{\"name\": \"FloatDistribution\", \"attributes\": {\"step\": null, \"low\": 0.01, \"high\": 0.2, \"log\": true}}"}
{"op_code":5,"worker_id":"9aaa99bf-cd2d-4263-917f-e3b3f30c4692-139679950972736","trial_id":157,"param_name":"n_estimators","param_value_internal":177.0,"distribution":"{\"name\": \"IntDistribution\", \"attributes\": {\"log\": false, \"step\": 1, \"low\": 50, \"high\": 200}}"}
{"op_code":5,"worker_id":"9aaa99bf-cd2d-4263-917f-e3b3f30c4692-139679950972736","trial_id":157,"param_name":"max_depth","param_value_internal":3.0,"distribution":"{\"name\": \"IntDistribution\", \"attributes\": {\"log\": false, \"step\": 1, \"low\": 2, \"high\": 5}}"}
{"op_code":6,"worker_id":"9aaa99bf-cd2d-4263-917f-e3b3f30c4692-139679950972736","trial_id":157,"state":1,"values":[0.7636996126811074],"datetime_complete":"2026-03-20T20:12:29.172562"}
{"op_code":4,"worker_id":"9aaa99bf-cd2d-4263-917f-e3b3f30c4692-139679950972736","study_id":0,"datetime_start":"2026-03-20T20:12:29.193653"}
{"op_code":5,"worker_id":"9aaa99bf-cd2d-4263-917f-e3b3f30c4692-139679950972736","trial_id":158,"param_name":"learning_rate","param_value_internal":0.08696406690794493,"distribution":"{\"name\": \"FloatDistribution\", \"attributes\": {\"step\": null, \"low\": 0.01, \"high\": 0.2, \"log\": true}}"}
{"op_code":5,"worker_id":"9aaa99bf-cd2d-4263-917f-e3b3f30c4692-139679950972736","trial_id":158,"param_name":"n_estimators","param_value_internal":183.0,"distribution":"{\"name\": \"IntDistribution\", \"attributes\": {\"log\": false, \"step\": 1, \"low\": 50, \"high\": 200}}"}
{"op_code":5,"worker_id":"9aaa99bf-cd2d-4263-917f-e3b3f30c4692-139679950972736","trial_id":158,"param_name":"max_depth","param_value_internal":3.0,"distribution":"{\"name\": \"IntDistribution\", \"attributes\": {\"log\": false, \"step\": 1, \"low\": 2, \"high\": 5}}"}
{"op_code":6,"worker_id":"9aaa99bf-cd2d-4263-917f-e3b3f30c4692-139679950972736","trial_id":158,"state":1,"values":[0.7662868618972478],"datetime_complete":"2026-03-20T20:13:05.118191"}
{"op_code":4,"worker_id":"9aaa99bf-cd2d-4263-917f-e3b3f30c4692-139679950972736","study_id":0,"datetime_start":"2026-03-20T20:13:05.137767"}
{"op_code":5,"worker_id":"9aaa99bf-cd2d-4263-917f-e3b3f30c4692-139679950972736","trial_id":159,"param_name":"learning_rate","param_value_internal":0.015396459778525587,"distribution":"{\"name\": \"FloatDistribution\", \"attributes\": {\"step\": null, \"low\": 0.01, \"high\": 0.2, \"log\": true}}"}
{"op_code":5,"worker_id":"9aaa99bf-cd2d-4263-917f-e3b3f30c4692-139679950972736","trial_id":159,"param_name":"n_estimators","param_value_internal":167.0,"distribution":"{\"name\": \"IntDistribution\", \"attributes\": {\"log\": false, \"step\": 1, \"low\": 50, \"high\": 200}}"}
{"op_code":5,"worker_id":"9aaa99bf-cd2d-4263-917f-e3b3f30c4692-139679950972736","trial_id":159,"param_name":"max_depth","param_value_internal":3.0,"distribution":"{\"name\": \"IntDistribution\", \"attributes\": {\"log\": false, \"step\": 1, \"low\": 2, \"high\": 5}}"}
{"op_code":6,"worker_id":"9aaa99bf-cd2d-4263-917f-e3b3f30c4692-139679950972736","trial_id":159,"state":1,"values":[0.7551130192429862],"datetime_complete":"2026-03-20T20:13:37.971318"}
{"op_code":0,"worker_id":"ff2aa6b5-1890-44ac-bec9-95d9aba84cef-139679950972736","study_name":"gbsa_tuning","directions":[2]}
{"op_code":4,"worker_id":"ff2aa6b5-1890-44ac-bec9-95d9aba84cef-139679950972736","study_id":0,"datetime_start":"2026-03-20T20:20:37.667775"}
{"op_code":5,"worker_id":"ff2aa6b5-1890-44ac-bec9-95d9aba84cef-139679950972736","trial_id":160,"param_name":"learning_rate","param_value_internal":0.11178074929485858,"distribution":"{\"name\": \"FloatDistribution\", \"attributes\": {\"step\": null, \"low\": 0.01, \"high\": 0.2, \"log\": true}}"}
{"op_code":5,"worker_id":"ff2aa6b5-1890-44ac-bec9-95d9aba84cef-139679950972736","trial_id":160,"param_name":"n_estimators","param_value_internal":191.0,"distribution":"{\"name\": \"IntDistribution\", \"attributes\": {\"log\": false, \"step\": 1, \"low\": 50, \"high\": 200}}"}
{"op_code":5,"worker_id":"ff2aa6b5-1890-44ac-bec9-95d9aba84cef-139679950972736","trial_id":160,"param_name":"max_depth","param_value_internal":3.0,"distribution":"{\"name\": \"IntDistribution\", \"attributes\": {\"log\": false, \"step\": 1, \"low\": 2, \"high\": 5}}"}
{"op_code":6,"worker_id":"ff2aa6b5-1890-44ac-bec9-95d9aba84cef-139679950972736","trial_id":160,"state":1,"values":[0.7786723768736616],"datetime_complete":"2026-03-20T20:21:14.568639"}
{"op_code":4,"worker_id":"ff2aa6b5-1890-44ac-bec9-95d9aba84cef-139679950972736","study_id":0,"datetime_start":"2026-03-20T20:21:14.589263"}
{"op_code":5,"worker_id":"ff2aa6b5-1890-44ac-bec9-95d9aba84cef-139679950972736","trial_id":161,"param_name":"learning_rate","param_value_internal":0.09489640617382519,"distribution":"{\"name\": \"FloatDistribution\", \"attributes\": {\"step\": null, \"low\": 0.01, \"high\": 0.2, \"log\": true}}"}
{"op_code":5,"worker_id":"ff2aa6b5-1890-44ac-bec9-95d9aba84cef-139679950972736","trial_id":161,"param_name":"n_estimators","param_value_internal":154.0,"distribution":"{\"name\": \"IntDistribution\", \"attributes\": {\"log\": false, \"step\": 1, \"low\": 50, \"high\": 200}}"}
{"op_code":5,"worker_id":"ff2aa6b5-1890-44ac-bec9-95d9aba84cef-139679950972736","trial_id":161,"param_name":"max_depth","param_value_internal":3.0,"distribution":"{\"name\": \"IntDistribution\", \"attributes\": {\"log\": false, \"step\": 1, \"low\": 2, \"high\": 5}}"}
{"op_code":6,"worker_id":"ff2aa6b5-1890-44ac-bec9-95d9aba84cef-139679950972736","trial_id":161,"state":1,"values":[0.777441113490364],"datetime_complete":"2026-03-20T20:21:44.324628"}
{"op_code":4,"worker_id":"ff2aa6b5-1890-44ac-bec9-95d9aba84cef-139679950972736","study_id":0,"datetime_start":"2026-03-20T20:21:44.339156"}
{"op_code":5,"worker_id":"ff2aa6b5-1890-44ac-bec9-95d9aba84cef-139679950972736","trial_id":162,"param_name":"learning_rate","param_value_internal":0.1016752775003895,"distribution":"{\"name\": \"FloatDistribution\", \"attributes\": {\"step\": null, \"low\": 0.01, \"high\": 0.2, \"log\": true}}"}
{"op_code":5,"worker_id":"ff2aa6b5-1890-44ac-bec9-95d9aba84cef-139679950972736","trial_id":162,"param_name":"n_estimators","param_value_internal":165.0,"distribution":"{\"name\": \"IntDistribution\", \"attributes\": {\"log\": false, \"step\": 1, \"low\": 50, \"high\": 200}}"}
{"op_code":5,"worker_id":"ff2aa6b5-1890-44ac-bec9-95d9aba84cef-139679950972736","trial_id":162,"param_name":"max_depth","param_value_internal":3.0,"distribution":"{\"name\": \"IntDistribution\", \"attributes\": {\"log\": false, \"step\": 1, \"low\": 2, \"high\": 5}}"}
{"op_code":6,"worker_id":"ff2aa6b5-1890-44ac-bec9-95d9aba84cef-139679950972736","trial_id":162,"state":1,"values":[0.7777408993576017],"datetime_complete":"2026-03-20T20:22:16.190073"}
{"op_code":4,"worker_id":"ff2aa6b5-1890-44ac-bec9-95d9aba84cef-139679950972736","study_id":0,"datetime_start":"2026-03-20T20:22:16.205609"}
{"op_code":5,"worker_id":"ff2aa6b5-1890-44ac-bec9-95d9aba84cef-139679950972736","trial_id":163,"param_name":"learning_rate","param_value_internal":0.08278585909348608,"distribution":"{\"name\": \"FloatDistribution\", \"attributes\": {\"step\": null, \"low\": 0.01, \"high\": 0.2, \"log\": true}}"}
{"op_code":5,"worker_id":"ff2aa6b5-1890-44ac-bec9-95d9aba84cef-139679950972736","trial_id":163,"param_name":"n_estimators","param_value_internal":162.0,"distribution":"{\"name\": \"IntDistribution\", \"attributes\": {\"log\": false, \"step\": 1, \"low\": 50, \"high\": 200}}"}
{"op_code":5,"worker_id":"ff2aa6b5-1890-44ac-bec9-95d9aba84cef-139679950972736","trial_id":163,"param_name":"max_depth","param_value_internal":3.0,"distribution":"{\"name\": \"IntDistribution\", \"attributes\": {\"log\": false, \"step\": 1, \"low\": 2, \"high\": 5}}"}
{"op_code":6,"worker_id":"ff2aa6b5-1890-44ac-bec9-95d9aba84cef-139679950972736","trial_id":163,"state":1,"values":[0.7757869379014989],"datetime_complete":"2026-03-20T20:22:47.504087"}
{"op_code":4,"worker_id":"ff2aa6b5-1890-44ac-bec9-95d9aba84cef-139679950972736","study_id":0,"datetime_start":"2026-03-20T20:22:47.522645"}
{"op_code":5,"worker_id":"ff2aa6b5-1890-44ac-bec9-95d9aba84cef-139679950972736","trial_id":164,"param_name":"learning_rate","param_value_internal":0.10759502320109676,"distribution":"{\"name\": \"FloatDistribution\", \"attributes\": {\"step\": null, \"low\": 0.01, \"high\": 0.2, \"log\": true}}"}
{"op_code":5,"worker_id":"ff2aa6b5-1890-44ac-bec9-95d9aba84cef-139679950972736","trial_id":164,"param_name":"n_estimators","param_value_internal":158.0,"distribution":"{\"name\": \"IntDistribution\", \"attributes\": {\"log\": false, \"step\": 1, \"low\": 50, \"high\": 200}}"}
{"op_code":5,"worker_id":"ff2aa6b5-1890-44ac-bec9-95d9aba84cef-139679950972736","trial_id":164,"param_name":"max_depth","param_value_internal":3.0,"distribution":"{\"name\": \"IntDistribution\", \"attributes\": {\"log\": false, \"step\": 1, \"low\": 2, \"high\": 5}}"}
{"op_code":6,"worker_id":"ff2aa6b5-1890-44ac-bec9-95d9aba84cef-139679950972736","trial_id":164,"state":1,"values":[0.7778747323340471],"datetime_complete":"2026-03-20T20:23:18.211739"}
{"op_code":4,"worker_id":"ff2aa6b5-1890-44ac-bec9-95d9aba84cef-139679950972736","study_id":0,"datetime_start":"2026-03-20T20:23:18.235302"}
{"op_code":5,"worker_id":"ff2aa6b5-1890-44ac-bec9-95d9aba84cef-139679950972736","trial_id":165,"param_name":"learning_rate","param_value_internal":0.09605456160823857,"distribution":"{\"name\": \"FloatDistribution\", \"attributes\": {\"step\": null, \"low\": 0.01, \"high\": 0.2, \"log\": true}}"}
{"op_code":5,"worker_id":"ff2aa6b5-1890-44ac-bec9-95d9aba84cef-139679950972736","trial_id":165,"param_name":"n_estimators","param_value_internal":163.0,"distribution":"{\"name\": \"IntDistribution\", \"attributes\": {\"log\": false, \"step\": 1, \"low\": 50, \"high\": 200}}"}
{"op_code":5,"worker_id":"ff2aa6b5-1890-44ac-bec9-95d9aba84cef-139679950972736","trial_id":165,"param_name":"max_depth","param_value_internal":3.0,"distribution":"{\"name\": \"IntDistribution\", \"attributes\": {\"log\": false, \"step\": 1, \"low\": 2, \"high\": 5}}"}
{"op_code":6,"worker_id":"ff2aa6b5-1890-44ac-bec9-95d9aba84cef-139679950972736","trial_id":165,"state":1,"values":[0.777296573875803],"datetime_complete":"2026-03-20T20:23:50.020413"}
{"op_code":4,"worker_id":"ff2aa6b5-1890-44ac-bec9-95d9aba84cef-139679950972736","study_id":0,"datetime_start":"2026-03-20T20:23:50.046206"}
{"op_code":5,"worker_id":"ff2aa6b5-1890-44ac-bec9-95d9aba84cef-139679950972736","trial_id":166,"param_name":"learning_rate","param_value_internal":0.060398424355329,"distribution":"{\"name\": \"FloatDistribution\", \"attributes\": {\"step\": null, \"low\": 0.01, \"high\": 0.2, \"log\": true}}"}
{"op_code":5,"worker_id":"ff2aa6b5-1890-44ac-bec9-95d9aba84cef-139679950972736","trial_id":166,"param_name":"n_estimators","param_value_internal":187.0,"distribution":"{\"name\": \"IntDistribution\", \"attributes\": {\"log\": false, \"step\": 1, \"low\": 50, \"high\": 200}}"}
{"op_code":5,"worker_id":"ff2aa6b5-1890-44ac-bec9-95d9aba84cef-139679950972736","trial_id":166,"param_name":"max_depth","param_value_internal":3.0,"distribution":"{\"name\": \"IntDistribution\", \"attributes\": {\"log\": false, \"step\": 1, \"low\": 2, \"high\": 5}}"}
{"op_code":6,"worker_id":"ff2aa6b5-1890-44ac-bec9-95d9aba84cef-139679950972736","trial_id":166,"state":1,"values":[0.7752382226980729],"datetime_complete":"2026-03-20T20:24:33.444500"}
{"op_code":4,"worker_id":"ff2aa6b5-1890-44ac-bec9-95d9aba84cef-139679950972736","study_id":0,"datetime_start":"2026-03-20T20:24:33.737649"}
{"op_code":5,"worker_id":"ff2aa6b5-1890-44ac-bec9-95d9aba84cef-139679950972736","trial_id":167,"param_name":"learning_rate","param_value_internal":0.08890786324124898,"distribution":"{\"name\": \"FloatDistribution\", \"attributes\": {\"step\": null, \"low\": 0.01, \"high\": 0.2, \"log\": true}}"}
{"op_code":5,"worker_id":"ff2aa6b5-1890-44ac-bec9-95d9aba84cef-139679950972736","trial_id":167,"param_name":"n_estimators","param_value_internal":169.0,"distribution":"{\"name\": \"IntDistribution\", \"attributes\": {\"log\": false, \"step\": 1, \"low\": 50, \"high\": 200}}"}
{"op_code":5,"worker_id":"ff2aa6b5-1890-44ac-bec9-95d9aba84cef-139679950972736","trial_id":167,"param_name":"max_depth","param_value_internal":3.0,"distribution":"{\"name\": \"IntDistribution\", \"attributes\": {\"log\": false, \"step\": 1, \"low\": 2, \"high\": 5}}"}
{"op_code":6,"worker_id":"ff2aa6b5-1890-44ac-bec9-95d9aba84cef-139679950972736","trial_id":167,"state":1,"values":[0.7756370449678801],"datetime_complete":"2026-03-20T20:25:06.411436"}
{"op_code":4,"worker_id":"ff2aa6b5-1890-44ac-bec9-95d9aba84cef-139679950972736","study_id":0,"datetime_start":"2026-03-20T20:25:06.433140"}
{"op_code":5,"worker_id":"ff2aa6b5-1890-44ac-bec9-95d9aba84cef-139679950972736","trial_id":168,"param_name":"learning_rate","param_value_internal":0.06740272334022099,"distribution":"{\"name\": \"FloatDistribution\", \"attributes\": {\"step\": null, \"low\": 0.01, \"high\": 0.2, \"log\": true}}"}
{"op_code":5,"worker_id":"ff2aa6b5-1890-44ac-bec9-95d9aba84cef-139679950972736","trial_id":168,"param_name":"n_estimators","param_value_internal":172.0,"distribution":"{\"name\": \"IntDistribution\", \"attributes\": {\"log\": false, \"step\": 1, \"low\": 50, \"high\": 200}}"}
{"op_code":5,"worker_id":"ff2aa6b5-1890-44ac-bec9-95d9aba84cef-139679950972736","trial_id":168,"param_name":"max_depth","param_value_internal":3.0,"distribution":"{\"name\": \"IntDistribution\", \"attributes\": {\"log\": false, \"step\": 1, \"low\": 2, \"high\": 5}}"}
{"op_code":6,"worker_id":"ff2aa6b5-1890-44ac-bec9-95d9aba84cef-139679950972736","trial_id":168,"state":1,"values":[0.775725374732334],"datetime_complete":"2026-03-20T20:25:39.622504"}
{"op_code":4,"worker_id":"ff2aa6b5-1890-44ac-bec9-95d9aba84cef-139679950972736","study_id":0,"datetime_start":"2026-03-20T20:25:39.650799"}
{"op_code":5,"worker_id":"ff2aa6b5-1890-44ac-bec9-95d9aba84cef-139679950972736","trial_id":169,"param_name":"learning_rate","param_value_internal":0.07398122244709553,"distribution":"{\"name\": \"FloatDistribution\", \"attributes\": {\"step\": null, \"low\": 0.01, \"high\": 0.2, \"log\": true}}"}
{"op_code":5,"worker_id":"ff2aa6b5-1890-44ac-bec9-95d9aba84cef-139679950972736","trial_id":169,"param_name":"n_estimators","param_value_internal":200.0,"distribution":"{\"name\": \"IntDistribution\", \"attributes\": {\"log\": false, \"step\": 1, \"low\": 50, \"high\": 200}}"}
{"op_code":5,"worker_id":"ff2aa6b5-1890-44ac-bec9-95d9aba84cef-139679950972736","trial_id":169,"param_name":"max_depth","param_value_internal":3.0,"distribution":"{\"name\": \"IntDistribution\", \"attributes\": {\"log\": false, \"step\": 1, \"low\": 2, \"high\": 5}}"}
{"op_code":6,"worker_id":"ff2aa6b5-1890-44ac-bec9-95d9aba84cef-139679950972736","trial_id":169,"state":1,"values":[0.7772591006423983],"datetime_complete":"2026-03-20T20:26:18.257002"}
{"op_code":0,"worker_id":"29418ebf-690a-4be2-9ad7-16c7d1431207-139679950972736","study_name":"gbsa_tuning","directions":[2]}
{"op_code":4,"worker_id":"29418ebf-690a-4be2-9ad7-16c7d1431207-139679950972736","study_id":0,"datetime_start":"2026-03-20T20:33:41.432615"}
{"op_code":5,"worker_id":"29418ebf-690a-4be2-9ad7-16c7d1431207-139679950972736","trial_id":170,"param_name":"learning_rate","param_value_internal":0.07911339393173798,"distribution":"{\"name\": \"FloatDistribution\", \"attributes\": {\"step\": null, \"low\": 0.01, \"high\": 0.2, \"log\": true}}"}
{"op_code":5,"worker_id":"29418ebf-690a-4be2-9ad7-16c7d1431207-139679950972736","trial_id":170,"param_name":"n_estimators","param_value_internal":180.0,"distribution":"{\"name\": \"IntDistribution\", \"attributes\": {\"log\": false, \"step\": 1, \"low\": 50, \"high\": 200}}"}
{"op_code":5,"worker_id":"29418ebf-690a-4be2-9ad7-16c7d1431207-139679950972736","trial_id":170,"param_name":"max_depth","param_value_internal":3.0,"distribution":"{\"name\": \"IntDistribution\", \"attributes\": {\"log\": false, \"step\": 1, \"low\": 2, \"high\": 5}}"}
{"op_code":6,"worker_id":"29418ebf-690a-4be2-9ad7-16c7d1431207-139679950972736","trial_id":170,"state":1,"values":[0.7533476342647368],"datetime_complete":"2026-03-20T20:34:16.335980"}
{"op_code":4,"worker_id":"29418ebf-690a-4be2-9ad7-16c7d1431207-139679950972736","study_id":0,"datetime_start":"2026-03-20T20:34:16.366321"}
{"op_code":5,"worker_id":"29418ebf-690a-4be2-9ad7-16c7d1431207-139679950972736","trial_id":171,"param_name":"learning_rate","param_value_internal":0.08188563368637326,"distribution":"{\"name\": \"FloatDistribution\", \"attributes\": {\"step\": null, \"low\": 0.01, \"high\": 0.2, \"log\": true}}"}
{"op_code":5,"worker_id":"29418ebf-690a-4be2-9ad7-16c7d1431207-139679950972736","trial_id":171,"param_name":"n_estimators","param_value_internal":169.0,"distribution":"{\"name\": \"IntDistribution\", \"attributes\": {\"log\": false, \"step\": 1, \"low\": 50, \"high\": 200}}"}
{"op_code":5,"worker_id":"29418ebf-690a-4be2-9ad7-16c7d1431207-139679950972736","trial_id":171,"param_name":"max_depth","param_value_internal":3.0,"distribution":"{\"name\": \"IntDistribution\", \"attributes\": {\"log\": false, \"step\": 1, \"low\": 2, \"high\": 5}}"}
{"op_code":6,"worker_id":"29418ebf-690a-4be2-9ad7-16c7d1431207-139679950972736","trial_id":171,"state":1,"values":[0.7538949766135542],"datetime_complete":"2026-03-20T20:34:49.178449"}
{"op_code":4,"worker_id":"29418ebf-690a-4be2-9ad7-16c7d1431207-139679950972736","study_id":0,"datetime_start":"2026-03-20T20:34:49.200862"}
{"op_code":5,"worker_id":"29418ebf-690a-4be2-9ad7-16c7d1431207-139679950972736","trial_id":172,"param_name":"learning_rate","param_value_internal":0.07340456564957329,"distribution":"{\"name\": \"FloatDistribution\", \"attributes\": {\"step\": null, \"low\": 0.01, \"high\": 0.2, \"log\": true}}"}
{"op_code":5,"worker_id":"29418ebf-690a-4be2-9ad7-16c7d1431207-139679950972736","trial_id":172,"param_name":"n_estimators","param_value_internal":163.0,"distribution":"{\"name\": \"IntDistribution\", \"attributes\": {\"log\": false, \"step\": 1, \"low\": 50, \"high\": 200}}"}
{"op_code":5,"worker_id":"29418ebf-690a-4be2-9ad7-16c7d1431207-139679950972736","trial_id":172,"param_name":"max_depth","param_value_internal":3.0,"distribution":"{\"name\": \"IntDistribution\", \"attributes\": {\"log\": false, \"step\": 1, \"low\": 2, \"high\": 5}}"}
{"op_code":6,"worker_id":"29418ebf-690a-4be2-9ad7-16c7d1431207-139679950972736","trial_id":172,"state":1,"values":[0.7526067870451253],"datetime_complete":"2026-03-20T20:35:20.728716"}
{"op_code":4,"worker_id":"29418ebf-690a-4be2-9ad7-16c7d1431207-139679950972736","study_id":0,"datetime_start":"2026-03-20T20:35:20.748478"}
{"op_code":5,"worker_id":"29418ebf-690a-4be2-9ad7-16c7d1431207-139679950972736","trial_id":173,"param_name":"learning_rate","param_value_internal":0.08857393111188734,"distribution":"{\"name\": \"FloatDistribution\", \"attributes\": {\"step\": null, \"low\": 0.01, \"high\": 0.2, \"log\": true}}"}
{"op_code":5,"worker_id":"29418ebf-690a-4be2-9ad7-16c7d1431207-139679950972736","trial_id":173,"param_name":"n_estimators","param_value_internal":174.0,"distribution":"{\"name\": \"IntDistribution\", \"attributes\": {\"log\": false, \"step\": 1, \"low\": 50, \"high\": 200}}"}
{"op_code":5,"worker_id":"29418ebf-690a-4be2-9ad7-16c7d1431207-139679950972736","trial_id":173,"param_name":"max_depth","param_value_internal":3.0,"distribution":"{\"name\": \"IntDistribution\", \"attributes\": {\"log\": false, \"step\": 1, \"low\": 2, \"high\": 5}}"}
{"op_code":6,"worker_id":"29418ebf-690a-4be2-9ad7-16c7d1431207-139679950972736","trial_id":173,"state":1,"values":[0.754558421884848],"datetime_complete":"2026-03-20T20:35:54.436432"}
{"op_code":4,"worker_id":"29418ebf-690a-4be2-9ad7-16c7d1431207-139679950972736","study_id":0,"datetime_start":"2026-03-20T20:35:54.461214"}
{"op_code":5,"worker_id":"29418ebf-690a-4be2-9ad7-16c7d1431207-139679950972736","trial_id":174,"param_name":"learning_rate","param_value_internal":0.03652973683530621,"distribution":"{\"name\": \"FloatDistribution\", \"attributes\": {\"step\": null, \"low\": 0.01, \"high\": 0.2, \"log\": true}}"}
{"op_code":5,"worker_id":"29418ebf-690a-4be2-9ad7-16c7d1431207-139679950972736","trial_id":174,"param_name":"n_estimators","param_value_internal":167.0,"distribution":"{\"name\": \"IntDistribution\", \"attributes\": {\"log\": false, \"step\": 1, \"low\": 50, \"high\": 200}}"}
{"op_code":5,"worker_id":"29418ebf-690a-4be2-9ad7-16c7d1431207-139679950972736","trial_id":174,"param_name":"max_depth","param_value_internal":3.0,"distribution":"{\"name\": \"IntDistribution\", \"attributes\": {\"log\": false, \"step\": 1, \"low\": 2, \"high\": 5}}"}
{"op_code":6,"worker_id":"29418ebf-690a-4be2-9ad7-16c7d1431207-139679950972736","trial_id":174,"state":1,"values":[0.7455963820117872],"datetime_complete":"2026-03-20T20:36:26.759463"}
{"op_code":4,"worker_id":"29418ebf-690a-4be2-9ad7-16c7d1431207-139679950972736","study_id":0,"datetime_start":"2026-03-20T20:36:26.779486"}
{"op_code":5,"worker_id":"29418ebf-690a-4be2-9ad7-16c7d1431207-139679950972736","trial_id":175,"param_name":"learning_rate","param_value_internal":0.06521026746028534,"distribution":"{\"name\": \"FloatDistribution\", \"attributes\": {\"step\": null, \"low\": 0.01, \"high\": 0.2, \"log\": true}}"}
{"op_code":5,"worker_id":"29418ebf-690a-4be2-9ad7-16c7d1431207-139679950972736","trial_id":175,"param_name":"n_estimators","param_value_internal":194.0,"distribution":"{\"name\": \"IntDistribution\", \"attributes\": {\"log\": false, \"step\": 1, \"low\": 50, \"high\": 200}}"}
{"op_code":5,"worker_id":"29418ebf-690a-4be2-9ad7-16c7d1431207-139679950972736","trial_id":175,"param_name":"max_depth","param_value_internal":3.0,"distribution":"{\"name\": \"IntDistribution\", \"attributes\": {\"log\": false, \"step\": 1, \"low\": 2, \"high\": 5}}"}
{"op_code":6,"worker_id":"29418ebf-690a-4be2-9ad7-16c7d1431207-139679950972736","trial_id":175,"state":1,"values":[0.7530905492221104],"datetime_complete":"2026-03-20T20:37:04.261924"}
{"op_code":4,"worker_id":"29418ebf-690a-4be2-9ad7-16c7d1431207-139679950972736","study_id":0,"datetime_start":"2026-03-20T20:37:04.437130"}
{"op_code":5,"worker_id":"29418ebf-690a-4be2-9ad7-16c7d1431207-139679950972736","trial_id":176,"param_name":"learning_rate","param_value_internal":0.06942415526559205,"distribution":"{\"name\": \"FloatDistribution\", \"attributes\": {\"step\": null, \"low\": 0.01, \"high\": 0.2, \"log\": true}}"}
{"op_code":5,"worker_id":"29418ebf-690a-4be2-9ad7-16c7d1431207-139679950972736","trial_id":176,"param_name":"n_estimators","param_value_internal":161.0,"distribution":"{\"name\": \"IntDistribution\", \"attributes\": {\"log\": false, \"step\": 1, \"low\": 50, \"high\": 200}}"}
{"op_code":5,"worker_id":"29418ebf-690a-4be2-9ad7-16c7d1431207-139679950972736","trial_id":176,"param_name":"max_depth","param_value_internal":3.0,"distribution":"{\"name\": \"IntDistribution\", \"attributes\": {\"log\": false, \"step\": 1, \"low\": 2, \"high\": 5}}"}
{"op_code":6,"worker_id":"29418ebf-690a-4be2-9ad7-16c7d1431207-139679950972736","trial_id":176,"state":1,"values":[0.7515977973616993],"datetime_complete":"2026-03-20T20:37:35.662038"}
{"op_code":4,"worker_id":"29418ebf-690a-4be2-9ad7-16c7d1431207-139679950972736","study_id":0,"datetime_start":"2026-03-20T20:37:35.681506"}
{"op_code":5,"worker_id":"29418ebf-690a-4be2-9ad7-16c7d1431207-139679950972736","trial_id":177,"param_name":"learning_rate","param_value_internal":0.07758415837979375,"distribution":"{\"name\": \"FloatDistribution\", \"attributes\": {\"step\": null, \"low\": 0.01, \"high\": 0.2, \"log\": true}}"}
{"op_code":5,"worker_id":"29418ebf-690a-4be2-9ad7-16c7d1431207-139679950972736","trial_id":177,"param_name":"n_estimators","param_value_internal":166.0,"distribution":"{\"name\": \"IntDistribution\", \"attributes\": {\"log\": false, \"step\": 1, \"low\": 50, \"high\": 200}}"}
{"op_code":5,"worker_id":"29418ebf-690a-4be2-9ad7-16c7d1431207-139679950972736","trial_id":177,"param_name":"max_depth","param_value_internal":3.0,"distribution":"{\"name\": \"IntDistribution\", \"attributes\": {\"log\": false, \"step\": 1, \"low\": 2, \"high\": 5}}"}
{"op_code":6,"worker_id":"29418ebf-690a-4be2-9ad7-16c7d1431207-139679950972736","trial_id":177,"state":1,"values":[0.7527118325464135],"datetime_complete":"2026-03-20T20:38:07.747009"}
{"op_code":4,"worker_id":"29418ebf-690a-4be2-9ad7-16c7d1431207-139679950972736","study_id":0,"datetime_start":"2026-03-20T20:38:07.770689"}
{"op_code":5,"worker_id":"29418ebf-690a-4be2-9ad7-16c7d1431207-139679950972736","trial_id":178,"param_name":"learning_rate","param_value_internal":0.09593455602384326,"distribution":"{\"name\": \"FloatDistribution\", \"attributes\": {\"step\": null, \"low\": 0.01, \"high\": 0.2, \"log\": true}}"}
{"op_code":5,"worker_id":"29418ebf-690a-4be2-9ad7-16c7d1431207-139679950972736","trial_id":178,"param_name":"n_estimators","param_value_internal":189.0,"distribution":"{\"name\": \"IntDistribution\", \"attributes\": {\"log\": false, \"step\": 1, \"low\": 50, \"high\": 200}}"}
{"op_code":5,"worker_id":"29418ebf-690a-4be2-9ad7-16c7d1431207-139679950972736","trial_id":178,"param_name":"max_depth","param_value_internal":3.0,"distribution":"{\"name\": \"IntDistribution\", \"attributes\": {\"log\": false, \"step\": 1, \"low\": 2, \"high\": 5}}"}
{"op_code":6,"worker_id":"29418ebf-690a-4be2-9ad7-16c7d1431207-139679950972736","trial_id":178,"state":1,"values":[0.7555757046341652],"datetime_complete":"2026-03-20T20:38:44.329834"}
{"op_code":4,"worker_id":"29418ebf-690a-4be2-9ad7-16c7d1431207-139679950972736","study_id":0,"datetime_start":"2026-03-20T20:38:44.355823"}
{"op_code":5,"worker_id":"29418ebf-690a-4be2-9ad7-16c7d1431207-139679950972736","trial_id":179,"param_name":"learning_rate","param_value_internal":0.08443706318390731,"distribution":"{\"name\": \"FloatDistribution\", \"attributes\": {\"step\": null, \"low\": 0.01, \"high\": 0.2, \"log\": true}}"}
{"op_code":5,"worker_id":"29418ebf-690a-4be2-9ad7-16c7d1431207-139679950972736","trial_id":179,"param_name":"n_estimators","param_value_internal":197.0,"distribution":"{\"name\": \"IntDistribution\", \"attributes\": {\"log\": false, \"step\": 1, \"low\": 50, \"high\": 200}}"}
{"op_code":5,"worker_id":"29418ebf-690a-4be2-9ad7-16c7d1431207-139679950972736","trial_id":179,"param_name":"max_depth","param_value_internal":3.0,"distribution":"{\"name\": \"IntDistribution\", \"attributes\": {\"log\": false, \"step\": 1, \"low\": 2, \"high\": 5}}"}
{"op_code":6,"worker_id":"29418ebf-690a-4be2-9ad7-16c7d1431207-139679950972736","trial_id":179,"state":1,"values":[0.7546966396497009],"datetime_complete":"2026-03-20T20:39:22.487024"}
{"op_code":0,"worker_id":"3198a2ad-9bf1-49da-8e8c-10c180e1abae-139679950972736","study_name":"gbsa_tuning","directions":[2]}
{"op_code":4,"worker_id":"3198a2ad-9bf1-49da-8e8c-10c180e1abae-139679950972736","study_id":0,"datetime_start":"2026-03-20T20:46:02.882992"}
{"op_code":5,"worker_id":"3198a2ad-9bf1-49da-8e8c-10c180e1abae-139679950972736","trial_id":180,"param_name":"learning_rate","param_value_internal":0.12158189536336145,"distribution":"{\"name\": \"FloatDistribution\", \"attributes\": {\"step\": null, \"low\": 0.01, \"high\": 0.2, \"log\": true}}"}
{"op_code":5,"worker_id":"3198a2ad-9bf1-49da-8e8c-10c180e1abae-139679950972736","trial_id":180,"param_name":"n_estimators","param_value_internal":177.0,"distribution":"{\"name\": \"IntDistribution\", \"attributes\": {\"log\": false, \"step\": 1, \"low\": 50, \"high\": 200}}"}
{"op_code":5,"worker_id":"3198a2ad-9bf1-49da-8e8c-10c180e1abae-139679950972736","trial_id":180,"param_name":"max_depth","param_value_internal":3.0,"distribution":"{\"name\": \"IntDistribution\", \"attributes\": {\"log\": false, \"step\": 1, \"low\": 2, \"high\": 5}}"}
{"op_code":6,"worker_id":"3198a2ad-9bf1-49da-8e8c-10c180e1abae-139679950972736","trial_id":180,"state":1,"values":[0.7758312419008251],"datetime_complete":"2026-03-20T20:46:37.167544"}
{"op_code":4,"worker_id":"3198a2ad-9bf1-49da-8e8c-10c180e1abae-139679950972736","study_id":0,"datetime_start":"2026-03-20T20:46:37.481771"}
{"op_code":5,"worker_id":"3198a2ad-9bf1-49da-8e8c-10c180e1abae-139679950972736","trial_id":181,"param_name":"learning_rate","param_value_internal":0.0632840346401128,"distribution":"{\"name\": \"FloatDistribution\", \"attributes\": {\"step\": null, \"low\": 0.01, \"high\": 0.2, \"log\": true}}"}
{"op_code":5,"worker_id":"3198a2ad-9bf1-49da-8e8c-10c180e1abae-139679950972736","trial_id":181,"param_name":"n_estimators","param_value_internal":174.0,"distribution":"{\"name\": \"IntDistribution\", \"attributes\": {\"log\": false, \"step\": 1, \"low\": 50, \"high\": 200}}"}
{"op_code":5,"worker_id":"3198a2ad-9bf1-49da-8e8c-10c180e1abae-139679950972736","trial_id":181,"param_name":"max_depth","param_value_internal":3.0,"distribution":"{\"name\": \"IntDistribution\", \"attributes\": {\"log\": false, \"step\": 1, \"low\": 2, \"high\": 5}}"}
{"op_code":6,"worker_id":"3198a2ad-9bf1-49da-8e8c-10c180e1abae-139679950972736","trial_id":181,"state":1,"values":[0.7761401724543302],"datetime_complete":"2026-03-20T20:47:11.361708"}
{"op_code":4,"worker_id":"3198a2ad-9bf1-49da-8e8c-10c180e1abae-139679950972736","study_id":0,"datetime_start":"2026-03-20T20:47:11.381355"}
{"op_code":5,"worker_id":"3198a2ad-9bf1-49da-8e8c-10c180e1abae-139679950972736","trial_id":182,"param_name":"learning_rate","param_value_internal":0.06579061389789728,"distribution":"{\"name\": \"FloatDistribution\", \"attributes\": {\"step\": null, \"low\": 0.01, \"high\": 0.2, \"log\": true}}"}
{"op_code":5,"worker_id":"3198a2ad-9bf1-49da-8e8c-10c180e1abae-139679950972736","trial_id":182,"param_name":"n_estimators","param_value_internal":169.0,"distribution":"{\"name\": \"IntDistribution\", \"attributes\": {\"log\": false, \"step\": 1, \"low\": 50, \"high\": 200}}"}
{"op_code":5,"worker_id":"3198a2ad-9bf1-49da-8e8c-10c180e1abae-139679950972736","trial_id":182,"param_name":"max_depth","param_value_internal":3.0,"distribution":"{\"name\": \"IntDistribution\", \"attributes\": {\"log\": false, \"step\": 1, \"low\": 2, \"high\": 5}}"}
{"op_code":6,"worker_id":"3198a2ad-9bf1-49da-8e8c-10c180e1abae-139679950972736","trial_id":182,"state":1,"values":[0.7758039029137892],"datetime_complete":"2026-03-20T20:47:44.293749"}
{"op_code":4,"worker_id":"3198a2ad-9bf1-49da-8e8c-10c180e1abae-139679950972736","study_id":0,"datetime_start":"2026-03-20T20:47:44.316722"}
{"op_code":5,"worker_id":"3198a2ad-9bf1-49da-8e8c-10c180e1abae-139679950972736","trial_id":183,"param_name":"learning_rate","param_value_internal":0.07060000447453475,"distribution":"{\"name\": \"FloatDistribution\", \"attributes\": {\"step\": null, \"low\": 0.01, \"high\": 0.2, \"log\": true}}"}
{"op_code":5,"worker_id":"3198a2ad-9bf1-49da-8e8c-10c180e1abae-139679950972736","trial_id":183,"param_name":"n_estimators","param_value_internal":172.0,"distribution":"{\"name\": \"IntDistribution\", \"attributes\": {\"log\": false, \"step\": 1, \"low\": 50, \"high\": 200}}"}
{"op_code":5,"worker_id":"3198a2ad-9bf1-49da-8e8c-10c180e1abae-139679950972736","trial_id":183,"param_name":"max_depth","param_value_internal":3.0,"distribution":"{\"name\": \"IntDistribution\", \"attributes\": {\"log\": false, \"step\": 1, \"low\": 2, \"high\": 5}}"}
{"op_code":6,"worker_id":"3198a2ad-9bf1-49da-8e8c-10c180e1abae-139679950972736","trial_id":183,"state":1,"values":[0.7764600386026497],"datetime_complete":"2026-03-20T20:48:17.783299"}
{"op_code":4,"worker_id":"3198a2ad-9bf1-49da-8e8c-10c180e1abae-139679950972736","study_id":0,"datetime_start":"2026-03-20T20:48:17.802740"}
{"op_code":5,"worker_id":"3198a2ad-9bf1-49da-8e8c-10c180e1abae-139679950972736","trial_id":184,"param_name":"learning_rate","param_value_internal":0.07674952500717887,"distribution":"{\"name\": \"FloatDistribution\", \"attributes\": {\"step\": null, \"low\": 0.01, \"high\": 0.2, \"log\": true}}"}
{"op_code":5,"worker_id":"3198a2ad-9bf1-49da-8e8c-10c180e1abae-139679950972736","trial_id":184,"param_name":"n_estimators","param_value_internal":185.0,"distribution":"{\"name\": \"IntDistribution\", \"attributes\": {\"log\": false, \"step\": 1, \"low\": 50, \"high\": 200}}"}
{"op_code":5,"worker_id":"3198a2ad-9bf1-49da-8e8c-10c180e1abae-139679950972736","trial_id":184,"param_name":"max_depth","param_value_internal":3.0,"distribution":"{\"name\": \"IntDistribution\", \"attributes\": {\"log\": false, \"step\": 1, \"low\": 2, \"high\": 5}}"}
{"op_code":6,"worker_id":"3198a2ad-9bf1-49da-8e8c-10c180e1abae-139679950972736","trial_id":184,"state":1,"values":[0.7762112538206234],"datetime_complete":"2026-03-20T20:48:53.919520"}
{"op_code":4,"worker_id":"3198a2ad-9bf1-49da-8e8c-10c180e1abae-139679950972736","study_id":0,"datetime_start":"2026-03-20T20:48:53.955329"}
{"op_code":5,"worker_id":"3198a2ad-9bf1-49da-8e8c-10c180e1abae-139679950972736","trial_id":185,"param_name":"learning_rate","param_value_internal":0.059839819678925134,"distribution":"{\"name\": \"FloatDistribution\", \"attributes\": {\"step\": null, \"low\": 0.01, \"high\": 0.2, \"log\": true}}"}
{"op_code":5,"worker_id":"3198a2ad-9bf1-49da-8e8c-10c180e1abae-139679950972736","trial_id":185,"param_name":"n_estimators","param_value_internal":166.0,"distribution":"{\"name\": \"IntDistribution\", \"attributes\": {\"log\": false, \"step\": 1, \"low\": 50, \"high\": 200}}"}
{"op_code":5,"worker_id":"3198a2ad-9bf1-49da-8e8c-10c180e1abae-139679950972736","trial_id":185,"param_name":"max_depth","param_value_internal":3.0,"distribution":"{\"name\": \"IntDistribution\", \"attributes\": {\"log\": false, \"step\": 1, \"low\": 2, \"high\": 5}}"}
{"op_code":6,"worker_id":"3198a2ad-9bf1-49da-8e8c-10c180e1abae-139679950972736","trial_id":185,"state":1,"values":[0.7758203063060107],"datetime_complete":"2026-03-20T20:49:26.254151"}
{"op_code":4,"worker_id":"3198a2ad-9bf1-49da-8e8c-10c180e1abae-139679950972736","study_id":0,"datetime_start":"2026-03-20T20:49:26.282249"}
{"op_code":5,"worker_id":"3198a2ad-9bf1-49da-8e8c-10c180e1abae-139679950972736","trial_id":186,"param_name":"learning_rate","param_value_internal":0.08172133766717642,"distribution":"{\"name\": \"FloatDistribution\", \"attributes\": {\"step\": null, \"low\": 0.01, \"high\": 0.2, \"log\": true}}"}
{"op_code":5,"worker_id":"3198a2ad-9bf1-49da-8e8c-10c180e1abae-139679950972736","trial_id":186,"param_name":"n_estimators","param_value_internal":159.0,"distribution":"{\"name\": \"IntDistribution\", \"attributes\": {\"log\": false, \"step\": 1, \"low\": 50, \"high\": 200}}"}
{"op_code":5,"worker_id":"3198a2ad-9bf1-49da-8e8c-10c180e1abae-139679950972736","trial_id":186,"param_name":"max_depth","param_value_internal":3.0,"distribution":"{\"name\": \"IntDistribution\", \"attributes\": {\"log\": false, \"step\": 1, \"low\": 2, \"high\": 5}}"}
{"op_code":6,"worker_id":"3198a2ad-9bf1-49da-8e8c-10c180e1abae-139679950972736","trial_id":186,"state":1,"values":[0.7759542673424864],"datetime_complete":"2026-03-20T20:49:57.434544"}
{"op_code":4,"worker_id":"3198a2ad-9bf1-49da-8e8c-10c180e1abae-139679950972736","study_id":0,"datetime_start":"2026-03-20T20:49:57.463967"}
{"op_code":5,"worker_id":"3198a2ad-9bf1-49da-8e8c-10c180e1abae-139679950972736","trial_id":187,"param_name":"learning_rate","param_value_internal":0.07398773988906202,"distribution":"{\"name\": \"FloatDistribution\", \"attributes\": {\"step\": null, \"low\": 0.01, \"high\": 0.2, \"log\": true}}"}
{"op_code":5,"worker_id":"3198a2ad-9bf1-49da-8e8c-10c180e1abae-139679950972736","trial_id":187,"param_name":"n_estimators","param_value_internal":182.0,"distribution":"{\"name\": \"IntDistribution\", \"attributes\": {\"log\": false, \"step\": 1, \"low\": 50, \"high\": 200}}"}
{"op_code":5,"worker_id":"3198a2ad-9bf1-49da-8e8c-10c180e1abae-139679950972736","trial_id":187,"param_name":"max_depth","param_value_internal":3.0,"distribution":"{\"name\": \"IntDistribution\", \"attributes\": {\"log\": false, \"step\": 1, \"low\": 2, \"high\": 5}}"}
{"op_code":6,"worker_id":"3198a2ad-9bf1-49da-8e8c-10c180e1abae-139679950972736","trial_id":187,"state":1,"values":[0.7759323961528577],"datetime_complete":"2026-03-20T20:50:33.056741"}
{"op_code":4,"worker_id":"3198a2ad-9bf1-49da-8e8c-10c180e1abae-139679950972736","study_id":0,"datetime_start":"2026-03-20T20:50:33.084826"}
{"op_code":5,"worker_id":"3198a2ad-9bf1-49da-8e8c-10c180e1abae-139679950972736","trial_id":188,"param_name":"learning_rate","param_value_internal":0.06890195735911028,"distribution":"{\"name\": \"FloatDistribution\", \"attributes\": {\"step\": null, \"low\": 0.01, \"high\": 0.2, \"log\": true}}"}
{"op_code":5,"worker_id":"3198a2ad-9bf1-49da-8e8c-10c180e1abae-139679950972736","trial_id":188,"param_name":"n_estimators","param_value_internal":193.0,"distribution":"{\"name\": \"IntDistribution\", \"attributes\": {\"log\": false, \"step\": 1, \"low\": 50, \"high\": 200}}"}
{"op_code":5,"worker_id":"3198a2ad-9bf1-49da-8e8c-10c180e1abae-139679950972736","trial_id":188,"param_name":"max_depth","param_value_internal":3.0,"distribution":"{\"name\": \"IntDistribution\", \"attributes\": {\"log\": false, \"step\": 1, \"low\": 2, \"high\": 5}}"}
{"op_code":6,"worker_id":"3198a2ad-9bf1-49da-8e8c-10c180e1abae-139679950972736","trial_id":188,"state":1,"values":[0.7769712776602201],"datetime_complete":"2026-03-20T20:51:10.659914"}
{"op_code":4,"worker_id":"3198a2ad-9bf1-49da-8e8c-10c180e1abae-139679950972736","study_id":0,"datetime_start":"2026-03-20T20:51:10.687920"}
{"op_code":5,"worker_id":"3198a2ad-9bf1-49da-8e8c-10c180e1abae-139679950972736","trial_id":189,"param_name":"learning_rate","param_value_internal":0.08982173437299343,"distribution":"{\"name\": \"FloatDistribution\", \"attributes\": {\"step\": null, \"low\": 0.01, \"high\": 0.2, \"log\": true}}"}
{"op_code":5,"worker_id":"3198a2ad-9bf1-49da-8e8c-10c180e1abae-139679950972736","trial_id":189,"param_name":"n_estimators","param_value_internal":172.0,"distribution":"{\"name\": \"IntDistribution\", \"attributes\": {\"log\": false, \"step\": 1, \"low\": 50, \"high\": 200}}"}
{"op_code":5,"worker_id":"3198a2ad-9bf1-49da-8e8c-10c180e1abae-139679950972736","trial_id":189,"param_name":"max_depth","param_value_internal":3.0,"distribution":"{\"name\": \"IntDistribution\", \"attributes\": {\"log\": false, \"step\": 1, \"low\": 2, \"high\": 5}}"}
{"op_code":6,"worker_id":"3198a2ad-9bf1-49da-8e8c-10c180e1abae-139679950972736","trial_id":189,"state":1,"values":[0.7762358589089557],"datetime_complete":"2026-03-20T20:51:44.170090"}
{"op_code":0,"worker_id":"d3aba897-4720-4196-87de-ddfc5c107d20-139679950972736","study_name":"gbsa_tuning","directions":[2]}
{"op_code":4,"worker_id":"d3aba897-4720-4196-87de-ddfc5c107d20-139679950972736","study_id":0,"datetime_start":"2026-03-20T20:58:43.994826"}
{"op_code":5,"worker_id":"d3aba897-4720-4196-87de-ddfc5c107d20-139679950972736","trial_id":190,"param_name":"learning_rate","param_value_internal":0.010184143872109174,"distribution":"{\"name\": \"FloatDistribution\", \"attributes\": {\"step\": null, \"low\": 0.01, \"high\": 0.2, \"log\": true}}"}
{"op_code":5,"worker_id":"d3aba897-4720-4196-87de-ddfc5c107d20-139679950972736","trial_id":190,"param_name":"n_estimators","param_value_internal":164.0,"distribution":"{\"name\": \"IntDistribution\", \"attributes\": {\"log\": false, \"step\": 1, \"low\": 50, \"high\": 200}}"}
{"op_code":5,"worker_id":"d3aba897-4720-4196-87de-ddfc5c107d20-139679950972736","trial_id":190,"param_name":"max_depth","param_value_internal":3.0,"distribution":"{\"name\": \"IntDistribution\", \"attributes\": {\"log\": false, \"step\": 1, \"low\": 2, \"high\": 5}}"}
{"op_code":6,"worker_id":"d3aba897-4720-4196-87de-ddfc5c107d20-139679950972736","trial_id":190,"state":1,"values":[0.7421060278306912],"datetime_complete":"2026-03-20T20:59:15.795169"}
{"op_code":4,"worker_id":"d3aba897-4720-4196-87de-ddfc5c107d20-139679950972736","study_id":0,"datetime_start":"2026-03-20T20:59:15.818494"}
{"op_code":5,"worker_id":"d3aba897-4720-4196-87de-ddfc5c107d20-139679950972736","trial_id":191,"param_name":"learning_rate","param_value_internal":0.10368210367411126,"distribution":"{\"name\": \"FloatDistribution\", \"attributes\": {\"step\": null, \"low\": 0.01, \"high\": 0.2, \"log\": true}}"}
{"op_code":5,"worker_id":"d3aba897-4720-4196-87de-ddfc5c107d20-139679950972736","trial_id":191,"param_name":"n_estimators","param_value_internal":155.0,"distribution":"{\"name\": \"IntDistribution\", \"attributes\": {\"log\": false, \"step\": 1, \"low\": 50, \"high\": 200}}"}
{"op_code":5,"worker_id":"d3aba897-4720-4196-87de-ddfc5c107d20-139679950972736","trial_id":191,"param_name":"max_depth","param_value_internal":3.0,"distribution":"{\"name\": \"IntDistribution\", \"attributes\": {\"log\": false, \"step\": 1, \"low\": 2, \"high\": 5}}"}
{"op_code":6,"worker_id":"d3aba897-4720-4196-87de-ddfc5c107d20-139679950972736","trial_id":191,"state":1,"values":[0.769134945490158],"datetime_complete":"2026-03-20T20:59:45.947504"}
{"op_code":4,"worker_id":"d3aba897-4720-4196-87de-ddfc5c107d20-139679950972736","study_id":0,"datetime_start":"2026-03-20T20:59:45.962156"}
{"op_code":5,"worker_id":"d3aba897-4720-4196-87de-ddfc5c107d20-139679950972736","trial_id":192,"param_name":"learning_rate","param_value_internal":0.11318809918700606,"distribution":"{\"name\": \"FloatDistribution\", \"attributes\": {\"step\": null, \"low\": 0.01, \"high\": 0.2, \"log\": true}}"}
{"op_code":5,"worker_id":"d3aba897-4720-4196-87de-ddfc5c107d20-139679950972736","trial_id":192,"param_name":"n_estimators","param_value_internal":159.0,"distribution":"{\"name\": \"IntDistribution\", \"attributes\": {\"log\": false, \"step\": 1, \"low\": 50, \"high\": 200}}"}
{"op_code":5,"worker_id":"d3aba897-4720-4196-87de-ddfc5c107d20-139679950972736","trial_id":192,"param_name":"max_depth","param_value_internal":3.0,"distribution":"{\"name\": \"IntDistribution\", \"attributes\": {\"log\": false, \"step\": 1, \"low\": 2, \"high\": 5}}"}
{"op_code":6,"worker_id":"d3aba897-4720-4196-87de-ddfc5c107d20-139679950972736","trial_id":192,"state":1,"values":[0.7713546206911396],"datetime_complete":"2026-03-20T21:00:16.763070"}
{"op_code":4,"worker_id":"d3aba897-4720-4196-87de-ddfc5c107d20-139679950972736","study_id":0,"datetime_start":"2026-03-20T21:00:16.789954"}
{"op_code":5,"worker_id":"d3aba897-4720-4196-87de-ddfc5c107d20-139679950972736","trial_id":193,"param_name":"learning_rate","param_value_internal":0.07923913325064082,"distribution":"{\"name\": \"FloatDistribution\", \"attributes\": {\"step\": null, \"low\": 0.01, \"high\": 0.2, \"log\": true}}"}
{"op_code":5,"worker_id":"d3aba897-4720-4196-87de-ddfc5c107d20-139679950972736","trial_id":193,"param_name":"n_estimators","param_value_internal":150.0,"distribution":"{\"name\": \"IntDistribution\", \"attributes\": {\"log\": false, \"step\": 1, \"low\": 50, \"high\": 200}}"}
{"op_code":5,"worker_id":"d3aba897-4720-4196-87de-ddfc5c107d20-139679950972736","trial_id":193,"param_name":"max_depth","param_value_internal":3.0,"distribution":"{\"name\": \"IntDistribution\", \"attributes\": {\"log\": false, \"step\": 1, \"low\": 2, \"high\": 5}}"}
{"op_code":6,"worker_id":"d3aba897-4720-4196-87de-ddfc5c107d20-139679950972736","trial_id":193,"state":1,"values":[0.764964646627708],"datetime_complete":"2026-03-20T21:00:45.923121"}
{"op_code":4,"worker_id":"d3aba897-4720-4196-87de-ddfc5c107d20-139679950972736","study_id":0,"datetime_start":"2026-03-20T21:00:45.943749"}
{"op_code":5,"worker_id":"d3aba897-4720-4196-87de-ddfc5c107d20-139679950972736","trial_id":194,"param_name":"learning_rate","param_value_internal":0.07202284573454154,"distribution":"{\"name\": \"FloatDistribution\", \"attributes\": {\"step\": null, \"low\": 0.01, \"high\": 0.2, \"log\": true}}"}
{"op_code":5,"worker_id":"d3aba897-4720-4196-87de-ddfc5c107d20-139679950972736","trial_id":194,"param_name":"n_estimators","param_value_internal":152.0,"distribution":"{\"name\": \"IntDistribution\", \"attributes\": {\"log\": false, \"step\": 1, \"low\": 50, \"high\": 200}}"}
{"op_code":5,"worker_id":"d3aba897-4720-4196-87de-ddfc5c107d20-139679950972736","trial_id":194,"param_name":"max_depth","param_value_internal":3.0,"distribution":"{\"name\": \"IntDistribution\", \"attributes\": {\"log\": false, \"step\": 1, \"low\": 2, \"high\": 5}}"}
{"op_code":6,"worker_id":"d3aba897-4720-4196-87de-ddfc5c107d20-139679950972736","trial_id":194,"state":1,"values":[0.763589793260797],"datetime_complete":"2026-03-20T21:01:15.411518"}
{"op_code":4,"worker_id":"d3aba897-4720-4196-87de-ddfc5c107d20-139679950972736","study_id":0,"datetime_start":"2026-03-20T21:01:15.426445"}
{"op_code":5,"worker_id":"d3aba897-4720-4196-87de-ddfc5c107d20-139679950972736","trial_id":195,"param_name":"learning_rate","param_value_internal":0.08583852652620731,"distribution":"{\"name\": \"FloatDistribution\", \"attributes\": {\"step\": null, \"low\": 0.01, \"high\": 0.2, \"log\": true}}"}
{"op_code":5,"worker_id":"d3aba897-4720-4196-87de-ddfc5c107d20-139679950972736","trial_id":195,"param_name":"n_estimators","param_value_internal":187.0,"distribution":"{\"name\": \"IntDistribution\", \"attributes\": {\"log\": false, \"step\": 1, \"low\": 50, \"high\": 200}}"}
{"op_code":5,"worker_id":"d3aba897-4720-4196-87de-ddfc5c107d20-139679950972736","trial_id":195,"param_name":"max_depth","param_value_internal":3.0,"distribution":"{\"name\": \"IntDistribution\", \"attributes\": {\"log\": false, \"step\": 1, \"low\": 2, \"high\": 5}}"}
{"op_code":6,"worker_id":"d3aba897-4720-4196-87de-ddfc5c107d20-139679950972736","trial_id":195,"state":1,"values":[0.7689331568355234],"datetime_complete":"2026-03-20T21:01:51.680211"}
{"op_code":4,"worker_id":"d3aba897-4720-4196-87de-ddfc5c107d20-139679950972736","study_id":0,"datetime_start":"2026-03-20T21:01:51.700801"}
{"op_code":5,"worker_id":"d3aba897-4720-4196-87de-ddfc5c107d20-139679950972736","trial_id":196,"param_name":"learning_rate","param_value_internal":0.06701174244314252,"distribution":"{\"name\": \"FloatDistribution\", \"attributes\": {\"step\": null, \"low\": 0.01, \"high\": 0.2, \"log\": true}}"}
{"op_code":5,"worker_id":"d3aba897-4720-4196-87de-ddfc5c107d20-139679950972736","trial_id":196,"param_name":"n_estimators","param_value_internal":93.0,"distribution":"{\"name\": \"IntDistribution\", \"attributes\": {\"log\": false, \"step\": 1, \"low\": 50, \"high\": 200}}"}
{"op_code":5,"worker_id":"d3aba897-4720-4196-87de-ddfc5c107d20-139679950972736","trial_id":196,"param_name":"max_depth","param_value_internal":3.0,"distribution":"{\"name\": \"IntDistribution\", \"attributes\": {\"log\": false, \"step\": 1, \"low\": 2, \"high\": 5}}"}
{"op_code":6,"worker_id":"d3aba897-4720-4196-87de-ddfc5c107d20-139679950972736","trial_id":196,"state":1,"values":[0.7579316393848405],"datetime_complete":"2026-03-20T21:02:09.652823"}
{"op_code":4,"worker_id":"d3aba897-4720-4196-87de-ddfc5c107d20-139679950972736","study_id":0,"datetime_start":"2026-03-20T21:02:09.670275"}
{"op_code":5,"worker_id":"d3aba897-4720-4196-87de-ddfc5c107d20-139679950972736","trial_id":197,"param_name":"learning_rate","param_value_internal":0.09694259343318783,"distribution":"{\"name\": \"FloatDistribution\", \"attributes\": {\"step\": null, \"low\": 0.01, \"high\": 0.2, \"log\": true}}"}
{"op_code":5,"worker_id":"d3aba897-4720-4196-87de-ddfc5c107d20-139679950972736","trial_id":197,"param_name":"n_estimators","param_value_internal":168.0,"distribution":"{\"name\": \"IntDistribution\", \"attributes\": {\"log\": false, \"step\": 1, \"low\": 50, \"high\": 200}}"}
{"op_code":5,"worker_id":"d3aba897-4720-4196-87de-ddfc5c107d20-139679950972736","trial_id":197,"param_name":"max_depth","param_value_internal":3.0,"distribution":"{\"name\": \"IntDistribution\", \"attributes\": {\"log\": false, \"step\": 1, \"low\": 2, \"high\": 5}}"}
{"op_code":6,"worker_id":"d3aba897-4720-4196-87de-ddfc5c107d20-139679950972736","trial_id":197,"state":1,"values":[0.770173484432678],"datetime_complete":"2026-03-20T21:02:42.154392"}
{"op_code":4,"worker_id":"d3aba897-4720-4196-87de-ddfc5c107d20-139679950972736","study_id":0,"datetime_start":"2026-03-20T21:02:42.179998"}
{"op_code":5,"worker_id":"d3aba897-4720-4196-87de-ddfc5c107d20-139679950972736","trial_id":198,"param_name":"learning_rate","param_value_internal":0.07642566127328689,"distribution":"{\"name\": \"FloatDistribution\", \"attributes\": {\"step\": null, \"low\": 0.01, \"high\": 0.2, \"log\": true}}"}
{"op_code":5,"worker_id":"d3aba897-4720-4196-87de-ddfc5c107d20-139679950972736","trial_id":198,"param_name":"n_estimators","param_value_internal":178.0,"distribution":"{\"name\": \"IntDistribution\", \"attributes\": {\"log\": false, \"step\": 1, \"low\": 50, \"high\": 200}}"}
{"op_code":5,"worker_id":"d3aba897-4720-4196-87de-ddfc5c107d20-139679950972736","trial_id":198,"param_name":"max_depth","param_value_internal":3.0,"distribution":"{\"name\": \"IntDistribution\", \"attributes\": {\"log\": false, \"step\": 1, \"low\": 2, \"high\": 5}}"}
{"op_code":6,"worker_id":"d3aba897-4720-4196-87de-ddfc5c107d20-139679950972736","trial_id":198,"state":1,"values":[0.7657099193921587],"datetime_complete":"2026-03-20T21:03:16.675214"}
{"op_code":4,"worker_id":"d3aba897-4720-4196-87de-ddfc5c107d20-139679950972736","study_id":0,"datetime_start":"2026-03-20T21:03:16.703248"}
{"op_code":5,"worker_id":"d3aba897-4720-4196-87de-ddfc5c107d20-139679950972736","trial_id":199,"param_name":"learning_rate","param_value_internal":0.0912746940407353,"distribution":"{\"name\": \"FloatDistribution\", \"attributes\": {\"step\": null, \"low\": 0.01, \"high\": 0.2, \"log\": true}}"}
{"op_code":5,"worker_id":"d3aba897-4720-4196-87de-ddfc5c107d20-139679950972736","trial_id":199,"param_name":"n_estimators","param_value_internal":163.0,"distribution":"{\"name\": \"IntDistribution\", \"attributes\": {\"log\": false, \"step\": 1, \"low\": 50, \"high\": 200}}"}
{"op_code":5,"worker_id":"d3aba897-4720-4196-87de-ddfc5c107d20-139679950972736","trial_id":199,"param_name":"max_depth","param_value_internal":3.0,"distribution":"{\"name\": \"IntDistribution\", \"attributes\": {\"log\": false, \"step\": 1, \"low\": 2, \"high\": 5}}"}
{"op_code":6,"worker_id":"d3aba897-4720-4196-87de-ddfc5c107d20-139679950972736","trial_id":199,"state":1,"values":[0.7678381170697058],"datetime_complete":"2026-03-20T21:03:48.053898"}
{"op_code":0,"worker_id":"3cd5f52c-63d1-42a9-8fd0-2c262cc183f8-139679950972736","study_name":"gbsa_tuning","directions":[2]}
{"op_code":4,"worker_id":"3cd5f52c-63d1-42a9-8fd0-2c262cc183f8-139679950972736","study_id":0,"datetime_start":"2026-03-20T21:10:32.741422"}
{"op_code":5,"worker_id":"3cd5f52c-63d1-42a9-8fd0-2c262cc183f8-139679950972736","trial_id":200,"param_name":"learning_rate","param_value_internal":0.057838919283141416,"distribution":"{\"name\": \"FloatDistribution\", \"attributes\": {\"step\": null, \"low\": 0.01, \"high\": 0.2, \"log\": true}}"}
{"op_code":5,"worker_id":"3cd5f52c-63d1-42a9-8fd0-2c262cc183f8-139679950972736","trial_id":200,"param_name":"n_estimators","param_value_internal":191.0,"distribution":"{\"name\": \"IntDistribution\", \"attributes\": {\"log\": false, \"step\": 1, \"low\": 50, \"high\": 200}}"}
{"op_code":5,"worker_id":"3cd5f52c-63d1-42a9-8fd0-2c262cc183f8-139679950972736","trial_id":200,"param_name":"max_depth","param_value_internal":3.0,"distribution":"{\"name\": \"IntDistribution\", \"attributes\": {\"log\": false, \"step\": 1, \"low\": 2, \"high\": 5}}"}
{"op_code":6,"worker_id":"3cd5f52c-63d1-42a9-8fd0-2c262cc183f8-139679950972736","trial_id":200,"state":1,"values":[0.7706791354174064],"datetime_complete":"2026-03-20T21:11:09.638743"}
{"op_code":4,"worker_id":"3cd5f52c-63d1-42a9-8fd0-2c262cc183f8-139679950972736","study_id":0,"datetime_start":"2026-03-20T21:11:09.658715"}
{"op_code":5,"worker_id":"3cd5f52c-63d1-42a9-8fd0-2c262cc183f8-139679950972736","trial_id":201,"param_name":"learning_rate","param_value_internal":0.11363332995039839,"distribution":"{\"name\": \"FloatDistribution\", \"attributes\": {\"step\": null, \"low\": 0.01, \"high\": 0.2, \"log\": true}}"}
{"op_code":5,"worker_id":"3cd5f52c-63d1-42a9-8fd0-2c262cc183f8-139679950972736","trial_id":201,"param_name":"n_estimators","param_value_internal":145.0,"distribution":"{\"name\": \"IntDistribution\", \"attributes\": {\"log\": false, \"step\": 1, \"low\": 50, \"high\": 200}}"}
{"op_code":5,"worker_id":"3cd5f52c-63d1-42a9-8fd0-2c262cc183f8-139679950972736","trial_id":201,"param_name":"max_depth","param_value_internal":3.0,"distribution":"{\"name\": \"IntDistribution\", \"attributes\": {\"log\": false, \"step\": 1, \"low\": 2, \"high\": 5}}"}
{"op_code":6,"worker_id":"3cd5f52c-63d1-42a9-8fd0-2c262cc183f8-139679950972736","trial_id":201,"state":1,"values":[0.7724107040437863],"datetime_complete":"2026-03-20T21:11:37.709265"}
{"op_code":4,"worker_id":"3cd5f52c-63d1-42a9-8fd0-2c262cc183f8-139679950972736","study_id":0,"datetime_start":"2026-03-20T21:11:37.729154"}
{"op_code":5,"worker_id":"3cd5f52c-63d1-42a9-8fd0-2c262cc183f8-139679950972736","trial_id":202,"param_name":"learning_rate","param_value_internal":0.1197534170051899,"distribution":"{\"name\": \"FloatDistribution\", \"attributes\": {\"step\": null, \"low\": 0.01, \"high\": 0.2, \"log\": true}}"}
{"op_code":5,"worker_id":"3cd5f52c-63d1-42a9-8fd0-2c262cc183f8-139679950972736","trial_id":202,"param_name":"n_estimators","param_value_internal":142.0,"distribution":"{\"name\": \"IntDistribution\", \"attributes\": {\"log\": false, \"step\": 1, \"low\": 50, \"high\": 200}}"}
{"op_code":5,"worker_id":"3cd5f52c-63d1-42a9-8fd0-2c262cc183f8-139679950972736","trial_id":202,"param_name":"max_depth","param_value_internal":3.0,"distribution":"{\"name\": \"IntDistribution\", \"attributes\": {\"log\": false, \"step\": 1, \"low\": 2, \"high\": 5}}"}
{"op_code":6,"worker_id":"3cd5f52c-63d1-42a9-8fd0-2c262cc183f8-139679950972736","trial_id":202,"state":1,"values":[0.7731918217522163],"datetime_complete":"2026-03-20T21:12:05.189560"}
{"op_code":4,"worker_id":"3cd5f52c-63d1-42a9-8fd0-2c262cc183f8-139679950972736","study_id":0,"datetime_start":"2026-03-20T21:12:05.205240"}
{"op_code":5,"worker_id":"3cd5f52c-63d1-42a9-8fd0-2c262cc183f8-139679950972736","trial_id":203,"param_name":"learning_rate","param_value_internal":0.10748022161558324,"distribution":"{\"name\": \"FloatDistribution\", \"attributes\": {\"step\": null, \"low\": 0.01, \"high\": 0.2, \"log\": true}}"}
{"op_code":5,"worker_id":"3cd5f52c-63d1-42a9-8fd0-2c262cc183f8-139679950972736","trial_id":203,"param_name":"n_estimators","param_value_internal":156.0,"distribution":"{\"name\": \"IntDistribution\", \"attributes\": {\"log\": false, \"step\": 1, \"low\": 50, \"high\": 200}}"}
{"op_code":5,"worker_id":"3cd5f52c-63d1-42a9-8fd0-2c262cc183f8-139679950972736","trial_id":203,"param_name":"max_depth","param_value_internal":3.0,"distribution":"{\"name\": \"IntDistribution\", \"attributes\": {\"log\": false, \"step\": 1, \"low\": 2, \"high\": 5}}"}
{"op_code":6,"worker_id":"3cd5f52c-63d1-42a9-8fd0-2c262cc183f8-139679950972736","trial_id":203,"state":1,"values":[0.7742733693485041],"datetime_complete":"2026-03-20T21:12:35.389582"}
{"op_code":4,"worker_id":"3cd5f52c-63d1-42a9-8fd0-2c262cc183f8-139679950972736","study_id":0,"datetime_start":"2026-03-20T21:12:35.416582"}
{"op_code":5,"worker_id":"3cd5f52c-63d1-42a9-8fd0-2c262cc183f8-139679950972736","trial_id":204,"param_name":"learning_rate","param_value_internal":0.0814241143586285,"distribution":"{\"name\": \"FloatDistribution\", \"attributes\": {\"step\": null, \"low\": 0.01, \"high\": 0.2, \"log\": true}}"}
{"op_code":5,"worker_id":"3cd5f52c-63d1-42a9-8fd0-2c262cc183f8-139679950972736","trial_id":204,"param_name":"n_estimators","param_value_internal":196.0,"distribution":"{\"name\": \"IntDistribution\", \"attributes\": {\"log\": false, \"step\": 1, \"low\": 50, \"high\": 200}}"}
{"op_code":5,"worker_id":"3cd5f52c-63d1-42a9-8fd0-2c262cc183f8-139679950972736","trial_id":204,"param_name":"max_depth","param_value_internal":3.0,"distribution":"{\"name\": \"IntDistribution\", \"attributes\": {\"log\": false, \"step\": 1, \"low\": 2, \"high\": 5}}"}
{"op_code":6,"worker_id":"3cd5f52c-63d1-42a9-8fd0-2c262cc183f8-139679950972736","trial_id":204,"state":1,"values":[0.7726455855924751],"datetime_complete":"2026-03-20T21:13:13.298455"}
{"op_code":4,"worker_id":"3cd5f52c-63d1-42a9-8fd0-2c262cc183f8-139679950972736","study_id":0,"datetime_start":"2026-03-20T21:13:13.325040"}
{"op_code":5,"worker_id":"3cd5f52c-63d1-42a9-8fd0-2c262cc183f8-139679950972736","trial_id":205,"param_name":"learning_rate","param_value_internal":0.12323282252292306,"distribution":"{\"name\": \"FloatDistribution\", \"attributes\": {\"step\": null, \"low\": 0.01, \"high\": 0.2, \"log\": true}}"}
{"op_code":5,"worker_id":"3cd5f52c-63d1-42a9-8fd0-2c262cc183f8-139679950972736","trial_id":205,"param_name":"n_estimators","param_value_internal":175.0,"distribution":"{\"name\": \"IntDistribution\", \"attributes\": {\"log\": false, \"step\": 1, \"low\": 50, \"high\": 200}}"}
{"op_code":5,"worker_id":"3cd5f52c-63d1-42a9-8fd0-2c262cc183f8-139679950972736","trial_id":205,"param_name":"max_depth","param_value_internal":3.0,"distribution":"{\"name\": \"IntDistribution\", \"attributes\": {\"log\": false, \"step\": 1, \"low\": 2, \"high\": 5}}"}
{"op_code":6,"worker_id":"3cd5f52c-63d1-42a9-8fd0-2c262cc183f8-139679950972736","trial_id":205,"state":1,"values":[0.7737380579119577],"datetime_complete":"2026-03-20T21:13:47.170550"}
{"op_code":4,"worker_id":"3cd5f52c-63d1-42a9-8fd0-2c262cc183f8-139679950972736","study_id":0,"datetime_start":"2026-03-20T21:13:47.197762"}
{"op_code":5,"worker_id":"3cd5f52c-63d1-42a9-8fd0-2c262cc183f8-139679950972736","trial_id":206,"param_name":"learning_rate","param_value_internal":0.07411158066678732,"distribution":"{\"name\": \"FloatDistribution\", \"attributes\": {\"step\": null, \"low\": 0.01, \"high\": 0.2, \"log\": true}}"}
{"op_code":5,"worker_id":"3cd5f52c-63d1-42a9-8fd0-2c262cc183f8-139679950972736","trial_id":206,"param_name":"n_estimators","param_value_internal":165.0,"distribution":"{\"name\": \"IntDistribution\", \"attributes\": {\"log\": false, \"step\": 1, \"low\": 50, \"high\": 200}}"}
{"op_code":5,"worker_id":"3cd5f52c-63d1-42a9-8fd0-2c262cc183f8-139679950972736","trial_id":206,"param_name":"max_depth","param_value_internal":3.0,"distribution":"{\"name\": \"IntDistribution\", \"attributes\": {\"log\": false, \"step\": 1, \"low\": 2, \"high\": 5}}"}
{"op_code":6,"worker_id":"3cd5f52c-63d1-42a9-8fd0-2c262cc183f8-139679950972736","trial_id":206,"state":1,"values":[0.7700455014721065],"datetime_complete":"2026-03-20T21:14:19.132801"}
{"op_code":4,"worker_id":"3cd5f52c-63d1-42a9-8fd0-2c262cc183f8-139679950972736","study_id":0,"datetime_start":"2026-03-20T21:14:19.153796"}
{"op_code":5,"worker_id":"3cd5f52c-63d1-42a9-8fd0-2c262cc183f8-139679950972736","trial_id":207,"param_name":"learning_rate","param_value_internal":0.10030278249902212,"distribution":"{\"name\": \"FloatDistribution\", \"attributes\": {\"step\": null, \"low\": 0.01, \"high\": 0.2, \"log\": true}}"}
{"op_code":5,"worker_id":"3cd5f52c-63d1-42a9-8fd0-2c262cc183f8-139679950972736","trial_id":207,"param_name":"n_estimators","param_value_internal":50.0,"distribution":"{\"name\": \"IntDistribution\", \"attributes\": {\"log\": false, \"step\": 1, \"low\": 50, \"high\": 200}}"}
{"op_code":5,"worker_id":"3cd5f52c-63d1-42a9-8fd0-2c262cc183f8-139679950972736","trial_id":207,"param_name":"max_depth","param_value_internal":3.0,"distribution":"{\"name\": \"IntDistribution\", \"attributes\": {\"log\": false, \"step\": 1, \"low\": 2, \"high\": 5}}"}
{"op_code":6,"worker_id":"3cd5f52c-63d1-42a9-8fd0-2c262cc183f8-139679950972736","trial_id":207,"state":1,"values":[0.7590579611189101],"datetime_complete":"2026-03-20T21:14:28.896174"}
{"op_code":4,"worker_id":"3cd5f52c-63d1-42a9-8fd0-2c262cc183f8-139679950972736","study_id":0,"datetime_start":"2026-03-20T21:14:28.916434"}
{"op_code":5,"worker_id":"3cd5f52c-63d1-42a9-8fd0-2c262cc183f8-139679950972736","trial_id":208,"param_name":"learning_rate","param_value_internal":0.06342620725143075,"distribution":"{\"name\": \"FloatDistribution\", \"attributes\": {\"step\": null, \"low\": 0.01, \"high\": 0.2, \"log\": true}}"}
{"op_code":5,"worker_id":"3cd5f52c-63d1-42a9-8fd0-2c262cc183f8-139679950972736","trial_id":208,"param_name":"n_estimators","param_value_internal":160.0,"distribution":"{\"name\": \"IntDistribution\", \"attributes\": {\"log\": false, \"step\": 1, \"low\": 50, \"high\": 200}}"}
{"op_code":5,"worker_id":"3cd5f52c-63d1-42a9-8fd0-2c262cc183f8-139679950972736","trial_id":208,"param_name":"max_depth","param_value_internal":3.0,"distribution":"{\"name\": \"IntDistribution\", \"attributes\": {\"log\": false, \"step\": 1, \"low\": 2, \"high\": 5}}"}
{"op_code":6,"worker_id":"3cd5f52c-63d1-42a9-8fd0-2c262cc183f8-139679950972736","trial_id":208,"state":1,"values":[0.7691087064581501],"datetime_complete":"2026-03-20T21:14:59.919264"}
{"op_code":4,"worker_id":"3cd5f52c-63d1-42a9-8fd0-2c262cc183f8-139679950972736","study_id":0,"datetime_start":"2026-03-20T21:14:59.956244"}
{"op_code":5,"worker_id":"3cd5f52c-63d1-42a9-8fd0-2c262cc183f8-139679950972736","trial_id":209,"param_name":"learning_rate","param_value_internal":0.06895043933002833,"distribution":"{\"name\": \"FloatDistribution\", \"attributes\": {\"step\": null, \"low\": 0.01, \"high\": 0.2, \"log\": true}}"}
{"op_code":5,"worker_id":"3cd5f52c-63d1-42a9-8fd0-2c262cc183f8-139679950972736","trial_id":209,"param_name":"n_estimators","param_value_internal":147.0,"distribution":"{\"name\": \"IntDistribution\", \"attributes\": {\"log\": false, \"step\": 1, \"low\": 50, \"high\": 200}}"}
{"op_code":5,"worker_id":"3cd5f52c-63d1-42a9-8fd0-2c262cc183f8-139679950972736","trial_id":209,"param_name":"max_depth","param_value_internal":3.0,"distribution":"{\"name\": \"IntDistribution\", \"attributes\": {\"log\": false, \"step\": 1, \"low\": 2, \"high\": 5}}"}
{"op_code":6,"worker_id":"3cd5f52c-63d1-42a9-8fd0-2c262cc183f8-139679950972736","trial_id":209,"state":1,"values":[0.7691332870853385],"datetime_complete":"2026-03-20T21:15:28.469269"}
{"op_code":0,"worker_id":"1fba0940-9112-408a-b622-cafc00b657b4-140104713647936","study_name":"gbsa_tuning","directions":[2]}
{"op_code":4,"worker_id":"1fba0940-9112-408a-b622-cafc00b657b4-140104713647936","study_id":0,"datetime_start":"2026-03-20T22:13:23.125849"}
{"op_code":5,"worker_id":"1fba0940-9112-408a-b622-cafc00b657b4-140104713647936","trial_id":210,"param_name":"learning_rate","param_value_internal":0.13571991950246215,"distribution":"{\"name\": \"FloatDistribution\", \"attributes\": {\"step\": null, \"low\": 0.01, \"high\": 0.2, \"log\": true}}"}
{"op_code":5,"worker_id":"1fba0940-9112-408a-b622-cafc00b657b4-140104713647936","trial_id":210,"param_name":"n_estimators","param_value_internal":137.0,"distribution":"{\"name\": \"IntDistribution\", \"attributes\": {\"log\": false, \"step\": 1, \"low\": 50, \"high\": 200}}"}
{"op_code":5,"worker_id":"1fba0940-9112-408a-b622-cafc00b657b4-140104713647936","trial_id":210,"param_name":"max_depth","param_value_internal":3.0,"distribution":"{\"name\": \"IntDistribution\", \"attributes\": {\"log\": false, \"step\": 1, \"low\": 2, \"high\": 5}}"}
{"op_code":6,"worker_id":"1fba0940-9112-408a-b622-cafc00b657b4-140104713647936","trial_id":210,"state":1,"values":[0.786191137336573],"datetime_complete":"2026-03-20T22:13:49.307998"}
{"op_code":4,"worker_id":"1fba0940-9112-408a-b622-cafc00b657b4-140104713647936","study_id":0,"datetime_start":"2026-03-20T22:13:49.327422"}
{"op_code":5,"worker_id":"1fba0940-9112-408a-b622-cafc00b657b4-140104713647936","trial_id":211,"param_name":"learning_rate","param_value_internal":0.12725608470702446,"distribution":"{\"name\": \"FloatDistribution\", \"attributes\": {\"step\": null, \"low\": 0.01, \"high\": 0.2, \"log\": true}}"}
{"op_code":5,"worker_id":"1fba0940-9112-408a-b622-cafc00b657b4-140104713647936","trial_id":211,"param_name":"n_estimators","param_value_internal":130.0,"distribution":"{\"name\": \"IntDistribution\", \"attributes\": {\"log\": false, \"step\": 1, \"low\": 50, \"high\": 200}}"}
{"op_code":5,"worker_id":"1fba0940-9112-408a-b622-cafc00b657b4-140104713647936","trial_id":211,"param_name":"max_depth","param_value_internal":3.0,"distribution":"{\"name\": \"IntDistribution\", \"attributes\": {\"log\": false, \"step\": 1, \"low\": 2, \"high\": 5}}"}
{"op_code":6,"worker_id":"1fba0940-9112-408a-b622-cafc00b657b4-140104713647936","trial_id":211,"state":1,"values":[0.7854795788499364],"datetime_complete":"2026-03-20T22:14:14.140635"}
{"op_code":4,"worker_id":"1fba0940-9112-408a-b622-cafc00b657b4-140104713647936","study_id":0,"datetime_start":"2026-03-20T22:14:14.791407"}
{"op_code":5,"worker_id":"1fba0940-9112-408a-b622-cafc00b657b4-140104713647936","trial_id":212,"param_name":"learning_rate","param_value_internal":0.13240263864109678,"distribution":"{\"name\": \"FloatDistribution\", \"attributes\": {\"step\": null, \"low\": 0.01, \"high\": 0.2, \"log\": true}}"}
{"op_code":5,"worker_id":"1fba0940-9112-408a-b622-cafc00b657b4-140104713647936","trial_id":212,"param_name":"n_estimators","param_value_internal":134.0,"distribution":"{\"name\": \"IntDistribution\", \"attributes\": {\"log\": false, \"step\": 1, \"low\": 50, \"high\": 200}}"}
{"op_code":5,"worker_id":"1fba0940-9112-408a-b622-cafc00b657b4-140104713647936","trial_id":212,"param_name":"max_depth","param_value_internal":3.0,"distribution":"{\"name\": \"IntDistribution\", \"attributes\": {\"log\": false, \"step\": 1, \"low\": 2, \"high\": 5}}"}
{"op_code":6,"worker_id":"1fba0940-9112-408a-b622-cafc00b657b4-140104713647936","trial_id":212,"state":1,"values":[0.7858180030082147],"datetime_complete":"2026-03-20T22:14:40.368781"}
{"op_code":4,"worker_id":"1fba0940-9112-408a-b622-cafc00b657b4-140104713647936","study_id":0,"datetime_start":"2026-03-20T22:14:40.404310"}
{"op_code":5,"worker_id":"1fba0940-9112-408a-b622-cafc00b657b4-140104713647936","trial_id":213,"param_name":"learning_rate","param_value_internal":0.14744021411923908,"distribution":"{\"name\": \"FloatDistribution\", \"attributes\": {\"step\": null, \"low\": 0.01, \"high\": 0.2, \"log\": true}}"}
{"op_code":5,"worker_id":"1fba0940-9112-408a-b622-cafc00b657b4-140104713647936","trial_id":213,"param_name":"n_estimators","param_value_internal":149.0,"distribution":"{\"name\": \"IntDistribution\", \"attributes\": {\"log\": false, \"step\": 1, \"low\": 50, \"high\": 200}}"}
{"op_code":5,"worker_id":"1fba0940-9112-408a-b622-cafc00b657b4-140104713647936","trial_id":213,"param_name":"max_depth","param_value_internal":3.0,"distribution":"{\"name\": \"IntDistribution\", \"attributes\": {\"log\": false, \"step\": 1, \"low\": 2, \"high\": 5}}"}
{"op_code":6,"worker_id":"1fba0940-9112-408a-b622-cafc00b657b4-140104713647936","trial_id":213,"state":1,"values":[0.7879729260673377],"datetime_complete":"2026-03-20T22:15:08.886020"}
{"op_code":4,"worker_id":"1fba0940-9112-408a-b622-cafc00b657b4-140104713647936","study_id":0,"datetime_start":"2026-03-20T22:15:08.899249"}
{"op_code":5,"worker_id":"1fba0940-9112-408a-b622-cafc00b657b4-140104713647936","trial_id":214,"param_name":"learning_rate","param_value_internal":0.08487562708706348,"distribution":"{\"name\": \"FloatDistribution\", \"attributes\": {\"step\": null, \"low\": 0.01, \"high\": 0.2, \"log\": true}}"}
{"op_code":5,"worker_id":"1fba0940-9112-408a-b622-cafc00b657b4-140104713647936","trial_id":214,"param_name":"n_estimators","param_value_internal":152.0,"distribution":"{\"name\": \"IntDistribution\", \"attributes\": {\"log\": false, \"step\": 1, \"low\": 50, \"high\": 200}}"}
{"op_code":5,"worker_id":"1fba0940-9112-408a-b622-cafc00b657b4-140104713647936","trial_id":214,"param_name":"max_depth","param_value_internal":3.0,"distribution":"{\"name\": \"IntDistribution\", \"attributes\": {\"log\": false, \"step\": 1, \"low\": 2, \"high\": 5}}"}
{"op_code":6,"worker_id":"1fba0940-9112-408a-b622-cafc00b657b4-140104713647936","trial_id":214,"state":1,"values":[0.7809730417679046],"datetime_complete":"2026-03-20T22:15:37.888369"}
{"op_code":4,"worker_id":"1fba0940-9112-408a-b622-cafc00b657b4-140104713647936","study_id":0,"datetime_start":"2026-03-20T22:15:37.905272"}
{"op_code":5,"worker_id":"1fba0940-9112-408a-b622-cafc00b657b4-140104713647936","trial_id":215,"param_name":"learning_rate","param_value_internal":0.1583010137873819,"distribution":"{\"name\": \"FloatDistribution\", \"attributes\": {\"step\": null, \"low\": 0.01, \"high\": 0.2, \"log\": true}}"}
{"op_code":5,"worker_id":"1fba0940-9112-408a-b622-cafc00b657b4-140104713647936","trial_id":215,"param_name":"n_estimators","param_value_internal":148.0,"distribution":"{\"name\": \"IntDistribution\", \"attributes\": {\"log\": false, \"step\": 1, \"low\": 50, \"high\": 200}}"}
{"op_code":5,"worker_id":"1fba0940-9112-408a-b622-cafc00b657b4-140104713647936","trial_id":215,"param_name":"max_depth","param_value_internal":3.0,"distribution":"{\"name\": \"IntDistribution\", \"attributes\": {\"log\": false, \"step\": 1, \"low\": 2, \"high\": 5}}"}
{"op_code":6,"worker_id":"1fba0940-9112-408a-b622-cafc00b657b4-140104713647936","trial_id":215,"state":1,"values":[0.7895985190327433],"datetime_complete":"2026-03-20T22:16:06.169052"}
{"op_code":4,"worker_id":"1fba0940-9112-408a-b622-cafc00b657b4-140104713647936","study_id":0,"datetime_start":"2026-03-20T22:16:06.192447"}
{"op_code":5,"worker_id":"1fba0940-9112-408a-b622-cafc00b657b4-140104713647936","trial_id":216,"param_name":"learning_rate","param_value_internal":0.15100380131924668,"distribution":"{\"name\": \"FloatDistribution\", \"attributes\": {\"step\": null, \"low\": 0.01, \"high\": 0.2, \"log\": true}}"}
{"op_code":5,"worker_id":"1fba0940-9112-408a-b622-cafc00b657b4-140104713647936","trial_id":216,"param_name":"n_estimators","param_value_internal":147.0,"distribution":"{\"name\": \"IntDistribution\", \"attributes\": {\"log\": false, \"step\": 1, \"low\": 50, \"high\": 200}}"}
{"op_code":5,"worker_id":"1fba0940-9112-408a-b622-cafc00b657b4-140104713647936","trial_id":216,"param_name":"max_depth","param_value_internal":3.0,"distribution":"{\"name\": \"IntDistribution\", \"attributes\": {\"log\": false, \"step\": 1, \"low\": 2, \"high\": 5}}"}
{"op_code":6,"worker_id":"1fba0940-9112-408a-b622-cafc00b657b4-140104713647936","trial_id":216,"state":1,"values":[0.7877183848200856],"datetime_complete":"2026-03-20T22:16:34.237696"}
{"op_code":4,"worker_id":"1fba0940-9112-408a-b622-cafc00b657b4-140104713647936","study_id":0,"datetime_start":"2026-03-20T22:16:34.261552"}
{"op_code":5,"worker_id":"1fba0940-9112-408a-b622-cafc00b657b4-140104713647936","trial_id":217,"param_name":"learning_rate","param_value_internal":0.15411818299660993,"distribution":"{\"name\": \"FloatDistribution\", \"attributes\": {\"step\": null, \"low\": 0.01, \"high\": 0.2, \"log\": true}}"}
{"op_code":5,"worker_id":"1fba0940-9112-408a-b622-cafc00b657b4-140104713647936","trial_id":217,"param_name":"n_estimators","param_value_internal":171.0,"distribution":"{\"name\": \"IntDistribution\", \"attributes\": {\"log\": false, \"step\": 1, \"low\": 50, \"high\": 200}}"}
{"op_code":5,"worker_id":"1fba0940-9112-408a-b622-cafc00b657b4-140104713647936","trial_id":217,"param_name":"max_depth","param_value_internal":3.0,"distribution":"{\"name\": \"IntDistribution\", \"attributes\": {\"log\": false, \"step\": 1, \"low\": 2, \"high\": 5}}"}
{"op_code":6,"worker_id":"1fba0940-9112-408a-b622-cafc00b657b4-140104713647936","trial_id":217,"state":1,"values":[0.7917910447761194],"datetime_complete":"2026-03-20T22:17:06.897474"}
{"op_code":4,"worker_id":"1fba0940-9112-408a-b622-cafc00b657b4-140104713647936","study_id":0,"datetime_start":"2026-03-20T22:17:06.910943"}
{"op_code":5,"worker_id":"1fba0940-9112-408a-b622-cafc00b657b4-140104713647936","trial_id":218,"param_name":"learning_rate","param_value_internal":0.16598860636320387,"distribution":"{\"name\": \"FloatDistribution\", \"attributes\": {\"step\": null, \"low\": 0.01, \"high\": 0.2, \"log\": true}}"}
{"op_code":5,"worker_id":"1fba0940-9112-408a-b622-cafc00b657b4-140104713647936","trial_id":218,"param_name":"n_estimators","param_value_internal":170.0,"distribution":"{\"name\": \"IntDistribution\", \"attributes\": {\"log\": false, \"step\": 1, \"low\": 50, \"high\": 200}}"}
{"op_code":5,"worker_id":"1fba0940-9112-408a-b622-cafc00b657b4-140104713647936","trial_id":218,"param_name":"max_depth","param_value_internal":3.0,"distribution":"{\"name\": \"IntDistribution\", \"attributes\": {\"log\": false, \"step\": 1, \"low\": 2, \"high\": 5}}"}
{"op_code":6,"worker_id":"1fba0940-9112-408a-b622-cafc00b657b4-140104713647936","trial_id":218,"state":1,"values":[0.7911836167997223],"datetime_complete":"2026-03-20T22:17:39.322151"}
{"op_code":4,"worker_id":"1fba0940-9112-408a-b622-cafc00b657b4-140104713647936","study_id":0,"datetime_start":"2026-03-20T22:17:43.614046"}
{"op_code":5,"worker_id":"1fba0940-9112-408a-b622-cafc00b657b4-140104713647936","trial_id":219,"param_name":"learning_rate","param_value_internal":0.16622899778908934,"distribution":"{\"name\": \"FloatDistribution\", \"attributes\": {\"step\": null, \"low\": 0.01, \"high\": 0.2, \"log\": true}}"}
{"op_code":5,"worker_id":"1fba0940-9112-408a-b622-cafc00b657b4-140104713647936","trial_id":219,"param_name":"n_estimators","param_value_internal":171.0,"distribution":"{\"name\": \"IntDistribution\", \"attributes\": {\"log\": false, \"step\": 1, \"low\": 50, \"high\": 200}}"}
{"op_code":5,"worker_id":"1fba0940-9112-408a-b622-cafc00b657b4-140104713647936","trial_id":219,"param_name":"max_depth","param_value_internal":3.0,"distribution":"{\"name\": \"IntDistribution\", \"attributes\": {\"log\": false, \"step\": 1, \"low\": 2, \"high\": 5}}"}
{"op_code":6,"worker_id":"1fba0940-9112-408a-b622-cafc00b657b4-140104713647936","trial_id":219,"state":1,"values":[0.7912877473099618],"datetime_complete":"2026-03-20T22:18:16.245898"}
{"op_code":0,"worker_id":"3e816d0b-0571-4532-ba43-0768afa25184-140493794387776","study_name":"gbsa_tuning","directions":[2]}
{"op_code":4,"worker_id":"3e816d0b-0571-4532-ba43-0768afa25184-140493794387776","study_id":0,"datetime_start":"2026-03-20T22:48:12.550802"}
{"op_code":5,"worker_id":"3e816d0b-0571-4532-ba43-0768afa25184-140493794387776","trial_id":220,"param_name":"learning_rate","param_value_internal":0.1979301544407542,"distribution":"{\"name\": \"FloatDistribution\", \"attributes\": {\"step\": null, \"low\": 0.01, \"high\": 0.2, \"log\": true}}"}
{"op_code":5,"worker_id":"3e816d0b-0571-4532-ba43-0768afa25184-140493794387776","trial_id":220,"param_name":"n_estimators","param_value_internal":171.0,"distribution":"{\"name\": \"IntDistribution\", \"attributes\": {\"log\": false, \"step\": 1, \"low\": 50, \"high\": 200}}"}
{"op_code":5,"worker_id":"3e816d0b-0571-4532-ba43-0768afa25184-140493794387776","trial_id":220,"param_name":"max_depth","param_value_internal":3.0,"distribution":"{\"name\": \"IntDistribution\", \"attributes\": {\"log\": false, \"step\": 1, \"low\": 2, \"high\": 5}}"}
{"op_code":6,"worker_id":"3e816d0b-0571-4532-ba43-0768afa25184-140493794387776","trial_id":220,"state":1,"values":[0.7897200046280227],"datetime_complete":"2026-03-20T22:48:45.142904"}
{"op_code":4,"worker_id":"3e816d0b-0571-4532-ba43-0768afa25184-140493794387776","study_id":0,"datetime_start":"2026-03-20T22:48:45.169858"}
{"op_code":5,"worker_id":"3e816d0b-0571-4532-ba43-0768afa25184-140493794387776","trial_id":221,"param_name":"learning_rate","param_value_internal":0.19626264714780572,"distribution":"{\"name\": \"FloatDistribution\", \"attributes\": {\"step\": null, \"low\": 0.01, \"high\": 0.2, \"log\": true}}"}
{"op_code":5,"worker_id":"3e816d0b-0571-4532-ba43-0768afa25184-140493794387776","trial_id":221,"param_name":"n_estimators","param_value_internal":170.0,"distribution":"{\"name\": \"IntDistribution\", \"attributes\": {\"log\": false, \"step\": 1, \"low\": 50, \"high\": 200}}"}
{"op_code":5,"worker_id":"3e816d0b-0571-4532-ba43-0768afa25184-140493794387776","trial_id":221,"param_name":"max_depth","param_value_internal":3.0,"distribution":"{\"name\": \"IntDistribution\", \"attributes\": {\"log\": false, \"step\": 1, \"low\": 2, \"high\": 5}}"}
{"op_code":6,"worker_id":"3e816d0b-0571-4532-ba43-0768afa25184-140493794387776","trial_id":221,"state":1,"values":[0.7907786648154576],"datetime_complete":"2026-03-20T22:49:17.557973"}
{"op_code":4,"worker_id":"3e816d0b-0571-4532-ba43-0768afa25184-140493794387776","study_id":0,"datetime_start":"2026-03-20T22:49:17.578438"}
{"op_code":5,"worker_id":"3e816d0b-0571-4532-ba43-0768afa25184-140493794387776","trial_id":222,"param_name":"learning_rate","param_value_internal":0.1785558754506894,"distribution":"{\"name\": \"FloatDistribution\", \"attributes\": {\"step\": null, \"low\": 0.01, \"high\": 0.2, \"log\": true}}"}
{"op_code":5,"worker_id":"3e816d0b-0571-4532-ba43-0768afa25184-140493794387776","trial_id":222,"param_name":"n_estimators","param_value_internal":171.0,"distribution":"{\"name\": \"IntDistribution\", \"attributes\": {\"log\": false, \"step\": 1, \"low\": 50, \"high\": 200}}"}
{"op_code":5,"worker_id":"3e816d0b-0571-4532-ba43-0768afa25184-140493794387776","trial_id":222,"param_name":"max_depth","param_value_internal":3.0,"distribution":"{\"name\": \"IntDistribution\", \"attributes\": {\"log\": false, \"step\": 1, \"low\": 2, \"high\": 5}}"}
{"op_code":6,"worker_id":"3e816d0b-0571-4532-ba43-0768afa25184-140493794387776","trial_id":222,"state":1,"values":[0.7950827259053569],"datetime_complete":"2026-03-20T22:49:50.165974"}
{"op_code":4,"worker_id":"3e816d0b-0571-4532-ba43-0768afa25184-140493794387776","study_id":0,"datetime_start":"2026-03-20T22:49:50.189333"}
{"op_code":5,"worker_id":"3e816d0b-0571-4532-ba43-0768afa25184-140493794387776","trial_id":223,"param_name":"learning_rate","param_value_internal":0.18435251121161123,"distribution":"{\"name\": \"FloatDistribution\", \"attributes\": {\"step\": null, \"low\": 0.01, \"high\": 0.2, \"log\": true}}"}
{"op_code":5,"worker_id":"3e816d0b-0571-4532-ba43-0768afa25184-140493794387776","trial_id":223,"param_name":"n_estimators","param_value_internal":169.0,"distribution":"{\"name\": \"IntDistribution\", \"attributes\": {\"log\": false, \"step\": 1, \"low\": 50, \"high\": 200}}"}
{"op_code":5,"worker_id":"3e816d0b-0571-4532-ba43-0768afa25184-140493794387776","trial_id":223,"param_name":"max_depth","param_value_internal":3.0,"distribution":"{\"name\": \"IntDistribution\", \"attributes\": {\"log\": false, \"step\": 1, \"low\": 2, \"high\": 5}}"}
{"op_code":6,"worker_id":"3e816d0b-0571-4532-ba43-0768afa25184-140493794387776","trial_id":223,"state":1,"values":[0.7909232905241236],"datetime_complete":"2026-03-20T22:50:22.393012"}
{"op_code":4,"worker_id":"3e816d0b-0571-4532-ba43-0768afa25184-140493794387776","study_id":0,"datetime_start":"2026-03-20T22:50:22.411472"}
{"op_code":5,"worker_id":"3e816d0b-0571-4532-ba43-0768afa25184-140493794387776","trial_id":224,"param_name":"learning_rate","param_value_internal":0.18543747303743432,"distribution":"{\"name\": \"FloatDistribution\", \"attributes\": {\"step\": null, \"low\": 0.01, \"high\": 0.2, \"log\": true}}"}
{"op_code":5,"worker_id":"3e816d0b-0571-4532-ba43-0768afa25184-140493794387776","trial_id":224,"param_name":"n_estimators","param_value_internal":170.0,"distribution":"{\"name\": \"IntDistribution\", \"attributes\": {\"log\": false, \"step\": 1, \"low\": 50, \"high\": 200}}"}
{"op_code":5,"worker_id":"3e816d0b-0571-4532-ba43-0768afa25184-140493794387776","trial_id":224,"param_name":"max_depth","param_value_internal":3.0,"distribution":"{\"name\": \"IntDistribution\", \"attributes\": {\"log\": false, \"step\": 1, \"low\": 2, \"high\": 5}}"}
{"op_code":6,"worker_id":"3e816d0b-0571-4532-ba43-0768afa25184-140493794387776","trial_id":224,"state":1,"values":[0.79235797755409],"datetime_complete":"2026-03-20T22:50:54.832483"}
{"op_code":4,"worker_id":"3e816d0b-0571-4532-ba43-0768afa25184-140493794387776","study_id":0,"datetime_start":"2026-03-20T22:50:54.861826"}
{"op_code":5,"worker_id":"3e816d0b-0571-4532-ba43-0768afa25184-140493794387776","trial_id":225,"param_name":"learning_rate","param_value_internal":0.18130530938107073,"distribution":"{\"name\": \"FloatDistribution\", \"attributes\": {\"step\": null, \"low\": 0.01, \"high\": 0.2, \"log\": true}}"}
{"op_code":5,"worker_id":"3e816d0b-0571-4532-ba43-0768afa25184-140493794387776","trial_id":225,"param_name":"n_estimators","param_value_internal":170.0,"distribution":"{\"name\": \"IntDistribution\", \"attributes\": {\"log\": false, \"step\": 1, \"low\": 50, \"high\": 200}}"}
{"op_code":5,"worker_id":"3e816d0b-0571-4532-ba43-0768afa25184-140493794387776","trial_id":225,"param_name":"max_depth","param_value_internal":3.0,"distribution":"{\"name\": \"IntDistribution\", \"attributes\": {\"log\": false, \"step\": 1, \"low\": 2, \"high\": 5}}"}
{"op_code":6,"worker_id":"3e816d0b-0571-4532-ba43-0768afa25184-140493794387776","trial_id":225,"state":1,"values":[0.791860465116279],"datetime_complete":"2026-03-20T22:51:27.284421"}
{"op_code":4,"worker_id":"3e816d0b-0571-4532-ba43-0768afa25184-140493794387776","study_id":0,"datetime_start":"2026-03-20T22:51:27.334995"}
{"op_code":5,"worker_id":"3e816d0b-0571-4532-ba43-0768afa25184-140493794387776","trial_id":226,"param_name":"learning_rate","param_value_internal":0.17947924186327455,"distribution":"{\"name\": \"FloatDistribution\", \"attributes\": {\"step\": null, \"low\": 0.01, \"high\": 0.2, \"log\": true}}"}
{"op_code":5,"worker_id":"3e816d0b-0571-4532-ba43-0768afa25184-140493794387776","trial_id":226,"param_name":"n_estimators","param_value_internal":173.0,"distribution":"{\"name\": \"IntDistribution\", \"attributes\": {\"log\": false, \"step\": 1, \"low\": 50, \"high\": 200}}"}
{"op_code":5,"worker_id":"3e816d0b-0571-4532-ba43-0768afa25184-140493794387776","trial_id":226,"param_name":"max_depth","param_value_internal":3.0,"distribution":"{\"name\": \"IntDistribution\", \"attributes\": {\"log\": false, \"step\": 1, \"low\": 2, \"high\": 5}}"}
{"op_code":6,"worker_id":"3e816d0b-0571-4532-ba43-0768afa25184-140493794387776","trial_id":226,"state":1,"values":[0.7921323614485711],"datetime_complete":"2026-03-20T22:52:00.403522"}
{"op_code":4,"worker_id":"3e816d0b-0571-4532-ba43-0768afa25184-140493794387776","study_id":0,"datetime_start":"2026-03-20T22:52:00.435740"}
{"op_code":5,"worker_id":"3e816d0b-0571-4532-ba43-0768afa25184-140493794387776","trial_id":227,"param_name":"learning_rate","param_value_internal":0.1791568674781536,"distribution":"{\"name\": \"FloatDistribution\", \"attributes\": {\"step\": null, \"low\": 0.01, \"high\": 0.2, \"log\": true}}"}
{"op_code":5,"worker_id":"3e816d0b-0571-4532-ba43-0768afa25184-140493794387776","trial_id":227,"param_name":"n_estimators","param_value_internal":175.0,"distribution":"{\"name\": \"IntDistribution\", \"attributes\": {\"log\": false, \"step\": 1, \"low\": 50, \"high\": 200}}"}
{"op_code":5,"worker_id":"3e816d0b-0571-4532-ba43-0768afa25184-140493794387776","trial_id":227,"param_name":"max_depth","param_value_internal":5.0,"distribution":"{\"name\": \"IntDistribution\", \"attributes\": {\"log\": false, \"step\": 1, \"low\": 2, \"high\": 5}}"}
{"op_code":6,"worker_id":"3e816d0b-0571-4532-ba43-0768afa25184-140493794387776","trial_id":227,"state":1,"values":[0.784235797755409],"datetime_complete":"2026-03-20T22:52:35.286566"}
{"op_code":4,"worker_id":"3e816d0b-0571-4532-ba43-0768afa25184-140493794387776","study_id":0,"datetime_start":"2026-03-20T22:52:35.313166"}
{"op_code":5,"worker_id":"3e816d0b-0571-4532-ba43-0768afa25184-140493794387776","trial_id":228,"param_name":"learning_rate","param_value_internal":0.16771977584801717,"distribution":"{\"name\": \"FloatDistribution\", \"attributes\": {\"step\": null, \"low\": 0.01, \"high\": 0.2, \"log\": true}}"}
{"op_code":5,"worker_id":"3e816d0b-0571-4532-ba43-0768afa25184-140493794387776","trial_id":228,"param_name":"n_estimators","param_value_internal":172.0,"distribution":"{\"name\": \"IntDistribution\", \"attributes\": {\"log\": false, \"step\": 1, \"low\": 50, \"high\": 200}}"}
{"op_code":5,"worker_id":"3e816d0b-0571-4532-ba43-0768afa25184-140493794387776","trial_id":228,"param_name":"max_depth","param_value_internal":3.0,"distribution":"{\"name\": \"IntDistribution\", \"attributes\": {\"log\": false, \"step\": 1, \"low\": 2, \"high\": 5}}"}
{"op_code":6,"worker_id":"3e816d0b-0571-4532-ba43-0768afa25184-140493794387776","trial_id":228,"state":1,"values":[0.7906803193335648],"datetime_complete":"2026-03-20T22:53:08.120518"}
{"op_code":4,"worker_id":"3e816d0b-0571-4532-ba43-0768afa25184-140493794387776","study_id":0,"datetime_start":"2026-03-20T22:53:08.158917"}
{"op_code":5,"worker_id":"3e816d0b-0571-4532-ba43-0768afa25184-140493794387776","trial_id":229,"param_name":"learning_rate","param_value_internal":0.18508151253253113,"distribution":"{\"name\": \"FloatDistribution\", \"attributes\": {\"step\": null, \"low\": 0.01, \"high\": 0.2, \"log\": true}}"}
{"op_code":5,"worker_id":"3e816d0b-0571-4532-ba43-0768afa25184-140493794387776","trial_id":229,"param_name":"n_estimators","param_value_internal":168.0,"distribution":"{\"name\": \"IntDistribution\", \"attributes\": {\"log\": false, \"step\": 1, \"low\": 50, \"high\": 200}}"}
{"op_code":5,"worker_id":"3e816d0b-0571-4532-ba43-0768afa25184-140493794387776","trial_id":229,"param_name":"max_depth","param_value_internal":3.0,"distribution":"{\"name\": \"IntDistribution\", \"attributes\": {\"log\": false, \"step\": 1, \"low\": 2, \"high\": 5}}"}
{"op_code":6,"worker_id":"3e816d0b-0571-4532-ba43-0768afa25184-140493794387776","trial_id":229,"state":1,"values":[0.791869142658799],"datetime_complete":"2026-03-20T22:53:40.137467"}
{"op_code":0,"worker_id":"c4921332-4c48-475b-9065-7d22b0b7c8df-139789252802368","study_name":"gbsa_tuning","directions":[2]}
{"op_code":4,"worker_id":"c4921332-4c48-475b-9065-7d22b0b7c8df-139789252802368","study_id":0,"datetime_start":"2026-03-20T23:04:25.605765"}
{"op_code":5,"worker_id":"c4921332-4c48-475b-9065-7d22b0b7c8df-139789252802368","trial_id":230,"param_name":"learning_rate","param_value_internal":0.1726397560781735,"distribution":"{\"name\": \"FloatDistribution\", \"attributes\": {\"step\": null, \"low\": 0.01, \"high\": 0.2, \"log\": true}}"}
{"op_code":5,"worker_id":"c4921332-4c48-475b-9065-7d22b0b7c8df-139789252802368","trial_id":230,"param_name":"n_estimators","param_value_internal":174.0,"distribution":"{\"name\": \"IntDistribution\", \"attributes\": {\"log\": false, \"step\": 1, \"low\": 50, \"high\": 200}}"}
{"op_code":5,"worker_id":"c4921332-4c48-475b-9065-7d22b0b7c8df-139789252802368","trial_id":230,"param_name":"max_depth","param_value_internal":3.0,"distribution":"{\"name\": \"IntDistribution\", \"attributes\": {\"log\": false, \"step\": 1, \"low\": 2, \"high\": 5}}"}
{"op_code":6,"worker_id":"c4921332-4c48-475b-9065-7d22b0b7c8df-139789252802368","trial_id":230,"state":1,"values":[0.7928728450769409],"datetime_complete":"2026-03-20T23:04:58.829197"}
{"op_code":4,"worker_id":"c4921332-4c48-475b-9065-7d22b0b7c8df-139789252802368","study_id":0,"datetime_start":"2026-03-20T23:05:02.128006"}
{"op_code":5,"worker_id":"c4921332-4c48-475b-9065-7d22b0b7c8df-139789252802368","trial_id":231,"param_name":"learning_rate","param_value_internal":0.16522053828359637,"distribution":"{\"name\": \"FloatDistribution\", \"attributes\": {\"step\": null, \"low\": 0.01, \"high\": 0.2, \"log\": true}}"}
{"op_code":5,"worker_id":"c4921332-4c48-475b-9065-7d22b0b7c8df-139789252802368","trial_id":231,"param_name":"n_estimators","param_value_internal":175.0,"distribution":"{\"name\": \"IntDistribution\", \"attributes\": {\"log\": false, \"step\": 1, \"low\": 50, \"high\": 200}}"}
{"op_code":5,"worker_id":"c4921332-4c48-475b-9065-7d22b0b7c8df-139789252802368","trial_id":231,"param_name":"max_depth","param_value_internal":3.0,"distribution":"{\"name\": \"IntDistribution\", \"attributes\": {\"log\": false, \"step\": 1, \"low\": 2, \"high\": 5}}"}
{"op_code":6,"worker_id":"c4921332-4c48-475b-9065-7d22b0b7c8df-139789252802368","trial_id":231,"state":1,"values":[0.7928381349068611],"datetime_complete":"2026-03-20T23:05:35.555703"}
{"op_code":4,"worker_id":"c4921332-4c48-475b-9065-7d22b0b7c8df-139789252802368","study_id":0,"datetime_start":"2026-03-20T23:05:35.585214"}
{"op_code":5,"worker_id":"c4921332-4c48-475b-9065-7d22b0b7c8df-139789252802368","trial_id":232,"param_name":"learning_rate","param_value_internal":0.17353035269263065,"distribution":"{\"name\": \"FloatDistribution\", \"attributes\": {\"step\": null, \"low\": 0.01, \"high\": 0.2, \"log\": true}}"}
{"op_code":5,"worker_id":"c4921332-4c48-475b-9065-7d22b0b7c8df-139789252802368","trial_id":232,"param_name":"n_estimators","param_value_internal":178.0,"distribution":"{\"name\": \"IntDistribution\", \"attributes\": {\"log\": false, \"step\": 1, \"low\": 50, \"high\": 200}}"}
{"op_code":5,"worker_id":"c4921332-4c48-475b-9065-7d22b0b7c8df-139789252802368","trial_id":232,"param_name":"max_depth","param_value_internal":3.0,"distribution":"{\"name\": \"IntDistribution\", \"attributes\": {\"log\": false, \"step\": 1, \"low\": 2, \"high\": 5}}"}
{"op_code":6,"worker_id":"c4921332-4c48-475b-9065-7d22b0b7c8df-139789252802368","trial_id":232,"state":1,"values":[0.7920542635658915],"datetime_complete":"2026-03-20T23:06:09.547995"}
{"op_code":4,"worker_id":"c4921332-4c48-475b-9065-7d22b0b7c8df-139789252802368","study_id":0,"datetime_start":"2026-03-20T23:06:09.563151"}
{"op_code":5,"worker_id":"c4921332-4c48-475b-9065-7d22b0b7c8df-139789252802368","trial_id":233,"param_name":"learning_rate","param_value_internal":0.16893923818465506,"distribution":"{\"name\": \"FloatDistribution\", \"attributes\": {\"step\": null, \"low\": 0.01, \"high\": 0.2, \"log\": true}}"}
{"op_code":5,"worker_id":"c4921332-4c48-475b-9065-7d22b0b7c8df-139789252802368","trial_id":233,"param_name":"n_estimators","param_value_internal":175.0,"distribution":"{\"name\": \"IntDistribution\", \"attributes\": {\"log\": false, \"step\": 1, \"low\": 50, \"high\": 200}}"}
{"op_code":5,"worker_id":"c4921332-4c48-475b-9065-7d22b0b7c8df-139789252802368","trial_id":233,"param_name":"max_depth","param_value_internal":3.0,"distribution":"{\"name\": \"IntDistribution\", \"attributes\": {\"log\": false, \"step\": 1, \"low\": 2, \"high\": 5}}"}
{"op_code":6,"worker_id":"c4921332-4c48-475b-9065-7d22b0b7c8df-139789252802368","trial_id":233,"state":1,"values":[0.7898819854217286],"datetime_complete":"2026-03-20T23:06:42.895576"}
{"op_code":4,"worker_id":"c4921332-4c48-475b-9065-7d22b0b7c8df-139789252802368","study_id":0,"datetime_start":"2026-03-20T23:06:42.909334"}
{"op_code":5,"worker_id":"c4921332-4c48-475b-9065-7d22b0b7c8df-139789252802368","trial_id":234,"param_name":"learning_rate","param_value_internal":0.1815086315951209,"distribution":"{\"name\": \"FloatDistribution\", \"attributes\": {\"step\": null, \"low\": 0.01, \"high\": 0.2, \"log\": true}}"}
{"op_code":5,"worker_id":"c4921332-4c48-475b-9065-7d22b0b7c8df-139789252802368","trial_id":234,"param_name":"n_estimators","param_value_internal":178.0,"distribution":"{\"name\": \"IntDistribution\", \"attributes\": {\"log\": false, \"step\": 1, \"low\": 50, \"high\": 200}}"}
{"op_code":5,"worker_id":"c4921332-4c48-475b-9065-7d22b0b7c8df-139789252802368","trial_id":234,"param_name":"max_depth","param_value_internal":3.0,"distribution":"{\"name\": \"IntDistribution\", \"attributes\": {\"log\": false, \"step\": 1, \"low\": 2, \"high\": 5}}"}
{"op_code":6,"worker_id":"c4921332-4c48-475b-9065-7d22b0b7c8df-139789252802368","trial_id":234,"state":1,"values":[0.7940124956612288],"datetime_complete":"2026-03-20T23:07:16.827530"}
{"op_code":4,"worker_id":"c4921332-4c48-475b-9065-7d22b0b7c8df-139789252802368","study_id":0,"datetime_start":"2026-03-20T23:07:16.856137"}
{"op_code":5,"worker_id":"c4921332-4c48-475b-9065-7d22b0b7c8df-139789252802368","trial_id":235,"param_name":"learning_rate","param_value_internal":0.18675475717592757,"distribution":"{\"name\": \"FloatDistribution\", \"attributes\": {\"step\": null, \"low\": 0.01, \"high\": 0.2, \"log\": true}}"}
{"op_code":5,"worker_id":"c4921332-4c48-475b-9065-7d22b0b7c8df-139789252802368","trial_id":235,"param_name":"n_estimators","param_value_internal":172.0,"distribution":"{\"name\": \"IntDistribution\", \"attributes\": {\"log\": false, \"step\": 1, \"low\": 50, \"high\": 200}}"}
{"op_code":5,"worker_id":"c4921332-4c48-475b-9065-7d22b0b7c8df-139789252802368","trial_id":235,"param_name":"max_depth","param_value_internal":3.0,"distribution":"{\"name\": \"IntDistribution\", \"attributes\": {\"log\": false, \"step\": 1, \"low\": 2, \"high\": 5}}"}
{"op_code":6,"worker_id":"c4921332-4c48-475b-9065-7d22b0b7c8df-139789252802368","trial_id":235,"state":1,"values":[0.793318292259632],"datetime_complete":"2026-03-20T23:07:49.654551"}
{"op_code":4,"worker_id":"c4921332-4c48-475b-9065-7d22b0b7c8df-139789252802368","study_id":0,"datetime_start":"2026-03-20T23:07:49.682669"}
{"op_code":5,"worker_id":"c4921332-4c48-475b-9065-7d22b0b7c8df-139789252802368","trial_id":236,"param_name":"learning_rate","param_value_internal":0.18179989181060677,"distribution":"{\"name\": \"FloatDistribution\", \"attributes\": {\"step\": null, \"low\": 0.01, \"high\": 0.2, \"log\": true}}"}
{"op_code":5,"worker_id":"c4921332-4c48-475b-9065-7d22b0b7c8df-139789252802368","trial_id":236,"param_name":"n_estimators","param_value_internal":173.0,"distribution":"{\"name\": \"IntDistribution\", \"attributes\": {\"log\": false, \"step\": 1, \"low\": 50, \"high\": 200}}"}
{"op_code":5,"worker_id":"c4921332-4c48-475b-9065-7d22b0b7c8df-139789252802368","trial_id":236,"param_name":"max_depth","param_value_internal":3.0,"distribution":"{\"name\": \"IntDistribution\", \"attributes\": {\"log\": false, \"step\": 1, \"low\": 2, \"high\": 5}}"}
{"op_code":6,"worker_id":"c4921332-4c48-475b-9065-7d22b0b7c8df-139789252802368","trial_id":236,"state":1,"values":[0.7942670369084809],"datetime_complete":"2026-03-20T23:08:22.671216"}
{"op_code":4,"worker_id":"c4921332-4c48-475b-9065-7d22b0b7c8df-139789252802368","study_id":0,"datetime_start":"2026-03-20T23:08:22.690611"}
{"op_code":5,"worker_id":"c4921332-4c48-475b-9065-7d22b0b7c8df-139789252802368","trial_id":237,"param_name":"learning_rate","param_value_internal":0.1880320726613637,"distribution":"{\"name\": \"FloatDistribution\", \"attributes\": {\"step\": null, \"low\": 0.01, \"high\": 0.2, \"log\": true}}"}
{"op_code":5,"worker_id":"c4921332-4c48-475b-9065-7d22b0b7c8df-139789252802368","trial_id":237,"param_name":"n_estimators","param_value_internal":177.0,"distribution":"{\"name\": \"IntDistribution\", \"attributes\": {\"log\": false, \"step\": 1, \"low\": 50, \"high\": 200}}"}
{"op_code":5,"worker_id":"c4921332-4c48-475b-9065-7d22b0b7c8df-139789252802368","trial_id":237,"param_name":"max_depth","param_value_internal":3.0,"distribution":"{\"name\": \"IntDistribution\", \"attributes\": {\"log\": false, \"step\": 1, \"low\": 2, \"high\": 5}}"}
{"op_code":6,"worker_id":"c4921332-4c48-475b-9065-7d22b0b7c8df-139789252802368","trial_id":237,"state":1,"values":[0.7923521925257434],"datetime_complete":"2026-03-20T23:08:56.462468"}
{"op_code":4,"worker_id":"c4921332-4c48-475b-9065-7d22b0b7c8df-139789252802368","study_id":0,"datetime_start":"2026-03-20T23:08:56.489651"}
{"op_code":5,"worker_id":"c4921332-4c48-475b-9065-7d22b0b7c8df-139789252802368","trial_id":238,"param_name":"learning_rate","param_value_internal":0.18592792103888547,"distribution":"{\"name\": \"FloatDistribution\", \"attributes\": {\"step\": null, \"low\": 0.01, \"high\": 0.2, \"log\": true}}"}
{"op_code":5,"worker_id":"c4921332-4c48-475b-9065-7d22b0b7c8df-139789252802368","trial_id":238,"param_name":"n_estimators","param_value_internal":179.0,"distribution":"{\"name\": \"IntDistribution\", \"attributes\": {\"log\": false, \"step\": 1, \"low\": 50, \"high\": 200}}"}
{"op_code":5,"worker_id":"c4921332-4c48-475b-9065-7d22b0b7c8df-139789252802368","trial_id":238,"param_name":"max_depth","param_value_internal":3.0,"distribution":"{\"name\": \"IntDistribution\", \"attributes\": {\"log\": false, \"step\": 1, \"low\": 2, \"high\": 5}}"}
{"op_code":6,"worker_id":"c4921332-4c48-475b-9065-7d22b0b7c8df-139789252802368","trial_id":238,"state":1,"values":[0.7928728450769409],"datetime_complete":"2026-03-20T23:09:30.577606"}
{"op_code":4,"worker_id":"c4921332-4c48-475b-9065-7d22b0b7c8df-139789252802368","study_id":0,"datetime_start":"2026-03-20T23:09:30.598703"}
{"op_code":5,"worker_id":"c4921332-4c48-475b-9065-7d22b0b7c8df-139789252802368","trial_id":239,"param_name":"learning_rate","param_value_internal":0.1865036608329773,"distribution":"{\"name\": \"FloatDistribution\", \"attributes\": {\"step\": null, \"low\": 0.01, \"high\": 0.2, \"log\": true}}"}
{"op_code":5,"worker_id":"c4921332-4c48-475b-9065-7d22b0b7c8df-139789252802368","trial_id":239,"param_name":"n_estimators","param_value_internal":178.0,"distribution":"{\"name\": \"IntDistribution\", \"attributes\": {\"log\": false, \"step\": 1, \"low\": 50, \"high\": 200}}"}
{"op_code":5,"worker_id":"c4921332-4c48-475b-9065-7d22b0b7c8df-139789252802368","trial_id":239,"param_name":"max_depth","param_value_internal":3.0,"distribution":"{\"name\": \"IntDistribution\", \"attributes\": {\"log\": false, \"step\": 1, \"low\": 2, \"high\": 5}}"}
{"op_code":6,"worker_id":"c4921332-4c48-475b-9065-7d22b0b7c8df-139789252802368","trial_id":239,"state":1,"values":[0.7928902001619808],"datetime_complete":"2026-03-20T23:10:04.509941"}
{"op_code":0,"worker_id":"8d84f9c0-ed7a-48ff-8abc-9701c5a5143c-140475561576256","study_name":"gbsa_tuning","directions":[2]}
{"op_code":4,"worker_id":"8d84f9c0-ed7a-48ff-8abc-9701c5a5143c-140475561576256","study_id":0,"datetime_start":"2026-03-20T23:21:55.305470"}
{"op_code":5,"worker_id":"8d84f9c0-ed7a-48ff-8abc-9701c5a5143c-140475561576256","trial_id":240,"param_name":"learning_rate","param_value_internal":0.1901711387246246,"distribution":"{\"name\": \"FloatDistribution\", \"attributes\": {\"step\": null, \"low\": 0.01, \"high\": 0.2, \"log\": true}}"}
{"op_code":5,"worker_id":"8d84f9c0-ed7a-48ff-8abc-9701c5a5143c-140475561576256","trial_id":240,"param_name":"n_estimators","param_value_internal":179.0,"distribution":"{\"name\": \"IntDistribution\", \"attributes\": {\"log\": false, \"step\": 1, \"low\": 50, \"high\": 200}}"}
{"op_code":5,"worker_id":"8d84f9c0-ed7a-48ff-8abc-9701c5a5143c-140475561576256","trial_id":240,"param_name":"max_depth","param_value_internal":3.0,"distribution":"{\"name\": \"IntDistribution\", \"attributes\": {\"log\": false, \"step\": 1, \"low\": 2, \"high\": 5}}"}
{"op_code":6,"worker_id":"8d84f9c0-ed7a-48ff-8abc-9701c5a5143c-140475561576256","trial_id":240,"state":1,"values":[0.7933761425430984],"datetime_complete":"2026-03-20T23:22:29.428630"}
{"op_code":4,"worker_id":"8d84f9c0-ed7a-48ff-8abc-9701c5a5143c-140475561576256","study_id":0,"datetime_start":"2026-03-20T23:22:29.451426"}
{"op_code":5,"worker_id":"8d84f9c0-ed7a-48ff-8abc-9701c5a5143c-140475561576256","trial_id":241,"param_name":"learning_rate","param_value_internal":0.18863280613712377,"distribution":"{\"name\": \"FloatDistribution\", \"attributes\": {\"step\": null, \"low\": 0.01, \"high\": 0.2, \"log\": true}}"}
{"op_code":5,"worker_id":"8d84f9c0-ed7a-48ff-8abc-9701c5a5143c-140475561576256","trial_id":241,"param_name":"n_estimators","param_value_internal":180.0,"distribution":"{\"name\": \"IntDistribution\", \"attributes\": {\"log\": false, \"step\": 1, \"low\": 50, \"high\": 200}}"}
{"op_code":5,"worker_id":"8d84f9c0-ed7a-48ff-8abc-9701c5a5143c-140475561576256","trial_id":241,"param_name":"max_depth","param_value_internal":3.0,"distribution":"{\"name\": \"IntDistribution\", \"attributes\": {\"log\": false, \"step\": 1, \"low\": 2, \"high\": 5}}"}
{"op_code":6,"worker_id":"8d84f9c0-ed7a-48ff-8abc-9701c5a5143c-140475561576256","trial_id":241,"state":1,"values":[0.7926240888580354],"datetime_complete":"2026-03-20T23:23:03.749258"}
{"op_code":4,"worker_id":"8d84f9c0-ed7a-48ff-8abc-9701c5a5143c-140475561576256","study_id":0,"datetime_start":"2026-03-20T23:23:03.770290"}
{"op_code":5,"worker_id":"8d84f9c0-ed7a-48ff-8abc-9701c5a5143c-140475561576256","trial_id":242,"param_name":"learning_rate","param_value_internal":0.18782626611995293,"distribution":"{\"name\": \"FloatDistribution\", \"attributes\": {\"step\": null, \"low\": 0.01, \"high\": 0.2, \"log\": true}}"}
{"op_code":5,"worker_id":"8d84f9c0-ed7a-48ff-8abc-9701c5a5143c-140475561576256","trial_id":242,"param_name":"n_estimators","param_value_internal":180.0,"distribution":"{\"name\": \"IntDistribution\", \"attributes\": {\"log\": false, \"step\": 1, \"low\": 50, \"high\": 200}}"}
{"op_code":5,"worker_id":"8d84f9c0-ed7a-48ff-8abc-9701c5a5143c-140475561576256","trial_id":242,"param_name":"max_depth","param_value_internal":3.0,"distribution":"{\"name\": \"IntDistribution\", \"attributes\": {\"log\": false, \"step\": 1, \"low\": 2, \"high\": 5}}"}
{"op_code":6,"worker_id":"8d84f9c0-ed7a-48ff-8abc-9701c5a5143c-140475561576256","trial_id":242,"state":1,"values":[0.7922075668170774],"datetime_complete":"2026-03-20T23:23:38.040256"}
{"op_code":4,"worker_id":"8d84f9c0-ed7a-48ff-8abc-9701c5a5143c-140475561576256","study_id":0,"datetime_start":"2026-03-20T23:23:38.057554"}
{"op_code":5,"worker_id":"8d84f9c0-ed7a-48ff-8abc-9701c5a5143c-140475561576256","trial_id":243,"param_name":"learning_rate","param_value_internal":0.18685697168253756,"distribution":"{\"name\": \"FloatDistribution\", \"attributes\": {\"step\": null, \"low\": 0.01, \"high\": 0.2, \"log\": true}}"}
{"op_code":5,"worker_id":"8d84f9c0-ed7a-48ff-8abc-9701c5a5143c-140475561576256","trial_id":243,"param_name":"n_estimators","param_value_internal":179.0,"distribution":"{\"name\": \"IntDistribution\", \"attributes\": {\"log\": false, \"step\": 1, \"low\": 50, \"high\": 200}}"}
{"op_code":5,"worker_id":"8d84f9c0-ed7a-48ff-8abc-9701c5a5143c-140475561576256","trial_id":243,"param_name":"max_depth","param_value_internal":3.0,"distribution":"{\"name\": \"IntDistribution\", \"attributes\": {\"log\": false, \"step\": 1, \"low\": 2, \"high\": 5}}"}
{"op_code":6,"worker_id":"8d84f9c0-ed7a-48ff-8abc-9701c5a5143c-140475561576256","trial_id":243,"state":1,"values":[0.7936248987620039],"datetime_complete":"2026-03-20T23:24:12.163246"}
{"op_code":4,"worker_id":"8d84f9c0-ed7a-48ff-8abc-9701c5a5143c-140475561576256","study_id":0,"datetime_start":"2026-03-20T23:24:12.189895"}
{"op_code":5,"worker_id":"8d84f9c0-ed7a-48ff-8abc-9701c5a5143c-140475561576256","trial_id":244,"param_name":"learning_rate","param_value_internal":0.19869123466927463,"distribution":"{\"name\": \"FloatDistribution\", \"attributes\": {\"step\": null, \"low\": 0.01, \"high\": 0.2, \"log\": true}}"}
{"op_code":5,"worker_id":"8d84f9c0-ed7a-48ff-8abc-9701c5a5143c-140475561576256","trial_id":244,"param_name":"n_estimators","param_value_internal":180.0,"distribution":"{\"name\": \"IntDistribution\", \"attributes\": {\"log\": false, \"step\": 1, \"low\": 50, \"high\": 200}}"}
{"op_code":5,"worker_id":"8d84f9c0-ed7a-48ff-8abc-9701c5a5143c-140475561576256","trial_id":244,"param_name":"max_depth","param_value_internal":3.0,"distribution":"{\"name\": \"IntDistribution\", \"attributes\": {\"log\": false, \"step\": 1, \"low\": 2, \"high\": 5}}"}
{"op_code":6,"worker_id":"8d84f9c0-ed7a-48ff-8abc-9701c5a5143c-140475561576256","trial_id":244,"state":1,"values":[0.7923116973273169],"datetime_complete":"2026-03-20T23:24:46.438436"}
{"op_code":4,"worker_id":"8d84f9c0-ed7a-48ff-8abc-9701c5a5143c-140475561576256","study_id":0,"datetime_start":"2026-03-20T23:24:46.475106"}
{"op_code":5,"worker_id":"8d84f9c0-ed7a-48ff-8abc-9701c5a5143c-140475561576256","trial_id":245,"param_name":"learning_rate","param_value_internal":0.19031108143519584,"distribution":"{\"name\": \"FloatDistribution\", \"attributes\": {\"step\": null, \"low\": 0.01, \"high\": 0.2, \"log\": true}}"}
{"op_code":5,"worker_id":"8d84f9c0-ed7a-48ff-8abc-9701c5a5143c-140475561576256","trial_id":245,"param_name":"n_estimators","param_value_internal":180.0,"distribution":"{\"name\": \"IntDistribution\", \"attributes\": {\"log\": false, \"step\": 1, \"low\": 50, \"high\": 200}}"}
{"op_code":5,"worker_id":"8d84f9c0-ed7a-48ff-8abc-9701c5a5143c-140475561576256","trial_id":245,"param_name":"max_depth","param_value_internal":3.0,"distribution":"{\"name\": \"IntDistribution\", \"attributes\": {\"log\": false, \"step\": 1, \"low\": 2, \"high\": 5}}"}
{"op_code":6,"worker_id":"8d84f9c0-ed7a-48ff-8abc-9701c5a5143c-140475561576256","trial_id":245,"state":1,"values":[0.791316672451695],"datetime_complete":"2026-03-20T23:25:20.761822"}
{"op_code":4,"worker_id":"8d84f9c0-ed7a-48ff-8abc-9701c5a5143c-140475561576256","study_id":0,"datetime_start":"2026-03-20T23:25:20.793965"}
{"op_code":5,"worker_id":"8d84f9c0-ed7a-48ff-8abc-9701c5a5143c-140475561576256","trial_id":246,"param_name":"learning_rate","param_value_internal":0.1986406422980827,"distribution":"{\"name\": \"FloatDistribution\", \"attributes\": {\"step\": null, \"low\": 0.01, \"high\": 0.2, \"log\": true}}"}
{"op_code":5,"worker_id":"8d84f9c0-ed7a-48ff-8abc-9701c5a5143c-140475561576256","trial_id":246,"param_name":"n_estimators","param_value_internal":181.0,"distribution":"{\"name\": \"IntDistribution\", \"attributes\": {\"log\": false, \"step\": 1, \"low\": 50, \"high\": 200}}"}
{"op_code":5,"worker_id":"8d84f9c0-ed7a-48ff-8abc-9701c5a5143c-140475561576256","trial_id":246,"param_name":"max_depth","param_value_internal":3.0,"distribution":"{\"name\": \"IntDistribution\", \"attributes\": {\"log\": false, \"step\": 1, \"low\": 2, \"high\": 5}}"}
{"op_code":6,"worker_id":"8d84f9c0-ed7a-48ff-8abc-9701c5a5143c-140475561576256","trial_id":246,"state":1,"values":[0.7916348490107602],"datetime_complete":"2026-03-20T23:25:55.264112"}
{"op_code":4,"worker_id":"8d84f9c0-ed7a-48ff-8abc-9701c5a5143c-140475561576256","study_id":0,"datetime_start":"2026-03-20T23:25:55.304891"}
{"op_code":5,"worker_id":"8d84f9c0-ed7a-48ff-8abc-9701c5a5143c-140475561576256","trial_id":247,"param_name":"learning_rate","param_value_internal":0.1874349100317864,"distribution":"{\"name\": \"FloatDistribution\", \"attributes\": {\"step\": null, \"low\": 0.01, \"high\": 0.2, \"log\": true}}"}
{"op_code":5,"worker_id":"8d84f9c0-ed7a-48ff-8abc-9701c5a5143c-140475561576256","trial_id":247,"param_name":"n_estimators","param_value_internal":180.0,"distribution":"{\"name\": \"IntDistribution\", \"attributes\": {\"log\": false, \"step\": 1, \"low\": 50, \"high\": 200}}"}
{"op_code":5,"worker_id":"8d84f9c0-ed7a-48ff-8abc-9701c5a5143c-140475561576256","trial_id":247,"param_name":"max_depth","param_value_internal":3.0,"distribution":"{\"name\": \"IntDistribution\", \"attributes\": {\"log\": false, \"step\": 1, \"low\": 2, \"high\": 5}}"}
{"op_code":6,"worker_id":"8d84f9c0-ed7a-48ff-8abc-9701c5a5143c-140475561576256","trial_id":247,"state":1,"values":[0.79512900613213],"datetime_complete":"2026-03-20T23:26:29.598638"}
{"op_code":4,"worker_id":"8d84f9c0-ed7a-48ff-8abc-9701c5a5143c-140475561576256","study_id":0,"datetime_start":"2026-03-20T23:26:29.628718"}
{"op_code":5,"worker_id":"8d84f9c0-ed7a-48ff-8abc-9701c5a5143c-140475561576256","trial_id":248,"param_name":"learning_rate","param_value_internal":0.18860506909602504,"distribution":"{\"name\": \"FloatDistribution\", \"attributes\": {\"step\": null, \"low\": 0.01, \"high\": 0.2, \"log\": true}}"}
{"op_code":5,"worker_id":"8d84f9c0-ed7a-48ff-8abc-9701c5a5143c-140475561576256","trial_id":248,"param_name":"n_estimators","param_value_internal":177.0,"distribution":"{\"name\": \"IntDistribution\", \"attributes\": {\"log\": false, \"step\": 1, \"low\": 50, \"high\": 200}}"}
{"op_code":5,"worker_id":"8d84f9c0-ed7a-48ff-8abc-9701c5a5143c-140475561576256","trial_id":248,"param_name":"max_depth","param_value_internal":3.0,"distribution":"{\"name\": \"IntDistribution\", \"attributes\": {\"log\": false, \"step\": 1, \"low\": 2, \"high\": 5}}"}
{"op_code":6,"worker_id":"8d84f9c0-ed7a-48ff-8abc-9701c5a5143c-140475561576256","trial_id":248,"state":1,"values":[0.7917100543792664],"datetime_complete":"2026-03-20T23:27:03.367869"}
{"op_code":4,"worker_id":"8d84f9c0-ed7a-48ff-8abc-9701c5a5143c-140475561576256","study_id":0,"datetime_start":"2026-03-20T23:27:03.390319"}
{"op_code":5,"worker_id":"8d84f9c0-ed7a-48ff-8abc-9701c5a5143c-140475561576256","trial_id":249,"param_name":"learning_rate","param_value_internal":0.17944469057557474,"distribution":"{\"name\": \"FloatDistribution\", \"attributes\": {\"step\": null, \"low\": 0.01, \"high\": 0.2, \"log\": true}}"}
{"op_code":5,"worker_id":"8d84f9c0-ed7a-48ff-8abc-9701c5a5143c-140475561576256","trial_id":249,"param_name":"n_estimators","param_value_internal":176.0,"distribution":"{\"name\": \"IntDistribution\", \"attributes\": {\"log\": false, \"step\": 1, \"low\": 50, \"high\": 200}}"}
{"op_code":5,"worker_id":"8d84f9c0-ed7a-48ff-8abc-9701c5a5143c-140475561576256","trial_id":249,"param_name":"max_depth","param_value_internal":3.0,"distribution":"{\"name\": \"IntDistribution\", \"attributes\": {\"log\": false, \"step\": 1, \"low\": 2, \"high\": 5}}"}
{"op_code":6,"worker_id":"8d84f9c0-ed7a-48ff-8abc-9701c5a5143c-140475561576256","trial_id":249,"state":1,"values":[0.7948281846581048],"datetime_complete":"2026-03-20T23:27:36.925584"}
{"op_code":0,"worker_id":"f40634f5-bf61-468b-8e18-84c284978665-140193173047104","study_name":"gbsa_tuning","directions":[2]}
{"op_code":4,"worker_id":"f40634f5-bf61-468b-8e18-84c284978665-140193173047104","study_id":0,"datetime_start":"2026-03-21T07:20:14.197376"}
{"op_code":5,"worker_id":"f40634f5-bf61-468b-8e18-84c284978665-140193173047104","trial_id":250,"param_name":"learning_rate","param_value_internal":0.17471173759315176,"distribution":"{\"name\": \"FloatDistribution\", \"attributes\": {\"step\": null, \"low\": 0.01, \"high\": 0.2, \"log\": true}}"}
{"op_code":5,"worker_id":"f40634f5-bf61-468b-8e18-84c284978665-140193173047104","trial_id":250,"param_name":"n_estimators","param_value_internal":177.0,"distribution":"{\"name\": \"IntDistribution\", \"attributes\": {\"log\": false, \"step\": 1, \"low\": 50, \"high\": 200}}"}
{"op_code":5,"worker_id":"f40634f5-bf61-468b-8e18-84c284978665-140193173047104","trial_id":250,"param_name":"max_depth","param_value_internal":3.0,"distribution":"{\"name\": \"IntDistribution\", \"attributes\": {\"log\": false, \"step\": 1, \"low\": 2, \"high\": 5}}"}
{"op_code":6,"worker_id":"f40634f5-bf61-468b-8e18-84c284978665-140193173047104","trial_id":250,"state":1,"values":[0.7923521925257434],"datetime_complete":"2026-03-21T07:20:49.926310"}
{"op_code":4,"worker_id":"f40634f5-bf61-468b-8e18-84c284978665-140193173047104","study_id":0,"datetime_start":"2026-03-21T07:20:49.941432"}
{"op_code":5,"worker_id":"f40634f5-bf61-468b-8e18-84c284978665-140193173047104","trial_id":251,"param_name":"learning_rate","param_value_internal":0.17389143225739237,"distribution":"{\"name\": \"FloatDistribution\", \"attributes\": {\"step\": null, \"low\": 0.01, \"high\": 0.2, \"log\": true}}"}
{"op_code":5,"worker_id":"f40634f5-bf61-468b-8e18-84c284978665-140193173047104","trial_id":251,"param_name":"n_estimators","param_value_internal":177.0,"distribution":"{\"name\": \"IntDistribution\", \"attributes\": {\"log\": false, \"step\": 1, \"low\": 50, \"high\": 200}}"}
{"op_code":5,"worker_id":"f40634f5-bf61-468b-8e18-84c284978665-140193173047104","trial_id":251,"param_name":"max_depth","param_value_internal":3.0,"distribution":"{\"name\": \"IntDistribution\", \"attributes\": {\"log\": false, \"step\": 1, \"low\": 2, \"high\": 5}}"}
{"op_code":6,"worker_id":"f40634f5-bf61-468b-8e18-84c284978665-140193173047104","trial_id":251,"state":1,"values":[0.7934282077982182],"datetime_complete":"2026-03-21T07:21:25.622501"}
{"op_code":4,"worker_id":"f40634f5-bf61-468b-8e18-84c284978665-140193173047104","study_id":0,"datetime_start":"2026-03-21T07:21:25.636727"}
{"op_code":5,"worker_id":"f40634f5-bf61-468b-8e18-84c284978665-140193173047104","trial_id":252,"param_name":"learning_rate","param_value_internal":0.17359179173588662,"distribution":"{\"name\": \"FloatDistribution\", \"attributes\": {\"step\": null, \"low\": 0.01, \"high\": 0.2, \"log\": true}}"}
{"op_code":5,"worker_id":"f40634f5-bf61-468b-8e18-84c284978665-140193173047104","trial_id":252,"param_name":"n_estimators","param_value_internal":176.0,"distribution":"{\"name\": \"IntDistribution\", \"attributes\": {\"log\": false, \"step\": 1, \"low\": 50, \"high\": 200}}"}
{"op_code":5,"worker_id":"f40634f5-bf61-468b-8e18-84c284978665-140193173047104","trial_id":252,"param_name":"max_depth","param_value_internal":3.0,"distribution":"{\"name\": \"IntDistribution\", \"attributes\": {\"log\": false, \"step\": 1, \"low\": 2, \"high\": 5}}"}
{"op_code":6,"worker_id":"f40634f5-bf61-468b-8e18-84c284978665-140193173047104","trial_id":252,"state":1,"values":[0.7923695476107833],"datetime_complete":"2026-03-21T07:22:01.102832"}
{"op_code":4,"worker_id":"f40634f5-bf61-468b-8e18-84c284978665-140193173047104","study_id":0,"datetime_start":"2026-03-21T07:22:01.123778"}
{"op_code":5,"worker_id":"f40634f5-bf61-468b-8e18-84c284978665-140193173047104","trial_id":253,"param_name":"learning_rate","param_value_internal":0.17518191713876777,"distribution":"{\"name\": \"FloatDistribution\", \"attributes\": {\"step\": null, \"low\": 0.01, \"high\": 0.2, \"log\": true}}"}
{"op_code":5,"worker_id":"f40634f5-bf61-468b-8e18-84c284978665-140193173047104","trial_id":253,"param_name":"n_estimators","param_value_internal":175.0,"distribution":"{\"name\": \"IntDistribution\", \"attributes\": {\"log\": false, \"step\": 1, \"low\": 50, \"high\": 200}}"}
{"op_code":5,"worker_id":"f40634f5-bf61-468b-8e18-84c284978665-140193173047104","trial_id":253,"param_name":"max_depth","param_value_internal":3.0,"distribution":"{\"name\": \"IntDistribution\", \"attributes\": {\"log\": false, \"step\": 1, \"low\": 2, \"high\": 5}}"}
{"op_code":6,"worker_id":"f40634f5-bf61-468b-8e18-84c284978665-140193173047104","trial_id":253,"state":1,"values":[0.7924968182344093],"datetime_complete":"2026-03-21T07:22:36.409442"}
{"op_code":4,"worker_id":"f40634f5-bf61-468b-8e18-84c284978665-140193173047104","study_id":0,"datetime_start":"2026-03-21T07:22:36.429007"}
{"op_code":5,"worker_id":"f40634f5-bf61-468b-8e18-84c284978665-140193173047104","trial_id":254,"param_name":"learning_rate","param_value_internal":0.15971828742939237,"distribution":"{\"name\": \"FloatDistribution\", \"attributes\": {\"step\": null, \"low\": 0.01, \"high\": 0.2, \"log\": true}}"}
{"op_code":5,"worker_id":"f40634f5-bf61-468b-8e18-84c284978665-140193173047104","trial_id":254,"param_name":"n_estimators","param_value_internal":175.0,"distribution":"{\"name\": \"IntDistribution\", \"attributes\": {\"log\": false, \"step\": 1, \"low\": 50, \"high\": 200}}"}
{"op_code":5,"worker_id":"f40634f5-bf61-468b-8e18-84c284978665-140193173047104","trial_id":254,"param_name":"max_depth","param_value_internal":3.0,"distribution":"{\"name\": \"IntDistribution\", \"attributes\": {\"log\": false, \"step\": 1, \"low\": 2, \"high\": 5}}"}
{"op_code":6,"worker_id":"f40634f5-bf61-468b-8e18-84c284978665-140193173047104","trial_id":254,"state":1,"values":[0.7902175170658337],"datetime_complete":"2026-03-21T07:23:11.762161"}
{"op_code":4,"worker_id":"f40634f5-bf61-468b-8e18-84c284978665-140193173047104","study_id":0,"datetime_start":"2026-03-21T07:23:11.774766"}
{"op_code":5,"worker_id":"f40634f5-bf61-468b-8e18-84c284978665-140193173047104","trial_id":255,"param_name":"learning_rate","param_value_internal":0.1728986901057223,"distribution":"{\"name\": \"FloatDistribution\", \"attributes\": {\"step\": null, \"low\": 0.01, \"high\": 0.2, \"log\": true}}"}
{"op_code":5,"worker_id":"f40634f5-bf61-468b-8e18-84c284978665-140193173047104","trial_id":255,"param_name":"n_estimators","param_value_internal":175.0,"distribution":"{\"name\": \"IntDistribution\", \"attributes\": {\"log\": false, \"step\": 1, \"low\": 50, \"high\": 200}}"}
{"op_code":5,"worker_id":"f40634f5-bf61-468b-8e18-84c284978665-140193173047104","trial_id":255,"param_name":"max_depth","param_value_internal":3.0,"distribution":"{\"name\": \"IntDistribution\", \"attributes\": {\"log\": false, \"step\": 1, \"low\": 2, \"high\": 5}}"}
{"op_code":6,"worker_id":"f40634f5-bf61-468b-8e18-84c284978665-140193173047104","trial_id":255,"state":1,"values":[0.792068726136758],"datetime_complete":"2026-03-21T07:23:47.081867"}
{"op_code":4,"worker_id":"f40634f5-bf61-468b-8e18-84c284978665-140193173047104","study_id":0,"datetime_start":"2026-03-21T07:23:47.103961"}
{"op_code":5,"worker_id":"f40634f5-bf61-468b-8e18-84c284978665-140193173047104","trial_id":256,"param_name":"learning_rate","param_value_internal":0.17810487578673043,"distribution":"{\"name\": \"FloatDistribution\", \"attributes\": {\"step\": null, \"low\": 0.01, \"high\": 0.2, \"log\": true}}"}
{"op_code":5,"worker_id":"f40634f5-bf61-468b-8e18-84c284978665-140193173047104","trial_id":256,"param_name":"n_estimators","param_value_internal":182.0,"distribution":"{\"name\": \"IntDistribution\", \"attributes\": {\"log\": false, \"step\": 1, \"low\": 50, \"high\": 200}}"}
{"op_code":5,"worker_id":"f40634f5-bf61-468b-8e18-84c284978665-140193173047104","trial_id":256,"param_name":"max_depth","param_value_internal":3.0,"distribution":"{\"name\": \"IntDistribution\", \"attributes\": {\"log\": false, \"step\": 1, \"low\": 2, \"high\": 5}}"}
{"op_code":6,"worker_id":"f40634f5-bf61-468b-8e18-84c284978665-140193173047104","trial_id":256,"state":1,"values":[0.7927802846233947],"datetime_complete":"2026-03-21T07:24:23.793702"}
{"op_code":4,"worker_id":"f40634f5-bf61-468b-8e18-84c284978665-140193173047104","study_id":0,"datetime_start":"2026-03-21T07:24:23.821340"}
{"op_code":5,"worker_id":"f40634f5-bf61-468b-8e18-84c284978665-140193173047104","trial_id":257,"param_name":"learning_rate","param_value_internal":0.171804429929019,"distribution":"{\"name\": \"FloatDistribution\", \"attributes\": {\"step\": null, \"low\": 0.01, \"high\": 0.2, \"log\": true}}"}
{"op_code":5,"worker_id":"f40634f5-bf61-468b-8e18-84c284978665-140193173047104","trial_id":257,"param_name":"n_estimators","param_value_internal":182.0,"distribution":"{\"name\": \"IntDistribution\", \"attributes\": {\"log\": false, \"step\": 1, \"low\": 50, \"high\": 200}}"}
{"op_code":5,"worker_id":"f40634f5-bf61-468b-8e18-84c284978665-140193173047104","trial_id":257,"param_name":"max_depth","param_value_internal":3.0,"distribution":"{\"name\": \"IntDistribution\", \"attributes\": {\"log\": false, \"step\": 1, \"low\": 2, \"high\": 5}}"}
{"op_code":6,"worker_id":"f40634f5-bf61-468b-8e18-84c284978665-140193173047104","trial_id":257,"state":1,"values":[0.7938389448108296],"datetime_complete":"2026-03-21T07:25:00.531946"}
{"op_code":4,"worker_id":"f40634f5-bf61-468b-8e18-84c284978665-140193173047104","study_id":0,"datetime_start":"2026-03-21T07:25:00.552151"}
{"op_code":5,"worker_id":"f40634f5-bf61-468b-8e18-84c284978665-140193173047104","trial_id":258,"param_name":"learning_rate","param_value_internal":0.15950752751982325,"distribution":"{\"name\": \"FloatDistribution\", \"attributes\": {\"step\": null, \"low\": 0.01, \"high\": 0.2, \"log\": true}}"}
{"op_code":5,"worker_id":"f40634f5-bf61-468b-8e18-84c284978665-140193173047104","trial_id":258,"param_name":"n_estimators","param_value_internal":181.0,"distribution":"{\"name\": \"IntDistribution\", \"attributes\": {\"log\": false, \"step\": 1, \"low\": 50, \"high\": 200}}"}
{"op_code":5,"worker_id":"f40634f5-bf61-468b-8e18-84c284978665-140193173047104","trial_id":258,"param_name":"max_depth","param_value_internal":3.0,"distribution":"{\"name\": \"IntDistribution\", \"attributes\": {\"log\": false, \"step\": 1, \"low\": 2, \"high\": 5}}"}
{"op_code":6,"worker_id":"f40634f5-bf61-468b-8e18-84c284978665-140193173047104","trial_id":258,"state":1,"values":[0.7911315515446026],"datetime_complete":"2026-03-21T07:25:37.144014"}
{"op_code":4,"worker_id":"f40634f5-bf61-468b-8e18-84c284978665-140193173047104","study_id":0,"datetime_start":"2026-03-21T07:25:37.179493"}
{"op_code":5,"worker_id":"f40634f5-bf61-468b-8e18-84c284978665-140193173047104","trial_id":259,"param_name":"learning_rate","param_value_internal":0.17628970477176673,"distribution":"{\"name\": \"FloatDistribution\", \"attributes\": {\"step\": null, \"low\": 0.01, \"high\": 0.2, \"log\": true}}"}
{"op_code":5,"worker_id":"f40634f5-bf61-468b-8e18-84c284978665-140193173047104","trial_id":259,"param_name":"n_estimators","param_value_internal":184.0,"distribution":"{\"name\": \"IntDistribution\", \"attributes\": {\"log\": false, \"step\": 1, \"low\": 50, \"high\": 200}}"}
{"op_code":5,"worker_id":"f40634f5-bf61-468b-8e18-84c284978665-140193173047104","trial_id":259,"param_name":"max_depth","param_value_internal":3.0,"distribution":"{\"name\": \"IntDistribution\", \"attributes\": {\"log\": false, \"step\": 1, \"low\": 2, \"high\": 5}}"}
{"op_code":6,"worker_id":"f40634f5-bf61-468b-8e18-84c284978665-140193173047104","trial_id":259,"state":1,"values":[0.7931505264375796],"datetime_complete":"2026-03-21T07:26:14.335823"}
{"op_code":0,"worker_id":"eb5f28da-b2d8-4789-9563-215aecc3a5ac-140193173047104","study_name":"gbsa_tuning","directions":[2]}
{"op_code":4,"worker_id":"eb5f28da-b2d8-4789-9563-215aecc3a5ac-140193173047104","study_id":0,"datetime_start":"2026-03-21T07:34:33.568609"}
{"op_code":5,"worker_id":"eb5f28da-b2d8-4789-9563-215aecc3a5ac-140193173047104","trial_id":260,"param_name":"learning_rate","param_value_internal":0.17702454004656962,"distribution":"{\"name\": \"FloatDistribution\", \"attributes\": {\"step\": null, \"low\": 0.01, \"high\": 0.2, \"log\": true}}"}
{"op_code":5,"worker_id":"eb5f28da-b2d8-4789-9563-215aecc3a5ac-140193173047104","trial_id":260,"param_name":"n_estimators","param_value_internal":184.0,"distribution":"{\"name\": \"IntDistribution\", \"attributes\": {\"log\": false, \"step\": 1, \"low\": 50, \"high\": 200}}"}
{"op_code":5,"worker_id":"eb5f28da-b2d8-4789-9563-215aecc3a5ac-140193173047104","trial_id":260,"param_name":"max_depth","param_value_internal":3.0,"distribution":"{\"name\": \"IntDistribution\", \"attributes\": {\"log\": false, \"step\": 1, \"low\": 2, \"high\": 5}}"}
{"op_code":6,"worker_id":"eb5f28da-b2d8-4789-9563-215aecc3a5ac-140193173047104","trial_id":260,"state":1,"values":[0.7811806991573017],"datetime_complete":"2026-03-21T07:35:10.924863"}
{"op_code":4,"worker_id":"eb5f28da-b2d8-4789-9563-215aecc3a5ac-140193173047104","study_id":0,"datetime_start":"2026-03-21T07:35:10.946347"}
{"op_code":5,"worker_id":"eb5f28da-b2d8-4789-9563-215aecc3a5ac-140193173047104","trial_id":261,"param_name":"learning_rate","param_value_internal":0.16769880173986088,"distribution":"{\"name\": \"FloatDistribution\", \"attributes\": {\"step\": null, \"low\": 0.01, \"high\": 0.2, \"log\": true}}"}
{"op_code":5,"worker_id":"eb5f28da-b2d8-4789-9563-215aecc3a5ac-140193173047104","trial_id":261,"param_name":"n_estimators","param_value_internal":183.0,"distribution":"{\"name\": \"IntDistribution\", \"attributes\": {\"log\": false, \"step\": 1, \"low\": 50, \"high\": 200}}"}
{"op_code":5,"worker_id":"eb5f28da-b2d8-4789-9563-215aecc3a5ac-140193173047104","trial_id":261,"param_name":"max_depth","param_value_internal":3.0,"distribution":"{\"name\": \"IntDistribution\", \"attributes\": {\"log\": false, \"step\": 1, \"low\": 2, \"high\": 5}}"}
{"op_code":6,"worker_id":"eb5f28da-b2d8-4789-9563-215aecc3a5ac-140193173047104","trial_id":261,"state":1,"values":[0.7801842070399576],"datetime_complete":"2026-03-21T07:35:48.038241"}
{"op_code":4,"worker_id":"eb5f28da-b2d8-4789-9563-215aecc3a5ac-140193173047104","study_id":0,"datetime_start":"2026-03-21T07:35:48.059068"}
{"op_code":5,"worker_id":"eb5f28da-b2d8-4789-9563-215aecc3a5ac-140193173047104","trial_id":262,"param_name":"learning_rate","param_value_internal":0.1808835623422917,"distribution":"{\"name\": \"FloatDistribution\", \"attributes\": {\"step\": null, \"low\": 0.01, \"high\": 0.2, \"log\": true}}"}
{"op_code":5,"worker_id":"eb5f28da-b2d8-4789-9563-215aecc3a5ac-140193173047104","trial_id":262,"param_name":"n_estimators","param_value_internal":182.0,"distribution":"{\"name\": \"IntDistribution\", \"attributes\": {\"log\": false, \"step\": 1, \"low\": 50, \"high\": 200}}"}
{"op_code":5,"worker_id":"eb5f28da-b2d8-4789-9563-215aecc3a5ac-140193173047104","trial_id":262,"param_name":"max_depth","param_value_internal":3.0,"distribution":"{\"name\": \"IntDistribution\", \"attributes\": {\"log\": false, \"step\": 1, \"low\": 2, \"high\": 5}}"}
{"op_code":6,"worker_id":"eb5f28da-b2d8-4789-9563-215aecc3a5ac-140193173047104","trial_id":262,"state":1,"values":[0.7796427604559671],"datetime_complete":"2026-03-21T07:36:24.881847"}
{"op_code":4,"worker_id":"eb5f28da-b2d8-4789-9563-215aecc3a5ac-140193173047104","study_id":0,"datetime_start":"2026-03-21T07:36:24.898545"}
{"op_code":5,"worker_id":"eb5f28da-b2d8-4789-9563-215aecc3a5ac-140193173047104","trial_id":263,"param_name":"learning_rate","param_value_internal":0.19059006425943792,"distribution":"{\"name\": \"FloatDistribution\", \"attributes\": {\"step\": null, \"low\": 0.01, \"high\": 0.2, \"log\": true}}"}
{"op_code":5,"worker_id":"eb5f28da-b2d8-4789-9563-215aecc3a5ac-140193173047104","trial_id":263,"param_name":"n_estimators","param_value_internal":180.0,"distribution":"{\"name\": \"IntDistribution\", \"attributes\": {\"log\": false, \"step\": 1, \"low\": 50, \"high\": 200}}"}
{"op_code":5,"worker_id":"eb5f28da-b2d8-4789-9563-215aecc3a5ac-140193173047104","trial_id":263,"param_name":"max_depth","param_value_internal":3.0,"distribution":"{\"name\": \"IntDistribution\", \"attributes\": {\"log\": false, \"step\": 1, \"low\": 2, \"high\": 5}}"}
{"op_code":6,"worker_id":"eb5f28da-b2d8-4789-9563-215aecc3a5ac-140193173047104","trial_id":263,"state":1,"values":[0.7810251772661555],"datetime_complete":"2026-03-21T07:37:01.365289"}
{"op_code":4,"worker_id":"eb5f28da-b2d8-4789-9563-215aecc3a5ac-140193173047104","study_id":0,"datetime_start":"2026-03-21T07:37:01.389735"}
{"op_code":5,"worker_id":"eb5f28da-b2d8-4789-9563-215aecc3a5ac-140193173047104","trial_id":264,"param_name":"learning_rate","param_value_internal":0.1612216376033991,"distribution":"{\"name\": \"FloatDistribution\", \"attributes\": {\"step\": null, \"low\": 0.01, \"high\": 0.2, \"log\": true}}"}
{"op_code":5,"worker_id":"eb5f28da-b2d8-4789-9563-215aecc3a5ac-140193173047104","trial_id":264,"param_name":"n_estimators","param_value_internal":178.0,"distribution":"{\"name\": \"IntDistribution\", \"attributes\": {\"log\": false, \"step\": 1, \"low\": 50, \"high\": 200}}"}
{"op_code":5,"worker_id":"eb5f28da-b2d8-4789-9563-215aecc3a5ac-140193173047104","trial_id":264,"param_name":"max_depth","param_value_internal":3.0,"distribution":"{\"name\": \"IntDistribution\", \"attributes\": {\"log\": false, \"step\": 1, \"low\": 2, \"high\": 5}}"}
{"op_code":6,"worker_id":"eb5f28da-b2d8-4789-9563-215aecc3a5ac-140193173047104","trial_id":264,"state":1,"values":[0.7812210196475989],"datetime_complete":"2026-03-21T07:37:37.368467"}
{"op_code":4,"worker_id":"eb5f28da-b2d8-4789-9563-215aecc3a5ac-140193173047104","study_id":0,"datetime_start":"2026-03-21T07:37:37.396978"}
{"op_code":5,"worker_id":"eb5f28da-b2d8-4789-9563-215aecc3a5ac-140193173047104","trial_id":265,"param_name":"learning_rate","param_value_internal":0.17577705757709033,"distribution":"{\"name\": \"FloatDistribution\", \"attributes\": {\"step\": null, \"low\": 0.01, \"high\": 0.2, \"log\": true}}"}
{"op_code":5,"worker_id":"eb5f28da-b2d8-4789-9563-215aecc3a5ac-140193173047104","trial_id":265,"param_name":"n_estimators","param_value_internal":184.0,"distribution":"{\"name\": \"IntDistribution\", \"attributes\": {\"log\": false, \"step\": 1, \"low\": 50, \"high\": 200}}"}
{"op_code":5,"worker_id":"eb5f28da-b2d8-4789-9563-215aecc3a5ac-140193173047104","trial_id":265,"param_name":"max_depth","param_value_internal":3.0,"distribution":"{\"name\": \"IntDistribution\", \"attributes\": {\"log\": false, \"step\": 1, \"low\": 2, \"high\": 5}}"}
{"op_code":6,"worker_id":"eb5f28da-b2d8-4789-9563-215aecc3a5ac-140193173047104","trial_id":265,"state":1,"values":[0.7808696553750094],"datetime_complete":"2026-03-21T07:38:14.636360"}
{"op_code":4,"worker_id":"eb5f28da-b2d8-4789-9563-215aecc3a5ac-140193173047104","study_id":0,"datetime_start":"2026-03-21T07:38:14.668874"}
{"op_code":5,"worker_id":"eb5f28da-b2d8-4789-9563-215aecc3a5ac-140193173047104","trial_id":266,"param_name":"learning_rate","param_value_internal":0.18921889776074935,"distribution":"{\"name\": \"FloatDistribution\", \"attributes\": {\"step\": null, \"low\": 0.01, \"high\": 0.2, \"log\": true}}"}
{"op_code":5,"worker_id":"eb5f28da-b2d8-4789-9563-215aecc3a5ac-140193173047104","trial_id":266,"param_name":"n_estimators","param_value_internal":179.0,"distribution":"{\"name\": \"IntDistribution\", \"attributes\": {\"log\": false, \"step\": 1, \"low\": 50, \"high\": 200}}"}
{"op_code":5,"worker_id":"eb5f28da-b2d8-4789-9563-215aecc3a5ac-140193173047104","trial_id":266,"param_name":"max_depth","param_value_internal":3.0,"distribution":"{\"name\": \"IntDistribution\", \"attributes\": {\"log\": false, \"step\": 1, \"low\": 2, \"high\": 5}}"}
{"op_code":6,"worker_id":"eb5f28da-b2d8-4789-9563-215aecc3a5ac-140193173047104","trial_id":266,"state":1,"values":[0.7808293348847122],"datetime_complete":"2026-03-21T07:38:51.296638"}
{"op_code":4,"worker_id":"eb5f28da-b2d8-4789-9563-215aecc3a5ac-140193173047104","study_id":0,"datetime_start":"2026-03-21T07:38:51.359038"}
{"op_code":5,"worker_id":"eb5f28da-b2d8-4789-9563-215aecc3a5ac-140193173047104","trial_id":267,"param_name":"learning_rate","param_value_internal":0.19871599065404796,"distribution":"{\"name\": \"FloatDistribution\", \"attributes\": {\"step\": null, \"low\": 0.01, \"high\": 0.2, \"log\": true}}"}
{"op_code":5,"worker_id":"eb5f28da-b2d8-4789-9563-215aecc3a5ac-140193173047104","trial_id":267,"param_name":"n_estimators","param_value_internal":186.0,"distribution":"{\"name\": \"IntDistribution\", \"attributes\": {\"log\": false, \"step\": 1, \"low\": 50, \"high\": 200}}"}
{"op_code":5,"worker_id":"eb5f28da-b2d8-4789-9563-215aecc3a5ac-140193173047104","trial_id":267,"param_name":"max_depth","param_value_internal":3.0,"distribution":"{\"name\": \"IntDistribution\", \"attributes\": {\"log\": false, \"step\": 1, \"low\": 2, \"high\": 5}}"}
{"op_code":6,"worker_id":"eb5f28da-b2d8-4789-9563-215aecc3a5ac-140193173047104","trial_id":267,"state":1,"values":[0.783110322621523],"datetime_complete":"2026-03-21T07:39:29.028508"}
{"op_code":4,"worker_id":"eb5f28da-b2d8-4789-9563-215aecc3a5ac-140193173047104","study_id":0,"datetime_start":"2026-03-21T07:39:29.050571"}
{"op_code":5,"worker_id":"eb5f28da-b2d8-4789-9563-215aecc3a5ac-140193173047104","trial_id":268,"param_name":"learning_rate","param_value_internal":0.16727993027970325,"distribution":"{\"name\": \"FloatDistribution\", \"attributes\": {\"step\": null, \"low\": 0.01, \"high\": 0.2, \"log\": true}}"}
{"op_code":5,"worker_id":"eb5f28da-b2d8-4789-9563-215aecc3a5ac-140193173047104","trial_id":268,"param_name":"n_estimators","param_value_internal":174.0,"distribution":"{\"name\": \"IntDistribution\", \"attributes\": {\"log\": false, \"step\": 1, \"low\": 50, \"high\": 200}}"}
{"op_code":5,"worker_id":"eb5f28da-b2d8-4789-9563-215aecc3a5ac-140193173047104","trial_id":268,"param_name":"max_depth","param_value_internal":3.0,"distribution":"{\"name\": \"IntDistribution\", \"attributes\": {\"log\": false, \"step\": 1, \"low\": 2, \"high\": 5}}"}
{"op_code":6,"worker_id":"eb5f28da-b2d8-4789-9563-215aecc3a5ac-140193173047104","trial_id":268,"state":1,"values":[0.7832255240223721],"datetime_complete":"2026-03-21T07:40:04.202825"}
{"op_code":4,"worker_id":"eb5f28da-b2d8-4789-9563-215aecc3a5ac-140193173047104","study_id":0,"datetime_start":"2026-03-21T07:40:04.229877"}
{"op_code":5,"worker_id":"eb5f28da-b2d8-4789-9563-215aecc3a5ac-140193173047104","trial_id":269,"param_name":"learning_rate","param_value_internal":0.1786856531283025,"distribution":"{\"name\": \"FloatDistribution\", \"attributes\": {\"step\": null, \"low\": 0.01, \"high\": 0.2, \"log\": true}}"}
{"op_code":5,"worker_id":"eb5f28da-b2d8-4789-9563-215aecc3a5ac-140193173047104","trial_id":269,"param_name":"n_estimators","param_value_internal":178.0,"distribution":"{\"name\": \"IntDistribution\", \"attributes\": {\"log\": false, \"step\": 1, \"low\": 50, \"high\": 200}}"}
{"op_code":5,"worker_id":"eb5f28da-b2d8-4789-9563-215aecc3a5ac-140193173047104","trial_id":269,"param_name":"max_depth","param_value_internal":3.0,"distribution":"{\"name\": \"IntDistribution\", \"attributes\": {\"log\": false, \"step\": 1, \"low\": 2, \"high\": 5}}"}
{"op_code":6,"worker_id":"eb5f28da-b2d8-4789-9563-215aecc3a5ac-140193173047104","trial_id":269,"state":1,"values":[0.7813823016087875],"datetime_complete":"2026-03-21T07:40:40.248146"}
{"op_code":0,"worker_id":"35c64447-1a01-435d-bb64-f6f69f052221-140193173047104","study_name":"gbsa_tuning","directions":[2]}
{"op_code":4,"worker_id":"35c64447-1a01-435d-bb64-f6f69f052221-140193173047104","study_id":0,"datetime_start":"2026-03-21T07:49:07.206923"}
{"op_code":5,"worker_id":"35c64447-1a01-435d-bb64-f6f69f052221-140193173047104","trial_id":270,"param_name":"learning_rate","param_value_internal":0.18209270197515914,"distribution":"{\"name\": \"FloatDistribution\", \"attributes\": {\"step\": null, \"low\": 0.01, \"high\": 0.2, \"log\": true}}"}
{"op_code":5,"worker_id":"35c64447-1a01-435d-bb64-f6f69f052221-140193173047104","trial_id":270,"param_name":"n_estimators","param_value_internal":183.0,"distribution":"{\"name\": \"IntDistribution\", \"attributes\": {\"log\": false, \"step\": 1, \"low\": 50, \"high\": 200}}"}
{"op_code":5,"worker_id":"35c64447-1a01-435d-bb64-f6f69f052221-140193173047104","trial_id":270,"param_name":"max_depth","param_value_internal":3.0,"distribution":"{\"name\": \"IntDistribution\", \"attributes\": {\"log\": false, \"step\": 1, \"low\": 2, \"high\": 5}}"}
{"op_code":6,"worker_id":"35c64447-1a01-435d-bb64-f6f69f052221-140193173047104","trial_id":270,"state":1,"values":[0.7797561929132459],"datetime_complete":"2026-03-21T07:49:45.315543"}
{"op_code":4,"worker_id":"35c64447-1a01-435d-bb64-f6f69f052221-140193173047104","study_id":0,"datetime_start":"2026-03-21T07:49:47.212076"}
{"op_code":5,"worker_id":"35c64447-1a01-435d-bb64-f6f69f052221-140193173047104","trial_id":271,"param_name":"learning_rate","param_value_internal":0.1612977520006775,"distribution":"{\"name\": \"FloatDistribution\", \"attributes\": {\"step\": null, \"low\": 0.01, \"high\": 0.2, \"log\": true}}"}
{"op_code":5,"worker_id":"35c64447-1a01-435d-bb64-f6f69f052221-140193173047104","trial_id":271,"param_name":"n_estimators","param_value_internal":182.0,"distribution":"{\"name\": \"IntDistribution\", \"attributes\": {\"log\": false, \"step\": 1, \"low\": 50, \"high\": 200}}"}
{"op_code":5,"worker_id":"35c64447-1a01-435d-bb64-f6f69f052221-140193173047104","trial_id":271,"param_name":"max_depth","param_value_internal":3.0,"distribution":"{\"name\": \"IntDistribution\", \"attributes\": {\"log\": false, \"step\": 1, \"low\": 2, \"high\": 5}}"}
{"op_code":6,"worker_id":"35c64447-1a01-435d-bb64-f6f69f052221-140193173047104","trial_id":271,"state":1,"values":[0.7796199547452346],"datetime_complete":"2026-03-21T07:50:24.849377"}
{"op_code":4,"worker_id":"35c64447-1a01-435d-bb64-f6f69f052221-140193173047104","study_id":0,"datetime_start":"2026-03-21T07:50:24.936890"}
{"op_code":5,"worker_id":"35c64447-1a01-435d-bb64-f6f69f052221-140193173047104","trial_id":272,"param_name":"learning_rate","param_value_internal":0.19998696611576272,"distribution":"{\"name\": \"FloatDistribution\", \"attributes\": {\"step\": null, \"low\": 0.01, \"high\": 0.2, \"log\": true}}"}
{"op_code":5,"worker_id":"35c64447-1a01-435d-bb64-f6f69f052221-140193173047104","trial_id":272,"param_name":"n_estimators","param_value_internal":174.0,"distribution":"{\"name\": \"IntDistribution\", \"attributes\": {\"log\": false, \"step\": 1, \"low\": 50, \"high\": 200}}"}
{"op_code":5,"worker_id":"35c64447-1a01-435d-bb64-f6f69f052221-140193173047104","trial_id":272,"param_name":"max_depth","param_value_internal":3.0,"distribution":"{\"name\": \"IntDistribution\", \"attributes\": {\"log\": false, \"step\": 1, \"low\": 2, \"high\": 5}}"}
{"op_code":6,"worker_id":"35c64447-1a01-435d-bb64-f6f69f052221-140193173047104","trial_id":272,"state":1,"values":[0.7798568906896021],"datetime_complete":"2026-03-21T07:51:00.957798"}
{"op_code":4,"worker_id":"35c64447-1a01-435d-bb64-f6f69f052221-140193173047104","study_id":0,"datetime_start":"2026-03-21T07:51:00.972155"}
{"op_code":5,"worker_id":"35c64447-1a01-435d-bb64-f6f69f052221-140193173047104","trial_id":273,"param_name":"learning_rate","param_value_internal":0.17079214650031962,"distribution":"{\"name\": \"FloatDistribution\", \"attributes\": {\"step\": null, \"low\": 0.01, \"high\": 0.2, \"log\": true}}"}
{"op_code":5,"worker_id":"35c64447-1a01-435d-bb64-f6f69f052221-140193173047104","trial_id":273,"param_name":"n_estimators","param_value_internal":179.0,"distribution":"{\"name\": \"IntDistribution\", \"attributes\": {\"log\": false, \"step\": 1, \"low\": 50, \"high\": 200}}"}
{"op_code":5,"worker_id":"35c64447-1a01-435d-bb64-f6f69f052221-140193173047104","trial_id":273,"param_name":"max_depth","param_value_internal":3.0,"distribution":"{\"name\": \"IntDistribution\", \"attributes\": {\"log\": false, \"step\": 1, \"low\": 2, \"high\": 5}}"}
{"op_code":6,"worker_id":"35c64447-1a01-435d-bb64-f6f69f052221-140193173047104","trial_id":273,"state":1,"values":[0.7825579604553908],"datetime_complete":"2026-03-21T07:51:38.002047"}
{"op_code":4,"worker_id":"35c64447-1a01-435d-bb64-f6f69f052221-140193173047104","study_id":0,"datetime_start":"2026-03-21T07:51:38.017383"}
{"op_code":5,"worker_id":"35c64447-1a01-435d-bb64-f6f69f052221-140193173047104","trial_id":274,"param_name":"learning_rate","param_value_internal":0.18383692886797537,"distribution":"{\"name\": \"FloatDistribution\", \"attributes\": {\"step\": null, \"low\": 0.01, \"high\": 0.2, \"log\": true}}"}
{"op_code":5,"worker_id":"35c64447-1a01-435d-bb64-f6f69f052221-140193173047104","trial_id":274,"param_name":"n_estimators","param_value_internal":187.0,"distribution":"{\"name\": \"IntDistribution\", \"attributes\": {\"log\": false, \"step\": 1, \"low\": 50, \"high\": 200}}"}
{"op_code":5,"worker_id":"35c64447-1a01-435d-bb64-f6f69f052221-140193173047104","trial_id":274,"param_name":"max_depth","param_value_internal":3.0,"distribution":"{\"name\": \"IntDistribution\", \"attributes\": {\"log\": false, \"step\": 1, \"low\": 2, \"high\": 5}}"}
{"op_code":6,"worker_id":"35c64447-1a01-435d-bb64-f6f69f052221-140193173047104","trial_id":274,"state":1,"values":[0.7820367013777825],"datetime_complete":"2026-03-21T07:52:16.640086"}
{"op_code":4,"worker_id":"35c64447-1a01-435d-bb64-f6f69f052221-140193173047104","study_id":0,"datetime_start":"2026-03-21T07:52:16.659891"}
{"op_code":5,"worker_id":"35c64447-1a01-435d-bb64-f6f69f052221-140193173047104","trial_id":275,"param_name":"learning_rate","param_value_internal":0.14443758793897934,"distribution":"{\"name\": \"FloatDistribution\", \"attributes\": {\"step\": null, \"low\": 0.01, \"high\": 0.2, \"log\": true}}"}
{"op_code":5,"worker_id":"35c64447-1a01-435d-bb64-f6f69f052221-140193173047104","trial_id":275,"param_name":"n_estimators","param_value_internal":176.0,"distribution":"{\"name\": \"IntDistribution\", \"attributes\": {\"log\": false, \"step\": 1, \"low\": 50, \"high\": 200}}"}
{"op_code":5,"worker_id":"35c64447-1a01-435d-bb64-f6f69f052221-140193173047104","trial_id":275,"param_name":"max_depth","param_value_internal":4.0,"distribution":"{\"name\": \"IntDistribution\", \"attributes\": {\"log\": false, \"step\": 1, \"low\": 2, \"high\": 5}}"}
{"op_code":6,"worker_id":"35c64447-1a01-435d-bb64-f6f69f052221-140193173047104","trial_id":275,"state":1,"values":[0.7766167916503773],"datetime_complete":"2026-03-21T07:52:53.812115"}
{"op_code":4,"worker_id":"35c64447-1a01-435d-bb64-f6f69f052221-140193173047104","study_id":0,"datetime_start":"2026-03-21T07:52:53.825878"}
{"op_code":5,"worker_id":"35c64447-1a01-435d-bb64-f6f69f052221-140193173047104","trial_id":276,"param_name":"learning_rate","param_value_internal":0.1708422641512276,"distribution":"{\"name\": \"FloatDistribution\", \"attributes\": {\"step\": null, \"low\": 0.01, \"high\": 0.2, \"log\": true}}"}
{"op_code":5,"worker_id":"35c64447-1a01-435d-bb64-f6f69f052221-140193173047104","trial_id":276,"param_name":"n_estimators","param_value_internal":182.0,"distribution":"{\"name\": \"IntDistribution\", \"attributes\": {\"log\": false, \"step\": 1, \"low\": 50, \"high\": 200}}"}
{"op_code":5,"worker_id":"35c64447-1a01-435d-bb64-f6f69f052221-140193173047104","trial_id":276,"param_name":"max_depth","param_value_internal":3.0,"distribution":"{\"name\": \"IntDistribution\", \"attributes\": {\"log\": false, \"step\": 1, \"low\": 2, \"high\": 5}}"}
{"op_code":6,"worker_id":"35c64447-1a01-435d-bb64-f6f69f052221-140193173047104","trial_id":276,"state":1,"values":[0.7808224046628994],"datetime_complete":"2026-03-21T07:53:31.405701"}
{"op_code":4,"worker_id":"35c64447-1a01-435d-bb64-f6f69f052221-140193173047104","study_id":0,"datetime_start":"2026-03-21T07:53:31.434846"}
{"op_code":5,"worker_id":"35c64447-1a01-435d-bb64-f6f69f052221-140193173047104","trial_id":277,"param_name":"learning_rate","param_value_internal":0.1563764763028478,"distribution":"{\"name\": \"FloatDistribution\", \"attributes\": {\"step\": null, \"low\": 0.01, \"high\": 0.2, \"log\": true}}"}
{"op_code":5,"worker_id":"35c64447-1a01-435d-bb64-f6f69f052221-140193173047104","trial_id":277,"param_name":"n_estimators","param_value_internal":106.0,"distribution":"{\"name\": \"IntDistribution\", \"attributes\": {\"log\": false, \"step\": 1, \"low\": 50, \"high\": 200}}"}
{"op_code":5,"worker_id":"35c64447-1a01-435d-bb64-f6f69f052221-140193173047104","trial_id":277,"param_name":"max_depth","param_value_internal":3.0,"distribution":"{\"name\": \"IntDistribution\", \"attributes\": {\"log\": false, \"step\": 1, \"low\": 2, \"high\": 5}}"}
{"op_code":6,"worker_id":"35c64447-1a01-435d-bb64-f6f69f052221-140193173047104","trial_id":277,"state":1,"values":[0.7806150857115779],"datetime_complete":"2026-03-21T07:53:52.390043"}
{"op_code":4,"worker_id":"35c64447-1a01-435d-bb64-f6f69f052221-140193173047104","study_id":0,"datetime_start":"2026-03-21T07:54:01.906830"}
{"op_code":5,"worker_id":"35c64447-1a01-435d-bb64-f6f69f052221-140193173047104","trial_id":278,"param_name":"learning_rate","param_value_internal":0.1874171776414088,"distribution":"{\"name\": \"FloatDistribution\", \"attributes\": {\"step\": null, \"low\": 0.01, \"high\": 0.2, \"log\": true}}"}
{"op_code":5,"worker_id":"35c64447-1a01-435d-bb64-f6f69f052221-140193173047104","trial_id":278,"param_name":"n_estimators","param_value_internal":174.0,"distribution":"{\"name\": \"IntDistribution\", \"attributes\": {\"log\": false, \"step\": 1, \"low\": 50, \"high\": 200}}"}
{"op_code":5,"worker_id":"35c64447-1a01-435d-bb64-f6f69f052221-140193173047104","trial_id":278,"param_name":"max_depth","param_value_internal":3.0,"distribution":"{\"name\": \"IntDistribution\", \"attributes\": {\"log\": false, \"step\": 1, \"low\": 2, \"high\": 5}}"}
{"op_code":6,"worker_id":"35c64447-1a01-435d-bb64-f6f69f052221-140193173047104","trial_id":278,"state":1,"values":[0.7775408418334103],"datetime_complete":"2026-03-21T07:54:38.008444"}
{"op_code":4,"worker_id":"35c64447-1a01-435d-bb64-f6f69f052221-140193173047104","study_id":0,"datetime_start":"2026-03-21T07:54:38.039775"}
{"op_code":5,"worker_id":"35c64447-1a01-435d-bb64-f6f69f052221-140193173047104","trial_id":279,"param_name":"learning_rate","param_value_internal":0.17233513833194686,"distribution":"{\"name\": \"FloatDistribution\", \"attributes\": {\"step\": null, \"low\": 0.01, \"high\": 0.2, \"log\": true}}"}
{"op_code":5,"worker_id":"35c64447-1a01-435d-bb64-f6f69f052221-140193173047104","trial_id":279,"param_name":"n_estimators","param_value_internal":178.0,"distribution":"{\"name\": \"IntDistribution\", \"attributes\": {\"log\": false, \"step\": 1, \"low\": 50, \"high\": 200}}"}
{"op_code":5,"worker_id":"35c64447-1a01-435d-bb64-f6f69f052221-140193173047104","trial_id":279,"param_name":"max_depth","param_value_internal":3.0,"distribution":"{\"name\": \"IntDistribution\", \"attributes\": {\"log\": false, \"step\": 1, \"low\": 2, \"high\": 5}}"}
{"op_code":6,"worker_id":"35c64447-1a01-435d-bb64-f6f69f052221-140193173047104","trial_id":279,"state":1,"values":[0.7789802276954425],"datetime_complete":"2026-03-21T07:55:14.612645"}
{"op_code":0,"worker_id":"ea4fa1b4-a5c2-4877-8e11-77d9ecc4d00a-140193173047104","study_name":"gbsa_tuning","directions":[2]}
{"op_code":4,"worker_id":"ea4fa1b4-a5c2-4877-8e11-77d9ecc4d00a-140193173047104","study_id":0,"datetime_start":"2026-03-21T08:03:39.521895"}
{"op_code":5,"worker_id":"ea4fa1b4-a5c2-4877-8e11-77d9ecc4d00a-140193173047104","trial_id":280,"param_name":"learning_rate","param_value_internal":0.18854364645934837,"distribution":"{\"name\": \"FloatDistribution\", \"attributes\": {\"step\": null, \"low\": 0.01, \"high\": 0.2, \"log\": true}}"}
{"op_code":5,"worker_id":"ea4fa1b4-a5c2-4877-8e11-77d9ecc4d00a-140193173047104","trial_id":280,"param_name":"n_estimators","param_value_internal":185.0,"distribution":"{\"name\": \"IntDistribution\", \"attributes\": {\"log\": false, \"step\": 1, \"low\": 50, \"high\": 200}}"}
{"op_code":5,"worker_id":"ea4fa1b4-a5c2-4877-8e11-77d9ecc4d00a-140193173047104","trial_id":280,"param_name":"max_depth","param_value_internal":3.0,"distribution":"{\"name\": \"IntDistribution\", \"attributes\": {\"log\": false, \"step\": 1, \"low\": 2, \"high\": 5}}"}
{"op_code":6,"worker_id":"ea4fa1b4-a5c2-4877-8e11-77d9ecc4d00a-140193173047104","trial_id":280,"state":1,"values":[0.7775973184511983],"datetime_complete":"2026-03-21T08:04:17.682135"}
{"op_code":4,"worker_id":"ea4fa1b4-a5c2-4877-8e11-77d9ecc4d00a-140193173047104","study_id":0,"datetime_start":"2026-03-21T08:04:17.714472"}
{"op_code":5,"worker_id":"ea4fa1b4-a5c2-4877-8e11-77d9ecc4d00a-140193173047104","trial_id":281,"param_name":"learning_rate","param_value_internal":0.17811400199845995,"distribution":"{\"name\": \"FloatDistribution\", \"attributes\": {\"step\": null, \"low\": 0.01, \"high\": 0.2, \"log\": true}}"}
{"op_code":5,"worker_id":"ea4fa1b4-a5c2-4877-8e11-77d9ecc4d00a-140193173047104","trial_id":281,"param_name":"n_estimators","param_value_internal":181.0,"distribution":"{\"name\": \"IntDistribution\", \"attributes\": {\"log\": false, \"step\": 1, \"low\": 50, \"high\": 200}}"}
{"op_code":5,"worker_id":"ea4fa1b4-a5c2-4877-8e11-77d9ecc4d00a-140193173047104","trial_id":281,"param_name":"max_depth","param_value_internal":3.0,"distribution":"{\"name\": \"IntDistribution\", \"attributes\": {\"log\": false, \"step\": 1, \"low\": 2, \"high\": 5}}"}
{"op_code":6,"worker_id":"ea4fa1b4-a5c2-4877-8e11-77d9ecc4d00a-140193173047104","trial_id":281,"state":1,"values":[0.7800507973806521],"datetime_complete":"2026-03-21T08:04:55.086897"}
{"op_code":4,"worker_id":"ea4fa1b4-a5c2-4877-8e11-77d9ecc4d00a-140193173047104","study_id":0,"datetime_start":"2026-03-21T08:04:55.110397"}
{"op_code":5,"worker_id":"ea4fa1b4-a5c2-4877-8e11-77d9ecc4d00a-140193173047104","trial_id":282,"param_name":"learning_rate","param_value_internal":0.1625300241427719,"distribution":"{\"name\": \"FloatDistribution\", \"attributes\": {\"step\": null, \"low\": 0.01, \"high\": 0.2, \"log\": true}}"}
{"op_code":5,"worker_id":"ea4fa1b4-a5c2-4877-8e11-77d9ecc4d00a-140193173047104","trial_id":282,"param_name":"n_estimators","param_value_internal":174.0,"distribution":"{\"name\": \"IntDistribution\", \"attributes\": {\"log\": false, \"step\": 1, \"low\": 50, \"high\": 200}}"}
{"op_code":5,"worker_id":"ea4fa1b4-a5c2-4877-8e11-77d9ecc4d00a-140193173047104","trial_id":282,"param_name":"max_depth","param_value_internal":3.0,"distribution":"{\"name\": \"IntDistribution\", \"attributes\": {\"log\": false, \"step\": 1, \"low\": 2, \"high\": 5}}"}
{"op_code":6,"worker_id":"ea4fa1b4-a5c2-4877-8e11-77d9ecc4d00a-140193173047104","trial_id":282,"state":1,"values":[0.7783575513589164],"datetime_complete":"2026-03-21T08:05:31.041454"}
{"op_code":4,"worker_id":"ea4fa1b4-a5c2-4877-8e11-77d9ecc4d00a-140193173047104","study_id":0,"datetime_start":"2026-03-21T08:05:31.068560"}
{"op_code":5,"worker_id":"ea4fa1b4-a5c2-4877-8e11-77d9ecc4d00a-140193173047104","trial_id":283,"param_name":"learning_rate","param_value_internal":0.190229841914959,"distribution":"{\"name\": \"FloatDistribution\", \"attributes\": {\"step\": null, \"low\": 0.01, \"high\": 0.2, \"log\": true}}"}
{"op_code":5,"worker_id":"ea4fa1b4-a5c2-4877-8e11-77d9ecc4d00a-140193173047104","trial_id":283,"param_name":"n_estimators","param_value_internal":177.0,"distribution":"{\"name\": \"IntDistribution\", \"attributes\": {\"log\": false, \"step\": 1, \"low\": 50, \"high\": 200}}"}
{"op_code":5,"worker_id":"ea4fa1b4-a5c2-4877-8e11-77d9ecc4d00a-140193173047104","trial_id":283,"param_name":"max_depth","param_value_internal":3.0,"distribution":"{\"name\": \"IntDistribution\", \"attributes\": {\"log\": false, \"step\": 1, \"low\": 2, \"high\": 5}}"}
{"op_code":6,"worker_id":"ea4fa1b4-a5c2-4877-8e11-77d9ecc4d00a-140193173047104","trial_id":283,"state":1,"values":[0.7787261491323554],"datetime_complete":"2026-03-21T08:06:06.593627"}
{"op_code":4,"worker_id":"ea4fa1b4-a5c2-4877-8e11-77d9ecc4d00a-140193173047104","study_id":0,"datetime_start":"2026-03-21T08:06:06.607855"}
{"op_code":5,"worker_id":"ea4fa1b4-a5c2-4877-8e11-77d9ecc4d00a-140193173047104","trial_id":284,"param_name":"learning_rate","param_value_internal":0.1994838373051032,"distribution":"{\"name\": \"FloatDistribution\", \"attributes\": {\"step\": null, \"low\": 0.01, \"high\": 0.2, \"log\": true}}"}
{"op_code":5,"worker_id":"ea4fa1b4-a5c2-4877-8e11-77d9ecc4d00a-140193173047104","trial_id":284,"param_name":"n_estimators","param_value_internal":186.0,"distribution":"{\"name\": \"IntDistribution\", \"attributes\": {\"log\": false, \"step\": 1, \"low\": 50, \"high\": 200}}"}
{"op_code":5,"worker_id":"ea4fa1b4-a5c2-4877-8e11-77d9ecc4d00a-140193173047104","trial_id":284,"param_name":"max_depth","param_value_internal":3.0,"distribution":"{\"name\": \"IntDistribution\", \"attributes\": {\"log\": false, \"step\": 1, \"low\": 2, \"high\": 5}}"}
{"op_code":6,"worker_id":"ea4fa1b4-a5c2-4877-8e11-77d9ecc4d00a-140193173047104","trial_id":284,"state":1,"values":[0.7795900501638532],"datetime_complete":"2026-03-21T08:06:44.267892"}
{"op_code":4,"worker_id":"ea4fa1b4-a5c2-4877-8e11-77d9ecc4d00a-140193173047104","study_id":0,"datetime_start":"2026-03-21T08:06:44.290228"}
{"op_code":5,"worker_id":"ea4fa1b4-a5c2-4877-8e11-77d9ecc4d00a-140193173047104","trial_id":285,"param_name":"learning_rate","param_value_internal":0.1802259149853666,"distribution":"{\"name\": \"FloatDistribution\", \"attributes\": {\"step\": null, \"low\": 0.01, \"high\": 0.2, \"log\": true}}"}
{"op_code":5,"worker_id":"ea4fa1b4-a5c2-4877-8e11-77d9ecc4d00a-140193173047104","trial_id":285,"param_name":"n_estimators","param_value_internal":179.0,"distribution":"{\"name\": \"IntDistribution\", \"attributes\": {\"log\": false, \"step\": 1, \"low\": 50, \"high\": 200}}"}
{"op_code":5,"worker_id":"ea4fa1b4-a5c2-4877-8e11-77d9ecc4d00a-140193173047104","trial_id":285,"param_name":"max_depth","param_value_internal":3.0,"distribution":"{\"name\": \"IntDistribution\", \"attributes\": {\"log\": false, \"step\": 1, \"low\": 2, \"high\": 5}}"}
{"op_code":6,"worker_id":"ea4fa1b4-a5c2-4877-8e11-77d9ecc4d00a-140193173047104","trial_id":285,"state":1,"values":[0.7788125392355052],"datetime_complete":"2026-03-21T08:07:21.103550"}
{"op_code":4,"worker_id":"ea4fa1b4-a5c2-4877-8e11-77d9ecc4d00a-140193173047104","study_id":0,"datetime_start":"2026-03-21T08:07:21.128561"}
{"op_code":5,"worker_id":"ea4fa1b4-a5c2-4877-8e11-77d9ecc4d00a-140193173047104","trial_id":286,"param_name":"learning_rate","param_value_internal":0.16592051222821141,"distribution":"{\"name\": \"FloatDistribution\", \"attributes\": {\"step\": null, \"low\": 0.01, \"high\": 0.2, \"log\": true}}"}
{"op_code":5,"worker_id":"ea4fa1b4-a5c2-4877-8e11-77d9ecc4d00a-140193173047104","trial_id":286,"param_name":"n_estimators","param_value_internal":174.0,"distribution":"{\"name\": \"IntDistribution\", \"attributes\": {\"log\": false, \"step\": 1, \"low\": 50, \"high\": 200}}"}
{"op_code":5,"worker_id":"ea4fa1b4-a5c2-4877-8e11-77d9ecc4d00a-140193173047104","trial_id":286,"param_name":"max_depth","param_value_internal":3.0,"distribution":"{\"name\": \"IntDistribution\", \"attributes\": {\"log\": false, \"step\": 1, \"low\": 2, \"high\": 5}}"}
{"op_code":6,"worker_id":"ea4fa1b4-a5c2-4877-8e11-77d9ecc4d00a-140193173047104","trial_id":286,"state":1,"values":[0.7784093854208062],"datetime_complete":"2026-03-21T08:07:56.852951"}
{"op_code":4,"worker_id":"ea4fa1b4-a5c2-4877-8e11-77d9ecc4d00a-140193173047104","study_id":0,"datetime_start":"2026-03-21T08:07:56.880600"}
{"op_code":5,"worker_id":"ea4fa1b4-a5c2-4877-8e11-77d9ecc4d00a-140193173047104","trial_id":287,"param_name":"learning_rate","param_value_internal":0.15354987644469106,"distribution":"{\"name\": \"FloatDistribution\", \"attributes\": {\"step\": null, \"low\": 0.01, \"high\": 0.2, \"log\": true}}"}
{"op_code":5,"worker_id":"ea4fa1b4-a5c2-4877-8e11-77d9ecc4d00a-140193173047104","trial_id":287,"param_name":"n_estimators","param_value_internal":183.0,"distribution":"{\"name\": \"IntDistribution\", \"attributes\": {\"log\": false, \"step\": 1, \"low\": 50, \"high\": 200}}"}
{"op_code":5,"worker_id":"ea4fa1b4-a5c2-4877-8e11-77d9ecc4d00a-140193173047104","trial_id":287,"param_name":"max_depth","param_value_internal":3.0,"distribution":"{\"name\": \"IntDistribution\", \"attributes\": {\"log\": false, \"step\": 1, \"low\": 2, \"high\": 5}}"}
{"op_code":6,"worker_id":"ea4fa1b4-a5c2-4877-8e11-77d9ecc4d00a-140193173047104","trial_id":287,"state":1,"values":[0.7795151787411234],"datetime_complete":"2026-03-21T08:08:34.677330"}
{"op_code":4,"worker_id":"ea4fa1b4-a5c2-4877-8e11-77d9ecc4d00a-140193173047104","study_id":0,"datetime_start":"2026-03-21T08:08:34.702402"}
{"op_code":5,"worker_id":"ea4fa1b4-a5c2-4877-8e11-77d9ecc4d00a-140193173047104","trial_id":288,"param_name":"learning_rate","param_value_internal":0.17596928284983718,"distribution":"{\"name\": \"FloatDistribution\", \"attributes\": {\"step\": null, \"low\": 0.01, \"high\": 0.2, \"log\": true}}"}
{"op_code":5,"worker_id":"ea4fa1b4-a5c2-4877-8e11-77d9ecc4d00a-140193173047104","trial_id":288,"param_name":"n_estimators","param_value_internal":180.0,"distribution":"{\"name\": \"IntDistribution\", \"attributes\": {\"log\": false, \"step\": 1, \"low\": 50, \"high\": 200}}"}
{"op_code":5,"worker_id":"ea4fa1b4-a5c2-4877-8e11-77d9ecc4d00a-140193173047104","trial_id":288,"param_name":"max_depth","param_value_internal":3.0,"distribution":"{\"name\": \"IntDistribution\", \"attributes\": {\"log\": false, \"step\": 1, \"low\": 2, \"high\": 5}}"}
{"op_code":6,"worker_id":"ea4fa1b4-a5c2-4877-8e11-77d9ecc4d00a-140193173047104","trial_id":288,"state":1,"values":[0.7795958095040633],"datetime_complete":"2026-03-21T08:09:11.713815"}
{"op_code":4,"worker_id":"ea4fa1b4-a5c2-4877-8e11-77d9ecc4d00a-140193173047104","study_id":0,"datetime_start":"2026-03-21T08:09:11.733669"}
{"op_code":5,"worker_id":"ea4fa1b4-a5c2-4877-8e11-77d9ecc4d00a-140193173047104","trial_id":289,"param_name":"learning_rate","param_value_internal":0.18604020333086324,"distribution":"{\"name\": \"FloatDistribution\", \"attributes\": {\"step\": null, \"low\": 0.01, \"high\": 0.2, \"log\": true}}"}
{"op_code":5,"worker_id":"ea4fa1b4-a5c2-4877-8e11-77d9ecc4d00a-140193173047104","trial_id":289,"param_name":"n_estimators","param_value_internal":189.0,"distribution":"{\"name\": \"IntDistribution\", \"attributes\": {\"log\": false, \"step\": 1, \"low\": 50, \"high\": 200}}"}
{"op_code":5,"worker_id":"ea4fa1b4-a5c2-4877-8e11-77d9ecc4d00a-140193173047104","trial_id":289,"param_name":"max_depth","param_value_internal":3.0,"distribution":"{\"name\": \"IntDistribution\", \"attributes\": {\"log\": false, \"step\": 1, \"low\": 2, \"high\": 5}}"}
{"op_code":6,"worker_id":"ea4fa1b4-a5c2-4877-8e11-77d9ecc4d00a-140193173047104","trial_id":289,"state":1,"values":[0.7808110302883702],"datetime_complete":"2026-03-21T08:09:50.652762"}
{"op_code":0,"worker_id":"43ed8ad3-311b-44b8-82a2-e2b2747e6abf-140193173047104","study_name":"gbsa_tuning","directions":[2]}
{"op_code":4,"worker_id":"43ed8ad3-311b-44b8-82a2-e2b2747e6abf-140193173047104","study_id":0,"datetime_start":"2026-03-21T08:18:39.410003"}
{"op_code":5,"worker_id":"43ed8ad3-311b-44b8-82a2-e2b2747e6abf-140193173047104","trial_id":290,"param_name":"learning_rate","param_value_internal":0.16394272780200755,"distribution":"{\"name\": \"FloatDistribution\", \"attributes\": {\"step\": null, \"low\": 0.01, \"high\": 0.2, \"log\": true}}"}
{"op_code":5,"worker_id":"43ed8ad3-311b-44b8-82a2-e2b2747e6abf-140193173047104","trial_id":290,"param_name":"n_estimators","param_value_internal":176.0,"distribution":"{\"name\": \"IntDistribution\", \"attributes\": {\"log\": false, \"step\": 1, \"low\": 50, \"high\": 200}}"}
{"op_code":5,"worker_id":"43ed8ad3-311b-44b8-82a2-e2b2747e6abf-140193173047104","trial_id":290,"param_name":"max_depth","param_value_internal":3.0,"distribution":"{\"name\": \"IntDistribution\", \"attributes\": {\"log\": false, \"step\": 1, \"low\": 2, \"high\": 5}}"}
{"op_code":6,"worker_id":"43ed8ad3-311b-44b8-82a2-e2b2747e6abf-140193173047104","trial_id":290,"state":1,"values":[0.7701393838137187],"datetime_complete":"2026-03-21T08:19:15.699052"}
{"op_code":4,"worker_id":"43ed8ad3-311b-44b8-82a2-e2b2747e6abf-140193173047104","study_id":0,"datetime_start":"2026-03-21T08:19:15.730030"}
{"op_code":5,"worker_id":"43ed8ad3-311b-44b8-82a2-e2b2747e6abf-140193173047104","trial_id":291,"param_name":"learning_rate","param_value_internal":0.17515041792593378,"distribution":"{\"name\": \"FloatDistribution\", \"attributes\": {\"step\": null, \"low\": 0.01, \"high\": 0.2, \"log\": true}}"}
{"op_code":5,"worker_id":"43ed8ad3-311b-44b8-82a2-e2b2747e6abf-140193173047104","trial_id":291,"param_name":"n_estimators","param_value_internal":173.0,"distribution":"{\"name\": \"IntDistribution\", \"attributes\": {\"log\": false, \"step\": 1, \"low\": 50, \"high\": 200}}"}
{"op_code":5,"worker_id":"43ed8ad3-311b-44b8-82a2-e2b2747e6abf-140193173047104","trial_id":291,"param_name":"max_depth","param_value_internal":3.0,"distribution":"{\"name\": \"IntDistribution\", \"attributes\": {\"log\": false, \"step\": 1, \"low\": 2, \"high\": 5}}"}
{"op_code":6,"worker_id":"43ed8ad3-311b-44b8-82a2-e2b2747e6abf-140193173047104","trial_id":291,"state":1,"values":[0.7689126193174516],"datetime_complete":"2026-03-21T08:19:50.808178"}
{"op_code":4,"worker_id":"43ed8ad3-311b-44b8-82a2-e2b2747e6abf-140193173047104","study_id":0,"datetime_start":"2026-03-21T08:19:50.827706"}
{"op_code":5,"worker_id":"43ed8ad3-311b-44b8-82a2-e2b2747e6abf-140193173047104","trial_id":292,"param_name":"learning_rate","param_value_internal":0.1909704686097909,"distribution":"{\"name\": \"FloatDistribution\", \"attributes\": {\"step\": null, \"low\": 0.01, \"high\": 0.2, \"log\": true}}"}
{"op_code":5,"worker_id":"43ed8ad3-311b-44b8-82a2-e2b2747e6abf-140193173047104","trial_id":292,"param_name":"n_estimators","param_value_internal":178.0,"distribution":"{\"name\": \"IntDistribution\", \"attributes\": {\"log\": false, \"step\": 1, \"low\": 50, \"high\": 200}}"}
{"op_code":5,"worker_id":"43ed8ad3-311b-44b8-82a2-e2b2747e6abf-140193173047104","trial_id":292,"param_name":"max_depth","param_value_internal":3.0,"distribution":"{\"name\": \"IntDistribution\", \"attributes\": {\"log\": false, \"step\": 1, \"low\": 2, \"high\": 5}}"}
{"op_code":6,"worker_id":"43ed8ad3-311b-44b8-82a2-e2b2747e6abf-140193173047104","trial_id":292,"state":1,"values":[0.7715355586451846],"datetime_complete":"2026-03-21T08:20:27.648320"}
{"op_code":4,"worker_id":"43ed8ad3-311b-44b8-82a2-e2b2747e6abf-140193173047104","study_id":0,"datetime_start":"2026-03-21T08:20:27.751029"}
{"op_code":5,"worker_id":"43ed8ad3-311b-44b8-82a2-e2b2747e6abf-140193173047104","trial_id":293,"param_name":"learning_rate","param_value_internal":0.1531391633198354,"distribution":"{\"name\": \"FloatDistribution\", \"attributes\": {\"step\": null, \"low\": 0.01, \"high\": 0.2, \"log\": true}}"}
{"op_code":5,"worker_id":"43ed8ad3-311b-44b8-82a2-e2b2747e6abf-140193173047104","trial_id":293,"param_name":"n_estimators","param_value_internal":172.0,"distribution":"{\"name\": \"IntDistribution\", \"attributes\": {\"log\": false, \"step\": 1, \"low\": 50, \"high\": 200}}"}
{"op_code":5,"worker_id":"43ed8ad3-311b-44b8-82a2-e2b2747e6abf-140193173047104","trial_id":293,"param_name":"max_depth","param_value_internal":3.0,"distribution":"{\"name\": \"IntDistribution\", \"attributes\": {\"log\": false, \"step\": 1, \"low\": 2, \"high\": 5}}"}
{"op_code":6,"worker_id":"43ed8ad3-311b-44b8-82a2-e2b2747e6abf-140193173047104","trial_id":293,"state":1,"values":[0.7711032702036429],"datetime_complete":"2026-03-21T08:21:03.384542"}
{"op_code":4,"worker_id":"43ed8ad3-311b-44b8-82a2-e2b2747e6abf-140193173047104","study_id":0,"datetime_start":"2026-03-21T08:21:03.402426"}
{"op_code":5,"worker_id":"43ed8ad3-311b-44b8-82a2-e2b2747e6abf-140193173047104","trial_id":294,"param_name":"learning_rate","param_value_internal":0.18067876688690274,"distribution":"{\"name\": \"FloatDistribution\", \"attributes\": {\"step\": null, \"low\": 0.01, \"high\": 0.2, \"log\": true}}"}
{"op_code":5,"worker_id":"43ed8ad3-311b-44b8-82a2-e2b2747e6abf-140193173047104","trial_id":294,"param_name":"n_estimators","param_value_internal":184.0,"distribution":"{\"name\": \"IntDistribution\", \"attributes\": {\"log\": false, \"step\": 1, \"low\": 50, \"high\": 200}}"}
{"op_code":5,"worker_id":"43ed8ad3-311b-44b8-82a2-e2b2747e6abf-140193173047104","trial_id":294,"param_name":"max_depth","param_value_internal":3.0,"distribution":"{\"name\": \"IntDistribution\", \"attributes\": {\"log\": false, \"step\": 1, \"low\": 2, \"high\": 5}}"}
{"op_code":6,"worker_id":"43ed8ad3-311b-44b8-82a2-e2b2747e6abf-140193173047104","trial_id":294,"state":1,"values":[0.7686205325326261],"datetime_complete":"2026-03-21T08:21:41.428874"}
{"op_code":4,"worker_id":"43ed8ad3-311b-44b8-82a2-e2b2747e6abf-140193173047104","study_id":0,"datetime_start":"2026-03-21T08:21:41.457355"}
{"op_code":5,"worker_id":"43ed8ad3-311b-44b8-82a2-e2b2747e6abf-140193173047104","trial_id":295,"param_name":"learning_rate","param_value_internal":0.19906225264890315,"distribution":"{\"name\": \"FloatDistribution\", \"attributes\": {\"step\": null, \"low\": 0.01, \"high\": 0.2, \"log\": true}}"}
{"op_code":5,"worker_id":"43ed8ad3-311b-44b8-82a2-e2b2747e6abf-140193173047104","trial_id":295,"param_name":"n_estimators","param_value_internal":180.0,"distribution":"{\"name\": \"IntDistribution\", \"attributes\": {\"log\": false, \"step\": 1, \"low\": 50, \"high\": 200}}"}
{"op_code":5,"worker_id":"43ed8ad3-311b-44b8-82a2-e2b2747e6abf-140193173047104","trial_id":295,"param_name":"max_depth","param_value_internal":3.0,"distribution":"{\"name\": \"IntDistribution\", \"attributes\": {\"log\": false, \"step\": 1, \"low\": 2, \"high\": 5}}"}
{"op_code":6,"worker_id":"43ed8ad3-311b-44b8-82a2-e2b2747e6abf-140193173047104","trial_id":295,"state":1,"values":[0.7704022619200617],"datetime_complete":"2026-03-21T08:22:18.638420"}
{"op_code":4,"worker_id":"43ed8ad3-311b-44b8-82a2-e2b2747e6abf-140193173047104","study_id":0,"datetime_start":"2026-03-21T08:22:18.667835"}
{"op_code":5,"worker_id":"43ed8ad3-311b-44b8-82a2-e2b2747e6abf-140193173047104","trial_id":296,"param_name":"learning_rate","param_value_internal":0.1714185342744438,"distribution":"{\"name\": \"FloatDistribution\", \"attributes\": {\"step\": null, \"low\": 0.01, \"high\": 0.2, \"log\": true}}"}
{"op_code":5,"worker_id":"43ed8ad3-311b-44b8-82a2-e2b2747e6abf-140193173047104","trial_id":296,"param_name":"n_estimators","param_value_internal":176.0,"distribution":"{\"name\": \"IntDistribution\", \"attributes\": {\"log\": false, \"step\": 1, \"low\": 50, \"high\": 200}}"}
{"op_code":5,"worker_id":"43ed8ad3-311b-44b8-82a2-e2b2747e6abf-140193173047104","trial_id":296,"param_name":"max_depth","param_value_internal":3.0,"distribution":"{\"name\": \"IntDistribution\", \"attributes\": {\"log\": false, \"step\": 1, \"low\": 2, \"high\": 5}}"}
{"op_code":6,"worker_id":"43ed8ad3-311b-44b8-82a2-e2b2747e6abf-140193173047104","trial_id":296,"state":1,"values":[0.7687023168323772],"datetime_complete":"2026-03-21T08:22:54.989483"}
{"op_code":4,"worker_id":"43ed8ad3-311b-44b8-82a2-e2b2747e6abf-140193173047104","study_id":0,"datetime_start":"2026-03-21T08:22:55.005505"}
{"op_code":5,"worker_id":"43ed8ad3-311b-44b8-82a2-e2b2747e6abf-140193173047104","trial_id":297,"param_name":"learning_rate","param_value_internal":0.16467663558017867,"distribution":"{\"name\": \"FloatDistribution\", \"attributes\": {\"step\": null, \"low\": 0.01, \"high\": 0.2, \"log\": true}}"}
{"op_code":5,"worker_id":"43ed8ad3-311b-44b8-82a2-e2b2747e6abf-140193173047104","trial_id":297,"param_name":"n_estimators","param_value_internal":189.0,"distribution":"{\"name\": \"IntDistribution\", \"attributes\": {\"log\": false, \"step\": 1, \"low\": 50, \"high\": 200}}"}
{"op_code":5,"worker_id":"43ed8ad3-311b-44b8-82a2-e2b2747e6abf-140193173047104","trial_id":297,"param_name":"max_depth","param_value_internal":3.0,"distribution":"{\"name\": \"IntDistribution\", \"attributes\": {\"log\": false, \"step\": 1, \"low\": 2, \"high\": 5}}"}
{"op_code":6,"worker_id":"43ed8ad3-311b-44b8-82a2-e2b2747e6abf-140193173047104","trial_id":297,"state":1,"values":[0.7709455433398371],"datetime_complete":"2026-03-21T08:23:34.053850"}
{"op_code":4,"worker_id":"43ed8ad3-311b-44b8-82a2-e2b2747e6abf-140193173047104","study_id":0,"datetime_start":"2026-03-21T08:23:34.086141"}
{"op_code":5,"worker_id":"43ed8ad3-311b-44b8-82a2-e2b2747e6abf-140193173047104","trial_id":298,"param_name":"learning_rate","param_value_internal":0.18788847046559448,"distribution":"{\"name\": \"FloatDistribution\", \"attributes\": {\"step\": null, \"low\": 0.01, \"high\": 0.2, \"log\": true}}"}
{"op_code":5,"worker_id":"43ed8ad3-311b-44b8-82a2-e2b2747e6abf-140193173047104","trial_id":298,"param_name":"n_estimators","param_value_internal":182.0,"distribution":"{\"name\": \"IntDistribution\", \"attributes\": {\"log\": false, \"step\": 1, \"low\": 50, \"high\": 200}}"}
{"op_code":5,"worker_id":"43ed8ad3-311b-44b8-82a2-e2b2747e6abf-140193173047104","trial_id":298,"param_name":"max_depth","param_value_internal":3.0,"distribution":"{\"name\": \"IntDistribution\", \"attributes\": {\"log\": false, \"step\": 1, \"low\": 2, \"high\": 5}}"}
{"op_code":6,"worker_id":"43ed8ad3-311b-44b8-82a2-e2b2747e6abf-140193173047104","trial_id":298,"state":1,"values":[0.7706417730836186],"datetime_complete":"2026-03-21T08:24:11.673782"}
{"op_code":4,"worker_id":"43ed8ad3-311b-44b8-82a2-e2b2747e6abf-140193173047104","study_id":0,"datetime_start":"2026-03-21T08:24:11.698407"}
{"op_code":5,"worker_id":"43ed8ad3-311b-44b8-82a2-e2b2747e6abf-140193173047104","trial_id":299,"param_name":"learning_rate","param_value_internal":0.17917303244023053,"distribution":"{\"name\": \"FloatDistribution\", \"attributes\": {\"step\": null, \"low\": 0.01, \"high\": 0.2, \"log\": true}}"}
{"op_code":5,"worker_id":"43ed8ad3-311b-44b8-82a2-e2b2747e6abf-140193173047104","trial_id":299,"param_name":"n_estimators","param_value_internal":172.0,"distribution":"{\"name\": \"IntDistribution\", \"attributes\": {\"log\": false, \"step\": 1, \"low\": 50, \"high\": 200}}"}
{"op_code":5,"worker_id":"43ed8ad3-311b-44b8-82a2-e2b2747e6abf-140193173047104","trial_id":299,"param_name":"max_depth","param_value_internal":3.0,"distribution":"{\"name\": \"IntDistribution\", \"attributes\": {\"log\": false, \"step\": 1, \"low\": 2, \"high\": 5}}"}
{"op_code":6,"worker_id":"43ed8ad3-311b-44b8-82a2-e2b2747e6abf-140193173047104","trial_id":299,"state":1,"values":[0.7693390660232968],"datetime_complete":"2026-03-21T08:24:47.301156"}
{"op_code":0,"worker_id":"65255fc8-3584-4490-ae57-05e7b05cae10-140193173047104","study_name":"gbsa_tuning","directions":[2]}
{"op_code":4,"worker_id":"65255fc8-3584-4490-ae57-05e7b05cae10-140193173047104","study_id":0,"datetime_start":"2026-03-21T08:34:31.321277"}
{"op_code":5,"worker_id":"65255fc8-3584-4490-ae57-05e7b05cae10-140193173047104","trial_id":300,"param_name":"learning_rate","param_value_internal":0.156316562746584,"distribution":"{\"name\": \"FloatDistribution\", \"attributes\": {\"step\": null, \"low\": 0.01, \"high\": 0.2, \"log\": true}}"}
{"op_code":5,"worker_id":"65255fc8-3584-4490-ae57-05e7b05cae10-140193173047104","trial_id":300,"param_name":"n_estimators","param_value_internal":113.0,"distribution":"{\"name\": \"IntDistribution\", \"attributes\": {\"log\": false, \"step\": 1, \"low\": 50, \"high\": 200}}"}
{"op_code":5,"worker_id":"65255fc8-3584-4490-ae57-05e7b05cae10-140193173047104","trial_id":300,"param_name":"max_depth","param_value_internal":3.0,"distribution":"{\"name\": \"IntDistribution\", \"attributes\": {\"log\": false, \"step\": 1, \"low\": 2, \"high\": 5}}"}
{"op_code":6,"worker_id":"65255fc8-3584-4490-ae57-05e7b05cae10-140193173047104","trial_id":300,"state":1,"values":[0.7841895023699442],"datetime_complete":"2026-03-21T08:34:53.730669"}
{"op_code":4,"worker_id":"65255fc8-3584-4490-ae57-05e7b05cae10-140193173047104","study_id":0,"datetime_start":"2026-03-21T08:34:53.767254"}
{"op_code":5,"worker_id":"65255fc8-3584-4490-ae57-05e7b05cae10-140193173047104","trial_id":301,"param_name":"learning_rate","param_value_internal":0.14620713362899054,"distribution":"{\"name\": \"FloatDistribution\", \"attributes\": {\"step\": null, \"low\": 0.01, \"high\": 0.2, \"log\": true}}"}
{"op_code":5,"worker_id":"65255fc8-3584-4490-ae57-05e7b05cae10-140193173047104","trial_id":301,"param_name":"n_estimators","param_value_internal":185.0,"distribution":"{\"name\": \"IntDistribution\", \"attributes\": {\"log\": false, \"step\": 1, \"low\": 50, \"high\": 200}}"}
{"op_code":5,"worker_id":"65255fc8-3584-4490-ae57-05e7b05cae10-140193173047104","trial_id":301,"param_name":"max_depth","param_value_internal":3.0,"distribution":"{\"name\": \"IntDistribution\", \"attributes\": {\"log\": false, \"step\": 1, \"low\": 2, \"high\": 5}}"}
{"op_code":6,"worker_id":"65255fc8-3584-4490-ae57-05e7b05cae10-140193173047104","trial_id":301,"state":1,"values":[0.7854530844212562],"datetime_complete":"2026-03-21T08:35:30.987427"}
{"op_code":4,"worker_id":"65255fc8-3584-4490-ae57-05e7b05cae10-140193173047104","study_id":0,"datetime_start":"2026-03-21T08:35:31.019453"}
{"op_code":5,"worker_id":"65255fc8-3584-4490-ae57-05e7b05cae10-140193173047104","trial_id":302,"param_name":"learning_rate","param_value_internal":0.1699437303603492,"distribution":"{\"name\": \"FloatDistribution\", \"attributes\": {\"step\": null, \"low\": 0.01, \"high\": 0.2, \"log\": true}}"}
{"op_code":5,"worker_id":"65255fc8-3584-4490-ae57-05e7b05cae10-140193173047104","trial_id":302,"param_name":"n_estimators","param_value_internal":176.0,"distribution":"{\"name\": \"IntDistribution\", \"attributes\": {\"log\": false, \"step\": 1, \"low\": 50, \"high\": 200}}"}
{"op_code":5,"worker_id":"65255fc8-3584-4490-ae57-05e7b05cae10-140193173047104","trial_id":302,"param_name":"max_depth","param_value_internal":3.0,"distribution":"{\"name\": \"IntDistribution\", \"attributes\": {\"log\": false, \"step\": 1, \"low\": 2, \"high\": 5}}"}
{"op_code":6,"worker_id":"65255fc8-3584-4490-ae57-05e7b05cae10-140193173047104","trial_id":302,"state":1,"values":[0.7869204700292313],"datetime_complete":"2026-03-21T08:36:07.222700"}
{"op_code":4,"worker_id":"65255fc8-3584-4490-ae57-05e7b05cae10-140193173047104","study_id":0,"datetime_start":"2026-03-21T08:36:07.249048"}
{"op_code":5,"worker_id":"65255fc8-3584-4490-ae57-05e7b05cae10-140193173047104","trial_id":303,"param_name":"learning_rate","param_value_internal":0.1899903781642493,"distribution":"{\"name\": \"FloatDistribution\", \"attributes\": {\"step\": null, \"low\": 0.01, \"high\": 0.2, \"log\": true}}"}
{"op_code":5,"worker_id":"65255fc8-3584-4490-ae57-05e7b05cae10-140193173047104","trial_id":303,"param_name":"n_estimators","param_value_internal":168.0,"distribution":"{\"name\": \"IntDistribution\", \"attributes\": {\"log\": false, \"step\": 1, \"low\": 50, \"high\": 200}}"}
{"op_code":5,"worker_id":"65255fc8-3584-4490-ae57-05e7b05cae10-140193173047104","trial_id":303,"param_name":"max_depth","param_value_internal":3.0,"distribution":"{\"name\": \"IntDistribution\", \"attributes\": {\"log\": false, \"step\": 1, \"low\": 2, \"high\": 5}}"}
{"op_code":6,"worker_id":"65255fc8-3584-4490-ae57-05e7b05cae10-140193173047104","trial_id":303,"state":1,"values":[0.7875027659054119],"datetime_complete":"2026-03-21T08:36:41.882344"}
{"op_code":4,"worker_id":"65255fc8-3584-4490-ae57-05e7b05cae10-140193173047104","study_id":0,"datetime_start":"2026-03-21T08:36:41.904705"}
{"op_code":5,"worker_id":"65255fc8-3584-4490-ae57-05e7b05cae10-140193173047104","trial_id":304,"param_name":"learning_rate","param_value_internal":0.04060380048326155,"distribution":"{\"name\": \"FloatDistribution\", \"attributes\": {\"step\": null, \"low\": 0.01, \"high\": 0.2, \"log\": true}}"}
{"op_code":5,"worker_id":"65255fc8-3584-4490-ae57-05e7b05cae10-140193173047104","trial_id":304,"param_name":"n_estimators","param_value_internal":179.0,"distribution":"{\"name\": \"IntDistribution\", \"attributes\": {\"log\": false, \"step\": 1, \"low\": 50, \"high\": 200}}"}
{"op_code":5,"worker_id":"65255fc8-3584-4490-ae57-05e7b05cae10-140193173047104","trial_id":304,"param_name":"max_depth","param_value_internal":3.0,"distribution":"{\"name\": \"IntDistribution\", \"attributes\": {\"log\": false, \"step\": 1, \"low\": 2, \"high\": 5}}"}
{"op_code":6,"worker_id":"65255fc8-3584-4490-ae57-05e7b05cae10-140193173047104","trial_id":304,"state":1,"values":[0.7726833358566154],"datetime_complete":"2026-03-21T08:37:18.861123"}
{"op_code":4,"worker_id":"65255fc8-3584-4490-ae57-05e7b05cae10-140193173047104","study_id":0,"datetime_start":"2026-03-21T08:37:18.877509"}
{"op_code":5,"worker_id":"65255fc8-3584-4490-ae57-05e7b05cae10-140193173047104","trial_id":305,"param_name":"learning_rate","param_value_internal":0.18005333879036933,"distribution":"{\"name\": \"FloatDistribution\", \"attributes\": {\"step\": null, \"low\": 0.01, \"high\": 0.2, \"log\": true}}"}
{"op_code":5,"worker_id":"65255fc8-3584-4490-ae57-05e7b05cae10-140193173047104","trial_id":305,"param_name":"n_estimators","param_value_internal":187.0,"distribution":"{\"name\": \"IntDistribution\", \"attributes\": {\"log\": false, \"step\": 1, \"low\": 50, \"high\": 200}}"}
{"op_code":5,"worker_id":"65255fc8-3584-4490-ae57-05e7b05cae10-140193173047104","trial_id":305,"param_name":"max_depth","param_value_internal":3.0,"distribution":"{\"name\": \"IntDistribution\", \"attributes\": {\"log\": false, \"step\": 1, \"low\": 2, \"high\": 5}}"}
{"op_code":6,"worker_id":"65255fc8-3584-4490-ae57-05e7b05cae10-140193173047104","trial_id":305,"state":1,"values":[0.7858024619469645],"datetime_complete":"2026-03-21T08:37:57.583931"}
{"op_code":4,"worker_id":"65255fc8-3584-4490-ae57-05e7b05cae10-140193173047104","study_id":0,"datetime_start":"2026-03-21T08:37:57.620824"}
{"op_code":5,"worker_id":"65255fc8-3584-4490-ae57-05e7b05cae10-140193173047104","trial_id":306,"param_name":"learning_rate","param_value_internal":0.16422568900562526,"distribution":"{\"name\": \"FloatDistribution\", \"attributes\": {\"step\": null, \"low\": 0.01, \"high\": 0.2, \"log\": true}}"}
{"op_code":5,"worker_id":"65255fc8-3584-4490-ae57-05e7b05cae10-140193173047104","trial_id":306,"param_name":"n_estimators","param_value_internal":182.0,"distribution":"{\"name\": \"IntDistribution\", \"attributes\": {\"log\": false, \"step\": 1, \"low\": 50, \"high\": 200}}"}
{"op_code":5,"worker_id":"65255fc8-3584-4490-ae57-05e7b05cae10-140193173047104","trial_id":306,"param_name":"max_depth","param_value_internal":3.0,"distribution":"{\"name\": \"IntDistribution\", \"attributes\": {\"log\": false, \"step\": 1, \"low\": 2, \"high\": 5}}"}
{"op_code":6,"worker_id":"65255fc8-3584-4490-ae57-05e7b05cae10-140193173047104","trial_id":306,"state":1,"values":[0.7861576624314347],"datetime_complete":"2026-03-21T08:38:35.167521"}
{"op_code":4,"worker_id":"65255fc8-3584-4490-ae57-05e7b05cae10-140193173047104","study_id":0,"datetime_start":"2026-03-21T08:38:35.185441"}
{"op_code":5,"worker_id":"65255fc8-3584-4490-ae57-05e7b05cae10-140193173047104","trial_id":307,"param_name":"learning_rate","param_value_internal":0.1978914872458213,"distribution":"{\"name\": \"FloatDistribution\", \"attributes\": {\"step\": null, \"low\": 0.01, \"high\": 0.2, \"log\": true}}"}
{"op_code":5,"worker_id":"65255fc8-3584-4490-ae57-05e7b05cae10-140193173047104","trial_id":307,"param_name":"n_estimators","param_value_internal":172.0,"distribution":"{\"name\": \"IntDistribution\", \"attributes\": {\"log\": false, \"step\": 1, \"low\": 50, \"high\": 200}}"}
{"op_code":5,"worker_id":"65255fc8-3584-4490-ae57-05e7b05cae10-140193173047104","trial_id":307,"param_name":"max_depth","param_value_internal":3.0,"distribution":"{\"name\": \"IntDistribution\", \"attributes\": {\"log\": false, \"step\": 1, \"low\": 2, \"high\": 5}}"}
{"op_code":6,"worker_id":"65255fc8-3584-4490-ae57-05e7b05cae10-140193173047104","trial_id":307,"state":1,"values":[0.7845679946894616],"datetime_complete":"2026-03-21T08:39:10.749616"}
{"op_code":4,"worker_id":"65255fc8-3584-4490-ae57-05e7b05cae10-140193173047104","study_id":0,"datetime_start":"2026-03-21T08:39:10.766782"}
{"op_code":5,"worker_id":"65255fc8-3584-4490-ae57-05e7b05cae10-140193173047104","trial_id":308,"param_name":"learning_rate","param_value_internal":0.028187966842440664,"distribution":"{\"name\": \"FloatDistribution\", \"attributes\": {\"step\": null, \"low\": 0.01, \"high\": 0.2, \"log\": true}}"}
{"op_code":5,"worker_id":"65255fc8-3584-4490-ae57-05e7b05cae10-140193173047104","trial_id":308,"param_name":"n_estimators","param_value_internal":176.0,"distribution":"{\"name\": \"IntDistribution\", \"attributes\": {\"log\": false, \"step\": 1, \"low\": 50, \"high\": 200}}"}
{"op_code":5,"worker_id":"65255fc8-3584-4490-ae57-05e7b05cae10-140193173047104","trial_id":308,"param_name":"max_depth","param_value_internal":3.0,"distribution":"{\"name\": \"IntDistribution\", \"attributes\": {\"log\": false, \"step\": 1, \"low\": 2, \"high\": 5}}"}
{"op_code":6,"worker_id":"65255fc8-3584-4490-ae57-05e7b05cae10-140193173047104","trial_id":308,"state":1,"values":[0.7680191458884088],"datetime_complete":"2026-03-21T08:39:47.078850"}
{"op_code":4,"worker_id":"65255fc8-3584-4490-ae57-05e7b05cae10-140193173047104","study_id":0,"datetime_start":"2026-03-21T08:39:47.107751"}
{"op_code":5,"worker_id":"65255fc8-3584-4490-ae57-05e7b05cae10-140193173047104","trial_id":309,"param_name":"learning_rate","param_value_internal":0.17408778297105662,"distribution":"{\"name\": \"FloatDistribution\", \"attributes\": {\"step\": null, \"low\": 0.01, \"high\": 0.2, \"log\": true}}"}
{"op_code":5,"worker_id":"65255fc8-3584-4490-ae57-05e7b05cae10-140193173047104","trial_id":309,"param_name":"n_estimators","param_value_internal":179.0,"distribution":"{\"name\": \"IntDistribution\", \"attributes\": {\"log\": false, \"step\": 1, \"low\": 50, \"high\": 200}}"}
{"op_code":5,"worker_id":"65255fc8-3584-4490-ae57-05e7b05cae10-140193173047104","trial_id":309,"param_name":"max_depth","param_value_internal":3.0,"distribution":"{\"name\": \"IntDistribution\", \"attributes\": {\"log\": false, \"step\": 1, \"low\": 2, \"high\": 5}}"}
{"op_code":6,"worker_id":"65255fc8-3584-4490-ae57-05e7b05cae10-140193173047104","trial_id":309,"state":1,"values":[0.785185228318213],"datetime_complete":"2026-03-21T08:40:24.017681"}
{"op_code":0,"worker_id":"6333ffe2-6b9e-4d1b-b509-f44870014151-140193173047104","study_name":"gbsa_tuning","directions":[2]}
{"op_code":4,"worker_id":"6333ffe2-6b9e-4d1b-b509-f44870014151-140193173047104","study_id":0,"datetime_start":"2026-03-21T08:49:04.982711"}
{"op_code":5,"worker_id":"6333ffe2-6b9e-4d1b-b509-f44870014151-140193173047104","trial_id":310,"param_name":"learning_rate","param_value_internal":0.03495853486665273,"distribution":"{\"name\": \"FloatDistribution\", \"attributes\": {\"step\": null, \"low\": 0.01, \"high\": 0.2, \"log\": true}}"}
{"op_code":5,"worker_id":"6333ffe2-6b9e-4d1b-b509-f44870014151-140193173047104","trial_id":310,"param_name":"n_estimators","param_value_internal":173.0,"distribution":"{\"name\": \"IntDistribution\", \"attributes\": {\"log\": false, \"step\": 1, \"low\": 50, \"high\": 200}}"}
{"op_code":5,"worker_id":"6333ffe2-6b9e-4d1b-b509-f44870014151-140193173047104","trial_id":310,"param_name":"max_depth","param_value_internal":3.0,"distribution":"{\"name\": \"IntDistribution\", \"attributes\": {\"log\": false, \"step\": 1, \"low\": 2, \"high\": 5}}"}
{"op_code":6,"worker_id":"6333ffe2-6b9e-4d1b-b509-f44870014151-140193173047104","trial_id":310,"state":1,"values":[0.7844907019601274],"datetime_complete":"2026-03-21T08:49:40.407964"}
{"op_code":4,"worker_id":"6333ffe2-6b9e-4d1b-b509-f44870014151-140193173047104","study_id":0,"datetime_start":"2026-03-21T08:49:40.433944"}
{"op_code":5,"worker_id":"6333ffe2-6b9e-4d1b-b509-f44870014151-140193173047104","trial_id":311,"param_name":"learning_rate","param_value_internal":0.1825728773166102,"distribution":"{\"name\": \"FloatDistribution\", \"attributes\": {\"step\": null, \"low\": 0.01, \"high\": 0.2, \"log\": true}}"}
{"op_code":5,"worker_id":"6333ffe2-6b9e-4d1b-b509-f44870014151-140193173047104","trial_id":311,"param_name":"n_estimators","param_value_internal":167.0,"distribution":"{\"name\": \"IntDistribution\", \"attributes\": {\"log\": false, \"step\": 1, \"low\": 50, \"high\": 200}}"}
{"op_code":5,"worker_id":"6333ffe2-6b9e-4d1b-b509-f44870014151-140193173047104","trial_id":311,"param_name":"max_depth","param_value_internal":3.0,"distribution":"{\"name\": \"IntDistribution\", \"attributes\": {\"log\": false, \"step\": 1, \"low\": 2, \"high\": 5}}"}
{"op_code":6,"worker_id":"6333ffe2-6b9e-4d1b-b509-f44870014151-140193173047104","trial_id":311,"state":1,"values":[0.7941208146853984],"datetime_complete":"2026-03-21T08:50:14.718099"}
{"op_code":4,"worker_id":"6333ffe2-6b9e-4d1b-b509-f44870014151-140193173047104","study_id":0,"datetime_start":"2026-03-21T08:50:14.867691"}
{"op_code":5,"worker_id":"6333ffe2-6b9e-4d1b-b509-f44870014151-140193173047104","trial_id":312,"param_name":"learning_rate","param_value_internal":0.18846930570269255,"distribution":"{\"name\": \"FloatDistribution\", \"attributes\": {\"step\": null, \"low\": 0.01, \"high\": 0.2, \"log\": true}}"}
{"op_code":5,"worker_id":"6333ffe2-6b9e-4d1b-b509-f44870014151-140193173047104","trial_id":312,"param_name":"n_estimators","param_value_internal":167.0,"distribution":"{\"name\": \"IntDistribution\", \"attributes\": {\"log\": false, \"step\": 1, \"low\": 50, \"high\": 200}}"}
{"op_code":5,"worker_id":"6333ffe2-6b9e-4d1b-b509-f44870014151-140193173047104","trial_id":312,"param_name":"max_depth","param_value_internal":3.0,"distribution":"{\"name\": \"IntDistribution\", \"attributes\": {\"log\": false, \"step\": 1, \"low\": 2, \"high\": 5}}"}
{"op_code":6,"worker_id":"6333ffe2-6b9e-4d1b-b509-f44870014151-140193173047104","trial_id":312,"state":1,"values":[0.7921463274537491],"datetime_complete":"2026-03-21T08:50:49.023744"}
{"op_code":4,"worker_id":"6333ffe2-6b9e-4d1b-b509-f44870014151-140193173047104","study_id":0,"datetime_start":"2026-03-21T08:50:49.047698"}
{"op_code":5,"worker_id":"6333ffe2-6b9e-4d1b-b509-f44870014151-140193173047104","trial_id":313,"param_name":"learning_rate","param_value_internal":0.04577695029818973,"distribution":"{\"name\": \"FloatDistribution\", \"attributes\": {\"step\": null, \"low\": 0.01, \"high\": 0.2, \"log\": true}}"}
{"op_code":5,"worker_id":"6333ffe2-6b9e-4d1b-b509-f44870014151-140193173047104","trial_id":313,"param_name":"n_estimators","param_value_internal":166.0,"distribution":"{\"name\": \"IntDistribution\", \"attributes\": {\"log\": false, \"step\": 1, \"low\": 50, \"high\": 200}}"}
{"op_code":5,"worker_id":"6333ffe2-6b9e-4d1b-b509-f44870014151-140193173047104","trial_id":313,"param_name":"max_depth","param_value_internal":3.0,"distribution":"{\"name\": \"IntDistribution\", \"attributes\": {\"log\": false, \"step\": 1, \"low\": 2, \"high\": 5}}"}
{"op_code":6,"worker_id":"6333ffe2-6b9e-4d1b-b509-f44870014151-140193173047104","trial_id":313,"state":1,"values":[0.7872160926692674],"datetime_complete":"2026-03-21T08:51:23.370803"}
{"op_code":4,"worker_id":"6333ffe2-6b9e-4d1b-b509-f44870014151-140193173047104","study_id":0,"datetime_start":"2026-03-21T08:51:23.397780"}
{"op_code":5,"worker_id":"6333ffe2-6b9e-4d1b-b509-f44870014151-140193173047104","trial_id":314,"param_name":"learning_rate","param_value_internal":0.19999479563618394,"distribution":"{\"name\": \"FloatDistribution\", \"attributes\": {\"step\": null, \"low\": 0.01, \"high\": 0.2, \"log\": true}}"}
{"op_code":5,"worker_id":"6333ffe2-6b9e-4d1b-b509-f44870014151-140193173047104","trial_id":314,"param_name":"n_estimators","param_value_internal":191.0,"distribution":"{\"name\": \"IntDistribution\", \"attributes\": {\"log\": false, \"step\": 1, \"low\": 50, \"high\": 200}}"}
{"op_code":5,"worker_id":"6333ffe2-6b9e-4d1b-b509-f44870014151-140193173047104","trial_id":314,"param_name":"max_depth","param_value_internal":3.0,"distribution":"{\"name\": \"IntDistribution\", \"attributes\": {\"log\": false, \"step\": 1, \"low\": 2, \"high\": 5}}"}
{"op_code":6,"worker_id":"6333ffe2-6b9e-4d1b-b509-f44870014151-140193173047104","trial_id":314,"state":1,"values":[0.7944977622478041],"datetime_complete":"2026-03-21T08:52:02.869165"}
{"op_code":4,"worker_id":"6333ffe2-6b9e-4d1b-b509-f44870014151-140193173047104","study_id":0,"datetime_start":"2026-03-21T08:52:02.937455"}
{"op_code":5,"worker_id":"6333ffe2-6b9e-4d1b-b509-f44870014151-140193173047104","trial_id":315,"param_name":"learning_rate","param_value_internal":0.1989432899051056,"distribution":"{\"name\": \"FloatDistribution\", \"attributes\": {\"step\": null, \"low\": 0.01, \"high\": 0.2, \"log\": true}}"}
{"op_code":5,"worker_id":"6333ffe2-6b9e-4d1b-b509-f44870014151-140193173047104","trial_id":315,"param_name":"n_estimators","param_value_internal":192.0,"distribution":"{\"name\": \"IntDistribution\", \"attributes\": {\"log\": false, \"step\": 1, \"low\": 50, \"high\": 200}}"}
{"op_code":5,"worker_id":"6333ffe2-6b9e-4d1b-b509-f44870014151-140193173047104","trial_id":315,"param_name":"max_depth","param_value_internal":3.0,"distribution":"{\"name\": \"IntDistribution\", \"attributes\": {\"log\": false, \"step\": 1, \"low\": 2, \"high\": 5}}"}
{"op_code":6,"worker_id":"6333ffe2-6b9e-4d1b-b509-f44870014151-140193173047104","trial_id":315,"state":1,"values":[0.792972022114257],"datetime_complete":"2026-03-21T08:52:42.812865"}
{"op_code":4,"worker_id":"6333ffe2-6b9e-4d1b-b509-f44870014151-140193173047104","study_id":0,"datetime_start":"2026-03-21T08:52:42.841741"}
{"op_code":5,"worker_id":"6333ffe2-6b9e-4d1b-b509-f44870014151-140193173047104","trial_id":316,"param_name":"learning_rate","param_value_internal":0.19634508066586856,"distribution":"{\"name\": \"FloatDistribution\", \"attributes\": {\"step\": null, \"low\": 0.01, \"high\": 0.2, \"log\": true}}"}
{"op_code":5,"worker_id":"6333ffe2-6b9e-4d1b-b509-f44870014151-140193173047104","trial_id":316,"param_name":"n_estimators","param_value_internal":192.0,"distribution":"{\"name\": \"IntDistribution\", \"attributes\": {\"log\": false, \"step\": 1, \"low\": 50, \"high\": 200}}"}
{"op_code":5,"worker_id":"6333ffe2-6b9e-4d1b-b509-f44870014151-140193173047104","trial_id":316,"param_name":"max_depth","param_value_internal":3.0,"distribution":"{\"name\": \"IntDistribution\", \"attributes\": {\"log\": false, \"step\": 1, \"low\": 2, \"high\": 5}}"}
{"op_code":6,"worker_id":"6333ffe2-6b9e-4d1b-b509-f44870014151-140193173047104","trial_id":316,"state":1,"values":[0.7938037000694063],"datetime_complete":"2026-03-21T08:53:22.465222"}
{"op_code":4,"worker_id":"6333ffe2-6b9e-4d1b-b509-f44870014151-140193173047104","study_id":0,"datetime_start":"2026-03-21T08:53:22.492631"}
{"op_code":5,"worker_id":"6333ffe2-6b9e-4d1b-b509-f44870014151-140193173047104","trial_id":317,"param_name":"learning_rate","param_value_internal":0.19769762508280495,"distribution":"{\"name\": \"FloatDistribution\", \"attributes\": {\"step\": null, \"low\": 0.01, \"high\": 0.2, \"log\": true}}"}
{"op_code":5,"worker_id":"6333ffe2-6b9e-4d1b-b509-f44870014151-140193173047104","trial_id":317,"param_name":"n_estimators","param_value_internal":192.0,"distribution":"{\"name\": \"IntDistribution\", \"attributes\": {\"log\": false, \"step\": 1, \"low\": 50, \"high\": 200}}"}
{"op_code":5,"worker_id":"6333ffe2-6b9e-4d1b-b509-f44870014151-140193173047104","trial_id":317,"param_name":"max_depth","param_value_internal":3.0,"distribution":"{\"name\": \"IntDistribution\", \"attributes\": {\"log\": false, \"step\": 1, \"low\": 2, \"high\": 5}}"}
{"op_code":6,"worker_id":"6333ffe2-6b9e-4d1b-b509-f44870014151-140193173047104","trial_id":317,"state":1,"values":[0.7915659478735371],"datetime_complete":"2026-03-21T08:54:02.086744"}
{"op_code":4,"worker_id":"6333ffe2-6b9e-4d1b-b509-f44870014151-140193173047104","study_id":0,"datetime_start":"2026-03-21T08:54:02.100717"}
{"op_code":5,"worker_id":"6333ffe2-6b9e-4d1b-b509-f44870014151-140193173047104","trial_id":318,"param_name":"learning_rate","param_value_internal":0.19795619768902836,"distribution":"{\"name\": \"FloatDistribution\", \"attributes\": {\"step\": null, \"low\": 0.01, \"high\": 0.2, \"log\": true}}"}
{"op_code":5,"worker_id":"6333ffe2-6b9e-4d1b-b509-f44870014151-140193173047104","trial_id":318,"param_name":"n_estimators","param_value_internal":192.0,"distribution":"{\"name\": \"IntDistribution\", \"attributes\": {\"log\": false, \"step\": 1, \"low\": 50, \"high\": 200}}"}
{"op_code":5,"worker_id":"6333ffe2-6b9e-4d1b-b509-f44870014151-140193173047104","trial_id":318,"param_name":"max_depth","param_value_internal":3.0,"distribution":"{\"name\": \"IntDistribution\", \"attributes\": {\"log\": false, \"step\": 1, \"low\": 2, \"high\": 5}}"}
{"op_code":6,"worker_id":"6333ffe2-6b9e-4d1b-b509-f44870014151-140193173047104","trial_id":318,"state":1,"values":[0.7927087571500371],"datetime_complete":"2026-03-21T08:54:41.686560"}
{"op_code":4,"worker_id":"6333ffe2-6b9e-4d1b-b509-f44870014151-140193173047104","study_id":0,"datetime_start":"2026-03-21T08:54:41.763619"}
{"op_code":5,"worker_id":"6333ffe2-6b9e-4d1b-b509-f44870014151-140193173047104","trial_id":319,"param_name":"learning_rate","param_value_internal":0.18747303771846344,"distribution":"{\"name\": \"FloatDistribution\", \"attributes\": {\"step\": null, \"low\": 0.01, \"high\": 0.2, \"log\": true}}"}
{"op_code":5,"worker_id":"6333ffe2-6b9e-4d1b-b509-f44870014151-140193173047104","trial_id":319,"param_name":"n_estimators","param_value_internal":193.0,"distribution":"{\"name\": \"IntDistribution\", \"attributes\": {\"log\": false, \"step\": 1, \"low\": 50, \"high\": 200}}"}
{"op_code":5,"worker_id":"6333ffe2-6b9e-4d1b-b509-f44870014151-140193173047104","trial_id":319,"param_name":"max_depth","param_value_internal":3.0,"distribution":"{\"name\": \"IntDistribution\", \"attributes\": {\"log\": false, \"step\": 1, \"low\": 2, \"high\": 5}}"}
{"op_code":6,"worker_id":"6333ffe2-6b9e-4d1b-b509-f44870014151-140193173047104","trial_id":319,"state":1,"values":[0.7917215135342125],"datetime_complete":"2026-03-21T08:55:21.657147"}
{"op_code":0,"worker_id":"0f8f49ba-be9e-4545-86e1-04e433ee4c08-140193173047104","study_name":"gbsa_tuning","directions":[2]}
{"op_code":4,"worker_id":"0f8f49ba-be9e-4545-86e1-04e433ee4c08-140193173047104","study_id":0,"datetime_start":"2026-03-21T09:04:12.869746"}
{"op_code":5,"worker_id":"0f8f49ba-be9e-4545-86e1-04e433ee4c08-140193173047104","trial_id":320,"param_name":"learning_rate","param_value_internal":0.18746498160836494,"distribution":"{\"name\": \"FloatDistribution\", \"attributes\": {\"step\": null, \"low\": 0.01, \"high\": 0.2, \"log\": true}}"}
{"op_code":5,"worker_id":"0f8f49ba-be9e-4545-86e1-04e433ee4c08-140193173047104","trial_id":320,"param_name":"n_estimators","param_value_internal":190.0,"distribution":"{\"name\": \"IntDistribution\", \"attributes\": {\"log\": false, \"step\": 1, \"low\": 50, \"high\": 200}}"}
{"op_code":5,"worker_id":"0f8f49ba-be9e-4545-86e1-04e433ee4c08-140193173047104","trial_id":320,"param_name":"max_depth","param_value_internal":3.0,"distribution":"{\"name\": \"IntDistribution\", \"attributes\": {\"log\": false, \"step\": 1, \"low\": 2, \"high\": 5}}"}
{"op_code":6,"worker_id":"0f8f49ba-be9e-4545-86e1-04e433ee4c08-140193173047104","trial_id":320,"state":1,"values":[0.7776779858308566],"datetime_complete":"2026-03-21T09:04:52.059577"}
{"op_code":4,"worker_id":"0f8f49ba-be9e-4545-86e1-04e433ee4c08-140193173047104","study_id":0,"datetime_start":"2026-03-21T09:04:52.086067"}
{"op_code":5,"worker_id":"0f8f49ba-be9e-4545-86e1-04e433ee4c08-140193173047104","trial_id":321,"param_name":"learning_rate","param_value_internal":0.19597379271895815,"distribution":"{\"name\": \"FloatDistribution\", \"attributes\": {\"step\": null, \"low\": 0.01, \"high\": 0.2, \"log\": true}}"}
{"op_code":5,"worker_id":"0f8f49ba-be9e-4545-86e1-04e433ee4c08-140193173047104","trial_id":321,"param_name":"n_estimators","param_value_internal":196.0,"distribution":"{\"name\": \"IntDistribution\", \"attributes\": {\"log\": false, \"step\": 1, \"low\": 50, \"high\": 200}}"}
{"op_code":5,"worker_id":"0f8f49ba-be9e-4545-86e1-04e433ee4c08-140193173047104","trial_id":321,"param_name":"max_depth","param_value_internal":3.0,"distribution":"{\"name\": \"IntDistribution\", \"attributes\": {\"log\": false, \"step\": 1, \"low\": 2, \"high\": 5}}"}
{"op_code":6,"worker_id":"0f8f49ba-be9e-4545-86e1-04e433ee4c08-140193173047104","trial_id":321,"state":1,"values":[0.7757399211774925],"datetime_complete":"2026-03-21T09:05:32.526597"}
{"op_code":4,"worker_id":"0f8f49ba-be9e-4545-86e1-04e433ee4c08-140193173047104","study_id":0,"datetime_start":"2026-03-21T09:05:32.549737"}
{"op_code":5,"worker_id":"0f8f49ba-be9e-4545-86e1-04e433ee4c08-140193173047104","trial_id":322,"param_name":"learning_rate","param_value_internal":0.19842759225178966,"distribution":"{\"name\": \"FloatDistribution\", \"attributes\": {\"step\": null, \"low\": 0.01, \"high\": 0.2, \"log\": true}}"}
{"op_code":5,"worker_id":"0f8f49ba-be9e-4545-86e1-04e433ee4c08-140193173047104","trial_id":322,"param_name":"n_estimators","param_value_internal":189.0,"distribution":"{\"name\": \"IntDistribution\", \"attributes\": {\"log\": false, \"step\": 1, \"low\": 50, \"high\": 200}}"}
{"op_code":5,"worker_id":"0f8f49ba-be9e-4545-86e1-04e433ee4c08-140193173047104","trial_id":322,"param_name":"max_depth","param_value_internal":3.0,"distribution":"{\"name\": \"IntDistribution\", \"attributes\": {\"log\": false, \"step\": 1, \"low\": 2, \"high\": 5}}"}
{"op_code":6,"worker_id":"0f8f49ba-be9e-4545-86e1-04e433ee4c08-140193173047104","trial_id":322,"state":1,"values":[0.7776070810264653],"datetime_complete":"2026-03-21T09:06:11.549674"}
{"op_code":4,"worker_id":"0f8f49ba-be9e-4545-86e1-04e433ee4c08-140193173047104","study_id":0,"datetime_start":"2026-03-21T09:06:11.582430"}
{"op_code":5,"worker_id":"0f8f49ba-be9e-4545-86e1-04e433ee4c08-140193173047104","trial_id":323,"param_name":"learning_rate","param_value_internal":0.1828453643877225,"distribution":"{\"name\": \"FloatDistribution\", \"attributes\": {\"step\": null, \"low\": 0.01, \"high\": 0.2, \"log\": true}}"}
{"op_code":5,"worker_id":"0f8f49ba-be9e-4545-86e1-04e433ee4c08-140193173047104","trial_id":323,"param_name":"n_estimators","param_value_internal":194.0,"distribution":"{\"name\": \"IntDistribution\", \"attributes\": {\"log\": false, \"step\": 1, \"low\": 50, \"high\": 200}}"}
{"op_code":5,"worker_id":"0f8f49ba-be9e-4545-86e1-04e433ee4c08-140193173047104","trial_id":323,"param_name":"max_depth","param_value_internal":3.0,"distribution":"{\"name\": \"IntDistribution\", \"attributes\": {\"log\": false, \"step\": 1, \"low\": 2, \"high\": 5}}"}
{"op_code":6,"worker_id":"0f8f49ba-be9e-4545-86e1-04e433ee4c08-140193173047104","trial_id":323,"state":1,"values":[0.7775539024231717],"datetime_complete":"2026-03-21T09:06:51.561495"}
{"op_code":4,"worker_id":"0f8f49ba-be9e-4545-86e1-04e433ee4c08-140193173047104","study_id":0,"datetime_start":"2026-03-21T09:06:51.587907"}
{"op_code":5,"worker_id":"0f8f49ba-be9e-4545-86e1-04e433ee4c08-140193173047104","trial_id":324,"param_name":"learning_rate","param_value_internal":0.19938996053026442,"distribution":"{\"name\": \"FloatDistribution\", \"attributes\": {\"step\": null, \"low\": 0.01, \"high\": 0.2, \"log\": true}}"}
{"op_code":5,"worker_id":"0f8f49ba-be9e-4545-86e1-04e433ee4c08-140193173047104","trial_id":324,"param_name":"n_estimators","param_value_internal":191.0,"distribution":"{\"name\": \"IntDistribution\", \"attributes\": {\"log\": false, \"step\": 1, \"low\": 50, \"high\": 200}}"}
{"op_code":5,"worker_id":"0f8f49ba-be9e-4545-86e1-04e433ee4c08-140193173047104","trial_id":324,"param_name":"max_depth","param_value_internal":3.0,"distribution":"{\"name\": \"IntDistribution\", \"attributes\": {\"log\": false, \"step\": 1, \"low\": 2, \"high\": 5}}"}
{"op_code":6,"worker_id":"0f8f49ba-be9e-4545-86e1-04e433ee4c08-140193173047104","trial_id":324,"state":1,"values":[0.7754681194273255],"datetime_complete":"2026-03-21T09:07:30.967700"}
{"op_code":4,"worker_id":"0f8f49ba-be9e-4545-86e1-04e433ee4c08-140193173047104","study_id":0,"datetime_start":"2026-03-21T09:07:30.995487"}
{"op_code":5,"worker_id":"0f8f49ba-be9e-4545-86e1-04e433ee4c08-140193173047104","trial_id":325,"param_name":"learning_rate","param_value_internal":0.18048766805750677,"distribution":"{\"name\": \"FloatDistribution\", \"attributes\": {\"step\": null, \"low\": 0.01, \"high\": 0.2, \"log\": true}}"}
{"op_code":5,"worker_id":"0f8f49ba-be9e-4545-86e1-04e433ee4c08-140193173047104","trial_id":325,"param_name":"n_estimators","param_value_internal":186.0,"distribution":"{\"name\": \"IntDistribution\", \"attributes\": {\"log\": false, \"step\": 1, \"low\": 50, \"high\": 200}}"}
{"op_code":5,"worker_id":"0f8f49ba-be9e-4545-86e1-04e433ee4c08-140193173047104","trial_id":325,"param_name":"max_depth","param_value_internal":3.0,"distribution":"{\"name\": \"IntDistribution\", \"attributes\": {\"log\": false, \"step\": 1, \"low\": 2, \"high\": 5}}"}
{"op_code":6,"worker_id":"0f8f49ba-be9e-4545-86e1-04e433ee4c08-140193173047104","trial_id":325,"state":1,"values":[0.7775479936894724],"datetime_complete":"2026-03-21T09:08:09.333407"}
{"op_code":4,"worker_id":"0f8f49ba-be9e-4545-86e1-04e433ee4c08-140193173047104","study_id":0,"datetime_start":"2026-03-21T09:08:09.354248"}
{"op_code":5,"worker_id":"0f8f49ba-be9e-4545-86e1-04e433ee4c08-140193173047104","trial_id":326,"param_name":"learning_rate","param_value_internal":0.1713985084237349,"distribution":"{\"name\": \"FloatDistribution\", \"attributes\": {\"step\": null, \"low\": 0.01, \"high\": 0.2, \"log\": true}}"}
{"op_code":5,"worker_id":"0f8f49ba-be9e-4545-86e1-04e433ee4c08-140193173047104","trial_id":326,"param_name":"n_estimators","param_value_internal":85.0,"distribution":"{\"name\": \"IntDistribution\", \"attributes\": {\"log\": false, \"step\": 1, \"low\": 50, \"high\": 200}}"}
{"op_code":5,"worker_id":"0f8f49ba-be9e-4545-86e1-04e433ee4c08-140193173047104","trial_id":326,"param_name":"max_depth","param_value_internal":3.0,"distribution":"{\"name\": \"IntDistribution\", \"attributes\": {\"log\": false, \"step\": 1, \"low\": 2, \"high\": 5}}"}
{"op_code":6,"worker_id":"0f8f49ba-be9e-4545-86e1-04e433ee4c08-140193173047104","trial_id":326,"state":1,"values":[0.7768064476102127],"datetime_complete":"2026-03-21T09:08:26.922765"}
{"op_code":4,"worker_id":"0f8f49ba-be9e-4545-86e1-04e433ee4c08-140193173047104","study_id":0,"datetime_start":"2026-03-21T09:08:26.941787"}
{"op_code":5,"worker_id":"0f8f49ba-be9e-4545-86e1-04e433ee4c08-140193173047104","trial_id":327,"param_name":"learning_rate","param_value_internal":0.18564521009251153,"distribution":"{\"name\": \"FloatDistribution\", \"attributes\": {\"step\": null, \"low\": 0.01, \"high\": 0.2, \"log\": true}}"}
{"op_code":5,"worker_id":"0f8f49ba-be9e-4545-86e1-04e433ee4c08-140193173047104","trial_id":327,"param_name":"n_estimators","param_value_internal":187.0,"distribution":"{\"name\": \"IntDistribution\", \"attributes\": {\"log\": false, \"step\": 1, \"low\": 50, \"high\": 200}}"}
{"op_code":5,"worker_id":"0f8f49ba-be9e-4545-86e1-04e433ee4c08-140193173047104","trial_id":327,"param_name":"max_depth","param_value_internal":3.0,"distribution":"{\"name\": \"IntDistribution\", \"attributes\": {\"log\": false, \"step\": 1, \"low\": 2, \"high\": 5}}"}
{"op_code":6,"worker_id":"0f8f49ba-be9e-4545-86e1-04e433ee4c08-140193173047104","trial_id":327,"state":1,"values":[0.7770043901891386],"datetime_complete":"2026-03-21T09:09:05.520448"}
{"op_code":4,"worker_id":"0f8f49ba-be9e-4545-86e1-04e433ee4c08-140193173047104","study_id":0,"datetime_start":"2026-03-21T09:09:05.535939"}
{"op_code":5,"worker_id":"0f8f49ba-be9e-4545-86e1-04e433ee4c08-140193173047104","trial_id":328,"param_name":"learning_rate","param_value_internal":0.013069301240966178,"distribution":"{\"name\": \"FloatDistribution\", \"attributes\": {\"step\": null, \"low\": 0.01, \"high\": 0.2, \"log\": true}}"}
{"op_code":5,"worker_id":"0f8f49ba-be9e-4545-86e1-04e433ee4c08-140193173047104","trial_id":328,"param_name":"n_estimators","param_value_internal":194.0,"distribution":"{\"name\": \"IntDistribution\", \"attributes\": {\"log\": false, \"step\": 1, \"low\": 50, \"high\": 200}}"}
{"op_code":5,"worker_id":"0f8f49ba-be9e-4545-86e1-04e433ee4c08-140193173047104","trial_id":328,"param_name":"max_depth","param_value_internal":3.0,"distribution":"{\"name\": \"IntDistribution\", \"attributes\": {\"log\": false, \"step\": 1, \"low\": 2, \"high\": 5}}"}
{"op_code":6,"worker_id":"0f8f49ba-be9e-4545-86e1-04e433ee4c08-140193173047104","trial_id":328,"state":1,"values":[0.7596208956458541],"datetime_complete":"2026-03-21T09:09:45.500094"}
{"op_code":4,"worker_id":"0f8f49ba-be9e-4545-86e1-04e433ee4c08-140193173047104","study_id":0,"datetime_start":"2026-03-21T09:09:45.530942"}
{"op_code":5,"worker_id":"0f8f49ba-be9e-4545-86e1-04e433ee4c08-140193173047104","trial_id":329,"param_name":"learning_rate","param_value_internal":0.17728694805870585,"distribution":"{\"name\": \"FloatDistribution\", \"attributes\": {\"step\": null, \"low\": 0.01, \"high\": 0.2, \"log\": true}}"}
{"op_code":5,"worker_id":"0f8f49ba-be9e-4545-86e1-04e433ee4c08-140193173047104","trial_id":329,"param_name":"n_estimators","param_value_internal":189.0,"distribution":"{\"name\": \"IntDistribution\", \"attributes\": {\"log\": false, \"step\": 1, \"low\": 50, \"high\": 200}}"}
{"op_code":5,"worker_id":"0f8f49ba-be9e-4545-86e1-04e433ee4c08-140193173047104","trial_id":329,"param_name":"max_depth","param_value_internal":3.0,"distribution":"{\"name\": \"IntDistribution\", \"attributes\": {\"log\": false, \"step\": 1, \"low\": 2, \"high\": 5}}"}
{"op_code":6,"worker_id":"0f8f49ba-be9e-4545-86e1-04e433ee4c08-140193173047104","trial_id":329,"state":1,"values":[0.777033933857635],"datetime_complete":"2026-03-21T09:10:24.490634"}
{"op_code":0,"worker_id":"d1c1ebb9-9bff-407a-8233-e685e2fd1383-140193173047104","study_name":"gbsa_tuning","directions":[2]}
{"op_code":4,"worker_id":"d1c1ebb9-9bff-407a-8233-e685e2fd1383-140193173047104","study_id":0,"datetime_start":"2026-03-21T09:19:03.499009"}
{"op_code":5,"worker_id":"d1c1ebb9-9bff-407a-8233-e685e2fd1383-140193173047104","trial_id":330,"param_name":"learning_rate","param_value_internal":0.15943720713986242,"distribution":"{\"name\": \"FloatDistribution\", \"attributes\": {\"step\": null, \"low\": 0.01, \"high\": 0.2, \"log\": true}}"}
{"op_code":5,"worker_id":"d1c1ebb9-9bff-407a-8233-e685e2fd1383-140193173047104","trial_id":330,"param_name":"n_estimators","param_value_internal":65.0,"distribution":"{\"name\": \"IntDistribution\", \"attributes\": {\"log\": false, \"step\": 1, \"low\": 50, \"high\": 200}}"}
{"op_code":5,"worker_id":"d1c1ebb9-9bff-407a-8233-e685e2fd1383-140193173047104","trial_id":330,"param_name":"max_depth","param_value_internal":4.0,"distribution":"{\"name\": \"IntDistribution\", \"attributes\": {\"log\": false, \"step\": 1, \"low\": 2, \"high\": 5}}"}
{"op_code":6,"worker_id":"d1c1ebb9-9bff-407a-8233-e685e2fd1383-140193173047104","trial_id":330,"state":1,"values":[0.7766650062996279],"datetime_complete":"2026-03-21T09:19:17.243878"}
{"op_code":4,"worker_id":"d1c1ebb9-9bff-407a-8233-e685e2fd1383-140193173047104","study_id":0,"datetime_start":"2026-03-21T09:19:17.261151"}
{"op_code":5,"worker_id":"d1c1ebb9-9bff-407a-8233-e685e2fd1383-140193173047104","trial_id":331,"param_name":"learning_rate","param_value_internal":0.18764219940453047,"distribution":"{\"name\": \"FloatDistribution\", \"attributes\": {\"step\": null, \"low\": 0.01, \"high\": 0.2, \"log\": true}}"}
{"op_code":5,"worker_id":"d1c1ebb9-9bff-407a-8233-e685e2fd1383-140193173047104","trial_id":331,"param_name":"n_estimators","param_value_internal":169.0,"distribution":"{\"name\": \"IntDistribution\", \"attributes\": {\"log\": false, \"step\": 1, \"low\": 50, \"high\": 200}}"}
{"op_code":5,"worker_id":"d1c1ebb9-9bff-407a-8233-e685e2fd1383-140193173047104","trial_id":331,"param_name":"max_depth","param_value_internal":3.0,"distribution":"{\"name\": \"IntDistribution\", \"attributes\": {\"log\": false, \"step\": 1, \"low\": 2, \"high\": 5}}"}
{"op_code":6,"worker_id":"d1c1ebb9-9bff-407a-8233-e685e2fd1383-140193173047104","trial_id":331,"state":1,"values":[0.7791789973336459],"datetime_complete":"2026-03-21T09:19:52.092724"}
{"op_code":4,"worker_id":"d1c1ebb9-9bff-407a-8233-e685e2fd1383-140193173047104","study_id":0,"datetime_start":"2026-03-21T09:19:52.111886"}
{"op_code":5,"worker_id":"d1c1ebb9-9bff-407a-8233-e685e2fd1383-140193173047104","trial_id":332,"param_name":"learning_rate","param_value_internal":0.1690558224682359,"distribution":"{\"name\": \"FloatDistribution\", \"attributes\": {\"step\": null, \"low\": 0.01, \"high\": 0.2, \"log\": true}}"}
{"op_code":5,"worker_id":"d1c1ebb9-9bff-407a-8233-e685e2fd1383-140193173047104","trial_id":332,"param_name":"n_estimators","param_value_internal":188.0,"distribution":"{\"name\": \"IntDistribution\", \"attributes\": {\"log\": false, \"step\": 1, \"low\": 50, \"high\": 200}}"}
{"op_code":5,"worker_id":"d1c1ebb9-9bff-407a-8233-e685e2fd1383-140193173047104","trial_id":332,"param_name":"max_depth","param_value_internal":3.0,"distribution":"{\"name\": \"IntDistribution\", \"attributes\": {\"log\": false, \"step\": 1, \"low\": 2, \"high\": 5}}"}
{"op_code":6,"worker_id":"d1c1ebb9-9bff-407a-8233-e685e2fd1383-140193173047104","trial_id":332,"state":1,"values":[0.7770986551026986],"datetime_complete":"2026-03-21T09:20:30.795644"}
{"op_code":4,"worker_id":"d1c1ebb9-9bff-407a-8233-e685e2fd1383-140193173047104","study_id":0,"datetime_start":"2026-03-21T09:20:30.820314"}
{"op_code":5,"worker_id":"d1c1ebb9-9bff-407a-8233-e685e2fd1383-140193173047104","trial_id":333,"param_name":"learning_rate","param_value_internal":0.1995973369048919,"distribution":"{\"name\": \"FloatDistribution\", \"attributes\": {\"step\": null, \"low\": 0.01, \"high\": 0.2, \"log\": true}}"}
{"op_code":5,"worker_id":"d1c1ebb9-9bff-407a-8233-e685e2fd1383-140193173047104","trial_id":333,"param_name":"n_estimators","param_value_internal":166.0,"distribution":"{\"name\": \"IntDistribution\", \"attributes\": {\"log\": false, \"step\": 1, \"low\": 50, \"high\": 200}}"}
{"op_code":5,"worker_id":"d1c1ebb9-9bff-407a-8233-e685e2fd1383-140193173047104","trial_id":333,"param_name":"max_depth","param_value_internal":3.0,"distribution":"{\"name\": \"IntDistribution\", \"attributes\": {\"log\": false, \"step\": 1, \"low\": 2, \"high\": 5}}"}
{"op_code":6,"worker_id":"d1c1ebb9-9bff-407a-8233-e685e2fd1383-140193173047104","trial_id":333,"state":1,"values":[0.7774912830730464],"datetime_complete":"2026-03-21T09:21:04.890738"}
{"op_code":4,"worker_id":"d1c1ebb9-9bff-407a-8233-e685e2fd1383-140193173047104","study_id":0,"datetime_start":"2026-03-21T09:21:04.912858"}
{"op_code":5,"worker_id":"d1c1ebb9-9bff-407a-8233-e685e2fd1383-140193173047104","trial_id":334,"param_name":"learning_rate","param_value_internal":0.021658261911877245,"distribution":"{\"name\": \"FloatDistribution\", \"attributes\": {\"step\": null, \"low\": 0.01, \"high\": 0.2, \"log\": true}}"}
{"op_code":5,"worker_id":"d1c1ebb9-9bff-407a-8233-e685e2fd1383-140193173047104","trial_id":334,"param_name":"n_estimators","param_value_internal":192.0,"distribution":"{\"name\": \"IntDistribution\", \"attributes\": {\"log\": false, \"step\": 1, \"low\": 50, \"high\": 200}}"}
{"op_code":5,"worker_id":"d1c1ebb9-9bff-407a-8233-e685e2fd1383-140193173047104","trial_id":334,"param_name":"max_depth","param_value_internal":3.0,"distribution":"{\"name\": \"IntDistribution\", \"attributes\": {\"log\": false, \"step\": 1, \"low\": 2, \"high\": 5}}"}
{"op_code":6,"worker_id":"d1c1ebb9-9bff-407a-8233-e685e2fd1383-140193173047104","trial_id":334,"state":1,"values":[0.7662515749069706],"datetime_complete":"2026-03-21T09:21:44.428754"}
{"op_code":4,"worker_id":"d1c1ebb9-9bff-407a-8233-e685e2fd1383-140193173047104","study_id":0,"datetime_start":"2026-03-21T09:21:44.474909"}
{"op_code":5,"worker_id":"d1c1ebb9-9bff-407a-8233-e685e2fd1383-140193173047104","trial_id":335,"param_name":"learning_rate","param_value_internal":0.18107617666171852,"distribution":"{\"name\": \"FloatDistribution\", \"attributes\": {\"step\": null, \"low\": 0.01, \"high\": 0.2, \"log\": true}}"}
{"op_code":5,"worker_id":"d1c1ebb9-9bff-407a-8233-e685e2fd1383-140193173047104","trial_id":335,"param_name":"n_estimators","param_value_internal":185.0,"distribution":"{\"name\": \"IntDistribution\", \"attributes\": {\"log\": false, \"step\": 1, \"low\": 50, \"high\": 200}}"}
{"op_code":5,"worker_id":"d1c1ebb9-9bff-407a-8233-e685e2fd1383-140193173047104","trial_id":335,"param_name":"max_depth","param_value_internal":3.0,"distribution":"{\"name\": \"IntDistribution\", \"attributes\": {\"log\": false, \"step\": 1, \"low\": 2, \"high\": 5}}"}
{"op_code":6,"worker_id":"d1c1ebb9-9bff-407a-8233-e685e2fd1383-140193173047104","trial_id":335,"state":1,"values":[0.7782120777051774],"datetime_complete":"2026-03-21T09:22:22.558460"}
{"op_code":4,"worker_id":"d1c1ebb9-9bff-407a-8233-e685e2fd1383-140193173047104","study_id":0,"datetime_start":"2026-03-21T09:22:22.589887"}
{"op_code":5,"worker_id":"d1c1ebb9-9bff-407a-8233-e685e2fd1383-140193173047104","trial_id":336,"param_name":"learning_rate","param_value_internal":0.19995574341104047,"distribution":"{\"name\": \"FloatDistribution\", \"attributes\": {\"step\": null, \"low\": 0.01, \"high\": 0.2, \"log\": true}}"}
{"op_code":5,"worker_id":"d1c1ebb9-9bff-407a-8233-e685e2fd1383-140193173047104","trial_id":336,"param_name":"n_estimators","param_value_internal":171.0,"distribution":"{\"name\": \"IntDistribution\", \"attributes\": {\"log\": false, \"step\": 1, \"low\": 50, \"high\": 200}}"}
{"op_code":5,"worker_id":"d1c1ebb9-9bff-407a-8233-e685e2fd1383-140193173047104","trial_id":336,"param_name":"max_depth","param_value_internal":3.0,"distribution":"{\"name\": \"IntDistribution\", \"attributes\": {\"log\": false, \"step\": 1, \"low\": 2, \"high\": 5}}"}
{"op_code":6,"worker_id":"d1c1ebb9-9bff-407a-8233-e685e2fd1383-140193173047104","trial_id":336,"state":1,"values":[0.7784054616308711],"datetime_complete":"2026-03-21T09:22:57.818400"}
{"op_code":4,"worker_id":"d1c1ebb9-9bff-407a-8233-e685e2fd1383-140193173047104","study_id":0,"datetime_start":"2026-03-21T09:23:07.093794"}
{"op_code":5,"worker_id":"d1c1ebb9-9bff-407a-8233-e685e2fd1383-140193173047104","trial_id":337,"param_name":"learning_rate","param_value_internal":0.17145274225218307,"distribution":"{\"name\": \"FloatDistribution\", \"attributes\": {\"step\": null, \"low\": 0.01, \"high\": 0.2, \"log\": true}}"}
{"op_code":5,"worker_id":"d1c1ebb9-9bff-407a-8233-e685e2fd1383-140193173047104","trial_id":337,"param_name":"n_estimators","param_value_internal":195.0,"distribution":"{\"name\": \"IntDistribution\", \"attributes\": {\"log\": false, \"step\": 1, \"low\": 50, \"high\": 200}}"}
{"op_code":5,"worker_id":"d1c1ebb9-9bff-407a-8233-e685e2fd1383-140193173047104","trial_id":337,"param_name":"max_depth","param_value_internal":3.0,"distribution":"{\"name\": \"IntDistribution\", \"attributes\": {\"log\": false, \"step\": 1, \"low\": 2, \"high\": 5}}"}
{"op_code":6,"worker_id":"d1c1ebb9-9bff-407a-8233-e685e2fd1383-140193173047104","trial_id":337,"state":1,"values":[0.7798822116088957],"datetime_complete":"2026-03-21T09:23:51.372020"}
{"op_code":4,"worker_id":"d1c1ebb9-9bff-407a-8233-e685e2fd1383-140193173047104","study_id":0,"datetime_start":"2026-03-21T09:23:51.435107"}
{"op_code":5,"worker_id":"d1c1ebb9-9bff-407a-8233-e685e2fd1383-140193173047104","trial_id":338,"param_name":"learning_rate","param_value_internal":0.18697232569604078,"distribution":"{\"name\": \"FloatDistribution\", \"attributes\": {\"step\": null, \"low\": 0.01, \"high\": 0.2, \"log\": true}}"}
{"op_code":5,"worker_id":"d1c1ebb9-9bff-407a-8233-e685e2fd1383-140193173047104","trial_id":338,"param_name":"n_estimators","param_value_internal":169.0,"distribution":"{\"name\": \"IntDistribution\", \"attributes\": {\"log\": false, \"step\": 1, \"low\": 50, \"high\": 200}}"}
{"op_code":5,"worker_id":"d1c1ebb9-9bff-407a-8233-e685e2fd1383-140193173047104","trial_id":338,"param_name":"max_depth","param_value_internal":3.0,"distribution":"{\"name\": \"IntDistribution\", \"attributes\": {\"log\": false, \"step\": 1, \"low\": 2, \"high\": 5}}"}
{"op_code":6,"worker_id":"d1c1ebb9-9bff-407a-8233-e685e2fd1383-140193173047104","trial_id":338,"state":1,"values":[0.7783175598464649],"datetime_complete":"2026-03-21T09:24:26.401333"}
{"op_code":4,"worker_id":"d1c1ebb9-9bff-407a-8233-e685e2fd1383-140193173047104","study_id":0,"datetime_start":"2026-03-21T09:24:26.417939"}
{"op_code":5,"worker_id":"d1c1ebb9-9bff-407a-8233-e685e2fd1383-140193173047104","trial_id":339,"param_name":"learning_rate","param_value_internal":0.1415351170721684,"distribution":"{\"name\": \"FloatDistribution\", \"attributes\": {\"step\": null, \"low\": 0.01, \"high\": 0.2, \"log\": true}}"}
{"op_code":5,"worker_id":"d1c1ebb9-9bff-407a-8233-e685e2fd1383-140193173047104","trial_id":339,"param_name":"n_estimators","param_value_internal":184.0,"distribution":"{\"name\": \"IntDistribution\", \"attributes\": {\"log\": false, \"step\": 1, \"low\": 50, \"high\": 200}}"}
{"op_code":5,"worker_id":"d1c1ebb9-9bff-407a-8233-e685e2fd1383-140193173047104","trial_id":339,"param_name":"max_depth","param_value_internal":3.0,"distribution":"{\"name\": \"IntDistribution\", \"attributes\": {\"log\": false, \"step\": 1, \"low\": 2, \"high\": 5}}"}
{"op_code":6,"worker_id":"d1c1ebb9-9bff-407a-8233-e685e2fd1383-140193173047104","trial_id":339,"state":1,"values":[0.7793137800697354],"datetime_complete":"2026-03-21T09:25:04.330077"}
{"op_code":0,"worker_id":"67ed9467-cb2d-4f5c-8343-25c469d44fd3-140193173047104","study_name":"gbsa_tuning","directions":[2]}
{"op_code":4,"worker_id":"67ed9467-cb2d-4f5c-8343-25c469d44fd3-140193173047104","study_id":0,"datetime_start":"2026-03-21T09:35:24.120678"}
{"op_code":5,"worker_id":"67ed9467-cb2d-4f5c-8343-25c469d44fd3-140193173047104","trial_id":340,"param_name":"learning_rate","param_value_internal":0.1626502824224895,"distribution":"{\"name\": \"FloatDistribution\", \"attributes\": {\"step\": null, \"low\": 0.01, \"high\": 0.2, \"log\": true}}"}
{"op_code":5,"worker_id":"67ed9467-cb2d-4f5c-8343-25c469d44fd3-140193173047104","trial_id":340,"param_name":"n_estimators","param_value_internal":190.0,"distribution":"{\"name\": \"IntDistribution\", \"attributes\": {\"log\": false, \"step\": 1, \"low\": 50, \"high\": 200}}"}
{"op_code":5,"worker_id":"67ed9467-cb2d-4f5c-8343-25c469d44fd3-140193173047104","trial_id":340,"param_name":"max_depth","param_value_internal":3.0,"distribution":"{\"name\": \"IntDistribution\", \"attributes\": {\"log\": false, \"step\": 1, \"low\": 2, \"high\": 5}}"}
{"op_code":6,"worker_id":"67ed9467-cb2d-4f5c-8343-25c469d44fd3-140193173047104","trial_id":340,"state":1,"values":[0.7911131336822268],"datetime_complete":"2026-03-21T09:36:03.762174"}
{"op_code":4,"worker_id":"67ed9467-cb2d-4f5c-8343-25c469d44fd3-140193173047104","study_id":0,"datetime_start":"2026-03-21T09:36:03.790651"}
{"op_code":5,"worker_id":"67ed9467-cb2d-4f5c-8343-25c469d44fd3-140193173047104","trial_id":341,"param_name":"learning_rate","param_value_internal":0.15536459601485067,"distribution":"{\"name\": \"FloatDistribution\", \"attributes\": {\"step\": null, \"low\": 0.01, \"high\": 0.2, \"log\": true}}"}
{"op_code":5,"worker_id":"67ed9467-cb2d-4f5c-8343-25c469d44fd3-140193173047104","trial_id":341,"param_name":"n_estimators","param_value_internal":164.0,"distribution":"{\"name\": \"IntDistribution\", \"attributes\": {\"log\": false, \"step\": 1, \"low\": 50, \"high\": 200}}"}
{"op_code":5,"worker_id":"67ed9467-cb2d-4f5c-8343-25c469d44fd3-140193173047104","trial_id":341,"param_name":"max_depth","param_value_internal":3.0,"distribution":"{\"name\": \"IntDistribution\", \"attributes\": {\"log\": false, \"step\": 1, \"low\": 2, \"high\": 5}}"}
{"op_code":6,"worker_id":"67ed9467-cb2d-4f5c-8343-25c469d44fd3-140193173047104","trial_id":341,"state":1,"values":[0.7921516461589624],"datetime_complete":"2026-03-21T09:36:37.954177"}
{"op_code":4,"worker_id":"67ed9467-cb2d-4f5c-8343-25c469d44fd3-140193173047104","study_id":0,"datetime_start":"2026-03-21T09:36:37.977992"}
{"op_code":5,"worker_id":"67ed9467-cb2d-4f5c-8343-25c469d44fd3-140193173047104","trial_id":342,"param_name":"learning_rate","param_value_internal":0.17928538593144652,"distribution":"{\"name\": \"FloatDistribution\", \"attributes\": {\"step\": null, \"low\": 0.01, \"high\": 0.2, \"log\": true}}"}
{"op_code":5,"worker_id":"67ed9467-cb2d-4f5c-8343-25c469d44fd3-140193173047104","trial_id":342,"param_name":"n_estimators","param_value_internal":172.0,"distribution":"{\"name\": \"IntDistribution\", \"attributes\": {\"log\": false, \"step\": 1, \"low\": 50, \"high\": 200}}"}
{"op_code":5,"worker_id":"67ed9467-cb2d-4f5c-8343-25c469d44fd3-140193173047104","trial_id":342,"param_name":"max_depth","param_value_internal":5.0,"distribution":"{\"name\": \"IntDistribution\", \"attributes\": {\"log\": false, \"step\": 1, \"low\": 2, \"high\": 5}}"}
{"op_code":6,"worker_id":"67ed9467-cb2d-4f5c-8343-25c469d44fd3-140193173047104","trial_id":342,"state":1,"values":[0.7830267387791061],"datetime_complete":"2026-03-21T09:37:15.140314"}
{"op_code":4,"worker_id":"67ed9467-cb2d-4f5c-8343-25c469d44fd3-140193173047104","study_id":0,"datetime_start":"2026-03-21T09:37:15.170497"}
{"op_code":5,"worker_id":"67ed9467-cb2d-4f5c-8343-25c469d44fd3-140193173047104","trial_id":343,"param_name":"learning_rate","param_value_internal":0.18663207050103908,"distribution":"{\"name\": \"FloatDistribution\", \"attributes\": {\"step\": null, \"low\": 0.01, \"high\": 0.2, \"log\": true}}"}
{"op_code":5,"worker_id":"67ed9467-cb2d-4f5c-8343-25c469d44fd3-140193173047104","trial_id":343,"param_name":"n_estimators","param_value_internal":187.0,"distribution":"{\"name\": \"IntDistribution\", \"attributes\": {\"log\": false, \"step\": 1, \"low\": 50, \"high\": 200}}"}
{"op_code":5,"worker_id":"67ed9467-cb2d-4f5c-8343-25c469d44fd3-140193173047104","trial_id":343,"param_name":"max_depth","param_value_internal":3.0,"distribution":"{\"name\": \"IntDistribution\", \"attributes\": {\"log\": false, \"step\": 1, \"low\": 2, \"high\": 5}}"}
{"op_code":6,"worker_id":"67ed9467-cb2d-4f5c-8343-25c469d44fd3-140193173047104","trial_id":343,"state":1,"values":[0.791789917094032],"datetime_complete":"2026-03-21T09:37:53.918098"}
{"op_code":4,"worker_id":"67ed9467-cb2d-4f5c-8343-25c469d44fd3-140193173047104","study_id":0,"datetime_start":"2026-03-21T09:37:53.939260"}
{"op_code":5,"worker_id":"67ed9467-cb2d-4f5c-8343-25c469d44fd3-140193173047104","trial_id":344,"param_name":"learning_rate","param_value_internal":0.17042877340824808,"distribution":"{\"name\": \"FloatDistribution\", \"attributes\": {\"step\": null, \"low\": 0.01, \"high\": 0.2, \"log\": true}}"}
{"op_code":5,"worker_id":"67ed9467-cb2d-4f5c-8343-25c469d44fd3-140193173047104","trial_id":344,"param_name":"n_estimators","param_value_internal":118.0,"distribution":"{\"name\": \"IntDistribution\", \"attributes\": {\"log\": false, \"step\": 1, \"low\": 50, \"high\": 200}}"}
{"op_code":5,"worker_id":"67ed9467-cb2d-4f5c-8343-25c469d44fd3-140193173047104","trial_id":344,"param_name":"max_depth","param_value_internal":3.0,"distribution":"{\"name\": \"IntDistribution\", \"attributes\": {\"log\": false, \"step\": 1, \"low\": 2, \"high\": 5}}"}
{"op_code":6,"worker_id":"67ed9467-cb2d-4f5c-8343-25c469d44fd3-140193173047104","trial_id":344,"state":1,"values":[0.7931726556164271],"datetime_complete":"2026-03-21T09:38:18.369643"}
{"op_code":4,"worker_id":"67ed9467-cb2d-4f5c-8343-25c469d44fd3-140193173047104","study_id":0,"datetime_start":"2026-03-21T09:38:18.400804"}
{"op_code":5,"worker_id":"67ed9467-cb2d-4f5c-8343-25c469d44fd3-140193173047104","trial_id":345,"param_name":"learning_rate","param_value_internal":0.15212930103106667,"distribution":"{\"name\": \"FloatDistribution\", \"attributes\": {\"step\": null, \"low\": 0.01, \"high\": 0.2, \"log\": true}}"}
{"op_code":5,"worker_id":"67ed9467-cb2d-4f5c-8343-25c469d44fd3-140193173047104","trial_id":345,"param_name":"n_estimators","param_value_internal":108.0,"distribution":"{\"name\": \"IntDistribution\", \"attributes\": {\"log\": false, \"step\": 1, \"low\": 50, \"high\": 200}}"}
{"op_code":5,"worker_id":"67ed9467-cb2d-4f5c-8343-25c469d44fd3-140193173047104","trial_id":345,"param_name":"max_depth","param_value_internal":3.0,"distribution":"{\"name\": \"IntDistribution\", \"attributes\": {\"log\": false, \"step\": 1, \"low\": 2, \"high\": 5}}"}
{"op_code":6,"worker_id":"67ed9467-cb2d-4f5c-8343-25c469d44fd3-140193173047104","trial_id":345,"state":1,"values":[0.7915798808627822],"datetime_complete":"2026-03-21T09:38:40.962586"}
{"op_code":4,"worker_id":"67ed9467-cb2d-4f5c-8343-25c469d44fd3-140193173047104","study_id":0,"datetime_start":"2026-03-21T09:38:40.981774"}
{"op_code":5,"worker_id":"67ed9467-cb2d-4f5c-8343-25c469d44fd3-140193173047104","trial_id":346,"param_name":"learning_rate","param_value_internal":0.16565533058818288,"distribution":"{\"name\": \"FloatDistribution\", \"attributes\": {\"step\": null, \"low\": 0.01, \"high\": 0.2, \"log\": true}}"}
{"op_code":5,"worker_id":"67ed9467-cb2d-4f5c-8343-25c469d44fd3-140193173047104","trial_id":346,"param_name":"n_estimators","param_value_internal":119.0,"distribution":"{\"name\": \"IntDistribution\", \"attributes\": {\"log\": false, \"step\": 1, \"low\": 50, \"high\": 200}}"}
{"op_code":5,"worker_id":"67ed9467-cb2d-4f5c-8343-25c469d44fd3-140193173047104","trial_id":346,"param_name":"max_depth","param_value_internal":3.0,"distribution":"{\"name\": \"IntDistribution\", \"attributes\": {\"log\": false, \"step\": 1, \"low\": 2, \"high\": 5}}"}
{"op_code":6,"worker_id":"67ed9467-cb2d-4f5c-8343-25c469d44fd3-140193173047104","trial_id":346,"state":1,"values":[0.7925192095636497],"datetime_complete":"2026-03-21T09:39:05.716914"}
{"op_code":4,"worker_id":"67ed9467-cb2d-4f5c-8343-25c469d44fd3-140193173047104","study_id":0,"datetime_start":"2026-03-21T09:39:05.741366"}
{"op_code":5,"worker_id":"67ed9467-cb2d-4f5c-8343-25c469d44fd3-140193173047104","trial_id":347,"param_name":"learning_rate","param_value_internal":0.17297386616311278,"distribution":"{\"name\": \"FloatDistribution\", \"attributes\": {\"step\": null, \"low\": 0.01, \"high\": 0.2, \"log\": true}}"}
{"op_code":5,"worker_id":"67ed9467-cb2d-4f5c-8343-25c469d44fd3-140193173047104","trial_id":347,"param_name":"n_estimators","param_value_internal":123.0,"distribution":"{\"name\": \"IntDistribution\", \"attributes\": {\"log\": false, \"step\": 1, \"low\": 50, \"high\": 200}}"}
{"op_code":5,"worker_id":"67ed9467-cb2d-4f5c-8343-25c469d44fd3-140193173047104","trial_id":347,"param_name":"max_depth","param_value_internal":3.0,"distribution":"{\"name\": \"IntDistribution\", \"attributes\": {\"log\": false, \"step\": 1, \"low\": 2, \"high\": 5}}"}
{"op_code":6,"worker_id":"67ed9467-cb2d-4f5c-8343-25c469d44fd3-140193173047104","trial_id":347,"state":1,"values":[0.790307994795769],"datetime_complete":"2026-03-21T09:39:31.464570"}
{"op_code":4,"worker_id":"67ed9467-cb2d-4f5c-8343-25c469d44fd3-140193173047104","study_id":0,"datetime_start":"2026-03-21T09:39:31.478426"}
{"op_code":5,"worker_id":"67ed9467-cb2d-4f5c-8343-25c469d44fd3-140193173047104","trial_id":348,"param_name":"learning_rate","param_value_internal":0.1748934732555084,"distribution":"{\"name\": \"FloatDistribution\", \"attributes\": {\"step\": null, \"low\": 0.01, \"high\": 0.2, \"log\": true}}"}
{"op_code":5,"worker_id":"67ed9467-cb2d-4f5c-8343-25c469d44fd3-140193173047104","trial_id":348,"param_name":"n_estimators","param_value_internal":124.0,"distribution":"{\"name\": \"IntDistribution\", \"attributes\": {\"log\": false, \"step\": 1, \"low\": 50, \"high\": 200}}"}
{"op_code":5,"worker_id":"67ed9467-cb2d-4f5c-8343-25c469d44fd3-140193173047104","trial_id":348,"param_name":"max_depth","param_value_internal":3.0,"distribution":"{\"name\": \"IntDistribution\", \"attributes\": {\"log\": false, \"step\": 1, \"low\": 2, \"high\": 5}}"}
{"op_code":6,"worker_id":"67ed9467-cb2d-4f5c-8343-25c469d44fd3-140193173047104","trial_id":348,"state":1,"values":[0.7941411560160795],"datetime_complete":"2026-03-21T09:39:57.190375"}
{"op_code":4,"worker_id":"67ed9467-cb2d-4f5c-8343-25c469d44fd3-140193173047104","study_id":0,"datetime_start":"2026-03-21T09:39:57.214274"}
{"op_code":5,"worker_id":"67ed9467-cb2d-4f5c-8343-25c469d44fd3-140193173047104","trial_id":349,"param_name":"learning_rate","param_value_internal":0.1894911740086744,"distribution":"{\"name\": \"FloatDistribution\", \"attributes\": {\"step\": null, \"low\": 0.01, \"high\": 0.2, \"log\": true}}"}
{"op_code":5,"worker_id":"67ed9467-cb2d-4f5c-8343-25c469d44fd3-140193173047104","trial_id":349,"param_name":"n_estimators","param_value_internal":117.0,"distribution":"{\"name\": \"IntDistribution\", \"attributes\": {\"log\": false, \"step\": 1, \"low\": 50, \"high\": 200}}"}
{"op_code":5,"worker_id":"67ed9467-cb2d-4f5c-8343-25c469d44fd3-140193173047104","trial_id":349,"param_name":"max_depth","param_value_internal":3.0,"distribution":"{\"name\": \"IntDistribution\", \"attributes\": {\"log\": false, \"step\": 1, \"low\": 2, \"high\": 5}}"}
{"op_code":6,"worker_id":"67ed9467-cb2d-4f5c-8343-25c469d44fd3-140193173047104","trial_id":349,"state":1,"values":[0.7924025227685109],"datetime_complete":"2026-03-21T09:40:21.505741"}
{"op_code":0,"worker_id":"6f5adbf5-bf12-4938-ac28-acc1e124056a-140193173047104","study_name":"gbsa_tuning","directions":[2]}
{"op_code":4,"worker_id":"6f5adbf5-bf12-4938-ac28-acc1e124056a-140193173047104","study_id":0,"datetime_start":"2026-03-21T09:52:46.724846"}
{"op_code":5,"worker_id":"6f5adbf5-bf12-4938-ac28-acc1e124056a-140193173047104","trial_id":350,"param_name":"learning_rate","param_value_internal":0.17744081436406023,"distribution":"{\"name\": \"FloatDistribution\", \"attributes\": {\"step\": null, \"low\": 0.01, \"high\": 0.2, \"log\": true}}"}
{"op_code":5,"worker_id":"6f5adbf5-bf12-4938-ac28-acc1e124056a-140193173047104","trial_id":350,"param_name":"n_estimators","param_value_internal":124.0,"distribution":"{\"name\": \"IntDistribution\", \"attributes\": {\"log\": false, \"step\": 1, \"low\": 50, \"high\": 200}}"}
{"op_code":5,"worker_id":"6f5adbf5-bf12-4938-ac28-acc1e124056a-140193173047104","trial_id":350,"param_name":"max_depth","param_value_internal":3.0,"distribution":"{\"name\": \"IntDistribution\", \"attributes\": {\"log\": false, \"step\": 1, \"low\": 2, \"high\": 5}}"}
{"op_code":6,"worker_id":"6f5adbf5-bf12-4938-ac28-acc1e124056a-140193173047104","trial_id":350,"state":1,"values":[0.7664205168122741],"datetime_complete":"2026-03-21T09:53:12.729269"}
{"op_code":4,"worker_id":"6f5adbf5-bf12-4938-ac28-acc1e124056a-140193173047104","study_id":0,"datetime_start":"2026-03-21T09:53:12.742153"}
{"op_code":5,"worker_id":"6f5adbf5-bf12-4938-ac28-acc1e124056a-140193173047104","trial_id":351,"param_name":"learning_rate","param_value_internal":0.16406321848660685,"distribution":"{\"name\": \"FloatDistribution\", \"attributes\": {\"step\": null, \"low\": 0.01, \"high\": 0.2, \"log\": true}}"}
{"op_code":5,"worker_id":"6f5adbf5-bf12-4938-ac28-acc1e124056a-140193173047104","trial_id":351,"param_name":"n_estimators","param_value_internal":127.0,"distribution":"{\"name\": \"IntDistribution\", \"attributes\": {\"log\": false, \"step\": 1, \"low\": 50, \"high\": 200}}"}
{"op_code":5,"worker_id":"6f5adbf5-bf12-4938-ac28-acc1e124056a-140193173047104","trial_id":351,"param_name":"max_depth","param_value_internal":3.0,"distribution":"{\"name\": \"IntDistribution\", \"attributes\": {\"log\": false, \"step\": 1, \"low\": 2, \"high\": 5}}"}
{"op_code":6,"worker_id":"6f5adbf5-bf12-4938-ac28-acc1e124056a-140193173047104","trial_id":351,"state":1,"values":[0.7655960342902793],"datetime_complete":"2026-03-21T09:53:39.492261"}
{"op_code":4,"worker_id":"6f5adbf5-bf12-4938-ac28-acc1e124056a-140193173047104","study_id":0,"datetime_start":"2026-03-21T09:53:39.513925"}
{"op_code":5,"worker_id":"6f5adbf5-bf12-4938-ac28-acc1e124056a-140193173047104","trial_id":352,"param_name":"learning_rate","param_value_internal":0.19988792661211535,"distribution":"{\"name\": \"FloatDistribution\", \"attributes\": {\"step\": null, \"low\": 0.01, \"high\": 0.2, \"log\": true}}"}
{"op_code":5,"worker_id":"6f5adbf5-bf12-4938-ac28-acc1e124056a-140193173047104","trial_id":352,"param_name":"n_estimators","param_value_internal":123.0,"distribution":"{\"name\": \"IntDistribution\", \"attributes\": {\"log\": false, \"step\": 1, \"low\": 50, \"high\": 200}}"}
{"op_code":5,"worker_id":"6f5adbf5-bf12-4938-ac28-acc1e124056a-140193173047104","trial_id":352,"param_name":"max_depth","param_value_internal":3.0,"distribution":"{\"name\": \"IntDistribution\", \"attributes\": {\"log\": false, \"step\": 1, \"low\": 2, \"high\": 5}}"}
{"op_code":6,"worker_id":"6f5adbf5-bf12-4938-ac28-acc1e124056a-140193173047104","trial_id":352,"state":1,"values":[0.7655192191484785],"datetime_complete":"2026-03-21T09:54:05.334961"}
{"op_code":4,"worker_id":"6f5adbf5-bf12-4938-ac28-acc1e124056a-140193173047104","study_id":0,"datetime_start":"2026-03-21T09:54:05.354504"}
{"op_code":5,"worker_id":"6f5adbf5-bf12-4938-ac28-acc1e124056a-140193173047104","trial_id":353,"param_name":"learning_rate","param_value_internal":0.179783140426329,"distribution":"{\"name\": \"FloatDistribution\", \"attributes\": {\"step\": null, \"low\": 0.01, \"high\": 0.2, \"log\": true}}"}
{"op_code":5,"worker_id":"6f5adbf5-bf12-4938-ac28-acc1e124056a-140193173047104","trial_id":353,"param_name":"n_estimators","param_value_internal":195.0,"distribution":"{\"name\": \"IntDistribution\", \"attributes\": {\"log\": false, \"step\": 1, \"low\": 50, \"high\": 200}}"}
{"op_code":5,"worker_id":"6f5adbf5-bf12-4938-ac28-acc1e124056a-140193173047104","trial_id":353,"param_name":"max_depth","param_value_internal":3.0,"distribution":"{\"name\": \"IntDistribution\", \"attributes\": {\"log\": false, \"step\": 1, \"low\": 2, \"high\": 5}}"}
{"op_code":6,"worker_id":"6f5adbf5-bf12-4938-ac28-acc1e124056a-140193173047104","trial_id":353,"state":1,"values":[0.7693958233046898],"datetime_complete":"2026-03-21T09:54:47.480300"}
{"op_code":4,"worker_id":"6f5adbf5-bf12-4938-ac28-acc1e124056a-140193173047104","study_id":0,"datetime_start":"2026-03-21T09:54:47.509853"}
{"op_code":5,"worker_id":"6f5adbf5-bf12-4938-ac28-acc1e124056a-140193173047104","trial_id":354,"param_name":"learning_rate","param_value_internal":0.15032024490185686,"distribution":"{\"name\": \"FloatDistribution\", \"attributes\": {\"step\": null, \"low\": 0.01, \"high\": 0.2, \"log\": true}}"}
{"op_code":5,"worker_id":"6f5adbf5-bf12-4938-ac28-acc1e124056a-140193173047104","trial_id":354,"param_name":"n_estimators","param_value_internal":122.0,"distribution":"{\"name\": \"IntDistribution\", \"attributes\": {\"log\": false, \"step\": 1, \"low\": 50, \"high\": 200}}"}
{"op_code":5,"worker_id":"6f5adbf5-bf12-4938-ac28-acc1e124056a-140193173047104","trial_id":354,"param_name":"max_depth","param_value_internal":3.0,"distribution":"{\"name\": \"IntDistribution\", \"attributes\": {\"log\": false, \"step\": 1, \"low\": 2, \"high\": 5}}"}
{"op_code":6,"worker_id":"6f5adbf5-bf12-4938-ac28-acc1e124056a-140193173047104","trial_id":354,"state":1,"values":[0.7664922109446214],"datetime_complete":"2026-03-21T09:55:13.145688"}
{"op_code":4,"worker_id":"6f5adbf5-bf12-4938-ac28-acc1e124056a-140193173047104","study_id":0,"datetime_start":"2026-03-21T09:55:13.166478"}
{"op_code":5,"worker_id":"6f5adbf5-bf12-4938-ac28-acc1e124056a-140193173047104","trial_id":355,"param_name":"learning_rate","param_value_internal":0.18785110798140228,"distribution":"{\"name\": \"FloatDistribution\", \"attributes\": {\"step\": null, \"low\": 0.01, \"high\": 0.2, \"log\": true}}"}
{"op_code":5,"worker_id":"6f5adbf5-bf12-4938-ac28-acc1e124056a-140193173047104","trial_id":355,"param_name":"n_estimators","param_value_internal":190.0,"distribution":"{\"name\": \"IntDistribution\", \"attributes\": {\"log\": false, \"step\": 1, \"low\": 50, \"high\": 200}}"}
{"op_code":5,"worker_id":"6f5adbf5-bf12-4938-ac28-acc1e124056a-140193173047104","trial_id":355,"param_name":"max_depth","param_value_internal":3.0,"distribution":"{\"name\": \"IntDistribution\", \"attributes\": {\"log\": false, \"step\": 1, \"low\": 2, \"high\": 5}}"}
{"op_code":6,"worker_id":"6f5adbf5-bf12-4938-ac28-acc1e124056a-140193173047104","trial_id":355,"state":1,"values":[0.7679312146010222],"datetime_complete":"2026-03-21T09:55:52.994619"}
{"op_code":4,"worker_id":"6f5adbf5-bf12-4938-ac28-acc1e124056a-140193173047104","study_id":0,"datetime_start":"2026-03-21T09:55:53.018164"}
{"op_code":5,"worker_id":"6f5adbf5-bf12-4938-ac28-acc1e124056a-140193173047104","trial_id":356,"param_name":"learning_rate","param_value_internal":0.16753919372689163,"distribution":"{\"name\": \"FloatDistribution\", \"attributes\": {\"step\": null, \"low\": 0.01, \"high\": 0.2, \"log\": true}}"}
{"op_code":5,"worker_id":"6f5adbf5-bf12-4938-ac28-acc1e124056a-140193173047104","trial_id":356,"param_name":"n_estimators","param_value_internal":198.0,"distribution":"{\"name\": \"IntDistribution\", \"attributes\": {\"log\": false, \"step\": 1, \"low\": 50, \"high\": 200}}"}
{"op_code":5,"worker_id":"6f5adbf5-bf12-4938-ac28-acc1e124056a-140193173047104","trial_id":356,"param_name":"max_depth","param_value_internal":3.0,"distribution":"{\"name\": \"IntDistribution\", \"attributes\": {\"log\": false, \"step\": 1, \"low\": 2, \"high\": 5}}"}
{"op_code":6,"worker_id":"6f5adbf5-bf12-4938-ac28-acc1e124056a-140193173047104","trial_id":356,"state":1,"values":[0.7677212532134334],"datetime_complete":"2026-03-21T09:56:34.584889"}
{"op_code":4,"worker_id":"6f5adbf5-bf12-4938-ac28-acc1e124056a-140193173047104","study_id":0,"datetime_start":"2026-03-21T09:56:36.631769"}
{"op_code":5,"worker_id":"6f5adbf5-bf12-4938-ac28-acc1e124056a-140193173047104","trial_id":357,"param_name":"learning_rate","param_value_internal":0.05136442103845776,"distribution":"{\"name\": \"FloatDistribution\", \"attributes\": {\"step\": null, \"low\": 0.01, \"high\": 0.2, \"log\": true}}"}
{"op_code":5,"worker_id":"6f5adbf5-bf12-4938-ac28-acc1e124056a-140193173047104","trial_id":357,"param_name":"n_estimators","param_value_internal":117.0,"distribution":"{\"name\": \"IntDistribution\", \"attributes\": {\"log\": false, \"step\": 1, \"low\": 50, \"high\": 200}}"}
{"op_code":5,"worker_id":"6f5adbf5-bf12-4938-ac28-acc1e124056a-140193173047104","trial_id":357,"param_name":"max_depth","param_value_internal":3.0,"distribution":"{\"name\": \"IntDistribution\", \"attributes\": {\"log\": false, \"step\": 1, \"low\": 2, \"high\": 5}}"}
{"op_code":6,"worker_id":"6f5adbf5-bf12-4938-ac28-acc1e124056a-140193173047104","trial_id":357,"state":1,"values":[0.7510370044143101],"datetime_complete":"2026-03-21T09:57:13.533040"}
{"op_code":4,"worker_id":"6f5adbf5-bf12-4938-ac28-acc1e124056a-140193173047104","study_id":0,"datetime_start":"2026-03-21T09:57:13.554589"}
{"op_code":5,"worker_id":"6f5adbf5-bf12-4938-ac28-acc1e124056a-140193173047104","trial_id":358,"param_name":"learning_rate","param_value_internal":0.18975004512141125,"distribution":"{\"name\": \"FloatDistribution\", \"attributes\": {\"step\": null, \"low\": 0.01, \"high\": 0.2, \"log\": true}}"}
{"op_code":5,"worker_id":"6f5adbf5-bf12-4938-ac28-acc1e124056a-140193173047104","trial_id":358,"param_name":"n_estimators","param_value_internal":131.0,"distribution":"{\"name\": \"IntDistribution\", \"attributes\": {\"log\": false, \"step\": 1, \"low\": 50, \"high\": 200}}"}
{"op_code":5,"worker_id":"6f5adbf5-bf12-4938-ac28-acc1e124056a-140193173047104","trial_id":358,"param_name":"max_depth","param_value_internal":3.0,"distribution":"{\"name\": \"IntDistribution\", \"attributes\": {\"log\": false, \"step\": 1, \"low\": 2, \"high\": 5}}"}
{"op_code":6,"worker_id":"6f5adbf5-bf12-4938-ac28-acc1e124056a-140193173047104","trial_id":358,"state":1,"values":[0.7665690260864222],"datetime_complete":"2026-03-21T09:57:41.066598"}
{"op_code":4,"worker_id":"6f5adbf5-bf12-4938-ac28-acc1e124056a-140193173047104","study_id":0,"datetime_start":"2026-03-21T09:57:41.085981"}
{"op_code":5,"worker_id":"6f5adbf5-bf12-4938-ac28-acc1e124056a-140193173047104","trial_id":359,"param_name":"learning_rate","param_value_internal":0.17629868172539673,"distribution":"{\"name\": \"FloatDistribution\", \"attributes\": {\"step\": null, \"low\": 0.01, \"high\": 0.2, \"log\": true}}"}
{"op_code":5,"worker_id":"6f5adbf5-bf12-4938-ac28-acc1e124056a-140193173047104","trial_id":359,"param_name":"n_estimators","param_value_internal":192.0,"distribution":"{\"name\": \"IntDistribution\", \"attributes\": {\"log\": false, \"step\": 1, \"low\": 50, \"high\": 200}}"}
{"op_code":5,"worker_id":"6f5adbf5-bf12-4938-ac28-acc1e124056a-140193173047104","trial_id":359,"param_name":"max_depth","param_value_internal":3.0,"distribution":"{\"name\": \"IntDistribution\", \"attributes\": {\"log\": false, \"step\": 1, \"low\": 2, \"high\": 5}}"}
{"op_code":6,"worker_id":"6f5adbf5-bf12-4938-ac28-acc1e124056a-140193173047104","trial_id":359,"state":1,"values":[0.7695033645032109],"datetime_complete":"2026-03-21T09:58:21.337315"}
{"op_code":0,"worker_id":"02ed7bde-0007-4f7b-8df5-66f15d802ca2-140193173047104","study_name":"gbsa_tuning","directions":[2]}
{"op_code":4,"worker_id":"02ed7bde-0007-4f7b-8df5-66f15d802ca2-140193173047104","study_id":0,"datetime_start":"2026-03-21T10:10:22.346554"}
{"op_code":5,"worker_id":"02ed7bde-0007-4f7b-8df5-66f15d802ca2-140193173047104","trial_id":360,"param_name":"learning_rate","param_value_internal":0.15923206898856226,"distribution":"{\"name\": \"FloatDistribution\", \"attributes\": {\"step\": null, \"low\": 0.01, \"high\": 0.2, \"log\": true}}"}
{"op_code":5,"worker_id":"02ed7bde-0007-4f7b-8df5-66f15d802ca2-140193173047104","trial_id":360,"param_name":"n_estimators","param_value_internal":111.0,"distribution":"{\"name\": \"IntDistribution\", \"attributes\": {\"log\": false, \"step\": 1, \"low\": 50, \"high\": 200}}"}
{"op_code":5,"worker_id":"02ed7bde-0007-4f7b-8df5-66f15d802ca2-140193173047104","trial_id":360,"param_name":"max_depth","param_value_internal":3.0,"distribution":"{\"name\": \"IntDistribution\", \"attributes\": {\"log\": false, \"step\": 1, \"low\": 2, \"high\": 5}}"}
{"op_code":6,"worker_id":"02ed7bde-0007-4f7b-8df5-66f15d802ca2-140193173047104","trial_id":360,"state":1,"values":[0.733165780023255],"datetime_complete":"2026-03-21T10:10:45.851201"}
{"op_code":4,"worker_id":"02ed7bde-0007-4f7b-8df5-66f15d802ca2-140193173047104","study_id":0,"datetime_start":"2026-03-21T10:10:45.880226"}
{"op_code":5,"worker_id":"02ed7bde-0007-4f7b-8df5-66f15d802ca2-140193173047104","trial_id":361,"param_name":"learning_rate","param_value_internal":0.19999354721549073,"distribution":"{\"name\": \"FloatDistribution\", \"attributes\": {\"step\": null, \"low\": 0.01, \"high\": 0.2, \"log\": true}}"}
{"op_code":5,"worker_id":"02ed7bde-0007-4f7b-8df5-66f15d802ca2-140193173047104","trial_id":361,"param_name":"n_estimators","param_value_internal":167.0,"distribution":"{\"name\": \"IntDistribution\", \"attributes\": {\"log\": false, \"step\": 1, \"low\": 50, \"high\": 200}}"}
{"op_code":5,"worker_id":"02ed7bde-0007-4f7b-8df5-66f15d802ca2-140193173047104","trial_id":361,"param_name":"max_depth","param_value_internal":3.0,"distribution":"{\"name\": \"IntDistribution\", \"attributes\": {\"log\": false, \"step\": 1, \"low\": 2, \"high\": 5}}"}
{"op_code":6,"worker_id":"02ed7bde-0007-4f7b-8df5-66f15d802ca2-140193173047104","trial_id":361,"state":1,"values":[0.7341098751839313],"datetime_complete":"2026-03-21T10:11:21.352657"}
{"op_code":4,"worker_id":"02ed7bde-0007-4f7b-8df5-66f15d802ca2-140193173047104","study_id":0,"datetime_start":"2026-03-21T10:11:21.379304"}
{"op_code":5,"worker_id":"02ed7bde-0007-4f7b-8df5-66f15d802ca2-140193173047104","trial_id":362,"param_name":"learning_rate","param_value_internal":0.17937419508867755,"distribution":"{\"name\": \"FloatDistribution\", \"attributes\": {\"step\": null, \"low\": 0.01, \"high\": 0.2, \"log\": true}}"}
{"op_code":5,"worker_id":"02ed7bde-0007-4f7b-8df5-66f15d802ca2-140193173047104","trial_id":362,"param_name":"n_estimators","param_value_internal":125.0,"distribution":"{\"name\": \"IntDistribution\", \"attributes\": {\"log\": false, \"step\": 1, \"low\": 50, \"high\": 200}}"}
{"op_code":5,"worker_id":"02ed7bde-0007-4f7b-8df5-66f15d802ca2-140193173047104","trial_id":362,"param_name":"max_depth","param_value_internal":3.0,"distribution":"{\"name\": \"IntDistribution\", \"attributes\": {\"log\": false, \"step\": 1, \"low\": 2, \"high\": 5}}"}
{"op_code":6,"worker_id":"02ed7bde-0007-4f7b-8df5-66f15d802ca2-140193173047104","trial_id":362,"state":1,"values":[0.7334821933877325],"datetime_complete":"2026-03-21T10:11:47.861050"}
{"op_code":4,"worker_id":"02ed7bde-0007-4f7b-8df5-66f15d802ca2-140193173047104","study_id":0,"datetime_start":"2026-03-21T10:11:54.187042"}
{"op_code":5,"worker_id":"02ed7bde-0007-4f7b-8df5-66f15d802ca2-140193173047104","trial_id":363,"param_name":"learning_rate","param_value_internal":0.17018628068386116,"distribution":"{\"name\": \"FloatDistribution\", \"attributes\": {\"step\": null, \"low\": 0.01, \"high\": 0.2, \"log\": true}}"}
{"op_code":5,"worker_id":"02ed7bde-0007-4f7b-8df5-66f15d802ca2-140193173047104","trial_id":363,"param_name":"n_estimators","param_value_internal":128.0,"distribution":"{\"name\": \"IntDistribution\", \"attributes\": {\"log\": false, \"step\": 1, \"low\": 50, \"high\": 200}}"}
{"op_code":5,"worker_id":"02ed7bde-0007-4f7b-8df5-66f15d802ca2-140193173047104","trial_id":363,"param_name":"max_depth","param_value_internal":3.0,"distribution":"{\"name\": \"IntDistribution\", \"attributes\": {\"log\": false, \"step\": 1, \"low\": 2, \"high\": 5}}"}
{"op_code":6,"worker_id":"02ed7bde-0007-4f7b-8df5-66f15d802ca2-140193173047104","trial_id":363,"state":1,"values":[0.7317637858473189],"datetime_complete":"2026-03-21T10:12:21.237460"}
{"op_code":4,"worker_id":"02ed7bde-0007-4f7b-8df5-66f15d802ca2-140193173047104","study_id":0,"datetime_start":"2026-03-21T10:12:24.109268"}
{"op_code":5,"worker_id":"02ed7bde-0007-4f7b-8df5-66f15d802ca2-140193173047104","trial_id":364,"param_name":"learning_rate","param_value_internal":0.06986817841377714,"distribution":"{\"name\": \"FloatDistribution\", \"attributes\": {\"step\": null, \"low\": 0.01, \"high\": 0.2, \"log\": true}}"}
{"op_code":5,"worker_id":"02ed7bde-0007-4f7b-8df5-66f15d802ca2-140193173047104","trial_id":364,"param_name":"n_estimators","param_value_internal":161.0,"distribution":"{\"name\": \"IntDistribution\", \"attributes\": {\"log\": false, \"step\": 1, \"low\": 50, \"high\": 200}}"}
{"op_code":5,"worker_id":"02ed7bde-0007-4f7b-8df5-66f15d802ca2-140193173047104","trial_id":364,"param_name":"max_depth","param_value_internal":3.0,"distribution":"{\"name\": \"IntDistribution\", \"attributes\": {\"log\": false, \"step\": 1, \"low\": 2, \"high\": 5}}"}
{"op_code":6,"worker_id":"02ed7bde-0007-4f7b-8df5-66f15d802ca2-140193173047104","trial_id":364,"state":1,"values":[0.7324866488994989],"datetime_complete":"2026-03-21T10:12:58.352364"}
{"op_code":4,"worker_id":"02ed7bde-0007-4f7b-8df5-66f15d802ca2-140193173047104","study_id":0,"datetime_start":"2026-03-21T10:12:58.376642"}
{"op_code":5,"worker_id":"02ed7bde-0007-4f7b-8df5-66f15d802ca2-140193173047104","trial_id":365,"param_name":"learning_rate","param_value_internal":0.18926100102530075,"distribution":"{\"name\": \"FloatDistribution\", \"attributes\": {\"step\": null, \"low\": 0.01, \"high\": 0.2, \"log\": true}}"}
{"op_code":5,"worker_id":"02ed7bde-0007-4f7b-8df5-66f15d802ca2-140193173047104","trial_id":365,"param_name":"n_estimators","param_value_internal":114.0,"distribution":"{\"name\": \"IntDistribution\", \"attributes\": {\"log\": false, \"step\": 1, \"low\": 50, \"high\": 200}}"}
{"op_code":5,"worker_id":"02ed7bde-0007-4f7b-8df5-66f15d802ca2-140193173047104","trial_id":365,"param_name":"max_depth","param_value_internal":3.0,"distribution":"{\"name\": \"IntDistribution\", \"attributes\": {\"log\": false, \"step\": 1, \"low\": 2, \"high\": 5}}"}
{"op_code":6,"worker_id":"02ed7bde-0007-4f7b-8df5-66f15d802ca2-140193173047104","trial_id":365,"state":1,"values":[0.7313882057561508],"datetime_complete":"2026-03-21T10:13:22.518933"}
{"op_code":4,"worker_id":"02ed7bde-0007-4f7b-8df5-66f15d802ca2-140193173047104","study_id":0,"datetime_start":"2026-03-21T10:13:22.546689"}
{"op_code":5,"worker_id":"02ed7bde-0007-4f7b-8df5-66f15d802ca2-140193173047104","trial_id":366,"param_name":"learning_rate","param_value_internal":0.1608307228259476,"distribution":"{\"name\": \"FloatDistribution\", \"attributes\": {\"step\": null, \"low\": 0.01, \"high\": 0.2, \"log\": true}}"}
{"op_code":5,"worker_id":"02ed7bde-0007-4f7b-8df5-66f15d802ca2-140193173047104","trial_id":366,"param_name":"n_estimators","param_value_internal":118.0,"distribution":"{\"name\": \"IntDistribution\", \"attributes\": {\"log\": false, \"step\": 1, \"low\": 50, \"high\": 200}}"}
{"op_code":5,"worker_id":"02ed7bde-0007-4f7b-8df5-66f15d802ca2-140193173047104","trial_id":366,"param_name":"max_depth","param_value_internal":3.0,"distribution":"{\"name\": \"IntDistribution\", \"attributes\": {\"log\": false, \"step\": 1, \"low\": 2, \"high\": 5}}"}
{"op_code":6,"worker_id":"02ed7bde-0007-4f7b-8df5-66f15d802ca2-140193173047104","trial_id":366,"state":1,"values":[0.7327619028019304],"datetime_complete":"2026-03-21T10:13:47.527761"}
{"op_code":4,"worker_id":"02ed7bde-0007-4f7b-8df5-66f15d802ca2-140193173047104","study_id":0,"datetime_start":"2026-03-21T10:13:47.555308"}
{"op_code":5,"worker_id":"02ed7bde-0007-4f7b-8df5-66f15d802ca2-140193173047104","trial_id":367,"param_name":"learning_rate","param_value_internal":0.18067853089961228,"distribution":"{\"name\": \"FloatDistribution\", \"attributes\": {\"step\": null, \"low\": 0.01, \"high\": 0.2, \"log\": true}}"}
{"op_code":5,"worker_id":"02ed7bde-0007-4f7b-8df5-66f15d802ca2-140193173047104","trial_id":367,"param_name":"n_estimators","param_value_internal":183.0,"distribution":"{\"name\": \"IntDistribution\", \"attributes\": {\"log\": false, \"step\": 1, \"low\": 50, \"high\": 200}}"}
{"op_code":5,"worker_id":"02ed7bde-0007-4f7b-8df5-66f15d802ca2-140193173047104","trial_id":367,"param_name":"max_depth","param_value_internal":3.0,"distribution":"{\"name\": \"IntDistribution\", \"attributes\": {\"log\": false, \"step\": 1, \"low\": 2, \"high\": 5}}"}
{"op_code":6,"worker_id":"02ed7bde-0007-4f7b-8df5-66f15d802ca2-140193173047104","trial_id":367,"state":1,"values":[0.7317226263852732],"datetime_complete":"2026-03-21T10:14:26.263306"}
{"op_code":4,"worker_id":"02ed7bde-0007-4f7b-8df5-66f15d802ca2-140193173047104","study_id":0,"datetime_start":"2026-03-21T10:14:26.291160"}
{"op_code":5,"worker_id":"02ed7bde-0007-4f7b-8df5-66f15d802ca2-140193173047104","trial_id":368,"param_name":"learning_rate","param_value_internal":0.18994738900231606,"distribution":"{\"name\": \"FloatDistribution\", \"attributes\": {\"step\": null, \"low\": 0.01, \"high\": 0.2, \"log\": true}}"}
{"op_code":5,"worker_id":"02ed7bde-0007-4f7b-8df5-66f15d802ca2-140193173047104","trial_id":368,"param_name":"n_estimators","param_value_internal":188.0,"distribution":"{\"name\": \"IntDistribution\", \"attributes\": {\"log\": false, \"step\": 1, \"low\": 50, \"high\": 200}}"}
{"op_code":5,"worker_id":"02ed7bde-0007-4f7b-8df5-66f15d802ca2-140193173047104","trial_id":368,"param_name":"max_depth","param_value_internal":3.0,"distribution":"{\"name\": \"IntDistribution\", \"attributes\": {\"log\": false, \"step\": 1, \"low\": 2, \"high\": 5}}"}
{"op_code":6,"worker_id":"02ed7bde-0007-4f7b-8df5-66f15d802ca2-140193173047104","trial_id":368,"state":1,"values":[0.7288723336385994],"datetime_complete":"2026-03-21T10:15:06.048622"}
{"op_code":4,"worker_id":"02ed7bde-0007-4f7b-8df5-66f15d802ca2-140193173047104","study_id":0,"datetime_start":"2026-03-21T10:15:11.240508"}
{"op_code":5,"worker_id":"02ed7bde-0007-4f7b-8df5-66f15d802ca2-140193173047104","trial_id":369,"param_name":"learning_rate","param_value_internal":0.17211430124631544,"distribution":"{\"name\": \"FloatDistribution\", \"attributes\": {\"step\": null, \"low\": 0.01, \"high\": 0.2, \"log\": true}}"}
{"op_code":5,"worker_id":"02ed7bde-0007-4f7b-8df5-66f15d802ca2-140193173047104","trial_id":369,"param_name":"n_estimators","param_value_internal":185.0,"distribution":"{\"name\": \"IntDistribution\", \"attributes\": {\"log\": false, \"step\": 1, \"low\": 50, \"high\": 200}}"}
{"op_code":5,"worker_id":"02ed7bde-0007-4f7b-8df5-66f15d802ca2-140193173047104","trial_id":369,"param_name":"max_depth","param_value_internal":3.0,"distribution":"{\"name\": \"IntDistribution\", \"attributes\": {\"log\": false, \"step\": 1, \"low\": 2, \"high\": 5}}"}
{"op_code":6,"worker_id":"02ed7bde-0007-4f7b-8df5-66f15d802ca2-140193173047104","trial_id":369,"state":1,"values":[0.7304312482635852],"datetime_complete":"2026-03-21T10:16:01.945677"}
{"op_code":0,"worker_id":"7341e1af-795d-4d5d-b6c4-2779b0f90d2c-140193173047104","study_name":"gbsa_tuning","directions":[2]}
{"op_code":4,"worker_id":"7341e1af-795d-4d5d-b6c4-2779b0f90d2c-140193173047104","study_id":0,"datetime_start":"2026-03-21T10:25:36.505288"}
{"op_code":5,"worker_id":"7341e1af-795d-4d5d-b6c4-2779b0f90d2c-140193173047104","trial_id":370,"param_name":"learning_rate","param_value_internal":0.141222503759353,"distribution":"{\"name\": \"FloatDistribution\", \"attributes\": {\"step\": null, \"low\": 0.01, \"high\": 0.2, \"log\": true}}"}
{"op_code":5,"worker_id":"7341e1af-795d-4d5d-b6c4-2779b0f90d2c-140193173047104","trial_id":370,"param_name":"n_estimators","param_value_internal":177.0,"distribution":"{\"name\": \"IntDistribution\", \"attributes\": {\"log\": false, \"step\": 1, \"low\": 50, \"high\": 200}}"}
{"op_code":5,"worker_id":"7341e1af-795d-4d5d-b6c4-2779b0f90d2c-140193173047104","trial_id":370,"param_name":"max_depth","param_value_internal":3.0,"distribution":"{\"name\": \"IntDistribution\", \"attributes\": {\"log\": false, \"step\": 1, \"low\": 2, \"high\": 5}}"}
{"op_code":6,"worker_id":"7341e1af-795d-4d5d-b6c4-2779b0f90d2c-140193173047104","trial_id":370,"state":1,"values":[0.7507503047312731],"datetime_complete":"2026-03-21T10:26:14.184063"}
{"op_code":4,"worker_id":"7341e1af-795d-4d5d-b6c4-2779b0f90d2c-140193173047104","study_id":0,"datetime_start":"2026-03-21T10:26:14.205785"}
{"op_code":5,"worker_id":"7341e1af-795d-4d5d-b6c4-2779b0f90d2c-140193173047104","trial_id":371,"param_name":"learning_rate","param_value_internal":0.07254814171759148,"distribution":"{\"name\": \"FloatDistribution\", \"attributes\": {\"step\": null, \"low\": 0.01, \"high\": 0.2, \"log\": true}}"}
{"op_code":5,"worker_id":"7341e1af-795d-4d5d-b6c4-2779b0f90d2c-140193173047104","trial_id":371,"param_name":"n_estimators","param_value_internal":170.0,"distribution":"{\"name\": \"IntDistribution\", \"attributes\": {\"log\": false, \"step\": 1, \"low\": 50, \"high\": 200}}"}
{"op_code":5,"worker_id":"7341e1af-795d-4d5d-b6c4-2779b0f90d2c-140193173047104","trial_id":371,"param_name":"max_depth","param_value_internal":3.0,"distribution":"{\"name\": \"IntDistribution\", \"attributes\": {\"log\": false, \"step\": 1, \"low\": 2, \"high\": 5}}"}
{"op_code":6,"worker_id":"7341e1af-795d-4d5d-b6c4-2779b0f90d2c-140193173047104","trial_id":371,"state":1,"values":[0.7465352822477388],"datetime_complete":"2026-03-21T10:26:50.512375"}
{"op_code":4,"worker_id":"7341e1af-795d-4d5d-b6c4-2779b0f90d2c-140193173047104","study_id":0,"datetime_start":"2026-03-21T10:26:50.536572"}
{"op_code":5,"worker_id":"7341e1af-795d-4d5d-b6c4-2779b0f90d2c-140193173047104","trial_id":372,"param_name":"learning_rate","param_value_internal":0.07657709766055172,"distribution":"{\"name\": \"FloatDistribution\", \"attributes\": {\"step\": null, \"low\": 0.01, \"high\": 0.2, \"log\": true}}"}
{"op_code":5,"worker_id":"7341e1af-795d-4d5d-b6c4-2779b0f90d2c-140193173047104","trial_id":372,"param_name":"n_estimators","param_value_internal":181.0,"distribution":"{\"name\": \"IntDistribution\", \"attributes\": {\"log\": false, \"step\": 1, \"low\": 50, \"high\": 200}}"}
{"op_code":5,"worker_id":"7341e1af-795d-4d5d-b6c4-2779b0f90d2c-140193173047104","trial_id":372,"param_name":"max_depth","param_value_internal":3.0,"distribution":"{\"name\": \"IntDistribution\", \"attributes\": {\"log\": false, \"step\": 1, \"low\": 2, \"high\": 5}}"}
{"op_code":6,"worker_id":"7341e1af-795d-4d5d-b6c4-2779b0f90d2c-140193173047104","trial_id":372,"state":1,"values":[0.74777469347619],"datetime_complete":"2026-03-21T10:27:28.986366"}
{"op_code":4,"worker_id":"7341e1af-795d-4d5d-b6c4-2779b0f90d2c-140193173047104","study_id":0,"datetime_start":"2026-03-21T10:27:29.013816"}
{"op_code":5,"worker_id":"7341e1af-795d-4d5d-b6c4-2779b0f90d2c-140193173047104","trial_id":373,"param_name":"learning_rate","param_value_internal":0.1999298709256465,"distribution":"{\"name\": \"FloatDistribution\", \"attributes\": {\"step\": null, \"low\": 0.01, \"high\": 0.2, \"log\": true}}"}
{"op_code":5,"worker_id":"7341e1af-795d-4d5d-b6c4-2779b0f90d2c-140193173047104","trial_id":373,"param_name":"n_estimators","param_value_internal":196.0,"distribution":"{\"name\": \"IntDistribution\", \"attributes\": {\"log\": false, \"step\": 1, \"low\": 50, \"high\": 200}}"}
{"op_code":5,"worker_id":"7341e1af-795d-4d5d-b6c4-2779b0f90d2c-140193173047104","trial_id":373,"param_name":"max_depth","param_value_internal":3.0,"distribution":"{\"name\": \"IntDistribution\", \"attributes\": {\"log\": false, \"step\": 1, \"low\": 2, \"high\": 5}}"}
{"op_code":6,"worker_id":"7341e1af-795d-4d5d-b6c4-2779b0f90d2c-140193173047104","trial_id":373,"state":1,"values":[0.7518411914736702],"datetime_complete":"2026-03-21T10:28:10.639412"}
{"op_code":4,"worker_id":"7341e1af-795d-4d5d-b6c4-2779b0f90d2c-140193173047104","study_id":0,"datetime_start":"2026-03-21T10:28:13.303784"}
{"op_code":5,"worker_id":"7341e1af-795d-4d5d-b6c4-2779b0f90d2c-140193173047104","trial_id":374,"param_name":"learning_rate","param_value_internal":0.06632724678258102,"distribution":"{\"name\": \"FloatDistribution\", \"attributes\": {\"step\": null, \"low\": 0.01, \"high\": 0.2, \"log\": true}}"}
{"op_code":5,"worker_id":"7341e1af-795d-4d5d-b6c4-2779b0f90d2c-140193173047104","trial_id":374,"param_name":"n_estimators","param_value_internal":115.0,"distribution":"{\"name\": \"IntDistribution\", \"attributes\": {\"log\": false, \"step\": 1, \"low\": 50, \"high\": 200}}"}
{"op_code":5,"worker_id":"7341e1af-795d-4d5d-b6c4-2779b0f90d2c-140193173047104","trial_id":374,"param_name":"max_depth","param_value_internal":3.0,"distribution":"{\"name\": \"IntDistribution\", \"attributes\": {\"log\": false, \"step\": 1, \"low\": 2, \"high\": 5}}"}
{"op_code":6,"worker_id":"7341e1af-795d-4d5d-b6c4-2779b0f90d2c-140193173047104","trial_id":374,"state":1,"values":[0.7396698659182398],"datetime_complete":"2026-03-21T10:28:37.933881"}
{"op_code":4,"worker_id":"7341e1af-795d-4d5d-b6c4-2779b0f90d2c-140193173047104","study_id":0,"datetime_start":"2026-03-21T10:28:37.948950"}
{"op_code":5,"worker_id":"7341e1af-795d-4d5d-b6c4-2779b0f90d2c-140193173047104","trial_id":375,"param_name":"learning_rate","param_value_internal":0.1808419098032642,"distribution":"{\"name\": \"FloatDistribution\", \"attributes\": {\"step\": null, \"low\": 0.01, \"high\": 0.2, \"log\": true}}"}
{"op_code":5,"worker_id":"7341e1af-795d-4d5d-b6c4-2779b0f90d2c-140193173047104","trial_id":375,"param_name":"n_estimators","param_value_internal":164.0,"distribution":"{\"name\": \"IntDistribution\", \"attributes\": {\"log\": false, \"step\": 1, \"low\": 50, \"high\": 200}}"}
{"op_code":5,"worker_id":"7341e1af-795d-4d5d-b6c4-2779b0f90d2c-140193173047104","trial_id":375,"param_name":"max_depth","param_value_internal":3.0,"distribution":"{\"name\": \"IntDistribution\", \"attributes\": {\"log\": false, \"step\": 1, \"low\": 2, \"high\": 5}}"}
{"op_code":6,"worker_id":"7341e1af-795d-4d5d-b6c4-2779b0f90d2c-140193173047104","trial_id":375,"state":1,"values":[0.7516260870455919],"datetime_complete":"2026-03-21T10:29:12.701585"}
{"op_code":4,"worker_id":"7341e1af-795d-4d5d-b6c4-2779b0f90d2c-140193173047104","study_id":0,"datetime_start":"2026-03-21T10:29:12.720411"}
{"op_code":5,"worker_id":"7341e1af-795d-4d5d-b6c4-2779b0f90d2c-140193173047104","trial_id":376,"param_name":"learning_rate","param_value_internal":0.1679857723802791,"distribution":"{\"name\": \"FloatDistribution\", \"attributes\": {\"step\": null, \"low\": 0.01, \"high\": 0.2, \"log\": true}}"}
{"op_code":5,"worker_id":"7341e1af-795d-4d5d-b6c4-2779b0f90d2c-140193173047104","trial_id":376,"param_name":"n_estimators","param_value_internal":192.0,"distribution":"{\"name\": \"IntDistribution\", \"attributes\": {\"log\": false, \"step\": 1, \"low\": 50, \"high\": 200}}"}
{"op_code":5,"worker_id":"7341e1af-795d-4d5d-b6c4-2779b0f90d2c-140193173047104","trial_id":376,"param_name":"max_depth","param_value_internal":3.0,"distribution":"{\"name\": \"IntDistribution\", \"attributes\": {\"log\": false, \"step\": 1, \"low\": 2, \"high\": 5}}"}
{"op_code":6,"worker_id":"7341e1af-795d-4d5d-b6c4-2779b0f90d2c-140193173047104","trial_id":376,"state":1,"values":[0.7522867649318323],"datetime_complete":"2026-03-21T10:29:53.438837"}
{"op_code":4,"worker_id":"7341e1af-795d-4d5d-b6c4-2779b0f90d2c-140193173047104","study_id":0,"datetime_start":"2026-03-21T10:29:53.462388"}
{"op_code":5,"worker_id":"7341e1af-795d-4d5d-b6c4-2779b0f90d2c-140193173047104","trial_id":377,"param_name":"learning_rate","param_value_internal":0.15805736658850486,"distribution":"{\"name\": \"FloatDistribution\", \"attributes\": {\"step\": null, \"low\": 0.01, \"high\": 0.2, \"log\": true}}"}
{"op_code":5,"worker_id":"7341e1af-795d-4d5d-b6c4-2779b0f90d2c-140193173047104","trial_id":377,"param_name":"n_estimators","param_value_internal":173.0,"distribution":"{\"name\": \"IntDistribution\", \"attributes\": {\"log\": false, \"step\": 1, \"low\": 50, \"high\": 200}}"}
{"op_code":5,"worker_id":"7341e1af-795d-4d5d-b6c4-2779b0f90d2c-140193173047104","trial_id":377,"param_name":"max_depth","param_value_internal":3.0,"distribution":"{\"name\": \"IntDistribution\", \"attributes\": {\"log\": false, \"step\": 1, \"low\": 2, \"high\": 5}}"}
{"op_code":6,"worker_id":"7341e1af-795d-4d5d-b6c4-2779b0f90d2c-140193173047104","trial_id":377,"state":1,"values":[0.7521587265817857],"datetime_complete":"2026-03-21T10:30:30.115356"}
{"op_code":4,"worker_id":"7341e1af-795d-4d5d-b6c4-2779b0f90d2c-140193173047104","study_id":0,"datetime_start":"2026-03-21T10:30:30.133674"}
{"op_code":5,"worker_id":"7341e1af-795d-4d5d-b6c4-2779b0f90d2c-140193173047104","trial_id":378,"param_name":"learning_rate","param_value_internal":0.1856540998488511,"distribution":"{\"name\": \"FloatDistribution\", \"attributes\": {\"step\": null, \"low\": 0.01, \"high\": 0.2, \"log\": true}}"}
{"op_code":5,"worker_id":"7341e1af-795d-4d5d-b6c4-2779b0f90d2c-140193173047104","trial_id":378,"param_name":"n_estimators","param_value_internal":178.0,"distribution":"{\"name\": \"IntDistribution\", \"attributes\": {\"log\": false, \"step\": 1, \"low\": 50, \"high\": 200}}"}
{"op_code":5,"worker_id":"7341e1af-795d-4d5d-b6c4-2779b0f90d2c-140193173047104","trial_id":378,"param_name":"max_depth","param_value_internal":3.0,"distribution":"{\"name\": \"IntDistribution\", \"attributes\": {\"log\": false, \"step\": 1, \"low\": 2, \"high\": 5}}"}
{"op_code":6,"worker_id":"7341e1af-795d-4d5d-b6c4-2779b0f90d2c-140193173047104","trial_id":378,"state":1,"values":[0.7551036086328577],"datetime_complete":"2026-03-21T10:31:08.306620"}
{"op_code":4,"worker_id":"7341e1af-795d-4d5d-b6c4-2779b0f90d2c-140193173047104","study_id":0,"datetime_start":"2026-03-21T10:31:08.332058"}
{"op_code":5,"worker_id":"7341e1af-795d-4d5d-b6c4-2779b0f90d2c-140193173047104","trial_id":379,"param_name":"learning_rate","param_value_internal":0.17169856326390984,"distribution":"{\"name\": \"FloatDistribution\", \"attributes\": {\"step\": null, \"low\": 0.01, \"high\": 0.2, \"log\": true}}"}
{"op_code":5,"worker_id":"7341e1af-795d-4d5d-b6c4-2779b0f90d2c-140193173047104","trial_id":379,"param_name":"n_estimators","param_value_internal":183.0,"distribution":"{\"name\": \"IntDistribution\", \"attributes\": {\"log\": false, \"step\": 1, \"low\": 50, \"high\": 200}}"}
{"op_code":5,"worker_id":"7341e1af-795d-4d5d-b6c4-2779b0f90d2c-140193173047104","trial_id":379,"param_name":"max_depth","param_value_internal":3.0,"distribution":"{\"name\": \"IntDistribution\", \"attributes\": {\"log\": false, \"step\": 1, \"low\": 2, \"high\": 5}}"}
{"op_code":6,"worker_id":"7341e1af-795d-4d5d-b6c4-2779b0f90d2c-140193173047104","trial_id":379,"state":1,"values":[0.7497720917369171],"datetime_complete":"2026-03-21T10:31:47.206450"}
{"op_code":0,"worker_id":"84533f1b-6505-4acc-bcf8-c0847a7cb733-140193173047104","study_name":"gbsa_tuning","directions":[2]}
{"op_code":4,"worker_id":"84533f1b-6505-4acc-bcf8-c0847a7cb733-140193173047104","study_id":0,"datetime_start":"2026-03-21T10:41:15.470396"}
{"op_code":5,"worker_id":"84533f1b-6505-4acc-bcf8-c0847a7cb733-140193173047104","trial_id":380,"param_name":"learning_rate","param_value_internal":0.18968572145566978,"distribution":"{\"name\": \"FloatDistribution\", \"attributes\": {\"step\": null, \"low\": 0.01, \"high\": 0.2, \"log\": true}}"}
{"op_code":5,"worker_id":"84533f1b-6505-4acc-bcf8-c0847a7cb733-140193173047104","trial_id":380,"param_name":"n_estimators","param_value_internal":121.0,"distribution":"{\"name\": \"IntDistribution\", \"attributes\": {\"log\": false, \"step\": 1, \"low\": 50, \"high\": 200}}"}
{"op_code":5,"worker_id":"84533f1b-6505-4acc-bcf8-c0847a7cb733-140193173047104","trial_id":380,"param_name":"max_depth","param_value_internal":4.0,"distribution":"{\"name\": \"IntDistribution\", \"attributes\": {\"log\": false, \"step\": 1, \"low\": 2, \"high\": 5}}"}
{"op_code":6,"worker_id":"84533f1b-6505-4acc-bcf8-c0847a7cb733-140193173047104","trial_id":380,"state":1,"values":[0.7710501911996083],"datetime_complete":"2026-03-21T10:41:41.706601"}
{"op_code":4,"worker_id":"84533f1b-6505-4acc-bcf8-c0847a7cb733-140193173047104","study_id":0,"datetime_start":"2026-03-21T10:41:41.737718"}
{"op_code":5,"worker_id":"84533f1b-6505-4acc-bcf8-c0847a7cb733-140193173047104","trial_id":381,"param_name":"learning_rate","param_value_internal":0.1774606521462508,"distribution":"{\"name\": \"FloatDistribution\", \"attributes\": {\"step\": null, \"low\": 0.01, \"high\": 0.2, \"log\": true}}"}
{"op_code":5,"worker_id":"84533f1b-6505-4acc-bcf8-c0847a7cb733-140193173047104","trial_id":381,"param_name":"n_estimators","param_value_internal":168.0,"distribution":"{\"name\": \"IntDistribution\", \"attributes\": {\"log\": false, \"step\": 1, \"low\": 50, \"high\": 200}}"}
{"op_code":5,"worker_id":"84533f1b-6505-4acc-bcf8-c0847a7cb733-140193173047104","trial_id":381,"param_name":"max_depth","param_value_internal":3.0,"distribution":"{\"name\": \"IntDistribution\", \"attributes\": {\"log\": false, \"step\": 1, \"low\": 2, \"high\": 5}}"}
{"op_code":6,"worker_id":"84533f1b-6505-4acc-bcf8-c0847a7cb733-140193173047104","trial_id":381,"state":1,"values":[0.7712221145530513],"datetime_complete":"2026-03-21T10:42:17.322879"}
{"op_code":4,"worker_id":"84533f1b-6505-4acc-bcf8-c0847a7cb733-140193173047104","study_id":0,"datetime_start":"2026-03-21T10:42:17.336454"}
{"op_code":5,"worker_id":"84533f1b-6505-4acc-bcf8-c0847a7cb733-140193173047104","trial_id":382,"param_name":"learning_rate","param_value_internal":0.15090673481082426,"distribution":"{\"name\": \"FloatDistribution\", \"attributes\": {\"step\": null, \"low\": 0.01, \"high\": 0.2, \"log\": true}}"}
{"op_code":5,"worker_id":"84533f1b-6505-4acc-bcf8-c0847a7cb733-140193173047104","trial_id":382,"param_name":"n_estimators","param_value_internal":187.0,"distribution":"{\"name\": \"IntDistribution\", \"attributes\": {\"log\": false, \"step\": 1, \"low\": 50, \"high\": 200}}"}
{"op_code":5,"worker_id":"84533f1b-6505-4acc-bcf8-c0847a7cb733-140193173047104","trial_id":382,"param_name":"max_depth","param_value_internal":3.0,"distribution":"{\"name\": \"IntDistribution\", \"attributes\": {\"log\": false, \"step\": 1, \"low\": 2, \"high\": 5}}"}
{"op_code":6,"worker_id":"84533f1b-6505-4acc-bcf8-c0847a7cb733-140193173047104","trial_id":382,"state":1,"values":[0.7719827451470727],"datetime_complete":"2026-03-21T10:42:56.893462"}
{"op_code":4,"worker_id":"84533f1b-6505-4acc-bcf8-c0847a7cb733-140193173047104","study_id":0,"datetime_start":"2026-03-21T10:42:56.912693"}
{"op_code":5,"worker_id":"84533f1b-6505-4acc-bcf8-c0847a7cb733-140193173047104","trial_id":383,"param_name":"learning_rate","param_value_internal":0.18985618393876694,"distribution":"{\"name\": \"FloatDistribution\", \"attributes\": {\"step\": null, \"low\": 0.01, \"high\": 0.2, \"log\": true}}"}
{"op_code":5,"worker_id":"84533f1b-6505-4acc-bcf8-c0847a7cb733-140193173047104","trial_id":383,"param_name":"n_estimators","param_value_internal":175.0,"distribution":"{\"name\": \"IntDistribution\", \"attributes\": {\"log\": false, \"step\": 1, \"low\": 50, \"high\": 200}}"}
{"op_code":5,"worker_id":"84533f1b-6505-4acc-bcf8-c0847a7cb733-140193173047104","trial_id":383,"param_name":"max_depth","param_value_internal":2.0,"distribution":"{\"name\": \"IntDistribution\", \"attributes\": {\"log\": false, \"step\": 1, \"low\": 2, \"high\": 5}}"}
{"op_code":6,"worker_id":"84533f1b-6505-4acc-bcf8-c0847a7cb733-140193173047104","trial_id":383,"state":1,"values":[0.7710137226094839],"datetime_complete":"2026-03-21T10:43:33.118973"}
{"op_code":4,"worker_id":"84533f1b-6505-4acc-bcf8-c0847a7cb733-140193173047104","study_id":0,"datetime_start":"2026-03-21T10:43:33.147364"}
{"op_code":5,"worker_id":"84533f1b-6505-4acc-bcf8-c0847a7cb733-140193173047104","trial_id":384,"param_name":"learning_rate","param_value_internal":0.16219212537832994,"distribution":"{\"name\": \"FloatDistribution\", \"attributes\": {\"step\": null, \"low\": 0.01, \"high\": 0.2, \"log\": true}}"}
{"op_code":5,"worker_id":"84533f1b-6505-4acc-bcf8-c0847a7cb733-140193173047104","trial_id":384,"param_name":"n_estimators","param_value_internal":200.0,"distribution":"{\"name\": \"IntDistribution\", \"attributes\": {\"log\": false, \"step\": 1, \"low\": 50, \"high\": 200}}"}
{"op_code":5,"worker_id":"84533f1b-6505-4acc-bcf8-c0847a7cb733-140193173047104","trial_id":384,"param_name":"max_depth","param_value_internal":3.0,"distribution":"{\"name\": \"IntDistribution\", \"attributes\": {\"log\": false, \"step\": 1, \"low\": 2, \"high\": 5}}"}
{"op_code":6,"worker_id":"84533f1b-6505-4acc-bcf8-c0847a7cb733-140193173047104","trial_id":384,"state":1,"values":[0.7720661019244996],"datetime_complete":"2026-03-21T10:44:15.448789"}
{"op_code":4,"worker_id":"84533f1b-6505-4acc-bcf8-c0847a7cb733-140193173047104","study_id":0,"datetime_start":"2026-03-21T10:44:15.476047"}
{"op_code":5,"worker_id":"84533f1b-6505-4acc-bcf8-c0847a7cb733-140193173047104","trial_id":385,"param_name":"learning_rate","param_value_internal":0.19881431914115139,"distribution":"{\"name\": \"FloatDistribution\", \"attributes\": {\"step\": null, \"low\": 0.01, \"high\": 0.2, \"log\": true}}"}
{"op_code":5,"worker_id":"84533f1b-6505-4acc-bcf8-c0847a7cb733-140193173047104","trial_id":385,"param_name":"n_estimators","param_value_internal":181.0,"distribution":"{\"name\": \"IntDistribution\", \"attributes\": {\"log\": false, \"step\": 1, \"low\": 50, \"high\": 200}}"}
{"op_code":5,"worker_id":"84533f1b-6505-4acc-bcf8-c0847a7cb733-140193173047104","trial_id":385,"param_name":"max_depth","param_value_internal":3.0,"distribution":"{\"name\": \"IntDistribution\", \"attributes\": {\"log\": false, \"step\": 1, \"low\": 2, \"high\": 5}}"}
{"op_code":6,"worker_id":"84533f1b-6505-4acc-bcf8-c0847a7cb733-140193173047104","trial_id":385,"state":1,"values":[0.7709668344221813],"datetime_complete":"2026-03-21T10:44:53.229482"}
{"op_code":4,"worker_id":"84533f1b-6505-4acc-bcf8-c0847a7cb733-140193173047104","study_id":0,"datetime_start":"2026-03-21T10:44:53.276386"}
{"op_code":5,"worker_id":"84533f1b-6505-4acc-bcf8-c0847a7cb733-140193173047104","trial_id":386,"param_name":"learning_rate","param_value_internal":0.17822697424488704,"distribution":"{\"name\": \"FloatDistribution\", \"attributes\": {\"step\": null, \"low\": 0.01, \"high\": 0.2, \"log\": true}}"}
{"op_code":5,"worker_id":"84533f1b-6505-4acc-bcf8-c0847a7cb733-140193173047104","trial_id":386,"param_name":"n_estimators","param_value_internal":190.0,"distribution":"{\"name\": \"IntDistribution\", \"attributes\": {\"log\": false, \"step\": 1, \"low\": 50, \"high\": 200}}"}
{"op_code":5,"worker_id":"84533f1b-6505-4acc-bcf8-c0847a7cb733-140193173047104","trial_id":386,"param_name":"max_depth","param_value_internal":3.0,"distribution":"{\"name\": \"IntDistribution\", \"attributes\": {\"log\": false, \"step\": 1, \"low\": 2, \"high\": 5}}"}
{"op_code":6,"worker_id":"84533f1b-6505-4acc-bcf8-c0847a7cb733-140193173047104","trial_id":386,"state":1,"values":[0.771909807966824],"datetime_complete":"2026-03-21T10:45:33.148819"}
{"op_code":4,"worker_id":"84533f1b-6505-4acc-bcf8-c0847a7cb733-140193173047104","study_id":0,"datetime_start":"2026-03-21T10:45:33.204671"}
{"op_code":5,"worker_id":"84533f1b-6505-4acc-bcf8-c0847a7cb733-140193173047104","trial_id":387,"param_name":"learning_rate","param_value_internal":0.07256561571315549,"distribution":"{\"name\": \"FloatDistribution\", \"attributes\": {\"step\": null, \"low\": 0.01, \"high\": 0.2, \"log\": true}}"}
{"op_code":5,"worker_id":"84533f1b-6505-4acc-bcf8-c0847a7cb733-140193173047104","trial_id":387,"param_name":"n_estimators","param_value_internal":171.0,"distribution":"{\"name\": \"IntDistribution\", \"attributes\": {\"log\": false, \"step\": 1, \"low\": 50, \"high\": 200}}"}
{"op_code":5,"worker_id":"84533f1b-6505-4acc-bcf8-c0847a7cb733-140193173047104","trial_id":387,"param_name":"max_depth","param_value_internal":3.0,"distribution":"{\"name\": \"IntDistribution\", \"attributes\": {\"log\": false, \"step\": 1, \"low\": 2, \"high\": 5}}"}
{"op_code":6,"worker_id":"84533f1b-6505-4acc-bcf8-c0847a7cb733-140193173047104","trial_id":387,"state":1,"values":[0.7697659758473737],"datetime_complete":"2026-03-21T10:46:09.490340"}
{"op_code":4,"worker_id":"84533f1b-6505-4acc-bcf8-c0847a7cb733-140193173047104","study_id":0,"datetime_start":"2026-03-21T10:46:09.508106"}
{"op_code":5,"worker_id":"84533f1b-6505-4acc-bcf8-c0847a7cb733-140193173047104","trial_id":388,"param_name":"learning_rate","param_value_internal":0.1712175653513653,"distribution":"{\"name\": \"FloatDistribution\", \"attributes\": {\"step\": null, \"low\": 0.01, \"high\": 0.2, \"log\": true}}"}
{"op_code":5,"worker_id":"84533f1b-6505-4acc-bcf8-c0847a7cb733-140193173047104","trial_id":388,"param_name":"n_estimators","param_value_internal":74.0,"distribution":"{\"name\": \"IntDistribution\", \"attributes\": {\"log\": false, \"step\": 1, \"low\": 50, \"high\": 200}}"}
{"op_code":5,"worker_id":"84533f1b-6505-4acc-bcf8-c0847a7cb733-140193173047104","trial_id":388,"param_name":"max_depth","param_value_internal":3.0,"distribution":"{\"name\": \"IntDistribution\", \"attributes\": {\"log\": false, \"step\": 1, \"low\": 2, \"high\": 5}}"}
{"op_code":6,"worker_id":"84533f1b-6505-4acc-bcf8-c0847a7cb733-140193173047104","trial_id":388,"state":1,"values":[0.7691720588082065],"datetime_complete":"2026-03-21T10:46:25.242096"}
{"op_code":4,"worker_id":"84533f1b-6505-4acc-bcf8-c0847a7cb733-140193173047104","study_id":0,"datetime_start":"2026-03-21T10:46:25.255061"}
{"op_code":5,"worker_id":"84533f1b-6505-4acc-bcf8-c0847a7cb733-140193173047104","trial_id":389,"param_name":"learning_rate","param_value_internal":0.1892047647959561,"distribution":"{\"name\": \"FloatDistribution\", \"attributes\": {\"step\": null, \"low\": 0.01, \"high\": 0.2, \"log\": true}}"}
{"op_code":5,"worker_id":"84533f1b-6505-4acc-bcf8-c0847a7cb733-140193173047104","trial_id":389,"param_name":"n_estimators","param_value_internal":185.0,"distribution":"{\"name\": \"IntDistribution\", \"attributes\": {\"log\": false, \"step\": 1, \"low\": 50, \"high\": 200}}"}
{"op_code":5,"worker_id":"84533f1b-6505-4acc-bcf8-c0847a7cb733-140193173047104","trial_id":389,"param_name":"max_depth","param_value_internal":3.0,"distribution":"{\"name\": \"IntDistribution\", \"attributes\": {\"log\": false, \"step\": 1, \"low\": 2, \"high\": 5}}"}
{"op_code":6,"worker_id":"84533f1b-6505-4acc-bcf8-c0847a7cb733-140193173047104","trial_id":389,"state":1,"values":[0.7750044283288008],"datetime_complete":"2026-03-21T10:47:04.362824"}
{"op_code":0,"worker_id":"e895d838-1a4f-4bb8-8579-da96ae948a8e-140193173047104","study_name":"gbsa_tuning","directions":[2]}
{"op_code":4,"worker_id":"e895d838-1a4f-4bb8-8579-da96ae948a8e-140193173047104","study_id":0,"datetime_start":"2026-03-21T10:56:36.872463"}
{"op_code":5,"worker_id":"e895d838-1a4f-4bb8-8579-da96ae948a8e-140193173047104","trial_id":390,"param_name":"learning_rate","param_value_internal":0.07815322528490183,"distribution":"{\"name\": \"FloatDistribution\", \"attributes\": {\"step\": null, \"low\": 0.01, \"high\": 0.2, \"log\": true}}"}
{"op_code":5,"worker_id":"e895d838-1a4f-4bb8-8579-da96ae948a8e-140193173047104","trial_id":390,"param_name":"n_estimators","param_value_internal":99.0,"distribution":"{\"name\": \"IntDistribution\", \"attributes\": {\"log\": false, \"step\": 1, \"low\": 50, \"high\": 200}}"}
{"op_code":5,"worker_id":"e895d838-1a4f-4bb8-8579-da96ae948a8e-140193173047104","trial_id":390,"param_name":"max_depth","param_value_internal":3.0,"distribution":"{\"name\": \"IntDistribution\", \"attributes\": {\"log\": false, \"step\": 1, \"low\": 2, \"high\": 5}}"}
{"op_code":6,"worker_id":"e895d838-1a4f-4bb8-8579-da96ae948a8e-140193173047104","trial_id":390,"state":1,"values":[0.7603054491054778],"datetime_complete":"2026-03-21T10:56:57.813873"}
{"op_code":4,"worker_id":"e895d838-1a4f-4bb8-8579-da96ae948a8e-140193173047104","study_id":0,"datetime_start":"2026-03-21T10:56:58.833153"}
{"op_code":5,"worker_id":"e895d838-1a4f-4bb8-8579-da96ae948a8e-140193173047104","trial_id":391,"param_name":"learning_rate","param_value_internal":0.18128566626949258,"distribution":"{\"name\": \"FloatDistribution\", \"attributes\": {\"step\": null, \"low\": 0.01, \"high\": 0.2, \"log\": true}}"}
{"op_code":5,"worker_id":"e895d838-1a4f-4bb8-8579-da96ae948a8e-140193173047104","trial_id":391,"param_name":"n_estimators","param_value_internal":177.0,"distribution":"{\"name\": \"IntDistribution\", \"attributes\": {\"log\": false, \"step\": 1, \"low\": 50, \"high\": 200}}"}
{"op_code":5,"worker_id":"e895d838-1a4f-4bb8-8579-da96ae948a8e-140193173047104","trial_id":391,"param_name":"max_depth","param_value_internal":3.0,"distribution":"{\"name\": \"IntDistribution\", \"attributes\": {\"log\": false, \"step\": 1, \"low\": 2, \"high\": 5}}"}
{"op_code":6,"worker_id":"e895d838-1a4f-4bb8-8579-da96ae948a8e-140193173047104","trial_id":391,"state":1,"values":[0.7672910219890567],"datetime_complete":"2026-03-21T10:57:36.248965"}
{"op_code":4,"worker_id":"e895d838-1a4f-4bb8-8579-da96ae948a8e-140193173047104","study_id":0,"datetime_start":"2026-03-21T10:57:36.270969"}
{"op_code":5,"worker_id":"e895d838-1a4f-4bb8-8579-da96ae948a8e-140193173047104","trial_id":392,"param_name":"learning_rate","param_value_internal":0.0619195557150605,"distribution":"{\"name\": \"FloatDistribution\", \"attributes\": {\"step\": null, \"low\": 0.01, \"high\": 0.2, \"log\": true}}"}
{"op_code":5,"worker_id":"e895d838-1a4f-4bb8-8579-da96ae948a8e-140193173047104","trial_id":392,"param_name":"n_estimators","param_value_internal":193.0,"distribution":"{\"name\": \"IntDistribution\", \"attributes\": {\"log\": false, \"step\": 1, \"low\": 50, \"high\": 200}}"}
{"op_code":5,"worker_id":"e895d838-1a4f-4bb8-8579-da96ae948a8e-140193173047104","trial_id":392,"param_name":"max_depth","param_value_internal":3.0,"distribution":"{\"name\": \"IntDistribution\", \"attributes\": {\"log\": false, \"step\": 1, \"low\": 2, \"high\": 5}}"}
{"op_code":6,"worker_id":"e895d838-1a4f-4bb8-8579-da96ae948a8e-140193173047104","trial_id":392,"state":1,"values":[0.7638917351476525],"datetime_complete":"2026-03-21T10:58:16.961657"}
{"op_code":4,"worker_id":"e895d838-1a4f-4bb8-8579-da96ae948a8e-140193173047104","study_id":0,"datetime_start":"2026-03-21T10:58:17.000680"}
{"op_code":5,"worker_id":"e895d838-1a4f-4bb8-8579-da96ae948a8e-140193173047104","trial_id":393,"param_name":"learning_rate","param_value_internal":0.0326405524792973,"distribution":"{\"name\": \"FloatDistribution\", \"attributes\": {\"step\": null, \"low\": 0.01, \"high\": 0.2, \"log\": true}}"}
{"op_code":5,"worker_id":"e895d838-1a4f-4bb8-8579-da96ae948a8e-140193173047104","trial_id":393,"param_name":"n_estimators","param_value_internal":165.0,"distribution":"{\"name\": \"IntDistribution\", \"attributes\": {\"log\": false, \"step\": 1, \"low\": 50, \"high\": 200}}"}
{"op_code":5,"worker_id":"e895d838-1a4f-4bb8-8579-da96ae948a8e-140193173047104","trial_id":393,"param_name":"max_depth","param_value_internal":3.0,"distribution":"{\"name\": \"IntDistribution\", \"attributes\": {\"log\": false, \"step\": 1, \"low\": 2, \"high\": 5}}"}
{"op_code":6,"worker_id":"e895d838-1a4f-4bb8-8579-da96ae948a8e-140193173047104","trial_id":393,"state":1,"values":[0.7595856302641556],"datetime_complete":"2026-03-21T10:58:51.873156"}
{"op_code":4,"worker_id":"e895d838-1a4f-4bb8-8579-da96ae948a8e-140193173047104","study_id":0,"datetime_start":"2026-03-21T10:58:51.900972"}
{"op_code":5,"worker_id":"e895d838-1a4f-4bb8-8579-da96ae948a8e-140193173047104","trial_id":394,"param_name":"learning_rate","param_value_internal":0.16409180448587568,"distribution":"{\"name\": \"FloatDistribution\", \"attributes\": {\"step\": null, \"low\": 0.01, \"high\": 0.2, \"log\": true}}"}
{"op_code":5,"worker_id":"e895d838-1a4f-4bb8-8579-da96ae948a8e-140193173047104","trial_id":394,"param_name":"n_estimators","param_value_internal":173.0,"distribution":"{\"name\": \"IntDistribution\", \"attributes\": {\"log\": false, \"step\": 1, \"low\": 50, \"high\": 200}}"}
{"op_code":5,"worker_id":"e895d838-1a4f-4bb8-8579-da96ae948a8e-140193173047104","trial_id":394,"param_name":"max_depth","param_value_internal":3.0,"distribution":"{\"name\": \"IntDistribution\", \"attributes\": {\"log\": false, \"step\": 1, \"low\": 2, \"high\": 5}}"}
{"op_code":6,"worker_id":"e895d838-1a4f-4bb8-8579-da96ae948a8e-140193173047104","trial_id":394,"state":1,"values":[0.7674037338360965],"datetime_complete":"2026-03-21T10:59:27.749991"}
{"op_code":4,"worker_id":"e895d838-1a4f-4bb8-8579-da96ae948a8e-140193173047104","study_id":0,"datetime_start":"2026-03-21T10:59:27.774365"}
{"op_code":5,"worker_id":"e895d838-1a4f-4bb8-8579-da96ae948a8e-140193173047104","trial_id":395,"param_name":"learning_rate","param_value_internal":0.06718445573833444,"distribution":"{\"name\": \"FloatDistribution\", \"attributes\": {\"step\": null, \"low\": 0.01, \"high\": 0.2, \"log\": true}}"}
{"op_code":5,"worker_id":"e895d838-1a4f-4bb8-8579-da96ae948a8e-140193173047104","trial_id":395,"param_name":"n_estimators","param_value_internal":168.0,"distribution":"{\"name\": \"IntDistribution\", \"attributes\": {\"log\": false, \"step\": 1, \"low\": 50, \"high\": 200}}"}
{"op_code":5,"worker_id":"e895d838-1a4f-4bb8-8579-da96ae948a8e-140193173047104","trial_id":395,"param_name":"max_depth","param_value_internal":3.0,"distribution":"{\"name\": \"IntDistribution\", \"attributes\": {\"log\": false, \"step\": 1, \"low\": 2, \"high\": 5}}"}
{"op_code":6,"worker_id":"e895d838-1a4f-4bb8-8579-da96ae948a8e-140193173047104","trial_id":395,"state":1,"values":[0.7638302559583581],"datetime_complete":"2026-03-21T11:00:02.890287"}
{"op_code":4,"worker_id":"e895d838-1a4f-4bb8-8579-da96ae948a8e-140193173047104","study_id":0,"datetime_start":"2026-03-21T11:00:02.914430"}
{"op_code":5,"worker_id":"e895d838-1a4f-4bb8-8579-da96ae948a8e-140193173047104","trial_id":396,"param_name":"learning_rate","param_value_internal":0.01764029887467273,"distribution":"{\"name\": \"FloatDistribution\", \"attributes\": {\"step\": null, \"low\": 0.01, \"high\": 0.2, \"log\": true}}"}
{"op_code":5,"worker_id":"e895d838-1a4f-4bb8-8579-da96ae948a8e-140193173047104","trial_id":396,"param_name":"n_estimators","param_value_internal":180.0,"distribution":"{\"name\": \"IntDistribution\", \"attributes\": {\"log\": false, \"step\": 1, \"low\": 50, \"high\": 200}}"}
{"op_code":5,"worker_id":"e895d838-1a4f-4bb8-8579-da96ae948a8e-140193173047104","trial_id":396,"param_name":"max_depth","param_value_internal":3.0,"distribution":"{\"name\": \"IntDistribution\", \"attributes\": {\"log\": false, \"step\": 1, \"low\": 2, \"high\": 5}}"}
{"op_code":6,"worker_id":"e895d838-1a4f-4bb8-8579-da96ae948a8e-140193173047104","trial_id":396,"state":1,"values":[0.7553333196712912],"datetime_complete":"2026-03-21T11:00:40.743526"}
{"op_code":4,"worker_id":"e895d838-1a4f-4bb8-8579-da96ae948a8e-140193173047104","study_id":0,"datetime_start":"2026-03-21T11:00:40.766109"}
{"op_code":5,"worker_id":"e895d838-1a4f-4bb8-8579-da96ae948a8e-140193173047104","trial_id":397,"param_name":"learning_rate","param_value_internal":0.19108313262615645,"distribution":"{\"name\": \"FloatDistribution\", \"attributes\": {\"step\": null, \"low\": 0.01, \"high\": 0.2, \"log\": true}}"}
{"op_code":5,"worker_id":"e895d838-1a4f-4bb8-8579-da96ae948a8e-140193173047104","trial_id":397,"param_name":"n_estimators","param_value_internal":162.0,"distribution":"{\"name\": \"IntDistribution\", \"attributes\": {\"log\": false, \"step\": 1, \"low\": 50, \"high\": 200}}"}
{"op_code":5,"worker_id":"e895d838-1a4f-4bb8-8579-da96ae948a8e-140193173047104","trial_id":397,"param_name":"max_depth","param_value_internal":3.0,"distribution":"{\"name\": \"IntDistribution\", \"attributes\": {\"log\": false, \"step\": 1, \"low\": 2, \"high\": 5}}"}
{"op_code":6,"worker_id":"e895d838-1a4f-4bb8-8579-da96ae948a8e-140193173047104","trial_id":397,"state":1,"values":[0.7675779248724307],"datetime_complete":"2026-03-21T11:01:14.987675"}
{"op_code":4,"worker_id":"e895d838-1a4f-4bb8-8579-da96ae948a8e-140193173047104","study_id":0,"datetime_start":"2026-03-21T11:01:15.009478"}
{"op_code":5,"worker_id":"e895d838-1a4f-4bb8-8579-da96ae948a8e-140193173047104","trial_id":398,"param_name":"learning_rate","param_value_internal":0.1992469008933348,"distribution":"{\"name\": \"FloatDistribution\", \"attributes\": {\"step\": null, \"low\": 0.01, \"high\": 0.2, \"log\": true}}"}
{"op_code":5,"worker_id":"e895d838-1a4f-4bb8-8579-da96ae948a8e-140193173047104","trial_id":398,"param_name":"n_estimators","param_value_internal":189.0,"distribution":"{\"name\": \"IntDistribution\", \"attributes\": {\"log\": false, \"step\": 1, \"low\": 50, \"high\": 200}}"}
{"op_code":5,"worker_id":"e895d838-1a4f-4bb8-8579-da96ae948a8e-140193173047104","trial_id":398,"param_name":"max_depth","param_value_internal":3.0,"distribution":"{\"name\": \"IntDistribution\", \"attributes\": {\"log\": false, \"step\": 1, \"low\": 2, \"high\": 5}}"}
{"op_code":6,"worker_id":"e895d838-1a4f-4bb8-8579-da96ae948a8e-140193173047104","trial_id":398,"state":1,"values":[0.766968256245261],"datetime_complete":"2026-03-21T11:01:54.946831"}
{"op_code":4,"worker_id":"e895d838-1a4f-4bb8-8579-da96ae948a8e-140193173047104","study_id":0,"datetime_start":"2026-03-21T11:01:54.966441"}
{"op_code":5,"worker_id":"e895d838-1a4f-4bb8-8579-da96ae948a8e-140193173047104","trial_id":399,"param_name":"learning_rate","param_value_internal":0.17545403137599283,"distribution":"{\"name\": \"FloatDistribution\", \"attributes\": {\"step\": null, \"low\": 0.01, \"high\": 0.2, \"log\": true}}"}
{"op_code":5,"worker_id":"e895d838-1a4f-4bb8-8579-da96ae948a8e-140193173047104","trial_id":399,"param_name":"n_estimators","param_value_internal":177.0,"distribution":"{\"name\": \"IntDistribution\", \"attributes\": {\"log\": false, \"step\": 1, \"low\": 50, \"high\": 200}}"}
{"op_code":5,"worker_id":"e895d838-1a4f-4bb8-8579-da96ae948a8e-140193173047104","trial_id":399,"param_name":"max_depth","param_value_internal":3.0,"distribution":"{\"name\": \"IntDistribution\", \"attributes\": {\"log\": false, \"step\": 1, \"low\": 2, \"high\": 5}}"}
{"op_code":6,"worker_id":"e895d838-1a4f-4bb8-8579-da96ae948a8e-140193173047104","trial_id":399,"state":1,"values":[0.766461052933582],"datetime_complete":"2026-03-21T11:02:32.635171"}
{"op_code":0,"worker_id":"82cd12c3-e712-4611-b826-b2800fd5433d-140193173047104","study_name":"gbsa_tuning","directions":[2]}
{"op_code":4,"worker_id":"82cd12c3-e712-4611-b826-b2800fd5433d-140193173047104","study_id":0,"datetime_start":"2026-03-21T11:12:34.152073"}
{"op_code":5,"worker_id":"82cd12c3-e712-4611-b826-b2800fd5433d-140193173047104","trial_id":400,"param_name":"learning_rate","param_value_internal":0.15645726277978075,"distribution":"{\"name\": \"FloatDistribution\", \"attributes\": {\"step\": null, \"low\": 0.01, \"high\": 0.2, \"log\": true}}"}
{"op_code":5,"worker_id":"82cd12c3-e712-4611-b826-b2800fd5433d-140193173047104","trial_id":400,"param_name":"n_estimators","param_value_internal":182.0,"distribution":"{\"name\": \"IntDistribution\", \"attributes\": {\"log\": false, \"step\": 1, \"low\": 50, \"high\": 200}}"}
{"op_code":5,"worker_id":"82cd12c3-e712-4611-b826-b2800fd5433d-140193173047104","trial_id":400,"param_name":"max_depth","param_value_internal":3.0,"distribution":"{\"name\": \"IntDistribution\", \"attributes\": {\"log\": false, \"step\": 1, \"low\": 2, \"high\": 5}}"}
{"op_code":6,"worker_id":"82cd12c3-e712-4611-b826-b2800fd5433d-140193173047104","trial_id":400,"state":1,"values":[0.7761563169164882],"datetime_complete":"2026-03-21T11:13:11.983188"}
{"op_code":4,"worker_id":"82cd12c3-e712-4611-b826-b2800fd5433d-140193173047104","study_id":0,"datetime_start":"2026-03-21T11:13:12.007430"}
{"op_code":5,"worker_id":"82cd12c3-e712-4611-b826-b2800fd5433d-140193173047104","trial_id":401,"param_name":"learning_rate","param_value_internal":0.18299796125411633,"distribution":"{\"name\": \"FloatDistribution\", \"attributes\": {\"step\": null, \"low\": 0.01, \"high\": 0.2, \"log\": true}}"}
{"op_code":5,"worker_id":"82cd12c3-e712-4611-b826-b2800fd5433d-140193173047104","trial_id":401,"param_name":"n_estimators","param_value_internal":186.0,"distribution":"{\"name\": \"IntDistribution\", \"attributes\": {\"log\": false, \"step\": 1, \"low\": 50, \"high\": 200}}"}
{"op_code":5,"worker_id":"82cd12c3-e712-4611-b826-b2800fd5433d-140193173047104","trial_id":401,"param_name":"max_depth","param_value_internal":3.0,"distribution":"{\"name\": \"IntDistribution\", \"attributes\": {\"log\": false, \"step\": 1, \"low\": 2, \"high\": 5}}"}
{"op_code":6,"worker_id":"82cd12c3-e712-4611-b826-b2800fd5433d-140193173047104","trial_id":401,"state":1,"values":[0.7762312633832976],"datetime_complete":"2026-03-21T11:13:50.636535"}
{"op_code":4,"worker_id":"82cd12c3-e712-4611-b826-b2800fd5433d-140193173047104","study_id":0,"datetime_start":"2026-03-21T11:13:50.664336"}
{"op_code":5,"worker_id":"82cd12c3-e712-4611-b826-b2800fd5433d-140193173047104","trial_id":402,"param_name":"learning_rate","param_value_internal":0.16879823653461026,"distribution":"{\"name\": \"FloatDistribution\", \"attributes\": {\"step\": null, \"low\": 0.01, \"high\": 0.2, \"log\": true}}"}
{"op_code":5,"worker_id":"82cd12c3-e712-4611-b826-b2800fd5433d-140193173047104","trial_id":402,"param_name":"n_estimators","param_value_internal":170.0,"distribution":"{\"name\": \"IntDistribution\", \"attributes\": {\"log\": false, \"step\": 1, \"low\": 50, \"high\": 200}}"}
{"op_code":5,"worker_id":"82cd12c3-e712-4611-b826-b2800fd5433d-140193173047104","trial_id":402,"param_name":"max_depth","param_value_internal":3.0,"distribution":"{\"name\": \"IntDistribution\", \"attributes\": {\"log\": false, \"step\": 1, \"low\": 2, \"high\": 5}}"}
{"op_code":6,"worker_id":"82cd12c3-e712-4611-b826-b2800fd5433d-140193173047104","trial_id":402,"state":1,"values":[0.7771199143468951],"datetime_complete":"2026-03-21T11:14:25.936388"}
{"op_code":4,"worker_id":"82cd12c3-e712-4611-b826-b2800fd5433d-140193173047104","study_id":0,"datetime_start":"2026-03-21T11:14:25.968550"}
{"op_code":5,"worker_id":"82cd12c3-e712-4611-b826-b2800fd5433d-140193173047104","trial_id":403,"param_name":"learning_rate","param_value_internal":0.04841069292662805,"distribution":"{\"name\": \"FloatDistribution\", \"attributes\": {\"step\": null, \"low\": 0.01, \"high\": 0.2, \"log\": true}}"}
{"op_code":5,"worker_id":"82cd12c3-e712-4611-b826-b2800fd5433d-140193173047104","trial_id":403,"param_name":"n_estimators","param_value_internal":175.0,"distribution":"{\"name\": \"IntDistribution\", \"attributes\": {\"log\": false, \"step\": 1, \"low\": 50, \"high\": 200}}"}
{"op_code":5,"worker_id":"82cd12c3-e712-4611-b826-b2800fd5433d-140193173047104","trial_id":403,"param_name":"max_depth","param_value_internal":3.0,"distribution":"{\"name\": \"IntDistribution\", \"attributes\": {\"log\": false, \"step\": 1, \"low\": 2, \"high\": 5}}"}
{"op_code":6,"worker_id":"82cd12c3-e712-4611-b826-b2800fd5433d-140193173047104","trial_id":403,"state":1,"values":[0.7732387580299785],"datetime_complete":"2026-03-21T11:15:02.406418"}
{"op_code":4,"worker_id":"82cd12c3-e712-4611-b826-b2800fd5433d-140193173047104","study_id":0,"datetime_start":"2026-03-21T11:15:02.428721"}
{"op_code":5,"worker_id":"82cd12c3-e712-4611-b826-b2800fd5433d-140193173047104","trial_id":404,"param_name":"learning_rate","param_value_internal":0.04302796756829443,"distribution":"{\"name\": \"FloatDistribution\", \"attributes\": {\"step\": null, \"low\": 0.01, \"high\": 0.2, \"log\": true}}"}
{"op_code":5,"worker_id":"82cd12c3-e712-4611-b826-b2800fd5433d-140193173047104","trial_id":404,"param_name":"n_estimators","param_value_internal":196.0,"distribution":"{\"name\": \"IntDistribution\", \"attributes\": {\"log\": false, \"step\": 1, \"low\": 50, \"high\": 200}}"}
{"op_code":5,"worker_id":"82cd12c3-e712-4611-b826-b2800fd5433d-140193173047104","trial_id":404,"param_name":"max_depth","param_value_internal":3.0,"distribution":"{\"name\": \"IntDistribution\", \"attributes\": {\"log\": false, \"step\": 1, \"low\": 2, \"high\": 5}}"}
{"op_code":6,"worker_id":"82cd12c3-e712-4611-b826-b2800fd5433d-140193173047104","trial_id":404,"state":1,"values":[0.7721386509635975],"datetime_complete":"2026-03-21T11:15:43.140370"}
{"op_code":4,"worker_id":"82cd12c3-e712-4611-b826-b2800fd5433d-140193173047104","study_id":0,"datetime_start":"2026-03-21T11:15:43.169622"}
{"op_code":5,"worker_id":"82cd12c3-e712-4611-b826-b2800fd5433d-140193173047104","trial_id":405,"param_name":"learning_rate","param_value_internal":0.19974115746671112,"distribution":"{\"name\": \"FloatDistribution\", \"attributes\": {\"step\": null, \"low\": 0.01, \"high\": 0.2, \"log\": true}}"}
{"op_code":5,"worker_id":"82cd12c3-e712-4611-b826-b2800fd5433d-140193173047104","trial_id":405,"param_name":"n_estimators","param_value_internal":193.0,"distribution":"{\"name\": \"IntDistribution\", \"attributes\": {\"log\": false, \"step\": 1, \"low\": 50, \"high\": 200}}"}
{"op_code":5,"worker_id":"82cd12c3-e712-4611-b826-b2800fd5433d-140193173047104","trial_id":405,"param_name":"max_depth","param_value_internal":3.0,"distribution":"{\"name\": \"IntDistribution\", \"attributes\": {\"log\": false, \"step\": 1, \"low\": 2, \"high\": 5}}"}
{"op_code":6,"worker_id":"82cd12c3-e712-4611-b826-b2800fd5433d-140193173047104","trial_id":405,"state":1,"values":[0.7770289079229122],"datetime_complete":"2026-03-21T11:16:23.328376"}
{"op_code":4,"worker_id":"82cd12c3-e712-4611-b826-b2800fd5433d-140193173047104","study_id":0,"datetime_start":"2026-03-21T11:16:23.359090"}
{"op_code":5,"worker_id":"82cd12c3-e712-4611-b826-b2800fd5433d-140193173047104","trial_id":406,"param_name":"learning_rate","param_value_internal":0.14713084675113924,"distribution":"{\"name\": \"FloatDistribution\", \"attributes\": {\"step\": null, \"low\": 0.01, \"high\": 0.2, \"log\": true}}"}
{"op_code":5,"worker_id":"82cd12c3-e712-4611-b826-b2800fd5433d-140193173047104","trial_id":406,"param_name":"n_estimators","param_value_internal":173.0,"distribution":"{\"name\": \"IntDistribution\", \"attributes\": {\"log\": false, \"step\": 1, \"low\": 50, \"high\": 200}}"}
{"op_code":5,"worker_id":"82cd12c3-e712-4611-b826-b2800fd5433d-140193173047104","trial_id":406,"param_name":"max_depth","param_value_internal":3.0,"distribution":"{\"name\": \"IntDistribution\", \"attributes\": {\"log\": false, \"step\": 1, \"low\": 2, \"high\": 5}}"}
{"op_code":6,"worker_id":"82cd12c3-e712-4611-b826-b2800fd5433d-140193173047104","trial_id":406,"state":1,"values":[0.7778265524625267],"datetime_complete":"2026-03-21T11:16:59.749953"}
{"op_code":4,"worker_id":"82cd12c3-e712-4611-b826-b2800fd5433d-140193173047104","study_id":0,"datetime_start":"2026-03-21T11:16:59.770939"}
{"op_code":5,"worker_id":"82cd12c3-e712-4611-b826-b2800fd5433d-140193173047104","trial_id":407,"param_name":"learning_rate","param_value_internal":0.07642257541480647,"distribution":"{\"name\": \"FloatDistribution\", \"attributes\": {\"step\": null, \"low\": 0.01, \"high\": 0.2, \"log\": true}}"}
{"op_code":5,"worker_id":"82cd12c3-e712-4611-b826-b2800fd5433d-140193173047104","trial_id":407,"param_name":"n_estimators","param_value_internal":178.0,"distribution":"{\"name\": \"IntDistribution\", \"attributes\": {\"log\": false, \"step\": 1, \"low\": 50, \"high\": 200}}"}
{"op_code":5,"worker_id":"82cd12c3-e712-4611-b826-b2800fd5433d-140193173047104","trial_id":407,"param_name":"max_depth","param_value_internal":3.0,"distribution":"{\"name\": \"IntDistribution\", \"attributes\": {\"log\": false, \"step\": 1, \"low\": 2, \"high\": 5}}"}
{"op_code":6,"worker_id":"82cd12c3-e712-4611-b826-b2800fd5433d-140193173047104","trial_id":407,"state":1,"values":[0.776482869379015],"datetime_complete":"2026-03-21T11:17:36.738018"}
{"op_code":4,"worker_id":"82cd12c3-e712-4611-b826-b2800fd5433d-140193173047104","study_id":0,"datetime_start":"2026-03-21T11:17:36.767031"}
{"op_code":5,"worker_id":"82cd12c3-e712-4611-b826-b2800fd5433d-140193173047104","trial_id":408,"param_name":"learning_rate","param_value_internal":0.1826218835595636,"distribution":"{\"name\": \"FloatDistribution\", \"attributes\": {\"step\": null, \"low\": 0.01, \"high\": 0.2, \"log\": true}}"}
{"op_code":5,"worker_id":"82cd12c3-e712-4611-b826-b2800fd5433d-140193173047104","trial_id":408,"param_name":"n_estimators","param_value_internal":120.0,"distribution":"{\"name\": \"IntDistribution\", \"attributes\": {\"log\": false, \"step\": 1, \"low\": 50, \"high\": 200}}"}
{"op_code":5,"worker_id":"82cd12c3-e712-4611-b826-b2800fd5433d-140193173047104","trial_id":408,"param_name":"max_depth","param_value_internal":3.0,"distribution":"{\"name\": \"IntDistribution\", \"attributes\": {\"log\": false, \"step\": 1, \"low\": 2, \"high\": 5}}"}
{"op_code":6,"worker_id":"82cd12c3-e712-4611-b826-b2800fd5433d-140193173047104","trial_id":408,"state":1,"values":[0.7789668094218415],"datetime_complete":"2026-03-21T11:18:02.179063"}
{"op_code":4,"worker_id":"82cd12c3-e712-4611-b826-b2800fd5433d-140193173047104","study_id":0,"datetime_start":"2026-03-21T11:18:02.202067"}
{"op_code":5,"worker_id":"82cd12c3-e712-4611-b826-b2800fd5433d-140193173047104","trial_id":409,"param_name":"learning_rate","param_value_internal":0.17267049449708677,"distribution":"{\"name\": \"FloatDistribution\", \"attributes\": {\"step\": null, \"low\": 0.01, \"high\": 0.2, \"log\": true}}"}
{"op_code":5,"worker_id":"82cd12c3-e712-4611-b826-b2800fd5433d-140193173047104","trial_id":409,"param_name":"n_estimators","param_value_internal":184.0,"distribution":"{\"name\": \"IntDistribution\", \"attributes\": {\"log\": false, \"step\": 1, \"low\": 50, \"high\": 200}}"}
{"op_code":5,"worker_id":"82cd12c3-e712-4611-b826-b2800fd5433d-140193173047104","trial_id":409,"param_name":"max_depth","param_value_internal":3.0,"distribution":"{\"name\": \"IntDistribution\", \"attributes\": {\"log\": false, \"step\": 1, \"low\": 2, \"high\": 5}}"}
{"op_code":6,"worker_id":"82cd12c3-e712-4611-b826-b2800fd5433d-140193173047104","trial_id":409,"state":1,"values":[0.7752783725910064],"datetime_complete":"2026-03-21T11:18:40.524380"}
{"op_code":0,"worker_id":"b1512729-4ddc-4e19-b242-0ba29fd80ad0-140193173047104","study_name":"gbsa_tuning","directions":[2]}
{"op_code":4,"worker_id":"b1512729-4ddc-4e19-b242-0ba29fd80ad0-140193173047104","study_id":0,"datetime_start":"2026-03-21T11:28:23.757620"}
{"op_code":5,"worker_id":"b1512729-4ddc-4e19-b242-0ba29fd80ad0-140193173047104","trial_id":410,"param_name":"learning_rate","param_value_internal":0.1881625652508104,"distribution":"{\"name\": \"FloatDistribution\", \"attributes\": {\"step\": null, \"low\": 0.01, \"high\": 0.2, \"log\": true}}"}
{"op_code":5,"worker_id":"b1512729-4ddc-4e19-b242-0ba29fd80ad0-140193173047104","trial_id":410,"param_name":"n_estimators","param_value_internal":158.0,"distribution":"{\"name\": \"IntDistribution\", \"attributes\": {\"log\": false, \"step\": 1, \"low\": 50, \"high\": 200}}"}
{"op_code":5,"worker_id":"b1512729-4ddc-4e19-b242-0ba29fd80ad0-140193173047104","trial_id":410,"param_name":"max_depth","param_value_internal":3.0,"distribution":"{\"name\": \"IntDistribution\", \"attributes\": {\"log\": false, \"step\": 1, \"low\": 2, \"high\": 5}}"}
{"op_code":6,"worker_id":"b1512729-4ddc-4e19-b242-0ba29fd80ad0-140193173047104","trial_id":410,"state":1,"values":[0.7545915941484127],"datetime_complete":"2026-03-21T11:28:57.001008"}
{"op_code":4,"worker_id":"b1512729-4ddc-4e19-b242-0ba29fd80ad0-140193173047104","study_id":0,"datetime_start":"2026-03-21T11:28:57.030269"}
{"op_code":5,"worker_id":"b1512729-4ddc-4e19-b242-0ba29fd80ad0-140193173047104","trial_id":411,"param_name":"learning_rate","param_value_internal":0.06960498611527753,"distribution":"{\"name\": \"FloatDistribution\", \"attributes\": {\"step\": null, \"low\": 0.01, \"high\": 0.2, \"log\": true}}"}
{"op_code":5,"worker_id":"b1512729-4ddc-4e19-b242-0ba29fd80ad0-140193173047104","trial_id":411,"param_name":"n_estimators","param_value_internal":166.0,"distribution":"{\"name\": \"IntDistribution\", \"attributes\": {\"log\": false, \"step\": 1, \"low\": 50, \"high\": 200}}"}
{"op_code":5,"worker_id":"b1512729-4ddc-4e19-b242-0ba29fd80ad0-140193173047104","trial_id":411,"param_name":"max_depth","param_value_internal":3.0,"distribution":"{\"name\": \"IntDistribution\", \"attributes\": {\"log\": false, \"step\": 1, \"low\": 2, \"high\": 5}}"}
{"op_code":6,"worker_id":"b1512729-4ddc-4e19-b242-0ba29fd80ad0-140193173047104","trial_id":411,"state":1,"values":[0.7527726483629488],"datetime_complete":"2026-03-21T11:29:31.561028"}
{"op_code":4,"worker_id":"b1512729-4ddc-4e19-b242-0ba29fd80ad0-140193173047104","study_id":0,"datetime_start":"2026-03-21T11:29:31.576514"}
{"op_code":5,"worker_id":"b1512729-4ddc-4e19-b242-0ba29fd80ad0-140193173047104","trial_id":412,"param_name":"learning_rate","param_value_internal":0.16227565926345244,"distribution":"{\"name\": \"FloatDistribution\", \"attributes\": {\"step\": null, \"low\": 0.01, \"high\": 0.2, \"log\": true}}"}
{"op_code":5,"worker_id":"b1512729-4ddc-4e19-b242-0ba29fd80ad0-140193173047104","trial_id":412,"param_name":"n_estimators","param_value_internal":188.0,"distribution":"{\"name\": \"IntDistribution\", \"attributes\": {\"log\": false, \"step\": 1, \"low\": 50, \"high\": 200}}"}
{"op_code":5,"worker_id":"b1512729-4ddc-4e19-b242-0ba29fd80ad0-140193173047104","trial_id":412,"param_name":"max_depth","param_value_internal":3.0,"distribution":"{\"name\": \"IntDistribution\", \"attributes\": {\"log\": false, \"step\": 1, \"low\": 2, \"high\": 5}}"}
{"op_code":6,"worker_id":"b1512729-4ddc-4e19-b242-0ba29fd80ad0-140193173047104","trial_id":412,"state":1,"values":[0.7545363070424715],"datetime_complete":"2026-03-21T11:30:10.629656"}
{"op_code":4,"worker_id":"b1512729-4ddc-4e19-b242-0ba29fd80ad0-140193173047104","study_id":0,"datetime_start":"2026-03-21T11:30:10.654787"}
{"op_code":5,"worker_id":"b1512729-4ddc-4e19-b242-0ba29fd80ad0-140193173047104","trial_id":413,"param_name":"learning_rate","param_value_internal":0.17888497143867538,"distribution":"{\"name\": \"FloatDistribution\", \"attributes\": {\"step\": null, \"low\": 0.01, \"high\": 0.2, \"log\": true}}"}
{"op_code":5,"worker_id":"b1512729-4ddc-4e19-b242-0ba29fd80ad0-140193173047104","trial_id":413,"param_name":"n_estimators","param_value_internal":181.0,"distribution":"{\"name\": \"IntDistribution\", \"attributes\": {\"log\": false, \"step\": 1, \"low\": 50, \"high\": 200}}"}
{"op_code":5,"worker_id":"b1512729-4ddc-4e19-b242-0ba29fd80ad0-140193173047104","trial_id":413,"param_name":"max_depth","param_value_internal":3.0,"distribution":"{\"name\": \"IntDistribution\", \"attributes\": {\"log\": false, \"step\": 1, \"low\": 2, \"high\": 5}}"}
{"op_code":6,"worker_id":"b1512729-4ddc-4e19-b242-0ba29fd80ad0-140193173047104","trial_id":413,"state":1,"values":[0.7565155854351648],"datetime_complete":"2026-03-21T11:30:48.206933"}
{"op_code":4,"worker_id":"b1512729-4ddc-4e19-b242-0ba29fd80ad0-140193173047104","study_id":0,"datetime_start":"2026-03-21T11:30:48.249249"}
{"op_code":5,"worker_id":"b1512729-4ddc-4e19-b242-0ba29fd80ad0-140193173047104","trial_id":414,"param_name":"learning_rate","param_value_internal":0.19010054704266768,"distribution":"{\"name\": \"FloatDistribution\", \"attributes\": {\"step\": null, \"low\": 0.01, \"high\": 0.2, \"log\": true}}"}
{"op_code":5,"worker_id":"b1512729-4ddc-4e19-b242-0ba29fd80ad0-140193173047104","trial_id":414,"param_name":"n_estimators","param_value_internal":126.0,"distribution":"{\"name\": \"IntDistribution\", \"attributes\": {\"log\": false, \"step\": 1, \"low\": 50, \"high\": 200}}"}
{"op_code":5,"worker_id":"b1512729-4ddc-4e19-b242-0ba29fd80ad0-140193173047104","trial_id":414,"param_name":"max_depth","param_value_internal":3.0,"distribution":"{\"name\": \"IntDistribution\", \"attributes\": {\"log\": false, \"step\": 1, \"low\": 2, \"high\": 5}}"}
{"op_code":6,"worker_id":"b1512729-4ddc-4e19-b242-0ba29fd80ad0-140193173047104","trial_id":414,"state":1,"values":[0.757245375233588],"datetime_complete":"2026-03-21T11:31:14.521107"}
{"op_code":4,"worker_id":"b1512729-4ddc-4e19-b242-0ba29fd80ad0-140193173047104","study_id":0,"datetime_start":"2026-03-21T11:31:14.549100"}
{"op_code":5,"worker_id":"b1512729-4ddc-4e19-b242-0ba29fd80ad0-140193173047104","trial_id":415,"param_name":"learning_rate","param_value_internal":0.08075105686649654,"distribution":"{\"name\": \"FloatDistribution\", \"attributes\": {\"step\": null, \"low\": 0.01, \"high\": 0.2, \"log\": true}}"}
{"op_code":5,"worker_id":"b1512729-4ddc-4e19-b242-0ba29fd80ad0-140193173047104","trial_id":415,"param_name":"n_estimators","param_value_internal":170.0,"distribution":"{\"name\": \"IntDistribution\", \"attributes\": {\"log\": false, \"step\": 1, \"low\": 50, \"high\": 200}}"}
{"op_code":5,"worker_id":"b1512729-4ddc-4e19-b242-0ba29fd80ad0-140193173047104","trial_id":415,"param_name":"max_depth","param_value_internal":3.0,"distribution":"{\"name\": \"IntDistribution\", \"attributes\": {\"log\": false, \"step\": 1, \"low\": 2, \"high\": 5}}"}
{"op_code":6,"worker_id":"b1512729-4ddc-4e19-b242-0ba29fd80ad0-140193173047104","trial_id":415,"state":1,"values":[0.7527781770735429],"datetime_complete":"2026-03-21T11:31:50.019882"}
{"op_code":4,"worker_id":"b1512729-4ddc-4e19-b242-0ba29fd80ad0-140193173047104","study_id":0,"datetime_start":"2026-03-21T11:31:50.042012"}
{"op_code":5,"worker_id":"b1512729-4ddc-4e19-b242-0ba29fd80ad0-140193173047104","trial_id":416,"param_name":"learning_rate","param_value_internal":0.16932634607172287,"distribution":"{\"name\": \"FloatDistribution\", \"attributes\": {\"step\": null, \"low\": 0.01, \"high\": 0.2, \"log\": true}}"}
{"op_code":5,"worker_id":"b1512729-4ddc-4e19-b242-0ba29fd80ad0-140193173047104","trial_id":416,"param_name":"n_estimators","param_value_internal":191.0,"distribution":"{\"name\": \"IntDistribution\", \"attributes\": {\"log\": false, \"step\": 1, \"low\": 50, \"high\": 200}}"}
{"op_code":5,"worker_id":"b1512729-4ddc-4e19-b242-0ba29fd80ad0-140193173047104","trial_id":416,"param_name":"max_depth","param_value_internal":3.0,"distribution":"{\"name\": \"IntDistribution\", \"attributes\": {\"log\": false, \"step\": 1, \"low\": 2, \"high\": 5}}"}
{"op_code":6,"worker_id":"b1512729-4ddc-4e19-b242-0ba29fd80ad0-140193173047104","trial_id":416,"state":1,"values":[0.7552108097349536],"datetime_complete":"2026-03-21T11:32:29.763905"}
{"op_code":4,"worker_id":"b1512729-4ddc-4e19-b242-0ba29fd80ad0-140193173047104","study_id":0,"datetime_start":"2026-03-21T11:32:29.805561"}
{"op_code":5,"worker_id":"b1512729-4ddc-4e19-b242-0ba29fd80ad0-140193173047104","trial_id":417,"param_name":"learning_rate","param_value_internal":0.06420858655567097,"distribution":"{\"name\": \"FloatDistribution\", \"attributes\": {\"step\": null, \"low\": 0.01, \"high\": 0.2, \"log\": true}}"}
{"op_code":5,"worker_id":"b1512729-4ddc-4e19-b242-0ba29fd80ad0-140193173047104","trial_id":417,"param_name":"n_estimators","param_value_internal":110.0,"distribution":"{\"name\": \"IntDistribution\", \"attributes\": {\"log\": false, \"step\": 1, \"low\": 50, \"high\": 200}}"}
{"op_code":5,"worker_id":"b1512729-4ddc-4e19-b242-0ba29fd80ad0-140193173047104","trial_id":417,"param_name":"max_depth","param_value_internal":3.0,"distribution":"{\"name\": \"IntDistribution\", \"attributes\": {\"log\": false, \"step\": 1, \"low\": 2, \"high\": 5}}"}
{"op_code":6,"worker_id":"b1512729-4ddc-4e19-b242-0ba29fd80ad0-140193173047104","trial_id":417,"state":1,"values":[0.7467491181706603],"datetime_complete":"2026-03-21T11:32:52.833419"}
{"op_code":4,"worker_id":"b1512729-4ddc-4e19-b242-0ba29fd80ad0-140193173047104","study_id":0,"datetime_start":"2026-03-21T11:32:52.861542"}
{"op_code":5,"worker_id":"b1512729-4ddc-4e19-b242-0ba29fd80ad0-140193173047104","trial_id":418,"param_name":"learning_rate","param_value_internal":0.19925569706380752,"distribution":"{\"name\": \"FloatDistribution\", \"attributes\": {\"step\": null, \"low\": 0.01, \"high\": 0.2, \"log\": true}}"}
{"op_code":5,"worker_id":"b1512729-4ddc-4e19-b242-0ba29fd80ad0-140193173047104","trial_id":418,"param_name":"n_estimators","param_value_internal":176.0,"distribution":"{\"name\": \"IntDistribution\", \"attributes\": {\"log\": false, \"step\": 1, \"low\": 50, \"high\": 200}}"}
{"op_code":5,"worker_id":"b1512729-4ddc-4e19-b242-0ba29fd80ad0-140193173047104","trial_id":418,"param_name":"max_depth","param_value_internal":3.0,"distribution":"{\"name\": \"IntDistribution\", \"attributes\": {\"log\": false, \"step\": 1, \"low\": 2, \"high\": 5}}"}
{"op_code":6,"worker_id":"b1512729-4ddc-4e19-b242-0ba29fd80ad0-140193173047104","trial_id":418,"state":1,"values":[0.7544865486471245],"datetime_complete":"2026-03-21T11:33:29.450683"}
{"op_code":4,"worker_id":"b1512729-4ddc-4e19-b242-0ba29fd80ad0-140193173047104","study_id":0,"datetime_start":"2026-03-21T11:33:29.464106"}
{"op_code":5,"worker_id":"b1512729-4ddc-4e19-b242-0ba29fd80ad0-140193173047104","trial_id":419,"param_name":"learning_rate","param_value_internal":0.15383035971998044,"distribution":"{\"name\": \"FloatDistribution\", \"attributes\": {\"step\": null, \"low\": 0.01, \"high\": 0.2, \"log\": true}}"}
{"op_code":5,"worker_id":"b1512729-4ddc-4e19-b242-0ba29fd80ad0-140193173047104","trial_id":419,"param_name":"n_estimators","param_value_internal":179.0,"distribution":"{\"name\": \"IntDistribution\", \"attributes\": {\"log\": false, \"step\": 1, \"low\": 50, \"high\": 200}}"}
{"op_code":5,"worker_id":"b1512729-4ddc-4e19-b242-0ba29fd80ad0-140193173047104","trial_id":419,"param_name":"max_depth","param_value_internal":3.0,"distribution":"{\"name\": \"IntDistribution\", \"attributes\": {\"log\": false, \"step\": 1, \"low\": 2, \"high\": 5}}"}
{"op_code":6,"worker_id":"b1512729-4ddc-4e19-b242-0ba29fd80ad0-140193173047104","trial_id":419,"state":1,"values":[0.7558687262956534],"datetime_complete":"2026-03-21T11:34:06.733589"}
{"op_code":0,"worker_id":"79afc790-3104-43a1-8e38-962ee5e2da01-140193173047104","study_name":"gbsa_tuning","directions":[2]}
{"op_code":4,"worker_id":"79afc790-3104-43a1-8e38-962ee5e2da01-140193173047104","study_id":0,"datetime_start":"2026-03-21T11:43:41.620745"}
{"op_code":5,"worker_id":"79afc790-3104-43a1-8e38-962ee5e2da01-140193173047104","trial_id":420,"param_name":"learning_rate","param_value_internal":0.07300186621210167,"distribution":"{\"name\": \"FloatDistribution\", \"attributes\": {\"step\": null, \"low\": 0.01, \"high\": 0.2, \"log\": true}}"}
{"op_code":5,"worker_id":"79afc790-3104-43a1-8e38-962ee5e2da01-140193173047104","trial_id":420,"param_name":"n_estimators","param_value_internal":185.0,"distribution":"{\"name\": \"IntDistribution\", \"attributes\": {\"log\": false, \"step\": 1, \"low\": 50, \"high\": 200}}"}
{"op_code":5,"worker_id":"79afc790-3104-43a1-8e38-962ee5e2da01-140193173047104","trial_id":420,"param_name":"max_depth","param_value_internal":2.0,"distribution":"{\"name\": \"IntDistribution\", \"attributes\": {\"log\": false, \"step\": 1, \"low\": 2, \"high\": 5}}"}
{"op_code":6,"worker_id":"79afc790-3104-43a1-8e38-962ee5e2da01-140193173047104","trial_id":420,"state":1,"values":[0.7734609517248167],"datetime_complete":"2026-03-21T11:44:19.840398"}
{"op_code":4,"worker_id":"79afc790-3104-43a1-8e38-962ee5e2da01-140193173047104","study_id":0,"datetime_start":"2026-03-21T11:44:19.859656"}
{"op_code":5,"worker_id":"79afc790-3104-43a1-8e38-962ee5e2da01-140193173047104","trial_id":421,"param_name":"learning_rate","param_value_internal":0.17964564557136573,"distribution":"{\"name\": \"FloatDistribution\", \"attributes\": {\"step\": null, \"low\": 0.01, \"high\": 0.2, \"log\": true}}"}
{"op_code":5,"worker_id":"79afc790-3104-43a1-8e38-962ee5e2da01-140193173047104","trial_id":421,"param_name":"n_estimators","param_value_internal":173.0,"distribution":"{\"name\": \"IntDistribution\", \"attributes\": {\"log\": false, \"step\": 1, \"low\": 50, \"high\": 200}}"}
{"op_code":5,"worker_id":"79afc790-3104-43a1-8e38-962ee5e2da01-140193173047104","trial_id":421,"param_name":"max_depth","param_value_internal":3.0,"distribution":"{\"name\": \"IntDistribution\", \"attributes\": {\"log\": false, \"step\": 1, \"low\": 2, \"high\": 5}}"}
{"op_code":6,"worker_id":"79afc790-3104-43a1-8e38-962ee5e2da01-140193173047104","trial_id":421,"state":1,"values":[0.7770669641148457],"datetime_complete":"2026-03-21T11:44:56.511554"}
{"op_code":4,"worker_id":"79afc790-3104-43a1-8e38-962ee5e2da01-140193173047104","study_id":0,"datetime_start":"2026-03-21T11:44:56.526583"}
{"op_code":5,"worker_id":"79afc790-3104-43a1-8e38-962ee5e2da01-140193173047104","trial_id":422,"param_name":"learning_rate","param_value_internal":0.1673729182744384,"distribution":"{\"name\": \"FloatDistribution\", \"attributes\": {\"step\": null, \"low\": 0.01, \"high\": 0.2, \"log\": true}}"}
{"op_code":5,"worker_id":"79afc790-3104-43a1-8e38-962ee5e2da01-140193173047104","trial_id":422,"param_name":"n_estimators","param_value_internal":188.0,"distribution":"{\"name\": \"IntDistribution\", \"attributes\": {\"log\": false, \"step\": 1, \"low\": 50, \"high\": 200}}"}
{"op_code":5,"worker_id":"79afc790-3104-43a1-8e38-962ee5e2da01-140193173047104","trial_id":422,"param_name":"max_depth","param_value_internal":3.0,"distribution":"{\"name\": \"IntDistribution\", \"attributes\": {\"log\": false, \"step\": 1, \"low\": 2, \"high\": 5}}"}
{"op_code":6,"worker_id":"79afc790-3104-43a1-8e38-962ee5e2da01-140193173047104","trial_id":422,"state":1,"values":[0.7761046317711836],"datetime_complete":"2026-03-21T11:45:36.280938"}
{"op_code":4,"worker_id":"79afc790-3104-43a1-8e38-962ee5e2da01-140193173047104","study_id":0,"datetime_start":"2026-03-21T11:45:36.303949"}
{"op_code":5,"worker_id":"79afc790-3104-43a1-8e38-962ee5e2da01-140193173047104","trial_id":423,"param_name":"learning_rate","param_value_internal":0.1891627863030751,"distribution":"{\"name\": \"FloatDistribution\", \"attributes\": {\"step\": null, \"low\": 0.01, \"high\": 0.2, \"log\": true}}"}
{"op_code":5,"worker_id":"79afc790-3104-43a1-8e38-962ee5e2da01-140193173047104","trial_id":423,"param_name":"n_estimators","param_value_internal":198.0,"distribution":"{\"name\": \"IntDistribution\", \"attributes\": {\"log\": false, \"step\": 1, \"low\": 50, \"high\": 200}}"}
{"op_code":5,"worker_id":"79afc790-3104-43a1-8e38-962ee5e2da01-140193173047104","trial_id":423,"param_name":"max_depth","param_value_internal":3.0,"distribution":"{\"name\": \"IntDistribution\", \"attributes\": {\"log\": false, \"step\": 1, \"low\": 2, \"high\": 5}}"}
{"op_code":6,"worker_id":"79afc790-3104-43a1-8e38-962ee5e2da01-140193173047104","trial_id":423,"state":1,"values":[0.7779691506870288],"datetime_complete":"2026-03-21T11:46:18.037071"}
{"op_code":4,"worker_id":"79afc790-3104-43a1-8e38-962ee5e2da01-140193173047104","study_id":0,"datetime_start":"2026-03-21T11:46:18.069346"}
{"op_code":5,"worker_id":"79afc790-3104-43a1-8e38-962ee5e2da01-140193173047104","trial_id":424,"param_name":"learning_rate","param_value_internal":0.05740375102914059,"distribution":"{\"name\": \"FloatDistribution\", \"attributes\": {\"step\": null, \"low\": 0.01, \"high\": 0.2, \"log\": true}}"}
{"op_code":5,"worker_id":"79afc790-3104-43a1-8e38-962ee5e2da01-140193173047104","trial_id":424,"param_name":"n_estimators","param_value_internal":183.0,"distribution":"{\"name\": \"IntDistribution\", \"attributes\": {\"log\": false, \"step\": 1, \"low\": 50, \"high\": 200}}"}
{"op_code":5,"worker_id":"79afc790-3104-43a1-8e38-962ee5e2da01-140193173047104","trial_id":424,"param_name":"max_depth","param_value_internal":3.0,"distribution":"{\"name\": \"IntDistribution\", \"attributes\": {\"log\": false, \"step\": 1, \"low\": 2, \"high\": 5}}"}
{"op_code":6,"worker_id":"79afc790-3104-43a1-8e38-962ee5e2da01-140193173047104","trial_id":424,"state":1,"values":[0.7765994674365325],"datetime_complete":"2026-03-21T11:46:56.716474"}
{"op_code":4,"worker_id":"79afc790-3104-43a1-8e38-962ee5e2da01-140193173047104","study_id":0,"datetime_start":"2026-03-21T11:46:56.733749"}
{"op_code":5,"worker_id":"79afc790-3104-43a1-8e38-962ee5e2da01-140193173047104","trial_id":425,"param_name":"learning_rate","param_value_internal":0.17986383385396595,"distribution":"{\"name\": \"FloatDistribution\", \"attributes\": {\"step\": null, \"low\": 0.01, \"high\": 0.2, \"log\": true}}"}
{"op_code":5,"worker_id":"79afc790-3104-43a1-8e38-962ee5e2da01-140193173047104","trial_id":425,"param_name":"n_estimators","param_value_internal":162.0,"distribution":"{\"name\": \"IntDistribution\", \"attributes\": {\"log\": false, \"step\": 1, \"low\": 50, \"high\": 200}}"}
{"op_code":5,"worker_id":"79afc790-3104-43a1-8e38-962ee5e2da01-140193173047104","trial_id":425,"param_name":"max_depth","param_value_internal":3.0,"distribution":"{\"name\": \"IntDistribution\", \"attributes\": {\"log\": false, \"step\": 1, \"low\": 2, \"high\": 5}}"}
{"op_code":6,"worker_id":"79afc790-3104-43a1-8e38-962ee5e2da01-140193173047104","trial_id":425,"state":1,"values":[0.7772200624422464],"datetime_complete":"2026-03-21T11:47:30.963210"}
{"op_code":4,"worker_id":"79afc790-3104-43a1-8e38-962ee5e2da01-140193173047104","study_id":0,"datetime_start":"2026-03-21T11:47:30.980540"}
{"op_code":5,"worker_id":"79afc790-3104-43a1-8e38-962ee5e2da01-140193173047104","trial_id":426,"param_name":"learning_rate","param_value_internal":0.16123853867842522,"distribution":"{\"name\": \"FloatDistribution\", \"attributes\": {\"step\": null, \"low\": 0.01, \"high\": 0.2, \"log\": true}}"}
{"op_code":5,"worker_id":"79afc790-3104-43a1-8e38-962ee5e2da01-140193173047104","trial_id":426,"param_name":"n_estimators","param_value_internal":194.0,"distribution":"{\"name\": \"IntDistribution\", \"attributes\": {\"log\": false, \"step\": 1, \"low\": 50, \"high\": 200}}"}
{"op_code":5,"worker_id":"79afc790-3104-43a1-8e38-962ee5e2da01-140193173047104","trial_id":426,"param_name":"max_depth","param_value_internal":3.0,"distribution":"{\"name\": \"IntDistribution\", \"attributes\": {\"log\": false, \"step\": 1, \"low\": 2, \"high\": 5}}"}
{"op_code":6,"worker_id":"79afc790-3104-43a1-8e38-962ee5e2da01-140193173047104","trial_id":426,"state":1,"values":[0.7776902930192631],"datetime_complete":"2026-03-21T11:48:11.993055"}
{"op_code":4,"worker_id":"79afc790-3104-43a1-8e38-962ee5e2da01-140193173047104","study_id":0,"datetime_start":"2026-03-21T11:48:12.013269"}
{"op_code":5,"worker_id":"79afc790-3104-43a1-8e38-962ee5e2da01-140193173047104","trial_id":427,"param_name":"learning_rate","param_value_internal":0.18768798469471118,"distribution":"{\"name\": \"FloatDistribution\", \"attributes\": {\"step\": null, \"low\": 0.01, \"high\": 0.2, \"log\": true}}"}
{"op_code":5,"worker_id":"79afc790-3104-43a1-8e38-962ee5e2da01-140193173047104","trial_id":427,"param_name":"n_estimators","param_value_internal":166.0,"distribution":"{\"name\": \"IntDistribution\", \"attributes\": {\"log\": false, \"step\": 1, \"low\": 50, \"high\": 200}}"}
{"op_code":5,"worker_id":"79afc790-3104-43a1-8e38-962ee5e2da01-140193173047104","trial_id":427,"param_name":"max_depth","param_value_internal":3.0,"distribution":"{\"name\": \"IntDistribution\", \"attributes\": {\"log\": false, \"step\": 1, \"low\": 2, \"high\": 5}}"}
{"op_code":6,"worker_id":"79afc790-3104-43a1-8e38-962ee5e2da01-140193173047104","trial_id":427,"state":1,"values":[0.7764764419948712],"datetime_complete":"2026-03-21T11:48:47.096323"}
{"op_code":4,"worker_id":"79afc790-3104-43a1-8e38-962ee5e2da01-140193173047104","study_id":0,"datetime_start":"2026-03-21T11:48:47.112508"}
{"op_code":5,"worker_id":"79afc790-3104-43a1-8e38-962ee5e2da01-140193173047104","trial_id":428,"param_name":"learning_rate","param_value_internal":0.037747538523052036,"distribution":"{\"name\": \"FloatDistribution\", \"attributes\": {\"step\": null, \"low\": 0.01, \"high\": 0.2, \"log\": true}}"}
{"op_code":5,"worker_id":"79afc790-3104-43a1-8e38-962ee5e2da01-140193173047104","trial_id":428,"param_name":"n_estimators","param_value_internal":176.0,"distribution":"{\"name\": \"IntDistribution\", \"attributes\": {\"log\": false, \"step\": 1, \"low\": 50, \"high\": 200}}"}
{"op_code":5,"worker_id":"79afc790-3104-43a1-8e38-962ee5e2da01-140193173047104","trial_id":428,"param_name":"max_depth","param_value_internal":3.0,"distribution":"{\"name\": \"IntDistribution\", \"attributes\": {\"log\": false, \"step\": 1, \"low\": 2, \"high\": 5}}"}
{"op_code":6,"worker_id":"79afc790-3104-43a1-8e38-962ee5e2da01-140193173047104","trial_id":428,"state":1,"values":[0.7717686684272974],"datetime_complete":"2026-03-21T11:49:24.214616"}
{"op_code":4,"worker_id":"79afc790-3104-43a1-8e38-962ee5e2da01-140193173047104","study_id":0,"datetime_start":"2026-03-21T11:49:24.234972"}
{"op_code":5,"worker_id":"79afc790-3104-43a1-8e38-962ee5e2da01-140193173047104","trial_id":429,"param_name":"learning_rate","param_value_internal":0.17224304118963665,"distribution":"{\"name\": \"FloatDistribution\", \"attributes\": {\"step\": null, \"low\": 0.01, \"high\": 0.2, \"log\": true}}"}
{"op_code":5,"worker_id":"79afc790-3104-43a1-8e38-962ee5e2da01-140193173047104","trial_id":429,"param_name":"n_estimators","param_value_internal":171.0,"distribution":"{\"name\": \"IntDistribution\", \"attributes\": {\"log\": false, \"step\": 1, \"low\": 50, \"high\": 200}}"}
{"op_code":5,"worker_id":"79afc790-3104-43a1-8e38-962ee5e2da01-140193173047104","trial_id":429,"param_name":"max_depth","param_value_internal":3.0,"distribution":"{\"name\": \"IntDistribution\", \"attributes\": {\"log\": false, \"step\": 1, \"low\": 2, \"high\": 5}}"}
{"op_code":6,"worker_id":"79afc790-3104-43a1-8e38-962ee5e2da01-140193173047104","trial_id":429,"state":1,"values":[0.7755523842330594],"datetime_complete":"2026-03-21T11:50:00.409324"}
{"op_code":0,"worker_id":"a7cbd6aa-8e8b-415f-97a5-f999d869313a-140193173047104","study_name":"gbsa_tuning","directions":[2]}
{"op_code":4,"worker_id":"a7cbd6aa-8e8b-415f-97a5-f999d869313a-140193173047104","study_id":0,"datetime_start":"2026-03-21T12:00:22.811463"}
{"op_code":5,"worker_id":"a7cbd6aa-8e8b-415f-97a5-f999d869313a-140193173047104","trial_id":430,"param_name":"learning_rate","param_value_internal":0.19919059931764216,"distribution":"{\"name\": \"FloatDistribution\", \"attributes\": {\"step\": null, \"low\": 0.01, \"high\": 0.2, \"log\": true}}"}
{"op_code":5,"worker_id":"a7cbd6aa-8e8b-415f-97a5-f999d869313a-140193173047104","trial_id":430,"param_name":"n_estimators","param_value_internal":181.0,"distribution":"{\"name\": \"IntDistribution\", \"attributes\": {\"log\": false, \"step\": 1, \"low\": 50, \"high\": 200}}"}
{"op_code":5,"worker_id":"a7cbd6aa-8e8b-415f-97a5-f999d869313a-140193173047104","trial_id":430,"param_name":"max_depth","param_value_internal":3.0,"distribution":"{\"name\": \"IntDistribution\", \"attributes\": {\"log\": false, \"step\": 1, \"low\": 2, \"high\": 5}}"}
{"op_code":6,"worker_id":"a7cbd6aa-8e8b-415f-97a5-f999d869313a-140193173047104","trial_id":430,"state":1,"values":[0.776719508389027],"datetime_complete":"2026-03-21T12:01:00.807454"}
{"op_code":4,"worker_id":"a7cbd6aa-8e8b-415f-97a5-f999d869313a-140193173047104","study_id":0,"datetime_start":"2026-03-21T12:01:00.830563"}
{"op_code":5,"worker_id":"a7cbd6aa-8e8b-415f-97a5-f999d869313a-140193173047104","trial_id":431,"param_name":"learning_rate","param_value_internal":0.139089295427752,"distribution":"{\"name\": \"FloatDistribution\", \"attributes\": {\"step\": null, \"low\": 0.01, \"high\": 0.2, \"log\": true}}"}
{"op_code":5,"worker_id":"a7cbd6aa-8e8b-415f-97a5-f999d869313a-140193173047104","trial_id":431,"param_name":"n_estimators","param_value_internal":191.0,"distribution":"{\"name\": \"IntDistribution\", \"attributes\": {\"log\": false, \"step\": 1, \"low\": 50, \"high\": 200}}"}
{"op_code":5,"worker_id":"a7cbd6aa-8e8b-415f-97a5-f999d869313a-140193173047104","trial_id":431,"param_name":"max_depth","param_value_internal":3.0,"distribution":"{\"name\": \"IntDistribution\", \"attributes\": {\"log\": false, \"step\": 1, \"low\": 2, \"high\": 5}}"}
{"op_code":6,"worker_id":"a7cbd6aa-8e8b-415f-97a5-f999d869313a-140193173047104","trial_id":431,"state":1,"values":[0.7752827731680281],"datetime_complete":"2026-03-21T12:01:40.841977"}
{"op_code":4,"worker_id":"a7cbd6aa-8e8b-415f-97a5-f999d869313a-140193173047104","study_id":0,"datetime_start":"2026-03-21T12:01:40.889739"}
{"op_code":5,"worker_id":"a7cbd6aa-8e8b-415f-97a5-f999d869313a-140193173047104","trial_id":432,"param_name":"learning_rate","param_value_internal":0.17821037555270886,"distribution":"{\"name\": \"FloatDistribution\", \"attributes\": {\"step\": null, \"low\": 0.01, \"high\": 0.2, \"log\": true}}"}
{"op_code":5,"worker_id":"a7cbd6aa-8e8b-415f-97a5-f999d869313a-140193173047104","trial_id":432,"param_name":"n_estimators","param_value_internal":179.0,"distribution":"{\"name\": \"IntDistribution\", \"attributes\": {\"log\": false, \"step\": 1, \"low\": 50, \"high\": 200}}"}
{"op_code":5,"worker_id":"a7cbd6aa-8e8b-415f-97a5-f999d869313a-140193173047104","trial_id":432,"param_name":"max_depth","param_value_internal":3.0,"distribution":"{\"name\": \"IntDistribution\", \"attributes\": {\"log\": false, \"step\": 1, \"low\": 2, \"high\": 5}}"}
{"op_code":6,"worker_id":"a7cbd6aa-8e8b-415f-97a5-f999d869313a-140193173047104","trial_id":432,"state":1,"values":[0.7753957748146235],"datetime_complete":"2026-03-21T12:02:18.441644"}
{"op_code":4,"worker_id":"a7cbd6aa-8e8b-415f-97a5-f999d869313a-140193173047104","study_id":0,"datetime_start":"2026-03-21T12:02:18.464004"}
{"op_code":5,"worker_id":"a7cbd6aa-8e8b-415f-97a5-f999d869313a-140193173047104","trial_id":433,"param_name":"learning_rate","param_value_internal":0.1892981464668209,"distribution":"{\"name\": \"FloatDistribution\", \"attributes\": {\"step\": null, \"low\": 0.01, \"high\": 0.2, \"log\": true}}"}
{"op_code":5,"worker_id":"a7cbd6aa-8e8b-415f-97a5-f999d869313a-140193173047104","trial_id":433,"param_name":"n_estimators","param_value_internal":169.0,"distribution":"{\"name\": \"IntDistribution\", \"attributes\": {\"log\": false, \"step\": 1, \"low\": 50, \"high\": 200}}"}
{"op_code":5,"worker_id":"a7cbd6aa-8e8b-415f-97a5-f999d869313a-140193173047104","trial_id":433,"param_name":"max_depth","param_value_internal":3.0,"distribution":"{\"name\": \"IntDistribution\", \"attributes\": {\"log\": false, \"step\": 1, \"low\": 2, \"high\": 5}}"}
{"op_code":6,"worker_id":"a7cbd6aa-8e8b-415f-97a5-f999d869313a-140193173047104","trial_id":433,"state":1,"values":[0.7767786997277198],"datetime_complete":"2026-03-21T12:02:53.968941"}
{"op_code":4,"worker_id":"a7cbd6aa-8e8b-415f-97a5-f999d869313a-140193173047104","study_id":0,"datetime_start":"2026-03-21T12:02:53.985504"}
{"op_code":5,"worker_id":"a7cbd6aa-8e8b-415f-97a5-f999d869313a-140193173047104","trial_id":434,"param_name":"learning_rate","param_value_internal":0.15731975976188578,"distribution":"{\"name\": \"FloatDistribution\", \"attributes\": {\"step\": null, \"low\": 0.01, \"high\": 0.2, \"log\": true}}"}
{"op_code":5,"worker_id":"a7cbd6aa-8e8b-415f-97a5-f999d869313a-140193173047104","trial_id":434,"param_name":"n_estimators","param_value_internal":173.0,"distribution":"{\"name\": \"IntDistribution\", \"attributes\": {\"log\": false, \"step\": 1, \"low\": 50, \"high\": 200}}"}
{"op_code":5,"worker_id":"a7cbd6aa-8e8b-415f-97a5-f999d869313a-140193173047104","trial_id":434,"param_name":"max_depth","param_value_internal":3.0,"distribution":"{\"name\": \"IntDistribution\", \"attributes\": {\"log\": false, \"step\": 1, \"low\": 2, \"high\": 5}}"}
{"op_code":6,"worker_id":"a7cbd6aa-8e8b-415f-97a5-f999d869313a-140193173047104","trial_id":434,"state":1,"values":[0.7762513587102745],"datetime_complete":"2026-03-21T12:03:30.168629"}
{"op_code":4,"worker_id":"a7cbd6aa-8e8b-415f-97a5-f999d869313a-140193173047104","study_id":0,"datetime_start":"2026-03-21T12:03:30.188627"}
{"op_code":5,"worker_id":"a7cbd6aa-8e8b-415f-97a5-f999d869313a-140193173047104","trial_id":435,"param_name":"learning_rate","param_value_internal":0.07595699904126237,"distribution":"{\"name\": \"FloatDistribution\", \"attributes\": {\"step\": null, \"low\": 0.01, \"high\": 0.2, \"log\": true}}"}
{"op_code":5,"worker_id":"a7cbd6aa-8e8b-415f-97a5-f999d869313a-140193173047104","trial_id":435,"param_name":"n_estimators","param_value_internal":116.0,"distribution":"{\"name\": \"IntDistribution\", \"attributes\": {\"log\": false, \"step\": 1, \"low\": 50, \"high\": 200}}"}
{"op_code":5,"worker_id":"a7cbd6aa-8e8b-415f-97a5-f999d869313a-140193173047104","trial_id":435,"param_name":"max_depth","param_value_internal":3.0,"distribution":"{\"name\": \"IntDistribution\", \"attributes\": {\"log\": false, \"step\": 1, \"low\": 2, \"high\": 5}}"}
{"op_code":6,"worker_id":"a7cbd6aa-8e8b-415f-97a5-f999d869313a-140193173047104","trial_id":435,"state":1,"values":[0.7603988420021739],"datetime_complete":"2026-03-21T12:03:54.536964"}
{"op_code":4,"worker_id":"a7cbd6aa-8e8b-415f-97a5-f999d869313a-140193173047104","study_id":0,"datetime_start":"2026-03-21T12:03:54.564700"}
{"op_code":5,"worker_id":"a7cbd6aa-8e8b-415f-97a5-f999d869313a-140193173047104","trial_id":436,"param_name":"learning_rate","param_value_internal":0.17692331380360193,"distribution":"{\"name\": \"FloatDistribution\", \"attributes\": {\"step\": null, \"low\": 0.01, \"high\": 0.2, \"log\": true}}"}
{"op_code":5,"worker_id":"a7cbd6aa-8e8b-415f-97a5-f999d869313a-140193173047104","trial_id":436,"param_name":"n_estimators","param_value_internal":186.0,"distribution":"{\"name\": \"IntDistribution\", \"attributes\": {\"log\": false, \"step\": 1, \"low\": 50, \"high\": 200}}"}
{"op_code":5,"worker_id":"a7cbd6aa-8e8b-415f-97a5-f999d869313a-140193173047104","trial_id":436,"param_name":"max_depth","param_value_internal":3.0,"distribution":"{\"name\": \"IntDistribution\", \"attributes\": {\"log\": false, \"step\": 1, \"low\": 2, \"high\": 5}}"}
{"op_code":6,"worker_id":"a7cbd6aa-8e8b-415f-97a5-f999d869313a-140193173047104","trial_id":436,"state":1,"values":[0.7744325703031673],"datetime_complete":"2026-03-21T12:04:33.596169"}
{"op_code":4,"worker_id":"a7cbd6aa-8e8b-415f-97a5-f999d869313a-140193173047104","study_id":0,"datetime_start":"2026-03-21T12:04:33.619615"}
{"op_code":5,"worker_id":"a7cbd6aa-8e8b-415f-97a5-f999d869313a-140193173047104","trial_id":437,"param_name":"learning_rate","param_value_internal":0.19952675665502875,"distribution":"{\"name\": \"FloatDistribution\", \"attributes\": {\"step\": null, \"low\": 0.01, \"high\": 0.2, \"log\": true}}"}
{"op_code":5,"worker_id":"a7cbd6aa-8e8b-415f-97a5-f999d869313a-140193173047104","trial_id":437,"param_name":"n_estimators","param_value_internal":177.0,"distribution":"{\"name\": \"IntDistribution\", \"attributes\": {\"log\": false, \"step\": 1, \"low\": 50, \"high\": 200}}"}
{"op_code":5,"worker_id":"a7cbd6aa-8e8b-415f-97a5-f999d869313a-140193173047104","trial_id":437,"param_name":"max_depth","param_value_internal":3.0,"distribution":"{\"name\": \"IntDistribution\", \"attributes\": {\"log\": false, \"step\": 1, \"low\": 2, \"high\": 5}}"}
{"op_code":6,"worker_id":"a7cbd6aa-8e8b-415f-97a5-f999d869313a-140193173047104","trial_id":437,"state":1,"values":[0.7758531624317955],"datetime_complete":"2026-03-21T12:05:10.631344"}
{"op_code":4,"worker_id":"a7cbd6aa-8e8b-415f-97a5-f999d869313a-140193173047104","study_id":0,"datetime_start":"2026-03-21T12:05:10.665772"}
{"op_code":5,"worker_id":"a7cbd6aa-8e8b-415f-97a5-f999d869313a-140193173047104","trial_id":438,"param_name":"learning_rate","param_value_internal":0.06815169134263914,"distribution":"{\"name\": \"FloatDistribution\", \"attributes\": {\"step\": null, \"low\": 0.01, \"high\": 0.2, \"log\": true}}"}
{"op_code":5,"worker_id":"a7cbd6aa-8e8b-415f-97a5-f999d869313a-140193173047104","trial_id":438,"param_name":"n_estimators","param_value_internal":194.0,"distribution":"{\"name\": \"IntDistribution\", \"attributes\": {\"log\": false, \"step\": 1, \"low\": 50, \"high\": 200}}"}
{"op_code":5,"worker_id":"a7cbd6aa-8e8b-415f-97a5-f999d869313a-140193173047104","trial_id":438,"param_name":"max_depth","param_value_internal":3.0,"distribution":"{\"name\": \"IntDistribution\", \"attributes\": {\"log\": false, \"step\": 1, \"low\": 2, \"high\": 5}}"}
{"op_code":6,"worker_id":"a7cbd6aa-8e8b-415f-97a5-f999d869313a-140193173047104","trial_id":438,"state":1,"values":[0.7662184268018382],"datetime_complete":"2026-03-21T12:05:51.319686"}
{"op_code":4,"worker_id":"a7cbd6aa-8e8b-415f-97a5-f999d869313a-140193173047104","study_id":0,"datetime_start":"2026-03-21T12:05:51.353511"}
{"op_code":5,"worker_id":"a7cbd6aa-8e8b-415f-97a5-f999d869313a-140193173047104","trial_id":439,"param_name":"learning_rate","param_value_internal":0.08256035458769283,"distribution":"{\"name\": \"FloatDistribution\", \"attributes\": {\"step\": null, \"low\": 0.01, \"high\": 0.2, \"log\": true}}"}
{"op_code":5,"worker_id":"a7cbd6aa-8e8b-415f-97a5-f999d869313a-140193173047104","trial_id":439,"param_name":"n_estimators","param_value_internal":183.0,"distribution":"{\"name\": \"IntDistribution\", \"attributes\": {\"log\": false, \"step\": 1, \"low\": 50, \"high\": 200}}"}
{"op_code":5,"worker_id":"a7cbd6aa-8e8b-415f-97a5-f999d869313a-140193173047104","trial_id":439,"param_name":"max_depth","param_value_internal":3.0,"distribution":"{\"name\": \"IntDistribution\", \"attributes\": {\"log\": false, \"step\": 1, \"low\": 2, \"high\": 5}}"}
{"op_code":6,"worker_id":"a7cbd6aa-8e8b-415f-97a5-f999d869313a-140193173047104","trial_id":439,"state":1,"values":[0.7679995479934136],"datetime_complete":"2026-03-21T12:06:29.782650"}
{"op_code":0,"worker_id":"45017045-ca88-4eb4-9494-afb0efcf8107-140193173047104","study_name":"gbsa_tuning","directions":[2]}
{"op_code":4,"worker_id":"45017045-ca88-4eb4-9494-afb0efcf8107-140193173047104","study_id":0,"datetime_start":"2026-03-21T12:16:09.163932"}
{"op_code":5,"worker_id":"45017045-ca88-4eb4-9494-afb0efcf8107-140193173047104","trial_id":440,"param_name":"learning_rate","param_value_internal":0.16863222230404445,"distribution":"{\"name\": \"FloatDistribution\", \"attributes\": {\"step\": null, \"low\": 0.01, \"high\": 0.2, \"log\": true}}"}
{"op_code":5,"worker_id":"45017045-ca88-4eb4-9494-afb0efcf8107-140193173047104","trial_id":440,"param_name":"n_estimators","param_value_internal":189.0,"distribution":"{\"name\": \"IntDistribution\", \"attributes\": {\"log\": false, \"step\": 1, \"low\": 50, \"high\": 200}}"}
{"op_code":5,"worker_id":"45017045-ca88-4eb4-9494-afb0efcf8107-140193173047104","trial_id":440,"param_name":"max_depth","param_value_internal":3.0,"distribution":"{\"name\": \"IntDistribution\", \"attributes\": {\"log\": false, \"step\": 1, \"low\": 2, \"high\": 5}}"}
{"op_code":6,"worker_id":"45017045-ca88-4eb4-9494-afb0efcf8107-140193173047104","trial_id":440,"state":1,"values":[0.7757372822566109],"datetime_complete":"2026-03-21T12:16:49.232004"}
{"op_code":4,"worker_id":"45017045-ca88-4eb4-9494-afb0efcf8107-140193173047104","study_id":0,"datetime_start":"2026-03-21T12:16:51.023836"}
{"op_code":5,"worker_id":"45017045-ca88-4eb4-9494-afb0efcf8107-140193173047104","trial_id":441,"param_name":"learning_rate","param_value_internal":0.14731282090093092,"distribution":"{\"name\": \"FloatDistribution\", \"attributes\": {\"step\": null, \"low\": 0.01, \"high\": 0.2, \"log\": true}}"}
{"op_code":5,"worker_id":"45017045-ca88-4eb4-9494-afb0efcf8107-140193173047104","trial_id":441,"param_name":"n_estimators","param_value_internal":168.0,"distribution":"{\"name\": \"IntDistribution\", \"attributes\": {\"log\": false, \"step\": 1, \"low\": 50, \"high\": 200}}"}
{"op_code":5,"worker_id":"45017045-ca88-4eb4-9494-afb0efcf8107-140193173047104","trial_id":441,"param_name":"max_depth","param_value_internal":3.0,"distribution":"{\"name\": \"IntDistribution\", \"attributes\": {\"log\": false, \"step\": 1, \"low\": 2, \"high\": 5}}"}
{"op_code":6,"worker_id":"45017045-ca88-4eb4-9494-afb0efcf8107-140193173047104","trial_id":441,"state":1,"values":[0.7744645520044136],"datetime_complete":"2026-03-21T12:17:26.586705"}
{"op_code":4,"worker_id":"45017045-ca88-4eb4-9494-afb0efcf8107-140193173047104","study_id":0,"datetime_start":"2026-03-21T12:17:26.600936"}
{"op_code":5,"worker_id":"45017045-ca88-4eb4-9494-afb0efcf8107-140193173047104","trial_id":442,"param_name":"learning_rate","param_value_internal":0.18681948525768335,"distribution":"{\"name\": \"FloatDistribution\", \"attributes\": {\"step\": null, \"low\": 0.01, \"high\": 0.2, \"log\": true}}"}
{"op_code":5,"worker_id":"45017045-ca88-4eb4-9494-afb0efcf8107-140193173047104","trial_id":442,"param_name":"n_estimators","param_value_internal":174.0,"distribution":"{\"name\": \"IntDistribution\", \"attributes\": {\"log\": false, \"step\": 1, \"low\": 50, \"high\": 200}}"}
{"op_code":5,"worker_id":"45017045-ca88-4eb4-9494-afb0efcf8107-140193173047104","trial_id":442,"param_name":"max_depth","param_value_internal":4.0,"distribution":"{\"name\": \"IntDistribution\", \"attributes\": {\"log\": false, \"step\": 1, \"low\": 2, \"high\": 5}}"}
{"op_code":6,"worker_id":"45017045-ca88-4eb4-9494-afb0efcf8107-140193173047104","trial_id":442,"state":1,"values":[0.7750763365033239],"datetime_complete":"2026-03-21T12:18:04.113447"}
{"op_code":4,"worker_id":"45017045-ca88-4eb4-9494-afb0efcf8107-140193173047104","study_id":0,"datetime_start":"2026-03-21T12:18:04.134791"}
{"op_code":5,"worker_id":"45017045-ca88-4eb4-9494-afb0efcf8107-140193173047104","trial_id":443,"param_name":"learning_rate","param_value_internal":0.1651318566594379,"distribution":"{\"name\": \"FloatDistribution\", \"attributes\": {\"step\": null, \"low\": 0.01, \"high\": 0.2, \"log\": true}}"}
{"op_code":5,"worker_id":"45017045-ca88-4eb4-9494-afb0efcf8107-140193173047104","trial_id":443,"param_name":"n_estimators","param_value_internal":178.0,"distribution":"{\"name\": \"IntDistribution\", \"attributes\": {\"log\": false, \"step\": 1, \"low\": 50, \"high\": 200}}"}
{"op_code":5,"worker_id":"45017045-ca88-4eb4-9494-afb0efcf8107-140193173047104","trial_id":443,"param_name":"max_depth","param_value_internal":3.0,"distribution":"{\"name\": \"IntDistribution\", \"attributes\": {\"log\": false, \"step\": 1, \"low\": 2, \"high\": 5}}"}
{"op_code":6,"worker_id":"45017045-ca88-4eb4-9494-afb0efcf8107-140193173047104","trial_id":443,"state":1,"values":[0.77531668041361],"datetime_complete":"2026-03-21T12:18:41.684750"}
{"op_code":4,"worker_id":"45017045-ca88-4eb4-9494-afb0efcf8107-140193173047104","study_id":0,"datetime_start":"2026-03-21T12:18:41.698409"}
{"op_code":5,"worker_id":"45017045-ca88-4eb4-9494-afb0efcf8107-140193173047104","trial_id":444,"param_name":"learning_rate","param_value_internal":0.18286336904731482,"distribution":"{\"name\": \"FloatDistribution\", \"attributes\": {\"step\": null, \"low\": 0.01, \"high\": 0.2, \"log\": true}}"}
{"op_code":5,"worker_id":"45017045-ca88-4eb4-9494-afb0efcf8107-140193173047104","trial_id":444,"param_name":"n_estimators","param_value_internal":121.0,"distribution":"{\"name\": \"IntDistribution\", \"attributes\": {\"log\": false, \"step\": 1, \"low\": 50, \"high\": 200}}"}
{"op_code":5,"worker_id":"45017045-ca88-4eb4-9494-afb0efcf8107-140193173047104","trial_id":444,"param_name":"max_depth","param_value_internal":3.0,"distribution":"{\"name\": \"IntDistribution\", \"attributes\": {\"log\": false, \"step\": 1, \"low\": 2, \"high\": 5}}"}
{"op_code":6,"worker_id":"45017045-ca88-4eb4-9494-afb0efcf8107-140193173047104","trial_id":444,"state":1,"values":[0.7741805092013481],"datetime_complete":"2026-03-21T12:19:07.264434"}
{"op_code":4,"worker_id":"45017045-ca88-4eb4-9494-afb0efcf8107-140193173047104","study_id":0,"datetime_start":"2026-03-21T12:19:07.279733"}
{"op_code":5,"worker_id":"45017045-ca88-4eb4-9494-afb0efcf8107-140193173047104","trial_id":445,"param_name":"learning_rate","param_value_internal":0.1999748370129664,"distribution":"{\"name\": \"FloatDistribution\", \"attributes\": {\"step\": null, \"low\": 0.01, \"high\": 0.2, \"log\": true}}"}
{"op_code":5,"worker_id":"45017045-ca88-4eb4-9494-afb0efcf8107-140193173047104","trial_id":445,"param_name":"n_estimators","param_value_internal":129.0,"distribution":"{\"name\": \"IntDistribution\", \"attributes\": {\"log\": false, \"step\": 1, \"low\": 50, \"high\": 200}}"}
{"op_code":5,"worker_id":"45017045-ca88-4eb4-9494-afb0efcf8107-140193173047104","trial_id":445,"param_name":"max_depth","param_value_internal":3.0,"distribution":"{\"name\": \"IntDistribution\", \"attributes\": {\"log\": false, \"step\": 1, \"low\": 2, \"high\": 5}}"}
{"op_code":6,"worker_id":"45017045-ca88-4eb4-9494-afb0efcf8107-140193173047104","trial_id":445,"state":1,"values":[0.7728913918643586],"datetime_complete":"2026-03-21T12:19:34.513554"}
{"op_code":4,"worker_id":"45017045-ca88-4eb4-9494-afb0efcf8107-140193173047104","study_id":0,"datetime_start":"2026-03-21T12:19:34.532844"}
{"op_code":5,"worker_id":"45017045-ca88-4eb4-9494-afb0efcf8107-140193173047104","trial_id":446,"param_name":"learning_rate","param_value_internal":0.07161206621013848,"distribution":"{\"name\": \"FloatDistribution\", \"attributes\": {\"step\": null, \"low\": 0.01, \"high\": 0.2, \"log\": true}}"}
{"op_code":5,"worker_id":"45017045-ca88-4eb4-9494-afb0efcf8107-140193173047104","trial_id":446,"param_name":"n_estimators","param_value_internal":181.0,"distribution":"{\"name\": \"IntDistribution\", \"attributes\": {\"log\": false, \"step\": 1, \"low\": 50, \"high\": 200}}"}
{"op_code":5,"worker_id":"45017045-ca88-4eb4-9494-afb0efcf8107-140193173047104","trial_id":446,"param_name":"max_depth","param_value_internal":3.0,"distribution":"{\"name\": \"IntDistribution\", \"attributes\": {\"log\": false, \"step\": 1, \"low\": 2, \"high\": 5}}"}
{"op_code":6,"worker_id":"45017045-ca88-4eb4-9494-afb0efcf8107-140193173047104","trial_id":446,"state":1,"values":[0.7711816726843683],"datetime_complete":"2026-03-21T12:20:12.735639"}
{"op_code":4,"worker_id":"45017045-ca88-4eb4-9494-afb0efcf8107-140193173047104","study_id":0,"datetime_start":"2026-03-21T12:20:12.752130"}
{"op_code":5,"worker_id":"45017045-ca88-4eb4-9494-afb0efcf8107-140193173047104","trial_id":447,"param_name":"learning_rate","param_value_internal":0.17132028036436822,"distribution":"{\"name\": \"FloatDistribution\", \"attributes\": {\"step\": null, \"low\": 0.01, \"high\": 0.2, \"log\": true}}"}
{"op_code":5,"worker_id":"45017045-ca88-4eb4-9494-afb0efcf8107-140193173047104","trial_id":447,"param_name":"n_estimators","param_value_internal":164.0,"distribution":"{\"name\": \"IntDistribution\", \"attributes\": {\"log\": false, \"step\": 1, \"low\": 50, \"high\": 200}}"}
{"op_code":5,"worker_id":"45017045-ca88-4eb4-9494-afb0efcf8107-140193173047104","trial_id":447,"param_name":"max_depth","param_value_internal":3.0,"distribution":"{\"name\": \"IntDistribution\", \"attributes\": {\"log\": false, \"step\": 1, \"low\": 2, \"high\": 5}}"}
{"op_code":6,"worker_id":"45017045-ca88-4eb4-9494-afb0efcf8107-140193173047104","trial_id":447,"state":1,"values":[0.7732082088370086],"datetime_complete":"2026-03-21T12:20:47.312841"}
{"op_code":4,"worker_id":"45017045-ca88-4eb4-9494-afb0efcf8107-140193173047104","study_id":0,"datetime_start":"2026-03-21T12:20:47.328615"}
{"op_code":5,"worker_id":"45017045-ca88-4eb4-9494-afb0efcf8107-140193173047104","trial_id":448,"param_name":"learning_rate","param_value_internal":0.18865650113716775,"distribution":"{\"name\": \"FloatDistribution\", \"attributes\": {\"step\": null, \"low\": 0.01, \"high\": 0.2, \"log\": true}}"}
{"op_code":5,"worker_id":"45017045-ca88-4eb4-9494-afb0efcf8107-140193173047104","trial_id":448,"param_name":"n_estimators","param_value_internal":171.0,"distribution":"{\"name\": \"IntDistribution\", \"attributes\": {\"log\": false, \"step\": 1, \"low\": 50, \"high\": 200}}"}
{"op_code":5,"worker_id":"45017045-ca88-4eb4-9494-afb0efcf8107-140193173047104","trial_id":448,"param_name":"max_depth","param_value_internal":3.0,"distribution":"{\"name\": \"IntDistribution\", \"attributes\": {\"log\": false, \"step\": 1, \"low\": 2, \"high\": 5}}"}
{"op_code":6,"worker_id":"45017045-ca88-4eb4-9494-afb0efcf8107-140193173047104","trial_id":448,"state":1,"values":[0.7771301844639511],"datetime_complete":"2026-03-21T12:21:23.387054"}
{"op_code":4,"worker_id":"45017045-ca88-4eb4-9494-afb0efcf8107-140193173047104","study_id":0,"datetime_start":"2026-03-21T12:21:23.405099"}
{"op_code":5,"worker_id":"45017045-ca88-4eb4-9494-afb0efcf8107-140193173047104","trial_id":449,"param_name":"learning_rate","param_value_internal":0.15656088249447628,"distribution":"{\"name\": \"FloatDistribution\", \"attributes\": {\"step\": null, \"low\": 0.01, \"high\": 0.2, \"log\": true}}"}
{"op_code":5,"worker_id":"45017045-ca88-4eb4-9494-afb0efcf8107-140193173047104","trial_id":449,"param_name":"n_estimators","param_value_internal":196.0,"distribution":"{\"name\": \"IntDistribution\", \"attributes\": {\"log\": false, \"step\": 1, \"low\": 50, \"high\": 200}}"}
{"op_code":5,"worker_id":"45017045-ca88-4eb4-9494-afb0efcf8107-140193173047104","trial_id":449,"param_name":"max_depth","param_value_internal":3.0,"distribution":"{\"name\": \"IntDistribution\", \"attributes\": {\"log\": false, \"step\": 1, \"low\": 2, \"high\": 5}}"}
{"op_code":6,"worker_id":"45017045-ca88-4eb4-9494-afb0efcf8107-140193173047104","trial_id":449,"state":1,"values":[0.7743116058796861],"datetime_complete":"2026-03-21T12:22:04.871759"}
