{"op_code":0,"worker_id":"3cf5b75c-0ade-42e4-a296-44bf848684de-139734049736512","study_name":"deepsurv_tuning","directions":[2]}
{"op_code":4,"worker_id":"3cf5b75c-0ade-42e4-a296-44bf848684de-139734049736512","study_id":0,"datetime_start":"2026-03-20T16:35:33.056258"}
{"op_code":5,"worker_id":"3cf5b75c-0ade-42e4-a296-44bf848684de-139734049736512","trial_id":0,"param_name":"lr","param_value_internal":0.021792857671512463,"distribution":"{\"name\": \"FloatDistribution\", \"attributes\": {\"step\": null, \"low\": 0.0001, \"high\": 0.1, \"log\": true}}"}
{"op_code":5,"worker_id":"3cf5b75c-0ade-42e4-a296-44bf848684de-139734049736512","trial_id":0,"param_name":"dropout","param_value_internal":0.11473292538806562,"distribution":"{\"name\": \"FloatDistribution\", \"attributes\": {\"step\": null, \"low\": 0.0, \"high\": 0.5, \"log\": false}}"}
{"op_code":5,"worker_id":"3cf5b75c-0ade-42e4-a296-44bf848684de-139734049736512","trial_id":0,"param_name":"layers","param_value_internal":2,"distribution":"{\"name\": \"CategoricalDistribution\", \"attributes\": {\"choices\": [1, 2, 3]}}"}
{"op_code":5,"worker_id":"3cf5b75c-0ade-42e4-a296-44bf848684de-139734049736512","trial_id":0,"param_name":"nodes","param_value_internal":2,"distribution":"{\"name\": \"CategoricalDistribution\", \"attributes\": {\"choices\": [16, 32, 64]}}"}
{"op_code":6,"worker_id":"3cf5b75c-0ade-42e4-a296-44bf848684de-139734049736512","trial_id":0,"state":1,"values":[0.7564179674171404],"datetime_complete":"2026-03-20T16:35:40.446220"}
{"op_code":4,"worker_id":"3cf5b75c-0ade-42e4-a296-44bf848684de-139734049736512","study_id":0,"datetime_start":"2026-03-20T16:35:40.462061"}
{"op_code":5,"worker_id":"3cf5b75c-0ade-42e4-a296-44bf848684de-139734049736512","trial_id":1,"param_name":"lr","param_value_internal":0.020862365377267975,"distribution":"{\"name\": \"FloatDistribution\", \"attributes\": {\"step\": null, \"low\": 0.0001, \"high\": 0.1, \"log\": true}}"}
{"op_code":5,"worker_id":"3cf5b75c-0ade-42e4-a296-44bf848684de-139734049736512","trial_id":1,"param_name":"dropout","param_value_internal":0.4647090296862321,"distribution":"{\"name\": \"FloatDistribution\", \"attributes\": {\"step\": null, \"low\": 0.0, \"high\": 0.5, \"log\": false}}"}
{"op_code":5,"worker_id":"3cf5b75c-0ade-42e4-a296-44bf848684de-139734049736512","trial_id":1,"param_name":"layers","param_value_internal":1,"distribution":"{\"name\": \"CategoricalDistribution\", \"attributes\": {\"choices\": [1, 2, 3]}}"}
{"op_code":5,"worker_id":"3cf5b75c-0ade-42e4-a296-44bf848684de-139734049736512","trial_id":1,"param_name":"nodes","param_value_internal":0,"distribution":"{\"name\": \"CategoricalDistribution\", \"attributes\": {\"choices\": [16, 32, 64]}}"}
{"op_code":6,"worker_id":"3cf5b75c-0ade-42e4-a296-44bf848684de-139734049736512","trial_id":1,"state":1,"values":[0.7902095273345555],"datetime_complete":"2026-03-20T16:35:42.326833"}
{"op_code":4,"worker_id":"3cf5b75c-0ade-42e4-a296-44bf848684de-139734049736512","study_id":0,"datetime_start":"2026-03-20T16:35:42.353136"}
{"op_code":5,"worker_id":"3cf5b75c-0ade-42e4-a296-44bf848684de-139734049736512","trial_id":2,"param_name":"lr","param_value_internal":0.001540625292161602,"distribution":"{\"name\": \"FloatDistribution\", \"attributes\": {\"step\": null, \"low\": 0.0001, \"high\": 0.1, \"log\": true}}"}
{"op_code":5,"worker_id":"3cf5b75c-0ade-42e4-a296-44bf848684de-139734049736512","trial_id":2,"param_name":"dropout","param_value_internal":0.2941108487860355,"distribution":"{\"name\": \"FloatDistribution\", \"attributes\": {\"step\": null, \"low\": 0.0, \"high\": 0.5, \"log\": false}}"}
{"op_code":5,"worker_id":"3cf5b75c-0ade-42e4-a296-44bf848684de-139734049736512","trial_id":2,"param_name":"layers","param_value_internal":1,"distribution":"{\"name\": \"CategoricalDistribution\", \"attributes\": {\"choices\": [1, 2, 3]}}"}
{"op_code":5,"worker_id":"3cf5b75c-0ade-42e4-a296-44bf848684de-139734049736512","trial_id":2,"param_name":"nodes","param_value_internal":1,"distribution":"{\"name\": \"CategoricalDistribution\", \"attributes\": {\"choices\": [16, 32, 64]}}"}
{"op_code":6,"worker_id":"3cf5b75c-0ade-42e4-a296-44bf848684de-139734049736512","trial_id":2,"state":1,"values":[0.7831713058011832],"datetime_complete":"2026-03-20T16:35:44.334962"}
{"op_code":4,"worker_id":"3cf5b75c-0ade-42e4-a296-44bf848684de-139734049736512","study_id":0,"datetime_start":"2026-03-20T16:35:44.361285"}
{"op_code":5,"worker_id":"3cf5b75c-0ade-42e4-a296-44bf848684de-139734049736512","trial_id":3,"param_name":"lr","param_value_internal":0.00829617467056167,"distribution":"{\"name\": \"FloatDistribution\", \"attributes\": {\"step\": null, \"low\": 0.0001, \"high\": 0.1, \"log\": true}}"}
{"op_code":5,"worker_id":"3cf5b75c-0ade-42e4-a296-44bf848684de-139734049736512","trial_id":3,"param_name":"dropout","param_value_internal":0.03331472229976884,"distribution":"{\"name\": \"FloatDistribution\", \"attributes\": {\"step\": null, \"low\": 0.0, \"high\": 0.5, \"log\": false}}"}
{"op_code":5,"worker_id":"3cf5b75c-0ade-42e4-a296-44bf848684de-139734049736512","trial_id":3,"param_name":"layers","param_value_internal":1,"distribution":"{\"name\": \"CategoricalDistribution\", \"attributes\": {\"choices\": [1, 2, 3]}}"}
{"op_code":5,"worker_id":"3cf5b75c-0ade-42e4-a296-44bf848684de-139734049736512","trial_id":3,"param_name":"nodes","param_value_internal":2,"distribution":"{\"name\": \"CategoricalDistribution\", \"attributes\": {\"choices\": [16, 32, 64]}}"}
{"op_code":6,"worker_id":"3cf5b75c-0ade-42e4-a296-44bf848684de-139734049736512","trial_id":3,"state":1,"values":[0.7256394834396488],"datetime_complete":"2026-03-20T16:35:46.216590"}
{"op_code":4,"worker_id":"3cf5b75c-0ade-42e4-a296-44bf848684de-139734049736512","study_id":0,"datetime_start":"2026-03-20T16:35:46.230026"}
{"op_code":5,"worker_id":"3cf5b75c-0ade-42e4-a296-44bf848684de-139734049736512","trial_id":4,"param_name":"lr","param_value_internal":0.02730539615670128,"distribution":"{\"name\": \"FloatDistribution\", \"attributes\": {\"step\": null, \"low\": 0.0001, \"high\": 0.1, \"log\": true}}"}
{"op_code":5,"worker_id":"3cf5b75c-0ade-42e4-a296-44bf848684de-139734049736512","trial_id":4,"param_name":"dropout","param_value_internal":0.1705195088660026,"distribution":"{\"name\": \"FloatDistribution\", \"attributes\": {\"step\": null, \"low\": 0.0, \"high\": 0.5, \"log\": false}}"}
{"op_code":5,"worker_id":"3cf5b75c-0ade-42e4-a296-44bf848684de-139734049736512","trial_id":4,"param_name":"layers","param_value_internal":1,"distribution":"{\"name\": \"CategoricalDistribution\", \"attributes\": {\"choices\": [1, 2, 3]}}"}
{"op_code":5,"worker_id":"3cf5b75c-0ade-42e4-a296-44bf848684de-139734049736512","trial_id":4,"param_name":"nodes","param_value_internal":1,"distribution":"{\"name\": \"CategoricalDistribution\", \"attributes\": {\"choices\": [16, 32, 64]}}"}
{"op_code":6,"worker_id":"3cf5b75c-0ade-42e4-a296-44bf848684de-139734049736512","trial_id":4,"state":1,"values":[0.7694823408303598],"datetime_complete":"2026-03-20T16:35:48.230096"}
{"op_code":4,"worker_id":"3cf5b75c-0ade-42e4-a296-44bf848684de-139734049736512","study_id":0,"datetime_start":"2026-03-20T16:35:48.243004"}
{"op_code":5,"worker_id":"3cf5b75c-0ade-42e4-a296-44bf848684de-139734049736512","trial_id":5,"param_name":"lr","param_value_internal":0.014623031275367356,"distribution":"{\"name\": \"FloatDistribution\", \"attributes\": {\"step\": null, \"low\": 0.0001, \"high\": 0.1, \"log\": true}}"}
{"op_code":5,"worker_id":"3cf5b75c-0ade-42e4-a296-44bf848684de-139734049736512","trial_id":5,"param_name":"dropout","param_value_internal":0.4808573967962917,"distribution":"{\"name\": \"FloatDistribution\", \"attributes\": {\"step\": null, \"low\": 0.0, \"high\": 0.5, \"log\": false}}"}
{"op_code":5,"worker_id":"3cf5b75c-0ade-42e4-a296-44bf848684de-139734049736512","trial_id":5,"param_name":"layers","param_value_internal":0,"distribution":"{\"name\": \"CategoricalDistribution\", \"attributes\": {\"choices\": [1, 2, 3]}}"}
{"op_code":5,"worker_id":"3cf5b75c-0ade-42e4-a296-44bf848684de-139734049736512","trial_id":5,"param_name":"nodes","param_value_internal":1,"distribution":"{\"name\": \"CategoricalDistribution\", \"attributes\": {\"choices\": [16, 32, 64]}}"}
{"op_code":6,"worker_id":"3cf5b75c-0ade-42e4-a296-44bf848684de-139734049736512","trial_id":5,"state":1,"values":[0.7898451822592865],"datetime_complete":"2026-03-20T16:35:49.810615"}
{"op_code":4,"worker_id":"3cf5b75c-0ade-42e4-a296-44bf848684de-139734049736512","study_id":0,"datetime_start":"2026-03-20T16:35:49.830066"}
{"op_code":5,"worker_id":"3cf5b75c-0ade-42e4-a296-44bf848684de-139734049736512","trial_id":6,"param_name":"lr","param_value_internal":0.001038552272709081,"distribution":"{\"name\": \"FloatDistribution\", \"attributes\": {\"step\": null, \"low\": 0.0001, \"high\": 0.1, \"log\": true}}"}
{"op_code":5,"worker_id":"3cf5b75c-0ade-42e4-a296-44bf848684de-139734049736512","trial_id":6,"param_name":"dropout","param_value_internal":0.4729472258034047,"distribution":"{\"name\": \"FloatDistribution\", \"attributes\": {\"step\": null, \"low\": 0.0, \"high\": 0.5, \"log\": false}}"}
{"op_code":5,"worker_id":"3cf5b75c-0ade-42e4-a296-44bf848684de-139734049736512","trial_id":6,"param_name":"layers","param_value_internal":0,"distribution":"{\"name\": \"CategoricalDistribution\", \"attributes\": {\"choices\": [1, 2, 3]}}"}
{"op_code":5,"worker_id":"3cf5b75c-0ade-42e4-a296-44bf848684de-139734049736512","trial_id":6,"param_name":"nodes","param_value_internal":2,"distribution":"{\"name\": \"CategoricalDistribution\", \"attributes\": {\"choices\": [16, 32, 64]}}"}
{"op_code":6,"worker_id":"3cf5b75c-0ade-42e4-a296-44bf848684de-139734049736512","trial_id":6,"state":1,"values":[0.7973460642056989],"datetime_complete":"2026-03-20T16:35:51.431310"}
{"op_code":4,"worker_id":"3cf5b75c-0ade-42e4-a296-44bf848684de-139734049736512","study_id":0,"datetime_start":"2026-03-20T16:35:51.449177"}
{"op_code":5,"worker_id":"3cf5b75c-0ade-42e4-a296-44bf848684de-139734049736512","trial_id":7,"param_name":"lr","param_value_internal":0.0012330674216436501,"distribution":"{\"name\": \"FloatDistribution\", \"attributes\": {\"step\": null, \"low\": 0.0001, \"high\": 0.1, \"log\": true}}"}
{"op_code":5,"worker_id":"3cf5b75c-0ade-42e4-a296-44bf848684de-139734049736512","trial_id":7,"param_name":"dropout","param_value_internal":0.4980234991026857,"distribution":"{\"name\": \"FloatDistribution\", \"attributes\": {\"step\": null, \"low\": 0.0, \"high\": 0.5, \"log\": false}}"}
{"op_code":5,"worker_id":"3cf5b75c-0ade-42e4-a296-44bf848684de-139734049736512","trial_id":7,"param_name":"layers","param_value_internal":1,"distribution":"{\"name\": \"CategoricalDistribution\", \"attributes\": {\"choices\": [1, 2, 3]}}"}
{"op_code":5,"worker_id":"3cf5b75c-0ade-42e4-a296-44bf848684de-139734049736512","trial_id":7,"param_name":"nodes","param_value_internal":1,"distribution":"{\"name\": \"CategoricalDistribution\", \"attributes\": {\"choices\": [16, 32, 64]}}"}
{"op_code":6,"worker_id":"3cf5b75c-0ade-42e4-a296-44bf848684de-139734049736512","trial_id":7,"state":1,"values":[0.7903251924378155],"datetime_complete":"2026-03-20T16:35:53.441990"}
{"op_code":4,"worker_id":"3cf5b75c-0ade-42e4-a296-44bf848684de-139734049736512","study_id":0,"datetime_start":"2026-03-20T16:35:53.456219"}
{"op_code":5,"worker_id":"3cf5b75c-0ade-42e4-a296-44bf848684de-139734049736512","trial_id":8,"param_name":"lr","param_value_internal":0.0007119281596921524,"distribution":"{\"name\": \"FloatDistribution\", \"attributes\": {\"step\": null, \"low\": 0.0001, \"high\": 0.1, \"log\": true}}"}
{"op_code":5,"worker_id":"3cf5b75c-0ade-42e4-a296-44bf848684de-139734049736512","trial_id":8,"param_name":"dropout","param_value_internal":0.1332166653105828,"distribution":"{\"name\": \"FloatDistribution\", \"attributes\": {\"step\": null, \"low\": 0.0, \"high\": 0.5, \"log\": false}}"}
{"op_code":5,"worker_id":"3cf5b75c-0ade-42e4-a296-44bf848684de-139734049736512","trial_id":8,"param_name":"layers","param_value_internal":1,"distribution":"{\"name\": \"CategoricalDistribution\", \"attributes\": {\"choices\": [1, 2, 3]}}"}
{"op_code":5,"worker_id":"3cf5b75c-0ade-42e4-a296-44bf848684de-139734049736512","trial_id":8,"param_name":"nodes","param_value_internal":0,"distribution":"{\"name\": \"CategoricalDistribution\", \"attributes\": {\"choices\": [16, 32, 64]}}"}
{"op_code":6,"worker_id":"3cf5b75c-0ade-42e4-a296-44bf848684de-139734049736512","trial_id":8,"state":1,"values":[0.776196700074604],"datetime_complete":"2026-03-20T16:35:55.309600"}
{"op_code":4,"worker_id":"3cf5b75c-0ade-42e4-a296-44bf848684de-139734049736512","study_id":0,"datetime_start":"2026-03-20T16:35:55.323823"}
{"op_code":5,"worker_id":"3cf5b75c-0ade-42e4-a296-44bf848684de-139734049736512","trial_id":9,"param_name":"lr","param_value_internal":0.0013025219374076216,"distribution":"{\"name\": \"FloatDistribution\", \"attributes\": {\"step\": null, \"low\": 0.0001, \"high\": 0.1, \"log\": true}}"}
{"op_code":5,"worker_id":"3cf5b75c-0ade-42e4-a296-44bf848684de-139734049736512","trial_id":9,"param_name":"dropout","param_value_internal":0.37358694758035654,"distribution":"{\"name\": \"FloatDistribution\", \"attributes\": {\"step\": null, \"low\": 0.0, \"high\": 0.5, \"log\": false}}"}
{"op_code":5,"worker_id":"3cf5b75c-0ade-42e4-a296-44bf848684de-139734049736512","trial_id":9,"param_name":"layers","param_value_internal":2,"distribution":"{\"name\": \"CategoricalDistribution\", \"attributes\": {\"choices\": [1, 2, 3]}}"}
{"op_code":5,"worker_id":"3cf5b75c-0ade-42e4-a296-44bf848684de-139734049736512","trial_id":9,"param_name":"nodes","param_value_internal":0,"distribution":"{\"name\": \"CategoricalDistribution\", \"attributes\": {\"choices\": [16, 32, 64]}}"}
{"op_code":6,"worker_id":"3cf5b75c-0ade-42e4-a296-44bf848684de-139734049736512","trial_id":9,"state":1,"values":[0.7869043970089005],"datetime_complete":"2026-03-20T16:35:57.559526"}
{"op_code":0,"worker_id":"3d1082b0-2a50-4acf-a739-f53acb1820a0-140106367457088","study_name":"deepsurv_tuning","directions":[2]}
{"op_code":4,"worker_id":"3d1082b0-2a50-4acf-a739-f53acb1820a0-140106367457088","study_id":0,"datetime_start":"2026-03-20T16:37:39.853947"}
{"op_code":5,"worker_id":"3d1082b0-2a50-4acf-a739-f53acb1820a0-140106367457088","trial_id":10,"param_name":"lr","param_value_internal":0.00010516941677493432,"distribution":"{\"name\": \"FloatDistribution\", \"attributes\": {\"step\": null, \"low\": 0.0001, \"high\": 0.1, \"log\": true}}"}
{"op_code":5,"worker_id":"3d1082b0-2a50-4acf-a739-f53acb1820a0-140106367457088","trial_id":10,"param_name":"dropout","param_value_internal":0.33919321251378354,"distribution":"{\"name\": \"FloatDistribution\", \"attributes\": {\"step\": null, \"low\": 0.0, \"high\": 0.5, \"log\": false}}"}
{"op_code":5,"worker_id":"3d1082b0-2a50-4acf-a739-f53acb1820a0-140106367457088","trial_id":10,"param_name":"layers","param_value_internal":0,"distribution":"{\"name\": \"CategoricalDistribution\", \"attributes\": {\"choices\": [1, 2, 3]}}"}
{"op_code":5,"worker_id":"3d1082b0-2a50-4acf-a739-f53acb1820a0-140106367457088","trial_id":10,"param_name":"nodes","param_value_internal":2,"distribution":"{\"name\": \"CategoricalDistribution\", \"attributes\": {\"choices\": [16, 32, 64]}}"}
{"op_code":6,"worker_id":"3d1082b0-2a50-4acf-a739-f53acb1820a0-140106367457088","trial_id":10,"state":1,"values":[0.7271922874509146],"datetime_complete":"2026-03-20T16:37:44.795863"}
{"op_code":4,"worker_id":"3d1082b0-2a50-4acf-a739-f53acb1820a0-140106367457088","study_id":0,"datetime_start":"2026-03-20T16:37:44.825668"}
{"op_code":5,"worker_id":"3d1082b0-2a50-4acf-a739-f53acb1820a0-140106367457088","trial_id":11,"param_name":"lr","param_value_internal":0.00031236962109795405,"distribution":"{\"name\": \"FloatDistribution\", \"attributes\": {\"step\": null, \"low\": 0.0001, \"high\": 0.1, \"log\": true}}"}
{"op_code":5,"worker_id":"3d1082b0-2a50-4acf-a739-f53acb1820a0-140106367457088","trial_id":11,"param_name":"dropout","param_value_internal":0.4195319016992953,"distribution":"{\"name\": \"FloatDistribution\", \"attributes\": {\"step\": null, \"low\": 0.0, \"high\": 0.5, \"log\": false}}"}
{"op_code":5,"worker_id":"3d1082b0-2a50-4acf-a739-f53acb1820a0-140106367457088","trial_id":11,"param_name":"layers","param_value_internal":0,"distribution":"{\"name\": \"CategoricalDistribution\", \"attributes\": {\"choices\": [1, 2, 3]}}"}
{"op_code":5,"worker_id":"3d1082b0-2a50-4acf-a739-f53acb1820a0-140106367457088","trial_id":11,"param_name":"nodes","param_value_internal":1,"distribution":"{\"name\": \"CategoricalDistribution\", \"attributes\": {\"choices\": [16, 32, 64]}}"}
{"op_code":6,"worker_id":"3d1082b0-2a50-4acf-a739-f53acb1820a0-140106367457088","trial_id":11,"state":1,"values":[0.7590146489853279],"datetime_complete":"2026-03-20T16:37:46.455746"}
{"op_code":4,"worker_id":"3d1082b0-2a50-4acf-a739-f53acb1820a0-140106367457088","study_id":0,"datetime_start":"2026-03-20T16:37:46.476649"}
{"op_code":5,"worker_id":"3d1082b0-2a50-4acf-a739-f53acb1820a0-140106367457088","trial_id":12,"param_name":"lr","param_value_internal":0.00447195703690291,"distribution":"{\"name\": \"FloatDistribution\", \"attributes\": {\"step\": null, \"low\": 0.0001, \"high\": 0.1, \"log\": true}}"}
{"op_code":5,"worker_id":"3d1082b0-2a50-4acf-a739-f53acb1820a0-140106367457088","trial_id":12,"param_name":"dropout","param_value_internal":0.48036701036355545,"distribution":"{\"name\": \"FloatDistribution\", \"attributes\": {\"step\": null, \"low\": 0.0, \"high\": 0.5, \"log\": false}}"}
{"op_code":5,"worker_id":"3d1082b0-2a50-4acf-a739-f53acb1820a0-140106367457088","trial_id":12,"param_name":"layers","param_value_internal":0,"distribution":"{\"name\": \"CategoricalDistribution\", \"attributes\": {\"choices\": [1, 2, 3]}}"}
{"op_code":5,"worker_id":"3d1082b0-2a50-4acf-a739-f53acb1820a0-140106367457088","trial_id":12,"param_name":"nodes","param_value_internal":2,"distribution":"{\"name\": \"CategoricalDistribution\", \"attributes\": {\"choices\": [16, 32, 64]}}"}
{"op_code":6,"worker_id":"3d1082b0-2a50-4acf-a739-f53acb1820a0-140106367457088","trial_id":12,"state":1,"values":[0.7935233325429552],"datetime_complete":"2026-03-20T16:37:48.080795"}
{"op_code":4,"worker_id":"3d1082b0-2a50-4acf-a739-f53acb1820a0-140106367457088","study_id":0,"datetime_start":"2026-03-20T16:37:48.140621"}
{"op_code":5,"worker_id":"3d1082b0-2a50-4acf-a739-f53acb1820a0-140106367457088","trial_id":13,"param_name":"lr","param_value_internal":0.0037749715840555095,"distribution":"{\"name\": \"FloatDistribution\", \"attributes\": {\"step\": null, \"low\": 0.0001, \"high\": 0.1, \"log\": true}}"}
{"op_code":5,"worker_id":"3d1082b0-2a50-4acf-a739-f53acb1820a0-140106367457088","trial_id":13,"param_name":"dropout","param_value_internal":0.22428788514162185,"distribution":"{\"name\": \"FloatDistribution\", \"attributes\": {\"step\": null, \"low\": 0.0, \"high\": 0.5, \"log\": false}}"}
{"op_code":5,"worker_id":"3d1082b0-2a50-4acf-a739-f53acb1820a0-140106367457088","trial_id":13,"param_name":"layers","param_value_internal":0,"distribution":"{\"name\": \"CategoricalDistribution\", \"attributes\": {\"choices\": [1, 2, 3]}}"}
{"op_code":5,"worker_id":"3d1082b0-2a50-4acf-a739-f53acb1820a0-140106367457088","trial_id":13,"param_name":"nodes","param_value_internal":2,"distribution":"{\"name\": \"CategoricalDistribution\", \"attributes\": {\"choices\": [16, 32, 64]}}"}
{"op_code":6,"worker_id":"3d1082b0-2a50-4acf-a739-f53acb1820a0-140106367457088","trial_id":13,"state":1,"values":[0.7858836524726307],"datetime_complete":"2026-03-20T16:37:49.886321"}
{"op_code":4,"worker_id":"3d1082b0-2a50-4acf-a739-f53acb1820a0-140106367457088","study_id":0,"datetime_start":"2026-03-20T16:37:49.905522"}
{"op_code":5,"worker_id":"3d1082b0-2a50-4acf-a739-f53acb1820a0-140106367457088","trial_id":14,"param_name":"lr","param_value_internal":0.06896273900396133,"distribution":"{\"name\": \"FloatDistribution\", \"attributes\": {\"step\": null, \"low\": 0.0001, \"high\": 0.1, \"log\": true}}"}
{"op_code":5,"worker_id":"3d1082b0-2a50-4acf-a739-f53acb1820a0-140106367457088","trial_id":14,"param_name":"dropout","param_value_internal":0.398963383687582,"distribution":"{\"name\": \"FloatDistribution\", \"attributes\": {\"step\": null, \"low\": 0.0, \"high\": 0.5, \"log\": false}}"}
{"op_code":5,"worker_id":"3d1082b0-2a50-4acf-a739-f53acb1820a0-140106367457088","trial_id":14,"param_name":"layers","param_value_internal":0,"distribution":"{\"name\": \"CategoricalDistribution\", \"attributes\": {\"choices\": [1, 2, 3]}}"}
{"op_code":5,"worker_id":"3d1082b0-2a50-4acf-a739-f53acb1820a0-140106367457088","trial_id":14,"param_name":"nodes","param_value_internal":2,"distribution":"{\"name\": \"CategoricalDistribution\", \"attributes\": {\"choices\": [16, 32, 64]}}"}
{"op_code":6,"worker_id":"3d1082b0-2a50-4acf-a739-f53acb1820a0-140106367457088","trial_id":14,"state":1,"values":[0.7890239600261403],"datetime_complete":"2026-03-20T16:37:51.576394"}
{"op_code":4,"worker_id":"3d1082b0-2a50-4acf-a739-f53acb1820a0-140106367457088","study_id":0,"datetime_start":"2026-03-20T16:37:51.595446"}
{"op_code":5,"worker_id":"3d1082b0-2a50-4acf-a739-f53acb1820a0-140106367457088","trial_id":15,"param_name":"lr","param_value_internal":0.004365778460314635,"distribution":"{\"name\": \"FloatDistribution\", \"attributes\": {\"step\": null, \"low\": 0.0001, \"high\": 0.1, \"log\": true}}"}
{"op_code":5,"worker_id":"3d1082b0-2a50-4acf-a739-f53acb1820a0-140106367457088","trial_id":15,"param_name":"dropout","param_value_internal":0.3001413651248427,"distribution":"{\"name\": \"FloatDistribution\", \"attributes\": {\"step\": null, \"low\": 0.0, \"high\": 0.5, \"log\": false}}"}
{"op_code":5,"worker_id":"3d1082b0-2a50-4acf-a739-f53acb1820a0-140106367457088","trial_id":15,"param_name":"layers","param_value_internal":0,"distribution":"{\"name\": \"CategoricalDistribution\", \"attributes\": {\"choices\": [1, 2, 3]}}"}
{"op_code":5,"worker_id":"3d1082b0-2a50-4acf-a739-f53acb1820a0-140106367457088","trial_id":15,"param_name":"nodes","param_value_internal":2,"distribution":"{\"name\": \"CategoricalDistribution\", \"attributes\": {\"choices\": [16, 32, 64]}}"}
{"op_code":6,"worker_id":"3d1082b0-2a50-4acf-a739-f53acb1820a0-140106367457088","trial_id":15,"state":1,"values":[0.7892610734878234],"datetime_complete":"2026-03-20T16:37:53.253669"}
{"op_code":4,"worker_id":"3d1082b0-2a50-4acf-a739-f53acb1820a0-140106367457088","study_id":0,"datetime_start":"2026-03-20T16:37:53.278760"}
{"op_code":5,"worker_id":"3d1082b0-2a50-4acf-a739-f53acb1820a0-140106367457088","trial_id":16,"param_name":"lr","param_value_internal":0.00039194967782174664,"distribution":"{\"name\": \"FloatDistribution\", \"attributes\": {\"step\": null, \"low\": 0.0001, \"high\": 0.1, \"log\": true}}"}
{"op_code":5,"worker_id":"3d1082b0-2a50-4acf-a739-f53acb1820a0-140106367457088","trial_id":16,"param_name":"dropout","param_value_internal":0.4570448278289253,"distribution":"{\"name\": \"FloatDistribution\", \"attributes\": {\"step\": null, \"low\": 0.0, \"high\": 0.5, \"log\": false}}"}
{"op_code":5,"worker_id":"3d1082b0-2a50-4acf-a739-f53acb1820a0-140106367457088","trial_id":16,"param_name":"layers","param_value_internal":0,"distribution":"{\"name\": \"CategoricalDistribution\", \"attributes\": {\"choices\": [1, 2, 3]}}"}
{"op_code":5,"worker_id":"3d1082b0-2a50-4acf-a739-f53acb1820a0-140106367457088","trial_id":16,"param_name":"nodes","param_value_internal":2,"distribution":"{\"name\": \"CategoricalDistribution\", \"attributes\": {\"choices\": [16, 32, 64]}}"}
{"op_code":6,"worker_id":"3d1082b0-2a50-4acf-a739-f53acb1820a0-140106367457088","trial_id":16,"state":1,"values":[0.7736173682719055],"datetime_complete":"2026-03-20T16:37:54.831661"}
{"op_code":4,"worker_id":"3d1082b0-2a50-4acf-a739-f53acb1820a0-140106367457088","study_id":0,"datetime_start":"2026-03-20T16:37:54.856745"}
{"op_code":5,"worker_id":"3d1082b0-2a50-4acf-a739-f53acb1820a0-140106367457088","trial_id":17,"param_name":"lr","param_value_internal":0.006470563685895269,"distribution":"{\"name\": \"FloatDistribution\", \"attributes\": {\"step\": null, \"low\": 0.0001, \"high\": 0.1, \"log\": true}}"}
{"op_code":5,"worker_id":"3d1082b0-2a50-4acf-a739-f53acb1820a0-140106367457088","trial_id":17,"param_name":"dropout","param_value_internal":0.4208835421672113,"distribution":"{\"name\": \"FloatDistribution\", \"attributes\": {\"step\": null, \"low\": 0.0, \"high\": 0.5, \"log\": false}}"}
{"op_code":5,"worker_id":"3d1082b0-2a50-4acf-a739-f53acb1820a0-140106367457088","trial_id":17,"param_name":"layers","param_value_internal":0,"distribution":"{\"name\": \"CategoricalDistribution\", \"attributes\": {\"choices\": [1, 2, 3]}}"}
{"op_code":5,"worker_id":"3d1082b0-2a50-4acf-a739-f53acb1820a0-140106367457088","trial_id":17,"param_name":"nodes","param_value_internal":2,"distribution":"{\"name\": \"CategoricalDistribution\", \"attributes\": {\"choices\": [16, 32, 64]}}"}
{"op_code":6,"worker_id":"3d1082b0-2a50-4acf-a739-f53acb1820a0-140106367457088","trial_id":17,"state":1,"values":[0.7852127948737226],"datetime_complete":"2026-03-20T16:37:56.434511"}
{"op_code":4,"worker_id":"3d1082b0-2a50-4acf-a739-f53acb1820a0-140106367457088","study_id":0,"datetime_start":"2026-03-20T16:37:56.453562"}
{"op_code":5,"worker_id":"3d1082b0-2a50-4acf-a739-f53acb1820a0-140106367457088","trial_id":18,"param_name":"lr","param_value_internal":0.002699923286702528,"distribution":"{\"name\": \"FloatDistribution\", \"attributes\": {\"step\": null, \"low\": 0.0001, \"high\": 0.1, \"log\": true}}"}
{"op_code":5,"worker_id":"3d1082b0-2a50-4acf-a739-f53acb1820a0-140106367457088","trial_id":18,"param_name":"dropout","param_value_internal":0.3519093044113679,"distribution":"{\"name\": \"FloatDistribution\", \"attributes\": {\"step\": null, \"low\": 0.0, \"high\": 0.5, \"log\": false}}"}
{"op_code":5,"worker_id":"3d1082b0-2a50-4acf-a739-f53acb1820a0-140106367457088","trial_id":18,"param_name":"layers","param_value_internal":2,"distribution":"{\"name\": \"CategoricalDistribution\", \"attributes\": {\"choices\": [1, 2, 3]}}"}
{"op_code":5,"worker_id":"3d1082b0-2a50-4acf-a739-f53acb1820a0-140106367457088","trial_id":18,"param_name":"nodes","param_value_internal":2,"distribution":"{\"name\": \"CategoricalDistribution\", \"attributes\": {\"choices\": [16, 32, 64]}}"}
{"op_code":6,"worker_id":"3d1082b0-2a50-4acf-a739-f53acb1820a0-140106367457088","trial_id":18,"state":1,"values":[0.7941190078247442],"datetime_complete":"2026-03-20T16:37:58.718198"}
{"op_code":4,"worker_id":"3d1082b0-2a50-4acf-a739-f53acb1820a0-140106367457088","study_id":0,"datetime_start":"2026-03-20T16:37:58.741862"}
{"op_code":5,"worker_id":"3d1082b0-2a50-4acf-a739-f53acb1820a0-140106367457088","trial_id":19,"param_name":"lr","param_value_internal":0.002039007171400623,"distribution":"{\"name\": \"FloatDistribution\", \"attributes\": {\"step\": null, \"low\": 0.0001, \"high\": 0.1, \"log\": true}}"}
{"op_code":5,"worker_id":"3d1082b0-2a50-4acf-a739-f53acb1820a0-140106367457088","trial_id":19,"param_name":"dropout","param_value_internal":0.33836977020910075,"distribution":"{\"name\": \"FloatDistribution\", \"attributes\": {\"step\": null, \"low\": 0.0, \"high\": 0.5, \"log\": false}}"}
{"op_code":5,"worker_id":"3d1082b0-2a50-4acf-a739-f53acb1820a0-140106367457088","trial_id":19,"param_name":"layers","param_value_internal":2,"distribution":"{\"name\": \"CategoricalDistribution\", \"attributes\": {\"choices\": [1, 2, 3]}}"}
{"op_code":5,"worker_id":"3d1082b0-2a50-4acf-a739-f53acb1820a0-140106367457088","trial_id":19,"param_name":"nodes","param_value_internal":2,"distribution":"{\"name\": \"CategoricalDistribution\", \"attributes\": {\"choices\": [16, 32, 64]}}"}
{"op_code":6,"worker_id":"3d1082b0-2a50-4acf-a739-f53acb1820a0-140106367457088","trial_id":19,"state":1,"values":[0.7885555163579372],"datetime_complete":"2026-03-20T16:38:01.185215"}
{"op_code":0,"worker_id":"2efd019b-b90f-467e-9ab0-2c92b082c712-139797600208704","study_name":"deepsurv_tuning","directions":[2]}
{"op_code":4,"worker_id":"2efd019b-b90f-467e-9ab0-2c92b082c712-139797600208704","study_id":0,"datetime_start":"2026-03-20T16:43:59.513975"}
{"op_code":5,"worker_id":"2efd019b-b90f-467e-9ab0-2c92b082c712-139797600208704","trial_id":20,"param_name":"lr","param_value_internal":0.00017026668680602457,"distribution":"{\"name\": \"FloatDistribution\", \"attributes\": {\"step\": null, \"low\": 0.0001, \"high\": 0.1, \"log\": true}}"}
{"op_code":5,"worker_id":"2efd019b-b90f-467e-9ab0-2c92b082c712-139797600208704","trial_id":20,"param_name":"dropout","param_value_internal":0.27153286764952234,"distribution":"{\"name\": \"FloatDistribution\", \"attributes\": {\"step\": null, \"low\": 0.0, \"high\": 0.5, \"log\": false}}"}
{"op_code":5,"worker_id":"2efd019b-b90f-467e-9ab0-2c92b082c712-139797600208704","trial_id":20,"param_name":"layers","param_value_internal":2,"distribution":"{\"name\": \"CategoricalDistribution\", \"attributes\": {\"choices\": [1, 2, 3]}}"}
{"op_code":5,"worker_id":"2efd019b-b90f-467e-9ab0-2c92b082c712-139797600208704","trial_id":20,"param_name":"nodes","param_value_internal":0,"distribution":"{\"name\": \"CategoricalDistribution\", \"attributes\": {\"choices\": [16, 32, 64]}}"}
{"op_code":6,"worker_id":"2efd019b-b90f-467e-9ab0-2c92b082c712-139797600208704","trial_id":20,"state":1,"values":[0.687782295142644],"datetime_complete":"2026-03-20T16:44:04.778413"}
{"op_code":4,"worker_id":"2efd019b-b90f-467e-9ab0-2c92b082c712-139797600208704","study_id":0,"datetime_start":"2026-03-20T16:44:04.793453"}
{"op_code":5,"worker_id":"2efd019b-b90f-467e-9ab0-2c92b082c712-139797600208704","trial_id":21,"param_name":"lr","param_value_internal":0.00263887616436316,"distribution":"{\"name\": \"FloatDistribution\", \"attributes\": {\"step\": null, \"low\": 0.0001, \"high\": 0.1, \"log\": true}}"}
{"op_code":5,"worker_id":"2efd019b-b90f-467e-9ab0-2c92b082c712-139797600208704","trial_id":21,"param_name":"dropout","param_value_internal":0.3672728397727152,"distribution":"{\"name\": \"FloatDistribution\", \"attributes\": {\"step\": null, \"low\": 0.0, \"high\": 0.5, \"log\": false}}"}
{"op_code":5,"worker_id":"2efd019b-b90f-467e-9ab0-2c92b082c712-139797600208704","trial_id":21,"param_name":"layers","param_value_internal":2,"distribution":"{\"name\": \"CategoricalDistribution\", \"attributes\": {\"choices\": [1, 2, 3]}}"}
{"op_code":5,"worker_id":"2efd019b-b90f-467e-9ab0-2c92b082c712-139797600208704","trial_id":21,"param_name":"nodes","param_value_internal":2,"distribution":"{\"name\": \"CategoricalDistribution\", \"attributes\": {\"choices\": [16, 32, 64]}}"}
{"op_code":6,"worker_id":"2efd019b-b90f-467e-9ab0-2c92b082c712-139797600208704","trial_id":21,"state":1,"values":[0.7952930086228335],"datetime_complete":"2026-03-20T16:44:06.855487"}
{"op_code":4,"worker_id":"2efd019b-b90f-467e-9ab0-2c92b082c712-139797600208704","study_id":0,"datetime_start":"2026-03-20T16:44:06.875163"}
{"op_code":5,"worker_id":"2efd019b-b90f-467e-9ab0-2c92b082c712-139797600208704","trial_id":22,"param_name":"lr","param_value_internal":0.0007708862452195059,"distribution":"{\"name\": \"FloatDistribution\", \"attributes\": {\"step\": null, \"low\": 0.0001, \"high\": 0.1, \"log\": true}}"}
{"op_code":5,"worker_id":"2efd019b-b90f-467e-9ab0-2c92b082c712-139797600208704","trial_id":22,"param_name":"dropout","param_value_internal":0.3507875284749899,"distribution":"{\"name\": \"FloatDistribution\", \"attributes\": {\"step\": null, \"low\": 0.0, \"high\": 0.5, \"log\": false}}"}
{"op_code":5,"worker_id":"2efd019b-b90f-467e-9ab0-2c92b082c712-139797600208704","trial_id":22,"param_name":"layers","param_value_internal":2,"distribution":"{\"name\": \"CategoricalDistribution\", \"attributes\": {\"choices\": [1, 2, 3]}}"}
{"op_code":5,"worker_id":"2efd019b-b90f-467e-9ab0-2c92b082c712-139797600208704","trial_id":22,"param_name":"nodes","param_value_internal":2,"distribution":"{\"name\": \"CategoricalDistribution\", \"attributes\": {\"choices\": [16, 32, 64]}}"}
{"op_code":6,"worker_id":"2efd019b-b90f-467e-9ab0-2c92b082c712-139797600208704","trial_id":22,"state":1,"values":[0.7817775413069],"datetime_complete":"2026-03-20T16:44:09.027083"}
{"op_code":4,"worker_id":"2efd019b-b90f-467e-9ab0-2c92b082c712-139797600208704","study_id":0,"datetime_start":"2026-03-20T16:44:09.055156"}
{"op_code":5,"worker_id":"2efd019b-b90f-467e-9ab0-2c92b082c712-139797600208704","trial_id":23,"param_name":"lr","param_value_internal":0.003010460104730332,"distribution":"{\"name\": \"FloatDistribution\", \"attributes\": {\"step\": null, \"low\": 0.0001, \"high\": 0.1, \"log\": true}}"}
{"op_code":5,"worker_id":"2efd019b-b90f-467e-9ab0-2c92b082c712-139797600208704","trial_id":23,"param_name":"dropout","param_value_internal":0.21264241800003128,"distribution":"{\"name\": \"FloatDistribution\", \"attributes\": {\"step\": null, \"low\": 0.0, \"high\": 0.5, \"log\": false}}"}
{"op_code":5,"worker_id":"2efd019b-b90f-467e-9ab0-2c92b082c712-139797600208704","trial_id":23,"param_name":"layers","param_value_internal":2,"distribution":"{\"name\": \"CategoricalDistribution\", \"attributes\": {\"choices\": [1, 2, 3]}}"}
{"op_code":5,"worker_id":"2efd019b-b90f-467e-9ab0-2c92b082c712-139797600208704","trial_id":23,"param_name":"nodes","param_value_internal":2,"distribution":"{\"name\": \"CategoricalDistribution\", \"attributes\": {\"choices\": [16, 32, 64]}}"}
{"op_code":6,"worker_id":"2efd019b-b90f-467e-9ab0-2c92b082c712-139797600208704","trial_id":23,"state":1,"values":[0.7736636343132095],"datetime_complete":"2026-03-20T16:44:11.101953"}
{"op_code":4,"worker_id":"2efd019b-b90f-467e-9ab0-2c92b082c712-139797600208704","study_id":0,"datetime_start":"2026-03-20T16:44:11.117587"}
{"op_code":5,"worker_id":"2efd019b-b90f-467e-9ab0-2c92b082c712-139797600208704","trial_id":24,"param_name":"lr","param_value_internal":0.0006862126608004099,"distribution":"{\"name\": \"FloatDistribution\", \"attributes\": {\"step\": null, \"low\": 0.0001, \"high\": 0.1, \"log\": true}}"}
{"op_code":5,"worker_id":"2efd019b-b90f-467e-9ab0-2c92b082c712-139797600208704","trial_id":24,"param_name":"dropout","param_value_internal":0.4274393572523336,"distribution":"{\"name\": \"FloatDistribution\", \"attributes\": {\"step\": null, \"low\": 0.0, \"high\": 0.5, \"log\": false}}"}
{"op_code":5,"worker_id":"2efd019b-b90f-467e-9ab0-2c92b082c712-139797600208704","trial_id":24,"param_name":"layers","param_value_internal":2,"distribution":"{\"name\": \"CategoricalDistribution\", \"attributes\": {\"choices\": [1, 2, 3]}}"}
{"op_code":5,"worker_id":"2efd019b-b90f-467e-9ab0-2c92b082c712-139797600208704","trial_id":24,"param_name":"nodes","param_value_internal":2,"distribution":"{\"name\": \"CategoricalDistribution\", \"attributes\": {\"choices\": [16, 32, 64]}}"}
{"op_code":6,"worker_id":"2efd019b-b90f-467e-9ab0-2c92b082c712-139797600208704","trial_id":24,"state":1,"values":[0.7727498799974554],"datetime_complete":"2026-03-20T16:44:13.319849"}
{"op_code":4,"worker_id":"2efd019b-b90f-467e-9ab0-2c92b082c712-139797600208704","study_id":0,"datetime_start":"2026-03-20T16:44:13.340150"}
{"op_code":5,"worker_id":"2efd019b-b90f-467e-9ab0-2c92b082c712-139797600208704","trial_id":25,"param_name":"lr","param_value_internal":0.002379970943641315,"distribution":"{\"name\": \"FloatDistribution\", \"attributes\": {\"step\": null, \"low\": 0.0001, \"high\": 0.1, \"log\": true}}"}
{"op_code":5,"worker_id":"2efd019b-b90f-467e-9ab0-2c92b082c712-139797600208704","trial_id":25,"param_name":"dropout","param_value_internal":0.3773712963931277,"distribution":"{\"name\": \"FloatDistribution\", \"attributes\": {\"step\": null, \"low\": 0.0, \"high\": 0.5, \"log\": false}}"}
{"op_code":5,"worker_id":"2efd019b-b90f-467e-9ab0-2c92b082c712-139797600208704","trial_id":25,"param_name":"layers","param_value_internal":2,"distribution":"{\"name\": \"CategoricalDistribution\", \"attributes\": {\"choices\": [1, 2, 3]}}"}
{"op_code":5,"worker_id":"2efd019b-b90f-467e-9ab0-2c92b082c712-139797600208704","trial_id":25,"param_name":"nodes","param_value_internal":2,"distribution":"{\"name\": \"CategoricalDistribution\", \"attributes\": {\"choices\": [16, 32, 64]}}"}
{"op_code":6,"worker_id":"2efd019b-b90f-467e-9ab0-2c92b082c712-139797600208704","trial_id":25,"state":1,"values":[0.7945411854516433],"datetime_complete":"2026-03-20T16:44:15.397372"}
{"op_code":4,"worker_id":"2efd019b-b90f-467e-9ab0-2c92b082c712-139797600208704","study_id":0,"datetime_start":"2026-03-20T16:44:15.417906"}
{"op_code":5,"worker_id":"2efd019b-b90f-467e-9ab0-2c92b082c712-139797600208704","trial_id":26,"param_name":"lr","param_value_internal":0.00033113571865571304,"distribution":"{\"name\": \"FloatDistribution\", \"attributes\": {\"step\": null, \"low\": 0.0001, \"high\": 0.1, \"log\": true}}"}
{"op_code":5,"worker_id":"2efd019b-b90f-467e-9ab0-2c92b082c712-139797600208704","trial_id":26,"param_name":"dropout","param_value_internal":0.3892438172506037,"distribution":"{\"name\": \"FloatDistribution\", \"attributes\": {\"step\": null, \"low\": 0.0, \"high\": 0.5, \"log\": false}}"}
{"op_code":5,"worker_id":"2efd019b-b90f-467e-9ab0-2c92b082c712-139797600208704","trial_id":26,"param_name":"layers","param_value_internal":2,"distribution":"{\"name\": \"CategoricalDistribution\", \"attributes\": {\"choices\": [1, 2, 3]}}"}
{"op_code":5,"worker_id":"2efd019b-b90f-467e-9ab0-2c92b082c712-139797600208704","trial_id":26,"param_name":"nodes","param_value_internal":2,"distribution":"{\"name\": \"CategoricalDistribution\", \"attributes\": {\"choices\": [16, 32, 64]}}"}
{"op_code":6,"worker_id":"2efd019b-b90f-467e-9ab0-2c92b082c712-139797600208704","trial_id":26,"state":1,"values":[0.7661078114427486],"datetime_complete":"2026-03-20T16:44:17.615036"}
{"op_code":4,"worker_id":"2efd019b-b90f-467e-9ab0-2c92b082c712-139797600208704","study_id":0,"datetime_start":"2026-03-20T16:44:17.639594"}
{"op_code":5,"worker_id":"2efd019b-b90f-467e-9ab0-2c92b082c712-139797600208704","trial_id":27,"param_name":"lr","param_value_internal":0.009912595309691512,"distribution":"{\"name\": \"FloatDistribution\", \"attributes\": {\"step\": null, \"low\": 0.0001, \"high\": 0.1, \"log\": true}}"}
{"op_code":5,"worker_id":"2efd019b-b90f-467e-9ab0-2c92b082c712-139797600208704","trial_id":27,"param_name":"dropout","param_value_internal":0.30878331059956654,"distribution":"{\"name\": \"FloatDistribution\", \"attributes\": {\"step\": null, \"low\": 0.0, \"high\": 0.5, \"log\": false}}"}
{"op_code":5,"worker_id":"2efd019b-b90f-467e-9ab0-2c92b082c712-139797600208704","trial_id":27,"param_name":"layers","param_value_internal":2,"distribution":"{\"name\": \"CategoricalDistribution\", \"attributes\": {\"choices\": [1, 2, 3]}}"}
{"op_code":5,"worker_id":"2efd019b-b90f-467e-9ab0-2c92b082c712-139797600208704","trial_id":27,"param_name":"nodes","param_value_internal":2,"distribution":"{\"name\": \"CategoricalDistribution\", \"attributes\": {\"choices\": [16, 32, 64]}}"}
{"op_code":6,"worker_id":"2efd019b-b90f-467e-9ab0-2c92b082c712-139797600208704","trial_id":27,"state":1,"values":[0.7766535772324811],"datetime_complete":"2026-03-20T16:44:19.700983"}
{"op_code":4,"worker_id":"2efd019b-b90f-467e-9ab0-2c92b082c712-139797600208704","study_id":0,"datetime_start":"2026-03-20T16:44:19.732892"}
{"op_code":5,"worker_id":"2efd019b-b90f-467e-9ab0-2c92b082c712-139797600208704","trial_id":28,"param_name":"lr","param_value_internal":0.0010129079214358924,"distribution":"{\"name\": \"FloatDistribution\", \"attributes\": {\"step\": null, \"low\": 0.0001, \"high\": 0.1, \"log\": true}}"}
{"op_code":5,"worker_id":"2efd019b-b90f-467e-9ab0-2c92b082c712-139797600208704","trial_id":28,"param_name":"dropout","param_value_internal":0.4395057999722072,"distribution":"{\"name\": \"FloatDistribution\", \"attributes\": {\"step\": null, \"low\": 0.0, \"high\": 0.5, \"log\": false}}"}
{"op_code":5,"worker_id":"2efd019b-b90f-467e-9ab0-2c92b082c712-139797600208704","trial_id":28,"param_name":"layers","param_value_internal":2,"distribution":"{\"name\": \"CategoricalDistribution\", \"attributes\": {\"choices\": [1, 2, 3]}}"}
{"op_code":5,"worker_id":"2efd019b-b90f-467e-9ab0-2c92b082c712-139797600208704","trial_id":28,"param_name":"nodes","param_value_internal":0,"distribution":"{\"name\": \"CategoricalDistribution\", \"attributes\": {\"choices\": [16, 32, 64]}}"}
{"op_code":6,"worker_id":"2efd019b-b90f-467e-9ab0-2c92b082c712-139797600208704","trial_id":28,"state":1,"values":[0.7431338303077271],"datetime_complete":"2026-03-20T16:44:21.958165"}
{"op_code":4,"worker_id":"2efd019b-b90f-467e-9ab0-2c92b082c712-139797600208704","study_id":0,"datetime_start":"2026-03-20T16:44:21.987622"}
{"op_code":5,"worker_id":"2efd019b-b90f-467e-9ab0-2c92b082c712-139797600208704","trial_id":29,"param_name":"lr","param_value_internal":0.002137315333873959,"distribution":"{\"name\": \"FloatDistribution\", \"attributes\": {\"step\": null, \"low\": 0.0001, \"high\": 0.1, \"log\": true}}"}
{"op_code":5,"worker_id":"2efd019b-b90f-467e-9ab0-2c92b082c712-139797600208704","trial_id":29,"param_name":"dropout","param_value_internal":0.253925925685959,"distribution":"{\"name\": \"FloatDistribution\", \"attributes\": {\"step\": null, \"low\": 0.0, \"high\": 0.5, \"log\": false}}"}
{"op_code":5,"worker_id":"2efd019b-b90f-467e-9ab0-2c92b082c712-139797600208704","trial_id":29,"param_name":"layers","param_value_internal":2,"distribution":"{\"name\": \"CategoricalDistribution\", \"attributes\": {\"choices\": [1, 2, 3]}}"}
{"op_code":5,"worker_id":"2efd019b-b90f-467e-9ab0-2c92b082c712-139797600208704","trial_id":29,"param_name":"nodes","param_value_internal":2,"distribution":"{\"name\": \"CategoricalDistribution\", \"attributes\": {\"choices\": [16, 32, 64]}}"}
{"op_code":6,"worker_id":"2efd019b-b90f-467e-9ab0-2c92b082c712-139797600208704","trial_id":29,"state":1,"values":[0.7975658279018929],"datetime_complete":"2026-03-20T16:44:24.048368"}
{"op_code":0,"worker_id":"31b7f601-ee1c-465a-a607-4541425bbff3-140700833089344","study_name":"deepsurv_tuning","directions":[2]}
{"op_code":4,"worker_id":"31b7f601-ee1c-465a-a607-4541425bbff3-140700833089344","study_id":0,"datetime_start":"2026-03-20T16:48:56.748128"}
{"op_code":5,"worker_id":"31b7f601-ee1c-465a-a607-4541425bbff3-140700833089344","trial_id":30,"param_name":"lr","param_value_internal":0.00044890419322088056,"distribution":"{\"name\": \"FloatDistribution\", \"attributes\": {\"step\": null, \"low\": 0.0001, \"high\": 0.1, \"log\": true}}"}
{"op_code":5,"worker_id":"31b7f601-ee1c-465a-a607-4541425bbff3-140700833089344","trial_id":30,"param_name":"dropout","param_value_internal":0.04326897785114758,"distribution":"{\"name\": \"FloatDistribution\", \"attributes\": {\"step\": null, \"low\": 0.0, \"high\": 0.5, \"log\": false}}"}
{"op_code":5,"worker_id":"31b7f601-ee1c-465a-a607-4541425bbff3-140700833089344","trial_id":30,"param_name":"layers","param_value_internal":2,"distribution":"{\"name\": \"CategoricalDistribution\", \"attributes\": {\"choices\": [1, 2, 3]}}"}
{"op_code":5,"worker_id":"31b7f601-ee1c-465a-a607-4541425bbff3-140700833089344","trial_id":30,"param_name":"nodes","param_value_internal":2,"distribution":"{\"name\": \"CategoricalDistribution\", \"attributes\": {\"choices\": [16, 32, 64]}}"}
{"op_code":6,"worker_id":"31b7f601-ee1c-465a-a607-4541425bbff3-140700833089344","trial_id":30,"state":1,"values":[0.759922620045919],"datetime_complete":"2026-03-20T16:49:02.421889"}
{"op_code":4,"worker_id":"31b7f601-ee1c-465a-a607-4541425bbff3-140700833089344","study_id":0,"datetime_start":"2026-03-20T16:49:02.445694"}
{"op_code":5,"worker_id":"31b7f601-ee1c-465a-a607-4541425bbff3-140700833089344","trial_id":31,"param_name":"lr","param_value_internal":0.0021697946671682994,"distribution":"{\"name\": \"FloatDistribution\", \"attributes\": {\"step\": null, \"low\": 0.0001, \"high\": 0.1, \"log\": true}}"}
{"op_code":5,"worker_id":"31b7f601-ee1c-465a-a607-4541425bbff3-140700833089344","trial_id":31,"param_name":"dropout","param_value_internal":0.2621798801482331,"distribution":"{\"name\": \"FloatDistribution\", \"attributes\": {\"step\": null, \"low\": 0.0, \"high\": 0.5, \"log\": false}}"}
{"op_code":5,"worker_id":"31b7f601-ee1c-465a-a607-4541425bbff3-140700833089344","trial_id":31,"param_name":"layers","param_value_internal":2,"distribution":"{\"name\": \"CategoricalDistribution\", \"attributes\": {\"choices\": [1, 2, 3]}}"}
{"op_code":5,"worker_id":"31b7f601-ee1c-465a-a607-4541425bbff3-140700833089344","trial_id":31,"param_name":"nodes","param_value_internal":2,"distribution":"{\"name\": \"CategoricalDistribution\", \"attributes\": {\"choices\": [16, 32, 64]}}"}
{"op_code":6,"worker_id":"31b7f601-ee1c-465a-a607-4541425bbff3-140700833089344","trial_id":31,"state":1,"values":[0.7892437237223343],"datetime_complete":"2026-03-20T16:49:05.678808"}
{"op_code":4,"worker_id":"31b7f601-ee1c-465a-a607-4541425bbff3-140700833089344","study_id":0,"datetime_start":"2026-03-20T16:49:08.445281"}
{"op_code":5,"worker_id":"31b7f601-ee1c-465a-a607-4541425bbff3-140700833089344","trial_id":32,"param_name":"lr","param_value_internal":0.0018116449543266499,"distribution":"{\"name\": \"FloatDistribution\", \"attributes\": {\"step\": null, \"low\": 0.0001, \"high\": 0.1, \"log\": true}}"}
{"op_code":5,"worker_id":"31b7f601-ee1c-465a-a607-4541425bbff3-140700833089344","trial_id":32,"param_name":"dropout","param_value_internal":0.22503627611005064,"distribution":"{\"name\": \"FloatDistribution\", \"attributes\": {\"step\": null, \"low\": 0.0, \"high\": 0.5, \"log\": false}}"}
{"op_code":5,"worker_id":"31b7f601-ee1c-465a-a607-4541425bbff3-140700833089344","trial_id":32,"param_name":"layers","param_value_internal":2,"distribution":"{\"name\": \"CategoricalDistribution\", \"attributes\": {\"choices\": [1, 2, 3]}}"}
{"op_code":5,"worker_id":"31b7f601-ee1c-465a-a607-4541425bbff3-140700833089344","trial_id":32,"param_name":"nodes","param_value_internal":2,"distribution":"{\"name\": \"CategoricalDistribution\", \"attributes\": {\"choices\": [16, 32, 64]}}"}
{"op_code":6,"worker_id":"31b7f601-ee1c-465a-a607-4541425bbff3-140700833089344","trial_id":32,"state":1,"values":[0.792881391219862],"datetime_complete":"2026-03-20T16:49:10.715327"}
{"op_code":4,"worker_id":"31b7f601-ee1c-465a-a607-4541425bbff3-140700833089344","study_id":0,"datetime_start":"2026-03-20T16:49:24.666520"}
{"op_code":5,"worker_id":"31b7f601-ee1c-465a-a607-4541425bbff3-140700833089344","trial_id":33,"param_name":"lr","param_value_internal":0.006416234869133622,"distribution":"{\"name\": \"FloatDistribution\", \"attributes\": {\"step\": null, \"low\": 0.0001, \"high\": 0.1, \"log\": true}}"}
{"op_code":5,"worker_id":"31b7f601-ee1c-465a-a607-4541425bbff3-140700833089344","trial_id":33,"param_name":"dropout","param_value_internal":0.17844202803715004,"distribution":"{\"name\": \"FloatDistribution\", \"attributes\": {\"step\": null, \"low\": 0.0, \"high\": 0.5, \"log\": false}}"}
{"op_code":5,"worker_id":"31b7f601-ee1c-465a-a607-4541425bbff3-140700833089344","trial_id":33,"param_name":"layers","param_value_internal":2,"distribution":"{\"name\": \"CategoricalDistribution\", \"attributes\": {\"choices\": [1, 2, 3]}}"}
{"op_code":5,"worker_id":"31b7f601-ee1c-465a-a607-4541425bbff3-140700833089344","trial_id":33,"param_name":"nodes","param_value_internal":2,"distribution":"{\"name\": \"CategoricalDistribution\", \"attributes\": {\"choices\": [16, 32, 64]}}"}
{"op_code":6,"worker_id":"31b7f601-ee1c-465a-a607-4541425bbff3-140700833089344","trial_id":33,"state":1,"values":[0.7589799494543499],"datetime_complete":"2026-03-20T16:49:30.713868"}
{"op_code":4,"worker_id":"31b7f601-ee1c-465a-a607-4541425bbff3-140700833089344","study_id":0,"datetime_start":"2026-03-20T16:49:34.033164"}
{"op_code":5,"worker_id":"31b7f601-ee1c-465a-a607-4541425bbff3-140700833089344","trial_id":34,"param_name":"lr","param_value_internal":0.0009234225779337067,"distribution":"{\"name\": \"FloatDistribution\", \"attributes\": {\"step\": null, \"low\": 0.0001, \"high\": 0.1, \"log\": true}}"}
{"op_code":5,"worker_id":"31b7f601-ee1c-465a-a607-4541425bbff3-140700833089344","trial_id":34,"param_name":"dropout","param_value_internal":0.39061879502332303,"distribution":"{\"name\": \"FloatDistribution\", \"attributes\": {\"step\": null, \"low\": 0.0, \"high\": 0.5, \"log\": false}}"}
{"op_code":5,"worker_id":"31b7f601-ee1c-465a-a607-4541425bbff3-140700833089344","trial_id":34,"param_name":"layers","param_value_internal":2,"distribution":"{\"name\": \"CategoricalDistribution\", \"attributes\": {\"choices\": [1, 2, 3]}}"}
{"op_code":5,"worker_id":"31b7f601-ee1c-465a-a607-4541425bbff3-140700833089344","trial_id":34,"param_name":"nodes","param_value_internal":2,"distribution":"{\"name\": \"CategoricalDistribution\", \"attributes\": {\"choices\": [16, 32, 64]}}"}
{"op_code":6,"worker_id":"31b7f601-ee1c-465a-a607-4541425bbff3-140700833089344","trial_id":34,"state":1,"values":[0.7924071642964959],"datetime_complete":"2026-03-20T16:49:36.249563"}
{"op_code":4,"worker_id":"31b7f601-ee1c-465a-a607-4541425bbff3-140700833089344","study_id":0,"datetime_start":"2026-03-20T16:49:39.623368"}
{"op_code":5,"worker_id":"31b7f601-ee1c-465a-a607-4541425bbff3-140700833089344","trial_id":35,"param_name":"lr","param_value_internal":0.0016801111003710697,"distribution":"{\"name\": \"FloatDistribution\", \"attributes\": {\"step\": null, \"low\": 0.0001, \"high\": 0.1, \"log\": true}}"}
{"op_code":5,"worker_id":"31b7f601-ee1c-465a-a607-4541425bbff3-140700833089344","trial_id":35,"param_name":"dropout","param_value_internal":0.3250049225327273,"distribution":"{\"name\": \"FloatDistribution\", \"attributes\": {\"step\": null, \"low\": 0.0, \"high\": 0.5, \"log\": false}}"}
{"op_code":5,"worker_id":"31b7f601-ee1c-465a-a607-4541425bbff3-140700833089344","trial_id":35,"param_name":"layers","param_value_internal":2,"distribution":"{\"name\": \"CategoricalDistribution\", \"attributes\": {\"choices\": [1, 2, 3]}}"}
{"op_code":5,"worker_id":"31b7f601-ee1c-465a-a607-4541425bbff3-140700833089344","trial_id":35,"param_name":"nodes","param_value_internal":2,"distribution":"{\"name\": \"CategoricalDistribution\", \"attributes\": {\"choices\": [16, 32, 64]}}"}
{"op_code":6,"worker_id":"31b7f601-ee1c-465a-a607-4541425bbff3-140700833089344","trial_id":35,"state":1,"values":[0.7890702260674444],"datetime_complete":"2026-03-20T16:49:42.140611"}
{"op_code":4,"worker_id":"31b7f601-ee1c-465a-a607-4541425bbff3-140700833089344","study_id":0,"datetime_start":"2026-03-20T16:49:42.167330"}
{"op_code":5,"worker_id":"31b7f601-ee1c-465a-a607-4541425bbff3-140700833089344","trial_id":36,"param_name":"lr","param_value_internal":0.0005717971825013245,"distribution":"{\"name\": \"FloatDistribution\", \"attributes\": {\"step\": null, \"low\": 0.0001, \"high\": 0.1, \"log\": true}}"}
{"op_code":5,"worker_id":"31b7f601-ee1c-465a-a607-4541425bbff3-140700833089344","trial_id":36,"param_name":"dropout","param_value_internal":0.07683643542242849,"distribution":"{\"name\": \"FloatDistribution\", \"attributes\": {\"step\": null, \"low\": 0.0, \"high\": 0.5, \"log\": false}}"}
{"op_code":5,"worker_id":"31b7f601-ee1c-465a-a607-4541425bbff3-140700833089344","trial_id":36,"param_name":"layers","param_value_internal":1,"distribution":"{\"name\": \"CategoricalDistribution\", \"attributes\": {\"choices\": [1, 2, 3]}}"}
{"op_code":5,"worker_id":"31b7f601-ee1c-465a-a607-4541425bbff3-140700833089344","trial_id":36,"param_name":"nodes","param_value_internal":1,"distribution":"{\"name\": \"CategoricalDistribution\", \"attributes\": {\"choices\": [16, 32, 64]}}"}
{"op_code":6,"worker_id":"31b7f601-ee1c-465a-a607-4541425bbff3-140700833089344","trial_id":36,"state":1,"values":[0.7802420870611232],"datetime_complete":"2026-03-20T16:49:44.013936"}
{"op_code":4,"worker_id":"31b7f601-ee1c-465a-a607-4541425bbff3-140700833089344","study_id":0,"datetime_start":"2026-03-20T16:49:50.862982"}
{"op_code":5,"worker_id":"31b7f601-ee1c-465a-a607-4541425bbff3-140700833089344","trial_id":37,"param_name":"lr","param_value_internal":0.014650529770058894,"distribution":"{\"name\": \"FloatDistribution\", \"attributes\": {\"step\": null, \"low\": 0.0001, \"high\": 0.1, \"log\": true}}"}
{"op_code":5,"worker_id":"31b7f601-ee1c-465a-a607-4541425bbff3-140700833089344","trial_id":37,"param_name":"dropout","param_value_internal":0.2828052921275423,"distribution":"{\"name\": \"FloatDistribution\", \"attributes\": {\"step\": null, \"low\": 0.0, \"high\": 0.5, \"log\": false}}"}
{"op_code":5,"worker_id":"31b7f601-ee1c-465a-a607-4541425bbff3-140700833089344","trial_id":37,"param_name":"layers","param_value_internal":2,"distribution":"{\"name\": \"CategoricalDistribution\", \"attributes\": {\"choices\": [1, 2, 3]}}"}
{"op_code":5,"worker_id":"31b7f601-ee1c-465a-a607-4541425bbff3-140700833089344","trial_id":37,"param_name":"nodes","param_value_internal":0,"distribution":"{\"name\": \"CategoricalDistribution\", \"attributes\": {\"choices\": [16, 32, 64]}}"}
{"op_code":6,"worker_id":"31b7f601-ee1c-465a-a607-4541425bbff3-140700833089344","trial_id":37,"state":1,"values":[0.7852532776598636],"datetime_complete":"2026-03-20T16:49:52.820693"}
{"op_code":4,"worker_id":"31b7f601-ee1c-465a-a607-4541425bbff3-140700833089344","study_id":0,"datetime_start":"2026-03-20T16:49:56.706946"}
{"op_code":5,"worker_id":"31b7f601-ee1c-465a-a607-4541425bbff3-140700833089344","trial_id":38,"param_name":"lr","param_value_internal":0.0028405399309962068,"distribution":"{\"name\": \"FloatDistribution\", \"attributes\": {\"step\": null, \"low\": 0.0001, \"high\": 0.1, \"log\": true}}"}
{"op_code":5,"worker_id":"31b7f601-ee1c-465a-a607-4541425bbff3-140700833089344","trial_id":38,"param_name":"dropout","param_value_internal":0.3721424538035274,"distribution":"{\"name\": \"FloatDistribution\", \"attributes\": {\"step\": null, \"low\": 0.0, \"high\": 0.5, \"log\": false}}"}
{"op_code":5,"worker_id":"31b7f601-ee1c-465a-a607-4541425bbff3-140700833089344","trial_id":38,"param_name":"layers","param_value_internal":1,"distribution":"{\"name\": \"CategoricalDistribution\", \"attributes\": {\"choices\": [1, 2, 3]}}"}
{"op_code":5,"worker_id":"31b7f601-ee1c-465a-a607-4541425bbff3-140700833089344","trial_id":38,"param_name":"nodes","param_value_internal":1,"distribution":"{\"name\": \"CategoricalDistribution\", \"attributes\": {\"choices\": [16, 32, 64]}}"}
{"op_code":6,"worker_id":"31b7f601-ee1c-465a-a607-4541425bbff3-140700833089344","trial_id":38,"state":1,"values":[0.7897006008802114],"datetime_complete":"2026-03-20T16:49:58.485631"}
{"op_code":4,"worker_id":"31b7f601-ee1c-465a-a607-4541425bbff3-140700833089344","study_id":0,"datetime_start":"2026-03-20T16:49:58.500299"}
{"op_code":5,"worker_id":"31b7f601-ee1c-465a-a607-4541425bbff3-140700833089344","trial_id":39,"param_name":"lr","param_value_internal":0.00121502895153674,"distribution":"{\"name\": \"FloatDistribution\", \"attributes\": {\"step\": null, \"low\": 0.0001, \"high\": 0.1, \"log\": true}}"}
{"op_code":5,"worker_id":"31b7f601-ee1c-465a-a607-4541425bbff3-140700833089344","trial_id":39,"param_name":"dropout","param_value_internal":0.4990869481786867,"distribution":"{\"name\": \"FloatDistribution\", \"attributes\": {\"step\": null, \"low\": 0.0, \"high\": 0.5, \"log\": false}}"}
{"op_code":5,"worker_id":"31b7f601-ee1c-465a-a607-4541425bbff3-140700833089344","trial_id":39,"param_name":"layers","param_value_internal":2,"distribution":"{\"name\": \"CategoricalDistribution\", \"attributes\": {\"choices\": [1, 2, 3]}}"}
{"op_code":5,"worker_id":"31b7f601-ee1c-465a-a607-4541425bbff3-140700833089344","trial_id":39,"param_name":"nodes","param_value_internal":2,"distribution":"{\"name\": \"CategoricalDistribution\", \"attributes\": {\"choices\": [16, 32, 64]}}"}
{"op_code":6,"worker_id":"31b7f601-ee1c-465a-a607-4541425bbff3-140700833089344","trial_id":39,"state":1,"values":[0.7900996454864585],"datetime_complete":"2026-03-20T16:50:00.716023"}
{"op_code":0,"worker_id":"e36247e0-362c-4c74-9f18-45a7477c1ecf-139679950972736","study_name":"deepsurv_tuning","directions":[2]}
{"op_code":4,"worker_id":"e36247e0-362c-4c74-9f18-45a7477c1ecf-139679950972736","study_id":0,"datetime_start":"2026-03-20T17:06:59.509189"}
{"op_code":5,"worker_id":"e36247e0-362c-4c74-9f18-45a7477c1ecf-139679950972736","trial_id":40,"param_name":"lr","param_value_internal":0.03178731156323224,"distribution":"{\"name\": \"FloatDistribution\", \"attributes\": {\"step\": null, \"low\": 0.0001, \"high\": 0.1, \"log\": true}}"}
{"op_code":5,"worker_id":"e36247e0-362c-4c74-9f18-45a7477c1ecf-139679950972736","trial_id":40,"param_name":"dropout","param_value_internal":0.44994169093807135,"distribution":"{\"name\": \"FloatDistribution\", \"attributes\": {\"step\": null, \"low\": 0.0, \"high\": 0.5, \"log\": false}}"}
{"op_code":5,"worker_id":"e36247e0-362c-4c74-9f18-45a7477c1ecf-139679950972736","trial_id":40,"param_name":"layers","param_value_internal":0,"distribution":"{\"name\": \"CategoricalDistribution\", \"attributes\": {\"choices\": [1, 2, 3]}}"}
{"op_code":5,"worker_id":"e36247e0-362c-4c74-9f18-45a7477c1ecf-139679950972736","trial_id":40,"param_name":"nodes","param_value_internal":2,"distribution":"{\"name\": \"CategoricalDistribution\", \"attributes\": {\"choices\": [16, 32, 64]}}"}
{"op_code":6,"worker_id":"e36247e0-362c-4c74-9f18-45a7477c1ecf-139679950972736","trial_id":40,"state":1,"values":[0.7856725636591813],"datetime_complete":"2026-03-20T17:07:04.747594"}
{"op_code":4,"worker_id":"e36247e0-362c-4c74-9f18-45a7477c1ecf-139679950972736","study_id":0,"datetime_start":"2026-03-20T17:07:04.770717"}
{"op_code":5,"worker_id":"e36247e0-362c-4c74-9f18-45a7477c1ecf-139679950972736","trial_id":41,"param_name":"lr","param_value_internal":0.0022584661557305016,"distribution":"{\"name\": \"FloatDistribution\", \"attributes\": {\"step\": null, \"low\": 0.0001, \"high\": 0.1, \"log\": true}}"}
{"op_code":5,"worker_id":"e36247e0-362c-4c74-9f18-45a7477c1ecf-139679950972736","trial_id":41,"param_name":"dropout","param_value_internal":0.3677506237201513,"distribution":"{\"name\": \"FloatDistribution\", \"attributes\": {\"step\": null, \"low\": 0.0, \"high\": 0.5, \"log\": false}}"}
{"op_code":5,"worker_id":"e36247e0-362c-4c74-9f18-45a7477c1ecf-139679950972736","trial_id":41,"param_name":"layers","param_value_internal":2,"distribution":"{\"name\": \"CategoricalDistribution\", \"attributes\": {\"choices\": [1, 2, 3]}}"}
{"op_code":5,"worker_id":"e36247e0-362c-4c74-9f18-45a7477c1ecf-139679950972736","trial_id":41,"param_name":"nodes","param_value_internal":2,"distribution":"{\"name\": \"CategoricalDistribution\", \"attributes\": {\"choices\": [16, 32, 64]}}"}
{"op_code":6,"worker_id":"e36247e0-362c-4c74-9f18-45a7477c1ecf-139679950972736","trial_id":41,"state":1,"values":[0.7946770919479739],"datetime_complete":"2026-03-20T17:07:06.826756"}
{"op_code":4,"worker_id":"e36247e0-362c-4c74-9f18-45a7477c1ecf-139679950972736","study_id":0,"datetime_start":"2026-03-20T17:07:06.852735"}
{"op_code":5,"worker_id":"e36247e0-362c-4c74-9f18-45a7477c1ecf-139679950972736","trial_id":42,"param_name":"lr","param_value_internal":0.004844100001322303,"distribution":"{\"name\": \"FloatDistribution\", \"attributes\": {\"step\": null, \"low\": 0.0001, \"high\": 0.1, \"log\": true}}"}
{"op_code":5,"worker_id":"e36247e0-362c-4c74-9f18-45a7477c1ecf-139679950972736","trial_id":42,"param_name":"dropout","param_value_internal":0.37044134548681984,"distribution":"{\"name\": \"FloatDistribution\", \"attributes\": {\"step\": null, \"low\": 0.0, \"high\": 0.5, \"log\": false}}"}
{"op_code":5,"worker_id":"e36247e0-362c-4c74-9f18-45a7477c1ecf-139679950972736","trial_id":42,"param_name":"layers","param_value_internal":2,"distribution":"{\"name\": \"CategoricalDistribution\", \"attributes\": {\"choices\": [1, 2, 3]}}"}
{"op_code":5,"worker_id":"e36247e0-362c-4c74-9f18-45a7477c1ecf-139679950972736","trial_id":42,"param_name":"nodes","param_value_internal":2,"distribution":"{\"name\": \"CategoricalDistribution\", \"attributes\": {\"choices\": [16, 32, 64]}}"}
{"op_code":6,"worker_id":"e36247e0-362c-4c74-9f18-45a7477c1ecf-139679950972736","trial_id":42,"state":1,"values":[0.7853284599769826],"datetime_complete":"2026-03-20T17:07:08.718851"}
{"op_code":4,"worker_id":"e36247e0-362c-4c74-9f18-45a7477c1ecf-139679950972736","study_id":0,"datetime_start":"2026-03-20T17:07:08.744424"}
{"op_code":5,"worker_id":"e36247e0-362c-4c74-9f18-45a7477c1ecf-139679950972736","trial_id":43,"param_name":"lr","param_value_internal":0.0022303647657645033,"distribution":"{\"name\": \"FloatDistribution\", \"attributes\": {\"step\": null, \"low\": 0.0001, \"high\": 0.1, \"log\": true}}"}
{"op_code":5,"worker_id":"e36247e0-362c-4c74-9f18-45a7477c1ecf-139679950972736","trial_id":43,"param_name":"dropout","param_value_internal":0.13176634993032849,"distribution":"{\"name\": \"FloatDistribution\", \"attributes\": {\"step\": null, \"low\": 0.0, \"high\": 0.5, \"log\": false}}"}
{"op_code":5,"worker_id":"e36247e0-362c-4c74-9f18-45a7477c1ecf-139679950972736","trial_id":43,"param_name":"layers","param_value_internal":2,"distribution":"{\"name\": \"CategoricalDistribution\", \"attributes\": {\"choices\": [1, 2, 3]}}"}
{"op_code":5,"worker_id":"e36247e0-362c-4c74-9f18-45a7477c1ecf-139679950972736","trial_id":43,"param_name":"nodes","param_value_internal":2,"distribution":"{\"name\": \"CategoricalDistribution\", \"attributes\": {\"choices\": [16, 32, 64]}}"}
{"op_code":6,"worker_id":"e36247e0-362c-4c74-9f18-45a7477c1ecf-139679950972736","trial_id":43,"state":1,"values":[0.7827433449191212],"datetime_complete":"2026-03-20T17:07:10.811475"}
{"op_code":4,"worker_id":"e36247e0-362c-4c74-9f18-45a7477c1ecf-139679950972736","study_id":0,"datetime_start":"2026-03-20T17:07:10.831669"}
{"op_code":5,"worker_id":"e36247e0-362c-4c74-9f18-45a7477c1ecf-139679950972736","trial_id":44,"param_name":"lr","param_value_internal":0.0013147947080968335,"distribution":"{\"name\": \"FloatDistribution\", \"attributes\": {\"step\": null, \"low\": 0.0001, \"high\": 0.1, \"log\": true}}"}
{"op_code":5,"worker_id":"e36247e0-362c-4c74-9f18-45a7477c1ecf-139679950972736","trial_id":44,"param_name":"dropout","param_value_internal":0.31161547176913723,"distribution":"{\"name\": \"FloatDistribution\", \"attributes\": {\"step\": null, \"low\": 0.0, \"high\": 0.5, \"log\": false}}"}
{"op_code":5,"worker_id":"e36247e0-362c-4c74-9f18-45a7477c1ecf-139679950972736","trial_id":44,"param_name":"layers","param_value_internal":1,"distribution":"{\"name\": \"CategoricalDistribution\", \"attributes\": {\"choices\": [1, 2, 3]}}"}
{"op_code":5,"worker_id":"e36247e0-362c-4c74-9f18-45a7477c1ecf-139679950972736","trial_id":44,"param_name":"nodes","param_value_internal":2,"distribution":"{\"name\": \"CategoricalDistribution\", \"attributes\": {\"choices\": [16, 32, 64]}}"}
{"op_code":6,"worker_id":"e36247e0-362c-4c74-9f18-45a7477c1ecf-139679950972736","trial_id":44,"state":1,"values":[0.797895473446184],"datetime_complete":"2026-03-20T17:07:12.477858"}
{"op_code":4,"worker_id":"e36247e0-362c-4c74-9f18-45a7477c1ecf-139679950972736","study_id":0,"datetime_start":"2026-03-20T17:07:12.500056"}
{"op_code":5,"worker_id":"e36247e0-362c-4c74-9f18-45a7477c1ecf-139679950972736","trial_id":45,"param_name":"lr","param_value_internal":0.001343849450411373,"distribution":"{\"name\": \"FloatDistribution\", \"attributes\": {\"step\": null, \"low\": 0.0001, \"high\": 0.1, \"log\": true}}"}
{"op_code":5,"worker_id":"e36247e0-362c-4c74-9f18-45a7477c1ecf-139679950972736","trial_id":45,"param_name":"dropout","param_value_internal":0.24277743218755235,"distribution":"{\"name\": \"FloatDistribution\", \"attributes\": {\"step\": null, \"low\": 0.0, \"high\": 0.5, \"log\": false}}"}
{"op_code":5,"worker_id":"e36247e0-362c-4c74-9f18-45a7477c1ecf-139679950972736","trial_id":45,"param_name":"layers","param_value_internal":1,"distribution":"{\"name\": \"CategoricalDistribution\", \"attributes\": {\"choices\": [1, 2, 3]}}"}
{"op_code":5,"worker_id":"e36247e0-362c-4c74-9f18-45a7477c1ecf-139679950972736","trial_id":45,"param_name":"nodes","param_value_internal":1,"distribution":"{\"name\": \"CategoricalDistribution\", \"attributes\": {\"choices\": [16, 32, 64]}}"}
{"op_code":6,"worker_id":"e36247e0-362c-4c74-9f18-45a7477c1ecf-139679950972736","trial_id":45,"state":1,"values":[0.7911753309467767],"datetime_complete":"2026-03-20T17:07:14.192431"}
{"op_code":4,"worker_id":"e36247e0-362c-4c74-9f18-45a7477c1ecf-139679950972736","study_id":0,"datetime_start":"2026-03-20T17:07:14.220872"}
{"op_code":5,"worker_id":"e36247e0-362c-4c74-9f18-45a7477c1ecf-139679950972736","trial_id":46,"param_name":"lr","param_value_internal":0.00021471691416854628,"distribution":"{\"name\": \"FloatDistribution\", \"attributes\": {\"step\": null, \"low\": 0.0001, \"high\": 0.1, \"log\": true}}"}
{"op_code":5,"worker_id":"e36247e0-362c-4c74-9f18-45a7477c1ecf-139679950972736","trial_id":46,"param_name":"dropout","param_value_internal":0.3169437979852663,"distribution":"{\"name\": \"FloatDistribution\", \"attributes\": {\"step\": null, \"low\": 0.0, \"high\": 0.5, \"log\": false}}"}
{"op_code":5,"worker_id":"e36247e0-362c-4c74-9f18-45a7477c1ecf-139679950972736","trial_id":46,"param_name":"layers","param_value_internal":1,"distribution":"{\"name\": \"CategoricalDistribution\", \"attributes\": {\"choices\": [1, 2, 3]}}"}
{"op_code":5,"worker_id":"e36247e0-362c-4c74-9f18-45a7477c1ecf-139679950972736","trial_id":46,"param_name":"nodes","param_value_internal":0,"distribution":"{\"name\": \"CategoricalDistribution\", \"attributes\": {\"choices\": [16, 32, 64]}}"}
{"op_code":6,"worker_id":"e36247e0-362c-4c74-9f18-45a7477c1ecf-139679950972736","trial_id":46,"state":1,"values":[0.6568707962964034],"datetime_complete":"2026-03-20T17:07:16.007708"}
{"op_code":4,"worker_id":"e36247e0-362c-4c74-9f18-45a7477c1ecf-139679950972736","study_id":0,"datetime_start":"2026-03-20T17:07:16.023551"}
{"op_code":5,"worker_id":"e36247e0-362c-4c74-9f18-45a7477c1ecf-139679950972736","trial_id":47,"param_name":"lr","param_value_internal":0.0009819518851189439,"distribution":"{\"name\": \"FloatDistribution\", \"attributes\": {\"step\": null, \"low\": 0.0001, \"high\": 0.1, \"log\": true}}"}
{"op_code":5,"worker_id":"e36247e0-362c-4c74-9f18-45a7477c1ecf-139679950972736","trial_id":47,"param_name":"dropout","param_value_internal":0.1894847506630174,"distribution":"{\"name\": \"FloatDistribution\", \"attributes\": {\"step\": null, \"low\": 0.0, \"high\": 0.5, \"log\": false}}"}
{"op_code":5,"worker_id":"e36247e0-362c-4c74-9f18-45a7477c1ecf-139679950972736","trial_id":47,"param_name":"layers","param_value_internal":1,"distribution":"{\"name\": \"CategoricalDistribution\", \"attributes\": {\"choices\": [1, 2, 3]}}"}
{"op_code":5,"worker_id":"e36247e0-362c-4c74-9f18-45a7477c1ecf-139679950972736","trial_id":47,"param_name":"nodes","param_value_internal":2,"distribution":"{\"name\": \"CategoricalDistribution\", \"attributes\": {\"choices\": [16, 32, 64]}}"}
{"op_code":6,"worker_id":"e36247e0-362c-4c74-9f18-45a7477c1ecf-139679950972736","trial_id":47,"state":1,"values":[0.7947262496168593],"datetime_complete":"2026-03-20T17:07:17.672059"}
{"op_code":4,"worker_id":"e36247e0-362c-4c74-9f18-45a7477c1ecf-139679950972736","study_id":0,"datetime_start":"2026-03-20T17:07:17.699330"}
{"op_code":5,"worker_id":"e36247e0-362c-4c74-9f18-45a7477c1ecf-139679950972736","trial_id":48,"param_name":"lr","param_value_internal":0.0011251155075609322,"distribution":"{\"name\": \"FloatDistribution\", \"attributes\": {\"step\": null, \"low\": 0.0001, \"high\": 0.1, \"log\": true}}"}
{"op_code":5,"worker_id":"e36247e0-362c-4c74-9f18-45a7477c1ecf-139679950972736","trial_id":48,"param_name":"dropout","param_value_internal":0.1911064507094089,"distribution":"{\"name\": \"FloatDistribution\", \"attributes\": {\"step\": null, \"low\": 0.0, \"high\": 0.5, \"log\": false}}"}
{"op_code":5,"worker_id":"e36247e0-362c-4c74-9f18-45a7477c1ecf-139679950972736","trial_id":48,"param_name":"layers","param_value_internal":1,"distribution":"{\"name\": \"CategoricalDistribution\", \"attributes\": {\"choices\": [1, 2, 3]}}"}
{"op_code":5,"worker_id":"e36247e0-362c-4c74-9f18-45a7477c1ecf-139679950972736","trial_id":48,"param_name":"nodes","param_value_internal":2,"distribution":"{\"name\": \"CategoricalDistribution\", \"attributes\": {\"choices\": [16, 32, 64]}}"}
{"op_code":6,"worker_id":"e36247e0-362c-4c74-9f18-45a7477c1ecf-139679950972736","trial_id":48,"state":1,"values":[0.7912967793051997],"datetime_complete":"2026-03-20T17:07:19.523435"}
{"op_code":4,"worker_id":"e36247e0-362c-4c74-9f18-45a7477c1ecf-139679950972736","study_id":0,"datetime_start":"2026-03-20T17:07:19.547663"}
{"op_code":5,"worker_id":"e36247e0-362c-4c74-9f18-45a7477c1ecf-139679950972736","trial_id":49,"param_name":"lr","param_value_internal":0.0036382078220517674,"distribution":"{\"name\": \"FloatDistribution\", \"attributes\": {\"step\": null, \"low\": 0.0001, \"high\": 0.1, \"log\": true}}"}
{"op_code":5,"worker_id":"e36247e0-362c-4c74-9f18-45a7477c1ecf-139679950972736","trial_id":49,"param_name":"dropout","param_value_internal":0.1445143198214871,"distribution":"{\"name\": \"FloatDistribution\", \"attributes\": {\"step\": null, \"low\": 0.0, \"high\": 0.5, \"log\": false}}"}
{"op_code":5,"worker_id":"e36247e0-362c-4c74-9f18-45a7477c1ecf-139679950972736","trial_id":49,"param_name":"layers","param_value_internal":1,"distribution":"{\"name\": \"CategoricalDistribution\", \"attributes\": {\"choices\": [1, 2, 3]}}"}
{"op_code":5,"worker_id":"e36247e0-362c-4c74-9f18-45a7477c1ecf-139679950972736","trial_id":49,"param_name":"nodes","param_value_internal":2,"distribution":"{\"name\": \"CategoricalDistribution\", \"attributes\": {\"choices\": [16, 32, 64]}}"}
{"op_code":6,"worker_id":"e36247e0-362c-4c74-9f18-45a7477c1ecf-139679950972736","trial_id":49,"state":1,"values":[0.7778449277960593],"datetime_complete":"2026-03-20T17:07:21.214313"}
{"op_code":0,"worker_id":"3d4ca4e0-b569-4dfc-91d3-983e750411dd-139679950972736","study_name":"deepsurv_tuning","directions":[2]}
{"op_code":4,"worker_id":"3d4ca4e0-b569-4dfc-91d3-983e750411dd-139679950972736","study_id":0,"datetime_start":"2026-03-20T17:18:29.153771"}
{"op_code":5,"worker_id":"3d4ca4e0-b569-4dfc-91d3-983e750411dd-139679950972736","trial_id":50,"param_name":"lr","param_value_internal":0.0014737308212449617,"distribution":"{\"name\": \"FloatDistribution\", \"attributes\": {\"step\": null, \"low\": 0.0001, \"high\": 0.1, \"log\": true}}"}
{"op_code":5,"worker_id":"3d4ca4e0-b569-4dfc-91d3-983e750411dd-139679950972736","trial_id":50,"param_name":"dropout","param_value_internal":0.24995211894907218,"distribution":"{\"name\": \"FloatDistribution\", \"attributes\": {\"step\": null, \"low\": 0.0, \"high\": 0.5, \"log\": false}}"}
{"op_code":5,"worker_id":"3d4ca4e0-b569-4dfc-91d3-983e750411dd-139679950972736","trial_id":50,"param_name":"layers","param_value_internal":1,"distribution":"{\"name\": \"CategoricalDistribution\", \"attributes\": {\"choices\": [1, 2, 3]}}"}
{"op_code":5,"worker_id":"3d4ca4e0-b569-4dfc-91d3-983e750411dd-139679950972736","trial_id":50,"param_name":"nodes","param_value_internal":1,"distribution":"{\"name\": \"CategoricalDistribution\", \"attributes\": {\"choices\": [16, 32, 64]}}"}
{"op_code":6,"worker_id":"3d4ca4e0-b569-4dfc-91d3-983e750411dd-139679950972736","trial_id":50,"state":1,"values":[0.7889306032199369],"datetime_complete":"2026-03-20T17:18:30.742877"}
{"op_code":4,"worker_id":"3d4ca4e0-b569-4dfc-91d3-983e750411dd-139679950972736","study_id":0,"datetime_start":"2026-03-20T17:18:30.762839"}
{"op_code":5,"worker_id":"3d4ca4e0-b569-4dfc-91d3-983e750411dd-139679950972736","trial_id":51,"param_name":"lr","param_value_internal":0.0008177223804813658,"distribution":"{\"name\": \"FloatDistribution\", \"attributes\": {\"step\": null, \"low\": 0.0001, \"high\": 0.1, \"log\": true}}"}
{"op_code":5,"worker_id":"3d4ca4e0-b569-4dfc-91d3-983e750411dd-139679950972736","trial_id":51,"param_name":"dropout","param_value_internal":0.3006543400884545,"distribution":"{\"name\": \"FloatDistribution\", \"attributes\": {\"step\": null, \"low\": 0.0, \"high\": 0.5, \"log\": false}}"}
{"op_code":5,"worker_id":"3d4ca4e0-b569-4dfc-91d3-983e750411dd-139679950972736","trial_id":51,"param_name":"layers","param_value_internal":1,"distribution":"{\"name\": \"CategoricalDistribution\", \"attributes\": {\"choices\": [1, 2, 3]}}"}
{"op_code":5,"worker_id":"3d4ca4e0-b569-4dfc-91d3-983e750411dd-139679950972736","trial_id":51,"param_name":"nodes","param_value_internal":2,"distribution":"{\"name\": \"CategoricalDistribution\", \"attributes\": {\"choices\": [16, 32, 64]}}"}
{"op_code":6,"worker_id":"3d4ca4e0-b569-4dfc-91d3-983e750411dd-139679950972736","trial_id":51,"state":1,"values":[0.7793375866596034],"datetime_complete":"2026-03-20T17:18:32.401279"}
{"op_code":4,"worker_id":"3d4ca4e0-b569-4dfc-91d3-983e750411dd-139679950972736","study_id":0,"datetime_start":"2026-03-20T17:18:32.424616"}
{"op_code":5,"worker_id":"3d4ca4e0-b569-4dfc-91d3-983e750411dd-139679950972736","trial_id":52,"param_name":"lr","param_value_internal":0.00048229288156816157,"distribution":"{\"name\": \"FloatDistribution\", \"attributes\": {\"step\": null, \"low\": 0.0001, \"high\": 0.1, \"log\": true}}"}
{"op_code":5,"worker_id":"3d4ca4e0-b569-4dfc-91d3-983e750411dd-139679950972736","trial_id":52,"param_name":"dropout","param_value_internal":0.20404758525091887,"distribution":"{\"name\": \"FloatDistribution\", \"attributes\": {\"step\": null, \"low\": 0.0, \"high\": 0.5, \"log\": false}}"}
{"op_code":5,"worker_id":"3d4ca4e0-b569-4dfc-91d3-983e750411dd-139679950972736","trial_id":52,"param_name":"layers","param_value_internal":1,"distribution":"{\"name\": \"CategoricalDistribution\", \"attributes\": {\"choices\": [1, 2, 3]}}"}
{"op_code":5,"worker_id":"3d4ca4e0-b569-4dfc-91d3-983e750411dd-139679950972736","trial_id":52,"param_name":"nodes","param_value_internal":2,"distribution":"{\"name\": \"CategoricalDistribution\", \"attributes\": {\"choices\": [16, 32, 64]}}"}
{"op_code":6,"worker_id":"3d4ca4e0-b569-4dfc-91d3-983e750411dd-139679950972736","trial_id":52,"state":1,"values":[0.7747483704539696],"datetime_complete":"2026-03-20T17:18:34.123347"}
{"op_code":4,"worker_id":"3d4ca4e0-b569-4dfc-91d3-983e750411dd-139679950972736","study_id":0,"datetime_start":"2026-03-20T17:18:34.152922"}
{"op_code":5,"worker_id":"3d4ca4e0-b569-4dfc-91d3-983e750411dd-139679950972736","trial_id":53,"param_name":"lr","param_value_internal":0.0016462246442024214,"distribution":"{\"name\": \"FloatDistribution\", \"attributes\": {\"step\": null, \"low\": 0.0001, \"high\": 0.1, \"log\": true}}"}
{"op_code":5,"worker_id":"3d4ca4e0-b569-4dfc-91d3-983e750411dd-139679950972736","trial_id":53,"param_name":"dropout","param_value_internal":0.40499369047691874,"distribution":"{\"name\": \"FloatDistribution\", \"attributes\": {\"step\": null, \"low\": 0.0, \"high\": 0.5, \"log\": false}}"}
{"op_code":5,"worker_id":"3d4ca4e0-b569-4dfc-91d3-983e750411dd-139679950972736","trial_id":53,"param_name":"layers","param_value_internal":0,"distribution":"{\"name\": \"CategoricalDistribution\", \"attributes\": {\"choices\": [1, 2, 3]}}"}
{"op_code":5,"worker_id":"3d4ca4e0-b569-4dfc-91d3-983e750411dd-139679950972736","trial_id":53,"param_name":"nodes","param_value_internal":2,"distribution":"{\"name\": \"CategoricalDistribution\", \"attributes\": {\"choices\": [16, 32, 64]}}"}
{"op_code":6,"worker_id":"3d4ca4e0-b569-4dfc-91d3-983e750411dd-139679950972736","trial_id":53,"state":1,"values":[0.7855678651219569],"datetime_complete":"2026-03-20T17:18:35.479607"}
{"op_code":4,"worker_id":"3d4ca4e0-b569-4dfc-91d3-983e750411dd-139679950972736","study_id":0,"datetime_start":"2026-03-20T17:18:35.497132"}
{"op_code":5,"worker_id":"3d4ca4e0-b569-4dfc-91d3-983e750411dd-139679950972736","trial_id":54,"param_name":"lr","param_value_internal":0.0005905791307664626,"distribution":"{\"name\": \"FloatDistribution\", \"attributes\": {\"step\": null, \"low\": 0.0001, \"high\": 0.1, \"log\": true}}"}
{"op_code":5,"worker_id":"3d4ca4e0-b569-4dfc-91d3-983e750411dd-139679950972736","trial_id":54,"param_name":"dropout","param_value_internal":0.47296237369599015,"distribution":"{\"name\": \"FloatDistribution\", \"attributes\": {\"step\": null, \"low\": 0.0, \"high\": 0.5, \"log\": false}}"}
{"op_code":5,"worker_id":"3d4ca4e0-b569-4dfc-91d3-983e750411dd-139679950972736","trial_id":54,"param_name":"layers","param_value_internal":1,"distribution":"{\"name\": \"CategoricalDistribution\", \"attributes\": {\"choices\": [1, 2, 3]}}"}
{"op_code":5,"worker_id":"3d4ca4e0-b569-4dfc-91d3-983e750411dd-139679950972736","trial_id":54,"param_name":"nodes","param_value_internal":2,"distribution":"{\"name\": \"CategoricalDistribution\", \"attributes\": {\"choices\": [16, 32, 64]}}"}
{"op_code":6,"worker_id":"3d4ca4e0-b569-4dfc-91d3-983e750411dd-139679950972736","trial_id":54,"state":1,"values":[0.7694566644401962],"datetime_complete":"2026-03-20T17:18:37.212915"}
{"op_code":4,"worker_id":"3d4ca4e0-b569-4dfc-91d3-983e750411dd-139679950972736","study_id":0,"datetime_start":"2026-03-20T17:18:37.232293"}
{"op_code":5,"worker_id":"3d4ca4e0-b569-4dfc-91d3-983e750411dd-139679950972736","trial_id":55,"param_name":"lr","param_value_internal":0.0052085748276750774,"distribution":"{\"name\": \"FloatDistribution\", \"attributes\": {\"step\": null, \"low\": 0.0001, \"high\": 0.1, \"log\": true}}"}
{"op_code":5,"worker_id":"3d4ca4e0-b569-4dfc-91d3-983e750411dd-139679950972736","trial_id":55,"param_name":"dropout","param_value_internal":0.2725443995689258,"distribution":"{\"name\": \"FloatDistribution\", \"attributes\": {\"step\": null, \"low\": 0.0, \"high\": 0.5, \"log\": false}}"}
{"op_code":5,"worker_id":"3d4ca4e0-b569-4dfc-91d3-983e750411dd-139679950972736","trial_id":55,"param_name":"layers","param_value_internal":0,"distribution":"{\"name\": \"CategoricalDistribution\", \"attributes\": {\"choices\": [1, 2, 3]}}"}
{"op_code":5,"worker_id":"3d4ca4e0-b569-4dfc-91d3-983e750411dd-139679950972736","trial_id":55,"param_name":"nodes","param_value_internal":2,"distribution":"{\"name\": \"CategoricalDistribution\", \"attributes\": {\"choices\": [16, 32, 64]}}"}
{"op_code":6,"worker_id":"3d4ca4e0-b569-4dfc-91d3-983e750411dd-139679950972736","trial_id":55,"state":1,"values":[0.7913893175484258],"datetime_complete":"2026-03-20T17:18:38.576594"}
{"op_code":4,"worker_id":"3d4ca4e0-b569-4dfc-91d3-983e750411dd-139679950972736","study_id":0,"datetime_start":"2026-03-20T17:18:38.606053"}
{"op_code":5,"worker_id":"3d4ca4e0-b569-4dfc-91d3-983e750411dd-139679950972736","trial_id":56,"param_name":"lr","param_value_internal":0.003451884630507851,"distribution":"{\"name\": \"FloatDistribution\", \"attributes\": {\"step\": null, \"low\": 0.0001, \"high\": 0.1, \"log\": true}}"}
{"op_code":5,"worker_id":"3d4ca4e0-b569-4dfc-91d3-983e750411dd-139679950972736","trial_id":56,"param_name":"dropout","param_value_internal":0.16482095850696846,"distribution":"{\"name\": \"FloatDistribution\", \"attributes\": {\"step\": null, \"low\": 0.0, \"high\": 0.5, \"log\": false}}"}
{"op_code":5,"worker_id":"3d4ca4e0-b569-4dfc-91d3-983e750411dd-139679950972736","trial_id":56,"param_name":"layers","param_value_internal":1,"distribution":"{\"name\": \"CategoricalDistribution\", \"attributes\": {\"choices\": [1, 2, 3]}}"}
{"op_code":5,"worker_id":"3d4ca4e0-b569-4dfc-91d3-983e750411dd-139679950972736","trial_id":56,"param_name":"nodes","param_value_internal":2,"distribution":"{\"name\": \"CategoricalDistribution\", \"attributes\": {\"choices\": [16, 32, 64]}}"}
{"op_code":6,"worker_id":"3d4ca4e0-b569-4dfc-91d3-983e750411dd-139679950972736","trial_id":56,"state":1,"values":[0.7842434990902181],"datetime_complete":"2026-03-20T17:18:40.187134"}
{"op_code":4,"worker_id":"3d4ca4e0-b569-4dfc-91d3-983e750411dd-139679950972736","study_id":0,"datetime_start":"2026-03-20T17:18:40.211727"}
{"op_code":5,"worker_id":"3d4ca4e0-b569-4dfc-91d3-983e750411dd-139679950972736","trial_id":57,"param_name":"lr","param_value_internal":0.0009855644745551367,"distribution":"{\"name\": \"FloatDistribution\", \"attributes\": {\"step\": null, \"low\": 0.0001, \"high\": 0.1, \"log\": true}}"}
{"op_code":5,"worker_id":"3d4ca4e0-b569-4dfc-91d3-983e750411dd-139679950972736","trial_id":57,"param_name":"dropout","param_value_internal":0.23427040060215243,"distribution":"{\"name\": \"FloatDistribution\", \"attributes\": {\"step\": null, \"low\": 0.0, \"high\": 0.5, \"log\": false}}"}
{"op_code":5,"worker_id":"3d4ca4e0-b569-4dfc-91d3-983e750411dd-139679950972736","trial_id":57,"param_name":"layers","param_value_internal":0,"distribution":"{\"name\": \"CategoricalDistribution\", \"attributes\": {\"choices\": [1, 2, 3]}}"}
{"op_code":5,"worker_id":"3d4ca4e0-b569-4dfc-91d3-983e750411dd-139679950972736","trial_id":57,"param_name":"nodes","param_value_internal":2,"distribution":"{\"name\": \"CategoricalDistribution\", \"attributes\": {\"choices\": [16, 32, 64]}}"}
{"op_code":6,"worker_id":"3d4ca4e0-b569-4dfc-91d3-983e750411dd-139679950972736","trial_id":57,"state":1,"values":[0.785216620217887],"datetime_complete":"2026-03-20T17:18:41.685283"}
{"op_code":4,"worker_id":"3d4ca4e0-b569-4dfc-91d3-983e750411dd-139679950972736","study_id":0,"datetime_start":"2026-03-20T17:18:41.793212"}
{"op_code":5,"worker_id":"3d4ca4e0-b569-4dfc-91d3-983e750411dd-139679950972736","trial_id":58,"param_name":"lr","param_value_internal":0.001956852435945625,"distribution":"{\"name\": \"FloatDistribution\", \"attributes\": {\"step\": null, \"low\": 0.0001, \"high\": 0.1, \"log\": true}}"}
{"op_code":5,"worker_id":"3d4ca4e0-b569-4dfc-91d3-983e750411dd-139679950972736","trial_id":58,"param_name":"dropout","param_value_internal":0.3317172653337166,"distribution":"{\"name\": \"FloatDistribution\", \"attributes\": {\"step\": null, \"low\": 0.0, \"high\": 0.5, \"log\": false}}"}
{"op_code":5,"worker_id":"3d4ca4e0-b569-4dfc-91d3-983e750411dd-139679950972736","trial_id":58,"param_name":"layers","param_value_internal":1,"distribution":"{\"name\": \"CategoricalDistribution\", \"attributes\": {\"choices\": [1, 2, 3]}}"}
{"op_code":5,"worker_id":"3d4ca4e0-b569-4dfc-91d3-983e750411dd-139679950972736","trial_id":58,"param_name":"nodes","param_value_internal":0,"distribution":"{\"name\": \"CategoricalDistribution\", \"attributes\": {\"choices\": [16, 32, 64]}}"}
{"op_code":6,"worker_id":"3d4ca4e0-b569-4dfc-91d3-983e750411dd-139679950972736","trial_id":58,"state":1,"values":[0.7801897874104613],"datetime_complete":"2026-03-20T17:18:43.410630"}
{"op_code":4,"worker_id":"3d4ca4e0-b569-4dfc-91d3-983e750411dd-139679950972736","study_id":0,"datetime_start":"2026-03-20T17:18:43.430525"}
{"op_code":5,"worker_id":"3d4ca4e0-b569-4dfc-91d3-983e750411dd-139679950972736","trial_id":59,"param_name":"lr","param_value_internal":0.008899607992770075,"distribution":"{\"name\": \"FloatDistribution\", \"attributes\": {\"step\": null, \"low\": 0.0001, \"high\": 0.1, \"log\": true}}"}
{"op_code":5,"worker_id":"3d4ca4e0-b569-4dfc-91d3-983e750411dd-139679950972736","trial_id":59,"param_name":"dropout","param_value_internal":0.28400528776681494,"distribution":"{\"name\": \"FloatDistribution\", \"attributes\": {\"step\": null, \"low\": 0.0, \"high\": 0.5, \"log\": false}}"}
{"op_code":5,"worker_id":"3d4ca4e0-b569-4dfc-91d3-983e750411dd-139679950972736","trial_id":59,"param_name":"layers","param_value_internal":0,"distribution":"{\"name\": \"CategoricalDistribution\", \"attributes\": {\"choices\": [1, 2, 3]}}"}
{"op_code":5,"worker_id":"3d4ca4e0-b569-4dfc-91d3-983e750411dd-139679950972736","trial_id":59,"param_name":"nodes","param_value_internal":2,"distribution":"{\"name\": \"CategoricalDistribution\", \"attributes\": {\"choices\": [16, 32, 64]}}"}
{"op_code":6,"worker_id":"3d4ca4e0-b569-4dfc-91d3-983e750411dd-139679950972736","trial_id":59,"state":1,"values":[0.7739537508349265],"datetime_complete":"2026-03-20T17:18:44.756687"}
{"op_code":0,"worker_id":"5f3c9b7b-af77-43b0-b340-a2fc9e10be9a-139679950972736","study_name":"deepsurv_tuning","directions":[2]}
{"op_code":4,"worker_id":"5f3c9b7b-af77-43b0-b340-a2fc9e10be9a-139679950972736","study_id":0,"datetime_start":"2026-03-20T17:29:33.373322"}
{"op_code":5,"worker_id":"5f3c9b7b-af77-43b0-b340-a2fc9e10be9a-139679950972736","trial_id":60,"param_name":"lr","param_value_internal":0.0026150413041579473,"distribution":"{\"name\": \"FloatDistribution\", \"attributes\": {\"step\": null, \"low\": 0.0001, \"high\": 0.1, \"log\": true}}"}
{"op_code":5,"worker_id":"5f3c9b7b-af77-43b0-b340-a2fc9e10be9a-139679950972736","trial_id":60,"param_name":"dropout","param_value_internal":0.36261023088476635,"distribution":"{\"name\": \"FloatDistribution\", \"attributes\": {\"step\": null, \"low\": 0.0, \"high\": 0.5, \"log\": false}}"}
{"op_code":5,"worker_id":"5f3c9b7b-af77-43b0-b340-a2fc9e10be9a-139679950972736","trial_id":60,"param_name":"layers","param_value_internal":1,"distribution":"{\"name\": \"CategoricalDistribution\", \"attributes\": {\"choices\": [1, 2, 3]}}"}
{"op_code":5,"worker_id":"5f3c9b7b-af77-43b0-b340-a2fc9e10be9a-139679950972736","trial_id":60,"param_name":"nodes","param_value_internal":2,"distribution":"{\"name\": \"CategoricalDistribution\", \"attributes\": {\"choices\": [16, 32, 64]}}"}
{"op_code":6,"worker_id":"5f3c9b7b-af77-43b0-b340-a2fc9e10be9a-139679950972736","trial_id":60,"state":1,"values":[0.7727708760170063],"datetime_complete":"2026-03-20T17:29:35.177248"}
{"op_code":4,"worker_id":"5f3c9b7b-af77-43b0-b340-a2fc9e10be9a-139679950972736","study_id":0,"datetime_start":"2026-03-20T17:29:35.198182"}
{"op_code":5,"worker_id":"5f3c9b7b-af77-43b0-b340-a2fc9e10be9a-139679950972736","trial_id":61,"param_name":"lr","param_value_internal":0.0023984164178625514,"distribution":"{\"name\": \"FloatDistribution\", \"attributes\": {\"step\": null, \"low\": 0.0001, \"high\": 0.1, \"log\": true}}"}
{"op_code":5,"worker_id":"5f3c9b7b-af77-43b0-b340-a2fc9e10be9a-139679950972736","trial_id":61,"param_name":"dropout","param_value_internal":0.4167208807047983,"distribution":"{\"name\": \"FloatDistribution\", \"attributes\": {\"step\": null, \"low\": 0.0, \"high\": 0.5, \"log\": false}}"}
{"op_code":5,"worker_id":"5f3c9b7b-af77-43b0-b340-a2fc9e10be9a-139679950972736","trial_id":61,"param_name":"layers","param_value_internal":2,"distribution":"{\"name\": \"CategoricalDistribution\", \"attributes\": {\"choices\": [1, 2, 3]}}"}
{"op_code":5,"worker_id":"5f3c9b7b-af77-43b0-b340-a2fc9e10be9a-139679950972736","trial_id":61,"param_name":"nodes","param_value_internal":2,"distribution":"{\"name\": \"CategoricalDistribution\", \"attributes\": {\"choices\": [16, 32, 64]}}"}
{"op_code":6,"worker_id":"5f3c9b7b-af77-43b0-b340-a2fc9e10be9a-139679950972736","trial_id":61,"state":1,"values":[0.7744969741470173],"datetime_complete":"2026-03-20T17:29:37.052408"}
{"op_code":4,"worker_id":"5f3c9b7b-af77-43b0-b340-a2fc9e10be9a-139679950972736","study_id":0,"datetime_start":"2026-03-20T17:29:37.065346"}
{"op_code":5,"worker_id":"5f3c9b7b-af77-43b0-b340-a2fc9e10be9a-139679950972736","trial_id":62,"param_name":"lr","param_value_internal":0.0013914237532501024,"distribution":"{\"name\": \"FloatDistribution\", \"attributes\": {\"step\": null, \"low\": 0.0001, \"high\": 0.1, \"log\": true}}"}
{"op_code":5,"worker_id":"5f3c9b7b-af77-43b0-b340-a2fc9e10be9a-139679950972736","trial_id":62,"param_name":"dropout","param_value_internal":0.34391166753899355,"distribution":"{\"name\": \"FloatDistribution\", \"attributes\": {\"step\": null, \"low\": 0.0, \"high\": 0.5, \"log\": false}}"}
{"op_code":5,"worker_id":"5f3c9b7b-af77-43b0-b340-a2fc9e10be9a-139679950972736","trial_id":62,"param_name":"layers","param_value_internal":2,"distribution":"{\"name\": \"CategoricalDistribution\", \"attributes\": {\"choices\": [1, 2, 3]}}"}
{"op_code":5,"worker_id":"5f3c9b7b-af77-43b0-b340-a2fc9e10be9a-139679950972736","trial_id":62,"param_name":"nodes","param_value_internal":2,"distribution":"{\"name\": \"CategoricalDistribution\", \"attributes\": {\"choices\": [16, 32, 64]}}"}
{"op_code":6,"worker_id":"5f3c9b7b-af77-43b0-b340-a2fc9e10be9a-139679950972736","trial_id":62,"state":1,"values":[0.7718826608557657],"datetime_complete":"2026-03-20T17:29:39.097320"}
{"op_code":4,"worker_id":"5f3c9b7b-af77-43b0-b340-a2fc9e10be9a-139679950972736","study_id":0,"datetime_start":"2026-03-20T17:29:39.109819"}
{"op_code":5,"worker_id":"5f3c9b7b-af77-43b0-b340-a2fc9e10be9a-139679950972736","trial_id":63,"param_name":"lr","param_value_internal":0.003992872364038704,"distribution":"{\"name\": \"FloatDistribution\", \"attributes\": {\"step\": null, \"low\": 0.0001, \"high\": 0.1, \"log\": true}}"}
{"op_code":5,"worker_id":"5f3c9b7b-af77-43b0-b340-a2fc9e10be9a-139679950972736","trial_id":63,"param_name":"dropout","param_value_internal":0.3904304301676181,"distribution":"{\"name\": \"FloatDistribution\", \"attributes\": {\"step\": null, \"low\": 0.0, \"high\": 0.5, \"log\": false}}"}
{"op_code":5,"worker_id":"5f3c9b7b-af77-43b0-b340-a2fc9e10be9a-139679950972736","trial_id":63,"param_name":"layers","param_value_internal":2,"distribution":"{\"name\": \"CategoricalDistribution\", \"attributes\": {\"choices\": [1, 2, 3]}}"}
{"op_code":5,"worker_id":"5f3c9b7b-af77-43b0-b340-a2fc9e10be9a-139679950972736","trial_id":63,"param_name":"nodes","param_value_internal":2,"distribution":"{\"name\": \"CategoricalDistribution\", \"attributes\": {\"choices\": [16, 32, 64]}}"}
{"op_code":6,"worker_id":"5f3c9b7b-af77-43b0-b340-a2fc9e10be9a-139679950972736","trial_id":63,"state":1,"values":[0.76957330143654],"datetime_complete":"2026-03-20T17:29:40.968127"}
{"op_code":4,"worker_id":"5f3c9b7b-af77-43b0-b340-a2fc9e10be9a-139679950972736","study_id":0,"datetime_start":"2026-03-20T17:29:40.990044"}
{"op_code":5,"worker_id":"5f3c9b7b-af77-43b0-b340-a2fc9e10be9a-139679950972736","trial_id":64,"param_name":"lr","param_value_internal":0.0031086752476429014,"distribution":"{\"name\": \"FloatDistribution\", \"attributes\": {\"step\": null, \"low\": 0.0001, \"high\": 0.1, \"log\": true}}"}
{"op_code":5,"worker_id":"5f3c9b7b-af77-43b0-b340-a2fc9e10be9a-139679950972736","trial_id":64,"param_name":"dropout","param_value_internal":0.43715714860598354,"distribution":"{\"name\": \"FloatDistribution\", \"attributes\": {\"step\": null, \"low\": 0.0, \"high\": 0.5, \"log\": false}}"}
{"op_code":5,"worker_id":"5f3c9b7b-af77-43b0-b340-a2fc9e10be9a-139679950972736","trial_id":64,"param_name":"layers","param_value_internal":2,"distribution":"{\"name\": \"CategoricalDistribution\", \"attributes\": {\"choices\": [1, 2, 3]}}"}
{"op_code":5,"worker_id":"5f3c9b7b-af77-43b0-b340-a2fc9e10be9a-139679950972736","trial_id":64,"param_name":"nodes","param_value_internal":2,"distribution":"{\"name\": \"CategoricalDistribution\", \"attributes\": {\"choices\": [16, 32, 64]}}"}
{"op_code":6,"worker_id":"5f3c9b7b-af77-43b0-b340-a2fc9e10be9a-139679950972736","trial_id":64,"state":1,"values":[0.7793910396854534],"datetime_complete":"2026-03-20T17:29:42.965688"}
{"op_code":4,"worker_id":"5f3c9b7b-af77-43b0-b340-a2fc9e10be9a-139679950972736","study_id":0,"datetime_start":"2026-03-20T17:29:42.993408"}
{"op_code":5,"worker_id":"5f3c9b7b-af77-43b0-b340-a2fc9e10be9a-139679950972736","trial_id":65,"param_name":"lr","param_value_internal":0.0007118831536956366,"distribution":"{\"name\": \"FloatDistribution\", \"attributes\": {\"step\": null, \"low\": 0.0001, \"high\": 0.1, \"log\": true}}"}
{"op_code":5,"worker_id":"5f3c9b7b-af77-43b0-b340-a2fc9e10be9a-139679950972736","trial_id":65,"param_name":"dropout","param_value_internal":0.3549357481949727,"distribution":"{\"name\": \"FloatDistribution\", \"attributes\": {\"step\": null, \"low\": 0.0, \"high\": 0.5, \"log\": false}}"}
{"op_code":5,"worker_id":"5f3c9b7b-af77-43b0-b340-a2fc9e10be9a-139679950972736","trial_id":65,"param_name":"layers","param_value_internal":2,"distribution":"{\"name\": \"CategoricalDistribution\", \"attributes\": {\"choices\": [1, 2, 3]}}"}
{"op_code":5,"worker_id":"5f3c9b7b-af77-43b0-b340-a2fc9e10be9a-139679950972736","trial_id":65,"param_name":"nodes","param_value_internal":2,"distribution":"{\"name\": \"CategoricalDistribution\", \"attributes\": {\"choices\": [16, 32, 64]}}"}
{"op_code":6,"worker_id":"5f3c9b7b-af77-43b0-b340-a2fc9e10be9a-139679950972736","trial_id":65,"state":1,"values":[0.7567770816802663],"datetime_complete":"2026-03-20T17:29:44.892962"}
{"op_code":4,"worker_id":"5f3c9b7b-af77-43b0-b340-a2fc9e10be9a-139679950972736","study_id":0,"datetime_start":"2026-03-20T17:29:44.912781"}
{"op_code":5,"worker_id":"5f3c9b7b-af77-43b0-b340-a2fc9e10be9a-139679950972736","trial_id":66,"param_name":"lr","param_value_internal":0.005686603052220888,"distribution":"{\"name\": \"FloatDistribution\", \"attributes\": {\"step\": null, \"low\": 0.0001, \"high\": 0.1, \"log\": true}}"}
{"op_code":5,"worker_id":"5f3c9b7b-af77-43b0-b340-a2fc9e10be9a-139679950972736","trial_id":66,"param_name":"dropout","param_value_internal":0.2584675700822743,"distribution":"{\"name\": \"FloatDistribution\", \"attributes\": {\"step\": null, \"low\": 0.0, \"high\": 0.5, \"log\": false}}"}
{"op_code":5,"worker_id":"5f3c9b7b-af77-43b0-b340-a2fc9e10be9a-139679950972736","trial_id":66,"param_name":"layers","param_value_internal":2,"distribution":"{\"name\": \"CategoricalDistribution\", \"attributes\": {\"choices\": [1, 2, 3]}}"}
{"op_code":5,"worker_id":"5f3c9b7b-af77-43b0-b340-a2fc9e10be9a-139679950972736","trial_id":66,"param_name":"nodes","param_value_internal":2,"distribution":"{\"name\": \"CategoricalDistribution\", \"attributes\": {\"choices\": [16, 32, 64]}}"}
{"op_code":6,"worker_id":"5f3c9b7b-af77-43b0-b340-a2fc9e10be9a-139679950972736","trial_id":66,"state":1,"values":[0.760288492284371],"datetime_complete":"2026-03-20T17:29:46.774627"}
{"op_code":4,"worker_id":"5f3c9b7b-af77-43b0-b340-a2fc9e10be9a-139679950972736","study_id":0,"datetime_start":"2026-03-20T17:29:46.798711"}
{"op_code":5,"worker_id":"5f3c9b7b-af77-43b0-b340-a2fc9e10be9a-139679950972736","trial_id":67,"param_name":"lr","param_value_internal":0.0018360808277364333,"distribution":"{\"name\": \"FloatDistribution\", \"attributes\": {\"step\": null, \"low\": 0.0001, \"high\": 0.1, \"log\": true}}"}
{"op_code":5,"worker_id":"5f3c9b7b-af77-43b0-b340-a2fc9e10be9a-139679950972736","trial_id":67,"param_name":"dropout","param_value_internal":0.3177185491039527,"distribution":"{\"name\": \"FloatDistribution\", \"attributes\": {\"step\": null, \"low\": 0.0, \"high\": 0.5, \"log\": false}}"}
{"op_code":5,"worker_id":"5f3c9b7b-af77-43b0-b340-a2fc9e10be9a-139679950972736","trial_id":67,"param_name":"layers","param_value_internal":0,"distribution":"{\"name\": \"CategoricalDistribution\", \"attributes\": {\"choices\": [1, 2, 3]}}"}
{"op_code":5,"worker_id":"5f3c9b7b-af77-43b0-b340-a2fc9e10be9a-139679950972736","trial_id":67,"param_name":"nodes","param_value_internal":2,"distribution":"{\"name\": \"CategoricalDistribution\", \"attributes\": {\"choices\": [16, 32, 64]}}"}
{"op_code":6,"worker_id":"5f3c9b7b-af77-43b0-b340-a2fc9e10be9a-139679950972736","trial_id":67,"state":1,"values":[0.7722083397482206],"datetime_complete":"2026-03-20T17:29:48.157601"}
{"op_code":4,"worker_id":"5f3c9b7b-af77-43b0-b340-a2fc9e10be9a-139679950972736","study_id":0,"datetime_start":"2026-03-20T17:29:48.176057"}
{"op_code":5,"worker_id":"5f3c9b7b-af77-43b0-b340-a2fc9e10be9a-139679950972736","trial_id":68,"param_name":"lr","param_value_internal":0.0011451487507575402,"distribution":"{\"name\": \"FloatDistribution\", \"attributes\": {\"step\": null, \"low\": 0.0001, \"high\": 0.1, \"log\": true}}"}
{"op_code":5,"worker_id":"5f3c9b7b-af77-43b0-b340-a2fc9e10be9a-139679950972736","trial_id":68,"param_name":"dropout","param_value_internal":0.4057049624851858,"distribution":"{\"name\": \"FloatDistribution\", \"attributes\": {\"step\": null, \"low\": 0.0, \"high\": 0.5, \"log\": false}}"}
{"op_code":5,"worker_id":"5f3c9b7b-af77-43b0-b340-a2fc9e10be9a-139679950972736","trial_id":68,"param_name":"layers","param_value_internal":2,"distribution":"{\"name\": \"CategoricalDistribution\", \"attributes\": {\"choices\": [1, 2, 3]}}"}
{"op_code":5,"worker_id":"5f3c9b7b-af77-43b0-b340-a2fc9e10be9a-139679950972736","trial_id":68,"param_name":"nodes","param_value_internal":2,"distribution":"{\"name\": \"CategoricalDistribution\", \"attributes\": {\"choices\": [16, 32, 64]}}"}
{"op_code":6,"worker_id":"5f3c9b7b-af77-43b0-b340-a2fc9e10be9a-139679950972736","trial_id":68,"state":1,"values":[0.7728182474922726],"datetime_complete":"2026-03-20T17:29:50.030765"}
{"op_code":4,"worker_id":"5f3c9b7b-af77-43b0-b340-a2fc9e10be9a-139679950972736","study_id":0,"datetime_start":"2026-03-20T17:29:50.050942"}
{"op_code":5,"worker_id":"5f3c9b7b-af77-43b0-b340-a2fc9e10be9a-139679950972736","trial_id":69,"param_name":"lr","param_value_internal":0.0008307230775048979,"distribution":"{\"name\": \"FloatDistribution\", \"attributes\": {\"step\": null, \"low\": 0.0001, \"high\": 0.1, \"log\": true}}"}
{"op_code":5,"worker_id":"5f3c9b7b-af77-43b0-b340-a2fc9e10be9a-139679950972736","trial_id":69,"param_name":"dropout","param_value_internal":0.28898118428863195,"distribution":"{\"name\": \"FloatDistribution\", \"attributes\": {\"step\": null, \"low\": 0.0, \"high\": 0.5, \"log\": false}}"}
{"op_code":5,"worker_id":"5f3c9b7b-af77-43b0-b340-a2fc9e10be9a-139679950972736","trial_id":69,"param_name":"layers","param_value_internal":2,"distribution":"{\"name\": \"CategoricalDistribution\", \"attributes\": {\"choices\": [1, 2, 3]}}"}
{"op_code":5,"worker_id":"5f3c9b7b-af77-43b0-b340-a2fc9e10be9a-139679950972736","trial_id":69,"param_name":"nodes","param_value_internal":0,"distribution":"{\"name\": \"CategoricalDistribution\", \"attributes\": {\"choices\": [16, 32, 64]}}"}
{"op_code":6,"worker_id":"5f3c9b7b-af77-43b0-b340-a2fc9e10be9a-139679950972736","trial_id":69,"state":1,"values":[0.7552552730373405],"datetime_complete":"2026-03-20T17:29:51.843424"}
{"op_code":0,"worker_id":"f72f5aff-a88d-4a40-8c26-08c58adf3e07-139679950972736","study_name":"deepsurv_tuning","directions":[2]}
{"op_code":4,"worker_id":"f72f5aff-a88d-4a40-8c26-08c58adf3e07-139679950972736","study_id":0,"datetime_start":"2026-03-20T17:39:24.285452"}
{"op_code":5,"worker_id":"f72f5aff-a88d-4a40-8c26-08c58adf3e07-139679950972736","trial_id":70,"param_name":"lr","param_value_internal":0.007191961457721253,"distribution":"{\"name\": \"FloatDistribution\", \"attributes\": {\"step\": null, \"low\": 0.0001, \"high\": 0.1, \"log\": true}}"}
{"op_code":5,"worker_id":"f72f5aff-a88d-4a40-8c26-08c58adf3e07-139679950972736","trial_id":70,"param_name":"dropout","param_value_internal":0.3872340604030062,"distribution":"{\"name\": \"FloatDistribution\", \"attributes\": {\"step\": null, \"low\": 0.0, \"high\": 0.5, \"log\": false}}"}
{"op_code":5,"worker_id":"f72f5aff-a88d-4a40-8c26-08c58adf3e07-139679950972736","trial_id":70,"param_name":"layers","param_value_internal":0,"distribution":"{\"name\": \"CategoricalDistribution\", \"attributes\": {\"choices\": [1, 2, 3]}}"}
{"op_code":5,"worker_id":"f72f5aff-a88d-4a40-8c26-08c58adf3e07-139679950972736","trial_id":70,"param_name":"nodes","param_value_internal":1,"distribution":"{\"name\": \"CategoricalDistribution\", \"attributes\": {\"choices\": [16, 32, 64]}}"}
{"op_code":6,"worker_id":"f72f5aff-a88d-4a40-8c26-08c58adf3e07-139679950972736","trial_id":70,"state":1,"values":[0.7704481994300354],"datetime_complete":"2026-03-20T17:39:25.840617"}
{"op_code":4,"worker_id":"f72f5aff-a88d-4a40-8c26-08c58adf3e07-139679950972736","study_id":0,"datetime_start":"2026-03-20T17:39:25.866765"}
{"op_code":5,"worker_id":"f72f5aff-a88d-4a40-8c26-08c58adf3e07-139679950972736","trial_id":71,"param_name":"lr","param_value_internal":0.0024688809002213897,"distribution":"{\"name\": \"FloatDistribution\", \"attributes\": {\"step\": null, \"low\": 0.0001, \"high\": 0.1, \"log\": true}}"}
{"op_code":5,"worker_id":"f72f5aff-a88d-4a40-8c26-08c58adf3e07-139679950972736","trial_id":71,"param_name":"dropout","param_value_internal":0.35009684435573213,"distribution":"{\"name\": \"FloatDistribution\", \"attributes\": {\"step\": null, \"low\": 0.0, \"high\": 0.5, \"log\": false}}"}
{"op_code":5,"worker_id":"f72f5aff-a88d-4a40-8c26-08c58adf3e07-139679950972736","trial_id":71,"param_name":"layers","param_value_internal":2,"distribution":"{\"name\": \"CategoricalDistribution\", \"attributes\": {\"choices\": [1, 2, 3]}}"}
{"op_code":5,"worker_id":"f72f5aff-a88d-4a40-8c26-08c58adf3e07-139679950972736","trial_id":71,"param_name":"nodes","param_value_internal":2,"distribution":"{\"name\": \"CategoricalDistribution\", \"attributes\": {\"choices\": [16, 32, 64]}}"}
{"op_code":6,"worker_id":"f72f5aff-a88d-4a40-8c26-08c58adf3e07-139679950972736","trial_id":71,"state":1,"values":[0.7734189239759348],"datetime_complete":"2026-03-20T17:39:27.729312"}
{"op_code":4,"worker_id":"f72f5aff-a88d-4a40-8c26-08c58adf3e07-139679950972736","study_id":0,"datetime_start":"2026-03-20T17:39:27.763238"}
{"op_code":5,"worker_id":"f72f5aff-a88d-4a40-8c26-08c58adf3e07-139679950972736","trial_id":72,"param_name":"lr","param_value_internal":0.0016320362552687492,"distribution":"{\"name\": \"FloatDistribution\", \"attributes\": {\"step\": null, \"low\": 0.0001, \"high\": 0.1, \"log\": true}}"}
{"op_code":5,"worker_id":"f72f5aff-a88d-4a40-8c26-08c58adf3e07-139679950972736","trial_id":72,"param_name":"dropout","param_value_internal":0.3779737378756636,"distribution":"{\"name\": \"FloatDistribution\", \"attributes\": {\"step\": null, \"low\": 0.0, \"high\": 0.5, \"log\": false}}"}
{"op_code":5,"worker_id":"f72f5aff-a88d-4a40-8c26-08c58adf3e07-139679950972736","trial_id":72,"param_name":"layers","param_value_internal":2,"distribution":"{\"name\": \"CategoricalDistribution\", \"attributes\": {\"choices\": [1, 2, 3]}}"}
{"op_code":5,"worker_id":"f72f5aff-a88d-4a40-8c26-08c58adf3e07-139679950972736","trial_id":72,"param_name":"nodes","param_value_internal":2,"distribution":"{\"name\": \"CategoricalDistribution\", \"attributes\": {\"choices\": [16, 32, 64]}}"}
{"op_code":6,"worker_id":"f72f5aff-a88d-4a40-8c26-08c58adf3e07-139679950972736","trial_id":72,"state":1,"values":[0.7695615878407553],"datetime_complete":"2026-03-20T17:39:29.681047"}
{"op_code":4,"worker_id":"f72f5aff-a88d-4a40-8c26-08c58adf3e07-139679950972736","study_id":0,"datetime_start":"2026-03-20T17:39:29.699499"}
{"op_code":5,"worker_id":"f72f5aff-a88d-4a40-8c26-08c58adf3e07-139679950972736","trial_id":73,"param_name":"lr","param_value_internal":0.0029836414391290365,"distribution":"{\"name\": \"FloatDistribution\", \"attributes\": {\"step\": null, \"low\": 0.0001, \"high\": 0.1, \"log\": true}}"}
{"op_code":5,"worker_id":"f72f5aff-a88d-4a40-8c26-08c58adf3e07-139679950972736","trial_id":73,"param_name":"dropout","param_value_internal":0.3296885964430612,"distribution":"{\"name\": \"FloatDistribution\", \"attributes\": {\"step\": null, \"low\": 0.0, \"high\": 0.5, \"log\": false}}"}
{"op_code":5,"worker_id":"f72f5aff-a88d-4a40-8c26-08c58adf3e07-139679950972736","trial_id":73,"param_name":"layers","param_value_internal":2,"distribution":"{\"name\": \"CategoricalDistribution\", \"attributes\": {\"choices\": [1, 2, 3]}}"}
{"op_code":5,"worker_id":"f72f5aff-a88d-4a40-8c26-08c58adf3e07-139679950972736","trial_id":73,"param_name":"nodes","param_value_internal":2,"distribution":"{\"name\": \"CategoricalDistribution\", \"attributes\": {\"choices\": [16, 32, 64]}}"}
{"op_code":6,"worker_id":"f72f5aff-a88d-4a40-8c26-08c58adf3e07-139679950972736","trial_id":73,"state":1,"values":[0.7713578398917643],"datetime_complete":"2026-03-20T17:39:31.591541"}
{"op_code":4,"worker_id":"f72f5aff-a88d-4a40-8c26-08c58adf3e07-139679950972736","study_id":0,"datetime_start":"2026-03-20T17:39:31.603832"}
{"op_code":5,"worker_id":"f72f5aff-a88d-4a40-8c26-08c58adf3e07-139679950972736","trial_id":74,"param_name":"lr","param_value_internal":0.002077960665349702,"distribution":"{\"name\": \"FloatDistribution\", \"attributes\": {\"step\": null, \"low\": 0.0001, \"high\": 0.1, \"log\": true}}"}
{"op_code":5,"worker_id":"f72f5aff-a88d-4a40-8c26-08c58adf3e07-139679950972736","trial_id":74,"param_name":"dropout","param_value_internal":0.36151576239260247,"distribution":"{\"name\": \"FloatDistribution\", \"attributes\": {\"step\": null, \"low\": 0.0, \"high\": 0.5, \"log\": false}}"}
{"op_code":5,"worker_id":"f72f5aff-a88d-4a40-8c26-08c58adf3e07-139679950972736","trial_id":74,"param_name":"layers","param_value_internal":2,"distribution":"{\"name\": \"CategoricalDistribution\", \"attributes\": {\"choices\": [1, 2, 3]}}"}
{"op_code":5,"worker_id":"f72f5aff-a88d-4a40-8c26-08c58adf3e07-139679950972736","trial_id":74,"param_name":"nodes","param_value_internal":2,"distribution":"{\"name\": \"CategoricalDistribution\", \"attributes\": {\"choices\": [16, 32, 64]}}"}
{"op_code":6,"worker_id":"f72f5aff-a88d-4a40-8c26-08c58adf3e07-139679950972736","trial_id":74,"state":1,"values":[0.7732980223955784],"datetime_complete":"2026-03-20T17:39:33.457147"}
{"op_code":4,"worker_id":"f72f5aff-a88d-4a40-8c26-08c58adf3e07-139679950972736","study_id":0,"datetime_start":"2026-03-20T17:39:33.476270"}
{"op_code":5,"worker_id":"f72f5aff-a88d-4a40-8c26-08c58adf3e07-139679950972736","trial_id":75,"param_name":"lr","param_value_internal":0.0044641640448146325,"distribution":"{\"name\": \"FloatDistribution\", \"attributes\": {\"step\": null, \"low\": 0.0001, \"high\": 0.1, \"log\": true}}"}
{"op_code":5,"worker_id":"f72f5aff-a88d-4a40-8c26-08c58adf3e07-139679950972736","trial_id":75,"param_name":"dropout","param_value_internal":0.4625157071596065,"distribution":"{\"name\": \"FloatDistribution\", \"attributes\": {\"step\": null, \"low\": 0.0, \"high\": 0.5, \"log\": false}}"}
{"op_code":5,"worker_id":"f72f5aff-a88d-4a40-8c26-08c58adf3e07-139679950972736","trial_id":75,"param_name":"layers","param_value_internal":2,"distribution":"{\"name\": \"CategoricalDistribution\", \"attributes\": {\"choices\": [1, 2, 3]}}"}
{"op_code":5,"worker_id":"f72f5aff-a88d-4a40-8c26-08c58adf3e07-139679950972736","trial_id":75,"param_name":"nodes","param_value_internal":2,"distribution":"{\"name\": \"CategoricalDistribution\", \"attributes\": {\"choices\": [16, 32, 64]}}"}
{"op_code":6,"worker_id":"f72f5aff-a88d-4a40-8c26-08c58adf3e07-139679950972736","trial_id":75,"state":1,"values":[0.7713290538012033],"datetime_complete":"2026-03-20T17:39:35.457053"}
{"op_code":4,"worker_id":"f72f5aff-a88d-4a40-8c26-08c58adf3e07-139679950972736","study_id":0,"datetime_start":"2026-03-20T17:39:35.476346"}
{"op_code":5,"worker_id":"f72f5aff-a88d-4a40-8c26-08c58adf3e07-139679950972736","trial_id":76,"param_name":"lr","param_value_internal":0.0013338664904340254,"distribution":"{\"name\": \"FloatDistribution\", \"attributes\": {\"step\": null, \"low\": 0.0001, \"high\": 0.1, \"log\": true}}"}
{"op_code":5,"worker_id":"f72f5aff-a88d-4a40-8c26-08c58adf3e07-139679950972736","trial_id":76,"param_name":"dropout","param_value_internal":0.299653391287145,"distribution":"{\"name\": \"FloatDistribution\", \"attributes\": {\"step\": null, \"low\": 0.0, \"high\": 0.5, \"log\": false}}"}
{"op_code":5,"worker_id":"f72f5aff-a88d-4a40-8c26-08c58adf3e07-139679950972736","trial_id":76,"param_name":"layers","param_value_internal":2,"distribution":"{\"name\": \"CategoricalDistribution\", \"attributes\": {\"choices\": [1, 2, 3]}}"}
{"op_code":5,"worker_id":"f72f5aff-a88d-4a40-8c26-08c58adf3e07-139679950972736","trial_id":76,"param_name":"nodes","param_value_internal":2,"distribution":"{\"name\": \"CategoricalDistribution\", \"attributes\": {\"choices\": [16, 32, 64]}}"}
{"op_code":6,"worker_id":"f72f5aff-a88d-4a40-8c26-08c58adf3e07-139679950972736","trial_id":76,"state":1,"values":[0.7705777368375601],"datetime_complete":"2026-03-20T17:39:37.300175"}
{"op_code":4,"worker_id":"f72f5aff-a88d-4a40-8c26-08c58adf3e07-139679950972736","study_id":0,"datetime_start":"2026-03-20T17:39:37.319444"}
{"op_code":5,"worker_id":"f72f5aff-a88d-4a40-8c26-08c58adf3e07-139679950972736","trial_id":77,"param_name":"lr","param_value_internal":0.0036745203842195586,"distribution":"{\"name\": \"FloatDistribution\", \"attributes\": {\"step\": null, \"low\": 0.0001, \"high\": 0.1, \"log\": true}}"}
{"op_code":5,"worker_id":"f72f5aff-a88d-4a40-8c26-08c58adf3e07-139679950972736","trial_id":77,"param_name":"dropout","param_value_internal":0.31214642881222276,"distribution":"{\"name\": \"FloatDistribution\", \"attributes\": {\"step\": null, \"low\": 0.0, \"high\": 0.5, \"log\": false}}"}
{"op_code":5,"worker_id":"f72f5aff-a88d-4a40-8c26-08c58adf3e07-139679950972736","trial_id":77,"param_name":"layers","param_value_internal":1,"distribution":"{\"name\": \"CategoricalDistribution\", \"attributes\": {\"choices\": [1, 2, 3]}}"}
{"op_code":5,"worker_id":"f72f5aff-a88d-4a40-8c26-08c58adf3e07-139679950972736","trial_id":77,"param_name":"nodes","param_value_internal":2,"distribution":"{\"name\": \"CategoricalDistribution\", \"attributes\": {\"choices\": [16, 32, 64]}}"}
{"op_code":6,"worker_id":"f72f5aff-a88d-4a40-8c26-08c58adf3e07-139679950972736","trial_id":77,"state":1,"values":[0.7720199199746682],"datetime_complete":"2026-03-20T17:39:39.121213"}
{"op_code":4,"worker_id":"f72f5aff-a88d-4a40-8c26-08c58adf3e07-139679950972736","study_id":0,"datetime_start":"2026-03-20T17:39:39.137570"}
{"op_code":5,"worker_id":"f72f5aff-a88d-4a40-8c26-08c58adf3e07-139679950972736","trial_id":78,"param_name":"lr","param_value_internal":0.0009308419616310775,"distribution":"{\"name\": \"FloatDistribution\", \"attributes\": {\"step\": null, \"low\": 0.0001, \"high\": 0.1, \"log\": true}}"}
{"op_code":5,"worker_id":"f72f5aff-a88d-4a40-8c26-08c58adf3e07-139679950972736","trial_id":78,"param_name":"dropout","param_value_internal":0.20607822278150933,"distribution":"{\"name\": \"FloatDistribution\", \"attributes\": {\"step\": null, \"low\": 0.0, \"high\": 0.5, \"log\": false}}"}
{"op_code":5,"worker_id":"f72f5aff-a88d-4a40-8c26-08c58adf3e07-139679950972736","trial_id":78,"param_name":"layers","param_value_internal":2,"distribution":"{\"name\": \"CategoricalDistribution\", \"attributes\": {\"choices\": [1, 2, 3]}}"}
{"op_code":5,"worker_id":"f72f5aff-a88d-4a40-8c26-08c58adf3e07-139679950972736","trial_id":78,"param_name":"nodes","param_value_internal":2,"distribution":"{\"name\": \"CategoricalDistribution\", \"attributes\": {\"choices\": [16, 32, 64]}}"}
{"op_code":6,"worker_id":"f72f5aff-a88d-4a40-8c26-08c58adf3e07-139679950972736","trial_id":78,"state":1,"values":[0.7733152940499151],"datetime_complete":"2026-03-20T17:39:40.953302"}
{"op_code":4,"worker_id":"f72f5aff-a88d-4a40-8c26-08c58adf3e07-139679950972736","study_id":0,"datetime_start":"2026-03-20T17:39:40.970606"}
{"op_code":5,"worker_id":"f72f5aff-a88d-4a40-8c26-08c58adf3e07-139679950972736","trial_id":79,"param_name":"lr","param_value_internal":0.0005873149328422616,"distribution":"{\"name\": \"FloatDistribution\", \"attributes\": {\"step\": null, \"low\": 0.0001, \"high\": 0.1, \"log\": true}}"}
{"op_code":5,"worker_id":"f72f5aff-a88d-4a40-8c26-08c58adf3e07-139679950972736","trial_id":79,"param_name":"dropout","param_value_internal":0.4878496424968297,"distribution":"{\"name\": \"FloatDistribution\", \"attributes\": {\"step\": null, \"low\": 0.0, \"high\": 0.5, \"log\": false}}"}
{"op_code":5,"worker_id":"f72f5aff-a88d-4a40-8c26-08c58adf3e07-139679950972736","trial_id":79,"param_name":"layers","param_value_internal":2,"distribution":"{\"name\": \"CategoricalDistribution\", \"attributes\": {\"choices\": [1, 2, 3]}}"}
{"op_code":5,"worker_id":"f72f5aff-a88d-4a40-8c26-08c58adf3e07-139679950972736","trial_id":79,"param_name":"nodes","param_value_internal":2,"distribution":"{\"name\": \"CategoricalDistribution\", \"attributes\": {\"choices\": [16, 32, 64]}}"}
{"op_code":6,"worker_id":"f72f5aff-a88d-4a40-8c26-08c58adf3e07-139679950972736","trial_id":79,"state":1,"values":[0.7578226201099628],"datetime_complete":"2026-03-20T17:39:42.859146"}
{"op_code":0,"worker_id":"33d9c4e0-5034-4f22-88c8-2166e87e0e58-139679950972736","study_name":"deepsurv_tuning","directions":[2]}
{"op_code":4,"worker_id":"33d9c4e0-5034-4f22-88c8-2166e87e0e58-139679950972736","study_id":0,"datetime_start":"2026-03-20T17:50:51.073846"}
{"op_code":5,"worker_id":"33d9c4e0-5034-4f22-88c8-2166e87e0e58-139679950972736","trial_id":80,"param_name":"lr","param_value_internal":0.002509555078909863,"distribution":"{\"name\": \"FloatDistribution\", \"attributes\": {\"step\": null, \"low\": 0.0001, \"high\": 0.1, \"log\": true}}"}
{"op_code":5,"worker_id":"33d9c4e0-5034-4f22-88c8-2166e87e0e58-139679950972736","trial_id":80,"param_name":"dropout","param_value_internal":0.2734321596049827,"distribution":"{\"name\": \"FloatDistribution\", \"attributes\": {\"step\": null, \"low\": 0.0, \"high\": 0.5, \"log\": false}}"}
{"op_code":5,"worker_id":"33d9c4e0-5034-4f22-88c8-2166e87e0e58-139679950972736","trial_id":80,"param_name":"layers","param_value_internal":1,"distribution":"{\"name\": \"CategoricalDistribution\", \"attributes\": {\"choices\": [1, 2, 3]}}"}
{"op_code":5,"worker_id":"33d9c4e0-5034-4f22-88c8-2166e87e0e58-139679950972736","trial_id":80,"param_name":"nodes","param_value_internal":2,"distribution":"{\"name\": \"CategoricalDistribution\", \"attributes\": {\"choices\": [16, 32, 64]}}"}
{"op_code":6,"worker_id":"33d9c4e0-5034-4f22-88c8-2166e87e0e58-139679950972736","trial_id":80,"state":1,"values":[0.7709562129901073],"datetime_complete":"2026-03-20T17:50:52.981922"}
{"op_code":4,"worker_id":"33d9c4e0-5034-4f22-88c8-2166e87e0e58-139679950972736","study_id":0,"datetime_start":"2026-03-20T17:50:53.007677"}
{"op_code":5,"worker_id":"33d9c4e0-5034-4f22-88c8-2166e87e0e58-139679950972736","trial_id":81,"param_name":"lr","param_value_internal":0.001962348524143828,"distribution":"{\"name\": \"FloatDistribution\", \"attributes\": {\"step\": null, \"low\": 0.0001, \"high\": 0.1, \"log\": true}}"}
{"op_code":5,"worker_id":"33d9c4e0-5034-4f22-88c8-2166e87e0e58-139679950972736","trial_id":81,"param_name":"dropout","param_value_internal":0.4834397169390121,"distribution":"{\"name\": \"FloatDistribution\", \"attributes\": {\"step\": null, \"low\": 0.0, \"high\": 0.5, \"log\": false}}"}
{"op_code":5,"worker_id":"33d9c4e0-5034-4f22-88c8-2166e87e0e58-139679950972736","trial_id":81,"param_name":"layers","param_value_internal":0,"distribution":"{\"name\": \"CategoricalDistribution\", \"attributes\": {\"choices\": [1, 2, 3]}}"}
{"op_code":5,"worker_id":"33d9c4e0-5034-4f22-88c8-2166e87e0e58-139679950972736","trial_id":81,"param_name":"nodes","param_value_internal":2,"distribution":"{\"name\": \"CategoricalDistribution\", \"attributes\": {\"choices\": [16, 32, 64]}}"}
{"op_code":6,"worker_id":"33d9c4e0-5034-4f22-88c8-2166e87e0e58-139679950972736","trial_id":81,"state":1,"values":[0.7763463717165583],"datetime_complete":"2026-03-20T17:50:54.476826"}
{"op_code":4,"worker_id":"33d9c4e0-5034-4f22-88c8-2166e87e0e58-139679950972736","study_id":0,"datetime_start":"2026-03-20T17:50:54.511305"}
{"op_code":5,"worker_id":"33d9c4e0-5034-4f22-88c8-2166e87e0e58-139679950972736","trial_id":82,"param_name":"lr","param_value_internal":0.00422381311424999,"distribution":"{\"name\": \"FloatDistribution\", \"attributes\": {\"step\": null, \"low\": 0.0001, \"high\": 0.1, \"log\": true}}"}
{"op_code":5,"worker_id":"33d9c4e0-5034-4f22-88c8-2166e87e0e58-139679950972736","trial_id":82,"param_name":"dropout","param_value_internal":0.4409274144564189,"distribution":"{\"name\": \"FloatDistribution\", \"attributes\": {\"step\": null, \"low\": 0.0, \"high\": 0.5, \"log\": false}}"}
{"op_code":5,"worker_id":"33d9c4e0-5034-4f22-88c8-2166e87e0e58-139679950972736","trial_id":82,"param_name":"layers","param_value_internal":0,"distribution":"{\"name\": \"CategoricalDistribution\", \"attributes\": {\"choices\": [1, 2, 3]}}"}
{"op_code":5,"worker_id":"33d9c4e0-5034-4f22-88c8-2166e87e0e58-139679950972736","trial_id":82,"param_name":"nodes","param_value_internal":2,"distribution":"{\"name\": \"CategoricalDistribution\", \"attributes\": {\"choices\": [16, 32, 64]}}"}
{"op_code":6,"worker_id":"33d9c4e0-5034-4f22-88c8-2166e87e0e58-139679950972736","trial_id":82,"state":1,"values":[0.7710613298450111],"datetime_complete":"2026-03-20T17:50:56.258115"}
{"op_code":4,"worker_id":"33d9c4e0-5034-4f22-88c8-2166e87e0e58-139679950972736","study_id":0,"datetime_start":"2026-03-20T17:50:56.277083"}
{"op_code":5,"worker_id":"33d9c4e0-5034-4f22-88c8-2166e87e0e58-139679950972736","trial_id":83,"param_name":"lr","param_value_internal":0.012435611309029343,"distribution":"{\"name\": \"FloatDistribution\", \"attributes\": {\"step\": null, \"low\": 0.0001, \"high\": 0.1, \"log\": true}}"}
{"op_code":5,"worker_id":"33d9c4e0-5034-4f22-88c8-2166e87e0e58-139679950972736","trial_id":83,"param_name":"dropout","param_value_internal":0.34000261076973326,"distribution":"{\"name\": \"FloatDistribution\", \"attributes\": {\"step\": null, \"low\": 0.0, \"high\": 0.5, \"log\": false}}"}
{"op_code":5,"worker_id":"33d9c4e0-5034-4f22-88c8-2166e87e0e58-139679950972736","trial_id":83,"param_name":"layers","param_value_internal":0,"distribution":"{\"name\": \"CategoricalDistribution\", \"attributes\": {\"choices\": [1, 2, 3]}}"}
{"op_code":5,"worker_id":"33d9c4e0-5034-4f22-88c8-2166e87e0e58-139679950972736","trial_id":83,"param_name":"nodes","param_value_internal":2,"distribution":"{\"name\": \"CategoricalDistribution\", \"attributes\": {\"choices\": [16, 32, 64]}}"}
{"op_code":6,"worker_id":"33d9c4e0-5034-4f22-88c8-2166e87e0e58-139679950972736","trial_id":83,"state":1,"values":[0.7568121561802871],"datetime_complete":"2026-03-20T17:50:58.043386"}
{"op_code":4,"worker_id":"33d9c4e0-5034-4f22-88c8-2166e87e0e58-139679950972736","study_id":0,"datetime_start":"2026-03-20T17:50:58.073265"}
{"op_code":5,"worker_id":"33d9c4e0-5034-4f22-88c8-2166e87e0e58-139679950972736","trial_id":84,"param_name":"lr","param_value_internal":0.0015394028706385708,"distribution":"{\"name\": \"FloatDistribution\", \"attributes\": {\"step\": null, \"low\": 0.0001, \"high\": 0.1, \"log\": true}}"}
{"op_code":5,"worker_id":"33d9c4e0-5034-4f22-88c8-2166e87e0e58-139679950972736","trial_id":84,"param_name":"dropout","param_value_internal":0.10444499149821351,"distribution":"{\"name\": \"FloatDistribution\", \"attributes\": {\"step\": null, \"low\": 0.0, \"high\": 0.5, \"log\": false}}"}
{"op_code":5,"worker_id":"33d9c4e0-5034-4f22-88c8-2166e87e0e58-139679950972736","trial_id":84,"param_name":"layers","param_value_internal":0,"distribution":"{\"name\": \"CategoricalDistribution\", \"attributes\": {\"choices\": [1, 2, 3]}}"}
{"op_code":5,"worker_id":"33d9c4e0-5034-4f22-88c8-2166e87e0e58-139679950972736","trial_id":84,"param_name":"nodes","param_value_internal":2,"distribution":"{\"name\": \"CategoricalDistribution\", \"attributes\": {\"choices\": [16, 32, 64]}}"}
{"op_code":6,"worker_id":"33d9c4e0-5034-4f22-88c8-2166e87e0e58-139679950972736","trial_id":84,"state":1,"values":[0.7690641096018407],"datetime_complete":"2026-03-20T17:50:59.587497"}
{"op_code":4,"worker_id":"33d9c4e0-5034-4f22-88c8-2166e87e0e58-139679950972736","study_id":0,"datetime_start":"2026-03-20T17:50:59.607944"}
{"op_code":5,"worker_id":"33d9c4e0-5034-4f22-88c8-2166e87e0e58-139679950972736","trial_id":85,"param_name":"lr","param_value_internal":0.0029789052725951947,"distribution":"{\"name\": \"FloatDistribution\", \"attributes\": {\"step\": null, \"low\": 0.0001, \"high\": 0.1, \"log\": true}}"}
{"op_code":5,"worker_id":"33d9c4e0-5034-4f22-88c8-2166e87e0e58-139679950972736","trial_id":85,"param_name":"dropout","param_value_internal":0.4221019559201149,"distribution":"{\"name\": \"FloatDistribution\", \"attributes\": {\"step\": null, \"low\": 0.0, \"high\": 0.5, \"log\": false}}"}
{"op_code":5,"worker_id":"33d9c4e0-5034-4f22-88c8-2166e87e0e58-139679950972736","trial_id":85,"param_name":"layers","param_value_internal":0,"distribution":"{\"name\": \"CategoricalDistribution\", \"attributes\": {\"choices\": [1, 2, 3]}}"}
{"op_code":5,"worker_id":"33d9c4e0-5034-4f22-88c8-2166e87e0e58-139679950972736","trial_id":85,"param_name":"nodes","param_value_internal":1,"distribution":"{\"name\": \"CategoricalDistribution\", \"attributes\": {\"choices\": [16, 32, 64]}}"}
{"op_code":6,"worker_id":"33d9c4e0-5034-4f22-88c8-2166e87e0e58-139679950972736","trial_id":85,"state":1,"values":[0.7654755369719338],"datetime_complete":"2026-03-20T17:51:01.143879"}
{"op_code":4,"worker_id":"33d9c4e0-5034-4f22-88c8-2166e87e0e58-139679950972736","study_id":0,"datetime_start":"2026-03-20T17:51:01.178143"}
{"op_code":5,"worker_id":"33d9c4e0-5034-4f22-88c8-2166e87e0e58-139679950972736","trial_id":86,"param_name":"lr","param_value_internal":0.0011434964160619494,"distribution":"{\"name\": \"FloatDistribution\", \"attributes\": {\"step\": null, \"low\": 0.0001, \"high\": 0.1, \"log\": true}}"}
{"op_code":5,"worker_id":"33d9c4e0-5034-4f22-88c8-2166e87e0e58-139679950972736","trial_id":86,"param_name":"dropout","param_value_internal":0.45107640733523935,"distribution":"{\"name\": \"FloatDistribution\", \"attributes\": {\"step\": null, \"low\": 0.0, \"high\": 0.5, \"log\": false}}"}
{"op_code":5,"worker_id":"33d9c4e0-5034-4f22-88c8-2166e87e0e58-139679950972736","trial_id":86,"param_name":"layers","param_value_internal":2,"distribution":"{\"name\": \"CategoricalDistribution\", \"attributes\": {\"choices\": [1, 2, 3]}}"}
{"op_code":5,"worker_id":"33d9c4e0-5034-4f22-88c8-2166e87e0e58-139679950972736","trial_id":86,"param_name":"nodes","param_value_internal":0,"distribution":"{\"name\": \"CategoricalDistribution\", \"attributes\": {\"choices\": [16, 32, 64]}}"}
{"op_code":6,"worker_id":"33d9c4e0-5034-4f22-88c8-2166e87e0e58-139679950972736","trial_id":86,"state":1,"values":[0.7714817972646258],"datetime_complete":"2026-03-20T17:51:03.316039"}
{"op_code":4,"worker_id":"33d9c4e0-5034-4f22-88c8-2166e87e0e58-139679950972736","study_id":0,"datetime_start":"2026-03-20T17:51:03.350491"}
{"op_code":5,"worker_id":"33d9c4e0-5034-4f22-88c8-2166e87e0e58-139679950972736","trial_id":87,"param_name":"lr","param_value_internal":0.005126918329126952,"distribution":"{\"name\": \"FloatDistribution\", \"attributes\": {\"step\": null, \"low\": 0.0001, \"high\": 0.1, \"log\": true}}"}
{"op_code":5,"worker_id":"33d9c4e0-5034-4f22-88c8-2166e87e0e58-139679950972736","trial_id":87,"param_name":"dropout","param_value_internal":0.4746128457008641,"distribution":"{\"name\": \"FloatDistribution\", \"attributes\": {\"step\": null, \"low\": 0.0, \"high\": 0.5, \"log\": false}}"}
{"op_code":5,"worker_id":"33d9c4e0-5034-4f22-88c8-2166e87e0e58-139679950972736","trial_id":87,"param_name":"layers","param_value_internal":1,"distribution":"{\"name\": \"CategoricalDistribution\", \"attributes\": {\"choices\": [1, 2, 3]}}"}
{"op_code":5,"worker_id":"33d9c4e0-5034-4f22-88c8-2166e87e0e58-139679950972736","trial_id":87,"param_name":"nodes","param_value_internal":2,"distribution":"{\"name\": \"CategoricalDistribution\", \"attributes\": {\"choices\": [16, 32, 64]}}"}
{"op_code":6,"worker_id":"33d9c4e0-5034-4f22-88c8-2166e87e0e58-139679950972736","trial_id":87,"state":1,"values":[0.7760251813265747],"datetime_complete":"2026-03-20T17:51:05.168579"}
{"op_code":4,"worker_id":"33d9c4e0-5034-4f22-88c8-2166e87e0e58-139679950972736","study_id":0,"datetime_start":"2026-03-20T17:51:05.200566"}
{"op_code":5,"worker_id":"33d9c4e0-5034-4f22-88c8-2166e87e0e58-139679950972736","trial_id":88,"param_name":"lr","param_value_internal":0.00613538471331719,"distribution":"{\"name\": \"FloatDistribution\", \"attributes\": {\"step\": null, \"low\": 0.0001, \"high\": 0.1, \"log\": true}}"}
{"op_code":5,"worker_id":"33d9c4e0-5034-4f22-88c8-2166e87e0e58-139679950972736","trial_id":88,"param_name":"dropout","param_value_internal":0.2201194878377875,"distribution":"{\"name\": \"FloatDistribution\", \"attributes\": {\"step\": null, \"low\": 0.0, \"high\": 0.5, \"log\": false}}"}
{"op_code":5,"worker_id":"33d9c4e0-5034-4f22-88c8-2166e87e0e58-139679950972736","trial_id":88,"param_name":"layers","param_value_internal":0,"distribution":"{\"name\": \"CategoricalDistribution\", \"attributes\": {\"choices\": [1, 2, 3]}}"}
{"op_code":5,"worker_id":"33d9c4e0-5034-4f22-88c8-2166e87e0e58-139679950972736","trial_id":88,"param_name":"nodes","param_value_internal":2,"distribution":"{\"name\": \"CategoricalDistribution\", \"attributes\": {\"choices\": [16, 32, 64]}}"}
{"op_code":6,"worker_id":"33d9c4e0-5034-4f22-88c8-2166e87e0e58-139679950972736","trial_id":88,"state":1,"values":[0.7550134899963793],"datetime_complete":"2026-03-20T17:51:06.892249"}
{"op_code":4,"worker_id":"33d9c4e0-5034-4f22-88c8-2166e87e0e58-139679950972736","study_id":0,"datetime_start":"2026-03-20T17:51:06.909228"}
{"op_code":5,"worker_id":"33d9c4e0-5034-4f22-88c8-2166e87e0e58-139679950972736","trial_id":89,"param_name":"lr","param_value_internal":0.002326869685642461,"distribution":"{\"name\": \"FloatDistribution\", \"attributes\": {\"step\": null, \"low\": 0.0001, \"high\": 0.1, \"log\": true}}"}
{"op_code":5,"worker_id":"33d9c4e0-5034-4f22-88c8-2166e87e0e58-139679950972736","trial_id":89,"param_name":"dropout","param_value_internal":0.014543093984604266,"distribution":"{\"name\": \"FloatDistribution\", \"attributes\": {\"step\": null, \"low\": 0.0, \"high\": 0.5, \"log\": false}}"}
{"op_code":5,"worker_id":"33d9c4e0-5034-4f22-88c8-2166e87e0e58-139679950972736","trial_id":89,"param_name":"layers","param_value_internal":2,"distribution":"{\"name\": \"CategoricalDistribution\", \"attributes\": {\"choices\": [1, 2, 3]}}"}
{"op_code":5,"worker_id":"33d9c4e0-5034-4f22-88c8-2166e87e0e58-139679950972736","trial_id":89,"param_name":"nodes","param_value_internal":2,"distribution":"{\"name\": \"CategoricalDistribution\", \"attributes\": {\"choices\": [16, 32, 64]}}"}
{"op_code":6,"worker_id":"33d9c4e0-5034-4f22-88c8-2166e87e0e58-139679950972736","trial_id":89,"state":1,"values":[0.7422359523003071],"datetime_complete":"2026-03-20T17:51:08.963389"}
{"op_code":0,"worker_id":"4b0c9b61-cd1b-40dd-af5c-211c310b2ef6-139679950972736","study_name":"deepsurv_tuning","directions":[2]}
{"op_code":4,"worker_id":"4b0c9b61-cd1b-40dd-af5c-211c310b2ef6-139679950972736","study_id":0,"datetime_start":"2026-03-20T18:02:24.280400"}
{"op_code":5,"worker_id":"4b0c9b61-cd1b-40dd-af5c-211c310b2ef6-139679950972736","trial_id":90,"param_name":"lr","param_value_internal":0.003470747179122982,"distribution":"{\"name\": \"FloatDistribution\", \"attributes\": {\"step\": null, \"low\": 0.0001, \"high\": 0.1, \"log\": true}}"}
{"op_code":5,"worker_id":"4b0c9b61-cd1b-40dd-af5c-211c310b2ef6-139679950972736","trial_id":90,"param_name":"dropout","param_value_internal":0.40576432107758464,"distribution":"{\"name\": \"FloatDistribution\", \"attributes\": {\"step\": null, \"low\": 0.0, \"high\": 0.5, \"log\": false}}"}
{"op_code":5,"worker_id":"4b0c9b61-cd1b-40dd-af5c-211c310b2ef6-139679950972736","trial_id":90,"param_name":"layers","param_value_internal":1,"distribution":"{\"name\": \"CategoricalDistribution\", \"attributes\": {\"choices\": [1, 2, 3]}}"}
{"op_code":5,"worker_id":"4b0c9b61-cd1b-40dd-af5c-211c310b2ef6-139679950972736","trial_id":90,"param_name":"nodes","param_value_internal":2,"distribution":"{\"name\": \"CategoricalDistribution\", \"attributes\": {\"choices\": [16, 32, 64]}}"}
{"op_code":6,"worker_id":"4b0c9b61-cd1b-40dd-af5c-211c310b2ef6-139679950972736","trial_id":90,"state":1,"values":[0.8067482209962421],"datetime_complete":"2026-03-20T18:02:27.412429"}
{"op_code":4,"worker_id":"4b0c9b61-cd1b-40dd-af5c-211c310b2ef6-139679950972736","study_id":0,"datetime_start":"2026-03-20T18:02:27.438697"}
{"op_code":5,"worker_id":"4b0c9b61-cd1b-40dd-af5c-211c310b2ef6-139679950972736","trial_id":91,"param_name":"lr","param_value_internal":0.05746759118134312,"distribution":"{\"name\": \"FloatDistribution\", \"attributes\": {\"step\": null, \"low\": 0.0001, \"high\": 0.1, \"log\": true}}"}
{"op_code":5,"worker_id":"4b0c9b61-cd1b-40dd-af5c-211c310b2ef6-139679950972736","trial_id":91,"param_name":"dropout","param_value_internal":0.38292040236743763,"distribution":"{\"name\": \"FloatDistribution\", \"attributes\": {\"step\": null, \"low\": 0.0, \"high\": 0.5, \"log\": false}}"}
{"op_code":5,"worker_id":"4b0c9b61-cd1b-40dd-af5c-211c310b2ef6-139679950972736","trial_id":91,"param_name":"layers","param_value_internal":1,"distribution":"{\"name\": \"CategoricalDistribution\", \"attributes\": {\"choices\": [1, 2, 3]}}"}
{"op_code":5,"worker_id":"4b0c9b61-cd1b-40dd-af5c-211c310b2ef6-139679950972736","trial_id":91,"param_name":"nodes","param_value_internal":2,"distribution":"{\"name\": \"CategoricalDistribution\", \"attributes\": {\"choices\": [16, 32, 64]}}"}
{"op_code":6,"worker_id":"4b0c9b61-cd1b-40dd-af5c-211c310b2ef6-139679950972736","trial_id":91,"state":1,"values":[0.7936355640841128],"datetime_complete":"2026-03-20T18:02:29.416480"}
{"op_code":4,"worker_id":"4b0c9b61-cd1b-40dd-af5c-211c310b2ef6-139679950972736","study_id":0,"datetime_start":"2026-03-20T18:02:29.439211"}
{"op_code":5,"worker_id":"4b0c9b61-cd1b-40dd-af5c-211c310b2ef6-139679950972736","trial_id":92,"param_name":"lr","param_value_internal":0.05739514994565037,"distribution":"{\"name\": \"FloatDistribution\", \"attributes\": {\"step\": null, \"low\": 0.0001, \"high\": 0.1, \"log\": true}}"}
{"op_code":5,"worker_id":"4b0c9b61-cd1b-40dd-af5c-211c310b2ef6-139679950972736","trial_id":92,"param_name":"dropout","param_value_internal":0.38236895285591416,"distribution":"{\"name\": \"FloatDistribution\", \"attributes\": {\"step\": null, \"low\": 0.0, \"high\": 0.5, \"log\": false}}"}
{"op_code":5,"worker_id":"4b0c9b61-cd1b-40dd-af5c-211c310b2ef6-139679950972736","trial_id":92,"param_name":"layers","param_value_internal":1,"distribution":"{\"name\": \"CategoricalDistribution\", \"attributes\": {\"choices\": [1, 2, 3]}}"}
{"op_code":5,"worker_id":"4b0c9b61-cd1b-40dd-af5c-211c310b2ef6-139679950972736","trial_id":92,"param_name":"nodes","param_value_internal":2,"distribution":"{\"name\": \"CategoricalDistribution\", \"attributes\": {\"choices\": [16, 32, 64]}}"}
{"op_code":6,"worker_id":"4b0c9b61-cd1b-40dd-af5c-211c310b2ef6-139679950972736","trial_id":92,"state":1,"values":[0.7796967031795528],"datetime_complete":"2026-03-20T18:02:31.449172"}
{"op_code":4,"worker_id":"4b0c9b61-cd1b-40dd-af5c-211c310b2ef6-139679950972736","study_id":0,"datetime_start":"2026-03-20T18:02:31.474760"}
{"op_code":5,"worker_id":"4b0c9b61-cd1b-40dd-af5c-211c310b2ef6-139679950972736","trial_id":93,"param_name":"lr","param_value_internal":0.09896863545983833,"distribution":"{\"name\": \"FloatDistribution\", \"attributes\": {\"step\": null, \"low\": 0.0001, \"high\": 0.1, \"log\": true}}"}
{"op_code":5,"worker_id":"4b0c9b61-cd1b-40dd-af5c-211c310b2ef6-139679950972736","trial_id":93,"param_name":"dropout","param_value_internal":0.40061546796429565,"distribution":"{\"name\": \"FloatDistribution\", \"attributes\": {\"step\": null, \"low\": 0.0, \"high\": 0.5, \"log\": false}}"}
{"op_code":5,"worker_id":"4b0c9b61-cd1b-40dd-af5c-211c310b2ef6-139679950972736","trial_id":93,"param_name":"layers","param_value_internal":1,"distribution":"{\"name\": \"CategoricalDistribution\", \"attributes\": {\"choices\": [1, 2, 3]}}"}
{"op_code":5,"worker_id":"4b0c9b61-cd1b-40dd-af5c-211c310b2ef6-139679950972736","trial_id":93,"param_name":"nodes","param_value_internal":2,"distribution":"{\"name\": \"CategoricalDistribution\", \"attributes\": {\"choices\": [16, 32, 64]}}"}
{"op_code":6,"worker_id":"4b0c9b61-cd1b-40dd-af5c-211c310b2ef6-139679950972736","trial_id":93,"state":1,"values":[0.7850670291303536],"datetime_complete":"2026-03-20T18:02:33.430798"}
{"op_code":4,"worker_id":"4b0c9b61-cd1b-40dd-af5c-211c310b2ef6-139679950972736","study_id":0,"datetime_start":"2026-03-20T18:02:33.447764"}
{"op_code":5,"worker_id":"4b0c9b61-cd1b-40dd-af5c-211c310b2ef6-139679950972736","trial_id":94,"param_name":"lr","param_value_internal":0.028691207705265818,"distribution":"{\"name\": \"FloatDistribution\", \"attributes\": {\"step\": null, \"low\": 0.0001, \"high\": 0.1, \"log\": true}}"}
{"op_code":5,"worker_id":"4b0c9b61-cd1b-40dd-af5c-211c310b2ef6-139679950972736","trial_id":94,"param_name":"dropout","param_value_internal":0.36867846748213845,"distribution":"{\"name\": \"FloatDistribution\", \"attributes\": {\"step\": null, \"low\": 0.0, \"high\": 0.5, \"log\": false}}"}
{"op_code":5,"worker_id":"4b0c9b61-cd1b-40dd-af5c-211c310b2ef6-139679950972736","trial_id":94,"param_name":"layers","param_value_internal":1,"distribution":"{\"name\": \"CategoricalDistribution\", \"attributes\": {\"choices\": [1, 2, 3]}}"}
{"op_code":5,"worker_id":"4b0c9b61-cd1b-40dd-af5c-211c310b2ef6-139679950972736","trial_id":94,"param_name":"nodes","param_value_internal":2,"distribution":"{\"name\": \"CategoricalDistribution\", \"attributes\": {\"choices\": [16, 32, 64]}}"}
{"op_code":6,"worker_id":"4b0c9b61-cd1b-40dd-af5c-211c310b2ef6-139679950972736","trial_id":94,"state":1,"values":[0.8132512459689241],"datetime_complete":"2026-03-20T18:02:35.437353"}
{"op_code":4,"worker_id":"4b0c9b61-cd1b-40dd-af5c-211c310b2ef6-139679950972736","study_id":0,"datetime_start":"2026-03-20T18:02:35.461450"}
{"op_code":5,"worker_id":"4b0c9b61-cd1b-40dd-af5c-211c310b2ef6-139679950972736","trial_id":95,"param_name":"lr","param_value_internal":0.01998968756850328,"distribution":"{\"name\": \"FloatDistribution\", \"attributes\": {\"step\": null, \"low\": 0.0001, \"high\": 0.1, \"log\": true}}"}
{"op_code":5,"worker_id":"4b0c9b61-cd1b-40dd-af5c-211c310b2ef6-139679950972736","trial_id":95,"param_name":"dropout","param_value_internal":0.36257334450672,"distribution":"{\"name\": \"FloatDistribution\", \"attributes\": {\"step\": null, \"low\": 0.0, \"high\": 0.5, \"log\": false}}"}
{"op_code":5,"worker_id":"4b0c9b61-cd1b-40dd-af5c-211c310b2ef6-139679950972736","trial_id":95,"param_name":"layers","param_value_internal":1,"distribution":"{\"name\": \"CategoricalDistribution\", \"attributes\": {\"choices\": [1, 2, 3]}}"}
{"op_code":5,"worker_id":"4b0c9b61-cd1b-40dd-af5c-211c310b2ef6-139679950972736","trial_id":95,"param_name":"nodes","param_value_internal":2,"distribution":"{\"name\": \"CategoricalDistribution\", \"attributes\": {\"choices\": [16, 32, 64]}}"}
{"op_code":6,"worker_id":"4b0c9b61-cd1b-40dd-af5c-211c310b2ef6-139679950972736","trial_id":95,"state":1,"values":[0.8057221289411263],"datetime_complete":"2026-03-20T18:02:37.536075"}
{"op_code":4,"worker_id":"4b0c9b61-cd1b-40dd-af5c-211c310b2ef6-139679950972736","study_id":0,"datetime_start":"2026-03-20T18:02:37.556269"}
{"op_code":5,"worker_id":"4b0c9b61-cd1b-40dd-af5c-211c310b2ef6-139679950972736","trial_id":96,"param_name":"lr","param_value_internal":0.020271357864153242,"distribution":"{\"name\": \"FloatDistribution\", \"attributes\": {\"step\": null, \"low\": 0.0001, \"high\": 0.1, \"log\": true}}"}
{"op_code":5,"worker_id":"4b0c9b61-cd1b-40dd-af5c-211c310b2ef6-139679950972736","trial_id":96,"param_name":"dropout","param_value_internal":0.41099105798525953,"distribution":"{\"name\": \"FloatDistribution\", \"attributes\": {\"step\": null, \"low\": 0.0, \"high\": 0.5, \"log\": false}}"}
{"op_code":5,"worker_id":"4b0c9b61-cd1b-40dd-af5c-211c310b2ef6-139679950972736","trial_id":96,"param_name":"layers","param_value_internal":1,"distribution":"{\"name\": \"CategoricalDistribution\", \"attributes\": {\"choices\": [1, 2, 3]}}"}
{"op_code":5,"worker_id":"4b0c9b61-cd1b-40dd-af5c-211c310b2ef6-139679950972736","trial_id":96,"param_name":"nodes","param_value_internal":2,"distribution":"{\"name\": \"CategoricalDistribution\", \"attributes\": {\"choices\": [16, 32, 64]}}"}
{"op_code":6,"worker_id":"4b0c9b61-cd1b-40dd-af5c-211c310b2ef6-139679950972736","trial_id":96,"state":1,"values":[0.7938754297593348],"datetime_complete":"2026-03-20T18:02:39.537247"}
{"op_code":4,"worker_id":"4b0c9b61-cd1b-40dd-af5c-211c310b2ef6-139679950972736","study_id":0,"datetime_start":"2026-03-20T18:02:39.562278"}
{"op_code":5,"worker_id":"4b0c9b61-cd1b-40dd-af5c-211c310b2ef6-139679950972736","trial_id":97,"param_name":"lr","param_value_internal":0.025886657522830182,"distribution":"{\"name\": \"FloatDistribution\", \"attributes\": {\"step\": null, \"low\": 0.0001, \"high\": 0.1, \"log\": true}}"}
{"op_code":5,"worker_id":"4b0c9b61-cd1b-40dd-af5c-211c310b2ef6-139679950972736","trial_id":97,"param_name":"dropout","param_value_internal":0.3701119066822449,"distribution":"{\"name\": \"FloatDistribution\", \"attributes\": {\"step\": null, \"low\": 0.0, \"high\": 0.5, \"log\": false}}"}
{"op_code":5,"worker_id":"4b0c9b61-cd1b-40dd-af5c-211c310b2ef6-139679950972736","trial_id":97,"param_name":"layers","param_value_internal":1,"distribution":"{\"name\": \"CategoricalDistribution\", \"attributes\": {\"choices\": [1, 2, 3]}}"}
{"op_code":5,"worker_id":"4b0c9b61-cd1b-40dd-af5c-211c310b2ef6-139679950972736","trial_id":97,"param_name":"nodes","param_value_internal":2,"distribution":"{\"name\": \"CategoricalDistribution\", \"attributes\": {\"choices\": [16, 32, 64]}}"}
{"op_code":6,"worker_id":"4b0c9b61-cd1b-40dd-af5c-211c310b2ef6-139679950972736","trial_id":97,"state":1,"values":[0.8061885344207244],"datetime_complete":"2026-03-20T18:02:41.556896"}
{"op_code":4,"worker_id":"4b0c9b61-cd1b-40dd-af5c-211c310b2ef6-139679950972736","study_id":0,"datetime_start":"2026-03-20T18:02:41.586035"}
{"op_code":5,"worker_id":"4b0c9b61-cd1b-40dd-af5c-211c310b2ef6-139679950972736","trial_id":98,"param_name":"lr","param_value_internal":0.033304396486572144,"distribution":"{\"name\": \"FloatDistribution\", \"attributes\": {\"step\": null, \"low\": 0.0001, \"high\": 0.1, \"log\": true}}"}
{"op_code":5,"worker_id":"4b0c9b61-cd1b-40dd-af5c-211c310b2ef6-139679950972736","trial_id":98,"param_name":"dropout","param_value_internal":0.36558141316433,"distribution":"{\"name\": \"FloatDistribution\", \"attributes\": {\"step\": null, \"low\": 0.0, \"high\": 0.5, \"log\": false}}"}
{"op_code":5,"worker_id":"4b0c9b61-cd1b-40dd-af5c-211c310b2ef6-139679950972736","trial_id":98,"param_name":"layers","param_value_internal":1,"distribution":"{\"name\": \"CategoricalDistribution\", \"attributes\": {\"choices\": [1, 2, 3]}}"}
{"op_code":5,"worker_id":"4b0c9b61-cd1b-40dd-af5c-211c310b2ef6-139679950972736","trial_id":98,"param_name":"nodes","param_value_internal":2,"distribution":"{\"name\": \"CategoricalDistribution\", \"attributes\": {\"choices\": [16, 32, 64]}}"}
{"op_code":6,"worker_id":"4b0c9b61-cd1b-40dd-af5c-211c310b2ef6-139679950972736","trial_id":98,"state":1,"values":[0.7870259321446657],"datetime_complete":"2026-03-20T18:02:43.549084"}
{"op_code":4,"worker_id":"4b0c9b61-cd1b-40dd-af5c-211c310b2ef6-139679950972736","study_id":0,"datetime_start":"2026-03-20T18:02:43.560696"}
{"op_code":5,"worker_id":"4b0c9b61-cd1b-40dd-af5c-211c310b2ef6-139679950972736","trial_id":99,"param_name":"lr","param_value_internal":0.023567951691390598,"distribution":"{\"name\": \"FloatDistribution\", \"attributes\": {\"step\": null, \"low\": 0.0001, \"high\": 0.1, \"log\": true}}"}
{"op_code":5,"worker_id":"4b0c9b61-cd1b-40dd-af5c-211c310b2ef6-139679950972736","trial_id":99,"param_name":"dropout","param_value_internal":0.3541840894067166,"distribution":"{\"name\": \"FloatDistribution\", \"attributes\": {\"step\": null, \"low\": 0.0, \"high\": 0.5, \"log\": false}}"}
{"op_code":5,"worker_id":"4b0c9b61-cd1b-40dd-af5c-211c310b2ef6-139679950972736","trial_id":99,"param_name":"layers","param_value_internal":1,"distribution":"{\"name\": \"CategoricalDistribution\", \"attributes\": {\"choices\": [1, 2, 3]}}"}
{"op_code":5,"worker_id":"4b0c9b61-cd1b-40dd-af5c-211c310b2ef6-139679950972736","trial_id":99,"param_name":"nodes","param_value_internal":2,"distribution":"{\"name\": \"CategoricalDistribution\", \"attributes\": {\"choices\": [16, 32, 64]}}"}
{"op_code":6,"worker_id":"4b0c9b61-cd1b-40dd-af5c-211c310b2ef6-139679950972736","trial_id":99,"state":1,"values":[0.7873724047866528],"datetime_complete":"2026-03-20T18:02:45.568593"}
{"op_code":0,"worker_id":"a59fef8c-c1a2-42ce-8c21-afaabfe47568-139679950972736","study_name":"deepsurv_tuning","directions":[2]}
{"op_code":4,"worker_id":"a59fef8c-c1a2-42ce-8c21-afaabfe47568-139679950972736","study_id":0,"datetime_start":"2026-03-20T18:16:08.112188"}
{"op_code":5,"worker_id":"a59fef8c-c1a2-42ce-8c21-afaabfe47568-139679950972736","trial_id":100,"param_name":"lr","param_value_internal":0.03696340057437885,"distribution":"{\"name\": \"FloatDistribution\", \"attributes\": {\"step\": null, \"low\": 0.0001, \"high\": 0.1, \"log\": true}}"}
{"op_code":5,"worker_id":"a59fef8c-c1a2-42ce-8c21-afaabfe47568-139679950972736","trial_id":100,"param_name":"dropout","param_value_internal":0.3339581809213545,"distribution":"{\"name\": \"FloatDistribution\", \"attributes\": {\"step\": null, \"low\": 0.0, \"high\": 0.5, \"log\": false}}"}
{"op_code":5,"worker_id":"a59fef8c-c1a2-42ce-8c21-afaabfe47568-139679950972736","trial_id":100,"param_name":"layers","param_value_internal":1,"distribution":"{\"name\": \"CategoricalDistribution\", \"attributes\": {\"choices\": [1, 2, 3]}}"}
{"op_code":5,"worker_id":"a59fef8c-c1a2-42ce-8c21-afaabfe47568-139679950972736","trial_id":100,"param_name":"nodes","param_value_internal":2,"distribution":"{\"name\": \"CategoricalDistribution\", \"attributes\": {\"choices\": [16, 32, 64]}}"}
{"op_code":6,"worker_id":"a59fef8c-c1a2-42ce-8c21-afaabfe47568-139679950972736","trial_id":100,"state":1,"values":[0.7910549051851272],"datetime_complete":"2026-03-20T18:16:09.925162"}
{"op_code":4,"worker_id":"a59fef8c-c1a2-42ce-8c21-afaabfe47568-139679950972736","study_id":0,"datetime_start":"2026-03-20T18:16:09.936534"}
{"op_code":5,"worker_id":"a59fef8c-c1a2-42ce-8c21-afaabfe47568-139679950972736","trial_id":101,"param_name":"lr","param_value_internal":0.019738984231254985,"distribution":"{\"name\": \"FloatDistribution\", \"attributes\": {\"step\": null, \"low\": 0.0001, \"high\": 0.1, \"log\": true}}"}
{"op_code":5,"worker_id":"a59fef8c-c1a2-42ce-8c21-afaabfe47568-139679950972736","trial_id":101,"param_name":"dropout","param_value_internal":0.39720904987277406,"distribution":"{\"name\": \"FloatDistribution\", \"attributes\": {\"step\": null, \"low\": 0.0, \"high\": 0.5, \"log\": false}}"}
{"op_code":5,"worker_id":"a59fef8c-c1a2-42ce-8c21-afaabfe47568-139679950972736","trial_id":101,"param_name":"layers","param_value_internal":1,"distribution":"{\"name\": \"CategoricalDistribution\", \"attributes\": {\"choices\": [1, 2, 3]}}"}
{"op_code":5,"worker_id":"a59fef8c-c1a2-42ce-8c21-afaabfe47568-139679950972736","trial_id":101,"param_name":"nodes","param_value_internal":2,"distribution":"{\"name\": \"CategoricalDistribution\", \"attributes\": {\"choices\": [16, 32, 64]}}"}
{"op_code":6,"worker_id":"a59fef8c-c1a2-42ce-8c21-afaabfe47568-139679950972736","trial_id":101,"state":1,"values":[0.7907677851297913],"datetime_complete":"2026-03-20T18:16:11.585111"}
{"op_code":4,"worker_id":"a59fef8c-c1a2-42ce-8c21-afaabfe47568-139679950972736","study_id":0,"datetime_start":"2026-03-20T18:16:11.623339"}
{"op_code":5,"worker_id":"a59fef8c-c1a2-42ce-8c21-afaabfe47568-139679950972736","trial_id":102,"param_name":"lr","param_value_internal":0.0395969777847249,"distribution":"{\"name\": \"FloatDistribution\", \"attributes\": {\"step\": null, \"low\": 0.0001, \"high\": 0.1, \"log\": true}}"}
{"op_code":5,"worker_id":"a59fef8c-c1a2-42ce-8c21-afaabfe47568-139679950972736","trial_id":102,"param_name":"dropout","param_value_internal":0.3704494446210415,"distribution":"{\"name\": \"FloatDistribution\", \"attributes\": {\"step\": null, \"low\": 0.0, \"high\": 0.5, \"log\": false}}"}
{"op_code":5,"worker_id":"a59fef8c-c1a2-42ce-8c21-afaabfe47568-139679950972736","trial_id":102,"param_name":"layers","param_value_internal":1,"distribution":"{\"name\": \"CategoricalDistribution\", \"attributes\": {\"choices\": [1, 2, 3]}}"}
{"op_code":5,"worker_id":"a59fef8c-c1a2-42ce-8c21-afaabfe47568-139679950972736","trial_id":102,"param_name":"nodes","param_value_internal":2,"distribution":"{\"name\": \"CategoricalDistribution\", \"attributes\": {\"choices\": [16, 32, 64]}}"}
{"op_code":6,"worker_id":"a59fef8c-c1a2-42ce-8c21-afaabfe47568-139679950972736","trial_id":102,"state":1,"values":[0.7872440389961238],"datetime_complete":"2026-03-20T18:16:13.325058"}
{"op_code":4,"worker_id":"a59fef8c-c1a2-42ce-8c21-afaabfe47568-139679950972736","study_id":0,"datetime_start":"2026-03-20T18:16:13.338025"}
{"op_code":5,"worker_id":"a59fef8c-c1a2-42ce-8c21-afaabfe47568-139679950972736","trial_id":103,"param_name":"lr","param_value_internal":0.012967038464199158,"distribution":"{\"name\": \"FloatDistribution\", \"attributes\": {\"step\": null, \"low\": 0.0001, \"high\": 0.1, \"log\": true}}"}
{"op_code":5,"worker_id":"a59fef8c-c1a2-42ce-8c21-afaabfe47568-139679950972736","trial_id":103,"param_name":"dropout","param_value_internal":0.4284916321371689,"distribution":"{\"name\": \"FloatDistribution\", \"attributes\": {\"step\": null, \"low\": 0.0, \"high\": 0.5, \"log\": false}}"}
{"op_code":5,"worker_id":"a59fef8c-c1a2-42ce-8c21-afaabfe47568-139679950972736","trial_id":103,"param_name":"layers","param_value_internal":1,"distribution":"{\"name\": \"CategoricalDistribution\", \"attributes\": {\"choices\": [1, 2, 3]}}"}
{"op_code":5,"worker_id":"a59fef8c-c1a2-42ce-8c21-afaabfe47568-139679950972736","trial_id":103,"param_name":"nodes","param_value_internal":2,"distribution":"{\"name\": \"CategoricalDistribution\", \"attributes\": {\"choices\": [16, 32, 64]}}"}
{"op_code":6,"worker_id":"a59fef8c-c1a2-42ce-8c21-afaabfe47568-139679950972736","trial_id":103,"state":1,"values":[0.7841770747686726],"datetime_complete":"2026-03-20T18:16:15.105166"}
{"op_code":4,"worker_id":"a59fef8c-c1a2-42ce-8c21-afaabfe47568-139679950972736","study_id":0,"datetime_start":"2026-03-20T18:16:15.124997"}
{"op_code":5,"worker_id":"a59fef8c-c1a2-42ce-8c21-afaabfe47568-139679950972736","trial_id":104,"param_name":"lr","param_value_internal":0.04978146215958173,"distribution":"{\"name\": \"FloatDistribution\", \"attributes\": {\"step\": null, \"low\": 0.0001, \"high\": 0.1, \"log\": true}}"}
{"op_code":5,"worker_id":"a59fef8c-c1a2-42ce-8c21-afaabfe47568-139679950972736","trial_id":104,"param_name":"dropout","param_value_internal":0.3432976626406576,"distribution":"{\"name\": \"FloatDistribution\", \"attributes\": {\"step\": null, \"low\": 0.0, \"high\": 0.5, \"log\": false}}"}
{"op_code":5,"worker_id":"a59fef8c-c1a2-42ce-8c21-afaabfe47568-139679950972736","trial_id":104,"param_name":"layers","param_value_internal":1,"distribution":"{\"name\": \"CategoricalDistribution\", \"attributes\": {\"choices\": [1, 2, 3]}}"}
{"op_code":5,"worker_id":"a59fef8c-c1a2-42ce-8c21-afaabfe47568-139679950972736","trial_id":104,"param_name":"nodes","param_value_internal":2,"distribution":"{\"name\": \"CategoricalDistribution\", \"attributes\": {\"choices\": [16, 32, 64]}}"}
{"op_code":6,"worker_id":"a59fef8c-c1a2-42ce-8c21-afaabfe47568-139679950972736","trial_id":104,"state":1,"values":[0.7854299622828654],"datetime_complete":"2026-03-20T18:16:16.770209"}
{"op_code":4,"worker_id":"a59fef8c-c1a2-42ce-8c21-afaabfe47568-139679950972736","study_id":0,"datetime_start":"2026-03-20T18:16:16.787817"}
{"op_code":5,"worker_id":"a59fef8c-c1a2-42ce-8c21-afaabfe47568-139679950972736","trial_id":105,"param_name":"lr","param_value_internal":0.02428521405060201,"distribution":"{\"name\": \"FloatDistribution\", \"attributes\": {\"step\": null, \"low\": 0.0001, \"high\": 0.1, \"log\": true}}"}
{"op_code":5,"worker_id":"a59fef8c-c1a2-42ce-8c21-afaabfe47568-139679950972736","trial_id":105,"param_name":"dropout","param_value_internal":0.32497923651842353,"distribution":"{\"name\": \"FloatDistribution\", \"attributes\": {\"step\": null, \"low\": 0.0, \"high\": 0.5, \"log\": false}}"}
{"op_code":5,"worker_id":"a59fef8c-c1a2-42ce-8c21-afaabfe47568-139679950972736","trial_id":105,"param_name":"layers","param_value_internal":1,"distribution":"{\"name\": \"CategoricalDistribution\", \"attributes\": {\"choices\": [1, 2, 3]}}"}
{"op_code":5,"worker_id":"a59fef8c-c1a2-42ce-8c21-afaabfe47568-139679950972736","trial_id":105,"param_name":"nodes","param_value_internal":1,"distribution":"{\"name\": \"CategoricalDistribution\", \"attributes\": {\"choices\": [16, 32, 64]}}"}
{"op_code":6,"worker_id":"a59fef8c-c1a2-42ce-8c21-afaabfe47568-139679950972736","trial_id":105,"state":1,"values":[0.7808751941323101],"datetime_complete":"2026-03-20T18:16:18.589155"}
{"op_code":4,"worker_id":"a59fef8c-c1a2-42ce-8c21-afaabfe47568-139679950972736","study_id":0,"datetime_start":"2026-03-20T18:16:18.607123"}
{"op_code":5,"worker_id":"a59fef8c-c1a2-42ce-8c21-afaabfe47568-139679950972736","trial_id":106,"param_name":"lr","param_value_internal":0.01831210631701041,"distribution":"{\"name\": \"FloatDistribution\", \"attributes\": {\"step\": null, \"low\": 0.0001, \"high\": 0.1, \"log\": true}}"}
{"op_code":5,"worker_id":"a59fef8c-c1a2-42ce-8c21-afaabfe47568-139679950972736","trial_id":106,"param_name":"dropout","param_value_internal":0.36026940735820634,"distribution":"{\"name\": \"FloatDistribution\", \"attributes\": {\"step\": null, \"low\": 0.0, \"high\": 0.5, \"log\": false}}"}
{"op_code":5,"worker_id":"a59fef8c-c1a2-42ce-8c21-afaabfe47568-139679950972736","trial_id":106,"param_name":"layers","param_value_internal":1,"distribution":"{\"name\": \"CategoricalDistribution\", \"attributes\": {\"choices\": [1, 2, 3]}}"}
{"op_code":5,"worker_id":"a59fef8c-c1a2-42ce-8c21-afaabfe47568-139679950972736","trial_id":106,"param_name":"nodes","param_value_internal":2,"distribution":"{\"name\": \"CategoricalDistribution\", \"attributes\": {\"choices\": [16, 32, 64]}}"}
{"op_code":6,"worker_id":"a59fef8c-c1a2-42ce-8c21-afaabfe47568-139679950972736","trial_id":106,"state":1,"values":[0.7827153726687809],"datetime_complete":"2026-03-20T18:16:20.248945"}
{"op_code":4,"worker_id":"a59fef8c-c1a2-42ce-8c21-afaabfe47568-139679950972736","study_id":0,"datetime_start":"2026-03-20T18:16:20.268253"}
{"op_code":5,"worker_id":"a59fef8c-c1a2-42ce-8c21-afaabfe47568-139679950972736","trial_id":107,"param_name":"lr","param_value_internal":0.017058079384897607,"distribution":"{\"name\": \"FloatDistribution\", \"attributes\": {\"step\": null, \"low\": 0.0001, \"high\": 0.1, \"log\": true}}"}
{"op_code":5,"worker_id":"a59fef8c-c1a2-42ce-8c21-afaabfe47568-139679950972736","trial_id":107,"param_name":"dropout","param_value_internal":0.39427668904747226,"distribution":"{\"name\": \"FloatDistribution\", \"attributes\": {\"step\": null, \"low\": 0.0, \"high\": 0.5, \"log\": false}}"}
{"op_code":5,"worker_id":"a59fef8c-c1a2-42ce-8c21-afaabfe47568-139679950972736","trial_id":107,"param_name":"layers","param_value_internal":1,"distribution":"{\"name\": \"CategoricalDistribution\", \"attributes\": {\"choices\": [1, 2, 3]}}"}
{"op_code":5,"worker_id":"a59fef8c-c1a2-42ce-8c21-afaabfe47568-139679950972736","trial_id":107,"param_name":"nodes","param_value_internal":2,"distribution":"{\"name\": \"CategoricalDistribution\", \"attributes\": {\"choices\": [16, 32, 64]}}"}
{"op_code":6,"worker_id":"a59fef8c-c1a2-42ce-8c21-afaabfe47568-139679950972736","trial_id":107,"state":1,"values":[0.7735405818096394],"datetime_complete":"2026-03-20T18:16:21.960138"}
{"op_code":4,"worker_id":"a59fef8c-c1a2-42ce-8c21-afaabfe47568-139679950972736","study_id":0,"datetime_start":"2026-03-20T18:16:21.973183"}
{"op_code":5,"worker_id":"a59fef8c-c1a2-42ce-8c21-afaabfe47568-139679950972736","trial_id":108,"param_name":"lr","param_value_internal":0.0017416102299184922,"distribution":"{\"name\": \"FloatDistribution\", \"attributes\": {\"step\": null, \"low\": 0.0001, \"high\": 0.1, \"log\": true}}"}
{"op_code":5,"worker_id":"a59fef8c-c1a2-42ce-8c21-afaabfe47568-139679950972736","trial_id":108,"param_name":"dropout","param_value_internal":0.3742691516614021,"distribution":"{\"name\": \"FloatDistribution\", \"attributes\": {\"step\": null, \"low\": 0.0, \"high\": 0.5, \"log\": false}}"}
{"op_code":5,"worker_id":"a59fef8c-c1a2-42ce-8c21-afaabfe47568-139679950972736","trial_id":108,"param_name":"layers","param_value_internal":1,"distribution":"{\"name\": \"CategoricalDistribution\", \"attributes\": {\"choices\": [1, 2, 3]}}"}
{"op_code":5,"worker_id":"a59fef8c-c1a2-42ce-8c21-afaabfe47568-139679950972736","trial_id":108,"param_name":"nodes","param_value_internal":0,"distribution":"{\"name\": \"CategoricalDistribution\", \"attributes\": {\"choices\": [16, 32, 64]}}"}
{"op_code":6,"worker_id":"a59fef8c-c1a2-42ce-8c21-afaabfe47568-139679950972736","trial_id":108,"state":1,"values":[0.7665452931887292],"datetime_complete":"2026-03-20T18:16:23.786071"}
{"op_code":4,"worker_id":"a59fef8c-c1a2-42ce-8c21-afaabfe47568-139679950972736","study_id":0,"datetime_start":"2026-03-20T18:16:23.796926"}
{"op_code":5,"worker_id":"a59fef8c-c1a2-42ce-8c21-afaabfe47568-139679950972736","trial_id":109,"param_name":"lr","param_value_internal":0.0010349515464329426,"distribution":"{\"name\": \"FloatDistribution\", \"attributes\": {\"step\": null, \"low\": 0.0001, \"high\": 0.1, \"log\": true}}"}
{"op_code":5,"worker_id":"a59fef8c-c1a2-42ce-8c21-afaabfe47568-139679950972736","trial_id":109,"param_name":"dropout","param_value_internal":0.1631815727635943,"distribution":"{\"name\": \"FloatDistribution\", \"attributes\": {\"step\": null, \"low\": 0.0, \"high\": 0.5, \"log\": false}}"}
{"op_code":5,"worker_id":"a59fef8c-c1a2-42ce-8c21-afaabfe47568-139679950972736","trial_id":109,"param_name":"layers","param_value_internal":1,"distribution":"{\"name\": \"CategoricalDistribution\", \"attributes\": {\"choices\": [1, 2, 3]}}"}
{"op_code":5,"worker_id":"a59fef8c-c1a2-42ce-8c21-afaabfe47568-139679950972736","trial_id":109,"param_name":"nodes","param_value_internal":2,"distribution":"{\"name\": \"CategoricalDistribution\", \"attributes\": {\"choices\": [16, 32, 64]}}"}
{"op_code":6,"worker_id":"a59fef8c-c1a2-42ce-8c21-afaabfe47568-139679950972736","trial_id":109,"state":1,"values":[0.7838769038017306],"datetime_complete":"2026-03-20T18:16:25.429597"}
{"op_code":0,"worker_id":"4fe2f485-e0d4-4204-8672-ebdaa6328e0b-139679950972736","study_name":"deepsurv_tuning","directions":[2]}
{"op_code":4,"worker_id":"4fe2f485-e0d4-4204-8672-ebdaa6328e0b-139679950972736","study_id":0,"datetime_start":"2026-03-20T18:29:53.165826"}
{"op_code":5,"worker_id":"4fe2f485-e0d4-4204-8672-ebdaa6328e0b-139679950972736","trial_id":110,"param_name":"lr","param_value_internal":0.02962242059313337,"distribution":"{\"name\": \"FloatDistribution\", \"attributes\": {\"step\": null, \"low\": 0.0001, \"high\": 0.1, \"log\": true}}"}
{"op_code":5,"worker_id":"4fe2f485-e0d4-4204-8672-ebdaa6328e0b-139679950972736","trial_id":110,"param_name":"dropout","param_value_internal":0.41215875335042995,"distribution":"{\"name\": \"FloatDistribution\", \"attributes\": {\"step\": null, \"low\": 0.0, \"high\": 0.5, \"log\": false}}"}
{"op_code":5,"worker_id":"4fe2f485-e0d4-4204-8672-ebdaa6328e0b-139679950972736","trial_id":110,"param_name":"layers","param_value_internal":1,"distribution":"{\"name\": \"CategoricalDistribution\", \"attributes\": {\"choices\": [1, 2, 3]}}"}
{"op_code":5,"worker_id":"4fe2f485-e0d4-4204-8672-ebdaa6328e0b-139679950972736","trial_id":110,"param_name":"nodes","param_value_internal":2,"distribution":"{\"name\": \"CategoricalDistribution\", \"attributes\": {\"choices\": [16, 32, 64]}}"}
{"op_code":6,"worker_id":"4fe2f485-e0d4-4204-8672-ebdaa6328e0b-139679950972736","trial_id":110,"state":1,"values":[0.7651203529488094],"datetime_complete":"2026-03-20T18:29:54.969710"}
{"op_code":4,"worker_id":"4fe2f485-e0d4-4204-8672-ebdaa6328e0b-139679950972736","study_id":0,"datetime_start":"2026-03-20T18:29:54.999362"}
{"op_code":5,"worker_id":"4fe2f485-e0d4-4204-8672-ebdaa6328e0b-139679950972736","trial_id":111,"param_name":"lr","param_value_internal":0.027038696218819797,"distribution":"{\"name\": \"FloatDistribution\", \"attributes\": {\"step\": null, \"low\": 0.0001, \"high\": 0.1, \"log\": true}}"}
{"op_code":5,"worker_id":"4fe2f485-e0d4-4204-8672-ebdaa6328e0b-139679950972736","trial_id":111,"param_name":"dropout","param_value_internal":0.3460082526170708,"distribution":"{\"name\": \"FloatDistribution\", \"attributes\": {\"step\": null, \"low\": 0.0, \"high\": 0.5, \"log\": false}}"}
{"op_code":5,"worker_id":"4fe2f485-e0d4-4204-8672-ebdaa6328e0b-139679950972736","trial_id":111,"param_name":"layers","param_value_internal":2,"distribution":"{\"name\": \"CategoricalDistribution\", \"attributes\": {\"choices\": [1, 2, 3]}}"}
{"op_code":5,"worker_id":"4fe2f485-e0d4-4204-8672-ebdaa6328e0b-139679950972736","trial_id":111,"param_name":"nodes","param_value_internal":2,"distribution":"{\"name\": \"CategoricalDistribution\", \"attributes\": {\"choices\": [16, 32, 64]}}"}
{"op_code":6,"worker_id":"4fe2f485-e0d4-4204-8672-ebdaa6328e0b-139679950972736","trial_id":111,"state":1,"values":[0.7561668721209369],"datetime_complete":"2026-03-20T18:29:56.995620"}
{"op_code":4,"worker_id":"4fe2f485-e0d4-4204-8672-ebdaa6328e0b-139679950972736","study_id":0,"datetime_start":"2026-03-20T18:29:57.031880"}
{"op_code":5,"worker_id":"4fe2f485-e0d4-4204-8672-ebdaa6328e0b-139679950972736","trial_id":112,"param_name":"lr","param_value_internal":0.002696199806884174,"distribution":"{\"name\": \"FloatDistribution\", \"attributes\": {\"step\": null, \"low\": 0.0001, \"high\": 0.1, \"log\": true}}"}
{"op_code":5,"worker_id":"4fe2f485-e0d4-4204-8672-ebdaa6328e0b-139679950972736","trial_id":112,"param_name":"dropout","param_value_internal":0.3557151252410936,"distribution":"{\"name\": \"FloatDistribution\", \"attributes\": {\"step\": null, \"low\": 0.0, \"high\": 0.5, \"log\": false}}"}
{"op_code":5,"worker_id":"4fe2f485-e0d4-4204-8672-ebdaa6328e0b-139679950972736","trial_id":112,"param_name":"layers","param_value_internal":2,"distribution":"{\"name\": \"CategoricalDistribution\", \"attributes\": {\"choices\": [1, 2, 3]}}"}
{"op_code":5,"worker_id":"4fe2f485-e0d4-4204-8672-ebdaa6328e0b-139679950972736","trial_id":112,"param_name":"nodes","param_value_internal":2,"distribution":"{\"name\": \"CategoricalDistribution\", \"attributes\": {\"choices\": [16, 32, 64]}}"}
{"op_code":6,"worker_id":"4fe2f485-e0d4-4204-8672-ebdaa6328e0b-139679950972736","trial_id":112,"state":1,"values":[0.7668591448777007],"datetime_complete":"2026-03-20T18:29:59.028254"}
{"op_code":4,"worker_id":"4fe2f485-e0d4-4204-8672-ebdaa6328e0b-139679950972736","study_id":0,"datetime_start":"2026-03-20T18:29:59.042797"}
{"op_code":5,"worker_id":"4fe2f485-e0d4-4204-8672-ebdaa6328e0b-139679950972736","trial_id":113,"param_name":"lr","param_value_internal":0.0012610737676333526,"distribution":"{\"name\": \"FloatDistribution\", \"attributes\": {\"step\": null, \"low\": 0.0001, \"high\": 0.1, \"log\": true}}"}
{"op_code":5,"worker_id":"4fe2f485-e0d4-4204-8672-ebdaa6328e0b-139679950972736","trial_id":113,"param_name":"dropout","param_value_internal":0.37799998650939426,"distribution":"{\"name\": \"FloatDistribution\", \"attributes\": {\"step\": null, \"low\": 0.0, \"high\": 0.5, \"log\": false}}"}
{"op_code":5,"worker_id":"4fe2f485-e0d4-4204-8672-ebdaa6328e0b-139679950972736","trial_id":113,"param_name":"layers","param_value_internal":2,"distribution":"{\"name\": \"CategoricalDistribution\", \"attributes\": {\"choices\": [1, 2, 3]}}"}
{"op_code":5,"worker_id":"4fe2f485-e0d4-4204-8672-ebdaa6328e0b-139679950972736","trial_id":113,"param_name":"nodes","param_value_internal":2,"distribution":"{\"name\": \"CategoricalDistribution\", \"attributes\": {\"choices\": [16, 32, 64]}}"}
{"op_code":6,"worker_id":"4fe2f485-e0d4-4204-8672-ebdaa6328e0b-139679950972736","trial_id":113,"state":1,"values":[0.7729189645104781],"datetime_complete":"2026-03-20T18:30:01.053175"}
{"op_code":4,"worker_id":"4fe2f485-e0d4-4204-8672-ebdaa6328e0b-139679950972736","study_id":0,"datetime_start":"2026-03-20T18:30:01.071937"}
{"op_code":5,"worker_id":"4fe2f485-e0d4-4204-8672-ebdaa6328e0b-139679950972736","trial_id":114,"param_name":"lr","param_value_internal":0.0033453664102256865,"distribution":"{\"name\": \"FloatDistribution\", \"attributes\": {\"step\": null, \"low\": 0.0001, \"high\": 0.1, \"log\": true}}"}
{"op_code":5,"worker_id":"4fe2f485-e0d4-4204-8672-ebdaa6328e0b-139679950972736","trial_id":114,"param_name":"dropout","param_value_internal":0.32258007480072154,"distribution":"{\"name\": \"FloatDistribution\", \"attributes\": {\"step\": null, \"low\": 0.0, \"high\": 0.5, \"log\": false}}"}
{"op_code":5,"worker_id":"4fe2f485-e0d4-4204-8672-ebdaa6328e0b-139679950972736","trial_id":114,"param_name":"layers","param_value_internal":1,"distribution":"{\"name\": \"CategoricalDistribution\", \"attributes\": {\"choices\": [1, 2, 3]}}"}
{"op_code":5,"worker_id":"4fe2f485-e0d4-4204-8672-ebdaa6328e0b-139679950972736","trial_id":114,"param_name":"nodes","param_value_internal":2,"distribution":"{\"name\": \"CategoricalDistribution\", \"attributes\": {\"choices\": [16, 32, 64]}}"}
{"op_code":6,"worker_id":"4fe2f485-e0d4-4204-8672-ebdaa6328e0b-139679950972736","trial_id":114,"state":1,"values":[0.7805359112437553],"datetime_complete":"2026-03-20T18:30:02.821009"}
{"op_code":4,"worker_id":"4fe2f485-e0d4-4204-8672-ebdaa6328e0b-139679950972736","study_id":0,"datetime_start":"2026-03-20T18:30:02.839539"}
{"op_code":5,"worker_id":"4fe2f485-e0d4-4204-8672-ebdaa6328e0b-139679950972736","trial_id":115,"param_name":"lr","param_value_internal":0.002076668430852242,"distribution":"{\"name\": \"FloatDistribution\", \"attributes\": {\"step\": null, \"low\": 0.0001, \"high\": 0.1, \"log\": true}}"}
{"op_code":5,"worker_id":"4fe2f485-e0d4-4204-8672-ebdaa6328e0b-139679950972736","trial_id":115,"param_name":"dropout","param_value_internal":0.3666989288380379,"distribution":"{\"name\": \"FloatDistribution\", \"attributes\": {\"step\": null, \"low\": 0.0, \"high\": 0.5, \"log\": false}}"}
{"op_code":5,"worker_id":"4fe2f485-e0d4-4204-8672-ebdaa6328e0b-139679950972736","trial_id":115,"param_name":"layers","param_value_internal":2,"distribution":"{\"name\": \"CategoricalDistribution\", \"attributes\": {\"choices\": [1, 2, 3]}}"}
{"op_code":5,"worker_id":"4fe2f485-e0d4-4204-8672-ebdaa6328e0b-139679950972736","trial_id":115,"param_name":"nodes","param_value_internal":2,"distribution":"{\"name\": \"CategoricalDistribution\", \"attributes\": {\"choices\": [16, 32, 64]}}"}
{"op_code":6,"worker_id":"4fe2f485-e0d4-4204-8672-ebdaa6328e0b-139679950972736","trial_id":115,"state":1,"values":[0.777201064036852],"datetime_complete":"2026-03-20T18:30:04.969188"}
{"op_code":4,"worker_id":"4fe2f485-e0d4-4204-8672-ebdaa6328e0b-139679950972736","study_id":0,"datetime_start":"2026-03-20T18:30:04.987458"}
{"op_code":5,"worker_id":"4fe2f485-e0d4-4204-8672-ebdaa6328e0b-139679950972736","trial_id":116,"param_name":"lr","param_value_internal":0.0014732246553636778,"distribution":"{\"name\": \"FloatDistribution\", \"attributes\": {\"step\": null, \"low\": 0.0001, \"high\": 0.1, \"log\": true}}"}
{"op_code":5,"worker_id":"4fe2f485-e0d4-4204-8672-ebdaa6328e0b-139679950972736","trial_id":116,"param_name":"dropout","param_value_internal":0.3365993682590868,"distribution":"{\"name\": \"FloatDistribution\", \"attributes\": {\"step\": null, \"low\": 0.0, \"high\": 0.5, \"log\": false}}"}
{"op_code":5,"worker_id":"4fe2f485-e0d4-4204-8672-ebdaa6328e0b-139679950972736","trial_id":116,"param_name":"layers","param_value_internal":1,"distribution":"{\"name\": \"CategoricalDistribution\", \"attributes\": {\"choices\": [1, 2, 3]}}"}
{"op_code":5,"worker_id":"4fe2f485-e0d4-4204-8672-ebdaa6328e0b-139679950972736","trial_id":116,"param_name":"nodes","param_value_internal":2,"distribution":"{\"name\": \"CategoricalDistribution\", \"attributes\": {\"choices\": [16, 32, 64]}}"}
{"op_code":6,"worker_id":"4fe2f485-e0d4-4204-8672-ebdaa6328e0b-139679950972736","trial_id":116,"state":1,"values":[0.773243365989749],"datetime_complete":"2026-03-20T18:30:06.657248"}
{"op_code":4,"worker_id":"4fe2f485-e0d4-4204-8672-ebdaa6328e0b-139679950972736","study_id":0,"datetime_start":"2026-03-20T18:30:06.678924"}
{"op_code":5,"worker_id":"4fe2f485-e0d4-4204-8672-ebdaa6328e0b-139679950972736","trial_id":117,"param_name":"lr","param_value_internal":0.0006673738924917443,"distribution":"{\"name\": \"FloatDistribution\", \"attributes\": {\"step\": null, \"low\": 0.0001, \"high\": 0.1, \"log\": true}}"}
{"op_code":5,"worker_id":"4fe2f485-e0d4-4204-8672-ebdaa6328e0b-139679950972736","trial_id":117,"param_name":"dropout","param_value_internal":0.18310495504062296,"distribution":"{\"name\": \"FloatDistribution\", \"attributes\": {\"step\": null, \"low\": 0.0, \"high\": 0.5, \"log\": false}}"}
{"op_code":5,"worker_id":"4fe2f485-e0d4-4204-8672-ebdaa6328e0b-139679950972736","trial_id":117,"param_name":"layers","param_value_internal":2,"distribution":"{\"name\": \"CategoricalDistribution\", \"attributes\": {\"choices\": [1, 2, 3]}}"}
{"op_code":5,"worker_id":"4fe2f485-e0d4-4204-8672-ebdaa6328e0b-139679950972736","trial_id":117,"param_name":"nodes","param_value_internal":2,"distribution":"{\"name\": \"CategoricalDistribution\", \"attributes\": {\"choices\": [16, 32, 64]}}"}
{"op_code":6,"worker_id":"4fe2f485-e0d4-4204-8672-ebdaa6328e0b-139679950972736","trial_id":117,"state":1,"values":[0.780782456368001],"datetime_complete":"2026-03-20T18:30:08.792348"}
{"op_code":4,"worker_id":"4fe2f485-e0d4-4204-8672-ebdaa6328e0b-139679950972736","study_id":0,"datetime_start":"2026-03-20T18:30:08.824634"}
{"op_code":5,"worker_id":"4fe2f485-e0d4-4204-8672-ebdaa6328e0b-139679950972736","trial_id":118,"param_name":"lr","param_value_internal":0.0008242518976247028,"distribution":"{\"name\": \"FloatDistribution\", \"attributes\": {\"step\": null, \"low\": 0.0001, \"high\": 0.1, \"log\": true}}"}
{"op_code":5,"worker_id":"4fe2f485-e0d4-4204-8672-ebdaa6328e0b-139679950972736","trial_id":118,"param_name":"dropout","param_value_internal":0.30649089630306114,"distribution":"{\"name\": \"FloatDistribution\", \"attributes\": {\"step\": null, \"low\": 0.0, \"high\": 0.5, \"log\": false}}"}
{"op_code":5,"worker_id":"4fe2f485-e0d4-4204-8672-ebdaa6328e0b-139679950972736","trial_id":118,"param_name":"layers","param_value_internal":1,"distribution":"{\"name\": \"CategoricalDistribution\", \"attributes\": {\"choices\": [1, 2, 3]}}"}
{"op_code":5,"worker_id":"4fe2f485-e0d4-4204-8672-ebdaa6328e0b-139679950972736","trial_id":118,"param_name":"nodes","param_value_internal":2,"distribution":"{\"name\": \"CategoricalDistribution\", \"attributes\": {\"choices\": [16, 32, 64]}}"}
{"op_code":6,"worker_id":"4fe2f485-e0d4-4204-8672-ebdaa6328e0b-139679950972736","trial_id":118,"state":1,"values":[0.7616038409135145],"datetime_complete":"2026-03-20T18:30:10.500313"}
{"op_code":4,"worker_id":"4fe2f485-e0d4-4204-8672-ebdaa6328e0b-139679950972736","study_id":0,"datetime_start":"2026-03-20T18:30:10.534141"}
{"op_code":5,"worker_id":"4fe2f485-e0d4-4204-8672-ebdaa6328e0b-139679950972736","trial_id":119,"param_name":"lr","param_value_internal":0.04454032219188351,"distribution":"{\"name\": \"FloatDistribution\", \"attributes\": {\"step\": null, \"low\": 0.0001, \"high\": 0.1, \"log\": true}}"}
{"op_code":5,"worker_id":"4fe2f485-e0d4-4204-8672-ebdaa6328e0b-139679950972736","trial_id":119,"param_name":"dropout","param_value_internal":0.23728990489116633,"distribution":"{\"name\": \"FloatDistribution\", \"attributes\": {\"step\": null, \"low\": 0.0, \"high\": 0.5, \"log\": false}}"}
{"op_code":5,"worker_id":"4fe2f485-e0d4-4204-8672-ebdaa6328e0b-139679950972736","trial_id":119,"param_name":"layers","param_value_internal":2,"distribution":"{\"name\": \"CategoricalDistribution\", \"attributes\": {\"choices\": [1, 2, 3]}}"}
{"op_code":5,"worker_id":"4fe2f485-e0d4-4204-8672-ebdaa6328e0b-139679950972736","trial_id":119,"param_name":"nodes","param_value_internal":2,"distribution":"{\"name\": \"CategoricalDistribution\", \"attributes\": {\"choices\": [16, 32, 64]}}"}
{"op_code":6,"worker_id":"4fe2f485-e0d4-4204-8672-ebdaa6328e0b-139679950972736","trial_id":119,"state":1,"values":[0.752650360085642],"datetime_complete":"2026-03-20T18:30:12.562955"}
{"op_code":0,"worker_id":"925d67de-fe07-4901-90f9-6008832ca1d4-139679950972736","study_name":"deepsurv_tuning","directions":[2]}
{"op_code":4,"worker_id":"925d67de-fe07-4901-90f9-6008832ca1d4-139679950972736","study_id":0,"datetime_start":"2026-03-20T18:43:01.948640"}
{"op_code":5,"worker_id":"925d67de-fe07-4901-90f9-6008832ca1d4-139679950972736","trial_id":120,"param_name":"lr","param_value_internal":0.0018417337995797808,"distribution":"{\"name\": \"FloatDistribution\", \"attributes\": {\"step\": null, \"low\": 0.0001, \"high\": 0.1, \"log\": true}}"}
{"op_code":5,"worker_id":"925d67de-fe07-4901-90f9-6008832ca1d4-139679950972736","trial_id":120,"param_name":"dropout","param_value_internal":0.386234833385188,"distribution":"{\"name\": \"FloatDistribution\", \"attributes\": {\"step\": null, \"low\": 0.0, \"high\": 0.5, \"log\": false}}"}
{"op_code":5,"worker_id":"925d67de-fe07-4901-90f9-6008832ca1d4-139679950972736","trial_id":120,"param_name":"layers","param_value_internal":1,"distribution":"{\"name\": \"CategoricalDistribution\", \"attributes\": {\"choices\": [1, 2, 3]}}"}
{"op_code":5,"worker_id":"925d67de-fe07-4901-90f9-6008832ca1d4-139679950972736","trial_id":120,"param_name":"nodes","param_value_internal":1,"distribution":"{\"name\": \"CategoricalDistribution\", \"attributes\": {\"choices\": [16, 32, 64]}}"}
{"op_code":6,"worker_id":"925d67de-fe07-4901-90f9-6008832ca1d4-139679950972736","trial_id":120,"state":1,"values":[0.792267332916927],"datetime_complete":"2026-03-20T18:43:03.729283"}
{"op_code":4,"worker_id":"925d67de-fe07-4901-90f9-6008832ca1d4-139679950972736","study_id":0,"datetime_start":"2026-03-20T18:43:03.743619"}
{"op_code":5,"worker_id":"925d67de-fe07-4901-90f9-6008832ca1d4-139679950972736","trial_id":121,"param_name":"lr","param_value_internal":0.014997357534394708,"distribution":"{\"name\": \"FloatDistribution\", \"attributes\": {\"step\": null, \"low\": 0.0001, \"high\": 0.1, \"log\": true}}"}
{"op_code":5,"worker_id":"925d67de-fe07-4901-90f9-6008832ca1d4-139679950972736","trial_id":121,"param_name":"dropout","param_value_internal":0.4012953942700297,"distribution":"{\"name\": \"FloatDistribution\", \"attributes\": {\"step\": null, \"low\": 0.0, \"high\": 0.5, \"log\": false}}"}
{"op_code":5,"worker_id":"925d67de-fe07-4901-90f9-6008832ca1d4-139679950972736","trial_id":121,"param_name":"layers","param_value_internal":1,"distribution":"{\"name\": \"CategoricalDistribution\", \"attributes\": {\"choices\": [1, 2, 3]}}"}
{"op_code":5,"worker_id":"925d67de-fe07-4901-90f9-6008832ca1d4-139679950972736","trial_id":121,"param_name":"nodes","param_value_internal":2,"distribution":"{\"name\": \"CategoricalDistribution\", \"attributes\": {\"choices\": [16, 32, 64]}}"}
{"op_code":6,"worker_id":"925d67de-fe07-4901-90f9-6008832ca1d4-139679950972736","trial_id":121,"state":1,"values":[0.7931168019987508],"datetime_complete":"2026-03-20T18:43:05.512295"}
{"op_code":4,"worker_id":"925d67de-fe07-4901-90f9-6008832ca1d4-139679950972736","study_id":0,"datetime_start":"2026-03-20T18:43:05.529682"}
{"op_code":5,"worker_id":"925d67de-fe07-4901-90f9-6008832ca1d4-139679950972736","trial_id":122,"param_name":"lr","param_value_internal":0.020438852346334864,"distribution":"{\"name\": \"FloatDistribution\", \"attributes\": {\"step\": null, \"low\": 0.0001, \"high\": 0.1, \"log\": true}}"}
{"op_code":5,"worker_id":"925d67de-fe07-4901-90f9-6008832ca1d4-139679950972736","trial_id":122,"param_name":"dropout","param_value_internal":0.410426511381411,"distribution":"{\"name\": \"FloatDistribution\", \"attributes\": {\"step\": null, \"low\": 0.0, \"high\": 0.5, \"log\": false}}"}
{"op_code":5,"worker_id":"925d67de-fe07-4901-90f9-6008832ca1d4-139679950972736","trial_id":122,"param_name":"layers","param_value_internal":1,"distribution":"{\"name\": \"CategoricalDistribution\", \"attributes\": {\"choices\": [1, 2, 3]}}"}
{"op_code":5,"worker_id":"925d67de-fe07-4901-90f9-6008832ca1d4-139679950972736","trial_id":122,"param_name":"nodes","param_value_internal":2,"distribution":"{\"name\": \"CategoricalDistribution\", \"attributes\": {\"choices\": [16, 32, 64]}}"}
{"op_code":6,"worker_id":"925d67de-fe07-4901-90f9-6008832ca1d4-139679950972736","trial_id":122,"state":1,"values":[0.8116177389131792],"datetime_complete":"2026-03-20T18:43:07.213181"}
{"op_code":4,"worker_id":"925d67de-fe07-4901-90f9-6008832ca1d4-139679950972736","study_id":0,"datetime_start":"2026-03-20T18:43:07.228778"}
{"op_code":5,"worker_id":"925d67de-fe07-4901-90f9-6008832ca1d4-139679950972736","trial_id":123,"param_name":"lr","param_value_internal":0.026344972321903058,"distribution":"{\"name\": \"FloatDistribution\", \"attributes\": {\"step\": null, \"low\": 0.0001, \"high\": 0.1, \"log\": true}}"}
{"op_code":5,"worker_id":"925d67de-fe07-4901-90f9-6008832ca1d4-139679950972736","trial_id":123,"param_name":"dropout","param_value_internal":0.43300531766507233,"distribution":"{\"name\": \"FloatDistribution\", \"attributes\": {\"step\": null, \"low\": 0.0, \"high\": 0.5, \"log\": false}}"}
{"op_code":5,"worker_id":"925d67de-fe07-4901-90f9-6008832ca1d4-139679950972736","trial_id":123,"param_name":"layers","param_value_internal":1,"distribution":"{\"name\": \"CategoricalDistribution\", \"attributes\": {\"choices\": [1, 2, 3]}}"}
{"op_code":5,"worker_id":"925d67de-fe07-4901-90f9-6008832ca1d4-139679950972736","trial_id":123,"param_name":"nodes","param_value_internal":2,"distribution":"{\"name\": \"CategoricalDistribution\", \"attributes\": {\"choices\": [16, 32, 64]}}"}
{"op_code":6,"worker_id":"925d67de-fe07-4901-90f9-6008832ca1d4-139679950972736","trial_id":123,"state":1,"values":[0.782785758900687],"datetime_complete":"2026-03-20T18:43:09.019773"}
{"op_code":4,"worker_id":"925d67de-fe07-4901-90f9-6008832ca1d4-139679950972736","study_id":0,"datetime_start":"2026-03-20T18:43:09.045627"}
{"op_code":5,"worker_id":"925d67de-fe07-4901-90f9-6008832ca1d4-139679950972736","trial_id":124,"param_name":"lr","param_value_internal":0.010467480178424037,"distribution":"{\"name\": \"FloatDistribution\", \"attributes\": {\"step\": null, \"low\": 0.0001, \"high\": 0.1, \"log\": true}}"}
{"op_code":5,"worker_id":"925d67de-fe07-4901-90f9-6008832ca1d4-139679950972736","trial_id":124,"param_name":"dropout","param_value_internal":0.34945785242488436,"distribution":"{\"name\": \"FloatDistribution\", \"attributes\": {\"step\": null, \"low\": 0.0, \"high\": 0.5, \"log\": false}}"}
{"op_code":5,"worker_id":"925d67de-fe07-4901-90f9-6008832ca1d4-139679950972736","trial_id":124,"param_name":"layers","param_value_internal":1,"distribution":"{\"name\": \"CategoricalDistribution\", \"attributes\": {\"choices\": [1, 2, 3]}}"}
{"op_code":5,"worker_id":"925d67de-fe07-4901-90f9-6008832ca1d4-139679950972736","trial_id":124,"param_name":"nodes","param_value_internal":2,"distribution":"{\"name\": \"CategoricalDistribution\", \"attributes\": {\"choices\": [16, 32, 64]}}"}
{"op_code":6,"worker_id":"925d67de-fe07-4901-90f9-6008832ca1d4-139679950972736","trial_id":124,"state":1,"values":[0.7931792629606496],"datetime_complete":"2026-03-20T18:43:10.762780"}
{"op_code":4,"worker_id":"925d67de-fe07-4901-90f9-6008832ca1d4-139679950972736","study_id":0,"datetime_start":"2026-03-20T18:43:10.774072"}
{"op_code":5,"worker_id":"925d67de-fe07-4901-90f9-6008832ca1d4-139679950972736","trial_id":125,"param_name":"lr","param_value_internal":0.002783994421547586,"distribution":"{\"name\": \"FloatDistribution\", \"attributes\": {\"step\": null, \"low\": 0.0001, \"high\": 0.1, \"log\": true}}"}
{"op_code":5,"worker_id":"925d67de-fe07-4901-90f9-6008832ca1d4-139679950972736","trial_id":125,"param_name":"dropout","param_value_internal":0.38940245007906493,"distribution":"{\"name\": \"FloatDistribution\", \"attributes\": {\"step\": null, \"low\": 0.0, \"high\": 0.5, \"log\": false}}"}
{"op_code":5,"worker_id":"925d67de-fe07-4901-90f9-6008832ca1d4-139679950972736","trial_id":125,"param_name":"layers","param_value_internal":1,"distribution":"{\"name\": \"CategoricalDistribution\", \"attributes\": {\"choices\": [1, 2, 3]}}"}
{"op_code":5,"worker_id":"925d67de-fe07-4901-90f9-6008832ca1d4-139679950972736","trial_id":125,"param_name":"nodes","param_value_internal":2,"distribution":"{\"name\": \"CategoricalDistribution\", \"attributes\": {\"choices\": [16, 32, 64]}}"}
{"op_code":6,"worker_id":"925d67de-fe07-4901-90f9-6008832ca1d4-139679950972736","trial_id":125,"state":1,"values":[0.7936976889444097],"datetime_complete":"2026-03-20T18:43:12.441688"}
{"op_code":4,"worker_id":"925d67de-fe07-4901-90f9-6008832ca1d4-139679950972736","study_id":0,"datetime_start":"2026-03-20T18:43:12.458019"}
{"op_code":5,"worker_id":"925d67de-fe07-4901-90f9-6008832ca1d4-139679950972736","trial_id":126,"param_name":"lr","param_value_internal":0.002288409040552279,"distribution":"{\"name\": \"FloatDistribution\", \"attributes\": {\"step\": null, \"low\": 0.0001, \"high\": 0.1, \"log\": true}}"}
{"op_code":5,"worker_id":"925d67de-fe07-4901-90f9-6008832ca1d4-139679950972736","trial_id":126,"param_name":"dropout","param_value_internal":0.4178455556010341,"distribution":"{\"name\": \"FloatDistribution\", \"attributes\": {\"step\": null, \"low\": 0.0, \"high\": 0.5, \"log\": false}}"}
{"op_code":5,"worker_id":"925d67de-fe07-4901-90f9-6008832ca1d4-139679950972736","trial_id":126,"param_name":"layers","param_value_internal":2,"distribution":"{\"name\": \"CategoricalDistribution\", \"attributes\": {\"choices\": [1, 2, 3]}}"}
{"op_code":5,"worker_id":"925d67de-fe07-4901-90f9-6008832ca1d4-139679950972736","trial_id":126,"param_name":"nodes","param_value_internal":2,"distribution":"{\"name\": \"CategoricalDistribution\", \"attributes\": {\"choices\": [16, 32, 64]}}"}
{"op_code":6,"worker_id":"925d67de-fe07-4901-90f9-6008832ca1d4-139679950972736","trial_id":126,"state":1,"values":[0.796739537788882],"datetime_complete":"2026-03-20T18:43:14.290136"}
{"op_code":4,"worker_id":"925d67de-fe07-4901-90f9-6008832ca1d4-139679950972736","study_id":0,"datetime_start":"2026-03-20T18:43:14.308535"}
{"op_code":5,"worker_id":"925d67de-fe07-4901-90f9-6008832ca1d4-139679950972736","trial_id":127,"param_name":"lr","param_value_internal":0.002247613922128359,"distribution":"{\"name\": \"FloatDistribution\", \"attributes\": {\"step\": null, \"low\": 0.0001, \"high\": 0.1, \"log\": true}}"}
{"op_code":5,"worker_id":"925d67de-fe07-4901-90f9-6008832ca1d4-139679950972736","trial_id":127,"param_name":"dropout","param_value_internal":0.4205658058244826,"distribution":"{\"name\": \"FloatDistribution\", \"attributes\": {\"step\": null, \"low\": 0.0, \"high\": 0.5, \"log\": false}}"}
{"op_code":5,"worker_id":"925d67de-fe07-4901-90f9-6008832ca1d4-139679950972736","trial_id":127,"param_name":"layers","param_value_internal":2,"distribution":"{\"name\": \"CategoricalDistribution\", \"attributes\": {\"choices\": [1, 2, 3]}}"}
{"op_code":5,"worker_id":"925d67de-fe07-4901-90f9-6008832ca1d4-139679950972736","trial_id":127,"param_name":"nodes","param_value_internal":2,"distribution":"{\"name\": \"CategoricalDistribution\", \"attributes\": {\"choices\": [16, 32, 64]}}"}
{"op_code":6,"worker_id":"925d67de-fe07-4901-90f9-6008832ca1d4-139679950972736","trial_id":127,"state":1,"values":[0.7912929419113054],"datetime_complete":"2026-03-20T18:43:16.133017"}
{"op_code":4,"worker_id":"925d67de-fe07-4901-90f9-6008832ca1d4-139679950972736","study_id":0,"datetime_start":"2026-03-20T18:43:16.150230"}
{"op_code":5,"worker_id":"925d67de-fe07-4901-90f9-6008832ca1d4-139679950972736","trial_id":128,"param_name":"lr","param_value_internal":0.0015568973811838406,"distribution":"{\"name\": \"FloatDistribution\", \"attributes\": {\"step\": null, \"low\": 0.0001, \"high\": 0.1, \"log\": true}}"}
{"op_code":5,"worker_id":"925d67de-fe07-4901-90f9-6008832ca1d4-139679950972736","trial_id":128,"param_name":"dropout","param_value_internal":0.4538477032965744,"distribution":"{\"name\": \"FloatDistribution\", \"attributes\": {\"step\": null, \"low\": 0.0, \"high\": 0.5, \"log\": false}}"}
{"op_code":5,"worker_id":"925d67de-fe07-4901-90f9-6008832ca1d4-139679950972736","trial_id":128,"param_name":"layers","param_value_internal":1,"distribution":"{\"name\": \"CategoricalDistribution\", \"attributes\": {\"choices\": [1, 2, 3]}}"}
{"op_code":5,"worker_id":"925d67de-fe07-4901-90f9-6008832ca1d4-139679950972736","trial_id":128,"param_name":"nodes","param_value_internal":0,"distribution":"{\"name\": \"CategoricalDistribution\", \"attributes\": {\"choices\": [16, 32, 64]}}"}
{"op_code":6,"worker_id":"925d67de-fe07-4901-90f9-6008832ca1d4-139679950972736","trial_id":128,"state":1,"values":[0.7798750780762024],"datetime_complete":"2026-03-20T18:43:17.721184"}
{"op_code":4,"worker_id":"925d67de-fe07-4901-90f9-6008832ca1d4-139679950972736","study_id":0,"datetime_start":"2026-03-20T18:43:17.734694"}
{"op_code":5,"worker_id":"925d67de-fe07-4901-90f9-6008832ca1d4-139679950972736","trial_id":129,"param_name":"lr","param_value_internal":0.0004662311211543662,"distribution":"{\"name\": \"FloatDistribution\", \"attributes\": {\"step\": null, \"low\": 0.0001, \"high\": 0.1, \"log\": true}}"}
{"op_code":5,"worker_id":"925d67de-fe07-4901-90f9-6008832ca1d4-139679950972736","trial_id":129,"param_name":"dropout","param_value_internal":0.40704611569172183,"distribution":"{\"name\": \"FloatDistribution\", \"attributes\": {\"step\": null, \"low\": 0.0, \"high\": 0.5, \"log\": false}}"}
{"op_code":5,"worker_id":"925d67de-fe07-4901-90f9-6008832ca1d4-139679950972736","trial_id":129,"param_name":"layers","param_value_internal":2,"distribution":"{\"name\": \"CategoricalDistribution\", \"attributes\": {\"choices\": [1, 2, 3]}}"}
{"op_code":5,"worker_id":"925d67de-fe07-4901-90f9-6008832ca1d4-139679950972736","trial_id":129,"param_name":"nodes","param_value_internal":2,"distribution":"{\"name\": \"CategoricalDistribution\", \"attributes\": {\"choices\": [16, 32, 64]}}"}
{"op_code":6,"worker_id":"925d67de-fe07-4901-90f9-6008832ca1d4-139679950972736","trial_id":129,"state":1,"values":[0.7816114928169894],"datetime_complete":"2026-03-20T18:43:19.752803"}
{"op_code":0,"worker_id":"8176f653-9964-4d27-9e64-059c029beeb9-139679950972736","study_name":"deepsurv_tuning","directions":[2]}
{"op_code":4,"worker_id":"8176f653-9964-4d27-9e64-059c029beeb9-139679950972736","study_id":0,"datetime_start":"2026-03-20T18:56:14.486238"}
{"op_code":5,"worker_id":"8176f653-9964-4d27-9e64-059c029beeb9-139679950972736","trial_id":130,"param_name":"lr","param_value_internal":0.0001268282540785405,"distribution":"{\"name\": \"FloatDistribution\", \"attributes\": {\"step\": null, \"low\": 0.0001, \"high\": 0.1, \"log\": true}}"}
{"op_code":5,"worker_id":"8176f653-9964-4d27-9e64-059c029beeb9-139679950972736","trial_id":130,"param_name":"dropout","param_value_internal":0.3727009221133914,"distribution":"{\"name\": \"FloatDistribution\", \"attributes\": {\"step\": null, \"low\": 0.0, \"high\": 0.5, \"log\": false}}"}
{"op_code":5,"worker_id":"8176f653-9964-4d27-9e64-059c029beeb9-139679950972736","trial_id":130,"param_name":"layers","param_value_internal":1,"distribution":"{\"name\": \"CategoricalDistribution\", \"attributes\": {\"choices\": [1, 2, 3]}}"}
{"op_code":5,"worker_id":"8176f653-9964-4d27-9e64-059c029beeb9-139679950972736","trial_id":130,"param_name":"nodes","param_value_internal":2,"distribution":"{\"name\": \"CategoricalDistribution\", \"attributes\": {\"choices\": [16, 32, 64]}}"}
{"op_code":6,"worker_id":"8176f653-9964-4d27-9e64-059c029beeb9-139679950972736","trial_id":130,"state":1,"values":[0.7129687242066768],"datetime_complete":"2026-03-20T18:56:16.252758"}
{"op_code":4,"worker_id":"8176f653-9964-4d27-9e64-059c029beeb9-139679950972736","study_id":0,"datetime_start":"2026-03-20T18:56:16.270932"}
{"op_code":5,"worker_id":"8176f653-9964-4d27-9e64-059c029beeb9-139679950972736","trial_id":131,"param_name":"lr","param_value_internal":0.0033323716180113294,"distribution":"{\"name\": \"FloatDistribution\", \"attributes\": {\"step\": null, \"low\": 0.0001, \"high\": 0.1, \"log\": true}}"}
{"op_code":5,"worker_id":"8176f653-9964-4d27-9e64-059c029beeb9-139679950972736","trial_id":131,"param_name":"dropout","param_value_internal":0.3599269817672812,"distribution":"{\"name\": \"FloatDistribution\", \"attributes\": {\"step\": null, \"low\": 0.0, \"high\": 0.5, \"log\": false}}"}
{"op_code":5,"worker_id":"8176f653-9964-4d27-9e64-059c029beeb9-139679950972736","trial_id":131,"param_name":"layers","param_value_internal":2,"distribution":"{\"name\": \"CategoricalDistribution\", \"attributes\": {\"choices\": [1, 2, 3]}}"}
{"op_code":5,"worker_id":"8176f653-9964-4d27-9e64-059c029beeb9-139679950972736","trial_id":131,"param_name":"nodes","param_value_internal":2,"distribution":"{\"name\": \"CategoricalDistribution\", \"attributes\": {\"choices\": [16, 32, 64]}}"}
{"op_code":6,"worker_id":"8176f653-9964-4d27-9e64-059c029beeb9-139679950972736","trial_id":131,"state":1,"values":[0.7659077345049586],"datetime_complete":"2026-03-20T18:56:18.129218"}
{"op_code":4,"worker_id":"8176f653-9964-4d27-9e64-059c029beeb9-139679950972736","study_id":0,"datetime_start":"2026-03-20T18:56:18.155939"}
{"op_code":5,"worker_id":"8176f653-9964-4d27-9e64-059c029beeb9-139679950972736","trial_id":132,"param_name":"lr","param_value_internal":0.003874215558005281,"distribution":"{\"name\": \"FloatDistribution\", \"attributes\": {\"step\": null, \"low\": 0.0001, \"high\": 0.1, \"log\": true}}"}
{"op_code":5,"worker_id":"8176f653-9964-4d27-9e64-059c029beeb9-139679950972736","trial_id":132,"param_name":"dropout","param_value_internal":0.4425574560027813,"distribution":"{\"name\": \"FloatDistribution\", \"attributes\": {\"step\": null, \"low\": 0.0, \"high\": 0.5, \"log\": false}}"}
{"op_code":5,"worker_id":"8176f653-9964-4d27-9e64-059c029beeb9-139679950972736","trial_id":132,"param_name":"layers","param_value_internal":2,"distribution":"{\"name\": \"CategoricalDistribution\", \"attributes\": {\"choices\": [1, 2, 3]}}"}
{"op_code":5,"worker_id":"8176f653-9964-4d27-9e64-059c029beeb9-139679950972736","trial_id":132,"param_name":"nodes","param_value_internal":2,"distribution":"{\"name\": \"CategoricalDistribution\", \"attributes\": {\"choices\": [16, 32, 64]}}"}
{"op_code":6,"worker_id":"8176f653-9964-4d27-9e64-059c029beeb9-139679950972736","trial_id":132,"state":1,"values":[0.7641172810503993],"datetime_complete":"2026-03-20T18:56:20.220974"}
{"op_code":4,"worker_id":"8176f653-9964-4d27-9e64-059c029beeb9-139679950972736","study_id":0,"datetime_start":"2026-03-20T18:56:20.246616"}
{"op_code":5,"worker_id":"8176f653-9964-4d27-9e64-059c029beeb9-139679950972736","trial_id":133,"param_name":"lr","param_value_internal":0.002552160853937893,"distribution":"{\"name\": \"FloatDistribution\", \"attributes\": {\"step\": null, \"low\": 0.0001, \"high\": 0.1, \"log\": true}}"}
{"op_code":5,"worker_id":"8176f653-9964-4d27-9e64-059c029beeb9-139679950972736","trial_id":133,"param_name":"dropout","param_value_internal":0.37862845286705354,"distribution":"{\"name\": \"FloatDistribution\", \"attributes\": {\"step\": null, \"low\": 0.0, \"high\": 0.5, \"log\": false}}"}
{"op_code":5,"worker_id":"8176f653-9964-4d27-9e64-059c029beeb9-139679950972736","trial_id":133,"param_name":"layers","param_value_internal":2,"distribution":"{\"name\": \"CategoricalDistribution\", \"attributes\": {\"choices\": [1, 2, 3]}}"}
{"op_code":5,"worker_id":"8176f653-9964-4d27-9e64-059c029beeb9-139679950972736","trial_id":133,"param_name":"nodes","param_value_internal":2,"distribution":"{\"name\": \"CategoricalDistribution\", \"attributes\": {\"choices\": [16, 32, 64]}}"}
{"op_code":6,"worker_id":"8176f653-9964-4d27-9e64-059c029beeb9-139679950972736","trial_id":133,"state":1,"values":[0.7713171896229889],"datetime_complete":"2026-03-20T18:56:22.085172"}
{"op_code":4,"worker_id":"8176f653-9964-4d27-9e64-059c029beeb9-139679950972736","study_id":0,"datetime_start":"2026-03-20T18:56:22.105059"}
{"op_code":5,"worker_id":"8176f653-9964-4d27-9e64-059c029beeb9-139679950972736","trial_id":134,"param_name":"lr","param_value_internal":0.02149359144886198,"distribution":"{\"name\": \"FloatDistribution\", \"attributes\": {\"step\": null, \"low\": 0.0001, \"high\": 0.1, \"log\": true}}"}
{"op_code":5,"worker_id":"8176f653-9964-4d27-9e64-059c029beeb9-139679950972736","trial_id":134,"param_name":"dropout","param_value_internal":0.39536444855574643,"distribution":"{\"name\": \"FloatDistribution\", \"attributes\": {\"step\": null, \"low\": 0.0, \"high\": 0.5, \"log\": false}}"}
{"op_code":5,"worker_id":"8176f653-9964-4d27-9e64-059c029beeb9-139679950972736","trial_id":134,"param_name":"layers","param_value_internal":2,"distribution":"{\"name\": \"CategoricalDistribution\", \"attributes\": {\"choices\": [1, 2, 3]}}"}
{"op_code":5,"worker_id":"8176f653-9964-4d27-9e64-059c029beeb9-139679950972736","trial_id":134,"param_name":"nodes","param_value_internal":2,"distribution":"{\"name\": \"CategoricalDistribution\", \"attributes\": {\"choices\": [16, 32, 64]}}"}
{"op_code":6,"worker_id":"8176f653-9964-4d27-9e64-059c029beeb9-139679950972736","trial_id":134,"state":1,"values":[0.7461619534990032],"datetime_complete":"2026-03-20T18:56:24.106281"}
{"op_code":4,"worker_id":"8176f653-9964-4d27-9e64-059c029beeb9-139679950972736","study_id":0,"datetime_start":"2026-03-20T18:56:24.131354"}
{"op_code":5,"worker_id":"8176f653-9964-4d27-9e64-059c029beeb9-139679950972736","trial_id":135,"param_name":"lr","param_value_internal":0.0010842597080913607,"distribution":"{\"name\": \"FloatDistribution\", \"attributes\": {\"step\": null, \"low\": 0.0001, \"high\": 0.1, \"log\": true}}"}
{"op_code":5,"worker_id":"8176f653-9964-4d27-9e64-059c029beeb9-139679950972736","trial_id":135,"param_name":"dropout","param_value_internal":0.413583287587031,"distribution":"{\"name\": \"FloatDistribution\", \"attributes\": {\"step\": null, \"low\": 0.0, \"high\": 0.5, \"log\": false}}"}
{"op_code":5,"worker_id":"8176f653-9964-4d27-9e64-059c029beeb9-139679950972736","trial_id":135,"param_name":"layers","param_value_internal":2,"distribution":"{\"name\": \"CategoricalDistribution\", \"attributes\": {\"choices\": [1, 2, 3]}}"}
{"op_code":5,"worker_id":"8176f653-9964-4d27-9e64-059c029beeb9-139679950972736","trial_id":135,"param_name":"nodes","param_value_internal":2,"distribution":"{\"name\": \"CategoricalDistribution\", \"attributes\": {\"choices\": [16, 32, 64]}}"}
{"op_code":6,"worker_id":"8176f653-9964-4d27-9e64-059c029beeb9-139679950972736","trial_id":135,"state":1,"values":[0.7746314332516413],"datetime_complete":"2026-03-20T18:56:25.969165"}
{"op_code":4,"worker_id":"8176f653-9964-4d27-9e64-059c029beeb9-139679950972736","study_id":0,"datetime_start":"2026-03-20T18:56:25.989625"}
{"op_code":5,"worker_id":"8176f653-9964-4d27-9e64-059c029beeb9-139679950972736","trial_id":136,"param_name":"lr","param_value_internal":0.002052204392815259,"distribution":"{\"name\": \"FloatDistribution\", \"attributes\": {\"step\": null, \"low\": 0.0001, \"high\": 0.1, \"log\": true}}"}
{"op_code":5,"worker_id":"8176f653-9964-4d27-9e64-059c029beeb9-139679950972736","trial_id":136,"param_name":"dropout","param_value_internal":0.36802690681560407,"distribution":"{\"name\": \"FloatDistribution\", \"attributes\": {\"step\": null, \"low\": 0.0, \"high\": 0.5, \"log\": false}}"}
{"op_code":5,"worker_id":"8176f653-9964-4d27-9e64-059c029beeb9-139679950972736","trial_id":136,"param_name":"layers","param_value_internal":1,"distribution":"{\"name\": \"CategoricalDistribution\", \"attributes\": {\"choices\": [1, 2, 3]}}"}
{"op_code":5,"worker_id":"8176f653-9964-4d27-9e64-059c029beeb9-139679950972736","trial_id":136,"param_name":"nodes","param_value_internal":2,"distribution":"{\"name\": \"CategoricalDistribution\", \"attributes\": {\"choices\": [16, 32, 64]}}"}
{"op_code":6,"worker_id":"8176f653-9964-4d27-9e64-059c029beeb9-139679950972736","trial_id":136,"state":1,"values":[0.7752409493212784],"datetime_complete":"2026-03-20T18:56:27.651041"}
{"op_code":4,"worker_id":"8176f653-9964-4d27-9e64-059c029beeb9-139679950972736","study_id":0,"datetime_start":"2026-03-20T18:56:27.672923"}
{"op_code":5,"worker_id":"8176f653-9964-4d27-9e64-059c029beeb9-139679950972736","trial_id":137,"param_name":"lr","param_value_internal":0.03377762171925001,"distribution":"{\"name\": \"FloatDistribution\", \"attributes\": {\"step\": null, \"low\": 0.0001, \"high\": 0.1, \"log\": true}}"}
{"op_code":5,"worker_id":"8176f653-9964-4d27-9e64-059c029beeb9-139679950972736","trial_id":137,"param_name":"dropout","param_value_internal":0.427575158070559,"distribution":"{\"name\": \"FloatDistribution\", \"attributes\": {\"step\": null, \"low\": 0.0, \"high\": 0.5, \"log\": false}}"}
{"op_code":5,"worker_id":"8176f653-9964-4d27-9e64-059c029beeb9-139679950972736","trial_id":137,"param_name":"layers","param_value_internal":2,"distribution":"{\"name\": \"CategoricalDistribution\", \"attributes\": {\"choices\": [1, 2, 3]}}"}
{"op_code":5,"worker_id":"8176f653-9964-4d27-9e64-059c029beeb9-139679950972736","trial_id":137,"param_name":"nodes","param_value_internal":2,"distribution":"{\"name\": \"CategoricalDistribution\", \"attributes\": {\"choices\": [16, 32, 64]}}"}
{"op_code":6,"worker_id":"8176f653-9964-4d27-9e64-059c029beeb9-139679950972736","trial_id":137,"state":1,"values":[0.7691584868763571],"datetime_complete":"2026-03-20T18:56:29.590998"}
{"op_code":4,"worker_id":"8176f653-9964-4d27-9e64-059c029beeb9-139679950972736","study_id":0,"datetime_start":"2026-03-20T18:56:29.605857"}
{"op_code":5,"worker_id":"8176f653-9964-4d27-9e64-059c029beeb9-139679950972736","trial_id":138,"param_name":"lr","param_value_internal":0.001287889861464972,"distribution":"{\"name\": \"FloatDistribution\", \"attributes\": {\"step\": null, \"low\": 0.0001, \"high\": 0.1, \"log\": true}}"}
{"op_code":5,"worker_id":"8176f653-9964-4d27-9e64-059c029beeb9-139679950972736","trial_id":138,"param_name":"dropout","param_value_internal":0.46483416532400645,"distribution":"{\"name\": \"FloatDistribution\", \"attributes\": {\"step\": null, \"low\": 0.0, \"high\": 0.5, \"log\": false}}"}
{"op_code":5,"worker_id":"8176f653-9964-4d27-9e64-059c029beeb9-139679950972736","trial_id":138,"param_name":"layers","param_value_internal":1,"distribution":"{\"name\": \"CategoricalDistribution\", \"attributes\": {\"choices\": [1, 2, 3]}}"}
{"op_code":5,"worker_id":"8176f653-9964-4d27-9e64-059c029beeb9-139679950972736","trial_id":138,"param_name":"nodes","param_value_internal":2,"distribution":"{\"name\": \"CategoricalDistribution\", \"attributes\": {\"choices\": [16, 32, 64]}}"}
{"op_code":6,"worker_id":"8176f653-9964-4d27-9e64-059c029beeb9-139679950972736","trial_id":138,"state":1,"values":[0.7797361303348529],"datetime_complete":"2026-03-20T18:56:31.190857"}
{"op_code":4,"worker_id":"8176f653-9964-4d27-9e64-059c029beeb9-139679950972736","study_id":0,"datetime_start":"2026-03-20T18:56:31.208505"}
{"op_code":5,"worker_id":"8176f653-9964-4d27-9e64-059c029beeb9-139679950972736","trial_id":139,"param_name":"lr","param_value_internal":0.0009265268310413158,"distribution":"{\"name\": \"FloatDistribution\", \"attributes\": {\"step\": null, \"low\": 0.0001, \"high\": 0.1, \"log\": true}}"}
{"op_code":5,"worker_id":"8176f653-9964-4d27-9e64-059c029beeb9-139679950972736","trial_id":139,"param_name":"dropout","param_value_internal":0.2502343370622241,"distribution":"{\"name\": \"FloatDistribution\", \"attributes\": {\"step\": null, \"low\": 0.0, \"high\": 0.5, \"log\": false}}"}
{"op_code":5,"worker_id":"8176f653-9964-4d27-9e64-059c029beeb9-139679950972736","trial_id":139,"param_name":"layers","param_value_internal":2,"distribution":"{\"name\": \"CategoricalDistribution\", \"attributes\": {\"choices\": [1, 2, 3]}}"}
{"op_code":5,"worker_id":"8176f653-9964-4d27-9e64-059c029beeb9-139679950972736","trial_id":139,"param_name":"nodes","param_value_internal":2,"distribution":"{\"name\": \"CategoricalDistribution\", \"attributes\": {\"choices\": [16, 32, 64]}}"}
{"op_code":6,"worker_id":"8176f653-9964-4d27-9e64-059c029beeb9-139679950972736","trial_id":139,"state":1,"values":[0.7624411118588971],"datetime_complete":"2026-03-20T18:56:33.212850"}
{"op_code":0,"worker_id":"096ea39c-3c72-4fa7-93b8-f60788571d4d-139679950972736","study_name":"deepsurv_tuning","directions":[2]}
{"op_code":4,"worker_id":"096ea39c-3c72-4fa7-93b8-f60788571d4d-139679950972736","study_id":0,"datetime_start":"2026-03-20T19:08:57.301946"}
{"op_code":5,"worker_id":"096ea39c-3c72-4fa7-93b8-f60788571d4d-139679950972736","trial_id":140,"param_name":"lr","param_value_internal":0.0023754838536584454,"distribution":"{\"name\": \"FloatDistribution\", \"attributes\": {\"step\": null, \"low\": 0.0001, \"high\": 0.1, \"log\": true}}"}
{"op_code":5,"worker_id":"096ea39c-3c72-4fa7-93b8-f60788571d4d-139679950972736","trial_id":140,"param_name":"dropout","param_value_internal":0.10569575453706179,"distribution":"{\"name\": \"FloatDistribution\", \"attributes\": {\"step\": null, \"low\": 0.0, \"high\": 0.5, \"log\": false}}"}
{"op_code":5,"worker_id":"096ea39c-3c72-4fa7-93b8-f60788571d4d-139679950972736","trial_id":140,"param_name":"layers","param_value_internal":0,"distribution":"{\"name\": \"CategoricalDistribution\", \"attributes\": {\"choices\": [1, 2, 3]}}"}
{"op_code":5,"worker_id":"096ea39c-3c72-4fa7-93b8-f60788571d4d-139679950972736","trial_id":140,"param_name":"nodes","param_value_internal":2,"distribution":"{\"name\": \"CategoricalDistribution\", \"attributes\": {\"choices\": [16, 32, 64]}}"}
{"op_code":6,"worker_id":"096ea39c-3c72-4fa7-93b8-f60788571d4d-139679950972736","trial_id":140,"state":1,"values":[0.5932606293137602],"datetime_complete":"2026-03-20T19:08:59.504546"}
{"op_code":4,"worker_id":"096ea39c-3c72-4fa7-93b8-f60788571d4d-139679950972736","study_id":0,"datetime_start":"2026-03-20T19:08:59.522054"}
{"op_code":5,"worker_id":"096ea39c-3c72-4fa7-93b8-f60788571d4d-139679950972736","trial_id":141,"param_name":"lr","param_value_internal":0.01673043665217412,"distribution":"{\"name\": \"FloatDistribution\", \"attributes\": {\"step\": null, \"low\": 0.0001, \"high\": 0.1, \"log\": true}}"}
{"op_code":5,"worker_id":"096ea39c-3c72-4fa7-93b8-f60788571d4d-139679950972736","trial_id":141,"param_name":"dropout","param_value_internal":0.4114789460330144,"distribution":"{\"name\": \"FloatDistribution\", \"attributes\": {\"step\": null, \"low\": 0.0, \"high\": 0.5, \"log\": false}}"}
{"op_code":5,"worker_id":"096ea39c-3c72-4fa7-93b8-f60788571d4d-139679950972736","trial_id":141,"param_name":"layers","param_value_internal":1,"distribution":"{\"name\": \"CategoricalDistribution\", \"attributes\": {\"choices\": [1, 2, 3]}}"}
{"op_code":5,"worker_id":"096ea39c-3c72-4fa7-93b8-f60788571d4d-139679950972736","trial_id":141,"param_name":"nodes","param_value_internal":2,"distribution":"{\"name\": \"CategoricalDistribution\", \"attributes\": {\"choices\": [16, 32, 64]}}"}
{"op_code":6,"worker_id":"096ea39c-3c72-4fa7-93b8-f60788571d4d-139679950972736","trial_id":141,"state":1,"values":[0.5916550242925954],"datetime_complete":"2026-03-20T19:09:01.304284"}
{"op_code":4,"worker_id":"096ea39c-3c72-4fa7-93b8-f60788571d4d-139679950972736","study_id":0,"datetime_start":"2026-03-20T19:09:01.322361"}
{"op_code":5,"worker_id":"096ea39c-3c72-4fa7-93b8-f60788571d4d-139679950972736","trial_id":142,"param_name":"lr","param_value_internal":0.028486548160723796,"distribution":"{\"name\": \"FloatDistribution\", \"attributes\": {\"step\": null, \"low\": 0.0001, \"high\": 0.1, \"log\": true}}"}
{"op_code":5,"worker_id":"096ea39c-3c72-4fa7-93b8-f60788571d4d-139679950972736","trial_id":142,"param_name":"dropout","param_value_internal":0.38576026580036804,"distribution":"{\"name\": \"FloatDistribution\", \"attributes\": {\"step\": null, \"low\": 0.0, \"high\": 0.5, \"log\": false}}"}
{"op_code":5,"worker_id":"096ea39c-3c72-4fa7-93b8-f60788571d4d-139679950972736","trial_id":142,"param_name":"layers","param_value_internal":1,"distribution":"{\"name\": \"CategoricalDistribution\", \"attributes\": {\"choices\": [1, 2, 3]}}"}
{"op_code":5,"worker_id":"096ea39c-3c72-4fa7-93b8-f60788571d4d-139679950972736","trial_id":142,"param_name":"nodes","param_value_internal":2,"distribution":"{\"name\": \"CategoricalDistribution\", \"attributes\": {\"choices\": [16, 32, 64]}}"}
{"op_code":6,"worker_id":"096ea39c-3c72-4fa7-93b8-f60788571d4d-139679950972736","trial_id":142,"state":1,"values":[0.5827929186562962],"datetime_complete":"2026-03-20T19:09:02.956975"}
{"op_code":4,"worker_id":"096ea39c-3c72-4fa7-93b8-f60788571d4d-139679950972736","study_id":0,"datetime_start":"2026-03-20T19:09:02.974854"}
{"op_code":5,"worker_id":"096ea39c-3c72-4fa7-93b8-f60788571d4d-139679950972736","trial_id":143,"param_name":"lr","param_value_internal":0.020344767175163182,"distribution":"{\"name\": \"FloatDistribution\", \"attributes\": {\"step\": null, \"low\": 0.0001, \"high\": 0.1, \"log\": true}}"}
{"op_code":5,"worker_id":"096ea39c-3c72-4fa7-93b8-f60788571d4d-139679950972736","trial_id":143,"param_name":"dropout","param_value_internal":0.40249370146780283,"distribution":"{\"name\": \"FloatDistribution\", \"attributes\": {\"step\": null, \"low\": 0.0, \"high\": 0.5, \"log\": false}}"}
{"op_code":5,"worker_id":"096ea39c-3c72-4fa7-93b8-f60788571d4d-139679950972736","trial_id":143,"param_name":"layers","param_value_internal":1,"distribution":"{\"name\": \"CategoricalDistribution\", \"attributes\": {\"choices\": [1, 2, 3]}}"}
{"op_code":5,"worker_id":"096ea39c-3c72-4fa7-93b8-f60788571d4d-139679950972736","trial_id":143,"param_name":"nodes","param_value_internal":2,"distribution":"{\"name\": \"CategoricalDistribution\", \"attributes\": {\"choices\": [16, 32, 64]}}"}
{"op_code":6,"worker_id":"096ea39c-3c72-4fa7-93b8-f60788571d4d-139679950972736","trial_id":143,"state":1,"values":[0.5973476239130888],"datetime_complete":"2026-03-20T19:09:04.617279"}
{"op_code":4,"worker_id":"096ea39c-3c72-4fa7-93b8-f60788571d4d-139679950972736","study_id":0,"datetime_start":"2026-03-20T19:09:04.641398"}
{"op_code":5,"worker_id":"096ea39c-3c72-4fa7-93b8-f60788571d4d-139679950972736","trial_id":144,"param_name":"lr","param_value_internal":0.02347779408592613,"distribution":"{\"name\": \"FloatDistribution\", \"attributes\": {\"step\": null, \"low\": 0.0001, \"high\": 0.1, \"log\": true}}"}
{"op_code":5,"worker_id":"096ea39c-3c72-4fa7-93b8-f60788571d4d-139679950972736","trial_id":144,"param_name":"dropout","param_value_internal":0.34998919762871106,"distribution":"{\"name\": \"FloatDistribution\", \"attributes\": {\"step\": null, \"low\": 0.0, \"high\": 0.5, \"log\": false}}"}
{"op_code":5,"worker_id":"096ea39c-3c72-4fa7-93b8-f60788571d4d-139679950972736","trial_id":144,"param_name":"layers","param_value_internal":1,"distribution":"{\"name\": \"CategoricalDistribution\", \"attributes\": {\"choices\": [1, 2, 3]}}"}
{"op_code":5,"worker_id":"096ea39c-3c72-4fa7-93b8-f60788571d4d-139679950972736","trial_id":144,"param_name":"nodes","param_value_internal":2,"distribution":"{\"name\": \"CategoricalDistribution\", \"attributes\": {\"choices\": [16, 32, 64]}}"}
{"op_code":6,"worker_id":"096ea39c-3c72-4fa7-93b8-f60788571d4d-139679950972736","trial_id":144,"state":1,"values":[0.5919678044915236],"datetime_complete":"2026-03-20T19:09:06.412585"}
{"op_code":4,"worker_id":"096ea39c-3c72-4fa7-93b8-f60788571d4d-139679950972736","study_id":0,"datetime_start":"2026-03-20T19:09:06.683082"}
{"op_code":5,"worker_id":"096ea39c-3c72-4fa7-93b8-f60788571d4d-139679950972736","trial_id":145,"param_name":"lr","param_value_internal":0.0017377956025947973,"distribution":"{\"name\": \"FloatDistribution\", \"attributes\": {\"step\": null, \"low\": 0.0001, \"high\": 0.1, \"log\": true}}"}
{"op_code":5,"worker_id":"096ea39c-3c72-4fa7-93b8-f60788571d4d-139679950972736","trial_id":145,"param_name":"dropout","param_value_internal":0.41947677987180537,"distribution":"{\"name\": \"FloatDistribution\", \"attributes\": {\"step\": null, \"low\": 0.0, \"high\": 0.5, \"log\": false}}"}
{"op_code":5,"worker_id":"096ea39c-3c72-4fa7-93b8-f60788571d4d-139679950972736","trial_id":145,"param_name":"layers","param_value_internal":1,"distribution":"{\"name\": \"CategoricalDistribution\", \"attributes\": {\"choices\": [1, 2, 3]}}"}
{"op_code":5,"worker_id":"096ea39c-3c72-4fa7-93b8-f60788571d4d-139679950972736","trial_id":145,"param_name":"nodes","param_value_internal":2,"distribution":"{\"name\": \"CategoricalDistribution\", \"attributes\": {\"choices\": [16, 32, 64]}}"}
{"op_code":6,"worker_id":"096ea39c-3c72-4fa7-93b8-f60788571d4d-139679950972736","trial_id":145,"state":1,"values":[0.6089621952999562],"datetime_complete":"2026-03-20T19:09:08.321700"}
{"op_code":4,"worker_id":"096ea39c-3c72-4fa7-93b8-f60788571d4d-139679950972736","study_id":0,"datetime_start":"2026-03-20T19:09:08.345891"}
{"op_code":5,"worker_id":"096ea39c-3c72-4fa7-93b8-f60788571d4d-139679950972736","trial_id":146,"param_name":"lr","param_value_internal":0.002946597705693359,"distribution":"{\"name\": \"FloatDistribution\", \"attributes\": {\"step\": null, \"low\": 0.0001, \"high\": 0.1, \"log\": true}}"}
{"op_code":5,"worker_id":"096ea39c-3c72-4fa7-93b8-f60788571d4d-139679950972736","trial_id":146,"param_name":"dropout","param_value_internal":0.3741924569418972,"distribution":"{\"name\": \"FloatDistribution\", \"attributes\": {\"step\": null, \"low\": 0.0, \"high\": 0.5, \"log\": false}}"}
{"op_code":5,"worker_id":"096ea39c-3c72-4fa7-93b8-f60788571d4d-139679950972736","trial_id":146,"param_name":"layers","param_value_internal":1,"distribution":"{\"name\": \"CategoricalDistribution\", \"attributes\": {\"choices\": [1, 2, 3]}}"}
{"op_code":5,"worker_id":"096ea39c-3c72-4fa7-93b8-f60788571d4d-139679950972736","trial_id":146,"param_name":"nodes","param_value_internal":2,"distribution":"{\"name\": \"CategoricalDistribution\", \"attributes\": {\"choices\": [16, 32, 64]}}"}
{"op_code":6,"worker_id":"096ea39c-3c72-4fa7-93b8-f60788571d4d-139679950972736","trial_id":146,"state":1,"values":[0.6235794565965344],"datetime_complete":"2026-03-20T19:09:10.113314"}
{"op_code":4,"worker_id":"096ea39c-3c72-4fa7-93b8-f60788571d4d-139679950972736","study_id":0,"datetime_start":"2026-03-20T19:09:10.131809"}
{"op_code":5,"worker_id":"096ea39c-3c72-4fa7-93b8-f60788571d4d-139679950972736","trial_id":147,"param_name":"lr","param_value_internal":0.013593653602347638,"distribution":"{\"name\": \"FloatDistribution\", \"attributes\": {\"step\": null, \"low\": 0.0001, \"high\": 0.1, \"log\": true}}"}
{"op_code":5,"worker_id":"096ea39c-3c72-4fa7-93b8-f60788571d4d-139679950972736","trial_id":147,"param_name":"dropout","param_value_internal":0.4929025288199487,"distribution":"{\"name\": \"FloatDistribution\", \"attributes\": {\"step\": null, \"low\": 0.0, \"high\": 0.5, \"log\": false}}"}
{"op_code":5,"worker_id":"096ea39c-3c72-4fa7-93b8-f60788571d4d-139679950972736","trial_id":147,"param_name":"layers","param_value_internal":2,"distribution":"{\"name\": \"CategoricalDistribution\", \"attributes\": {\"choices\": [1, 2, 3]}}"}
{"op_code":5,"worker_id":"096ea39c-3c72-4fa7-93b8-f60788571d4d-139679950972736","trial_id":147,"param_name":"nodes","param_value_internal":2,"distribution":"{\"name\": \"CategoricalDistribution\", \"attributes\": {\"choices\": [16, 32, 64]}}"}
{"op_code":6,"worker_id":"096ea39c-3c72-4fa7-93b8-f60788571d4d-139679950972736","trial_id":147,"state":1,"values":[0.6057718372708885],"datetime_complete":"2026-03-20T19:09:11.982572"}
{"op_code":4,"worker_id":"096ea39c-3c72-4fa7-93b8-f60788571d4d-139679950972736","study_id":0,"datetime_start":"2026-03-20T19:09:12.094567"}
{"op_code":5,"worker_id":"096ea39c-3c72-4fa7-93b8-f60788571d4d-139679950972736","trial_id":148,"param_name":"lr","param_value_internal":0.010978330793561487,"distribution":"{\"name\": \"FloatDistribution\", \"attributes\": {\"step\": null, \"low\": 0.0001, \"high\": 0.1, \"log\": true}}"}
{"op_code":5,"worker_id":"096ea39c-3c72-4fa7-93b8-f60788571d4d-139679950972736","trial_id":148,"param_name":"dropout","param_value_internal":0.19556725378001866,"distribution":"{\"name\": \"FloatDistribution\", \"attributes\": {\"step\": null, \"low\": 0.0, \"high\": 0.5, \"log\": false}}"}
{"op_code":5,"worker_id":"096ea39c-3c72-4fa7-93b8-f60788571d4d-139679950972736","trial_id":148,"param_name":"layers","param_value_internal":1,"distribution":"{\"name\": \"CategoricalDistribution\", \"attributes\": {\"choices\": [1, 2, 3]}}"}
{"op_code":5,"worker_id":"096ea39c-3c72-4fa7-93b8-f60788571d4d-139679950972736","trial_id":148,"param_name":"nodes","param_value_internal":1,"distribution":"{\"name\": \"CategoricalDistribution\", \"attributes\": {\"choices\": [16, 32, 64]}}"}
{"op_code":6,"worker_id":"096ea39c-3c72-4fa7-93b8-f60788571d4d-139679950972736","trial_id":148,"state":1,"values":[0.6291260921241946],"datetime_complete":"2026-03-20T19:09:13.751160"}
{"op_code":4,"worker_id":"096ea39c-3c72-4fa7-93b8-f60788571d4d-139679950972736","study_id":0,"datetime_start":"2026-03-20T19:09:13.794006"}
{"op_code":5,"worker_id":"096ea39c-3c72-4fa7-93b8-f60788571d4d-139679950972736","trial_id":149,"param_name":"lr","param_value_internal":0.015862302113812177,"distribution":"{\"name\": \"FloatDistribution\", \"attributes\": {\"step\": null, \"low\": 0.0001, \"high\": 0.1, \"log\": true}}"}
{"op_code":5,"worker_id":"096ea39c-3c72-4fa7-93b8-f60788571d4d-139679950972736","trial_id":149,"param_name":"dropout","param_value_internal":0.3939613386845004,"distribution":"{\"name\": \"FloatDistribution\", \"attributes\": {\"step\": null, \"low\": 0.0, \"high\": 0.5, \"log\": false}}"}
{"op_code":5,"worker_id":"096ea39c-3c72-4fa7-93b8-f60788571d4d-139679950972736","trial_id":149,"param_name":"layers","param_value_internal":2,"distribution":"{\"name\": \"CategoricalDistribution\", \"attributes\": {\"choices\": [1, 2, 3]}}"}
{"op_code":5,"worker_id":"096ea39c-3c72-4fa7-93b8-f60788571d4d-139679950972736","trial_id":149,"param_name":"nodes","param_value_internal":2,"distribution":"{\"name\": \"CategoricalDistribution\", \"attributes\": {\"choices\": [16, 32, 64]}}"}
{"op_code":6,"worker_id":"096ea39c-3c72-4fa7-93b8-f60788571d4d-139679950972736","trial_id":149,"state":1,"values":[0.6165523281272807],"datetime_complete":"2026-03-20T19:09:15.763216"}
{"op_code":0,"worker_id":"27bf3ad0-9d6a-488e-8c4f-6f9a383841b8-139679950972736","study_name":"deepsurv_tuning","directions":[2]}
{"op_code":4,"worker_id":"27bf3ad0-9d6a-488e-8c4f-6f9a383841b8-139679950972736","study_id":0,"datetime_start":"2026-03-20T19:21:49.893449"}
{"op_code":5,"worker_id":"27bf3ad0-9d6a-488e-8c4f-6f9a383841b8-139679950972736","trial_id":150,"param_name":"lr","param_value_internal":0.001397175868211233,"distribution":"{\"name\": \"FloatDistribution\", \"attributes\": {\"step\": null, \"low\": 0.0001, \"high\": 0.1, \"log\": true}}"}
{"op_code":5,"worker_id":"27bf3ad0-9d6a-488e-8c4f-6f9a383841b8-139679950972736","trial_id":150,"param_name":"dropout","param_value_internal":0.35831011732509543,"distribution":"{\"name\": \"FloatDistribution\", \"attributes\": {\"step\": null, \"low\": 0.0, \"high\": 0.5, \"log\": false}}"}
{"op_code":5,"worker_id":"27bf3ad0-9d6a-488e-8c4f-6f9a383841b8-139679950972736","trial_id":150,"param_name":"layers","param_value_internal":1,"distribution":"{\"name\": \"CategoricalDistribution\", \"attributes\": {\"choices\": [1, 2, 3]}}"}
{"op_code":5,"worker_id":"27bf3ad0-9d6a-488e-8c4f-6f9a383841b8-139679950972736","trial_id":150,"param_name":"nodes","param_value_internal":0,"distribution":"{\"name\": \"CategoricalDistribution\", \"attributes\": {\"choices\": [16, 32, 64]}}"}
{"op_code":6,"worker_id":"27bf3ad0-9d6a-488e-8c4f-6f9a383841b8-139679950972736","trial_id":150,"state":1,"values":[0.6589155435948111],"datetime_complete":"2026-03-20T19:21:51.496979"}
{"op_code":4,"worker_id":"27bf3ad0-9d6a-488e-8c4f-6f9a383841b8-139679950972736","study_id":0,"datetime_start":"2026-03-20T19:21:51.513327"}
{"op_code":5,"worker_id":"27bf3ad0-9d6a-488e-8c4f-6f9a383841b8-139679950972736","trial_id":151,"param_name":"lr","param_value_internal":0.007412640488349298,"distribution":"{\"name\": \"FloatDistribution\", \"attributes\": {\"step\": null, \"low\": 0.0001, \"high\": 0.1, \"log\": true}}"}
{"op_code":5,"worker_id":"27bf3ad0-9d6a-488e-8c4f-6f9a383841b8-139679950972736","trial_id":151,"param_name":"dropout","param_value_internal":0.38966418129715275,"distribution":"{\"name\": \"FloatDistribution\", \"attributes\": {\"step\": null, \"low\": 0.0, \"high\": 0.5, \"log\": false}}"}
{"op_code":5,"worker_id":"27bf3ad0-9d6a-488e-8c4f-6f9a383841b8-139679950972736","trial_id":151,"param_name":"layers","param_value_internal":1,"distribution":"{\"name\": \"CategoricalDistribution\", \"attributes\": {\"choices\": [1, 2, 3]}}"}
{"op_code":5,"worker_id":"27bf3ad0-9d6a-488e-8c4f-6f9a383841b8-139679950972736","trial_id":151,"param_name":"nodes","param_value_internal":2,"distribution":"{\"name\": \"CategoricalDistribution\", \"attributes\": {\"choices\": [16, 32, 64]}}"}
{"op_code":6,"worker_id":"27bf3ad0-9d6a-488e-8c4f-6f9a383841b8-139679950972736","trial_id":151,"state":1,"values":[0.6468893888106301],"datetime_complete":"2026-03-20T19:21:53.268375"}
{"op_code":4,"worker_id":"27bf3ad0-9d6a-488e-8c4f-6f9a383841b8-139679950972736","study_id":0,"datetime_start":"2026-03-20T19:21:53.281586"}
{"op_code":5,"worker_id":"27bf3ad0-9d6a-488e-8c4f-6f9a383841b8-139679950972736","trial_id":152,"param_name":"lr","param_value_internal":0.003440803769283407,"distribution":"{\"name\": \"FloatDistribution\", \"attributes\": {\"step\": null, \"low\": 0.0001, \"high\": 0.1, \"log\": true}}"}
{"op_code":5,"worker_id":"27bf3ad0-9d6a-488e-8c4f-6f9a383841b8-139679950972736","trial_id":152,"param_name":"dropout","param_value_internal":0.38313857125298506,"distribution":"{\"name\": \"FloatDistribution\", \"attributes\": {\"step\": null, \"low\": 0.0, \"high\": 0.5, \"log\": false}}"}
{"op_code":5,"worker_id":"27bf3ad0-9d6a-488e-8c4f-6f9a383841b8-139679950972736","trial_id":152,"param_name":"layers","param_value_internal":1,"distribution":"{\"name\": \"CategoricalDistribution\", \"attributes\": {\"choices\": [1, 2, 3]}}"}
{"op_code":5,"worker_id":"27bf3ad0-9d6a-488e-8c4f-6f9a383841b8-139679950972736","trial_id":152,"param_name":"nodes","param_value_internal":2,"distribution":"{\"name\": \"CategoricalDistribution\", \"attributes\": {\"choices\": [16, 32, 64]}}"}
{"op_code":6,"worker_id":"27bf3ad0-9d6a-488e-8c4f-6f9a383841b8-139679950972736","trial_id":152,"state":1,"values":[0.6715303912705254],"datetime_complete":"2026-03-20T19:21:54.885396"}
{"op_code":4,"worker_id":"27bf3ad0-9d6a-488e-8c4f-6f9a383841b8-139679950972736","study_id":0,"datetime_start":"2026-03-20T19:21:54.901001"}
{"op_code":5,"worker_id":"27bf3ad0-9d6a-488e-8c4f-6f9a383841b8-139679950972736","trial_id":153,"param_name":"lr","param_value_internal":0.0025916095861567325,"distribution":"{\"name\": \"FloatDistribution\", \"attributes\": {\"step\": null, \"low\": 0.0001, \"high\": 0.1, \"log\": true}}"}
{"op_code":5,"worker_id":"27bf3ad0-9d6a-488e-8c4f-6f9a383841b8-139679950972736","trial_id":153,"param_name":"dropout","param_value_internal":0.40572735740619736,"distribution":"{\"name\": \"FloatDistribution\", \"attributes\": {\"step\": null, \"low\": 0.0, \"high\": 0.5, \"log\": false}}"}
{"op_code":5,"worker_id":"27bf3ad0-9d6a-488e-8c4f-6f9a383841b8-139679950972736","trial_id":153,"param_name":"layers","param_value_internal":1,"distribution":"{\"name\": \"CategoricalDistribution\", \"attributes\": {\"choices\": [1, 2, 3]}}"}
{"op_code":5,"worker_id":"27bf3ad0-9d6a-488e-8c4f-6f9a383841b8-139679950972736","trial_id":153,"param_name":"nodes","param_value_internal":2,"distribution":"{\"name\": \"CategoricalDistribution\", \"attributes\": {\"choices\": [16, 32, 64]}}"}
{"op_code":6,"worker_id":"27bf3ad0-9d6a-488e-8c4f-6f9a383841b8-139679950972736","trial_id":153,"state":1,"values":[0.6496646552992873],"datetime_complete":"2026-03-20T19:21:56.493884"}
{"op_code":4,"worker_id":"27bf3ad0-9d6a-488e-8c4f-6f9a383841b8-139679950972736","study_id":0,"datetime_start":"2026-03-20T19:21:56.511588"}
{"op_code":5,"worker_id":"27bf3ad0-9d6a-488e-8c4f-6f9a383841b8-139679950972736","trial_id":154,"param_name":"lr","param_value_internal":0.004324397468070124,"distribution":"{\"name\": \"FloatDistribution\", \"attributes\": {\"step\": null, \"low\": 0.0001, \"high\": 0.1, \"log\": true}}"}
{"op_code":5,"worker_id":"27bf3ad0-9d6a-488e-8c4f-6f9a383841b8-139679950972736","trial_id":154,"param_name":"dropout","param_value_internal":0.3652403316639795,"distribution":"{\"name\": \"FloatDistribution\", \"attributes\": {\"step\": null, \"low\": 0.0, \"high\": 0.5, \"log\": false}}"}
{"op_code":5,"worker_id":"27bf3ad0-9d6a-488e-8c4f-6f9a383841b8-139679950972736","trial_id":154,"param_name":"layers","param_value_internal":1,"distribution":"{\"name\": \"CategoricalDistribution\", \"attributes\": {\"choices\": [1, 2, 3]}}"}
{"op_code":5,"worker_id":"27bf3ad0-9d6a-488e-8c4f-6f9a383841b8-139679950972736","trial_id":154,"param_name":"nodes","param_value_internal":2,"distribution":"{\"name\": \"CategoricalDistribution\", \"attributes\": {\"choices\": [16, 32, 64]}}"}
{"op_code":6,"worker_id":"27bf3ad0-9d6a-488e-8c4f-6f9a383841b8-139679950972736","trial_id":154,"state":1,"values":[0.6480247251014444],"datetime_complete":"2026-03-20T19:21:58.279758"}
{"op_code":4,"worker_id":"27bf3ad0-9d6a-488e-8c4f-6f9a383841b8-139679950972736","study_id":0,"datetime_start":"2026-03-20T19:21:58.291787"}
{"op_code":5,"worker_id":"27bf3ad0-9d6a-488e-8c4f-6f9a383841b8-139679950972736","trial_id":155,"param_name":"lr","param_value_internal":0.0030649246219410144,"distribution":"{\"name\": \"FloatDistribution\", \"attributes\": {\"step\": null, \"low\": 0.0001, \"high\": 0.1, \"log\": true}}"}
{"op_code":5,"worker_id":"27bf3ad0-9d6a-488e-8c4f-6f9a383841b8-139679950972736","trial_id":155,"param_name":"dropout","param_value_internal":0.3315904285721407,"distribution":"{\"name\": \"FloatDistribution\", \"attributes\": {\"step\": null, \"low\": 0.0, \"high\": 0.5, \"log\": false}}"}
{"op_code":5,"worker_id":"27bf3ad0-9d6a-488e-8c4f-6f9a383841b8-139679950972736","trial_id":155,"param_name":"layers","param_value_internal":1,"distribution":"{\"name\": \"CategoricalDistribution\", \"attributes\": {\"choices\": [1, 2, 3]}}"}
{"op_code":5,"worker_id":"27bf3ad0-9d6a-488e-8c4f-6f9a383841b8-139679950972736","trial_id":155,"param_name":"nodes","param_value_internal":2,"distribution":"{\"name\": \"CategoricalDistribution\", \"attributes\": {\"choices\": [16, 32, 64]}}"}
{"op_code":6,"worker_id":"27bf3ad0-9d6a-488e-8c4f-6f9a383841b8-139679950972736","trial_id":155,"state":1,"values":[0.662552824674642],"datetime_complete":"2026-03-20T19:21:59.885921"}
{"op_code":4,"worker_id":"27bf3ad0-9d6a-488e-8c4f-6f9a383841b8-139679950972736","study_id":0,"datetime_start":"2026-03-20T19:21:59.900432"}
{"op_code":5,"worker_id":"27bf3ad0-9d6a-488e-8c4f-6f9a383841b8-139679950972736","trial_id":156,"param_name":"lr","param_value_internal":0.0021410999296293805,"distribution":"{\"name\": \"FloatDistribution\", \"attributes\": {\"step\": null, \"low\": 0.0001, \"high\": 0.1, \"log\": true}}"}
{"op_code":5,"worker_id":"27bf3ad0-9d6a-488e-8c4f-6f9a383841b8-139679950972736","trial_id":156,"param_name":"dropout","param_value_internal":0.3951953367025259,"distribution":"{\"name\": \"FloatDistribution\", \"attributes\": {\"step\": null, \"low\": 0.0, \"high\": 0.5, \"log\": false}}"}
{"op_code":5,"worker_id":"27bf3ad0-9d6a-488e-8c4f-6f9a383841b8-139679950972736","trial_id":156,"param_name":"layers","param_value_internal":1,"distribution":"{\"name\": \"CategoricalDistribution\", \"attributes\": {\"choices\": [1, 2, 3]}}"}
{"op_code":5,"worker_id":"27bf3ad0-9d6a-488e-8c4f-6f9a383841b8-139679950972736","trial_id":156,"param_name":"nodes","param_value_internal":2,"distribution":"{\"name\": \"CategoricalDistribution\", \"attributes\": {\"choices\": [16, 32, 64]}}"}
{"op_code":6,"worker_id":"27bf3ad0-9d6a-488e-8c4f-6f9a383841b8-139679950972736","trial_id":156,"state":1,"values":[0.669722263103673],"datetime_complete":"2026-03-20T19:22:01.521426"}
{"op_code":4,"worker_id":"27bf3ad0-9d6a-488e-8c4f-6f9a383841b8-139679950972736","study_id":0,"datetime_start":"2026-03-20T19:22:01.534559"}
{"op_code":5,"worker_id":"27bf3ad0-9d6a-488e-8c4f-6f9a383841b8-139679950972736","trial_id":157,"param_name":"lr","param_value_internal":0.018755681944936122,"distribution":"{\"name\": \"FloatDistribution\", \"attributes\": {\"step\": null, \"low\": 0.0001, \"high\": 0.1, \"log\": true}}"}
{"op_code":5,"worker_id":"27bf3ad0-9d6a-488e-8c4f-6f9a383841b8-139679950972736","trial_id":157,"param_name":"dropout","param_value_internal":0.4393586579013018,"distribution":"{\"name\": \"FloatDistribution\", \"attributes\": {\"step\": null, \"low\": 0.0, \"high\": 0.5, \"log\": false}}"}
{"op_code":5,"worker_id":"27bf3ad0-9d6a-488e-8c4f-6f9a383841b8-139679950972736","trial_id":157,"param_name":"layers","param_value_internal":0,"distribution":"{\"name\": \"CategoricalDistribution\", \"attributes\": {\"choices\": [1, 2, 3]}}"}
{"op_code":5,"worker_id":"27bf3ad0-9d6a-488e-8c4f-6f9a383841b8-139679950972736","trial_id":157,"param_name":"nodes","param_value_internal":2,"distribution":"{\"name\": \"CategoricalDistribution\", \"attributes\": {\"choices\": [16, 32, 64]}}"}
{"op_code":6,"worker_id":"27bf3ad0-9d6a-488e-8c4f-6f9a383841b8-139679950972736","trial_id":157,"state":1,"values":[0.6641086558879802],"datetime_complete":"2026-03-20T19:22:03.011281"}
{"op_code":4,"worker_id":"27bf3ad0-9d6a-488e-8c4f-6f9a383841b8-139679950972736","study_id":0,"datetime_start":"2026-03-20T19:22:03.075246"}
{"op_code":5,"worker_id":"27bf3ad0-9d6a-488e-8c4f-6f9a383841b8-139679950972736","trial_id":158,"param_name":"lr","param_value_internal":0.002784418312497101,"distribution":"{\"name\": \"FloatDistribution\", \"attributes\": {\"step\": null, \"low\": 0.0001, \"high\": 0.1, \"log\": true}}"}
{"op_code":5,"worker_id":"27bf3ad0-9d6a-488e-8c4f-6f9a383841b8-139679950972736","trial_id":158,"param_name":"dropout","param_value_internal":0.3781172245011136,"distribution":"{\"name\": \"FloatDistribution\", \"attributes\": {\"step\": null, \"low\": 0.0, \"high\": 0.5, \"log\": false}}"}
{"op_code":5,"worker_id":"27bf3ad0-9d6a-488e-8c4f-6f9a383841b8-139679950972736","trial_id":158,"param_name":"layers","param_value_internal":2,"distribution":"{\"name\": \"CategoricalDistribution\", \"attributes\": {\"choices\": [1, 2, 3]}}"}
{"op_code":5,"worker_id":"27bf3ad0-9d6a-488e-8c4f-6f9a383841b8-139679950972736","trial_id":158,"param_name":"nodes","param_value_internal":2,"distribution":"{\"name\": \"CategoricalDistribution\", \"attributes\": {\"choices\": [16, 32, 64]}}"}
{"op_code":6,"worker_id":"27bf3ad0-9d6a-488e-8c4f-6f9a383841b8-139679950972736","trial_id":158,"state":1,"values":[0.6689653722431301],"datetime_complete":"2026-03-20T19:22:04.917022"}
{"op_code":4,"worker_id":"27bf3ad0-9d6a-488e-8c4f-6f9a383841b8-139679950972736","study_id":0,"datetime_start":"2026-03-20T19:22:04.943935"}
{"op_code":5,"worker_id":"27bf3ad0-9d6a-488e-8c4f-6f9a383841b8-139679950972736","trial_id":159,"param_name":"lr","param_value_internal":0.0018495368711283638,"distribution":"{\"name\": \"FloatDistribution\", \"attributes\": {\"step\": null, \"low\": 0.0001, \"high\": 0.1, \"log\": true}}"}
{"op_code":5,"worker_id":"27bf3ad0-9d6a-488e-8c4f-6f9a383841b8-139679950972736","trial_id":159,"param_name":"dropout","param_value_internal":0.264096337467411,"distribution":"{\"name\": \"FloatDistribution\", \"attributes\": {\"step\": null, \"low\": 0.0, \"high\": 0.5, \"log\": false}}"}
{"op_code":5,"worker_id":"27bf3ad0-9d6a-488e-8c4f-6f9a383841b8-139679950972736","trial_id":159,"param_name":"layers","param_value_internal":1,"distribution":"{\"name\": \"CategoricalDistribution\", \"attributes\": {\"choices\": [1, 2, 3]}}"}
{"op_code":5,"worker_id":"27bf3ad0-9d6a-488e-8c4f-6f9a383841b8-139679950972736","trial_id":159,"param_name":"nodes","param_value_internal":2,"distribution":"{\"name\": \"CategoricalDistribution\", \"attributes\": {\"choices\": [16, 32, 64]}}"}
{"op_code":6,"worker_id":"27bf3ad0-9d6a-488e-8c4f-6f9a383841b8-139679950972736","trial_id":159,"state":1,"values":[0.6742215587746778],"datetime_complete":"2026-03-20T19:22:06.663103"}
{"op_code":0,"worker_id":"9508506e-6239-4025-8a50-8ba9d5bf6598-139679950972736","study_name":"deepsurv_tuning","directions":[2]}
{"op_code":4,"worker_id":"9508506e-6239-4025-8a50-8ba9d5bf6598-139679950972736","study_id":0,"datetime_start":"2026-03-20T19:34:50.950634"}
{"op_code":5,"worker_id":"9508506e-6239-4025-8a50-8ba9d5bf6598-139679950972736","trial_id":160,"param_name":"lr","param_value_internal":0.03729837895538333,"distribution":"{\"name\": \"FloatDistribution\", \"attributes\": {\"step\": null, \"low\": 0.0001, \"high\": 0.1, \"log\": true}}"}
{"op_code":5,"worker_id":"9508506e-6239-4025-8a50-8ba9d5bf6598-139679950972736","trial_id":160,"param_name":"dropout","param_value_internal":0.3457059862111803,"distribution":"{\"name\": \"FloatDistribution\", \"attributes\": {\"step\": null, \"low\": 0.0, \"high\": 0.5, \"log\": false}}"}
{"op_code":5,"worker_id":"9508506e-6239-4025-8a50-8ba9d5bf6598-139679950972736","trial_id":160,"param_name":"layers","param_value_internal":2,"distribution":"{\"name\": \"CategoricalDistribution\", \"attributes\": {\"choices\": [1, 2, 3]}}"}
{"op_code":5,"worker_id":"9508506e-6239-4025-8a50-8ba9d5bf6598-139679950972736","trial_id":160,"param_name":"nodes","param_value_internal":2,"distribution":"{\"name\": \"CategoricalDistribution\", \"attributes\": {\"choices\": [16, 32, 64]}}"}
{"op_code":6,"worker_id":"9508506e-6239-4025-8a50-8ba9d5bf6598-139679950972736","trial_id":160,"state":1,"values":[0.6849706568929032],"datetime_complete":"2026-03-20T19:34:52.817774"}
{"op_code":4,"worker_id":"9508506e-6239-4025-8a50-8ba9d5bf6598-139679950972736","study_id":0,"datetime_start":"2026-03-20T19:34:52.838730"}
{"op_code":5,"worker_id":"9508506e-6239-4025-8a50-8ba9d5bf6598-139679950972736","trial_id":161,"param_name":"lr","param_value_internal":0.09173901564964652,"distribution":"{\"name\": \"FloatDistribution\", \"attributes\": {\"step\": null, \"low\": 0.0001, \"high\": 0.1, \"log\": true}}"}
{"op_code":5,"worker_id":"9508506e-6239-4025-8a50-8ba9d5bf6598-139679950972736","trial_id":161,"param_name":"dropout","param_value_internal":0.38893474162716984,"distribution":"{\"name\": \"FloatDistribution\", \"attributes\": {\"step\": null, \"low\": 0.0, \"high\": 0.5, \"log\": false}}"}
{"op_code":5,"worker_id":"9508506e-6239-4025-8a50-8ba9d5bf6598-139679950972736","trial_id":161,"param_name":"layers","param_value_internal":1,"distribution":"{\"name\": \"CategoricalDistribution\", \"attributes\": {\"choices\": [1, 2, 3]}}"}
{"op_code":5,"worker_id":"9508506e-6239-4025-8a50-8ba9d5bf6598-139679950972736","trial_id":161,"param_name":"nodes","param_value_internal":2,"distribution":"{\"name\": \"CategoricalDistribution\", \"attributes\": {\"choices\": [16, 32, 64]}}"}
{"op_code":6,"worker_id":"9508506e-6239-4025-8a50-8ba9d5bf6598-139679950972736","trial_id":161,"state":1,"values":[0.6955298121604817],"datetime_complete":"2026-03-20T19:34:54.552690"}
{"op_code":4,"worker_id":"9508506e-6239-4025-8a50-8ba9d5bf6598-139679950972736","study_id":0,"datetime_start":"2026-03-20T19:34:54.581519"}
{"op_code":5,"worker_id":"9508506e-6239-4025-8a50-8ba9d5bf6598-139679950972736","trial_id":162,"param_name":"lr","param_value_internal":0.058912410546562384,"distribution":"{\"name\": \"FloatDistribution\", \"attributes\": {\"step\": null, \"low\": 0.0001, \"high\": 0.1, \"log\": true}}"}
{"op_code":5,"worker_id":"9508506e-6239-4025-8a50-8ba9d5bf6598-139679950972736","trial_id":162,"param_name":"dropout","param_value_internal":0.37815064640241974,"distribution":"{\"name\": \"FloatDistribution\", \"attributes\": {\"step\": null, \"low\": 0.0, \"high\": 0.5, \"log\": false}}"}
{"op_code":5,"worker_id":"9508506e-6239-4025-8a50-8ba9d5bf6598-139679950972736","trial_id":162,"param_name":"layers","param_value_internal":1,"distribution":"{\"name\": \"CategoricalDistribution\", \"attributes\": {\"choices\": [1, 2, 3]}}"}
{"op_code":5,"worker_id":"9508506e-6239-4025-8a50-8ba9d5bf6598-139679950972736","trial_id":162,"param_name":"nodes","param_value_internal":2,"distribution":"{\"name\": \"CategoricalDistribution\", \"attributes\": {\"choices\": [16, 32, 64]}}"}
{"op_code":6,"worker_id":"9508506e-6239-4025-8a50-8ba9d5bf6598-139679950972736","trial_id":162,"state":1,"values":[0.6922246220302376],"datetime_complete":"2026-03-20T19:34:56.181590"}
{"op_code":4,"worker_id":"9508506e-6239-4025-8a50-8ba9d5bf6598-139679950972736","study_id":0,"datetime_start":"2026-03-20T19:34:56.199898"}
{"op_code":5,"worker_id":"9508506e-6239-4025-8a50-8ba9d5bf6598-139679950972736","trial_id":163,"param_name":"lr","param_value_internal":0.02526902383312056,"distribution":"{\"name\": \"FloatDistribution\", \"attributes\": {\"step\": null, \"low\": 0.0001, \"high\": 0.1, \"log\": true}}"}
{"op_code":5,"worker_id":"9508506e-6239-4025-8a50-8ba9d5bf6598-139679950972736","trial_id":163,"param_name":"dropout","param_value_internal":0.14431074461690743,"distribution":"{\"name\": \"FloatDistribution\", \"attributes\": {\"step\": null, \"low\": 0.0, \"high\": 0.5, \"log\": false}}"}
{"op_code":5,"worker_id":"9508506e-6239-4025-8a50-8ba9d5bf6598-139679950972736","trial_id":163,"param_name":"layers","param_value_internal":1,"distribution":"{\"name\": \"CategoricalDistribution\", \"attributes\": {\"choices\": [1, 2, 3]}}"}
{"op_code":5,"worker_id":"9508506e-6239-4025-8a50-8ba9d5bf6598-139679950972736","trial_id":163,"param_name":"nodes","param_value_internal":2,"distribution":"{\"name\": \"CategoricalDistribution\", \"attributes\": {\"choices\": [16, 32, 64]}}"}
{"op_code":6,"worker_id":"9508506e-6239-4025-8a50-8ba9d5bf6598-139679950972736","trial_id":163,"state":1,"values":[0.702227458166983],"datetime_complete":"2026-03-20T19:34:57.882091"}
{"op_code":4,"worker_id":"9508506e-6239-4025-8a50-8ba9d5bf6598-139679950972736","study_id":0,"datetime_start":"2026-03-20T19:34:57.913253"}
{"op_code":5,"worker_id":"9508506e-6239-4025-8a50-8ba9d5bf6598-139679950972736","trial_id":164,"param_name":"lr","param_value_internal":0.07684186147918244,"distribution":"{\"name\": \"FloatDistribution\", \"attributes\": {\"step\": null, \"low\": 0.0001, \"high\": 0.1, \"log\": true}}"}
{"op_code":5,"worker_id":"9508506e-6239-4025-8a50-8ba9d5bf6598-139679950972736","trial_id":164,"param_name":"dropout","param_value_internal":0.41251660760284253,"distribution":"{\"name\": \"FloatDistribution\", \"attributes\": {\"step\": null, \"low\": 0.0, \"high\": 0.5, \"log\": false}}"}
{"op_code":5,"worker_id":"9508506e-6239-4025-8a50-8ba9d5bf6598-139679950972736","trial_id":164,"param_name":"layers","param_value_internal":1,"distribution":"{\"name\": \"CategoricalDistribution\", \"attributes\": {\"choices\": [1, 2, 3]}}"}
{"op_code":5,"worker_id":"9508506e-6239-4025-8a50-8ba9d5bf6598-139679950972736","trial_id":164,"param_name":"nodes","param_value_internal":2,"distribution":"{\"name\": \"CategoricalDistribution\", \"attributes\": {\"choices\": [16, 32, 64]}}"}
{"op_code":6,"worker_id":"9508506e-6239-4025-8a50-8ba9d5bf6598-139679950972736","trial_id":164,"state":1,"values":[0.6996531186595981],"datetime_complete":"2026-03-20T19:34:59.565285"}
{"op_code":4,"worker_id":"9508506e-6239-4025-8a50-8ba9d5bf6598-139679950972736","study_id":0,"datetime_start":"2026-03-20T19:34:59.587632"}
{"op_code":5,"worker_id":"9508506e-6239-4025-8a50-8ba9d5bf6598-139679950972736","trial_id":165,"param_name":"lr","param_value_internal":0.03135275399736119,"distribution":"{\"name\": \"FloatDistribution\", \"attributes\": {\"step\": null, \"low\": 0.0001, \"high\": 0.1, \"log\": true}}"}
{"op_code":5,"worker_id":"9508506e-6239-4025-8a50-8ba9d5bf6598-139679950972736","trial_id":165,"param_name":"dropout","param_value_internal":0.29353821153637194,"distribution":"{\"name\": \"FloatDistribution\", \"attributes\": {\"step\": null, \"low\": 0.0, \"high\": 0.5, \"log\": false}}"}
{"op_code":5,"worker_id":"9508506e-6239-4025-8a50-8ba9d5bf6598-139679950972736","trial_id":165,"param_name":"layers","param_value_internal":1,"distribution":"{\"name\": \"CategoricalDistribution\", \"attributes\": {\"choices\": [1, 2, 3]}}"}
{"op_code":5,"worker_id":"9508506e-6239-4025-8a50-8ba9d5bf6598-139679950972736","trial_id":165,"param_name":"nodes","param_value_internal":2,"distribution":"{\"name\": \"CategoricalDistribution\", \"attributes\": {\"choices\": [16, 32, 64]}}"}
{"op_code":6,"worker_id":"9508506e-6239-4025-8a50-8ba9d5bf6598-139679950972736","trial_id":165,"state":1,"values":[0.7131574928551171],"datetime_complete":"2026-03-20T19:35:01.192614"}
{"op_code":4,"worker_id":"9508506e-6239-4025-8a50-8ba9d5bf6598-139679950972736","study_id":0,"datetime_start":"2026-03-20T19:35:01.213359"}
{"op_code":5,"worker_id":"9508506e-6239-4025-8a50-8ba9d5bf6598-139679950972736","trial_id":166,"param_name":"lr","param_value_internal":0.04256487329299288,"distribution":"{\"name\": \"FloatDistribution\", \"attributes\": {\"step\": null, \"low\": 0.0001, \"high\": 0.1, \"log\": true}}"}
{"op_code":5,"worker_id":"9508506e-6239-4025-8a50-8ba9d5bf6598-139679950972736","trial_id":166,"param_name":"dropout","param_value_internal":0.36010140710425326,"distribution":"{\"name\": \"FloatDistribution\", \"attributes\": {\"step\": null, \"low\": 0.0, \"high\": 0.5, \"log\": false}}"}
{"op_code":5,"worker_id":"9508506e-6239-4025-8a50-8ba9d5bf6598-139679950972736","trial_id":166,"param_name":"layers","param_value_internal":1,"distribution":"{\"name\": \"CategoricalDistribution\", \"attributes\": {\"choices\": [1, 2, 3]}}"}
{"op_code":5,"worker_id":"9508506e-6239-4025-8a50-8ba9d5bf6598-139679950972736","trial_id":166,"param_name":"nodes","param_value_internal":2,"distribution":"{\"name\": \"CategoricalDistribution\", \"attributes\": {\"choices\": [16, 32, 64]}}"}
{"op_code":6,"worker_id":"9508506e-6239-4025-8a50-8ba9d5bf6598-139679950972736","trial_id":166,"state":1,"values":[0.6922355302484892],"datetime_complete":"2026-03-20T19:35:02.968564"}
{"op_code":4,"worker_id":"9508506e-6239-4025-8a50-8ba9d5bf6598-139679950972736","study_id":0,"datetime_start":"2026-03-20T19:35:02.982223"}
{"op_code":5,"worker_id":"9508506e-6239-4025-8a50-8ba9d5bf6598-139679950972736","trial_id":167,"param_name":"lr","param_value_internal":0.0007432266940241263,"distribution":"{\"name\": \"FloatDistribution\", \"attributes\": {\"step\": null, \"low\": 0.0001, \"high\": 0.1, \"log\": true}}"}
{"op_code":5,"worker_id":"9508506e-6239-4025-8a50-8ba9d5bf6598-139679950972736","trial_id":167,"param_name":"dropout","param_value_internal":0.37055669189456136,"distribution":"{\"name\": \"FloatDistribution\", \"attributes\": {\"step\": null, \"low\": 0.0, \"high\": 0.5, \"log\": false}}"}
{"op_code":5,"worker_id":"9508506e-6239-4025-8a50-8ba9d5bf6598-139679950972736","trial_id":167,"param_name":"layers","param_value_internal":2,"distribution":"{\"name\": \"CategoricalDistribution\", \"attributes\": {\"choices\": [1, 2, 3]}}"}
{"op_code":5,"worker_id":"9508506e-6239-4025-8a50-8ba9d5bf6598-139679950972736","trial_id":167,"param_name":"nodes","param_value_internal":2,"distribution":"{\"name\": \"CategoricalDistribution\", \"attributes\": {\"choices\": [16, 32, 64]}}"}
{"op_code":6,"worker_id":"9508506e-6239-4025-8a50-8ba9d5bf6598-139679950972736","trial_id":167,"state":1,"values":[0.6808255339572834],"datetime_complete":"2026-03-20T19:35:04.793322"}
{"op_code":4,"worker_id":"9508506e-6239-4025-8a50-8ba9d5bf6598-139679950972736","study_id":0,"datetime_start":"2026-03-20T19:35:04.807714"}
{"op_code":5,"worker_id":"9508506e-6239-4025-8a50-8ba9d5bf6598-139679950972736","trial_id":168,"param_name":"lr","param_value_internal":0.02145778739118929,"distribution":"{\"name\": \"FloatDistribution\", \"attributes\": {\"step\": null, \"low\": 0.0001, \"high\": 0.1, \"log\": true}}"}
{"op_code":5,"worker_id":"9508506e-6239-4025-8a50-8ba9d5bf6598-139679950972736","trial_id":168,"param_name":"dropout","param_value_internal":0.3997569662348601,"distribution":"{\"name\": \"FloatDistribution\", \"attributes\": {\"step\": null, \"low\": 0.0, \"high\": 0.5, \"log\": false}}"}
{"op_code":5,"worker_id":"9508506e-6239-4025-8a50-8ba9d5bf6598-139679950972736","trial_id":168,"param_name":"layers","param_value_internal":1,"distribution":"{\"name\": \"CategoricalDistribution\", \"attributes\": {\"choices\": [1, 2, 3]}}"}
{"op_code":5,"worker_id":"9508506e-6239-4025-8a50-8ba9d5bf6598-139679950972736","trial_id":168,"param_name":"nodes","param_value_internal":2,"distribution":"{\"name\": \"CategoricalDistribution\", \"attributes\": {\"choices\": [16, 32, 64]}}"}
{"op_code":6,"worker_id":"9508506e-6239-4025-8a50-8ba9d5bf6598-139679950972736","trial_id":168,"state":1,"values":[0.6846215939088509],"datetime_complete":"2026-03-20T19:35:06.485061"}
{"op_code":4,"worker_id":"9508506e-6239-4025-8a50-8ba9d5bf6598-139679950972736","study_id":0,"datetime_start":"2026-03-20T19:35:06.513099"}
{"op_code":5,"worker_id":"9508506e-6239-4025-8a50-8ba9d5bf6598-139679950972736","trial_id":169,"param_name":"lr","param_value_internal":0.002379925117248945,"distribution":"{\"name\": \"FloatDistribution\", \"attributes\": {\"step\": null, \"low\": 0.0001, \"high\": 0.1, \"log\": true}}"}
{"op_code":5,"worker_id":"9508506e-6239-4025-8a50-8ba9d5bf6598-139679950972736","trial_id":169,"param_name":"dropout","param_value_internal":0.38134565289847966,"distribution":"{\"name\": \"FloatDistribution\", \"attributes\": {\"step\": null, \"low\": 0.0, \"high\": 0.5, \"log\": false}}"}
{"op_code":5,"worker_id":"9508506e-6239-4025-8a50-8ba9d5bf6598-139679950972736","trial_id":169,"param_name":"layers","param_value_internal":1,"distribution":"{\"name\": \"CategoricalDistribution\", \"attributes\": {\"choices\": [1, 2, 3]}}"}
{"op_code":5,"worker_id":"9508506e-6239-4025-8a50-8ba9d5bf6598-139679950972736","trial_id":169,"param_name":"nodes","param_value_internal":2,"distribution":"{\"name\": \"CategoricalDistribution\", \"attributes\": {\"choices\": [16, 32, 64]}}"}
{"op_code":6,"worker_id":"9508506e-6239-4025-8a50-8ba9d5bf6598-139679950972736","trial_id":169,"state":1,"values":[0.6856469664245042],"datetime_complete":"2026-03-20T19:35:08.185316"}
{"op_code":0,"worker_id":"a12d70cf-5087-488d-abb2-bdd3cbd369ca-139679950972736","study_name":"deepsurv_tuning","directions":[2]}
{"op_code":4,"worker_id":"a12d70cf-5087-488d-abb2-bdd3cbd369ca-139679950972736","study_id":0,"datetime_start":"2026-03-20T19:47:45.091054"}
{"op_code":5,"worker_id":"a12d70cf-5087-488d-abb2-bdd3cbd369ca-139679950972736","trial_id":170,"param_name":"lr","param_value_internal":0.05838070814675387,"distribution":"{\"name\": \"FloatDistribution\", \"attributes\": {\"step\": null, \"low\": 0.0001, \"high\": 0.1, \"log\": true}}"}
{"op_code":5,"worker_id":"a12d70cf-5087-488d-abb2-bdd3cbd369ca-139679950972736","trial_id":170,"param_name":"dropout","param_value_internal":0.4253478965981702,"distribution":"{\"name\": \"FloatDistribution\", \"attributes\": {\"step\": null, \"low\": 0.0, \"high\": 0.5, \"log\": false}}"}
{"op_code":5,"worker_id":"a12d70cf-5087-488d-abb2-bdd3cbd369ca-139679950972736","trial_id":170,"param_name":"layers","param_value_internal":2,"distribution":"{\"name\": \"CategoricalDistribution\", \"attributes\": {\"choices\": [1, 2, 3]}}"}
{"op_code":5,"worker_id":"a12d70cf-5087-488d-abb2-bdd3cbd369ca-139679950972736","trial_id":170,"param_name":"nodes","param_value_internal":2,"distribution":"{\"name\": \"CategoricalDistribution\", \"attributes\": {\"choices\": [16, 32, 64]}}"}
{"op_code":6,"worker_id":"a12d70cf-5087-488d-abb2-bdd3cbd369ca-139679950972736","trial_id":170,"state":1,"values":[0.7163387780886201],"datetime_complete":"2026-03-20T19:47:47.329996"}
{"op_code":4,"worker_id":"a12d70cf-5087-488d-abb2-bdd3cbd369ca-139679950972736","study_id":0,"datetime_start":"2026-03-20T19:47:47.353202"}
{"op_code":5,"worker_id":"a12d70cf-5087-488d-abb2-bdd3cbd369ca-139679950972736","trial_id":171,"param_name":"lr","param_value_internal":0.003806086418576392,"distribution":"{\"name\": \"FloatDistribution\", \"attributes\": {\"step\": null, \"low\": 0.0001, \"high\": 0.1, \"log\": true}}"}
{"op_code":5,"worker_id":"a12d70cf-5087-488d-abb2-bdd3cbd369ca-139679950972736","trial_id":171,"param_name":"dropout","param_value_internal":0.4744122208168576,"distribution":"{\"name\": \"FloatDistribution\", \"attributes\": {\"step\": null, \"low\": 0.0, \"high\": 0.5, \"log\": false}}"}
{"op_code":5,"worker_id":"a12d70cf-5087-488d-abb2-bdd3cbd369ca-139679950972736","trial_id":171,"param_name":"layers","param_value_internal":0,"distribution":"{\"name\": \"CategoricalDistribution\", \"attributes\": {\"choices\": [1, 2, 3]}}"}
{"op_code":5,"worker_id":"a12d70cf-5087-488d-abb2-bdd3cbd369ca-139679950972736","trial_id":171,"param_name":"nodes","param_value_internal":2,"distribution":"{\"name\": \"CategoricalDistribution\", \"attributes\": {\"choices\": [16, 32, 64]}}"}
{"op_code":6,"worker_id":"a12d70cf-5087-488d-abb2-bdd3cbd369ca-139679950972736","trial_id":171,"state":1,"values":[0.7000496345095208],"datetime_complete":"2026-03-20T19:47:48.720944"}
{"op_code":4,"worker_id":"a12d70cf-5087-488d-abb2-bdd3cbd369ca-139679950972736","study_id":0,"datetime_start":"2026-03-20T19:47:48.743408"}
{"op_code":5,"worker_id":"a12d70cf-5087-488d-abb2-bdd3cbd369ca-139679950972736","trial_id":172,"param_name":"lr","param_value_internal":0.005026540709216486,"distribution":"{\"name\": \"FloatDistribution\", \"attributes\": {\"step\": null, \"low\": 0.0001, \"high\": 0.1, \"log\": true}}"}
{"op_code":5,"worker_id":"a12d70cf-5087-488d-abb2-bdd3cbd369ca-139679950972736","trial_id":172,"param_name":"dropout","param_value_internal":0.4658883841337362,"distribution":"{\"name\": \"FloatDistribution\", \"attributes\": {\"step\": null, \"low\": 0.0, \"high\": 0.5, \"log\": false}}"}
{"op_code":5,"worker_id":"a12d70cf-5087-488d-abb2-bdd3cbd369ca-139679950972736","trial_id":172,"param_name":"layers","param_value_internal":0,"distribution":"{\"name\": \"CategoricalDistribution\", \"attributes\": {\"choices\": [1, 2, 3]}}"}
{"op_code":5,"worker_id":"a12d70cf-5087-488d-abb2-bdd3cbd369ca-139679950972736","trial_id":172,"param_name":"nodes","param_value_internal":2,"distribution":"{\"name\": \"CategoricalDistribution\", \"attributes\": {\"choices\": [16, 32, 64]}}"}
{"op_code":6,"worker_id":"a12d70cf-5087-488d-abb2-bdd3cbd369ca-139679950972736","trial_id":172,"state":1,"values":[0.6843470805883946],"datetime_complete":"2026-03-20T19:47:50.285355"}
{"op_code":4,"worker_id":"a12d70cf-5087-488d-abb2-bdd3cbd369ca-139679950972736","study_id":0,"datetime_start":"2026-03-20T19:47:50.304880"}
{"op_code":5,"worker_id":"a12d70cf-5087-488d-abb2-bdd3cbd369ca-139679950972736","trial_id":173,"param_name":"lr","param_value_internal":0.002822582465668916,"distribution":"{\"name\": \"FloatDistribution\", \"attributes\": {\"step\": null, \"low\": 0.0001, \"high\": 0.1, \"log\": true}}"}
{"op_code":5,"worker_id":"a12d70cf-5087-488d-abb2-bdd3cbd369ca-139679950972736","trial_id":173,"param_name":"dropout","param_value_internal":0.48500668747315234,"distribution":"{\"name\": \"FloatDistribution\", \"attributes\": {\"step\": null, \"low\": 0.0, \"high\": 0.5, \"log\": false}}"}
{"op_code":5,"worker_id":"a12d70cf-5087-488d-abb2-bdd3cbd369ca-139679950972736","trial_id":173,"param_name":"layers","param_value_internal":0,"distribution":"{\"name\": \"CategoricalDistribution\", \"attributes\": {\"choices\": [1, 2, 3]}}"}
{"op_code":5,"worker_id":"a12d70cf-5087-488d-abb2-bdd3cbd369ca-139679950972736","trial_id":173,"param_name":"nodes","param_value_internal":2,"distribution":"{\"name\": \"CategoricalDistribution\", \"attributes\": {\"choices\": [16, 32, 64]}}"}
{"op_code":6,"worker_id":"a12d70cf-5087-488d-abb2-bdd3cbd369ca-139679950972736","trial_id":173,"state":1,"values":[0.7060057756520169],"datetime_complete":"2026-03-20T19:47:51.660340"}
{"op_code":4,"worker_id":"a12d70cf-5087-488d-abb2-bdd3cbd369ca-139679950972736","study_id":0,"datetime_start":"2026-03-20T19:47:51.690760"}
{"op_code":5,"worker_id":"a12d70cf-5087-488d-abb2-bdd3cbd369ca-139679950972736","trial_id":174,"param_name":"lr","param_value_internal":0.002304496268422433,"distribution":"{\"name\": \"FloatDistribution\", \"attributes\": {\"step\": null, \"low\": 0.0001, \"high\": 0.1, \"log\": true}}"}
{"op_code":5,"worker_id":"a12d70cf-5087-488d-abb2-bdd3cbd369ca-139679950972736","trial_id":174,"param_name":"dropout","param_value_internal":0.36458288770698083,"distribution":"{\"name\": \"FloatDistribution\", \"attributes\": {\"step\": null, \"low\": 0.0, \"high\": 0.5, \"log\": false}}"}
{"op_code":5,"worker_id":"a12d70cf-5087-488d-abb2-bdd3cbd369ca-139679950972736","trial_id":174,"param_name":"layers","param_value_internal":0,"distribution":"{\"name\": \"CategoricalDistribution\", \"attributes\": {\"choices\": [1, 2, 3]}}"}
{"op_code":5,"worker_id":"a12d70cf-5087-488d-abb2-bdd3cbd369ca-139679950972736","trial_id":174,"param_name":"nodes","param_value_internal":2,"distribution":"{\"name\": \"CategoricalDistribution\", \"attributes\": {\"choices\": [16, 32, 64]}}"}
{"op_code":6,"worker_id":"a12d70cf-5087-488d-abb2-bdd3cbd369ca-139679950972736","trial_id":174,"state":1,"values":[0.6965300965616822],"datetime_complete":"2026-03-20T19:47:53.081683"}
{"op_code":4,"worker_id":"a12d70cf-5087-488d-abb2-bdd3cbd369ca-139679950972736","study_id":0,"datetime_start":"2026-03-20T19:47:53.104819"}
{"op_code":5,"worker_id":"a12d70cf-5087-488d-abb2-bdd3cbd369ca-139679950972736","trial_id":175,"param_name":"lr","param_value_internal":0.04959223376718865,"distribution":"{\"name\": \"FloatDistribution\", \"attributes\": {\"step\": null, \"low\": 0.0001, \"high\": 0.1, \"log\": true}}"}
{"op_code":5,"worker_id":"a12d70cf-5087-488d-abb2-bdd3cbd369ca-139679950972736","trial_id":175,"param_name":"dropout","param_value_internal":0.22033646697241405,"distribution":"{\"name\": \"FloatDistribution\", \"attributes\": {\"step\": null, \"low\": 0.0, \"high\": 0.5, \"log\": false}}"}
{"op_code":5,"worker_id":"a12d70cf-5087-488d-abb2-bdd3cbd369ca-139679950972736","trial_id":175,"param_name":"layers","param_value_internal":0,"distribution":"{\"name\": \"CategoricalDistribution\", \"attributes\": {\"choices\": [1, 2, 3]}}"}
{"op_code":5,"worker_id":"a12d70cf-5087-488d-abb2-bdd3cbd369ca-139679950972736","trial_id":175,"param_name":"nodes","param_value_internal":2,"distribution":"{\"name\": \"CategoricalDistribution\", \"attributes\": {\"choices\": [16, 32, 64]}}"}
{"op_code":6,"worker_id":"a12d70cf-5087-488d-abb2-bdd3cbd369ca-139679950972736","trial_id":175,"state":1,"values":[0.6943416659146286],"datetime_complete":"2026-03-20T19:47:54.585380"}
{"op_code":4,"worker_id":"a12d70cf-5087-488d-abb2-bdd3cbd369ca-139679950972736","study_id":0,"datetime_start":"2026-03-20T19:47:54.608417"}
{"op_code":5,"worker_id":"a12d70cf-5087-488d-abb2-bdd3cbd369ca-139679950972736","trial_id":176,"param_name":"lr","param_value_internal":0.003287645808401983,"distribution":"{\"name\": \"FloatDistribution\", \"attributes\": {\"step\": null, \"low\": 0.0001, \"high\": 0.1, \"log\": true}}"}
{"op_code":5,"worker_id":"a12d70cf-5087-488d-abb2-bdd3cbd369ca-139679950972736","trial_id":176,"param_name":"dropout","param_value_internal":0.3886200507920188,"distribution":"{\"name\": \"FloatDistribution\", \"attributes\": {\"step\": null, \"low\": 0.0, \"high\": 0.5, \"log\": false}}"}
{"op_code":5,"worker_id":"a12d70cf-5087-488d-abb2-bdd3cbd369ca-139679950972736","trial_id":176,"param_name":"layers","param_value_internal":2,"distribution":"{\"name\": \"CategoricalDistribution\", \"attributes\": {\"choices\": [1, 2, 3]}}"}
{"op_code":5,"worker_id":"a12d70cf-5087-488d-abb2-bdd3cbd369ca-139679950972736","trial_id":176,"param_name":"nodes","param_value_internal":2,"distribution":"{\"name\": \"CategoricalDistribution\", \"attributes\": {\"choices\": [16, 32, 64]}}"}
{"op_code":6,"worker_id":"a12d70cf-5087-488d-abb2-bdd3cbd369ca-139679950972736","trial_id":176,"state":1,"values":[0.6977483981590109],"datetime_complete":"2026-03-20T19:47:56.495360"}
{"op_code":4,"worker_id":"a12d70cf-5087-488d-abb2-bdd3cbd369ca-139679950972736","study_id":0,"datetime_start":"2026-03-20T19:47:56.516561"}
{"op_code":5,"worker_id":"a12d70cf-5087-488d-abb2-bdd3cbd369ca-139679950972736","trial_id":177,"param_name":"lr","param_value_internal":0.002027065513532222,"distribution":"{\"name\": \"FloatDistribution\", \"attributes\": {\"step\": null, \"low\": 0.0001, \"high\": 0.1, \"log\": true}}"}
{"op_code":5,"worker_id":"a12d70cf-5087-488d-abb2-bdd3cbd369ca-139679950972736","trial_id":177,"param_name":"dropout","param_value_internal":0.4520003977792978,"distribution":"{\"name\": \"FloatDistribution\", \"attributes\": {\"step\": null, \"low\": 0.0, \"high\": 0.5, \"log\": false}}"}
{"op_code":5,"worker_id":"a12d70cf-5087-488d-abb2-bdd3cbd369ca-139679950972736","trial_id":177,"param_name":"layers","param_value_internal":1,"distribution":"{\"name\": \"CategoricalDistribution\", \"attributes\": {\"choices\": [1, 2, 3]}}"}
{"op_code":5,"worker_id":"a12d70cf-5087-488d-abb2-bdd3cbd369ca-139679950972736","trial_id":177,"param_name":"nodes","param_value_internal":1,"distribution":"{\"name\": \"CategoricalDistribution\", \"attributes\": {\"choices\": [16, 32, 64]}}"}
{"op_code":6,"worker_id":"a12d70cf-5087-488d-abb2-bdd3cbd369ca-139679950972736","trial_id":177,"state":1,"values":[0.6865129500947568],"datetime_complete":"2026-03-20T19:47:58.181137"}
{"op_code":4,"worker_id":"a12d70cf-5087-488d-abb2-bdd3cbd369ca-139679950972736","study_id":0,"datetime_start":"2026-03-20T19:47:58.203438"}
{"op_code":5,"worker_id":"a12d70cf-5087-488d-abb2-bdd3cbd369ca-139679950972736","trial_id":178,"param_name":"lr","param_value_internal":0.0016630503825669869,"distribution":"{\"name\": \"FloatDistribution\", \"attributes\": {\"step\": null, \"low\": 0.0001, \"high\": 0.1, \"log\": true}}"}
{"op_code":5,"worker_id":"a12d70cf-5087-488d-abb2-bdd3cbd369ca-139679950972736","trial_id":178,"param_name":"dropout","param_value_internal":0.3530021669081423,"distribution":"{\"name\": \"FloatDistribution\", \"attributes\": {\"step\": null, \"low\": 0.0, \"high\": 0.5, \"log\": false}}"}
{"op_code":5,"worker_id":"a12d70cf-5087-488d-abb2-bdd3cbd369ca-139679950972736","trial_id":178,"param_name":"layers","param_value_internal":1,"distribution":"{\"name\": \"CategoricalDistribution\", \"attributes\": {\"choices\": [1, 2, 3]}}"}
{"op_code":5,"worker_id":"a12d70cf-5087-488d-abb2-bdd3cbd369ca-139679950972736","trial_id":178,"param_name":"nodes","param_value_internal":2,"distribution":"{\"name\": \"CategoricalDistribution\", \"attributes\": {\"choices\": [16, 32, 64]}}"}
{"op_code":6,"worker_id":"a12d70cf-5087-488d-abb2-bdd3cbd369ca-139679950972736","trial_id":178,"state":1,"values":[0.6776238606623951],"datetime_complete":"2026-03-20T19:47:59.986613"}
{"op_code":4,"worker_id":"a12d70cf-5087-488d-abb2-bdd3cbd369ca-139679950972736","study_id":0,"datetime_start":"2026-03-20T19:48:00.006656"}
{"op_code":5,"worker_id":"a12d70cf-5087-488d-abb2-bdd3cbd369ca-139679950972736","trial_id":179,"param_name":"lr","param_value_internal":0.0044590765611476285,"distribution":"{\"name\": \"FloatDistribution\", \"attributes\": {\"step\": null, \"low\": 0.0001, \"high\": 0.1, \"log\": true}}"}
{"op_code":5,"worker_id":"a12d70cf-5087-488d-abb2-bdd3cbd369ca-139679950972736","trial_id":179,"param_name":"dropout","param_value_internal":0.4058972105437606,"distribution":"{\"name\": \"FloatDistribution\", \"attributes\": {\"step\": null, \"low\": 0.0, \"high\": 0.5, \"log\": false}}"}
{"op_code":5,"worker_id":"a12d70cf-5087-488d-abb2-bdd3cbd369ca-139679950972736","trial_id":179,"param_name":"layers","param_value_internal":0,"distribution":"{\"name\": \"CategoricalDistribution\", \"attributes\": {\"choices\": [1, 2, 3]}}"}
{"op_code":5,"worker_id":"a12d70cf-5087-488d-abb2-bdd3cbd369ca-139679950972736","trial_id":179,"param_name":"nodes","param_value_internal":0,"distribution":"{\"name\": \"CategoricalDistribution\", \"attributes\": {\"choices\": [16, 32, 64]}}"}
{"op_code":6,"worker_id":"a12d70cf-5087-488d-abb2-bdd3cbd369ca-139679950972736","trial_id":179,"state":1,"values":[0.6881599133652198],"datetime_complete":"2026-03-20T19:48:01.384647"}
{"op_code":0,"worker_id":"1f5483dc-bce0-4559-b832-86c6cec834a0-139679950972736","study_name":"deepsurv_tuning","directions":[2]}
{"op_code":4,"worker_id":"1f5483dc-bce0-4559-b832-86c6cec834a0-139679950972736","study_id":0,"datetime_start":"2026-03-20T20:01:27.483485"}
{"op_code":5,"worker_id":"1f5483dc-bce0-4559-b832-86c6cec834a0-139679950972736","trial_id":180,"param_name":"lr","param_value_internal":0.0011177067884359983,"distribution":"{\"name\": \"FloatDistribution\", \"attributes\": {\"step\": null, \"low\": 0.0001, \"high\": 0.1, \"log\": true}}"}
{"op_code":5,"worker_id":"1f5483dc-bce0-4559-b832-86c6cec834a0-139679950972736","trial_id":180,"param_name":"dropout","param_value_internal":0.3422908594792842,"distribution":"{\"name\": \"FloatDistribution\", \"attributes\": {\"step\": null, \"low\": 0.0, \"high\": 0.5, \"log\": false}}"}
{"op_code":5,"worker_id":"1f5483dc-bce0-4559-b832-86c6cec834a0-139679950972736","trial_id":180,"param_name":"layers","param_value_internal":2,"distribution":"{\"name\": \"CategoricalDistribution\", \"attributes\": {\"choices\": [1, 2, 3]}}"}
{"op_code":5,"worker_id":"1f5483dc-bce0-4559-b832-86c6cec834a0-139679950972736","trial_id":180,"param_name":"nodes","param_value_internal":2,"distribution":"{\"name\": \"CategoricalDistribution\", \"attributes\": {\"choices\": [16, 32, 64]}}"}
{"op_code":6,"worker_id":"1f5483dc-bce0-4559-b832-86c6cec834a0-139679950972736","trial_id":180,"state":1,"values":[0.662263678477526],"datetime_complete":"2026-03-20T20:01:29.524421"}
{"op_code":4,"worker_id":"1f5483dc-bce0-4559-b832-86c6cec834a0-139679950972736","study_id":0,"datetime_start":"2026-03-20T20:01:29.561388"}
{"op_code":5,"worker_id":"1f5483dc-bce0-4559-b832-86c6cec834a0-139679950972736","trial_id":181,"param_name":"lr","param_value_internal":0.009981125072759117,"distribution":"{\"name\": \"FloatDistribution\", \"attributes\": {\"step\": null, \"low\": 0.0001, \"high\": 0.1, \"log\": true}}"}
{"op_code":5,"worker_id":"1f5483dc-bce0-4559-b832-86c6cec834a0-139679950972736","trial_id":181,"param_name":"dropout","param_value_internal":0.35155271463918947,"distribution":"{\"name\": \"FloatDistribution\", \"attributes\": {\"step\": null, \"low\": 0.0, \"high\": 0.5, \"log\": false}}"}
{"op_code":5,"worker_id":"1f5483dc-bce0-4559-b832-86c6cec834a0-139679950972736","trial_id":181,"param_name":"layers","param_value_internal":1,"distribution":"{\"name\": \"CategoricalDistribution\", \"attributes\": {\"choices\": [1, 2, 3]}}"}
{"op_code":5,"worker_id":"1f5483dc-bce0-4559-b832-86c6cec834a0-139679950972736","trial_id":181,"param_name":"nodes","param_value_internal":2,"distribution":"{\"name\": \"CategoricalDistribution\", \"attributes\": {\"choices\": [16, 32, 64]}}"}
{"op_code":6,"worker_id":"1f5483dc-bce0-4559-b832-86c6cec834a0-139679950972736","trial_id":181,"state":1,"values":[0.6678039313885064],"datetime_complete":"2026-03-20T20:01:31.314538"}
{"op_code":4,"worker_id":"1f5483dc-bce0-4559-b832-86c6cec834a0-139679950972736","study_id":0,"datetime_start":"2026-03-20T20:01:31.338016"}
{"op_code":5,"worker_id":"1f5483dc-bce0-4559-b832-86c6cec834a0-139679950972736","trial_id":182,"param_name":"lr","param_value_internal":0.012599066168229816,"distribution":"{\"name\": \"FloatDistribution\", \"attributes\": {\"step\": null, \"low\": 0.0001, \"high\": 0.1, \"log\": true}}"}
{"op_code":5,"worker_id":"1f5483dc-bce0-4559-b832-86c6cec834a0-139679950972736","trial_id":182,"param_name":"dropout","param_value_internal":0.36699827133280494,"distribution":"{\"name\": \"FloatDistribution\", \"attributes\": {\"step\": null, \"low\": 0.0, \"high\": 0.5, \"log\": false}}"}
{"op_code":5,"worker_id":"1f5483dc-bce0-4559-b832-86c6cec834a0-139679950972736","trial_id":182,"param_name":"layers","param_value_internal":1,"distribution":"{\"name\": \"CategoricalDistribution\", \"attributes\": {\"choices\": [1, 2, 3]}}"}
{"op_code":5,"worker_id":"1f5483dc-bce0-4559-b832-86c6cec834a0-139679950972736","trial_id":182,"param_name":"nodes","param_value_internal":2,"distribution":"{\"name\": \"CategoricalDistribution\", \"attributes\": {\"choices\": [16, 32, 64]}}"}
{"op_code":6,"worker_id":"1f5483dc-bce0-4559-b832-86c6cec834a0-139679950972736","trial_id":182,"state":1,"values":[0.6711113893410124],"datetime_complete":"2026-03-20T20:01:32.931031"}
{"op_code":4,"worker_id":"1f5483dc-bce0-4559-b832-86c6cec834a0-139679950972736","study_id":0,"datetime_start":"2026-03-20T20:01:32.955497"}
{"op_code":5,"worker_id":"1f5483dc-bce0-4559-b832-86c6cec834a0-139679950972736","trial_id":183,"param_name":"lr","param_value_internal":0.008094969381490747,"distribution":"{\"name\": \"FloatDistribution\", \"attributes\": {\"step\": null, \"low\": 0.0001, \"high\": 0.1, \"log\": true}}"}
{"op_code":5,"worker_id":"1f5483dc-bce0-4559-b832-86c6cec834a0-139679950972736","trial_id":183,"param_name":"dropout","param_value_internal":0.4962548140426547,"distribution":"{\"name\": \"FloatDistribution\", \"attributes\": {\"step\": null, \"low\": 0.0, \"high\": 0.5, \"log\": false}}"}
{"op_code":5,"worker_id":"1f5483dc-bce0-4559-b832-86c6cec834a0-139679950972736","trial_id":183,"param_name":"layers","param_value_internal":1,"distribution":"{\"name\": \"CategoricalDistribution\", \"attributes\": {\"choices\": [1, 2, 3]}}"}
{"op_code":5,"worker_id":"1f5483dc-bce0-4559-b832-86c6cec834a0-139679950972736","trial_id":183,"param_name":"nodes","param_value_internal":2,"distribution":"{\"name\": \"CategoricalDistribution\", \"attributes\": {\"choices\": [16, 32, 64]}}"}
{"op_code":6,"worker_id":"1f5483dc-bce0-4559-b832-86c6cec834a0-139679950972736","trial_id":183,"state":1,"values":[0.6776637035182171],"datetime_complete":"2026-03-20T20:01:34.721371"}
{"op_code":4,"worker_id":"1f5483dc-bce0-4559-b832-86c6cec834a0-139679950972736","study_id":0,"datetime_start":"2026-03-20T20:01:34.737362"}
{"op_code":5,"worker_id":"1f5483dc-bce0-4559-b832-86c6cec834a0-139679950972736","trial_id":184,"param_name":"lr","param_value_internal":0.005820513918444722,"distribution":"{\"name\": \"FloatDistribution\", \"attributes\": {\"step\": null, \"low\": 0.0001, \"high\": 0.1, \"log\": true}}"}
{"op_code":5,"worker_id":"1f5483dc-bce0-4559-b832-86c6cec834a0-139679950972736","trial_id":184,"param_name":"dropout","param_value_internal":0.27954587067145087,"distribution":"{\"name\": \"FloatDistribution\", \"attributes\": {\"step\": null, \"low\": 0.0, \"high\": 0.5, \"log\": false}}"}
{"op_code":5,"worker_id":"1f5483dc-bce0-4559-b832-86c6cec834a0-139679950972736","trial_id":184,"param_name":"layers","param_value_internal":1,"distribution":"{\"name\": \"CategoricalDistribution\", \"attributes\": {\"choices\": [1, 2, 3]}}"}
{"op_code":5,"worker_id":"1f5483dc-bce0-4559-b832-86c6cec834a0-139679950972736","trial_id":184,"param_name":"nodes","param_value_internal":2,"distribution":"{\"name\": \"CategoricalDistribution\", \"attributes\": {\"choices\": [16, 32, 64]}}"}
{"op_code":6,"worker_id":"1f5483dc-bce0-4559-b832-86c6cec834a0-139679950972736","trial_id":184,"state":1,"values":[0.6773715621217812],"datetime_complete":"2026-03-20T20:01:36.333359"}
{"op_code":4,"worker_id":"1f5483dc-bce0-4559-b832-86c6cec834a0-139679950972736","study_id":0,"datetime_start":"2026-03-20T20:01:36.347613"}
{"op_code":5,"worker_id":"1f5483dc-bce0-4559-b832-86c6cec834a0-139679950972736","trial_id":185,"param_name":"lr","param_value_internal":0.018841944520748388,"distribution":"{\"name\": \"FloatDistribution\", \"attributes\": {\"step\": null, \"low\": 0.0001, \"high\": 0.1, \"log\": true}}"}
{"op_code":5,"worker_id":"1f5483dc-bce0-4559-b832-86c6cec834a0-139679950972736","trial_id":185,"param_name":"dropout","param_value_internal":0.31486400392012137,"distribution":"{\"name\": \"FloatDistribution\", \"attributes\": {\"step\": null, \"low\": 0.0, \"high\": 0.5, \"log\": false}}"}
{"op_code":5,"worker_id":"1f5483dc-bce0-4559-b832-86c6cec834a0-139679950972736","trial_id":185,"param_name":"layers","param_value_internal":1,"distribution":"{\"name\": \"CategoricalDistribution\", \"attributes\": {\"choices\": [1, 2, 3]}}"}
{"op_code":5,"worker_id":"1f5483dc-bce0-4559-b832-86c6cec834a0-139679950972736","trial_id":185,"param_name":"nodes","param_value_internal":2,"distribution":"{\"name\": \"CategoricalDistribution\", \"attributes\": {\"choices\": [16, 32, 64]}}"}
{"op_code":6,"worker_id":"1f5483dc-bce0-4559-b832-86c6cec834a0-139679950972736","trial_id":185,"state":1,"values":[0.6641834647969618],"datetime_complete":"2026-03-20T20:01:37.973648"}
{"op_code":4,"worker_id":"1f5483dc-bce0-4559-b832-86c6cec834a0-139679950972736","study_id":0,"datetime_start":"2026-03-20T20:01:37.992769"}
{"op_code":5,"worker_id":"1f5483dc-bce0-4559-b832-86c6cec834a0-139679950972736","trial_id":186,"param_name":"lr","param_value_internal":0.002840385984856119,"distribution":"{\"name\": \"FloatDistribution\", \"attributes\": {\"step\": null, \"low\": 0.0001, \"high\": 0.1, \"log\": true}}"}
{"op_code":5,"worker_id":"1f5483dc-bce0-4559-b832-86c6cec834a0-139679950972736","trial_id":186,"param_name":"dropout","param_value_internal":0.34066569418009457,"distribution":"{\"name\": \"FloatDistribution\", \"attributes\": {\"step\": null, \"low\": 0.0, \"high\": 0.5, \"log\": false}}"}
{"op_code":5,"worker_id":"1f5483dc-bce0-4559-b832-86c6cec834a0-139679950972736","trial_id":186,"param_name":"layers","param_value_internal":1,"distribution":"{\"name\": \"CategoricalDistribution\", \"attributes\": {\"choices\": [1, 2, 3]}}"}
{"op_code":5,"worker_id":"1f5483dc-bce0-4559-b832-86c6cec834a0-139679950972736","trial_id":186,"param_name":"nodes","param_value_internal":2,"distribution":"{\"name\": \"CategoricalDistribution\", \"attributes\": {\"choices\": [16, 32, 64]}}"}
{"op_code":6,"worker_id":"1f5483dc-bce0-4559-b832-86c6cec834a0-139679950972736","trial_id":186,"state":1,"values":[0.6634322440632695],"datetime_complete":"2026-03-20T20:01:39.749082"}
{"op_code":4,"worker_id":"1f5483dc-bce0-4559-b832-86c6cec834a0-139679950972736","study_id":0,"datetime_start":"2026-03-20T20:01:39.773612"}
{"op_code":5,"worker_id":"1f5483dc-bce0-4559-b832-86c6cec834a0-139679950972736","trial_id":187,"param_name":"lr","param_value_internal":0.0038673893283516516,"distribution":"{\"name\": \"FloatDistribution\", \"attributes\": {\"step\": null, \"low\": 0.0001, \"high\": 0.1, \"log\": true}}"}
{"op_code":5,"worker_id":"1f5483dc-bce0-4559-b832-86c6cec834a0-139679950972736","trial_id":187,"param_name":"dropout","param_value_internal":0.06540628392908501,"distribution":"{\"name\": \"FloatDistribution\", \"attributes\": {\"step\": null, \"low\": 0.0, \"high\": 0.5, \"log\": false}}"}
{"op_code":5,"worker_id":"1f5483dc-bce0-4559-b832-86c6cec834a0-139679950972736","trial_id":187,"param_name":"layers","param_value_internal":2,"distribution":"{\"name\": \"CategoricalDistribution\", \"attributes\": {\"choices\": [1, 2, 3]}}"}
{"op_code":5,"worker_id":"1f5483dc-bce0-4559-b832-86c6cec834a0-139679950972736","trial_id":187,"param_name":"nodes","param_value_internal":2,"distribution":"{\"name\": \"CategoricalDistribution\", \"attributes\": {\"choices\": [16, 32, 64]}}"}
{"op_code":6,"worker_id":"1f5483dc-bce0-4559-b832-86c6cec834a0-139679950972736","trial_id":187,"state":1,"values":[0.6578398230457827],"datetime_complete":"2026-03-20T20:01:41.571868"}
{"op_code":4,"worker_id":"1f5483dc-bce0-4559-b832-86c6cec834a0-139679950972736","study_id":0,"datetime_start":"2026-03-20T20:01:41.595838"}
{"op_code":5,"worker_id":"1f5483dc-bce0-4559-b832-86c6cec834a0-139679950972736","trial_id":188,"param_name":"lr","param_value_internal":0.022030865543606597,"distribution":"{\"name\": \"FloatDistribution\", \"attributes\": {\"step\": null, \"low\": 0.0001, \"high\": 0.1, \"log\": true}}"}
{"op_code":5,"worker_id":"1f5483dc-bce0-4559-b832-86c6cec834a0-139679950972736","trial_id":188,"param_name":"dropout","param_value_internal":0.38205177169109905,"distribution":"{\"name\": \"FloatDistribution\", \"attributes\": {\"step\": null, \"low\": 0.0, \"high\": 0.5, \"log\": false}}"}
{"op_code":5,"worker_id":"1f5483dc-bce0-4559-b832-86c6cec834a0-139679950972736","trial_id":188,"param_name":"layers","param_value_internal":1,"distribution":"{\"name\": \"CategoricalDistribution\", \"attributes\": {\"choices\": [1, 2, 3]}}"}
{"op_code":5,"worker_id":"1f5483dc-bce0-4559-b832-86c6cec834a0-139679950972736","trial_id":188,"param_name":"nodes","param_value_internal":2,"distribution":"{\"name\": \"CategoricalDistribution\", \"attributes\": {\"choices\": [16, 32, 64]}}"}
{"op_code":6,"worker_id":"1f5483dc-bce0-4559-b832-86c6cec834a0-139679950972736","trial_id":188,"state":1,"values":[0.6948583114227286],"datetime_complete":"2026-03-20T20:01:43.337445"}
{"op_code":4,"worker_id":"1f5483dc-bce0-4559-b832-86c6cec834a0-139679950972736","study_id":0,"datetime_start":"2026-03-20T20:01:43.356682"}
{"op_code":5,"worker_id":"1f5483dc-bce0-4559-b832-86c6cec834a0-139679950972736","trial_id":189,"param_name":"lr","param_value_internal":0.02764386364188313,"distribution":"{\"name\": \"FloatDistribution\", \"attributes\": {\"step\": null, \"low\": 0.0001, \"high\": 0.1, \"log\": true}}"}
{"op_code":5,"worker_id":"1f5483dc-bce0-4559-b832-86c6cec834a0-139679950972736","trial_id":189,"param_name":"dropout","param_value_internal":0.37344480419448306,"distribution":"{\"name\": \"FloatDistribution\", \"attributes\": {\"step\": null, \"low\": 0.0, \"high\": 0.5, \"log\": false}}"}
{"op_code":5,"worker_id":"1f5483dc-bce0-4559-b832-86c6cec834a0-139679950972736","trial_id":189,"param_name":"layers","param_value_internal":1,"distribution":"{\"name\": \"CategoricalDistribution\", \"attributes\": {\"choices\": [1, 2, 3]}}"}
{"op_code":5,"worker_id":"1f5483dc-bce0-4559-b832-86c6cec834a0-139679950972736","trial_id":189,"param_name":"nodes","param_value_internal":2,"distribution":"{\"name\": \"CategoricalDistribution\", \"attributes\": {\"choices\": [16, 32, 64]}}"}
{"op_code":6,"worker_id":"1f5483dc-bce0-4559-b832-86c6cec834a0-139679950972736","trial_id":189,"state":1,"values":[0.6863757773047869],"datetime_complete":"2026-03-20T20:01:44.944687"}
{"op_code":0,"worker_id":"d0f8c3d2-4d94-4340-91a1-723f2b777cd8-139679950972736","study_name":"deepsurv_tuning","directions":[2]}
{"op_code":4,"worker_id":"d0f8c3d2-4d94-4340-91a1-723f2b777cd8-139679950972736","study_id":0,"datetime_start":"2026-03-20T20:14:17.014117"}
{"op_code":5,"worker_id":"d0f8c3d2-4d94-4340-91a1-723f2b777cd8-139679950972736","trial_id":190,"param_name":"lr","param_value_internal":0.0008785082795278109,"distribution":"{\"name\": \"FloatDistribution\", \"attributes\": {\"step\": null, \"low\": 0.0001, \"high\": 0.1, \"log\": true}}"}
{"op_code":5,"worker_id":"d0f8c3d2-4d94-4340-91a1-723f2b777cd8-139679950972736","trial_id":190,"param_name":"dropout","param_value_internal":0.35493170648708283,"distribution":"{\"name\": \"FloatDistribution\", \"attributes\": {\"step\": null, \"low\": 0.0, \"high\": 0.5, \"log\": false}}"}
{"op_code":5,"worker_id":"d0f8c3d2-4d94-4340-91a1-723f2b777cd8-139679950972736","trial_id":190,"param_name":"layers","param_value_internal":2,"distribution":"{\"name\": \"CategoricalDistribution\", \"attributes\": {\"choices\": [1, 2, 3]}}"}
{"op_code":5,"worker_id":"d0f8c3d2-4d94-4340-91a1-723f2b777cd8-139679950972736","trial_id":190,"param_name":"nodes","param_value_internal":2,"distribution":"{\"name\": \"CategoricalDistribution\", \"attributes\": {\"choices\": [16, 32, 64]}}"}
{"op_code":6,"worker_id":"d0f8c3d2-4d94-4340-91a1-723f2b777cd8-139679950972736","trial_id":190,"state":1,"values":[0.353140047126319],"datetime_complete":"2026-03-20T20:14:18.973359"}
{"op_code":4,"worker_id":"d0f8c3d2-4d94-4340-91a1-723f2b777cd8-139679950972736","study_id":0,"datetime_start":"2026-03-20T20:14:18.991326"}
{"op_code":5,"worker_id":"d0f8c3d2-4d94-4340-91a1-723f2b777cd8-139679950972736","trial_id":191,"param_name":"lr","param_value_internal":0.010796082017875566,"distribution":"{\"name\": \"FloatDistribution\", \"attributes\": {\"step\": null, \"low\": 0.0001, \"high\": 0.1, \"log\": true}}"}
{"op_code":5,"worker_id":"d0f8c3d2-4d94-4340-91a1-723f2b777cd8-139679950972736","trial_id":191,"param_name":"dropout","param_value_internal":0.39544441119321305,"distribution":"{\"name\": \"FloatDistribution\", \"attributes\": {\"step\": null, \"low\": 0.0, \"high\": 0.5, \"log\": false}}"}
{"op_code":5,"worker_id":"d0f8c3d2-4d94-4340-91a1-723f2b777cd8-139679950972736","trial_id":191,"param_name":"layers","param_value_internal":1,"distribution":"{\"name\": \"CategoricalDistribution\", \"attributes\": {\"choices\": [1, 2, 3]}}"}
{"op_code":5,"worker_id":"d0f8c3d2-4d94-4340-91a1-723f2b777cd8-139679950972736","trial_id":191,"param_name":"nodes","param_value_internal":2,"distribution":"{\"name\": \"CategoricalDistribution\", \"attributes\": {\"choices\": [16, 32, 64]}}"}
{"op_code":6,"worker_id":"d0f8c3d2-4d94-4340-91a1-723f2b777cd8-139679950972736","trial_id":191,"state":1,"values":[0.3532424956459379],"datetime_complete":"2026-03-20T20:14:20.581332"}
{"op_code":4,"worker_id":"d0f8c3d2-4d94-4340-91a1-723f2b777cd8-139679950972736","study_id":0,"datetime_start":"2026-03-20T20:14:20.601765"}
{"op_code":5,"worker_id":"d0f8c3d2-4d94-4340-91a1-723f2b777cd8-139679950972736","trial_id":192,"param_name":"lr","param_value_internal":0.01970226240880437,"distribution":"{\"name\": \"FloatDistribution\", \"attributes\": {\"step\": null, \"low\": 0.0001, \"high\": 0.1, \"log\": true}}"}
{"op_code":5,"worker_id":"d0f8c3d2-4d94-4340-91a1-723f2b777cd8-139679950972736","trial_id":192,"param_name":"dropout","param_value_internal":0.4173279411055745,"distribution":"{\"name\": \"FloatDistribution\", \"attributes\": {\"step\": null, \"low\": 0.0, \"high\": 0.5, \"log\": false}}"}
{"op_code":5,"worker_id":"d0f8c3d2-4d94-4340-91a1-723f2b777cd8-139679950972736","trial_id":192,"param_name":"layers","param_value_internal":1,"distribution":"{\"name\": \"CategoricalDistribution\", \"attributes\": {\"choices\": [1, 2, 3]}}"}
{"op_code":5,"worker_id":"d0f8c3d2-4d94-4340-91a1-723f2b777cd8-139679950972736","trial_id":192,"param_name":"nodes","param_value_internal":2,"distribution":"{\"name\": \"CategoricalDistribution\", \"attributes\": {\"choices\": [16, 32, 64]}}"}
{"op_code":6,"worker_id":"d0f8c3d2-4d94-4340-91a1-723f2b777cd8-139679950972736","trial_id":192,"state":1,"values":[0.33797766622272307],"datetime_complete":"2026-03-20T20:14:22.307740"}
{"op_code":4,"worker_id":"d0f8c3d2-4d94-4340-91a1-723f2b777cd8-139679950972736","study_id":0,"datetime_start":"2026-03-20T20:14:22.326057"}
{"op_code":5,"worker_id":"d0f8c3d2-4d94-4340-91a1-723f2b777cd8-139679950972736","trial_id":193,"param_name":"lr","param_value_internal":0.01388827234903803,"distribution":"{\"name\": \"FloatDistribution\", \"attributes\": {\"step\": null, \"low\": 0.0001, \"high\": 0.1, \"log\": true}}"}
{"op_code":5,"worker_id":"d0f8c3d2-4d94-4340-91a1-723f2b777cd8-139679950972736","trial_id":193,"param_name":"dropout","param_value_internal":0.4058478346199155,"distribution":"{\"name\": \"FloatDistribution\", \"attributes\": {\"step\": null, \"low\": 0.0, \"high\": 0.5, \"log\": false}}"}
{"op_code":5,"worker_id":"d0f8c3d2-4d94-4340-91a1-723f2b777cd8-139679950972736","trial_id":193,"param_name":"layers","param_value_internal":1,"distribution":"{\"name\": \"CategoricalDistribution\", \"attributes\": {\"choices\": [1, 2, 3]}}"}
{"op_code":5,"worker_id":"d0f8c3d2-4d94-4340-91a1-723f2b777cd8-139679950972736","trial_id":193,"param_name":"nodes","param_value_internal":2,"distribution":"{\"name\": \"CategoricalDistribution\", \"attributes\": {\"choices\": [16, 32, 64]}}"}
{"op_code":6,"worker_id":"d0f8c3d2-4d94-4340-91a1-723f2b777cd8-139679950972736","trial_id":193,"state":1,"values":[0.3634873476078271],"datetime_complete":"2026-03-20T20:14:23.946096"}
{"op_code":4,"worker_id":"d0f8c3d2-4d94-4340-91a1-723f2b777cd8-139679950972736","study_id":0,"datetime_start":"2026-03-20T20:14:23.966493"}
{"op_code":5,"worker_id":"d0f8c3d2-4d94-4340-91a1-723f2b777cd8-139679950972736","trial_id":194,"param_name":"lr","param_value_internal":0.01559227626162593,"distribution":"{\"name\": \"FloatDistribution\", \"attributes\": {\"step\": null, \"low\": 0.0001, \"high\": 0.1, \"log\": true}}"}
{"op_code":5,"worker_id":"d0f8c3d2-4d94-4340-91a1-723f2b777cd8-139679950972736","trial_id":194,"param_name":"dropout","param_value_internal":0.3998561474900801,"distribution":"{\"name\": \"FloatDistribution\", \"attributes\": {\"step\": null, \"low\": 0.0, \"high\": 0.5, \"log\": false}}"}
{"op_code":5,"worker_id":"d0f8c3d2-4d94-4340-91a1-723f2b777cd8-139679950972736","trial_id":194,"param_name":"layers","param_value_internal":1,"distribution":"{\"name\": \"CategoricalDistribution\", \"attributes\": {\"choices\": [1, 2, 3]}}"}
{"op_code":5,"worker_id":"d0f8c3d2-4d94-4340-91a1-723f2b777cd8-139679950972736","trial_id":194,"param_name":"nodes","param_value_internal":2,"distribution":"{\"name\": \"CategoricalDistribution\", \"attributes\": {\"choices\": [16, 32, 64]}}"}
{"op_code":6,"worker_id":"d0f8c3d2-4d94-4340-91a1-723f2b777cd8-139679950972736","trial_id":194,"state":1,"values":[0.3828501178157976],"datetime_complete":"2026-03-20T20:14:25.537665"}
{"op_code":4,"worker_id":"d0f8c3d2-4d94-4340-91a1-723f2b777cd8-139679950972736","study_id":0,"datetime_start":"2026-03-20T20:14:25.558841"}
{"op_code":5,"worker_id":"d0f8c3d2-4d94-4340-91a1-723f2b777cd8-139679950972736","trial_id":195,"param_name":"lr","param_value_internal":0.015434516244714848,"distribution":"{\"name\": \"FloatDistribution\", \"attributes\": {\"step\": null, \"low\": 0.0001, \"high\": 0.1, \"log\": true}}"}
{"op_code":5,"worker_id":"d0f8c3d2-4d94-4340-91a1-723f2b777cd8-139679950972736","trial_id":195,"param_name":"dropout","param_value_internal":0.3855150181910516,"distribution":"{\"name\": \"FloatDistribution\", \"attributes\": {\"step\": null, \"low\": 0.0, \"high\": 0.5, \"log\": false}}"}
{"op_code":5,"worker_id":"d0f8c3d2-4d94-4340-91a1-723f2b777cd8-139679950972736","trial_id":195,"param_name":"layers","param_value_internal":1,"distribution":"{\"name\": \"CategoricalDistribution\", \"attributes\": {\"choices\": [1, 2, 3]}}"}
{"op_code":5,"worker_id":"d0f8c3d2-4d94-4340-91a1-723f2b777cd8-139679950972736","trial_id":195,"param_name":"nodes","param_value_internal":2,"distribution":"{\"name\": \"CategoricalDistribution\", \"attributes\": {\"choices\": [16, 32, 64]}}"}
{"op_code":6,"worker_id":"d0f8c3d2-4d94-4340-91a1-723f2b777cd8-139679950972736","trial_id":195,"state":1,"values":[0.3834648089335109],"datetime_complete":"2026-03-20T20:14:27.297330"}
{"op_code":4,"worker_id":"d0f8c3d2-4d94-4340-91a1-723f2b777cd8-139679950972736","study_id":0,"datetime_start":"2026-03-20T20:14:27.311355"}
{"op_code":5,"worker_id":"d0f8c3d2-4d94-4340-91a1-723f2b777cd8-139679950972736","trial_id":196,"param_name":"lr","param_value_internal":0.002706331328489479,"distribution":"{\"name\": \"FloatDistribution\", \"attributes\": {\"step\": null, \"low\": 0.0001, \"high\": 0.1, \"log\": true}}"}
{"op_code":5,"worker_id":"d0f8c3d2-4d94-4340-91a1-723f2b777cd8-139679950972736","trial_id":196,"param_name":"dropout","param_value_internal":0.4283353600042585,"distribution":"{\"name\": \"FloatDistribution\", \"attributes\": {\"step\": null, \"low\": 0.0, \"high\": 0.5, \"log\": false}}"}
{"op_code":5,"worker_id":"d0f8c3d2-4d94-4340-91a1-723f2b777cd8-139679950972736","trial_id":196,"param_name":"layers","param_value_internal":1,"distribution":"{\"name\": \"CategoricalDistribution\", \"attributes\": {\"choices\": [1, 2, 3]}}"}
{"op_code":5,"worker_id":"d0f8c3d2-4d94-4340-91a1-723f2b777cd8-139679950972736","trial_id":196,"param_name":"nodes","param_value_internal":2,"distribution":"{\"name\": \"CategoricalDistribution\", \"attributes\": {\"choices\": [16, 32, 64]}}"}
{"op_code":6,"worker_id":"d0f8c3d2-4d94-4340-91a1-723f2b777cd8-139679950972736","trial_id":196,"state":1,"values":[0.3691220161868661],"datetime_complete":"2026-03-20T20:14:28.880453"}
{"op_code":4,"worker_id":"d0f8c3d2-4d94-4340-91a1-723f2b777cd8-139679950972736","study_id":0,"datetime_start":"2026-03-20T20:14:28.898982"}
{"op_code":5,"worker_id":"d0f8c3d2-4d94-4340-91a1-723f2b777cd8-139679950972736","trial_id":197,"param_name":"lr","param_value_internal":0.017046933384468103,"distribution":"{\"name\": \"FloatDistribution\", \"attributes\": {\"step\": null, \"low\": 0.0001, \"high\": 0.1, \"log\": true}}"}
{"op_code":5,"worker_id":"d0f8c3d2-4d94-4340-91a1-723f2b777cd8-139679950972736","trial_id":197,"param_name":"dropout","param_value_internal":0.3737091226028272,"distribution":"{\"name\": \"FloatDistribution\", \"attributes\": {\"step\": null, \"low\": 0.0, \"high\": 0.5, \"log\": false}}"}
{"op_code":5,"worker_id":"d0f8c3d2-4d94-4340-91a1-723f2b777cd8-139679950972736","trial_id":197,"param_name":"layers","param_value_internal":2,"distribution":"{\"name\": \"CategoricalDistribution\", \"attributes\": {\"choices\": [1, 2, 3]}}"}
{"op_code":5,"worker_id":"d0f8c3d2-4d94-4340-91a1-723f2b777cd8-139679950972736","trial_id":197,"param_name":"nodes","param_value_internal":2,"distribution":"{\"name\": \"CategoricalDistribution\", \"attributes\": {\"choices\": [16, 32, 64]}}"}
{"op_code":6,"worker_id":"d0f8c3d2-4d94-4340-91a1-723f2b777cd8-139679950972736","trial_id":197,"state":1,"values":[0.35677696957278965],"datetime_complete":"2026-03-20T20:14:30.834914"}
{"op_code":4,"worker_id":"d0f8c3d2-4d94-4340-91a1-723f2b777cd8-139679950972736","study_id":0,"datetime_start":"2026-03-20T20:14:30.855744"}
{"op_code":5,"worker_id":"d0f8c3d2-4d94-4340-91a1-723f2b777cd8-139679950972736","trial_id":198,"param_name":"lr","param_value_internal":0.02387139277802124,"distribution":"{\"name\": \"FloatDistribution\", \"attributes\": {\"step\": null, \"low\": 0.0001, \"high\": 0.1, \"log\": true}}"}
{"op_code":5,"worker_id":"d0f8c3d2-4d94-4340-91a1-723f2b777cd8-139679950972736","trial_id":198,"param_name":"dropout","param_value_internal":0.36496204919585185,"distribution":"{\"name\": \"FloatDistribution\", \"attributes\": {\"step\": null, \"low\": 0.0, \"high\": 0.5, \"log\": false}}"}
{"op_code":5,"worker_id":"d0f8c3d2-4d94-4340-91a1-723f2b777cd8-139679950972736","trial_id":198,"param_name":"layers","param_value_internal":1,"distribution":"{\"name\": \"CategoricalDistribution\", \"attributes\": {\"choices\": [1, 2, 3]}}"}
{"op_code":5,"worker_id":"d0f8c3d2-4d94-4340-91a1-723f2b777cd8-139679950972736","trial_id":198,"param_name":"nodes","param_value_internal":2,"distribution":"{\"name\": \"CategoricalDistribution\", \"attributes\": {\"choices\": [16, 32, 64]}}"}
{"op_code":6,"worker_id":"d0f8c3d2-4d94-4340-91a1-723f2b777cd8-139679950972736","trial_id":198,"state":1,"values":[0.3542669808421268],"datetime_complete":"2026-03-20T20:14:32.465481"}
{"op_code":4,"worker_id":"d0f8c3d2-4d94-4340-91a1-723f2b777cd8-139679950972736","study_id":0,"datetime_start":"2026-03-20T20:14:32.480761"}
{"op_code":5,"worker_id":"d0f8c3d2-4d94-4340-91a1-723f2b777cd8-139679950972736","trial_id":199,"param_name":"lr","param_value_internal":0.0022211477423052573,"distribution":"{\"name\": \"FloatDistribution\", \"attributes\": {\"step\": null, \"low\": 0.0001, \"high\": 0.1, \"log\": true}}"}
{"op_code":5,"worker_id":"d0f8c3d2-4d94-4340-91a1-723f2b777cd8-139679950972736","trial_id":199,"param_name":"dropout","param_value_internal":0.3322140893822351,"distribution":"{\"name\": \"FloatDistribution\", \"attributes\": {\"step\": null, \"low\": 0.0, \"high\": 0.5, \"log\": false}}"}
{"op_code":5,"worker_id":"d0f8c3d2-4d94-4340-91a1-723f2b777cd8-139679950972736","trial_id":199,"param_name":"layers","param_value_internal":0,"distribution":"{\"name\": \"CategoricalDistribution\", \"attributes\": {\"choices\": [1, 2, 3]}}"}
{"op_code":5,"worker_id":"d0f8c3d2-4d94-4340-91a1-723f2b777cd8-139679950972736","trial_id":199,"param_name":"nodes","param_value_internal":2,"distribution":"{\"name\": \"CategoricalDistribution\", \"attributes\": {\"choices\": [16, 32, 64]}}"}
{"op_code":6,"worker_id":"d0f8c3d2-4d94-4340-91a1-723f2b777cd8-139679950972736","trial_id":199,"state":1,"values":[0.33439196803606186],"datetime_complete":"2026-03-20T20:14:33.825308"}
{"op_code":0,"worker_id":"85d16906-1d2e-488a-a65f-3a9781341ab6-139679950972736","study_name":"deepsurv_tuning","directions":[2]}
{"op_code":4,"worker_id":"85d16906-1d2e-488a-a65f-3a9781341ab6-139679950972736","study_id":0,"datetime_start":"2026-03-20T20:27:13.581678"}
{"op_code":5,"worker_id":"85d16906-1d2e-488a-a65f-3a9781341ab6-139679950972736","trial_id":200,"param_name":"lr","param_value_internal":0.0033116577711939338,"distribution":"{\"name\": \"FloatDistribution\", \"attributes\": {\"step\": null, \"low\": 0.0001, \"high\": 0.1, \"log\": true}}"}
{"op_code":5,"worker_id":"85d16906-1d2e-488a-a65f-3a9781341ab6-139679950972736","trial_id":200,"param_name":"dropout","param_value_internal":0.4151998689487238,"distribution":"{\"name\": \"FloatDistribution\", \"attributes\": {\"step\": null, \"low\": 0.0, \"high\": 0.5, \"log\": false}}"}
{"op_code":5,"worker_id":"85d16906-1d2e-488a-a65f-3a9781341ab6-139679950972736","trial_id":200,"param_name":"layers","param_value_internal":1,"distribution":"{\"name\": \"CategoricalDistribution\", \"attributes\": {\"choices\": [1, 2, 3]}}"}
{"op_code":5,"worker_id":"85d16906-1d2e-488a-a65f-3a9781341ab6-139679950972736","trial_id":200,"param_name":"nodes","param_value_internal":2,"distribution":"{\"name\": \"CategoricalDistribution\", \"attributes\": {\"choices\": [16, 32, 64]}}"}
{"op_code":6,"worker_id":"85d16906-1d2e-488a-a65f-3a9781341ab6-139679950972736","trial_id":200,"state":1,"values":[0.5122727272727273],"datetime_complete":"2026-03-20T20:27:15.305329"}
{"op_code":4,"worker_id":"85d16906-1d2e-488a-a65f-3a9781341ab6-139679950972736","study_id":0,"datetime_start":"2026-03-20T20:27:15.316075"}
{"op_code":5,"worker_id":"85d16906-1d2e-488a-a65f-3a9781341ab6-139679950972736","trial_id":201,"param_name":"lr","param_value_internal":0.0018830305575386036,"distribution":"{\"name\": \"FloatDistribution\", \"attributes\": {\"step\": null, \"low\": 0.0001, \"high\": 0.1, \"log\": true}}"}
{"op_code":5,"worker_id":"85d16906-1d2e-488a-a65f-3a9781341ab6-139679950972736","trial_id":201,"param_name":"dropout","param_value_internal":0.22514010401076814,"distribution":"{\"name\": \"FloatDistribution\", \"attributes\": {\"step\": null, \"low\": 0.0, \"high\": 0.5, \"log\": false}}"}
{"op_code":5,"worker_id":"85d16906-1d2e-488a-a65f-3a9781341ab6-139679950972736","trial_id":201,"param_name":"layers","param_value_internal":2,"distribution":"{\"name\": \"CategoricalDistribution\", \"attributes\": {\"choices\": [1, 2, 3]}}"}
{"op_code":5,"worker_id":"85d16906-1d2e-488a-a65f-3a9781341ab6-139679950972736","trial_id":201,"param_name":"nodes","param_value_internal":2,"distribution":"{\"name\": \"CategoricalDistribution\", \"attributes\": {\"choices\": [16, 32, 64]}}"}
{"op_code":6,"worker_id":"85d16906-1d2e-488a-a65f-3a9781341ab6-139679950972736","trial_id":201,"state":1,"values":[0.49113636363636365],"datetime_complete":"2026-03-20T20:27:17.185908"}
{"op_code":4,"worker_id":"85d16906-1d2e-488a-a65f-3a9781341ab6-139679950972736","study_id":0,"datetime_start":"2026-03-20T20:27:17.206142"}
{"op_code":5,"worker_id":"85d16906-1d2e-488a-a65f-3a9781341ab6-139679950972736","trial_id":202,"param_name":"lr","param_value_internal":0.001491185642801528,"distribution":"{\"name\": \"FloatDistribution\", \"attributes\": {\"step\": null, \"low\": 0.0001, \"high\": 0.1, \"log\": true}}"}
{"op_code":5,"worker_id":"85d16906-1d2e-488a-a65f-3a9781341ab6-139679950972736","trial_id":202,"param_name":"dropout","param_value_internal":0.20643852793203282,"distribution":"{\"name\": \"FloatDistribution\", \"attributes\": {\"step\": null, \"low\": 0.0, \"high\": 0.5, \"log\": false}}"}
{"op_code":5,"worker_id":"85d16906-1d2e-488a-a65f-3a9781341ab6-139679950972736","trial_id":202,"param_name":"layers","param_value_internal":2,"distribution":"{\"name\": \"CategoricalDistribution\", \"attributes\": {\"choices\": [1, 2, 3]}}"}
{"op_code":5,"worker_id":"85d16906-1d2e-488a-a65f-3a9781341ab6-139679950972736","trial_id":202,"param_name":"nodes","param_value_internal":2,"distribution":"{\"name\": \"CategoricalDistribution\", \"attributes\": {\"choices\": [16, 32, 64]}}"}
{"op_code":6,"worker_id":"85d16906-1d2e-488a-a65f-3a9781341ab6-139679950972736","trial_id":202,"state":1,"values":[0.5373863636363636],"datetime_complete":"2026-03-20T20:27:19.161342"}
{"op_code":4,"worker_id":"85d16906-1d2e-488a-a65f-3a9781341ab6-139679950972736","study_id":0,"datetime_start":"2026-03-20T20:27:19.182291"}
{"op_code":5,"worker_id":"85d16906-1d2e-488a-a65f-3a9781341ab6-139679950972736","trial_id":203,"param_name":"lr","param_value_internal":0.0024500213792346018,"distribution":"{\"name\": \"FloatDistribution\", \"attributes\": {\"step\": null, \"low\": 0.0001, \"high\": 0.1, \"log\": true}}"}
{"op_code":5,"worker_id":"85d16906-1d2e-488a-a65f-3a9781341ab6-139679950972736","trial_id":203,"param_name":"dropout","param_value_internal":0.16330756251307113,"distribution":"{\"name\": \"FloatDistribution\", \"attributes\": {\"step\": null, \"low\": 0.0, \"high\": 0.5, \"log\": false}}"}
{"op_code":5,"worker_id":"85d16906-1d2e-488a-a65f-3a9781341ab6-139679950972736","trial_id":203,"param_name":"layers","param_value_internal":2,"distribution":"{\"name\": \"CategoricalDistribution\", \"attributes\": {\"choices\": [1, 2, 3]}}"}
{"op_code":5,"worker_id":"85d16906-1d2e-488a-a65f-3a9781341ab6-139679950972736","trial_id":203,"param_name":"nodes","param_value_internal":2,"distribution":"{\"name\": \"CategoricalDistribution\", \"attributes\": {\"choices\": [16, 32, 64]}}"}
{"op_code":6,"worker_id":"85d16906-1d2e-488a-a65f-3a9781341ab6-139679950972736","trial_id":203,"state":1,"values":[0.5045454545454545],"datetime_complete":"2026-03-20T20:27:20.993428"}
{"op_code":4,"worker_id":"85d16906-1d2e-488a-a65f-3a9781341ab6-139679950972736","study_id":0,"datetime_start":"2026-03-20T20:27:21.029638"}
{"op_code":5,"worker_id":"85d16906-1d2e-488a-a65f-3a9781341ab6-139679950972736","trial_id":204,"param_name":"lr","param_value_internal":0.0019392576193849804,"distribution":"{\"name\": \"FloatDistribution\", \"attributes\": {\"step\": null, \"low\": 0.0001, \"high\": 0.1, \"log\": true}}"}
{"op_code":5,"worker_id":"85d16906-1d2e-488a-a65f-3a9781341ab6-139679950972736","trial_id":204,"param_name":"dropout","param_value_internal":0.19821904723366007,"distribution":"{\"name\": \"FloatDistribution\", \"attributes\": {\"step\": null, \"low\": 0.0, \"high\": 0.5, \"log\": false}}"}
{"op_code":5,"worker_id":"85d16906-1d2e-488a-a65f-3a9781341ab6-139679950972736","trial_id":204,"param_name":"layers","param_value_internal":2,"distribution":"{\"name\": \"CategoricalDistribution\", \"attributes\": {\"choices\": [1, 2, 3]}}"}
{"op_code":5,"worker_id":"85d16906-1d2e-488a-a65f-3a9781341ab6-139679950972736","trial_id":204,"param_name":"nodes","param_value_internal":2,"distribution":"{\"name\": \"CategoricalDistribution\", \"attributes\": {\"choices\": [16, 32, 64]}}"}
{"op_code":6,"worker_id":"85d16906-1d2e-488a-a65f-3a9781341ab6-139679950972736","trial_id":204,"state":1,"values":[0.43670454545454546],"datetime_complete":"2026-03-20T20:27:23.101140"}
{"op_code":4,"worker_id":"85d16906-1d2e-488a-a65f-3a9781341ab6-139679950972736","study_id":0,"datetime_start":"2026-03-20T20:27:23.121500"}
{"op_code":5,"worker_id":"85d16906-1d2e-488a-a65f-3a9781341ab6-139679950972736","trial_id":205,"param_name":"lr","param_value_internal":0.0011857622631004836,"distribution":"{\"name\": \"FloatDistribution\", \"attributes\": {\"step\": null, \"low\": 0.0001, \"high\": 0.1, \"log\": true}}"}
{"op_code":5,"worker_id":"85d16906-1d2e-488a-a65f-3a9781341ab6-139679950972736","trial_id":205,"param_name":"dropout","param_value_internal":0.39145998869836673,"distribution":"{\"name\": \"FloatDistribution\", \"attributes\": {\"step\": null, \"low\": 0.0, \"high\": 0.5, \"log\": false}}"}
{"op_code":5,"worker_id":"85d16906-1d2e-488a-a65f-3a9781341ab6-139679950972736","trial_id":205,"param_name":"layers","param_value_internal":2,"distribution":"{\"name\": \"CategoricalDistribution\", \"attributes\": {\"choices\": [1, 2, 3]}}"}
{"op_code":5,"worker_id":"85d16906-1d2e-488a-a65f-3a9781341ab6-139679950972736","trial_id":205,"param_name":"nodes","param_value_internal":2,"distribution":"{\"name\": \"CategoricalDistribution\", \"attributes\": {\"choices\": [16, 32, 64]}}"}
{"op_code":6,"worker_id":"85d16906-1d2e-488a-a65f-3a9781341ab6-139679950972736","trial_id":205,"state":1,"values":[0.44670454545454547],"datetime_complete":"2026-03-20T20:27:24.921362"}
{"op_code":4,"worker_id":"85d16906-1d2e-488a-a65f-3a9781341ab6-139679950972736","study_id":0,"datetime_start":"2026-03-20T20:27:24.942111"}
{"op_code":5,"worker_id":"85d16906-1d2e-488a-a65f-3a9781341ab6-139679950972736","trial_id":206,"param_name":"lr","param_value_internal":0.0016036011409422443,"distribution":"{\"name\": \"FloatDistribution\", \"attributes\": {\"step\": null, \"low\": 0.0001, \"high\": 0.1, \"log\": true}}"}
{"op_code":5,"worker_id":"85d16906-1d2e-488a-a65f-3a9781341ab6-139679950972736","trial_id":206,"param_name":"dropout","param_value_internal":0.3802407218384305,"distribution":"{\"name\": \"FloatDistribution\", \"attributes\": {\"step\": null, \"low\": 0.0, \"high\": 0.5, \"log\": false}}"}
{"op_code":5,"worker_id":"85d16906-1d2e-488a-a65f-3a9781341ab6-139679950972736","trial_id":206,"param_name":"layers","param_value_internal":1,"distribution":"{\"name\": \"CategoricalDistribution\", \"attributes\": {\"choices\": [1, 2, 3]}}"}
{"op_code":5,"worker_id":"85d16906-1d2e-488a-a65f-3a9781341ab6-139679950972736","trial_id":206,"param_name":"nodes","param_value_internal":2,"distribution":"{\"name\": \"CategoricalDistribution\", \"attributes\": {\"choices\": [16, 32, 64]}}"}
{"op_code":6,"worker_id":"85d16906-1d2e-488a-a65f-3a9781341ab6-139679950972736","trial_id":206,"state":1,"values":[0.5002272727272727],"datetime_complete":"2026-03-20T20:27:26.619683"}
{"op_code":4,"worker_id":"85d16906-1d2e-488a-a65f-3a9781341ab6-139679950972736","study_id":0,"datetime_start":"2026-03-20T20:27:26.645604"}
{"op_code":5,"worker_id":"85d16906-1d2e-488a-a65f-3a9781341ab6-139679950972736","trial_id":207,"param_name":"lr","param_value_internal":0.0009873430865977762,"distribution":"{\"name\": \"FloatDistribution\", \"attributes\": {\"step\": null, \"low\": 0.0001, \"high\": 0.1, \"log\": true}}"}
{"op_code":5,"worker_id":"85d16906-1d2e-488a-a65f-3a9781341ab6-139679950972736","trial_id":207,"param_name":"dropout","param_value_internal":0.1869696041520972,"distribution":"{\"name\": \"FloatDistribution\", \"attributes\": {\"step\": null, \"low\": 0.0, \"high\": 0.5, \"log\": false}}"}
{"op_code":5,"worker_id":"85d16906-1d2e-488a-a65f-3a9781341ab6-139679950972736","trial_id":207,"param_name":"layers","param_value_internal":2,"distribution":"{\"name\": \"CategoricalDistribution\", \"attributes\": {\"choices\": [1, 2, 3]}}"}
{"op_code":5,"worker_id":"85d16906-1d2e-488a-a65f-3a9781341ab6-139679950972736","trial_id":207,"param_name":"nodes","param_value_internal":2,"distribution":"{\"name\": \"CategoricalDistribution\", \"attributes\": {\"choices\": [16, 32, 64]}}"}
{"op_code":6,"worker_id":"85d16906-1d2e-488a-a65f-3a9781341ab6-139679950972736","trial_id":207,"state":1,"values":[0.4672727272727273],"datetime_complete":"2026-03-20T20:27:28.509034"}
{"op_code":4,"worker_id":"85d16906-1d2e-488a-a65f-3a9781341ab6-139679950972736","study_id":0,"datetime_start":"2026-03-20T20:27:28.529077"}
{"op_code":5,"worker_id":"85d16906-1d2e-488a-a65f-3a9781341ab6-139679950972736","trial_id":208,"param_name":"lr","param_value_internal":0.0025741699616518357,"distribution":"{\"name\": \"FloatDistribution\", \"attributes\": {\"step\": null, \"low\": 0.0001, \"high\": 0.1, \"log\": true}}"}
{"op_code":5,"worker_id":"85d16906-1d2e-488a-a65f-3a9781341ab6-139679950972736","trial_id":208,"param_name":"dropout","param_value_internal":0.24707927278269096,"distribution":"{\"name\": \"FloatDistribution\", \"attributes\": {\"step\": null, \"low\": 0.0, \"high\": 0.5, \"log\": false}}"}
{"op_code":5,"worker_id":"85d16906-1d2e-488a-a65f-3a9781341ab6-139679950972736","trial_id":208,"param_name":"layers","param_value_internal":1,"distribution":"{\"name\": \"CategoricalDistribution\", \"attributes\": {\"choices\": [1, 2, 3]}}"}
{"op_code":5,"worker_id":"85d16906-1d2e-488a-a65f-3a9781341ab6-139679950972736","trial_id":208,"param_name":"nodes","param_value_internal":2,"distribution":"{\"name\": \"CategoricalDistribution\", \"attributes\": {\"choices\": [16, 32, 64]}}"}
{"op_code":6,"worker_id":"85d16906-1d2e-488a-a65f-3a9781341ab6-139679950972736","trial_id":208,"state":1,"values":[0.545340909090909],"datetime_complete":"2026-03-20T20:27:30.133418"}
{"op_code":4,"worker_id":"85d16906-1d2e-488a-a65f-3a9781341ab6-139679950972736","study_id":0,"datetime_start":"2026-03-20T20:27:30.146235"}
{"op_code":5,"worker_id":"85d16906-1d2e-488a-a65f-3a9781341ab6-139679950972736","trial_id":209,"param_name":"lr","param_value_internal":0.0030666914369733866,"distribution":"{\"name\": \"FloatDistribution\", \"attributes\": {\"step\": null, \"low\": 0.0001, \"high\": 0.1, \"log\": true}}"}
{"op_code":5,"worker_id":"85d16906-1d2e-488a-a65f-3a9781341ab6-139679950972736","trial_id":209,"param_name":"dropout","param_value_internal":0.2350804350651933,"distribution":"{\"name\": \"FloatDistribution\", \"attributes\": {\"step\": null, \"low\": 0.0, \"high\": 0.5, \"log\": false}}"}
{"op_code":5,"worker_id":"85d16906-1d2e-488a-a65f-3a9781341ab6-139679950972736","trial_id":209,"param_name":"layers","param_value_internal":0,"distribution":"{\"name\": \"CategoricalDistribution\", \"attributes\": {\"choices\": [1, 2, 3]}}"}
{"op_code":5,"worker_id":"85d16906-1d2e-488a-a65f-3a9781341ab6-139679950972736","trial_id":209,"param_name":"nodes","param_value_internal":0,"distribution":"{\"name\": \"CategoricalDistribution\", \"attributes\": {\"choices\": [16, 32, 64]}}"}
{"op_code":6,"worker_id":"85d16906-1d2e-488a-a65f-3a9781341ab6-139679950972736","trial_id":209,"state":1,"values":[0.5107954545454545],"datetime_complete":"2026-03-20T20:27:31.601425"}
{"op_code":0,"worker_id":"77350391-cec3-428f-a82f-0dc8c8833564-139679950972736","study_name":"deepsurv_tuning","directions":[2]}
{"op_code":4,"worker_id":"77350391-cec3-428f-a82f-0dc8c8833564-139679950972736","study_id":0,"datetime_start":"2026-03-20T20:40:00.614960"}
{"op_code":5,"worker_id":"77350391-cec3-428f-a82f-0dc8c8833564-139679950972736","trial_id":210,"param_name":"lr","param_value_internal":0.001303915681425389,"distribution":"{\"name\": \"FloatDistribution\", \"attributes\": {\"step\": null, \"low\": 0.0001, \"high\": 0.1, \"log\": true}}"}
{"op_code":5,"worker_id":"77350391-cec3-428f-a82f-0dc8c8833564-139679950972736","trial_id":210,"param_name":"dropout","param_value_internal":0.35822226285565983,"distribution":"{\"name\": \"FloatDistribution\", \"attributes\": {\"step\": null, \"low\": 0.0, \"high\": 0.5, \"log\": false}}"}
{"op_code":5,"worker_id":"77350391-cec3-428f-a82f-0dc8c8833564-139679950972736","trial_id":210,"param_name":"layers","param_value_internal":2,"distribution":"{\"name\": \"CategoricalDistribution\", \"attributes\": {\"choices\": [1, 2, 3]}}"}
{"op_code":5,"worker_id":"77350391-cec3-428f-a82f-0dc8c8833564-139679950972736","trial_id":210,"param_name":"nodes","param_value_internal":2,"distribution":"{\"name\": \"CategoricalDistribution\", \"attributes\": {\"choices\": [16, 32, 64]}}"}
{"op_code":6,"worker_id":"77350391-cec3-428f-a82f-0dc8c8833564-139679950972736","trial_id":210,"state":1,"values":[0.458981933871151],"datetime_complete":"2026-03-20T20:40:02.533284"}
{"op_code":4,"worker_id":"77350391-cec3-428f-a82f-0dc8c8833564-139679950972736","study_id":0,"datetime_start":"2026-03-20T20:40:02.584278"}
{"op_code":5,"worker_id":"77350391-cec3-428f-a82f-0dc8c8833564-139679950972736","trial_id":211,"param_name":"lr","param_value_internal":0.0008850900348476625,"distribution":"{\"name\": \"FloatDistribution\", \"attributes\": {\"step\": null, \"low\": 0.0001, \"high\": 0.1, \"log\": true}}"}
{"op_code":5,"worker_id":"77350391-cec3-428f-a82f-0dc8c8833564-139679950972736","trial_id":211,"param_name":"dropout","param_value_internal":0.17766720468250405,"distribution":"{\"name\": \"FloatDistribution\", \"attributes\": {\"step\": null, \"low\": 0.0, \"high\": 0.5, \"log\": false}}"}
{"op_code":5,"worker_id":"77350391-cec3-428f-a82f-0dc8c8833564-139679950972736","trial_id":211,"param_name":"layers","param_value_internal":2,"distribution":"{\"name\": \"CategoricalDistribution\", \"attributes\": {\"choices\": [1, 2, 3]}}"}
{"op_code":5,"worker_id":"77350391-cec3-428f-a82f-0dc8c8833564-139679950972736","trial_id":211,"param_name":"nodes","param_value_internal":2,"distribution":"{\"name\": \"CategoricalDistribution\", \"attributes\": {\"choices\": [16, 32, 64]}}"}
{"op_code":6,"worker_id":"77350391-cec3-428f-a82f-0dc8c8833564-139679950972736","trial_id":211,"state":1,"values":[0.4227360527212817],"datetime_complete":"2026-03-20T20:40:04.642771"}
{"op_code":4,"worker_id":"77350391-cec3-428f-a82f-0dc8c8833564-139679950972736","study_id":0,"datetime_start":"2026-03-20T20:40:04.661614"}
{"op_code":5,"worker_id":"77350391-cec3-428f-a82f-0dc8c8833564-139679950972736","trial_id":212,"param_name":"lr","param_value_internal":0.0021207389520673373,"distribution":"{\"name\": \"FloatDistribution\", \"attributes\": {\"step\": null, \"low\": 0.0001, \"high\": 0.1, \"log\": true}}"}
{"op_code":5,"worker_id":"77350391-cec3-428f-a82f-0dc8c8833564-139679950972736","trial_id":212,"param_name":"dropout","param_value_internal":0.4012971400707885,"distribution":"{\"name\": \"FloatDistribution\", \"attributes\": {\"step\": null, \"low\": 0.0, \"high\": 0.5, \"log\": false}}"}
{"op_code":5,"worker_id":"77350391-cec3-428f-a82f-0dc8c8833564-139679950972736","trial_id":212,"param_name":"layers","param_value_internal":2,"distribution":"{\"name\": \"CategoricalDistribution\", \"attributes\": {\"choices\": [1, 2, 3]}}"}
{"op_code":5,"worker_id":"77350391-cec3-428f-a82f-0dc8c8833564-139679950972736","trial_id":212,"param_name":"nodes","param_value_internal":2,"distribution":"{\"name\": \"CategoricalDistribution\", \"attributes\": {\"choices\": [16, 32, 64]}}"}
{"op_code":6,"worker_id":"77350391-cec3-428f-a82f-0dc8c8833564-139679950972736","trial_id":212,"state":1,"values":[0.4498352459947733],"datetime_complete":"2026-03-20T20:40:06.538065"}
{"op_code":4,"worker_id":"77350391-cec3-428f-a82f-0dc8c8833564-139679950972736","study_id":0,"datetime_start":"2026-03-20T20:40:06.549399"}
{"op_code":5,"worker_id":"77350391-cec3-428f-a82f-0dc8c8833564-139679950972736","trial_id":213,"param_name":"lr","param_value_internal":0.000722117508149625,"distribution":"{\"name\": \"FloatDistribution\", \"attributes\": {\"step\": null, \"low\": 0.0001, \"high\": 0.1, \"log\": true}}"}
{"op_code":5,"worker_id":"77350391-cec3-428f-a82f-0dc8c8833564-139679950972736","trial_id":213,"param_name":"dropout","param_value_internal":0.3903433775555069,"distribution":"{\"name\": \"FloatDistribution\", \"attributes\": {\"step\": null, \"low\": 0.0, \"high\": 0.5, \"log\": false}}"}
{"op_code":5,"worker_id":"77350391-cec3-428f-a82f-0dc8c8833564-139679950972736","trial_id":213,"param_name":"layers","param_value_internal":2,"distribution":"{\"name\": \"CategoricalDistribution\", \"attributes\": {\"choices\": [1, 2, 3]}}"}
{"op_code":5,"worker_id":"77350391-cec3-428f-a82f-0dc8c8833564-139679950972736","trial_id":213,"param_name":"nodes","param_value_internal":1,"distribution":"{\"name\": \"CategoricalDistribution\", \"attributes\": {\"choices\": [16, 32, 64]}}"}
{"op_code":6,"worker_id":"77350391-cec3-428f-a82f-0dc8c8833564-139679950972736","trial_id":213,"state":1,"values":[0.45278945574366547],"datetime_complete":"2026-03-20T20:40:08.604772"}
{"op_code":4,"worker_id":"77350391-cec3-428f-a82f-0dc8c8833564-139679950972736","study_id":0,"datetime_start":"2026-03-20T20:40:08.626338"}
{"op_code":5,"worker_id":"77350391-cec3-428f-a82f-0dc8c8833564-139679950972736","trial_id":214,"param_name":"lr","param_value_internal":0.019229834218825043,"distribution":"{\"name\": \"FloatDistribution\", \"attributes\": {\"step\": null, \"low\": 0.0001, \"high\": 0.1, \"log\": true}}"}
{"op_code":5,"worker_id":"77350391-cec3-428f-a82f-0dc8c8833564-139679950972736","trial_id":214,"param_name":"dropout","param_value_internal":0.3714637625238948,"distribution":"{\"name\": \"FloatDistribution\", \"attributes\": {\"step\": null, \"low\": 0.0, \"high\": 0.5, \"log\": false}}"}
{"op_code":5,"worker_id":"77350391-cec3-428f-a82f-0dc8c8833564-139679950972736","trial_id":214,"param_name":"layers","param_value_internal":2,"distribution":"{\"name\": \"CategoricalDistribution\", \"attributes\": {\"choices\": [1, 2, 3]}}"}
{"op_code":5,"worker_id":"77350391-cec3-428f-a82f-0dc8c8833564-139679950972736","trial_id":214,"param_name":"nodes","param_value_internal":2,"distribution":"{\"name\": \"CategoricalDistribution\", \"attributes\": {\"choices\": [16, 32, 64]}}"}
{"op_code":6,"worker_id":"77350391-cec3-428f-a82f-0dc8c8833564-139679950972736","trial_id":214,"state":1,"values":[0.4861947505965231],"datetime_complete":"2026-03-20T20:40:10.522965"}
{"op_code":4,"worker_id":"77350391-cec3-428f-a82f-0dc8c8833564-139679950972736","study_id":0,"datetime_start":"2026-03-20T20:40:10.543851"}
{"op_code":5,"worker_id":"77350391-cec3-428f-a82f-0dc8c8833564-139679950972736","trial_id":215,"param_name":"lr","param_value_internal":0.000989505469585966,"distribution":"{\"name\": \"FloatDistribution\", \"attributes\": {\"step\": null, \"low\": 0.0001, \"high\": 0.1, \"log\": true}}"}
{"op_code":5,"worker_id":"77350391-cec3-428f-a82f-0dc8c8833564-139679950972736","trial_id":215,"param_name":"dropout","param_value_internal":0.48157119111105984,"distribution":"{\"name\": \"FloatDistribution\", \"attributes\": {\"step\": null, \"low\": 0.0, \"high\": 0.5, \"log\": false}}"}
{"op_code":5,"worker_id":"77350391-cec3-428f-a82f-0dc8c8833564-139679950972736","trial_id":215,"param_name":"layers","param_value_internal":1,"distribution":"{\"name\": \"CategoricalDistribution\", \"attributes\": {\"choices\": [1, 2, 3]}}"}
{"op_code":5,"worker_id":"77350391-cec3-428f-a82f-0dc8c8833564-139679950972736","trial_id":215,"param_name":"nodes","param_value_internal":2,"distribution":"{\"name\": \"CategoricalDistribution\", \"attributes\": {\"choices\": [16, 32, 64]}}"}
{"op_code":6,"worker_id":"77350391-cec3-428f-a82f-0dc8c8833564-139679950972736","trial_id":215,"state":1,"values":[0.43551869105783436],"datetime_complete":"2026-03-20T20:40:12.165289"}
{"op_code":4,"worker_id":"77350391-cec3-428f-a82f-0dc8c8833564-139679950972736","study_id":0,"datetime_start":"2026-03-20T20:40:12.179593"}
{"op_code":5,"worker_id":"77350391-cec3-428f-a82f-0dc8c8833564-139679950972736","trial_id":216,"param_name":"lr","param_value_internal":0.026988247474877988,"distribution":"{\"name\": \"FloatDistribution\", \"attributes\": {\"step\": null, \"low\": 0.0001, \"high\": 0.1, \"log\": true}}"}
{"op_code":5,"worker_id":"77350391-cec3-428f-a82f-0dc8c8833564-139679950972736","trial_id":216,"param_name":"dropout","param_value_internal":0.38435306797736984,"distribution":"{\"name\": \"FloatDistribution\", \"attributes\": {\"step\": null, \"low\": 0.0, \"high\": 0.5, \"log\": false}}"}
{"op_code":5,"worker_id":"77350391-cec3-428f-a82f-0dc8c8833564-139679950972736","trial_id":216,"param_name":"layers","param_value_internal":2,"distribution":"{\"name\": \"CategoricalDistribution\", \"attributes\": {\"choices\": [1, 2, 3]}}"}
{"op_code":5,"worker_id":"77350391-cec3-428f-a82f-0dc8c8833564-139679950972736","trial_id":216,"param_name":"nodes","param_value_internal":2,"distribution":"{\"name\": \"CategoricalDistribution\", \"attributes\": {\"choices\": [16, 32, 64]}}"}
{"op_code":6,"worker_id":"77350391-cec3-428f-a82f-0dc8c8833564-139679950972736","trial_id":216,"state":1,"values":[0.4463129189864788],"datetime_complete":"2026-03-20T20:40:14.162404"}
{"op_code":4,"worker_id":"77350391-cec3-428f-a82f-0dc8c8833564-139679950972736","study_id":0,"datetime_start":"2026-03-20T20:40:14.182483"}
{"op_code":5,"worker_id":"77350391-cec3-428f-a82f-0dc8c8833564-139679950972736","trial_id":217,"param_name":"lr","param_value_internal":0.001771295382346742,"distribution":"{\"name\": \"FloatDistribution\", \"attributes\": {\"step\": null, \"low\": 0.0001, \"high\": 0.1, \"log\": true}}"}
{"op_code":5,"worker_id":"77350391-cec3-428f-a82f-0dc8c8833564-139679950972736","trial_id":217,"param_name":"dropout","param_value_internal":0.40930542509587287,"distribution":"{\"name\": \"FloatDistribution\", \"attributes\": {\"step\": null, \"low\": 0.0, \"high\": 0.5, \"log\": false}}"}
{"op_code":5,"worker_id":"77350391-cec3-428f-a82f-0dc8c8833564-139679950972736","trial_id":217,"param_name":"layers","param_value_internal":1,"distribution":"{\"name\": \"CategoricalDistribution\", \"attributes\": {\"choices\": [1, 2, 3]}}"}
{"op_code":5,"worker_id":"77350391-cec3-428f-a82f-0dc8c8833564-139679950972736","trial_id":217,"param_name":"nodes","param_value_internal":2,"distribution":"{\"name\": \"CategoricalDistribution\", \"attributes\": {\"choices\": [16, 32, 64]}}"}
{"op_code":6,"worker_id":"77350391-cec3-428f-a82f-0dc8c8833564-139679950972736","trial_id":217,"state":1,"values":[0.42256561754346095],"datetime_complete":"2026-03-20T20:40:15.750245"}
{"op_code":4,"worker_id":"77350391-cec3-428f-a82f-0dc8c8833564-139679950972736","study_id":0,"datetime_start":"2026-03-20T20:40:15.777137"}
{"op_code":5,"worker_id":"77350391-cec3-428f-a82f-0dc8c8833564-139679950972736","trial_id":218,"param_name":"lr","param_value_internal":0.002315260844633495,"distribution":"{\"name\": \"FloatDistribution\", \"attributes\": {\"step\": null, \"low\": 0.0001, \"high\": 0.1, \"log\": true}}"}
{"op_code":5,"worker_id":"77350391-cec3-428f-a82f-0dc8c8833564-139679950972736","trial_id":218,"param_name":"dropout","param_value_internal":0.350572510134106,"distribution":"{\"name\": \"FloatDistribution\", \"attributes\": {\"step\": null, \"low\": 0.0, \"high\": 0.5, \"log\": false}}"}
{"op_code":5,"worker_id":"77350391-cec3-428f-a82f-0dc8c8833564-139679950972736","trial_id":218,"param_name":"layers","param_value_internal":1,"distribution":"{\"name\": \"CategoricalDistribution\", \"attributes\": {\"choices\": [1, 2, 3]}}"}
{"op_code":5,"worker_id":"77350391-cec3-428f-a82f-0dc8c8833564-139679950972736","trial_id":218,"param_name":"nodes","param_value_internal":2,"distribution":"{\"name\": \"CategoricalDistribution\", \"attributes\": {\"choices\": [16, 32, 64]}}"}
{"op_code":6,"worker_id":"77350391-cec3-428f-a82f-0dc8c8833564-139679950972736","trial_id":218,"state":1,"values":[0.4510851039654585],"datetime_complete":"2026-03-20T20:40:17.423502"}
{"op_code":4,"worker_id":"77350391-cec3-428f-a82f-0dc8c8833564-139679950972736","study_id":0,"datetime_start":"2026-03-20T20:40:17.448417"}
{"op_code":5,"worker_id":"77350391-cec3-428f-a82f-0dc8c8833564-139679950972736","trial_id":219,"param_name":"lr","param_value_internal":0.02335249051993539,"distribution":"{\"name\": \"FloatDistribution\", \"attributes\": {\"step\": null, \"low\": 0.0001, \"high\": 0.1, \"log\": true}}"}
{"op_code":5,"worker_id":"77350391-cec3-428f-a82f-0dc8c8833564-139679950972736","trial_id":219,"param_name":"dropout","param_value_internal":0.39649305611722113,"distribution":"{\"name\": \"FloatDistribution\", \"attributes\": {\"step\": null, \"low\": 0.0, \"high\": 0.5, \"log\": false}}"}
{"op_code":5,"worker_id":"77350391-cec3-428f-a82f-0dc8c8833564-139679950972736","trial_id":219,"param_name":"layers","param_value_internal":2,"distribution":"{\"name\": \"CategoricalDistribution\", \"attributes\": {\"choices\": [1, 2, 3]}}"}
{"op_code":5,"worker_id":"77350391-cec3-428f-a82f-0dc8c8833564-139679950972736","trial_id":219,"param_name":"nodes","param_value_internal":2,"distribution":"{\"name\": \"CategoricalDistribution\", \"attributes\": {\"choices\": [16, 32, 64]}}"}
{"op_code":6,"worker_id":"77350391-cec3-428f-a82f-0dc8c8833564-139679950972736","trial_id":219,"state":1,"values":[0.5071014657425292],"datetime_complete":"2026-03-20T20:40:19.353825"}
{"op_code":0,"worker_id":"c7efe076-81e6-453b-93c7-eecb89716e3c-139679950972736","study_name":"deepsurv_tuning","directions":[2]}
{"op_code":4,"worker_id":"c7efe076-81e6-453b-93c7-eecb89716e3c-139679950972736","study_id":0,"datetime_start":"2026-03-20T20:52:22.417492"}
{"op_code":5,"worker_id":"c7efe076-81e6-453b-93c7-eecb89716e3c-139679950972736","trial_id":220,"param_name":"lr","param_value_internal":0.011804410760792724,"distribution":"{\"name\": \"FloatDistribution\", \"attributes\": {\"step\": null, \"low\": 0.0001, \"high\": 0.1, \"log\": true}}"}
{"op_code":5,"worker_id":"c7efe076-81e6-453b-93c7-eecb89716e3c-139679950972736","trial_id":220,"param_name":"dropout","param_value_internal":0.43333777890061864,"distribution":"{\"name\": \"FloatDistribution\", \"attributes\": {\"step\": null, \"low\": 0.0, \"high\": 0.5, \"log\": false}}"}
{"op_code":5,"worker_id":"c7efe076-81e6-453b-93c7-eecb89716e3c-139679950972736","trial_id":220,"param_name":"layers","param_value_internal":1,"distribution":"{\"name\": \"CategoricalDistribution\", \"attributes\": {\"choices\": [1, 2, 3]}}"}
{"op_code":5,"worker_id":"c7efe076-81e6-453b-93c7-eecb89716e3c-139679950972736","trial_id":220,"param_name":"nodes","param_value_internal":2,"distribution":"{\"name\": \"CategoricalDistribution\", \"attributes\": {\"choices\": [16, 32, 64]}}"}
{"op_code":6,"worker_id":"c7efe076-81e6-453b-93c7-eecb89716e3c-139679950972736","trial_id":220,"state":1,"values":[0.4660950016924292],"datetime_complete":"2026-03-20T20:52:24.199314"}
{"op_code":4,"worker_id":"c7efe076-81e6-453b-93c7-eecb89716e3c-139679950972736","study_id":0,"datetime_start":"2026-03-20T20:52:24.222108"}
{"op_code":5,"worker_id":"c7efe076-81e6-453b-93c7-eecb89716e3c-139679950972736","trial_id":221,"param_name":"lr","param_value_internal":0.0018563426434037,"distribution":"{\"name\": \"FloatDistribution\", \"attributes\": {\"step\": null, \"low\": 0.0001, \"high\": 0.1, \"log\": true}}"}
{"op_code":5,"worker_id":"c7efe076-81e6-453b-93c7-eecb89716e3c-139679950972736","trial_id":221,"param_name":"dropout","param_value_internal":0.3824268478076551,"distribution":"{\"name\": \"FloatDistribution\", \"attributes\": {\"step\": null, \"low\": 0.0, \"high\": 0.5, \"log\": false}}"}
{"op_code":5,"worker_id":"c7efe076-81e6-453b-93c7-eecb89716e3c-139679950972736","trial_id":221,"param_name":"layers","param_value_internal":1,"distribution":"{\"name\": \"CategoricalDistribution\", \"attributes\": {\"choices\": [1, 2, 3]}}"}
{"op_code":5,"worker_id":"c7efe076-81e6-453b-93c7-eecb89716e3c-139679950972736","trial_id":221,"param_name":"nodes","param_value_internal":1,"distribution":"{\"name\": \"CategoricalDistribution\", \"attributes\": {\"choices\": [16, 32, 64]}}"}
{"op_code":6,"worker_id":"c7efe076-81e6-453b-93c7-eecb89716e3c-139679950972736","trial_id":221,"state":1,"values":[0.4167888976644477],"datetime_complete":"2026-03-20T20:52:25.914469"}
{"op_code":4,"worker_id":"c7efe076-81e6-453b-93c7-eecb89716e3c-139679950972736","study_id":0,"datetime_start":"2026-03-20T20:52:25.945102"}
{"op_code":5,"worker_id":"c7efe076-81e6-453b-93c7-eecb89716e3c-139679950972736","trial_id":222,"param_name":"lr","param_value_internal":0.0013760577108408185,"distribution":"{\"name\": \"FloatDistribution\", \"attributes\": {\"step\": null, \"low\": 0.0001, \"high\": 0.1, \"log\": true}}"}
{"op_code":5,"worker_id":"c7efe076-81e6-453b-93c7-eecb89716e3c-139679950972736","trial_id":222,"param_name":"dropout","param_value_internal":0.3613797996393057,"distribution":"{\"name\": \"FloatDistribution\", \"attributes\": {\"step\": null, \"low\": 0.0, \"high\": 0.5, \"log\": false}}"}
{"op_code":5,"worker_id":"c7efe076-81e6-453b-93c7-eecb89716e3c-139679950972736","trial_id":222,"param_name":"layers","param_value_internal":1,"distribution":"{\"name\": \"CategoricalDistribution\", \"attributes\": {\"choices\": [1, 2, 3]}}"}
{"op_code":5,"worker_id":"c7efe076-81e6-453b-93c7-eecb89716e3c-139679950972736","trial_id":222,"param_name":"nodes","param_value_internal":1,"distribution":"{\"name\": \"CategoricalDistribution\", \"attributes\": {\"choices\": [16, 32, 64]}}"}
{"op_code":6,"worker_id":"c7efe076-81e6-453b-93c7-eecb89716e3c-139679950972736","trial_id":222,"state":1,"values":[0.38609951483696264],"datetime_complete":"2026-03-20T20:52:27.600490"}
{"op_code":4,"worker_id":"c7efe076-81e6-453b-93c7-eecb89716e3c-139679950972736","study_id":0,"datetime_start":"2026-03-20T20:52:27.639021"}
{"op_code":5,"worker_id":"c7efe076-81e6-453b-93c7-eecb89716e3c-139679950972736","trial_id":223,"param_name":"lr","param_value_internal":0.031581562855111885,"distribution":"{\"name\": \"FloatDistribution\", \"attributes\": {\"step\": null, \"low\": 0.0001, \"high\": 0.1, \"log\": true}}"}
{"op_code":5,"worker_id":"c7efe076-81e6-453b-93c7-eecb89716e3c-139679950972736","trial_id":223,"param_name":"dropout","param_value_internal":0.3889229927287664,"distribution":"{\"name\": \"FloatDistribution\", \"attributes\": {\"step\": null, \"low\": 0.0, \"high\": 0.5, \"log\": false}}"}
{"op_code":5,"worker_id":"c7efe076-81e6-453b-93c7-eecb89716e3c-139679950972736","trial_id":223,"param_name":"layers","param_value_internal":1,"distribution":"{\"name\": \"CategoricalDistribution\", \"attributes\": {\"choices\": [1, 2, 3]}}"}
{"op_code":5,"worker_id":"c7efe076-81e6-453b-93c7-eecb89716e3c-139679950972736","trial_id":223,"param_name":"nodes","param_value_internal":1,"distribution":"{\"name\": \"CategoricalDistribution\", \"attributes\": {\"choices\": [16, 32, 64]}}"}
{"op_code":6,"worker_id":"c7efe076-81e6-453b-93c7-eecb89716e3c-139679950972736","trial_id":223,"state":1,"values":[0.4044905788107864],"datetime_complete":"2026-03-20T20:52:29.512062"}
{"op_code":4,"worker_id":"c7efe076-81e6-453b-93c7-eecb89716e3c-139679950972736","study_id":0,"datetime_start":"2026-03-20T20:52:29.532578"}
{"op_code":5,"worker_id":"c7efe076-81e6-453b-93c7-eecb89716e3c-139679950972736","trial_id":224,"param_name":"lr","param_value_internal":0.0027537182244793145,"distribution":"{\"name\": \"FloatDistribution\", \"attributes\": {\"step\": null, \"low\": 0.0001, \"high\": 0.1, \"log\": true}}"}
{"op_code":5,"worker_id":"c7efe076-81e6-453b-93c7-eecb89716e3c-139679950972736","trial_id":224,"param_name":"dropout","param_value_internal":0.3717329508082834,"distribution":"{\"name\": \"FloatDistribution\", \"attributes\": {\"step\": null, \"low\": 0.0, \"high\": 0.5, \"log\": false}}"}
{"op_code":5,"worker_id":"c7efe076-81e6-453b-93c7-eecb89716e3c-139679950972736","trial_id":224,"param_name":"layers","param_value_internal":1,"distribution":"{\"name\": \"CategoricalDistribution\", \"attributes\": {\"choices\": [1, 2, 3]}}"}
{"op_code":5,"worker_id":"c7efe076-81e6-453b-93c7-eecb89716e3c-139679950972736","trial_id":224,"param_name":"nodes","param_value_internal":1,"distribution":"{\"name\": \"CategoricalDistribution\", \"attributes\": {\"choices\": [16, 32, 64]}}"}
{"op_code":6,"worker_id":"c7efe076-81e6-453b-93c7-eecb89716e3c-139679950972736","trial_id":224,"state":1,"values":[0.41887622701117005],"datetime_complete":"2026-03-20T20:52:31.121377"}
{"op_code":4,"worker_id":"c7efe076-81e6-453b-93c7-eecb89716e3c-139679950972736","study_id":0,"datetime_start":"2026-03-20T20:52:31.146395"}
{"op_code":5,"worker_id":"c7efe076-81e6-453b-93c7-eecb89716e3c-139679950972736","trial_id":225,"param_name":"lr","param_value_internal":0.0728415815966433,"distribution":"{\"name\": \"FloatDistribution\", \"attributes\": {\"step\": null, \"low\": 0.0001, \"high\": 0.1, \"log\": true}}"}
{"op_code":5,"worker_id":"c7efe076-81e6-453b-93c7-eecb89716e3c-139679950972736","trial_id":225,"param_name":"dropout","param_value_internal":0.2588095626459956,"distribution":"{\"name\": \"FloatDistribution\", \"attributes\": {\"step\": null, \"low\": 0.0, \"high\": 0.5, \"log\": false}}"}
{"op_code":5,"worker_id":"c7efe076-81e6-453b-93c7-eecb89716e3c-139679950972736","trial_id":225,"param_name":"layers","param_value_internal":1,"distribution":"{\"name\": \"CategoricalDistribution\", \"attributes\": {\"choices\": [1, 2, 3]}}"}
{"op_code":5,"worker_id":"c7efe076-81e6-453b-93c7-eecb89716e3c-139679950972736","trial_id":225,"param_name":"nodes","param_value_internal":1,"distribution":"{\"name\": \"CategoricalDistribution\", \"attributes\": {\"choices\": [16, 32, 64]}}"}
{"op_code":6,"worker_id":"c7efe076-81e6-453b-93c7-eecb89716e3c-139679950972736","trial_id":225,"state":1,"values":[0.48741960961299785],"datetime_complete":"2026-03-20T20:52:32.837085"}
{"op_code":4,"worker_id":"c7efe076-81e6-453b-93c7-eecb89716e3c-139679950972736","study_id":0,"datetime_start":"2026-03-20T20:52:32.866575"}
{"op_code":5,"worker_id":"c7efe076-81e6-453b-93c7-eecb89716e3c-139679950972736","trial_id":226,"param_name":"lr","param_value_internal":0.0011553008266740501,"distribution":"{\"name\": \"FloatDistribution\", \"attributes\": {\"step\": null, \"low\": 0.0001, \"high\": 0.1, \"log\": true}}"}
{"op_code":5,"worker_id":"c7efe076-81e6-453b-93c7-eecb89716e3c-139679950972736","trial_id":226,"param_name":"dropout","param_value_internal":0.4189430594595783,"distribution":"{\"name\": \"FloatDistribution\", \"attributes\": {\"step\": null, \"low\": 0.0, \"high\": 0.5, \"log\": false}}"}
{"op_code":5,"worker_id":"c7efe076-81e6-453b-93c7-eecb89716e3c-139679950972736","trial_id":226,"param_name":"layers","param_value_internal":0,"distribution":"{\"name\": \"CategoricalDistribution\", \"attributes\": {\"choices\": [1, 2, 3]}}"}
{"op_code":5,"worker_id":"c7efe076-81e6-453b-93c7-eecb89716e3c-139679950972736","trial_id":226,"param_name":"nodes","param_value_internal":2,"distribution":"{\"name\": \"CategoricalDistribution\", \"attributes\": {\"choices\": [16, 32, 64]}}"}
{"op_code":6,"worker_id":"c7efe076-81e6-453b-93c7-eecb89716e3c-139679950972736","trial_id":226,"state":1,"values":[0.4357441047049532],"datetime_complete":"2026-03-20T20:52:34.440301"}
{"op_code":4,"worker_id":"c7efe076-81e6-453b-93c7-eecb89716e3c-139679950972736","study_id":0,"datetime_start":"2026-03-20T20:52:34.466657"}
{"op_code":5,"worker_id":"c7efe076-81e6-453b-93c7-eecb89716e3c-139679950972736","trial_id":227,"param_name":"lr","param_value_internal":0.002189980542858143,"distribution":"{\"name\": \"FloatDistribution\", \"attributes\": {\"step\": null, \"low\": 0.0001, \"high\": 0.1, \"log\": true}}"}
{"op_code":5,"worker_id":"c7efe076-81e6-453b-93c7-eecb89716e3c-139679950972736","trial_id":227,"param_name":"dropout","param_value_internal":0.40734118686011295,"distribution":"{\"name\": \"FloatDistribution\", \"attributes\": {\"step\": null, \"low\": 0.0, \"high\": 0.5, \"log\": false}}"}
{"op_code":5,"worker_id":"c7efe076-81e6-453b-93c7-eecb89716e3c-139679950972736","trial_id":227,"param_name":"layers","param_value_internal":1,"distribution":"{\"name\": \"CategoricalDistribution\", \"attributes\": {\"choices\": [1, 2, 3]}}"}
{"op_code":5,"worker_id":"c7efe076-81e6-453b-93c7-eecb89716e3c-139679950972736","trial_id":227,"param_name":"nodes","param_value_internal":2,"distribution":"{\"name\": \"CategoricalDistribution\", \"attributes\": {\"choices\": [16, 32, 64]}}"}
{"op_code":6,"worker_id":"c7efe076-81e6-453b-93c7-eecb89716e3c-139679950972736","trial_id":227,"state":1,"values":[0.4298770168114634],"datetime_complete":"2026-03-20T20:52:36.067383"}
{"op_code":4,"worker_id":"c7efe076-81e6-453b-93c7-eecb89716e3c-139679950972736","study_id":0,"datetime_start":"2026-03-20T20:52:36.097104"}
{"op_code":5,"worker_id":"c7efe076-81e6-453b-93c7-eecb89716e3c-139679950972736","trial_id":228,"param_name":"lr","param_value_internal":0.001714767129562838,"distribution":"{\"name\": \"FloatDistribution\", \"attributes\": {\"step\": null, \"low\": 0.0001, \"high\": 0.1, \"log\": true}}"}
{"op_code":5,"worker_id":"c7efe076-81e6-453b-93c7-eecb89716e3c-139679950972736","trial_id":228,"param_name":"dropout","param_value_internal":0.3987469551789544,"distribution":"{\"name\": \"FloatDistribution\", \"attributes\": {\"step\": null, \"low\": 0.0, \"high\": 0.5, \"log\": false}}"}
{"op_code":5,"worker_id":"c7efe076-81e6-453b-93c7-eecb89716e3c-139679950972736","trial_id":228,"param_name":"layers","param_value_internal":2,"distribution":"{\"name\": \"CategoricalDistribution\", \"attributes\": {\"choices\": [1, 2, 3]}}"}
{"op_code":5,"worker_id":"c7efe076-81e6-453b-93c7-eecb89716e3c-139679950972736","trial_id":228,"param_name":"nodes","param_value_internal":2,"distribution":"{\"name\": \"CategoricalDistribution\", \"attributes\": {\"choices\": [16, 32, 64]}}"}
{"op_code":6,"worker_id":"c7efe076-81e6-453b-93c7-eecb89716e3c-139679950972736","trial_id":228,"state":1,"values":[0.4272819587047275],"datetime_complete":"2026-03-20T20:52:38.050022"}
{"op_code":4,"worker_id":"c7efe076-81e6-453b-93c7-eecb89716e3c-139679950972736","study_id":0,"datetime_start":"2026-03-20T20:52:38.075236"}
{"op_code":5,"worker_id":"c7efe076-81e6-453b-93c7-eecb89716e3c-139679950972736","trial_id":229,"param_name":"lr","param_value_internal":0.017432587546293874,"distribution":"{\"name\": \"FloatDistribution\", \"attributes\": {\"step\": null, \"low\": 0.0001, \"high\": 0.1, \"log\": true}}"}
{"op_code":5,"worker_id":"c7efe076-81e6-453b-93c7-eecb89716e3c-139679950972736","trial_id":229,"param_name":"dropout","param_value_internal":0.37345631064518,"distribution":"{\"name\": \"FloatDistribution\", \"attributes\": {\"step\": null, \"low\": 0.0, \"high\": 0.5, \"log\": false}}"}
{"op_code":5,"worker_id":"c7efe076-81e6-453b-93c7-eecb89716e3c-139679950972736","trial_id":229,"param_name":"layers","param_value_internal":1,"distribution":"{\"name\": \"CategoricalDistribution\", \"attributes\": {\"choices\": [1, 2, 3]}}"}
{"op_code":5,"worker_id":"c7efe076-81e6-453b-93c7-eecb89716e3c-139679950972736","trial_id":229,"param_name":"nodes","param_value_internal":2,"distribution":"{\"name\": \"CategoricalDistribution\", \"attributes\": {\"choices\": [16, 32, 64]}}"}
{"op_code":6,"worker_id":"c7efe076-81e6-453b-93c7-eecb89716e3c-139679950972736","trial_id":229,"state":1,"values":[0.4752341193726729],"datetime_complete":"2026-03-20T20:52:39.782929"}
{"op_code":0,"worker_id":"ab46d01d-e59a-457e-a893-de2f0a5f8648-139679950972736","study_name":"deepsurv_tuning","directions":[2]}
{"op_code":4,"worker_id":"ab46d01d-e59a-457e-a893-de2f0a5f8648-139679950972736","study_id":0,"datetime_start":"2026-03-20T21:04:25.675475"}
{"op_code":5,"worker_id":"ab46d01d-e59a-457e-a893-de2f0a5f8648-139679950972736","trial_id":230,"param_name":"lr","param_value_internal":0.0034020990411683114,"distribution":"{\"name\": \"FloatDistribution\", \"attributes\": {\"step\": null, \"low\": 0.0001, \"high\": 0.1, \"log\": true}}"}
{"op_code":5,"worker_id":"ab46d01d-e59a-457e-a893-de2f0a5f8648-139679950972736","trial_id":230,"param_name":"dropout","param_value_internal":0.4448448579823798,"distribution":"{\"name\": \"FloatDistribution\", \"attributes\": {\"step\": null, \"low\": 0.0, \"high\": 0.5, \"log\": false}}"}
{"op_code":5,"worker_id":"ab46d01d-e59a-457e-a893-de2f0a5f8648-139679950972736","trial_id":230,"param_name":"layers","param_value_internal":2,"distribution":"{\"name\": \"CategoricalDistribution\", \"attributes\": {\"choices\": [1, 2, 3]}}"}
{"op_code":5,"worker_id":"ab46d01d-e59a-457e-a893-de2f0a5f8648-139679950972736","trial_id":230,"param_name":"nodes","param_value_internal":2,"distribution":"{\"name\": \"CategoricalDistribution\", \"attributes\": {\"choices\": [16, 32, 64]}}"}
{"op_code":6,"worker_id":"ab46d01d-e59a-457e-a893-de2f0a5f8648-139679950972736","trial_id":230,"state":1,"values":[0.6410952704231727],"datetime_complete":"2026-03-20T21:04:27.564848"}
{"op_code":4,"worker_id":"ab46d01d-e59a-457e-a893-de2f0a5f8648-139679950972736","study_id":0,"datetime_start":"2026-03-20T21:04:27.591119"}
{"op_code":5,"worker_id":"ab46d01d-e59a-457e-a893-de2f0a5f8648-139679950972736","trial_id":231,"param_name":"lr","param_value_internal":0.006946897831789583,"distribution":"{\"name\": \"FloatDistribution\", \"attributes\": {\"step\": null, \"low\": 0.0001, \"high\": 0.1, \"log\": true}}"}
{"op_code":5,"worker_id":"ab46d01d-e59a-457e-a893-de2f0a5f8648-139679950972736","trial_id":231,"param_name":"dropout","param_value_internal":0.2723321193933164,"distribution":"{\"name\": \"FloatDistribution\", \"attributes\": {\"step\": null, \"low\": 0.0, \"high\": 0.5, \"log\": false}}"}
{"op_code":5,"worker_id":"ab46d01d-e59a-457e-a893-de2f0a5f8648-139679950972736","trial_id":231,"param_name":"layers","param_value_internal":0,"distribution":"{\"name\": \"CategoricalDistribution\", \"attributes\": {\"choices\": [1, 2, 3]}}"}
{"op_code":5,"worker_id":"ab46d01d-e59a-457e-a893-de2f0a5f8648-139679950972736","trial_id":231,"param_name":"nodes","param_value_internal":2,"distribution":"{\"name\": \"CategoricalDistribution\", \"attributes\": {\"choices\": [16, 32, 64]}}"}
{"op_code":6,"worker_id":"ab46d01d-e59a-457e-a893-de2f0a5f8648-139679950972736","trial_id":231,"state":1,"values":[0.6577279927585427],"datetime_complete":"2026-03-20T21:04:29.121496"}
{"op_code":4,"worker_id":"ab46d01d-e59a-457e-a893-de2f0a5f8648-139679950972736","study_id":0,"datetime_start":"2026-03-20T21:04:29.138547"}
{"op_code":5,"worker_id":"ab46d01d-e59a-457e-a893-de2f0a5f8648-139679950972736","trial_id":232,"param_name":"lr","param_value_internal":0.005443254396926728,"distribution":"{\"name\": \"FloatDistribution\", \"attributes\": {\"step\": null, \"low\": 0.0001, \"high\": 0.1, \"log\": true}}"}
{"op_code":5,"worker_id":"ab46d01d-e59a-457e-a893-de2f0a5f8648-139679950972736","trial_id":232,"param_name":"dropout","param_value_internal":0.2534149270126225,"distribution":"{\"name\": \"FloatDistribution\", \"attributes\": {\"step\": null, \"low\": 0.0, \"high\": 0.5, \"log\": false}}"}
{"op_code":5,"worker_id":"ab46d01d-e59a-457e-a893-de2f0a5f8648-139679950972736","trial_id":232,"param_name":"layers","param_value_internal":0,"distribution":"{\"name\": \"CategoricalDistribution\", \"attributes\": {\"choices\": [1, 2, 3]}}"}
{"op_code":5,"worker_id":"ab46d01d-e59a-457e-a893-de2f0a5f8648-139679950972736","trial_id":232,"param_name":"nodes","param_value_internal":2,"distribution":"{\"name\": \"CategoricalDistribution\", \"attributes\": {\"choices\": [16, 32, 64]}}"}
{"op_code":6,"worker_id":"ab46d01d-e59a-457e-a893-de2f0a5f8648-139679950972736","trial_id":232,"state":1,"values":[0.6525231952930527],"datetime_complete":"2026-03-20T21:04:30.505403"}
{"op_code":4,"worker_id":"ab46d01d-e59a-457e-a893-de2f0a5f8648-139679950972736","study_id":0,"datetime_start":"2026-03-20T21:04:30.530258"}
{"op_code":5,"worker_id":"ab46d01d-e59a-457e-a893-de2f0a5f8648-139679950972736","trial_id":233,"param_name":"lr","param_value_internal":0.004514710671126523,"distribution":"{\"name\": \"FloatDistribution\", \"attributes\": {\"step\": null, \"low\": 0.0001, \"high\": 0.1, \"log\": true}}"}
{"op_code":5,"worker_id":"ab46d01d-e59a-457e-a893-de2f0a5f8648-139679950972736","trial_id":233,"param_name":"dropout","param_value_internal":0.26382691866628066,"distribution":"{\"name\": \"FloatDistribution\", \"attributes\": {\"step\": null, \"low\": 0.0, \"high\": 0.5, \"log\": false}}"}
{"op_code":5,"worker_id":"ab46d01d-e59a-457e-a893-de2f0a5f8648-139679950972736","trial_id":233,"param_name":"layers","param_value_internal":0,"distribution":"{\"name\": \"CategoricalDistribution\", \"attributes\": {\"choices\": [1, 2, 3]}}"}
{"op_code":5,"worker_id":"ab46d01d-e59a-457e-a893-de2f0a5f8648-139679950972736","trial_id":233,"param_name":"nodes","param_value_internal":2,"distribution":"{\"name\": \"CategoricalDistribution\", \"attributes\": {\"choices\": [16, 32, 64]}}"}
{"op_code":6,"worker_id":"ab46d01d-e59a-457e-a893-de2f0a5f8648-139679950972736","trial_id":233,"state":1,"values":[0.6861280832767594],"datetime_complete":"2026-03-20T21:04:31.952114"}
{"op_code":4,"worker_id":"ab46d01d-e59a-457e-a893-de2f0a5f8648-139679950972736","study_id":0,"datetime_start":"2026-03-20T21:04:31.974343"}
{"op_code":5,"worker_id":"ab46d01d-e59a-457e-a893-de2f0a5f8648-139679950972736","trial_id":234,"param_name":"lr","param_value_internal":0.0038666195518359584,"distribution":"{\"name\": \"FloatDistribution\", \"attributes\": {\"step\": null, \"low\": 0.0001, \"high\": 0.1, \"log\": true}}"}
{"op_code":5,"worker_id":"ab46d01d-e59a-457e-a893-de2f0a5f8648-139679950972736","trial_id":234,"param_name":"dropout","param_value_internal":0.46772798775653024,"distribution":"{\"name\": \"FloatDistribution\", \"attributes\": {\"step\": null, \"low\": 0.0, \"high\": 0.5, \"log\": false}}"}
{"op_code":5,"worker_id":"ab46d01d-e59a-457e-a893-de2f0a5f8648-139679950972736","trial_id":234,"param_name":"layers","param_value_internal":0,"distribution":"{\"name\": \"CategoricalDistribution\", \"attributes\": {\"choices\": [1, 2, 3]}}"}
{"op_code":5,"worker_id":"ab46d01d-e59a-457e-a893-de2f0a5f8648-139679950972736","trial_id":234,"param_name":"nodes","param_value_internal":2,"distribution":"{\"name\": \"CategoricalDistribution\", \"attributes\": {\"choices\": [16, 32, 64]}}"}
{"op_code":6,"worker_id":"ab46d01d-e59a-457e-a893-de2f0a5f8648-139679950972736","trial_id":234,"state":1,"values":[0.6599343742928264],"datetime_complete":"2026-03-20T21:04:33.485404"}
{"op_code":4,"worker_id":"ab46d01d-e59a-457e-a893-de2f0a5f8648-139679950972736","study_id":0,"datetime_start":"2026-03-20T21:04:33.511005"}
{"op_code":5,"worker_id":"ab46d01d-e59a-457e-a893-de2f0a5f8648-139679950972736","trial_id":235,"param_name":"lr","param_value_internal":0.0025245541143286937,"distribution":"{\"name\": \"FloatDistribution\", \"attributes\": {\"step\": null, \"low\": 0.0001, \"high\": 0.1, \"log\": true}}"}
{"op_code":5,"worker_id":"ab46d01d-e59a-457e-a893-de2f0a5f8648-139679950972736","trial_id":235,"param_name":"dropout","param_value_internal":0.2838376197326875,"distribution":"{\"name\": \"FloatDistribution\", \"attributes\": {\"step\": null, \"low\": 0.0, \"high\": 0.5, \"log\": false}}"}
{"op_code":5,"worker_id":"ab46d01d-e59a-457e-a893-de2f0a5f8648-139679950972736","trial_id":235,"param_name":"layers","param_value_internal":0,"distribution":"{\"name\": \"CategoricalDistribution\", \"attributes\": {\"choices\": [1, 2, 3]}}"}
{"op_code":5,"worker_id":"ab46d01d-e59a-457e-a893-de2f0a5f8648-139679950972736","trial_id":235,"param_name":"nodes","param_value_internal":2,"distribution":"{\"name\": \"CategoricalDistribution\", \"attributes\": {\"choices\": [16, 32, 64]}}"}
{"op_code":6,"worker_id":"ab46d01d-e59a-457e-a893-de2f0a5f8648-139679950972736","trial_id":235,"state":1,"values":[0.6827336501470921],"datetime_complete":"2026-03-20T21:04:34.860997"}
{"op_code":4,"worker_id":"ab46d01d-e59a-457e-a893-de2f0a5f8648-139679950972736","study_id":0,"datetime_start":"2026-03-20T21:04:34.880198"}
{"op_code":5,"worker_id":"ab46d01d-e59a-457e-a893-de2f0a5f8648-139679950972736","trial_id":236,"param_name":"lr","param_value_internal":0.02067217570044808,"distribution":"{\"name\": \"FloatDistribution\", \"attributes\": {\"step\": null, \"low\": 0.0001, \"high\": 0.1, \"log\": true}}"}
{"op_code":5,"worker_id":"ab46d01d-e59a-457e-a893-de2f0a5f8648-139679950972736","trial_id":236,"param_name":"dropout","param_value_internal":0.3041720149769389,"distribution":"{\"name\": \"FloatDistribution\", \"attributes\": {\"step\": null, \"low\": 0.0, \"high\": 0.5, \"log\": false}}"}
{"op_code":5,"worker_id":"ab46d01d-e59a-457e-a893-de2f0a5f8648-139679950972736","trial_id":236,"param_name":"layers","param_value_internal":1,"distribution":"{\"name\": \"CategoricalDistribution\", \"attributes\": {\"choices\": [1, 2, 3]}}"}
{"op_code":5,"worker_id":"ab46d01d-e59a-457e-a893-de2f0a5f8648-139679950972736","trial_id":236,"param_name":"nodes","param_value_internal":2,"distribution":"{\"name\": \"CategoricalDistribution\", \"attributes\": {\"choices\": [16, 32, 64]}}"}
{"op_code":6,"worker_id":"ab46d01d-e59a-457e-a893-de2f0a5f8648-139679950972736","trial_id":236,"state":1,"values":[0.7229011088481557],"datetime_complete":"2026-03-20T21:04:36.517914"}
{"op_code":4,"worker_id":"ab46d01d-e59a-457e-a893-de2f0a5f8648-139679950972736","study_id":0,"datetime_start":"2026-03-20T21:04:36.540874"}
{"op_code":5,"worker_id":"ab46d01d-e59a-457e-a893-de2f0a5f8648-139679950972736","trial_id":237,"param_name":"lr","param_value_internal":0.008642086757376592,"distribution":"{\"name\": \"FloatDistribution\", \"attributes\": {\"step\": null, \"low\": 0.0001, \"high\": 0.1, \"log\": true}}"}
{"op_code":5,"worker_id":"ab46d01d-e59a-457e-a893-de2f0a5f8648-139679950972736","trial_id":237,"param_name":"dropout","param_value_internal":0.37954017462356654,"distribution":"{\"name\": \"FloatDistribution\", \"attributes\": {\"step\": null, \"low\": 0.0, \"high\": 0.5, \"log\": false}}"}
{"op_code":5,"worker_id":"ab46d01d-e59a-457e-a893-de2f0a5f8648-139679950972736","trial_id":237,"param_name":"layers","param_value_internal":1,"distribution":"{\"name\": \"CategoricalDistribution\", \"attributes\": {\"choices\": [1, 2, 3]}}"}
{"op_code":5,"worker_id":"ab46d01d-e59a-457e-a893-de2f0a5f8648-139679950972736","trial_id":237,"param_name":"nodes","param_value_internal":2,"distribution":"{\"name\": \"CategoricalDistribution\", \"attributes\": {\"choices\": [16, 32, 64]}}"}
{"op_code":6,"worker_id":"ab46d01d-e59a-457e-a893-de2f0a5f8648-139679950972736","trial_id":237,"state":1,"values":[0.6799049558723693],"datetime_complete":"2026-03-20T21:04:38.301301"}
{"op_code":4,"worker_id":"ab46d01d-e59a-457e-a893-de2f0a5f8648-139679950972736","study_id":0,"datetime_start":"2026-03-20T21:04:38.323625"}
{"op_code":5,"worker_id":"ab46d01d-e59a-457e-a893-de2f0a5f8648-139679950972736","trial_id":238,"param_name":"lr","param_value_internal":0.0008245173210003212,"distribution":"{\"name\": \"FloatDistribution\", \"attributes\": {\"step\": null, \"low\": 0.0001, \"high\": 0.1, \"log\": true}}"}
{"op_code":5,"worker_id":"ab46d01d-e59a-457e-a893-de2f0a5f8648-139679950972736","trial_id":238,"param_name":"dropout","param_value_internal":0.36345033437000074,"distribution":"{\"name\": \"FloatDistribution\", \"attributes\": {\"step\": null, \"low\": 0.0, \"high\": 0.5, \"log\": false}}"}
{"op_code":5,"worker_id":"ab46d01d-e59a-457e-a893-de2f0a5f8648-139679950972736","trial_id":238,"param_name":"layers","param_value_internal":2,"distribution":"{\"name\": \"CategoricalDistribution\", \"attributes\": {\"choices\": [1, 2, 3]}}"}
{"op_code":5,"worker_id":"ab46d01d-e59a-457e-a893-de2f0a5f8648-139679950972736","trial_id":238,"param_name":"nodes","param_value_internal":2,"distribution":"{\"name\": \"CategoricalDistribution\", \"attributes\": {\"choices\": [16, 32, 64]}}"}
{"op_code":6,"worker_id":"ab46d01d-e59a-457e-a893-de2f0a5f8648-139679950972736","trial_id":238,"state":1,"values":[0.66112242588821],"datetime_complete":"2026-03-20T21:04:40.189533"}
{"op_code":4,"worker_id":"ab46d01d-e59a-457e-a893-de2f0a5f8648-139679950972736","study_id":0,"datetime_start":"2026-03-20T21:04:40.214167"}
{"op_code":5,"worker_id":"ab46d01d-e59a-457e-a893-de2f0a5f8648-139679950972736","trial_id":239,"param_name":"lr","param_value_internal":0.002964733625743394,"distribution":"{\"name\": \"FloatDistribution\", \"attributes\": {\"step\": null, \"low\": 0.0001, \"high\": 0.1, \"log\": true}}"}
{"op_code":5,"worker_id":"ab46d01d-e59a-457e-a893-de2f0a5f8648-139679950972736","trial_id":239,"param_name":"dropout","param_value_internal":0.3486402585397965,"distribution":"{\"name\": \"FloatDistribution\", \"attributes\": {\"step\": null, \"low\": 0.0, \"high\": 0.5, \"log\": false}}"}
{"op_code":5,"worker_id":"ab46d01d-e59a-457e-a893-de2f0a5f8648-139679950972736","trial_id":239,"param_name":"layers","param_value_internal":1,"distribution":"{\"name\": \"CategoricalDistribution\", \"attributes\": {\"choices\": [1, 2, 3]}}"}
{"op_code":5,"worker_id":"ab46d01d-e59a-457e-a893-de2f0a5f8648-139679950972736","trial_id":239,"param_name":"nodes","param_value_internal":2,"distribution":"{\"name\": \"CategoricalDistribution\", \"attributes\": {\"choices\": [16, 32, 64]}}"}
{"op_code":6,"worker_id":"ab46d01d-e59a-457e-a893-de2f0a5f8648-139679950972736","trial_id":239,"state":1,"values":[0.6909934374292827],"datetime_complete":"2026-03-20T21:04:42.003897"}
{"op_code":0,"worker_id":"f36ef5b5-a8cf-4c2e-99c6-17b5da48a1a3-140104713647936","study_name":"deepsurv_tuning","directions":[2]}
{"op_code":4,"worker_id":"f36ef5b5-a8cf-4c2e-99c6-17b5da48a1a3-140104713647936","study_id":0,"datetime_start":"2026-03-20T22:07:37.020098"}
{"op_code":5,"worker_id":"f36ef5b5-a8cf-4c2e-99c6-17b5da48a1a3-140104713647936","trial_id":240,"param_name":"lr","param_value_internal":0.0145022394116032,"distribution":"{\"name\": \"FloatDistribution\", \"attributes\": {\"step\": null, \"low\": 0.0001, \"high\": 0.1, \"log\": true}}"}
{"op_code":5,"worker_id":"f36ef5b5-a8cf-4c2e-99c6-17b5da48a1a3-140104713647936","trial_id":240,"param_name":"dropout","param_value_internal":0.21284181737878968,"distribution":"{\"name\": \"FloatDistribution\", \"attributes\": {\"step\": null, \"low\": 0.0, \"high\": 0.5, \"log\": false}}"}
{"op_code":5,"worker_id":"f36ef5b5-a8cf-4c2e-99c6-17b5da48a1a3-140104713647936","trial_id":240,"param_name":"layers","param_value_internal":2,"distribution":"{\"name\": \"CategoricalDistribution\", \"attributes\": {\"choices\": [1, 2, 3]}}"}
{"op_code":5,"worker_id":"f36ef5b5-a8cf-4c2e-99c6-17b5da48a1a3-140104713647936","trial_id":240,"param_name":"nodes","param_value_internal":2,"distribution":"{\"name\": \"CategoricalDistribution\", \"attributes\": {\"choices\": [16, 32, 64]}}"}
{"op_code":6,"worker_id":"f36ef5b5-a8cf-4c2e-99c6-17b5da48a1a3-140104713647936","trial_id":240,"state":1,"values":[0.7670707234273884],"datetime_complete":"2026-03-20T22:07:44.121231"}
{"op_code":4,"worker_id":"f36ef5b5-a8cf-4c2e-99c6-17b5da48a1a3-140104713647936","study_id":0,"datetime_start":"2026-03-20T22:07:44.143116"}
{"op_code":5,"worker_id":"f36ef5b5-a8cf-4c2e-99c6-17b5da48a1a3-140104713647936","trial_id":241,"param_name":"lr","param_value_internal":0.0010448596638334379,"distribution":"{\"name\": \"FloatDistribution\", \"attributes\": {\"step\": null, \"low\": 0.0001, \"high\": 0.1, \"log\": true}}"}
{"op_code":5,"worker_id":"f36ef5b5-a8cf-4c2e-99c6-17b5da48a1a3-140104713647936","trial_id":241,"param_name":"dropout","param_value_internal":0.22617538658717176,"distribution":"{\"name\": \"FloatDistribution\", \"attributes\": {\"step\": null, \"low\": 0.0, \"high\": 0.5, \"log\": false}}"}
{"op_code":5,"worker_id":"f36ef5b5-a8cf-4c2e-99c6-17b5da48a1a3-140104713647936","trial_id":241,"param_name":"layers","param_value_internal":1,"distribution":"{\"name\": \"CategoricalDistribution\", \"attributes\": {\"choices\": [1, 2, 3]}}"}
{"op_code":5,"worker_id":"f36ef5b5-a8cf-4c2e-99c6-17b5da48a1a3-140104713647936","trial_id":241,"param_name":"nodes","param_value_internal":2,"distribution":"{\"name\": \"CategoricalDistribution\", \"attributes\": {\"choices\": [16, 32, 64]}}"}
{"op_code":6,"worker_id":"f36ef5b5-a8cf-4c2e-99c6-17b5da48a1a3-140104713647936","trial_id":241,"state":1,"values":[0.782159236147658],"datetime_complete":"2026-03-20T22:07:45.768308"}
{"op_code":4,"worker_id":"f36ef5b5-a8cf-4c2e-99c6-17b5da48a1a3-140104713647936","study_id":0,"datetime_start":"2026-03-20T22:07:45.782996"}
{"op_code":5,"worker_id":"f36ef5b5-a8cf-4c2e-99c6-17b5da48a1a3-140104713647936","trial_id":242,"param_name":"lr","param_value_internal":0.0012220341176510435,"distribution":"{\"name\": \"FloatDistribution\", \"attributes\": {\"step\": null, \"low\": 0.0001, \"high\": 0.1, \"log\": true}}"}
{"op_code":5,"worker_id":"f36ef5b5-a8cf-4c2e-99c6-17b5da48a1a3-140104713647936","trial_id":242,"param_name":"dropout","param_value_internal":0.1923621063938041,"distribution":"{\"name\": \"FloatDistribution\", \"attributes\": {\"step\": null, \"low\": 0.0, \"high\": 0.5, \"log\": false}}"}
{"op_code":5,"worker_id":"f36ef5b5-a8cf-4c2e-99c6-17b5da48a1a3-140104713647936","trial_id":242,"param_name":"layers","param_value_internal":1,"distribution":"{\"name\": \"CategoricalDistribution\", \"attributes\": {\"choices\": [1, 2, 3]}}"}
{"op_code":5,"worker_id":"f36ef5b5-a8cf-4c2e-99c6-17b5da48a1a3-140104713647936","trial_id":242,"param_name":"nodes","param_value_internal":2,"distribution":"{\"name\": \"CategoricalDistribution\", \"attributes\": {\"choices\": [16, 32, 64]}}"}
{"op_code":6,"worker_id":"f36ef5b5-a8cf-4c2e-99c6-17b5da48a1a3-140104713647936","trial_id":242,"state":1,"values":[0.7863463128856708],"datetime_complete":"2026-03-20T22:07:47.385772"}
{"op_code":4,"worker_id":"f36ef5b5-a8cf-4c2e-99c6-17b5da48a1a3-140104713647936","study_id":0,"datetime_start":"2026-03-20T22:07:47.405681"}
{"op_code":5,"worker_id":"f36ef5b5-a8cf-4c2e-99c6-17b5da48a1a3-140104713647936","trial_id":243,"param_name":"lr","param_value_internal":0.0020124379077394545,"distribution":"{\"name\": \"FloatDistribution\", \"attributes\": {\"step\": null, \"low\": 0.0001, \"high\": 0.1, \"log\": true}}"}
{"op_code":5,"worker_id":"f36ef5b5-a8cf-4c2e-99c6-17b5da48a1a3-140104713647936","trial_id":243,"param_name":"dropout","param_value_internal":0.2396952751367605,"distribution":"{\"name\": \"FloatDistribution\", \"attributes\": {\"step\": null, \"low\": 0.0, \"high\": 0.5, \"log\": false}}"}
{"op_code":5,"worker_id":"f36ef5b5-a8cf-4c2e-99c6-17b5da48a1a3-140104713647936","trial_id":243,"param_name":"layers","param_value_internal":1,"distribution":"{\"name\": \"CategoricalDistribution\", \"attributes\": {\"choices\": [1, 2, 3]}}"}
{"op_code":5,"worker_id":"f36ef5b5-a8cf-4c2e-99c6-17b5da48a1a3-140104713647936","trial_id":243,"param_name":"nodes","param_value_internal":2,"distribution":"{\"name\": \"CategoricalDistribution\", \"attributes\": {\"choices\": [16, 32, 64]}}"}
{"op_code":6,"worker_id":"f36ef5b5-a8cf-4c2e-99c6-17b5da48a1a3-140104713647936","trial_id":243,"state":1,"values":[0.7905623058994986],"datetime_complete":"2026-03-20T22:07:49.008780"}
{"op_code":4,"worker_id":"f36ef5b5-a8cf-4c2e-99c6-17b5da48a1a3-140104713647936","study_id":0,"datetime_start":"2026-03-20T22:07:49.042674"}
{"op_code":5,"worker_id":"f36ef5b5-a8cf-4c2e-99c6-17b5da48a1a3-140104713647936","trial_id":244,"param_name":"lr","param_value_internal":0.001497555533938564,"distribution":"{\"name\": \"FloatDistribution\", \"attributes\": {\"step\": null, \"low\": 0.0001, \"high\": 0.1, \"log\": true}}"}
{"op_code":5,"worker_id":"f36ef5b5-a8cf-4c2e-99c6-17b5da48a1a3-140104713647936","trial_id":244,"param_name":"dropout","param_value_internal":0.17384808308957153,"distribution":"{\"name\": \"FloatDistribution\", \"attributes\": {\"step\": null, \"low\": 0.0, \"high\": 0.5, \"log\": false}}"}
{"op_code":5,"worker_id":"f36ef5b5-a8cf-4c2e-99c6-17b5da48a1a3-140104713647936","trial_id":244,"param_name":"layers","param_value_internal":1,"distribution":"{\"name\": \"CategoricalDistribution\", \"attributes\": {\"choices\": [1, 2, 3]}}"}
{"op_code":5,"worker_id":"f36ef5b5-a8cf-4c2e-99c6-17b5da48a1a3-140104713647936","trial_id":244,"param_name":"nodes","param_value_internal":2,"distribution":"{\"name\": \"CategoricalDistribution\", \"attributes\": {\"choices\": [16, 32, 64]}}"}
{"op_code":6,"worker_id":"f36ef5b5-a8cf-4c2e-99c6-17b5da48a1a3-140104713647936","trial_id":244,"state":1,"values":[0.7865892096025169],"datetime_complete":"2026-03-20T22:07:50.659789"}
{"op_code":4,"worker_id":"f36ef5b5-a8cf-4c2e-99c6-17b5da48a1a3-140104713647936","study_id":0,"datetime_start":"2026-03-20T22:07:50.674449"}
{"op_code":5,"worker_id":"f36ef5b5-a8cf-4c2e-99c6-17b5da48a1a3-140104713647936","trial_id":245,"param_name":"lr","param_value_internal":0.001039256465898995,"distribution":"{\"name\": \"FloatDistribution\", \"attributes\": {\"step\": null, \"low\": 0.0001, \"high\": 0.1, \"log\": true}}"}
{"op_code":5,"worker_id":"f36ef5b5-a8cf-4c2e-99c6-17b5da48a1a3-140104713647936","trial_id":245,"param_name":"dropout","param_value_internal":0.3928149946431994,"distribution":"{\"name\": \"FloatDistribution\", \"attributes\": {\"step\": null, \"low\": 0.0, \"high\": 0.5, \"log\": false}}"}
{"op_code":5,"worker_id":"f36ef5b5-a8cf-4c2e-99c6-17b5da48a1a3-140104713647936","trial_id":245,"param_name":"layers","param_value_internal":1,"distribution":"{\"name\": \"CategoricalDistribution\", \"attributes\": {\"choices\": [1, 2, 3]}}"}
{"op_code":5,"worker_id":"f36ef5b5-a8cf-4c2e-99c6-17b5da48a1a3-140104713647936","trial_id":245,"param_name":"nodes","param_value_internal":2,"distribution":"{\"name\": \"CategoricalDistribution\", \"attributes\": {\"choices\": [16, 32, 64]}}"}
{"op_code":6,"worker_id":"f36ef5b5-a8cf-4c2e-99c6-17b5da48a1a3-140104713647936","trial_id":245,"state":1,"values":[0.7867858402780589],"datetime_complete":"2026-03-20T22:07:52.280560"}
{"op_code":4,"worker_id":"f36ef5b5-a8cf-4c2e-99c6-17b5da48a1a3-140104713647936","study_id":0,"datetime_start":"2026-03-20T22:07:52.301219"}
{"op_code":5,"worker_id":"f36ef5b5-a8cf-4c2e-99c6-17b5da48a1a3-140104713647936","trial_id":246,"param_name":"lr","param_value_internal":0.0024395610764538144,"distribution":"{\"name\": \"FloatDistribution\", \"attributes\": {\"step\": null, \"low\": 0.0001, \"high\": 0.1, \"log\": true}}"}
{"op_code":5,"worker_id":"f36ef5b5-a8cf-4c2e-99c6-17b5da48a1a3-140104713647936","trial_id":246,"param_name":"dropout","param_value_internal":0.3850261117829221,"distribution":"{\"name\": \"FloatDistribution\", \"attributes\": {\"step\": null, \"low\": 0.0, \"high\": 0.5, \"log\": false}}"}
{"op_code":5,"worker_id":"f36ef5b5-a8cf-4c2e-99c6-17b5da48a1a3-140104713647936","trial_id":246,"param_name":"layers","param_value_internal":0,"distribution":"{\"name\": \"CategoricalDistribution\", \"attributes\": {\"choices\": [1, 2, 3]}}"}
{"op_code":5,"worker_id":"f36ef5b5-a8cf-4c2e-99c6-17b5da48a1a3-140104713647936","trial_id":246,"param_name":"nodes","param_value_internal":2,"distribution":"{\"name\": \"CategoricalDistribution\", \"attributes\": {\"choices\": [16, 32, 64]}}"}
{"op_code":6,"worker_id":"f36ef5b5-a8cf-4c2e-99c6-17b5da48a1a3-140104713647936","trial_id":246,"state":1,"values":[0.7948187816994674],"datetime_complete":"2026-03-20T22:07:53.646638"}
{"op_code":4,"worker_id":"f36ef5b5-a8cf-4c2e-99c6-17b5da48a1a3-140104713647936","study_id":0,"datetime_start":"2026-03-20T22:07:53.662595"}
{"op_code":5,"worker_id":"f36ef5b5-a8cf-4c2e-99c6-17b5da48a1a3-140104713647936","trial_id":247,"param_name":"lr","param_value_internal":0.002424953488164561,"distribution":"{\"name\": \"FloatDistribution\", \"attributes\": {\"step\": null, \"low\": 0.0001, \"high\": 0.1, \"log\": true}}"}
{"op_code":5,"worker_id":"f36ef5b5-a8cf-4c2e-99c6-17b5da48a1a3-140104713647936","trial_id":247,"param_name":"dropout","param_value_internal":0.3700170775383148,"distribution":"{\"name\": \"FloatDistribution\", \"attributes\": {\"step\": null, \"low\": 0.0, \"high\": 0.5, \"log\": false}}"}
{"op_code":5,"worker_id":"f36ef5b5-a8cf-4c2e-99c6-17b5da48a1a3-140104713647936","trial_id":247,"param_name":"layers","param_value_internal":0,"distribution":"{\"name\": \"CategoricalDistribution\", \"attributes\": {\"choices\": [1, 2, 3]}}"}
{"op_code":5,"worker_id":"f36ef5b5-a8cf-4c2e-99c6-17b5da48a1a3-140104713647936","trial_id":247,"param_name":"nodes","param_value_internal":2,"distribution":"{\"name\": \"CategoricalDistribution\", \"attributes\": {\"choices\": [16, 32, 64]}}"}
{"op_code":6,"worker_id":"f36ef5b5-a8cf-4c2e-99c6-17b5da48a1a3-140104713647936","trial_id":247,"state":1,"values":[0.7892263739568454],"datetime_complete":"2026-03-20T22:07:55.000825"}
{"op_code":4,"worker_id":"f36ef5b5-a8cf-4c2e-99c6-17b5da48a1a3-140104713647936","study_id":0,"datetime_start":"2026-03-20T22:07:55.029377"}
{"op_code":5,"worker_id":"f36ef5b5-a8cf-4c2e-99c6-17b5da48a1a3-140104713647936","trial_id":248,"param_name":"lr","param_value_internal":0.003021132008203606,"distribution":"{\"name\": \"FloatDistribution\", \"attributes\": {\"step\": null, \"low\": 0.0001, \"high\": 0.1, \"log\": true}}"}
{"op_code":5,"worker_id":"f36ef5b5-a8cf-4c2e-99c6-17b5da48a1a3-140104713647936","trial_id":248,"param_name":"dropout","param_value_internal":0.3926669289762264,"distribution":"{\"name\": \"FloatDistribution\", \"attributes\": {\"step\": null, \"low\": 0.0, \"high\": 0.5, \"log\": false}}"}
{"op_code":5,"worker_id":"f36ef5b5-a8cf-4c2e-99c6-17b5da48a1a3-140104713647936","trial_id":248,"param_name":"layers","param_value_internal":0,"distribution":"{\"name\": \"CategoricalDistribution\", \"attributes\": {\"choices\": [1, 2, 3]}}"}
{"op_code":5,"worker_id":"f36ef5b5-a8cf-4c2e-99c6-17b5da48a1a3-140104713647936","trial_id":248,"param_name":"nodes","param_value_internal":0,"distribution":"{\"name\": \"CategoricalDistribution\", \"attributes\": {\"choices\": [16, 32, 64]}}"}
{"op_code":6,"worker_id":"f36ef5b5-a8cf-4c2e-99c6-17b5da48a1a3-140104713647936","trial_id":248,"state":1,"values":[0.7947320328720223],"datetime_complete":"2026-03-20T22:07:56.410030"}
{"op_code":4,"worker_id":"f36ef5b5-a8cf-4c2e-99c6-17b5da48a1a3-140104713647936","study_id":0,"datetime_start":"2026-03-20T22:07:56.430748"}
{"op_code":5,"worker_id":"f36ef5b5-a8cf-4c2e-99c6-17b5da48a1a3-140104713647936","trial_id":249,"param_name":"lr","param_value_internal":0.0025740918655908058,"distribution":"{\"name\": \"FloatDistribution\", \"attributes\": {\"step\": null, \"low\": 0.0001, \"high\": 0.1, \"log\": true}}"}
{"op_code":5,"worker_id":"f36ef5b5-a8cf-4c2e-99c6-17b5da48a1a3-140104713647936","trial_id":249,"param_name":"dropout","param_value_internal":0.3872503139457463,"distribution":"{\"name\": \"FloatDistribution\", \"attributes\": {\"step\": null, \"low\": 0.0, \"high\": 0.5, \"log\": false}}"}
{"op_code":5,"worker_id":"f36ef5b5-a8cf-4c2e-99c6-17b5da48a1a3-140104713647936","trial_id":249,"param_name":"layers","param_value_internal":0,"distribution":"{\"name\": \"CategoricalDistribution\", \"attributes\": {\"choices\": [1, 2, 3]}}"}
{"op_code":5,"worker_id":"f36ef5b5-a8cf-4c2e-99c6-17b5da48a1a3-140104713647936","trial_id":249,"param_name":"nodes","param_value_internal":0,"distribution":"{\"name\": \"CategoricalDistribution\", \"attributes\": {\"choices\": [16, 32, 64]}}"}
{"op_code":6,"worker_id":"f36ef5b5-a8cf-4c2e-99c6-17b5da48a1a3-140104713647936","trial_id":249,"state":1,"values":[0.7885439498476112],"datetime_complete":"2026-03-20T22:07:57.868663"}
{"op_code":0,"worker_id":"eef1ed25-8dea-49e9-9637-bc7f91111111-140493794387776","study_name":"deepsurv_tuning","directions":[2]}
{"op_code":4,"worker_id":"eef1ed25-8dea-49e9-9637-bc7f91111111-140493794387776","study_id":0,"datetime_start":"2026-03-20T22:43:00.116082"}
{"op_code":5,"worker_id":"eef1ed25-8dea-49e9-9637-bc7f91111111-140493794387776","trial_id":250,"param_name":"lr","param_value_internal":0.0030221404236089465,"distribution":"{\"name\": \"FloatDistribution\", \"attributes\": {\"step\": null, \"low\": 0.0001, \"high\": 0.1, \"log\": true}}"}
{"op_code":5,"worker_id":"eef1ed25-8dea-49e9-9637-bc7f91111111-140493794387776","trial_id":250,"param_name":"dropout","param_value_internal":0.4035834006391775,"distribution":"{\"name\": \"FloatDistribution\", \"attributes\": {\"step\": null, \"low\": 0.0, \"high\": 0.5, \"log\": false}}"}
{"op_code":5,"worker_id":"eef1ed25-8dea-49e9-9637-bc7f91111111-140493794387776","trial_id":250,"param_name":"layers","param_value_internal":0,"distribution":"{\"name\": \"CategoricalDistribution\", \"attributes\": {\"choices\": [1, 2, 3]}}"}
{"op_code":5,"worker_id":"eef1ed25-8dea-49e9-9637-bc7f91111111-140493794387776","trial_id":250,"param_name":"nodes","param_value_internal":0,"distribution":"{\"name\": \"CategoricalDistribution\", \"attributes\": {\"choices\": [16, 32, 64]}}"}
{"op_code":6,"worker_id":"eef1ed25-8dea-49e9-9637-bc7f91111111-140493794387776","trial_id":250,"state":1,"values":[0.787121269077513],"datetime_complete":"2026-03-20T22:43:03.967356"}
{"op_code":4,"worker_id":"eef1ed25-8dea-49e9-9637-bc7f91111111-140493794387776","study_id":0,"datetime_start":"2026-03-20T22:43:03.985544"}
{"op_code":5,"worker_id":"eef1ed25-8dea-49e9-9637-bc7f91111111-140493794387776","trial_id":251,"param_name":"lr","param_value_internal":0.0019869984734241994,"distribution":"{\"name\": \"FloatDistribution\", \"attributes\": {\"step\": null, \"low\": 0.0001, \"high\": 0.1, \"log\": true}}"}
{"op_code":5,"worker_id":"eef1ed25-8dea-49e9-9637-bc7f91111111-140493794387776","trial_id":251,"param_name":"dropout","param_value_internal":0.38167940960348234,"distribution":"{\"name\": \"FloatDistribution\", \"attributes\": {\"step\": null, \"low\": 0.0, \"high\": 0.5, \"log\": false}}"}
{"op_code":5,"worker_id":"eef1ed25-8dea-49e9-9637-bc7f91111111-140493794387776","trial_id":251,"param_name":"layers","param_value_internal":0,"distribution":"{\"name\": \"CategoricalDistribution\", \"attributes\": {\"choices\": [1, 2, 3]}}"}
{"op_code":5,"worker_id":"eef1ed25-8dea-49e9-9637-bc7f91111111-140493794387776","trial_id":251,"param_name":"nodes","param_value_internal":0,"distribution":"{\"name\": \"CategoricalDistribution\", \"attributes\": {\"choices\": [16, 32, 64]}}"}
{"op_code":6,"worker_id":"eef1ed25-8dea-49e9-9637-bc7f91111111-140493794387776","trial_id":251,"state":1,"values":[0.792759942861439],"datetime_complete":"2026-03-20T22:43:05.381631"}
{"op_code":4,"worker_id":"eef1ed25-8dea-49e9-9637-bc7f91111111-140493794387776","study_id":0,"datetime_start":"2026-03-20T22:43:05.400778"}
{"op_code":5,"worker_id":"eef1ed25-8dea-49e9-9637-bc7f91111111-140493794387776","trial_id":252,"param_name":"lr","param_value_internal":0.0021978621583648825,"distribution":"{\"name\": \"FloatDistribution\", \"attributes\": {\"step\": null, \"low\": 0.0001, \"high\": 0.1, \"log\": true}}"}
{"op_code":5,"worker_id":"eef1ed25-8dea-49e9-9637-bc7f91111111-140493794387776","trial_id":252,"param_name":"dropout","param_value_internal":0.37861949263446176,"distribution":"{\"name\": \"FloatDistribution\", \"attributes\": {\"step\": null, \"low\": 0.0, \"high\": 0.5, \"log\": false}}"}
{"op_code":5,"worker_id":"eef1ed25-8dea-49e9-9637-bc7f91111111-140493794387776","trial_id":252,"param_name":"layers","param_value_internal":0,"distribution":"{\"name\": \"CategoricalDistribution\", \"attributes\": {\"choices\": [1, 2, 3]}}"}
{"op_code":5,"worker_id":"eef1ed25-8dea-49e9-9637-bc7f91111111-140493794387776","trial_id":252,"param_name":"nodes","param_value_internal":0,"distribution":"{\"name\": \"CategoricalDistribution\", \"attributes\": {\"choices\": [16, 32, 64]}}"}
{"op_code":6,"worker_id":"eef1ed25-8dea-49e9-9637-bc7f91111111-140493794387776","trial_id":252,"state":1,"values":[0.7901169952519476],"datetime_complete":"2026-03-20T22:43:06.790094"}
{"op_code":4,"worker_id":"eef1ed25-8dea-49e9-9637-bc7f91111111-140493794387776","study_id":0,"datetime_start":"2026-03-20T22:43:06.809203"}
{"op_code":5,"worker_id":"eef1ed25-8dea-49e9-9637-bc7f91111111-140493794387776","trial_id":253,"param_name":"lr","param_value_internal":0.003404276359655806,"distribution":"{\"name\": \"FloatDistribution\", \"attributes\": {\"step\": null, \"low\": 0.0001, \"high\": 0.1, \"log\": true}}"}
{"op_code":5,"worker_id":"eef1ed25-8dea-49e9-9637-bc7f91111111-140493794387776","trial_id":253,"param_name":"dropout","param_value_internal":0.3964198193540975,"distribution":"{\"name\": \"FloatDistribution\", \"attributes\": {\"step\": null, \"low\": 0.0, \"high\": 0.5, \"log\": false}}"}
{"op_code":5,"worker_id":"eef1ed25-8dea-49e9-9637-bc7f91111111-140493794387776","trial_id":253,"param_name":"layers","param_value_internal":0,"distribution":"{\"name\": \"CategoricalDistribution\", \"attributes\": {\"choices\": [1, 2, 3]}}"}
{"op_code":5,"worker_id":"eef1ed25-8dea-49e9-9637-bc7f91111111-140493794387776","trial_id":253,"param_name":"nodes","param_value_internal":0,"distribution":"{\"name\": \"CategoricalDistribution\", \"attributes\": {\"choices\": [16, 32, 64]}}"}
{"op_code":6,"worker_id":"eef1ed25-8dea-49e9-9637-bc7f91111111-140493794387776","trial_id":253,"state":1,"values":[0.7939975594663212],"datetime_complete":"2026-03-20T22:43:08.185147"}
{"op_code":4,"worker_id":"eef1ed25-8dea-49e9-9637-bc7f91111111-140493794387776","study_id":0,"datetime_start":"2026-03-20T22:43:08.201993"}
{"op_code":5,"worker_id":"eef1ed25-8dea-49e9-9637-bc7f91111111-140493794387776","trial_id":254,"param_name":"lr","param_value_internal":0.003410851429260123,"distribution":"{\"name\": \"FloatDistribution\", \"attributes\": {\"step\": null, \"low\": 0.0001, \"high\": 0.1, \"log\": true}}"}
{"op_code":5,"worker_id":"eef1ed25-8dea-49e9-9637-bc7f91111111-140493794387776","trial_id":254,"param_name":"dropout","param_value_internal":0.411993251348679,"distribution":"{\"name\": \"FloatDistribution\", \"attributes\": {\"step\": null, \"low\": 0.0, \"high\": 0.5, \"log\": false}}"}
{"op_code":5,"worker_id":"eef1ed25-8dea-49e9-9637-bc7f91111111-140493794387776","trial_id":254,"param_name":"layers","param_value_internal":0,"distribution":"{\"name\": \"CategoricalDistribution\", \"attributes\": {\"choices\": [1, 2, 3]}}"}
{"op_code":5,"worker_id":"eef1ed25-8dea-49e9-9637-bc7f91111111-140493794387776","trial_id":254,"param_name":"nodes","param_value_internal":0,"distribution":"{\"name\": \"CategoricalDistribution\", \"attributes\": {\"choices\": [16, 32, 64]}}"}
{"op_code":6,"worker_id":"eef1ed25-8dea-49e9-9637-bc7f91111111-140493794387776","trial_id":254,"state":1,"values":[0.792754159606276],"datetime_complete":"2026-03-20T22:43:09.597891"}
{"op_code":4,"worker_id":"eef1ed25-8dea-49e9-9637-bc7f91111111-140493794387776","study_id":0,"datetime_start":"2026-03-20T22:43:09.616439"}
{"op_code":5,"worker_id":"eef1ed25-8dea-49e9-9637-bc7f91111111-140493794387776","trial_id":255,"param_name":"lr","param_value_internal":0.0027974635102060827,"distribution":"{\"name\": \"FloatDistribution\", \"attributes\": {\"step\": null, \"low\": 0.0001, \"high\": 0.1, \"log\": true}}"}
{"op_code":5,"worker_id":"eef1ed25-8dea-49e9-9637-bc7f91111111-140493794387776","trial_id":255,"param_name":"dropout","param_value_internal":0.39449950074900303,"distribution":"{\"name\": \"FloatDistribution\", \"attributes\": {\"step\": null, \"low\": 0.0, \"high\": 0.5, \"log\": false}}"}
{"op_code":5,"worker_id":"eef1ed25-8dea-49e9-9637-bc7f91111111-140493794387776","trial_id":255,"param_name":"layers","param_value_internal":0,"distribution":"{\"name\": \"CategoricalDistribution\", \"attributes\": {\"choices\": [1, 2, 3]}}"}
{"op_code":5,"worker_id":"eef1ed25-8dea-49e9-9637-bc7f91111111-140493794387776","trial_id":255,"param_name":"nodes","param_value_internal":0,"distribution":"{\"name\": \"CategoricalDistribution\", \"attributes\": {\"choices\": [16, 32, 64]}}"}
{"op_code":6,"worker_id":"eef1ed25-8dea-49e9-9637-bc7f91111111-140493794387776","trial_id":255,"state":1,"values":[0.792557528930734],"datetime_complete":"2026-03-20T22:43:10.985285"}
{"op_code":4,"worker_id":"eef1ed25-8dea-49e9-9637-bc7f91111111-140493794387776","study_id":0,"datetime_start":"2026-03-20T22:43:11.003310"}
{"op_code":5,"worker_id":"eef1ed25-8dea-49e9-9637-bc7f91111111-140493794387776","trial_id":256,"param_name":"lr","param_value_internal":0.0036903435745809406,"distribution":"{\"name\": \"FloatDistribution\", \"attributes\": {\"step\": null, \"low\": 0.0001, \"high\": 0.1, \"log\": true}}"}
{"op_code":5,"worker_id":"eef1ed25-8dea-49e9-9637-bc7f91111111-140493794387776","trial_id":256,"param_name":"dropout","param_value_internal":0.36182065583479783,"distribution":"{\"name\": \"FloatDistribution\", \"attributes\": {\"step\": null, \"low\": 0.0, \"high\": 0.5, \"log\": false}}"}
{"op_code":5,"worker_id":"eef1ed25-8dea-49e9-9637-bc7f91111111-140493794387776","trial_id":256,"param_name":"layers","param_value_internal":0,"distribution":"{\"name\": \"CategoricalDistribution\", \"attributes\": {\"choices\": [1, 2, 3]}}"}
{"op_code":5,"worker_id":"eef1ed25-8dea-49e9-9637-bc7f91111111-140493794387776","trial_id":256,"param_name":"nodes","param_value_internal":0,"distribution":"{\"name\": \"CategoricalDistribution\", \"attributes\": {\"choices\": [16, 32, 64]}}"}
{"op_code":6,"worker_id":"eef1ed25-8dea-49e9-9637-bc7f91111111-140493794387776","trial_id":256,"state":1,"values":[0.7900591627003175],"datetime_complete":"2026-03-20T22:43:12.385415"}
{"op_code":4,"worker_id":"eef1ed25-8dea-49e9-9637-bc7f91111111-140493794387776","study_id":0,"datetime_start":"2026-03-20T22:43:12.402131"}
{"op_code":5,"worker_id":"eef1ed25-8dea-49e9-9637-bc7f91111111-140493794387776","trial_id":257,"param_name":"lr","param_value_internal":0.002996115110680604,"distribution":"{\"name\": \"FloatDistribution\", \"attributes\": {\"step\": null, \"low\": 0.0001, \"high\": 0.1, \"log\": true}}"}
{"op_code":5,"worker_id":"eef1ed25-8dea-49e9-9637-bc7f91111111-140493794387776","trial_id":257,"param_name":"dropout","param_value_internal":0.4245988189607396,"distribution":"{\"name\": \"FloatDistribution\", \"attributes\": {\"step\": null, \"low\": 0.0, \"high\": 0.5, \"log\": false}}"}
{"op_code":5,"worker_id":"eef1ed25-8dea-49e9-9637-bc7f91111111-140493794387776","trial_id":257,"param_name":"layers","param_value_internal":0,"distribution":"{\"name\": \"CategoricalDistribution\", \"attributes\": {\"choices\": [1, 2, 3]}}"}
{"op_code":5,"worker_id":"eef1ed25-8dea-49e9-9637-bc7f91111111-140493794387776","trial_id":257,"param_name":"nodes","param_value_internal":0,"distribution":"{\"name\": \"CategoricalDistribution\", \"attributes\": {\"choices\": [16, 32, 64]}}"}
{"op_code":6,"worker_id":"eef1ed25-8dea-49e9-9637-bc7f91111111-140493794387776","trial_id":257,"state":1,"values":[0.7897757831973304],"datetime_complete":"2026-03-20T22:43:13.800480"}
{"op_code":4,"worker_id":"eef1ed25-8dea-49e9-9637-bc7f91111111-140493794387776","study_id":0,"datetime_start":"2026-03-20T22:43:13.819506"}
{"op_code":5,"worker_id":"eef1ed25-8dea-49e9-9637-bc7f91111111-140493794387776","trial_id":258,"param_name":"lr","param_value_internal":0.0024189511782946164,"distribution":"{\"name\": \"FloatDistribution\", \"attributes\": {\"step\": null, \"low\": 0.0001, \"high\": 0.1, \"log\": true}}"}
{"op_code":5,"worker_id":"eef1ed25-8dea-49e9-9637-bc7f91111111-140493794387776","trial_id":258,"param_name":"dropout","param_value_internal":0.38091342194812416,"distribution":"{\"name\": \"FloatDistribution\", \"attributes\": {\"step\": null, \"low\": 0.0, \"high\": 0.5, \"log\": false}}"}
{"op_code":5,"worker_id":"eef1ed25-8dea-49e9-9637-bc7f91111111-140493794387776","trial_id":258,"param_name":"layers","param_value_internal":0,"distribution":"{\"name\": \"CategoricalDistribution\", \"attributes\": {\"choices\": [1, 2, 3]}}"}
{"op_code":5,"worker_id":"eef1ed25-8dea-49e9-9637-bc7f91111111-140493794387776","trial_id":258,"param_name":"nodes","param_value_internal":0,"distribution":"{\"name\": \"CategoricalDistribution\", \"attributes\": {\"choices\": [16, 32, 64]}}"}
{"op_code":6,"worker_id":"eef1ed25-8dea-49e9-9637-bc7f91111111-140493794387776","trial_id":258,"state":1,"values":[0.7895213199701584],"datetime_complete":"2026-03-20T22:43:15.237455"}
{"op_code":4,"worker_id":"eef1ed25-8dea-49e9-9637-bc7f91111111-140493794387776","study_id":0,"datetime_start":"2026-03-20T22:43:15.256285"}
{"op_code":5,"worker_id":"eef1ed25-8dea-49e9-9637-bc7f91111111-140493794387776","trial_id":259,"param_name":"lr","param_value_internal":0.0020245510974557816,"distribution":"{\"name\": \"FloatDistribution\", \"attributes\": {\"step\": null, \"low\": 0.0001, \"high\": 0.1, \"log\": true}}"}
{"op_code":5,"worker_id":"eef1ed25-8dea-49e9-9637-bc7f91111111-140493794387776","trial_id":259,"param_name":"dropout","param_value_internal":0.40435946993213323,"distribution":"{\"name\": \"FloatDistribution\", \"attributes\": {\"step\": null, \"low\": 0.0, \"high\": 0.5, \"log\": false}}"}
{"op_code":5,"worker_id":"eef1ed25-8dea-49e9-9637-bc7f91111111-140493794387776","trial_id":259,"param_name":"layers","param_value_internal":0,"distribution":"{\"name\": \"CategoricalDistribution\", \"attributes\": {\"choices\": [1, 2, 3]}}"}
{"op_code":5,"worker_id":"eef1ed25-8dea-49e9-9637-bc7f91111111-140493794387776","trial_id":259,"param_name":"nodes","param_value_internal":0,"distribution":"{\"name\": \"CategoricalDistribution\", \"attributes\": {\"choices\": [16, 32, 64]}}"}
{"op_code":6,"worker_id":"eef1ed25-8dea-49e9-9637-bc7f91111111-140493794387776","trial_id":259,"state":1,"values":[0.786982470953601],"datetime_complete":"2026-03-20T22:43:16.657315"}
{"op_code":0,"worker_id":"49900983-2de8-4a29-adac-0d61ed849296-139789252802368","study_name":"deepsurv_tuning","directions":[2]}
{"op_code":4,"worker_id":"49900983-2de8-4a29-adac-0d61ed849296-139789252802368","study_id":0,"datetime_start":"2026-03-20T22:59:07.566292"}
{"op_code":5,"worker_id":"49900983-2de8-4a29-adac-0d61ed849296-139789252802368","trial_id":260,"param_name":"lr","param_value_internal":0.003264235389215136,"distribution":"{\"name\": \"FloatDistribution\", \"attributes\": {\"step\": null, \"low\": 0.0001, \"high\": 0.1, \"log\": true}}"}
{"op_code":5,"worker_id":"49900983-2de8-4a29-adac-0d61ed849296-139789252802368","trial_id":260,"param_name":"dropout","param_value_internal":0.35655023838441546,"distribution":"{\"name\": \"FloatDistribution\", \"attributes\": {\"step\": null, \"low\": 0.0, \"high\": 0.5, \"log\": false}}"}
{"op_code":5,"worker_id":"49900983-2de8-4a29-adac-0d61ed849296-139789252802368","trial_id":260,"param_name":"layers","param_value_internal":0,"distribution":"{\"name\": \"CategoricalDistribution\", \"attributes\": {\"choices\": [1, 2, 3]}}"}
{"op_code":5,"worker_id":"49900983-2de8-4a29-adac-0d61ed849296-139789252802368","trial_id":260,"param_name":"nodes","param_value_internal":0,"distribution":"{\"name\": \"CategoricalDistribution\", \"attributes\": {\"choices\": [16, 32, 64]}}"}
{"op_code":6,"worker_id":"49900983-2de8-4a29-adac-0d61ed849296-139789252802368","trial_id":260,"state":1,"values":[0.7902904929068375],"datetime_complete":"2026-03-20T22:59:11.422702"}
{"op_code":4,"worker_id":"49900983-2de8-4a29-adac-0d61ed849296-139789252802368","study_id":0,"datetime_start":"2026-03-20T22:59:11.438369"}
{"op_code":5,"worker_id":"49900983-2de8-4a29-adac-0d61ed849296-139789252802368","trial_id":261,"param_name":"lr","param_value_internal":0.002656202539453835,"distribution":"{\"name\": \"FloatDistribution\", \"attributes\": {\"step\": null, \"low\": 0.0001, \"high\": 0.1, \"log\": true}}"}
{"op_code":5,"worker_id":"49900983-2de8-4a29-adac-0d61ed849296-139789252802368","trial_id":261,"param_name":"dropout","param_value_internal":0.39723473823429895,"distribution":"{\"name\": \"FloatDistribution\", \"attributes\": {\"step\": null, \"low\": 0.0, \"high\": 0.5, \"log\": false}}"}
{"op_code":5,"worker_id":"49900983-2de8-4a29-adac-0d61ed849296-139789252802368","trial_id":261,"param_name":"layers","param_value_internal":0,"distribution":"{\"name\": \"CategoricalDistribution\", \"attributes\": {\"choices\": [1, 2, 3]}}"}
{"op_code":5,"worker_id":"49900983-2de8-4a29-adac-0d61ed849296-139789252802368","trial_id":261,"param_name":"nodes","param_value_internal":0,"distribution":"{\"name\": \"CategoricalDistribution\", \"attributes\": {\"choices\": [16, 32, 64]}}"}
{"op_code":6,"worker_id":"49900983-2de8-4a29-adac-0d61ed849296-139789252802368","trial_id":261,"state":1,"values":[0.7922336666416059],"datetime_complete":"2026-03-20T22:59:12.844838"}
{"op_code":4,"worker_id":"49900983-2de8-4a29-adac-0d61ed849296-139789252802368","study_id":0,"datetime_start":"2026-03-20T22:59:12.865019"}
{"op_code":5,"worker_id":"49900983-2de8-4a29-adac-0d61ed849296-139789252802368","trial_id":262,"param_name":"lr","param_value_internal":0.0002775307520201971,"distribution":"{\"name\": \"FloatDistribution\", \"attributes\": {\"step\": null, \"low\": 0.0001, \"high\": 0.1, \"log\": true}}"}
{"op_code":5,"worker_id":"49900983-2de8-4a29-adac-0d61ed849296-139789252802368","trial_id":262,"param_name":"dropout","param_value_internal":0.36635773194968485,"distribution":"{\"name\": \"FloatDistribution\", \"attributes\": {\"step\": null, \"low\": 0.0, \"high\": 0.5, \"log\": false}}"}
{"op_code":5,"worker_id":"49900983-2de8-4a29-adac-0d61ed849296-139789252802368","trial_id":262,"param_name":"layers","param_value_internal":0,"distribution":"{\"name\": \"CategoricalDistribution\", \"attributes\": {\"choices\": [1, 2, 3]}}"}
{"op_code":5,"worker_id":"49900983-2de8-4a29-adac-0d61ed849296-139789252802368","trial_id":262,"param_name":"nodes","param_value_internal":0,"distribution":"{\"name\": \"CategoricalDistribution\", \"attributes\": {\"choices\": [16, 32, 64]}}"}
{"op_code":6,"worker_id":"49900983-2de8-4a29-adac-0d61ed849296-139789252802368","trial_id":262,"state":1,"values":[0.7278429036567522],"datetime_complete":"2026-03-20T22:59:14.257764"}
{"op_code":4,"worker_id":"49900983-2de8-4a29-adac-0d61ed849296-139789252802368","study_id":0,"datetime_start":"2026-03-20T22:59:14.278830"}
{"op_code":5,"worker_id":"49900983-2de8-4a29-adac-0d61ed849296-139789252802368","trial_id":263,"param_name":"lr","param_value_internal":0.021615295660230884,"distribution":"{\"name\": \"FloatDistribution\", \"attributes\": {\"step\": null, \"low\": 0.0001, \"high\": 0.1, \"log\": true}}"}
{"op_code":5,"worker_id":"49900983-2de8-4a29-adac-0d61ed849296-139789252802368","trial_id":263,"param_name":"dropout","param_value_internal":0.387614033885665,"distribution":"{\"name\": \"FloatDistribution\", \"attributes\": {\"step\": null, \"low\": 0.0, \"high\": 0.5, \"log\": false}}"}
{"op_code":5,"worker_id":"49900983-2de8-4a29-adac-0d61ed849296-139789252802368","trial_id":263,"param_name":"layers","param_value_internal":0,"distribution":"{\"name\": \"CategoricalDistribution\", \"attributes\": {\"choices\": [1, 2, 3]}}"}
{"op_code":5,"worker_id":"49900983-2de8-4a29-adac-0d61ed849296-139789252802368","trial_id":263,"param_name":"nodes","param_value_internal":0,"distribution":"{\"name\": \"CategoricalDistribution\", \"attributes\": {\"choices\": [16, 32, 64]}}"}
{"op_code":6,"worker_id":"49900983-2de8-4a29-adac-0d61ed849296-139789252802368","trial_id":263,"state":1,"values":[0.7941016580592553],"datetime_complete":"2026-03-20T22:59:15.669414"}
{"op_code":4,"worker_id":"49900983-2de8-4a29-adac-0d61ed849296-139789252802368","study_id":0,"datetime_start":"2026-03-20T22:59:15.699426"}
{"op_code":5,"worker_id":"49900983-2de8-4a29-adac-0d61ed849296-139789252802368","trial_id":264,"param_name":"lr","param_value_internal":0.024081911870843794,"distribution":"{\"name\": \"FloatDistribution\", \"attributes\": {\"step\": null, \"low\": 0.0001, \"high\": 0.1, \"log\": true}}"}
{"op_code":5,"worker_id":"49900983-2de8-4a29-adac-0d61ed849296-139789252802368","trial_id":264,"param_name":"dropout","param_value_internal":0.14995605100156906,"distribution":"{\"name\": \"FloatDistribution\", \"attributes\": {\"step\": null, \"low\": 0.0, \"high\": 0.5, \"log\": false}}"}
{"op_code":5,"worker_id":"49900983-2de8-4a29-adac-0d61ed849296-139789252802368","trial_id":264,"param_name":"layers","param_value_internal":0,"distribution":"{\"name\": \"CategoricalDistribution\", \"attributes\": {\"choices\": [1, 2, 3]}}"}
{"op_code":5,"worker_id":"49900983-2de8-4a29-adac-0d61ed849296-139789252802368","trial_id":264,"param_name":"nodes","param_value_internal":0,"distribution":"{\"name\": \"CategoricalDistribution\", \"attributes\": {\"choices\": [16, 32, 64]}}"}
{"op_code":6,"worker_id":"49900983-2de8-4a29-adac-0d61ed849296-139789252802368","trial_id":264,"state":1,"values":[0.7766362274669921],"datetime_complete":"2026-03-20T22:59:17.080670"}
{"op_code":4,"worker_id":"49900983-2de8-4a29-adac-0d61ed849296-139789252802368","study_id":0,"datetime_start":"2026-03-20T22:59:17.104208"}
{"op_code":5,"worker_id":"49900983-2de8-4a29-adac-0d61ed849296-139789252802368","trial_id":265,"param_name":"lr","param_value_internal":0.0214693674041769,"distribution":"{\"name\": \"FloatDistribution\", \"attributes\": {\"step\": null, \"low\": 0.0001, \"high\": 0.1, \"log\": true}}"}
{"op_code":5,"worker_id":"49900983-2de8-4a29-adac-0d61ed849296-139789252802368","trial_id":265,"param_name":"dropout","param_value_internal":0.4148585974199078,"distribution":"{\"name\": \"FloatDistribution\", \"attributes\": {\"step\": null, \"low\": 0.0, \"high\": 0.5, \"log\": false}}"}
{"op_code":5,"worker_id":"49900983-2de8-4a29-adac-0d61ed849296-139789252802368","trial_id":265,"param_name":"layers","param_value_internal":0,"distribution":"{\"name\": \"CategoricalDistribution\", \"attributes\": {\"choices\": [1, 2, 3]}}"}
{"op_code":5,"worker_id":"49900983-2de8-4a29-adac-0d61ed849296-139789252802368","trial_id":265,"param_name":"nodes","param_value_internal":0,"distribution":"{\"name\": \"CategoricalDistribution\", \"attributes\": {\"choices\": [16, 32, 64]}}"}
{"op_code":6,"worker_id":"49900983-2de8-4a29-adac-0d61ed849296-139789252802368","trial_id":265,"state":1,"values":[0.7832811876492802],"datetime_complete":"2026-03-20T22:59:18.482021"}
{"op_code":4,"worker_id":"49900983-2de8-4a29-adac-0d61ed849296-139789252802368","study_id":0,"datetime_start":"2026-03-20T22:59:18.508734"}
{"op_code":5,"worker_id":"49900983-2de8-4a29-adac-0d61ed849296-139789252802368","trial_id":266,"param_name":"lr","param_value_internal":0.01843495970070841,"distribution":"{\"name\": \"FloatDistribution\", \"attributes\": {\"step\": null, \"low\": 0.0001, \"high\": 0.1, \"log\": true}}"}
{"op_code":5,"worker_id":"49900983-2de8-4a29-adac-0d61ed849296-139789252802368","trial_id":266,"param_name":"dropout","param_value_internal":0.3448513771238742,"distribution":"{\"name\": \"FloatDistribution\", \"attributes\": {\"step\": null, \"low\": 0.0, \"high\": 0.5, \"log\": false}}"}
{"op_code":5,"worker_id":"49900983-2de8-4a29-adac-0d61ed849296-139789252802368","trial_id":266,"param_name":"layers","param_value_internal":2,"distribution":"{\"name\": \"CategoricalDistribution\", \"attributes\": {\"choices\": [1, 2, 3]}}"}
{"op_code":5,"worker_id":"49900983-2de8-4a29-adac-0d61ed849296-139789252802368","trial_id":266,"param_name":"nodes","param_value_internal":2,"distribution":"{\"name\": \"CategoricalDistribution\", \"attributes\": {\"choices\": [16, 32, 64]}}"}
{"op_code":6,"worker_id":"49900983-2de8-4a29-adac-0d61ed849296-139789252802368","trial_id":266,"state":1,"values":[0.7843163903234575],"datetime_complete":"2026-03-20T22:59:20.402537"}
{"op_code":4,"worker_id":"49900983-2de8-4a29-adac-0d61ed849296-139789252802368","study_id":0,"datetime_start":"2026-03-20T22:59:20.425029"}
{"op_code":5,"worker_id":"49900983-2de8-4a29-adac-0d61ed849296-139789252802368","trial_id":267,"param_name":"lr","param_value_internal":0.02845290695268393,"distribution":"{\"name\": \"FloatDistribution\", \"attributes\": {\"step\": null, \"low\": 0.0001, \"high\": 0.1, \"log\": true}}"}
{"op_code":5,"worker_id":"49900983-2de8-4a29-adac-0d61ed849296-139789252802368","trial_id":267,"param_name":"dropout","param_value_internal":0.39045886758063864,"distribution":"{\"name\": \"FloatDistribution\", \"attributes\": {\"step\": null, \"low\": 0.0, \"high\": 0.5, \"log\": false}}"}
{"op_code":5,"worker_id":"49900983-2de8-4a29-adac-0d61ed849296-139789252802368","trial_id":267,"param_name":"layers","param_value_internal":0,"distribution":"{\"name\": \"CategoricalDistribution\", \"attributes\": {\"choices\": [1, 2, 3]}}"}
{"op_code":5,"worker_id":"49900983-2de8-4a29-adac-0d61ed849296-139789252802368","trial_id":267,"param_name":"nodes","param_value_internal":2,"distribution":"{\"name\": \"CategoricalDistribution\", \"attributes\": {\"choices\": [16, 32, 64]}}"}
{"op_code":6,"worker_id":"49900983-2de8-4a29-adac-0d61ed849296-139789252802368","trial_id":267,"state":1,"values":[0.7852764106805157],"datetime_complete":"2026-03-20T22:59:21.793749"}
{"op_code":4,"worker_id":"49900983-2de8-4a29-adac-0d61ed849296-139789252802368","study_id":0,"datetime_start":"2026-03-20T22:59:21.829975"}
{"op_code":5,"worker_id":"49900983-2de8-4a29-adac-0d61ed849296-139789252802368","trial_id":268,"param_name":"lr","param_value_internal":0.026189636931320724,"distribution":"{\"name\": \"FloatDistribution\", \"attributes\": {\"step\": null, \"low\": 0.0001, \"high\": 0.1, \"log\": true}}"}
{"op_code":5,"worker_id":"49900983-2de8-4a29-adac-0d61ed849296-139789252802368","trial_id":268,"param_name":"dropout","param_value_internal":0.3231800924284748,"distribution":"{\"name\": \"FloatDistribution\", \"attributes\": {\"step\": null, \"low\": 0.0, \"high\": 0.5, \"log\": false}}"}
{"op_code":5,"worker_id":"49900983-2de8-4a29-adac-0d61ed849296-139789252802368","trial_id":268,"param_name":"layers","param_value_internal":2,"distribution":"{\"name\": \"CategoricalDistribution\", \"attributes\": {\"choices\": [1, 2, 3]}}"}
{"op_code":5,"worker_id":"49900983-2de8-4a29-adac-0d61ed849296-139789252802368","trial_id":268,"param_name":"nodes","param_value_internal":2,"distribution":"{\"name\": \"CategoricalDistribution\", \"attributes\": {\"choices\": [16, 32, 64]}}"}
{"op_code":6,"worker_id":"49900983-2de8-4a29-adac-0d61ed849296-139789252802368","trial_id":268,"state":1,"values":[0.7754795764343919],"datetime_complete":"2026-03-20T22:59:23.727036"}
{"op_code":4,"worker_id":"49900983-2de8-4a29-adac-0d61ed849296-139789252802368","study_id":0,"datetime_start":"2026-03-20T22:59:23.752617"}
{"op_code":5,"worker_id":"49900983-2de8-4a29-adac-0d61ed849296-139789252802368","trial_id":269,"param_name":"lr","param_value_internal":0.03498340885955002,"distribution":"{\"name\": \"FloatDistribution\", \"attributes\": {\"step\": null, \"low\": 0.0001, \"high\": 0.1, \"log\": true}}"}
{"op_code":5,"worker_id":"49900983-2de8-4a29-adac-0d61ed849296-139789252802368","trial_id":269,"param_name":"dropout","param_value_internal":0.3716020365559579,"distribution":"{\"name\": \"FloatDistribution\", \"attributes\": {\"step\": null, \"low\": 0.0, \"high\": 0.5, \"log\": false}}"}
{"op_code":5,"worker_id":"49900983-2de8-4a29-adac-0d61ed849296-139789252802368","trial_id":269,"param_name":"layers","param_value_internal":1,"distribution":"{\"name\": \"CategoricalDistribution\", \"attributes\": {\"choices\": [1, 2, 3]}}"}
{"op_code":5,"worker_id":"49900983-2de8-4a29-adac-0d61ed849296-139789252802368","trial_id":269,"param_name":"nodes","param_value_internal":2,"distribution":"{\"name\": \"CategoricalDistribution\", \"attributes\": {\"choices\": [16, 32, 64]}}"}
{"op_code":6,"worker_id":"49900983-2de8-4a29-adac-0d61ed849296-139789252802368","trial_id":269,"state":1,"values":[0.776370197729494],"datetime_complete":"2026-03-20T22:59:25.377343"}
{"op_code":0,"worker_id":"9eb8ec12-56e6-4704-b269-ae6f8372416c-140475561576256","study_name":"deepsurv_tuning","directions":[2]}
{"op_code":4,"worker_id":"9eb8ec12-56e6-4704-b269-ae6f8372416c-140475561576256","study_id":0,"datetime_start":"2026-03-20T23:16:07.894923"}
{"op_code":5,"worker_id":"9eb8ec12-56e6-4704-b269-ae6f8372416c-140475561576256","trial_id":270,"param_name":"lr","param_value_internal":0.01575161954144993,"distribution":"{\"name\": \"FloatDistribution\", \"attributes\": {\"step\": null, \"low\": 0.0001, \"high\": 0.1, \"log\": true}}"}
{"op_code":5,"worker_id":"9eb8ec12-56e6-4704-b269-ae6f8372416c-140475561576256","trial_id":270,"param_name":"dropout","param_value_internal":0.4067169250764077,"distribution":"{\"name\": \"FloatDistribution\", \"attributes\": {\"step\": null, \"low\": 0.0, \"high\": 0.5, \"log\": false}}"}
{"op_code":5,"worker_id":"9eb8ec12-56e6-4704-b269-ae6f8372416c-140475561576256","trial_id":270,"param_name":"layers","param_value_internal":0,"distribution":"{\"name\": \"CategoricalDistribution\", \"attributes\": {\"choices\": [1, 2, 3]}}"}
{"op_code":5,"worker_id":"9eb8ec12-56e6-4704-b269-ae6f8372416c-140475561576256","trial_id":270,"param_name":"nodes","param_value_internal":2,"distribution":"{\"name\": \"CategoricalDistribution\", \"attributes\": {\"choices\": [16, 32, 64]}}"}
{"op_code":6,"worker_id":"9eb8ec12-56e6-4704-b269-ae6f8372416c-140475561576256","trial_id":270,"state":1,"values":[0.7832204634700688],"datetime_complete":"2026-03-20T23:16:11.729301"}
{"op_code":4,"worker_id":"9eb8ec12-56e6-4704-b269-ae6f8372416c-140475561576256","study_id":0,"datetime_start":"2026-03-20T23:16:11.740286"}
{"op_code":5,"worker_id":"9eb8ec12-56e6-4704-b269-ae6f8372416c-140475561576256","trial_id":271,"param_name":"lr","param_value_internal":0.020810726029786036,"distribution":"{\"name\": \"FloatDistribution\", \"attributes\": {\"step\": null, \"low\": 0.0001, \"high\": 0.1, \"log\": true}}"}
{"op_code":5,"worker_id":"9eb8ec12-56e6-4704-b269-ae6f8372416c-140475561576256","trial_id":271,"param_name":"dropout","param_value_internal":0.4567139432823111,"distribution":"{\"name\": \"FloatDistribution\", \"attributes\": {\"step\": null, \"low\": 0.0, \"high\": 0.5, \"log\": false}}"}
{"op_code":5,"worker_id":"9eb8ec12-56e6-4704-b269-ae6f8372416c-140475561576256","trial_id":271,"param_name":"layers","param_value_internal":1,"distribution":"{\"name\": \"CategoricalDistribution\", \"attributes\": {\"choices\": [1, 2, 3]}}"}
{"op_code":5,"worker_id":"9eb8ec12-56e6-4704-b269-ae6f8372416c-140475561576256","trial_id":271,"param_name":"nodes","param_value_internal":2,"distribution":"{\"name\": \"CategoricalDistribution\", \"attributes\": {\"choices\": [16, 32, 64]}}"}
{"op_code":6,"worker_id":"9eb8ec12-56e6-4704-b269-ae6f8372416c-140475561576256","trial_id":271,"state":1,"values":[0.7832754043941172],"datetime_complete":"2026-03-20T23:16:13.377611"}
{"op_code":4,"worker_id":"9eb8ec12-56e6-4704-b269-ae6f8372416c-140475561576256","study_id":0,"datetime_start":"2026-03-20T23:16:13.393786"}
{"op_code":5,"worker_id":"9eb8ec12-56e6-4704-b269-ae6f8372416c-140475561576256","trial_id":272,"param_name":"lr","param_value_internal":0.003127608852948348,"distribution":"{\"name\": \"FloatDistribution\", \"attributes\": {\"step\": null, \"low\": 0.0001, \"high\": 0.1, \"log\": true}}"}
{"op_code":5,"worker_id":"9eb8ec12-56e6-4704-b269-ae6f8372416c-140475561576256","trial_id":272,"param_name":"dropout","param_value_internal":0.3977869231642235,"distribution":"{\"name\": \"FloatDistribution\", \"attributes\": {\"step\": null, \"low\": 0.0, \"high\": 0.5, \"log\": false}}"}
{"op_code":5,"worker_id":"9eb8ec12-56e6-4704-b269-ae6f8372416c-140475561576256","trial_id":272,"param_name":"layers","param_value_internal":2,"distribution":"{\"name\": \"CategoricalDistribution\", \"attributes\": {\"choices\": [1, 2, 3]}}"}
{"op_code":5,"worker_id":"9eb8ec12-56e6-4704-b269-ae6f8372416c-140475561576256","trial_id":272,"param_name":"nodes","param_value_internal":2,"distribution":"{\"name\": \"CategoricalDistribution\", \"attributes\": {\"choices\": [16, 32, 64]}}"}
{"op_code":6,"worker_id":"9eb8ec12-56e6-4704-b269-ae6f8372416c-140475561576256","trial_id":272,"state":1,"values":[0.7915020848634863],"datetime_complete":"2026-03-20T23:16:15.245407"}
{"op_code":4,"worker_id":"9eb8ec12-56e6-4704-b269-ae6f8372416c-140475561576256","study_id":0,"datetime_start":"2026-03-20T23:16:15.261609"}
{"op_code":5,"worker_id":"9eb8ec12-56e6-4704-b269-ae6f8372416c-140475561576256","trial_id":273,"param_name":"lr","param_value_internal":0.0023197774991140533,"distribution":"{\"name\": \"FloatDistribution\", \"attributes\": {\"step\": null, \"low\": 0.0001, \"high\": 0.1, \"log\": true}}"}
{"op_code":5,"worker_id":"9eb8ec12-56e6-4704-b269-ae6f8372416c-140475561576256","trial_id":273,"param_name":"dropout","param_value_internal":0.4759431182784816,"distribution":"{\"name\": \"FloatDistribution\", \"attributes\": {\"step\": null, \"low\": 0.0, \"high\": 0.5, \"log\": false}}"}
{"op_code":5,"worker_id":"9eb8ec12-56e6-4704-b269-ae6f8372416c-140475561576256","trial_id":273,"param_name":"layers","param_value_internal":1,"distribution":"{\"name\": \"CategoricalDistribution\", \"attributes\": {\"choices\": [1, 2, 3]}}"}
{"op_code":5,"worker_id":"9eb8ec12-56e6-4704-b269-ae6f8372416c-140475561576256","trial_id":273,"param_name":"nodes","param_value_internal":2,"distribution":"{\"name\": \"CategoricalDistribution\", \"attributes\": {\"choices\": [16, 32, 64]}}"}
{"op_code":6,"worker_id":"9eb8ec12-56e6-4704-b269-ae6f8372416c-140475561576256","trial_id":273,"state":1,"values":[0.7930086228334481],"datetime_complete":"2026-03-20T23:16:16.879235"}
{"op_code":4,"worker_id":"9eb8ec12-56e6-4704-b269-ae6f8372416c-140475561576256","study_id":0,"datetime_start":"2026-03-20T23:16:19.827866"}
{"op_code":5,"worker_id":"9eb8ec12-56e6-4704-b269-ae6f8372416c-140475561576256","trial_id":274,"param_name":"lr","param_value_internal":0.0038465080898885573,"distribution":"{\"name\": \"FloatDistribution\", \"attributes\": {\"step\": null, \"low\": 0.0001, \"high\": 0.1, \"log\": true}}"}
{"op_code":5,"worker_id":"9eb8ec12-56e6-4704-b269-ae6f8372416c-140475561576256","trial_id":274,"param_name":"dropout","param_value_internal":0.47194993406900987,"distribution":"{\"name\": \"FloatDistribution\", \"attributes\": {\"step\": null, \"low\": 0.0, \"high\": 0.5, \"log\": false}}"}
{"op_code":5,"worker_id":"9eb8ec12-56e6-4704-b269-ae6f8372416c-140475561576256","trial_id":274,"param_name":"layers","param_value_internal":1,"distribution":"{\"name\": \"CategoricalDistribution\", \"attributes\": {\"choices\": [1, 2, 3]}}"}
{"op_code":5,"worker_id":"9eb8ec12-56e6-4704-b269-ae6f8372416c-140475561576256","trial_id":274,"param_name":"nodes","param_value_internal":0,"distribution":"{\"name\": \"CategoricalDistribution\", \"attributes\": {\"choices\": [16, 32, 64]}}"}
{"op_code":6,"worker_id":"9eb8ec12-56e6-4704-b269-ae6f8372416c-140475561576256","trial_id":274,"state":1,"values":[0.792661627523668],"datetime_complete":"2026-03-20T23:16:21.575202"}
{"op_code":4,"worker_id":"9eb8ec12-56e6-4704-b269-ae6f8372416c-140475561576256","study_id":0,"datetime_start":"2026-03-20T23:16:25.247306"}
{"op_code":5,"worker_id":"9eb8ec12-56e6-4704-b269-ae6f8372416c-140475561576256","trial_id":275,"param_name":"lr","param_value_internal":0.0025135467831556993,"distribution":"{\"name\": \"FloatDistribution\", \"attributes\": {\"step\": null, \"low\": 0.0001, \"high\": 0.1, \"log\": true}}"}
{"op_code":5,"worker_id":"9eb8ec12-56e6-4704-b269-ae6f8372416c-140475561576256","trial_id":275,"param_name":"dropout","param_value_internal":0.4984776479315835,"distribution":"{\"name\": \"FloatDistribution\", \"attributes\": {\"step\": null, \"low\": 0.0, \"high\": 0.5, \"log\": false}}"}
{"op_code":5,"worker_id":"9eb8ec12-56e6-4704-b269-ae6f8372416c-140475561576256","trial_id":275,"param_name":"layers","param_value_internal":1,"distribution":"{\"name\": \"CategoricalDistribution\", \"attributes\": {\"choices\": [1, 2, 3]}}"}
{"op_code":5,"worker_id":"9eb8ec12-56e6-4704-b269-ae6f8372416c-140475561576256","trial_id":275,"param_name":"nodes","param_value_internal":2,"distribution":"{\"name\": \"CategoricalDistribution\", \"attributes\": {\"choices\": [16, 32, 64]}}"}
{"op_code":6,"worker_id":"9eb8ec12-56e6-4704-b269-ae6f8372416c-140475561576256","trial_id":275,"state":1,"values":[0.7943850375622423],"datetime_complete":"2026-03-20T23:16:27.019145"}
{"op_code":4,"worker_id":"9eb8ec12-56e6-4704-b269-ae6f8372416c-140475561576256","study_id":0,"datetime_start":"2026-03-20T23:16:30.681097"}
{"op_code":5,"worker_id":"9eb8ec12-56e6-4704-b269-ae6f8372416c-140475561576256","trial_id":276,"param_name":"lr","param_value_internal":0.004122306497490767,"distribution":"{\"name\": \"FloatDistribution\", \"attributes\": {\"step\": null, \"low\": 0.0001, \"high\": 0.1, \"log\": true}}"}
{"op_code":5,"worker_id":"9eb8ec12-56e6-4704-b269-ae6f8372416c-140475561576256","trial_id":276,"param_name":"dropout","param_value_internal":0.49627328250811137,"distribution":"{\"name\": \"FloatDistribution\", \"attributes\": {\"step\": null, \"low\": 0.0, \"high\": 0.5, \"log\": false}}"}
{"op_code":5,"worker_id":"9eb8ec12-56e6-4704-b269-ae6f8372416c-140475561576256","trial_id":276,"param_name":"layers","param_value_internal":1,"distribution":"{\"name\": \"CategoricalDistribution\", \"attributes\": {\"choices\": [1, 2, 3]}}"}
{"op_code":5,"worker_id":"9eb8ec12-56e6-4704-b269-ae6f8372416c-140475561576256","trial_id":276,"param_name":"nodes","param_value_internal":2,"distribution":"{\"name\": \"CategoricalDistribution\", \"attributes\": {\"choices\": [16, 32, 64]}}"}
{"op_code":6,"worker_id":"9eb8ec12-56e6-4704-b269-ae6f8372416c-140475561576256","trial_id":276,"state":1,"values":[0.792661627523668],"datetime_complete":"2026-03-20T23:16:32.362566"}
{"op_code":4,"worker_id":"9eb8ec12-56e6-4704-b269-ae6f8372416c-140475561576256","study_id":0,"datetime_start":"2026-03-20T23:16:32.383948"}
{"op_code":5,"worker_id":"9eb8ec12-56e6-4704-b269-ae6f8372416c-140475561576256","trial_id":277,"param_name":"lr","param_value_internal":0.0031372567036460734,"distribution":"{\"name\": \"FloatDistribution\", \"attributes\": {\"step\": null, \"low\": 0.0001, \"high\": 0.1, \"log\": true}}"}
{"op_code":5,"worker_id":"9eb8ec12-56e6-4704-b269-ae6f8372416c-140475561576256","trial_id":277,"param_name":"dropout","param_value_internal":0.4966005043150004,"distribution":"{\"name\": \"FloatDistribution\", \"attributes\": {\"step\": null, \"low\": 0.0, \"high\": 0.5, \"log\": false}}"}
{"op_code":5,"worker_id":"9eb8ec12-56e6-4704-b269-ae6f8372416c-140475561576256","trial_id":277,"param_name":"layers","param_value_internal":1,"distribution":"{\"name\": \"CategoricalDistribution\", \"attributes\": {\"choices\": [1, 2, 3]}}"}
{"op_code":5,"worker_id":"9eb8ec12-56e6-4704-b269-ae6f8372416c-140475561576256","trial_id":277,"param_name":"nodes","param_value_internal":2,"distribution":"{\"name\": \"CategoricalDistribution\", \"attributes\": {\"choices\": [16, 32, 64]}}"}
{"op_code":6,"worker_id":"9eb8ec12-56e6-4704-b269-ae6f8372416c-140475561576256","trial_id":277,"state":1,"values":[0.7954578313949789],"datetime_complete":"2026-03-20T23:16:34.050951"}
{"op_code":4,"worker_id":"9eb8ec12-56e6-4704-b269-ae6f8372416c-140475561576256","study_id":0,"datetime_start":"2026-03-20T23:16:34.086254"}
{"op_code":5,"worker_id":"9eb8ec12-56e6-4704-b269-ae6f8372416c-140475561576256","trial_id":278,"param_name":"lr","param_value_internal":0.002691085669465799,"distribution":"{\"name\": \"FloatDistribution\", \"attributes\": {\"step\": null, \"low\": 0.0001, \"high\": 0.1, \"log\": true}}"}
{"op_code":5,"worker_id":"9eb8ec12-56e6-4704-b269-ae6f8372416c-140475561576256","trial_id":278,"param_name":"dropout","param_value_internal":0.4881277321862991,"distribution":"{\"name\": \"FloatDistribution\", \"attributes\": {\"step\": null, \"low\": 0.0, \"high\": 0.5, \"log\": false}}"}
{"op_code":5,"worker_id":"9eb8ec12-56e6-4704-b269-ae6f8372416c-140475561576256","trial_id":278,"param_name":"layers","param_value_internal":1,"distribution":"{\"name\": \"CategoricalDistribution\", \"attributes\": {\"choices\": [1, 2, 3]}}"}
{"op_code":5,"worker_id":"9eb8ec12-56e6-4704-b269-ae6f8372416c-140475561576256","trial_id":278,"param_name":"nodes","param_value_internal":2,"distribution":"{\"name\": \"CategoricalDistribution\", \"attributes\": {\"choices\": [16, 32, 64]}}"}
{"op_code":6,"worker_id":"9eb8ec12-56e6-4704-b269-ae6f8372416c-140475561576256","trial_id":278,"state":1,"values":[0.7912273802432437],"datetime_complete":"2026-03-20T23:16:35.727905"}
{"op_code":4,"worker_id":"9eb8ec12-56e6-4704-b269-ae6f8372416c-140475561576256","study_id":0,"datetime_start":"2026-03-20T23:16:39.101860"}
{"op_code":5,"worker_id":"9eb8ec12-56e6-4704-b269-ae6f8372416c-140475561576256","trial_id":279,"param_name":"lr","param_value_internal":0.003485684177823789,"distribution":"{\"name\": \"FloatDistribution\", \"attributes\": {\"step\": null, \"low\": 0.0001, \"high\": 0.1, \"log\": true}}"}
{"op_code":5,"worker_id":"9eb8ec12-56e6-4704-b269-ae6f8372416c-140475561576256","trial_id":279,"param_name":"dropout","param_value_internal":0.48934807148828646,"distribution":"{\"name\": \"FloatDistribution\", \"attributes\": {\"step\": null, \"low\": 0.0, \"high\": 0.5, \"log\": false}}"}
{"op_code":5,"worker_id":"9eb8ec12-56e6-4704-b269-ae6f8372416c-140475561576256","trial_id":279,"param_name":"layers","param_value_internal":1,"distribution":"{\"name\": \"CategoricalDistribution\", \"attributes\": {\"choices\": [1, 2, 3]}}"}
{"op_code":5,"worker_id":"9eb8ec12-56e6-4704-b269-ae6f8372416c-140475561576256","trial_id":279,"param_name":"nodes","param_value_internal":2,"distribution":"{\"name\": \"CategoricalDistribution\", \"attributes\": {\"choices\": [16, 32, 64]}}"}
{"op_code":6,"worker_id":"9eb8ec12-56e6-4704-b269-ae6f8372416c-140475561576256","trial_id":279,"state":1,"values":[0.7937835790252902],"datetime_complete":"2026-03-20T23:16:40.890944"}
{"op_code":0,"worker_id":"49ac8634-f365-4261-a530-d8bf68dabf47-140193173047104","study_name":"deepsurv_tuning","directions":[2]}
{"op_code":4,"worker_id":"49ac8634-f365-4261-a530-d8bf68dabf47-140193173047104","study_id":0,"datetime_start":"2026-03-21T07:13:51.904867"}
{"op_code":5,"worker_id":"49ac8634-f365-4261-a530-d8bf68dabf47-140193173047104","trial_id":280,"param_name":"lr","param_value_internal":0.003698797077455189,"distribution":"{\"name\": \"FloatDistribution\", \"attributes\": {\"step\": null, \"low\": 0.0001, \"high\": 0.1, \"log\": true}}"}
{"op_code":5,"worker_id":"49ac8634-f365-4261-a530-d8bf68dabf47-140193173047104","trial_id":280,"param_name":"dropout","param_value_internal":0.4883163765112185,"distribution":"{\"name\": \"FloatDistribution\", \"attributes\": {\"step\": null, \"low\": 0.0, \"high\": 0.5, \"log\": false}}"}
{"op_code":5,"worker_id":"49ac8634-f365-4261-a530-d8bf68dabf47-140193173047104","trial_id":280,"param_name":"layers","param_value_internal":1,"distribution":"{\"name\": \"CategoricalDistribution\", \"attributes\": {\"choices\": [1, 2, 3]}}"}
{"op_code":5,"worker_id":"49ac8634-f365-4261-a530-d8bf68dabf47-140193173047104","trial_id":280,"param_name":"nodes","param_value_internal":2,"distribution":"{\"name\": \"CategoricalDistribution\", \"attributes\": {\"choices\": [16, 32, 64]}}"}
{"op_code":6,"worker_id":"49ac8634-f365-4261-a530-d8bf68dabf47-140193173047104","trial_id":280,"state":1,"values":[0.7943474464036828],"datetime_complete":"2026-03-21T07:14:02.036112"}
{"op_code":4,"worker_id":"49ac8634-f365-4261-a530-d8bf68dabf47-140193173047104","study_id":0,"datetime_start":"2026-03-21T07:14:02.053331"}
{"op_code":5,"worker_id":"49ac8634-f365-4261-a530-d8bf68dabf47-140193173047104","trial_id":281,"param_name":"lr","param_value_internal":0.00350768870690534,"distribution":"{\"name\": \"FloatDistribution\", \"attributes\": {\"step\": null, \"low\": 0.0001, \"high\": 0.1, \"log\": true}}"}
{"op_code":5,"worker_id":"49ac8634-f365-4261-a530-d8bf68dabf47-140193173047104","trial_id":281,"param_name":"dropout","param_value_internal":0.49468736888516945,"distribution":"{\"name\": \"FloatDistribution\", \"attributes\": {\"step\": null, \"low\": 0.0, \"high\": 0.5, \"log\": false}}"}
{"op_code":5,"worker_id":"49ac8634-f365-4261-a530-d8bf68dabf47-140193173047104","trial_id":281,"param_name":"layers","param_value_internal":1,"distribution":"{\"name\": \"CategoricalDistribution\", \"attributes\": {\"choices\": [1, 2, 3]}}"}
{"op_code":5,"worker_id":"49ac8634-f365-4261-a530-d8bf68dabf47-140193173047104","trial_id":281,"param_name":"nodes","param_value_internal":2,"distribution":"{\"name\": \"CategoricalDistribution\", \"attributes\": {\"choices\": [16, 32, 64]}}"}
{"op_code":6,"worker_id":"49ac8634-f365-4261-a530-d8bf68dabf47-140193173047104","trial_id":281,"state":1,"values":[0.7910249663125387],"datetime_complete":"2026-03-21T07:14:04.334623"}
{"op_code":4,"worker_id":"49ac8634-f365-4261-a530-d8bf68dabf47-140193173047104","study_id":0,"datetime_start":"2026-03-21T07:14:04.356695"}
{"op_code":5,"worker_id":"49ac8634-f365-4261-a530-d8bf68dabf47-140193173047104","trial_id":282,"param_name":"lr","param_value_internal":0.003148391765535572,"distribution":"{\"name\": \"FloatDistribution\", \"attributes\": {\"step\": null, \"low\": 0.0001, \"high\": 0.1, \"log\": true}}"}
{"op_code":5,"worker_id":"49ac8634-f365-4261-a530-d8bf68dabf47-140193173047104","trial_id":282,"param_name":"dropout","param_value_internal":0.49980910638342924,"distribution":"{\"name\": \"FloatDistribution\", \"attributes\": {\"step\": null, \"low\": 0.0, \"high\": 0.5, \"log\": false}}"}
{"op_code":5,"worker_id":"49ac8634-f365-4261-a530-d8bf68dabf47-140193173047104","trial_id":282,"param_name":"layers","param_value_internal":1,"distribution":"{\"name\": \"CategoricalDistribution\", \"attributes\": {\"choices\": [1, 2, 3]}}"}
{"op_code":5,"worker_id":"49ac8634-f365-4261-a530-d8bf68dabf47-140193173047104","trial_id":282,"param_name":"nodes","param_value_internal":2,"distribution":"{\"name\": \"CategoricalDistribution\", \"attributes\": {\"choices\": [16, 32, 64]}}"}
{"op_code":6,"worker_id":"49ac8634-f365-4261-a530-d8bf68dabf47-140193173047104","trial_id":282,"state":1,"values":[0.7968660540271697],"datetime_complete":"2026-03-21T07:14:06.712541"}
{"op_code":4,"worker_id":"49ac8634-f365-4261-a530-d8bf68dabf47-140193173047104","study_id":0,"datetime_start":"2026-03-21T07:14:06.737768"}
{"op_code":5,"worker_id":"49ac8634-f365-4261-a530-d8bf68dabf47-140193173047104","trial_id":283,"param_name":"lr","param_value_internal":0.0030637715457074153,"distribution":"{\"name\": \"FloatDistribution\", \"attributes\": {\"step\": null, \"low\": 0.0001, \"high\": 0.1, \"log\": true}}"}
{"op_code":5,"worker_id":"49ac8634-f365-4261-a530-d8bf68dabf47-140193173047104","trial_id":283,"param_name":"dropout","param_value_internal":0.48798669778769393,"distribution":"{\"name\": \"FloatDistribution\", \"attributes\": {\"step\": null, \"low\": 0.0, \"high\": 0.5, \"log\": false}}"}
{"op_code":5,"worker_id":"49ac8634-f365-4261-a530-d8bf68dabf47-140193173047104","trial_id":283,"param_name":"layers","param_value_internal":1,"distribution":"{\"name\": \"CategoricalDistribution\", \"attributes\": {\"choices\": [1, 2, 3]}}"}
{"op_code":5,"worker_id":"49ac8634-f365-4261-a530-d8bf68dabf47-140193173047104","trial_id":283,"param_name":"nodes","param_value_internal":2,"distribution":"{\"name\": \"CategoricalDistribution\", \"attributes\": {\"choices\": [16, 32, 64]}}"}
{"op_code":6,"worker_id":"49ac8634-f365-4261-a530-d8bf68dabf47-140193173047104","trial_id":283,"state":1,"values":[0.7937315297288232],"datetime_complete":"2026-03-21T07:14:09.111298"}
{"op_code":4,"worker_id":"49ac8634-f365-4261-a530-d8bf68dabf47-140193173047104","study_id":0,"datetime_start":"2026-03-21T07:14:09.276540"}
{"op_code":5,"worker_id":"49ac8634-f365-4261-a530-d8bf68dabf47-140193173047104","trial_id":284,"param_name":"lr","param_value_internal":0.0032842541276751377,"distribution":"{\"name\": \"FloatDistribution\", \"attributes\": {\"step\": null, \"low\": 0.0001, \"high\": 0.1, \"log\": true}}"}
{"op_code":5,"worker_id":"49ac8634-f365-4261-a530-d8bf68dabf47-140193173047104","trial_id":284,"param_name":"dropout","param_value_internal":0.4984935649182841,"distribution":"{\"name\": \"FloatDistribution\", \"attributes\": {\"step\": null, \"low\": 0.0, \"high\": 0.5, \"log\": false}}"}
{"op_code":5,"worker_id":"49ac8634-f365-4261-a530-d8bf68dabf47-140193173047104","trial_id":284,"param_name":"layers","param_value_internal":1,"distribution":"{\"name\": \"CategoricalDistribution\", \"attributes\": {\"choices\": [1, 2, 3]}}"}
{"op_code":5,"worker_id":"49ac8634-f365-4261-a530-d8bf68dabf47-140193173047104","trial_id":284,"param_name":"nodes","param_value_internal":2,"distribution":"{\"name\": \"CategoricalDistribution\", \"attributes\": {\"choices\": [16, 32, 64]}}"}
{"op_code":6,"worker_id":"49ac8634-f365-4261-a530-d8bf68dabf47-140193173047104","trial_id":284,"state":1,"values":[0.7946105845135993],"datetime_complete":"2026-03-21T07:14:11.602364"}
{"op_code":4,"worker_id":"49ac8634-f365-4261-a530-d8bf68dabf47-140193173047104","study_id":0,"datetime_start":"2026-03-21T07:14:11.626006"}
{"op_code":5,"worker_id":"49ac8634-f365-4261-a530-d8bf68dabf47-140193173047104","trial_id":285,"param_name":"lr","param_value_internal":0.004204415012485174,"distribution":"{\"name\": \"FloatDistribution\", \"attributes\": {\"step\": null, \"low\": 0.0001, \"high\": 0.1, \"log\": true}}"}
{"op_code":5,"worker_id":"49ac8634-f365-4261-a530-d8bf68dabf47-140193173047104","trial_id":285,"param_name":"dropout","param_value_internal":0.4820108049859228,"distribution":"{\"name\": \"FloatDistribution\", \"attributes\": {\"step\": null, \"low\": 0.0, \"high\": 0.5, \"log\": false}}"}
{"op_code":5,"worker_id":"49ac8634-f365-4261-a530-d8bf68dabf47-140193173047104","trial_id":285,"param_name":"layers","param_value_internal":1,"distribution":"{\"name\": \"CategoricalDistribution\", \"attributes\": {\"choices\": [1, 2, 3]}}"}
{"op_code":5,"worker_id":"49ac8634-f365-4261-a530-d8bf68dabf47-140193173047104","trial_id":285,"param_name":"nodes","param_value_internal":0,"distribution":"{\"name\": \"CategoricalDistribution\", \"attributes\": {\"choices\": [16, 32, 64]}}"}
{"op_code":6,"worker_id":"49ac8634-f365-4261-a530-d8bf68dabf47-140193173047104","trial_id":285,"state":1,"values":[0.792945007026655],"datetime_complete":"2026-03-21T07:14:13.927750"}
{"op_code":4,"worker_id":"49ac8634-f365-4261-a530-d8bf68dabf47-140193173047104","study_id":0,"datetime_start":"2026-03-21T07:14:14.014343"}
{"op_code":5,"worker_id":"49ac8634-f365-4261-a530-d8bf68dabf47-140193173047104","trial_id":286,"param_name":"lr","param_value_internal":0.0033842202789853134,"distribution":"{\"name\": \"FloatDistribution\", \"attributes\": {\"step\": null, \"low\": 0.0001, \"high\": 0.1, \"log\": true}}"}
{"op_code":5,"worker_id":"49ac8634-f365-4261-a530-d8bf68dabf47-140193173047104","trial_id":286,"param_name":"dropout","param_value_internal":0.49936362307869187,"distribution":"{\"name\": \"FloatDistribution\", \"attributes\": {\"step\": null, \"low\": 0.0, \"high\": 0.5, \"log\": false}}"}
{"op_code":5,"worker_id":"49ac8634-f365-4261-a530-d8bf68dabf47-140193173047104","trial_id":286,"param_name":"layers","param_value_internal":1,"distribution":"{\"name\": \"CategoricalDistribution\", \"attributes\": {\"choices\": [1, 2, 3]}}"}
{"op_code":5,"worker_id":"49ac8634-f365-4261-a530-d8bf68dabf47-140193173047104","trial_id":286,"param_name":"nodes","param_value_internal":2,"distribution":"{\"name\": \"CategoricalDistribution\", \"attributes\": {\"choices\": [16, 32, 64]}}"}
{"op_code":6,"worker_id":"49ac8634-f365-4261-a530-d8bf68dabf47-140193173047104","trial_id":286,"state":1,"values":[0.7954838560432125],"datetime_complete":"2026-03-21T07:14:16.271307"}
{"op_code":4,"worker_id":"49ac8634-f365-4261-a530-d8bf68dabf47-140193173047104","study_id":0,"datetime_start":"2026-03-21T07:14:16.312952"}
{"op_code":5,"worker_id":"49ac8634-f365-4261-a530-d8bf68dabf47-140193173047104","trial_id":287,"param_name":"lr","param_value_internal":0.0036124325663954415,"distribution":"{\"name\": \"FloatDistribution\", \"attributes\": {\"step\": null, \"low\": 0.0001, \"high\": 0.1, \"log\": true}}"}
{"op_code":5,"worker_id":"49ac8634-f365-4261-a530-d8bf68dabf47-140193173047104","trial_id":287,"param_name":"dropout","param_value_internal":0.490880610998268,"distribution":"{\"name\": \"FloatDistribution\", \"attributes\": {\"step\": null, \"low\": 0.0, \"high\": 0.5, \"log\": false}}"}
{"op_code":5,"worker_id":"49ac8634-f365-4261-a530-d8bf68dabf47-140193173047104","trial_id":287,"param_name":"layers","param_value_internal":1,"distribution":"{\"name\": \"CategoricalDistribution\", \"attributes\": {\"choices\": [1, 2, 3]}}"}
{"op_code":5,"worker_id":"49ac8634-f365-4261-a530-d8bf68dabf47-140193173047104","trial_id":287,"param_name":"nodes","param_value_internal":2,"distribution":"{\"name\": \"CategoricalDistribution\", \"attributes\": {\"choices\": [16, 32, 64]}}"}
{"op_code":6,"worker_id":"49ac8634-f365-4261-a530-d8bf68dabf47-140193173047104","trial_id":287,"state":1,"values":[0.7921700508348128],"datetime_complete":"2026-03-21T07:14:18.635462"}
{"op_code":4,"worker_id":"49ac8634-f365-4261-a530-d8bf68dabf47-140193173047104","study_id":0,"datetime_start":"2026-03-21T07:14:18.719733"}
{"op_code":5,"worker_id":"49ac8634-f365-4261-a530-d8bf68dabf47-140193173047104","trial_id":288,"param_name":"lr","param_value_internal":0.0031315934040115796,"distribution":"{\"name\": \"FloatDistribution\", \"attributes\": {\"step\": null, \"low\": 0.0001, \"high\": 0.1, \"log\": true}}"}
{"op_code":5,"worker_id":"49ac8634-f365-4261-a530-d8bf68dabf47-140193173047104","trial_id":288,"param_name":"dropout","param_value_internal":0.4942306686224087,"distribution":"{\"name\": \"FloatDistribution\", \"attributes\": {\"step\": null, \"low\": 0.0, \"high\": 0.5, \"log\": false}}"}
{"op_code":5,"worker_id":"49ac8634-f365-4261-a530-d8bf68dabf47-140193173047104","trial_id":288,"param_name":"layers","param_value_internal":1,"distribution":"{\"name\": \"CategoricalDistribution\", \"attributes\": {\"choices\": [1, 2, 3]}}"}
{"op_code":5,"worker_id":"49ac8634-f365-4261-a530-d8bf68dabf47-140193173047104","trial_id":288,"param_name":"nodes","param_value_internal":2,"distribution":"{\"name\": \"CategoricalDistribution\", \"attributes\": {\"choices\": [16, 32, 64]}}"}
{"op_code":6,"worker_id":"49ac8634-f365-4261-a530-d8bf68dabf47-140193173047104","trial_id":288,"state":1,"values":[0.7883588856823952],"datetime_complete":"2026-03-21T07:14:21.057553"}
{"op_code":4,"worker_id":"49ac8634-f365-4261-a530-d8bf68dabf47-140193173047104","study_id":0,"datetime_start":"2026-03-21T07:14:21.085254"}
{"op_code":5,"worker_id":"49ac8634-f365-4261-a530-d8bf68dabf47-140193173047104","trial_id":289,"param_name":"lr","param_value_internal":0.0028303901872251142,"distribution":"{\"name\": \"FloatDistribution\", \"attributes\": {\"step\": null, \"low\": 0.0001, \"high\": 0.1, \"log\": true}}"}
{"op_code":5,"worker_id":"49ac8634-f365-4261-a530-d8bf68dabf47-140193173047104","trial_id":289,"param_name":"dropout","param_value_internal":0.4957543153649552,"distribution":"{\"name\": \"FloatDistribution\", \"attributes\": {\"step\": null, \"low\": 0.0, \"high\": 0.5, \"log\": false}}"}
{"op_code":5,"worker_id":"49ac8634-f365-4261-a530-d8bf68dabf47-140193173047104","trial_id":289,"param_name":"layers","param_value_internal":1,"distribution":"{\"name\": \"CategoricalDistribution\", \"attributes\": {\"choices\": [1, 2, 3]}}"}
{"op_code":5,"worker_id":"49ac8634-f365-4261-a530-d8bf68dabf47-140193173047104","trial_id":289,"param_name":"nodes","param_value_internal":2,"distribution":"{\"name\": \"CategoricalDistribution\", \"attributes\": {\"choices\": [16, 32, 64]}}"}
{"op_code":6,"worker_id":"49ac8634-f365-4261-a530-d8bf68dabf47-140193173047104","trial_id":289,"state":1,"values":[0.7904813403272166],"datetime_complete":"2026-03-21T07:14:23.368718"}
{"op_code":0,"worker_id":"99ae7ddf-0c15-49cc-bc58-c6e61104d75c-140193173047104","study_name":"deepsurv_tuning","directions":[2]}
{"op_code":4,"worker_id":"99ae7ddf-0c15-49cc-bc58-c6e61104d75c-140193173047104","study_id":0,"datetime_start":"2026-03-21T07:28:17.385505"}
{"op_code":5,"worker_id":"99ae7ddf-0c15-49cc-bc58-c6e61104d75c-140193173047104","trial_id":290,"param_name":"lr","param_value_internal":0.004805237400954363,"distribution":"{\"name\": \"FloatDistribution\", \"attributes\": {\"step\": null, \"low\": 0.0001, \"high\": 0.1, \"log\": true}}"}
{"op_code":5,"worker_id":"99ae7ddf-0c15-49cc-bc58-c6e61104d75c-140193173047104","trial_id":290,"param_name":"dropout","param_value_internal":0.4995902494206655,"distribution":"{\"name\": \"FloatDistribution\", \"attributes\": {\"step\": null, \"low\": 0.0, \"high\": 0.5, \"log\": false}}"}
{"op_code":5,"worker_id":"99ae7ddf-0c15-49cc-bc58-c6e61104d75c-140193173047104","trial_id":290,"param_name":"layers","param_value_internal":1,"distribution":"{\"name\": \"CategoricalDistribution\", \"attributes\": {\"choices\": [1, 2, 3]}}"}
{"op_code":5,"worker_id":"99ae7ddf-0c15-49cc-bc58-c6e61104d75c-140193173047104","trial_id":290,"param_name":"nodes","param_value_internal":2,"distribution":"{\"name\": \"CategoricalDistribution\", \"attributes\": {\"choices\": [16, 32, 64]}}"}
{"op_code":6,"worker_id":"99ae7ddf-0c15-49cc-bc58-c6e61104d75c-140193173047104","trial_id":290,"state":1,"values":[0.7911877835870742],"datetime_complete":"2026-03-21T07:28:19.039107"}
{"op_code":4,"worker_id":"99ae7ddf-0c15-49cc-bc58-c6e61104d75c-140193173047104","study_id":0,"datetime_start":"2026-03-21T07:28:19.060559"}
{"op_code":5,"worker_id":"99ae7ddf-0c15-49cc-bc58-c6e61104d75c-140193173047104","trial_id":291,"param_name":"lr","param_value_internal":0.0025372493826496694,"distribution":"{\"name\": \"FloatDistribution\", \"attributes\": {\"step\": null, \"low\": 0.0001, \"high\": 0.1, \"log\": true}}"}
{"op_code":5,"worker_id":"99ae7ddf-0c15-49cc-bc58-c6e61104d75c-140193173047104","trial_id":291,"param_name":"dropout","param_value_internal":0.4790258475648368,"distribution":"{\"name\": \"FloatDistribution\", \"attributes\": {\"step\": null, \"low\": 0.0, \"high\": 0.5, \"log\": false}}"}
{"op_code":5,"worker_id":"99ae7ddf-0c15-49cc-bc58-c6e61104d75c-140193173047104","trial_id":291,"param_name":"layers","param_value_internal":1,"distribution":"{\"name\": \"CategoricalDistribution\", \"attributes\": {\"choices\": [1, 2, 3]}}"}
{"op_code":5,"worker_id":"99ae7ddf-0c15-49cc-bc58-c6e61104d75c-140193173047104","trial_id":291,"param_name":"nodes","param_value_internal":2,"distribution":"{\"name\": \"CategoricalDistribution\", \"attributes\": {\"choices\": [16, 32, 64]}}"}
{"op_code":6,"worker_id":"99ae7ddf-0c15-49cc-bc58-c6e61104d75c-140193173047104","trial_id":291,"state":1,"values":[0.793462238293756],"datetime_complete":"2026-03-21T07:28:20.714616"}
{"op_code":4,"worker_id":"99ae7ddf-0c15-49cc-bc58-c6e61104d75c-140193173047104","study_id":0,"datetime_start":"2026-03-21T07:28:20.734262"}
{"op_code":5,"worker_id":"99ae7ddf-0c15-49cc-bc58-c6e61104d75c-140193173047104","trial_id":292,"param_name":"lr","param_value_internal":0.003767723390289517,"distribution":"{\"name\": \"FloatDistribution\", \"attributes\": {\"step\": null, \"low\": 0.0001, \"high\": 0.1, \"log\": true}}"}
{"op_code":5,"worker_id":"99ae7ddf-0c15-49cc-bc58-c6e61104d75c-140193173047104","trial_id":292,"param_name":"dropout","param_value_internal":0.4817027069852736,"distribution":"{\"name\": \"FloatDistribution\", \"attributes\": {\"step\": null, \"low\": 0.0, \"high\": 0.5, \"log\": false}}"}
{"op_code":5,"worker_id":"99ae7ddf-0c15-49cc-bc58-c6e61104d75c-140193173047104","trial_id":292,"param_name":"layers","param_value_internal":1,"distribution":"{\"name\": \"CategoricalDistribution\", \"attributes\": {\"choices\": [1, 2, 3]}}"}
{"op_code":5,"worker_id":"99ae7ddf-0c15-49cc-bc58-c6e61104d75c-140193173047104","trial_id":292,"param_name":"nodes","param_value_internal":2,"distribution":"{\"name\": \"CategoricalDistribution\", \"attributes\": {\"choices\": [16, 32, 64]}}"}
{"op_code":6,"worker_id":"99ae7ddf-0c15-49cc-bc58-c6e61104d75c-140193173047104","trial_id":292,"state":1,"values":[0.7840765138079554],"datetime_complete":"2026-03-21T07:28:22.370817"}
{"op_code":4,"worker_id":"99ae7ddf-0c15-49cc-bc58-c6e61104d75c-140193173047104","study_id":0,"datetime_start":"2026-03-21T07:28:22.389065"}
{"op_code":5,"worker_id":"99ae7ddf-0c15-49cc-bc58-c6e61104d75c-140193173047104","trial_id":293,"param_name":"lr","param_value_internal":0.0032013841623775145,"distribution":"{\"name\": \"FloatDistribution\", \"attributes\": {\"step\": null, \"low\": 0.0001, \"high\": 0.1, \"log\": true}}"}
{"op_code":5,"worker_id":"99ae7ddf-0c15-49cc-bc58-c6e61104d75c-140193173047104","trial_id":293,"param_name":"dropout","param_value_internal":0.4874835319725834,"distribution":"{\"name\": \"FloatDistribution\", \"attributes\": {\"step\": null, \"low\": 0.0, \"high\": 0.5, \"log\": false}}"}
{"op_code":5,"worker_id":"99ae7ddf-0c15-49cc-bc58-c6e61104d75c-140193173047104","trial_id":293,"param_name":"layers","param_value_internal":1,"distribution":"{\"name\": \"CategoricalDistribution\", \"attributes\": {\"choices\": [1, 2, 3]}}"}
{"op_code":5,"worker_id":"99ae7ddf-0c15-49cc-bc58-c6e61104d75c-140193173047104","trial_id":293,"param_name":"nodes","param_value_internal":0,"distribution":"{\"name\": \"CategoricalDistribution\", \"attributes\": {\"choices\": [16, 32, 64]}}"}
{"op_code":6,"worker_id":"99ae7ddf-0c15-49cc-bc58-c6e61104d75c-140193173047104","trial_id":293,"state":1,"values":[0.7855851394615012],"datetime_complete":"2026-03-21T07:28:24.034546"}
{"op_code":4,"worker_id":"99ae7ddf-0c15-49cc-bc58-c6e61104d75c-140193173047104","study_id":0,"datetime_start":"2026-03-21T07:28:24.169468"}
{"op_code":5,"worker_id":"99ae7ddf-0c15-49cc-bc58-c6e61104d75c-140193173047104","trial_id":294,"param_name":"lr","param_value_internal":0.0027970298042525447,"distribution":"{\"name\": \"FloatDistribution\", \"attributes\": {\"step\": null, \"low\": 0.0001, \"high\": 0.1, \"log\": true}}"}
{"op_code":5,"worker_id":"99ae7ddf-0c15-49cc-bc58-c6e61104d75c-140193173047104","trial_id":294,"param_name":"dropout","param_value_internal":0.4967349692911965,"distribution":"{\"name\": \"FloatDistribution\", \"attributes\": {\"step\": null, \"low\": 0.0, \"high\": 0.5, \"log\": false}}"}
{"op_code":5,"worker_id":"99ae7ddf-0c15-49cc-bc58-c6e61104d75c-140193173047104","trial_id":294,"param_name":"layers","param_value_internal":1,"distribution":"{\"name\": \"CategoricalDistribution\", \"attributes\": {\"choices\": [1, 2, 3]}}"}
{"op_code":5,"worker_id":"99ae7ddf-0c15-49cc-bc58-c6e61104d75c-140193173047104","trial_id":294,"param_name":"nodes","param_value_internal":2,"distribution":"{\"name\": \"CategoricalDistribution\", \"attributes\": {\"choices\": [16, 32, 64]}}"}
{"op_code":6,"worker_id":"99ae7ddf-0c15-49cc-bc58-c6e61104d75c-140193173047104","trial_id":294,"state":1,"values":[0.7904104383075754],"datetime_complete":"2026-03-21T07:28:25.881605"}
{"op_code":4,"worker_id":"99ae7ddf-0c15-49cc-bc58-c6e61104d75c-140193173047104","study_id":0,"datetime_start":"2026-03-21T07:28:25.905899"}
{"op_code":5,"worker_id":"99ae7ddf-0c15-49cc-bc58-c6e61104d75c-140193173047104","trial_id":295,"param_name":"lr","param_value_internal":0.004491117193338652,"distribution":"{\"name\": \"FloatDistribution\", \"attributes\": {\"step\": null, \"low\": 0.0001, \"high\": 0.1, \"log\": true}}"}
{"op_code":5,"worker_id":"99ae7ddf-0c15-49cc-bc58-c6e61104d75c-140193173047104","trial_id":295,"param_name":"dropout","param_value_internal":0.4973156780089602,"distribution":"{\"name\": \"FloatDistribution\", \"attributes\": {\"step\": null, \"low\": 0.0, \"high\": 0.5, \"log\": false}}"}
{"op_code":5,"worker_id":"99ae7ddf-0c15-49cc-bc58-c6e61104d75c-140193173047104","trial_id":295,"param_name":"layers","param_value_internal":1,"distribution":"{\"name\": \"CategoricalDistribution\", \"attributes\": {\"choices\": [1, 2, 3]}}"}
{"op_code":5,"worker_id":"99ae7ddf-0c15-49cc-bc58-c6e61104d75c-140193173047104","trial_id":295,"param_name":"nodes","param_value_internal":2,"distribution":"{\"name\": \"CategoricalDistribution\", \"attributes\": {\"choices\": [16, 32, 64]}}"}
{"op_code":6,"worker_id":"99ae7ddf-0c15-49cc-bc58-c6e61104d75c-140193173047104","trial_id":295,"state":1,"values":[0.7894545915194509],"datetime_complete":"2026-03-21T07:28:27.506273"}
{"op_code":4,"worker_id":"99ae7ddf-0c15-49cc-bc58-c6e61104d75c-140193173047104","study_id":0,"datetime_start":"2026-03-21T07:28:27.524570"}
{"op_code":5,"worker_id":"99ae7ddf-0c15-49cc-bc58-c6e61104d75c-140193173047104","trial_id":296,"param_name":"lr","param_value_internal":0.002307549080609878,"distribution":"{\"name\": \"FloatDistribution\", \"attributes\": {\"step\": null, \"low\": 0.0001, \"high\": 0.1, \"log\": true}}"}
{"op_code":5,"worker_id":"99ae7ddf-0c15-49cc-bc58-c6e61104d75c-140193173047104","trial_id":296,"param_name":"dropout","param_value_internal":0.49935916837259003,"distribution":"{\"name\": \"FloatDistribution\", \"attributes\": {\"step\": null, \"low\": 0.0, \"high\": 0.5, \"log\": false}}"}
{"op_code":5,"worker_id":"99ae7ddf-0c15-49cc-bc58-c6e61104d75c-140193173047104","trial_id":296,"param_name":"layers","param_value_internal":1,"distribution":"{\"name\": \"CategoricalDistribution\", \"attributes\": {\"choices\": [1, 2, 3]}}"}
{"op_code":5,"worker_id":"99ae7ddf-0c15-49cc-bc58-c6e61104d75c-140193173047104","trial_id":296,"param_name":"nodes","param_value_internal":2,"distribution":"{\"name\": \"CategoricalDistribution\", \"attributes\": {\"choices\": [16, 32, 64]}}"}
{"op_code":6,"worker_id":"99ae7ddf-0c15-49cc-bc58-c6e61104d75c-140193173047104","trial_id":296,"state":1,"values":[0.7866100836078034],"datetime_complete":"2026-03-21T07:28:29.143343"}
{"op_code":4,"worker_id":"99ae7ddf-0c15-49cc-bc58-c6e61104d75c-140193173047104","study_id":0,"datetime_start":"2026-03-21T07:28:29.167193"}
{"op_code":5,"worker_id":"99ae7ddf-0c15-49cc-bc58-c6e61104d75c-140193173047104","trial_id":297,"param_name":"lr","param_value_internal":0.0034055560523006145,"distribution":"{\"name\": \"FloatDistribution\", \"attributes\": {\"step\": null, \"low\": 0.0001, \"high\": 0.1, \"log\": true}}"}
{"op_code":5,"worker_id":"99ae7ddf-0c15-49cc-bc58-c6e61104d75c-140193173047104","trial_id":297,"param_name":"dropout","param_value_internal":0.4731568560179669,"distribution":"{\"name\": \"FloatDistribution\", \"attributes\": {\"step\": null, \"low\": 0.0, \"high\": 0.5, \"log\": false}}"}
{"op_code":5,"worker_id":"99ae7ddf-0c15-49cc-bc58-c6e61104d75c-140193173047104","trial_id":297,"param_name":"layers","param_value_internal":1,"distribution":"{\"name\": \"CategoricalDistribution\", \"attributes\": {\"choices\": [1, 2, 3]}}"}
{"op_code":5,"worker_id":"99ae7ddf-0c15-49cc-bc58-c6e61104d75c-140193173047104","trial_id":297,"param_name":"nodes","param_value_internal":2,"distribution":"{\"name\": \"CategoricalDistribution\", \"attributes\": {\"choices\": [16, 32, 64]}}"}
{"op_code":6,"worker_id":"99ae7ddf-0c15-49cc-bc58-c6e61104d75c-140193173047104","trial_id":297,"state":1,"values":[0.7836964783379782],"datetime_complete":"2026-03-21T07:28:31.204947"}
{"op_code":4,"worker_id":"99ae7ddf-0c15-49cc-bc58-c6e61104d75c-140193173047104","study_id":0,"datetime_start":"2026-03-21T07:28:31.237479"}
{"op_code":5,"worker_id":"99ae7ddf-0c15-49cc-bc58-c6e61104d75c-140193173047104","trial_id":298,"param_name":"lr","param_value_internal":0.002669364986795023,"distribution":"{\"name\": \"FloatDistribution\", \"attributes\": {\"step\": null, \"low\": 0.0001, \"high\": 0.1, \"log\": true}}"}
{"op_code":5,"worker_id":"99ae7ddf-0c15-49cc-bc58-c6e61104d75c-140193173047104","trial_id":298,"param_name":"dropout","param_value_internal":0.48141703470669556,"distribution":"{\"name\": \"FloatDistribution\", \"attributes\": {\"step\": null, \"low\": 0.0, \"high\": 0.5, \"log\": false}}"}
{"op_code":5,"worker_id":"99ae7ddf-0c15-49cc-bc58-c6e61104d75c-140193173047104","trial_id":298,"param_name":"layers","param_value_internal":2,"distribution":"{\"name\": \"CategoricalDistribution\", \"attributes\": {\"choices\": [1, 2, 3]}}"}
{"op_code":5,"worker_id":"99ae7ddf-0c15-49cc-bc58-c6e61104d75c-140193173047104","trial_id":298,"param_name":"nodes","param_value_internal":2,"distribution":"{\"name\": \"CategoricalDistribution\", \"attributes\": {\"choices\": [16, 32, 64]}}"}
{"op_code":6,"worker_id":"99ae7ddf-0c15-49cc-bc58-c6e61104d75c-140193173047104","trial_id":298,"state":1,"values":[0.7900304028375982],"datetime_complete":"2026-03-21T07:28:33.850025"}
{"op_code":4,"worker_id":"99ae7ddf-0c15-49cc-bc58-c6e61104d75c-140193173047104","study_id":0,"datetime_start":"2026-03-21T07:28:33.865547"}
{"op_code":5,"worker_id":"99ae7ddf-0c15-49cc-bc58-c6e61104d75c-140193173047104","trial_id":299,"param_name":"lr","param_value_internal":0.0005881634718385594,"distribution":"{\"name\": \"FloatDistribution\", \"attributes\": {\"step\": null, \"low\": 0.0001, \"high\": 0.1, \"log\": true}}"}
{"op_code":5,"worker_id":"99ae7ddf-0c15-49cc-bc58-c6e61104d75c-140193173047104","trial_id":299,"param_name":"dropout","param_value_internal":0.4684530758764692,"distribution":"{\"name\": \"FloatDistribution\", \"attributes\": {\"step\": null, \"low\": 0.0, \"high\": 0.5, \"log\": false}}"}
{"op_code":5,"worker_id":"99ae7ddf-0c15-49cc-bc58-c6e61104d75c-140193173047104","trial_id":299,"param_name":"layers","param_value_internal":1,"distribution":"{\"name\": \"CategoricalDistribution\", \"attributes\": {\"choices\": [1, 2, 3]}}"}
{"op_code":5,"worker_id":"99ae7ddf-0c15-49cc-bc58-c6e61104d75c-140193173047104","trial_id":299,"param_name":"nodes","param_value_internal":2,"distribution":"{\"name\": \"CategoricalDistribution\", \"attributes\": {\"choices\": [16, 32, 64]}}"}
{"op_code":6,"worker_id":"99ae7ddf-0c15-49cc-bc58-c6e61104d75c-140193173047104","trial_id":299,"state":1,"values":[0.7752378100743949],"datetime_complete":"2026-03-21T07:28:36.030927"}
{"op_code":0,"worker_id":"c05cc157-3f5f-4ce7-a489-888dbea8dd27-140193173047104","study_name":"deepsurv_tuning","directions":[2]}
{"op_code":4,"worker_id":"c05cc157-3f5f-4ce7-a489-888dbea8dd27-140193173047104","study_id":0,"datetime_start":"2026-03-21T07:42:41.525055"}
{"op_code":5,"worker_id":"c05cc157-3f5f-4ce7-a489-888dbea8dd27-140193173047104","trial_id":300,"param_name":"lr","param_value_internal":0.029423949607779106,"distribution":"{\"name\": \"FloatDistribution\", \"attributes\": {\"step\": null, \"low\": 0.0001, \"high\": 0.1, \"log\": true}}"}
{"op_code":5,"worker_id":"c05cc157-3f5f-4ce7-a489-888dbea8dd27-140193173047104","trial_id":300,"param_name":"dropout","param_value_internal":0.4830369746925105,"distribution":"{\"name\": \"FloatDistribution\", \"attributes\": {\"step\": null, \"low\": 0.0, \"high\": 0.5, \"log\": false}}"}
{"op_code":5,"worker_id":"c05cc157-3f5f-4ce7-a489-888dbea8dd27-140193173047104","trial_id":300,"param_name":"layers","param_value_internal":1,"distribution":"{\"name\": \"CategoricalDistribution\", \"attributes\": {\"choices\": [1, 2, 3]}}"}
{"op_code":5,"worker_id":"c05cc157-3f5f-4ce7-a489-888dbea8dd27-140193173047104","trial_id":300,"param_name":"nodes","param_value_internal":0,"distribution":"{\"name\": \"CategoricalDistribution\", \"attributes\": {\"choices\": [16, 32, 64]}}"}
{"op_code":6,"worker_id":"c05cc157-3f5f-4ce7-a489-888dbea8dd27-140193173047104","trial_id":300,"state":1,"values":[0.7717701536020085],"datetime_complete":"2026-03-21T07:42:43.851331"}
{"op_code":4,"worker_id":"c05cc157-3f5f-4ce7-a489-888dbea8dd27-140193173047104","study_id":0,"datetime_start":"2026-03-21T07:42:43.876797"}
{"op_code":5,"worker_id":"c05cc157-3f5f-4ce7-a489-888dbea8dd27-140193173047104","trial_id":301,"param_name":"lr","param_value_internal":0.003948940411554724,"distribution":"{\"name\": \"FloatDistribution\", \"attributes\": {\"step\": null, \"low\": 0.0001, \"high\": 0.1, \"log\": true}}"}
{"op_code":5,"worker_id":"c05cc157-3f5f-4ce7-a489-888dbea8dd27-140193173047104","trial_id":301,"param_name":"dropout","param_value_internal":0.4840488170106309,"distribution":"{\"name\": \"FloatDistribution\", \"attributes\": {\"step\": null, \"low\": 0.0, \"high\": 0.5, \"log\": false}}"}
{"op_code":5,"worker_id":"c05cc157-3f5f-4ce7-a489-888dbea8dd27-140193173047104","trial_id":301,"param_name":"layers","param_value_internal":2,"distribution":"{\"name\": \"CategoricalDistribution\", \"attributes\": {\"choices\": [1, 2, 3]}}"}
{"op_code":5,"worker_id":"c05cc157-3f5f-4ce7-a489-888dbea8dd27-140193173047104","trial_id":301,"param_name":"nodes","param_value_internal":2,"distribution":"{\"name\": \"CategoricalDistribution\", \"attributes\": {\"choices\": [16, 32, 64]}}"}
{"op_code":6,"worker_id":"c05cc157-3f5f-4ce7-a489-888dbea8dd27-140193173047104","trial_id":301,"state":1,"values":[0.7711839315955897],"datetime_complete":"2026-03-21T07:42:46.447364"}
{"op_code":4,"worker_id":"c05cc157-3f5f-4ce7-a489-888dbea8dd27-140193173047104","study_id":0,"datetime_start":"2026-03-21T07:42:46.461346"}
{"op_code":5,"worker_id":"c05cc157-3f5f-4ce7-a489-888dbea8dd27-140193173047104","trial_id":302,"param_name":"lr","param_value_internal":0.002244396644609397,"distribution":"{\"name\": \"FloatDistribution\", \"attributes\": {\"step\": null, \"low\": 0.0001, \"high\": 0.1, \"log\": true}}"}
{"op_code":5,"worker_id":"c05cc157-3f5f-4ce7-a489-888dbea8dd27-140193173047104","trial_id":302,"param_name":"dropout","param_value_internal":0.489009532107466,"distribution":"{\"name\": \"FloatDistribution\", \"attributes\": {\"step\": null, \"low\": 0.0, \"high\": 0.5, \"log\": false}}"}
{"op_code":5,"worker_id":"c05cc157-3f5f-4ce7-a489-888dbea8dd27-140193173047104","trial_id":302,"param_name":"layers","param_value_internal":0,"distribution":"{\"name\": \"CategoricalDistribution\", \"attributes\": {\"choices\": [1, 2, 3]}}"}
{"op_code":5,"worker_id":"c05cc157-3f5f-4ce7-a489-888dbea8dd27-140193173047104","trial_id":302,"param_name":"nodes","param_value_internal":2,"distribution":"{\"name\": \"CategoricalDistribution\", \"attributes\": {\"choices\": [16, 32, 64]}}"}
{"op_code":6,"worker_id":"c05cc157-3f5f-4ce7-a489-888dbea8dd27-140193173047104","trial_id":302,"state":1,"values":[0.7741209630620922],"datetime_complete":"2026-03-21T07:42:48.448081"}
{"op_code":4,"worker_id":"c05cc157-3f5f-4ce7-a489-888dbea8dd27-140193173047104","study_id":0,"datetime_start":"2026-03-21T07:42:48.469975"}
{"op_code":5,"worker_id":"c05cc157-3f5f-4ce7-a489-888dbea8dd27-140193173047104","trial_id":303,"param_name":"lr","param_value_internal":0.0030416168587686578,"distribution":"{\"name\": \"FloatDistribution\", \"attributes\": {\"step\": null, \"low\": 0.0001, \"high\": 0.1, \"log\": true}}"}
{"op_code":5,"worker_id":"c05cc157-3f5f-4ce7-a489-888dbea8dd27-140193173047104","trial_id":303,"param_name":"dropout","param_value_internal":0.46391610591220833,"distribution":"{\"name\": \"FloatDistribution\", \"attributes\": {\"step\": null, \"low\": 0.0, \"high\": 0.5, \"log\": false}}"}
{"op_code":5,"worker_id":"c05cc157-3f5f-4ce7-a489-888dbea8dd27-140193173047104","trial_id":303,"param_name":"layers","param_value_internal":1,"distribution":"{\"name\": \"CategoricalDistribution\", \"attributes\": {\"choices\": [1, 2, 3]}}"}
{"op_code":5,"worker_id":"c05cc157-3f5f-4ce7-a489-888dbea8dd27-140193173047104","trial_id":303,"param_name":"nodes","param_value_internal":2,"distribution":"{\"name\": \"CategoricalDistribution\", \"attributes\": {\"choices\": [16, 32, 64]}}"}
{"op_code":6,"worker_id":"c05cc157-3f5f-4ce7-a489-888dbea8dd27-140193173047104","trial_id":303,"state":1,"values":[0.7739906915051102],"datetime_complete":"2026-03-21T07:42:50.773568"}
{"op_code":4,"worker_id":"c05cc157-3f5f-4ce7-a489-888dbea8dd27-140193173047104","study_id":0,"datetime_start":"2026-03-21T07:42:50.800371"}
{"op_code":5,"worker_id":"c05cc157-3f5f-4ce7-a489-888dbea8dd27-140193173047104","trial_id":304,"param_name":"lr","param_value_internal":0.0025292925442043676,"distribution":"{\"name\": \"FloatDistribution\", \"attributes\": {\"step\": null, \"low\": 0.0001, \"high\": 0.1, \"log\": true}}"}
{"op_code":5,"worker_id":"c05cc157-3f5f-4ce7-a489-888dbea8dd27-140193173047104","trial_id":304,"param_name":"dropout","param_value_internal":0.49834454261131017,"distribution":"{\"name\": \"FloatDistribution\", \"attributes\": {\"step\": null, \"low\": 0.0, \"high\": 0.5, \"log\": false}}"}
{"op_code":5,"worker_id":"c05cc157-3f5f-4ce7-a489-888dbea8dd27-140193173047104","trial_id":304,"param_name":"layers","param_value_internal":1,"distribution":"{\"name\": \"CategoricalDistribution\", \"attributes\": {\"choices\": [1, 2, 3]}}"}
{"op_code":5,"worker_id":"c05cc157-3f5f-4ce7-a489-888dbea8dd27-140193173047104","trial_id":304,"param_name":"nodes","param_value_internal":2,"distribution":"{\"name\": \"CategoricalDistribution\", \"attributes\": {\"choices\": [16, 32, 64]}}"}
{"op_code":6,"worker_id":"c05cc157-3f5f-4ce7-a489-888dbea8dd27-140193173047104","trial_id":304,"state":1,"values":[0.7738308127760869],"datetime_complete":"2026-03-21T07:42:53.029392"}
{"op_code":4,"worker_id":"c05cc157-3f5f-4ce7-a489-888dbea8dd27-140193173047104","study_id":0,"datetime_start":"2026-03-21T07:42:53.066058"}
{"op_code":5,"worker_id":"c05cc157-3f5f-4ce7-a489-888dbea8dd27-140193173047104","trial_id":305,"param_name":"lr","param_value_internal":0.0033117004663607012,"distribution":"{\"name\": \"FloatDistribution\", \"attributes\": {\"step\": null, \"low\": 0.0001, \"high\": 0.1, \"log\": true}}"}
{"op_code":5,"worker_id":"c05cc157-3f5f-4ce7-a489-888dbea8dd27-140193173047104","trial_id":305,"param_name":"dropout","param_value_internal":0.4878154562581096,"distribution":"{\"name\": \"FloatDistribution\", \"attributes\": {\"step\": null, \"low\": 0.0, \"high\": 0.5, \"log\": false}}"}
{"op_code":5,"worker_id":"c05cc157-3f5f-4ce7-a489-888dbea8dd27-140193173047104","trial_id":305,"param_name":"layers","param_value_internal":2,"distribution":"{\"name\": \"CategoricalDistribution\", \"attributes\": {\"choices\": [1, 2, 3]}}"}
{"op_code":5,"worker_id":"c05cc157-3f5f-4ce7-a489-888dbea8dd27-140193173047104","trial_id":305,"param_name":"nodes","param_value_internal":2,"distribution":"{\"name\": \"CategoricalDistribution\", \"attributes\": {\"choices\": [16, 32, 64]}}"}
{"op_code":6,"worker_id":"c05cc157-3f5f-4ce7-a489-888dbea8dd27-140193173047104","trial_id":305,"state":1,"values":[0.774707185068511],"datetime_complete":"2026-03-21T07:42:55.732870"}
{"op_code":4,"worker_id":"c05cc157-3f5f-4ce7-a489-888dbea8dd27-140193173047104","study_id":0,"datetime_start":"2026-03-21T07:42:55.754388"}
{"op_code":5,"worker_id":"c05cc157-3f5f-4ce7-a489-888dbea8dd27-140193173047104","trial_id":306,"param_name":"lr","param_value_internal":0.024685194082758384,"distribution":"{\"name\": \"FloatDistribution\", \"attributes\": {\"step\": null, \"low\": 0.0001, \"high\": 0.1, \"log\": true}}"}
{"op_code":5,"worker_id":"c05cc157-3f5f-4ce7-a489-888dbea8dd27-140193173047104","trial_id":306,"param_name":"dropout","param_value_internal":0.1228346330425259,"distribution":"{\"name\": \"FloatDistribution\", \"attributes\": {\"step\": null, \"low\": 0.0, \"high\": 0.5, \"log\": false}}"}
{"op_code":5,"worker_id":"c05cc157-3f5f-4ce7-a489-888dbea8dd27-140193173047104","trial_id":306,"param_name":"layers","param_value_internal":0,"distribution":"{\"name\": \"CategoricalDistribution\", \"attributes\": {\"choices\": [1, 2, 3]}}"}
{"op_code":5,"worker_id":"c05cc157-3f5f-4ce7-a489-888dbea8dd27-140193173047104","trial_id":306,"param_name":"nodes","param_value_internal":0,"distribution":"{\"name\": \"CategoricalDistribution\", \"attributes\": {\"choices\": [16, 32, 64]}}"}
{"op_code":6,"worker_id":"c05cc157-3f5f-4ce7-a489-888dbea8dd27-140193173047104","trial_id":306,"state":1,"values":[0.7595660772865619],"datetime_complete":"2026-03-21T07:42:57.661817"}
{"op_code":4,"worker_id":"c05cc157-3f5f-4ce7-a489-888dbea8dd27-140193173047104","study_id":0,"datetime_start":"2026-03-21T07:42:57.689821"}
{"op_code":5,"worker_id":"c05cc157-3f5f-4ce7-a489-888dbea8dd27-140193173047104","trial_id":307,"param_name":"lr","param_value_internal":0.0029460816344023867,"distribution":"{\"name\": \"FloatDistribution\", \"attributes\": {\"step\": null, \"low\": 0.0001, \"high\": 0.1, \"log\": true}}"}
{"op_code":5,"worker_id":"c05cc157-3f5f-4ce7-a489-888dbea8dd27-140193173047104","trial_id":307,"param_name":"dropout","param_value_internal":0.4765308831240148,"distribution":"{\"name\": \"FloatDistribution\", \"attributes\": {\"step\": null, \"low\": 0.0, \"high\": 0.5, \"log\": false}}"}
{"op_code":5,"worker_id":"c05cc157-3f5f-4ce7-a489-888dbea8dd27-140193173047104","trial_id":307,"param_name":"layers","param_value_internal":1,"distribution":"{\"name\": \"CategoricalDistribution\", \"attributes\": {\"choices\": [1, 2, 3]}}"}
{"op_code":5,"worker_id":"c05cc157-3f5f-4ce7-a489-888dbea8dd27-140193173047104","trial_id":307,"param_name":"nodes","param_value_internal":2,"distribution":"{\"name\": \"CategoricalDistribution\", \"attributes\": {\"choices\": [16, 32, 64]}}"}
{"op_code":6,"worker_id":"c05cc157-3f5f-4ce7-a489-888dbea8dd27-140193173047104","trial_id":307,"state":1,"values":[0.7703075593031656],"datetime_complete":"2026-03-21T07:42:59.918678"}
{"op_code":4,"worker_id":"c05cc157-3f5f-4ce7-a489-888dbea8dd27-140193173047104","study_id":0,"datetime_start":"2026-03-21T07:42:59.939741"}
{"op_code":5,"worker_id":"c05cc157-3f5f-4ce7-a489-888dbea8dd27-140193173047104","trial_id":308,"param_name":"lr","param_value_internal":0.002168696004000403,"distribution":"{\"name\": \"FloatDistribution\", \"attributes\": {\"step\": null, \"low\": 0.0001, \"high\": 0.1, \"log\": true}}"}
{"op_code":5,"worker_id":"c05cc157-3f5f-4ce7-a489-888dbea8dd27-140193173047104","trial_id":308,"param_name":"dropout","param_value_internal":0.49709499633631576,"distribution":"{\"name\": \"FloatDistribution\", \"attributes\": {\"step\": null, \"low\": 0.0, \"high\": 0.5, \"log\": false}}"}
{"op_code":5,"worker_id":"c05cc157-3f5f-4ce7-a489-888dbea8dd27-140193173047104","trial_id":308,"param_name":"layers","param_value_internal":1,"distribution":"{\"name\": \"CategoricalDistribution\", \"attributes\": {\"choices\": [1, 2, 3]}}"}
{"op_code":5,"worker_id":"c05cc157-3f5f-4ce7-a489-888dbea8dd27-140193173047104","trial_id":308,"param_name":"nodes","param_value_internal":2,"distribution":"{\"name\": \"CategoricalDistribution\", \"attributes\": {\"choices\": [16, 32, 64]}}"}
{"op_code":6,"worker_id":"c05cc157-3f5f-4ce7-a489-888dbea8dd27-140193173047104","trial_id":308,"state":1,"values":[0.7773007733393337],"datetime_complete":"2026-03-21T07:43:02.189945"}
{"op_code":4,"worker_id":"c05cc157-3f5f-4ce7-a489-888dbea8dd27-140193173047104","study_id":0,"datetime_start":"2026-03-21T07:43:02.224916"}
{"op_code":5,"worker_id":"c05cc157-3f5f-4ce7-a489-888dbea8dd27-140193173047104","trial_id":309,"param_name":"lr","param_value_internal":0.0025313628015904257,"distribution":"{\"name\": \"FloatDistribution\", \"attributes\": {\"step\": null, \"low\": 0.0001, \"high\": 0.1, \"log\": true}}"}
{"op_code":5,"worker_id":"c05cc157-3f5f-4ce7-a489-888dbea8dd27-140193173047104","trial_id":309,"param_name":"dropout","param_value_internal":0.4997671591053969,"distribution":"{\"name\": \"FloatDistribution\", \"attributes\": {\"step\": null, \"low\": 0.0, \"high\": 0.5, \"log\": false}}"}
{"op_code":5,"worker_id":"c05cc157-3f5f-4ce7-a489-888dbea8dd27-140193173047104","trial_id":309,"param_name":"layers","param_value_internal":2,"distribution":"{\"name\": \"CategoricalDistribution\", \"attributes\": {\"choices\": [1, 2, 3]}}"}
{"op_code":5,"worker_id":"c05cc157-3f5f-4ce7-a489-888dbea8dd27-140193173047104","trial_id":309,"param_name":"nodes","param_value_internal":2,"distribution":"{\"name\": \"CategoricalDistribution\", \"attributes\": {\"choices\": [16, 32, 64]}}"}
{"op_code":6,"worker_id":"c05cc157-3f5f-4ce7-a489-888dbea8dd27-140193173047104","trial_id":309,"state":1,"values":[0.7801963547649783],"datetime_complete":"2026-03-21T07:43:04.861389"}
{"op_code":0,"worker_id":"6043dee2-d320-4ee9-b983-1dd1848113d3-140193173047104","study_name":"deepsurv_tuning","directions":[2]}
{"op_code":4,"worker_id":"6043dee2-d320-4ee9-b983-1dd1848113d3-140193173047104","study_id":0,"datetime_start":"2026-03-21T07:57:19.925927"}
{"op_code":5,"worker_id":"6043dee2-d320-4ee9-b983-1dd1848113d3-140193173047104","trial_id":310,"param_name":"lr","param_value_internal":0.0037188411714354436,"distribution":"{\"name\": \"FloatDistribution\", \"attributes\": {\"step\": null, \"low\": 0.0001, \"high\": 0.1, \"log\": true}}"}
{"op_code":5,"worker_id":"6043dee2-d320-4ee9-b983-1dd1848113d3-140193173047104","trial_id":310,"param_name":"dropout","param_value_internal":0.37214049383060505,"distribution":"{\"name\": \"FloatDistribution\", \"attributes\": {\"step\": null, \"low\": 0.0, \"high\": 0.5, \"log\": false}}"}
{"op_code":5,"worker_id":"6043dee2-d320-4ee9-b983-1dd1848113d3-140193173047104","trial_id":310,"param_name":"layers","param_value_internal":0,"distribution":"{\"name\": \"CategoricalDistribution\", \"attributes\": {\"choices\": [1, 2, 3]}}"}
{"op_code":5,"worker_id":"6043dee2-d320-4ee9-b983-1dd1848113d3-140193173047104","trial_id":310,"param_name":"nodes","param_value_internal":2,"distribution":"{\"name\": \"CategoricalDistribution\", \"attributes\": {\"choices\": [16, 32, 64]}}"}
{"op_code":6,"worker_id":"6043dee2-d320-4ee9-b983-1dd1848113d3-140193173047104","trial_id":310,"state":1,"values":[0.7705863726647284],"datetime_complete":"2026-03-21T07:57:21.965915"}
{"op_code":4,"worker_id":"6043dee2-d320-4ee9-b983-1dd1848113d3-140193173047104","study_id":0,"datetime_start":"2026-03-21T07:57:21.991642"}
{"op_code":5,"worker_id":"6043dee2-d320-4ee9-b983-1dd1848113d3-140193173047104","trial_id":311,"param_name":"lr","param_value_internal":0.0028015010073953904,"distribution":"{\"name\": \"FloatDistribution\", \"attributes\": {\"step\": null, \"low\": 0.0001, \"high\": 0.1, \"log\": true}}"}
{"op_code":5,"worker_id":"6043dee2-d320-4ee9-b983-1dd1848113d3-140193173047104","trial_id":311,"param_name":"dropout","param_value_internal":0.4219117432292645,"distribution":"{\"name\": \"FloatDistribution\", \"attributes\": {\"step\": null, \"low\": 0.0, \"high\": 0.5, \"log\": false}}"}
{"op_code":5,"worker_id":"6043dee2-d320-4ee9-b983-1dd1848113d3-140193173047104","trial_id":311,"param_name":"layers","param_value_internal":1,"distribution":"{\"name\": \"CategoricalDistribution\", \"attributes\": {\"choices\": [1, 2, 3]}}"}
{"op_code":5,"worker_id":"6043dee2-d320-4ee9-b983-1dd1848113d3-140193173047104","trial_id":311,"param_name":"nodes","param_value_internal":2,"distribution":"{\"name\": \"CategoricalDistribution\", \"attributes\": {\"choices\": [16, 32, 64]}}"}
{"op_code":6,"worker_id":"6043dee2-d320-4ee9-b983-1dd1848113d3-140193173047104","trial_id":311,"state":1,"values":[0.7752324476812804],"datetime_complete":"2026-03-21T07:57:24.377748"}
{"op_code":4,"worker_id":"6043dee2-d320-4ee9-b983-1dd1848113d3-140193173047104","study_id":0,"datetime_start":"2026-03-21T07:57:24.394166"}
{"op_code":5,"worker_id":"6043dee2-d320-4ee9-b983-1dd1848113d3-140193173047104","trial_id":312,"param_name":"lr","param_value_internal":0.032646414162575244,"distribution":"{\"name\": \"FloatDistribution\", \"attributes\": {\"step\": null, \"low\": 0.0001, \"high\": 0.1, \"log\": true}}"}
{"op_code":5,"worker_id":"6043dee2-d320-4ee9-b983-1dd1848113d3-140193173047104","trial_id":312,"param_name":"dropout","param_value_internal":0.3571559962900323,"distribution":"{\"name\": \"FloatDistribution\", \"attributes\": {\"step\": null, \"low\": 0.0, \"high\": 0.5, \"log\": false}}"}
{"op_code":5,"worker_id":"6043dee2-d320-4ee9-b983-1dd1848113d3-140193173047104","trial_id":312,"param_name":"layers","param_value_internal":1,"distribution":"{\"name\": \"CategoricalDistribution\", \"attributes\": {\"choices\": [1, 2, 3]}}"}
{"op_code":5,"worker_id":"6043dee2-d320-4ee9-b983-1dd1848113d3-140193173047104","trial_id":312,"param_name":"nodes","param_value_internal":0,"distribution":"{\"name\": \"CategoricalDistribution\", \"attributes\": {\"choices\": [16, 32, 64]}}"}
{"op_code":6,"worker_id":"6043dee2-d320-4ee9-b983-1dd1848113d3-140193173047104","trial_id":312,"state":1,"values":[0.7803851578917067],"datetime_complete":"2026-03-21T07:57:26.789023"}
{"op_code":4,"worker_id":"6043dee2-d320-4ee9-b983-1dd1848113d3-140193173047104","study_id":0,"datetime_start":"2026-03-21T07:57:26.818786"}
{"op_code":5,"worker_id":"6043dee2-d320-4ee9-b983-1dd1848113d3-140193173047104","trial_id":313,"param_name":"lr","param_value_internal":0.0018127611788274019,"distribution":"{\"name\": \"FloatDistribution\", \"attributes\": {\"step\": null, \"low\": 0.0001, \"high\": 0.1, \"log\": true}}"}
{"op_code":5,"worker_id":"6043dee2-d320-4ee9-b983-1dd1848113d3-140193173047104","trial_id":313,"param_name":"dropout","param_value_internal":0.4324623577607794,"distribution":"{\"name\": \"FloatDistribution\", \"attributes\": {\"step\": null, \"low\": 0.0, \"high\": 0.5, \"log\": false}}"}
{"op_code":5,"worker_id":"6043dee2-d320-4ee9-b983-1dd1848113d3-140193173047104","trial_id":313,"param_name":"layers","param_value_internal":2,"distribution":"{\"name\": \"CategoricalDistribution\", \"attributes\": {\"choices\": [1, 2, 3]}}"}
{"op_code":5,"worker_id":"6043dee2-d320-4ee9-b983-1dd1848113d3-140193173047104","trial_id":313,"param_name":"nodes","param_value_internal":2,"distribution":"{\"name\": \"CategoricalDistribution\", \"attributes\": {\"choices\": [16, 32, 64]}}"}
{"op_code":6,"worker_id":"6043dee2-d320-4ee9-b983-1dd1848113d3-140193173047104","trial_id":313,"state":1,"values":[0.7716975157603846],"datetime_complete":"2026-03-21T07:57:29.505281"}
{"op_code":4,"worker_id":"6043dee2-d320-4ee9-b983-1dd1848113d3-140193173047104","study_id":0,"datetime_start":"2026-03-21T07:57:29.520310"}
{"op_code":5,"worker_id":"6043dee2-d320-4ee9-b983-1dd1848113d3-140193173047104","trial_id":314,"param_name":"lr","param_value_internal":0.004180260610432113,"distribution":"{\"name\": \"FloatDistribution\", \"attributes\": {\"step\": null, \"low\": 0.0001, \"high\": 0.1, \"log\": true}}"}
{"op_code":5,"worker_id":"6043dee2-d320-4ee9-b983-1dd1848113d3-140193173047104","trial_id":314,"param_name":"dropout","param_value_internal":0.37946004984624865,"distribution":"{\"name\": \"FloatDistribution\", \"attributes\": {\"step\": null, \"low\": 0.0, \"high\": 0.5, \"log\": false}}"}
{"op_code":5,"worker_id":"6043dee2-d320-4ee9-b983-1dd1848113d3-140193173047104","trial_id":314,"param_name":"layers","param_value_internal":1,"distribution":"{\"name\": \"CategoricalDistribution\", \"attributes\": {\"choices\": [1, 2, 3]}}"}
{"op_code":5,"worker_id":"6043dee2-d320-4ee9-b983-1dd1848113d3-140193173047104","trial_id":314,"param_name":"nodes","param_value_internal":2,"distribution":"{\"name\": \"CategoricalDistribution\", \"attributes\": {\"choices\": [16, 32, 64]}}"}
{"op_code":6,"worker_id":"6043dee2-d320-4ee9-b983-1dd1848113d3-140193173047104","trial_id":314,"state":1,"values":[0.7717032729784968],"datetime_complete":"2026-03-21T07:57:31.836923"}
{"op_code":4,"worker_id":"6043dee2-d320-4ee9-b983-1dd1848113d3-140193173047104","study_id":0,"datetime_start":"2026-03-21T07:57:31.863185"}
{"op_code":5,"worker_id":"6043dee2-d320-4ee9-b983-1dd1848113d3-140193173047104","trial_id":315,"param_name":"lr","param_value_internal":0.0033477801172596407,"distribution":"{\"name\": \"FloatDistribution\", \"attributes\": {\"step\": null, \"low\": 0.0001, \"high\": 0.1, \"log\": true}}"}
{"op_code":5,"worker_id":"6043dee2-d320-4ee9-b983-1dd1848113d3-140193173047104","trial_id":315,"param_name":"dropout","param_value_internal":0.4848847497821056,"distribution":"{\"name\": \"FloatDistribution\", \"attributes\": {\"step\": null, \"low\": 0.0, \"high\": 0.5, \"log\": false}}"}
{"op_code":5,"worker_id":"6043dee2-d320-4ee9-b983-1dd1848113d3-140193173047104","trial_id":315,"param_name":"layers","param_value_internal":0,"distribution":"{\"name\": \"CategoricalDistribution\", \"attributes\": {\"choices\": [1, 2, 3]}}"}
{"op_code":5,"worker_id":"6043dee2-d320-4ee9-b983-1dd1848113d3-140193173047104","trial_id":315,"param_name":"nodes","param_value_internal":2,"distribution":"{\"name\": \"CategoricalDistribution\", \"attributes\": {\"choices\": [16, 32, 64]}}"}
{"op_code":6,"worker_id":"6043dee2-d320-4ee9-b983-1dd1848113d3-140193173047104","trial_id":315,"state":1,"values":[0.7753475920435245],"datetime_complete":"2026-03-21T07:57:33.905625"}
{"op_code":4,"worker_id":"6043dee2-d320-4ee9-b983-1dd1848113d3-140193173047104","study_id":0,"datetime_start":"2026-03-21T07:57:33.934077"}
{"op_code":5,"worker_id":"6043dee2-d320-4ee9-b983-1dd1848113d3-140193173047104","trial_id":316,"param_name":"lr","param_value_internal":0.002353385429782796,"distribution":"{\"name\": \"FloatDistribution\", \"attributes\": {\"step\": null, \"low\": 0.0001, \"high\": 0.1, \"log\": true}}"}
{"op_code":5,"worker_id":"6043dee2-d320-4ee9-b983-1dd1848113d3-140193173047104","trial_id":316,"param_name":"dropout","param_value_internal":0.4119109209149544,"distribution":"{\"name\": \"FloatDistribution\", \"attributes\": {\"step\": null, \"low\": 0.0, \"high\": 0.5, \"log\": false}}"}
{"op_code":5,"worker_id":"6043dee2-d320-4ee9-b983-1dd1848113d3-140193173047104","trial_id":316,"param_name":"layers","param_value_internal":1,"distribution":"{\"name\": \"CategoricalDistribution\", \"attributes\": {\"choices\": [1, 2, 3]}}"}
{"op_code":5,"worker_id":"6043dee2-d320-4ee9-b983-1dd1848113d3-140193173047104","trial_id":316,"param_name":"nodes","param_value_internal":2,"distribution":"{\"name\": \"CategoricalDistribution\", \"attributes\": {\"choices\": [16, 32, 64]}}"}
{"op_code":6,"worker_id":"6043dee2-d320-4ee9-b983-1dd1848113d3-140193173047104","trial_id":316,"state":1,"values":[0.7725150407323181],"datetime_complete":"2026-03-21T07:57:36.322504"}
{"op_code":4,"worker_id":"6043dee2-d320-4ee9-b983-1dd1848113d3-140193173047104","study_id":0,"datetime_start":"2026-03-21T07:57:36.347078"}
{"op_code":5,"worker_id":"6043dee2-d320-4ee9-b983-1dd1848113d3-140193173047104","trial_id":317,"param_name":"lr","param_value_internal":0.0020319472205219437,"distribution":"{\"name\": \"FloatDistribution\", \"attributes\": {\"step\": null, \"low\": 0.0001, \"high\": 0.1, \"log\": true}}"}
{"op_code":5,"worker_id":"6043dee2-d320-4ee9-b983-1dd1848113d3-140193173047104","trial_id":317,"param_name":"dropout","param_value_internal":0.3386579216301305,"distribution":"{\"name\": \"FloatDistribution\", \"attributes\": {\"step\": null, \"low\": 0.0, \"high\": 0.5, \"log\": false}}"}
{"op_code":5,"worker_id":"6043dee2-d320-4ee9-b983-1dd1848113d3-140193173047104","trial_id":317,"param_name":"layers","param_value_internal":2,"distribution":"{\"name\": \"CategoricalDistribution\", \"attributes\": {\"choices\": [1, 2, 3]}}"}
{"op_code":5,"worker_id":"6043dee2-d320-4ee9-b983-1dd1848113d3-140193173047104","trial_id":317,"param_name":"nodes","param_value_internal":2,"distribution":"{\"name\": \"CategoricalDistribution\", \"attributes\": {\"choices\": [16, 32, 64]}}"}
{"op_code":6,"worker_id":"6043dee2-d320-4ee9-b983-1dd1848113d3-140193173047104","trial_id":317,"state":1,"values":[0.7798267077348225],"datetime_complete":"2026-03-21T07:57:39.029557"}
{"op_code":4,"worker_id":"6043dee2-d320-4ee9-b983-1dd1848113d3-140193173047104","study_id":0,"datetime_start":"2026-03-21T07:57:39.061519"}
{"op_code":5,"worker_id":"6043dee2-d320-4ee9-b983-1dd1848113d3-140193173047104","trial_id":318,"param_name":"lr","param_value_internal":0.0029707964355664774,"distribution":"{\"name\": \"FloatDistribution\", \"attributes\": {\"step\": null, \"low\": 0.0001, \"high\": 0.1, \"log\": true}}"}
{"op_code":5,"worker_id":"6043dee2-d320-4ee9-b983-1dd1848113d3-140193173047104","trial_id":318,"param_name":"dropout","param_value_internal":0.365525025204413,"distribution":"{\"name\": \"FloatDistribution\", \"attributes\": {\"step\": null, \"low\": 0.0, \"high\": 0.5, \"log\": false}}"}
{"op_code":5,"worker_id":"6043dee2-d320-4ee9-b983-1dd1848113d3-140193173047104","trial_id":318,"param_name":"layers","param_value_internal":1,"distribution":"{\"name\": \"CategoricalDistribution\", \"attributes\": {\"choices\": [1, 2, 3]}}"}
{"op_code":5,"worker_id":"6043dee2-d320-4ee9-b983-1dd1848113d3-140193173047104","trial_id":318,"param_name":"nodes","param_value_internal":2,"distribution":"{\"name\": \"CategoricalDistribution\", \"attributes\": {\"choices\": [16, 32, 64]}}"}
{"op_code":6,"worker_id":"6043dee2-d320-4ee9-b983-1dd1848113d3-140193173047104","trial_id":318,"state":1,"values":[0.77178963125018],"datetime_complete":"2026-03-21T07:57:41.417695"}
{"op_code":4,"worker_id":"6043dee2-d320-4ee9-b983-1dd1848113d3-140193173047104","study_id":0,"datetime_start":"2026-03-21T07:57:41.443797"}
{"op_code":5,"worker_id":"6043dee2-d320-4ee9-b983-1dd1848113d3-140193173047104","trial_id":319,"param_name":"lr","param_value_internal":0.0025538377745201036,"distribution":"{\"name\": \"FloatDistribution\", \"attributes\": {\"step\": null, \"low\": 0.0001, \"high\": 0.1, \"log\": true}}"}
{"op_code":5,"worker_id":"6043dee2-d320-4ee9-b983-1dd1848113d3-140193173047104","trial_id":319,"param_name":"dropout","param_value_internal":0.4585841942153302,"distribution":"{\"name\": \"FloatDistribution\", \"attributes\": {\"step\": null, \"low\": 0.0, \"high\": 0.5, \"log\": false}}"}
{"op_code":5,"worker_id":"6043dee2-d320-4ee9-b983-1dd1848113d3-140193173047104","trial_id":319,"param_name":"layers","param_value_internal":0,"distribution":"{\"name\": \"CategoricalDistribution\", \"attributes\": {\"choices\": [1, 2, 3]}}"}
{"op_code":5,"worker_id":"6043dee2-d320-4ee9-b983-1dd1848113d3-140193173047104","trial_id":319,"param_name":"nodes","param_value_internal":0,"distribution":"{\"name\": \"CategoricalDistribution\", \"attributes\": {\"choices\": [16, 32, 64]}}"}
{"op_code":6,"worker_id":"6043dee2-d320-4ee9-b983-1dd1848113d3-140193173047104","trial_id":319,"state":1,"values":[0.7758887705460722],"datetime_complete":"2026-03-21T07:57:43.435602"}
{"op_code":0,"worker_id":"45d2b034-8098-4627-ad51-5b53a930c106-140193173047104","study_name":"deepsurv_tuning","directions":[2]}
{"op_code":4,"worker_id":"45d2b034-8098-4627-ad51-5b53a930c106-140193173047104","study_id":0,"datetime_start":"2026-03-21T08:11:56.396391"}
{"op_code":5,"worker_id":"45d2b034-8098-4627-ad51-5b53a930c106-140193173047104","trial_id":320,"param_name":"lr","param_value_internal":0.024579247825783038,"distribution":"{\"name\": \"FloatDistribution\", \"attributes\": {\"step\": null, \"low\": 0.0001, \"high\": 0.1, \"log\": true}}"}
{"op_code":5,"worker_id":"45d2b034-8098-4627-ad51-5b53a930c106-140193173047104","trial_id":320,"param_name":"dropout","param_value_internal":0.387455298368325,"distribution":"{\"name\": \"FloatDistribution\", \"attributes\": {\"step\": null, \"low\": 0.0, \"high\": 0.5, \"log\": false}}"}
{"op_code":5,"worker_id":"45d2b034-8098-4627-ad51-5b53a930c106-140193173047104","trial_id":320,"param_name":"layers","param_value_internal":1,"distribution":"{\"name\": \"CategoricalDistribution\", \"attributes\": {\"choices\": [1, 2, 3]}}"}
{"op_code":5,"worker_id":"45d2b034-8098-4627-ad51-5b53a930c106-140193173047104","trial_id":320,"param_name":"nodes","param_value_internal":2,"distribution":"{\"name\": \"CategoricalDistribution\", \"attributes\": {\"choices\": [16, 32, 64]}}"}
{"op_code":6,"worker_id":"45d2b034-8098-4627-ad51-5b53a930c106-140193173047104","trial_id":320,"state":1,"values":[0.7648302362793306],"datetime_complete":"2026-03-21T08:11:58.727177"}
{"op_code":4,"worker_id":"45d2b034-8098-4627-ad51-5b53a930c106-140193173047104","study_id":0,"datetime_start":"2026-03-21T08:11:58.746916"}
{"op_code":5,"worker_id":"45d2b034-8098-4627-ad51-5b53a930c106-140193173047104","trial_id":321,"param_name":"lr","param_value_internal":0.0034662267879796978,"distribution":"{\"name\": \"FloatDistribution\", \"attributes\": {\"step\": null, \"low\": 0.0001, \"high\": 0.1, \"log\": true}}"}
{"op_code":5,"worker_id":"45d2b034-8098-4627-ad51-5b53a930c106-140193173047104","trial_id":321,"param_name":"dropout","param_value_internal":0.4714833847333092,"distribution":"{\"name\": \"FloatDistribution\", \"attributes\": {\"step\": null, \"low\": 0.0, \"high\": 0.5, \"log\": false}}"}
{"op_code":5,"worker_id":"45d2b034-8098-4627-ad51-5b53a930c106-140193173047104","trial_id":321,"param_name":"layers","param_value_internal":2,"distribution":"{\"name\": \"CategoricalDistribution\", \"attributes\": {\"choices\": [1, 2, 3]}}"}
{"op_code":5,"worker_id":"45d2b034-8098-4627-ad51-5b53a930c106-140193173047104","trial_id":321,"param_name":"nodes","param_value_internal":2,"distribution":"{\"name\": \"CategoricalDistribution\", \"attributes\": {\"choices\": [16, 32, 64]}}"}
{"op_code":6,"worker_id":"45d2b034-8098-4627-ad51-5b53a930c106-140193173047104","trial_id":321,"state":1,"values":[0.7729592730585501],"datetime_complete":"2026-03-21T08:12:01.445692"}
{"op_code":4,"worker_id":"45d2b034-8098-4627-ad51-5b53a930c106-140193173047104","study_id":0,"datetime_start":"2026-03-21T08:12:01.464592"}
{"op_code":5,"worker_id":"45d2b034-8098-4627-ad51-5b53a930c106-140193173047104","trial_id":322,"param_name":"lr","param_value_internal":0.004808295186335644,"distribution":"{\"name\": \"FloatDistribution\", \"attributes\": {\"step\": null, \"low\": 0.0001, \"high\": 0.1, \"log\": true}}"}
{"op_code":5,"worker_id":"45d2b034-8098-4627-ad51-5b53a930c106-140193173047104","trial_id":322,"param_name":"dropout","param_value_internal":0.40110151052182946,"distribution":"{\"name\": \"FloatDistribution\", \"attributes\": {\"step\": null, \"low\": 0.0, \"high\": 0.5, \"log\": false}}"}
{"op_code":5,"worker_id":"45d2b034-8098-4627-ad51-5b53a930c106-140193173047104","trial_id":322,"param_name":"layers","param_value_internal":1,"distribution":"{\"name\": \"CategoricalDistribution\", \"attributes\": {\"choices\": [1, 2, 3]}}"}
{"op_code":5,"worker_id":"45d2b034-8098-4627-ad51-5b53a930c106-140193173047104","trial_id":322,"param_name":"nodes","param_value_internal":2,"distribution":"{\"name\": \"CategoricalDistribution\", \"attributes\": {\"choices\": [16, 32, 64]}}"}
{"op_code":6,"worker_id":"45d2b034-8098-4627-ad51-5b53a930c106-140193173047104","trial_id":322,"state":1,"values":[0.7691517069809272],"datetime_complete":"2026-03-21T08:12:03.811267"}
{"op_code":4,"worker_id":"45d2b034-8098-4627-ad51-5b53a930c106-140193173047104","study_id":0,"datetime_start":"2026-03-21T08:12:03.824056"}
{"op_code":5,"worker_id":"45d2b034-8098-4627-ad51-5b53a930c106-140193173047104","trial_id":323,"param_name":"lr","param_value_internal":0.02169486373025134,"distribution":"{\"name\": \"FloatDistribution\", \"attributes\": {\"step\": null, \"low\": 0.0001, \"high\": 0.1, \"log\": true}}"}
{"op_code":5,"worker_id":"45d2b034-8098-4627-ad51-5b53a930c106-140193173047104","trial_id":323,"param_name":"dropout","param_value_internal":0.4998990191542281,"distribution":"{\"name\": \"FloatDistribution\", \"attributes\": {\"step\": null, \"low\": 0.0, \"high\": 0.5, \"log\": false}}"}
{"op_code":5,"worker_id":"45d2b034-8098-4627-ad51-5b53a930c106-140193173047104","trial_id":323,"param_name":"layers","param_value_internal":0,"distribution":"{\"name\": \"CategoricalDistribution\", \"attributes\": {\"choices\": [1, 2, 3]}}"}
{"op_code":5,"worker_id":"45d2b034-8098-4627-ad51-5b53a930c106-140193173047104","trial_id":323,"param_name":"nodes","param_value_internal":2,"distribution":"{\"name\": \"CategoricalDistribution\", \"attributes\": {\"choices\": [16, 32, 64]}}"}
{"op_code":6,"worker_id":"45d2b034-8098-4627-ad51-5b53a930c106-140193173047104","trial_id":323,"state":1,"values":[0.7638141066819281],"datetime_complete":"2026-03-21T08:12:05.843127"}
{"op_code":4,"worker_id":"45d2b034-8098-4627-ad51-5b53a930c106-140193173047104","study_id":0,"datetime_start":"2026-03-21T08:12:05.861003"}
{"op_code":5,"worker_id":"45d2b034-8098-4627-ad51-5b53a930c106-140193173047104","trial_id":324,"param_name":"lr","param_value_internal":0.0006643145970914175,"distribution":"{\"name\": \"FloatDistribution\", \"attributes\": {\"step\": null, \"low\": 0.0001, \"high\": 0.1, \"log\": true}}"}
{"op_code":5,"worker_id":"45d2b034-8098-4627-ad51-5b53a930c106-140193173047104","trial_id":324,"param_name":"dropout","param_value_internal":0.3769229807239934,"distribution":"{\"name\": \"FloatDistribution\", \"attributes\": {\"step\": null, \"low\": 0.0, \"high\": 0.5, \"log\": false}}"}
{"op_code":5,"worker_id":"45d2b034-8098-4627-ad51-5b53a930c106-140193173047104","trial_id":324,"param_name":"layers","param_value_internal":1,"distribution":"{\"name\": \"CategoricalDistribution\", \"attributes\": {\"choices\": [1, 2, 3]}}"}
{"op_code":5,"worker_id":"45d2b034-8098-4627-ad51-5b53a930c106-140193173047104","trial_id":324,"param_name":"nodes","param_value_internal":2,"distribution":"{\"name\": \"CategoricalDistribution\", \"attributes\": {\"choices\": [16, 32, 64]}}"}
{"op_code":6,"worker_id":"45d2b034-8098-4627-ad51-5b53a930c106-140193173047104","trial_id":324,"state":1,"values":[0.7742148354921221],"datetime_complete":"2026-03-21T08:12:08.193285"}
{"op_code":4,"worker_id":"45d2b034-8098-4627-ad51-5b53a930c106-140193173047104","study_id":0,"datetime_start":"2026-03-21T08:12:08.207165"}
{"op_code":5,"worker_id":"45d2b034-8098-4627-ad51-5b53a930c106-140193173047104","trial_id":325,"param_name":"lr","param_value_internal":0.0020965563190262684,"distribution":"{\"name\": \"FloatDistribution\", \"attributes\": {\"step\": null, \"low\": 0.0001, \"high\": 0.1, \"log\": true}}"}
{"op_code":5,"worker_id":"45d2b034-8098-4627-ad51-5b53a930c106-140193173047104","trial_id":325,"param_name":"dropout","param_value_internal":0.354376127391442,"distribution":"{\"name\": \"FloatDistribution\", \"attributes\": {\"step\": null, \"low\": 0.0, \"high\": 0.5, \"log\": false}}"}
{"op_code":5,"worker_id":"45d2b034-8098-4627-ad51-5b53a930c106-140193173047104","trial_id":325,"param_name":"layers","param_value_internal":2,"distribution":"{\"name\": \"CategoricalDistribution\", \"attributes\": {\"choices\": [1, 2, 3]}}"}
{"op_code":5,"worker_id":"45d2b034-8098-4627-ad51-5b53a930c106-140193173047104","trial_id":325,"param_name":"nodes","param_value_internal":0,"distribution":"{\"name\": \"CategoricalDistribution\", \"attributes\": {\"choices\": [16, 32, 64]}}"}
{"op_code":6,"worker_id":"45d2b034-8098-4627-ad51-5b53a930c106-140193173047104","trial_id":325,"state":1,"values":[0.7684859668998704],"datetime_complete":"2026-03-21T08:12:10.850941"}
{"op_code":4,"worker_id":"45d2b034-8098-4627-ad51-5b53a930c106-140193173047104","study_id":0,"datetime_start":"2026-03-21T08:12:10.863734"}
{"op_code":5,"worker_id":"45d2b034-8098-4627-ad51-5b53a930c106-140193173047104","trial_id":326,"param_name":"lr","param_value_internal":0.00162912033590416,"distribution":"{\"name\": \"FloatDistribution\", \"attributes\": {\"step\": null, \"low\": 0.0001, \"high\": 0.1, \"log\": true}}"}
{"op_code":5,"worker_id":"45d2b034-8098-4627-ad51-5b53a930c106-140193173047104","trial_id":326,"param_name":"dropout","param_value_internal":0.44689621457526163,"distribution":"{\"name\": \"FloatDistribution\", \"attributes\": {\"step\": null, \"low\": 0.0, \"high\": 0.5, \"log\": false}}"}
{"op_code":5,"worker_id":"45d2b034-8098-4627-ad51-5b53a930c106-140193173047104","trial_id":326,"param_name":"layers","param_value_internal":1,"distribution":"{\"name\": \"CategoricalDistribution\", \"attributes\": {\"choices\": [1, 2, 3]}}"}
{"op_code":5,"worker_id":"45d2b034-8098-4627-ad51-5b53a930c106-140193173047104","trial_id":326,"param_name":"nodes","param_value_internal":2,"distribution":"{\"name\": \"CategoricalDistribution\", \"attributes\": {\"choices\": [16, 32, 64]}}"}
{"op_code":6,"worker_id":"45d2b034-8098-4627-ad51-5b53a930c106-140193173047104","trial_id":326,"state":1,"values":[0.7773041030612364],"datetime_complete":"2026-03-21T08:12:13.154546"}
{"op_code":4,"worker_id":"45d2b034-8098-4627-ad51-5b53a930c106-140193173047104","study_id":0,"datetime_start":"2026-03-21T08:12:13.187473"}
{"op_code":5,"worker_id":"45d2b034-8098-4627-ad51-5b53a930c106-140193173047104","trial_id":327,"param_name":"lr","param_value_internal":0.03952916643528597,"distribution":"{\"name\": \"FloatDistribution\", \"attributes\": {\"step\": null, \"low\": 0.0001, \"high\": 0.1, \"log\": true}}"}
{"op_code":5,"worker_id":"45d2b034-8098-4627-ad51-5b53a930c106-140193173047104","trial_id":327,"param_name":"dropout","param_value_internal":0.38687331591139584,"distribution":"{\"name\": \"FloatDistribution\", \"attributes\": {\"step\": null, \"low\": 0.0, \"high\": 0.5, \"log\": false}}"}
{"op_code":5,"worker_id":"45d2b034-8098-4627-ad51-5b53a930c106-140193173047104","trial_id":327,"param_name":"layers","param_value_internal":1,"distribution":"{\"name\": \"CategoricalDistribution\", \"attributes\": {\"choices\": [1, 2, 3]}}"}
{"op_code":5,"worker_id":"45d2b034-8098-4627-ad51-5b53a930c106-140193173047104","trial_id":327,"param_name":"nodes","param_value_internal":2,"distribution":"{\"name\": \"CategoricalDistribution\", \"attributes\": {\"choices\": [16, 32, 64]}}"}
{"op_code":6,"worker_id":"45d2b034-8098-4627-ad51-5b53a930c106-140193173047104","trial_id":327,"state":1,"values":[0.7595335147572385],"datetime_complete":"2026-03-21T08:12:15.488416"}
{"op_code":4,"worker_id":"45d2b034-8098-4627-ad51-5b53a930c106-140193173047104","study_id":0,"datetime_start":"2026-03-21T08:12:15.522464"}
{"op_code":5,"worker_id":"45d2b034-8098-4627-ad51-5b53a930c106-140193173047104","trial_id":328,"param_name":"lr","param_value_internal":0.0007850793040440854,"distribution":"{\"name\": \"FloatDistribution\", \"attributes\": {\"step\": null, \"low\": 0.0001, \"high\": 0.1, \"log\": true}}"}
{"op_code":5,"worker_id":"45d2b034-8098-4627-ad51-5b53a930c106-140193173047104","trial_id":328,"param_name":"dropout","param_value_internal":0.41796547620846664,"distribution":"{\"name\": \"FloatDistribution\", \"attributes\": {\"step\": null, \"low\": 0.0, \"high\": 0.5, \"log\": false}}"}
{"op_code":5,"worker_id":"45d2b034-8098-4627-ad51-5b53a930c106-140193173047104","trial_id":328,"param_name":"layers","param_value_internal":0,"distribution":"{\"name\": \"CategoricalDistribution\", \"attributes\": {\"choices\": [1, 2, 3]}}"}
{"op_code":5,"worker_id":"45d2b034-8098-4627-ad51-5b53a930c106-140193173047104","trial_id":328,"param_name":"nodes","param_value_internal":2,"distribution":"{\"name\": \"CategoricalDistribution\", \"attributes\": {\"choices\": [16, 32, 64]}}"}
{"op_code":6,"worker_id":"45d2b034-8098-4627-ad51-5b53a930c106-140193173047104","trial_id":328,"state":1,"values":[0.7731695067683575],"datetime_complete":"2026-03-21T08:12:17.615137"}
{"op_code":4,"worker_id":"45d2b034-8098-4627-ad51-5b53a930c106-140193173047104","study_id":0,"datetime_start":"2026-03-21T08:12:17.635040"}
{"op_code":5,"worker_id":"45d2b034-8098-4627-ad51-5b53a930c106-140193173047104","trial_id":329,"param_name":"lr","param_value_internal":0.002994035088803,"distribution":"{\"name\": \"FloatDistribution\", \"attributes\": {\"step\": null, \"low\": 0.0001, \"high\": 0.1, \"log\": true}}"}
{"op_code":5,"worker_id":"45d2b034-8098-4627-ad51-5b53a930c106-140193173047104","trial_id":329,"param_name":"dropout","param_value_internal":0.4882170605199901,"distribution":"{\"name\": \"FloatDistribution\", \"attributes\": {\"step\": null, \"low\": 0.0, \"high\": 0.5, \"log\": false}}"}
{"op_code":5,"worker_id":"45d2b034-8098-4627-ad51-5b53a930c106-140193173047104","trial_id":329,"param_name":"layers","param_value_internal":2,"distribution":"{\"name\": \"CategoricalDistribution\", \"attributes\": {\"choices\": [1, 2, 3]}}"}
{"op_code":5,"worker_id":"45d2b034-8098-4627-ad51-5b53a930c106-140193173047104","trial_id":329,"param_name":"nodes","param_value_internal":2,"distribution":"{\"name\": \"CategoricalDistribution\", \"attributes\": {\"choices\": [16, 32, 64]}}"}
{"op_code":6,"worker_id":"45d2b034-8098-4627-ad51-5b53a930c106-140193173047104","trial_id":329,"state":1,"values":[0.775674791810229],"datetime_complete":"2026-03-21T08:12:20.264948"}
{"op_code":0,"worker_id":"6edfed15-d673-4c46-80ed-374967d5119c-140193173047104","study_name":"deepsurv_tuning","directions":[2]}
{"op_code":4,"worker_id":"6edfed15-d673-4c46-80ed-374967d5119c-140193173047104","study_id":0,"datetime_start":"2026-03-21T08:26:52.267406"}
{"op_code":5,"worker_id":"6edfed15-d673-4c46-80ed-374967d5119c-140193173047104","trial_id":330,"param_name":"lr","param_value_internal":0.0038786652757827893,"distribution":"{\"name\": \"FloatDistribution\", \"attributes\": {\"step\": null, \"low\": 0.0001, \"high\": 0.1, \"log\": true}}"}
{"op_code":5,"worker_id":"6edfed15-d673-4c46-80ed-374967d5119c-140193173047104","trial_id":330,"param_name":"dropout","param_value_internal":0.2949938733360035,"distribution":"{\"name\": \"FloatDistribution\", \"attributes\": {\"step\": null, \"low\": 0.0, \"high\": 0.5, \"log\": false}}"}
{"op_code":5,"worker_id":"6edfed15-d673-4c46-80ed-374967d5119c-140193173047104","trial_id":330,"param_name":"layers","param_value_internal":1,"distribution":"{\"name\": \"CategoricalDistribution\", \"attributes\": {\"choices\": [1, 2, 3]}}"}
{"op_code":5,"worker_id":"6edfed15-d673-4c46-80ed-374967d5119c-140193173047104","trial_id":330,"param_name":"nodes","param_value_internal":2,"distribution":"{\"name\": \"CategoricalDistribution\", \"attributes\": {\"choices\": [16, 32, 64]}}"}
{"op_code":6,"worker_id":"6edfed15-d673-4c46-80ed-374967d5119c-140193173047104","trial_id":330,"state":1,"values":[0.7996855094480424],"datetime_complete":"2026-03-21T08:26:55.570829"}
{"op_code":4,"worker_id":"6edfed15-d673-4c46-80ed-374967d5119c-140193173047104","study_id":0,"datetime_start":"2026-03-21T08:26:55.585856"}
{"op_code":5,"worker_id":"6edfed15-d673-4c46-80ed-374967d5119c-140193173047104","trial_id":331,"param_name":"lr","param_value_internal":0.005392822019804166,"distribution":"{\"name\": \"FloatDistribution\", \"attributes\": {\"step\": null, \"low\": 0.0001, \"high\": 0.1, \"log\": true}}"}
{"op_code":5,"worker_id":"6edfed15-d673-4c46-80ed-374967d5119c-140193173047104","trial_id":331,"param_name":"dropout","param_value_internal":0.2752980108473781,"distribution":"{\"name\": \"FloatDistribution\", \"attributes\": {\"step\": null, \"low\": 0.0, \"high\": 0.5, \"log\": false}}"}
{"op_code":5,"worker_id":"6edfed15-d673-4c46-80ed-374967d5119c-140193173047104","trial_id":331,"param_name":"layers","param_value_internal":1,"distribution":"{\"name\": \"CategoricalDistribution\", \"attributes\": {\"choices\": [1, 2, 3]}}"}
{"op_code":5,"worker_id":"6edfed15-d673-4c46-80ed-374967d5119c-140193173047104","trial_id":331,"param_name":"nodes","param_value_internal":2,"distribution":"{\"name\": \"CategoricalDistribution\", \"attributes\": {\"choices\": [16, 32, 64]}}"}
{"op_code":6,"worker_id":"6edfed15-d673-4c46-80ed-374967d5119c-140193173047104","trial_id":331,"state":1,"values":[0.7860131659603955],"datetime_complete":"2026-03-21T08:26:57.922136"}
{"op_code":4,"worker_id":"6edfed15-d673-4c46-80ed-374967d5119c-140193173047104","study_id":0,"datetime_start":"2026-03-21T08:26:57.940284"}
{"op_code":5,"worker_id":"6edfed15-d673-4c46-80ed-374967d5119c-140193173047104","trial_id":332,"param_name":"lr","param_value_internal":0.004074219791081941,"distribution":"{\"name\": \"FloatDistribution\", \"attributes\": {\"step\": null, \"low\": 0.0001, \"high\": 0.1, \"log\": true}}"}
{"op_code":5,"worker_id":"6edfed15-d673-4c46-80ed-374967d5119c-140193173047104","trial_id":332,"param_name":"dropout","param_value_internal":0.30575951916316113,"distribution":"{\"name\": \"FloatDistribution\", \"attributes\": {\"step\": null, \"low\": 0.0, \"high\": 0.5, \"log\": false}}"}
{"op_code":5,"worker_id":"6edfed15-d673-4c46-80ed-374967d5119c-140193173047104","trial_id":332,"param_name":"layers","param_value_internal":1,"distribution":"{\"name\": \"CategoricalDistribution\", \"attributes\": {\"choices\": [1, 2, 3]}}"}
{"op_code":5,"worker_id":"6edfed15-d673-4c46-80ed-374967d5119c-140193173047104","trial_id":332,"param_name":"nodes","param_value_internal":0,"distribution":"{\"name\": \"CategoricalDistribution\", \"attributes\": {\"choices\": [16, 32, 64]}}"}
{"op_code":6,"worker_id":"6edfed15-d673-4c46-80ed-374967d5119c-140193173047104","trial_id":332,"state":1,"values":[0.8040164174728819],"datetime_complete":"2026-03-21T08:27:00.204056"}
{"op_code":4,"worker_id":"6edfed15-d673-4c46-80ed-374967d5119c-140193173047104","study_id":0,"datetime_start":"2026-03-21T08:27:00.235482"}
{"op_code":5,"worker_id":"6edfed15-d673-4c46-80ed-374967d5119c-140193173047104","trial_id":333,"param_name":"lr","param_value_internal":0.004313573286979626,"distribution":"{\"name\": \"FloatDistribution\", \"attributes\": {\"step\": null, \"low\": 0.0001, \"high\": 0.1, \"log\": true}}"}
{"op_code":5,"worker_id":"6edfed15-d673-4c46-80ed-374967d5119c-140193173047104","trial_id":333,"param_name":"dropout","param_value_internal":0.30161822781046693,"distribution":"{\"name\": \"FloatDistribution\", \"attributes\": {\"step\": null, \"low\": 0.0, \"high\": 0.5, \"log\": false}}"}
{"op_code":5,"worker_id":"6edfed15-d673-4c46-80ed-374967d5119c-140193173047104","trial_id":333,"param_name":"layers","param_value_internal":1,"distribution":"{\"name\": \"CategoricalDistribution\", \"attributes\": {\"choices\": [1, 2, 3]}}"}
{"op_code":5,"worker_id":"6edfed15-d673-4c46-80ed-374967d5119c-140193173047104","trial_id":333,"param_name":"nodes","param_value_internal":2,"distribution":"{\"name\": \"CategoricalDistribution\", \"attributes\": {\"choices\": [16, 32, 64]}}"}
{"op_code":6,"worker_id":"6edfed15-d673-4c46-80ed-374967d5119c-140193173047104","trial_id":333,"state":1,"values":[0.8096399349697503],"datetime_complete":"2026-03-21T08:27:02.620237"}
{"op_code":4,"worker_id":"6edfed15-d673-4c46-80ed-374967d5119c-140193173047104","study_id":0,"datetime_start":"2026-03-21T08:27:02.643074"}
{"op_code":5,"worker_id":"6edfed15-d673-4c46-80ed-374967d5119c-140193173047104","trial_id":334,"param_name":"lr","param_value_internal":0.0044081014177634785,"distribution":"{\"name\": \"FloatDistribution\", \"attributes\": {\"step\": null, \"low\": 0.0001, \"high\": 0.1, \"log\": true}}"}
{"op_code":5,"worker_id":"6edfed15-d673-4c46-80ed-374967d5119c-140193173047104","trial_id":334,"param_name":"dropout","param_value_internal":0.294850922098282,"distribution":"{\"name\": \"FloatDistribution\", \"attributes\": {\"step\": null, \"low\": 0.0, \"high\": 0.5, \"log\": false}}"}
{"op_code":5,"worker_id":"6edfed15-d673-4c46-80ed-374967d5119c-140193173047104","trial_id":334,"param_name":"layers","param_value_internal":1,"distribution":"{\"name\": \"CategoricalDistribution\", \"attributes\": {\"choices\": [1, 2, 3]}}"}
{"op_code":5,"worker_id":"6edfed15-d673-4c46-80ed-374967d5119c-140193173047104","trial_id":334,"param_name":"nodes","param_value_internal":2,"distribution":"{\"name\": \"CategoricalDistribution\", \"attributes\": {\"choices\": [16, 32, 64]}}"}
{"op_code":6,"worker_id":"6edfed15-d673-4c46-80ed-374967d5119c-140193173047104","trial_id":334,"state":1,"values":[0.776085392180379],"datetime_complete":"2026-03-21T08:27:04.983129"}
{"op_code":4,"worker_id":"6edfed15-d673-4c46-80ed-374967d5119c-140193173047104","study_id":0,"datetime_start":"2026-03-21T08:27:05.011177"}
{"op_code":5,"worker_id":"6edfed15-d673-4c46-80ed-374967d5119c-140193173047104","trial_id":335,"param_name":"lr","param_value_internal":0.006229769709508351,"distribution":"{\"name\": \"FloatDistribution\", \"attributes\": {\"step\": null, \"low\": 0.0001, \"high\": 0.1, \"log\": true}}"}
{"op_code":5,"worker_id":"6edfed15-d673-4c46-80ed-374967d5119c-140193173047104","trial_id":335,"param_name":"dropout","param_value_internal":0.3086785751683169,"distribution":"{\"name\": \"FloatDistribution\", \"attributes\": {\"step\": null, \"low\": 0.0, \"high\": 0.5, \"log\": false}}"}
{"op_code":5,"worker_id":"6edfed15-d673-4c46-80ed-374967d5119c-140193173047104","trial_id":335,"param_name":"layers","param_value_internal":1,"distribution":"{\"name\": \"CategoricalDistribution\", \"attributes\": {\"choices\": [1, 2, 3]}}"}
{"op_code":5,"worker_id":"6edfed15-d673-4c46-80ed-374967d5119c-140193173047104","trial_id":335,"param_name":"nodes","param_value_internal":2,"distribution":"{\"name\": \"CategoricalDistribution\", \"attributes\": {\"choices\": [16, 32, 64]}}"}
{"op_code":6,"worker_id":"6edfed15-d673-4c46-80ed-374967d5119c-140193173047104","trial_id":335,"state":1,"values":[0.7962207830281709],"datetime_complete":"2026-03-21T08:27:07.343551"}
{"op_code":4,"worker_id":"6edfed15-d673-4c46-80ed-374967d5119c-140193173047104","study_id":0,"datetime_start":"2026-03-21T08:27:07.374807"}
{"op_code":5,"worker_id":"6edfed15-d673-4c46-80ed-374967d5119c-140193173047104","trial_id":336,"param_name":"lr","param_value_internal":0.004998784737909888,"distribution":"{\"name\": \"FloatDistribution\", \"attributes\": {\"step\": null, \"low\": 0.0001, \"high\": 0.1, \"log\": true}}"}
{"op_code":5,"worker_id":"6edfed15-d673-4c46-80ed-374967d5119c-140193173047104","trial_id":336,"param_name":"dropout","param_value_internal":0.29698996158499846,"distribution":"{\"name\": \"FloatDistribution\", \"attributes\": {\"step\": null, \"low\": 0.0, \"high\": 0.5, \"log\": false}}"}
{"op_code":5,"worker_id":"6edfed15-d673-4c46-80ed-374967d5119c-140193173047104","trial_id":336,"param_name":"layers","param_value_internal":1,"distribution":"{\"name\": \"CategoricalDistribution\", \"attributes\": {\"choices\": [1, 2, 3]}}"}
{"op_code":5,"worker_id":"6edfed15-d673-4c46-80ed-374967d5119c-140193173047104","trial_id":336,"param_name":"nodes","param_value_internal":2,"distribution":"{\"name\": \"CategoricalDistribution\", \"attributes\": {\"choices\": [16, 32, 64]}}"}
{"op_code":6,"worker_id":"6edfed15-d673-4c46-80ed-374967d5119c-140193173047104","trial_id":336,"state":1,"values":[0.7854801311265691],"datetime_complete":"2026-03-21T08:27:09.701788"}
{"op_code":4,"worker_id":"6edfed15-d673-4c46-80ed-374967d5119c-140193173047104","study_id":0,"datetime_start":"2026-03-21T08:27:09.722852"}
{"op_code":5,"worker_id":"6edfed15-d673-4c46-80ed-374967d5119c-140193173047104","trial_id":337,"param_name":"lr","param_value_internal":0.0061069497922654516,"distribution":"{\"name\": \"FloatDistribution\", \"attributes\": {\"step\": null, \"low\": 0.0001, \"high\": 0.1, \"log\": true}}"}
{"op_code":5,"worker_id":"6edfed15-d673-4c46-80ed-374967d5119c-140193173047104","trial_id":337,"param_name":"dropout","param_value_internal":0.3021276058264448,"distribution":"{\"name\": \"FloatDistribution\", \"attributes\": {\"step\": null, \"low\": 0.0, \"high\": 0.5, \"log\": false}}"}
{"op_code":5,"worker_id":"6edfed15-d673-4c46-80ed-374967d5119c-140193173047104","trial_id":337,"param_name":"layers","param_value_internal":1,"distribution":"{\"name\": \"CategoricalDistribution\", \"attributes\": {\"choices\": [1, 2, 3]}}"}
{"op_code":5,"worker_id":"6edfed15-d673-4c46-80ed-374967d5119c-140193173047104","trial_id":337,"param_name":"nodes","param_value_internal":2,"distribution":"{\"name\": \"CategoricalDistribution\", \"attributes\": {\"choices\": [16, 32, 64]}}"}
{"op_code":6,"worker_id":"6edfed15-d673-4c46-80ed-374967d5119c-140193173047104","trial_id":337,"state":1,"values":[0.7948881959436049],"datetime_complete":"2026-03-21T08:27:12.117444"}
{"op_code":4,"worker_id":"6edfed15-d673-4c46-80ed-374967d5119c-140193173047104","study_id":0,"datetime_start":"2026-03-21T08:27:12.147577"}
{"op_code":5,"worker_id":"6edfed15-d673-4c46-80ed-374967d5119c-140193173047104","trial_id":338,"param_name":"lr","param_value_internal":0.006154436341665094,"distribution":"{\"name\": \"FloatDistribution\", \"attributes\": {\"step\": null, \"low\": 0.0001, \"high\": 0.1, \"log\": true}}"}
{"op_code":5,"worker_id":"6edfed15-d673-4c46-80ed-374967d5119c-140193173047104","trial_id":338,"param_name":"dropout","param_value_internal":0.3021564212985333,"distribution":"{\"name\": \"FloatDistribution\", \"attributes\": {\"step\": null, \"low\": 0.0, \"high\": 0.5, \"log\": false}}"}
{"op_code":5,"worker_id":"6edfed15-d673-4c46-80ed-374967d5119c-140193173047104","trial_id":338,"param_name":"layers","param_value_internal":1,"distribution":"{\"name\": \"CategoricalDistribution\", \"attributes\": {\"choices\": [1, 2, 3]}}"}
{"op_code":5,"worker_id":"6edfed15-d673-4c46-80ed-374967d5119c-140193173047104","trial_id":338,"param_name":"nodes","param_value_internal":2,"distribution":"{\"name\": \"CategoricalDistribution\", \"attributes\": {\"choices\": [16, 32, 64]}}"}
{"op_code":6,"worker_id":"6edfed15-d673-4c46-80ed-374967d5119c-140193173047104","trial_id":338,"state":1,"values":[0.8001252631859492],"datetime_complete":"2026-03-21T08:27:14.489930"}
{"op_code":4,"worker_id":"6edfed15-d673-4c46-80ed-374967d5119c-140193173047104","study_id":0,"datetime_start":"2026-03-21T08:27:14.521269"}
{"op_code":5,"worker_id":"6edfed15-d673-4c46-80ed-374967d5119c-140193173047104","trial_id":339,"param_name":"lr","param_value_internal":0.006350002254315575,"distribution":"{\"name\": \"FloatDistribution\", \"attributes\": {\"step\": null, \"low\": 0.0001, \"high\": 0.1, \"log\": true}}"}
{"op_code":5,"worker_id":"6edfed15-d673-4c46-80ed-374967d5119c-140193173047104","trial_id":339,"param_name":"dropout","param_value_internal":0.3090030039830246,"distribution":"{\"name\": \"FloatDistribution\", \"attributes\": {\"step\": null, \"low\": 0.0, \"high\": 0.5, \"log\": false}}"}
{"op_code":5,"worker_id":"6edfed15-d673-4c46-80ed-374967d5119c-140193173047104","trial_id":339,"param_name":"layers","param_value_internal":1,"distribution":"{\"name\": \"CategoricalDistribution\", \"attributes\": {\"choices\": [1, 2, 3]}}"}
{"op_code":5,"worker_id":"6edfed15-d673-4c46-80ed-374967d5119c-140193173047104","trial_id":339,"param_name":"nodes","param_value_internal":2,"distribution":"{\"name\": \"CategoricalDistribution\", \"attributes\": {\"choices\": [16, 32, 64]}}"}
{"op_code":6,"worker_id":"6edfed15-d673-4c46-80ed-374967d5119c-140193173047104","trial_id":339,"state":1,"values":[0.7965406039284667],"datetime_complete":"2026-03-21T08:27:16.886304"}
{"op_code":0,"worker_id":"523051ac-cba9-482e-a766-7299413af59f-140193173047104","study_name":"deepsurv_tuning","directions":[2]}
{"op_code":4,"worker_id":"523051ac-cba9-482e-a766-7299413af59f-140193173047104","study_id":0,"datetime_start":"2026-03-21T08:42:28.510443"}
{"op_code":5,"worker_id":"523051ac-cba9-482e-a766-7299413af59f-140193173047104","trial_id":340,"param_name":"lr","param_value_internal":0.007737359207464956,"distribution":"{\"name\": \"FloatDistribution\", \"attributes\": {\"step\": null, \"low\": 0.0001, \"high\": 0.1, \"log\": true}}"}
{"op_code":5,"worker_id":"523051ac-cba9-482e-a766-7299413af59f-140193173047104","trial_id":340,"param_name":"dropout","param_value_internal":0.3101585580902269,"distribution":"{\"name\": \"FloatDistribution\", \"attributes\": {\"step\": null, \"low\": 0.0, \"high\": 0.5, \"log\": false}}"}
{"op_code":5,"worker_id":"523051ac-cba9-482e-a766-7299413af59f-140193173047104","trial_id":340,"param_name":"layers","param_value_internal":1,"distribution":"{\"name\": \"CategoricalDistribution\", \"attributes\": {\"choices\": [1, 2, 3]}}"}
{"op_code":5,"worker_id":"523051ac-cba9-482e-a766-7299413af59f-140193173047104","trial_id":340,"param_name":"nodes","param_value_internal":2,"distribution":"{\"name\": \"CategoricalDistribution\", \"attributes\": {\"choices\": [16, 32, 64]}}"}
{"op_code":6,"worker_id":"523051ac-cba9-482e-a766-7299413af59f-140193173047104","trial_id":340,"state":1,"values":[0.7803792594912755],"datetime_complete":"2026-03-21T08:42:30.835482"}
{"op_code":4,"worker_id":"523051ac-cba9-482e-a766-7299413af59f-140193173047104","study_id":0,"datetime_start":"2026-03-21T08:42:30.856821"}
{"op_code":5,"worker_id":"523051ac-cba9-482e-a766-7299413af59f-140193173047104","trial_id":341,"param_name":"lr","param_value_internal":0.005523192949565869,"distribution":"{\"name\": \"FloatDistribution\", \"attributes\": {\"step\": null, \"low\": 0.0001, \"high\": 0.1, \"log\": true}}"}
{"op_code":5,"worker_id":"523051ac-cba9-482e-a766-7299413af59f-140193173047104","trial_id":341,"param_name":"dropout","param_value_internal":0.3050550201503515,"distribution":"{\"name\": \"FloatDistribution\", \"attributes\": {\"step\": null, \"low\": 0.0, \"high\": 0.5, \"log\": false}}"}
{"op_code":5,"worker_id":"523051ac-cba9-482e-a766-7299413af59f-140193173047104","trial_id":341,"param_name":"layers","param_value_internal":1,"distribution":"{\"name\": \"CategoricalDistribution\", \"attributes\": {\"choices\": [1, 2, 3]}}"}
{"op_code":5,"worker_id":"523051ac-cba9-482e-a766-7299413af59f-140193173047104","trial_id":341,"param_name":"nodes","param_value_internal":2,"distribution":"{\"name\": \"CategoricalDistribution\", \"attributes\": {\"choices\": [16, 32, 64]}}"}
{"op_code":6,"worker_id":"523051ac-cba9-482e-a766-7299413af59f-140193173047104","trial_id":341,"state":1,"values":[0.7910940579199457],"datetime_complete":"2026-03-21T08:42:33.192302"}
{"op_code":4,"worker_id":"523051ac-cba9-482e-a766-7299413af59f-140193173047104","study_id":0,"datetime_start":"2026-03-21T08:42:33.207713"}
{"op_code":5,"worker_id":"523051ac-cba9-482e-a766-7299413af59f-140193173047104","trial_id":342,"param_name":"lr","param_value_internal":0.006769067244046937,"distribution":"{\"name\": \"FloatDistribution\", \"attributes\": {\"step\": null, \"low\": 0.0001, \"high\": 0.1, \"log\": true}}"}
{"op_code":5,"worker_id":"523051ac-cba9-482e-a766-7299413af59f-140193173047104","trial_id":342,"param_name":"dropout","param_value_internal":0.28942799325921587,"distribution":"{\"name\": \"FloatDistribution\", \"attributes\": {\"step\": null, \"low\": 0.0, \"high\": 0.5, \"log\": false}}"}
{"op_code":5,"worker_id":"523051ac-cba9-482e-a766-7299413af59f-140193173047104","trial_id":342,"param_name":"layers","param_value_internal":1,"distribution":"{\"name\": \"CategoricalDistribution\", \"attributes\": {\"choices\": [1, 2, 3]}}"}
{"op_code":5,"worker_id":"523051ac-cba9-482e-a766-7299413af59f-140193173047104","trial_id":342,"param_name":"nodes","param_value_internal":2,"distribution":"{\"name\": \"CategoricalDistribution\", \"attributes\": {\"choices\": [16, 32, 64]}}"}
{"op_code":6,"worker_id":"523051ac-cba9-482e-a766-7299413af59f-140193173047104","trial_id":342,"state":1,"values":[0.7698993774715164],"datetime_complete":"2026-03-21T08:42:35.527999"}
{"op_code":4,"worker_id":"523051ac-cba9-482e-a766-7299413af59f-140193173047104","study_id":0,"datetime_start":"2026-03-21T08:42:35.544591"}
{"op_code":5,"worker_id":"523051ac-cba9-482e-a766-7299413af59f-140193173047104","trial_id":343,"param_name":"lr","param_value_internal":0.006648058538401124,"distribution":"{\"name\": \"FloatDistribution\", \"attributes\": {\"step\": null, \"low\": 0.0001, \"high\": 0.1, \"log\": true}}"}
{"op_code":5,"worker_id":"523051ac-cba9-482e-a766-7299413af59f-140193173047104","trial_id":343,"param_name":"dropout","param_value_internal":0.31440003838565195,"distribution":"{\"name\": \"FloatDistribution\", \"attributes\": {\"step\": null, \"low\": 0.0, \"high\": 0.5, \"log\": false}}"}
{"op_code":5,"worker_id":"523051ac-cba9-482e-a766-7299413af59f-140193173047104","trial_id":343,"param_name":"layers","param_value_internal":1,"distribution":"{\"name\": \"CategoricalDistribution\", \"attributes\": {\"choices\": [1, 2, 3]}}"}
{"op_code":5,"worker_id":"523051ac-cba9-482e-a766-7299413af59f-140193173047104","trial_id":343,"param_name":"nodes","param_value_internal":2,"distribution":"{\"name\": \"CategoricalDistribution\", \"attributes\": {\"choices\": [16, 32, 64]}}"}
{"op_code":6,"worker_id":"523051ac-cba9-482e-a766-7299413af59f-140193173047104","trial_id":343,"state":1,"values":[0.7817104524751054],"datetime_complete":"2026-03-21T08:42:37.889304"}
{"op_code":4,"worker_id":"523051ac-cba9-482e-a766-7299413af59f-140193173047104","study_id":0,"datetime_start":"2026-03-21T08:42:37.911491"}
{"op_code":5,"worker_id":"523051ac-cba9-482e-a766-7299413af59f-140193173047104","trial_id":344,"param_name":"lr","param_value_internal":0.006351415030848997,"distribution":"{\"name\": \"FloatDistribution\", \"attributes\": {\"step\": null, \"low\": 0.0001, \"high\": 0.1, \"log\": true}}"}
{"op_code":5,"worker_id":"523051ac-cba9-482e-a766-7299413af59f-140193173047104","trial_id":344,"param_name":"dropout","param_value_internal":0.3033731094648883,"distribution":"{\"name\": \"FloatDistribution\", \"attributes\": {\"step\": null, \"low\": 0.0, \"high\": 0.5, \"log\": false}}"}
{"op_code":5,"worker_id":"523051ac-cba9-482e-a766-7299413af59f-140193173047104","trial_id":344,"param_name":"layers","param_value_internal":1,"distribution":"{\"name\": \"CategoricalDistribution\", \"attributes\": {\"choices\": [1, 2, 3]}}"}
{"op_code":5,"worker_id":"523051ac-cba9-482e-a766-7299413af59f-140193173047104","trial_id":344,"param_name":"nodes","param_value_internal":2,"distribution":"{\"name\": \"CategoricalDistribution\", \"attributes\": {\"choices\": [16, 32, 64]}}"}
{"op_code":6,"worker_id":"523051ac-cba9-482e-a766-7299413af59f-140193173047104","trial_id":344,"state":1,"values":[0.7836680892160317],"datetime_complete":"2026-03-21T08:42:40.196760"}
{"op_code":4,"worker_id":"523051ac-cba9-482e-a766-7299413af59f-140193173047104","study_id":0,"datetime_start":"2026-03-21T08:42:40.225850"}
{"op_code":5,"worker_id":"523051ac-cba9-482e-a766-7299413af59f-140193173047104","trial_id":345,"param_name":"lr","param_value_internal":0.008706045619583712,"distribution":"{\"name\": \"FloatDistribution\", \"attributes\": {\"step\": null, \"low\": 0.0001, \"high\": 0.1, \"log\": true}}"}
{"op_code":5,"worker_id":"523051ac-cba9-482e-a766-7299413af59f-140193173047104","trial_id":345,"param_name":"dropout","param_value_internal":0.31884074857011213,"distribution":"{\"name\": \"FloatDistribution\", \"attributes\": {\"step\": null, \"low\": 0.0, \"high\": 0.5, \"log\": false}}"}
{"op_code":5,"worker_id":"523051ac-cba9-482e-a766-7299413af59f-140193173047104","trial_id":345,"param_name":"layers","param_value_internal":1,"distribution":"{\"name\": \"CategoricalDistribution\", \"attributes\": {\"choices\": [1, 2, 3]}}"}
{"op_code":5,"worker_id":"523051ac-cba9-482e-a766-7299413af59f-140193173047104","trial_id":345,"param_name":"nodes","param_value_internal":2,"distribution":"{\"name\": \"CategoricalDistribution\", \"attributes\": {\"choices\": [16, 32, 64]}}"}
{"op_code":6,"worker_id":"523051ac-cba9-482e-a766-7299413af59f-140193173047104","trial_id":345,"state":1,"values":[0.7935215274786944],"datetime_complete":"2026-03-21T08:42:42.591564"}
{"op_code":4,"worker_id":"523051ac-cba9-482e-a766-7299413af59f-140193173047104","study_id":0,"datetime_start":"2026-03-21T08:42:42.609742"}
{"op_code":5,"worker_id":"523051ac-cba9-482e-a766-7299413af59f-140193173047104","trial_id":346,"param_name":"lr","param_value_internal":0.005742466617453534,"distribution":"{\"name\": \"FloatDistribution\", \"attributes\": {\"step\": null, \"low\": 0.0001, \"high\": 0.1, \"log\": true}}"}
{"op_code":5,"worker_id":"523051ac-cba9-482e-a766-7299413af59f-140193173047104","trial_id":346,"param_name":"dropout","param_value_internal":0.2868919037647043,"distribution":"{\"name\": \"FloatDistribution\", \"attributes\": {\"step\": null, \"low\": 0.0, \"high\": 0.5, \"log\": false}}"}
{"op_code":5,"worker_id":"523051ac-cba9-482e-a766-7299413af59f-140193173047104","trial_id":346,"param_name":"layers","param_value_internal":1,"distribution":"{\"name\": \"CategoricalDistribution\", \"attributes\": {\"choices\": [1, 2, 3]}}"}
{"op_code":5,"worker_id":"523051ac-cba9-482e-a766-7299413af59f-140193173047104","trial_id":346,"param_name":"nodes","param_value_internal":2,"distribution":"{\"name\": \"CategoricalDistribution\", \"attributes\": {\"choices\": [16, 32, 64]}}"}
{"op_code":6,"worker_id":"523051ac-cba9-482e-a766-7299413af59f-140193173047104","trial_id":346,"state":1,"values":[0.7836680892160317],"datetime_complete":"2026-03-21T08:42:44.955383"}
{"op_code":4,"worker_id":"523051ac-cba9-482e-a766-7299413af59f-140193173047104","study_id":0,"datetime_start":"2026-03-21T08:42:44.978647"}
{"op_code":5,"worker_id":"523051ac-cba9-482e-a766-7299413af59f-140193173047104","trial_id":347,"param_name":"lr","param_value_internal":0.005684291025051518,"distribution":"{\"name\": \"FloatDistribution\", \"attributes\": {\"step\": null, \"low\": 0.0001, \"high\": 0.1, \"log\": true}}"}
{"op_code":5,"worker_id":"523051ac-cba9-482e-a766-7299413af59f-140193173047104","trial_id":347,"param_name":"dropout","param_value_internal":0.3150446774856714,"distribution":"{\"name\": \"FloatDistribution\", \"attributes\": {\"step\": null, \"low\": 0.0, \"high\": 0.5, \"log\": false}}"}
{"op_code":5,"worker_id":"523051ac-cba9-482e-a766-7299413af59f-140193173047104","trial_id":347,"param_name":"layers","param_value_internal":1,"distribution":"{\"name\": \"CategoricalDistribution\", \"attributes\": {\"choices\": [1, 2, 3]}}"}
{"op_code":5,"worker_id":"523051ac-cba9-482e-a766-7299413af59f-140193173047104","trial_id":347,"param_name":"nodes","param_value_internal":2,"distribution":"{\"name\": \"CategoricalDistribution\", \"attributes\": {\"choices\": [16, 32, 64]}}"}
{"op_code":6,"worker_id":"523051ac-cba9-482e-a766-7299413af59f-140193173047104","trial_id":347,"state":1,"values":[0.783916056536549],"datetime_complete":"2026-03-21T08:42:47.247374"}
{"op_code":4,"worker_id":"523051ac-cba9-482e-a766-7299413af59f-140193173047104","study_id":0,"datetime_start":"2026-03-21T08:42:47.278937"}
{"op_code":5,"worker_id":"523051ac-cba9-482e-a766-7299413af59f-140193173047104","trial_id":348,"param_name":"lr","param_value_internal":0.008002257944105062,"distribution":"{\"name\": \"FloatDistribution\", \"attributes\": {\"step\": null, \"low\": 0.0001, \"high\": 0.1, \"log\": true}}"}
{"op_code":5,"worker_id":"523051ac-cba9-482e-a766-7299413af59f-140193173047104","trial_id":348,"param_name":"dropout","param_value_internal":0.30284260534054147,"distribution":"{\"name\": \"FloatDistribution\", \"attributes\": {\"step\": null, \"low\": 0.0, \"high\": 0.5, \"log\": false}}"}
{"op_code":5,"worker_id":"523051ac-cba9-482e-a766-7299413af59f-140193173047104","trial_id":348,"param_name":"layers","param_value_internal":1,"distribution":"{\"name\": \"CategoricalDistribution\", \"attributes\": {\"choices\": [1, 2, 3]}}"}
{"op_code":5,"worker_id":"523051ac-cba9-482e-a766-7299413af59f-140193173047104","trial_id":348,"param_name":"nodes","param_value_internal":2,"distribution":"{\"name\": \"CategoricalDistribution\", \"attributes\": {\"choices\": [16, 32, 64]}}"}
{"op_code":6,"worker_id":"523051ac-cba9-482e-a766-7299413af59f-140193173047104","trial_id":348,"state":1,"values":[0.7814755360661942],"datetime_complete":"2026-03-21T08:42:49.595348"}
{"op_code":4,"worker_id":"523051ac-cba9-482e-a766-7299413af59f-140193173047104","study_id":0,"datetime_start":"2026-03-21T08:42:49.611755"}
{"op_code":5,"worker_id":"523051ac-cba9-482e-a766-7299413af59f-140193173047104","trial_id":349,"param_name":"lr","param_value_internal":0.006209223090260213,"distribution":"{\"name\": \"FloatDistribution\", \"attributes\": {\"step\": null, \"low\": 0.0001, \"high\": 0.1, \"log\": true}}"}
{"op_code":5,"worker_id":"523051ac-cba9-482e-a766-7299413af59f-140193173047104","trial_id":349,"param_name":"dropout","param_value_internal":0.3286940412968704,"distribution":"{\"name\": \"FloatDistribution\", \"attributes\": {\"step\": null, \"low\": 0.0, \"high\": 0.5, \"log\": false}}"}
{"op_code":5,"worker_id":"523051ac-cba9-482e-a766-7299413af59f-140193173047104","trial_id":349,"param_name":"layers","param_value_internal":1,"distribution":"{\"name\": \"CategoricalDistribution\", \"attributes\": {\"choices\": [1, 2, 3]}}"}
{"op_code":5,"worker_id":"523051ac-cba9-482e-a766-7299413af59f-140193173047104","trial_id":349,"param_name":"nodes","param_value_internal":2,"distribution":"{\"name\": \"CategoricalDistribution\", \"attributes\": {\"choices\": [16, 32, 64]}}"}
{"op_code":6,"worker_id":"523051ac-cba9-482e-a766-7299413af59f-140193173047104","trial_id":349,"state":1,"values":[0.7795440011484802],"datetime_complete":"2026-03-21T08:42:51.927250"}
{"op_code":0,"worker_id":"3af86c37-54d4-48d8-9504-0af78b486e73-140193173047104","study_name":"deepsurv_tuning","directions":[2]}
{"op_code":4,"worker_id":"3af86c37-54d4-48d8-9504-0af78b486e73-140193173047104","study_id":0,"datetime_start":"2026-03-21T08:57:26.231837"}
{"op_code":5,"worker_id":"3af86c37-54d4-48d8-9504-0af78b486e73-140193173047104","trial_id":350,"param_name":"lr","param_value_internal":0.005215873694813286,"distribution":"{\"name\": \"FloatDistribution\", \"attributes\": {\"step\": null, \"low\": 0.0001, \"high\": 0.1, \"log\": true}}"}
{"op_code":5,"worker_id":"3af86c37-54d4-48d8-9504-0af78b486e73-140193173047104","trial_id":350,"param_name":"dropout","param_value_internal":0.2951858299861052,"distribution":"{\"name\": \"FloatDistribution\", \"attributes\": {\"step\": null, \"low\": 0.0, \"high\": 0.5, \"log\": false}}"}
{"op_code":5,"worker_id":"3af86c37-54d4-48d8-9504-0af78b486e73-140193173047104","trial_id":350,"param_name":"layers","param_value_internal":1,"distribution":"{\"name\": \"CategoricalDistribution\", \"attributes\": {\"choices\": [1, 2, 3]}}"}
{"op_code":5,"worker_id":"3af86c37-54d4-48d8-9504-0af78b486e73-140193173047104","trial_id":350,"param_name":"nodes","param_value_internal":2,"distribution":"{\"name\": \"CategoricalDistribution\", \"attributes\": {\"choices\": [16, 32, 64]}}"}
{"op_code":6,"worker_id":"3af86c37-54d4-48d8-9504-0af78b486e73-140193173047104","trial_id":350,"state":1,"values":[0.7765003568416272],"datetime_complete":"2026-03-21T08:57:28.584354"}
{"op_code":4,"worker_id":"3af86c37-54d4-48d8-9504-0af78b486e73-140193173047104","study_id":0,"datetime_start":"2026-03-21T08:57:28.612610"}
{"op_code":5,"worker_id":"3af86c37-54d4-48d8-9504-0af78b486e73-140193173047104","trial_id":351,"param_name":"lr","param_value_internal":0.004607756399769526,"distribution":"{\"name\": \"FloatDistribution\", \"attributes\": {\"step\": null, \"low\": 0.0001, \"high\": 0.1, \"log\": true}}"}
{"op_code":5,"worker_id":"3af86c37-54d4-48d8-9504-0af78b486e73-140193173047104","trial_id":351,"param_name":"dropout","param_value_internal":0.2823326332677299,"distribution":"{\"name\": \"FloatDistribution\", \"attributes\": {\"step\": null, \"low\": 0.0, \"high\": 0.5, \"log\": false}}"}
{"op_code":5,"worker_id":"3af86c37-54d4-48d8-9504-0af78b486e73-140193173047104","trial_id":351,"param_name":"layers","param_value_internal":1,"distribution":"{\"name\": \"CategoricalDistribution\", \"attributes\": {\"choices\": [1, 2, 3]}}"}
{"op_code":5,"worker_id":"3af86c37-54d4-48d8-9504-0af78b486e73-140193173047104","trial_id":351,"param_name":"nodes","param_value_internal":2,"distribution":"{\"name\": \"CategoricalDistribution\", \"attributes\": {\"choices\": [16, 32, 64]}}"}
{"op_code":6,"worker_id":"3af86c37-54d4-48d8-9504-0af78b486e73-140193173047104","trial_id":351,"state":1,"values":[0.7757866735872315],"datetime_complete":"2026-03-21T08:57:30.925259"}
{"op_code":4,"worker_id":"3af86c37-54d4-48d8-9504-0af78b486e73-140193173047104","study_id":0,"datetime_start":"2026-03-21T08:57:30.960721"}
{"op_code":5,"worker_id":"3af86c37-54d4-48d8-9504-0af78b486e73-140193173047104","trial_id":352,"param_name":"lr","param_value_internal":0.007048434472619449,"distribution":"{\"name\": \"FloatDistribution\", \"attributes\": {\"step\": null, \"low\": 0.0001, \"high\": 0.1, \"log\": true}}"}
{"op_code":5,"worker_id":"3af86c37-54d4-48d8-9504-0af78b486e73-140193173047104","trial_id":352,"param_name":"dropout","param_value_internal":0.30727795404067737,"distribution":"{\"name\": \"FloatDistribution\", \"attributes\": {\"step\": null, \"low\": 0.0, \"high\": 0.5, \"log\": false}}"}
{"op_code":5,"worker_id":"3af86c37-54d4-48d8-9504-0af78b486e73-140193173047104","trial_id":352,"param_name":"layers","param_value_internal":1,"distribution":"{\"name\": \"CategoricalDistribution\", \"attributes\": {\"choices\": [1, 2, 3]}}"}
{"op_code":5,"worker_id":"3af86c37-54d4-48d8-9504-0af78b486e73-140193173047104","trial_id":352,"param_name":"nodes","param_value_internal":2,"distribution":"{\"name\": \"CategoricalDistribution\", \"attributes\": {\"choices\": [16, 32, 64]}}"}
{"op_code":6,"worker_id":"3af86c37-54d4-48d8-9504-0af78b486e73-140193173047104","trial_id":352,"state":1,"values":[0.7629793031856226],"datetime_complete":"2026-03-21T08:57:33.318240"}
{"op_code":4,"worker_id":"3af86c37-54d4-48d8-9504-0af78b486e73-140193173047104","study_id":0,"datetime_start":"2026-03-21T08:57:33.358351"}
{"op_code":5,"worker_id":"3af86c37-54d4-48d8-9504-0af78b486e73-140193173047104","trial_id":353,"param_name":"lr","param_value_internal":0.00379928851083743,"distribution":"{\"name\": \"FloatDistribution\", \"attributes\": {\"step\": null, \"low\": 0.0001, \"high\": 0.1, \"log\": true}}"}
{"op_code":5,"worker_id":"3af86c37-54d4-48d8-9504-0af78b486e73-140193173047104","trial_id":353,"param_name":"dropout","param_value_internal":0.32175376046019594,"distribution":"{\"name\": \"FloatDistribution\", \"attributes\": {\"step\": null, \"low\": 0.0, \"high\": 0.5, \"log\": false}}"}
{"op_code":5,"worker_id":"3af86c37-54d4-48d8-9504-0af78b486e73-140193173047104","trial_id":353,"param_name":"layers","param_value_internal":1,"distribution":"{\"name\": \"CategoricalDistribution\", \"attributes\": {\"choices\": [1, 2, 3]}}"}
{"op_code":5,"worker_id":"3af86c37-54d4-48d8-9504-0af78b486e73-140193173047104","trial_id":353,"param_name":"nodes","param_value_internal":1,"distribution":"{\"name\": \"CategoricalDistribution\", \"attributes\": {\"choices\": [16, 32, 64]}}"}
{"op_code":6,"worker_id":"3af86c37-54d4-48d8-9504-0af78b486e73-140193173047104","trial_id":353,"state":1,"values":[0.7751248945695193],"datetime_complete":"2026-03-21T08:57:35.645831"}
{"op_code":4,"worker_id":"3af86c37-54d4-48d8-9504-0af78b486e73-140193173047104","study_id":0,"datetime_start":"2026-03-21T08:57:35.680992"}
{"op_code":5,"worker_id":"3af86c37-54d4-48d8-9504-0af78b486e73-140193173047104","trial_id":354,"param_name":"lr","param_value_internal":0.004281929303213146,"distribution":"{\"name\": \"FloatDistribution\", \"attributes\": {\"step\": null, \"low\": 0.0001, \"high\": 0.1, \"log\": true}}"}
{"op_code":5,"worker_id":"3af86c37-54d4-48d8-9504-0af78b486e73-140193173047104","trial_id":354,"param_name":"dropout","param_value_internal":0.29509537024873883,"distribution":"{\"name\": \"FloatDistribution\", \"attributes\": {\"step\": null, \"low\": 0.0, \"high\": 0.5, \"log\": false}}"}
{"op_code":5,"worker_id":"3af86c37-54d4-48d8-9504-0af78b486e73-140193173047104","trial_id":354,"param_name":"layers","param_value_internal":1,"distribution":"{\"name\": \"CategoricalDistribution\", \"attributes\": {\"choices\": [1, 2, 3]}}"}
{"op_code":5,"worker_id":"3af86c37-54d4-48d8-9504-0af78b486e73-140193173047104","trial_id":354,"param_name":"nodes","param_value_internal":2,"distribution":"{\"name\": \"CategoricalDistribution\", \"attributes\": {\"choices\": [16, 32, 64]}}"}
{"op_code":6,"worker_id":"3af86c37-54d4-48d8-9504-0af78b486e73-140193173047104","trial_id":354,"state":1,"values":[0.7528190488548627],"datetime_complete":"2026-03-21T08:57:38.041844"}
{"op_code":4,"worker_id":"3af86c37-54d4-48d8-9504-0af78b486e73-140193173047104","study_id":0,"datetime_start":"2026-03-21T08:57:38.068783"}
{"op_code":5,"worker_id":"3af86c37-54d4-48d8-9504-0af78b486e73-140193173047104","trial_id":355,"param_name":"lr","param_value_internal":0.005136628658603293,"distribution":"{\"name\": \"FloatDistribution\", \"attributes\": {\"step\": null, \"low\": 0.0001, \"high\": 0.1, \"log\": true}}"}
{"op_code":5,"worker_id":"3af86c37-54d4-48d8-9504-0af78b486e73-140193173047104","trial_id":355,"param_name":"dropout","param_value_internal":0.32251619693706934,"distribution":"{\"name\": \"FloatDistribution\", \"attributes\": {\"step\": null, \"low\": 0.0, \"high\": 0.5, \"log\": false}}"}
{"op_code":5,"worker_id":"3af86c37-54d4-48d8-9504-0af78b486e73-140193173047104","trial_id":355,"param_name":"layers","param_value_internal":1,"distribution":"{\"name\": \"CategoricalDistribution\", \"attributes\": {\"choices\": [1, 2, 3]}}"}
{"op_code":5,"worker_id":"3af86c37-54d4-48d8-9504-0af78b486e73-140193173047104","trial_id":355,"param_name":"nodes","param_value_internal":2,"distribution":"{\"name\": \"CategoricalDistribution\", \"attributes\": {\"choices\": [16, 32, 64]}}"}
{"op_code":6,"worker_id":"3af86c37-54d4-48d8-9504-0af78b486e73-140193173047104","trial_id":355,"state":1,"values":[0.77842081359891],"datetime_complete":"2026-03-21T08:57:40.417406"}
{"op_code":4,"worker_id":"3af86c37-54d4-48d8-9504-0af78b486e73-140193173047104","study_id":0,"datetime_start":"2026-03-21T08:57:40.445201"}
{"op_code":5,"worker_id":"3af86c37-54d4-48d8-9504-0af78b486e73-140193173047104","trial_id":356,"param_name":"lr","param_value_internal":0.0048346892002306945,"distribution":"{\"name\": \"FloatDistribution\", \"attributes\": {\"step\": null, \"low\": 0.0001, \"high\": 0.1, \"log\": true}}"}
{"op_code":5,"worker_id":"3af86c37-54d4-48d8-9504-0af78b486e73-140193173047104","trial_id":356,"param_name":"dropout","param_value_internal":0.3130987001624412,"distribution":"{\"name\": \"FloatDistribution\", \"attributes\": {\"step\": null, \"low\": 0.0, \"high\": 0.5, \"log\": false}}"}
{"op_code":5,"worker_id":"3af86c37-54d4-48d8-9504-0af78b486e73-140193173047104","trial_id":356,"param_name":"layers","param_value_internal":1,"distribution":"{\"name\": \"CategoricalDistribution\", \"attributes\": {\"choices\": [1, 2, 3]}}"}
{"op_code":5,"worker_id":"3af86c37-54d4-48d8-9504-0af78b486e73-140193173047104","trial_id":356,"param_name":"nodes","param_value_internal":2,"distribution":"{\"name\": \"CategoricalDistribution\", \"attributes\": {\"choices\": [16, 32, 64]}}"}
{"op_code":6,"worker_id":"3af86c37-54d4-48d8-9504-0af78b486e73-140193173047104","trial_id":356,"state":1,"values":[0.7767209498475313],"datetime_complete":"2026-03-21T08:57:42.791011"}
{"op_code":4,"worker_id":"3af86c37-54d4-48d8-9504-0af78b486e73-140193173047104","study_id":0,"datetime_start":"2026-03-21T08:57:42.817692"}
{"op_code":5,"worker_id":"3af86c37-54d4-48d8-9504-0af78b486e73-140193173047104","trial_id":357,"param_name":"lr","param_value_internal":0.0041181322657071655,"distribution":"{\"name\": \"FloatDistribution\", \"attributes\": {\"step\": null, \"low\": 0.0001, \"high\": 0.1, \"log\": true}}"}
{"op_code":5,"worker_id":"3af86c37-54d4-48d8-9504-0af78b486e73-140193173047104","trial_id":357,"param_name":"dropout","param_value_internal":0.3010126228851152,"distribution":"{\"name\": \"FloatDistribution\", \"attributes\": {\"step\": null, \"low\": 0.0, \"high\": 0.5, \"log\": false}}"}
{"op_code":5,"worker_id":"3af86c37-54d4-48d8-9504-0af78b486e73-140193173047104","trial_id":357,"param_name":"layers","param_value_internal":1,"distribution":"{\"name\": \"CategoricalDistribution\", \"attributes\": {\"choices\": [1, 2, 3]}}"}
{"op_code":5,"worker_id":"3af86c37-54d4-48d8-9504-0af78b486e73-140193173047104","trial_id":357,"param_name":"nodes","param_value_internal":2,"distribution":"{\"name\": \"CategoricalDistribution\", \"attributes\": {\"choices\": [16, 32, 64]}}"}
{"op_code":6,"worker_id":"3af86c37-54d4-48d8-9504-0af78b486e73-140193173047104","trial_id":357,"state":1,"values":[0.763861675209239],"datetime_complete":"2026-03-21T08:57:45.356880"}
{"op_code":4,"worker_id":"3af86c37-54d4-48d8-9504-0af78b486e73-140193173047104","study_id":0,"datetime_start":"2026-03-21T08:57:45.381842"}
{"op_code":5,"worker_id":"3af86c37-54d4-48d8-9504-0af78b486e73-140193173047104","trial_id":358,"param_name":"lr","param_value_internal":0.004270063527885122,"distribution":"{\"name\": \"FloatDistribution\", \"attributes\": {\"step\": null, \"low\": 0.0001, \"high\": 0.1, \"log\": true}}"}
{"op_code":5,"worker_id":"3af86c37-54d4-48d8-9504-0af78b486e73-140193173047104","trial_id":358,"param_name":"dropout","param_value_internal":0.2872116413424743,"distribution":"{\"name\": \"FloatDistribution\", \"attributes\": {\"step\": null, \"low\": 0.0, \"high\": 0.5, \"log\": false}}"}
{"op_code":5,"worker_id":"3af86c37-54d4-48d8-9504-0af78b486e73-140193173047104","trial_id":358,"param_name":"layers","param_value_internal":1,"distribution":"{\"name\": \"CategoricalDistribution\", \"attributes\": {\"choices\": [1, 2, 3]}}"}
{"op_code":5,"worker_id":"3af86c37-54d4-48d8-9504-0af78b486e73-140193173047104","trial_id":358,"param_name":"nodes","param_value_internal":2,"distribution":"{\"name\": \"CategoricalDistribution\", \"attributes\": {\"choices\": [16, 32, 64]}}"}
{"op_code":6,"worker_id":"3af86c37-54d4-48d8-9504-0af78b486e73-140193173047104","trial_id":358,"state":1,"values":[0.7682735353273211],"datetime_complete":"2026-03-21T08:57:47.783022"}
{"op_code":4,"worker_id":"3af86c37-54d4-48d8-9504-0af78b486e73-140193173047104","study_id":0,"datetime_start":"2026-03-21T08:57:47.830378"}
{"op_code":5,"worker_id":"3af86c37-54d4-48d8-9504-0af78b486e73-140193173047104","trial_id":359,"param_name":"lr","param_value_internal":0.007640907139993974,"distribution":"{\"name\": \"FloatDistribution\", \"attributes\": {\"step\": null, \"low\": 0.0001, \"high\": 0.1, \"log\": true}}"}
{"op_code":5,"worker_id":"3af86c37-54d4-48d8-9504-0af78b486e73-140193173047104","trial_id":359,"param_name":"dropout","param_value_internal":0.31010456093290245,"distribution":"{\"name\": \"FloatDistribution\", \"attributes\": {\"step\": null, \"low\": 0.0, \"high\": 0.5, \"log\": false}}"}
{"op_code":5,"worker_id":"3af86c37-54d4-48d8-9504-0af78b486e73-140193173047104","trial_id":359,"param_name":"layers","param_value_internal":1,"distribution":"{\"name\": \"CategoricalDistribution\", \"attributes\": {\"choices\": [1, 2, 3]}}"}
{"op_code":5,"worker_id":"3af86c37-54d4-48d8-9504-0af78b486e73-140193173047104","trial_id":359,"param_name":"nodes","param_value_internal":2,"distribution":"{\"name\": \"CategoricalDistribution\", \"attributes\": {\"choices\": [16, 32, 64]}}"}
{"op_code":6,"worker_id":"3af86c37-54d4-48d8-9504-0af78b486e73-140193173047104","trial_id":359,"state":1,"values":[0.7743593070784403],"datetime_complete":"2026-03-21T08:57:50.149473"}
{"op_code":0,"worker_id":"aa54483a-0b77-4dc0-88e4-24d118aad853-140193173047104","study_name":"deepsurv_tuning","directions":[2]}
{"op_code":4,"worker_id":"aa54483a-0b77-4dc0-88e4-24d118aad853-140193173047104","study_id":0,"datetime_start":"2026-03-21T09:12:29.244528"}
{"op_code":5,"worker_id":"aa54483a-0b77-4dc0-88e4-24d118aad853-140193173047104","trial_id":360,"param_name":"lr","param_value_internal":0.0009785856473818028,"distribution":"{\"name\": \"FloatDistribution\", \"attributes\": {\"step\": null, \"low\": 0.0001, \"high\": 0.1, \"log\": true}}"}
{"op_code":5,"worker_id":"aa54483a-0b77-4dc0-88e4-24d118aad853-140193173047104","trial_id":360,"param_name":"dropout","param_value_internal":0.26778678739587897,"distribution":"{\"name\": \"FloatDistribution\", \"attributes\": {\"step\": null, \"low\": 0.0, \"high\": 0.5, \"log\": false}}"}
{"op_code":5,"worker_id":"aa54483a-0b77-4dc0-88e4-24d118aad853-140193173047104","trial_id":360,"param_name":"layers","param_value_internal":1,"distribution":"{\"name\": \"CategoricalDistribution\", \"attributes\": {\"choices\": [1, 2, 3]}}"}
{"op_code":5,"worker_id":"aa54483a-0b77-4dc0-88e4-24d118aad853-140193173047104","trial_id":360,"param_name":"nodes","param_value_internal":2,"distribution":"{\"name\": \"CategoricalDistribution\", \"attributes\": {\"choices\": [16, 32, 64]}}"}
{"op_code":6,"worker_id":"aa54483a-0b77-4dc0-88e4-24d118aad853-140193173047104","trial_id":360,"state":1,"values":[0.7954528419737664],"datetime_complete":"2026-03-21T09:12:31.545191"}
{"op_code":4,"worker_id":"aa54483a-0b77-4dc0-88e4-24d118aad853-140193173047104","study_id":0,"datetime_start":"2026-03-21T09:12:31.567044"}
{"op_code":5,"worker_id":"aa54483a-0b77-4dc0-88e4-24d118aad853-140193173047104","trial_id":361,"param_name":"lr","param_value_internal":0.001010460426656516,"distribution":"{\"name\": \"FloatDistribution\", \"attributes\": {\"step\": null, \"low\": 0.0001, \"high\": 0.1, \"log\": true}}"}
{"op_code":5,"worker_id":"aa54483a-0b77-4dc0-88e4-24d118aad853-140193173047104","trial_id":361,"param_name":"dropout","param_value_internal":0.2595577351404447,"distribution":"{\"name\": \"FloatDistribution\", \"attributes\": {\"step\": null, \"low\": 0.0, \"high\": 0.5, \"log\": false}}"}
{"op_code":5,"worker_id":"aa54483a-0b77-4dc0-88e4-24d118aad853-140193173047104","trial_id":361,"param_name":"layers","param_value_internal":1,"distribution":"{\"name\": \"CategoricalDistribution\", \"attributes\": {\"choices\": [1, 2, 3]}}"}
{"op_code":5,"worker_id":"aa54483a-0b77-4dc0-88e4-24d118aad853-140193173047104","trial_id":361,"param_name":"nodes","param_value_internal":2,"distribution":"{\"name\": \"CategoricalDistribution\", \"attributes\": {\"choices\": [16, 32, 64]}}"}
{"op_code":6,"worker_id":"aa54483a-0b77-4dc0-88e4-24d118aad853-140193173047104","trial_id":361,"state":1,"values":[0.7923797626483448],"datetime_complete":"2026-03-21T09:12:33.961475"}
{"op_code":4,"worker_id":"aa54483a-0b77-4dc0-88e4-24d118aad853-140193173047104","study_id":0,"datetime_start":"2026-03-21T09:12:33.985450"}
{"op_code":5,"worker_id":"aa54483a-0b77-4dc0-88e4-24d118aad853-140193173047104","trial_id":362,"param_name":"lr","param_value_internal":0.0012307633071271752,"distribution":"{\"name\": \"FloatDistribution\", \"attributes\": {\"step\": null, \"low\": 0.0001, \"high\": 0.1, \"log\": true}}"}
{"op_code":5,"worker_id":"aa54483a-0b77-4dc0-88e4-24d118aad853-140193173047104","trial_id":362,"param_name":"dropout","param_value_internal":0.269473912768617,"distribution":"{\"name\": \"FloatDistribution\", \"attributes\": {\"step\": null, \"low\": 0.0, \"high\": 0.5, \"log\": false}}"}
{"op_code":5,"worker_id":"aa54483a-0b77-4dc0-88e4-24d118aad853-140193173047104","trial_id":362,"param_name":"layers","param_value_internal":1,"distribution":"{\"name\": \"CategoricalDistribution\", \"attributes\": {\"choices\": [1, 2, 3]}}"}
{"op_code":5,"worker_id":"aa54483a-0b77-4dc0-88e4-24d118aad853-140193173047104","trial_id":362,"param_name":"nodes","param_value_internal":2,"distribution":"{\"name\": \"CategoricalDistribution\", \"attributes\": {\"choices\": [16, 32, 64]}}"}
{"op_code":6,"worker_id":"aa54483a-0b77-4dc0-88e4-24d118aad853-140193173047104","trial_id":362,"state":1,"values":[0.774578388507183],"datetime_complete":"2026-03-21T09:12:36.318396"}
{"op_code":4,"worker_id":"aa54483a-0b77-4dc0-88e4-24d118aad853-140193173047104","study_id":0,"datetime_start":"2026-03-21T09:12:36.345180"}
{"op_code":5,"worker_id":"aa54483a-0b77-4dc0-88e4-24d118aad853-140193173047104","trial_id":363,"param_name":"lr","param_value_internal":0.006288975935988406,"distribution":"{\"name\": \"FloatDistribution\", \"attributes\": {\"step\": null, \"low\": 0.0001, \"high\": 0.1, \"log\": true}}"}
{"op_code":5,"worker_id":"aa54483a-0b77-4dc0-88e4-24d118aad853-140193173047104","trial_id":363,"param_name":"dropout","param_value_internal":0.29312526148477236,"distribution":"{\"name\": \"FloatDistribution\", \"attributes\": {\"step\": null, \"low\": 0.0, \"high\": 0.5, \"log\": false}}"}
{"op_code":5,"worker_id":"aa54483a-0b77-4dc0-88e4-24d118aad853-140193173047104","trial_id":363,"param_name":"layers","param_value_internal":1,"distribution":"{\"name\": \"CategoricalDistribution\", \"attributes\": {\"choices\": [1, 2, 3]}}"}
{"op_code":5,"worker_id":"aa54483a-0b77-4dc0-88e4-24d118aad853-140193173047104","trial_id":363,"param_name":"nodes","param_value_internal":2,"distribution":"{\"name\": \"CategoricalDistribution\", \"attributes\": {\"choices\": [16, 32, 64]}}"}
{"op_code":6,"worker_id":"aa54483a-0b77-4dc0-88e4-24d118aad853-140193173047104","trial_id":363,"state":1,"values":[0.7845409119300437],"datetime_complete":"2026-03-21T09:12:38.697301"}
{"op_code":4,"worker_id":"aa54483a-0b77-4dc0-88e4-24d118aad853-140193173047104","study_id":0,"datetime_start":"2026-03-21T09:12:38.711898"}
{"op_code":5,"worker_id":"aa54483a-0b77-4dc0-88e4-24d118aad853-140193173047104","trial_id":364,"param_name":"lr","param_value_internal":0.0010898285662284404,"distribution":"{\"name\": \"FloatDistribution\", \"attributes\": {\"step\": null, \"low\": 0.0001, \"high\": 0.1, \"log\": true}}"}
{"op_code":5,"worker_id":"aa54483a-0b77-4dc0-88e4-24d118aad853-140193173047104","trial_id":364,"param_name":"dropout","param_value_internal":0.2762617110751673,"distribution":"{\"name\": \"FloatDistribution\", \"attributes\": {\"step\": null, \"low\": 0.0, \"high\": 0.5, \"log\": false}}"}
{"op_code":5,"worker_id":"aa54483a-0b77-4dc0-88e4-24d118aad853-140193173047104","trial_id":364,"param_name":"layers","param_value_internal":1,"distribution":"{\"name\": \"CategoricalDistribution\", \"attributes\": {\"choices\": [1, 2, 3]}}"}
{"op_code":5,"worker_id":"aa54483a-0b77-4dc0-88e4-24d118aad853-140193173047104","trial_id":364,"param_name":"nodes","param_value_internal":2,"distribution":"{\"name\": \"CategoricalDistribution\", \"attributes\": {\"choices\": [16, 32, 64]}}"}
{"op_code":6,"worker_id":"aa54483a-0b77-4dc0-88e4-24d118aad853-140193173047104","trial_id":364,"state":1,"values":[0.7962273579013117],"datetime_complete":"2026-03-21T09:12:41.028330"}
{"op_code":4,"worker_id":"aa54483a-0b77-4dc0-88e4-24d118aad853-140193173047104","study_id":0,"datetime_start":"2026-03-21T09:12:41.047974"}
{"op_code":5,"worker_id":"aa54483a-0b77-4dc0-88e4-24d118aad853-140193173047104","trial_id":365,"param_name":"lr","param_value_internal":0.0009743611708956644,"distribution":"{\"name\": \"FloatDistribution\", \"attributes\": {\"step\": null, \"low\": 0.0001, \"high\": 0.1, \"log\": true}}"}
{"op_code":5,"worker_id":"aa54483a-0b77-4dc0-88e4-24d118aad853-140193173047104","trial_id":365,"param_name":"dropout","param_value_internal":0.27415463053883166,"distribution":"{\"name\": \"FloatDistribution\", \"attributes\": {\"step\": null, \"low\": 0.0, \"high\": 0.5, \"log\": false}}"}
{"op_code":5,"worker_id":"aa54483a-0b77-4dc0-88e4-24d118aad853-140193173047104","trial_id":365,"param_name":"layers","param_value_internal":1,"distribution":"{\"name\": \"CategoricalDistribution\", \"attributes\": {\"choices\": [1, 2, 3]}}"}
{"op_code":5,"worker_id":"aa54483a-0b77-4dc0-88e4-24d118aad853-140193173047104","trial_id":365,"param_name":"nodes","param_value_internal":2,"distribution":"{\"name\": \"CategoricalDistribution\", \"attributes\": {\"choices\": [16, 32, 64]}}"}
{"op_code":6,"worker_id":"aa54483a-0b77-4dc0-88e4-24d118aad853-140193173047104","trial_id":365,"state":1,"values":[0.802423485321674],"datetime_complete":"2026-03-21T09:12:43.318832"}
{"op_code":4,"worker_id":"aa54483a-0b77-4dc0-88e4-24d118aad853-140193173047104","study_id":0,"datetime_start":"2026-03-21T09:12:43.889977"}
{"op_code":5,"worker_id":"aa54483a-0b77-4dc0-88e4-24d118aad853-140193173047104","trial_id":366,"param_name":"lr","param_value_internal":0.00086116092816121,"distribution":"{\"name\": \"FloatDistribution\", \"attributes\": {\"step\": null, \"low\": 0.0001, \"high\": 0.1, \"log\": true}}"}
{"op_code":5,"worker_id":"aa54483a-0b77-4dc0-88e4-24d118aad853-140193173047104","trial_id":366,"param_name":"dropout","param_value_internal":0.2789420730282586,"distribution":"{\"name\": \"FloatDistribution\", \"attributes\": {\"step\": null, \"low\": 0.0, \"high\": 0.5, \"log\": false}}"}
{"op_code":5,"worker_id":"aa54483a-0b77-4dc0-88e4-24d118aad853-140193173047104","trial_id":366,"param_name":"layers","param_value_internal":1,"distribution":"{\"name\": \"CategoricalDistribution\", \"attributes\": {\"choices\": [1, 2, 3]}}"}
{"op_code":5,"worker_id":"aa54483a-0b77-4dc0-88e4-24d118aad853-140193173047104","trial_id":366,"param_name":"nodes","param_value_internal":2,"distribution":"{\"name\": \"CategoricalDistribution\", \"attributes\": {\"choices\": [16, 32, 64]}}"}
{"op_code":6,"worker_id":"aa54483a-0b77-4dc0-88e4-24d118aad853-140193173047104","trial_id":366,"state":1,"values":[0.7829481574016239],"datetime_complete":"2026-03-21T09:12:46.186610"}
{"op_code":4,"worker_id":"aa54483a-0b77-4dc0-88e4-24d118aad853-140193173047104","study_id":0,"datetime_start":"2026-03-21T09:12:46.210869"}
{"op_code":5,"worker_id":"aa54483a-0b77-4dc0-88e4-24d118aad853-140193173047104","trial_id":367,"param_name":"lr","param_value_internal":0.0008962648869276596,"distribution":"{\"name\": \"FloatDistribution\", \"attributes\": {\"step\": null, \"low\": 0.0001, \"high\": 0.1, \"log\": true}}"}
{"op_code":5,"worker_id":"aa54483a-0b77-4dc0-88e4-24d118aad853-140193173047104","trial_id":367,"param_name":"dropout","param_value_internal":0.26946767144999134,"distribution":"{\"name\": \"FloatDistribution\", \"attributes\": {\"step\": null, \"low\": 0.0, \"high\": 0.5, \"log\": false}}"}
{"op_code":5,"worker_id":"aa54483a-0b77-4dc0-88e4-24d118aad853-140193173047104","trial_id":367,"param_name":"layers","param_value_internal":1,"distribution":"{\"name\": \"CategoricalDistribution\", \"attributes\": {\"choices\": [1, 2, 3]}}"}
{"op_code":5,"worker_id":"aa54483a-0b77-4dc0-88e4-24d118aad853-140193173047104","trial_id":367,"param_name":"nodes","param_value_internal":2,"distribution":"{\"name\": \"CategoricalDistribution\", \"attributes\": {\"choices\": [16, 32, 64]}}"}
{"op_code":6,"worker_id":"aa54483a-0b77-4dc0-88e4-24d118aad853-140193173047104","trial_id":367,"state":1,"values":[0.7868207370393504],"datetime_complete":"2026-03-21T09:12:48.589867"}
{"op_code":4,"worker_id":"aa54483a-0b77-4dc0-88e4-24d118aad853-140193173047104","study_id":0,"datetime_start":"2026-03-21T09:12:48.612232"}
{"op_code":5,"worker_id":"aa54483a-0b77-4dc0-88e4-24d118aad853-140193173047104","trial_id":368,"param_name":"lr","param_value_internal":0.0009468607946164477,"distribution":"{\"name\": \"FloatDistribution\", \"attributes\": {\"step\": null, \"low\": 0.0001, \"high\": 0.1, \"log\": true}}"}
{"op_code":5,"worker_id":"aa54483a-0b77-4dc0-88e4-24d118aad853-140193173047104","trial_id":368,"param_name":"dropout","param_value_internal":0.276373290470623,"distribution":"{\"name\": \"FloatDistribution\", \"attributes\": {\"step\": null, \"low\": 0.0, \"high\": 0.5, \"log\": false}}"}
{"op_code":5,"worker_id":"aa54483a-0b77-4dc0-88e4-24d118aad853-140193173047104","trial_id":368,"param_name":"layers","param_value_internal":1,"distribution":"{\"name\": \"CategoricalDistribution\", \"attributes\": {\"choices\": [1, 2, 3]}}"}
{"op_code":5,"worker_id":"aa54483a-0b77-4dc0-88e4-24d118aad853-140193173047104","trial_id":368,"param_name":"nodes","param_value_internal":2,"distribution":"{\"name\": \"CategoricalDistribution\", \"attributes\": {\"choices\": [16, 32, 64]}}"}
{"op_code":6,"worker_id":"aa54483a-0b77-4dc0-88e4-24d118aad853-140193173047104","trial_id":368,"state":1,"values":[0.7872579637726421],"datetime_complete":"2026-03-21T09:12:50.981345"}
{"op_code":4,"worker_id":"aa54483a-0b77-4dc0-88e4-24d118aad853-140193173047104","study_id":0,"datetime_start":"2026-03-21T09:12:50.997819"}
{"op_code":5,"worker_id":"aa54483a-0b77-4dc0-88e4-24d118aad853-140193173047104","trial_id":369,"param_name":"lr","param_value_internal":0.0009008433026418902,"distribution":"{\"name\": \"FloatDistribution\", \"attributes\": {\"step\": null, \"low\": 0.0001, \"high\": 0.1, \"log\": true}}"}
{"op_code":5,"worker_id":"aa54483a-0b77-4dc0-88e4-24d118aad853-140193173047104","trial_id":369,"param_name":"dropout","param_value_internal":0.2845049387942906,"distribution":"{\"name\": \"FloatDistribution\", \"attributes\": {\"step\": null, \"low\": 0.0, \"high\": 0.5, \"log\": false}}"}
{"op_code":5,"worker_id":"aa54483a-0b77-4dc0-88e4-24d118aad853-140193173047104","trial_id":369,"param_name":"layers","param_value_internal":1,"distribution":"{\"name\": \"CategoricalDistribution\", \"attributes\": {\"choices\": [1, 2, 3]}}"}
{"op_code":5,"worker_id":"aa54483a-0b77-4dc0-88e4-24d118aad853-140193173047104","trial_id":369,"param_name":"nodes","param_value_internal":2,"distribution":"{\"name\": \"CategoricalDistribution\", \"attributes\": {\"choices\": [16, 32, 64]}}"}
{"op_code":6,"worker_id":"aa54483a-0b77-4dc0-88e4-24d118aad853-140193173047104","trial_id":369,"state":1,"values":[0.7944409743910056],"datetime_complete":"2026-03-21T09:12:53.327861"}
{"op_code":0,"worker_id":"6f21b4c6-03f6-4b0c-b3ad-431521937a12-140193173047104","study_name":"deepsurv_tuning","directions":[2]}
{"op_code":4,"worker_id":"6f21b4c6-03f6-4b0c-b3ad-431521937a12-140193173047104","study_id":0,"datetime_start":"2026-03-21T09:28:18.778344"}
{"op_code":5,"worker_id":"6f21b4c6-03f6-4b0c-b3ad-431521937a12-140193173047104","trial_id":370,"param_name":"lr","param_value_internal":0.0011415239042303759,"distribution":"{\"name\": \"FloatDistribution\", \"attributes\": {\"step\": null, \"low\": 0.0001, \"high\": 0.1, \"log\": true}}"}
{"op_code":5,"worker_id":"6f21b4c6-03f6-4b0c-b3ad-431521937a12-140193173047104","trial_id":370,"param_name":"dropout","param_value_internal":0.29905920704560407,"distribution":"{\"name\": \"FloatDistribution\", \"attributes\": {\"step\": null, \"low\": 0.0, \"high\": 0.5, \"log\": false}}"}
{"op_code":5,"worker_id":"6f21b4c6-03f6-4b0c-b3ad-431521937a12-140193173047104","trial_id":370,"param_name":"layers","param_value_internal":1,"distribution":"{\"name\": \"CategoricalDistribution\", \"attributes\": {\"choices\": [1, 2, 3]}}"}
{"op_code":5,"worker_id":"6f21b4c6-03f6-4b0c-b3ad-431521937a12-140193173047104","trial_id":370,"param_name":"nodes","param_value_internal":2,"distribution":"{\"name\": \"CategoricalDistribution\", \"attributes\": {\"choices\": [16, 32, 64]}}"}
{"op_code":6,"worker_id":"6f21b4c6-03f6-4b0c-b3ad-431521937a12-140193173047104","trial_id":370,"state":1,"values":[0.7661997942883265],"datetime_complete":"2026-03-21T09:28:21.124404"}
{"op_code":4,"worker_id":"6f21b4c6-03f6-4b0c-b3ad-431521937a12-140193173047104","study_id":0,"datetime_start":"2026-03-21T09:28:21.145244"}
{"op_code":5,"worker_id":"6f21b4c6-03f6-4b0c-b3ad-431521937a12-140193173047104","trial_id":371,"param_name":"lr","param_value_internal":0.001061098168839378,"distribution":"{\"name\": \"FloatDistribution\", \"attributes\": {\"step\": null, \"low\": 0.0001, \"high\": 0.1, \"log\": true}}"}
{"op_code":5,"worker_id":"6f21b4c6-03f6-4b0c-b3ad-431521937a12-140193173047104","trial_id":371,"param_name":"dropout","param_value_internal":0.26553865593634857,"distribution":"{\"name\": \"FloatDistribution\", \"attributes\": {\"step\": null, \"low\": 0.0, \"high\": 0.5, \"log\": false}}"}
{"op_code":5,"worker_id":"6f21b4c6-03f6-4b0c-b3ad-431521937a12-140193173047104","trial_id":371,"param_name":"layers","param_value_internal":1,"distribution":"{\"name\": \"CategoricalDistribution\", \"attributes\": {\"choices\": [1, 2, 3]}}"}
{"op_code":5,"worker_id":"6f21b4c6-03f6-4b0c-b3ad-431521937a12-140193173047104","trial_id":371,"param_name":"nodes","param_value_internal":2,"distribution":"{\"name\": \"CategoricalDistribution\", \"attributes\": {\"choices\": [16, 32, 64]}}"}
{"op_code":6,"worker_id":"6f21b4c6-03f6-4b0c-b3ad-431521937a12-140193173047104","trial_id":371,"state":1,"values":[0.7633680842148036],"datetime_complete":"2026-03-21T09:28:23.463828"}
{"op_code":4,"worker_id":"6f21b4c6-03f6-4b0c-b3ad-431521937a12-140193173047104","study_id":0,"datetime_start":"2026-03-21T09:28:23.485199"}
{"op_code":5,"worker_id":"6f21b4c6-03f6-4b0c-b3ad-431521937a12-140193173047104","trial_id":372,"param_name":"lr","param_value_internal":0.0013034144524784396,"distribution":"{\"name\": \"FloatDistribution\", \"attributes\": {\"step\": null, \"low\": 0.0001, \"high\": 0.1, \"log\": true}}"}
{"op_code":5,"worker_id":"6f21b4c6-03f6-4b0c-b3ad-431521937a12-140193173047104","trial_id":372,"param_name":"dropout","param_value_internal":0.2532642103218209,"distribution":"{\"name\": \"FloatDistribution\", \"attributes\": {\"step\": null, \"low\": 0.0, \"high\": 0.5, \"log\": false}}"}
{"op_code":5,"worker_id":"6f21b4c6-03f6-4b0c-b3ad-431521937a12-140193173047104","trial_id":372,"param_name":"layers","param_value_internal":1,"distribution":"{\"name\": \"CategoricalDistribution\", \"attributes\": {\"choices\": [1, 2, 3]}}"}
{"op_code":5,"worker_id":"6f21b4c6-03f6-4b0c-b3ad-431521937a12-140193173047104","trial_id":372,"param_name":"nodes","param_value_internal":1,"distribution":"{\"name\": \"CategoricalDistribution\", \"attributes\": {\"choices\": [16, 32, 64]}}"}
{"op_code":6,"worker_id":"6f21b4c6-03f6-4b0c-b3ad-431521937a12-140193173047104","trial_id":372,"state":1,"values":[0.7596728930426281],"datetime_complete":"2026-03-21T09:28:25.814874"}
{"op_code":4,"worker_id":"6f21b4c6-03f6-4b0c-b3ad-431521937a12-140193173047104","study_id":0,"datetime_start":"2026-03-21T09:28:25.838000"}
{"op_code":5,"worker_id":"6f21b4c6-03f6-4b0c-b3ad-431521937a12-140193173047104","trial_id":373,"param_name":"lr","param_value_internal":0.0006916884766276254,"distribution":"{\"name\": \"FloatDistribution\", \"attributes\": {\"step\": null, \"low\": 0.0001, \"high\": 0.1, \"log\": true}}"}
{"op_code":5,"worker_id":"6f21b4c6-03f6-4b0c-b3ad-431521937a12-140193173047104","trial_id":373,"param_name":"dropout","param_value_internal":0.2445651492842419,"distribution":"{\"name\": \"FloatDistribution\", \"attributes\": {\"step\": null, \"low\": 0.0, \"high\": 0.5, \"log\": false}}"}
{"op_code":5,"worker_id":"6f21b4c6-03f6-4b0c-b3ad-431521937a12-140193173047104","trial_id":373,"param_name":"layers","param_value_internal":1,"distribution":"{\"name\": \"CategoricalDistribution\", \"attributes\": {\"choices\": [1, 2, 3]}}"}
{"op_code":5,"worker_id":"6f21b4c6-03f6-4b0c-b3ad-431521937a12-140193173047104","trial_id":373,"param_name":"nodes","param_value_internal":2,"distribution":"{\"name\": \"CategoricalDistribution\", \"attributes\": {\"choices\": [16, 32, 64]}}"}
{"op_code":6,"worker_id":"6f21b4c6-03f6-4b0c-b3ad-431521937a12-140193173047104","trial_id":373,"state":1,"values":[0.7680029459943366],"datetime_complete":"2026-03-21T09:28:28.207854"}
{"op_code":4,"worker_id":"6f21b4c6-03f6-4b0c-b3ad-431521937a12-140193173047104","study_id":0,"datetime_start":"2026-03-21T09:28:28.224672"}
{"op_code":5,"worker_id":"6f21b4c6-03f6-4b0c-b3ad-431521937a12-140193173047104","trial_id":374,"param_name":"lr","param_value_internal":0.006192388942564505,"distribution":"{\"name\": \"FloatDistribution\", \"attributes\": {\"step\": null, \"low\": 0.0001, \"high\": 0.1, \"log\": true}}"}
{"op_code":5,"worker_id":"6f21b4c6-03f6-4b0c-b3ad-431521937a12-140193173047104","trial_id":374,"param_name":"dropout","param_value_internal":0.28843989421941163,"distribution":"{\"name\": \"FloatDistribution\", \"attributes\": {\"step\": null, \"low\": 0.0, \"high\": 0.5, \"log\": false}}"}
{"op_code":5,"worker_id":"6f21b4c6-03f6-4b0c-b3ad-431521937a12-140193173047104","trial_id":374,"param_name":"layers","param_value_internal":1,"distribution":"{\"name\": \"CategoricalDistribution\", \"attributes\": {\"choices\": [1, 2, 3]}}"}
{"op_code":5,"worker_id":"6f21b4c6-03f6-4b0c-b3ad-431521937a12-140193173047104","trial_id":374,"param_name":"nodes","param_value_internal":2,"distribution":"{\"name\": \"CategoricalDistribution\", \"attributes\": {\"choices\": [16, 32, 64]}}"}
{"op_code":6,"worker_id":"6f21b4c6-03f6-4b0c-b3ad-431521937a12-140193173047104","trial_id":374,"state":1,"values":[0.7606125636499854],"datetime_complete":"2026-03-21T09:28:30.537436"}
{"op_code":4,"worker_id":"6f21b4c6-03f6-4b0c-b3ad-431521937a12-140193173047104","study_id":0,"datetime_start":"2026-03-21T09:28:30.565861"}
{"op_code":5,"worker_id":"6f21b4c6-03f6-4b0c-b3ad-431521937a12-140193173047104","trial_id":375,"param_name":"lr","param_value_internal":0.0014363574215996604,"distribution":"{\"name\": \"FloatDistribution\", \"attributes\": {\"step\": null, \"low\": 0.0001, \"high\": 0.1, \"log\": true}}"}
{"op_code":5,"worker_id":"6f21b4c6-03f6-4b0c-b3ad-431521937a12-140193173047104","trial_id":375,"param_name":"dropout","param_value_internal":0.2784797087712356,"distribution":"{\"name\": \"FloatDistribution\", \"attributes\": {\"step\": null, \"low\": 0.0, \"high\": 0.5, \"log\": false}}"}
{"op_code":5,"worker_id":"6f21b4c6-03f6-4b0c-b3ad-431521937a12-140193173047104","trial_id":375,"param_name":"layers","param_value_internal":1,"distribution":"{\"name\": \"CategoricalDistribution\", \"attributes\": {\"choices\": [1, 2, 3]}}"}
{"op_code":5,"worker_id":"6f21b4c6-03f6-4b0c-b3ad-431521937a12-140193173047104","trial_id":375,"param_name":"nodes","param_value_internal":2,"distribution":"{\"name\": \"CategoricalDistribution\", \"attributes\": {\"choices\": [16, 32, 64]}}"}
{"op_code":6,"worker_id":"6f21b4c6-03f6-4b0c-b3ad-431521937a12-140193173047104","trial_id":375,"state":1,"values":[0.7727012990311234],"datetime_complete":"2026-03-21T09:28:32.958713"}
{"op_code":4,"worker_id":"6f21b4c6-03f6-4b0c-b3ad-431521937a12-140193173047104","study_id":0,"datetime_start":"2026-03-21T09:28:32.976693"}
{"op_code":5,"worker_id":"6f21b4c6-03f6-4b0c-b3ad-431521937a12-140193173047104","trial_id":376,"param_name":"lr","param_value_internal":0.0010973032816335752,"distribution":"{\"name\": \"FloatDistribution\", \"attributes\": {\"step\": null, \"low\": 0.0001, \"high\": 0.1, \"log\": true}}"}
{"op_code":5,"worker_id":"6f21b4c6-03f6-4b0c-b3ad-431521937a12-140193173047104","trial_id":376,"param_name":"dropout","param_value_internal":0.2614152646153814,"distribution":"{\"name\": \"FloatDistribution\", \"attributes\": {\"step\": null, \"low\": 0.0, \"high\": 0.5, \"log\": false}}"}
{"op_code":5,"worker_id":"6f21b4c6-03f6-4b0c-b3ad-431521937a12-140193173047104","trial_id":376,"param_name":"layers","param_value_internal":1,"distribution":"{\"name\": \"CategoricalDistribution\", \"attributes\": {\"choices\": [1, 2, 3]}}"}
{"op_code":5,"worker_id":"6f21b4c6-03f6-4b0c-b3ad-431521937a12-140193173047104","trial_id":376,"param_name":"nodes","param_value_internal":2,"distribution":"{\"name\": \"CategoricalDistribution\", \"attributes\": {\"choices\": [16, 32, 64]}}"}
{"op_code":6,"worker_id":"6f21b4c6-03f6-4b0c-b3ad-431521937a12-140193173047104","trial_id":376,"state":1,"values":[0.7744536577313303],"datetime_complete":"2026-03-21T09:28:35.337569"}
{"op_code":4,"worker_id":"6f21b4c6-03f6-4b0c-b3ad-431521937a12-140193173047104","study_id":0,"datetime_start":"2026-03-21T09:28:35.352395"}
{"op_code":5,"worker_id":"6f21b4c6-03f6-4b0c-b3ad-431521937a12-140193173047104","trial_id":377,"param_name":"lr","param_value_internal":0.00981585905089301,"distribution":"{\"name\": \"FloatDistribution\", \"attributes\": {\"step\": null, \"low\": 0.0001, \"high\": 0.1, \"log\": true}}"}
{"op_code":5,"worker_id":"6f21b4c6-03f6-4b0c-b3ad-431521937a12-140193173047104","trial_id":377,"param_name":"dropout","param_value_internal":0.30518397306442513,"distribution":"{\"name\": \"FloatDistribution\", \"attributes\": {\"step\": null, \"low\": 0.0, \"high\": 0.5, \"log\": false}}"}
{"op_code":5,"worker_id":"6f21b4c6-03f6-4b0c-b3ad-431521937a12-140193173047104","trial_id":377,"param_name":"layers","param_value_internal":1,"distribution":"{\"name\": \"CategoricalDistribution\", \"attributes\": {\"choices\": [1, 2, 3]}}"}
{"op_code":5,"worker_id":"6f21b4c6-03f6-4b0c-b3ad-431521937a12-140193173047104","trial_id":377,"param_name":"nodes","param_value_internal":2,"distribution":"{\"name\": \"CategoricalDistribution\", \"attributes\": {\"choices\": [16, 32, 64]}}"}
{"op_code":6,"worker_id":"6f21b4c6-03f6-4b0c-b3ad-431521937a12-140193173047104","trial_id":377,"state":1,"values":[0.753069802288225],"datetime_complete":"2026-03-21T09:28:37.678873"}
{"op_code":4,"worker_id":"6f21b4c6-03f6-4b0c-b3ad-431521937a12-140193173047104","study_id":0,"datetime_start":"2026-03-21T09:28:37.692640"}
{"op_code":5,"worker_id":"6f21b4c6-03f6-4b0c-b3ad-431521937a12-140193173047104","trial_id":378,"param_name":"lr","param_value_internal":0.005330135758409572,"distribution":"{\"name\": \"FloatDistribution\", \"attributes\": {\"step\": null, \"low\": 0.0001, \"high\": 0.1, \"log\": true}}"}
{"op_code":5,"worker_id":"6f21b4c6-03f6-4b0c-b3ad-431521937a12-140193173047104","trial_id":378,"param_name":"dropout","param_value_internal":0.2703085597419943,"distribution":"{\"name\": \"FloatDistribution\", \"attributes\": {\"step\": null, \"low\": 0.0, \"high\": 0.5, \"log\": false}}"}
{"op_code":5,"worker_id":"6f21b4c6-03f6-4b0c-b3ad-431521937a12-140193173047104","trial_id":378,"param_name":"layers","param_value_internal":1,"distribution":"{\"name\": \"CategoricalDistribution\", \"attributes\": {\"choices\": [1, 2, 3]}}"}
{"op_code":5,"worker_id":"6f21b4c6-03f6-4b0c-b3ad-431521937a12-140193173047104","trial_id":378,"param_name":"nodes","param_value_internal":2,"distribution":"{\"name\": \"CategoricalDistribution\", \"attributes\": {\"choices\": [16, 32, 64]}}"}
{"op_code":6,"worker_id":"6f21b4c6-03f6-4b0c-b3ad-431521937a12-140193173047104","trial_id":378,"state":1,"values":[0.7659204327564094],"datetime_complete":"2026-03-21T09:28:40.005456"}
{"op_code":4,"worker_id":"6f21b4c6-03f6-4b0c-b3ad-431521937a12-140193173047104","study_id":0,"datetime_start":"2026-03-21T09:28:40.021033"}
{"op_code":5,"worker_id":"6f21b4c6-03f6-4b0c-b3ad-431521937a12-140193173047104","trial_id":379,"param_name":"lr","param_value_internal":0.004035824550424286,"distribution":"{\"name\": \"FloatDistribution\", \"attributes\": {\"step\": null, \"low\": 0.0001, \"high\": 0.1, \"log\": true}}"}
{"op_code":5,"worker_id":"6f21b4c6-03f6-4b0c-b3ad-431521937a12-140193173047104","trial_id":379,"param_name":"dropout","param_value_internal":0.3284191758033979,"distribution":"{\"name\": \"FloatDistribution\", \"attributes\": {\"step\": null, \"low\": 0.0, \"high\": 0.5, \"log\": false}}"}
{"op_code":5,"worker_id":"6f21b4c6-03f6-4b0c-b3ad-431521937a12-140193173047104","trial_id":379,"param_name":"layers","param_value_internal":1,"distribution":"{\"name\": \"CategoricalDistribution\", \"attributes\": {\"choices\": [1, 2, 3]}}"}
{"op_code":5,"worker_id":"6f21b4c6-03f6-4b0c-b3ad-431521937a12-140193173047104","trial_id":379,"param_name":"nodes","param_value_internal":2,"distribution":"{\"name\": \"CategoricalDistribution\", \"attributes\": {\"choices\": [16, 32, 64]}}"}
{"op_code":6,"worker_id":"6f21b4c6-03f6-4b0c-b3ad-431521937a12-140193173047104","trial_id":379,"state":1,"values":[0.7672283526558393],"datetime_complete":"2026-03-21T09:28:42.371883"}
{"op_code":0,"worker_id":"59776b2e-cd87-4482-9359-32c2eb00b391-140193173047104","study_name":"deepsurv_tuning","directions":[2]}
{"op_code":4,"worker_id":"59776b2e-cd87-4482-9359-32c2eb00b391-140193173047104","study_id":0,"datetime_start":"2026-03-21T09:42:55.493370"}
{"op_code":5,"worker_id":"59776b2e-cd87-4482-9359-32c2eb00b391-140193173047104","trial_id":380,"param_name":"lr","param_value_internal":0.004745452848156045,"distribution":"{\"name\": \"FloatDistribution\", \"attributes\": {\"step\": null, \"low\": 0.0001, \"high\": 0.1, \"log\": true}}"}
{"op_code":5,"worker_id":"59776b2e-cd87-4482-9359-32c2eb00b391-140193173047104","trial_id":380,"param_name":"dropout","param_value_internal":0.29653282717246066,"distribution":"{\"name\": \"FloatDistribution\", \"attributes\": {\"step\": null, \"low\": 0.0, \"high\": 0.5, \"log\": false}}"}
{"op_code":5,"worker_id":"59776b2e-cd87-4482-9359-32c2eb00b391-140193173047104","trial_id":380,"param_name":"layers","param_value_internal":1,"distribution":"{\"name\": \"CategoricalDistribution\", \"attributes\": {\"choices\": [1, 2, 3]}}"}
{"op_code":5,"worker_id":"59776b2e-cd87-4482-9359-32c2eb00b391-140193173047104","trial_id":380,"param_name":"nodes","param_value_internal":2,"distribution":"{\"name\": \"CategoricalDistribution\", \"attributes\": {\"choices\": [16, 32, 64]}}"}
{"op_code":6,"worker_id":"59776b2e-cd87-4482-9359-32c2eb00b391-140193173047104","trial_id":380,"state":1,"values":[0.5963467272765185],"datetime_complete":"2026-03-21T09:42:58.856443"}
{"op_code":4,"worker_id":"59776b2e-cd87-4482-9359-32c2eb00b391-140193173047104","study_id":0,"datetime_start":"2026-03-21T09:42:58.878160"}
{"op_code":5,"worker_id":"59776b2e-cd87-4482-9359-32c2eb00b391-140193173047104","trial_id":381,"param_name":"lr","param_value_internal":0.0008251540220253722,"distribution":"{\"name\": \"FloatDistribution\", \"attributes\": {\"step\": null, \"low\": 0.0001, \"high\": 0.1, \"log\": true}}"}
{"op_code":5,"worker_id":"59776b2e-cd87-4482-9359-32c2eb00b391-140193173047104","trial_id":381,"param_name":"dropout","param_value_internal":0.2867663282426302,"distribution":"{\"name\": \"FloatDistribution\", \"attributes\": {\"step\": null, \"low\": 0.0, \"high\": 0.5, \"log\": false}}"}
{"op_code":5,"worker_id":"59776b2e-cd87-4482-9359-32c2eb00b391-140193173047104","trial_id":381,"param_name":"layers","param_value_internal":1,"distribution":"{\"name\": \"CategoricalDistribution\", \"attributes\": {\"choices\": [1, 2, 3]}}"}
{"op_code":5,"worker_id":"59776b2e-cd87-4482-9359-32c2eb00b391-140193173047104","trial_id":381,"param_name":"nodes","param_value_internal":2,"distribution":"{\"name\": \"CategoricalDistribution\", \"attributes\": {\"choices\": [16, 32, 64]}}"}
{"op_code":6,"worker_id":"59776b2e-cd87-4482-9359-32c2eb00b391-140193173047104","trial_id":381,"state":1,"values":[0.6355693642221156],"datetime_complete":"2026-03-21T09:43:01.225887"}
{"op_code":4,"worker_id":"59776b2e-cd87-4482-9359-32c2eb00b391-140193173047104","study_id":0,"datetime_start":"2026-03-21T09:43:01.244055"}
{"op_code":5,"worker_id":"59776b2e-cd87-4482-9359-32c2eb00b391-140193173047104","trial_id":382,"param_name":"lr","param_value_internal":0.0013328611886895307,"distribution":"{\"name\": \"FloatDistribution\", \"attributes\": {\"step\": null, \"low\": 0.0001, \"high\": 0.1, \"log\": true}}"}
{"op_code":5,"worker_id":"59776b2e-cd87-4482-9359-32c2eb00b391-140193173047104","trial_id":382,"param_name":"dropout","param_value_internal":0.3146724594085712,"distribution":"{\"name\": \"FloatDistribution\", \"attributes\": {\"step\": null, \"low\": 0.0, \"high\": 0.5, \"log\": false}}"}
{"op_code":5,"worker_id":"59776b2e-cd87-4482-9359-32c2eb00b391-140193173047104","trial_id":382,"param_name":"layers","param_value_internal":1,"distribution":"{\"name\": \"CategoricalDistribution\", \"attributes\": {\"choices\": [1, 2, 3]}}"}
{"op_code":5,"worker_id":"59776b2e-cd87-4482-9359-32c2eb00b391-140193173047104","trial_id":382,"param_name":"nodes","param_value_internal":2,"distribution":"{\"name\": \"CategoricalDistribution\", \"attributes\": {\"choices\": [16, 32, 64]}}"}
{"op_code":6,"worker_id":"59776b2e-cd87-4482-9359-32c2eb00b391-140193173047104","trial_id":382,"state":1,"values":[0.5917801363721668],"datetime_complete":"2026-03-21T09:43:03.617307"}
{"op_code":4,"worker_id":"59776b2e-cd87-4482-9359-32c2eb00b391-140193173047104","study_id":0,"datetime_start":"2026-03-21T09:43:03.633348"}
{"op_code":5,"worker_id":"59776b2e-cd87-4482-9359-32c2eb00b391-140193173047104","trial_id":383,"param_name":"lr","param_value_internal":0.0009776658475793595,"distribution":"{\"name\": \"FloatDistribution\", \"attributes\": {\"step\": null, \"low\": 0.0001, \"high\": 0.1, \"log\": true}}"}
{"op_code":5,"worker_id":"59776b2e-cd87-4482-9359-32c2eb00b391-140193173047104","trial_id":383,"param_name":"dropout","param_value_internal":0.25158224892531983,"distribution":"{\"name\": \"FloatDistribution\", \"attributes\": {\"step\": null, \"low\": 0.0, \"high\": 0.5, \"log\": false}}"}
{"op_code":5,"worker_id":"59776b2e-cd87-4482-9359-32c2eb00b391-140193173047104","trial_id":383,"param_name":"layers","param_value_internal":1,"distribution":"{\"name\": \"CategoricalDistribution\", \"attributes\": {\"choices\": [1, 2, 3]}}"}
{"op_code":5,"worker_id":"59776b2e-cd87-4482-9359-32c2eb00b391-140193173047104","trial_id":383,"param_name":"nodes","param_value_internal":2,"distribution":"{\"name\": \"CategoricalDistribution\", \"attributes\": {\"choices\": [16, 32, 64]}}"}
{"op_code":6,"worker_id":"59776b2e-cd87-4482-9359-32c2eb00b391-140193173047104","trial_id":383,"state":1,"values":[0.6045207164751757],"datetime_complete":"2026-03-21T09:43:05.976843"}
{"op_code":4,"worker_id":"59776b2e-cd87-4482-9359-32c2eb00b391-140193173047104","study_id":0,"datetime_start":"2026-03-21T09:43:05.999730"}
{"op_code":5,"worker_id":"59776b2e-cd87-4482-9359-32c2eb00b391-140193173047104","trial_id":384,"param_name":"lr","param_value_internal":0.0038268277019239253,"distribution":"{\"name\": \"FloatDistribution\", \"attributes\": {\"step\": null, \"low\": 0.0001, \"high\": 0.1, \"log\": true}}"}
{"op_code":5,"worker_id":"59776b2e-cd87-4482-9359-32c2eb00b391-140193173047104","trial_id":384,"param_name":"dropout","param_value_internal":0.27910930822567726,"distribution":"{\"name\": \"FloatDistribution\", \"attributes\": {\"step\": null, \"low\": 0.0, \"high\": 0.5, \"log\": false}}"}
{"op_code":5,"worker_id":"59776b2e-cd87-4482-9359-32c2eb00b391-140193173047104","trial_id":384,"param_name":"layers","param_value_internal":1,"distribution":"{\"name\": \"CategoricalDistribution\", \"attributes\": {\"choices\": [1, 2, 3]}}"}
{"op_code":5,"worker_id":"59776b2e-cd87-4482-9359-32c2eb00b391-140193173047104","trial_id":384,"param_name":"nodes","param_value_internal":2,"distribution":"{\"name\": \"CategoricalDistribution\", \"attributes\": {\"choices\": [16, 32, 64]}}"}
{"op_code":6,"worker_id":"59776b2e-cd87-4482-9359-32c2eb00b391-140193173047104","trial_id":384,"state":1,"values":[0.6170527764455658],"datetime_complete":"2026-03-21T09:43:08.298896"}
{"op_code":4,"worker_id":"59776b2e-cd87-4482-9359-32c2eb00b391-140193173047104","study_id":0,"datetime_start":"2026-03-21T09:43:08.319904"}
{"op_code":5,"worker_id":"59776b2e-cd87-4482-9359-32c2eb00b391-140193173047104","trial_id":385,"param_name":"lr","param_value_internal":0.006981998534248738,"distribution":"{\"name\": \"FloatDistribution\", \"attributes\": {\"step\": null, \"low\": 0.0001, \"high\": 0.1, \"log\": true}}"}
{"op_code":5,"worker_id":"59776b2e-cd87-4482-9359-32c2eb00b391-140193173047104","trial_id":385,"param_name":"dropout","param_value_internal":0.3054845923163687,"distribution":"{\"name\": \"FloatDistribution\", \"attributes\": {\"step\": null, \"low\": 0.0, \"high\": 0.5, \"log\": false}}"}
{"op_code":5,"worker_id":"59776b2e-cd87-4482-9359-32c2eb00b391-140193173047104","trial_id":385,"param_name":"layers","param_value_internal":1,"distribution":"{\"name\": \"CategoricalDistribution\", \"attributes\": {\"choices\": [1, 2, 3]}}"}
{"op_code":5,"worker_id":"59776b2e-cd87-4482-9359-32c2eb00b391-140193173047104","trial_id":385,"param_name":"nodes","param_value_internal":2,"distribution":"{\"name\": \"CategoricalDistribution\", \"attributes\": {\"choices\": [16, 32, 64]}}"}
{"op_code":6,"worker_id":"59776b2e-cd87-4482-9359-32c2eb00b391-140193173047104","trial_id":385,"state":1,"values":[0.5948245303084013],"datetime_complete":"2026-03-21T09:43:10.687734"}
{"op_code":4,"worker_id":"59776b2e-cd87-4482-9359-32c2eb00b391-140193173047104","study_id":0,"datetime_start":"2026-03-21T09:43:10.705873"}
{"op_code":5,"worker_id":"59776b2e-cd87-4482-9359-32c2eb00b391-140193173047104","trial_id":386,"param_name":"lr","param_value_internal":0.031061948031436096,"distribution":"{\"name\": \"FloatDistribution\", \"attributes\": {\"step\": null, \"low\": 0.0001, \"high\": 0.1, \"log\": true}}"}
{"op_code":5,"worker_id":"59776b2e-cd87-4482-9359-32c2eb00b391-140193173047104","trial_id":386,"param_name":"dropout","param_value_internal":0.28871618315270786,"distribution":"{\"name\": \"FloatDistribution\", \"attributes\": {\"step\": null, \"low\": 0.0, \"high\": 0.5, \"log\": false}}"}
{"op_code":5,"worker_id":"59776b2e-cd87-4482-9359-32c2eb00b391-140193173047104","trial_id":386,"param_name":"layers","param_value_internal":1,"distribution":"{\"name\": \"CategoricalDistribution\", \"attributes\": {\"choices\": [1, 2, 3]}}"}
{"op_code":5,"worker_id":"59776b2e-cd87-4482-9359-32c2eb00b391-140193173047104","trial_id":386,"param_name":"nodes","param_value_internal":2,"distribution":"{\"name\": \"CategoricalDistribution\", \"attributes\": {\"choices\": [16, 32, 64]}}"}
{"op_code":6,"worker_id":"59776b2e-cd87-4482-9359-32c2eb00b391-140193173047104","trial_id":386,"state":1,"values":[0.5944804720895802],"datetime_complete":"2026-03-21T09:43:13.162275"}
{"op_code":4,"worker_id":"59776b2e-cd87-4482-9359-32c2eb00b391-140193173047104","study_id":0,"datetime_start":"2026-03-21T09:43:13.180027"}
{"op_code":5,"worker_id":"59776b2e-cd87-4482-9359-32c2eb00b391-140193173047104","trial_id":387,"param_name":"lr","param_value_internal":0.0011288149922287145,"distribution":"{\"name\": \"FloatDistribution\", \"attributes\": {\"step\": null, \"low\": 0.0001, \"high\": 0.1, \"log\": true}}"}
{"op_code":5,"worker_id":"59776b2e-cd87-4482-9359-32c2eb00b391-140193173047104","trial_id":387,"param_name":"dropout","param_value_internal":0.3151440549160343,"distribution":"{\"name\": \"FloatDistribution\", \"attributes\": {\"step\": null, \"low\": 0.0, \"high\": 0.5, \"log\": false}}"}
{"op_code":5,"worker_id":"59776b2e-cd87-4482-9359-32c2eb00b391-140193173047104","trial_id":387,"param_name":"layers","param_value_internal":1,"distribution":"{\"name\": \"CategoricalDistribution\", \"attributes\": {\"choices\": [1, 2, 3]}}"}
{"op_code":5,"worker_id":"59776b2e-cd87-4482-9359-32c2eb00b391-140193173047104","trial_id":387,"param_name":"nodes","param_value_internal":2,"distribution":"{\"name\": \"CategoricalDistribution\", \"attributes\": {\"choices\": [16, 32, 64]}}"}
{"op_code":6,"worker_id":"59776b2e-cd87-4482-9359-32c2eb00b391-140193173047104","trial_id":387,"state":1,"values":[0.5876722897595763],"datetime_complete":"2026-03-21T09:43:15.450669"}
{"op_code":4,"worker_id":"59776b2e-cd87-4482-9359-32c2eb00b391-140193173047104","study_id":0,"datetime_start":"2026-03-21T09:43:15.649977"}
{"op_code":5,"worker_id":"59776b2e-cd87-4482-9359-32c2eb00b391-140193173047104","trial_id":388,"param_name":"lr","param_value_internal":0.0005257307722357304,"distribution":"{\"name\": \"FloatDistribution\", \"attributes\": {\"step\": null, \"low\": 0.0001, \"high\": 0.1, \"log\": true}}"}
{"op_code":5,"worker_id":"59776b2e-cd87-4482-9359-32c2eb00b391-140193173047104","trial_id":388,"param_name":"dropout","param_value_internal":0.2971522175169246,"distribution":"{\"name\": \"FloatDistribution\", \"attributes\": {\"step\": null, \"low\": 0.0, \"high\": 0.5, \"log\": false}}"}
{"op_code":5,"worker_id":"59776b2e-cd87-4482-9359-32c2eb00b391-140193173047104","trial_id":388,"param_name":"layers","param_value_internal":1,"distribution":"{\"name\": \"CategoricalDistribution\", \"attributes\": {\"choices\": [1, 2, 3]}}"}
{"op_code":5,"worker_id":"59776b2e-cd87-4482-9359-32c2eb00b391-140193173047104","trial_id":388,"param_name":"nodes","param_value_internal":2,"distribution":"{\"name\": \"CategoricalDistribution\", \"attributes\": {\"choices\": [16, 32, 64]}}"}
{"op_code":6,"worker_id":"59776b2e-cd87-4482-9359-32c2eb00b391-140193173047104","trial_id":388,"state":1,"values":[0.581437537794274],"datetime_complete":"2026-03-21T09:43:18.040641"}
{"op_code":4,"worker_id":"59776b2e-cd87-4482-9359-32c2eb00b391-140193173047104","study_id":0,"datetime_start":"2026-03-21T09:43:18.060465"}
{"op_code":5,"worker_id":"59776b2e-cd87-4482-9359-32c2eb00b391-140193173047104","trial_id":389,"param_name":"lr","param_value_internal":0.0007686097018322674,"distribution":"{\"name\": \"FloatDistribution\", \"attributes\": {\"step\": null, \"low\": 0.0001, \"high\": 0.1, \"log\": true}}"}
{"op_code":5,"worker_id":"59776b2e-cd87-4482-9359-32c2eb00b391-140193173047104","trial_id":389,"param_name":"dropout","param_value_internal":0.32292475080619176,"distribution":"{\"name\": \"FloatDistribution\", \"attributes\": {\"step\": null, \"low\": 0.0, \"high\": 0.5, \"log\": false}}"}
{"op_code":5,"worker_id":"59776b2e-cd87-4482-9359-32c2eb00b391-140193173047104","trial_id":389,"param_name":"layers","param_value_internal":1,"distribution":"{\"name\": \"CategoricalDistribution\", \"attributes\": {\"choices\": [1, 2, 3]}}"}
{"op_code":5,"worker_id":"59776b2e-cd87-4482-9359-32c2eb00b391-140193173047104","trial_id":389,"param_name":"nodes","param_value_internal":2,"distribution":"{\"name\": \"CategoricalDistribution\", \"attributes\": {\"choices\": [16, 32, 64]}}"}
{"op_code":6,"worker_id":"59776b2e-cd87-4482-9359-32c2eb00b391-140193173047104","trial_id":389,"state":1,"values":[0.6040828241966761],"datetime_complete":"2026-03-21T09:43:20.449404"}
{"op_code":0,"worker_id":"2e319063-b712-4af6-a80d-4df52ed593b7-140193173047104","study_name":"deepsurv_tuning","directions":[2]}
{"op_code":4,"worker_id":"2e319063-b712-4af6-a80d-4df52ed593b7-140193173047104","study_id":0,"datetime_start":"2026-03-21T10:02:36.529565"}
{"op_code":5,"worker_id":"2e319063-b712-4af6-a80d-4df52ed593b7-140193173047104","trial_id":390,"param_name":"lr","param_value_internal":0.004786829815076747,"distribution":"{\"name\": \"FloatDistribution\", \"attributes\": {\"step\": null, \"low\": 0.0001, \"high\": 0.1, \"log\": true}}"}
{"op_code":5,"worker_id":"2e319063-b712-4af6-a80d-4df52ed593b7-140193173047104","trial_id":390,"param_name":"dropout","param_value_internal":0.27310547577208966,"distribution":"{\"name\": \"FloatDistribution\", \"attributes\": {\"step\": null, \"low\": 0.0, \"high\": 0.5, \"log\": false}}"}
{"op_code":5,"worker_id":"2e319063-b712-4af6-a80d-4df52ed593b7-140193173047104","trial_id":390,"param_name":"layers","param_value_internal":1,"distribution":"{\"name\": \"CategoricalDistribution\", \"attributes\": {\"choices\": [1, 2, 3]}}"}
{"op_code":5,"worker_id":"2e319063-b712-4af6-a80d-4df52ed593b7-140193173047104","trial_id":390,"param_name":"nodes","param_value_internal":2,"distribution":"{\"name\": \"CategoricalDistribution\", \"attributes\": {\"choices\": [16, 32, 64]}}"}
{"op_code":6,"worker_id":"2e319063-b712-4af6-a80d-4df52ed593b7-140193173047104","trial_id":390,"state":1,"values":[0.6487816159619872],"datetime_complete":"2026-03-21T10:02:38.872811"}
{"op_code":4,"worker_id":"2e319063-b712-4af6-a80d-4df52ed593b7-140193173047104","study_id":0,"datetime_start":"2026-03-21T10:02:38.889105"}
{"op_code":5,"worker_id":"2e319063-b712-4af6-a80d-4df52ed593b7-140193173047104","trial_id":391,"param_name":"lr","param_value_internal":0.009363991242728287,"distribution":"{\"name\": \"FloatDistribution\", \"attributes\": {\"step\": null, \"low\": 0.0001, \"high\": 0.1, \"log\": true}}"}
{"op_code":5,"worker_id":"2e319063-b712-4af6-a80d-4df52ed593b7-140193173047104","trial_id":391,"param_name":"dropout","param_value_internal":0.0007040573357909585,"distribution":"{\"name\": \"FloatDistribution\", \"attributes\": {\"step\": null, \"low\": 0.0, \"high\": 0.5, \"log\": false}}"}
{"op_code":5,"worker_id":"2e319063-b712-4af6-a80d-4df52ed593b7-140193173047104","trial_id":391,"param_name":"layers","param_value_internal":1,"distribution":"{\"name\": \"CategoricalDistribution\", \"attributes\": {\"choices\": [1, 2, 3]}}"}
{"op_code":5,"worker_id":"2e319063-b712-4af6-a80d-4df52ed593b7-140193173047104","trial_id":391,"param_name":"nodes","param_value_internal":2,"distribution":"{\"name\": \"CategoricalDistribution\", \"attributes\": {\"choices\": [16, 32, 64]}}"}
{"op_code":6,"worker_id":"2e319063-b712-4af6-a80d-4df52ed593b7-140193173047104","trial_id":391,"state":1,"values":[0.6606605975232849],"datetime_complete":"2026-03-21T10:02:41.168355"}
{"op_code":4,"worker_id":"2e319063-b712-4af6-a80d-4df52ed593b7-140193173047104","study_id":0,"datetime_start":"2026-03-21T10:02:41.203729"}
{"op_code":5,"worker_id":"2e319063-b712-4af6-a80d-4df52ed593b7-140193173047104","trial_id":392,"param_name":"lr","param_value_internal":0.005971534553890389,"distribution":"{\"name\": \"FloatDistribution\", \"attributes\": {\"step\": null, \"low\": 0.0001, \"high\": 0.1, \"log\": true}}"}
{"op_code":5,"worker_id":"2e319063-b712-4af6-a80d-4df52ed593b7-140193173047104","trial_id":392,"param_name":"dropout","param_value_internal":0.2652099531395493,"distribution":"{\"name\": \"FloatDistribution\", \"attributes\": {\"step\": null, \"low\": 0.0, \"high\": 0.5, \"log\": false}}"}
{"op_code":5,"worker_id":"2e319063-b712-4af6-a80d-4df52ed593b7-140193173047104","trial_id":392,"param_name":"layers","param_value_internal":1,"distribution":"{\"name\": \"CategoricalDistribution\", \"attributes\": {\"choices\": [1, 2, 3]}}"}
{"op_code":5,"worker_id":"2e319063-b712-4af6-a80d-4df52ed593b7-140193173047104","trial_id":392,"param_name":"nodes","param_value_internal":1,"distribution":"{\"name\": \"CategoricalDistribution\", \"attributes\": {\"choices\": [16, 32, 64]}}"}
{"op_code":6,"worker_id":"2e319063-b712-4af6-a80d-4df52ed593b7-140193173047104","trial_id":392,"state":1,"values":[0.6676618379833064],"datetime_complete":"2026-03-21T10:02:43.560334"}
{"op_code":4,"worker_id":"2e319063-b712-4af6-a80d-4df52ed593b7-140193173047104","study_id":0,"datetime_start":"2026-03-21T10:02:43.578997"}
{"op_code":5,"worker_id":"2e319063-b712-4af6-a80d-4df52ed593b7-140193173047104","trial_id":393,"param_name":"lr","param_value_internal":0.003575492809882588,"distribution":"{\"name\": \"FloatDistribution\", \"attributes\": {\"step\": null, \"low\": 0.0001, \"high\": 0.1, \"log\": true}}"}
{"op_code":5,"worker_id":"2e319063-b712-4af6-a80d-4df52ed593b7-140193173047104","trial_id":393,"param_name":"dropout","param_value_internal":0.33477000232530796,"distribution":"{\"name\": \"FloatDistribution\", \"attributes\": {\"step\": null, \"low\": 0.0, \"high\": 0.5, \"log\": false}}"}
{"op_code":5,"worker_id":"2e319063-b712-4af6-a80d-4df52ed593b7-140193173047104","trial_id":393,"param_name":"layers","param_value_internal":1,"distribution":"{\"name\": \"CategoricalDistribution\", \"attributes\": {\"choices\": [1, 2, 3]}}"}
{"op_code":5,"worker_id":"2e319063-b712-4af6-a80d-4df52ed593b7-140193173047104","trial_id":393,"param_name":"nodes","param_value_internal":2,"distribution":"{\"name\": \"CategoricalDistribution\", \"attributes\": {\"choices\": [16, 32, 64]}}"}
{"op_code":6,"worker_id":"2e319063-b712-4af6-a80d-4df52ed593b7-140193173047104","trial_id":393,"state":1,"values":[0.6652229674326683],"datetime_complete":"2026-03-21T10:02:45.857040"}
{"op_code":4,"worker_id":"2e319063-b712-4af6-a80d-4df52ed593b7-140193173047104","study_id":0,"datetime_start":"2026-03-21T10:02:45.878209"}
{"op_code":5,"worker_id":"2e319063-b712-4af6-a80d-4df52ed593b7-140193173047104","trial_id":394,"param_name":"lr","param_value_internal":0.003780474057662285,"distribution":"{\"name\": \"FloatDistribution\", \"attributes\": {\"step\": null, \"low\": 0.0001, \"high\": 0.1, \"log\": true}}"}
{"op_code":5,"worker_id":"2e319063-b712-4af6-a80d-4df52ed593b7-140193173047104","trial_id":394,"param_name":"dropout","param_value_internal":0.30301651864865375,"distribution":"{\"name\": \"FloatDistribution\", \"attributes\": {\"step\": null, \"low\": 0.0, \"high\": 0.5, \"log\": false}}"}
{"op_code":5,"worker_id":"2e319063-b712-4af6-a80d-4df52ed593b7-140193173047104","trial_id":394,"param_name":"layers","param_value_internal":1,"distribution":"{\"name\": \"CategoricalDistribution\", \"attributes\": {\"choices\": [1, 2, 3]}}"}
{"op_code":5,"worker_id":"2e319063-b712-4af6-a80d-4df52ed593b7-140193173047104","trial_id":394,"param_name":"nodes","param_value_internal":0,"distribution":"{\"name\": \"CategoricalDistribution\", \"attributes\": {\"choices\": [16, 32, 64]}}"}
{"op_code":6,"worker_id":"2e319063-b712-4af6-a80d-4df52ed593b7-140193173047104","trial_id":394,"state":1,"values":[0.6565082101633622],"datetime_complete":"2026-03-21T10:02:48.219451"}
{"op_code":4,"worker_id":"2e319063-b712-4af6-a80d-4df52ed593b7-140193173047104","study_id":0,"datetime_start":"2026-03-21T10:02:48.557246"}
{"op_code":5,"worker_id":"2e319063-b712-4af6-a80d-4df52ed593b7-140193173047104","trial_id":395,"param_name":"lr","param_value_internal":0.004441566420424078,"distribution":"{\"name\": \"FloatDistribution\", \"attributes\": {\"step\": null, \"low\": 0.0001, \"high\": 0.1, \"log\": true}}"}
{"op_code":5,"worker_id":"2e319063-b712-4af6-a80d-4df52ed593b7-140193173047104","trial_id":395,"param_name":"dropout","param_value_internal":0.2901260072338975,"distribution":"{\"name\": \"FloatDistribution\", \"attributes\": {\"step\": null, \"low\": 0.0, \"high\": 0.5, \"log\": false}}"}
{"op_code":5,"worker_id":"2e319063-b712-4af6-a80d-4df52ed593b7-140193173047104","trial_id":395,"param_name":"layers","param_value_internal":1,"distribution":"{\"name\": \"CategoricalDistribution\", \"attributes\": {\"choices\": [1, 2, 3]}}"}
{"op_code":5,"worker_id":"2e319063-b712-4af6-a80d-4df52ed593b7-140193173047104","trial_id":395,"param_name":"nodes","param_value_internal":2,"distribution":"{\"name\": \"CategoricalDistribution\", \"attributes\": {\"choices\": [16, 32, 64]}}"}
{"op_code":6,"worker_id":"2e319063-b712-4af6-a80d-4df52ed593b7-140193173047104","trial_id":395,"state":1,"values":[0.6571704896663373],"datetime_complete":"2026-03-21T10:02:50.899648"}
{"op_code":4,"worker_id":"2e319063-b712-4af6-a80d-4df52ed593b7-140193173047104","study_id":0,"datetime_start":"2026-03-21T10:02:50.921175"}
{"op_code":5,"worker_id":"2e319063-b712-4af6-a80d-4df52ed593b7-140193173047104","trial_id":396,"param_name":"lr","param_value_internal":0.0012308842919409283,"distribution":"{\"name\": \"FloatDistribution\", \"attributes\": {\"step\": null, \"low\": 0.0001, \"high\": 0.1, \"log\": true}}"}
{"op_code":5,"worker_id":"2e319063-b712-4af6-a80d-4df52ed593b7-140193173047104","trial_id":396,"param_name":"dropout","param_value_internal":0.3099584527614381,"distribution":"{\"name\": \"FloatDistribution\", \"attributes\": {\"step\": null, \"low\": 0.0, \"high\": 0.5, \"log\": false}}"}
{"op_code":5,"worker_id":"2e319063-b712-4af6-a80d-4df52ed593b7-140193173047104","trial_id":396,"param_name":"layers","param_value_internal":1,"distribution":"{\"name\": \"CategoricalDistribution\", \"attributes\": {\"choices\": [1, 2, 3]}}"}
{"op_code":5,"worker_id":"2e319063-b712-4af6-a80d-4df52ed593b7-140193173047104","trial_id":396,"param_name":"nodes","param_value_internal":2,"distribution":"{\"name\": \"CategoricalDistribution\", \"attributes\": {\"choices\": [16, 32, 64]}}"}
{"op_code":6,"worker_id":"2e319063-b712-4af6-a80d-4df52ed593b7-140193173047104","trial_id":396,"state":1,"values":[0.6662111305005992],"datetime_complete":"2026-03-21T10:02:53.305273"}
{"op_code":4,"worker_id":"2e319063-b712-4af6-a80d-4df52ed593b7-140193173047104","study_id":0,"datetime_start":"2026-03-21T10:02:53.403600"}
{"op_code":5,"worker_id":"2e319063-b712-4af6-a80d-4df52ed593b7-140193173047104","trial_id":397,"param_name":"lr","param_value_internal":0.00037169695975705473,"distribution":"{\"name\": \"FloatDistribution\", \"attributes\": {\"step\": null, \"low\": 0.0001, \"high\": 0.1, \"log\": true}}"}
{"op_code":5,"worker_id":"2e319063-b712-4af6-a80d-4df52ed593b7-140193173047104","trial_id":397,"param_name":"dropout","param_value_internal":0.25680052069979387,"distribution":"{\"name\": \"FloatDistribution\", \"attributes\": {\"step\": null, \"low\": 0.0, \"high\": 0.5, \"log\": false}}"}
{"op_code":5,"worker_id":"2e319063-b712-4af6-a80d-4df52ed593b7-140193173047104","trial_id":397,"param_name":"layers","param_value_internal":1,"distribution":"{\"name\": \"CategoricalDistribution\", \"attributes\": {\"choices\": [1, 2, 3]}}"}
{"op_code":5,"worker_id":"2e319063-b712-4af6-a80d-4df52ed593b7-140193173047104","trial_id":397,"param_name":"nodes","param_value_internal":2,"distribution":"{\"name\": \"CategoricalDistribution\", \"attributes\": {\"choices\": [16, 32, 64]}}"}
{"op_code":6,"worker_id":"2e319063-b712-4af6-a80d-4df52ed593b7-140193173047104","trial_id":397,"state":1,"values":[0.6283455627273301],"datetime_complete":"2026-03-21T10:02:55.721357"}
{"op_code":4,"worker_id":"2e319063-b712-4af6-a80d-4df52ed593b7-140193173047104","study_id":0,"datetime_start":"2026-03-21T10:02:55.736840"}
{"op_code":5,"worker_id":"2e319063-b712-4af6-a80d-4df52ed593b7-140193173047104","trial_id":398,"param_name":"lr","param_value_internal":0.0001308424808291216,"distribution":"{\"name\": \"FloatDistribution\", \"attributes\": {\"step\": null, \"low\": 0.0001, \"high\": 0.1, \"log\": true}}"}
{"op_code":5,"worker_id":"2e319063-b712-4af6-a80d-4df52ed593b7-140193173047104","trial_id":398,"param_name":"dropout","param_value_internal":0.2794015161544089,"distribution":"{\"name\": \"FloatDistribution\", \"attributes\": {\"step\": null, \"low\": 0.0, \"high\": 0.5, \"log\": false}}"}
{"op_code":5,"worker_id":"2e319063-b712-4af6-a80d-4df52ed593b7-140193173047104","trial_id":398,"param_name":"layers","param_value_internal":1,"distribution":"{\"name\": \"CategoricalDistribution\", \"attributes\": {\"choices\": [1, 2, 3]}}"}
{"op_code":5,"worker_id":"2e319063-b712-4af6-a80d-4df52ed593b7-140193173047104","trial_id":398,"param_name":"nodes","param_value_internal":2,"distribution":"{\"name\": \"CategoricalDistribution\", \"attributes\": {\"choices\": [16, 32, 64]}}"}
{"op_code":6,"worker_id":"2e319063-b712-4af6-a80d-4df52ed593b7-140193173047104","trial_id":398,"state":1,"values":[0.6249816033471396],"datetime_complete":"2026-03-21T10:02:57.940662"}
{"op_code":4,"worker_id":"2e319063-b712-4af6-a80d-4df52ed593b7-140193173047104","study_id":0,"datetime_start":"2026-03-21T10:02:57.964814"}
{"op_code":5,"worker_id":"2e319063-b712-4af6-a80d-4df52ed593b7-140193173047104","trial_id":399,"param_name":"lr","param_value_internal":0.0031823427095409853,"distribution":"{\"name\": \"FloatDistribution\", \"attributes\": {\"step\": null, \"low\": 0.0001, \"high\": 0.1, \"log\": true}}"}
{"op_code":5,"worker_id":"2e319063-b712-4af6-a80d-4df52ed593b7-140193173047104","trial_id":399,"param_name":"dropout","param_value_internal":0.2969372669315061,"distribution":"{\"name\": \"FloatDistribution\", \"attributes\": {\"step\": null, \"low\": 0.0, \"high\": 0.5, \"log\": false}}"}
{"op_code":5,"worker_id":"2e319063-b712-4af6-a80d-4df52ed593b7-140193173047104","trial_id":399,"param_name":"layers","param_value_internal":1,"distribution":"{\"name\": \"CategoricalDistribution\", \"attributes\": {\"choices\": [1, 2, 3]}}"}
{"op_code":5,"worker_id":"2e319063-b712-4af6-a80d-4df52ed593b7-140193173047104","trial_id":399,"param_name":"nodes","param_value_internal":2,"distribution":"{\"name\": \"CategoricalDistribution\", \"attributes\": {\"choices\": [16, 32, 64]}}"}
{"op_code":6,"worker_id":"2e319063-b712-4af6-a80d-4df52ed593b7-140193173047104","trial_id":399,"state":1,"values":[0.6593570632634611],"datetime_complete":"2026-03-21T10:03:00.316116"}
{"op_code":0,"worker_id":"60fe2ced-15d0-4f38-8527-fe7ac7afdc1a-140193173047104","study_name":"deepsurv_tuning","directions":[2]}
{"op_code":4,"worker_id":"60fe2ced-15d0-4f38-8527-fe7ac7afdc1a-140193173047104","study_id":0,"datetime_start":"2026-03-21T10:18:09.230541"}
{"op_code":5,"worker_id":"60fe2ced-15d0-4f38-8527-fe7ac7afdc1a-140193173047104","trial_id":400,"param_name":"lr","param_value_internal":0.001517972131766469,"distribution":"{\"name\": \"FloatDistribution\", \"attributes\": {\"step\": null, \"low\": 0.0001, \"high\": 0.1, \"log\": true}}"}
{"op_code":5,"worker_id":"60fe2ced-15d0-4f38-8527-fe7ac7afdc1a-140193173047104","trial_id":400,"param_name":"dropout","param_value_internal":0.3177656797312283,"distribution":"{\"name\": \"FloatDistribution\", \"attributes\": {\"step\": null, \"low\": 0.0, \"high\": 0.5, \"log\": false}}"}
{"op_code":5,"worker_id":"60fe2ced-15d0-4f38-8527-fe7ac7afdc1a-140193173047104","trial_id":400,"param_name":"layers","param_value_internal":1,"distribution":"{\"name\": \"CategoricalDistribution\", \"attributes\": {\"choices\": [1, 2, 3]}}"}
{"op_code":5,"worker_id":"60fe2ced-15d0-4f38-8527-fe7ac7afdc1a-140193173047104","trial_id":400,"param_name":"nodes","param_value_internal":2,"distribution":"{\"name\": \"CategoricalDistribution\", \"attributes\": {\"choices\": [16, 32, 64]}}"}
{"op_code":6,"worker_id":"60fe2ced-15d0-4f38-8527-fe7ac7afdc1a-140193173047104","trial_id":400,"state":1,"values":[0.6779893972118595],"datetime_complete":"2026-03-21T10:18:11.651082"}
{"op_code":4,"worker_id":"60fe2ced-15d0-4f38-8527-fe7ac7afdc1a-140193173047104","study_id":0,"datetime_start":"2026-03-21T10:18:11.676733"}
{"op_code":5,"worker_id":"60fe2ced-15d0-4f38-8527-fe7ac7afdc1a-140193173047104","trial_id":401,"param_name":"lr","param_value_internal":0.028150300059906284,"distribution":"{\"name\": \"FloatDistribution\", \"attributes\": {\"step\": null, \"low\": 0.0001, \"high\": 0.1, \"log\": true}}"}
{"op_code":5,"worker_id":"60fe2ced-15d0-4f38-8527-fe7ac7afdc1a-140193173047104","trial_id":401,"param_name":"dropout","param_value_internal":0.32975972857336655,"distribution":"{\"name\": \"FloatDistribution\", \"attributes\": {\"step\": null, \"low\": 0.0, \"high\": 0.5, \"log\": false}}"}
{"op_code":5,"worker_id":"60fe2ced-15d0-4f38-8527-fe7ac7afdc1a-140193173047104","trial_id":401,"param_name":"layers","param_value_internal":1,"distribution":"{\"name\": \"CategoricalDistribution\", \"attributes\": {\"choices\": [1, 2, 3]}}"}
{"op_code":5,"worker_id":"60fe2ced-15d0-4f38-8527-fe7ac7afdc1a-140193173047104","trial_id":401,"param_name":"nodes","param_value_internal":2,"distribution":"{\"name\": \"CategoricalDistribution\", \"attributes\": {\"choices\": [16, 32, 64]}}"}
{"op_code":6,"worker_id":"60fe2ced-15d0-4f38-8527-fe7ac7afdc1a-140193173047104","trial_id":401,"state":1,"values":[0.7130047777995943],"datetime_complete":"2026-03-21T10:18:14.059748"}
{"op_code":4,"worker_id":"60fe2ced-15d0-4f38-8527-fe7ac7afdc1a-140193173047104","study_id":0,"datetime_start":"2026-03-21T10:18:14.078047"}
{"op_code":5,"worker_id":"60fe2ced-15d0-4f38-8527-fe7ac7afdc1a-140193173047104","trial_id":402,"param_name":"lr","param_value_internal":0.00520057309923675,"distribution":"{\"name\": \"FloatDistribution\", \"attributes\": {\"step\": null, \"low\": 0.0001, \"high\": 0.1, \"log\": true}}"}
{"op_code":5,"worker_id":"60fe2ced-15d0-4f38-8527-fe7ac7afdc1a-140193173047104","trial_id":402,"param_name":"dropout","param_value_internal":0.24278150680228675,"distribution":"{\"name\": \"FloatDistribution\", \"attributes\": {\"step\": null, \"low\": 0.0, \"high\": 0.5, \"log\": false}}"}
{"op_code":5,"worker_id":"60fe2ced-15d0-4f38-8527-fe7ac7afdc1a-140193173047104","trial_id":402,"param_name":"layers","param_value_internal":1,"distribution":"{\"name\": \"CategoricalDistribution\", \"attributes\": {\"choices\": [1, 2, 3]}}"}
{"op_code":5,"worker_id":"60fe2ced-15d0-4f38-8527-fe7ac7afdc1a-140193173047104","trial_id":402,"param_name":"nodes","param_value_internal":0,"distribution":"{\"name\": \"CategoricalDistribution\", \"attributes\": {\"choices\": [16, 32, 64]}}"}
{"op_code":6,"worker_id":"60fe2ced-15d0-4f38-8527-fe7ac7afdc1a-140193173047104","trial_id":402,"state":1,"values":[0.688963064773],"datetime_complete":"2026-03-21T10:18:16.386182"}
{"op_code":4,"worker_id":"60fe2ced-15d0-4f38-8527-fe7ac7afdc1a-140193173047104","study_id":0,"datetime_start":"2026-03-21T10:18:16.424070"}
{"op_code":5,"worker_id":"60fe2ced-15d0-4f38-8527-fe7ac7afdc1a-140193173047104","trial_id":403,"param_name":"lr","param_value_internal":0.0009693236000707863,"distribution":"{\"name\": \"FloatDistribution\", \"attributes\": {\"step\": null, \"low\": 0.0001, \"high\": 0.1, \"log\": true}}"}
{"op_code":5,"worker_id":"60fe2ced-15d0-4f38-8527-fe7ac7afdc1a-140193173047104","trial_id":403,"param_name":"dropout","param_value_internal":0.287234301114751,"distribution":"{\"name\": \"FloatDistribution\", \"attributes\": {\"step\": null, \"low\": 0.0, \"high\": 0.5, \"log\": false}}"}
{"op_code":5,"worker_id":"60fe2ced-15d0-4f38-8527-fe7ac7afdc1a-140193173047104","trial_id":403,"param_name":"layers","param_value_internal":1,"distribution":"{\"name\": \"CategoricalDistribution\", \"attributes\": {\"choices\": [1, 2, 3]}}"}
{"op_code":5,"worker_id":"60fe2ced-15d0-4f38-8527-fe7ac7afdc1a-140193173047104","trial_id":403,"param_name":"nodes","param_value_internal":2,"distribution":"{\"name\": \"CategoricalDistribution\", \"attributes\": {\"choices\": [16, 32, 64]}}"}
{"op_code":6,"worker_id":"60fe2ced-15d0-4f38-8527-fe7ac7afdc1a-140193173047104","trial_id":403,"state":1,"values":[0.6801710408621856],"datetime_complete":"2026-03-21T10:18:18.793260"}
{"op_code":4,"worker_id":"60fe2ced-15d0-4f38-8527-fe7ac7afdc1a-140193173047104","study_id":0,"datetime_start":"2026-03-21T10:18:18.814218"}
{"op_code":5,"worker_id":"60fe2ced-15d0-4f38-8527-fe7ac7afdc1a-140193173047104","trial_id":404,"param_name":"lr","param_value_internal":0.004048934086154406,"distribution":"{\"name\": \"FloatDistribution\", \"attributes\": {\"step\": null, \"low\": 0.0001, \"high\": 0.1, \"log\": true}}"}
{"op_code":5,"worker_id":"60fe2ced-15d0-4f38-8527-fe7ac7afdc1a-140193173047104","trial_id":404,"param_name":"dropout","param_value_internal":0.306771661484781,"distribution":"{\"name\": \"FloatDistribution\", \"attributes\": {\"step\": null, \"low\": 0.0, \"high\": 0.5, \"log\": false}}"}
{"op_code":5,"worker_id":"60fe2ced-15d0-4f38-8527-fe7ac7afdc1a-140193173047104","trial_id":404,"param_name":"layers","param_value_internal":1,"distribution":"{\"name\": \"CategoricalDistribution\", \"attributes\": {\"choices\": [1, 2, 3]}}"}
{"op_code":5,"worker_id":"60fe2ced-15d0-4f38-8527-fe7ac7afdc1a-140193173047104","trial_id":404,"param_name":"nodes","param_value_internal":2,"distribution":"{\"name\": \"CategoricalDistribution\", \"attributes\": {\"choices\": [16, 32, 64]}}"}
{"op_code":6,"worker_id":"60fe2ced-15d0-4f38-8527-fe7ac7afdc1a-140193173047104","trial_id":404,"state":1,"values":[0.685625149988001],"datetime_complete":"2026-03-21T10:18:21.158655"}
{"op_code":4,"worker_id":"60fe2ced-15d0-4f38-8527-fe7ac7afdc1a-140193173047104","study_id":0,"datetime_start":"2026-03-21T10:18:21.179791"}
{"op_code":5,"worker_id":"60fe2ced-15d0-4f38-8527-fe7ac7afdc1a-140193173047104","trial_id":405,"param_name":"lr","param_value_internal":0.007606210872725529,"distribution":"{\"name\": \"FloatDistribution\", \"attributes\": {\"step\": null, \"low\": 0.0001, \"high\": 0.1, \"log\": true}}"}
{"op_code":5,"worker_id":"60fe2ced-15d0-4f38-8527-fe7ac7afdc1a-140193173047104","trial_id":405,"param_name":"dropout","param_value_internal":0.2708738599938274,"distribution":"{\"name\": \"FloatDistribution\", \"attributes\": {\"step\": null, \"low\": 0.0, \"high\": 0.5, \"log\": false}}"}
{"op_code":5,"worker_id":"60fe2ced-15d0-4f38-8527-fe7ac7afdc1a-140193173047104","trial_id":405,"param_name":"layers","param_value_internal":1,"distribution":"{\"name\": \"CategoricalDistribution\", \"attributes\": {\"choices\": [1, 2, 3]}}"}
{"op_code":5,"worker_id":"60fe2ced-15d0-4f38-8527-fe7ac7afdc1a-140193173047104","trial_id":405,"param_name":"nodes","param_value_internal":2,"distribution":"{\"name\": \"CategoricalDistribution\", \"attributes\": {\"choices\": [16, 32, 64]}}"}
{"op_code":6,"worker_id":"60fe2ced-15d0-4f38-8527-fe7ac7afdc1a-140193173047104","trial_id":405,"state":1,"values":[0.6972751270807427],"datetime_complete":"2026-03-21T10:18:23.527757"}
{"op_code":4,"worker_id":"60fe2ced-15d0-4f38-8527-fe7ac7afdc1a-140193173047104","study_id":0,"datetime_start":"2026-03-21T10:18:23.564851"}
{"op_code":5,"worker_id":"60fe2ced-15d0-4f38-8527-fe7ac7afdc1a-140193173047104","trial_id":406,"param_name":"lr","param_value_internal":0.0030589682728963717,"distribution":"{\"name\": \"FloatDistribution\", \"attributes\": {\"step\": null, \"low\": 0.0001, \"high\": 0.1, \"log\": true}}"}
{"op_code":5,"worker_id":"60fe2ced-15d0-4f38-8527-fe7ac7afdc1a-140193173047104","trial_id":406,"param_name":"dropout","param_value_internal":0.2967280056180153,"distribution":"{\"name\": \"FloatDistribution\", \"attributes\": {\"step\": null, \"low\": 0.0, \"high\": 0.5, \"log\": false}}"}
{"op_code":5,"worker_id":"60fe2ced-15d0-4f38-8527-fe7ac7afdc1a-140193173047104","trial_id":406,"param_name":"layers","param_value_internal":1,"distribution":"{\"name\": \"CategoricalDistribution\", \"attributes\": {\"choices\": [1, 2, 3]}}"}
{"op_code":5,"worker_id":"60fe2ced-15d0-4f38-8527-fe7ac7afdc1a-140193173047104","trial_id":406,"param_name":"nodes","param_value_internal":2,"distribution":"{\"name\": \"CategoricalDistribution\", \"attributes\": {\"choices\": [16, 32, 64]}}"}
{"op_code":6,"worker_id":"60fe2ced-15d0-4f38-8527-fe7ac7afdc1a-140193173047104","trial_id":406,"state":1,"values":[0.7020638348932086],"datetime_complete":"2026-03-21T10:18:25.917432"}
{"op_code":4,"worker_id":"60fe2ced-15d0-4f38-8527-fe7ac7afdc1a-140193173047104","study_id":0,"datetime_start":"2026-03-21T10:18:25.933136"}
{"op_code":5,"worker_id":"60fe2ced-15d0-4f38-8527-fe7ac7afdc1a-140193173047104","trial_id":407,"param_name":"lr","param_value_internal":0.005662140752465634,"distribution":"{\"name\": \"FloatDistribution\", \"attributes\": {\"step\": null, \"low\": 0.0001, \"high\": 0.1, \"log\": true}}"}
{"op_code":5,"worker_id":"60fe2ced-15d0-4f38-8527-fe7ac7afdc1a-140193173047104","trial_id":407,"param_name":"dropout","param_value_internal":0.25841040304197443,"distribution":"{\"name\": \"FloatDistribution\", \"attributes\": {\"step\": null, \"low\": 0.0, \"high\": 0.5, \"log\": false}}"}
{"op_code":5,"worker_id":"60fe2ced-15d0-4f38-8527-fe7ac7afdc1a-140193173047104","trial_id":407,"param_name":"layers","param_value_internal":1,"distribution":"{\"name\": \"CategoricalDistribution\", \"attributes\": {\"choices\": [1, 2, 3]}}"}
{"op_code":5,"worker_id":"60fe2ced-15d0-4f38-8527-fe7ac7afdc1a-140193173047104","trial_id":407,"param_name":"nodes","param_value_internal":2,"distribution":"{\"name\": \"CategoricalDistribution\", \"attributes\": {\"choices\": [16, 32, 64]}}"}
{"op_code":6,"worker_id":"60fe2ced-15d0-4f38-8527-fe7ac7afdc1a-140193173047104","trial_id":407,"state":1,"values":[0.6609943931758187],"datetime_complete":"2026-03-21T10:18:28.314937"}
{"op_code":4,"worker_id":"60fe2ced-15d0-4f38-8527-fe7ac7afdc1a-140193173047104","study_id":0,"datetime_start":"2026-03-21T10:18:28.399941"}
{"op_code":5,"worker_id":"60fe2ced-15d0-4f38-8527-fe7ac7afdc1a-140193173047104","trial_id":408,"param_name":"lr","param_value_internal":0.003606298304647484,"distribution":"{\"name\": \"FloatDistribution\", \"attributes\": {\"step\": null, \"low\": 0.0001, \"high\": 0.1, \"log\": true}}"}
{"op_code":5,"worker_id":"60fe2ced-15d0-4f38-8527-fe7ac7afdc1a-140193173047104","trial_id":408,"param_name":"dropout","param_value_internal":0.28278207222659135,"distribution":"{\"name\": \"FloatDistribution\", \"attributes\": {\"step\": null, \"low\": 0.0, \"high\": 0.5, \"log\": false}}"}
{"op_code":5,"worker_id":"60fe2ced-15d0-4f38-8527-fe7ac7afdc1a-140193173047104","trial_id":408,"param_name":"layers","param_value_internal":1,"distribution":"{\"name\": \"CategoricalDistribution\", \"attributes\": {\"choices\": [1, 2, 3]}}"}
{"op_code":5,"worker_id":"60fe2ced-15d0-4f38-8527-fe7ac7afdc1a-140193173047104","trial_id":408,"param_name":"nodes","param_value_internal":2,"distribution":"{\"name\": \"CategoricalDistribution\", \"attributes\": {\"choices\": [16, 32, 64]}}"}
{"op_code":6,"worker_id":"60fe2ced-15d0-4f38-8527-fe7ac7afdc1a-140193173047104","trial_id":408,"state":1,"values":[0.678916595763248],"datetime_complete":"2026-03-21T10:18:30.796246"}
{"op_code":4,"worker_id":"60fe2ced-15d0-4f38-8527-fe7ac7afdc1a-140193173047104","study_id":0,"datetime_start":"2026-03-21T10:18:30.831507"}
{"op_code":5,"worker_id":"60fe2ced-15d0-4f38-8527-fe7ac7afdc1a-140193173047104","trial_id":409,"param_name":"lr","param_value_internal":0.0028129948653882035,"distribution":"{\"name\": \"FloatDistribution\", \"attributes\": {\"step\": null, \"low\": 0.0001, \"high\": 0.1, \"log\": true}}"}
{"op_code":5,"worker_id":"60fe2ced-15d0-4f38-8527-fe7ac7afdc1a-140193173047104","trial_id":409,"param_name":"dropout","param_value_internal":0.30612201094270186,"distribution":"{\"name\": \"FloatDistribution\", \"attributes\": {\"step\": null, \"low\": 0.0, \"high\": 0.5, \"log\": false}}"}
{"op_code":5,"worker_id":"60fe2ced-15d0-4f38-8527-fe7ac7afdc1a-140193173047104","trial_id":409,"param_name":"layers","param_value_internal":1,"distribution":"{\"name\": \"CategoricalDistribution\", \"attributes\": {\"choices\": [1, 2, 3]}}"}
{"op_code":5,"worker_id":"60fe2ced-15d0-4f38-8527-fe7ac7afdc1a-140193173047104","trial_id":409,"param_name":"nodes","param_value_internal":2,"distribution":"{\"name\": \"CategoricalDistribution\", \"attributes\": {\"choices\": [16, 32, 64]}}"}
{"op_code":6,"worker_id":"60fe2ced-15d0-4f38-8527-fe7ac7afdc1a-140193173047104","trial_id":409,"state":1,"values":[0.6951589327399262],"datetime_complete":"2026-03-21T10:18:33.154477"}
{"op_code":0,"worker_id":"4b7ddf15-3b98-4db1-872d-4f68174bd8eb-140193173047104","study_name":"deepsurv_tuning","directions":[2]}
{"op_code":4,"worker_id":"4b7ddf15-3b98-4db1-872d-4f68174bd8eb-140193173047104","study_id":0,"datetime_start":"2026-03-21T10:33:56.339313"}
{"op_code":5,"worker_id":"4b7ddf15-3b98-4db1-872d-4f68174bd8eb-140193173047104","trial_id":410,"param_name":"lr","param_value_internal":0.0011056381518726912,"distribution":"{\"name\": \"FloatDistribution\", \"attributes\": {\"step\": null, \"low\": 0.0001, \"high\": 0.1, \"log\": true}}"}
{"op_code":5,"worker_id":"4b7ddf15-3b98-4db1-872d-4f68174bd8eb-140193173047104","trial_id":410,"param_name":"dropout","param_value_internal":0.27563565357553693,"distribution":"{\"name\": \"FloatDistribution\", \"attributes\": {\"step\": null, \"low\": 0.0, \"high\": 0.5, \"log\": false}}"}
{"op_code":5,"worker_id":"4b7ddf15-3b98-4db1-872d-4f68174bd8eb-140193173047104","trial_id":410,"param_name":"layers","param_value_internal":1,"distribution":"{\"name\": \"CategoricalDistribution\", \"attributes\": {\"choices\": [1, 2, 3]}}"}
{"op_code":5,"worker_id":"4b7ddf15-3b98-4db1-872d-4f68174bd8eb-140193173047104","trial_id":410,"param_name":"nodes","param_value_internal":0,"distribution":"{\"name\": \"CategoricalDistribution\", \"attributes\": {\"choices\": [16, 32, 64]}}"}
{"op_code":6,"worker_id":"4b7ddf15-3b98-4db1-872d-4f68174bd8eb-140193173047104","trial_id":410,"state":1,"values":[0.660860933128779],"datetime_complete":"2026-03-21T10:33:58.693036"}
{"op_code":4,"worker_id":"4b7ddf15-3b98-4db1-872d-4f68174bd8eb-140193173047104","study_id":0,"datetime_start":"2026-03-21T10:33:58.728884"}
{"op_code":5,"worker_id":"4b7ddf15-3b98-4db1-872d-4f68174bd8eb-140193173047104","trial_id":411,"param_name":"lr","param_value_internal":0.004682164191935621,"distribution":"{\"name\": \"FloatDistribution\", \"attributes\": {\"step\": null, \"low\": 0.0001, \"high\": 0.1, \"log\": true}}"}
{"op_code":5,"worker_id":"4b7ddf15-3b98-4db1-872d-4f68174bd8eb-140193173047104","trial_id":411,"param_name":"dropout","param_value_internal":0.32170800817263245,"distribution":"{\"name\": \"FloatDistribution\", \"attributes\": {\"step\": null, \"low\": 0.0, \"high\": 0.5, \"log\": false}}"}
{"op_code":5,"worker_id":"4b7ddf15-3b98-4db1-872d-4f68174bd8eb-140193173047104","trial_id":411,"param_name":"layers","param_value_internal":1,"distribution":"{\"name\": \"CategoricalDistribution\", \"attributes\": {\"choices\": [1, 2, 3]}}"}
{"op_code":5,"worker_id":"4b7ddf15-3b98-4db1-872d-4f68174bd8eb-140193173047104","trial_id":411,"param_name":"nodes","param_value_internal":2,"distribution":"{\"name\": \"CategoricalDistribution\", \"attributes\": {\"choices\": [16, 32, 64]}}"}
{"op_code":6,"worker_id":"4b7ddf15-3b98-4db1-872d-4f68174bd8eb-140193173047104","trial_id":411,"state":1,"values":[0.6893105315404747],"datetime_complete":"2026-03-21T10:34:01.078247"}
{"op_code":4,"worker_id":"4b7ddf15-3b98-4db1-872d-4f68174bd8eb-140193173047104","study_id":0,"datetime_start":"2026-03-21T10:34:01.105612"}
{"op_code":5,"worker_id":"4b7ddf15-3b98-4db1-872d-4f68174bd8eb-140193173047104","trial_id":412,"param_name":"lr","param_value_internal":0.03452319328503301,"distribution":"{\"name\": \"FloatDistribution\", \"attributes\": {\"step\": null, \"low\": 0.0001, \"high\": 0.1, \"log\": true}}"}
{"op_code":5,"worker_id":"4b7ddf15-3b98-4db1-872d-4f68174bd8eb-140193173047104","trial_id":412,"param_name":"dropout","param_value_internal":0.29356101300356224,"distribution":"{\"name\": \"FloatDistribution\", \"attributes\": {\"step\": null, \"low\": 0.0, \"high\": 0.5, \"log\": false}}"}
{"op_code":5,"worker_id":"4b7ddf15-3b98-4db1-872d-4f68174bd8eb-140193173047104","trial_id":412,"param_name":"layers","param_value_internal":1,"distribution":"{\"name\": \"CategoricalDistribution\", \"attributes\": {\"choices\": [1, 2, 3]}}"}
{"op_code":5,"worker_id":"4b7ddf15-3b98-4db1-872d-4f68174bd8eb-140193173047104","trial_id":412,"param_name":"nodes","param_value_internal":2,"distribution":"{\"name\": \"CategoricalDistribution\", \"attributes\": {\"choices\": [16, 32, 64]}}"}
{"op_code":6,"worker_id":"4b7ddf15-3b98-4db1-872d-4f68174bd8eb-140193173047104","trial_id":412,"state":1,"values":[0.6870544174713473],"datetime_complete":"2026-03-21T10:34:03.494123"}
{"op_code":4,"worker_id":"4b7ddf15-3b98-4db1-872d-4f68174bd8eb-140193173047104","study_id":0,"datetime_start":"2026-03-21T10:34:03.516635"}
{"op_code":5,"worker_id":"4b7ddf15-3b98-4db1-872d-4f68174bd8eb-140193173047104","trial_id":413,"param_name":"lr","param_value_internal":0.04345752788147089,"distribution":"{\"name\": \"FloatDistribution\", \"attributes\": {\"step\": null, \"low\": 0.0001, \"high\": 0.1, \"log\": true}}"}
{"op_code":5,"worker_id":"4b7ddf15-3b98-4db1-872d-4f68174bd8eb-140193173047104","trial_id":413,"param_name":"dropout","param_value_internal":0.2998074836358894,"distribution":"{\"name\": \"FloatDistribution\", \"attributes\": {\"step\": null, \"low\": 0.0, \"high\": 0.5, \"log\": false}}"}
{"op_code":5,"worker_id":"4b7ddf15-3b98-4db1-872d-4f68174bd8eb-140193173047104","trial_id":413,"param_name":"layers","param_value_internal":1,"distribution":"{\"name\": \"CategoricalDistribution\", \"attributes\": {\"choices\": [1, 2, 3]}}"}
{"op_code":5,"worker_id":"4b7ddf15-3b98-4db1-872d-4f68174bd8eb-140193173047104","trial_id":413,"param_name":"nodes","param_value_internal":2,"distribution":"{\"name\": \"CategoricalDistribution\", \"attributes\": {\"choices\": [16, 32, 64]}}"}
{"op_code":6,"worker_id":"4b7ddf15-3b98-4db1-872d-4f68174bd8eb-140193173047104","trial_id":413,"state":1,"values":[0.7049905243209097],"datetime_complete":"2026-03-21T10:34:05.818106"}
{"op_code":4,"worker_id":"4b7ddf15-3b98-4db1-872d-4f68174bd8eb-140193173047104","study_id":0,"datetime_start":"2026-03-21T10:34:05.845493"}
{"op_code":5,"worker_id":"4b7ddf15-3b98-4db1-872d-4f68174bd8eb-140193173047104","trial_id":414,"param_name":"lr","param_value_internal":0.003316949673904949,"distribution":"{\"name\": \"FloatDistribution\", \"attributes\": {\"step\": null, \"low\": 0.0001, \"high\": 0.1, \"log\": true}}"}
{"op_code":5,"worker_id":"4b7ddf15-3b98-4db1-872d-4f68174bd8eb-140193173047104","trial_id":414,"param_name":"dropout","param_value_internal":0.43065986114578664,"distribution":"{\"name\": \"FloatDistribution\", \"attributes\": {\"step\": null, \"low\": 0.0, \"high\": 0.5, \"log\": false}}"}
{"op_code":5,"worker_id":"4b7ddf15-3b98-4db1-872d-4f68174bd8eb-140193173047104","trial_id":414,"param_name":"layers","param_value_internal":1,"distribution":"{\"name\": \"CategoricalDistribution\", \"attributes\": {\"choices\": [1, 2, 3]}}"}
{"op_code":5,"worker_id":"4b7ddf15-3b98-4db1-872d-4f68174bd8eb-140193173047104","trial_id":414,"param_name":"nodes","param_value_internal":1,"distribution":"{\"name\": \"CategoricalDistribution\", \"attributes\": {\"choices\": [16, 32, 64]}}"}
{"op_code":6,"worker_id":"4b7ddf15-3b98-4db1-872d-4f68174bd8eb-140193173047104","trial_id":414,"state":1,"values":[0.7084198177059832],"datetime_complete":"2026-03-21T10:34:08.195205"}
{"op_code":4,"worker_id":"4b7ddf15-3b98-4db1-872d-4f68174bd8eb-140193173047104","study_id":0,"datetime_start":"2026-03-21T10:34:08.227287"}
{"op_code":5,"worker_id":"4b7ddf15-3b98-4db1-872d-4f68174bd8eb-140193173047104","trial_id":415,"param_name":"lr","param_value_internal":0.0007893366687578458,"distribution":"{\"name\": \"FloatDistribution\", \"attributes\": {\"step\": null, \"low\": 0.0001, \"high\": 0.1, \"log\": true}}"}
{"op_code":5,"worker_id":"4b7ddf15-3b98-4db1-872d-4f68174bd8eb-140193173047104","trial_id":415,"param_name":"dropout","param_value_internal":0.33865617507169876,"distribution":"{\"name\": \"FloatDistribution\", \"attributes\": {\"step\": null, \"low\": 0.0, \"high\": 0.5, \"log\": false}}"}
{"op_code":5,"worker_id":"4b7ddf15-3b98-4db1-872d-4f68174bd8eb-140193173047104","trial_id":415,"param_name":"layers","param_value_internal":1,"distribution":"{\"name\": \"CategoricalDistribution\", \"attributes\": {\"choices\": [1, 2, 3]}}"}
{"op_code":5,"worker_id":"4b7ddf15-3b98-4db1-872d-4f68174bd8eb-140193173047104","trial_id":415,"param_name":"nodes","param_value_internal":2,"distribution":"{\"name\": \"CategoricalDistribution\", \"attributes\": {\"choices\": [16, 32, 64]}}"}
{"op_code":6,"worker_id":"4b7ddf15-3b98-4db1-872d-4f68174bd8eb-140193173047104","trial_id":415,"state":1,"values":[0.6809854706253948],"datetime_complete":"2026-03-21T10:34:10.572039"}
{"op_code":4,"worker_id":"4b7ddf15-3b98-4db1-872d-4f68174bd8eb-140193173047104","study_id":0,"datetime_start":"2026-03-21T10:34:10.608571"}
{"op_code":5,"worker_id":"4b7ddf15-3b98-4db1-872d-4f68174bd8eb-140193173047104","trial_id":416,"param_name":"lr","param_value_internal":0.006563061809243494,"distribution":"{\"name\": \"FloatDistribution\", \"attributes\": {\"step\": null, \"low\": 0.0001, \"high\": 0.1, \"log\": true}}"}
{"op_code":5,"worker_id":"4b7ddf15-3b98-4db1-872d-4f68174bd8eb-140193173047104","trial_id":416,"param_name":"dropout","param_value_internal":0.23223871168265076,"distribution":"{\"name\": \"FloatDistribution\", \"attributes\": {\"step\": null, \"low\": 0.0, \"high\": 0.5, \"log\": false}}"}
{"op_code":5,"worker_id":"4b7ddf15-3b98-4db1-872d-4f68174bd8eb-140193173047104","trial_id":416,"param_name":"layers","param_value_internal":0,"distribution":"{\"name\": \"CategoricalDistribution\", \"attributes\": {\"choices\": [1, 2, 3]}}"}
{"op_code":5,"worker_id":"4b7ddf15-3b98-4db1-872d-4f68174bd8eb-140193173047104","trial_id":416,"param_name":"nodes","param_value_internal":2,"distribution":"{\"name\": \"CategoricalDistribution\", \"attributes\": {\"choices\": [16, 32, 64]}}"}
{"op_code":6,"worker_id":"4b7ddf15-3b98-4db1-872d-4f68174bd8eb-140193173047104","trial_id":416,"state":1,"values":[0.6813915711578378],"datetime_complete":"2026-03-21T10:34:12.643969"}
{"op_code":4,"worker_id":"4b7ddf15-3b98-4db1-872d-4f68174bd8eb-140193173047104","study_id":0,"datetime_start":"2026-03-21T10:34:12.683634"}
{"op_code":5,"worker_id":"4b7ddf15-3b98-4db1-872d-4f68174bd8eb-140193173047104","trial_id":417,"param_name":"lr","param_value_internal":0.0017800024823870916,"distribution":"{\"name\": \"FloatDistribution\", \"attributes\": {\"step\": null, \"low\": 0.0001, \"high\": 0.1, \"log\": true}}"}
{"op_code":5,"worker_id":"4b7ddf15-3b98-4db1-872d-4f68174bd8eb-140193173047104","trial_id":417,"param_name":"dropout","param_value_internal":0.3101202009035132,"distribution":"{\"name\": \"FloatDistribution\", \"attributes\": {\"step\": null, \"low\": 0.0, \"high\": 0.5, \"log\": false}}"}
{"op_code":5,"worker_id":"4b7ddf15-3b98-4db1-872d-4f68174bd8eb-140193173047104","trial_id":417,"param_name":"layers","param_value_internal":1,"distribution":"{\"name\": \"CategoricalDistribution\", \"attributes\": {\"choices\": [1, 2, 3]}}"}
{"op_code":5,"worker_id":"4b7ddf15-3b98-4db1-872d-4f68174bd8eb-140193173047104","trial_id":417,"param_name":"nodes","param_value_internal":2,"distribution":"{\"name\": \"CategoricalDistribution\", \"attributes\": {\"choices\": [16, 32, 64]}}"}
{"op_code":6,"worker_id":"4b7ddf15-3b98-4db1-872d-4f68174bd8eb-140193173047104","trial_id":417,"state":1,"values":[0.6866031946575218],"datetime_complete":"2026-03-21T10:34:15.314100"}
{"op_code":4,"worker_id":"4b7ddf15-3b98-4db1-872d-4f68174bd8eb-140193173047104","study_id":0,"datetime_start":"2026-03-21T10:34:15.338516"}
{"op_code":5,"worker_id":"4b7ddf15-3b98-4db1-872d-4f68174bd8eb-140193173047104","trial_id":418,"param_name":"lr","param_value_internal":0.004268402183363279,"distribution":"{\"name\": \"FloatDistribution\", \"attributes\": {\"step\": null, \"low\": 0.0001, \"high\": 0.1, \"log\": true}}"}
{"op_code":5,"worker_id":"4b7ddf15-3b98-4db1-872d-4f68174bd8eb-140193173047104","trial_id":418,"param_name":"dropout","param_value_internal":0.2677946300378241,"distribution":"{\"name\": \"FloatDistribution\", \"attributes\": {\"step\": null, \"low\": 0.0, \"high\": 0.5, \"log\": false}}"}
{"op_code":5,"worker_id":"4b7ddf15-3b98-4db1-872d-4f68174bd8eb-140193173047104","trial_id":418,"param_name":"layers","param_value_internal":1,"distribution":"{\"name\": \"CategoricalDistribution\", \"attributes\": {\"choices\": [1, 2, 3]}}"}
{"op_code":5,"worker_id":"4b7ddf15-3b98-4db1-872d-4f68174bd8eb-140193173047104","trial_id":418,"param_name":"nodes","param_value_internal":2,"distribution":"{\"name\": \"CategoricalDistribution\", \"attributes\": {\"choices\": [16, 32, 64]}}"}
{"op_code":6,"worker_id":"4b7ddf15-3b98-4db1-872d-4f68174bd8eb-140193173047104","trial_id":418,"state":1,"values":[0.6969136359534338],"datetime_complete":"2026-03-21T10:34:17.652075"}
{"op_code":4,"worker_id":"4b7ddf15-3b98-4db1-872d-4f68174bd8eb-140193173047104","study_id":0,"datetime_start":"2026-03-21T10:34:17.674128"}
{"op_code":5,"worker_id":"4b7ddf15-3b98-4db1-872d-4f68174bd8eb-140193173047104","trial_id":419,"param_name":"lr","param_value_internal":0.0028582939929296487,"distribution":"{\"name\": \"FloatDistribution\", \"attributes\": {\"step\": null, \"low\": 0.0001, \"high\": 0.1, \"log\": true}}"}
{"op_code":5,"worker_id":"4b7ddf15-3b98-4db1-872d-4f68174bd8eb-140193173047104","trial_id":419,"param_name":"dropout","param_value_internal":0.2504986921602888,"distribution":"{\"name\": \"FloatDistribution\", \"attributes\": {\"step\": null, \"low\": 0.0, \"high\": 0.5, \"log\": false}}"}
{"op_code":5,"worker_id":"4b7ddf15-3b98-4db1-872d-4f68174bd8eb-140193173047104","trial_id":419,"param_name":"layers","param_value_internal":1,"distribution":"{\"name\": \"CategoricalDistribution\", \"attributes\": {\"choices\": [1, 2, 3]}}"}
{"op_code":5,"worker_id":"4b7ddf15-3b98-4db1-872d-4f68174bd8eb-140193173047104","trial_id":419,"param_name":"nodes","param_value_internal":2,"distribution":"{\"name\": \"CategoricalDistribution\", \"attributes\": {\"choices\": [16, 32, 64]}}"}
{"op_code":6,"worker_id":"4b7ddf15-3b98-4db1-872d-4f68174bd8eb-140193173047104","trial_id":419,"state":1,"values":[0.7107210540564931],"datetime_complete":"2026-03-21T10:34:20.037883"}
{"op_code":0,"worker_id":"f6393d43-51a0-4936-833d-f145e1c7d882-140193173047104","study_name":"deepsurv_tuning","directions":[2]}
{"op_code":4,"worker_id":"f6393d43-51a0-4936-833d-f145e1c7d882-140193173047104","study_id":0,"datetime_start":"2026-03-21T10:49:17.164814"}
{"op_code":5,"worker_id":"f6393d43-51a0-4936-833d-f145e1c7d882-140193173047104","trial_id":420,"param_name":"lr","param_value_internal":0.026254101110908735,"distribution":"{\"name\": \"FloatDistribution\", \"attributes\": {\"step\": null, \"low\": 0.0001, \"high\": 0.1, \"log\": true}}"}
{"op_code":5,"worker_id":"f6393d43-51a0-4936-833d-f145e1c7d882-140193173047104","trial_id":420,"param_name":"dropout","param_value_internal":0.28332150412354723,"distribution":"{\"name\": \"FloatDistribution\", \"attributes\": {\"step\": null, \"low\": 0.0, \"high\": 0.5, \"log\": false}}"}
{"op_code":5,"worker_id":"f6393d43-51a0-4936-833d-f145e1c7d882-140193173047104","trial_id":420,"param_name":"layers","param_value_internal":1,"distribution":"{\"name\": \"CategoricalDistribution\", \"attributes\": {\"choices\": [1, 2, 3]}}"}
{"op_code":5,"worker_id":"f6393d43-51a0-4936-833d-f145e1c7d882-140193173047104","trial_id":420,"param_name":"nodes","param_value_internal":0,"distribution":"{\"name\": \"CategoricalDistribution\", \"attributes\": {\"choices\": [16, 32, 64]}}"}
{"op_code":6,"worker_id":"f6393d43-51a0-4936-833d-f145e1c7d882-140193173047104","trial_id":420,"state":1,"values":[0.6672509494595384],"datetime_complete":"2026-03-21T10:49:19.503650"}
{"op_code":4,"worker_id":"f6393d43-51a0-4936-833d-f145e1c7d882-140193173047104","study_id":0,"datetime_start":"2026-03-21T10:49:19.526184"}
{"op_code":5,"worker_id":"f6393d43-51a0-4936-833d-f145e1c7d882-140193173047104","trial_id":421,"param_name":"lr","param_value_internal":0.008479980480605791,"distribution":"{\"name\": \"FloatDistribution\", \"attributes\": {\"step\": null, \"low\": 0.0001, \"high\": 0.1, \"log\": true}}"}
{"op_code":5,"worker_id":"f6393d43-51a0-4936-833d-f145e1c7d882-140193173047104","trial_id":421,"param_name":"dropout","param_value_internal":0.3179224793051511,"distribution":"{\"name\": \"FloatDistribution\", \"attributes\": {\"step\": null, \"low\": 0.0, \"high\": 0.5, \"log\": false}}"}
{"op_code":5,"worker_id":"f6393d43-51a0-4936-833d-f145e1c7d882-140193173047104","trial_id":421,"param_name":"layers","param_value_internal":1,"distribution":"{\"name\": \"CategoricalDistribution\", \"attributes\": {\"choices\": [1, 2, 3]}}"}
{"op_code":5,"worker_id":"f6393d43-51a0-4936-833d-f145e1c7d882-140193173047104","trial_id":421,"param_name":"nodes","param_value_internal":2,"distribution":"{\"name\": \"CategoricalDistribution\", \"attributes\": {\"choices\": [16, 32, 64]}}"}
{"op_code":6,"worker_id":"f6393d43-51a0-4936-833d-f145e1c7d882-140193173047104","trial_id":421,"state":1,"values":[0.6934393389257544],"datetime_complete":"2026-03-21T10:49:21.816108"}
{"op_code":4,"worker_id":"f6393d43-51a0-4936-833d-f145e1c7d882-140193173047104","study_id":0,"datetime_start":"2026-03-21T10:49:21.835548"}
{"op_code":5,"worker_id":"f6393d43-51a0-4936-833d-f145e1c7d882-140193173047104","trial_id":422,"param_name":"lr","param_value_internal":0.0009430624147766685,"distribution":"{\"name\": \"FloatDistribution\", \"attributes\": {\"step\": null, \"low\": 0.0001, \"high\": 0.1, \"log\": true}}"}
{"op_code":5,"worker_id":"f6393d43-51a0-4936-833d-f145e1c7d882-140193173047104","trial_id":422,"param_name":"dropout","param_value_internal":0.2914057735448644,"distribution":"{\"name\": \"FloatDistribution\", \"attributes\": {\"step\": null, \"low\": 0.0, \"high\": 0.5, \"log\": false}}"}
{"op_code":5,"worker_id":"f6393d43-51a0-4936-833d-f145e1c7d882-140193173047104","trial_id":422,"param_name":"layers","param_value_internal":0,"distribution":"{\"name\": \"CategoricalDistribution\", \"attributes\": {\"choices\": [1, 2, 3]}}"}
{"op_code":5,"worker_id":"f6393d43-51a0-4936-833d-f145e1c7d882-140193173047104","trial_id":422,"param_name":"nodes","param_value_internal":2,"distribution":"{\"name\": \"CategoricalDistribution\", \"attributes\": {\"choices\": [16, 32, 64]}}"}
{"op_code":6,"worker_id":"f6393d43-51a0-4936-833d-f145e1c7d882-140193173047104","trial_id":422,"state":1,"values":[0.6647260131046283],"datetime_complete":"2026-03-21T10:49:23.869191"}
{"op_code":4,"worker_id":"f6393d43-51a0-4936-833d-f145e1c7d882-140193173047104","study_id":0,"datetime_start":"2026-03-21T10:49:23.889224"}
{"op_code":5,"worker_id":"f6393d43-51a0-4936-833d-f145e1c7d882-140193173047104","trial_id":423,"param_name":"lr","param_value_internal":0.0014022230564200533,"distribution":"{\"name\": \"FloatDistribution\", \"attributes\": {\"step\": null, \"low\": 0.0001, \"high\": 0.1, \"log\": true}}"}
{"op_code":5,"worker_id":"f6393d43-51a0-4936-833d-f145e1c7d882-140193173047104","trial_id":423,"param_name":"dropout","param_value_internal":0.31048963761118503,"distribution":"{\"name\": \"FloatDistribution\", \"attributes\": {\"step\": null, \"low\": 0.0, \"high\": 0.5, \"log\": false}}"}
{"op_code":5,"worker_id":"f6393d43-51a0-4936-833d-f145e1c7d882-140193173047104","trial_id":423,"param_name":"layers","param_value_internal":1,"distribution":"{\"name\": \"CategoricalDistribution\", \"attributes\": {\"choices\": [1, 2, 3]}}"}
{"op_code":5,"worker_id":"f6393d43-51a0-4936-833d-f145e1c7d882-140193173047104","trial_id":423,"param_name":"nodes","param_value_internal":2,"distribution":"{\"name\": \"CategoricalDistribution\", \"attributes\": {\"choices\": [16, 32, 64]}}"}
{"op_code":6,"worker_id":"f6393d43-51a0-4936-833d-f145e1c7d882-140193173047104","trial_id":423,"state":1,"values":[0.6725094945953841],"datetime_complete":"2026-03-21T10:49:26.238837"}
{"op_code":4,"worker_id":"f6393d43-51a0-4936-833d-f145e1c7d882-140193173047104","study_id":0,"datetime_start":"2026-03-21T10:49:26.260976"}
{"op_code":5,"worker_id":"f6393d43-51a0-4936-833d-f145e1c7d882-140193173047104","trial_id":424,"param_name":"lr","param_value_internal":0.0035309633859458983,"distribution":"{\"name\": \"FloatDistribution\", \"attributes\": {\"step\": null, \"low\": 0.0001, \"high\": 0.1, \"log\": true}}"}
{"op_code":5,"worker_id":"f6393d43-51a0-4936-833d-f145e1c7d882-140193173047104","trial_id":424,"param_name":"dropout","param_value_internal":0.44370876535308335,"distribution":"{\"name\": \"FloatDistribution\", \"attributes\": {\"step\": null, \"low\": 0.0, \"high\": 0.5, \"log\": false}}"}
{"op_code":5,"worker_id":"f6393d43-51a0-4936-833d-f145e1c7d882-140193173047104","trial_id":424,"param_name":"layers","param_value_internal":1,"distribution":"{\"name\": \"CategoricalDistribution\", \"attributes\": {\"choices\": [1, 2, 3]}}"}
{"op_code":5,"worker_id":"f6393d43-51a0-4936-833d-f145e1c7d882-140193173047104","trial_id":424,"param_name":"nodes","param_value_internal":2,"distribution":"{\"name\": \"CategoricalDistribution\", \"attributes\": {\"choices\": [16, 32, 64]}}"}
{"op_code":6,"worker_id":"f6393d43-51a0-4936-833d-f145e1c7d882-140193173047104","trial_id":424,"state":1,"values":[0.6670005425483077],"datetime_complete":"2026-03-21T10:49:28.607496"}
{"op_code":4,"worker_id":"f6393d43-51a0-4936-833d-f145e1c7d882-140193173047104","study_id":0,"datetime_start":"2026-03-21T10:49:28.628731"}
{"op_code":5,"worker_id":"f6393d43-51a0-4936-833d-f145e1c7d882-140193173047104","trial_id":425,"param_name":"lr","param_value_internal":0.0006665615004435222,"distribution":"{\"name\": \"FloatDistribution\", \"attributes\": {\"step\": null, \"low\": 0.0001, \"high\": 0.1, \"log\": true}}"}
{"op_code":5,"worker_id":"f6393d43-51a0-4936-833d-f145e1c7d882-140193173047104","trial_id":425,"param_name":"dropout","param_value_internal":0.2605750262619444,"distribution":"{\"name\": \"FloatDistribution\", \"attributes\": {\"step\": null, \"low\": 0.0, \"high\": 0.5, \"log\": false}}"}
{"op_code":5,"worker_id":"f6393d43-51a0-4936-833d-f145e1c7d882-140193173047104","trial_id":425,"param_name":"layers","param_value_internal":1,"distribution":"{\"name\": \"CategoricalDistribution\", \"attributes\": {\"choices\": [1, 2, 3]}}"}
{"op_code":5,"worker_id":"f6393d43-51a0-4936-833d-f145e1c7d882-140193173047104","trial_id":425,"param_name":"nodes","param_value_internal":2,"distribution":"{\"name\": \"CategoricalDistribution\", \"attributes\": {\"choices\": [16, 32, 64]}}"}
{"op_code":6,"worker_id":"f6393d43-51a0-4936-833d-f145e1c7d882-140193173047104","trial_id":425,"state":1,"values":[0.6545219314719752],"datetime_complete":"2026-03-21T10:49:30.964056"}
{"op_code":4,"worker_id":"f6393d43-51a0-4936-833d-f145e1c7d882-140193173047104","study_id":0,"datetime_start":"2026-03-21T10:49:30.984108"}
{"op_code":5,"worker_id":"f6393d43-51a0-4936-833d-f145e1c7d882-140193173047104","trial_id":426,"param_name":"lr","param_value_internal":0.0025311171780730353,"distribution":"{\"name\": \"FloatDistribution\", \"attributes\": {\"step\": null, \"low\": 0.0001, \"high\": 0.1, \"log\": true}}"}
{"op_code":5,"worker_id":"f6393d43-51a0-4936-833d-f145e1c7d882-140193173047104","trial_id":426,"param_name":"dropout","param_value_internal":0.329117616757767,"distribution":"{\"name\": \"FloatDistribution\", \"attributes\": {\"step\": null, \"low\": 0.0, \"high\": 0.5, \"log\": false}}"}
{"op_code":5,"worker_id":"f6393d43-51a0-4936-833d-f145e1c7d882-140193173047104","trial_id":426,"param_name":"layers","param_value_internal":1,"distribution":"{\"name\": \"CategoricalDistribution\", \"attributes\": {\"choices\": [1, 2, 3]}}"}
{"op_code":5,"worker_id":"f6393d43-51a0-4936-833d-f145e1c7d882-140193173047104","trial_id":426,"param_name":"nodes","param_value_internal":2,"distribution":"{\"name\": \"CategoricalDistribution\", \"attributes\": {\"choices\": [16, 32, 64]}}"}
{"op_code":6,"worker_id":"f6393d43-51a0-4936-833d-f145e1c7d882-140193173047104","trial_id":426,"state":1,"values":[0.6551479487500522],"datetime_complete":"2026-03-21T10:49:33.333542"}
{"op_code":4,"worker_id":"f6393d43-51a0-4936-833d-f145e1c7d882-140193173047104","study_id":0,"datetime_start":"2026-03-21T10:49:33.354214"}
{"op_code":5,"worker_id":"f6393d43-51a0-4936-833d-f145e1c7d882-140193173047104","trial_id":427,"param_name":"lr","param_value_internal":0.004037275222008367,"distribution":"{\"name\": \"FloatDistribution\", \"attributes\": {\"step\": null, \"low\": 0.0001, \"high\": 0.1, \"log\": true}}"}
{"op_code":5,"worker_id":"f6393d43-51a0-4936-833d-f145e1c7d882-140193173047104","trial_id":427,"param_name":"dropout","param_value_internal":0.27613530897522287,"distribution":"{\"name\": \"FloatDistribution\", \"attributes\": {\"step\": null, \"low\": 0.0, \"high\": 0.5, \"log\": false}}"}
{"op_code":5,"worker_id":"f6393d43-51a0-4936-833d-f145e1c7d882-140193173047104","trial_id":427,"param_name":"layers","param_value_internal":0,"distribution":"{\"name\": \"CategoricalDistribution\", \"attributes\": {\"choices\": [1, 2, 3]}}"}
{"op_code":5,"worker_id":"f6393d43-51a0-4936-833d-f145e1c7d882-140193173047104","trial_id":427,"param_name":"nodes","param_value_internal":2,"distribution":"{\"name\": \"CategoricalDistribution\", \"attributes\": {\"choices\": [16, 32, 64]}}"}
{"op_code":6,"worker_id":"f6393d43-51a0-4936-833d-f145e1c7d882-140193173047104","trial_id":427,"state":1,"values":[0.6566712574600392],"datetime_complete":"2026-03-21T10:49:35.364876"}
{"op_code":4,"worker_id":"f6393d43-51a0-4936-833d-f145e1c7d882-140193173047104","study_id":0,"datetime_start":"2026-03-21T10:49:35.384576"}
{"op_code":5,"worker_id":"f6393d43-51a0-4936-833d-f145e1c7d882-140193173047104","trial_id":428,"param_name":"lr","param_value_internal":0.00594953687595827,"distribution":"{\"name\": \"FloatDistribution\", \"attributes\": {\"step\": null, \"low\": 0.0001, \"high\": 0.1, \"log\": true}}"}
{"op_code":5,"worker_id":"f6393d43-51a0-4936-833d-f145e1c7d882-140193173047104","trial_id":428,"param_name":"dropout","param_value_internal":0.29938610665454046,"distribution":"{\"name\": \"FloatDistribution\", \"attributes\": {\"step\": null, \"low\": 0.0, \"high\": 0.5, \"log\": false}}"}
{"op_code":5,"worker_id":"f6393d43-51a0-4936-833d-f145e1c7d882-140193173047104","trial_id":428,"param_name":"layers","param_value_internal":1,"distribution":"{\"name\": \"CategoricalDistribution\", \"attributes\": {\"choices\": [1, 2, 3]}}"}
{"op_code":5,"worker_id":"f6393d43-51a0-4936-833d-f145e1c7d882-140193173047104","trial_id":428,"param_name":"nodes","param_value_internal":0,"distribution":"{\"name\": \"CategoricalDistribution\", \"attributes\": {\"choices\": [16, 32, 64]}}"}
{"op_code":6,"worker_id":"f6393d43-51a0-4936-833d-f145e1c7d882-140193173047104","trial_id":428,"state":1,"values":[0.6674387546429614],"datetime_complete":"2026-03-21T10:49:37.677625"}
{"op_code":4,"worker_id":"f6393d43-51a0-4936-833d-f145e1c7d882-140193173047104","study_id":0,"datetime_start":"2026-03-21T10:49:37.699634"}
{"op_code":5,"worker_id":"f6393d43-51a0-4936-833d-f145e1c7d882-140193173047104","trial_id":429,"param_name":"lr","param_value_internal":0.0031168505531792646,"distribution":"{\"name\": \"FloatDistribution\", \"attributes\": {\"step\": null, \"low\": 0.0001, \"high\": 0.1, \"log\": true}}"}
{"op_code":5,"worker_id":"f6393d43-51a0-4936-833d-f145e1c7d882-140193173047104","trial_id":429,"param_name":"dropout","param_value_internal":0.2867456222377973,"distribution":"{\"name\": \"FloatDistribution\", \"attributes\": {\"step\": null, \"low\": 0.0, \"high\": 0.5, \"log\": false}}"}
{"op_code":5,"worker_id":"f6393d43-51a0-4936-833d-f145e1c7d882-140193173047104","trial_id":429,"param_name":"layers","param_value_internal":1,"distribution":"{\"name\": \"CategoricalDistribution\", \"attributes\": {\"choices\": [1, 2, 3]}}"}
{"op_code":5,"worker_id":"f6393d43-51a0-4936-833d-f145e1c7d882-140193173047104","trial_id":429,"param_name":"nodes","param_value_internal":2,"distribution":"{\"name\": \"CategoricalDistribution\", \"attributes\": {\"choices\": [16, 32, 64]}}"}
{"op_code":6,"worker_id":"f6393d43-51a0-4936-833d-f145e1c7d882-140193173047104","trial_id":429,"state":1,"values":[0.674617086098243],"datetime_complete":"2026-03-21T10:49:39.979207"}
{"op_code":0,"worker_id":"a42f32ee-361b-4a3d-965f-633c6492df17-140193173047104","study_name":"deepsurv_tuning","directions":[2]}
{"op_code":4,"worker_id":"a42f32ee-361b-4a3d-965f-633c6492df17-140193173047104","study_id":0,"datetime_start":"2026-03-21T11:04:50.889076"}
{"op_code":5,"worker_id":"a42f32ee-361b-4a3d-965f-633c6492df17-140193173047104","trial_id":430,"param_name":"lr","param_value_internal":0.0012166578264045814,"distribution":"{\"name\": \"FloatDistribution\", \"attributes\": {\"step\": null, \"low\": 0.0001, \"high\": 0.1, \"log\": true}}"}
{"op_code":5,"worker_id":"a42f32ee-361b-4a3d-965f-633c6492df17-140193173047104","trial_id":430,"param_name":"dropout","param_value_internal":0.3448049454993311,"distribution":"{\"name\": \"FloatDistribution\", \"attributes\": {\"step\": null, \"low\": 0.0, \"high\": 0.5, \"log\": false}}"}
{"op_code":5,"worker_id":"a42f32ee-361b-4a3d-965f-633c6492df17-140193173047104","trial_id":430,"param_name":"layers","param_value_internal":1,"distribution":"{\"name\": \"CategoricalDistribution\", \"attributes\": {\"choices\": [1, 2, 3]}}"}
{"op_code":5,"worker_id":"a42f32ee-361b-4a3d-965f-633c6492df17-140193173047104","trial_id":430,"param_name":"nodes","param_value_internal":2,"distribution":"{\"name\": \"CategoricalDistribution\", \"attributes\": {\"choices\": [16, 32, 64]}}"}
{"op_code":6,"worker_id":"a42f32ee-361b-4a3d-965f-633c6492df17-140193173047104","trial_id":430,"state":1,"values":[0.2985862104292593],"datetime_complete":"2026-03-21T11:04:53.220980"}
{"op_code":4,"worker_id":"a42f32ee-361b-4a3d-965f-633c6492df17-140193173047104","study_id":0,"datetime_start":"2026-03-21T11:04:53.236421"}
{"op_code":5,"worker_id":"a42f32ee-361b-4a3d-965f-633c6492df17-140193173047104","trial_id":431,"param_name":"lr","param_value_internal":0.00537951995797179,"distribution":"{\"name\": \"FloatDistribution\", \"attributes\": {\"step\": null, \"low\": 0.0001, \"high\": 0.1, \"log\": true}}"}
{"op_code":5,"worker_id":"a42f32ee-361b-4a3d-965f-633c6492df17-140193173047104","trial_id":431,"param_name":"dropout","param_value_internal":0.08932851850457471,"distribution":"{\"name\": \"FloatDistribution\", \"attributes\": {\"step\": null, \"low\": 0.0, \"high\": 0.5, \"log\": false}}"}
{"op_code":5,"worker_id":"a42f32ee-361b-4a3d-965f-633c6492df17-140193173047104","trial_id":431,"param_name":"layers","param_value_internal":1,"distribution":"{\"name\": \"CategoricalDistribution\", \"attributes\": {\"choices\": [1, 2, 3]}}"}
{"op_code":5,"worker_id":"a42f32ee-361b-4a3d-965f-633c6492df17-140193173047104","trial_id":431,"param_name":"nodes","param_value_internal":2,"distribution":"{\"name\": \"CategoricalDistribution\", \"attributes\": {\"choices\": [16, 32, 64]}}"}
{"op_code":6,"worker_id":"a42f32ee-361b-4a3d-965f-633c6492df17-140193173047104","trial_id":431,"state":1,"values":[0.3812109415018953],"datetime_complete":"2026-03-21T11:04:55.524668"}
{"op_code":4,"worker_id":"a42f32ee-361b-4a3d-965f-633c6492df17-140193173047104","study_id":0,"datetime_start":"2026-03-21T11:04:55.546407"}
{"op_code":5,"worker_id":"a42f32ee-361b-4a3d-965f-633c6492df17-140193173047104","trial_id":432,"param_name":"lr","param_value_internal":0.0021594970271094824,"distribution":"{\"name\": \"FloatDistribution\", \"attributes\": {\"step\": null, \"low\": 0.0001, \"high\": 0.1, \"log\": true}}"}
{"op_code":5,"worker_id":"a42f32ee-361b-4a3d-965f-633c6492df17-140193173047104","trial_id":432,"param_name":"dropout","param_value_internal":0.36995352426849454,"distribution":"{\"name\": \"FloatDistribution\", \"attributes\": {\"step\": null, \"low\": 0.0, \"high\": 0.5, \"log\": false}}"}
{"op_code":5,"worker_id":"a42f32ee-361b-4a3d-965f-633c6492df17-140193173047104","trial_id":432,"param_name":"layers","param_value_internal":1,"distribution":"{\"name\": \"CategoricalDistribution\", \"attributes\": {\"choices\": [1, 2, 3]}}"}
{"op_code":5,"worker_id":"a42f32ee-361b-4a3d-965f-633c6492df17-140193173047104","trial_id":432,"param_name":"nodes","param_value_internal":2,"distribution":"{\"name\": \"CategoricalDistribution\", \"attributes\": {\"choices\": [16, 32, 64]}}"}
{"op_code":6,"worker_id":"a42f32ee-361b-4a3d-965f-633c6492df17-140193173047104","trial_id":432,"state":1,"values":[0.3403339821739576],"datetime_complete":"2026-03-21T11:04:57.866743"}
{"op_code":4,"worker_id":"a42f32ee-361b-4a3d-965f-633c6492df17-140193173047104","study_id":0,"datetime_start":"2026-03-21T11:04:57.881631"}
{"op_code":5,"worker_id":"a42f32ee-361b-4a3d-965f-633c6492df17-140193173047104","trial_id":433,"param_name":"lr","param_value_internal":0.0027416854013894453,"distribution":"{\"name\": \"FloatDistribution\", \"attributes\": {\"step\": null, \"low\": 0.0001, \"high\": 0.1, \"log\": true}}"}
{"op_code":5,"worker_id":"a42f32ee-361b-4a3d-965f-633c6492df17-140193173047104","trial_id":433,"param_name":"dropout","param_value_internal":0.4574605838231828,"distribution":"{\"name\": \"FloatDistribution\", \"attributes\": {\"step\": null, \"low\": 0.0, \"high\": 0.5, \"log\": false}}"}
{"op_code":5,"worker_id":"a42f32ee-361b-4a3d-965f-633c6492df17-140193173047104","trial_id":433,"param_name":"layers","param_value_internal":0,"distribution":"{\"name\": \"CategoricalDistribution\", \"attributes\": {\"choices\": [1, 2, 3]}}"}
{"op_code":5,"worker_id":"a42f32ee-361b-4a3d-965f-633c6492df17-140193173047104","trial_id":433,"param_name":"nodes","param_value_internal":2,"distribution":"{\"name\": \"CategoricalDistribution\", \"attributes\": {\"choices\": [16, 32, 64]}}"}
{"op_code":6,"worker_id":"a42f32ee-361b-4a3d-965f-633c6492df17-140193173047104","trial_id":433,"state":1,"values":[0.36809753099067716],"datetime_complete":"2026-03-21T11:04:59.842235"}
{"op_code":4,"worker_id":"a42f32ee-361b-4a3d-965f-633c6492df17-140193173047104","study_id":0,"datetime_start":"2026-03-21T11:04:59.867126"}
{"op_code":5,"worker_id":"a42f32ee-361b-4a3d-965f-633c6492df17-140193173047104","trial_id":434,"param_name":"lr","param_value_internal":0.0010289851745756955,"distribution":"{\"name\": \"FloatDistribution\", \"attributes\": {\"step\": null, \"low\": 0.0001, \"high\": 0.1, \"log\": true}}"}
{"op_code":5,"worker_id":"a42f32ee-361b-4a3d-965f-633c6492df17-140193173047104","trial_id":434,"param_name":"dropout","param_value_internal":0.4221404082961325,"distribution":"{\"name\": \"FloatDistribution\", \"attributes\": {\"step\": null, \"low\": 0.0, \"high\": 0.5, \"log\": false}}"}
{"op_code":5,"worker_id":"a42f32ee-361b-4a3d-965f-633c6492df17-140193173047104","trial_id":434,"param_name":"layers","param_value_internal":1,"distribution":"{\"name\": \"CategoricalDistribution\", \"attributes\": {\"choices\": [1, 2, 3]}}"}
{"op_code":5,"worker_id":"a42f32ee-361b-4a3d-965f-633c6492df17-140193173047104","trial_id":434,"param_name":"nodes","param_value_internal":2,"distribution":"{\"name\": \"CategoricalDistribution\", \"attributes\": {\"choices\": [16, 32, 64]}}"}
{"op_code":6,"worker_id":"a42f32ee-361b-4a3d-965f-633c6492df17-140193173047104","trial_id":434,"state":1,"values":[0.36000409794078475],"datetime_complete":"2026-03-21T11:05:02.200753"}
{"op_code":4,"worker_id":"a42f32ee-361b-4a3d-965f-633c6492df17-140193173047104","study_id":0,"datetime_start":"2026-03-21T11:05:02.218519"}
{"op_code":5,"worker_id":"a42f32ee-361b-4a3d-965f-633c6492df17-140193173047104","trial_id":435,"param_name":"lr","param_value_internal":0.011793188005810935,"distribution":"{\"name\": \"FloatDistribution\", \"attributes\": {\"step\": null, \"low\": 0.0001, \"high\": 0.1, \"log\": true}}"}
{"op_code":5,"worker_id":"a42f32ee-361b-4a3d-965f-633c6492df17-140193173047104","trial_id":435,"param_name":"dropout","param_value_internal":0.31468577143952653,"distribution":"{\"name\": \"FloatDistribution\", \"attributes\": {\"step\": null, \"low\": 0.0, \"high\": 0.5, \"log\": false}}"}
{"op_code":5,"worker_id":"a42f32ee-361b-4a3d-965f-633c6492df17-140193173047104","trial_id":435,"param_name":"layers","param_value_internal":1,"distribution":"{\"name\": \"CategoricalDistribution\", \"attributes\": {\"choices\": [1, 2, 3]}}"}
{"op_code":5,"worker_id":"a42f32ee-361b-4a3d-965f-633c6492df17-140193173047104","trial_id":435,"param_name":"nodes","param_value_internal":1,"distribution":"{\"name\": \"CategoricalDistribution\", \"attributes\": {\"choices\": [16, 32, 64]}}"}
{"op_code":6,"worker_id":"a42f32ee-361b-4a3d-965f-633c6492df17-140193173047104","trial_id":435,"state":1,"values":[0.3596967523819281],"datetime_complete":"2026-03-21T11:05:04.500553"}
{"op_code":4,"worker_id":"a42f32ee-361b-4a3d-965f-633c6492df17-140193173047104","study_id":0,"datetime_start":"2026-03-21T11:05:04.528024"}
{"op_code":5,"worker_id":"a42f32ee-361b-4a3d-965f-633c6492df17-140193173047104","trial_id":436,"param_name":"lr","param_value_internal":0.0036818239360979794,"distribution":"{\"name\": \"FloatDistribution\", \"attributes\": {\"step\": null, \"low\": 0.0001, \"high\": 0.1, \"log\": true}}"}
{"op_code":5,"worker_id":"a42f32ee-361b-4a3d-965f-633c6492df17-140193173047104","trial_id":436,"param_name":"dropout","param_value_internal":0.30101241463778033,"distribution":"{\"name\": \"FloatDistribution\", \"attributes\": {\"step\": null, \"low\": 0.0, \"high\": 0.5, \"log\": false}}"}
{"op_code":5,"worker_id":"a42f32ee-361b-4a3d-965f-633c6492df17-140193173047104","trial_id":436,"param_name":"layers","param_value_internal":2,"distribution":"{\"name\": \"CategoricalDistribution\", \"attributes\": {\"choices\": [1, 2, 3]}}"}
{"op_code":5,"worker_id":"a42f32ee-361b-4a3d-965f-633c6492df17-140193173047104","trial_id":436,"param_name":"nodes","param_value_internal":2,"distribution":"{\"name\": \"CategoricalDistribution\", \"attributes\": {\"choices\": [16, 32, 64]}}"}
{"op_code":6,"worker_id":"a42f32ee-361b-4a3d-965f-633c6492df17-140193173047104","trial_id":436,"state":1,"values":[0.38551377932588876],"datetime_complete":"2026-03-21T11:05:07.101267"}
{"op_code":4,"worker_id":"a42f32ee-361b-4a3d-965f-633c6492df17-140193173047104","study_id":0,"datetime_start":"2026-03-21T11:05:07.124821"}
{"op_code":5,"worker_id":"a42f32ee-361b-4a3d-965f-633c6492df17-140193173047104","trial_id":437,"param_name":"lr","param_value_internal":0.01776794132169901,"distribution":"{\"name\": \"FloatDistribution\", \"attributes\": {\"step\": null, \"low\": 0.0001, \"high\": 0.1, \"log\": true}}"}
{"op_code":5,"worker_id":"a42f32ee-361b-4a3d-965f-633c6492df17-140193173047104","trial_id":437,"param_name":"dropout","param_value_internal":0.4081668216133081,"distribution":"{\"name\": \"FloatDistribution\", \"attributes\": {\"step\": null, \"low\": 0.0, \"high\": 0.5, \"log\": false}}"}
{"op_code":5,"worker_id":"a42f32ee-361b-4a3d-965f-633c6492df17-140193173047104","trial_id":437,"param_name":"layers","param_value_internal":1,"distribution":"{\"name\": \"CategoricalDistribution\", \"attributes\": {\"choices\": [1, 2, 3]}}"}
{"op_code":5,"worker_id":"a42f32ee-361b-4a3d-965f-633c6492df17-140193173047104","trial_id":437,"param_name":"nodes","param_value_internal":0,"distribution":"{\"name\": \"CategoricalDistribution\", \"attributes\": {\"choices\": [16, 32, 64]}}"}
{"op_code":6,"worker_id":"a42f32ee-361b-4a3d-965f-633c6492df17-140193173047104","trial_id":437,"state":1,"values":[0.37537137588361846],"datetime_complete":"2026-03-21T11:05:09.437743"}
{"op_code":4,"worker_id":"a42f32ee-361b-4a3d-965f-633c6492df17-140193173047104","study_id":0,"datetime_start":"2026-03-21T11:05:09.465931"}
{"op_code":5,"worker_id":"a42f32ee-361b-4a3d-965f-633c6492df17-140193173047104","trial_id":438,"param_name":"lr","param_value_internal":0.0073276882468033214,"distribution":"{\"name\": \"FloatDistribution\", \"attributes\": {\"step\": null, \"low\": 0.0001, \"high\": 0.1, \"log\": true}}"}
{"op_code":5,"worker_id":"a42f32ee-361b-4a3d-965f-633c6492df17-140193173047104","trial_id":438,"param_name":"dropout","param_value_internal":0.2633709672767465,"distribution":"{\"name\": \"FloatDistribution\", \"attributes\": {\"step\": null, \"low\": 0.0, \"high\": 0.5, \"log\": false}}"}
{"op_code":5,"worker_id":"a42f32ee-361b-4a3d-965f-633c6492df17-140193173047104","trial_id":438,"param_name":"layers","param_value_internal":1,"distribution":"{\"name\": \"CategoricalDistribution\", \"attributes\": {\"choices\": [1, 2, 3]}}"}
{"op_code":5,"worker_id":"a42f32ee-361b-4a3d-965f-633c6492df17-140193173047104","trial_id":438,"param_name":"nodes","param_value_internal":2,"distribution":"{\"name\": \"CategoricalDistribution\", \"attributes\": {\"choices\": [16, 32, 64]}}"}
{"op_code":6,"worker_id":"a42f32ee-361b-4a3d-965f-633c6492df17-140193173047104","trial_id":438,"state":1,"values":[0.39032885974797665],"datetime_complete":"2026-03-21T11:05:11.707428"}
{"op_code":4,"worker_id":"a42f32ee-361b-4a3d-965f-633c6492df17-140193173047104","study_id":0,"datetime_start":"2026-03-21T11:05:11.728329"}
{"op_code":5,"worker_id":"a42f32ee-361b-4a3d-965f-633c6492df17-140193173047104","trial_id":439,"param_name":"lr","param_value_internal":0.001611137096392148,"distribution":"{\"name\": \"FloatDistribution\", \"attributes\": {\"step\": null, \"low\": 0.0001, \"high\": 0.1, \"log\": true}}"}
{"op_code":5,"worker_id":"a42f32ee-361b-4a3d-965f-633c6492df17-140193173047104","trial_id":439,"param_name":"dropout","param_value_internal":0.03143657657023824,"distribution":"{\"name\": \"FloatDistribution\", \"attributes\": {\"step\": null, \"low\": 0.0, \"high\": 0.5, \"log\": false}}"}
{"op_code":5,"worker_id":"a42f32ee-361b-4a3d-965f-633c6492df17-140193173047104","trial_id":439,"param_name":"layers","param_value_internal":0,"distribution":"{\"name\": \"CategoricalDistribution\", \"attributes\": {\"choices\": [1, 2, 3]}}"}
{"op_code":5,"worker_id":"a42f32ee-361b-4a3d-965f-633c6492df17-140193173047104","trial_id":439,"param_name":"nodes","param_value_internal":2,"distribution":"{\"name\": \"CategoricalDistribution\", \"attributes\": {\"choices\": [16, 32, 64]}}"}
{"op_code":6,"worker_id":"a42f32ee-361b-4a3d-965f-633c6492df17-140193173047104","trial_id":439,"state":1,"values":[0.3620530683331626],"datetime_complete":"2026-03-21T11:05:13.760797"}
{"op_code":0,"worker_id":"896e9484-2bbd-4a76-b8c7-1857ebe32899-140193173047104","study_name":"deepsurv_tuning","directions":[2]}
{"op_code":4,"worker_id":"896e9484-2bbd-4a76-b8c7-1857ebe32899-140193173047104","study_id":0,"datetime_start":"2026-03-21T11:20:47.536494"}
{"op_code":5,"worker_id":"896e9484-2bbd-4a76-b8c7-1857ebe32899-140193173047104","trial_id":440,"param_name":"lr","param_value_internal":0.004758259343797553,"distribution":"{\"name\": \"FloatDistribution\", \"attributes\": {\"step\": null, \"low\": 0.0001, \"high\": 0.1, \"log\": true}}"}
{"op_code":5,"worker_id":"896e9484-2bbd-4a76-b8c7-1857ebe32899-140193173047104","trial_id":440,"param_name":"dropout","param_value_internal":0.278915048637743,"distribution":"{\"name\": \"FloatDistribution\", \"attributes\": {\"step\": null, \"low\": 0.0, \"high\": 0.5, \"log\": false}}"}
{"op_code":5,"worker_id":"896e9484-2bbd-4a76-b8c7-1857ebe32899-140193173047104","trial_id":440,"param_name":"layers","param_value_internal":1,"distribution":"{\"name\": \"CategoricalDistribution\", \"attributes\": {\"choices\": [1, 2, 3]}}"}
{"op_code":5,"worker_id":"896e9484-2bbd-4a76-b8c7-1857ebe32899-140193173047104","trial_id":440,"param_name":"nodes","param_value_internal":2,"distribution":"{\"name\": \"CategoricalDistribution\", \"attributes\": {\"choices\": [16, 32, 64]}}"}
{"op_code":6,"worker_id":"896e9484-2bbd-4a76-b8c7-1857ebe32899-140193173047104","trial_id":440,"state":1,"values":[0.4628409090909091],"datetime_complete":"2026-03-21T11:20:49.902740"}
{"op_code":4,"worker_id":"896e9484-2bbd-4a76-b8c7-1857ebe32899-140193173047104","study_id":0,"datetime_start":"2026-03-21T11:20:49.923111"}
{"op_code":5,"worker_id":"896e9484-2bbd-4a76-b8c7-1857ebe32899-140193173047104","trial_id":441,"param_name":"lr","param_value_internal":0.003290459372718753,"distribution":"{\"name\": \"FloatDistribution\", \"attributes\": {\"step\": null, \"low\": 0.0001, \"high\": 0.1, \"log\": true}}"}
{"op_code":5,"worker_id":"896e9484-2bbd-4a76-b8c7-1857ebe32899-140193173047104","trial_id":441,"param_name":"dropout","param_value_internal":0.32630446661605783,"distribution":"{\"name\": \"FloatDistribution\", \"attributes\": {\"step\": null, \"low\": 0.0, \"high\": 0.5, \"log\": false}}"}
{"op_code":5,"worker_id":"896e9484-2bbd-4a76-b8c7-1857ebe32899-140193173047104","trial_id":441,"param_name":"layers","param_value_internal":1,"distribution":"{\"name\": \"CategoricalDistribution\", \"attributes\": {\"choices\": [1, 2, 3]}}"}
{"op_code":5,"worker_id":"896e9484-2bbd-4a76-b8c7-1857ebe32899-140193173047104","trial_id":441,"param_name":"nodes","param_value_internal":2,"distribution":"{\"name\": \"CategoricalDistribution\", \"attributes\": {\"choices\": [16, 32, 64]}}"}
{"op_code":6,"worker_id":"896e9484-2bbd-4a76-b8c7-1857ebe32899-140193173047104","trial_id":441,"state":1,"values":[0.4905681818181818],"datetime_complete":"2026-03-21T11:20:52.176367"}
{"op_code":4,"worker_id":"896e9484-2bbd-4a76-b8c7-1857ebe32899-140193173047104","study_id":0,"datetime_start":"2026-03-21T11:20:52.202688"}
{"op_code":5,"worker_id":"896e9484-2bbd-4a76-b8c7-1857ebe32899-140193173047104","trial_id":442,"param_name":"lr","param_value_internal":0.002296835343742912,"distribution":"{\"name\": \"FloatDistribution\", \"attributes\": {\"step\": null, \"low\": 0.0001, \"high\": 0.1, \"log\": true}}"}
{"op_code":5,"worker_id":"896e9484-2bbd-4a76-b8c7-1857ebe32899-140193173047104","trial_id":442,"param_name":"dropout","param_value_internal":0.3540328050947535,"distribution":"{\"name\": \"FloatDistribution\", \"attributes\": {\"step\": null, \"low\": 0.0, \"high\": 0.5, \"log\": false}}"}
{"op_code":5,"worker_id":"896e9484-2bbd-4a76-b8c7-1857ebe32899-140193173047104","trial_id":442,"param_name":"layers","param_value_internal":2,"distribution":"{\"name\": \"CategoricalDistribution\", \"attributes\": {\"choices\": [1, 2, 3]}}"}
{"op_code":5,"worker_id":"896e9484-2bbd-4a76-b8c7-1857ebe32899-140193173047104","trial_id":442,"param_name":"nodes","param_value_internal":2,"distribution":"{\"name\": \"CategoricalDistribution\", \"attributes\": {\"choices\": [16, 32, 64]}}"}
{"op_code":6,"worker_id":"896e9484-2bbd-4a76-b8c7-1857ebe32899-140193173047104","trial_id":442,"state":1,"values":[0.48147727272727275],"datetime_complete":"2026-03-21T11:20:54.867838"}
{"op_code":4,"worker_id":"896e9484-2bbd-4a76-b8c7-1857ebe32899-140193173047104","study_id":0,"datetime_start":"2026-03-21T11:20:54.889205"}
{"op_code":5,"worker_id":"896e9484-2bbd-4a76-b8c7-1857ebe32899-140193173047104","trial_id":443,"param_name":"lr","param_value_internal":0.0008775247311553189,"distribution":"{\"name\": \"FloatDistribution\", \"attributes\": {\"step\": null, \"low\": 0.0001, \"high\": 0.1, \"log\": true}}"}
{"op_code":5,"worker_id":"896e9484-2bbd-4a76-b8c7-1857ebe32899-140193173047104","trial_id":443,"param_name":"dropout","param_value_internal":0.39707706929112097,"distribution":"{\"name\": \"FloatDistribution\", \"attributes\": {\"step\": null, \"low\": 0.0, \"high\": 0.5, \"log\": false}}"}
{"op_code":5,"worker_id":"896e9484-2bbd-4a76-b8c7-1857ebe32899-140193173047104","trial_id":443,"param_name":"layers","param_value_internal":1,"distribution":"{\"name\": \"CategoricalDistribution\", \"attributes\": {\"choices\": [1, 2, 3]}}"}
{"op_code":5,"worker_id":"896e9484-2bbd-4a76-b8c7-1857ebe32899-140193173047104","trial_id":443,"param_name":"nodes","param_value_internal":2,"distribution":"{\"name\": \"CategoricalDistribution\", \"attributes\": {\"choices\": [16, 32, 64]}}"}
{"op_code":6,"worker_id":"896e9484-2bbd-4a76-b8c7-1857ebe32899-140193173047104","trial_id":443,"state":1,"values":[0.44727272727272727],"datetime_complete":"2026-03-21T11:20:57.208727"}
{"op_code":4,"worker_id":"896e9484-2bbd-4a76-b8c7-1857ebe32899-140193173047104","study_id":0,"datetime_start":"2026-03-21T11:20:57.230837"}
{"op_code":5,"worker_id":"896e9484-2bbd-4a76-b8c7-1857ebe32899-140193173047104","trial_id":444,"param_name":"lr","param_value_internal":0.004268934038719448,"distribution":"{\"name\": \"FloatDistribution\", \"attributes\": {\"step\": null, \"low\": 0.0001, \"high\": 0.1, \"log\": true}}"}
{"op_code":5,"worker_id":"896e9484-2bbd-4a76-b8c7-1857ebe32899-140193173047104","trial_id":444,"param_name":"dropout","param_value_internal":0.4388016713051259,"distribution":"{\"name\": \"FloatDistribution\", \"attributes\": {\"step\": null, \"low\": 0.0, \"high\": 0.5, \"log\": false}}"}
{"op_code":5,"worker_id":"896e9484-2bbd-4a76-b8c7-1857ebe32899-140193173047104","trial_id":444,"param_name":"layers","param_value_internal":1,"distribution":"{\"name\": \"CategoricalDistribution\", \"attributes\": {\"choices\": [1, 2, 3]}}"}
{"op_code":5,"worker_id":"896e9484-2bbd-4a76-b8c7-1857ebe32899-140193173047104","trial_id":444,"param_name":"nodes","param_value_internal":2,"distribution":"{\"name\": \"CategoricalDistribution\", \"attributes\": {\"choices\": [16, 32, 64]}}"}
{"op_code":6,"worker_id":"896e9484-2bbd-4a76-b8c7-1857ebe32899-140193173047104","trial_id":444,"state":1,"values":[0.47863636363636364],"datetime_complete":"2026-03-21T11:20:59.585508"}
{"op_code":4,"worker_id":"896e9484-2bbd-4a76-b8c7-1857ebe32899-140193173047104","study_id":0,"datetime_start":"2026-03-21T11:20:59.605603"}
{"op_code":5,"worker_id":"896e9484-2bbd-4a76-b8c7-1857ebe32899-140193173047104","trial_id":445,"param_name":"lr","param_value_internal":0.02993329130672361,"distribution":"{\"name\": \"FloatDistribution\", \"attributes\": {\"step\": null, \"low\": 0.0001, \"high\": 0.1, \"log\": true}}"}
{"op_code":5,"worker_id":"896e9484-2bbd-4a76-b8c7-1857ebe32899-140193173047104","trial_id":445,"param_name":"dropout","param_value_internal":0.2467387912085268,"distribution":"{\"name\": \"FloatDistribution\", \"attributes\": {\"step\": null, \"low\": 0.0, \"high\": 0.5, \"log\": false}}"}
{"op_code":5,"worker_id":"896e9484-2bbd-4a76-b8c7-1857ebe32899-140193173047104","trial_id":445,"param_name":"layers","param_value_internal":1,"distribution":"{\"name\": \"CategoricalDistribution\", \"attributes\": {\"choices\": [1, 2, 3]}}"}
{"op_code":5,"worker_id":"896e9484-2bbd-4a76-b8c7-1857ebe32899-140193173047104","trial_id":445,"param_name":"nodes","param_value_internal":2,"distribution":"{\"name\": \"CategoricalDistribution\", \"attributes\": {\"choices\": [16, 32, 64]}}"}
{"op_code":6,"worker_id":"896e9484-2bbd-4a76-b8c7-1857ebe32899-140193173047104","trial_id":445,"state":1,"values":[0.4466477272727273],"datetime_complete":"2026-03-21T11:21:01.878870"}
{"op_code":4,"worker_id":"896e9484-2bbd-4a76-b8c7-1857ebe32899-140193173047104","study_id":0,"datetime_start":"2026-03-21T11:21:01.905042"}
{"op_code":5,"worker_id":"896e9484-2bbd-4a76-b8c7-1857ebe32899-140193173047104","trial_id":446,"param_name":"lr","param_value_internal":0.002610052820637623,"distribution":"{\"name\": \"FloatDistribution\", \"attributes\": {\"step\": null, \"low\": 0.0001, \"high\": 0.1, \"log\": true}}"}
{"op_code":5,"worker_id":"896e9484-2bbd-4a76-b8c7-1857ebe32899-140193173047104","trial_id":446,"param_name":"dropout","param_value_internal":0.47615600334126507,"distribution":"{\"name\": \"FloatDistribution\", \"attributes\": {\"step\": null, \"low\": 0.0, \"high\": 0.5, \"log\": false}}"}
{"op_code":5,"worker_id":"896e9484-2bbd-4a76-b8c7-1857ebe32899-140193173047104","trial_id":446,"param_name":"layers","param_value_internal":0,"distribution":"{\"name\": \"CategoricalDistribution\", \"attributes\": {\"choices\": [1, 2, 3]}}"}
{"op_code":5,"worker_id":"896e9484-2bbd-4a76-b8c7-1857ebe32899-140193173047104","trial_id":446,"param_name":"nodes","param_value_internal":0,"distribution":"{\"name\": \"CategoricalDistribution\", \"attributes\": {\"choices\": [16, 32, 64]}}"}
{"op_code":6,"worker_id":"896e9484-2bbd-4a76-b8c7-1857ebe32899-140193173047104","trial_id":446,"state":1,"values":[0.4839772727272727],"datetime_complete":"2026-03-21T11:21:03.897811"}
{"op_code":4,"worker_id":"896e9484-2bbd-4a76-b8c7-1857ebe32899-140193173047104","study_id":0,"datetime_start":"2026-03-21T11:21:03.925363"}
{"op_code":5,"worker_id":"896e9484-2bbd-4a76-b8c7-1857ebe32899-140193173047104","trial_id":447,"param_name":"lr","param_value_internal":0.0030355598821306907,"distribution":"{\"name\": \"FloatDistribution\", \"attributes\": {\"step\": null, \"low\": 0.0001, \"high\": 0.1, \"log\": true}}"}
{"op_code":5,"worker_id":"896e9484-2bbd-4a76-b8c7-1857ebe32899-140193173047104","trial_id":447,"param_name":"dropout","param_value_internal":0.3622098377913594,"distribution":"{\"name\": \"FloatDistribution\", \"attributes\": {\"step\": null, \"low\": 0.0, \"high\": 0.5, \"log\": false}}"}
{"op_code":5,"worker_id":"896e9484-2bbd-4a76-b8c7-1857ebe32899-140193173047104","trial_id":447,"param_name":"layers","param_value_internal":1,"distribution":"{\"name\": \"CategoricalDistribution\", \"attributes\": {\"choices\": [1, 2, 3]}}"}
{"op_code":5,"worker_id":"896e9484-2bbd-4a76-b8c7-1857ebe32899-140193173047104","trial_id":447,"param_name":"nodes","param_value_internal":2,"distribution":"{\"name\": \"CategoricalDistribution\", \"attributes\": {\"choices\": [16, 32, 64]}}"}
{"op_code":6,"worker_id":"896e9484-2bbd-4a76-b8c7-1857ebe32899-140193173047104","trial_id":447,"state":1,"values":[0.4684090909090909],"datetime_complete":"2026-03-21T11:21:06.269032"}
{"op_code":4,"worker_id":"896e9484-2bbd-4a76-b8c7-1857ebe32899-140193173047104","study_id":0,"datetime_start":"2026-03-21T11:21:06.291795"}
{"op_code":5,"worker_id":"896e9484-2bbd-4a76-b8c7-1857ebe32899-140193173047104","trial_id":448,"param_name":"lr","param_value_internal":0.00195470137701529,"distribution":"{\"name\": \"FloatDistribution\", \"attributes\": {\"step\": null, \"low\": 0.0001, \"high\": 0.1, \"log\": true}}"}
{"op_code":5,"worker_id":"896e9484-2bbd-4a76-b8c7-1857ebe32899-140193173047104","trial_id":448,"param_name":"dropout","param_value_internal":0.30655079984040823,"distribution":"{\"name\": \"FloatDistribution\", \"attributes\": {\"step\": null, \"low\": 0.0, \"high\": 0.5, \"log\": false}}"}
{"op_code":5,"worker_id":"896e9484-2bbd-4a76-b8c7-1857ebe32899-140193173047104","trial_id":448,"param_name":"layers","param_value_internal":1,"distribution":"{\"name\": \"CategoricalDistribution\", \"attributes\": {\"choices\": [1, 2, 3]}}"}
{"op_code":5,"worker_id":"896e9484-2bbd-4a76-b8c7-1857ebe32899-140193173047104","trial_id":448,"param_name":"nodes","param_value_internal":2,"distribution":"{\"name\": \"CategoricalDistribution\", \"attributes\": {\"choices\": [16, 32, 64]}}"}
{"op_code":6,"worker_id":"896e9484-2bbd-4a76-b8c7-1857ebe32899-140193173047104","trial_id":448,"state":1,"values":[0.48170454545454544],"datetime_complete":"2026-03-21T11:21:08.421662"}
{"op_code":4,"worker_id":"896e9484-2bbd-4a76-b8c7-1857ebe32899-140193173047104","study_id":0,"datetime_start":"2026-03-21T11:21:08.442659"}
{"op_code":5,"worker_id":"896e9484-2bbd-4a76-b8c7-1857ebe32899-140193173047104","trial_id":449,"param_name":"lr","param_value_internal":0.03597992025043693,"distribution":"{\"name\": \"FloatDistribution\", \"attributes\": {\"step\": null, \"low\": 0.0001, \"high\": 0.1, \"log\": true}}"}
{"op_code":5,"worker_id":"896e9484-2bbd-4a76-b8c7-1857ebe32899-140193173047104","trial_id":449,"param_name":"dropout","param_value_internal":0.2909926579656473,"distribution":"{\"name\": \"FloatDistribution\", \"attributes\": {\"step\": null, \"low\": 0.0, \"high\": 0.5, \"log\": false}}"}
{"op_code":5,"worker_id":"896e9484-2bbd-4a76-b8c7-1857ebe32899-140193173047104","trial_id":449,"param_name":"layers","param_value_internal":2,"distribution":"{\"name\": \"CategoricalDistribution\", \"attributes\": {\"choices\": [1, 2, 3]}}"}
{"op_code":5,"worker_id":"896e9484-2bbd-4a76-b8c7-1857ebe32899-140193173047104","trial_id":449,"param_name":"nodes","param_value_internal":2,"distribution":"{\"name\": \"CategoricalDistribution\", \"attributes\": {\"choices\": [16, 32, 64]}}"}
{"op_code":6,"worker_id":"896e9484-2bbd-4a76-b8c7-1857ebe32899-140193173047104","trial_id":449,"state":1,"values":[0.47011363636363634],"datetime_complete":"2026-03-21T11:21:11.128122"}
{"op_code":0,"worker_id":"09edae50-90d2-4c66-a27c-ea057bd5b207-140193173047104","study_name":"deepsurv_tuning","directions":[2]}
{"op_code":4,"worker_id":"09edae50-90d2-4c66-a27c-ea057bd5b207-140193173047104","study_id":0,"datetime_start":"2026-03-21T11:36:17.251936"}
{"op_code":5,"worker_id":"09edae50-90d2-4c66-a27c-ea057bd5b207-140193173047104","trial_id":450,"param_name":"lr","param_value_internal":0.024279932632435934,"distribution":"{\"name\": \"FloatDistribution\", \"attributes\": {\"step\": null, \"low\": 0.0001, \"high\": 0.1, \"log\": true}}"}
{"op_code":5,"worker_id":"09edae50-90d2-4c66-a27c-ea057bd5b207-140193173047104","trial_id":450,"param_name":"dropout","param_value_internal":0.37754389260758997,"distribution":"{\"name\": \"FloatDistribution\", \"attributes\": {\"step\": null, \"low\": 0.0, \"high\": 0.5, \"log\": false}}"}
{"op_code":5,"worker_id":"09edae50-90d2-4c66-a27c-ea057bd5b207-140193173047104","trial_id":450,"param_name":"layers","param_value_internal":1,"distribution":"{\"name\": \"CategoricalDistribution\", \"attributes\": {\"choices\": [1, 2, 3]}}"}
{"op_code":5,"worker_id":"09edae50-90d2-4c66-a27c-ea057bd5b207-140193173047104","trial_id":450,"param_name":"nodes","param_value_internal":2,"distribution":"{\"name\": \"CategoricalDistribution\", \"attributes\": {\"choices\": [16, 32, 64]}}"}
{"op_code":6,"worker_id":"09edae50-90d2-4c66-a27c-ea057bd5b207-140193173047104","trial_id":450,"state":1,"values":[0.4555164185887967],"datetime_complete":"2026-03-21T11:36:19.718568"}
{"op_code":4,"worker_id":"09edae50-90d2-4c66-a27c-ea057bd5b207-140193173047104","study_id":0,"datetime_start":"2026-03-21T11:36:19.744321"}
{"op_code":5,"worker_id":"09edae50-90d2-4c66-a27c-ea057bd5b207-140193173047104","trial_id":451,"param_name":"lr","param_value_internal":0.0038672485119253894,"distribution":"{\"name\": \"FloatDistribution\", \"attributes\": {\"step\": null, \"low\": 0.0001, \"high\": 0.1, \"log\": true}}"}
{"op_code":5,"worker_id":"09edae50-90d2-4c66-a27c-ea057bd5b207-140193173047104","trial_id":451,"param_name":"dropout","param_value_internal":0.2706508342487719,"distribution":"{\"name\": \"FloatDistribution\", \"attributes\": {\"step\": null, \"low\": 0.0, \"high\": 0.5, \"log\": false}}"}
{"op_code":5,"worker_id":"09edae50-90d2-4c66-a27c-ea057bd5b207-140193173047104","trial_id":451,"param_name":"layers","param_value_internal":1,"distribution":"{\"name\": \"CategoricalDistribution\", \"attributes\": {\"choices\": [1, 2, 3]}}"}
{"op_code":5,"worker_id":"09edae50-90d2-4c66-a27c-ea057bd5b207-140193173047104","trial_id":451,"param_name":"nodes","param_value_internal":2,"distribution":"{\"name\": \"CategoricalDistribution\", \"attributes\": {\"choices\": [16, 32, 64]}}"}
{"op_code":6,"worker_id":"09edae50-90d2-4c66-a27c-ea057bd5b207-140193173047104","trial_id":451,"state":1,"values":[0.5434609703442791],"datetime_complete":"2026-03-21T11:36:22.220457"}
{"op_code":4,"worker_id":"09edae50-90d2-4c66-a27c-ea057bd5b207-140193173047104","study_id":0,"datetime_start":"2026-03-21T11:36:22.243326"}
{"op_code":5,"worker_id":"09edae50-90d2-4c66-a27c-ea057bd5b207-140193173047104","trial_id":452,"param_name":"lr","param_value_internal":0.0011873588224359218,"distribution":"{\"name\": \"FloatDistribution\", \"attributes\": {\"step\": null, \"low\": 0.0001, \"high\": 0.1, \"log\": true}}"}
{"op_code":5,"worker_id":"09edae50-90d2-4c66-a27c-ea057bd5b207-140193173047104","trial_id":452,"param_name":"dropout","param_value_internal":0.31909676457057023,"distribution":"{\"name\": \"FloatDistribution\", \"attributes\": {\"step\": null, \"low\": 0.0, \"high\": 0.5, \"log\": false}}"}
{"op_code":5,"worker_id":"09edae50-90d2-4c66-a27c-ea057bd5b207-140193173047104","trial_id":452,"param_name":"layers","param_value_internal":1,"distribution":"{\"name\": \"CategoricalDistribution\", \"attributes\": {\"choices\": [1, 2, 3]}}"}
{"op_code":5,"worker_id":"09edae50-90d2-4c66-a27c-ea057bd5b207-140193173047104","trial_id":452,"param_name":"nodes","param_value_internal":2,"distribution":"{\"name\": \"CategoricalDistribution\", \"attributes\": {\"choices\": [16, 32, 64]}}"}
{"op_code":6,"worker_id":"09edae50-90d2-4c66-a27c-ea057bd5b207-140193173047104","trial_id":452,"state":1,"values":[0.44790364731280535],"datetime_complete":"2026-03-21T11:36:24.661455"}
{"op_code":4,"worker_id":"09edae50-90d2-4c66-a27c-ea057bd5b207-140193173047104","study_id":0,"datetime_start":"2026-03-21T11:36:24.690640"}
{"op_code":5,"worker_id":"09edae50-90d2-4c66-a27c-ea057bd5b207-140193173047104","trial_id":453,"param_name":"lr","param_value_internal":0.006314307069729925,"distribution":"{\"name\": \"FloatDistribution\", \"attributes\": {\"step\": null, \"low\": 0.0001, \"high\": 0.1, \"log\": true}}"}
{"op_code":5,"worker_id":"09edae50-90d2-4c66-a27c-ea057bd5b207-140193173047104","trial_id":453,"param_name":"dropout","param_value_internal":0.4156956736702155,"distribution":"{\"name\": \"FloatDistribution\", \"attributes\": {\"step\": null, \"low\": 0.0, \"high\": 0.5, \"log\": false}}"}
{"op_code":5,"worker_id":"09edae50-90d2-4c66-a27c-ea057bd5b207-140193173047104","trial_id":453,"param_name":"layers","param_value_internal":0,"distribution":"{\"name\": \"CategoricalDistribution\", \"attributes\": {\"choices\": [1, 2, 3]}}"}
{"op_code":5,"worker_id":"09edae50-90d2-4c66-a27c-ea057bd5b207-140193173047104","trial_id":453,"param_name":"nodes","param_value_internal":2,"distribution":"{\"name\": \"CategoricalDistribution\", \"attributes\": {\"choices\": [16, 32, 64]}}"}
{"op_code":6,"worker_id":"09edae50-90d2-4c66-a27c-ea057bd5b207-140193173047104","trial_id":453,"state":1,"values":[0.47540052266787863],"datetime_complete":"2026-03-21T11:36:26.872730"}
{"op_code":4,"worker_id":"09edae50-90d2-4c66-a27c-ea057bd5b207-140193173047104","study_id":0,"datetime_start":"2026-03-21T11:36:26.890591"}
{"op_code":5,"worker_id":"09edae50-90d2-4c66-a27c-ea057bd5b207-140193173047104","trial_id":454,"param_name":"lr","param_value_internal":0.0007401217184878297,"distribution":"{\"name\": \"FloatDistribution\", \"attributes\": {\"step\": null, \"low\": 0.0001, \"high\": 0.1, \"log\": true}}"}
{"op_code":5,"worker_id":"09edae50-90d2-4c66-a27c-ea057bd5b207-140193173047104","trial_id":454,"param_name":"dropout","param_value_internal":0.4663007985619959,"distribution":"{\"name\": \"FloatDistribution\", \"attributes\": {\"step\": null, \"low\": 0.0, \"high\": 0.5, \"log\": false}}"}
{"op_code":5,"worker_id":"09edae50-90d2-4c66-a27c-ea057bd5b207-140193173047104","trial_id":454,"param_name":"layers","param_value_internal":1,"distribution":"{\"name\": \"CategoricalDistribution\", \"attributes\": {\"choices\": [1, 2, 3]}}"}
{"op_code":5,"worker_id":"09edae50-90d2-4c66-a27c-ea057bd5b207-140193173047104","trial_id":454,"param_name":"nodes","param_value_internal":0,"distribution":"{\"name\": \"CategoricalDistribution\", \"attributes\": {\"choices\": [16, 32, 64]}}"}
{"op_code":6,"worker_id":"09edae50-90d2-4c66-a27c-ea057bd5b207-140193173047104","trial_id":454,"state":1,"values":[0.3766617429837518],"datetime_complete":"2026-03-21T11:36:29.358878"}
{"op_code":4,"worker_id":"09edae50-90d2-4c66-a27c-ea057bd5b207-140193173047104","study_id":0,"datetime_start":"2026-03-21T11:36:29.387996"}
{"op_code":5,"worker_id":"09edae50-90d2-4c66-a27c-ea057bd5b207-140193173047104","trial_id":455,"param_name":"lr","param_value_internal":0.005168637148343861,"distribution":"{\"name\": \"FloatDistribution\", \"attributes\": {\"step\": null, \"low\": 0.0001, \"high\": 0.1, \"log\": true}}"}
{"op_code":5,"worker_id":"09edae50-90d2-4c66-a27c-ea057bd5b207-140193173047104","trial_id":455,"param_name":"dropout","param_value_internal":0.3375567495375291,"distribution":"{\"name\": \"FloatDistribution\", \"attributes\": {\"step\": null, \"low\": 0.0, \"high\": 0.5, \"log\": false}}"}
{"op_code":5,"worker_id":"09edae50-90d2-4c66-a27c-ea057bd5b207-140193173047104","trial_id":455,"param_name":"layers","param_value_internal":1,"distribution":"{\"name\": \"CategoricalDistribution\", \"attributes\": {\"choices\": [1, 2, 3]}}"}
{"op_code":5,"worker_id":"09edae50-90d2-4c66-a27c-ea057bd5b207-140193173047104","trial_id":455,"param_name":"nodes","param_value_internal":2,"distribution":"{\"name\": \"CategoricalDistribution\", \"attributes\": {\"choices\": [16, 32, 64]}}"}
{"op_code":6,"worker_id":"09edae50-90d2-4c66-a27c-ea057bd5b207-140193173047104","trial_id":455,"state":1,"values":[0.46801499829564824],"datetime_complete":"2026-03-21T11:36:31.889897"}
{"op_code":4,"worker_id":"09edae50-90d2-4c66-a27c-ea057bd5b207-140193173047104","study_id":0,"datetime_start":"2026-03-21T11:36:31.913875"}
{"op_code":5,"worker_id":"09edae50-90d2-4c66-a27c-ea057bd5b207-140193173047104","trial_id":456,"param_name":"lr","param_value_internal":0.0033240577050661323,"distribution":"{\"name\": \"FloatDistribution\", \"attributes\": {\"step\": null, \"low\": 0.0001, \"high\": 0.1, \"log\": true}}"}
{"op_code":5,"worker_id":"09edae50-90d2-4c66-a27c-ea057bd5b207-140193173047104","trial_id":456,"param_name":"dropout","param_value_internal":0.2957943085225366,"distribution":"{\"name\": \"FloatDistribution\", \"attributes\": {\"step\": null, \"low\": 0.0, \"high\": 0.5, \"log\": false}}"}
{"op_code":5,"worker_id":"09edae50-90d2-4c66-a27c-ea057bd5b207-140193173047104","trial_id":456,"param_name":"layers","param_value_internal":2,"distribution":"{\"name\": \"CategoricalDistribution\", \"attributes\": {\"choices\": [1, 2, 3]}}"}
{"op_code":5,"worker_id":"09edae50-90d2-4c66-a27c-ea057bd5b207-140193173047104","trial_id":456,"param_name":"nodes","param_value_internal":2,"distribution":"{\"name\": \"CategoricalDistribution\", \"attributes\": {\"choices\": [16, 32, 64]}}"}
{"op_code":6,"worker_id":"09edae50-90d2-4c66-a27c-ea057bd5b207-140193173047104","trial_id":456,"state":1,"values":[0.4666515168730826],"datetime_complete":"2026-03-21T11:36:34.721914"}
{"op_code":4,"worker_id":"09edae50-90d2-4c66-a27c-ea057bd5b207-140193173047104","study_id":0,"datetime_start":"2026-03-21T11:36:34.744457"}
{"op_code":5,"worker_id":"09edae50-90d2-4c66-a27c-ea057bd5b207-140193173047104","trial_id":457,"param_name":"lr","param_value_internal":0.0013228835795194831,"distribution":"{\"name\": \"FloatDistribution\", \"attributes\": {\"step\": null, \"low\": 0.0001, \"high\": 0.1, \"log\": true}}"}
{"op_code":5,"worker_id":"09edae50-90d2-4c66-a27c-ea057bd5b207-140193173047104","trial_id":457,"param_name":"dropout","param_value_internal":0.30832664963672285,"distribution":"{\"name\": \"FloatDistribution\", \"attributes\": {\"step\": null, \"low\": 0.0, \"high\": 0.5, \"log\": false}}"}
{"op_code":5,"worker_id":"09edae50-90d2-4c66-a27c-ea057bd5b207-140193173047104","trial_id":457,"param_name":"layers","param_value_internal":1,"distribution":"{\"name\": \"CategoricalDistribution\", \"attributes\": {\"choices\": [1, 2, 3]}}"}
{"op_code":5,"worker_id":"09edae50-90d2-4c66-a27c-ea057bd5b207-140193173047104","trial_id":457,"param_name":"nodes","param_value_internal":2,"distribution":"{\"name\": \"CategoricalDistribution\", \"attributes\": {\"choices\": [16, 32, 64]}}"}
{"op_code":6,"worker_id":"09edae50-90d2-4c66-a27c-ea057bd5b207-140193173047104","trial_id":457,"state":1,"values":[0.4658561527099193],"datetime_complete":"2026-03-21T11:36:37.205940"}
{"op_code":4,"worker_id":"09edae50-90d2-4c66-a27c-ea057bd5b207-140193173047104","study_id":0,"datetime_start":"2026-03-21T11:36:37.231938"}
{"op_code":5,"worker_id":"09edae50-90d2-4c66-a27c-ea057bd5b207-140193173047104","trial_id":458,"param_name":"lr","param_value_internal":0.002813569492280283,"distribution":"{\"name\": \"FloatDistribution\", \"attributes\": {\"step\": null, \"low\": 0.0001, \"high\": 0.1, \"log\": true}}"}
{"op_code":5,"worker_id":"09edae50-90d2-4c66-a27c-ea057bd5b207-140193173047104","trial_id":458,"param_name":"dropout","param_value_internal":0.3867385612853511,"distribution":"{\"name\": \"FloatDistribution\", \"attributes\": {\"step\": null, \"low\": 0.0, \"high\": 0.5, \"log\": false}}"}
{"op_code":5,"worker_id":"09edae50-90d2-4c66-a27c-ea057bd5b207-140193173047104","trial_id":458,"param_name":"layers","param_value_internal":1,"distribution":"{\"name\": \"CategoricalDistribution\", \"attributes\": {\"choices\": [1, 2, 3]}}"}
{"op_code":5,"worker_id":"09edae50-90d2-4c66-a27c-ea057bd5b207-140193173047104","trial_id":458,"param_name":"nodes","param_value_internal":1,"distribution":"{\"name\": \"CategoricalDistribution\", \"attributes\": {\"choices\": [16, 32, 64]}}"}
{"op_code":6,"worker_id":"09edae50-90d2-4c66-a27c-ea057bd5b207-140193173047104","trial_id":458,"state":1,"values":[0.48437677536643564],"datetime_complete":"2026-03-21T11:36:39.623548"}
{"op_code":4,"worker_id":"09edae50-90d2-4c66-a27c-ea057bd5b207-140193173047104","study_id":0,"datetime_start":"2026-03-21T11:36:39.650713"}
{"op_code":5,"worker_id":"09edae50-90d2-4c66-a27c-ea057bd5b207-140193173047104","trial_id":459,"param_name":"lr","param_value_internal":0.00438195243537485,"distribution":"{\"name\": \"FloatDistribution\", \"attributes\": {\"step\": null, \"low\": 0.0001, \"high\": 0.1, \"log\": true}}"}
{"op_code":5,"worker_id":"09edae50-90d2-4c66-a27c-ea057bd5b207-140193173047104","trial_id":459,"param_name":"dropout","param_value_internal":0.40432771147981067,"distribution":"{\"name\": \"FloatDistribution\", \"attributes\": {\"step\": null, \"low\": 0.0, \"high\": 0.5, \"log\": false}}"}
{"op_code":5,"worker_id":"09edae50-90d2-4c66-a27c-ea057bd5b207-140193173047104","trial_id":459,"param_name":"layers","param_value_internal":1,"distribution":"{\"name\": \"CategoricalDistribution\", \"attributes\": {\"choices\": [1, 2, 3]}}"}
{"op_code":5,"worker_id":"09edae50-90d2-4c66-a27c-ea057bd5b207-140193173047104","trial_id":459,"param_name":"nodes","param_value_internal":2,"distribution":"{\"name\": \"CategoricalDistribution\", \"attributes\": {\"choices\": [16, 32, 64]}}"}
{"op_code":6,"worker_id":"09edae50-90d2-4c66-a27c-ea057bd5b207-140193173047104","trial_id":459,"state":1,"values":[0.4508578570616975],"datetime_complete":"2026-03-21T11:36:42.113525"}
{"op_code":0,"worker_id":"cc18b023-a4e5-4366-be44-7e3581b51987-140193173047104","study_name":"deepsurv_tuning","directions":[2]}
{"op_code":4,"worker_id":"cc18b023-a4e5-4366-be44-7e3581b51987-140193173047104","study_id":0,"datetime_start":"2026-03-21T11:52:11.621541"}
{"op_code":5,"worker_id":"cc18b023-a4e5-4366-be44-7e3581b51987-140193173047104","trial_id":460,"param_name":"lr","param_value_internal":0.0009983481956005152,"distribution":"{\"name\": \"FloatDistribution\", \"attributes\": {\"step\": null, \"low\": 0.0001, \"high\": 0.1, \"log\": true}}"}
{"op_code":5,"worker_id":"cc18b023-a4e5-4366-be44-7e3581b51987-140193173047104","trial_id":460,"param_name":"dropout","param_value_internal":0.36744537793534543,"distribution":"{\"name\": \"FloatDistribution\", \"attributes\": {\"step\": null, \"low\": 0.0, \"high\": 0.5, \"log\": false}}"}
{"op_code":5,"worker_id":"cc18b023-a4e5-4366-be44-7e3581b51987-140193173047104","trial_id":460,"param_name":"layers","param_value_internal":0,"distribution":"{\"name\": \"CategoricalDistribution\", \"attributes\": {\"choices\": [1, 2, 3]}}"}
{"op_code":5,"worker_id":"cc18b023-a4e5-4366-be44-7e3581b51987-140193173047104","trial_id":460,"param_name":"nodes","param_value_internal":2,"distribution":"{\"name\": \"CategoricalDistribution\", \"attributes\": {\"choices\": [16, 32, 64]}}"}
{"op_code":6,"worker_id":"cc18b023-a4e5-4366-be44-7e3581b51987-140193173047104","trial_id":460,"state":1,"values":[0.4279589303847456],"datetime_complete":"2026-03-21T11:52:13.689088"}
{"op_code":4,"worker_id":"cc18b023-a4e5-4366-be44-7e3581b51987-140193173047104","study_id":0,"datetime_start":"2026-03-21T11:52:23.216245"}
{"op_code":5,"worker_id":"cc18b023-a4e5-4366-be44-7e3581b51987-140193173047104","trial_id":461,"param_name":"lr","param_value_internal":0.002363755103686362,"distribution":"{\"name\": \"FloatDistribution\", \"attributes\": {\"step\": null, \"low\": 0.0001, \"high\": 0.1, \"log\": true}}"}
{"op_code":5,"worker_id":"cc18b023-a4e5-4366-be44-7e3581b51987-140193173047104","trial_id":461,"param_name":"dropout","param_value_internal":0.2852147153607102,"distribution":"{\"name\": \"FloatDistribution\", \"attributes\": {\"step\": null, \"low\": 0.0, \"high\": 0.5, \"log\": false}}"}
{"op_code":5,"worker_id":"cc18b023-a4e5-4366-be44-7e3581b51987-140193173047104","trial_id":461,"param_name":"layers","param_value_internal":1,"distribution":"{\"name\": \"CategoricalDistribution\", \"attributes\": {\"choices\": [1, 2, 3]}}"}
{"op_code":5,"worker_id":"cc18b023-a4e5-4366-be44-7e3581b51987-140193173047104","trial_id":461,"param_name":"nodes","param_value_internal":2,"distribution":"{\"name\": \"CategoricalDistribution\", \"attributes\": {\"choices\": [16, 32, 64]}}"}
{"op_code":6,"worker_id":"cc18b023-a4e5-4366-be44-7e3581b51987-140193173047104","trial_id":461,"state":1,"values":[0.459438113505585],"datetime_complete":"2026-03-21T11:52:25.756666"}
{"op_code":4,"worker_id":"cc18b023-a4e5-4366-be44-7e3581b51987-140193173047104","study_id":0,"datetime_start":"2026-03-21T11:52:25.789447"}
{"op_code":5,"worker_id":"cc18b023-a4e5-4366-be44-7e3581b51987-140193173047104","trial_id":462,"param_name":"lr","param_value_internal":0.0038352111360614068,"distribution":"{\"name\": \"FloatDistribution\", \"attributes\": {\"step\": null, \"low\": 0.0001, \"high\": 0.1, \"log\": true}}"}
{"op_code":5,"worker_id":"cc18b023-a4e5-4366-be44-7e3581b51987-140193173047104","trial_id":462,"param_name":"dropout","param_value_internal":0.267411226751113,"distribution":"{\"name\": \"FloatDistribution\", \"attributes\": {\"step\": null, \"low\": 0.0, \"high\": 0.5, \"log\": false}}"}
{"op_code":5,"worker_id":"cc18b023-a4e5-4366-be44-7e3581b51987-140193173047104","trial_id":462,"param_name":"layers","param_value_internal":2,"distribution":"{\"name\": \"CategoricalDistribution\", \"attributes\": {\"choices\": [1, 2, 3]}}"}
{"op_code":5,"worker_id":"cc18b023-a4e5-4366-be44-7e3581b51987-140193173047104","trial_id":462,"param_name":"nodes","param_value_internal":2,"distribution":"{\"name\": \"CategoricalDistribution\", \"attributes\": {\"choices\": [16, 32, 64]}}"}
{"op_code":6,"worker_id":"cc18b023-a4e5-4366-be44-7e3581b51987-140193173047104","trial_id":462,"state":1,"values":[0.5125803903870021],"datetime_complete":"2026-03-21T11:52:28.541661"}
{"op_code":4,"worker_id":"cc18b023-a4e5-4366-be44-7e3581b51987-140193173047104","study_id":0,"datetime_start":"2026-03-21T11:52:30.224082"}
{"op_code":5,"worker_id":"cc18b023-a4e5-4366-be44-7e3581b51987-140193173047104","trial_id":463,"param_name":"lr","param_value_internal":0.05112859042716433,"distribution":"{\"name\": \"FloatDistribution\", \"attributes\": {\"step\": null, \"low\": 0.0001, \"high\": 0.1, \"log\": true}}"}
{"op_code":5,"worker_id":"cc18b023-a4e5-4366-be44-7e3581b51987-140193173047104","trial_id":463,"param_name":"dropout","param_value_internal":0.2550804193632749,"distribution":"{\"name\": \"FloatDistribution\", \"attributes\": {\"step\": null, \"low\": 0.0, \"high\": 0.5, \"log\": false}}"}
{"op_code":5,"worker_id":"cc18b023-a4e5-4366-be44-7e3581b51987-140193173047104","trial_id":463,"param_name":"layers","param_value_internal":1,"distribution":"{\"name\": \"CategoricalDistribution\", \"attributes\": {\"choices\": [1, 2, 3]}}"}
{"op_code":5,"worker_id":"cc18b023-a4e5-4366-be44-7e3581b51987-140193173047104","trial_id":463,"param_name":"nodes","param_value_internal":0,"distribution":"{\"name\": \"CategoricalDistribution\", \"attributes\": {\"choices\": [16, 32, 64]}}"}
{"op_code":6,"worker_id":"cc18b023-a4e5-4366-be44-7e3581b51987-140193173047104","trial_id":463,"state":1,"values":[0.42897438790477266],"datetime_complete":"2026-03-21T11:52:32.674510"}
{"op_code":4,"worker_id":"cc18b023-a4e5-4366-be44-7e3581b51987-140193173047104","study_id":0,"datetime_start":"2026-03-21T11:52:35.597478"}
{"op_code":5,"worker_id":"cc18b023-a4e5-4366-be44-7e3581b51987-140193173047104","trial_id":464,"param_name":"lr","param_value_internal":0.0016434618916372433,"distribution":"{\"name\": \"FloatDistribution\", \"attributes\": {\"step\": null, \"low\": 0.0001, \"high\": 0.1, \"log\": true}}"}
{"op_code":5,"worker_id":"cc18b023-a4e5-4366-be44-7e3581b51987-140193173047104","trial_id":464,"param_name":"dropout","param_value_internal":0.3019711348334334,"distribution":"{\"name\": \"FloatDistribution\", \"attributes\": {\"step\": null, \"low\": 0.0, \"high\": 0.5, \"log\": false}}"}
{"op_code":5,"worker_id":"cc18b023-a4e5-4366-be44-7e3581b51987-140193173047104","trial_id":464,"param_name":"layers","param_value_internal":1,"distribution":"{\"name\": \"CategoricalDistribution\", \"attributes\": {\"choices\": [1, 2, 3]}}"}
{"op_code":5,"worker_id":"cc18b023-a4e5-4366-be44-7e3581b51987-140193173047104","trial_id":464,"param_name":"nodes","param_value_internal":2,"distribution":"{\"name\": \"CategoricalDistribution\", \"attributes\": {\"choices\": [16, 32, 64]}}"}
{"op_code":6,"worker_id":"cc18b023-a4e5-4366-be44-7e3581b51987-140193173047104","trial_id":464,"state":1,"values":[0.45289405393207716],"datetime_complete":"2026-03-21T11:52:38.077487"}
{"op_code":4,"worker_id":"cc18b023-a4e5-4366-be44-7e3581b51987-140193173047104","study_id":0,"datetime_start":"2026-03-21T11:52:38.103360"}
{"op_code":5,"worker_id":"cc18b023-a4e5-4366-be44-7e3581b51987-140193173047104","trial_id":465,"param_name":"lr","param_value_internal":0.0018903776754620326,"distribution":"{\"name\": \"FloatDistribution\", \"attributes\": {\"step\": null, \"low\": 0.0001, \"high\": 0.1, \"log\": true}}"}
{"op_code":5,"worker_id":"cc18b023-a4e5-4366-be44-7e3581b51987-140193173047104","trial_id":465,"param_name":"dropout","param_value_internal":0.34702872996576806,"distribution":"{\"name\": \"FloatDistribution\", \"attributes\": {\"step\": null, \"low\": 0.0, \"high\": 0.5, \"log\": false}}"}
{"op_code":5,"worker_id":"cc18b023-a4e5-4366-be44-7e3581b51987-140193173047104","trial_id":465,"param_name":"layers","param_value_internal":1,"distribution":"{\"name\": \"CategoricalDistribution\", \"attributes\": {\"choices\": [1, 2, 3]}}"}
{"op_code":5,"worker_id":"cc18b023-a4e5-4366-be44-7e3581b51987-140193173047104","trial_id":465,"param_name":"nodes","param_value_internal":2,"distribution":"{\"name\": \"CategoricalDistribution\", \"attributes\": {\"choices\": [16, 32, 64]}}"}
{"op_code":6,"worker_id":"cc18b023-a4e5-4366-be44-7e3581b51987-140193173047104","trial_id":465,"state":1,"values":[0.47128511790590094],"datetime_complete":"2026-03-21T11:52:40.374665"}
{"op_code":4,"worker_id":"cc18b023-a4e5-4366-be44-7e3581b51987-140193173047104","study_id":0,"datetime_start":"2026-03-21T11:52:42.829163"}
{"op_code":5,"worker_id":"cc18b023-a4e5-4366-be44-7e3581b51987-140193173047104","trial_id":466,"param_name":"lr","param_value_internal":0.0032054960454426656,"distribution":"{\"name\": \"FloatDistribution\", \"attributes\": {\"step\": null, \"low\": 0.0001, \"high\": 0.1, \"log\": true}}"}
{"op_code":5,"worker_id":"cc18b023-a4e5-4366-be44-7e3581b51987-140193173047104","trial_id":466,"param_name":"dropout","param_value_internal":0.3919510002659743,"distribution":"{\"name\": \"FloatDistribution\", \"attributes\": {\"step\": null, \"low\": 0.0, \"high\": 0.5, \"log\": false}}"}
{"op_code":5,"worker_id":"cc18b023-a4e5-4366-be44-7e3581b51987-140193173047104","trial_id":466,"param_name":"layers","param_value_internal":0,"distribution":"{\"name\": \"CategoricalDistribution\", \"attributes\": {\"choices\": [1, 2, 3]}}"}
{"op_code":5,"worker_id":"cc18b023-a4e5-4366-be44-7e3581b51987-140193173047104","trial_id":466,"param_name":"nodes","param_value_internal":2,"distribution":"{\"name\": \"CategoricalDistribution\", \"attributes\": {\"choices\": [16, 32, 64]}}"}
{"op_code":6,"worker_id":"cc18b023-a4e5-4366-be44-7e3581b51987-140193173047104","trial_id":466,"state":1,"values":[0.43190793185151755],"datetime_complete":"2026-03-21T11:52:44.965576"}
{"op_code":4,"worker_id":"cc18b023-a4e5-4366-be44-7e3581b51987-140193173047104","study_id":0,"datetime_start":"2026-03-21T11:52:44.980347"}
{"op_code":5,"worker_id":"cc18b023-a4e5-4366-be44-7e3581b51987-140193173047104","trial_id":467,"param_name":"lr","param_value_internal":0.009329243637939985,"distribution":"{\"name\": \"FloatDistribution\", \"attributes\": {\"step\": null, \"low\": 0.0001, \"high\": 0.1, \"log\": true}}"}
{"op_code":5,"worker_id":"cc18b023-a4e5-4366-be44-7e3581b51987-140193173047104","trial_id":467,"param_name":"dropout","param_value_internal":0.27941228041234517,"distribution":"{\"name\": \"FloatDistribution\", \"attributes\": {\"step\": null, \"low\": 0.0, \"high\": 0.5, \"log\": false}}"}
{"op_code":5,"worker_id":"cc18b023-a4e5-4366-be44-7e3581b51987-140193173047104","trial_id":467,"param_name":"layers","param_value_internal":1,"distribution":"{\"name\": \"CategoricalDistribution\", \"attributes\": {\"choices\": [1, 2, 3]}}"}
{"op_code":5,"worker_id":"cc18b023-a4e5-4366-be44-7e3581b51987-140193173047104","trial_id":467,"param_name":"nodes","param_value_internal":2,"distribution":"{\"name\": \"CategoricalDistribution\", \"attributes\": {\"choices\": [16, 32, 64]}}"}
{"op_code":6,"worker_id":"cc18b023-a4e5-4366-be44-7e3581b51987-140193173047104","trial_id":467,"state":1,"values":[0.5011847004400316],"datetime_complete":"2026-03-21T11:52:46.945287"}
{"op_code":4,"worker_id":"cc18b023-a4e5-4366-be44-7e3581b51987-140193173047104","study_id":0,"datetime_start":"2026-03-21T11:52:46.961167"}
{"op_code":5,"worker_id":"cc18b023-a4e5-4366-be44-7e3581b51987-140193173047104","trial_id":468,"param_name":"lr","param_value_internal":0.006918800614039403,"distribution":"{\"name\": \"FloatDistribution\", \"attributes\": {\"step\": null, \"low\": 0.0001, \"high\": 0.1, \"log\": true}}"}
{"op_code":5,"worker_id":"cc18b023-a4e5-4366-be44-7e3581b51987-140193173047104","trial_id":468,"param_name":"dropout","param_value_internal":0.31745930972349673,"distribution":"{\"name\": \"FloatDistribution\", \"attributes\": {\"step\": null, \"low\": 0.0, \"high\": 0.5, \"log\": false}}"}
{"op_code":5,"worker_id":"cc18b023-a4e5-4366-be44-7e3581b51987-140193173047104","trial_id":468,"param_name":"layers","param_value_internal":1,"distribution":"{\"name\": \"CategoricalDistribution\", \"attributes\": {\"choices\": [1, 2, 3]}}"}
{"op_code":5,"worker_id":"cc18b023-a4e5-4366-be44-7e3581b51987-140193173047104","trial_id":468,"param_name":"nodes","param_value_internal":2,"distribution":"{\"name\": \"CategoricalDistribution\", \"attributes\": {\"choices\": [16, 32, 64]}}"}
{"op_code":6,"worker_id":"cc18b023-a4e5-4366-be44-7e3581b51987-140193173047104","trial_id":468,"state":1,"values":[0.48414757982624396],"datetime_complete":"2026-03-21T11:52:48.616299"}
{"op_code":4,"worker_id":"cc18b023-a4e5-4366-be44-7e3581b51987-140193173047104","study_id":0,"datetime_start":"2026-03-21T11:52:51.678562"}
{"op_code":5,"worker_id":"cc18b023-a4e5-4366-be44-7e3581b51987-140193173047104","trial_id":469,"param_name":"lr","param_value_internal":0.0008551777139371989,"distribution":"{\"name\": \"FloatDistribution\", \"attributes\": {\"step\": null, \"low\": 0.0001, \"high\": 0.1, \"log\": true}}"}
{"op_code":5,"worker_id":"cc18b023-a4e5-4366-be44-7e3581b51987-140193173047104","trial_id":469,"param_name":"dropout","param_value_internal":0.38115933854583245,"distribution":"{\"name\": \"FloatDistribution\", \"attributes\": {\"step\": null, \"low\": 0.0, \"high\": 0.5, \"log\": false}}"}
{"op_code":5,"worker_id":"cc18b023-a4e5-4366-be44-7e3581b51987-140193173047104","trial_id":469,"param_name":"layers","param_value_internal":2,"distribution":"{\"name\": \"CategoricalDistribution\", \"attributes\": {\"choices\": [1, 2, 3]}}"}
{"op_code":5,"worker_id":"cc18b023-a4e5-4366-be44-7e3581b51987-140193173047104","trial_id":469,"param_name":"nodes","param_value_internal":2,"distribution":"{\"name\": \"CategoricalDistribution\", \"attributes\": {\"choices\": [16, 32, 64]}}"}
{"op_code":6,"worker_id":"cc18b023-a4e5-4366-be44-7e3581b51987-140193173047104","trial_id":469,"state":1,"values":[0.4138553537177028],"datetime_complete":"2026-03-21T11:52:54.055571"}
{"op_code":0,"worker_id":"ed23daf3-55a7-43f3-b96f-f2df98ce0efd-140193173047104","study_name":"deepsurv_tuning","directions":[2]}
{"op_code":4,"worker_id":"ed23daf3-55a7-43f3-b96f-f2df98ce0efd-140193173047104","study_id":0,"datetime_start":"2026-03-21T12:08:40.118781"}
{"op_code":5,"worker_id":"ed23daf3-55a7-43f3-b96f-f2df98ce0efd-140193173047104","trial_id":470,"param_name":"lr","param_value_internal":0.005568187427859725,"distribution":"{\"name\": \"FloatDistribution\", \"attributes\": {\"step\": null, \"low\": 0.0001, \"high\": 0.1, \"log\": true}}"}
{"op_code":5,"worker_id":"ed23daf3-55a7-43f3-b96f-f2df98ce0efd-140193173047104","trial_id":470,"param_name":"dropout","param_value_internal":0.4302148123614705,"distribution":"{\"name\": \"FloatDistribution\", \"attributes\": {\"step\": null, \"low\": 0.0, \"high\": 0.5, \"log\": false}}"}
{"op_code":5,"worker_id":"ed23daf3-55a7-43f3-b96f-f2df98ce0efd-140193173047104","trial_id":470,"param_name":"layers","param_value_internal":1,"distribution":"{\"name\": \"CategoricalDistribution\", \"attributes\": {\"choices\": [1, 2, 3]}}"}
{"op_code":5,"worker_id":"ed23daf3-55a7-43f3-b96f-f2df98ce0efd-140193173047104","trial_id":470,"param_name":"nodes","param_value_internal":2,"distribution":"{\"name\": \"CategoricalDistribution\", \"attributes\": {\"choices\": [16, 32, 64]}}"}
{"op_code":6,"worker_id":"ed23daf3-55a7-43f3-b96f-f2df98ce0efd-140193173047104","trial_id":470,"state":1,"values":[0.7062683865127857],"datetime_complete":"2026-03-21T12:08:43.170413"}
{"op_code":4,"worker_id":"ed23daf3-55a7-43f3-b96f-f2df98ce0efd-140193173047104","study_id":0,"datetime_start":"2026-03-21T12:08:43.205757"}
{"op_code":5,"worker_id":"ed23daf3-55a7-43f3-b96f-f2df98ce0efd-140193173047104","trial_id":471,"param_name":"lr","param_value_internal":0.022212654886140062,"distribution":"{\"name\": \"FloatDistribution\", \"attributes\": {\"step\": null, \"low\": 0.0001, \"high\": 0.1, \"log\": true}}"}
{"op_code":5,"worker_id":"ed23daf3-55a7-43f3-b96f-f2df98ce0efd-140193173047104","trial_id":471,"param_name":"dropout","param_value_internal":0.2930826251044133,"distribution":"{\"name\": \"FloatDistribution\", \"attributes\": {\"step\": null, \"low\": 0.0, \"high\": 0.5, \"log\": false}}"}
{"op_code":5,"worker_id":"ed23daf3-55a7-43f3-b96f-f2df98ce0efd-140193173047104","trial_id":471,"param_name":"layers","param_value_internal":1,"distribution":"{\"name\": \"CategoricalDistribution\", \"attributes\": {\"choices\": [1, 2, 3]}}"}
{"op_code":5,"worker_id":"ed23daf3-55a7-43f3-b96f-f2df98ce0efd-140193173047104","trial_id":471,"param_name":"nodes","param_value_internal":2,"distribution":"{\"name\": \"CategoricalDistribution\", \"attributes\": {\"choices\": [16, 32, 64]}}"}
{"op_code":6,"worker_id":"ed23daf3-55a7-43f3-b96f-f2df98ce0efd-140193173047104","trial_id":471,"state":1,"values":[0.667571848834578],"datetime_complete":"2026-03-21T12:08:46.072978"}
{"op_code":4,"worker_id":"ed23daf3-55a7-43f3-b96f-f2df98ce0efd-140193173047104","study_id":0,"datetime_start":"2026-03-21T12:08:46.193063"}
{"op_code":5,"worker_id":"ed23daf3-55a7-43f3-b96f-f2df98ce0efd-140193173047104","trial_id":472,"param_name":"lr","param_value_internal":0.002705408973596338,"distribution":"{\"name\": \"FloatDistribution\", \"attributes\": {\"step\": null, \"low\": 0.0001, \"high\": 0.1, \"log\": true}}"}
{"op_code":5,"worker_id":"ed23daf3-55a7-43f3-b96f-f2df98ce0efd-140193173047104","trial_id":472,"param_name":"dropout","param_value_internal":0.32639654060104134,"distribution":"{\"name\": \"FloatDistribution\", \"attributes\": {\"step\": null, \"low\": 0.0, \"high\": 0.5, \"log\": false}}"}
{"op_code":5,"worker_id":"ed23daf3-55a7-43f3-b96f-f2df98ce0efd-140193173047104","trial_id":472,"param_name":"layers","param_value_internal":1,"distribution":"{\"name\": \"CategoricalDistribution\", \"attributes\": {\"choices\": [1, 2, 3]}}"}
{"op_code":5,"worker_id":"ed23daf3-55a7-43f3-b96f-f2df98ce0efd-140193173047104","trial_id":472,"param_name":"nodes","param_value_internal":0,"distribution":"{\"name\": \"CategoricalDistribution\", \"attributes\": {\"choices\": [16, 32, 64]}}"}
{"op_code":6,"worker_id":"ed23daf3-55a7-43f3-b96f-f2df98ce0efd-140193173047104","trial_id":472,"state":1,"values":[0.6543335596288753],"datetime_complete":"2026-03-21T12:08:49.304272"}
{"op_code":4,"worker_id":"ed23daf3-55a7-43f3-b96f-f2df98ce0efd-140193173047104","study_id":0,"datetime_start":"2026-03-21T12:08:49.421019"}
{"op_code":5,"worker_id":"ed23daf3-55a7-43f3-b96f-f2df98ce0efd-140193173047104","trial_id":473,"param_name":"lr","param_value_internal":0.004706365036659803,"distribution":"{\"name\": \"FloatDistribution\", \"attributes\": {\"step\": null, \"low\": 0.0001, \"high\": 0.1, \"log\": true}}"}
{"op_code":5,"worker_id":"ed23daf3-55a7-43f3-b96f-f2df98ce0efd-140193173047104","trial_id":473,"param_name":"dropout","param_value_internal":0.23560094533618603,"distribution":"{\"name\": \"FloatDistribution\", \"attributes\": {\"step\": null, \"low\": 0.0, \"high\": 0.5, \"log\": false}}"}
{"op_code":5,"worker_id":"ed23daf3-55a7-43f3-b96f-f2df98ce0efd-140193173047104","trial_id":473,"param_name":"layers","param_value_internal":0,"distribution":"{\"name\": \"CategoricalDistribution\", \"attributes\": {\"choices\": [1, 2, 3]}}"}
{"op_code":5,"worker_id":"ed23daf3-55a7-43f3-b96f-f2df98ce0efd-140193173047104","trial_id":473,"param_name":"nodes","param_value_internal":2,"distribution":"{\"name\": \"CategoricalDistribution\", \"attributes\": {\"choices\": [16, 32, 64]}}"}
{"op_code":6,"worker_id":"ed23daf3-55a7-43f3-b96f-f2df98ce0efd-140193173047104","trial_id":473,"state":1,"values":[0.6516180131251414],"datetime_complete":"2026-03-21T12:08:51.998890"}
{"op_code":4,"worker_id":"ed23daf3-55a7-43f3-b96f-f2df98ce0efd-140193173047104","study_id":0,"datetime_start":"2026-03-21T12:08:52.027285"}
{"op_code":5,"worker_id":"ed23daf3-55a7-43f3-b96f-f2df98ce0efd-140193173047104","trial_id":474,"param_name":"lr","param_value_internal":0.0011310115779939373,"distribution":"{\"name\": \"FloatDistribution\", \"attributes\": {\"step\": null, \"low\": 0.0001, \"high\": 0.1, \"log\": true}}"}
{"op_code":5,"worker_id":"ed23daf3-55a7-43f3-b96f-f2df98ce0efd-140193173047104","trial_id":474,"param_name":"dropout","param_value_internal":0.47943214364375164,"distribution":"{\"name\": \"FloatDistribution\", \"attributes\": {\"step\": null, \"low\": 0.0, \"high\": 0.5, \"log\": false}}"}
{"op_code":5,"worker_id":"ed23daf3-55a7-43f3-b96f-f2df98ce0efd-140193173047104","trial_id":474,"param_name":"layers","param_value_internal":1,"distribution":"{\"name\": \"CategoricalDistribution\", \"attributes\": {\"choices\": [1, 2, 3]}}"}
{"op_code":5,"worker_id":"ed23daf3-55a7-43f3-b96f-f2df98ce0efd-140193173047104","trial_id":474,"param_name":"nodes","param_value_internal":2,"distribution":"{\"name\": \"CategoricalDistribution\", \"attributes\": {\"choices\": [16, 32, 64]}}"}
{"op_code":6,"worker_id":"ed23daf3-55a7-43f3-b96f-f2df98ce0efd-140193173047104","trial_id":474,"state":1,"values":[0.593346911065852],"datetime_complete":"2026-03-21T12:08:54.495136"}
{"op_code":4,"worker_id":"ed23daf3-55a7-43f3-b96f-f2df98ce0efd-140193173047104","study_id":0,"datetime_start":"2026-03-21T12:08:54.518591"}
{"op_code":5,"worker_id":"ed23daf3-55a7-43f3-b96f-f2df98ce0efd-140193173047104","trial_id":475,"param_name":"lr","param_value_internal":0.0035371627259151678,"distribution":"{\"name\": \"FloatDistribution\", \"attributes\": {\"step\": null, \"low\": 0.0001, \"high\": 0.1, \"log\": true}}"}
{"op_code":5,"worker_id":"ed23daf3-55a7-43f3-b96f-f2df98ce0efd-140193173047104","trial_id":475,"param_name":"dropout","param_value_internal":0.40757129726736147,"distribution":"{\"name\": \"FloatDistribution\", \"attributes\": {\"step\": null, \"low\": 0.0, \"high\": 0.5, \"log\": false}}"}
{"op_code":5,"worker_id":"ed23daf3-55a7-43f3-b96f-f2df98ce0efd-140193173047104","trial_id":475,"param_name":"layers","param_value_internal":1,"distribution":"{\"name\": \"CategoricalDistribution\", \"attributes\": {\"choices\": [1, 2, 3]}}"}
{"op_code":5,"worker_id":"ed23daf3-55a7-43f3-b96f-f2df98ce0efd-140193173047104","trial_id":475,"param_name":"nodes","param_value_internal":2,"distribution":"{\"name\": \"CategoricalDistribution\", \"attributes\": {\"choices\": [16, 32, 64]}}"}
{"op_code":6,"worker_id":"ed23daf3-55a7-43f3-b96f-f2df98ce0efd-140193173047104","trial_id":475,"state":1,"values":[0.6792260692464358],"datetime_complete":"2026-03-21T12:08:56.958982"}
{"op_code":4,"worker_id":"ed23daf3-55a7-43f3-b96f-f2df98ce0efd-140193173047104","study_id":0,"datetime_start":"2026-03-21T12:08:56.980394"}
{"op_code":5,"worker_id":"ed23daf3-55a7-43f3-b96f-f2df98ce0efd-140193173047104","trial_id":476,"param_name":"lr","param_value_internal":0.0280685554607943,"distribution":"{\"name\": \"FloatDistribution\", \"attributes\": {\"step\": null, \"low\": 0.0001, \"high\": 0.1, \"log\": true}}"}
{"op_code":5,"worker_id":"ed23daf3-55a7-43f3-b96f-f2df98ce0efd-140193173047104","trial_id":476,"param_name":"dropout","param_value_internal":0.31042218849880704,"distribution":"{\"name\": \"FloatDistribution\", \"attributes\": {\"step\": null, \"low\": 0.0, \"high\": 0.5, \"log\": false}}"}
{"op_code":5,"worker_id":"ed23daf3-55a7-43f3-b96f-f2df98ce0efd-140193173047104","trial_id":476,"param_name":"layers","param_value_internal":2,"distribution":"{\"name\": \"CategoricalDistribution\", \"attributes\": {\"choices\": [1, 2, 3]}}"}
{"op_code":5,"worker_id":"ed23daf3-55a7-43f3-b96f-f2df98ce0efd-140193173047104","trial_id":476,"param_name":"nodes","param_value_internal":2,"distribution":"{\"name\": \"CategoricalDistribution\", \"attributes\": {\"choices\": [16, 32, 64]}}"}
{"op_code":6,"worker_id":"ed23daf3-55a7-43f3-b96f-f2df98ce0efd-140193173047104","trial_id":476,"state":1,"values":[0.6930300973070831],"datetime_complete":"2026-03-21T12:08:59.753857"}
{"op_code":4,"worker_id":"ed23daf3-55a7-43f3-b96f-f2df98ce0efd-140193173047104","study_id":0,"datetime_start":"2026-03-21T12:08:59.800694"}
{"op_code":5,"worker_id":"ed23daf3-55a7-43f3-b96f-f2df98ce0efd-140193173047104","trial_id":477,"param_name":"lr","param_value_internal":0.019691482027123064,"distribution":"{\"name\": \"FloatDistribution\", \"attributes\": {\"step\": null, \"low\": 0.0001, \"high\": 0.1, \"log\": true}}"}
{"op_code":5,"worker_id":"ed23daf3-55a7-43f3-b96f-f2df98ce0efd-140193173047104","trial_id":477,"param_name":"dropout","param_value_internal":0.3713080933719413,"distribution":"{\"name\": \"FloatDistribution\", \"attributes\": {\"step\": null, \"low\": 0.0, \"high\": 0.5, \"log\": false}}"}
{"op_code":5,"worker_id":"ed23daf3-55a7-43f3-b96f-f2df98ce0efd-140193173047104","trial_id":477,"param_name":"layers","param_value_internal":1,"distribution":"{\"name\": \"CategoricalDistribution\", \"attributes\": {\"choices\": [1, 2, 3]}}"}
{"op_code":5,"worker_id":"ed23daf3-55a7-43f3-b96f-f2df98ce0efd-140193173047104","trial_id":477,"param_name":"nodes","param_value_internal":2,"distribution":"{\"name\": \"CategoricalDistribution\", \"attributes\": {\"choices\": [16, 32, 64]}}"}
{"op_code":6,"worker_id":"ed23daf3-55a7-43f3-b96f-f2df98ce0efd-140193173047104","trial_id":477,"state":1,"values":[0.6846571622539036],"datetime_complete":"2026-03-21T12:09:02.199597"}
{"op_code":4,"worker_id":"ed23daf3-55a7-43f3-b96f-f2df98ce0efd-140193173047104","study_id":0,"datetime_start":"2026-03-21T12:09:02.218472"}
{"op_code":5,"worker_id":"ed23daf3-55a7-43f3-b96f-f2df98ce0efd-140193173047104","trial_id":478,"param_name":"lr","param_value_internal":0.0024343543089359486,"distribution":"{\"name\": \"FloatDistribution\", \"attributes\": {\"step\": null, \"low\": 0.0001, \"high\": 0.1, \"log\": true}}"}
{"op_code":5,"worker_id":"ed23daf3-55a7-43f3-b96f-f2df98ce0efd-140193173047104","trial_id":478,"param_name":"dropout","param_value_internal":0.3562869989176234,"distribution":"{\"name\": \"FloatDistribution\", \"attributes\": {\"step\": null, \"low\": 0.0, \"high\": 0.5, \"log\": false}}"}
{"op_code":5,"worker_id":"ed23daf3-55a7-43f3-b96f-f2df98ce0efd-140193173047104","trial_id":478,"param_name":"layers","param_value_internal":1,"distribution":"{\"name\": \"CategoricalDistribution\", \"attributes\": {\"choices\": [1, 2, 3]}}"}
{"op_code":5,"worker_id":"ed23daf3-55a7-43f3-b96f-f2df98ce0efd-140193173047104","trial_id":478,"param_name":"nodes","param_value_internal":2,"distribution":"{\"name\": \"CategoricalDistribution\", \"attributes\": {\"choices\": [16, 32, 64]}}"}
{"op_code":6,"worker_id":"ed23daf3-55a7-43f3-b96f-f2df98ce0efd-140193173047104","trial_id":478,"state":1,"values":[0.6725503507580901],"datetime_complete":"2026-03-21T12:09:04.666839"}
{"op_code":4,"worker_id":"ed23daf3-55a7-43f3-b96f-f2df98ce0efd-140193173047104","study_id":0,"datetime_start":"2026-03-21T12:09:04.692405"}
{"op_code":5,"worker_id":"ed23daf3-55a7-43f3-b96f-f2df98ce0efd-140193173047104","trial_id":479,"param_name":"lr","param_value_internal":0.0030674250360440917,"distribution":"{\"name\": \"FloatDistribution\", \"attributes\": {\"step\": null, \"low\": 0.0001, \"high\": 0.1, \"log\": true}}"}
{"op_code":5,"worker_id":"ed23daf3-55a7-43f3-b96f-f2df98ce0efd-140193173047104","trial_id":479,"param_name":"dropout","param_value_internal":0.49978346576363275,"distribution":"{\"name\": \"FloatDistribution\", \"attributes\": {\"step\": null, \"low\": 0.0, \"high\": 0.5, \"log\": false}}"}
{"op_code":5,"worker_id":"ed23daf3-55a7-43f3-b96f-f2df98ce0efd-140193173047104","trial_id":479,"param_name":"layers","param_value_internal":1,"distribution":"{\"name\": \"CategoricalDistribution\", \"attributes\": {\"choices\": [1, 2, 3]}}"}
{"op_code":5,"worker_id":"ed23daf3-55a7-43f3-b96f-f2df98ce0efd-140193173047104","trial_id":479,"param_name":"nodes","param_value_internal":1,"distribution":"{\"name\": \"CategoricalDistribution\", \"attributes\": {\"choices\": [16, 32, 64]}}"}
{"op_code":6,"worker_id":"ed23daf3-55a7-43f3-b96f-f2df98ce0efd-140193173047104","trial_id":479,"state":1,"values":[0.664969450101833],"datetime_complete":"2026-03-21T12:09:07.107188"}
