{"op_code":0,"worker_id":"0971b8cf-2939-421e-b441-884447cb8ed7-139679950972736","study_name":"deephit_tuning","directions":[2]}
{"op_code":4,"worker_id":"0971b8cf-2939-421e-b441-884447cb8ed7-139679950972736","study_id":0,"datetime_start":"2026-03-20T18:02:58.504376"}
{"op_code":5,"worker_id":"0971b8cf-2939-421e-b441-884447cb8ed7-139679950972736","trial_id":0,"param_name":"lr","param_value_internal":0.0037060489264544643,"distribution":"{\"name\": \"FloatDistribution\", \"attributes\": {\"step\": null, \"low\": 0.0001, \"high\": 0.1, \"log\": true}}"}
{"op_code":5,"worker_id":"0971b8cf-2939-421e-b441-884447cb8ed7-139679950972736","trial_id":0,"param_name":"dropout","param_value_internal":0.3092542538091977,"distribution":"{\"name\": \"FloatDistribution\", \"attributes\": {\"step\": null, \"low\": 0.0, \"high\": 0.5, \"log\": false}}"}
{"op_code":5,"worker_id":"0971b8cf-2939-421e-b441-884447cb8ed7-139679950972736","trial_id":0,"param_name":"nodes","param_value_internal":1,"distribution":"{\"name\": \"CategoricalDistribution\", \"attributes\": {\"choices\": [32, 64, 128]}}"}
{"op_code":6,"worker_id":"0971b8cf-2939-421e-b441-884447cb8ed7-139679950972736","trial_id":0,"state":1,"values":[0.8057088030702806],"datetime_complete":"2026-03-20T18:03:12.785598"}
{"op_code":4,"worker_id":"0971b8cf-2939-421e-b441-884447cb8ed7-139679950972736","study_id":0,"datetime_start":"2026-03-20T18:03:12.809821"}
{"op_code":5,"worker_id":"0971b8cf-2939-421e-b441-884447cb8ed7-139679950972736","trial_id":1,"param_name":"lr","param_value_internal":0.000662918096560233,"distribution":"{\"name\": \"FloatDistribution\", \"attributes\": {\"step\": null, \"low\": 0.0001, \"high\": 0.1, \"log\": true}}"}
{"op_code":5,"worker_id":"0971b8cf-2939-421e-b441-884447cb8ed7-139679950972736","trial_id":1,"param_name":"dropout","param_value_internal":0.194903159123952,"distribution":"{\"name\": \"FloatDistribution\", \"attributes\": {\"step\": null, \"low\": 0.0, \"high\": 0.5, \"log\": false}}"}
{"op_code":5,"worker_id":"0971b8cf-2939-421e-b441-884447cb8ed7-139679950972736","trial_id":1,"param_name":"nodes","param_value_internal":2,"distribution":"{\"name\": \"CategoricalDistribution\", \"attributes\": {\"choices\": [32, 64, 128]}}"}
{"op_code":6,"worker_id":"0971b8cf-2939-421e-b441-884447cb8ed7-139679950972736","trial_id":1,"state":1,"values":[0.7800165240798487],"datetime_complete":"2026-03-20T18:03:15.677715"}
{"op_code":4,"worker_id":"0971b8cf-2939-421e-b441-884447cb8ed7-139679950972736","study_id":0,"datetime_start":"2026-03-20T18:03:15.691091"}
{"op_code":5,"worker_id":"0971b8cf-2939-421e-b441-884447cb8ed7-139679950972736","trial_id":2,"param_name":"lr","param_value_internal":0.046843550145568305,"distribution":"{\"name\": \"FloatDistribution\", \"attributes\": {\"step\": null, \"low\": 0.0001, \"high\": 0.1, \"log\": true}}"}
{"op_code":5,"worker_id":"0971b8cf-2939-421e-b441-884447cb8ed7-139679950972736","trial_id":2,"param_name":"dropout","param_value_internal":0.28610071129901826,"distribution":"{\"name\": \"FloatDistribution\", \"attributes\": {\"step\": null, \"low\": 0.0, \"high\": 0.5, \"log\": false}}"}
{"op_code":5,"worker_id":"0971b8cf-2939-421e-b441-884447cb8ed7-139679950972736","trial_id":2,"param_name":"nodes","param_value_internal":1,"distribution":"{\"name\": \"CategoricalDistribution\", \"attributes\": {\"choices\": [32, 64, 128]}}"}
{"op_code":6,"worker_id":"0971b8cf-2939-421e-b441-884447cb8ed7-139679950972736","trial_id":2,"state":1,"values":[0.7976599770795021],"datetime_complete":"2026-03-20T18:03:18.506374"}
{"op_code":4,"worker_id":"0971b8cf-2939-421e-b441-884447cb8ed7-139679950972736","study_id":0,"datetime_start":"2026-03-20T18:03:18.526096"}
{"op_code":5,"worker_id":"0971b8cf-2939-421e-b441-884447cb8ed7-139679950972736","trial_id":3,"param_name":"lr","param_value_internal":0.00015613316940176275,"distribution":"{\"name\": \"FloatDistribution\", \"attributes\": {\"step\": null, \"low\": 0.0001, \"high\": 0.1, \"log\": true}}"}
{"op_code":5,"worker_id":"0971b8cf-2939-421e-b441-884447cb8ed7-139679950972736","trial_id":3,"param_name":"dropout","param_value_internal":0.04779045569192891,"distribution":"{\"name\": \"FloatDistribution\", \"attributes\": {\"step\": null, \"low\": 0.0, \"high\": 0.5, \"log\": false}}"}
{"op_code":5,"worker_id":"0971b8cf-2939-421e-b441-884447cb8ed7-139679950972736","trial_id":3,"param_name":"nodes","param_value_internal":2,"distribution":"{\"name\": \"CategoricalDistribution\", \"attributes\": {\"choices\": [32, 64, 128]}}"}
{"op_code":6,"worker_id":"0971b8cf-2939-421e-b441-884447cb8ed7-139679950972736","trial_id":3,"state":1,"values":[0.7670904293595586],"datetime_complete":"2026-03-20T18:03:21.381500"}
{"op_code":4,"worker_id":"0971b8cf-2939-421e-b441-884447cb8ed7-139679950972736","study_id":0,"datetime_start":"2026-03-20T18:03:21.398202"}
{"op_code":5,"worker_id":"0971b8cf-2939-421e-b441-884447cb8ed7-139679950972736","trial_id":4,"param_name":"lr","param_value_internal":0.023850907731630493,"distribution":"{\"name\": \"FloatDistribution\", \"attributes\": {\"step\": null, \"low\": 0.0001, \"high\": 0.1, \"log\": true}}"}
{"op_code":5,"worker_id":"0971b8cf-2939-421e-b441-884447cb8ed7-139679950972736","trial_id":4,"param_name":"dropout","param_value_internal":0.30938784509777745,"distribution":"{\"name\": \"FloatDistribution\", \"attributes\": {\"step\": null, \"low\": 0.0, \"high\": 0.5, \"log\": false}}"}
{"op_code":5,"worker_id":"0971b8cf-2939-421e-b441-884447cb8ed7-139679950972736","trial_id":4,"param_name":"nodes","param_value_internal":2,"distribution":"{\"name\": \"CategoricalDistribution\", \"attributes\": {\"choices\": [32, 64, 128]}}"}
{"op_code":6,"worker_id":"0971b8cf-2939-421e-b441-884447cb8ed7-139679950972736","trial_id":4,"state":1,"values":[0.799392340289438],"datetime_complete":"2026-03-20T18:03:24.227557"}
{"op_code":4,"worker_id":"0971b8cf-2939-421e-b441-884447cb8ed7-139679950972736","study_id":0,"datetime_start":"2026-03-20T18:03:24.243001"}
{"op_code":5,"worker_id":"0971b8cf-2939-421e-b441-884447cb8ed7-139679950972736","trial_id":5,"param_name":"lr","param_value_internal":0.00474923856563915,"distribution":"{\"name\": \"FloatDistribution\", \"attributes\": {\"step\": null, \"low\": 0.0001, \"high\": 0.1, \"log\": true}}"}
{"op_code":5,"worker_id":"0971b8cf-2939-421e-b441-884447cb8ed7-139679950972736","trial_id":5,"param_name":"dropout","param_value_internal":0.271968556083155,"distribution":"{\"name\": \"FloatDistribution\", \"attributes\": {\"step\": null, \"low\": 0.0, \"high\": 0.5, \"log\": false}}"}
{"op_code":5,"worker_id":"0971b8cf-2939-421e-b441-884447cb8ed7-139679950972736","trial_id":5,"param_name":"nodes","param_value_internal":0,"distribution":"{\"name\": \"CategoricalDistribution\", \"attributes\": {\"choices\": [32, 64, 128]}}"}
{"op_code":6,"worker_id":"0971b8cf-2939-421e-b441-884447cb8ed7-139679950972736","trial_id":5,"state":1,"values":[0.8130780096479305],"datetime_complete":"2026-03-20T18:03:27.035629"}
{"op_code":4,"worker_id":"0971b8cf-2939-421e-b441-884447cb8ed7-139679950972736","study_id":0,"datetime_start":"2026-03-20T18:03:27.049329"}
{"op_code":5,"worker_id":"0971b8cf-2939-421e-b441-884447cb8ed7-139679950972736","trial_id":6,"param_name":"lr","param_value_internal":0.012704414318395463,"distribution":"{\"name\": \"FloatDistribution\", \"attributes\": {\"step\": null, \"low\": 0.0001, \"high\": 0.1, \"log\": true}}"}
{"op_code":5,"worker_id":"0971b8cf-2939-421e-b441-884447cb8ed7-139679950972736","trial_id":6,"param_name":"dropout","param_value_internal":0.4286164234197173,"distribution":"{\"name\": \"FloatDistribution\", \"attributes\": {\"step\": null, \"low\": 0.0, \"high\": 0.5, \"log\": false}}"}
{"op_code":5,"worker_id":"0971b8cf-2939-421e-b441-884447cb8ed7-139679950972736","trial_id":6,"param_name":"nodes","param_value_internal":0,"distribution":"{\"name\": \"CategoricalDistribution\", \"attributes\": {\"choices\": [32, 64, 128]}}"}
{"op_code":6,"worker_id":"0971b8cf-2939-421e-b441-884447cb8ed7-139679950972736","trial_id":6,"state":1,"values":[0.8052290717198369],"datetime_complete":"2026-03-20T18:03:29.854423"}
{"op_code":4,"worker_id":"0971b8cf-2939-421e-b441-884447cb8ed7-139679950972736","study_id":0,"datetime_start":"2026-03-20T18:03:29.873274"}
{"op_code":5,"worker_id":"0971b8cf-2939-421e-b441-884447cb8ed7-139679950972736","trial_id":7,"param_name":"lr","param_value_internal":0.00013904773704043503,"distribution":"{\"name\": \"FloatDistribution\", \"attributes\": {\"step\": null, \"low\": 0.0001, \"high\": 0.1, \"log\": true}}"}
{"op_code":5,"worker_id":"0971b8cf-2939-421e-b441-884447cb8ed7-139679950972736","trial_id":7,"param_name":"dropout","param_value_internal":0.43572688798266407,"distribution":"{\"name\": \"FloatDistribution\", \"attributes\": {\"step\": null, \"low\": 0.0, \"high\": 0.5, \"log\": false}}"}
{"op_code":5,"worker_id":"0971b8cf-2939-421e-b441-884447cb8ed7-139679950972736","trial_id":7,"param_name":"nodes","param_value_internal":2,"distribution":"{\"name\": \"CategoricalDistribution\", \"attributes\": {\"choices\": [32, 64, 128]}}"}
{"op_code":6,"worker_id":"0971b8cf-2939-421e-b441-884447cb8ed7-139679950972736","trial_id":7,"state":1,"values":[0.759321446656539],"datetime_complete":"2026-03-20T18:03:32.654808"}
{"op_code":4,"worker_id":"0971b8cf-2939-421e-b441-884447cb8ed7-139679950972736","study_id":0,"datetime_start":"2026-03-20T18:03:32.671968"}
{"op_code":5,"worker_id":"0971b8cf-2939-421e-b441-884447cb8ed7-139679950972736","trial_id":8,"param_name":"lr","param_value_internal":0.005470673368736718,"distribution":"{\"name\": \"FloatDistribution\", \"attributes\": {\"step\": null, \"low\": 0.0001, \"high\": 0.1, \"log\": true}}"}
{"op_code":5,"worker_id":"0971b8cf-2939-421e-b441-884447cb8ed7-139679950972736","trial_id":8,"param_name":"dropout","param_value_internal":0.21351831610403987,"distribution":"{\"name\": \"FloatDistribution\", \"attributes\": {\"step\": null, \"low\": 0.0, \"high\": 0.5, \"log\": false}}"}
{"op_code":5,"worker_id":"0971b8cf-2939-421e-b441-884447cb8ed7-139679950972736","trial_id":8,"param_name":"nodes","param_value_internal":0,"distribution":"{\"name\": \"CategoricalDistribution\", \"attributes\": {\"choices\": [32, 64, 128]}}"}
{"op_code":6,"worker_id":"0971b8cf-2939-421e-b441-884447cb8ed7-139679950972736","trial_id":8,"state":1,"values":[0.7874257082700354],"datetime_complete":"2026-03-20T18:03:35.472383"}
{"op_code":4,"worker_id":"0971b8cf-2939-421e-b441-884447cb8ed7-139679950972736","study_id":0,"datetime_start":"2026-03-20T18:03:35.487390"}
{"op_code":5,"worker_id":"0971b8cf-2939-421e-b441-884447cb8ed7-139679950972736","trial_id":9,"param_name":"lr","param_value_internal":0.0002938965884626118,"distribution":"{\"name\": \"FloatDistribution\", \"attributes\": {\"step\": null, \"low\": 0.0001, \"high\": 0.1, \"log\": true}}"}
{"op_code":5,"worker_id":"0971b8cf-2939-421e-b441-884447cb8ed7-139679950972736","trial_id":9,"param_name":"dropout","param_value_internal":0.09349408673780041,"distribution":"{\"name\": \"FloatDistribution\", \"attributes\": {\"step\": null, \"low\": 0.0, \"high\": 0.5, \"log\": false}}"}
{"op_code":5,"worker_id":"0971b8cf-2939-421e-b441-884447cb8ed7-139679950972736","trial_id":9,"param_name":"nodes","param_value_internal":0,"distribution":"{\"name\": \"CategoricalDistribution\", \"attributes\": {\"choices\": [32, 64, 128]}}"}
{"op_code":6,"worker_id":"0971b8cf-2939-421e-b441-884447cb8ed7-139679950972736","trial_id":9,"state":1,"values":[0.7624397004344234],"datetime_complete":"2026-03-20T18:03:38.222096"}
{"op_code":0,"worker_id":"2ea79add-be99-47aa-99e3-110901c8b0d1-139679950972736","study_name":"deephit_tuning","directions":[2]}
{"op_code":4,"worker_id":"2ea79add-be99-47aa-99e3-110901c8b0d1-139679950972736","study_id":0,"datetime_start":"2026-03-20T18:16:37.869156"}
{"op_code":5,"worker_id":"2ea79add-be99-47aa-99e3-110901c8b0d1-139679950972736","trial_id":10,"param_name":"lr","param_value_internal":0.0008439234520630668,"distribution":"{\"name\": \"FloatDistribution\", \"attributes\": {\"step\": null, \"low\": 0.0001, \"high\": 0.1, \"log\": true}}"}
{"op_code":5,"worker_id":"2ea79add-be99-47aa-99e3-110901c8b0d1-139679950972736","trial_id":10,"param_name":"dropout","param_value_internal":0.13360387465496903,"distribution":"{\"name\": \"FloatDistribution\", \"attributes\": {\"step\": null, \"low\": 0.0, \"high\": 0.5, \"log\": false}}"}
{"op_code":5,"worker_id":"2ea79add-be99-47aa-99e3-110901c8b0d1-139679950972736","trial_id":10,"param_name":"nodes","param_value_internal":0,"distribution":"{\"name\": \"CategoricalDistribution\", \"attributes\": {\"choices\": [32, 64, 128]}}"}
{"op_code":6,"worker_id":"2ea79add-be99-47aa-99e3-110901c8b0d1-139679950972736","trial_id":10,"state":1,"values":[0.7862652206256607],"datetime_complete":"2026-03-20T18:17:19.835645"}
{"op_code":4,"worker_id":"2ea79add-be99-47aa-99e3-110901c8b0d1-139679950972736","study_id":0,"datetime_start":"2026-03-20T18:17:19.848188"}
{"op_code":5,"worker_id":"2ea79add-be99-47aa-99e3-110901c8b0d1-139679950972736","trial_id":11,"param_name":"lr","param_value_internal":0.002964368638851059,"distribution":"{\"name\": \"FloatDistribution\", \"attributes\": {\"step\": null, \"low\": 0.0001, \"high\": 0.1, \"log\": true}}"}
{"op_code":5,"worker_id":"2ea79add-be99-47aa-99e3-110901c8b0d1-139679950972736","trial_id":11,"param_name":"dropout","param_value_internal":0.35804636069326834,"distribution":"{\"name\": \"FloatDistribution\", \"attributes\": {\"step\": null, \"low\": 0.0, \"high\": 0.5, \"log\": false}}"}
{"op_code":5,"worker_id":"2ea79add-be99-47aa-99e3-110901c8b0d1-139679950972736","trial_id":11,"param_name":"nodes","param_value_internal":1,"distribution":"{\"name\": \"CategoricalDistribution\", \"attributes\": {\"choices\": [32, 64, 128]}}"}
{"op_code":6,"worker_id":"2ea79add-be99-47aa-99e3-110901c8b0d1-139679950972736","trial_id":11,"state":1,"values":[0.7805750231653681],"datetime_complete":"2026-03-20T18:17:26.384692"}
{"op_code":4,"worker_id":"2ea79add-be99-47aa-99e3-110901c8b0d1-139679950972736","study_id":0,"datetime_start":"2026-03-20T18:17:29.277231"}
{"op_code":5,"worker_id":"2ea79add-be99-47aa-99e3-110901c8b0d1-139679950972736","trial_id":12,"param_name":"lr","param_value_internal":0.0040067520618832985,"distribution":"{\"name\": \"FloatDistribution\", \"attributes\": {\"step\": null, \"low\": 0.0001, \"high\": 0.1, \"log\": true}}"}
{"op_code":5,"worker_id":"2ea79add-be99-47aa-99e3-110901c8b0d1-139679950972736","trial_id":12,"param_name":"dropout","param_value_internal":0.3524274342373424,"distribution":"{\"name\": \"FloatDistribution\", \"attributes\": {\"step\": null, \"low\": 0.0, \"high\": 0.5, \"log\": false}}"}
{"op_code":5,"worker_id":"2ea79add-be99-47aa-99e3-110901c8b0d1-139679950972736","trial_id":12,"param_name":"nodes","param_value_internal":1,"distribution":"{\"name\": \"CategoricalDistribution\", \"attributes\": {\"choices\": [32, 64, 128]}}"}
{"op_code":6,"worker_id":"2ea79add-be99-47aa-99e3-110901c8b0d1-139679950972736","trial_id":12,"state":1,"values":[0.7911984652127951],"datetime_complete":"2026-03-20T18:17:31.825206"}
{"op_code":4,"worker_id":"2ea79add-be99-47aa-99e3-110901c8b0d1-139679950972736","study_id":0,"datetime_start":"2026-03-20T18:17:35.333182"}
{"op_code":5,"worker_id":"2ea79add-be99-47aa-99e3-110901c8b0d1-139679950972736","trial_id":13,"param_name":"lr","param_value_internal":0.0015090055160422024,"distribution":"{\"name\": \"FloatDistribution\", \"attributes\": {\"step\": null, \"low\": 0.0001, \"high\": 0.1, \"log\": true}}"}
{"op_code":5,"worker_id":"2ea79add-be99-47aa-99e3-110901c8b0d1-139679950972736","trial_id":13,"param_name":"dropout","param_value_internal":0.2403761808572204,"distribution":"{\"name\": \"FloatDistribution\", \"attributes\": {\"step\": null, \"low\": 0.0, \"high\": 0.5, \"log\": false}}"}
{"op_code":5,"worker_id":"2ea79add-be99-47aa-99e3-110901c8b0d1-139679950972736","trial_id":13,"param_name":"nodes","param_value_internal":1,"distribution":"{\"name\": \"CategoricalDistribution\", \"attributes\": {\"choices\": [32, 64, 128]}}"}
{"op_code":6,"worker_id":"2ea79add-be99-47aa-99e3-110901c8b0d1-139679950972736","trial_id":13,"state":1,"values":[0.7849992821998617],"datetime_complete":"2026-03-20T18:17:41.698393"}
{"op_code":4,"worker_id":"2ea79add-be99-47aa-99e3-110901c8b0d1-139679950972736","study_id":0,"datetime_start":"2026-03-20T18:17:43.078301"}
{"op_code":5,"worker_id":"2ea79add-be99-47aa-99e3-110901c8b0d1-139679950972736","trial_id":14,"param_name":"lr","param_value_internal":0.011608257311690061,"distribution":"{\"name\": \"FloatDistribution\", \"attributes\": {\"step\": null, \"low\": 0.0001, \"high\": 0.1, \"log\": true}}"}
{"op_code":5,"worker_id":"2ea79add-be99-47aa-99e3-110901c8b0d1-139679950972736","trial_id":14,"param_name":"dropout","param_value_internal":0.498659217913283,"distribution":"{\"name\": \"FloatDistribution\", \"attributes\": {\"step\": null, \"low\": 0.0, \"high\": 0.5, \"log\": false}}"}
{"op_code":5,"worker_id":"2ea79add-be99-47aa-99e3-110901c8b0d1-139679950972736","trial_id":14,"param_name":"nodes","param_value_internal":0,"distribution":"{\"name\": \"CategoricalDistribution\", \"attributes\": {\"choices\": [32, 64, 128]}}"}
{"op_code":6,"worker_id":"2ea79add-be99-47aa-99e3-110901c8b0d1-139679950972736","trial_id":14,"state":1,"values":[0.7729532907873615],"datetime_complete":"2026-03-20T18:17:45.508861"}
{"op_code":4,"worker_id":"2ea79add-be99-47aa-99e3-110901c8b0d1-139679950972736","study_id":0,"datetime_start":"2026-03-20T18:17:48.523907"}
{"op_code":5,"worker_id":"2ea79add-be99-47aa-99e3-110901c8b0d1-139679950972736","trial_id":15,"param_name":"lr","param_value_internal":0.07106496665802232,"distribution":"{\"name\": \"FloatDistribution\", \"attributes\": {\"step\": null, \"low\": 0.0001, \"high\": 0.1, \"log\": true}}"}
{"op_code":5,"worker_id":"2ea79add-be99-47aa-99e3-110901c8b0d1-139679950972736","trial_id":15,"param_name":"dropout","param_value_internal":0.1627132436536707,"distribution":"{\"name\": \"FloatDistribution\", \"attributes\": {\"step\": null, \"low\": 0.0, \"high\": 0.5, \"log\": false}}"}
{"op_code":5,"worker_id":"2ea79add-be99-47aa-99e3-110901c8b0d1-139679950972736","trial_id":15,"param_name":"nodes","param_value_internal":1,"distribution":"{\"name\": \"CategoricalDistribution\", \"attributes\": {\"choices\": [32, 64, 128]}}"}
{"op_code":6,"worker_id":"2ea79add-be99-47aa-99e3-110901c8b0d1-139679950972736","trial_id":15,"state":1,"values":[0.7747543165890137],"datetime_complete":"2026-03-20T18:17:51.069062"}
{"op_code":4,"worker_id":"2ea79add-be99-47aa-99e3-110901c8b0d1-139679950972736","study_id":0,"datetime_start":"2026-03-20T18:17:51.080498"}
{"op_code":5,"worker_id":"2ea79add-be99-47aa-99e3-110901c8b0d1-139679950972736","trial_id":16,"param_name":"lr","param_value_internal":0.001954746311359743,"distribution":"{\"name\": \"FloatDistribution\", \"attributes\": {\"step\": null, \"low\": 0.0001, \"high\": 0.1, \"log\": true}}"}
{"op_code":5,"worker_id":"2ea79add-be99-47aa-99e3-110901c8b0d1-139679950972736","trial_id":16,"param_name":"dropout","param_value_internal":0.3155067587139532,"distribution":"{\"name\": \"FloatDistribution\", \"attributes\": {\"step\": null, \"low\": 0.0, \"high\": 0.5, \"log\": false}}"}
{"op_code":5,"worker_id":"2ea79add-be99-47aa-99e3-110901c8b0d1-139679950972736","trial_id":16,"param_name":"nodes","param_value_internal":0,"distribution":"{\"name\": \"CategoricalDistribution\", \"attributes\": {\"choices\": [32, 64, 128]}}"}
{"op_code":6,"worker_id":"2ea79add-be99-47aa-99e3-110901c8b0d1-139679950972736","trial_id":16,"state":1,"values":[0.7685551335760803],"datetime_complete":"2026-03-20T18:17:53.530815"}
{"op_code":4,"worker_id":"2ea79add-be99-47aa-99e3-110901c8b0d1-139679950972736","study_id":0,"datetime_start":"2026-03-20T18:17:53.544443"}
{"op_code":5,"worker_id":"2ea79add-be99-47aa-99e3-110901c8b0d1-139679950972736","trial_id":17,"param_name":"lr","param_value_internal":0.007967736990074203,"distribution":"{\"name\": \"FloatDistribution\", \"attributes\": {\"step\": null, \"low\": 0.0001, \"high\": 0.1, \"log\": true}}"}
{"op_code":5,"worker_id":"2ea79add-be99-47aa-99e3-110901c8b0d1-139679950972736","trial_id":17,"param_name":"dropout","param_value_internal":0.39425777352752345,"distribution":"{\"name\": \"FloatDistribution\", \"attributes\": {\"step\": null, \"low\": 0.0, \"high\": 0.5, \"log\": false}}"}
{"op_code":5,"worker_id":"2ea79add-be99-47aa-99e3-110901c8b0d1-139679950972736","trial_id":17,"param_name":"nodes","param_value_internal":1,"distribution":"{\"name\": \"CategoricalDistribution\", \"attributes\": {\"choices\": [32, 64, 128]}}"}
{"op_code":6,"worker_id":"2ea79add-be99-47aa-99e3-110901c8b0d1-139679950972736","trial_id":17,"state":1,"values":[0.7770121242968822],"datetime_complete":"2026-03-20T18:17:56.117248"}
{"op_code":4,"worker_id":"2ea79add-be99-47aa-99e3-110901c8b0d1-139679950972736","study_id":0,"datetime_start":"2026-03-20T18:17:56.130693"}
{"op_code":5,"worker_id":"2ea79add-be99-47aa-99e3-110901c8b0d1-139679950972736","trial_id":18,"param_name":"lr","param_value_internal":0.018234695123272058,"distribution":"{\"name\": \"FloatDistribution\", \"attributes\": {\"step\": null, \"low\": 0.0001, \"high\": 0.1, \"log\": true}}"}
{"op_code":5,"worker_id":"2ea79add-be99-47aa-99e3-110901c8b0d1-139679950972736","trial_id":18,"param_name":"dropout","param_value_internal":0.25859556131011674,"distribution":"{\"name\": \"FloatDistribution\", \"attributes\": {\"step\": null, \"low\": 0.0, \"high\": 0.5, \"log\": false}}"}
{"op_code":5,"worker_id":"2ea79add-be99-47aa-99e3-110901c8b0d1-139679950972736","trial_id":18,"param_name":"nodes","param_value_internal":0,"distribution":"{\"name\": \"CategoricalDistribution\", \"attributes\": {\"choices\": [32, 64, 128]}}"}
{"op_code":6,"worker_id":"2ea79add-be99-47aa-99e3-110901c8b0d1-139679950972736","trial_id":18,"state":1,"values":[0.7812667214804954],"datetime_complete":"2026-03-20T18:17:58.624087"}
{"op_code":4,"worker_id":"2ea79add-be99-47aa-99e3-110901c8b0d1-139679950972736","study_id":0,"datetime_start":"2026-03-20T18:17:58.635410"}
{"op_code":5,"worker_id":"2ea79add-be99-47aa-99e3-110901c8b0d1-139679950972736","trial_id":19,"param_name":"lr","param_value_internal":0.0008443317713219023,"distribution":"{\"name\": \"FloatDistribution\", \"attributes\": {\"step\": null, \"low\": 0.0001, \"high\": 0.1, \"log\": true}}"}
{"op_code":5,"worker_id":"2ea79add-be99-47aa-99e3-110901c8b0d1-139679950972736","trial_id":19,"param_name":"dropout","param_value_internal":0.26708357039086134,"distribution":"{\"name\": \"FloatDistribution\", \"attributes\": {\"step\": null, \"low\": 0.0, \"high\": 0.5, \"log\": false}}"}
{"op_code":5,"worker_id":"2ea79add-be99-47aa-99e3-110901c8b0d1-139679950972736","trial_id":19,"param_name":"nodes","param_value_internal":1,"distribution":"{\"name\": \"CategoricalDistribution\", \"attributes\": {\"choices\": [32, 64, 128]}}"}
{"op_code":6,"worker_id":"2ea79add-be99-47aa-99e3-110901c8b0d1-139679950972736","trial_id":19,"state":1,"values":[0.7911723633895827],"datetime_complete":"2026-03-20T18:18:01.193002"}
{"op_code":0,"worker_id":"4a9b7816-74f6-46bd-8631-b717b4880312-139679950972736","study_name":"deephit_tuning","directions":[2]}
{"op_code":4,"worker_id":"4a9b7816-74f6-46bd-8631-b717b4880312-139679950972736","study_id":0,"datetime_start":"2026-03-20T18:30:23.138708"}
{"op_code":5,"worker_id":"4a9b7816-74f6-46bd-8631-b717b4880312-139679950972736","trial_id":20,"param_name":"lr","param_value_internal":0.03545966065026845,"distribution":"{\"name\": \"FloatDistribution\", \"attributes\": {\"step\": null, \"low\": 0.0001, \"high\": 0.1, \"log\": true}}"}
{"op_code":5,"worker_id":"4a9b7816-74f6-46bd-8631-b717b4880312-139679950972736","trial_id":20,"param_name":"dropout","param_value_internal":0.16246054902850152,"distribution":"{\"name\": \"FloatDistribution\", \"attributes\": {\"step\": null, \"low\": 0.0, \"high\": 0.5, \"log\": false}}"}
{"op_code":5,"worker_id":"4a9b7816-74f6-46bd-8631-b717b4880312-139679950972736","trial_id":20,"param_name":"nodes","param_value_internal":0,"distribution":"{\"name\": \"CategoricalDistribution\", \"attributes\": {\"choices\": [32, 64, 128]}}"}
{"op_code":6,"worker_id":"4a9b7816-74f6-46bd-8631-b717b4880312-139679950972736","trial_id":20,"state":1,"values":[0.7562382404463764],"datetime_complete":"2026-03-20T18:30:25.418374"}
{"op_code":4,"worker_id":"4a9b7816-74f6-46bd-8631-b717b4880312-139679950972736","study_id":0,"datetime_start":"2026-03-20T18:30:25.433867"}
{"op_code":5,"worker_id":"4a9b7816-74f6-46bd-8631-b717b4880312-139679950972736","trial_id":21,"param_name":"lr","param_value_internal":0.012727500553317502,"distribution":"{\"name\": \"FloatDistribution\", \"attributes\": {\"step\": null, \"low\": 0.0001, \"high\": 0.1, \"log\": true}}"}
{"op_code":5,"worker_id":"4a9b7816-74f6-46bd-8631-b717b4880312-139679950972736","trial_id":21,"param_name":"dropout","param_value_internal":0.4475994714860504,"distribution":"{\"name\": \"FloatDistribution\", \"attributes\": {\"step\": null, \"low\": 0.0, \"high\": 0.5, \"log\": false}}"}
{"op_code":5,"worker_id":"4a9b7816-74f6-46bd-8631-b717b4880312-139679950972736","trial_id":21,"param_name":"nodes","param_value_internal":0,"distribution":"{\"name\": \"CategoricalDistribution\", \"attributes\": {\"choices\": [32, 64, 128]}}"}
{"op_code":6,"worker_id":"4a9b7816-74f6-46bd-8631-b717b4880312-139679950972736","trial_id":21,"state":1,"values":[0.7792772335041848],"datetime_complete":"2026-03-20T18:30:27.897500"}
{"op_code":4,"worker_id":"4a9b7816-74f6-46bd-8631-b717b4880312-139679950972736","study_id":0,"datetime_start":"2026-03-20T18:30:27.924867"}
{"op_code":5,"worker_id":"4a9b7816-74f6-46bd-8631-b717b4880312-139679950972736","trial_id":22,"param_name":"lr","param_value_internal":0.009003736962847772,"distribution":"{\"name\": \"FloatDistribution\", \"attributes\": {\"step\": null, \"low\": 0.0001, \"high\": 0.1, \"log\": true}}"}
{"op_code":5,"worker_id":"4a9b7816-74f6-46bd-8631-b717b4880312-139679950972736","trial_id":22,"param_name":"dropout","param_value_internal":0.39178535307940177,"distribution":"{\"name\": \"FloatDistribution\", \"attributes\": {\"step\": null, \"low\": 0.0, \"high\": 0.5, \"log\": false}}"}
{"op_code":5,"worker_id":"4a9b7816-74f6-46bd-8631-b717b4880312-139679950972736","trial_id":22,"param_name":"nodes","param_value_internal":0,"distribution":"{\"name\": \"CategoricalDistribution\", \"attributes\": {\"choices\": [32, 64, 128]}}"}
{"op_code":6,"worker_id":"4a9b7816-74f6-46bd-8631-b717b4880312-139679950972736","trial_id":22,"state":1,"values":[0.7678972296113671],"datetime_complete":"2026-03-20T18:30:30.381564"}
{"op_code":4,"worker_id":"4a9b7816-74f6-46bd-8631-b717b4880312-139679950972736","study_id":0,"datetime_start":"2026-03-20T18:30:30.397458"}
{"op_code":5,"worker_id":"4a9b7816-74f6-46bd-8631-b717b4880312-139679950972736","trial_id":23,"param_name":"lr","param_value_internal":0.005431817464426872,"distribution":"{\"name\": \"FloatDistribution\", \"attributes\": {\"step\": null, \"low\": 0.0001, \"high\": 0.1, \"log\": true}}"}
{"op_code":5,"worker_id":"4a9b7816-74f6-46bd-8631-b717b4880312-139679950972736","trial_id":23,"param_name":"dropout","param_value_internal":0.34370979137406665,"distribution":"{\"name\": \"FloatDistribution\", \"attributes\": {\"step\": null, \"low\": 0.0, \"high\": 0.5, \"log\": false}}"}
{"op_code":5,"worker_id":"4a9b7816-74f6-46bd-8631-b717b4880312-139679950972736","trial_id":23,"param_name":"nodes","param_value_internal":0,"distribution":"{\"name\": \"CategoricalDistribution\", \"attributes\": {\"choices\": [32, 64, 128]}}"}
{"op_code":6,"worker_id":"4a9b7816-74f6-46bd-8631-b717b4880312-139679950972736","trial_id":23,"state":1,"values":[0.7702329202621164],"datetime_complete":"2026-03-20T18:30:32.915014"}
{"op_code":4,"worker_id":"4a9b7816-74f6-46bd-8631-b717b4880312-139679950972736","study_id":0,"datetime_start":"2026-03-20T18:30:32.931159"}
{"op_code":5,"worker_id":"4a9b7816-74f6-46bd-8631-b717b4880312-139679950972736","trial_id":24,"param_name":"lr","param_value_internal":0.003032265129470481,"distribution":"{\"name\": \"FloatDistribution\", \"attributes\": {\"step\": null, \"low\": 0.0001, \"high\": 0.1, \"log\": true}}"}
{"op_code":5,"worker_id":"4a9b7816-74f6-46bd-8631-b717b4880312-139679950972736","trial_id":24,"param_name":"dropout","param_value_internal":0.48039944244112204,"distribution":"{\"name\": \"FloatDistribution\", \"attributes\": {\"step\": null, \"low\": 0.0, \"high\": 0.5, \"log\": false}}"}
{"op_code":5,"worker_id":"4a9b7816-74f6-46bd-8631-b717b4880312-139679950972736","trial_id":24,"param_name":"nodes","param_value_internal":0,"distribution":"{\"name\": \"CategoricalDistribution\", \"attributes\": {\"choices\": [32, 64, 128]}}"}
{"op_code":6,"worker_id":"4a9b7816-74f6-46bd-8631-b717b4880312-139679950972736","trial_id":24,"state":1,"values":[0.7876986959060533],"datetime_complete":"2026-03-20T18:30:35.491311"}
{"op_code":4,"worker_id":"4a9b7816-74f6-46bd-8631-b717b4880312-139679950972736","study_id":0,"datetime_start":"2026-03-20T18:30:35.507027"}
{"op_code":5,"worker_id":"4a9b7816-74f6-46bd-8631-b717b4880312-139679950972736","trial_id":25,"param_name":"lr","param_value_internal":0.0984387793207796,"distribution":"{\"name\": \"FloatDistribution\", \"attributes\": {\"step\": null, \"low\": 0.0001, \"high\": 0.1, \"log\": true}}"}
{"op_code":5,"worker_id":"4a9b7816-74f6-46bd-8631-b717b4880312-139679950972736","trial_id":25,"param_name":"dropout","param_value_internal":0.4276583514616355,"distribution":"{\"name\": \"FloatDistribution\", \"attributes\": {\"step\": null, \"low\": 0.0, \"high\": 0.5, \"log\": false}}"}
{"op_code":5,"worker_id":"4a9b7816-74f6-46bd-8631-b717b4880312-139679950972736","trial_id":25,"param_name":"nodes","param_value_internal":1,"distribution":"{\"name\": \"CategoricalDistribution\", \"attributes\": {\"choices\": [32, 64, 128]}}"}
{"op_code":6,"worker_id":"4a9b7816-74f6-46bd-8631-b717b4880312-139679950972736","trial_id":25,"state":1,"values":[0.7875624472847597],"datetime_complete":"2026-03-20T18:30:38.064563"}
{"op_code":4,"worker_id":"4a9b7816-74f6-46bd-8631-b717b4880312-139679950972736","study_id":0,"datetime_start":"2026-03-20T18:30:38.081977"}
{"op_code":5,"worker_id":"4a9b7816-74f6-46bd-8631-b717b4880312-139679950972736","trial_id":26,"param_name":"lr","param_value_internal":0.02034232457034032,"distribution":"{\"name\": \"FloatDistribution\", \"attributes\": {\"step\": null, \"low\": 0.0001, \"high\": 0.1, \"log\": true}}"}
{"op_code":5,"worker_id":"4a9b7816-74f6-46bd-8631-b717b4880312-139679950972736","trial_id":26,"param_name":"dropout","param_value_internal":0.3876969581631412,"distribution":"{\"name\": \"FloatDistribution\", \"attributes\": {\"step\": null, \"low\": 0.0, \"high\": 0.5, \"log\": false}}"}
{"op_code":5,"worker_id":"4a9b7816-74f6-46bd-8631-b717b4880312-139679950972736","trial_id":26,"param_name":"nodes","param_value_internal":0,"distribution":"{\"name\": \"CategoricalDistribution\", \"attributes\": {\"choices\": [32, 64, 128]}}"}
{"op_code":6,"worker_id":"4a9b7816-74f6-46bd-8631-b717b4880312-139679950972736","trial_id":26,"state":1,"values":[0.7599104651917212],"datetime_complete":"2026-03-20T18:30:40.751723"}
{"op_code":4,"worker_id":"4a9b7816-74f6-46bd-8631-b717b4880312-139679950972736","study_id":0,"datetime_start":"2026-03-20T18:30:40.775307"}
{"op_code":5,"worker_id":"4a9b7816-74f6-46bd-8631-b717b4880312-139679950972736","trial_id":27,"param_name":"lr","param_value_internal":0.0017421867245448323,"distribution":"{\"name\": \"FloatDistribution\", \"attributes\": {\"step\": null, \"low\": 0.0001, \"high\": 0.1, \"log\": true}}"}
{"op_code":5,"worker_id":"4a9b7816-74f6-46bd-8631-b717b4880312-139679950972736","trial_id":27,"param_name":"dropout","param_value_internal":0.3112436893489182,"distribution":"{\"name\": \"FloatDistribution\", \"attributes\": {\"step\": null, \"low\": 0.0, \"high\": 0.5, \"log\": false}}"}
{"op_code":5,"worker_id":"4a9b7816-74f6-46bd-8631-b717b4880312-139679950972736","trial_id":27,"param_name":"nodes","param_value_internal":0,"distribution":"{\"name\": \"CategoricalDistribution\", \"attributes\": {\"choices\": [32, 64, 128]}}"}
{"op_code":6,"worker_id":"4a9b7816-74f6-46bd-8631-b717b4880312-139679950972736","trial_id":27,"state":1,"values":[0.7773308246285603],"datetime_complete":"2026-03-20T18:30:43.080214"}
{"op_code":4,"worker_id":"4a9b7816-74f6-46bd-8631-b717b4880312-139679950972736","study_id":0,"datetime_start":"2026-03-20T18:30:43.116942"}
{"op_code":5,"worker_id":"4a9b7816-74f6-46bd-8631-b717b4880312-139679950972736","trial_id":28,"param_name":"lr","param_value_internal":0.005600630055384499,"distribution":"{\"name\": \"FloatDistribution\", \"attributes\": {\"step\": null, \"low\": 0.0001, \"high\": 0.1, \"log\": true}}"}
{"op_code":5,"worker_id":"4a9b7816-74f6-46bd-8631-b717b4880312-139679950972736","trial_id":28,"param_name":"dropout","param_value_internal":0.22823475611276495,"distribution":"{\"name\": \"FloatDistribution\", \"attributes\": {\"step\": null, \"low\": 0.0, \"high\": 0.5, \"log\": false}}"}
{"op_code":5,"worker_id":"4a9b7816-74f6-46bd-8631-b717b4880312-139679950972736","trial_id":28,"param_name":"nodes","param_value_internal":2,"distribution":"{\"name\": \"CategoricalDistribution\", \"attributes\": {\"choices\": [32, 64, 128]}}"}
{"op_code":6,"worker_id":"4a9b7816-74f6-46bd-8631-b717b4880312-139679950972736","trial_id":28,"state":1,"values":[0.7211315123596964],"datetime_complete":"2026-03-20T18:30:45.573263"}
{"op_code":4,"worker_id":"4a9b7816-74f6-46bd-8631-b717b4880312-139679950972736","study_id":0,"datetime_start":"2026-03-20T18:30:45.593186"}
{"op_code":5,"worker_id":"4a9b7816-74f6-46bd-8631-b717b4880312-139679950972736","trial_id":29,"param_name":"lr","param_value_internal":0.0005068390465971032,"distribution":"{\"name\": \"FloatDistribution\", \"attributes\": {\"step\": null, \"low\": 0.0001, \"high\": 0.1, \"log\": true}}"}
{"op_code":5,"worker_id":"4a9b7816-74f6-46bd-8631-b717b4880312-139679950972736","trial_id":29,"param_name":"dropout","param_value_internal":0.19652913912409473,"distribution":"{\"name\": \"FloatDistribution\", \"attributes\": {\"step\": null, \"low\": 0.0, \"high\": 0.5, \"log\": false}}"}
{"op_code":5,"worker_id":"4a9b7816-74f6-46bd-8631-b717b4880312-139679950972736","trial_id":29,"param_name":"nodes","param_value_internal":1,"distribution":"{\"name\": \"CategoricalDistribution\", \"attributes\": {\"choices\": [32, 64, 128]}}"}
{"op_code":6,"worker_id":"4a9b7816-74f6-46bd-8631-b717b4880312-139679950972736","trial_id":29,"state":1,"values":[0.7658080840848634],"datetime_complete":"2026-03-20T18:30:48.047457"}
{"op_code":0,"worker_id":"1fbe21e0-a29c-4902-a41a-430e4cb9af54-139679950972736","study_name":"deephit_tuning","directions":[2]}
{"op_code":4,"worker_id":"1fbe21e0-a29c-4902-a41a-430e4cb9af54-139679950972736","study_id":0,"datetime_start":"2026-03-20T18:43:29.858010"}
{"op_code":5,"worker_id":"1fbe21e0-a29c-4902-a41a-430e4cb9af54-139679950972736","trial_id":30,"param_name":"lr","param_value_internal":0.001218569464502695,"distribution":"{\"name\": \"FloatDistribution\", \"attributes\": {\"step\": null, \"low\": 0.0001, \"high\": 0.1, \"log\": true}}"}
{"op_code":5,"worker_id":"1fbe21e0-a29c-4902-a41a-430e4cb9af54-139679950972736","trial_id":30,"param_name":"dropout","param_value_internal":0.01744508099422276,"distribution":"{\"name\": \"FloatDistribution\", \"attributes\": {\"step\": null, \"low\": 0.0, \"high\": 0.5, \"log\": false}}"}
{"op_code":5,"worker_id":"1fbe21e0-a29c-4902-a41a-430e4cb9af54-139679950972736","trial_id":30,"param_name":"nodes","param_value_internal":2,"distribution":"{\"name\": \"CategoricalDistribution\", \"attributes\": {\"choices\": [32, 64, 128]}}"}
{"op_code":6,"worker_id":"1fbe21e0-a29c-4902-a41a-430e4cb9af54-139679950972736","trial_id":30,"state":1,"values":[0.7511555277951281],"datetime_complete":"2026-03-20T18:43:32.180717"}
{"op_code":4,"worker_id":"1fbe21e0-a29c-4902-a41a-430e4cb9af54-139679950972736","study_id":0,"datetime_start":"2026-03-20T18:43:32.203934"}
{"op_code":5,"worker_id":"1fbe21e0-a29c-4902-a41a-430e4cb9af54-139679950972736","trial_id":31,"param_name":"lr","param_value_internal":0.0237159884037041,"distribution":"{\"name\": \"FloatDistribution\", \"attributes\": {\"step\": null, \"low\": 0.0001, \"high\": 0.1, \"log\": true}}"}
{"op_code":5,"worker_id":"1fbe21e0-a29c-4902-a41a-430e4cb9af54-139679950972736","trial_id":31,"param_name":"dropout","param_value_internal":0.2938885125474792,"distribution":"{\"name\": \"FloatDistribution\", \"attributes\": {\"step\": null, \"low\": 0.0, \"high\": 0.5, \"log\": false}}"}
{"op_code":5,"worker_id":"1fbe21e0-a29c-4902-a41a-430e4cb9af54-139679950972736","trial_id":31,"param_name":"nodes","param_value_internal":2,"distribution":"{\"name\": \"CategoricalDistribution\", \"attributes\": {\"choices\": [32, 64, 128]}}"}
{"op_code":6,"worker_id":"1fbe21e0-a29c-4902-a41a-430e4cb9af54-139679950972736","trial_id":31,"state":1,"values":[0.8042723297938789],"datetime_complete":"2026-03-20T18:43:34.507686"}
{"op_code":4,"worker_id":"1fbe21e0-a29c-4902-a41a-430e4cb9af54-139679950972736","study_id":0,"datetime_start":"2026-03-20T18:43:34.523960"}
{"op_code":5,"worker_id":"1fbe21e0-a29c-4902-a41a-430e4cb9af54-139679950972736","trial_id":32,"param_name":"lr","param_value_internal":0.03685780712444743,"distribution":"{\"name\": \"FloatDistribution\", \"attributes\": {\"step\": null, \"low\": 0.0001, \"high\": 0.1, \"log\": true}}"}
{"op_code":5,"worker_id":"1fbe21e0-a29c-4902-a41a-430e4cb9af54-139679950972736","trial_id":32,"param_name":"dropout","param_value_internal":0.28055477962601394,"distribution":"{\"name\": \"FloatDistribution\", \"attributes\": {\"step\": null, \"low\": 0.0, \"high\": 0.5, \"log\": false}}"}
{"op_code":5,"worker_id":"1fbe21e0-a29c-4902-a41a-430e4cb9af54-139679950972736","trial_id":32,"param_name":"nodes","param_value_internal":2,"distribution":"{\"name\": \"CategoricalDistribution\", \"attributes\": {\"choices\": [32, 64, 128]}}"}
{"op_code":6,"worker_id":"1fbe21e0-a29c-4902-a41a-430e4cb9af54-139679950972736","trial_id":32,"state":1,"values":[0.7937788881948782],"datetime_complete":"2026-03-20T18:43:36.789420"}
{"op_code":4,"worker_id":"1fbe21e0-a29c-4902-a41a-430e4cb9af54-139679950972736","study_id":0,"datetime_start":"2026-03-20T18:43:36.804785"}
{"op_code":5,"worker_id":"1fbe21e0-a29c-4902-a41a-430e4cb9af54-139679950972736","trial_id":33,"param_name":"lr","param_value_internal":0.011675797205061803,"distribution":"{\"name\": \"FloatDistribution\", \"attributes\": {\"step\": null, \"low\": 0.0001, \"high\": 0.1, \"log\": true}}"}
{"op_code":5,"worker_id":"1fbe21e0-a29c-4902-a41a-430e4cb9af54-139679950972736","trial_id":33,"param_name":"dropout","param_value_internal":0.32617822654504525,"distribution":"{\"name\": \"FloatDistribution\", \"attributes\": {\"step\": null, \"low\": 0.0, \"high\": 0.5, \"log\": false}}"}
{"op_code":5,"worker_id":"1fbe21e0-a29c-4902-a41a-430e4cb9af54-139679950972736","trial_id":33,"param_name":"nodes","param_value_internal":2,"distribution":"{\"name\": \"CategoricalDistribution\", \"attributes\": {\"choices\": [32, 64, 128]}}"}
{"op_code":6,"worker_id":"1fbe21e0-a29c-4902-a41a-430e4cb9af54-139679950972736","trial_id":33,"state":1,"values":[0.7982510930668333],"datetime_complete":"2026-03-20T18:43:39.163547"}
{"op_code":4,"worker_id":"1fbe21e0-a29c-4902-a41a-430e4cb9af54-139679950972736","study_id":0,"datetime_start":"2026-03-20T18:43:39.228023"}
{"op_code":5,"worker_id":"1fbe21e0-a29c-4902-a41a-430e4cb9af54-139679950972736","trial_id":34,"param_name":"lr","param_value_internal":0.02806020338919413,"distribution":"{\"name\": \"FloatDistribution\", \"attributes\": {\"step\": null, \"low\": 0.0001, \"high\": 0.1, \"log\": true}}"}
{"op_code":5,"worker_id":"1fbe21e0-a29c-4902-a41a-430e4cb9af54-139679950972736","trial_id":34,"param_name":"dropout","param_value_internal":0.2935126635466565,"distribution":"{\"name\": \"FloatDistribution\", \"attributes\": {\"step\": null, \"low\": 0.0, \"high\": 0.5, \"log\": false}}"}
{"op_code":5,"worker_id":"1fbe21e0-a29c-4902-a41a-430e4cb9af54-139679950972736","trial_id":34,"param_name":"nodes","param_value_internal":2,"distribution":"{\"name\": \"CategoricalDistribution\", \"attributes\": {\"choices\": [32, 64, 128]}}"}
{"op_code":6,"worker_id":"1fbe21e0-a29c-4902-a41a-430e4cb9af54-139679950972736","trial_id":34,"state":1,"values":[0.7786258588382261],"datetime_complete":"2026-03-20T18:43:41.704248"}
{"op_code":4,"worker_id":"1fbe21e0-a29c-4902-a41a-430e4cb9af54-139679950972736","study_id":0,"datetime_start":"2026-03-20T18:43:42.130288"}
{"op_code":5,"worker_id":"1fbe21e0-a29c-4902-a41a-430e4cb9af54-139679950972736","trial_id":35,"param_name":"lr","param_value_internal":0.01591444994914104,"distribution":"{\"name\": \"FloatDistribution\", \"attributes\": {\"step\": null, \"low\": 0.0001, \"high\": 0.1, \"log\": true}}"}
{"op_code":5,"worker_id":"1fbe21e0-a29c-4902-a41a-430e4cb9af54-139679950972736","trial_id":35,"param_name":"dropout","param_value_internal":0.36657304382715633,"distribution":"{\"name\": \"FloatDistribution\", \"attributes\": {\"step\": null, \"low\": 0.0, \"high\": 0.5, \"log\": false}}"}
{"op_code":5,"worker_id":"1fbe21e0-a29c-4902-a41a-430e4cb9af54-139679950972736","trial_id":35,"param_name":"nodes","param_value_internal":2,"distribution":"{\"name\": \"CategoricalDistribution\", \"attributes\": {\"choices\": [32, 64, 128]}}"}
{"op_code":6,"worker_id":"1fbe21e0-a29c-4902-a41a-430e4cb9af54-139679950972736","trial_id":35,"state":1,"values":[0.7826983135540287],"datetime_complete":"2026-03-20T18:43:44.364794"}
{"op_code":4,"worker_id":"1fbe21e0-a29c-4902-a41a-430e4cb9af54-139679950972736","study_id":0,"datetime_start":"2026-03-20T18:43:44.382165"}
{"op_code":5,"worker_id":"1fbe21e0-a29c-4902-a41a-430e4cb9af54-139679950972736","trial_id":36,"param_name":"lr","param_value_internal":0.00747569325602387,"distribution":"{\"name\": \"FloatDistribution\", \"attributes\": {\"step\": null, \"low\": 0.0001, \"high\": 0.1, \"log\": true}}"}
{"op_code":5,"worker_id":"1fbe21e0-a29c-4902-a41a-430e4cb9af54-139679950972736","trial_id":36,"param_name":"dropout","param_value_internal":0.4235876972736589,"distribution":"{\"name\": \"FloatDistribution\", \"attributes\": {\"step\": null, \"low\": 0.0, \"high\": 0.5, \"log\": false}}"}
{"op_code":5,"worker_id":"1fbe21e0-a29c-4902-a41a-430e4cb9af54-139679950972736","trial_id":36,"param_name":"nodes","param_value_internal":2,"distribution":"{\"name\": \"CategoricalDistribution\", \"attributes\": {\"choices\": [32, 64, 128]}}"}
{"op_code":6,"worker_id":"1fbe21e0-a29c-4902-a41a-430e4cb9af54-139679950972736","trial_id":36,"state":1,"values":[0.7986758276077451],"datetime_complete":"2026-03-20T18:43:46.740607"}
{"op_code":4,"worker_id":"1fbe21e0-a29c-4902-a41a-430e4cb9af54-139679950972736","study_id":0,"datetime_start":"2026-03-20T18:43:46.757189"}
{"op_code":5,"worker_id":"1fbe21e0-a29c-4902-a41a-430e4cb9af54-139679950972736","trial_id":37,"param_name":"lr","param_value_internal":0.04790699562450888,"distribution":"{\"name\": \"FloatDistribution\", \"attributes\": {\"step\": null, \"low\": 0.0001, \"high\": 0.1, \"log\": true}}"}
{"op_code":5,"worker_id":"1fbe21e0-a29c-4902-a41a-430e4cb9af54-139679950972736","trial_id":37,"param_name":"dropout","param_value_internal":0.24830725733696096,"distribution":"{\"name\": \"FloatDistribution\", \"attributes\": {\"step\": null, \"low\": 0.0, \"high\": 0.5, \"log\": false}}"}
{"op_code":5,"worker_id":"1fbe21e0-a29c-4902-a41a-430e4cb9af54-139679950972736","trial_id":37,"param_name":"nodes","param_value_internal":1,"distribution":"{\"name\": \"CategoricalDistribution\", \"attributes\": {\"choices\": [32, 64, 128]}}"}
{"op_code":6,"worker_id":"1fbe21e0-a29c-4902-a41a-430e4cb9af54-139679950972736","trial_id":37,"state":1,"values":[0.7843347907557776],"datetime_complete":"2026-03-20T18:43:48.995506"}
{"op_code":4,"worker_id":"1fbe21e0-a29c-4902-a41a-430e4cb9af54-139679950972736","study_id":0,"datetime_start":"2026-03-20T18:43:49.013359"}
{"op_code":5,"worker_id":"1fbe21e0-a29c-4902-a41a-430e4cb9af54-139679950972736","trial_id":38,"param_name":"lr","param_value_internal":0.0037812121417129083,"distribution":"{\"name\": \"FloatDistribution\", \"attributes\": {\"step\": null, \"low\": 0.0001, \"high\": 0.1, \"log\": true}}"}
{"op_code":5,"worker_id":"1fbe21e0-a29c-4902-a41a-430e4cb9af54-139679950972736","trial_id":38,"param_name":"dropout","param_value_internal":0.2868663743115078,"distribution":"{\"name\": \"FloatDistribution\", \"attributes\": {\"step\": null, \"low\": 0.0, \"high\": 0.5, \"log\": false}}"}
{"op_code":5,"worker_id":"1fbe21e0-a29c-4902-a41a-430e4cb9af54-139679950972736","trial_id":38,"param_name":"nodes","param_value_internal":2,"distribution":"{\"name\": \"CategoricalDistribution\", \"attributes\": {\"choices\": [32, 64, 128]}}"}
{"op_code":6,"worker_id":"1fbe21e0-a29c-4902-a41a-430e4cb9af54-139679950972736","trial_id":38,"state":1,"values":[0.7927545284197377],"datetime_complete":"2026-03-20T18:43:51.410992"}
{"op_code":4,"worker_id":"1fbe21e0-a29c-4902-a41a-430e4cb9af54-139679950972736","study_id":0,"datetime_start":"2026-03-20T18:43:51.427707"}
{"op_code":5,"worker_id":"1fbe21e0-a29c-4902-a41a-430e4cb9af54-139679950972736","trial_id":39,"param_name":"lr","param_value_internal":0.0024177208953941745,"distribution":"{\"name\": \"FloatDistribution\", \"attributes\": {\"step\": null, \"low\": 0.0001, \"high\": 0.1, \"log\": true}}"}
{"op_code":5,"worker_id":"1fbe21e0-a29c-4902-a41a-430e4cb9af54-139679950972736","trial_id":39,"param_name":"dropout","param_value_internal":0.19968212132701807,"distribution":"{\"name\": \"FloatDistribution\", \"attributes\": {\"step\": null, \"low\": 0.0, \"high\": 0.5, \"log\": false}}"}
{"op_code":5,"worker_id":"1fbe21e0-a29c-4902-a41a-430e4cb9af54-139679950972736","trial_id":39,"param_name":"nodes","param_value_internal":0,"distribution":"{\"name\": \"CategoricalDistribution\", \"attributes\": {\"choices\": [32, 64, 128]}}"}
{"op_code":6,"worker_id":"1fbe21e0-a29c-4902-a41a-430e4cb9af54-139679950972736","trial_id":39,"state":1,"values":[0.7917301686445971],"datetime_complete":"2026-03-20T18:43:53.660653"}
{"op_code":0,"worker_id":"5c166027-50b7-44b6-975b-0534f11d2d1a-139679950972736","study_name":"deephit_tuning","directions":[2]}
{"op_code":4,"worker_id":"5c166027-50b7-44b6-975b-0534f11d2d1a-139679950972736","study_id":0,"datetime_start":"2026-03-20T18:56:43.130801"}
{"op_code":5,"worker_id":"5c166027-50b7-44b6-975b-0534f11d2d1a-139679950972736","trial_id":40,"param_name":"lr","param_value_internal":0.0055010891873794945,"distribution":"{\"name\": \"FloatDistribution\", \"attributes\": {\"step\": null, \"low\": 0.0001, \"high\": 0.1, \"log\": true}}"}
{"op_code":5,"worker_id":"5c166027-50b7-44b6-975b-0534f11d2d1a-139679950972736","trial_id":40,"param_name":"dropout","param_value_internal":0.3359728049589805,"distribution":"{\"name\": \"FloatDistribution\", \"attributes\": {\"step\": null, \"low\": 0.0, \"high\": 0.5, \"log\": false}}"}
{"op_code":5,"worker_id":"5c166027-50b7-44b6-975b-0534f11d2d1a-139679950972736","trial_id":40,"param_name":"nodes","param_value_internal":0,"distribution":"{\"name\": \"CategoricalDistribution\", \"attributes\": {\"choices\": [32, 64, 128]}}"}
{"op_code":6,"worker_id":"5c166027-50b7-44b6-975b-0534f11d2d1a-139679950972736","trial_id":40,"state":1,"values":[0.7635204632322129],"datetime_complete":"2026-03-20T18:56:45.635621"}
{"op_code":4,"worker_id":"5c166027-50b7-44b6-975b-0534f11d2d1a-139679950972736","study_id":0,"datetime_start":"2026-03-20T18:56:45.647658"}
{"op_code":5,"worker_id":"5c166027-50b7-44b6-975b-0534f11d2d1a-139679950972736","trial_id":41,"param_name":"lr","param_value_internal":0.021981098472475473,"distribution":"{\"name\": \"FloatDistribution\", \"attributes\": {\"step\": null, \"low\": 0.0001, \"high\": 0.1, \"log\": true}}"}
{"op_code":5,"worker_id":"5c166027-50b7-44b6-975b-0534f11d2d1a-139679950972736","trial_id":41,"param_name":"dropout","param_value_internal":0.2929203163596534,"distribution":"{\"name\": \"FloatDistribution\", \"attributes\": {\"step\": null, \"low\": 0.0, \"high\": 0.5, \"log\": false}}"}
{"op_code":5,"worker_id":"5c166027-50b7-44b6-975b-0534f11d2d1a-139679950972736","trial_id":41,"param_name":"nodes","param_value_internal":2,"distribution":"{\"name\": \"CategoricalDistribution\", \"attributes\": {\"choices\": [32, 64, 128]}}"}
{"op_code":6,"worker_id":"5c166027-50b7-44b6-975b-0534f11d2d1a-139679950972736","trial_id":41,"state":1,"values":[0.7467206765628372],"datetime_complete":"2026-03-20T18:56:47.918926"}
{"op_code":4,"worker_id":"5c166027-50b7-44b6-975b-0534f11d2d1a-139679950972736","study_id":0,"datetime_start":"2026-03-20T18:56:47.934526"}
{"op_code":5,"worker_id":"5c166027-50b7-44b6-975b-0534f11d2d1a-139679950972736","trial_id":42,"param_name":"lr","param_value_internal":0.00010266556501961215,"distribution":"{\"name\": \"FloatDistribution\", \"attributes\": {\"step\": null, \"low\": 0.0001, \"high\": 0.1, \"log\": true}}"}
{"op_code":5,"worker_id":"5c166027-50b7-44b6-975b-0534f11d2d1a-139679950972736","trial_id":42,"param_name":"dropout","param_value_internal":0.22018453859537174,"distribution":"{\"name\": \"FloatDistribution\", \"attributes\": {\"step\": null, \"low\": 0.0, \"high\": 0.5, \"log\": false}}"}
{"op_code":5,"worker_id":"5c166027-50b7-44b6-975b-0534f11d2d1a-139679950972736","trial_id":42,"param_name":"nodes","param_value_internal":2,"distribution":"{\"name\": \"CategoricalDistribution\", \"attributes\": {\"choices\": [32, 64, 128]}}"}
{"op_code":6,"worker_id":"5c166027-50b7-44b6-975b-0534f11d2d1a-139679950972736","trial_id":42,"state":1,"values":[0.7266447410191617],"datetime_complete":"2026-03-20T18:56:50.312097"}
{"op_code":4,"worker_id":"5c166027-50b7-44b6-975b-0534f11d2d1a-139679950972736","study_id":0,"datetime_start":"2026-03-20T18:56:50.327556"}
{"op_code":5,"worker_id":"5c166027-50b7-44b6-975b-0534f11d2d1a-139679950972736","trial_id":43,"param_name":"lr","param_value_internal":0.046623814445073186,"distribution":"{\"name\": \"FloatDistribution\", \"attributes\": {\"step\": null, \"low\": 0.0001, \"high\": 0.1, \"log\": true}}"}
{"op_code":5,"worker_id":"5c166027-50b7-44b6-975b-0534f11d2d1a-139679950972736","trial_id":43,"param_name":"dropout","param_value_internal":0.3738725148584089,"distribution":"{\"name\": \"FloatDistribution\", \"attributes\": {\"step\": null, \"low\": 0.0, \"high\": 0.5, \"log\": false}}"}
{"op_code":5,"worker_id":"5c166027-50b7-44b6-975b-0534f11d2d1a-139679950972736","trial_id":43,"param_name":"nodes","param_value_internal":2,"distribution":"{\"name\": \"CategoricalDistribution\", \"attributes\": {\"choices\": [32, 64, 128]}}"}
{"op_code":6,"worker_id":"5c166027-50b7-44b6-975b-0534f11d2d1a-139679950972736","trial_id":43,"state":1,"values":[0.7697553046945436],"datetime_complete":"2026-03-20T18:56:52.558629"}
{"op_code":4,"worker_id":"5c166027-50b7-44b6-975b-0534f11d2d1a-139679950972736","study_id":0,"datetime_start":"2026-03-20T18:56:52.573727"}
{"op_code":5,"worker_id":"5c166027-50b7-44b6-975b-0534f11d2d1a-139679950972736","trial_id":44,"param_name":"lr","param_value_internal":0.025327977526466344,"distribution":"{\"name\": \"FloatDistribution\", \"attributes\": {\"step\": null, \"low\": 0.0001, \"high\": 0.1, \"log\": true}}"}
{"op_code":5,"worker_id":"5c166027-50b7-44b6-975b-0534f11d2d1a-139679950972736","trial_id":44,"param_name":"dropout","param_value_internal":0.10636736625288568,"distribution":"{\"name\": \"FloatDistribution\", \"attributes\": {\"step\": null, \"low\": 0.0, \"high\": 0.5, \"log\": false}}"}
{"op_code":5,"worker_id":"5c166027-50b7-44b6-975b-0534f11d2d1a-139679950972736","trial_id":44,"param_name":"nodes","param_value_internal":2,"distribution":"{\"name\": \"CategoricalDistribution\", \"attributes\": {\"choices\": [32, 64, 128]}}"}
{"op_code":6,"worker_id":"5c166027-50b7-44b6-975b-0534f11d2d1a-139679950972736","trial_id":44,"state":1,"values":[0.7419207375144442],"datetime_complete":"2026-03-20T18:56:54.961285"}
{"op_code":4,"worker_id":"5c166027-50b7-44b6-975b-0534f11d2d1a-139679950972736","study_id":0,"datetime_start":"2026-03-20T18:56:54.997791"}
{"op_code":5,"worker_id":"5c166027-50b7-44b6-975b-0534f11d2d1a-139679950972736","trial_id":45,"param_name":"lr","param_value_internal":0.01452754786366481,"distribution":"{\"name\": \"FloatDistribution\", \"attributes\": {\"step\": null, \"low\": 0.0001, \"high\": 0.1, \"log\": true}}"}
{"op_code":5,"worker_id":"5c166027-50b7-44b6-975b-0534f11d2d1a-139679950972736","trial_id":45,"param_name":"dropout","param_value_internal":0.16776964409173442,"distribution":"{\"name\": \"FloatDistribution\", \"attributes\": {\"step\": null, \"low\": 0.0, \"high\": 0.5, \"log\": false}}"}
{"op_code":5,"worker_id":"5c166027-50b7-44b6-975b-0534f11d2d1a-139679950972736","trial_id":45,"param_name":"nodes","param_value_internal":1,"distribution":"{\"name\": \"CategoricalDistribution\", \"attributes\": {\"choices\": [32, 64, 128]}}"}
{"op_code":6,"worker_id":"5c166027-50b7-44b6-975b-0534f11d2d1a-139679950972736","trial_id":45,"state":1,"values":[0.7537745552437429],"datetime_complete":"2026-03-20T18:56:57.453111"}
{"op_code":4,"worker_id":"5c166027-50b7-44b6-975b-0534f11d2d1a-139679950972736","study_id":0,"datetime_start":"2026-03-20T18:56:57.469367"}
{"op_code":5,"worker_id":"5c166027-50b7-44b6-975b-0534f11d2d1a-139679950972736","trial_id":46,"param_name":"lr","param_value_internal":0.008191468227504117,"distribution":"{\"name\": \"FloatDistribution\", \"attributes\": {\"step\": null, \"low\": 0.0001, \"high\": 0.1, \"log\": true}}"}
{"op_code":5,"worker_id":"5c166027-50b7-44b6-975b-0534f11d2d1a-139679950972736","trial_id":46,"param_name":"dropout","param_value_internal":0.3135992534523857,"distribution":"{\"name\": \"FloatDistribution\", \"attributes\": {\"step\": null, \"low\": 0.0, \"high\": 0.5, \"log\": false}}"}
{"op_code":5,"worker_id":"5c166027-50b7-44b6-975b-0534f11d2d1a-139679950972736","trial_id":46,"param_name":"nodes","param_value_internal":1,"distribution":"{\"name\": \"CategoricalDistribution\", \"attributes\": {\"choices\": [32, 64, 128]}}"}
{"op_code":6,"worker_id":"5c166027-50b7-44b6-975b-0534f11d2d1a-139679950972736","trial_id":46,"state":1,"values":[0.7579967238511257],"datetime_complete":"2026-03-20T18:56:59.886249"}
{"op_code":4,"worker_id":"5c166027-50b7-44b6-975b-0534f11d2d1a-139679950972736","study_id":0,"datetime_start":"2026-03-20T18:56:59.900850"}
{"op_code":5,"worker_id":"5c166027-50b7-44b6-975b-0534f11d2d1a-139679950972736","trial_id":47,"param_name":"lr","param_value_internal":0.010047533041800427,"distribution":"{\"name\": \"FloatDistribution\", \"attributes\": {\"step\": null, \"low\": 0.0001, \"high\": 0.1, \"log\": true}}"}
{"op_code":5,"worker_id":"5c166027-50b7-44b6-975b-0534f11d2d1a-139679950972736","trial_id":47,"param_name":"dropout","param_value_internal":0.45962916386509783,"distribution":"{\"name\": \"FloatDistribution\", \"attributes\": {\"step\": null, \"low\": 0.0, \"high\": 0.5, \"log\": false}}"}
{"op_code":5,"worker_id":"5c166027-50b7-44b6-975b-0534f11d2d1a-139679950972736","trial_id":47,"param_name":"nodes","param_value_internal":0,"distribution":"{\"name\": \"CategoricalDistribution\", \"attributes\": {\"choices\": [32, 64, 128]}}"}
{"op_code":6,"worker_id":"5c166027-50b7-44b6-975b-0534f11d2d1a-139679950972736","trial_id":47,"state":1,"values":[0.7667013752206321],"datetime_complete":"2026-03-20T18:57:02.100623"}
{"op_code":4,"worker_id":"5c166027-50b7-44b6-975b-0534f11d2d1a-139679950972736","study_id":0,"datetime_start":"2026-03-20T18:57:02.117409"}
{"op_code":5,"worker_id":"5c166027-50b7-44b6-975b-0534f11d2d1a-139679950972736","trial_id":48,"param_name":"lr","param_value_internal":0.062323312810131426,"distribution":"{\"name\": \"FloatDistribution\", \"attributes\": {\"step\": null, \"low\": 0.0001, \"high\": 0.1, \"log\": true}}"}
{"op_code":5,"worker_id":"5c166027-50b7-44b6-975b-0534f11d2d1a-139679950972736","trial_id":48,"param_name":"dropout","param_value_internal":0.40864884087951114,"distribution":"{\"name\": \"FloatDistribution\", \"attributes\": {\"step\": null, \"low\": 0.0, \"high\": 0.5, \"log\": false}}"}
{"op_code":5,"worker_id":"5c166027-50b7-44b6-975b-0534f11d2d1a-139679950972736","trial_id":48,"param_name":"nodes","param_value_internal":2,"distribution":"{\"name\": \"CategoricalDistribution\", \"attributes\": {\"choices\": [32, 64, 128]}}"}
{"op_code":6,"worker_id":"5c166027-50b7-44b6-975b-0534f11d2d1a-139679950972736","trial_id":48,"state":1,"values":[0.7696918134372897],"datetime_complete":"2026-03-20T18:57:04.491657"}
{"op_code":4,"worker_id":"5c166027-50b7-44b6-975b-0534f11d2d1a-139679950972736","study_id":0,"datetime_start":"2026-03-20T18:57:04.505311"}
{"op_code":5,"worker_id":"5c166027-50b7-44b6-975b-0534f11d2d1a-139679950972736","trial_id":49,"param_name":"lr","param_value_internal":0.004276940911094797,"distribution":"{\"name\": \"FloatDistribution\", \"attributes\": {\"step\": null, \"low\": 0.0001, \"high\": 0.1, \"log\": true}}"}
{"op_code":5,"worker_id":"5c166027-50b7-44b6-975b-0534f11d2d1a-139679950972736","trial_id":49,"param_name":"dropout","param_value_internal":0.2688851426380608,"distribution":"{\"name\": \"FloatDistribution\", \"attributes\": {\"step\": null, \"low\": 0.0, \"high\": 0.5, \"log\": false}}"}
{"op_code":5,"worker_id":"5c166027-50b7-44b6-975b-0534f11d2d1a-139679950972736","trial_id":49,"param_name":"nodes","param_value_internal":0,"distribution":"{\"name\": \"CategoricalDistribution\", \"attributes\": {\"choices\": [32, 64, 128]}}"}
{"op_code":6,"worker_id":"5c166027-50b7-44b6-975b-0534f11d2d1a-139679950972736","trial_id":49,"state":1,"values":[0.7635458597351145],"datetime_complete":"2026-03-20T18:57:06.739882"}
{"op_code":0,"worker_id":"a213fa86-6f73-4a6e-9d42-5e2489e40398-139679950972736","study_name":"deephit_tuning","directions":[2]}
{"op_code":4,"worker_id":"a213fa86-6f73-4a6e-9d42-5e2489e40398-139679950972736","study_id":0,"datetime_start":"2026-03-20T19:09:26.297670"}
{"op_code":5,"worker_id":"a213fa86-6f73-4a6e-9d42-5e2489e40398-139679950972736","trial_id":50,"param_name":"lr","param_value_internal":0.002457830289112469,"distribution":"{\"name\": \"FloatDistribution\", \"attributes\": {\"step\": null, \"low\": 0.0001, \"high\": 0.1, \"log\": true}}"}
{"op_code":5,"worker_id":"a213fa86-6f73-4a6e-9d42-5e2489e40398-139679950972736","trial_id":50,"param_name":"dropout","param_value_internal":0.24015422054475744,"distribution":"{\"name\": \"FloatDistribution\", \"attributes\": {\"step\": null, \"low\": 0.0, \"high\": 0.5, \"log\": false}}"}
{"op_code":5,"worker_id":"a213fa86-6f73-4a6e-9d42-5e2489e40398-139679950972736","trial_id":50,"param_name":"nodes","param_value_internal":1,"distribution":"{\"name\": \"CategoricalDistribution\", \"attributes\": {\"choices\": [32, 64, 128]}}"}
{"op_code":6,"worker_id":"a213fa86-6f73-4a6e-9d42-5e2489e40398-139679950972736","trial_id":50,"state":1,"values":[0.6376337135350418],"datetime_complete":"2026-03-20T19:09:28.676403"}
{"op_code":4,"worker_id":"a213fa86-6f73-4a6e-9d42-5e2489e40398-139679950972736","study_id":0,"datetime_start":"2026-03-20T19:09:28.753635"}
{"op_code":5,"worker_id":"a213fa86-6f73-4a6e-9d42-5e2489e40398-139679950972736","trial_id":51,"param_name":"lr","param_value_internal":0.00713813001250122,"distribution":"{\"name\": \"FloatDistribution\", \"attributes\": {\"step\": null, \"low\": 0.0001, \"high\": 0.1, \"log\": true}}"}
{"op_code":5,"worker_id":"a213fa86-6f73-4a6e-9d42-5e2489e40398-139679950972736","trial_id":51,"param_name":"dropout","param_value_internal":0.35210591346404546,"distribution":"{\"name\": \"FloatDistribution\", \"attributes\": {\"step\": null, \"low\": 0.0, \"high\": 0.5, \"log\": false}}"}
{"op_code":5,"worker_id":"a213fa86-6f73-4a6e-9d42-5e2489e40398-139679950972736","trial_id":51,"param_name":"nodes","param_value_internal":2,"distribution":"{\"name\": \"CategoricalDistribution\", \"attributes\": {\"choices\": [32, 64, 128]}}"}
{"op_code":6,"worker_id":"a213fa86-6f73-4a6e-9d42-5e2489e40398-139679950972736","trial_id":51,"state":1,"values":[0.6141126425756407],"datetime_complete":"2026-03-20T19:09:31.013484"}
{"op_code":4,"worker_id":"a213fa86-6f73-4a6e-9d42-5e2489e40398-139679950972736","study_id":0,"datetime_start":"2026-03-20T19:09:31.028217"}
{"op_code":5,"worker_id":"a213fa86-6f73-4a6e-9d42-5e2489e40398-139679950972736","trial_id":52,"param_name":"lr","param_value_internal":0.006406328940757681,"distribution":"{\"name\": \"FloatDistribution\", \"attributes\": {\"step\": null, \"low\": 0.0001, \"high\": 0.1, \"log\": true}}"}
{"op_code":5,"worker_id":"a213fa86-6f73-4a6e-9d42-5e2489e40398-139679950972736","trial_id":52,"param_name":"dropout","param_value_internal":0.4223907908988243,"distribution":"{\"name\": \"FloatDistribution\", \"attributes\": {\"step\": null, \"low\": 0.0, \"high\": 0.5, \"log\": false}}"}
{"op_code":5,"worker_id":"a213fa86-6f73-4a6e-9d42-5e2489e40398-139679950972736","trial_id":52,"param_name":"nodes","param_value_internal":2,"distribution":"{\"name\": \"CategoricalDistribution\", \"attributes\": {\"choices\": [32, 64, 128]}}"}
{"op_code":6,"worker_id":"a213fa86-6f73-4a6e-9d42-5e2489e40398-139679950972736","trial_id":52,"state":1,"values":[0.6397606188877536],"datetime_complete":"2026-03-20T19:09:33.349081"}
{"op_code":4,"worker_id":"a213fa86-6f73-4a6e-9d42-5e2489e40398-139679950972736","study_id":0,"datetime_start":"2026-03-20T19:09:33.372718"}
{"op_code":5,"worker_id":"a213fa86-6f73-4a6e-9d42-5e2489e40398-139679950972736","trial_id":53,"param_name":"lr","param_value_internal":0.004307279409949627,"distribution":"{\"name\": \"FloatDistribution\", \"attributes\": {\"step\": null, \"low\": 0.0001, \"high\": 0.1, \"log\": true}}"}
{"op_code":5,"worker_id":"a213fa86-6f73-4a6e-9d42-5e2489e40398-139679950972736","trial_id":53,"param_name":"dropout","param_value_internal":0.4947573387455055,"distribution":"{\"name\": \"FloatDistribution\", \"attributes\": {\"step\": null, \"low\": 0.0, \"high\": 0.5, \"log\": false}}"}
{"op_code":5,"worker_id":"a213fa86-6f73-4a6e-9d42-5e2489e40398-139679950972736","trial_id":53,"param_name":"nodes","param_value_internal":2,"distribution":"{\"name\": \"CategoricalDistribution\", \"attributes\": {\"choices\": [32, 64, 128]}}"}
{"op_code":6,"worker_id":"a213fa86-6f73-4a6e-9d42-5e2489e40398-139679950972736","trial_id":53,"state":1,"values":[0.6388744083241237],"datetime_complete":"2026-03-20T19:09:35.624531"}
{"op_code":4,"worker_id":"a213fa86-6f73-4a6e-9d42-5e2489e40398-139679950972736","study_id":0,"datetime_start":"2026-03-20T19:09:35.644520"}
{"op_code":5,"worker_id":"a213fa86-6f73-4a6e-9d42-5e2489e40398-139679950972736","trial_id":54,"param_name":"lr","param_value_internal":0.029607209224006108,"distribution":"{\"name\": \"FloatDistribution\", \"attributes\": {\"step\": null, \"low\": 0.0001, \"high\": 0.1, \"log\": true}}"}
{"op_code":5,"worker_id":"a213fa86-6f73-4a6e-9d42-5e2489e40398-139679950972736","trial_id":54,"param_name":"dropout","param_value_internal":0.4500192121563239,"distribution":"{\"name\": \"FloatDistribution\", \"attributes\": {\"step\": null, \"low\": 0.0, \"high\": 0.5, \"log\": false}}"}
{"op_code":5,"worker_id":"a213fa86-6f73-4a6e-9d42-5e2489e40398-139679950972736","trial_id":54,"param_name":"nodes","param_value_internal":2,"distribution":"{\"name\": \"CategoricalDistribution\", \"attributes\": {\"choices\": [32, 64, 128]}}"}
{"op_code":6,"worker_id":"a213fa86-6f73-4a6e-9d42-5e2489e40398-139679950972736","trial_id":54,"state":1,"values":[0.6493733970014804],"datetime_complete":"2026-03-20T19:09:37.904592"}
{"op_code":4,"worker_id":"a213fa86-6f73-4a6e-9d42-5e2489e40398-139679950972736","study_id":0,"datetime_start":"2026-03-20T19:09:37.923754"}
{"op_code":5,"worker_id":"a213fa86-6f73-4a6e-9d42-5e2489e40398-139679950972736","trial_id":55,"param_name":"lr","param_value_internal":0.017446512840269258,"distribution":"{\"name\": \"FloatDistribution\", \"attributes\": {\"step\": null, \"low\": 0.0001, \"high\": 0.1, \"log\": true}}"}
{"op_code":5,"worker_id":"a213fa86-6f73-4a6e-9d42-5e2489e40398-139679950972736","trial_id":55,"param_name":"dropout","param_value_internal":0.46937503465255254,"distribution":"{\"name\": \"FloatDistribution\", \"attributes\": {\"step\": null, \"low\": 0.0, \"high\": 0.5, \"log\": false}}"}
{"op_code":5,"worker_id":"a213fa86-6f73-4a6e-9d42-5e2489e40398-139679950972736","trial_id":55,"param_name":"nodes","param_value_internal":0,"distribution":"{\"name\": \"CategoricalDistribution\", \"attributes\": {\"choices\": [32, 64, 128]}}"}
{"op_code":6,"worker_id":"a213fa86-6f73-4a6e-9d42-5e2489e40398-139679950972736","trial_id":55,"state":1,"values":[0.6628542235752862],"datetime_complete":"2026-03-20T19:09:40.253673"}
{"op_code":4,"worker_id":"a213fa86-6f73-4a6e-9d42-5e2489e40398-139679950972736","study_id":0,"datetime_start":"2026-03-20T19:09:40.271973"}
{"op_code":5,"worker_id":"a213fa86-6f73-4a6e-9d42-5e2489e40398-139679950972736","trial_id":56,"param_name":"lr","param_value_internal":0.00937402536646303,"distribution":"{\"name\": \"FloatDistribution\", \"attributes\": {\"step\": null, \"low\": 0.0001, \"high\": 0.1, \"log\": true}}"}
{"op_code":5,"worker_id":"a213fa86-6f73-4a6e-9d42-5e2489e40398-139679950972736","trial_id":56,"param_name":"dropout","param_value_internal":0.3028280693398842,"distribution":"{\"name\": \"FloatDistribution\", \"attributes\": {\"step\": null, \"low\": 0.0, \"high\": 0.5, \"log\": false}}"}
{"op_code":5,"worker_id":"a213fa86-6f73-4a6e-9d42-5e2489e40398-139679950972736","trial_id":56,"param_name":"nodes","param_value_internal":2,"distribution":"{\"name\": \"CategoricalDistribution\", \"attributes\": {\"choices\": [32, 64, 128]}}"}
{"op_code":6,"worker_id":"a213fa86-6f73-4a6e-9d42-5e2489e40398-139679950972736","trial_id":56,"state":1,"values":[0.5999854035907167],"datetime_complete":"2026-03-20T19:09:42.467479"}
{"op_code":4,"worker_id":"a213fa86-6f73-4a6e-9d42-5e2489e40398-139679950972736","study_id":0,"datetime_start":"2026-03-20T19:09:42.485479"}
{"op_code":5,"worker_id":"a213fa86-6f73-4a6e-9d42-5e2489e40398-139679950972736","trial_id":57,"param_name":"lr","param_value_internal":0.011750370549455448,"distribution":"{\"name\": \"FloatDistribution\", \"attributes\": {\"step\": null, \"low\": 0.0001, \"high\": 0.1, \"log\": true}}"}
{"op_code":5,"worker_id":"a213fa86-6f73-4a6e-9d42-5e2489e40398-139679950972736","trial_id":57,"param_name":"dropout","param_value_internal":0.4138054201410554,"distribution":"{\"name\": \"FloatDistribution\", \"attributes\": {\"step\": null, \"low\": 0.0, \"high\": 0.5, \"log\": false}}"}
{"op_code":5,"worker_id":"a213fa86-6f73-4a6e-9d42-5e2489e40398-139679950972736","trial_id":57,"param_name":"nodes","param_value_internal":0,"distribution":"{\"name\": \"CategoricalDistribution\", \"attributes\": {\"choices\": [32, 64, 128]}}"}
{"op_code":6,"worker_id":"a213fa86-6f73-4a6e-9d42-5e2489e40398-139679950972736","trial_id":57,"state":1,"values":[0.6567237316762934],"datetime_complete":"2026-03-20T19:09:44.812409"}
{"op_code":4,"worker_id":"a213fa86-6f73-4a6e-9d42-5e2489e40398-139679950972736","study_id":0,"datetime_start":"2026-03-20T19:09:44.827227"}
{"op_code":5,"worker_id":"a213fa86-6f73-4a6e-9d42-5e2489e40398-139679950972736","trial_id":58,"param_name":"lr","param_value_internal":0.0011976044130544304,"distribution":"{\"name\": \"FloatDistribution\", \"attributes\": {\"step\": null, \"low\": 0.0001, \"high\": 0.1, \"log\": true}}"}
{"op_code":5,"worker_id":"a213fa86-6f73-4a6e-9d42-5e2489e40398-139679950972736","trial_id":58,"param_name":"dropout","param_value_internal":0.3735559136319124,"distribution":"{\"name\": \"FloatDistribution\", \"attributes\": {\"step\": null, \"low\": 0.0, \"high\": 0.5, \"log\": false}}"}
{"op_code":5,"worker_id":"a213fa86-6f73-4a6e-9d42-5e2489e40398-139679950972736","trial_id":58,"param_name":"nodes","param_value_internal":1,"distribution":"{\"name\": \"CategoricalDistribution\", \"attributes\": {\"choices\": [32, 64, 128]}}"}
{"op_code":6,"worker_id":"a213fa86-6f73-4a6e-9d42-5e2489e40398-139679950972736","trial_id":58,"state":1,"values":[0.6634276539399879],"datetime_complete":"2026-03-20T19:09:46.995008"}
{"op_code":4,"worker_id":"a213fa86-6f73-4a6e-9d42-5e2489e40398-139679950972736","study_id":0,"datetime_start":"2026-03-20T19:09:47.020949"}
{"op_code":5,"worker_id":"a213fa86-6f73-4a6e-9d42-5e2489e40398-139679950972736","trial_id":59,"param_name":"lr","param_value_internal":0.003656000320641574,"distribution":"{\"name\": \"FloatDistribution\", \"attributes\": {\"step\": null, \"low\": 0.0001, \"high\": 0.1, \"log\": true}}"}
{"op_code":5,"worker_id":"a213fa86-6f73-4a6e-9d42-5e2489e40398-139679950972736","trial_id":59,"param_name":"dropout","param_value_internal":0.3292868272062428,"distribution":"{\"name\": \"FloatDistribution\", \"attributes\": {\"step\": null, \"low\": 0.0, \"high\": 0.5, \"log\": false}}"}
{"op_code":5,"worker_id":"a213fa86-6f73-4a6e-9d42-5e2489e40398-139679950972736","trial_id":59,"param_name":"nodes","param_value_internal":2,"distribution":"{\"name\": \"CategoricalDistribution\", \"attributes\": {\"choices\": [32, 64, 128]}}"}
{"op_code":6,"worker_id":"a213fa86-6f73-4a6e-9d42-5e2489e40398-139679950972736","trial_id":59,"state":1,"values":[0.6187626415330401],"datetime_complete":"2026-03-20T19:09:49.375246"}
{"op_code":0,"worker_id":"85b79e2e-829e-48a9-a0c5-5a80345af28c-139679950972736","study_name":"deephit_tuning","directions":[2]}
{"op_code":4,"worker_id":"85b79e2e-829e-48a9-a0c5-5a80345af28c-139679950972736","study_id":0,"datetime_start":"2026-03-20T19:22:16.737673"}
{"op_code":5,"worker_id":"85b79e2e-829e-48a9-a0c5-5a80345af28c-139679950972736","trial_id":60,"param_name":"lr","param_value_internal":0.01452434872181619,"distribution":"{\"name\": \"FloatDistribution\", \"attributes\": {\"step\": null, \"low\": 0.0001, \"high\": 0.1, \"log\": true}}"}
{"op_code":5,"worker_id":"85b79e2e-829e-48a9-a0c5-5a80345af28c-139679950972736","trial_id":60,"param_name":"dropout","param_value_internal":0.27276033745421147,"distribution":"{\"name\": \"FloatDistribution\", \"attributes\": {\"step\": null, \"low\": 0.0, \"high\": 0.5, \"log\": false}}"}
{"op_code":5,"worker_id":"85b79e2e-829e-48a9-a0c5-5a80345af28c-139679950972736","trial_id":60,"param_name":"nodes","param_value_internal":0,"distribution":"{\"name\": \"CategoricalDistribution\", \"attributes\": {\"choices\": [32, 64, 128]}}"}
{"op_code":6,"worker_id":"85b79e2e-829e-48a9-a0c5-5a80345af28c-139679950972736","trial_id":60,"state":1,"values":[0.6850282782835397],"datetime_complete":"2026-03-20T19:22:18.967230"}
{"op_code":4,"worker_id":"85b79e2e-829e-48a9-a0c5-5a80345af28c-139679950972736","study_id":0,"datetime_start":"2026-03-20T19:22:18.991087"}
{"op_code":5,"worker_id":"85b79e2e-829e-48a9-a0c5-5a80345af28c-139679950972736","trial_id":61,"param_name":"lr","param_value_internal":0.011098146646311157,"distribution":"{\"name\": \"FloatDistribution\", \"attributes\": {\"step\": null, \"low\": 0.0001, \"high\": 0.1, \"log\": true}}"}
{"op_code":5,"worker_id":"85b79e2e-829e-48a9-a0c5-5a80345af28c-139679950972736","trial_id":61,"param_name":"dropout","param_value_internal":0.31454834124387065,"distribution":"{\"name\": \"FloatDistribution\", \"attributes\": {\"step\": null, \"low\": 0.0, \"high\": 0.5, \"log\": false}}"}
{"op_code":5,"worker_id":"85b79e2e-829e-48a9-a0c5-5a80345af28c-139679950972736","trial_id":61,"param_name":"nodes","param_value_internal":2,"distribution":"{\"name\": \"CategoricalDistribution\", \"attributes\": {\"choices\": [32, 64, 128]}}"}
{"op_code":6,"worker_id":"85b79e2e-829e-48a9-a0c5-5a80345af28c-139679950972736","trial_id":61,"state":1,"values":[0.6804869331202825],"datetime_complete":"2026-03-20T19:22:21.353203"}
{"op_code":4,"worker_id":"85b79e2e-829e-48a9-a0c5-5a80345af28c-139679950972736","study_id":0,"datetime_start":"2026-03-20T19:22:21.382028"}
{"op_code":5,"worker_id":"85b79e2e-829e-48a9-a0c5-5a80345af28c-139679950972736","trial_id":62,"param_name":"lr","param_value_internal":0.01974714877829217,"distribution":"{\"name\": \"FloatDistribution\", \"attributes\": {\"step\": null, \"low\": 0.0001, \"high\": 0.1, \"log\": true}}"}
{"op_code":5,"worker_id":"85b79e2e-829e-48a9-a0c5-5a80345af28c-139679950972736","trial_id":62,"param_name":"dropout","param_value_internal":0.32873263890116106,"distribution":"{\"name\": \"FloatDistribution\", \"attributes\": {\"step\": null, \"low\": 0.0, \"high\": 0.5, \"log\": false}}"}
{"op_code":5,"worker_id":"85b79e2e-829e-48a9-a0c5-5a80345af28c-139679950972736","trial_id":62,"param_name":"nodes","param_value_internal":2,"distribution":"{\"name\": \"CategoricalDistribution\", \"attributes\": {\"choices\": [32, 64, 128]}}"}
{"op_code":6,"worker_id":"85b79e2e-829e-48a9-a0c5-5a80345af28c-139679950972736","trial_id":62,"state":1,"values":[0.6578853310346278],"datetime_complete":"2026-03-20T19:22:23.648246"}
{"op_code":4,"worker_id":"85b79e2e-829e-48a9-a0c5-5a80345af28c-139679950972736","study_id":0,"datetime_start":"2026-03-20T19:22:23.664484"}
{"op_code":5,"worker_id":"85b79e2e-829e-48a9-a0c5-5a80345af28c-139679950972736","trial_id":63,"param_name":"lr","param_value_internal":0.007108937821627257,"distribution":"{\"name\": \"FloatDistribution\", \"attributes\": {\"step\": null, \"low\": 0.0001, \"high\": 0.1, \"log\": true}}"}
{"op_code":5,"worker_id":"85b79e2e-829e-48a9-a0c5-5a80345af28c-139679950972736","trial_id":63,"param_name":"dropout","param_value_internal":0.3519077613297944,"distribution":"{\"name\": \"FloatDistribution\", \"attributes\": {\"step\": null, \"low\": 0.0, \"high\": 0.5, \"log\": false}}"}
{"op_code":5,"worker_id":"85b79e2e-829e-48a9-a0c5-5a80345af28c-139679950972736","trial_id":63,"param_name":"nodes","param_value_internal":2,"distribution":"{\"name\": \"CategoricalDistribution\", \"attributes\": {\"choices\": [32, 64, 128]}}"}
{"op_code":6,"worker_id":"85b79e2e-829e-48a9-a0c5-5a80345af28c-139679950972736","trial_id":63,"state":1,"values":[0.6738641380905326],"datetime_complete":"2026-03-20T19:22:26.018215"}
{"op_code":4,"worker_id":"85b79e2e-829e-48a9-a0c5-5a80345af28c-139679950972736","study_id":0,"datetime_start":"2026-03-20T19:22:26.042423"}
{"op_code":5,"worker_id":"85b79e2e-829e-48a9-a0c5-5a80345af28c-139679950972736","trial_id":64,"param_name":"lr","param_value_internal":0.03729723747708253,"distribution":"{\"name\": \"FloatDistribution\", \"attributes\": {\"step\": null, \"low\": 0.0001, \"high\": 0.1, \"log\": true}}"}
{"op_code":5,"worker_id":"85b79e2e-829e-48a9-a0c5-5a80345af28c-139679950972736","trial_id":64,"param_name":"dropout","param_value_internal":0.2548805247056058,"distribution":"{\"name\": \"FloatDistribution\", \"attributes\": {\"step\": null, \"low\": 0.0, \"high\": 0.5, \"log\": false}}"}
{"op_code":5,"worker_id":"85b79e2e-829e-48a9-a0c5-5a80345af28c-139679950972736","trial_id":64,"param_name":"nodes","param_value_internal":2,"distribution":"{\"name\": \"CategoricalDistribution\", \"attributes\": {\"choices\": [32, 64, 128]}}"}
{"op_code":6,"worker_id":"85b79e2e-829e-48a9-a0c5-5a80345af28c-139679950972736","trial_id":64,"state":1,"values":[0.6757353404957636],"datetime_complete":"2026-03-20T19:22:28.288634"}
{"op_code":4,"worker_id":"85b79e2e-829e-48a9-a0c5-5a80345af28c-139679950972736","study_id":0,"datetime_start":"2026-03-20T19:22:28.312966"}
{"op_code":5,"worker_id":"85b79e2e-829e-48a9-a0c5-5a80345af28c-139679950972736","trial_id":65,"param_name":"lr","param_value_internal":0.005116478678304104,"distribution":"{\"name\": \"FloatDistribution\", \"attributes\": {\"step\": null, \"low\": 0.0001, \"high\": 0.1, \"log\": true}}"}
{"op_code":5,"worker_id":"85b79e2e-829e-48a9-a0c5-5a80345af28c-139679950972736","trial_id":65,"param_name":"dropout","param_value_internal":0.43657245689222757,"distribution":"{\"name\": \"FloatDistribution\", \"attributes\": {\"step\": null, \"low\": 0.0, \"high\": 0.5, \"log\": false}}"}
{"op_code":5,"worker_id":"85b79e2e-829e-48a9-a0c5-5a80345af28c-139679950972736","trial_id":65,"param_name":"nodes","param_value_internal":2,"distribution":"{\"name\": \"CategoricalDistribution\", \"attributes\": {\"choices\": [32, 64, 128]}}"}
{"op_code":6,"worker_id":"85b79e2e-829e-48a9-a0c5-5a80345af28c-139679950972736","trial_id":65,"state":1,"values":[0.661985156529235],"datetime_complete":"2026-03-20T19:22:30.663813"}
{"op_code":4,"worker_id":"85b79e2e-829e-48a9-a0c5-5a80345af28c-139679950972736","study_id":0,"datetime_start":"2026-03-20T19:22:30.679701"}
{"op_code":5,"worker_id":"85b79e2e-829e-48a9-a0c5-5a80345af28c-139679950972736","trial_id":66,"param_name":"lr","param_value_internal":0.013733535334938938,"distribution":"{\"name\": \"FloatDistribution\", \"attributes\": {\"step\": null, \"low\": 0.0001, \"high\": 0.1, \"log\": true}}"}
{"op_code":5,"worker_id":"85b79e2e-829e-48a9-a0c5-5a80345af28c-139679950972736","trial_id":66,"param_name":"dropout","param_value_internal":0.39888193130720817,"distribution":"{\"name\": \"FloatDistribution\", \"attributes\": {\"step\": null, \"low\": 0.0, \"high\": 0.5, \"log\": false}}"}
{"op_code":5,"worker_id":"85b79e2e-829e-48a9-a0c5-5a80345af28c-139679950972736","trial_id":66,"param_name":"nodes","param_value_internal":1,"distribution":"{\"name\": \"CategoricalDistribution\", \"attributes\": {\"choices\": [32, 64, 128]}}"}
{"op_code":6,"worker_id":"85b79e2e-829e-48a9-a0c5-5a80345af28c-139679950972736","trial_id":66,"state":1,"values":[0.6750835733658516],"datetime_complete":"2026-03-20T19:22:32.972306"}
{"op_code":4,"worker_id":"85b79e2e-829e-48a9-a0c5-5a80345af28c-139679950972736","study_id":0,"datetime_start":"2026-03-20T19:22:32.997341"}
{"op_code":5,"worker_id":"85b79e2e-829e-48a9-a0c5-5a80345af28c-139679950972736","trial_id":67,"param_name":"lr","param_value_internal":0.00030610872593772175,"distribution":"{\"name\": \"FloatDistribution\", \"attributes\": {\"step\": null, \"low\": 0.0001, \"high\": 0.1, \"log\": true}}"}
{"op_code":5,"worker_id":"85b79e2e-829e-48a9-a0c5-5a80345af28c-139679950972736","trial_id":67,"param_name":"dropout","param_value_internal":0.23328674157656087,"distribution":"{\"name\": \"FloatDistribution\", \"attributes\": {\"step\": null, \"low\": 0.0, \"high\": 0.5, \"log\": false}}"}
{"op_code":5,"worker_id":"85b79e2e-829e-48a9-a0c5-5a80345af28c-139679950972736","trial_id":67,"param_name":"nodes","param_value_internal":0,"distribution":"{\"name\": \"CategoricalDistribution\", \"attributes\": {\"choices\": [32, 64, 128]}}"}
{"op_code":6,"worker_id":"85b79e2e-829e-48a9-a0c5-5a80345af28c-139679950972736","trial_id":67,"state":1,"values":[0.6831570758783088],"datetime_complete":"2026-03-20T19:22:35.278463"}
{"op_code":4,"worker_id":"85b79e2e-829e-48a9-a0c5-5a80345af28c-139679950972736","study_id":0,"datetime_start":"2026-03-20T19:22:35.299151"}
{"op_code":5,"worker_id":"85b79e2e-829e-48a9-a0c5-5a80345af28c-139679950972736","trial_id":68,"param_name":"lr","param_value_internal":0.002691520636463739,"distribution":"{\"name\": \"FloatDistribution\", \"attributes\": {\"step\": null, \"low\": 0.0001, \"high\": 0.1, \"log\": true}}"}
{"op_code":5,"worker_id":"85b79e2e-829e-48a9-a0c5-5a80345af28c-139679950972736","trial_id":68,"param_name":"dropout","param_value_internal":0.38343586571277105,"distribution":"{\"name\": \"FloatDistribution\", \"attributes\": {\"step\": null, \"low\": 0.0, \"high\": 0.5, \"log\": false}}"}
{"op_code":5,"worker_id":"85b79e2e-829e-48a9-a0c5-5a80345af28c-139679950972736","trial_id":68,"param_name":"nodes","param_value_internal":2,"distribution":"{\"name\": \"CategoricalDistribution\", \"attributes\": {\"choices\": [32, 64, 128]}}"}
{"op_code":6,"worker_id":"85b79e2e-829e-48a9-a0c5-5a80345af28c-139679950972736","trial_id":68,"state":1,"values":[0.6726867523074659],"datetime_complete":"2026-03-20T19:22:37.693278"}
{"op_code":4,"worker_id":"85b79e2e-829e-48a9-a0c5-5a80345af28c-139679950972736","study_id":0,"datetime_start":"2026-03-20T19:22:37.713988"}
{"op_code":5,"worker_id":"85b79e2e-829e-48a9-a0c5-5a80345af28c-139679950972736","trial_id":69,"param_name":"lr","param_value_internal":0.023127729384541655,"distribution":"{\"name\": \"FloatDistribution\", \"attributes\": {\"step\": null, \"low\": 0.0001, \"high\": 0.1, \"log\": true}}"}
{"op_code":5,"worker_id":"85b79e2e-829e-48a9-a0c5-5a80345af28c-139679950972736","trial_id":69,"param_name":"dropout","param_value_internal":0.2994883804201177,"distribution":"{\"name\": \"FloatDistribution\", \"attributes\": {\"step\": null, \"low\": 0.0, \"high\": 0.5, \"log\": false}}"}
{"op_code":5,"worker_id":"85b79e2e-829e-48a9-a0c5-5a80345af28c-139679950972736","trial_id":69,"param_name":"nodes","param_value_internal":0,"distribution":"{\"name\": \"CategoricalDistribution\", \"attributes\": {\"choices\": [32, 64, 128]}}"}
{"op_code":6,"worker_id":"85b79e2e-829e-48a9-a0c5-5a80345af28c-139679950972736","trial_id":69,"state":1,"values":[0.7117927801021803],"datetime_complete":"2026-03-20T19:22:39.923957"}
{"op_code":0,"worker_id":"d832935f-eca5-424a-b1bf-2ef0f4721c67-139679950972736","study_name":"deephit_tuning","directions":[2]}
{"op_code":4,"worker_id":"d832935f-eca5-424a-b1bf-2ef0f4721c67-139679950972736","study_id":0,"datetime_start":"2026-03-20T19:35:18.181299"}
{"op_code":5,"worker_id":"d832935f-eca5-424a-b1bf-2ef0f4721c67-139679950972736","trial_id":70,"param_name":"lr","param_value_internal":0.009032967363197508,"distribution":"{\"name\": \"FloatDistribution\", \"attributes\": {\"step\": null, \"low\": 0.0001, \"high\": 0.1, \"log\": true}}"}
{"op_code":5,"worker_id":"d832935f-eca5-424a-b1bf-2ef0f4721c67-139679950972736","trial_id":70,"param_name":"dropout","param_value_internal":0.3236884054963313,"distribution":"{\"name\": \"FloatDistribution\", \"attributes\": {\"step\": null, \"low\": 0.0, \"high\": 0.5, \"log\": false}}"}
{"op_code":5,"worker_id":"d832935f-eca5-424a-b1bf-2ef0f4721c67-139679950972736","trial_id":70,"param_name":"nodes","param_value_internal":2,"distribution":"{\"name\": \"CategoricalDistribution\", \"attributes\": {\"choices\": [32, 64, 128]}}"}
{"op_code":6,"worker_id":"d832935f-eca5-424a-b1bf-2ef0f4721c67-139679950972736","trial_id":70,"state":1,"values":[0.6860069376268081],"datetime_complete":"2026-03-20T19:35:20.581311"}
{"op_code":4,"worker_id":"d832935f-eca5-424a-b1bf-2ef0f4721c67-139679950972736","study_id":0,"datetime_start":"2026-03-20T19:35:20.598277"}
{"op_code":5,"worker_id":"d832935f-eca5-424a-b1bf-2ef0f4721c67-139679950972736","trial_id":71,"param_name":"lr","param_value_internal":0.08387941467803102,"distribution":"{\"name\": \"FloatDistribution\", \"attributes\": {\"step\": null, \"low\": 0.0001, \"high\": 0.1, \"log\": true}}"}
{"op_code":5,"worker_id":"d832935f-eca5-424a-b1bf-2ef0f4721c67-139679950972736","trial_id":71,"param_name":"dropout","param_value_internal":0.2858562685573554,"distribution":"{\"name\": \"FloatDistribution\", \"attributes\": {\"step\": null, \"low\": 0.0, \"high\": 0.5, \"log\": false}}"}
{"op_code":5,"worker_id":"d832935f-eca5-424a-b1bf-2ef0f4721c67-139679950972736","trial_id":71,"param_name":"nodes","param_value_internal":1,"distribution":"{\"name\": \"CategoricalDistribution\", \"attributes\": {\"choices\": [32, 64, 128]}}"}
{"op_code":6,"worker_id":"d832935f-eca5-424a-b1bf-2ef0f4721c67-139679950972736","trial_id":71,"state":1,"values":[0.7114994436808691],"datetime_complete":"2026-03-20T19:35:22.786176"}
{"op_code":4,"worker_id":"d832935f-eca5-424a-b1bf-2ef0f4721c67-139679950972736","study_id":0,"datetime_start":"2026-03-20T19:35:22.807826"}
{"op_code":5,"worker_id":"d832935f-eca5-424a-b1bf-2ef0f4721c67-139679950972736","trial_id":72,"param_name":"lr","param_value_internal":0.05276837830073999,"distribution":"{\"name\": \"FloatDistribution\", \"attributes\": {\"step\": null, \"low\": 0.0001, \"high\": 0.1, \"log\": true}}"}
{"op_code":5,"worker_id":"d832935f-eca5-424a-b1bf-2ef0f4721c67-139679950972736","trial_id":72,"param_name":"dropout","param_value_internal":0.26014689989821105,"distribution":"{\"name\": \"FloatDistribution\", \"attributes\": {\"step\": null, \"low\": 0.0, \"high\": 0.5, \"log\": false}}"}
{"op_code":5,"worker_id":"d832935f-eca5-424a-b1bf-2ef0f4721c67-139679950972736","trial_id":72,"param_name":"nodes","param_value_internal":1,"distribution":"{\"name\": \"CategoricalDistribution\", \"attributes\": {\"choices\": [32, 64, 128]}}"}
{"op_code":6,"worker_id":"d832935f-eca5-424a-b1bf-2ef0f4721c67-139679950972736","trial_id":72,"state":1,"values":[0.6871850251979842],"datetime_complete":"2026-03-20T19:35:25.204702"}
{"op_code":4,"worker_id":"d832935f-eca5-424a-b1bf-2ef0f4721c67-139679950972736","study_id":0,"datetime_start":"2026-03-20T19:35:25.229269"}
{"op_code":5,"worker_id":"d832935f-eca5-424a-b1bf-2ef0f4721c67-139679950972736","trial_id":73,"param_name":"lr","param_value_internal":0.033253033170962405,"distribution":"{\"name\": \"FloatDistribution\", \"attributes\": {\"step\": null, \"low\": 0.0001, \"high\": 0.1, \"log\": true}}"}
{"op_code":5,"worker_id":"d832935f-eca5-424a-b1bf-2ef0f4721c67-139679950972736","trial_id":73,"param_name":"dropout","param_value_internal":0.3402379373681585,"distribution":"{\"name\": \"FloatDistribution\", \"attributes\": {\"step\": null, \"low\": 0.0, \"high\": 0.5, \"log\": false}}"}
{"op_code":5,"worker_id":"d832935f-eca5-424a-b1bf-2ef0f4721c67-139679950972736","trial_id":73,"param_name":"nodes","param_value_internal":1,"distribution":"{\"name\": \"CategoricalDistribution\", \"attributes\": {\"choices\": [32, 64, 128]}}"}
{"op_code":6,"worker_id":"d832935f-eca5-424a-b1bf-2ef0f4721c67-139679950972736","trial_id":73,"state":1,"values":[0.688134040185876],"datetime_complete":"2026-03-20T19:35:27.432981"}
{"op_code":4,"worker_id":"d832935f-eca5-424a-b1bf-2ef0f4721c67-139679950972736","study_id":0,"datetime_start":"2026-03-20T19:35:27.474329"}
{"op_code":5,"worker_id":"d832935f-eca5-424a-b1bf-2ef0f4721c67-139679950972736","trial_id":74,"param_name":"lr","param_value_internal":0.043661021013870545,"distribution":"{\"name\": \"FloatDistribution\", \"attributes\": {\"step\": null, \"low\": 0.0001, \"high\": 0.1, \"log\": true}}"}
{"op_code":5,"worker_id":"d832935f-eca5-424a-b1bf-2ef0f4721c67-139679950972736","trial_id":74,"param_name":"dropout","param_value_internal":0.20814156743437268,"distribution":"{\"name\": \"FloatDistribution\", \"attributes\": {\"step\": null, \"low\": 0.0, \"high\": 0.5, \"log\": false}}"}
{"op_code":5,"worker_id":"d832935f-eca5-424a-b1bf-2ef0f4721c67-139679950972736","trial_id":74,"param_name":"nodes","param_value_internal":1,"distribution":"{\"name\": \"CategoricalDistribution\", \"attributes\": {\"choices\": [32, 64, 128]}}"}
{"op_code":6,"worker_id":"d832935f-eca5-424a-b1bf-2ef0f4721c67-139679950972736","trial_id":74,"state":1,"values":[0.6875777210550429],"datetime_complete":"2026-03-20T19:35:29.876763"}
{"op_code":4,"worker_id":"d832935f-eca5-424a-b1bf-2ef0f4721c67-139679950972736","study_id":0,"datetime_start":"2026-03-20T19:35:29.899592"}
{"op_code":5,"worker_id":"d832935f-eca5-424a-b1bf-2ef0f4721c67-139679950972736","trial_id":75,"param_name":"lr","param_value_internal":0.017139076024515715,"distribution":"{\"name\": \"FloatDistribution\", \"attributes\": {\"step\": null, \"low\": 0.0001, \"high\": 0.1, \"log\": true}}"}
{"op_code":5,"worker_id":"d832935f-eca5-424a-b1bf-2ef0f4721c67-139679950972736","trial_id":75,"param_name":"dropout","param_value_internal":0.307085510844754,"distribution":"{\"name\": \"FloatDistribution\", \"attributes\": {\"step\": null, \"low\": 0.0, \"high\": 0.5, \"log\": false}}"}
{"op_code":5,"worker_id":"d832935f-eca5-424a-b1bf-2ef0f4721c67-139679950972736","trial_id":75,"param_name":"nodes","param_value_internal":1,"distribution":"{\"name\": \"CategoricalDistribution\", \"attributes\": {\"choices\": [32, 64, 128]}}"}
{"op_code":6,"worker_id":"d832935f-eca5-424a-b1bf-2ef0f4721c67-139679950972736","trial_id":75,"state":1,"values":[0.697471475009272],"datetime_complete":"2026-03-20T19:35:32.138147"}
{"op_code":4,"worker_id":"d832935f-eca5-424a-b1bf-2ef0f4721c67-139679950972736","study_id":0,"datetime_start":"2026-03-20T19:35:32.159019"}
{"op_code":5,"worker_id":"d832935f-eca5-424a-b1bf-2ef0f4721c67-139679950972736","trial_id":76,"param_name":"lr","param_value_internal":0.06804293709100066,"distribution":"{\"name\": \"FloatDistribution\", \"attributes\": {\"step\": null, \"low\": 0.0001, \"high\": 0.1, \"log\": true}}"}
{"op_code":5,"worker_id":"d832935f-eca5-424a-b1bf-2ef0f4721c67-139679950972736","trial_id":76,"param_name":"dropout","param_value_internal":0.2746731785449231,"distribution":"{\"name\": \"FloatDistribution\", \"attributes\": {\"step\": null, \"low\": 0.0, \"high\": 0.5, \"log\": false}}"}
{"op_code":5,"worker_id":"d832935f-eca5-424a-b1bf-2ef0f4721c67-139679950972736","trial_id":76,"param_name":"nodes","param_value_internal":0,"distribution":"{\"name\": \"CategoricalDistribution\", \"attributes\": {\"choices\": [32, 64, 128]}}"}
{"op_code":6,"worker_id":"d832935f-eca5-424a-b1bf-2ef0f4721c67-139679950972736","trial_id":76,"state":1,"values":[0.7191461046752623],"datetime_complete":"2026-03-20T19:35:34.520663"}
{"op_code":4,"worker_id":"d832935f-eca5-424a-b1bf-2ef0f4721c67-139679950972736","study_id":0,"datetime_start":"2026-03-20T19:35:34.540418"}
{"op_code":5,"worker_id":"d832935f-eca5-424a-b1bf-2ef0f4721c67-139679950972736","trial_id":77,"param_name":"lr","param_value_internal":0.027135725769954298,"distribution":"{\"name\": \"FloatDistribution\", \"attributes\": {\"step\": null, \"low\": 0.0001, \"high\": 0.1, \"log\": true}}"}
{"op_code":5,"worker_id":"d832935f-eca5-424a-b1bf-2ef0f4721c67-139679950972736","trial_id":77,"param_name":"dropout","param_value_internal":0.3578685953609687,"distribution":"{\"name\": \"FloatDistribution\", \"attributes\": {\"step\": null, \"low\": 0.0, \"high\": 0.5, \"log\": false}}"}
{"op_code":5,"worker_id":"d832935f-eca5-424a-b1bf-2ef0f4721c67-139679950972736","trial_id":77,"param_name":"nodes","param_value_internal":2,"distribution":"{\"name\": \"CategoricalDistribution\", \"attributes\": {\"choices\": [32, 64, 128]}}"}
{"op_code":6,"worker_id":"d832935f-eca5-424a-b1bf-2ef0f4721c67-139679950972736","trial_id":77,"state":1,"values":[0.6948098697558741],"datetime_complete":"2026-03-20T19:35:36.777916"}
{"op_code":4,"worker_id":"d832935f-eca5-424a-b1bf-2ef0f4721c67-139679950972736","study_id":0,"datetime_start":"2026-03-20T19:35:36.793685"}
{"op_code":5,"worker_id":"d832935f-eca5-424a-b1bf-2ef0f4721c67-139679950972736","trial_id":78,"param_name":"lr","param_value_internal":0.0018499688433076958,"distribution":"{\"name\": \"FloatDistribution\", \"attributes\": {\"step\": null, \"low\": 0.0001, \"high\": 0.1, \"log\": true}}"}
{"op_code":5,"worker_id":"d832935f-eca5-424a-b1bf-2ef0f4721c67-139679950972736","trial_id":78,"param_name":"dropout","param_value_internal":0.2516747617275837,"distribution":"{\"name\": \"FloatDistribution\", \"attributes\": {\"step\": null, \"low\": 0.0, \"high\": 0.5, \"log\": false}}"}
{"op_code":5,"worker_id":"d832935f-eca5-424a-b1bf-2ef0f4721c67-139679950972736","trial_id":78,"param_name":"nodes","param_value_internal":1,"distribution":"{\"name\": \"CategoricalDistribution\", \"attributes\": {\"choices\": [32, 64, 128]}}"}
{"op_code":6,"worker_id":"d832935f-eca5-424a-b1bf-2ef0f4721c67-139679950972736","trial_id":78,"state":1,"values":[0.6976023736282916],"datetime_complete":"2026-03-20T19:35:39.122937"}
{"op_code":4,"worker_id":"d832935f-eca5-424a-b1bf-2ef0f4721c67-139679950972736","study_id":0,"datetime_start":"2026-03-20T19:35:39.142698"}
{"op_code":5,"worker_id":"d832935f-eca5-424a-b1bf-2ef0f4721c67-139679950972736","trial_id":79,"param_name":"lr","param_value_internal":0.005027928219764944,"distribution":"{\"name\": \"FloatDistribution\", \"attributes\": {\"step\": null, \"low\": 0.0001, \"high\": 0.1, \"log\": true}}"}
{"op_code":5,"worker_id":"d832935f-eca5-424a-b1bf-2ef0f4721c67-139679950972736","trial_id":79,"param_name":"dropout","param_value_internal":0.18430208045051744,"distribution":"{\"name\": \"FloatDistribution\", \"attributes\": {\"step\": null, \"low\": 0.0, \"high\": 0.5, \"log\": false}}"}
{"op_code":5,"worker_id":"d832935f-eca5-424a-b1bf-2ef0f4721c67-139679950972736","trial_id":79,"param_name":"nodes","param_value_internal":2,"distribution":"{\"name\": \"CategoricalDistribution\", \"attributes\": {\"choices\": [32, 64, 128]}}"}
{"op_code":6,"worker_id":"d832935f-eca5-424a-b1bf-2ef0f4721c67-139679950972736","trial_id":79,"state":1,"values":[0.679832886096385],"datetime_complete":"2026-03-20T19:35:41.443543"}
{"op_code":0,"worker_id":"b447f6d8-465a-4b13-897a-79843bbae42f-139679950972736","study_name":"deephit_tuning","directions":[2]}
{"op_code":4,"worker_id":"b447f6d8-465a-4b13-897a-79843bbae42f-139679950972736","study_id":0,"datetime_start":"2026-03-20T19:48:11.464739"}
{"op_code":5,"worker_id":"b447f6d8-465a-4b13-897a-79843bbae42f-139679950972736","trial_id":80,"param_name":"lr","param_value_internal":0.0032515472963809077,"distribution":"{\"name\": \"FloatDistribution\", \"attributes\": {\"step\": null, \"low\": 0.0001, \"high\": 0.1, \"log\": true}}"}
{"op_code":5,"worker_id":"b447f6d8-465a-4b13-897a-79843bbae42f-139679950972736","trial_id":80,"param_name":"dropout","param_value_internal":0.2938237330952821,"distribution":"{\"name\": \"FloatDistribution\", \"attributes\": {\"step\": null, \"low\": 0.0, \"high\": 0.5, \"log\": false}}"}
{"op_code":5,"worker_id":"b447f6d8-465a-4b13-897a-79843bbae42f-139679950972736","trial_id":80,"param_name":"nodes","param_value_internal":0,"distribution":"{\"name\": \"CategoricalDistribution\", \"attributes\": {\"choices\": [32, 64, 128]}}"}
{"op_code":6,"worker_id":"b447f6d8-465a-4b13-897a-79843bbae42f-139679950972736","trial_id":80,"state":1,"values":[0.7010874469813194],"datetime_complete":"2026-03-20T19:48:13.837262"}
{"op_code":4,"worker_id":"b447f6d8-465a-4b13-897a-79843bbae42f-139679950972736","study_id":0,"datetime_start":"2026-03-20T19:48:13.857797"}
{"op_code":5,"worker_id":"b447f6d8-465a-4b13-897a-79843bbae42f-139679950972736","trial_id":81,"param_name":"lr","param_value_internal":0.03605666417369313,"distribution":"{\"name\": \"FloatDistribution\", \"attributes\": {\"step\": null, \"low\": 0.0001, \"high\": 0.1, \"log\": true}}"}
{"op_code":5,"worker_id":"b447f6d8-465a-4b13-897a-79843bbae42f-139679950972736","trial_id":81,"param_name":"dropout","param_value_internal":0.2750597690851661,"distribution":"{\"name\": \"FloatDistribution\", \"attributes\": {\"step\": null, \"low\": 0.0, \"high\": 0.5, \"log\": false}}"}
{"op_code":5,"worker_id":"b447f6d8-465a-4b13-897a-79843bbae42f-139679950972736","trial_id":81,"param_name":"nodes","param_value_internal":2,"distribution":"{\"name\": \"CategoricalDistribution\", \"attributes\": {\"choices\": [32, 64, 128]}}"}
{"op_code":6,"worker_id":"b447f6d8-465a-4b13-897a-79843bbae42f-139679950972736","trial_id":81,"state":1,"values":[0.6854751376229582],"datetime_complete":"2026-03-20T19:48:16.177580"}
{"op_code":4,"worker_id":"b447f6d8-465a-4b13-897a-79843bbae42f-139679950972736","study_id":0,"datetime_start":"2026-03-20T19:48:16.201257"}
{"op_code":5,"worker_id":"b447f6d8-465a-4b13-897a-79843bbae42f-139679950972736","trial_id":82,"param_name":"lr","param_value_internal":0.054614674710521546,"distribution":"{\"name\": \"FloatDistribution\", \"attributes\": {\"step\": null, \"low\": 0.0001, \"high\": 0.1, \"log\": true}}"}
{"op_code":5,"worker_id":"b447f6d8-465a-4b13-897a-79843bbae42f-139679950972736","trial_id":82,"param_name":"dropout","param_value_internal":0.2820693250444052,"distribution":"{\"name\": \"FloatDistribution\", \"attributes\": {\"step\": null, \"low\": 0.0, \"high\": 0.5, \"log\": false}}"}
{"op_code":5,"worker_id":"b447f6d8-465a-4b13-897a-79843bbae42f-139679950972736","trial_id":82,"param_name":"nodes","param_value_internal":2,"distribution":"{\"name\": \"CategoricalDistribution\", \"attributes\": {\"choices\": [32, 64, 128]}}"}
{"op_code":6,"worker_id":"b447f6d8-465a-4b13-897a-79843bbae42f-139679950972736","trial_id":82,"state":1,"values":[0.6889495532894143],"datetime_complete":"2026-03-20T19:48:18.458238"}
{"op_code":4,"worker_id":"b447f6d8-465a-4b13-897a-79843bbae42f-139679950972736","study_id":0,"datetime_start":"2026-03-20T19:48:18.478688"}
{"op_code":5,"worker_id":"b447f6d8-465a-4b13-897a-79843bbae42f-139679950972736","trial_id":83,"param_name":"lr","param_value_internal":0.02179011883359897,"distribution":"{\"name\": \"FloatDistribution\", \"attributes\": {\"step\": null, \"low\": 0.0001, \"high\": 0.1, \"log\": true}}"}
{"op_code":5,"worker_id":"b447f6d8-465a-4b13-897a-79843bbae42f-139679950972736","trial_id":83,"param_name":"dropout","param_value_internal":0.2282436433172304,"distribution":"{\"name\": \"FloatDistribution\", \"attributes\": {\"step\": null, \"low\": 0.0, \"high\": 0.5, \"log\": false}}"}
{"op_code":5,"worker_id":"b447f6d8-465a-4b13-897a-79843bbae42f-139679950972736","trial_id":83,"param_name":"nodes","param_value_internal":2,"distribution":"{\"name\": \"CategoricalDistribution\", \"attributes\": {\"choices\": [32, 64, 128]}}"}
{"op_code":6,"worker_id":"b447f6d8-465a-4b13-897a-79843bbae42f-139679950972736","trial_id":83,"state":1,"values":[0.7050807688836748],"datetime_complete":"2026-03-20T19:48:20.849526"}
{"op_code":4,"worker_id":"b447f6d8-465a-4b13-897a-79843bbae42f-139679950972736","study_id":0,"datetime_start":"2026-03-20T19:48:20.873064"}
{"op_code":5,"worker_id":"b447f6d8-465a-4b13-897a-79843bbae42f-139679950972736","trial_id":84,"param_name":"lr","param_value_internal":0.041888208498109814,"distribution":"{\"name\": \"FloatDistribution\", \"attributes\": {\"step\": null, \"low\": 0.0001, \"high\": 0.1, \"log\": true}}"}
{"op_code":5,"worker_id":"b447f6d8-465a-4b13-897a-79843bbae42f-139679950972736","trial_id":84,"param_name":"dropout","param_value_internal":0.31856935459343344,"distribution":"{\"name\": \"FloatDistribution\", \"attributes\": {\"step\": null, \"low\": 0.0, \"high\": 0.5, \"log\": false}}"}
{"op_code":5,"worker_id":"b447f6d8-465a-4b13-897a-79843bbae42f-139679950972736","trial_id":84,"param_name":"nodes","param_value_internal":2,"distribution":"{\"name\": \"CategoricalDistribution\", \"attributes\": {\"choices\": [32, 64, 128]}}"}
{"op_code":6,"worker_id":"b447f6d8-465a-4b13-897a-79843bbae42f-139679950972736","trial_id":84,"state":1,"values":[0.7024523959931415],"datetime_complete":"2026-03-20T19:48:23.071331"}
{"op_code":4,"worker_id":"b447f6d8-465a-4b13-897a-79843bbae42f-139679950972736","study_id":0,"datetime_start":"2026-03-20T19:48:23.090776"}
{"op_code":5,"worker_id":"b447f6d8-465a-4b13-897a-79843bbae42f-139679950972736","trial_id":85,"param_name":"lr","param_value_internal":0.007204336484450392,"distribution":"{\"name\": \"FloatDistribution\", \"attributes\": {\"step\": null, \"low\": 0.0001, \"high\": 0.1, \"log\": true}}"}
{"op_code":5,"worker_id":"b447f6d8-465a-4b13-897a-79843bbae42f-139679950972736","trial_id":85,"param_name":"dropout","param_value_internal":0.24266640807439227,"distribution":"{\"name\": \"FloatDistribution\", \"attributes\": {\"step\": null, \"low\": 0.0, \"high\": 0.5, \"log\": false}}"}
{"op_code":5,"worker_id":"b447f6d8-465a-4b13-897a-79843bbae42f-139679950972736","trial_id":85,"param_name":"nodes","param_value_internal":2,"distribution":"{\"name\": \"CategoricalDistribution\", \"attributes\": {\"choices\": [32, 64, 128]}}"}
{"op_code":6,"worker_id":"b447f6d8-465a-4b13-897a-79843bbae42f-139679950972736","trial_id":85,"state":1,"values":[0.6936648316938905],"datetime_complete":"2026-03-20T19:48:25.472799"}
{"op_code":4,"worker_id":"b447f6d8-465a-4b13-897a-79843bbae42f-139679950972736","study_id":0,"datetime_start":"2026-03-20T19:48:25.493043"}
{"op_code":5,"worker_id":"b447f6d8-465a-4b13-897a-79843bbae42f-139679950972736","trial_id":86,"param_name":"lr","param_value_internal":0.030500451436896645,"distribution":"{\"name\": \"FloatDistribution\", \"attributes\": {\"step\": null, \"low\": 0.0001, \"high\": 0.1, \"log\": true}}"}
{"op_code":5,"worker_id":"b447f6d8-465a-4b13-897a-79843bbae42f-139679950972736","trial_id":86,"param_name":"dropout","param_value_internal":0.2627395953921421,"distribution":"{\"name\": \"FloatDistribution\", \"attributes\": {\"step\": null, \"low\": 0.0, \"high\": 0.5, \"log\": false}}"}
{"op_code":5,"worker_id":"b447f6d8-465a-4b13-897a-79843bbae42f-139679950972736","trial_id":86,"param_name":"nodes","param_value_internal":1,"distribution":"{\"name\": \"CategoricalDistribution\", \"attributes\": {\"choices\": [32, 64, 128]}}"}
{"op_code":6,"worker_id":"b447f6d8-465a-4b13-897a-79843bbae42f-139679950972736","trial_id":86,"state":1,"values":[0.7214263153145023],"datetime_complete":"2026-03-20T19:48:27.666859"}
{"op_code":4,"worker_id":"b447f6d8-465a-4b13-897a-79843bbae42f-139679950972736","study_id":0,"datetime_start":"2026-03-20T19:48:27.681510"}
{"op_code":5,"worker_id":"b447f6d8-465a-4b13-897a-79843bbae42f-139679950972736","trial_id":87,"param_name":"lr","param_value_internal":0.010114696438573437,"distribution":"{\"name\": \"FloatDistribution\", \"attributes\": {\"step\": null, \"low\": 0.0001, \"high\": 0.1, \"log\": true}}"}
{"op_code":5,"worker_id":"b447f6d8-465a-4b13-897a-79843bbae42f-139679950972736","trial_id":87,"param_name":"dropout","param_value_internal":0.34208240156298286,"distribution":"{\"name\": \"FloatDistribution\", \"attributes\": {\"step\": null, \"low\": 0.0, \"high\": 0.5, \"log\": false}}"}
{"op_code":5,"worker_id":"b447f6d8-465a-4b13-897a-79843bbae42f-139679950972736","trial_id":87,"param_name":"nodes","param_value_internal":2,"distribution":"{\"name\": \"CategoricalDistribution\", \"attributes\": {\"choices\": [32, 64, 128]}}"}
{"op_code":6,"worker_id":"b447f6d8-465a-4b13-897a-79843bbae42f-139679950972736","trial_id":87,"state":1,"values":[0.6780976446169118],"datetime_complete":"2026-03-20T19:48:30.054510"}
{"op_code":4,"worker_id":"b447f6d8-465a-4b13-897a-79843bbae42f-139679950972736","study_id":0,"datetime_start":"2026-03-20T19:48:30.074756"}
{"op_code":5,"worker_id":"b447f6d8-465a-4b13-897a-79843bbae42f-139679950972736","trial_id":88,"param_name":"lr","param_value_internal":0.02510953269579858,"distribution":"{\"name\": \"FloatDistribution\", \"attributes\": {\"step\": null, \"low\": 0.0001, \"high\": 0.1, \"log\": true}}"}
{"op_code":5,"worker_id":"b447f6d8-465a-4b13-897a-79843bbae42f-139679950972736","trial_id":88,"param_name":"dropout","param_value_internal":0.3030368734564282,"distribution":"{\"name\": \"FloatDistribution\", \"attributes\": {\"step\": null, \"low\": 0.0, \"high\": 0.5, \"log\": false}}"}
{"op_code":5,"worker_id":"b447f6d8-465a-4b13-897a-79843bbae42f-139679950972736","trial_id":88,"param_name":"nodes","param_value_internal":0,"distribution":"{\"name\": \"CategoricalDistribution\", \"attributes\": {\"choices\": [32, 64, 128]}}"}
{"op_code":6,"worker_id":"b447f6d8-465a-4b13-897a-79843bbae42f-139679950972736","trial_id":88,"state":1,"values":[0.6830498149986464],"datetime_complete":"2026-03-20T19:48:32.258139"}
{"op_code":4,"worker_id":"b447f6d8-465a-4b13-897a-79843bbae42f-139679950972736","study_id":0,"datetime_start":"2026-03-20T19:48:32.289303"}
{"op_code":5,"worker_id":"b447f6d8-465a-4b13-897a-79843bbae42f-139679950972736","trial_id":89,"param_name":"lr","param_value_internal":0.013238589686242752,"distribution":"{\"name\": \"FloatDistribution\", \"attributes\": {\"step\": null, \"low\": 0.0001, \"high\": 0.1, \"log\": true}}"}
{"op_code":5,"worker_id":"b447f6d8-465a-4b13-897a-79843bbae42f-139679950972736","trial_id":89,"param_name":"dropout","param_value_internal":0.3669493543074645,"distribution":"{\"name\": \"FloatDistribution\", \"attributes\": {\"step\": null, \"low\": 0.0, \"high\": 0.5, \"log\": false}}"}
{"op_code":5,"worker_id":"b447f6d8-465a-4b13-897a-79843bbae42f-139679950972736","trial_id":89,"param_name":"nodes","param_value_internal":2,"distribution":"{\"name\": \"CategoricalDistribution\", \"attributes\": {\"choices\": [32, 64, 128]}}"}
{"op_code":6,"worker_id":"b447f6d8-465a-4b13-897a-79843bbae42f-139679950972736","trial_id":89,"state":1,"values":[0.7003654904791986],"datetime_complete":"2026-03-20T19:48:34.718675"}
{"op_code":0,"worker_id":"308725f8-7eac-4042-a55d-266c6a5b7a38-139679950972736","study_name":"deephit_tuning","directions":[2]}
{"op_code":4,"worker_id":"308725f8-7eac-4042-a55d-266c6a5b7a38-139679950972736","study_id":0,"datetime_start":"2026-03-20T20:01:54.982601"}
{"op_code":5,"worker_id":"308725f8-7eac-4042-a55d-266c6a5b7a38-139679950972736","trial_id":90,"param_name":"lr","param_value_internal":0.01688690116642424,"distribution":"{\"name\": \"FloatDistribution\", \"attributes\": {\"step\": null, \"low\": 0.0001, \"high\": 0.1, \"log\": true}}"}
{"op_code":5,"worker_id":"308725f8-7eac-4042-a55d-266c6a5b7a38-139679950972736","trial_id":90,"param_name":"dropout","param_value_internal":0.2876942409745452,"distribution":"{\"name\": \"FloatDistribution\", \"attributes\": {\"step\": null, \"low\": 0.0, \"high\": 0.5, \"log\": false}}"}
{"op_code":5,"worker_id":"308725f8-7eac-4042-a55d-266c6a5b7a38-139679950972736","trial_id":90,"param_name":"nodes","param_value_internal":1,"distribution":"{\"name\": \"CategoricalDistribution\", \"attributes\": {\"choices\": [32, 64, 128]}}"}
{"op_code":6,"worker_id":"308725f8-7eac-4042-a55d-266c6a5b7a38-139679950972736","trial_id":90,"state":1,"values":[0.663933057885731],"datetime_complete":"2026-03-20T20:01:57.403210"}
{"op_code":4,"worker_id":"308725f8-7eac-4042-a55d-266c6a5b7a38-139679950972736","study_id":0,"datetime_start":"2026-03-20T20:01:57.432571"}
{"op_code":5,"worker_id":"308725f8-7eac-4042-a55d-266c6a5b7a38-139679950972736","trial_id":91,"param_name":"lr","param_value_internal":0.006208537460802299,"distribution":"{\"name\": \"FloatDistribution\", \"attributes\": {\"step\": null, \"low\": 0.0001, \"high\": 0.1, \"log\": true}}"}
{"op_code":5,"worker_id":"308725f8-7eac-4042-a55d-266c6a5b7a38-139679950972736","trial_id":91,"param_name":"dropout","param_value_internal":0.2800847064795553,"distribution":"{\"name\": \"FloatDistribution\", \"attributes\": {\"step\": null, \"low\": 0.0, \"high\": 0.5, \"log\": false}}"}
{"op_code":5,"worker_id":"308725f8-7eac-4042-a55d-266c6a5b7a38-139679950972736","trial_id":91,"param_name":"nodes","param_value_internal":2,"distribution":"{\"name\": \"CategoricalDistribution\", \"attributes\": {\"choices\": [32, 64, 128]}}"}
{"op_code":6,"worker_id":"308725f8-7eac-4042-a55d-266c6a5b7a38-139679950972736","trial_id":91,"state":1,"values":[0.6828492133049539],"datetime_complete":"2026-03-20T20:01:59.697160"}
{"op_code":4,"worker_id":"308725f8-7eac-4042-a55d-266c6a5b7a38-139679950972736","study_id":0,"datetime_start":"2026-03-20T20:01:59.718920"}
{"op_code":5,"worker_id":"308725f8-7eac-4042-a55d-266c6a5b7a38-139679950972736","trial_id":92,"param_name":"lr","param_value_internal":0.003624104058880188,"distribution":"{\"name\": \"FloatDistribution\", \"attributes\": {\"step\": null, \"low\": 0.0001, \"high\": 0.1, \"log\": true}}"}
{"op_code":5,"worker_id":"308725f8-7eac-4042-a55d-266c6a5b7a38-139679950972736","trial_id":92,"param_name":"dropout","param_value_internal":0.32520878666704706,"distribution":"{\"name\": \"FloatDistribution\", \"attributes\": {\"step\": null, \"low\": 0.0, \"high\": 0.5, \"log\": false}}"}
{"op_code":5,"worker_id":"308725f8-7eac-4042-a55d-266c6a5b7a38-139679950972736","trial_id":92,"param_name":"nodes","param_value_internal":2,"distribution":"{\"name\": \"CategoricalDistribution\", \"attributes\": {\"choices\": [32, 64, 128]}}"}
{"op_code":6,"worker_id":"308725f8-7eac-4042-a55d-266c6a5b7a38-139679950972736","trial_id":92,"state":1,"values":[0.6817119485831142],"datetime_complete":"2026-03-20T20:02:02.095077"}
{"op_code":4,"worker_id":"308725f8-7eac-4042-a55d-266c6a5b7a38-139679950972736","study_id":0,"datetime_start":"2026-03-20T20:02:02.118908"}
{"op_code":5,"worker_id":"308725f8-7eac-4042-a55d-266c6a5b7a38-139679950972736","trial_id":93,"param_name":"lr","param_value_internal":0.011712458584120577,"distribution":"{\"name\": \"FloatDistribution\", \"attributes\": {\"step\": null, \"low\": 0.0001, \"high\": 0.1, \"log\": true}}"}
{"op_code":5,"worker_id":"308725f8-7eac-4042-a55d-266c6a5b7a38-139679950972736","trial_id":93,"param_name":"dropout","param_value_internal":0.4331504616360523,"distribution":"{\"name\": \"FloatDistribution\", \"attributes\": {\"step\": null, \"low\": 0.0, \"high\": 0.5, \"log\": false}}"}
{"op_code":5,"worker_id":"308725f8-7eac-4042-a55d-266c6a5b7a38-139679950972736","trial_id":93,"param_name":"nodes","param_value_internal":2,"distribution":"{\"name\": \"CategoricalDistribution\", \"attributes\": {\"choices\": [32, 64, 128]}}"}
{"op_code":6,"worker_id":"308725f8-7eac-4042-a55d-266c6a5b7a38-139679950972736","trial_id":93,"state":1,"values":[0.7041024998956638],"datetime_complete":"2026-03-20T20:02:04.399826"}
{"op_code":4,"worker_id":"308725f8-7eac-4042-a55d-266c6a5b7a38-139679950972736","study_id":0,"datetime_start":"2026-03-20T20:02:04.431089"}
{"op_code":5,"worker_id":"308725f8-7eac-4042-a55d-266c6a5b7a38-139679950972736","trial_id":94,"param_name":"lr","param_value_internal":0.0043773996683882915,"distribution":"{\"name\": \"FloatDistribution\", \"attributes\": {\"step\": null, \"low\": 0.0001, \"high\": 0.1, \"log\": true}}"}
{"op_code":5,"worker_id":"308725f8-7eac-4042-a55d-266c6a5b7a38-139679950972736","trial_id":94,"param_name":"dropout","param_value_internal":0.2953973140544376,"distribution":"{\"name\": \"FloatDistribution\", \"attributes\": {\"step\": null, \"low\": 0.0, \"high\": 0.5, \"log\": false}}"}
{"op_code":5,"worker_id":"308725f8-7eac-4042-a55d-266c6a5b7a38-139679950972736","trial_id":94,"param_name":"nodes","param_value_internal":2,"distribution":"{\"name\": \"CategoricalDistribution\", \"attributes\": {\"choices\": [32, 64, 128]}}"}
{"op_code":6,"worker_id":"308725f8-7eac-4042-a55d-266c6a5b7a38-139679950972736","trial_id":94,"state":1,"values":[0.6638287216727181],"datetime_complete":"2026-03-20T20:02:06.771227"}
{"op_code":4,"worker_id":"308725f8-7eac-4042-a55d-266c6a5b7a38-139679950972736","study_id":0,"datetime_start":"2026-03-20T20:02:06.796838"}
{"op_code":5,"worker_id":"308725f8-7eac-4042-a55d-266c6a5b7a38-139679950972736","trial_id":95,"param_name":"lr","param_value_internal":0.0022243737323717726,"distribution":"{\"name\": \"FloatDistribution\", \"attributes\": {\"step\": null, \"low\": 0.0001, \"high\": 0.1, \"log\": true}}"}
{"op_code":5,"worker_id":"308725f8-7eac-4042-a55d-266c6a5b7a38-139679950972736","trial_id":95,"param_name":"dropout","param_value_internal":0.264638617939547,"distribution":"{\"name\": \"FloatDistribution\", \"attributes\": {\"step\": null, \"low\": 0.0, \"high\": 0.5, \"log\": false}}"}
{"op_code":5,"worker_id":"308725f8-7eac-4042-a55d-266c6a5b7a38-139679950972736","trial_id":95,"param_name":"nodes","param_value_internal":2,"distribution":"{\"name\": \"CategoricalDistribution\", \"attributes\": {\"choices\": [32, 64, 128]}}"}
{"op_code":6,"worker_id":"308725f8-7eac-4042-a55d-266c6a5b7a38-139679950972736","trial_id":95,"state":1,"values":[0.6695046116606151],"datetime_complete":"2026-03-20T20:02:09.126254"}
{"op_code":4,"worker_id":"308725f8-7eac-4042-a55d-266c6a5b7a38-139679950972736","study_id":0,"datetime_start":"2026-03-20T20:02:09.149752"}
{"op_code":5,"worker_id":"308725f8-7eac-4042-a55d-266c6a5b7a38-139679950972736","trial_id":96,"param_name":"lr","param_value_internal":0.008021659344371188,"distribution":"{\"name\": \"FloatDistribution\", \"attributes\": {\"step\": null, \"low\": 0.0001, \"high\": 0.1, \"log\": true}}"}
{"op_code":5,"worker_id":"308725f8-7eac-4042-a55d-266c6a5b7a38-139679950972736","trial_id":96,"param_name":"dropout","param_value_internal":0.3061941132470648,"distribution":"{\"name\": \"FloatDistribution\", \"attributes\": {\"step\": null, \"low\": 0.0, \"high\": 0.5, \"log\": false}}"}
{"op_code":5,"worker_id":"308725f8-7eac-4042-a55d-266c6a5b7a38-139679950972736","trial_id":96,"param_name":"nodes","param_value_internal":0,"distribution":"{\"name\": \"CategoricalDistribution\", \"attributes\": {\"choices\": [32, 64, 128]}}"}
{"op_code":6,"worker_id":"308725f8-7eac-4042-a55d-266c6a5b7a38-139679950972736","trial_id":96,"state":1,"values":[0.6747214223112558],"datetime_complete":"2026-03-20T20:02:11.428935"}
{"op_code":4,"worker_id":"308725f8-7eac-4042-a55d-266c6a5b7a38-139679950972736","study_id":0,"datetime_start":"2026-03-20T20:02:11.455044"}
{"op_code":5,"worker_id":"308725f8-7eac-4042-a55d-266c6a5b7a38-139679950972736","trial_id":97,"param_name":"lr","param_value_internal":0.0047496345634632595,"distribution":"{\"name\": \"FloatDistribution\", \"attributes\": {\"step\": null, \"low\": 0.0001, \"high\": 0.1, \"log\": true}}"}
{"op_code":5,"worker_id":"308725f8-7eac-4042-a55d-266c6a5b7a38-139679950972736","trial_id":97,"param_name":"dropout","param_value_internal":0.060093463189418383,"distribution":"{\"name\": \"FloatDistribution\", \"attributes\": {\"step\": null, \"low\": 0.0, \"high\": 0.5, \"log\": false}}"}
{"op_code":5,"worker_id":"308725f8-7eac-4042-a55d-266c6a5b7a38-139679950972736","trial_id":97,"param_name":"nodes","param_value_internal":2,"distribution":"{\"name\": \"CategoricalDistribution\", \"attributes\": {\"choices\": [32, 64, 128]}}"}
{"op_code":6,"worker_id":"308725f8-7eac-4042-a55d-266c6a5b7a38-139679950972736","trial_id":97,"state":1,"values":[0.6449647343600017],"datetime_complete":"2026-03-20T20:02:13.863251"}
{"op_code":4,"worker_id":"308725f8-7eac-4042-a55d-266c6a5b7a38-139679950972736","study_id":0,"datetime_start":"2026-03-20T20:02:13.902282"}
{"op_code":5,"worker_id":"308725f8-7eac-4042-a55d-266c6a5b7a38-139679950972736","trial_id":98,"param_name":"lr","param_value_internal":0.0035440096048020547,"distribution":"{\"name\": \"FloatDistribution\", \"attributes\": {\"step\": null, \"low\": 0.0001, \"high\": 0.1, \"log\": true}}"}
{"op_code":5,"worker_id":"308725f8-7eac-4042-a55d-266c6a5b7a38-139679950972736","trial_id":98,"param_name":"dropout","param_value_internal":0.48751278689020694,"distribution":"{\"name\": \"FloatDistribution\", \"attributes\": {\"step\": null, \"low\": 0.0, \"high\": 0.5, \"log\": false}}"}
{"op_code":5,"worker_id":"308725f8-7eac-4042-a55d-266c6a5b7a38-139679950972736","trial_id":98,"param_name":"nodes","param_value_internal":2,"distribution":"{\"name\": \"CategoricalDistribution\", \"attributes\": {\"choices\": [32, 64, 128]}}"}
{"op_code":6,"worker_id":"308725f8-7eac-4042-a55d-266c6a5b7a38-139679950972736","trial_id":98,"state":1,"values":[0.6797921622636784],"datetime_complete":"2026-03-20T20:02:16.145415"}
{"op_code":4,"worker_id":"308725f8-7eac-4042-a55d-266c6a5b7a38-139679950972736","study_id":0,"datetime_start":"2026-03-20T20:02:16.166812"}
{"op_code":5,"worker_id":"308725f8-7eac-4042-a55d-266c6a5b7a38-139679950972736","trial_id":99,"param_name":"lr","param_value_internal":0.01964590828931667,"distribution":"{\"name\": \"FloatDistribution\", \"attributes\": {\"step\": null, \"low\": 0.0001, \"high\": 0.1, \"log\": true}}"}
{"op_code":5,"worker_id":"308725f8-7eac-4042-a55d-266c6a5b7a38-139679950972736","trial_id":99,"param_name":"dropout","param_value_internal":0.4466682538480719,"distribution":"{\"name\": \"FloatDistribution\", \"attributes\": {\"step\": null, \"low\": 0.0, \"high\": 0.5, \"log\": false}}"}
{"op_code":5,"worker_id":"308725f8-7eac-4042-a55d-266c6a5b7a38-139679950972736","trial_id":99,"param_name":"nodes","param_value_internal":0,"distribution":"{\"name\": \"CategoricalDistribution\", \"attributes\": {\"choices\": [32, 64, 128]}}"}
{"op_code":6,"worker_id":"308725f8-7eac-4042-a55d-266c6a5b7a38-139679950972736","trial_id":99,"state":1,"values":[0.682890947790159],"datetime_complete":"2026-03-20T20:02:18.564012"}
{"op_code":0,"worker_id":"815400f6-df1d-4f35-bbc3-2850dcfe2565-139679950972736","study_name":"deephit_tuning","directions":[2]}
{"op_code":4,"worker_id":"815400f6-df1d-4f35-bbc3-2850dcfe2565-139679950972736","study_id":0,"datetime_start":"2026-03-20T20:14:43.850723"}
{"op_code":5,"worker_id":"815400f6-df1d-4f35-bbc3-2850dcfe2565-139679950972736","trial_id":100,"param_name":"lr","param_value_internal":0.0014660698460829287,"distribution":"{\"name\": \"FloatDistribution\", \"attributes\": {\"step\": null, \"low\": 0.0001, \"high\": 0.1, \"log\": true}}"}
{"op_code":5,"worker_id":"815400f6-df1d-4f35-bbc3-2850dcfe2565-139679950972736","trial_id":100,"param_name":"dropout","param_value_internal":0.40193882647611695,"distribution":"{\"name\": \"FloatDistribution\", \"attributes\": {\"step\": null, \"low\": 0.0, \"high\": 0.5, \"log\": false}}"}
{"op_code":5,"worker_id":"815400f6-df1d-4f35-bbc3-2850dcfe2565-139679950972736","trial_id":100,"param_name":"nodes","param_value_internal":2,"distribution":"{\"name\": \"CategoricalDistribution\", \"attributes\": {\"choices\": [32, 64, 128]}}"}
{"op_code":6,"worker_id":"815400f6-df1d-4f35-bbc3-2850dcfe2565-139679950972736","trial_id":100,"state":1,"values":[0.3792644196291364],"datetime_complete":"2026-03-20T20:14:46.159289"}
{"op_code":4,"worker_id":"815400f6-df1d-4f35-bbc3-2850dcfe2565-139679950972736","study_id":0,"datetime_start":"2026-03-20T20:14:46.179628"}
{"op_code":5,"worker_id":"815400f6-df1d-4f35-bbc3-2850dcfe2565-139679950972736","trial_id":101,"param_name":"lr","param_value_internal":0.0027839808264407606,"distribution":"{\"name\": \"FloatDistribution\", \"attributes\": {\"step\": null, \"low\": 0.0001, \"high\": 0.1, \"log\": true}}"}
{"op_code":5,"worker_id":"815400f6-df1d-4f35-bbc3-2850dcfe2565-139679950972736","trial_id":101,"param_name":"dropout","param_value_internal":0.1811437212842616,"distribution":"{\"name\": \"FloatDistribution\", \"attributes\": {\"step\": null, \"low\": 0.0, \"high\": 0.5, \"log\": false}}"}
{"op_code":5,"worker_id":"815400f6-df1d-4f35-bbc3-2850dcfe2565-139679950972736","trial_id":101,"param_name":"nodes","param_value_internal":0,"distribution":"{\"name\": \"CategoricalDistribution\", \"attributes\": {\"choices\": [32, 64, 128]}}"}
{"op_code":6,"worker_id":"815400f6-df1d-4f35-bbc3-2850dcfe2565-139679950972736","trial_id":101,"state":1,"values":[0.3799303350066592],"datetime_complete":"2026-03-20T20:14:48.519701"}
{"op_code":4,"worker_id":"815400f6-df1d-4f35-bbc3-2850dcfe2565-139679950972736","study_id":0,"datetime_start":"2026-03-20T20:14:48.540398"}
{"op_code":5,"worker_id":"815400f6-df1d-4f35-bbc3-2850dcfe2565-139679950972736","trial_id":102,"param_name":"lr","param_value_internal":0.0021991241236222372,"distribution":"{\"name\": \"FloatDistribution\", \"attributes\": {\"step\": null, \"low\": 0.0001, \"high\": 0.1, \"log\": true}}"}
{"op_code":5,"worker_id":"815400f6-df1d-4f35-bbc3-2850dcfe2565-139679950972736","trial_id":102,"param_name":"dropout","param_value_internal":0.13855116335890535,"distribution":"{\"name\": \"FloatDistribution\", \"attributes\": {\"step\": null, \"low\": 0.0, \"high\": 0.5, \"log\": false}}"}
{"op_code":5,"worker_id":"815400f6-df1d-4f35-bbc3-2850dcfe2565-139679950972736","trial_id":102,"param_name":"nodes","param_value_internal":0,"distribution":"{\"name\": \"CategoricalDistribution\", \"attributes\": {\"choices\": [32, 64, 128]}}"}
{"op_code":6,"worker_id":"815400f6-df1d-4f35-bbc3-2850dcfe2565-139679950972736","trial_id":102,"state":1,"values":[0.36364102038725543],"datetime_complete":"2026-03-20T20:14:50.793187"}
{"op_code":4,"worker_id":"815400f6-df1d-4f35-bbc3-2850dcfe2565-139679950972736","study_id":0,"datetime_start":"2026-03-20T20:14:50.811927"}
{"op_code":5,"worker_id":"815400f6-df1d-4f35-bbc3-2850dcfe2565-139679950972736","trial_id":103,"param_name":"lr","param_value_internal":0.006003761918297617,"distribution":"{\"name\": \"FloatDistribution\", \"attributes\": {\"step\": null, \"low\": 0.0001, \"high\": 0.1, \"log\": true}}"}
{"op_code":5,"worker_id":"815400f6-df1d-4f35-bbc3-2850dcfe2565-139679950972736","trial_id":103,"param_name":"dropout","param_value_internal":0.2165544376852308,"distribution":"{\"name\": \"FloatDistribution\", \"attributes\": {\"step\": null, \"low\": 0.0, \"high\": 0.5, \"log\": false}}"}
{"op_code":5,"worker_id":"815400f6-df1d-4f35-bbc3-2850dcfe2565-139679950972736","trial_id":103,"param_name":"nodes","param_value_internal":0,"distribution":"{\"name\": \"CategoricalDistribution\", \"attributes\": {\"choices\": [32, 64, 128]}}"}
{"op_code":6,"worker_id":"815400f6-df1d-4f35-bbc3-2850dcfe2565-139679950972736","trial_id":103,"state":1,"values":[0.40313492470033807],"datetime_complete":"2026-03-20T20:14:53.191542"}
{"op_code":4,"worker_id":"815400f6-df1d-4f35-bbc3-2850dcfe2565-139679950972736","study_id":0,"datetime_start":"2026-03-20T20:14:53.213571"}
{"op_code":5,"worker_id":"815400f6-df1d-4f35-bbc3-2850dcfe2565-139679950972736","trial_id":104,"param_name":"lr","param_value_internal":0.0031876698866307755,"distribution":"{\"name\": \"FloatDistribution\", \"attributes\": {\"step\": null, \"low\": 0.0001, \"high\": 0.1, \"log\": true}}"}
{"op_code":5,"worker_id":"815400f6-df1d-4f35-bbc3-2850dcfe2565-139679950972736","trial_id":104,"param_name":"dropout","param_value_internal":0.20478107679711643,"distribution":"{\"name\": \"FloatDistribution\", \"attributes\": {\"step\": null, \"low\": 0.0, \"high\": 0.5, \"log\": false}}"}
{"op_code":5,"worker_id":"815400f6-df1d-4f35-bbc3-2850dcfe2565-139679950972736","trial_id":104,"param_name":"nodes","param_value_internal":0,"distribution":"{\"name\": \"CategoricalDistribution\", \"attributes\": {\"choices\": [32, 64, 128]}}"}
{"op_code":6,"worker_id":"815400f6-df1d-4f35-bbc3-2850dcfe2565-139679950972736","trial_id":104,"state":1,"values":[0.3041696547484889],"datetime_complete":"2026-03-20T20:14:55.429411"}
{"op_code":4,"worker_id":"815400f6-df1d-4f35-bbc3-2850dcfe2565-139679950972736","study_id":0,"datetime_start":"2026-03-20T20:14:55.448865"}
{"op_code":5,"worker_id":"815400f6-df1d-4f35-bbc3-2850dcfe2565-139679950972736","trial_id":105,"param_name":"lr","param_value_internal":0.0039574372889308405,"distribution":"{\"name\": \"FloatDistribution\", \"attributes\": {\"step\": null, \"low\": 0.0001, \"high\": 0.1, \"log\": true}}"}
{"op_code":5,"worker_id":"815400f6-df1d-4f35-bbc3-2850dcfe2565-139679950972736","trial_id":105,"param_name":"dropout","param_value_internal":0.33290205456683936,"distribution":"{\"name\": \"FloatDistribution\", \"attributes\": {\"step\": null, \"low\": 0.0, \"high\": 0.5, \"log\": false}}"}
{"op_code":5,"worker_id":"815400f6-df1d-4f35-bbc3-2850dcfe2565-139679950972736","trial_id":105,"param_name":"nodes","param_value_internal":1,"distribution":"{\"name\": \"CategoricalDistribution\", \"attributes\": {\"choices\": [32, 64, 128]}}"}
{"op_code":6,"worker_id":"815400f6-df1d-4f35-bbc3-2850dcfe2565-139679950972736","trial_id":105,"state":1,"values":[0.3957586312877779],"datetime_complete":"2026-03-20T20:14:57.835128"}
{"op_code":4,"worker_id":"815400f6-df1d-4f35-bbc3-2850dcfe2565-139679950972736","study_id":0,"datetime_start":"2026-03-20T20:14:57.857565"}
{"op_code":5,"worker_id":"815400f6-df1d-4f35-bbc3-2850dcfe2565-139679950972736","trial_id":106,"param_name":"lr","param_value_internal":0.0024125341957140457,"distribution":"{\"name\": \"FloatDistribution\", \"attributes\": {\"step\": null, \"low\": 0.0001, \"high\": 0.1, \"log\": true}}"}
{"op_code":5,"worker_id":"815400f6-df1d-4f35-bbc3-2850dcfe2565-139679950972736","trial_id":106,"param_name":"dropout","param_value_internal":0.47024394262803115,"distribution":"{\"name\": \"FloatDistribution\", \"attributes\": {\"step\": null, \"low\": 0.0, \"high\": 0.5, \"log\": false}}"}
{"op_code":5,"worker_id":"815400f6-df1d-4f35-bbc3-2850dcfe2565-139679950972736","trial_id":106,"param_name":"nodes","param_value_internal":0,"distribution":"{\"name\": \"CategoricalDistribution\", \"attributes\": {\"choices\": [32, 64, 128]}}"}
{"op_code":6,"worker_id":"815400f6-df1d-4f35-bbc3-2850dcfe2565-139679950972736","trial_id":106,"state":1,"values":[0.33101116688863846],"datetime_complete":"2026-03-20T20:15:00.048151"}
{"op_code":4,"worker_id":"815400f6-df1d-4f35-bbc3-2850dcfe2565-139679950972736","study_id":0,"datetime_start":"2026-03-20T20:15:00.079348"}
{"op_code":5,"worker_id":"815400f6-df1d-4f35-bbc3-2850dcfe2565-139679950972736","trial_id":107,"param_name":"lr","param_value_internal":0.0015562091153376982,"distribution":"{\"name\": \"FloatDistribution\", \"attributes\": {\"step\": null, \"low\": 0.0001, \"high\": 0.1, \"log\": true}}"}
{"op_code":5,"worker_id":"815400f6-df1d-4f35-bbc3-2850dcfe2565-139679950972736","trial_id":107,"param_name":"dropout","param_value_internal":0.24906389174391322,"distribution":"{\"name\": \"FloatDistribution\", \"attributes\": {\"step\": null, \"low\": 0.0, \"high\": 0.5, \"log\": false}}"}
{"op_code":5,"worker_id":"815400f6-df1d-4f35-bbc3-2850dcfe2565-139679950972736","trial_id":107,"param_name":"nodes","param_value_internal":2,"distribution":"{\"name\": \"CategoricalDistribution\", \"attributes\": {\"choices\": [32, 64, 128]}}"}
{"op_code":6,"worker_id":"815400f6-df1d-4f35-bbc3-2850dcfe2565-139679950972736","trial_id":107,"state":1,"values":[0.34945190042003893],"datetime_complete":"2026-03-20T20:15:02.480386"}
{"op_code":4,"worker_id":"815400f6-df1d-4f35-bbc3-2850dcfe2565-139679950972736","study_id":0,"datetime_start":"2026-03-20T20:15:02.501239"}
{"op_code":5,"worker_id":"815400f6-df1d-4f35-bbc3-2850dcfe2565-139679950972736","trial_id":108,"param_name":"lr","param_value_internal":0.015321523428400626,"distribution":"{\"name\": \"FloatDistribution\", \"attributes\": {\"step\": null, \"low\": 0.0001, \"high\": 0.1, \"log\": true}}"}
{"op_code":5,"worker_id":"815400f6-df1d-4f35-bbc3-2850dcfe2565-139679950972736","trial_id":108,"param_name":"dropout","param_value_internal":0.32029705113638973,"distribution":"{\"name\": \"FloatDistribution\", \"attributes\": {\"step\": null, \"low\": 0.0, \"high\": 0.5, \"log\": false}}"}
{"op_code":5,"worker_id":"815400f6-df1d-4f35-bbc3-2850dcfe2565-139679950972736","trial_id":108,"param_name":"nodes","param_value_internal":1,"distribution":"{\"name\": \"CategoricalDistribution\", \"attributes\": {\"choices\": [32, 64, 128]}}"}
{"op_code":6,"worker_id":"815400f6-df1d-4f35-bbc3-2850dcfe2565-139679950972736","trial_id":108,"state":1,"values":[0.34842741522385],"datetime_complete":"2026-03-20T20:15:04.703643"}
{"op_code":4,"worker_id":"815400f6-df1d-4f35-bbc3-2850dcfe2565-139679950972736","study_id":0,"datetime_start":"2026-03-20T20:15:04.726383"}
{"op_code":5,"worker_id":"815400f6-df1d-4f35-bbc3-2850dcfe2565-139679950972736","trial_id":109,"param_name":"lr","param_value_internal":0.03896178480911926,"distribution":"{\"name\": \"FloatDistribution\", \"attributes\": {\"step\": null, \"low\": 0.0001, \"high\": 0.1, \"log\": true}}"}
{"op_code":5,"worker_id":"815400f6-df1d-4f35-bbc3-2850dcfe2565-139679950972736","trial_id":109,"param_name":"dropout","param_value_internal":0.23788178603133844,"distribution":"{\"name\": \"FloatDistribution\", \"attributes\": {\"step\": null, \"low\": 0.0, \"high\": 0.5, \"log\": false}}"}
{"op_code":5,"worker_id":"815400f6-df1d-4f35-bbc3-2850dcfe2565-139679950972736","trial_id":109,"param_name":"nodes","param_value_internal":0,"distribution":"{\"name\": \"CategoricalDistribution\", \"attributes\": {\"choices\": [32, 64, 128]}}"}
{"op_code":6,"worker_id":"815400f6-df1d-4f35-bbc3-2850dcfe2565-139679950972736","trial_id":109,"state":1,"values":[0.4012396270873886],"datetime_complete":"2026-03-20T20:15:07.141247"}
{"op_code":0,"worker_id":"1852d075-b2c3-41ac-9276-85b23b151b5e-139679950972736","study_name":"deephit_tuning","directions":[2]}
{"op_code":4,"worker_id":"1852d075-b2c3-41ac-9276-85b23b151b5e-139679950972736","study_id":0,"datetime_start":"2026-03-20T20:27:45.058060"}
{"op_code":5,"worker_id":"1852d075-b2c3-41ac-9276-85b23b151b5e-139679950972736","trial_id":110,"param_name":"lr","param_value_internal":0.03152240376328804,"distribution":"{\"name\": \"FloatDistribution\", \"attributes\": {\"step\": null, \"low\": 0.0001, \"high\": 0.1, \"log\": true}}"}
{"op_code":5,"worker_id":"1852d075-b2c3-41ac-9276-85b23b151b5e-139679950972736","trial_id":110,"param_name":"dropout","param_value_internal":0.2843920216708859,"distribution":"{\"name\": \"FloatDistribution\", \"attributes\": {\"step\": null, \"low\": 0.0, \"high\": 0.5, \"log\": false}}"}
{"op_code":5,"worker_id":"1852d075-b2c3-41ac-9276-85b23b151b5e-139679950972736","trial_id":110,"param_name":"nodes","param_value_internal":2,"distribution":"{\"name\": \"CategoricalDistribution\", \"attributes\": {\"choices\": [32, 64, 128]}}"}
{"op_code":6,"worker_id":"1852d075-b2c3-41ac-9276-85b23b151b5e-139679950972736","trial_id":110,"state":1,"values":[0.48545454545454547],"datetime_complete":"2026-03-20T20:27:47.250383"}
{"op_code":4,"worker_id":"1852d075-b2c3-41ac-9276-85b23b151b5e-139679950972736","study_id":0,"datetime_start":"2026-03-20T20:27:47.269677"}
{"op_code":5,"worker_id":"1852d075-b2c3-41ac-9276-85b23b151b5e-139679950972736","trial_id":111,"param_name":"lr","param_value_internal":0.006869836939354819,"distribution":"{\"name\": \"FloatDistribution\", \"attributes\": {\"step\": null, \"low\": 0.0001, \"high\": 0.1, \"log\": true}}"}
{"op_code":5,"worker_id":"1852d075-b2c3-41ac-9276-85b23b151b5e-139679950972736","trial_id":111,"param_name":"dropout","param_value_internal":0.41455810293526074,"distribution":"{\"name\": \"FloatDistribution\", \"attributes\": {\"step\": null, \"low\": 0.0, \"high\": 0.5, \"log\": false}}"}
{"op_code":5,"worker_id":"1852d075-b2c3-41ac-9276-85b23b151b5e-139679950972736","trial_id":111,"param_name":"nodes","param_value_internal":1,"distribution":"{\"name\": \"CategoricalDistribution\", \"attributes\": {\"choices\": [32, 64, 128]}}"}
{"op_code":6,"worker_id":"1852d075-b2c3-41ac-9276-85b23b151b5e-139679950972736","trial_id":111,"state":1,"values":[0.47397727272727275],"datetime_complete":"2026-03-20T20:27:49.728921"}
{"op_code":4,"worker_id":"1852d075-b2c3-41ac-9276-85b23b151b5e-139679950972736","study_id":0,"datetime_start":"2026-03-20T20:27:49.747963"}
{"op_code":5,"worker_id":"1852d075-b2c3-41ac-9276-85b23b151b5e-139679950972736","trial_id":112,"param_name":"lr","param_value_internal":0.005689717477043553,"distribution":"{\"name\": \"FloatDistribution\", \"attributes\": {\"step\": null, \"low\": 0.0001, \"high\": 0.1, \"log\": true}}"}
{"op_code":5,"worker_id":"1852d075-b2c3-41ac-9276-85b23b151b5e-139679950972736","trial_id":112,"param_name":"dropout","param_value_internal":0.34759778610446695,"distribution":"{\"name\": \"FloatDistribution\", \"attributes\": {\"step\": null, \"low\": 0.0, \"high\": 0.5, \"log\": false}}"}
{"op_code":5,"worker_id":"1852d075-b2c3-41ac-9276-85b23b151b5e-139679950972736","trial_id":112,"param_name":"nodes","param_value_internal":1,"distribution":"{\"name\": \"CategoricalDistribution\", \"attributes\": {\"choices\": [32, 64, 128]}}"}
{"op_code":6,"worker_id":"1852d075-b2c3-41ac-9276-85b23b151b5e-139679950972736","trial_id":112,"state":1,"values":[0.48],"datetime_complete":"2026-03-20T20:27:51.969242"}
{"op_code":4,"worker_id":"1852d075-b2c3-41ac-9276-85b23b151b5e-139679950972736","study_id":0,"datetime_start":"2026-03-20T20:27:51.986276"}
{"op_code":5,"worker_id":"1852d075-b2c3-41ac-9276-85b23b151b5e-139679950972736","trial_id":113,"param_name":"lr","param_value_internal":0.0574990251807606,"distribution":"{\"name\": \"FloatDistribution\", \"attributes\": {\"step\": null, \"low\": 0.0001, \"high\": 0.1, \"log\": true}}"}
{"op_code":5,"worker_id":"1852d075-b2c3-41ac-9276-85b23b151b5e-139679950972736","trial_id":113,"param_name":"dropout","param_value_internal":0.3833409993518516,"distribution":"{\"name\": \"FloatDistribution\", \"attributes\": {\"step\": null, \"low\": 0.0, \"high\": 0.5, \"log\": false}}"}
{"op_code":5,"worker_id":"1852d075-b2c3-41ac-9276-85b23b151b5e-139679950972736","trial_id":113,"param_name":"nodes","param_value_internal":1,"distribution":"{\"name\": \"CategoricalDistribution\", \"attributes\": {\"choices\": [32, 64, 128]}}"}
{"op_code":6,"worker_id":"1852d075-b2c3-41ac-9276-85b23b151b5e-139679950972736","trial_id":113,"state":1,"values":[0.47875],"datetime_complete":"2026-03-20T20:27:54.313072"}
{"op_code":4,"worker_id":"1852d075-b2c3-41ac-9276-85b23b151b5e-139679950972736","study_id":0,"datetime_start":"2026-03-20T20:27:54.329854"}
{"op_code":5,"worker_id":"1852d075-b2c3-41ac-9276-85b23b151b5e-139679950972736","trial_id":114,"param_name":"lr","param_value_internal":0.07856203926624834,"distribution":"{\"name\": \"FloatDistribution\", \"attributes\": {\"step\": null, \"low\": 0.0001, \"high\": 0.1, \"log\": true}}"}
{"op_code":5,"worker_id":"1852d075-b2c3-41ac-9276-85b23b151b5e-139679950972736","trial_id":114,"param_name":"dropout","param_value_internal":0.3125184255440131,"distribution":"{\"name\": \"FloatDistribution\", \"attributes\": {\"step\": null, \"low\": 0.0, \"high\": 0.5, \"log\": false}}"}
{"op_code":5,"worker_id":"1852d075-b2c3-41ac-9276-85b23b151b5e-139679950972736","trial_id":114,"param_name":"nodes","param_value_internal":1,"distribution":"{\"name\": \"CategoricalDistribution\", \"attributes\": {\"choices\": [32, 64, 128]}}"}
{"op_code":6,"worker_id":"1852d075-b2c3-41ac-9276-85b23b151b5e-139679950972736","trial_id":114,"state":1,"values":[0.47801136363636365],"datetime_complete":"2026-03-20T20:27:56.553651"}
{"op_code":4,"worker_id":"1852d075-b2c3-41ac-9276-85b23b151b5e-139679950972736","study_id":0,"datetime_start":"2026-03-20T20:27:56.570571"}
{"op_code":5,"worker_id":"1852d075-b2c3-41ac-9276-85b23b151b5e-139679950972736","trial_id":115,"param_name":"lr","param_value_internal":0.0045564623705896985,"distribution":"{\"name\": \"FloatDistribution\", \"attributes\": {\"step\": null, \"low\": 0.0001, \"high\": 0.1, \"log\": true}}"}
{"op_code":5,"worker_id":"1852d075-b2c3-41ac-9276-85b23b151b5e-139679950972736","trial_id":115,"param_name":"dropout","param_value_internal":0.270103749907977,"distribution":"{\"name\": \"FloatDistribution\", \"attributes\": {\"step\": null, \"low\": 0.0, \"high\": 0.5, \"log\": false}}"}
{"op_code":5,"worker_id":"1852d075-b2c3-41ac-9276-85b23b151b5e-139679950972736","trial_id":115,"param_name":"nodes","param_value_internal":1,"distribution":"{\"name\": \"CategoricalDistribution\", \"attributes\": {\"choices\": [32, 64, 128]}}"}
{"op_code":6,"worker_id":"1852d075-b2c3-41ac-9276-85b23b151b5e-139679950972736","trial_id":115,"state":1,"values":[0.3976136363636364],"datetime_complete":"2026-03-20T20:27:58.914234"}
{"op_code":4,"worker_id":"1852d075-b2c3-41ac-9276-85b23b151b5e-139679950972736","study_id":0,"datetime_start":"2026-03-20T20:27:58.935979"}
{"op_code":5,"worker_id":"1852d075-b2c3-41ac-9276-85b23b151b5e-139679950972736","trial_id":116,"param_name":"lr","param_value_internal":0.0029582696350635225,"distribution":"{\"name\": \"FloatDistribution\", \"attributes\": {\"step\": null, \"low\": 0.0001, \"high\": 0.1, \"log\": true}}"}
{"op_code":5,"worker_id":"1852d075-b2c3-41ac-9276-85b23b151b5e-139679950972736","trial_id":116,"param_name":"dropout","param_value_internal":0.28970879718002696,"distribution":"{\"name\": \"FloatDistribution\", \"attributes\": {\"step\": null, \"low\": 0.0, \"high\": 0.5, \"log\": false}}"}
{"op_code":5,"worker_id":"1852d075-b2c3-41ac-9276-85b23b151b5e-139679950972736","trial_id":116,"param_name":"nodes","param_value_internal":2,"distribution":"{\"name\": \"CategoricalDistribution\", \"attributes\": {\"choices\": [32, 64, 128]}}"}
{"op_code":6,"worker_id":"1852d075-b2c3-41ac-9276-85b23b151b5e-139679950972736","trial_id":116,"state":1,"values":[0.5655681818181818],"datetime_complete":"2026-03-20T20:28:01.179305"}
{"op_code":4,"worker_id":"1852d075-b2c3-41ac-9276-85b23b151b5e-139679950972736","study_id":0,"datetime_start":"2026-03-20T20:28:01.194834"}
{"op_code":5,"worker_id":"1852d075-b2c3-41ac-9276-85b23b151b5e-139679950972736","trial_id":117,"param_name":"lr","param_value_internal":0.04980067942341994,"distribution":"{\"name\": \"FloatDistribution\", \"attributes\": {\"step\": null, \"low\": 0.0001, \"high\": 0.1, \"log\": true}}"}
{"op_code":5,"worker_id":"1852d075-b2c3-41ac-9276-85b23b151b5e-139679950972736","trial_id":117,"param_name":"dropout","param_value_internal":0.2973352723110421,"distribution":"{\"name\": \"FloatDistribution\", \"attributes\": {\"step\": null, \"low\": 0.0, \"high\": 0.5, \"log\": false}}"}
{"op_code":5,"worker_id":"1852d075-b2c3-41ac-9276-85b23b151b5e-139679950972736","trial_id":117,"param_name":"nodes","param_value_internal":0,"distribution":"{\"name\": \"CategoricalDistribution\", \"attributes\": {\"choices\": [32, 64, 128]}}"}
{"op_code":6,"worker_id":"1852d075-b2c3-41ac-9276-85b23b151b5e-139679950972736","trial_id":117,"state":1,"values":[0.5092045454545454],"datetime_complete":"2026-03-20T20:28:03.488233"}
{"op_code":4,"worker_id":"1852d075-b2c3-41ac-9276-85b23b151b5e-139679950972736","study_id":0,"datetime_start":"2026-03-20T20:28:03.502133"}
{"op_code":5,"worker_id":"1852d075-b2c3-41ac-9276-85b23b151b5e-139679950972736","trial_id":118,"param_name":"lr","param_value_internal":0.00811747268928007,"distribution":"{\"name\": \"FloatDistribution\", \"attributes\": {\"step\": null, \"low\": 0.0001, \"high\": 0.1, \"log\": true}}"}
{"op_code":5,"worker_id":"1852d075-b2c3-41ac-9276-85b23b151b5e-139679950972736","trial_id":118,"param_name":"dropout","param_value_internal":0.2567294018867321,"distribution":"{\"name\": \"FloatDistribution\", \"attributes\": {\"step\": null, \"low\": 0.0, \"high\": 0.5, \"log\": false}}"}
{"op_code":5,"worker_id":"1852d075-b2c3-41ac-9276-85b23b151b5e-139679950972736","trial_id":118,"param_name":"nodes","param_value_internal":2,"distribution":"{\"name\": \"CategoricalDistribution\", \"attributes\": {\"choices\": [32, 64, 128]}}"}
{"op_code":6,"worker_id":"1852d075-b2c3-41ac-9276-85b23b151b5e-139679950972736","trial_id":118,"state":1,"values":[0.45732954545454546],"datetime_complete":"2026-03-20T20:28:05.739138"}
{"op_code":4,"worker_id":"1852d075-b2c3-41ac-9276-85b23b151b5e-139679950972736","study_id":0,"datetime_start":"2026-03-20T20:28:05.753464"}
{"op_code":5,"worker_id":"1852d075-b2c3-41ac-9276-85b23b151b5e-139679950972736","trial_id":119,"param_name":"lr","param_value_internal":0.010157929415407916,"distribution":"{\"name\": \"FloatDistribution\", \"attributes\": {\"step\": null, \"low\": 0.0001, \"high\": 0.1, \"log\": true}}"}
{"op_code":5,"worker_id":"1852d075-b2c3-41ac-9276-85b23b151b5e-139679950972736","trial_id":119,"param_name":"dropout","param_value_internal":0.36176287071246094,"distribution":"{\"name\": \"FloatDistribution\", \"attributes\": {\"step\": null, \"low\": 0.0, \"high\": 0.5, \"log\": false}}"}
{"op_code":5,"worker_id":"1852d075-b2c3-41ac-9276-85b23b151b5e-139679950972736","trial_id":119,"param_name":"nodes","param_value_internal":1,"distribution":"{\"name\": \"CategoricalDistribution\", \"attributes\": {\"choices\": [32, 64, 128]}}"}
{"op_code":6,"worker_id":"1852d075-b2c3-41ac-9276-85b23b151b5e-139679950972736","trial_id":119,"state":1,"values":[0.5280681818181818],"datetime_complete":"2026-03-20T20:28:08.047924"}
{"op_code":0,"worker_id":"cb016d8a-840b-48d8-ace0-89dd6a9f9ff6-139679950972736","study_name":"deephit_tuning","directions":[2]}
{"op_code":4,"worker_id":"cb016d8a-840b-48d8-ace0-89dd6a9f9ff6-139679950972736","study_id":0,"datetime_start":"2026-03-20T20:40:29.381274"}
{"op_code":5,"worker_id":"cb016d8a-840b-48d8-ace0-89dd6a9f9ff6-139679950972736","trial_id":120,"param_name":"lr","param_value_internal":0.022371032699673613,"distribution":"{\"name\": \"FloatDistribution\", \"attributes\": {\"step\": null, \"low\": 0.0001, \"high\": 0.1, \"log\": true}}"}
{"op_code":5,"worker_id":"cb016d8a-840b-48d8-ace0-89dd6a9f9ff6-139679950972736","trial_id":120,"param_name":"dropout","param_value_internal":0.33536911803107083,"distribution":"{\"name\": \"FloatDistribution\", \"attributes\": {\"step\": null, \"low\": 0.0, \"high\": 0.5, \"log\": false}}"}
{"op_code":5,"worker_id":"cb016d8a-840b-48d8-ace0-89dd6a9f9ff6-139679950972736","trial_id":120,"param_name":"nodes","param_value_internal":2,"distribution":"{\"name\": \"CategoricalDistribution\", \"attributes\": {\"choices\": [32, 64, 128]}}"}
{"op_code":6,"worker_id":"cb016d8a-840b-48d8-ace0-89dd6a9f9ff6-139679950972736","trial_id":120,"state":1,"values":[0.508010453357573],"datetime_complete":"2026-03-20T20:40:31.860033"}
{"op_code":4,"worker_id":"cb016d8a-840b-48d8-ace0-89dd6a9f9ff6-139679950972736","study_id":0,"datetime_start":"2026-03-20T20:40:31.883066"}
{"op_code":5,"worker_id":"cb016d8a-840b-48d8-ace0-89dd6a9f9ff6-139679950972736","trial_id":121,"param_name":"lr","param_value_internal":0.0005609776196881086,"distribution":"{\"name\": \"FloatDistribution\", \"attributes\": {\"step\": null, \"low\": 0.0001, \"high\": 0.1, \"log\": true}}"}
{"op_code":5,"worker_id":"cb016d8a-840b-48d8-ace0-89dd6a9f9ff6-139679950972736","trial_id":121,"param_name":"dropout","param_value_internal":0.27166969147169834,"distribution":"{\"name\": \"FloatDistribution\", \"attributes\": {\"step\": null, \"low\": 0.0, \"high\": 0.5, \"log\": false}}"}
{"op_code":5,"worker_id":"cb016d8a-840b-48d8-ace0-89dd6a9f9ff6-139679950972736","trial_id":121,"param_name":"nodes","param_value_internal":1,"distribution":"{\"name\": \"CategoricalDistribution\", \"attributes\": {\"choices\": [32, 64, 128]}}"}
{"op_code":6,"worker_id":"cb016d8a-840b-48d8-ace0-89dd6a9f9ff6-139679950972736","trial_id":121,"state":1,"values":[0.42767867287808203],"datetime_complete":"2026-03-20T20:40:34.189232"}
{"op_code":4,"worker_id":"cb016d8a-840b-48d8-ace0-89dd6a9f9ff6-139679950972736","study_id":0,"datetime_start":"2026-03-20T20:40:34.302940"}
{"op_code":5,"worker_id":"cb016d8a-840b-48d8-ace0-89dd6a9f9ff6-139679950972736","trial_id":122,"param_name":"lr","param_value_internal":0.0003154535248537186,"distribution":"{\"name\": \"FloatDistribution\", \"attributes\": {\"step\": null, \"low\": 0.0001, \"high\": 0.1, \"log\": true}}"}
{"op_code":5,"worker_id":"cb016d8a-840b-48d8-ace0-89dd6a9f9ff6-139679950972736","trial_id":122,"param_name":"dropout","param_value_internal":0.3120450172104971,"distribution":"{\"name\": \"FloatDistribution\", \"attributes\": {\"step\": null, \"low\": 0.0, \"high\": 0.5, \"log\": false}}"}
{"op_code":5,"worker_id":"cb016d8a-840b-48d8-ace0-89dd6a9f9ff6-139679950972736","trial_id":122,"param_name":"nodes","param_value_internal":1,"distribution":"{\"name\": \"CategoricalDistribution\", \"attributes\": {\"choices\": [32, 64, 128]}}"}
{"op_code":6,"worker_id":"cb016d8a-840b-48d8-ace0-89dd6a9f9ff6-139679950972736","trial_id":122,"state":1,"values":[0.5046017498011589],"datetime_complete":"2026-03-20T20:40:36.861032"}
{"op_code":4,"worker_id":"cb016d8a-840b-48d8-ace0-89dd6a9f9ff6-139679950972736","study_id":0,"datetime_start":"2026-03-20T20:40:36.882561"}
{"op_code":5,"worker_id":"cb016d8a-840b-48d8-ace0-89dd6a9f9ff6-139679950972736","trial_id":123,"param_name":"lr","param_value_internal":0.001013761385705553,"distribution":"{\"name\": \"FloatDistribution\", \"attributes\": {\"step\": null, \"low\": 0.0001, \"high\": 0.1, \"log\": true}}"}
{"op_code":5,"worker_id":"cb016d8a-840b-48d8-ace0-89dd6a9f9ff6-139679950972736","trial_id":123,"param_name":"dropout","param_value_internal":0.2799814239144394,"distribution":"{\"name\": \"FloatDistribution\", \"attributes\": {\"step\": null, \"low\": 0.0, \"high\": 0.5, \"log\": false}}"}
{"op_code":5,"worker_id":"cb016d8a-840b-48d8-ace0-89dd6a9f9ff6-139679950972736","trial_id":123,"param_name":"nodes","param_value_internal":1,"distribution":"{\"name\": \"CategoricalDistribution\", \"attributes\": {\"choices\": [32, 64, 128]}}"}
{"op_code":6,"worker_id":"cb016d8a-840b-48d8-ace0-89dd6a9f9ff6-139679950972736","trial_id":123,"state":1,"values":[0.5541415748210431],"datetime_complete":"2026-03-20T20:40:39.192673"}
{"op_code":4,"worker_id":"cb016d8a-840b-48d8-ace0-89dd6a9f9ff6-139679950972736","study_id":0,"datetime_start":"2026-03-20T20:40:39.210571"}
{"op_code":5,"worker_id":"cb016d8a-840b-48d8-ace0-89dd6a9f9ff6-139679950972736","trial_id":124,"param_name":"lr","param_value_internal":0.00021623452298786682,"distribution":"{\"name\": \"FloatDistribution\", \"attributes\": {\"step\": null, \"low\": 0.0001, \"high\": 0.1, \"log\": true}}"}
{"op_code":5,"worker_id":"cb016d8a-840b-48d8-ace0-89dd6a9f9ff6-139679950972736","trial_id":124,"param_name":"dropout","param_value_internal":0.30638846638841327,"distribution":"{\"name\": \"FloatDistribution\", \"attributes\": {\"step\": null, \"low\": 0.0, \"high\": 0.5, \"log\": false}}"}
{"op_code":5,"worker_id":"cb016d8a-840b-48d8-ace0-89dd6a9f9ff6-139679950972736","trial_id":124,"param_name":"nodes","param_value_internal":1,"distribution":"{\"name\": \"CategoricalDistribution\", \"attributes\": {\"choices\": [32, 64, 128]}}"}
{"op_code":6,"worker_id":"cb016d8a-840b-48d8-ace0-89dd6a9f9ff6-139679950972736","trial_id":124,"state":1,"values":[0.32598568344506307],"datetime_complete":"2026-03-20T20:40:41.584001"}
{"op_code":4,"worker_id":"cb016d8a-840b-48d8-ace0-89dd6a9f9ff6-139679950972736","study_id":0,"datetime_start":"2026-03-20T20:40:41.603094"}
{"op_code":5,"worker_id":"cb016d8a-840b-48d8-ace0-89dd6a9f9ff6-139679950972736","trial_id":125,"param_name":"lr","param_value_internal":0.005050196414053966,"distribution":"{\"name\": \"FloatDistribution\", \"attributes\": {\"step\": null, \"low\": 0.0001, \"high\": 0.1, \"log\": true}}"}
{"op_code":5,"worker_id":"cb016d8a-840b-48d8-ace0-89dd6a9f9ff6-139679950972736","trial_id":125,"param_name":"dropout","param_value_internal":0.2907802681417273,"distribution":"{\"name\": \"FloatDistribution\", \"attributes\": {\"step\": null, \"low\": 0.0, \"high\": 0.5, \"log\": false}}"}
{"op_code":5,"worker_id":"cb016d8a-840b-48d8-ace0-89dd6a9f9ff6-139679950972736","trial_id":125,"param_name":"nodes","param_value_internal":0,"distribution":"{\"name\": \"CategoricalDistribution\", \"attributes\": {\"choices\": [32, 64, 128]}}"}
{"op_code":6,"worker_id":"cb016d8a-840b-48d8-ace0-89dd6a9f9ff6-139679950972736","trial_id":125,"state":1,"values":[0.49039881831610044],"datetime_complete":"2026-03-20T20:40:44.014892"}
{"op_code":4,"worker_id":"cb016d8a-840b-48d8-ace0-89dd6a9f9ff6-139679950972736","study_id":0,"datetime_start":"2026-03-20T20:40:44.030835"}
{"op_code":5,"worker_id":"cb016d8a-840b-48d8-ace0-89dd6a9f9ff6-139679950972736","trial_id":126,"param_name":"lr","param_value_internal":0.0008944208598824844,"distribution":"{\"name\": \"FloatDistribution\", \"attributes\": {\"step\": null, \"low\": 0.0001, \"high\": 0.1, \"log\": true}}"}
{"op_code":5,"worker_id":"cb016d8a-840b-48d8-ace0-89dd6a9f9ff6-139679950972736","trial_id":126,"param_name":"dropout","param_value_internal":0.3230233095051207,"distribution":"{\"name\": \"FloatDistribution\", \"attributes\": {\"step\": null, \"low\": 0.0, \"high\": 0.5, \"log\": false}}"}
{"op_code":5,"worker_id":"cb016d8a-840b-48d8-ace0-89dd6a9f9ff6-139679950972736","trial_id":126,"param_name":"nodes","param_value_internal":2,"distribution":"{\"name\": \"CategoricalDistribution\", \"attributes\": {\"choices\": [32, 64, 128]}}"}
{"op_code":6,"worker_id":"cb016d8a-840b-48d8-ace0-89dd6a9f9ff6-139679950972736","trial_id":126,"state":1,"values":[0.4146119759118282],"datetime_complete":"2026-03-20T20:40:46.314185"}
{"op_code":4,"worker_id":"cb016d8a-840b-48d8-ace0-89dd6a9f9ff6-139679950972736","study_id":0,"datetime_start":"2026-03-20T20:40:46.334736"}
{"op_code":5,"worker_id":"cb016d8a-840b-48d8-ace0-89dd6a9f9ff6-139679950972736","trial_id":127,"param_name":"lr","param_value_internal":0.003677205340540267,"distribution":"{\"name\": \"FloatDistribution\", \"attributes\": {\"step\": null, \"low\": 0.0001, \"high\": 0.1, \"log\": true}}"}
{"op_code":5,"worker_id":"cb016d8a-840b-48d8-ace0-89dd6a9f9ff6-139679950972736","trial_id":127,"param_name":"dropout","param_value_internal":0.262992310838663,"distribution":"{\"name\": \"FloatDistribution\", \"attributes\": {\"step\": null, \"low\": 0.0, \"high\": 0.5, \"log\": false}}"}
{"op_code":5,"worker_id":"cb016d8a-840b-48d8-ace0-89dd6a9f9ff6-139679950972736","trial_id":127,"param_name":"nodes","param_value_internal":1,"distribution":"{\"name\": \"CategoricalDistribution\", \"attributes\": {\"choices\": [32, 64, 128]}}"}
{"op_code":6,"worker_id":"cb016d8a-840b-48d8-ace0-89dd6a9f9ff6-139679950972736","trial_id":127,"state":1,"values":[0.506306101579366],"datetime_complete":"2026-03-20T20:40:48.772763"}
{"op_code":4,"worker_id":"cb016d8a-840b-48d8-ace0-89dd6a9f9ff6-139679950972736","study_id":0,"datetime_start":"2026-03-20T20:40:48.799173"}
{"op_code":5,"worker_id":"cb016d8a-840b-48d8-ace0-89dd6a9f9ff6-139679950972736","trial_id":128,"param_name":"lr","param_value_internal":0.0264042741442345,"distribution":"{\"name\": \"FloatDistribution\", \"attributes\": {\"step\": null, \"low\": 0.0001, \"high\": 0.1, \"log\": true}}"}
{"op_code":5,"worker_id":"cb016d8a-840b-48d8-ace0-89dd6a9f9ff6-139679950972736","trial_id":128,"param_name":"dropout","param_value_internal":0.24496526132541824,"distribution":"{\"name\": \"FloatDistribution\", \"attributes\": {\"step\": null, \"low\": 0.0, \"high\": 0.5, \"log\": false}}"}
{"op_code":5,"worker_id":"cb016d8a-840b-48d8-ace0-89dd6a9f9ff6-139679950972736","trial_id":128,"param_name":"nodes","param_value_internal":2,"distribution":"{\"name\": \"CategoricalDistribution\", \"attributes\": {\"choices\": [32, 64, 128]}}"}
{"op_code":6,"worker_id":"cb016d8a-840b-48d8-ace0-89dd6a9f9ff6-139679950972736","trial_id":128,"state":1,"values":[0.45670946483354163],"datetime_complete":"2026-03-20T20:40:51.086367"}
{"op_code":4,"worker_id":"cb016d8a-840b-48d8-ace0-89dd6a9f9ff6-139679950972736","study_id":0,"datetime_start":"2026-03-20T20:40:51.111593"}
{"op_code":5,"worker_id":"cb016d8a-840b-48d8-ace0-89dd6a9f9ff6-139679950972736","trial_id":129,"param_name":"lr","param_value_internal":0.000747498413226304,"distribution":"{\"name\": \"FloatDistribution\", \"attributes\": {\"step\": null, \"low\": 0.0001, \"high\": 0.1, \"log\": true}}"}
{"op_code":5,"worker_id":"cb016d8a-840b-48d8-ace0-89dd6a9f9ff6-139679950972736","trial_id":129,"param_name":"dropout","param_value_internal":0.2306102265435216,"distribution":"{\"name\": \"FloatDistribution\", \"attributes\": {\"step\": null, \"low\": 0.0, \"high\": 0.5, \"log\": false}}"}
{"op_code":5,"worker_id":"cb016d8a-840b-48d8-ace0-89dd6a9f9ff6-139679950972736","trial_id":129,"param_name":"nodes","param_value_internal":0,"distribution":"{\"name\": \"CategoricalDistribution\", \"attributes\": {\"choices\": [32, 64, 128]}}"}
{"op_code":6,"worker_id":"cb016d8a-840b-48d8-ace0-89dd6a9f9ff6-139679950972736","trial_id":129,"state":1,"values":[0.45222133848426316],"datetime_complete":"2026-03-20T20:40:53.595245"}
{"op_code":0,"worker_id":"7c28e733-3091-42a2-bb8f-9c3a68311786-139679950972736","study_name":"deephit_tuning","directions":[2]}
{"op_code":4,"worker_id":"7c28e733-3091-42a2-bb8f-9c3a68311786-139679950972736","study_id":0,"datetime_start":"2026-03-20T20:52:50.016722"}
{"op_code":5,"worker_id":"7c28e733-3091-42a2-bb8f-9c3a68311786-139679950972736","trial_id":130,"param_name":"lr","param_value_internal":0.012479213394588583,"distribution":"{\"name\": \"FloatDistribution\", \"attributes\": {\"step\": null, \"low\": 0.0001, \"high\": 0.1, \"log\": true}}"}
{"op_code":5,"worker_id":"7c28e733-3091-42a2-bb8f-9c3a68311786-139679950972736","trial_id":130,"param_name":"dropout","param_value_internal":0.30081976681178785,"distribution":"{\"name\": \"FloatDistribution\", \"attributes\": {\"step\": null, \"low\": 0.0, \"high\": 0.5, \"log\": false}}"}
{"op_code":5,"worker_id":"7c28e733-3091-42a2-bb8f-9c3a68311786-139679950972736","trial_id":130,"param_name":"nodes","param_value_internal":1,"distribution":"{\"name\": \"CategoricalDistribution\", \"attributes\": {\"choices\": [32, 64, 128]}}"}
{"op_code":6,"worker_id":"7c28e733-3091-42a2-bb8f-9c3a68311786-139679950972736","trial_id":130,"state":1,"values":[0.4363082477716349],"datetime_complete":"2026-03-20T20:52:52.462701"}
{"op_code":4,"worker_id":"7c28e733-3091-42a2-bb8f-9c3a68311786-139679950972736","study_id":0,"datetime_start":"2026-03-20T20:52:52.476670"}
{"op_code":5,"worker_id":"7c28e733-3091-42a2-bb8f-9c3a68311786-139679950972736","trial_id":131,"param_name":"lr","param_value_internal":0.003937405644531985,"distribution":"{\"name\": \"FloatDistribution\", \"attributes\": {\"step\": null, \"low\": 0.0001, \"high\": 0.1, \"log\": true}}"}
{"op_code":5,"worker_id":"7c28e733-3091-42a2-bb8f-9c3a68311786-139679950972736","trial_id":131,"param_name":"dropout","param_value_internal":0.49047582091687897,"distribution":"{\"name\": \"FloatDistribution\", \"attributes\": {\"step\": null, \"low\": 0.0, \"high\": 0.5, \"log\": false}}"}
{"op_code":5,"worker_id":"7c28e733-3091-42a2-bb8f-9c3a68311786-139679950972736","trial_id":131,"param_name":"nodes","param_value_internal":0,"distribution":"{\"name\": \"CategoricalDistribution\", \"attributes\": {\"choices\": [32, 64, 128]}}"}
{"op_code":6,"worker_id":"7c28e733-3091-42a2-bb8f-9c3a68311786-139679950972736","trial_id":131,"state":1,"values":[0.4452217082252059],"datetime_complete":"2026-03-20T20:52:54.741801"}
{"op_code":4,"worker_id":"7c28e733-3091-42a2-bb8f-9c3a68311786-139679950972736","study_id":0,"datetime_start":"2026-03-20T20:52:54.756259"}
{"op_code":5,"worker_id":"7c28e733-3091-42a2-bb8f-9c3a68311786-139679950972736","trial_id":132,"param_name":"lr","param_value_internal":0.003311294411546689,"distribution":"{\"name\": \"FloatDistribution\", \"attributes\": {\"step\": null, \"low\": 0.0001, \"high\": 0.1, \"log\": true}}"}
{"op_code":5,"worker_id":"7c28e733-3091-42a2-bb8f-9c3a68311786-139679950972736","trial_id":132,"param_name":"dropout","param_value_internal":0.4619608905955579,"distribution":"{\"name\": \"FloatDistribution\", \"attributes\": {\"step\": null, \"low\": 0.0, \"high\": 0.5, \"log\": false}}"}
{"op_code":5,"worker_id":"7c28e733-3091-42a2-bb8f-9c3a68311786-139679950972736","trial_id":132,"param_name":"nodes","param_value_internal":0,"distribution":"{\"name\": \"CategoricalDistribution\", \"attributes\": {\"choices\": [32, 64, 128]}}"}
{"op_code":6,"worker_id":"7c28e733-3091-42a2-bb8f-9c3a68311786-139679950972736","trial_id":132,"state":1,"values":[0.3957463612772199],"datetime_complete":"2026-03-20T20:52:57.220840"}
{"op_code":4,"worker_id":"7c28e733-3091-42a2-bb8f-9c3a68311786-139679950972736","study_id":0,"datetime_start":"2026-03-20T20:52:57.235715"}
{"op_code":5,"worker_id":"7c28e733-3091-42a2-bb8f-9c3a68311786-139679950972736","trial_id":133,"param_name":"lr","param_value_internal":0.002693165302575234,"distribution":"{\"name\": \"FloatDistribution\", \"attributes\": {\"step\": null, \"low\": 0.0001, \"high\": 0.1, \"log\": true}}"}
{"op_code":5,"worker_id":"7c28e733-3091-42a2-bb8f-9c3a68311786-139679950972736","trial_id":133,"param_name":"dropout","param_value_internal":0.47931262013851084,"distribution":"{\"name\": \"FloatDistribution\", \"attributes\": {\"step\": null, \"low\": 0.0, \"high\": 0.5, \"log\": false}}"}
{"op_code":5,"worker_id":"7c28e733-3091-42a2-bb8f-9c3a68311786-139679950972736","trial_id":133,"param_name":"nodes","param_value_internal":0,"distribution":"{\"name\": \"CategoricalDistribution\", \"attributes\": {\"choices\": [32, 64, 128]}}"}
{"op_code":6,"worker_id":"7c28e733-3091-42a2-bb8f-9c3a68311786-139679950972736","trial_id":133,"state":1,"values":[0.3514611305427056],"datetime_complete":"2026-03-20T20:52:59.480866"}
{"op_code":4,"worker_id":"7c28e733-3091-42a2-bb8f-9c3a68311786-139679950972736","study_id":0,"datetime_start":"2026-03-20T20:52:59.503351"}
{"op_code":5,"worker_id":"7c28e733-3091-42a2-bb8f-9c3a68311786-139679950972736","trial_id":134,"param_name":"lr","param_value_internal":0.005522483465305189,"distribution":"{\"name\": \"FloatDistribution\", \"attributes\": {\"step\": null, \"low\": 0.0001, \"high\": 0.1, \"log\": true}}"}
{"op_code":5,"worker_id":"7c28e733-3091-42a2-bb8f-9c3a68311786-139679950972736","trial_id":134,"param_name":"dropout","param_value_internal":0.421591820498303,"distribution":"{\"name\": \"FloatDistribution\", \"attributes\": {\"step\": null, \"low\": 0.0, \"high\": 0.5, \"log\": false}}"}
{"op_code":5,"worker_id":"7c28e733-3091-42a2-bb8f-9c3a68311786-139679950972736","trial_id":134,"param_name":"nodes","param_value_internal":0,"distribution":"{\"name\": \"CategoricalDistribution\", \"attributes\": {\"choices\": [32, 64, 128]}}"}
{"op_code":6,"worker_id":"7c28e733-3091-42a2-bb8f-9c3a68311786-139679950972736","trial_id":134,"state":1,"values":[0.37712964007672345],"datetime_complete":"2026-03-20T20:53:01.967250"}
{"op_code":4,"worker_id":"7c28e733-3091-42a2-bb8f-9c3a68311786-139679950972736","study_id":0,"datetime_start":"2026-03-20T20:53:01.981829"}
{"op_code":5,"worker_id":"7c28e733-3091-42a2-bb8f-9c3a68311786-139679950972736","trial_id":135,"param_name":"lr","param_value_internal":0.001936665658626047,"distribution":"{\"name\": \"FloatDistribution\", \"attributes\": {\"step\": null, \"low\": 0.0001, \"high\": 0.1, \"log\": true}}"}
{"op_code":5,"worker_id":"7c28e733-3091-42a2-bb8f-9c3a68311786-139679950972736","trial_id":135,"param_name":"dropout","param_value_internal":0.4385681710687773,"distribution":"{\"name\": \"FloatDistribution\", \"attributes\": {\"step\": null, \"low\": 0.0, \"high\": 0.5, \"log\": false}}"}
{"op_code":5,"worker_id":"7c28e733-3091-42a2-bb8f-9c3a68311786-139679950972736","trial_id":135,"param_name":"nodes","param_value_internal":2,"distribution":"{\"name\": \"CategoricalDistribution\", \"attributes\": {\"choices\": [32, 64, 128]}}"}
{"op_code":6,"worker_id":"7c28e733-3091-42a2-bb8f-9c3a68311786-139679950972736","trial_id":135,"state":1,"values":[0.43337470382489],"datetime_complete":"2026-03-20T20:53:04.224206"}
{"op_code":4,"worker_id":"7c28e733-3091-42a2-bb8f-9c3a68311786-139679950972736","study_id":0,"datetime_start":"2026-03-20T20:53:04.240407"}
{"op_code":5,"worker_id":"7c28e733-3091-42a2-bb8f-9c3a68311786-139679950972736","trial_id":136,"param_name":"lr","param_value_internal":0.0003689682166173266,"distribution":"{\"name\": \"FloatDistribution\", \"attributes\": {\"step\": null, \"low\": 0.0001, \"high\": 0.1, \"log\": true}}"}
{"op_code":5,"worker_id":"7c28e733-3091-42a2-bb8f-9c3a68311786-139679950972736","trial_id":136,"param_name":"dropout","param_value_internal":0.2762478449376544,"distribution":"{\"name\": \"FloatDistribution\", \"attributes\": {\"step\": null, \"low\": 0.0, \"high\": 0.5, \"log\": false}}"}
{"op_code":5,"worker_id":"7c28e733-3091-42a2-bb8f-9c3a68311786-139679950972736","trial_id":136,"param_name":"nodes","param_value_internal":0,"distribution":"{\"name\": \"CategoricalDistribution\", \"attributes\": {\"choices\": [32, 64, 128]}}"}
{"op_code":6,"worker_id":"7c28e733-3091-42a2-bb8f-9c3a68311786-139679950972736","trial_id":136,"state":1,"values":[0.5094211892135846],"datetime_complete":"2026-03-20T20:53:06.723741"}
{"op_code":4,"worker_id":"7c28e733-3091-42a2-bb8f-9c3a68311786-139679950972736","study_id":0,"datetime_start":"2026-03-20T20:53:06.739420"}
{"op_code":5,"worker_id":"7c28e733-3091-42a2-bb8f-9c3a68311786-139679950972736","trial_id":137,"param_name":"lr","param_value_internal":0.004053190296281935,"distribution":"{\"name\": \"FloatDistribution\", \"attributes\": {\"step\": null, \"low\": 0.0001, \"high\": 0.1, \"log\": true}}"}
{"op_code":5,"worker_id":"7c28e733-3091-42a2-bb8f-9c3a68311786-139679950972736","trial_id":137,"param_name":"dropout","param_value_internal":0.28714760448753585,"distribution":"{\"name\": \"FloatDistribution\", \"attributes\": {\"step\": null, \"low\": 0.0, \"high\": 0.5, \"log\": false}}"}
{"op_code":5,"worker_id":"7c28e733-3091-42a2-bb8f-9c3a68311786-139679950972736","trial_id":137,"param_name":"nodes","param_value_internal":2,"distribution":"{\"name\": \"CategoricalDistribution\", \"attributes\": {\"choices\": [32, 64, 128]}}"}
{"op_code":6,"worker_id":"7c28e733-3091-42a2-bb8f-9c3a68311786-139679950972736","trial_id":137,"state":1,"values":[0.4632178720523525],"datetime_complete":"2026-03-20T20:53:08.983769"}
{"op_code":4,"worker_id":"7c28e733-3091-42a2-bb8f-9c3a68311786-139679950972736","study_id":0,"datetime_start":"2026-03-20T20:53:09.001101"}
{"op_code":5,"worker_id":"7c28e733-3091-42a2-bb8f-9c3a68311786-139679950972736","trial_id":138,"param_name":"lr","param_value_internal":0.04468705520147497,"distribution":"{\"name\": \"FloatDistribution\", \"attributes\": {\"step\": null, \"low\": 0.0001, \"high\": 0.1, \"log\": true}}"}
{"op_code":5,"worker_id":"7c28e733-3091-42a2-bb8f-9c3a68311786-139679950972736","trial_id":138,"param_name":"dropout","param_value_internal":0.34420296368032843,"distribution":"{\"name\": \"FloatDistribution\", \"attributes\": {\"step\": null, \"low\": 0.0, \"high\": 0.5, \"log\": false}}"}
{"op_code":5,"worker_id":"7c28e733-3091-42a2-bb8f-9c3a68311786-139679950972736","trial_id":138,"param_name":"nodes","param_value_internal":2,"distribution":"{\"name\": \"CategoricalDistribution\", \"attributes\": {\"choices\": [32, 64, 128]}}"}
{"op_code":6,"worker_id":"7c28e733-3091-42a2-bb8f-9c3a68311786-139679950972736","trial_id":138,"state":1,"values":[0.4506938959720185],"datetime_complete":"2026-03-20T20:53:11.532066"}
{"op_code":4,"worker_id":"7c28e733-3091-42a2-bb8f-9c3a68311786-139679950972736","study_id":0,"datetime_start":"2026-03-20T20:53:11.548285"}
{"op_code":5,"worker_id":"7c28e733-3091-42a2-bb8f-9c3a68311786-139679950972736","trial_id":139,"param_name":"lr","param_value_internal":0.009027817646672842,"distribution":"{\"name\": \"FloatDistribution\", \"attributes\": {\"step\": null, \"low\": 0.0001, \"high\": 0.1, \"log\": true}}"}
{"op_code":5,"worker_id":"7c28e733-3091-42a2-bb8f-9c3a68311786-139679950972736","trial_id":139,"param_name":"dropout","param_value_internal":0.26566595630874734,"distribution":"{\"name\": \"FloatDistribution\", \"attributes\": {\"step\": null, \"low\": 0.0, \"high\": 0.5, \"log\": false}}"}
{"op_code":5,"worker_id":"7c28e733-3091-42a2-bb8f-9c3a68311786-139679950972736","trial_id":139,"param_name":"nodes","param_value_internal":1,"distribution":"{\"name\": \"CategoricalDistribution\", \"attributes\": {\"choices\": [32, 64, 128]}}"}
{"op_code":6,"worker_id":"7c28e733-3091-42a2-bb8f-9c3a68311786-139679950972736","trial_id":139,"state":1,"values":[0.40990635225093086],"datetime_complete":"2026-03-20T20:53:13.838938"}
{"op_code":0,"worker_id":"e34f4bb5-2091-47cb-97fc-033423b03fbb-139679950972736","study_name":"deephit_tuning","directions":[2]}
{"op_code":4,"worker_id":"e34f4bb5-2091-47cb-97fc-033423b03fbb-139679950972736","study_id":0,"datetime_start":"2026-03-20T21:04:51.962500"}
{"op_code":5,"worker_id":"e34f4bb5-2091-47cb-97fc-033423b03fbb-139679950972736","trial_id":140,"param_name":"lr","param_value_internal":0.01860558491132029,"distribution":"{\"name\": \"FloatDistribution\", \"attributes\": {\"step\": null, \"low\": 0.0001, \"high\": 0.1, \"log\": true}}"}
{"op_code":5,"worker_id":"e34f4bb5-2091-47cb-97fc-033423b03fbb-139679950972736","trial_id":140,"param_name":"dropout","param_value_internal":0.4541168046466484,"distribution":"{\"name\": \"FloatDistribution\", \"attributes\": {\"step\": null, \"low\": 0.0, \"high\": 0.5, \"log\": false}}"}
{"op_code":5,"worker_id":"e34f4bb5-2091-47cb-97fc-033423b03fbb-139679950972736","trial_id":140,"param_name":"nodes","param_value_internal":0,"distribution":"{\"name\": \"CategoricalDistribution\", \"attributes\": {\"choices\": [32, 64, 128]}}"}
{"op_code":6,"worker_id":"e34f4bb5-2091-47cb-97fc-033423b03fbb-139679950972736","trial_id":140,"state":1,"values":[0.7034396922380629],"datetime_complete":"2026-03-20T21:04:54.219811"}
{"op_code":4,"worker_id":"e34f4bb5-2091-47cb-97fc-033423b03fbb-139679950972736","study_id":0,"datetime_start":"2026-03-20T21:04:54.247122"}
{"op_code":5,"worker_id":"e34f4bb5-2091-47cb-97fc-033423b03fbb-139679950972736","trial_id":141,"param_name":"lr","param_value_internal":0.06536263024093851,"distribution":"{\"name\": \"FloatDistribution\", \"attributes\": {\"step\": null, \"low\": 0.0001, \"high\": 0.1, \"log\": true}}"}
{"op_code":5,"worker_id":"e34f4bb5-2091-47cb-97fc-033423b03fbb-139679950972736","trial_id":141,"param_name":"dropout","param_value_internal":0.43009777882155037,"distribution":"{\"name\": \"FloatDistribution\", \"attributes\": {\"step\": null, \"low\": 0.0, \"high\": 0.5, \"log\": false}}"}
{"op_code":5,"worker_id":"e34f4bb5-2091-47cb-97fc-033423b03fbb-139679950972736","trial_id":141,"param_name":"nodes","param_value_internal":1,"distribution":"{\"name\": \"CategoricalDistribution\", \"attributes\": {\"choices\": [32, 64, 128]}}"}
{"op_code":6,"worker_id":"e34f4bb5-2091-47cb-97fc-033423b03fbb-139679950972736","trial_id":141,"state":1,"values":[0.6859017877347816],"datetime_complete":"2026-03-20T21:04:56.619583"}
{"op_code":4,"worker_id":"e34f4bb5-2091-47cb-97fc-033423b03fbb-139679950972736","study_id":0,"datetime_start":"2026-03-20T21:04:56.637535"}
{"op_code":5,"worker_id":"e34f4bb5-2091-47cb-97fc-033423b03fbb-139679950972736","trial_id":142,"param_name":"lr","param_value_internal":0.09261161938947769,"distribution":"{\"name\": \"FloatDistribution\", \"attributes\": {\"step\": null, \"low\": 0.0001, \"high\": 0.1, \"log\": true}}"}
{"op_code":5,"worker_id":"e34f4bb5-2091-47cb-97fc-033423b03fbb-139679950972736","trial_id":142,"param_name":"dropout","param_value_internal":0.40932483810921694,"distribution":"{\"name\": \"FloatDistribution\", \"attributes\": {\"step\": null, \"low\": 0.0, \"high\": 0.5, \"log\": false}}"}
{"op_code":5,"worker_id":"e34f4bb5-2091-47cb-97fc-033423b03fbb-139679950972736","trial_id":142,"param_name":"nodes","param_value_internal":1,"distribution":"{\"name\": \"CategoricalDistribution\", \"attributes\": {\"choices\": [32, 64, 128]}}"}
{"op_code":6,"worker_id":"e34f4bb5-2091-47cb-97fc-033423b03fbb-139679950972736","trial_id":142,"state":1,"values":[0.6735686806969903],"datetime_complete":"2026-03-20T21:04:58.888740"}
{"op_code":4,"worker_id":"e34f4bb5-2091-47cb-97fc-033423b03fbb-139679950972736","study_id":0,"datetime_start":"2026-03-20T21:04:58.910143"}
{"op_code":5,"worker_id":"e34f4bb5-2091-47cb-97fc-033423b03fbb-139679950972736","trial_id":143,"param_name":"lr","param_value_internal":0.033133290545044665,"distribution":"{\"name\": \"FloatDistribution\", \"attributes\": {\"step\": null, \"low\": 0.0001, \"high\": 0.1, \"log\": true}}"}
{"op_code":5,"worker_id":"e34f4bb5-2091-47cb-97fc-033423b03fbb-139679950972736","trial_id":143,"param_name":"dropout","param_value_internal":0.47414011298353054,"distribution":"{\"name\": \"FloatDistribution\", \"attributes\": {\"step\": null, \"low\": 0.0, \"high\": 0.5, \"log\": false}}"}
{"op_code":5,"worker_id":"e34f4bb5-2091-47cb-97fc-033423b03fbb-139679950972736","trial_id":143,"param_name":"nodes","param_value_internal":1,"distribution":"{\"name\": \"CategoricalDistribution\", \"attributes\": {\"choices\": [32, 64, 128]}}"}
{"op_code":6,"worker_id":"e34f4bb5-2091-47cb-97fc-033423b03fbb-139679950972736","trial_id":143,"state":1,"values":[0.6803009730708305],"datetime_complete":"2026-03-20T21:05:01.285638"}
{"op_code":4,"worker_id":"e34f4bb5-2091-47cb-97fc-033423b03fbb-139679950972736","study_id":0,"datetime_start":"2026-03-20T21:05:01.312575"}
{"op_code":5,"worker_id":"e34f4bb5-2091-47cb-97fc-033423b03fbb-139679950972736","trial_id":144,"param_name":"lr","param_value_internal":0.006582944728382755,"distribution":"{\"name\": \"FloatDistribution\", \"attributes\": {\"step\": null, \"low\": 0.0001, \"high\": 0.1, \"log\": true}}"}
{"op_code":5,"worker_id":"e34f4bb5-2091-47cb-97fc-033423b03fbb-139679950972736","trial_id":144,"param_name":"dropout","param_value_internal":0.3968052808825554,"distribution":"{\"name\": \"FloatDistribution\", \"attributes\": {\"step\": null, \"low\": 0.0, \"high\": 0.5, \"log\": false}}"}
{"op_code":5,"worker_id":"e34f4bb5-2091-47cb-97fc-033423b03fbb-139679950972736","trial_id":144,"param_name":"nodes","param_value_internal":1,"distribution":"{\"name\": \"CategoricalDistribution\", \"attributes\": {\"choices\": [32, 64, 128]}}"}
{"op_code":6,"worker_id":"e34f4bb5-2091-47cb-97fc-033423b03fbb-139679950972736","trial_id":144,"state":1,"values":[0.5983254129893641],"datetime_complete":"2026-03-20T21:05:03.584789"}
{"op_code":4,"worker_id":"e34f4bb5-2091-47cb-97fc-033423b03fbb-139679950972736","study_id":0,"datetime_start":"2026-03-20T21:05:03.599035"}
{"op_code":5,"worker_id":"e34f4bb5-2091-47cb-97fc-033423b03fbb-139679950972736","trial_id":145,"param_name":"lr","param_value_internal":0.07434731931129625,"distribution":"{\"name\": \"FloatDistribution\", \"attributes\": {\"step\": null, \"low\": 0.0001, \"high\": 0.1, \"log\": true}}"}
{"op_code":5,"worker_id":"e34f4bb5-2091-47cb-97fc-033423b03fbb-139679950972736","trial_id":145,"param_name":"dropout","param_value_internal":0.31600138838756175,"distribution":"{\"name\": \"FloatDistribution\", \"attributes\": {\"step\": null, \"low\": 0.0, \"high\": 0.5, \"log\": false}}"}
{"op_code":5,"worker_id":"e34f4bb5-2091-47cb-97fc-033423b03fbb-139679950972736","trial_id":145,"param_name":"nodes","param_value_internal":2,"distribution":"{\"name\": \"CategoricalDistribution\", \"attributes\": {\"choices\": [32, 64, 128]}}"}
{"op_code":6,"worker_id":"e34f4bb5-2091-47cb-97fc-033423b03fbb-139679950972736","trial_id":145,"state":1,"values":[0.6616881647431545],"datetime_complete":"2026-03-20T21:05:05.896760"}
{"op_code":4,"worker_id":"e34f4bb5-2091-47cb-97fc-033423b03fbb-139679950972736","study_id":0,"datetime_start":"2026-03-20T21:05:05.912460"}
{"op_code":5,"worker_id":"e34f4bb5-2091-47cb-97fc-033423b03fbb-139679950972736","trial_id":146,"param_name":"lr","param_value_internal":0.09964757263317328,"distribution":"{\"name\": \"FloatDistribution\", \"attributes\": {\"step\": null, \"low\": 0.0001, \"high\": 0.1, \"log\": true}}"}
{"op_code":5,"worker_id":"e34f4bb5-2091-47cb-97fc-033423b03fbb-139679950972736","trial_id":146,"param_name":"dropout","param_value_internal":0.44390863123224245,"distribution":"{\"name\": \"FloatDistribution\", \"attributes\": {\"step\": null, \"low\": 0.0, \"high\": 0.5, \"log\": false}}"}
{"op_code":5,"worker_id":"e34f4bb5-2091-47cb-97fc-033423b03fbb-139679950972736","trial_id":146,"param_name":"nodes","param_value_internal":1,"distribution":"{\"name\": \"CategoricalDistribution\", \"attributes\": {\"choices\": [32, 64, 128]}}"}
{"op_code":6,"worker_id":"e34f4bb5-2091-47cb-97fc-033423b03fbb-139679950972736","trial_id":146,"state":1,"values":[0.7673116089613035],"datetime_complete":"2026-03-20T21:05:08.200129"}
{"op_code":4,"worker_id":"e34f4bb5-2091-47cb-97fc-033423b03fbb-139679950972736","study_id":0,"datetime_start":"2026-03-20T21:05:08.214339"}
{"op_code":5,"worker_id":"e34f4bb5-2091-47cb-97fc-033423b03fbb-139679950972736","trial_id":147,"param_name":"lr","param_value_internal":0.002355179131714501,"distribution":"{\"name\": \"FloatDistribution\", \"attributes\": {\"step\": null, \"low\": 0.0001, \"high\": 0.1, \"log\": true}}"}
{"op_code":5,"worker_id":"e34f4bb5-2091-47cb-97fc-033423b03fbb-139679950972736","trial_id":147,"param_name":"dropout","param_value_internal":0.2980705425028837,"distribution":"{\"name\": \"FloatDistribution\", \"attributes\": {\"step\": null, \"low\": 0.0, \"high\": 0.5, \"log\": false}}"}
{"op_code":5,"worker_id":"e34f4bb5-2091-47cb-97fc-033423b03fbb-139679950972736","trial_id":147,"param_name":"nodes","param_value_internal":2,"distribution":"{\"name\": \"CategoricalDistribution\", \"attributes\": {\"choices\": [32, 64, 128]}}"}
{"op_code":6,"worker_id":"e34f4bb5-2091-47cb-97fc-033423b03fbb-139679950972736","trial_id":147,"state":1,"values":[0.5708305046390586],"datetime_complete":"2026-03-20T21:05:10.476380"}
{"op_code":4,"worker_id":"e34f4bb5-2091-47cb-97fc-033423b03fbb-139679950972736","study_id":0,"datetime_start":"2026-03-20T21:05:10.490645"}
{"op_code":5,"worker_id":"e34f4bb5-2091-47cb-97fc-033423b03fbb-139679950972736","trial_id":148,"param_name":"lr","param_value_internal":0.002985961985499359,"distribution":"{\"name\": \"FloatDistribution\", \"attributes\": {\"step\": null, \"low\": 0.0001, \"high\": 0.1, \"log\": true}}"}
{"op_code":5,"worker_id":"e34f4bb5-2091-47cb-97fc-033423b03fbb-139679950972736","trial_id":148,"param_name":"dropout","param_value_internal":0.4250528834103897,"distribution":"{\"name\": \"FloatDistribution\", \"attributes\": {\"step\": null, \"low\": 0.0, \"high\": 0.5, \"log\": false}}"}
{"op_code":5,"worker_id":"e34f4bb5-2091-47cb-97fc-033423b03fbb-139679950972736","trial_id":148,"param_name":"nodes","param_value_internal":0,"distribution":"{\"name\": \"CategoricalDistribution\", \"attributes\": {\"choices\": [32, 64, 128]}}"}
{"op_code":6,"worker_id":"e34f4bb5-2091-47cb-97fc-033423b03fbb-139679950972736","trial_id":148,"state":1,"values":[0.636795655125594],"datetime_complete":"2026-03-20T21:05:12.838419"}
{"op_code":4,"worker_id":"e34f4bb5-2091-47cb-97fc-033423b03fbb-139679950972736","study_id":0,"datetime_start":"2026-03-20T21:05:12.851355"}
{"op_code":5,"worker_id":"e34f4bb5-2091-47cb-97fc-033423b03fbb-139679950972736","trial_id":149,"param_name":"lr","param_value_internal":0.004555180111318809,"distribution":"{\"name\": \"FloatDistribution\", \"attributes\": {\"step\": null, \"low\": 0.0001, \"high\": 0.1, \"log\": true}}"}
{"op_code":5,"worker_id":"e34f4bb5-2091-47cb-97fc-033423b03fbb-139679950972736","trial_id":149,"param_name":"dropout","param_value_internal":0.3840007777644026,"distribution":"{\"name\": \"FloatDistribution\", \"attributes\": {\"step\": null, \"low\": 0.0, \"high\": 0.5, \"log\": false}}"}
{"op_code":5,"worker_id":"e34f4bb5-2091-47cb-97fc-033423b03fbb-139679950972736","trial_id":149,"param_name":"nodes","param_value_internal":1,"distribution":"{\"name\": \"CategoricalDistribution\", \"attributes\": {\"choices\": [32, 64, 128]}}"}
{"op_code":6,"worker_id":"e34f4bb5-2091-47cb-97fc-033423b03fbb-139679950972736","trial_id":149,"state":1,"values":[0.7137361393980538],"datetime_complete":"2026-03-20T21:05:15.045097"}
{"op_code":0,"worker_id":"4cfafba1-b574-47d9-a009-dca58730fd05-140193173047104","study_name":"deephit_tuning","directions":[2]}
{"op_code":4,"worker_id":"4cfafba1-b574-47d9-a009-dca58730fd05-140193173047104","study_id":0,"datetime_start":"2026-03-21T08:27:32.109250"}
{"op_code":5,"worker_id":"4cfafba1-b574-47d9-a009-dca58730fd05-140193173047104","trial_id":150,"param_name":"lr","param_value_internal":0.02924572503152586,"distribution":"{\"name\": \"FloatDistribution\", \"attributes\": {\"step\": null, \"low\": 0.0001, \"high\": 0.1, \"log\": true}}"}
{"op_code":5,"worker_id":"4cfafba1-b574-47d9-a009-dca58730fd05-140193173047104","trial_id":150,"param_name":"dropout","param_value_internal":0.3734330692198303,"distribution":"{\"name\": \"FloatDistribution\", \"attributes\": {\"step\": null, \"low\": 0.0, \"high\": 0.5, \"log\": false}}"}
{"op_code":5,"worker_id":"4cfafba1-b574-47d9-a009-dca58730fd05-140193173047104","trial_id":150,"param_name":"nodes","param_value_internal":2,"distribution":"{\"name\": \"CategoricalDistribution\", \"attributes\": {\"choices\": [32, 64, 128]}}"}
{"op_code":6,"worker_id":"4cfafba1-b574-47d9-a009-dca58730fd05-140193173047104","trial_id":150,"state":1,"values":[0.7965539297993124],"datetime_complete":"2026-03-21T08:27:35.423798"}
{"op_code":4,"worker_id":"4cfafba1-b574-47d9-a009-dca58730fd05-140193173047104","study_id":0,"datetime_start":"2026-03-21T08:27:35.437488"}
{"op_code":5,"worker_id":"4cfafba1-b574-47d9-a009-dca58730fd05-140193173047104","trial_id":151,"param_name":"lr","param_value_internal":0.03962287074820582,"distribution":"{\"name\": \"FloatDistribution\", \"attributes\": {\"step\": null, \"low\": 0.0001, \"high\": 0.1, \"log\": true}}"}
{"op_code":5,"worker_id":"4cfafba1-b574-47d9-a009-dca58730fd05-140193173047104","trial_id":151,"param_name":"dropout","param_value_internal":0.3759916721421817,"distribution":"{\"name\": \"FloatDistribution\", \"attributes\": {\"step\": null, \"low\": 0.0, \"high\": 0.5, \"log\": false}}"}
{"op_code":5,"worker_id":"4cfafba1-b574-47d9-a009-dca58730fd05-140193173047104","trial_id":151,"param_name":"nodes","param_value_internal":2,"distribution":"{\"name\": \"CategoricalDistribution\", \"attributes\": {\"choices\": [32, 64, 128]}}"}
{"op_code":6,"worker_id":"4cfafba1-b574-47d9-a009-dca58730fd05-140193173047104","trial_id":151,"state":1,"values":[0.7908904346899069],"datetime_complete":"2026-03-21T08:27:38.588279"}
{"op_code":4,"worker_id":"4cfafba1-b574-47d9-a009-dca58730fd05-140193173047104","study_id":0,"datetime_start":"2026-03-21T08:27:38.603894"}
{"op_code":5,"worker_id":"4cfafba1-b574-47d9-a009-dca58730fd05-140193173047104","trial_id":152,"param_name":"lr","param_value_internal":0.0377689691793236,"distribution":"{\"name\": \"FloatDistribution\", \"attributes\": {\"step\": null, \"low\": 0.0001, \"high\": 0.1, \"log\": true}}"}
{"op_code":5,"worker_id":"4cfafba1-b574-47d9-a009-dca58730fd05-140193173047104","trial_id":152,"param_name":"dropout","param_value_internal":0.35660637233325315,"distribution":"{\"name\": \"FloatDistribution\", \"attributes\": {\"step\": null, \"low\": 0.0, \"high\": 0.5, \"log\": false}}"}
{"op_code":5,"worker_id":"4cfafba1-b574-47d9-a009-dca58730fd05-140193173047104","trial_id":152,"param_name":"nodes","param_value_internal":2,"distribution":"{\"name\": \"CategoricalDistribution\", \"attributes\": {\"choices\": [32, 64, 128]}}"}
{"op_code":6,"worker_id":"4cfafba1-b574-47d9-a009-dca58730fd05-140193173047104","trial_id":152,"state":1,"values":[0.7934090242797367],"datetime_complete":"2026-03-21T08:27:41.752552"}
{"op_code":4,"worker_id":"4cfafba1-b574-47d9-a009-dca58730fd05-140193173047104","study_id":0,"datetime_start":"2026-03-21T08:27:41.773675"}
{"op_code":5,"worker_id":"4cfafba1-b574-47d9-a009-dca58730fd05-140193173047104","trial_id":153,"param_name":"lr","param_value_internal":0.036905579600490575,"distribution":"{\"name\": \"FloatDistribution\", \"attributes\": {\"step\": null, \"low\": 0.0001, \"high\": 0.1, \"log\": true}}"}
{"op_code":5,"worker_id":"4cfafba1-b574-47d9-a009-dca58730fd05-140193173047104","trial_id":153,"param_name":"dropout","param_value_internal":0.3721704417618538,"distribution":"{\"name\": \"FloatDistribution\", \"attributes\": {\"step\": null, \"low\": 0.0, \"high\": 0.5, \"log\": false}}"}
{"op_code":5,"worker_id":"4cfafba1-b574-47d9-a009-dca58730fd05-140193173047104","trial_id":153,"param_name":"nodes","param_value_internal":2,"distribution":"{\"name\": \"CategoricalDistribution\", \"attributes\": {\"choices\": [32, 64, 128]}}"}
{"op_code":6,"worker_id":"4cfafba1-b574-47d9-a009-dca58730fd05-140193173047104","trial_id":153,"state":1,"values":[0.7983395964926308],"datetime_complete":"2026-03-21T08:27:44.938208"}
{"op_code":4,"worker_id":"4cfafba1-b574-47d9-a009-dca58730fd05-140193173047104","study_id":0,"datetime_start":"2026-03-21T08:27:44.954162"}
{"op_code":5,"worker_id":"4cfafba1-b574-47d9-a009-dca58730fd05-140193173047104","trial_id":154,"param_name":"lr","param_value_internal":0.035537171898163404,"distribution":"{\"name\": \"FloatDistribution\", \"attributes\": {\"step\": null, \"low\": 0.0001, \"high\": 0.1, \"log\": true}}"}
{"op_code":5,"worker_id":"4cfafba1-b574-47d9-a009-dca58730fd05-140193173047104","trial_id":154,"param_name":"dropout","param_value_internal":0.3594788849347227,"distribution":"{\"name\": \"FloatDistribution\", \"attributes\": {\"step\": null, \"low\": 0.0, \"high\": 0.5, \"log\": false}}"}
{"op_code":5,"worker_id":"4cfafba1-b574-47d9-a009-dca58730fd05-140193173047104","trial_id":154,"param_name":"nodes","param_value_internal":2,"distribution":"{\"name\": \"CategoricalDistribution\", \"attributes\": {\"choices\": [32, 64, 128]}}"}
{"op_code":6,"worker_id":"4cfafba1-b574-47d9-a009-dca58730fd05-140193173047104","trial_id":154,"state":1,"values":[0.8060419498414222],"datetime_complete":"2026-03-21T08:27:48.071033"}
{"op_code":4,"worker_id":"4cfafba1-b574-47d9-a009-dca58730fd05-140193173047104","study_id":0,"datetime_start":"2026-03-21T08:27:48.087164"}
{"op_code":5,"worker_id":"4cfafba1-b574-47d9-a009-dca58730fd05-140193173047104","trial_id":155,"param_name":"lr","param_value_internal":0.034867438232537136,"distribution":"{\"name\": \"FloatDistribution\", \"attributes\": {\"step\": null, \"low\": 0.0001, \"high\": 0.1, \"log\": true}}"}
{"op_code":5,"worker_id":"4cfafba1-b574-47d9-a009-dca58730fd05-140193173047104","trial_id":155,"param_name":"dropout","param_value_internal":0.36070863639039413,"distribution":"{\"name\": \"FloatDistribution\", \"attributes\": {\"step\": null, \"low\": 0.0, \"high\": 0.5, \"log\": false}}"}
{"op_code":5,"worker_id":"4cfafba1-b574-47d9-a009-dca58730fd05-140193173047104","trial_id":155,"param_name":"nodes","param_value_internal":2,"distribution":"{\"name\": \"CategoricalDistribution\", \"attributes\": {\"choices\": [32, 64, 128]}}"}
{"op_code":6,"worker_id":"4cfafba1-b574-47d9-a009-dca58730fd05-140193173047104","trial_id":155,"state":1,"values":[0.7994056661602835],"datetime_complete":"2026-03-21T08:27:51.271239"}
{"op_code":4,"worker_id":"4cfafba1-b574-47d9-a009-dca58730fd05-140193173047104","study_id":0,"datetime_start":"2026-03-21T08:27:51.289077"}
{"op_code":5,"worker_id":"4cfafba1-b574-47d9-a009-dca58730fd05-140193173047104","trial_id":156,"param_name":"lr","param_value_internal":0.029272451546864607,"distribution":"{\"name\": \"FloatDistribution\", \"attributes\": {\"step\": null, \"low\": 0.0001, \"high\": 0.1, \"log\": true}}"}
{"op_code":5,"worker_id":"4cfafba1-b574-47d9-a009-dca58730fd05-140193173047104","trial_id":156,"param_name":"dropout","param_value_internal":0.36472970813725814,"distribution":"{\"name\": \"FloatDistribution\", \"attributes\": {\"step\": null, \"low\": 0.0, \"high\": 0.5, \"log\": false}}"}
{"op_code":5,"worker_id":"4cfafba1-b574-47d9-a009-dca58730fd05-140193173047104","trial_id":156,"param_name":"nodes","param_value_internal":2,"distribution":"{\"name\": \"CategoricalDistribution\", \"attributes\": {\"choices\": [32, 64, 128]}}"}
{"op_code":6,"worker_id":"4cfafba1-b574-47d9-a009-dca58730fd05-140193173047104","trial_id":156,"state":1,"values":[0.8008515231470377],"datetime_complete":"2026-03-21T08:27:54.452877"}
{"op_code":4,"worker_id":"4cfafba1-b574-47d9-a009-dca58730fd05-140193173047104","study_id":0,"datetime_start":"2026-03-21T08:27:54.467683"}
{"op_code":5,"worker_id":"4cfafba1-b574-47d9-a009-dca58730fd05-140193173047104","trial_id":157,"param_name":"lr","param_value_internal":0.027851967222796155,"distribution":"{\"name\": \"FloatDistribution\", \"attributes\": {\"step\": null, \"low\": 0.0001, \"high\": 0.1, \"log\": true}}"}
{"op_code":5,"worker_id":"4cfafba1-b574-47d9-a009-dca58730fd05-140193173047104","trial_id":157,"param_name":"dropout","param_value_internal":0.3595180497426179,"distribution":"{\"name\": \"FloatDistribution\", \"attributes\": {\"step\": null, \"low\": 0.0, \"high\": 0.5, \"log\": false}}"}
{"op_code":5,"worker_id":"4cfafba1-b574-47d9-a009-dca58730fd05-140193173047104","trial_id":157,"param_name":"nodes","param_value_internal":2,"distribution":"{\"name\": \"CategoricalDistribution\", \"attributes\": {\"choices\": [32, 64, 128]}}"}
{"op_code":6,"worker_id":"4cfafba1-b574-47d9-a009-dca58730fd05-140193173047104","trial_id":157,"state":1,"values":[0.7961941312864795],"datetime_complete":"2026-03-21T08:27:57.636196"}
{"op_code":4,"worker_id":"4cfafba1-b574-47d9-a009-dca58730fd05-140193173047104","study_id":0,"datetime_start":"2026-03-21T08:27:57.654181"}
{"op_code":5,"worker_id":"4cfafba1-b574-47d9-a009-dca58730fd05-140193173047104","trial_id":158,"param_name":"lr","param_value_internal":0.029598931534954766,"distribution":"{\"name\": \"FloatDistribution\", \"attributes\": {\"step\": null, \"low\": 0.0001, \"high\": 0.1, \"log\": true}}"}
{"op_code":5,"worker_id":"4cfafba1-b574-47d9-a009-dca58730fd05-140193173047104","trial_id":158,"param_name":"dropout","param_value_internal":0.3558553149308053,"distribution":"{\"name\": \"FloatDistribution\", \"attributes\": {\"step\": null, \"low\": 0.0, \"high\": 0.5, \"log\": false}}"}
{"op_code":5,"worker_id":"4cfafba1-b574-47d9-a009-dca58730fd05-140193173047104","trial_id":158,"param_name":"nodes","param_value_internal":2,"distribution":"{\"name\": \"CategoricalDistribution\", \"attributes\": {\"choices\": [32, 64, 128]}}"}
{"op_code":6,"worker_id":"4cfafba1-b574-47d9-a009-dca58730fd05-140193173047104","trial_id":158,"state":1,"values":[0.8066682657711681],"datetime_complete":"2026-03-21T08:28:00.837086"}
{"op_code":4,"worker_id":"4cfafba1-b574-47d9-a009-dca58730fd05-140193173047104","study_id":0,"datetime_start":"2026-03-21T08:28:00.861006"}
{"op_code":5,"worker_id":"4cfafba1-b574-47d9-a009-dca58730fd05-140193173047104","trial_id":159,"param_name":"lr","param_value_internal":0.028704157069189083,"distribution":"{\"name\": \"FloatDistribution\", \"attributes\": {\"step\": null, \"low\": 0.0001, \"high\": 0.1, \"log\": true}}"}
{"op_code":5,"worker_id":"4cfafba1-b574-47d9-a009-dca58730fd05-140193173047104","trial_id":159,"param_name":"dropout","param_value_internal":0.36721972170678113,"distribution":"{\"name\": \"FloatDistribution\", \"attributes\": {\"step\": null, \"low\": 0.0, \"high\": 0.5, \"log\": false}}"}
{"op_code":5,"worker_id":"4cfafba1-b574-47d9-a009-dca58730fd05-140193173047104","trial_id":159,"param_name":"nodes","param_value_internal":2,"distribution":"{\"name\": \"CategoricalDistribution\", \"attributes\": {\"choices\": [32, 64, 128]}}"}
{"op_code":6,"worker_id":"4cfafba1-b574-47d9-a009-dca58730fd05-140193173047104","trial_id":159,"state":1,"values":[0.7883718451000773],"datetime_complete":"2026-03-21T08:28:04.030962"}
{"op_code":0,"worker_id":"b318cf6c-0c5c-4613-aff6-d5ee5f958a13-140193173047104","study_name":"deephit_tuning","directions":[2]}
{"op_code":4,"worker_id":"b318cf6c-0c5c-4613-aff6-d5ee5f958a13-140193173047104","study_id":0,"datetime_start":"2026-03-21T08:43:05.961004"}
{"op_code":5,"worker_id":"b318cf6c-0c5c-4613-aff6-d5ee5f958a13-140193173047104","trial_id":160,"param_name":"lr","param_value_internal":0.025325844365753247,"distribution":"{\"name\": \"FloatDistribution\", \"attributes\": {\"step\": null, \"low\": 0.0001, \"high\": 0.1, \"log\": true}}"}
{"op_code":5,"worker_id":"b318cf6c-0c5c-4613-aff6-d5ee5f958a13-140193173047104","trial_id":160,"param_name":"dropout","param_value_internal":0.3765008503424215,"distribution":"{\"name\": \"FloatDistribution\", \"attributes\": {\"step\": null, \"low\": 0.0, \"high\": 0.5, \"log\": false}}"}
{"op_code":5,"worker_id":"b318cf6c-0c5c-4613-aff6-d5ee5f958a13-140193173047104","trial_id":160,"param_name":"nodes","param_value_internal":2,"distribution":"{\"name\": \"CategoricalDistribution\", \"attributes\": {\"choices\": [32, 64, 128]}}"}
{"op_code":6,"worker_id":"b318cf6c-0c5c-4613-aff6-d5ee5f958a13-140193173047104","trial_id":160,"state":1,"values":[0.7704344648473695],"datetime_complete":"2026-03-21T08:43:09.091078"}
{"op_code":4,"worker_id":"b318cf6c-0c5c-4613-aff6-d5ee5f958a13-140193173047104","study_id":0,"datetime_start":"2026-03-21T08:43:09.106640"}
{"op_code":5,"worker_id":"b318cf6c-0c5c-4613-aff6-d5ee5f958a13-140193173047104","trial_id":161,"param_name":"lr","param_value_internal":0.03775190774390392,"distribution":"{\"name\": \"FloatDistribution\", \"attributes\": {\"step\": null, \"low\": 0.0001, \"high\": 0.1, \"log\": true}}"}
{"op_code":5,"worker_id":"b318cf6c-0c5c-4613-aff6-d5ee5f958a13-140193173047104","trial_id":161,"param_name":"dropout","param_value_internal":0.3522009633987022,"distribution":"{\"name\": \"FloatDistribution\", \"attributes\": {\"step\": null, \"low\": 0.0, \"high\": 0.5, \"log\": false}}"}
{"op_code":5,"worker_id":"b318cf6c-0c5c-4613-aff6-d5ee5f958a13-140193173047104","trial_id":161,"param_name":"nodes","param_value_internal":2,"distribution":"{\"name\": \"CategoricalDistribution\", \"attributes\": {\"choices\": [32, 64, 128]}}"}
{"op_code":6,"worker_id":"b318cf6c-0c5c-4613-aff6-d5ee5f958a13-140193173047104","trial_id":161,"state":1,"values":[0.755164898268144],"datetime_complete":"2026-03-21T08:43:12.305643"}
{"op_code":4,"worker_id":"b318cf6c-0c5c-4613-aff6-d5ee5f958a13-140193173047104","study_id":0,"datetime_start":"2026-03-21T08:43:12.321526"}
{"op_code":5,"worker_id":"b318cf6c-0c5c-4613-aff6-d5ee5f958a13-140193173047104","trial_id":162,"param_name":"lr","param_value_internal":0.03229879231320941,"distribution":"{\"name\": \"FloatDistribution\", \"attributes\": {\"step\": null, \"low\": 0.0001, \"high\": 0.1, \"log\": true}}"}
{"op_code":5,"worker_id":"b318cf6c-0c5c-4613-aff6-d5ee5f958a13-140193173047104","trial_id":162,"param_name":"dropout","param_value_internal":0.36298638729784366,"distribution":"{\"name\": \"FloatDistribution\", \"attributes\": {\"step\": null, \"low\": 0.0, \"high\": 0.5, \"log\": false}}"}
{"op_code":5,"worker_id":"b318cf6c-0c5c-4613-aff6-d5ee5f958a13-140193173047104","trial_id":162,"param_name":"nodes","param_value_internal":2,"distribution":"{\"name\": \"CategoricalDistribution\", \"attributes\": {\"choices\": [32, 64, 128]}}"}
{"op_code":6,"worker_id":"b318cf6c-0c5c-4613-aff6-d5ee5f958a13-140193173047104","trial_id":162,"state":1,"values":[0.7778734844628897],"datetime_complete":"2026-03-21T08:43:15.482518"}
{"op_code":4,"worker_id":"b318cf6c-0c5c-4613-aff6-d5ee5f958a13-140193173047104","study_id":0,"datetime_start":"2026-03-21T08:43:15.498955"}
{"op_code":5,"worker_id":"b318cf6c-0c5c-4613-aff6-d5ee5f958a13-140193173047104","trial_id":163,"param_name":"lr","param_value_internal":0.043745326531977935,"distribution":"{\"name\": \"FloatDistribution\", \"attributes\": {\"step\": null, \"low\": 0.0001, \"high\": 0.1, \"log\": true}}"}
{"op_code":5,"worker_id":"b318cf6c-0c5c-4613-aff6-d5ee5f958a13-140193173047104","trial_id":163,"param_name":"dropout","param_value_internal":0.3570752020129274,"distribution":"{\"name\": \"FloatDistribution\", \"attributes\": {\"step\": null, \"low\": 0.0, \"high\": 0.5, \"log\": false}}"}
{"op_code":5,"worker_id":"b318cf6c-0c5c-4613-aff6-d5ee5f958a13-140193173047104","trial_id":163,"param_name":"nodes","param_value_internal":2,"distribution":"{\"name\": \"CategoricalDistribution\", \"attributes\": {\"choices\": [32, 64, 128]}}"}
{"op_code":6,"worker_id":"b318cf6c-0c5c-4613-aff6-d5ee5f958a13-140193173047104","trial_id":163,"state":1,"values":[0.7817365542983178],"datetime_complete":"2026-03-21T08:43:18.654602"}
{"op_code":4,"worker_id":"b318cf6c-0c5c-4613-aff6-d5ee5f958a13-140193173047104","study_id":0,"datetime_start":"2026-03-21T08:43:18.668470"}
{"op_code":5,"worker_id":"b318cf6c-0c5c-4613-aff6-d5ee5f958a13-140193173047104","trial_id":164,"param_name":"lr","param_value_internal":0.023203014684660357,"distribution":"{\"name\": \"FloatDistribution\", \"attributes\": {\"step\": null, \"low\": 0.0001, \"high\": 0.1, \"log\": true}}"}
{"op_code":5,"worker_id":"b318cf6c-0c5c-4613-aff6-d5ee5f958a13-140193173047104","trial_id":164,"param_name":"dropout","param_value_internal":0.3914800532723635,"distribution":"{\"name\": \"FloatDistribution\", \"attributes\": {\"step\": null, \"low\": 0.0, \"high\": 0.5, \"log\": false}}"}
{"op_code":5,"worker_id":"b318cf6c-0c5c-4613-aff6-d5ee5f958a13-140193173047104","trial_id":164,"param_name":"nodes","param_value_internal":2,"distribution":"{\"name\": \"CategoricalDistribution\", \"attributes\": {\"choices\": [32, 64, 128]}}"}
{"op_code":6,"worker_id":"b318cf6c-0c5c-4613-aff6-d5ee5f958a13-140193173047104","trial_id":164,"state":1,"values":[0.7823760489670204],"datetime_complete":"2026-03-21T08:43:21.748518"}
{"op_code":4,"worker_id":"b318cf6c-0c5c-4613-aff6-d5ee5f958a13-140193173047104","study_id":0,"datetime_start":"2026-03-21T08:43:21.764617"}
{"op_code":5,"worker_id":"b318cf6c-0c5c-4613-aff6-d5ee5f958a13-140193173047104","trial_id":165,"param_name":"lr","param_value_internal":0.02908323047508585,"distribution":"{\"name\": \"FloatDistribution\", \"attributes\": {\"step\": null, \"low\": 0.0001, \"high\": 0.1, \"log\": true}}"}
{"op_code":5,"worker_id":"b318cf6c-0c5c-4613-aff6-d5ee5f958a13-140193173047104","trial_id":165,"param_name":"dropout","param_value_internal":0.3378103295251308,"distribution":"{\"name\": \"FloatDistribution\", \"attributes\": {\"step\": null, \"low\": 0.0, \"high\": 0.5, \"log\": false}}"}
{"op_code":5,"worker_id":"b318cf6c-0c5c-4613-aff6-d5ee5f958a13-140193173047104","trial_id":165,"param_name":"nodes","param_value_internal":2,"distribution":"{\"name\": \"CategoricalDistribution\", \"attributes\": {\"choices\": [32, 64, 128]}}"}
{"op_code":6,"worker_id":"b318cf6c-0c5c-4613-aff6-d5ee5f958a13-140193173047104","trial_id":165,"state":1,"values":[0.7711131122508907],"datetime_complete":"2026-03-21T08:43:24.959431"}
{"op_code":4,"worker_id":"b318cf6c-0c5c-4613-aff6-d5ee5f958a13-140193173047104","study_id":0,"datetime_start":"2026-03-21T08:43:24.980984"}
{"op_code":5,"worker_id":"b318cf6c-0c5c-4613-aff6-d5ee5f958a13-140193173047104","trial_id":166,"param_name":"lr","param_value_internal":0.03531852509056434,"distribution":"{\"name\": \"FloatDistribution\", \"attributes\": {\"step\": null, \"low\": 0.0001, \"high\": 0.1, \"log\": true}}"}
{"op_code":5,"worker_id":"b318cf6c-0c5c-4613-aff6-d5ee5f958a13-140193173047104","trial_id":166,"param_name":"dropout","param_value_internal":0.37107157080561043,"distribution":"{\"name\": \"FloatDistribution\", \"attributes\": {\"step\": null, \"low\": 0.0, \"high\": 0.5, \"log\": false}}"}
{"op_code":5,"worker_id":"b318cf6c-0c5c-4613-aff6-d5ee5f958a13-140193173047104","trial_id":166,"param_name":"nodes","param_value_internal":2,"distribution":"{\"name\": \"CategoricalDistribution\", \"attributes\": {\"choices\": [32, 64, 128]}}"}
{"op_code":6,"worker_id":"b318cf6c-0c5c-4613-aff6-d5ee5f958a13-140193173047104","trial_id":166,"state":1,"values":[0.7714524359526513],"datetime_complete":"2026-03-21T08:43:28.085762"}
{"op_code":4,"worker_id":"b318cf6c-0c5c-4613-aff6-d5ee5f958a13-140193173047104","study_id":0,"datetime_start":"2026-03-21T08:43:28.101264"}
{"op_code":5,"worker_id":"b318cf6c-0c5c-4613-aff6-d5ee5f958a13-140193173047104","trial_id":167,"param_name":"lr","param_value_internal":0.05003320010060176,"distribution":"{\"name\": \"FloatDistribution\", \"attributes\": {\"step\": null, \"low\": 0.0001, \"high\": 0.1, \"log\": true}}"}
{"op_code":5,"worker_id":"b318cf6c-0c5c-4613-aff6-d5ee5f958a13-140193173047104","trial_id":167,"param_name":"dropout","param_value_internal":0.3577060932963932,"distribution":"{\"name\": \"FloatDistribution\", \"attributes\": {\"step\": null, \"low\": 0.0, \"high\": 0.5, \"log\": false}}"}
{"op_code":5,"worker_id":"b318cf6c-0c5c-4613-aff6-d5ee5f958a13-140193173047104","trial_id":167,"param_name":"nodes","param_value_internal":2,"distribution":"{\"name\": \"CategoricalDistribution\", \"attributes\": {\"choices\": [32, 64, 128]}}"}
{"op_code":6,"worker_id":"b318cf6c-0c5c-4613-aff6-d5ee5f958a13-140193173047104","trial_id":167,"state":1,"values":[0.7669368205369145],"datetime_complete":"2026-03-21T08:43:31.265319"}
{"op_code":4,"worker_id":"b318cf6c-0c5c-4613-aff6-d5ee5f958a13-140193173047104","study_id":0,"datetime_start":"2026-03-21T08:43:31.281360"}
{"op_code":5,"worker_id":"b318cf6c-0c5c-4613-aff6-d5ee5f958a13-140193173047104","trial_id":168,"param_name":"lr","param_value_internal":0.020160964261278027,"distribution":"{\"name\": \"FloatDistribution\", \"attributes\": {\"step\": null, \"low\": 0.0001, \"high\": 0.1, \"log\": true}}"}
{"op_code":5,"worker_id":"b318cf6c-0c5c-4613-aff6-d5ee5f958a13-140193173047104","trial_id":168,"param_name":"dropout","param_value_internal":0.3277375697269635,"distribution":"{\"name\": \"FloatDistribution\", \"attributes\": {\"step\": null, \"low\": 0.0, \"high\": 0.5, \"log\": false}}"}
{"op_code":5,"worker_id":"b318cf6c-0c5c-4613-aff6-d5ee5f958a13-140193173047104","trial_id":168,"param_name":"nodes","param_value_internal":2,"distribution":"{\"name\": \"CategoricalDistribution\", \"attributes\": {\"choices\": [32, 64, 128]}}"}
{"op_code":6,"worker_id":"b318cf6c-0c5c-4613-aff6-d5ee5f958a13-140193173047104","trial_id":168,"state":1,"values":[0.7564504130613523],"datetime_complete":"2026-03-21T08:43:34.444412"}
{"op_code":4,"worker_id":"b318cf6c-0c5c-4613-aff6-d5ee5f958a13-140193173047104","study_id":0,"datetime_start":"2026-03-21T08:43:34.460499"}
{"op_code":5,"worker_id":"b318cf6c-0c5c-4613-aff6-d5ee5f958a13-140193173047104","trial_id":169,"param_name":"lr","param_value_internal":0.02711279610292088,"distribution":"{\"name\": \"FloatDistribution\", \"attributes\": {\"step\": null, \"low\": 0.0001, \"high\": 0.1, \"log\": true}}"}
{"op_code":5,"worker_id":"b318cf6c-0c5c-4613-aff6-d5ee5f958a13-140193173047104","trial_id":169,"param_name":"dropout","param_value_internal":0.34875834370948283,"distribution":"{\"name\": \"FloatDistribution\", \"attributes\": {\"step\": null, \"low\": 0.0, \"high\": 0.5, \"log\": false}}"}
{"op_code":5,"worker_id":"b318cf6c-0c5c-4613-aff6-d5ee5f958a13-140193173047104","trial_id":169,"param_name":"nodes","param_value_internal":2,"distribution":"{\"name\": \"CategoricalDistribution\", \"attributes\": {\"choices\": [32, 64, 128]}}"}
{"op_code":6,"worker_id":"b318cf6c-0c5c-4613-aff6-d5ee5f958a13-140193173047104","trial_id":169,"state":1,"values":[0.7756026258434152],"datetime_complete":"2026-03-21T08:43:37.602736"}
{"op_code":0,"worker_id":"1e7528fa-050a-40ac-9919-514d271f3593-140193173047104","study_name":"deephit_tuning","directions":[2]}
{"op_code":4,"worker_id":"1e7528fa-050a-40ac-9919-514d271f3593-140193173047104","study_id":0,"datetime_start":"2026-03-21T08:58:04.353890"}
{"op_code":5,"worker_id":"1e7528fa-050a-40ac-9919-514d271f3593-140193173047104","trial_id":170,"param_name":"lr","param_value_internal":0.05761784459518362,"distribution":"{\"name\": \"FloatDistribution\", \"attributes\": {\"step\": null, \"low\": 0.0001, \"high\": 0.1, \"log\": true}}"}
{"op_code":5,"worker_id":"1e7528fa-050a-40ac-9919-514d271f3593-140193173047104","trial_id":170,"param_name":"dropout","param_value_internal":0.3841364344385558,"distribution":"{\"name\": \"FloatDistribution\", \"attributes\": {\"step\": null, \"low\": 0.0, \"high\": 0.5, \"log\": false}}"}
{"op_code":5,"worker_id":"1e7528fa-050a-40ac-9919-514d271f3593-140193173047104","trial_id":170,"param_name":"nodes","param_value_internal":2,"distribution":"{\"name\": \"CategoricalDistribution\", \"attributes\": {\"choices\": [32, 64, 128]}}"}
{"op_code":6,"worker_id":"1e7528fa-050a-40ac-9919-514d271f3593-140193173047104","trial_id":170,"state":1,"values":[0.7698111983390644],"datetime_complete":"2026-03-21T08:58:07.511953"}
{"op_code":4,"worker_id":"1e7528fa-050a-40ac-9919-514d271f3593-140193173047104","study_id":0,"datetime_start":"2026-03-21T08:58:07.526779"}
{"op_code":5,"worker_id":"1e7528fa-050a-40ac-9919-514d271f3593-140193173047104","trial_id":171,"param_name":"lr","param_value_internal":0.03698601697456014,"distribution":"{\"name\": \"FloatDistribution\", \"attributes\": {\"step\": null, \"low\": 0.0001, \"high\": 0.1, \"log\": true}}"}
{"op_code":5,"worker_id":"1e7528fa-050a-40ac-9919-514d271f3593-140193173047104","trial_id":171,"param_name":"dropout","param_value_internal":0.3382673185378881,"distribution":"{\"name\": \"FloatDistribution\", \"attributes\": {\"step\": null, \"low\": 0.0, \"high\": 0.5, \"log\": false}}"}
{"op_code":5,"worker_id":"1e7528fa-050a-40ac-9919-514d271f3593-140193173047104","trial_id":171,"param_name":"nodes","param_value_internal":2,"distribution":"{\"name\": \"CategoricalDistribution\", \"attributes\": {\"choices\": [32, 64, 128]}}"}
{"op_code":6,"worker_id":"1e7528fa-050a-40ac-9919-514d271f3593-140193173047104","trial_id":171,"state":1,"values":[0.7476416012457017],"datetime_complete":"2026-03-21T08:58:10.730450"}
{"op_code":4,"worker_id":"1e7528fa-050a-40ac-9919-514d271f3593-140193173047104","study_id":0,"datetime_start":"2026-03-21T08:58:10.747410"}
{"op_code":5,"worker_id":"1e7528fa-050a-40ac-9919-514d271f3593-140193173047104","trial_id":172,"param_name":"lr","param_value_internal":0.03289428223867153,"distribution":"{\"name\": \"FloatDistribution\", \"attributes\": {\"step\": null, \"low\": 0.0001, \"high\": 0.1, \"log\": true}}"}
{"op_code":5,"worker_id":"1e7528fa-050a-40ac-9919-514d271f3593-140193173047104","trial_id":172,"param_name":"dropout","param_value_internal":0.3735694429114809,"distribution":"{\"name\": \"FloatDistribution\", \"attributes\": {\"step\": null, \"low\": 0.0, \"high\": 0.5, \"log\": false}}"}
{"op_code":5,"worker_id":"1e7528fa-050a-40ac-9919-514d271f3593-140193173047104","trial_id":172,"param_name":"nodes","param_value_internal":2,"distribution":"{\"name\": \"CategoricalDistribution\", \"attributes\": {\"choices\": [32, 64, 128]}}"}
{"op_code":6,"worker_id":"1e7528fa-050a-40ac-9919-514d271f3593-140193173047104","trial_id":172,"state":1,"values":[0.7774476091610978],"datetime_complete":"2026-03-21T08:58:13.872827"}
{"op_code":4,"worker_id":"1e7528fa-050a-40ac-9919-514d271f3593-140193173047104","study_id":0,"datetime_start":"2026-03-21T08:58:13.894339"}
{"op_code":5,"worker_id":"1e7528fa-050a-40ac-9919-514d271f3593-140193173047104","trial_id":173,"param_name":"lr","param_value_internal":0.047113896327182506,"distribution":"{\"name\": \"FloatDistribution\", \"attributes\": {\"step\": null, \"low\": 0.0001, \"high\": 0.1, \"log\": true}}"}
{"op_code":5,"worker_id":"1e7528fa-050a-40ac-9919-514d271f3593-140193173047104","trial_id":173,"param_name":"dropout","param_value_internal":0.3464830322824206,"distribution":"{\"name\": \"FloatDistribution\", \"attributes\": {\"step\": null, \"low\": 0.0, \"high\": 0.5, \"log\": false}}"}
{"op_code":5,"worker_id":"1e7528fa-050a-40ac-9919-514d271f3593-140193173047104","trial_id":173,"param_name":"nodes","param_value_internal":2,"distribution":"{\"name\": \"CategoricalDistribution\", \"attributes\": {\"choices\": [32, 64, 128]}}"}
{"op_code":6,"worker_id":"1e7528fa-050a-40ac-9919-514d271f3593-140193173047104","trial_id":173,"state":1,"values":[0.7509894245117757],"datetime_complete":"2026-03-21T08:58:17.095089"}
{"op_code":4,"worker_id":"1e7528fa-050a-40ac-9919-514d271f3593-140193173047104","study_id":0,"datetime_start":"2026-03-21T08:58:17.110490"}
{"op_code":5,"worker_id":"1e7528fa-050a-40ac-9919-514d271f3593-140193173047104","trial_id":174,"param_name":"lr","param_value_internal":0.02311530176695134,"distribution":"{\"name\": \"FloatDistribution\", \"attributes\": {\"step\": null, \"low\": 0.0001, \"high\": 0.1, \"log\": true}}"}
{"op_code":5,"worker_id":"1e7528fa-050a-40ac-9919-514d271f3593-140193173047104","trial_id":174,"param_name":"dropout","param_value_internal":0.35746051264873063,"distribution":"{\"name\": \"FloatDistribution\", \"attributes\": {\"step\": null, \"low\": 0.0, \"high\": 0.5, \"log\": false}}"}
{"op_code":5,"worker_id":"1e7528fa-050a-40ac-9919-514d271f3593-140193173047104","trial_id":174,"param_name":"nodes","param_value_internal":2,"distribution":"{\"name\": \"CategoricalDistribution\", \"attributes\": {\"choices\": [32, 64, 128]}}"}
{"op_code":6,"worker_id":"1e7528fa-050a-40ac-9919-514d271f3593-140193173047104","trial_id":174,"state":1,"values":[0.726879906572374],"datetime_complete":"2026-03-21T08:58:20.275081"}
{"op_code":4,"worker_id":"1e7528fa-050a-40ac-9919-514d271f3593-140193173047104","study_id":0,"datetime_start":"2026-03-21T08:58:20.291850"}
{"op_code":5,"worker_id":"1e7528fa-050a-40ac-9919-514d271f3593-140193173047104","trial_id":175,"param_name":"lr","param_value_internal":0.028083085051343073,"distribution":"{\"name\": \"FloatDistribution\", \"attributes\": {\"step\": null, \"low\": 0.0001, \"high\": 0.1, \"log\": true}}"}
{"op_code":5,"worker_id":"1e7528fa-050a-40ac-9919-514d271f3593-140193173047104","trial_id":175,"param_name":"dropout","param_value_internal":0.39738922799398313,"distribution":"{\"name\": \"FloatDistribution\", \"attributes\": {\"step\": null, \"low\": 0.0, \"high\": 0.5, \"log\": false}}"}
{"op_code":5,"worker_id":"1e7528fa-050a-40ac-9919-514d271f3593-140193173047104","trial_id":175,"param_name":"nodes","param_value_internal":2,"distribution":"{\"name\": \"CategoricalDistribution\", \"attributes\": {\"choices\": [32, 64, 128]}}"}
{"op_code":6,"worker_id":"1e7528fa-050a-40ac-9919-514d271f3593-140193173047104","trial_id":175,"state":1,"values":[0.7655810030493739],"datetime_complete":"2026-03-21T08:58:23.463064"}
{"op_code":4,"worker_id":"1e7528fa-050a-40ac-9919-514d271f3593-140193173047104","study_id":0,"datetime_start":"2026-03-21T08:58:23.479646"}
{"op_code":5,"worker_id":"1e7528fa-050a-40ac-9919-514d271f3593-140193173047104","trial_id":176,"param_name":"lr","param_value_internal":0.04265914906425907,"distribution":"{\"name\": \"FloatDistribution\", \"attributes\": {\"step\": null, \"low\": 0.0001, \"high\": 0.1, \"log\": true}}"}
{"op_code":5,"worker_id":"1e7528fa-050a-40ac-9919-514d271f3593-140193173047104","trial_id":176,"param_name":"dropout","param_value_internal":0.3653534105707138,"distribution":"{\"name\": \"FloatDistribution\", \"attributes\": {\"step\": null, \"low\": 0.0, \"high\": 0.5, \"log\": false}}"}
{"op_code":5,"worker_id":"1e7528fa-050a-40ac-9919-514d271f3593-140193173047104","trial_id":176,"param_name":"nodes","param_value_internal":2,"distribution":"{\"name\": \"CategoricalDistribution\", \"attributes\": {\"choices\": [32, 64, 128]}}"}
{"op_code":6,"worker_id":"1e7528fa-050a-40ac-9919-514d271f3593-140193173047104","trial_id":176,"state":1,"values":[0.769272691883475],"datetime_complete":"2026-03-21T08:58:26.637612"}
{"op_code":4,"worker_id":"1e7528fa-050a-40ac-9919-514d271f3593-140193173047104","study_id":0,"datetime_start":"2026-03-21T08:58:26.651842"}
{"op_code":5,"worker_id":"1e7528fa-050a-40ac-9919-514d271f3593-140193173047104","trial_id":177,"param_name":"lr","param_value_internal":0.031640989824297076,"distribution":"{\"name\": \"FloatDistribution\", \"attributes\": {\"step\": null, \"low\": 0.0001, \"high\": 0.1, \"log\": true}}"}
{"op_code":5,"worker_id":"1e7528fa-050a-40ac-9919-514d271f3593-140193173047104","trial_id":177,"param_name":"dropout","param_value_internal":0.37968784915649983,"distribution":"{\"name\": \"FloatDistribution\", \"attributes\": {\"step\": null, \"low\": 0.0, \"high\": 0.5, \"log\": false}}"}
{"op_code":5,"worker_id":"1e7528fa-050a-40ac-9919-514d271f3593-140193173047104","trial_id":177,"param_name":"nodes","param_value_internal":2,"distribution":"{\"name\": \"CategoricalDistribution\", \"attributes\": {\"choices\": [32, 64, 128]}}"}
{"op_code":6,"worker_id":"1e7528fa-050a-40ac-9919-514d271f3593-140193173047104","trial_id":177,"state":1,"values":[0.7514695387010965],"datetime_complete":"2026-03-21T08:58:29.827037"}
{"op_code":4,"worker_id":"1e7528fa-050a-40ac-9919-514d271f3593-140193173047104","study_id":0,"datetime_start":"2026-03-21T08:58:29.844696"}
{"op_code":5,"worker_id":"1e7528fa-050a-40ac-9919-514d271f3593-140193173047104","trial_id":178,"param_name":"lr","param_value_internal":0.024538761485167537,"distribution":"{\"name\": \"FloatDistribution\", \"attributes\": {\"step\": null, \"low\": 0.0001, \"high\": 0.1, \"log\": true}}"}
{"op_code":5,"worker_id":"1e7528fa-050a-40ac-9919-514d271f3593-140193173047104","trial_id":178,"param_name":"dropout","param_value_internal":0.3269386800902119,"distribution":"{\"name\": \"FloatDistribution\", \"attributes\": {\"step\": null, \"low\": 0.0, \"high\": 0.5, \"log\": false}}"}
{"op_code":5,"worker_id":"1e7528fa-050a-40ac-9919-514d271f3593-140193173047104","trial_id":178,"param_name":"nodes","param_value_internal":2,"distribution":"{\"name\": \"CategoricalDistribution\", \"attributes\": {\"choices\": [32, 64, 128]}}"}
{"op_code":6,"worker_id":"1e7528fa-050a-40ac-9919-514d271f3593-140193173047104","trial_id":178,"state":1,"values":[0.7641341724518264],"datetime_complete":"2026-03-21T08:58:33.016073"}
{"op_code":4,"worker_id":"1e7528fa-050a-40ac-9919-514d271f3593-140193173047104","study_id":0,"datetime_start":"2026-03-21T08:58:35.935202"}
{"op_code":5,"worker_id":"1e7528fa-050a-40ac-9919-514d271f3593-140193173047104","trial_id":179,"param_name":"lr","param_value_internal":0.01719453182013745,"distribution":"{\"name\": \"FloatDistribution\", \"attributes\": {\"step\": null, \"low\": 0.0001, \"high\": 0.1, \"log\": true}}"}
{"op_code":5,"worker_id":"1e7528fa-050a-40ac-9919-514d271f3593-140193173047104","trial_id":179,"param_name":"dropout","param_value_internal":0.33558408770190845,"distribution":"{\"name\": \"FloatDistribution\", \"attributes\": {\"step\": null, \"low\": 0.0, \"high\": 0.5, \"log\": false}}"}
{"op_code":5,"worker_id":"1e7528fa-050a-40ac-9919-514d271f3593-140193173047104","trial_id":179,"param_name":"nodes","param_value_internal":2,"distribution":"{\"name\": \"CategoricalDistribution\", \"attributes\": {\"choices\": [32, 64, 128]}}"}
{"op_code":6,"worker_id":"1e7528fa-050a-40ac-9919-514d271f3593-140193173047104","trial_id":179,"state":1,"values":[0.7608642055407773],"datetime_complete":"2026-03-21T08:58:39.137222"}
{"op_code":0,"worker_id":"999cf68e-63f8-4b98-909d-29368ca60c15-140193173047104","study_name":"deephit_tuning","directions":[2]}
{"op_code":4,"worker_id":"999cf68e-63f8-4b98-909d-29368ca60c15-140193173047104","study_id":0,"datetime_start":"2026-03-21T09:13:07.690621"}
{"op_code":5,"worker_id":"999cf68e-63f8-4b98-909d-29368ca60c15-140193173047104","trial_id":180,"param_name":"lr","param_value_internal":0.03911452230489572,"distribution":"{\"name\": \"FloatDistribution\", \"attributes\": {\"step\": null, \"low\": 0.0001, \"high\": 0.1, \"log\": true}}"}
{"op_code":5,"worker_id":"999cf68e-63f8-4b98-909d-29368ca60c15-140193173047104","trial_id":180,"param_name":"dropout","param_value_internal":0.3113371167775005,"distribution":"{\"name\": \"FloatDistribution\", \"attributes\": {\"step\": null, \"low\": 0.0, \"high\": 0.5, \"log\": false}}"}
{"op_code":5,"worker_id":"999cf68e-63f8-4b98-909d-29368ca60c15-140193173047104","trial_id":180,"param_name":"nodes","param_value_internal":2,"distribution":"{\"name\": \"CategoricalDistribution\", \"attributes\": {\"choices\": [32, 64, 128]}}"}
{"op_code":6,"worker_id":"999cf68e-63f8-4b98-909d-29368ca60c15-140193173047104","trial_id":180,"state":1,"values":[0.7913866333541536],"datetime_complete":"2026-03-21T09:13:10.847042"}
{"op_code":4,"worker_id":"999cf68e-63f8-4b98-909d-29368ca60c15-140193173047104","study_id":0,"datetime_start":"2026-03-21T09:13:10.865152"}
{"op_code":5,"worker_id":"999cf68e-63f8-4b98-909d-29368ca60c15-140193173047104","trial_id":181,"param_name":"lr","param_value_internal":0.035483492302868125,"distribution":"{\"name\": \"FloatDistribution\", \"attributes\": {\"step\": null, \"low\": 0.0001, \"high\": 0.1, \"log\": true}}"}
{"op_code":5,"worker_id":"999cf68e-63f8-4b98-909d-29368ca60c15-140193173047104","trial_id":181,"param_name":"dropout","param_value_internal":0.3470177645421593,"distribution":"{\"name\": \"FloatDistribution\", \"attributes\": {\"step\": null, \"low\": 0.0, \"high\": 0.5, \"log\": false}}"}
{"op_code":5,"worker_id":"999cf68e-63f8-4b98-909d-29368ca60c15-140193173047104","trial_id":181,"param_name":"nodes","param_value_internal":2,"distribution":"{\"name\": \"CategoricalDistribution\", \"attributes\": {\"choices\": [32, 64, 128]}}"}
{"op_code":6,"worker_id":"999cf68e-63f8-4b98-909d-29368ca60c15-140193173047104","trial_id":181,"state":1,"values":[0.7888632104934415],"datetime_complete":"2026-03-21T09:13:14.066297"}
{"op_code":4,"worker_id":"999cf68e-63f8-4b98-909d-29368ca60c15-140193173047104","study_id":0,"datetime_start":"2026-03-21T09:13:14.091775"}
{"op_code":5,"worker_id":"999cf68e-63f8-4b98-909d-29368ca60c15-140193173047104","trial_id":182,"param_name":"lr","param_value_internal":0.03147141903808637,"distribution":"{\"name\": \"FloatDistribution\", \"attributes\": {\"step\": null, \"low\": 0.0001, \"high\": 0.1, \"log\": true}}"}
{"op_code":5,"worker_id":"999cf68e-63f8-4b98-909d-29368ca60c15-140193173047104","trial_id":182,"param_name":"dropout","param_value_internal":0.3665668373771299,"distribution":"{\"name\": \"FloatDistribution\", \"attributes\": {\"step\": null, \"low\": 0.0, \"high\": 0.5, \"log\": false}}"}
{"op_code":5,"worker_id":"999cf68e-63f8-4b98-909d-29368ca60c15-140193173047104","trial_id":182,"param_name":"nodes","param_value_internal":2,"distribution":"{\"name\": \"CategoricalDistribution\", \"attributes\": {\"choices\": [32, 64, 128]}}"}
{"op_code":6,"worker_id":"999cf68e-63f8-4b98-909d-29368ca60c15-140193173047104","trial_id":182,"state":1,"values":[0.7767083073079325],"datetime_complete":"2026-03-21T09:13:17.305474"}
{"op_code":4,"worker_id":"999cf68e-63f8-4b98-909d-29368ca60c15-140193173047104","study_id":0,"datetime_start":"2026-03-21T09:13:17.327258"}
{"op_code":5,"worker_id":"999cf68e-63f8-4b98-909d-29368ca60c15-140193173047104","trial_id":183,"param_name":"lr","param_value_internal":0.021739657424724494,"distribution":"{\"name\": \"FloatDistribution\", \"attributes\": {\"step\": null, \"low\": 0.0001, \"high\": 0.1, \"log\": true}}"}
{"op_code":5,"worker_id":"999cf68e-63f8-4b98-909d-29368ca60c15-140193173047104","trial_id":183,"param_name":"dropout","param_value_internal":0.2934929449265625,"distribution":"{\"name\": \"FloatDistribution\", \"attributes\": {\"step\": null, \"low\": 0.0, \"high\": 0.5, \"log\": false}}"}
{"op_code":5,"worker_id":"999cf68e-63f8-4b98-909d-29368ca60c15-140193173047104","trial_id":183,"param_name":"nodes","param_value_internal":2,"distribution":"{\"name\": \"CategoricalDistribution\", \"attributes\": {\"choices\": [32, 64, 128]}}"}
{"op_code":6,"worker_id":"999cf68e-63f8-4b98-909d-29368ca60c15-140193173047104","trial_id":183,"state":1,"values":[0.7964896939412867],"datetime_complete":"2026-03-21T09:13:20.496172"}
{"op_code":4,"worker_id":"999cf68e-63f8-4b98-909d-29368ca60c15-140193173047104","study_id":0,"datetime_start":"2026-03-21T09:13:20.513552"}
{"op_code":5,"worker_id":"999cf68e-63f8-4b98-909d-29368ca60c15-140193173047104","trial_id":184,"param_name":"lr","param_value_internal":0.01945038984173485,"distribution":"{\"name\": \"FloatDistribution\", \"attributes\": {\"step\": null, \"low\": 0.0001, \"high\": 0.1, \"log\": true}}"}
{"op_code":5,"worker_id":"999cf68e-63f8-4b98-909d-29368ca60c15-140193173047104","trial_id":184,"param_name":"dropout","param_value_internal":0.28214110882698223,"distribution":"{\"name\": \"FloatDistribution\", \"attributes\": {\"step\": null, \"low\": 0.0, \"high\": 0.5, \"log\": false}}"}
{"op_code":5,"worker_id":"999cf68e-63f8-4b98-909d-29368ca60c15-140193173047104","trial_id":184,"param_name":"nodes","param_value_internal":2,"distribution":"{\"name\": \"CategoricalDistribution\", \"attributes\": {\"choices\": [32, 64, 128]}}"}
{"op_code":6,"worker_id":"999cf68e-63f8-4b98-909d-29368ca60c15-140193173047104","trial_id":184,"state":1,"values":[0.8053966271080575],"datetime_complete":"2026-03-21T09:13:23.729307"}
{"op_code":4,"worker_id":"999cf68e-63f8-4b98-909d-29368ca60c15-140193173047104","study_id":0,"datetime_start":"2026-03-21T09:13:23.747888"}
{"op_code":5,"worker_id":"999cf68e-63f8-4b98-909d-29368ca60c15-140193173047104","trial_id":185,"param_name":"lr","param_value_internal":0.019841394250281738,"distribution":"{\"name\": \"FloatDistribution\", \"attributes\": {\"step\": null, \"low\": 0.0001, \"high\": 0.1, \"log\": true}}"}
{"op_code":5,"worker_id":"999cf68e-63f8-4b98-909d-29368ca60c15-140193173047104","trial_id":185,"param_name":"dropout","param_value_internal":0.30285205513173596,"distribution":"{\"name\": \"FloatDistribution\", \"attributes\": {\"step\": null, \"low\": 0.0, \"high\": 0.5, \"log\": false}}"}
{"op_code":5,"worker_id":"999cf68e-63f8-4b98-909d-29368ca60c15-140193173047104","trial_id":185,"param_name":"nodes","param_value_internal":2,"distribution":"{\"name\": \"CategoricalDistribution\", \"attributes\": {\"choices\": [32, 64, 128]}}"}
{"op_code":6,"worker_id":"999cf68e-63f8-4b98-909d-29368ca60c15-140193173047104","trial_id":185,"state":1,"values":[0.7479950031230481],"datetime_complete":"2026-03-21T09:13:26.922594"}
{"op_code":4,"worker_id":"999cf68e-63f8-4b98-909d-29368ca60c15-140193173047104","study_id":0,"datetime_start":"2026-03-21T09:13:26.940209"}
{"op_code":5,"worker_id":"999cf68e-63f8-4b98-909d-29368ca60c15-140193173047104","trial_id":186,"param_name":"lr","param_value_internal":0.02168333271044348,"distribution":"{\"name\": \"FloatDistribution\", \"attributes\": {\"step\": null, \"low\": 0.0001, \"high\": 0.1, \"log\": true}}"}
{"op_code":5,"worker_id":"999cf68e-63f8-4b98-909d-29368ca60c15-140193173047104","trial_id":186,"param_name":"dropout","param_value_internal":0.28168302235280107,"distribution":"{\"name\": \"FloatDistribution\", \"attributes\": {\"step\": null, \"low\": 0.0, \"high\": 0.5, \"log\": false}}"}
{"op_code":5,"worker_id":"999cf68e-63f8-4b98-909d-29368ca60c15-140193173047104","trial_id":186,"param_name":"nodes","param_value_internal":2,"distribution":"{\"name\": \"CategoricalDistribution\", \"attributes\": {\"choices\": [32, 64, 128]}}"}
{"op_code":6,"worker_id":"999cf68e-63f8-4b98-909d-29368ca60c15-140193173047104","trial_id":186,"state":1,"values":[0.7852592129918801],"datetime_complete":"2026-03-21T09:13:30.127557"}
{"op_code":4,"worker_id":"999cf68e-63f8-4b98-909d-29368ca60c15-140193173047104","study_id":0,"datetime_start":"2026-03-21T09:13:30.144247"}
{"op_code":5,"worker_id":"999cf68e-63f8-4b98-909d-29368ca60c15-140193173047104","trial_id":187,"param_name":"lr","param_value_internal":0.01612706773304083,"distribution":"{\"name\": \"FloatDistribution\", \"attributes\": {\"step\": null, \"low\": 0.0001, \"high\": 0.1, \"log\": true}}"}
{"op_code":5,"worker_id":"999cf68e-63f8-4b98-909d-29368ca60c15-140193173047104","trial_id":187,"param_name":"dropout","param_value_internal":0.2926428441037304,"distribution":"{\"name\": \"FloatDistribution\", \"attributes\": {\"step\": null, \"low\": 0.0, \"high\": 0.5, \"log\": false}}"}
{"op_code":5,"worker_id":"999cf68e-63f8-4b98-909d-29368ca60c15-140193173047104","trial_id":187,"param_name":"nodes","param_value_internal":2,"distribution":"{\"name\": \"CategoricalDistribution\", \"attributes\": {\"choices\": [32, 64, 128]}}"}
{"op_code":6,"worker_id":"999cf68e-63f8-4b98-909d-29368ca60c15-140193173047104","trial_id":187,"state":1,"values":[0.7626108682073703],"datetime_complete":"2026-03-21T09:13:33.308457"}
{"op_code":4,"worker_id":"999cf68e-63f8-4b98-909d-29368ca60c15-140193173047104","study_id":0,"datetime_start":"2026-03-21T09:13:33.332714"}
{"op_code":5,"worker_id":"999cf68e-63f8-4b98-909d-29368ca60c15-140193173047104","trial_id":188,"param_name":"lr","param_value_internal":0.028545555722462864,"distribution":"{\"name\": \"FloatDistribution\", \"attributes\": {\"step\": null, \"low\": 0.0001, \"high\": 0.1, \"log\": true}}"}
{"op_code":5,"worker_id":"999cf68e-63f8-4b98-909d-29368ca60c15-140193173047104","trial_id":188,"param_name":"dropout","param_value_internal":0.3201721420648172,"distribution":"{\"name\": \"FloatDistribution\", \"attributes\": {\"step\": null, \"low\": 0.0, \"high\": 0.5, \"log\": false}}"}
{"op_code":5,"worker_id":"999cf68e-63f8-4b98-909d-29368ca60c15-140193173047104","trial_id":188,"param_name":"nodes","param_value_internal":2,"distribution":"{\"name\": \"CategoricalDistribution\", \"attributes\": {\"choices\": [32, 64, 128]}}"}
{"op_code":6,"worker_id":"999cf68e-63f8-4b98-909d-29368ca60c15-140193173047104","trial_id":188,"state":1,"values":[0.7857214241099313],"datetime_complete":"2026-03-21T09:13:36.535925"}
{"op_code":4,"worker_id":"999cf68e-63f8-4b98-909d-29368ca60c15-140193173047104","study_id":0,"datetime_start":"2026-03-21T09:13:36.554822"}
{"op_code":5,"worker_id":"999cf68e-63f8-4b98-909d-29368ca60c15-140193173047104","trial_id":189,"param_name":"lr","param_value_internal":0.025330262107216426,"distribution":"{\"name\": \"FloatDistribution\", \"attributes\": {\"step\": null, \"low\": 0.0001, \"high\": 0.1, \"log\": true}}"}
{"op_code":5,"worker_id":"999cf68e-63f8-4b98-909d-29368ca60c15-140193173047104","trial_id":189,"param_name":"dropout","param_value_internal":0.3082327828370504,"distribution":"{\"name\": \"FloatDistribution\", \"attributes\": {\"step\": null, \"low\": 0.0, \"high\": 0.5, \"log\": false}}"}
{"op_code":5,"worker_id":"999cf68e-63f8-4b98-909d-29368ca60c15-140193173047104","trial_id":189,"param_name":"nodes","param_value_internal":2,"distribution":"{\"name\": \"CategoricalDistribution\", \"attributes\": {\"choices\": [32, 64, 128]}}"}
{"op_code":6,"worker_id":"999cf68e-63f8-4b98-909d-29368ca60c15-140193173047104","trial_id":189,"state":1,"values":[0.7823610243597752],"datetime_complete":"2026-03-21T09:13:39.742063"}
{"op_code":0,"worker_id":"08fb999c-18e6-41f3-b6d2-00c22e67021d-140193173047104","study_name":"deephit_tuning","directions":[2]}
{"op_code":4,"worker_id":"08fb999c-18e6-41f3-b6d2-00c22e67021d-140193173047104","study_id":0,"datetime_start":"2026-03-21T09:28:56.739670"}
{"op_code":5,"worker_id":"08fb999c-18e6-41f3-b6d2-00c22e67021d-140193173047104","trial_id":190,"param_name":"lr","param_value_internal":0.019067717336296457,"distribution":"{\"name\": \"FloatDistribution\", \"attributes\": {\"step\": null, \"low\": 0.0001, \"high\": 0.1, \"log\": true}}"}
{"op_code":5,"worker_id":"08fb999c-18e6-41f3-b6d2-00c22e67021d-140193173047104","trial_id":190,"param_name":"dropout","param_value_internal":0.40718354689023084,"distribution":"{\"name\": \"FloatDistribution\", \"attributes\": {\"step\": null, \"low\": 0.0, \"high\": 0.5, \"log\": false}}"}
{"op_code":5,"worker_id":"08fb999c-18e6-41f3-b6d2-00c22e67021d-140193173047104","trial_id":190,"param_name":"nodes","param_value_internal":2,"distribution":"{\"name\": \"CategoricalDistribution\", \"attributes\": {\"choices\": [32, 64, 128]}}"}
{"op_code":6,"worker_id":"08fb999c-18e6-41f3-b6d2-00c22e67021d-140193173047104","trial_id":190,"state":1,"values":[0.7699076837119528],"datetime_complete":"2026-03-21T09:28:59.903173"}
{"op_code":4,"worker_id":"08fb999c-18e6-41f3-b6d2-00c22e67021d-140193173047104","study_id":0,"datetime_start":"2026-03-21T09:28:59.920063"}
{"op_code":5,"worker_id":"08fb999c-18e6-41f3-b6d2-00c22e67021d-140193173047104","trial_id":191,"param_name":"lr","param_value_internal":0.022557702188041085,"distribution":"{\"name\": \"FloatDistribution\", \"attributes\": {\"step\": null, \"low\": 0.0001, \"high\": 0.1, \"log\": true}}"}
{"op_code":5,"worker_id":"08fb999c-18e6-41f3-b6d2-00c22e67021d-140193173047104","trial_id":191,"param_name":"dropout","param_value_internal":0.276086116199772,"distribution":"{\"name\": \"FloatDistribution\", \"attributes\": {\"step\": null, \"low\": 0.0, \"high\": 0.5, \"log\": false}}"}
{"op_code":5,"worker_id":"08fb999c-18e6-41f3-b6d2-00c22e67021d-140193173047104","trial_id":191,"param_name":"nodes","param_value_internal":2,"distribution":"{\"name\": \"CategoricalDistribution\", \"attributes\": {\"choices\": [32, 64, 128]}}"}
{"op_code":6,"worker_id":"08fb999c-18e6-41f3-b6d2-00c22e67021d-140193173047104","trial_id":191,"state":1,"values":[0.7581427537428096],"datetime_complete":"2026-03-21T09:29:03.162516"}
{"op_code":4,"worker_id":"08fb999c-18e6-41f3-b6d2-00c22e67021d-140193173047104","study_id":0,"datetime_start":"2026-03-21T09:29:03.178350"}
{"op_code":5,"worker_id":"08fb999c-18e6-41f3-b6d2-00c22e67021d-140193173047104","trial_id":192,"param_name":"lr","param_value_internal":0.02650132635390871,"distribution":"{\"name\": \"FloatDistribution\", \"attributes\": {\"step\": null, \"low\": 0.0001, \"high\": 0.1, \"log\": true}}"}
{"op_code":5,"worker_id":"08fb999c-18e6-41f3-b6d2-00c22e67021d-140193173047104","trial_id":192,"param_name":"dropout","param_value_internal":0.28576487153106983,"distribution":"{\"name\": \"FloatDistribution\", \"attributes\": {\"step\": null, \"low\": 0.0, \"high\": 0.5, \"log\": false}}"}
{"op_code":5,"worker_id":"08fb999c-18e6-41f3-b6d2-00c22e67021d-140193173047104","trial_id":192,"param_name":"nodes","param_value_internal":2,"distribution":"{\"name\": \"CategoricalDistribution\", \"attributes\": {\"choices\": [32, 64, 128]}}"}
{"op_code":6,"worker_id":"08fb999c-18e6-41f3-b6d2-00c22e67021d-140193173047104","trial_id":192,"state":1,"values":[0.7628474559053219],"datetime_complete":"2026-03-21T09:29:06.324456"}
{"op_code":4,"worker_id":"08fb999c-18e6-41f3-b6d2-00c22e67021d-140193173047104","study_id":0,"datetime_start":"2026-03-21T09:29:06.343518"}
{"op_code":5,"worker_id":"08fb999c-18e6-41f3-b6d2-00c22e67021d-140193173047104","trial_id":193,"param_name":"lr","param_value_internal":0.03488216730954458,"distribution":"{\"name\": \"FloatDistribution\", \"attributes\": {\"step\": null, \"low\": 0.0001, \"high\": 0.1, \"log\": true}}"}
{"op_code":5,"worker_id":"08fb999c-18e6-41f3-b6d2-00c22e67021d-140193173047104","trial_id":193,"param_name":"dropout","param_value_internal":0.30069933272818267,"distribution":"{\"name\": \"FloatDistribution\", \"attributes\": {\"step\": null, \"low\": 0.0, \"high\": 0.5, \"log\": false}}"}
{"op_code":5,"worker_id":"08fb999c-18e6-41f3-b6d2-00c22e67021d-140193173047104","trial_id":193,"param_name":"nodes","param_value_internal":2,"distribution":"{\"name\": \"CategoricalDistribution\", \"attributes\": {\"choices\": [32, 64, 128]}}"}
{"op_code":6,"worker_id":"08fb999c-18e6-41f3-b6d2-00c22e67021d-140193173047104","trial_id":193,"state":1,"values":[0.7679013599827303],"datetime_complete":"2026-03-21T09:29:09.592342"}
{"op_code":4,"worker_id":"08fb999c-18e6-41f3-b6d2-00c22e67021d-140193173047104","study_id":0,"datetime_start":"2026-03-21T09:29:09.607389"}
{"op_code":5,"worker_id":"08fb999c-18e6-41f3-b6d2-00c22e67021d-140193173047104","trial_id":194,"param_name":"lr","param_value_internal":0.012846769544633168,"distribution":"{\"name\": \"FloatDistribution\", \"attributes\": {\"step\": null, \"low\": 0.0001, \"high\": 0.1, \"log\": true}}"}
{"op_code":5,"worker_id":"08fb999c-18e6-41f3-b6d2-00c22e67021d-140193173047104","trial_id":194,"param_name":"dropout","param_value_internal":0.29327594602423274,"distribution":"{\"name\": \"FloatDistribution\", \"attributes\": {\"step\": null, \"low\": 0.0, \"high\": 0.5, \"log\": false}}"}
{"op_code":5,"worker_id":"08fb999c-18e6-41f3-b6d2-00c22e67021d-140193173047104","trial_id":194,"param_name":"nodes","param_value_internal":2,"distribution":"{\"name\": \"CategoricalDistribution\", \"attributes\": {\"choices\": [32, 64, 128]}}"}
{"op_code":6,"worker_id":"08fb999c-18e6-41f3-b6d2-00c22e67021d-140193173047104","trial_id":194,"state":1,"values":[0.7623141293443892],"datetime_complete":"2026-03-21T09:29:12.778722"}
{"op_code":4,"worker_id":"08fb999c-18e6-41f3-b6d2-00c22e67021d-140193173047104","study_id":0,"datetime_start":"2026-03-21T09:29:12.791618"}
{"op_code":5,"worker_id":"08fb999c-18e6-41f3-b6d2-00c22e67021d-140193173047104","trial_id":195,"param_name":"lr","param_value_internal":0.01462873927391865,"distribution":"{\"name\": \"FloatDistribution\", \"attributes\": {\"step\": null, \"low\": 0.0001, \"high\": 0.1, \"log\": true}}"}
{"op_code":5,"worker_id":"08fb999c-18e6-41f3-b6d2-00c22e67021d-140193173047104","trial_id":195,"param_name":"dropout","param_value_internal":0.001972358009063979,"distribution":"{\"name\": \"FloatDistribution\", \"attributes\": {\"step\": null, \"low\": 0.0, \"high\": 0.5, \"log\": false}}"}
{"op_code":5,"worker_id":"08fb999c-18e6-41f3-b6d2-00c22e67021d-140193173047104","trial_id":195,"param_name":"nodes","param_value_internal":2,"distribution":"{\"name\": \"CategoricalDistribution\", \"attributes\": {\"choices\": [32, 64, 128]}}"}
{"op_code":6,"worker_id":"08fb999c-18e6-41f3-b6d2-00c22e67021d-140193173047104","trial_id":195,"state":1,"values":[0.7501047605744688],"datetime_complete":"2026-03-21T09:29:16.070468"}
{"op_code":4,"worker_id":"08fb999c-18e6-41f3-b6d2-00c22e67021d-140193173047104","study_id":0,"datetime_start":"2026-03-21T09:29:16.087109"}
{"op_code":5,"worker_id":"08fb999c-18e6-41f3-b6d2-00c22e67021d-140193173047104","trial_id":196,"param_name":"lr","param_value_internal":0.04104627301937695,"distribution":"{\"name\": \"FloatDistribution\", \"attributes\": {\"step\": null, \"low\": 0.0001, \"high\": 0.1, \"log\": true}}"}
{"op_code":5,"worker_id":"08fb999c-18e6-41f3-b6d2-00c22e67021d-140193173047104","trial_id":196,"param_name":"dropout","param_value_internal":0.3557823614048098,"distribution":"{\"name\": \"FloatDistribution\", \"attributes\": {\"step\": null, \"low\": 0.0, \"high\": 0.5, \"log\": false}}"}
{"op_code":5,"worker_id":"08fb999c-18e6-41f3-b6d2-00c22e67021d-140193173047104","trial_id":196,"param_name":"nodes","param_value_internal":2,"distribution":"{\"name\": \"CategoricalDistribution\", \"attributes\": {\"choices\": [32, 64, 128]}}"}
{"op_code":6,"worker_id":"08fb999c-18e6-41f3-b6d2-00c22e67021d-140193173047104","trial_id":196,"state":1,"values":[0.7533809094487689],"datetime_complete":"2026-03-21T09:29:19.280847"}
{"op_code":4,"worker_id":"08fb999c-18e6-41f3-b6d2-00c22e67021d-140193173047104","study_id":0,"datetime_start":"2026-03-21T09:29:19.291540"}
{"op_code":5,"worker_id":"08fb999c-18e6-41f3-b6d2-00c22e67021d-140193173047104","trial_id":197,"param_name":"lr","param_value_internal":0.010535258857938707,"distribution":"{\"name\": \"FloatDistribution\", \"attributes\": {\"step\": null, \"low\": 0.0001, \"high\": 0.1, \"log\": true}}"}
{"op_code":5,"worker_id":"08fb999c-18e6-41f3-b6d2-00c22e67021d-140193173047104","trial_id":197,"param_name":"dropout","param_value_internal":0.2655325760056602,"distribution":"{\"name\": \"FloatDistribution\", \"attributes\": {\"step\": null, \"low\": 0.0, \"high\": 0.5, \"log\": false}}"}
{"op_code":5,"worker_id":"08fb999c-18e6-41f3-b6d2-00c22e67021d-140193173047104","trial_id":197,"param_name":"nodes","param_value_internal":2,"distribution":"{\"name\": \"CategoricalDistribution\", \"attributes\": {\"choices\": [32, 64, 128]}}"}
{"op_code":6,"worker_id":"08fb999c-18e6-41f3-b6d2-00c22e67021d-140193173047104","trial_id":197,"state":1,"values":[0.7518761666518521],"datetime_complete":"2026-03-21T09:29:22.439340"}
{"op_code":4,"worker_id":"08fb999c-18e6-41f3-b6d2-00c22e67021d-140193173047104","study_id":0,"datetime_start":"2026-03-21T09:29:22.453239"}
{"op_code":5,"worker_id":"08fb999c-18e6-41f3-b6d2-00c22e67021d-140193173047104","trial_id":198,"param_name":"lr","param_value_internal":0.032507459657858756,"distribution":"{\"name\": \"FloatDistribution\", \"attributes\": {\"step\": null, \"low\": 0.0001, \"high\": 0.1, \"log\": true}}"}
{"op_code":5,"worker_id":"08fb999c-18e6-41f3-b6d2-00c22e67021d-140193173047104","trial_id":198,"param_name":"dropout","param_value_internal":0.33139848430230445,"distribution":"{\"name\": \"FloatDistribution\", \"attributes\": {\"step\": null, \"low\": 0.0, \"high\": 0.5, \"log\": false}}"}
{"op_code":5,"worker_id":"08fb999c-18e6-41f3-b6d2-00c22e67021d-140193173047104","trial_id":198,"param_name":"nodes","param_value_internal":2,"distribution":"{\"name\": \"CategoricalDistribution\", \"attributes\": {\"choices\": [32, 64, 128]}}"}
{"op_code":6,"worker_id":"08fb999c-18e6-41f3-b6d2-00c22e67021d-140193173047104","trial_id":198,"state":1,"values":[0.76216175032698],"datetime_complete":"2026-03-21T09:29:25.662383"}
{"op_code":4,"worker_id":"08fb999c-18e6-41f3-b6d2-00c22e67021d-140193173047104","study_id":0,"datetime_start":"2026-03-21T09:29:25.675493"}
{"op_code":5,"worker_id":"08fb999c-18e6-41f3-b6d2-00c22e67021d-140193173047104","trial_id":199,"param_name":"lr","param_value_internal":0.02969409107519956,"distribution":"{\"name\": \"FloatDistribution\", \"attributes\": {\"step\": null, \"low\": 0.0001, \"high\": 0.1, \"log\": true}}"}
{"op_code":5,"worker_id":"08fb999c-18e6-41f3-b6d2-00c22e67021d-140193173047104","trial_id":199,"param_name":"dropout","param_value_internal":0.39354661332930196,"distribution":"{\"name\": \"FloatDistribution\", \"attributes\": {\"step\": null, \"low\": 0.0, \"high\": 0.5, \"log\": false}}"}
{"op_code":5,"worker_id":"08fb999c-18e6-41f3-b6d2-00c22e67021d-140193173047104","trial_id":199,"param_name":"nodes","param_value_internal":2,"distribution":"{\"name\": \"CategoricalDistribution\", \"attributes\": {\"choices\": [32, 64, 128]}}"}
{"op_code":6,"worker_id":"08fb999c-18e6-41f3-b6d2-00c22e67021d-140193173047104","trial_id":199,"state":1,"values":[0.7634188772206068],"datetime_complete":"2026-03-21T09:29:28.845972"}
{"op_code":0,"worker_id":"d747ebaa-3c00-4d7f-8b7a-82f7f99ab05e-140193173047104","study_name":"deephit_tuning","directions":[2]}
{"op_code":4,"worker_id":"d747ebaa-3c00-4d7f-8b7a-82f7f99ab05e-140193173047104","study_id":0,"datetime_start":"2026-03-21T09:43:56.312966"}
{"op_code":5,"worker_id":"d747ebaa-3c00-4d7f-8b7a-82f7f99ab05e-140193173047104","trial_id":200,"param_name":"lr","param_value_internal":0.04900213128363549,"distribution":"{\"name\": \"FloatDistribution\", \"attributes\": {\"step\": null, \"low\": 0.0001, \"high\": 0.1, \"log\": true}}"}
{"op_code":5,"worker_id":"d747ebaa-3c00-4d7f-8b7a-82f7f99ab05e-140193173047104","trial_id":200,"param_name":"dropout","param_value_internal":0.27506492079151246,"distribution":"{\"name\": \"FloatDistribution\", \"attributes\": {\"step\": null, \"low\": 0.0, \"high\": 0.5, \"log\": false}}"}
{"op_code":5,"worker_id":"d747ebaa-3c00-4d7f-8b7a-82f7f99ab05e-140193173047104","trial_id":200,"param_name":"nodes","param_value_internal":2,"distribution":"{\"name\": \"CategoricalDistribution\", \"attributes\": {\"choices\": [32, 64, 128]}}"}
{"op_code":6,"worker_id":"d747ebaa-3c00-4d7f-8b7a-82f7f99ab05e-140193173047104","trial_id":200,"state":1,"values":[0.6373313593427445],"datetime_complete":"2026-03-21T09:43:59.572642"}
{"op_code":4,"worker_id":"d747ebaa-3c00-4d7f-8b7a-82f7f99ab05e-140193173047104","study_id":0,"datetime_start":"2026-03-21T09:44:00.966636"}
{"op_code":5,"worker_id":"d747ebaa-3c00-4d7f-8b7a-82f7f99ab05e-140193173047104","trial_id":201,"param_name":"lr","param_value_internal":0.024070633257830945,"distribution":"{\"name\": \"FloatDistribution\", \"attributes\": {\"step\": null, \"low\": 0.0001, \"high\": 0.1, \"log\": true}}"}
{"op_code":5,"worker_id":"d747ebaa-3c00-4d7f-8b7a-82f7f99ab05e-140193173047104","trial_id":201,"param_name":"dropout","param_value_internal":0.25642235012578646,"distribution":"{\"name\": \"FloatDistribution\", \"attributes\": {\"step\": null, \"low\": 0.0, \"high\": 0.5, \"log\": false}}"}
{"op_code":5,"worker_id":"d747ebaa-3c00-4d7f-8b7a-82f7f99ab05e-140193173047104","trial_id":201,"param_name":"nodes","param_value_internal":2,"distribution":"{\"name\": \"CategoricalDistribution\", \"attributes\": {\"choices\": [32, 64, 128]}}"}
{"op_code":6,"worker_id":"d747ebaa-3c00-4d7f-8b7a-82f7f99ab05e-140193173047104","trial_id":201,"state":1,"values":[0.6045311424818066],"datetime_complete":"2026-03-21T09:44:08.027007"}
{"op_code":4,"worker_id":"d747ebaa-3c00-4d7f-8b7a-82f7f99ab05e-140193173047104","study_id":0,"datetime_start":"2026-03-21T09:44:10.924544"}
{"op_code":5,"worker_id":"d747ebaa-3c00-4d7f-8b7a-82f7f99ab05e-140193173047104","trial_id":202,"param_name":"lr","param_value_internal":0.03804502977069313,"distribution":"{\"name\": \"FloatDistribution\", \"attributes\": {\"step\": null, \"low\": 0.0001, \"high\": 0.1, \"log\": true}}"}
{"op_code":5,"worker_id":"d747ebaa-3c00-4d7f-8b7a-82f7f99ab05e-140193173047104","trial_id":202,"param_name":"dropout","param_value_internal":0.28598523661115877,"distribution":"{\"name\": \"FloatDistribution\", \"attributes\": {\"step\": null, \"low\": 0.0, \"high\": 0.5, \"log\": false}}"}
{"op_code":5,"worker_id":"d747ebaa-3c00-4d7f-8b7a-82f7f99ab05e-140193173047104","trial_id":202,"param_name":"nodes","param_value_internal":2,"distribution":"{\"name\": \"CategoricalDistribution\", \"attributes\": {\"choices\": [32, 64, 128]}}"}
{"op_code":6,"worker_id":"d747ebaa-3c00-4d7f-8b7a-82f7f99ab05e-140193173047104","trial_id":202,"state":1,"values":[0.6192109598181704],"datetime_complete":"2026-03-21T09:44:14.148247"}
{"op_code":4,"worker_id":"d747ebaa-3c00-4d7f-8b7a-82f7f99ab05e-140193173047104","study_id":0,"datetime_start":"2026-03-21T09:44:16.824250"}
{"op_code":5,"worker_id":"d747ebaa-3c00-4d7f-8b7a-82f7f99ab05e-140193173047104","trial_id":203,"param_name":"lr","param_value_internal":0.0205720907496096,"distribution":"{\"name\": \"FloatDistribution\", \"attributes\": {\"step\": null, \"low\": 0.0001, \"high\": 0.1, \"log\": true}}"}
{"op_code":5,"worker_id":"d747ebaa-3c00-4d7f-8b7a-82f7f99ab05e-140193173047104","trial_id":203,"param_name":"dropout","param_value_internal":0.3189155664205157,"distribution":"{\"name\": \"FloatDistribution\", \"attributes\": {\"step\": null, \"low\": 0.0, \"high\": 0.5, \"log\": false}}"}
{"op_code":5,"worker_id":"d747ebaa-3c00-4d7f-8b7a-82f7f99ab05e-140193173047104","trial_id":203,"param_name":"nodes","param_value_internal":2,"distribution":"{\"name\": \"CategoricalDistribution\", \"attributes\": {\"choices\": [32, 64, 128]}}"}
{"op_code":6,"worker_id":"d747ebaa-3c00-4d7f-8b7a-82f7f99ab05e-140193173047104","trial_id":203,"state":1,"values":[0.6362470546531268],"datetime_complete":"2026-03-21T09:44:20.074098"}
{"op_code":4,"worker_id":"d747ebaa-3c00-4d7f-8b7a-82f7f99ab05e-140193173047104","study_id":0,"datetime_start":"2026-03-21T09:44:20.088536"}
{"op_code":5,"worker_id":"d747ebaa-3c00-4d7f-8b7a-82f7f99ab05e-140193173047104","trial_id":204,"param_name":"lr","param_value_internal":0.02805834185053183,"distribution":"{\"name\": \"FloatDistribution\", \"attributes\": {\"step\": null, \"low\": 0.0001, \"high\": 0.1, \"log\": true}}"}
{"op_code":5,"worker_id":"d747ebaa-3c00-4d7f-8b7a-82f7f99ab05e-140193173047104","trial_id":204,"param_name":"dropout","param_value_internal":0.11697906834803029,"distribution":"{\"name\": \"FloatDistribution\", \"attributes\": {\"step\": null, \"low\": 0.0, \"high\": 0.5, \"log\": false}}"}
{"op_code":5,"worker_id":"d747ebaa-3c00-4d7f-8b7a-82f7f99ab05e-140193173047104","trial_id":204,"param_name":"nodes","param_value_internal":2,"distribution":"{\"name\": \"CategoricalDistribution\", \"attributes\": {\"choices\": [32, 64, 128]}}"}
{"op_code":6,"worker_id":"d747ebaa-3c00-4d7f-8b7a-82f7f99ab05e-140193173047104","trial_id":204,"state":1,"values":[0.6232771024042372],"datetime_complete":"2026-03-21T09:44:23.306388"}
{"op_code":4,"worker_id":"d747ebaa-3c00-4d7f-8b7a-82f7f99ab05e-140193173047104","study_id":0,"datetime_start":"2026-03-21T09:44:25.564974"}
{"op_code":5,"worker_id":"d747ebaa-3c00-4d7f-8b7a-82f7f99ab05e-140193173047104","trial_id":205,"param_name":"lr","param_value_internal":0.017615013219802283,"distribution":"{\"name\": \"FloatDistribution\", \"attributes\": {\"step\": null, \"low\": 0.0001, \"high\": 0.1, \"log\": true}}"}
{"op_code":5,"worker_id":"d747ebaa-3c00-4d7f-8b7a-82f7f99ab05e-140193173047104","trial_id":205,"param_name":"dropout","param_value_internal":0.1423671049961107,"distribution":"{\"name\": \"FloatDistribution\", \"attributes\": {\"step\": null, \"low\": 0.0, \"high\": 0.5, \"log\": false}}"}
{"op_code":5,"worker_id":"d747ebaa-3c00-4d7f-8b7a-82f7f99ab05e-140193173047104","trial_id":205,"param_name":"nodes","param_value_internal":2,"distribution":"{\"name\": \"CategoricalDistribution\", \"attributes\": {\"choices\": [32, 64, 128]}}"}
{"op_code":6,"worker_id":"d747ebaa-3c00-4d7f-8b7a-82f7f99ab05e-140193173047104","trial_id":205,"state":1,"values":[0.565402339595888],"datetime_complete":"2026-03-21T09:44:28.790983"}
{"op_code":4,"worker_id":"d747ebaa-3c00-4d7f-8b7a-82f7f99ab05e-140193173047104","study_id":0,"datetime_start":"2026-03-21T09:44:28.821808"}
{"op_code":5,"worker_id":"d747ebaa-3c00-4d7f-8b7a-82f7f99ab05e-140193173047104","trial_id":206,"param_name":"lr","param_value_internal":0.03983842496566577,"distribution":"{\"name\": \"FloatDistribution\", \"attributes\": {\"step\": null, \"low\": 0.0001, \"high\": 0.1, \"log\": true}}"}
{"op_code":5,"worker_id":"d747ebaa-3c00-4d7f-8b7a-82f7f99ab05e-140193173047104","trial_id":206,"param_name":"dropout","param_value_internal":0.3720359511772712,"distribution":"{\"name\": \"FloatDistribution\", \"attributes\": {\"step\": null, \"low\": 0.0, \"high\": 0.5, \"log\": false}}"}
{"op_code":5,"worker_id":"d747ebaa-3c00-4d7f-8b7a-82f7f99ab05e-140193173047104","trial_id":206,"param_name":"nodes","param_value_internal":2,"distribution":"{\"name\": \"CategoricalDistribution\", \"attributes\": {\"choices\": [32, 64, 128]}}"}
{"op_code":6,"worker_id":"d747ebaa-3c00-4d7f-8b7a-82f7f99ab05e-140193173047104","trial_id":206,"state":1,"values":[0.6292512042037659],"datetime_complete":"2026-03-21T09:44:32.033471"}
{"op_code":4,"worker_id":"d747ebaa-3c00-4d7f-8b7a-82f7f99ab05e-140193173047104","study_id":0,"datetime_start":"2026-03-21T09:44:32.050037"}
{"op_code":5,"worker_id":"d747ebaa-3c00-4d7f-8b7a-82f7f99ab05e-140193173047104","trial_id":207,"param_name":"lr","param_value_internal":0.034019501698093396,"distribution":"{\"name\": \"FloatDistribution\", \"attributes\": {\"step\": null, \"low\": 0.0001, \"high\": 0.1, \"log\": true}}"}
{"op_code":5,"worker_id":"d747ebaa-3c00-4d7f-8b7a-82f7f99ab05e-140193173047104","trial_id":207,"param_name":"dropout","param_value_internal":0.36170968795386504,"distribution":"{\"name\": \"FloatDistribution\", \"attributes\": {\"step\": null, \"low\": 0.0, \"high\": 0.5, \"log\": false}}"}
{"op_code":5,"worker_id":"d747ebaa-3c00-4d7f-8b7a-82f7f99ab05e-140193173047104","trial_id":207,"param_name":"nodes","param_value_internal":2,"distribution":"{\"name\": \"CategoricalDistribution\", \"attributes\": {\"choices\": [32, 64, 128]}}"}
{"op_code":6,"worker_id":"d747ebaa-3c00-4d7f-8b7a-82f7f99ab05e-140193173047104","trial_id":207,"state":1,"values":[0.6211501970515253],"datetime_complete":"2026-03-21T09:44:35.288456"}
{"op_code":4,"worker_id":"d747ebaa-3c00-4d7f-8b7a-82f7f99ab05e-140193173047104","study_id":0,"datetime_start":"2026-03-21T09:44:35.303193"}
{"op_code":5,"worker_id":"d747ebaa-3c00-4d7f-8b7a-82f7f99ab05e-140193173047104","trial_id":208,"param_name":"lr","param_value_internal":0.027052399144491035,"distribution":"{\"name\": \"FloatDistribution\", \"attributes\": {\"step\": null, \"low\": 0.0001, \"high\": 0.1, \"log\": true}}"}
{"op_code":5,"worker_id":"d747ebaa-3c00-4d7f-8b7a-82f7f99ab05e-140193173047104","trial_id":208,"param_name":"dropout","param_value_internal":0.30567147124474947,"distribution":"{\"name\": \"FloatDistribution\", \"attributes\": {\"step\": null, \"low\": 0.0, \"high\": 0.5, \"log\": false}}"}
{"op_code":5,"worker_id":"d747ebaa-3c00-4d7f-8b7a-82f7f99ab05e-140193173047104","trial_id":208,"param_name":"nodes","param_value_internal":2,"distribution":"{\"name\": \"CategoricalDistribution\", \"attributes\": {\"choices\": [32, 64, 128]}}"}
{"op_code":6,"worker_id":"d747ebaa-3c00-4d7f-8b7a-82f7f99ab05e-140193173047104","trial_id":208,"state":1,"values":[0.5994536772525387],"datetime_complete":"2026-03-21T09:44:38.502495"}
{"op_code":4,"worker_id":"d747ebaa-3c00-4d7f-8b7a-82f7f99ab05e-140193173047104","study_id":0,"datetime_start":"2026-03-21T09:44:38.518795"}
{"op_code":5,"worker_id":"d747ebaa-3c00-4d7f-8b7a-82f7f99ab05e-140193173047104","trial_id":209,"param_name":"lr","param_value_internal":0.04506814595397867,"distribution":"{\"name\": \"FloatDistribution\", \"attributes\": {\"step\": null, \"low\": 0.0001, \"high\": 0.1, \"log\": true}}"}
{"op_code":5,"worker_id":"d747ebaa-3c00-4d7f-8b7a-82f7f99ab05e-140193173047104","trial_id":209,"param_name":"dropout","param_value_internal":0.34277531297936076,"distribution":"{\"name\": \"FloatDistribution\", \"attributes\": {\"step\": null, \"low\": 0.0, \"high\": 0.5, \"log\": false}}"}
{"op_code":5,"worker_id":"d747ebaa-3c00-4d7f-8b7a-82f7f99ab05e-140193173047104","trial_id":209,"param_name":"nodes","param_value_internal":0,"distribution":"{\"name\": \"CategoricalDistribution\", \"attributes\": {\"choices\": [32, 64, 128]}}"}
{"op_code":6,"worker_id":"d747ebaa-3c00-4d7f-8b7a-82f7f99ab05e-140193173047104","trial_id":209,"state":1,"values":[0.605865671330567],"datetime_complete":"2026-03-21T09:44:41.727554"}
{"op_code":0,"worker_id":"5f2dcc28-1990-4f85-aa8b-77fab78b45fd-140193173047104","study_name":"deephit_tuning","directions":[2]}
{"op_code":4,"worker_id":"5f2dcc28-1990-4f85-aa8b-77fab78b45fd-140193173047104","study_id":0,"datetime_start":"2026-03-21T10:03:14.509852"}
{"op_code":5,"worker_id":"5f2dcc28-1990-4f85-aa8b-77fab78b45fd-140193173047104","trial_id":210,"param_name":"lr","param_value_internal":0.014255937775487068,"distribution":"{\"name\": \"FloatDistribution\", \"attributes\": {\"step\": null, \"low\": 0.0001, \"high\": 0.1, \"log\": true}}"}
{"op_code":5,"worker_id":"5f2dcc28-1990-4f85-aa8b-77fab78b45fd-140193173047104","trial_id":210,"param_name":"dropout","param_value_internal":0.386539815859451,"distribution":"{\"name\": \"FloatDistribution\", \"attributes\": {\"step\": null, \"low\": 0.0, \"high\": 0.5, \"log\": false}}"}
{"op_code":5,"worker_id":"5f2dcc28-1990-4f85-aa8b-77fab78b45fd-140193173047104","trial_id":210,"param_name":"nodes","param_value_internal":2,"distribution":"{\"name\": \"CategoricalDistribution\", \"attributes\": {\"choices\": [32, 64, 128]}}"}
{"op_code":6,"worker_id":"5f2dcc28-1990-4f85-aa8b-77fab78b45fd-140193173047104","trial_id":210,"state":1,"values":[0.6753568950654921],"datetime_complete":"2026-03-21T10:03:17.678188"}
{"op_code":4,"worker_id":"5f2dcc28-1990-4f85-aa8b-77fab78b45fd-140193173047104","study_id":0,"datetime_start":"2026-03-21T10:03:18.227165"}
{"op_code":5,"worker_id":"5f2dcc28-1990-4f85-aa8b-77fab78b45fd-140193173047104","trial_id":211,"param_name":"lr","param_value_internal":0.0399170571812495,"distribution":"{\"name\": \"FloatDistribution\", \"attributes\": {\"step\": null, \"low\": 0.0001, \"high\": 0.1, \"log\": true}}"}
{"op_code":5,"worker_id":"5f2dcc28-1990-4f85-aa8b-77fab78b45fd-140193173047104","trial_id":211,"param_name":"dropout","param_value_internal":0.31374144004615667,"distribution":"{\"name\": \"FloatDistribution\", \"attributes\": {\"step\": null, \"low\": 0.0, \"high\": 0.5, \"log\": false}}"}
{"op_code":5,"worker_id":"5f2dcc28-1990-4f85-aa8b-77fab78b45fd-140193173047104","trial_id":211,"param_name":"nodes","param_value_internal":2,"distribution":"{\"name\": \"CategoricalDistribution\", \"attributes\": {\"choices\": [32, 64, 128]}}"}
{"op_code":6,"worker_id":"5f2dcc28-1990-4f85-aa8b-77fab78b45fd-140193173047104","trial_id":211,"state":1,"values":[0.6707524756638563],"datetime_complete":"2026-03-21T10:03:21.415731"}
{"op_code":4,"worker_id":"5f2dcc28-1990-4f85-aa8b-77fab78b45fd-140193173047104","study_id":0,"datetime_start":"2026-03-21T10:03:21.439664"}
{"op_code":5,"worker_id":"5f2dcc28-1990-4f85-aa8b-77fab78b45fd-140193173047104","trial_id":212,"param_name":"lr","param_value_internal":0.0563328918797165,"distribution":"{\"name\": \"FloatDistribution\", \"attributes\": {\"step\": null, \"low\": 0.0001, \"high\": 0.1, \"log\": true}}"}
{"op_code":5,"worker_id":"5f2dcc28-1990-4f85-aa8b-77fab78b45fd-140193173047104","trial_id":212,"param_name":"dropout","param_value_internal":0.299702622065378,"distribution":"{\"name\": \"FloatDistribution\", \"attributes\": {\"step\": null, \"low\": 0.0, \"high\": 0.5, \"log\": false}}"}
{"op_code":5,"worker_id":"5f2dcc28-1990-4f85-aa8b-77fab78b45fd-140193173047104","trial_id":212,"param_name":"nodes","param_value_internal":2,"distribution":"{\"name\": \"CategoricalDistribution\", \"attributes\": {\"choices\": [32, 64, 128]}}"}
{"op_code":6,"worker_id":"5f2dcc28-1990-4f85-aa8b-77fab78b45fd-140193173047104","trial_id":212,"state":1,"values":[0.6183798330635157],"datetime_complete":"2026-03-21T10:03:24.616645"}
{"op_code":4,"worker_id":"5f2dcc28-1990-4f85-aa8b-77fab78b45fd-140193173047104","study_id":0,"datetime_start":"2026-03-21T10:03:24.649510"}
{"op_code":5,"worker_id":"5f2dcc28-1990-4f85-aa8b-77fab78b45fd-140193173047104","trial_id":213,"param_name":"lr","param_value_internal":0.030483842743712693,"distribution":"{\"name\": \"FloatDistribution\", \"attributes\": {\"step\": null, \"low\": 0.0001, \"high\": 0.1, \"log\": true}}"}
{"op_code":5,"worker_id":"5f2dcc28-1990-4f85-aa8b-77fab78b45fd-140193173047104","trial_id":213,"param_name":"dropout","param_value_internal":0.31015733931156225,"distribution":"{\"name\": \"FloatDistribution\", \"attributes\": {\"step\": null, \"low\": 0.0, \"high\": 0.5, \"log\": false}}"}
{"op_code":5,"worker_id":"5f2dcc28-1990-4f85-aa8b-77fab78b45fd-140193173047104","trial_id":213,"param_name":"nodes","param_value_internal":2,"distribution":"{\"name\": \"CategoricalDistribution\", \"attributes\": {\"choices\": [32, 64, 128]}}"}
{"op_code":6,"worker_id":"5f2dcc28-1990-4f85-aa8b-77fab78b45fd-140193173047104","trial_id":213,"state":1,"values":[0.6748523011584635],"datetime_complete":"2026-03-21T10:03:27.830823"}
{"op_code":4,"worker_id":"5f2dcc28-1990-4f85-aa8b-77fab78b45fd-140193173047104","study_id":0,"datetime_start":"2026-03-21T10:03:27.852728"}
{"op_code":5,"worker_id":"5f2dcc28-1990-4f85-aa8b-77fab78b45fd-140193173047104","trial_id":214,"param_name":"lr","param_value_internal":0.03549320752071779,"distribution":"{\"name\": \"FloatDistribution\", \"attributes\": {\"step\": null, \"low\": 0.0001, \"high\": 0.1, \"log\": true}}"}
{"op_code":5,"worker_id":"5f2dcc28-1990-4f85-aa8b-77fab78b45fd-140193173047104","trial_id":214,"param_name":"dropout","param_value_internal":0.29072472293029394,"distribution":"{\"name\": \"FloatDistribution\", \"attributes\": {\"step\": null, \"low\": 0.0, \"high\": 0.5, \"log\": false}}"}
{"op_code":5,"worker_id":"5f2dcc28-1990-4f85-aa8b-77fab78b45fd-140193173047104","trial_id":214,"param_name":"nodes","param_value_internal":2,"distribution":"{\"name\": \"CategoricalDistribution\", \"attributes\": {\"choices\": [32, 64, 128]}}"}
{"op_code":6,"worker_id":"5f2dcc28-1990-4f85-aa8b-77fab78b45fd-140193173047104","trial_id":214,"state":1,"values":[0.6943527531905053],"datetime_complete":"2026-03-21T10:03:31.086098"}
{"op_code":4,"worker_id":"5f2dcc28-1990-4f85-aa8b-77fab78b45fd-140193173047104","study_id":0,"datetime_start":"2026-03-21T10:03:31.107669"}
{"op_code":5,"worker_id":"5f2dcc28-1990-4f85-aa8b-77fab78b45fd-140193173047104","trial_id":215,"param_name":"lr","param_value_internal":0.02350855974630616,"distribution":"{\"name\": \"FloatDistribution\", \"attributes\": {\"step\": null, \"low\": 0.0001, \"high\": 0.1, \"log\": true}}"}
{"op_code":5,"worker_id":"5f2dcc28-1990-4f85-aa8b-77fab78b45fd-140193173047104","trial_id":215,"param_name":"dropout","param_value_internal":0.34956926288876417,"distribution":"{\"name\": \"FloatDistribution\", \"attributes\": {\"step\": null, \"low\": 0.0, \"high\": 0.5, \"log\": false}}"}
{"op_code":5,"worker_id":"5f2dcc28-1990-4f85-aa8b-77fab78b45fd-140193173047104","trial_id":215,"param_name":"nodes","param_value_internal":2,"distribution":"{\"name\": \"CategoricalDistribution\", \"attributes\": {\"choices\": [32, 64, 128]}}"}
{"op_code":6,"worker_id":"5f2dcc28-1990-4f85-aa8b-77fab78b45fd-140193173047104","trial_id":215,"state":1,"values":[0.6947627357399659],"datetime_complete":"2026-03-21T10:03:34.234989"}
{"op_code":4,"worker_id":"5f2dcc28-1990-4f85-aa8b-77fab78b45fd-140193173047104","study_id":0,"datetime_start":"2026-03-21T10:03:34.258030"}
{"op_code":5,"worker_id":"5f2dcc28-1990-4f85-aa8b-77fab78b45fd-140193173047104","trial_id":216,"param_name":"lr","param_value_internal":0.04470244938625833,"distribution":"{\"name\": \"FloatDistribution\", \"attributes\": {\"step\": null, \"low\": 0.0001, \"high\": 0.1, \"log\": true}}"}
{"op_code":5,"worker_id":"5f2dcc28-1990-4f85-aa8b-77fab78b45fd-140193173047104","trial_id":216,"param_name":"dropout","param_value_internal":0.282947146217223,"distribution":"{\"name\": \"FloatDistribution\", \"attributes\": {\"step\": null, \"low\": 0.0, \"high\": 0.5, \"log\": false}}"}
{"op_code":5,"worker_id":"5f2dcc28-1990-4f85-aa8b-77fab78b45fd-140193173047104","trial_id":216,"param_name":"nodes","param_value_internal":2,"distribution":"{\"name\": \"CategoricalDistribution\", \"attributes\": {\"choices\": [32, 64, 128]}}"}
{"op_code":6,"worker_id":"5f2dcc28-1990-4f85-aa8b-77fab78b45fd-140193173047104","trial_id":216,"state":1,"values":[0.7021213968841327],"datetime_complete":"2026-03-21T10:03:37.448520"}
{"op_code":4,"worker_id":"5f2dcc28-1990-4f85-aa8b-77fab78b45fd-140193173047104","study_id":0,"datetime_start":"2026-03-21T10:03:37.468271"}
{"op_code":5,"worker_id":"5f2dcc28-1990-4f85-aa8b-77fab78b45fd-140193173047104","trial_id":217,"param_name":"lr","param_value_internal":0.007813999476101261,"distribution":"{\"name\": \"FloatDistribution\", \"attributes\": {\"step\": null, \"low\": 0.0001, \"high\": 0.1, \"log\": true}}"}
{"op_code":5,"worker_id":"5f2dcc28-1990-4f85-aa8b-77fab78b45fd-140193173047104","trial_id":217,"param_name":"dropout","param_value_internal":0.27141597726258315,"distribution":"{\"name\": \"FloatDistribution\", \"attributes\": {\"step\": null, \"low\": 0.0, \"high\": 0.5, \"log\": false}}"}
{"op_code":5,"worker_id":"5f2dcc28-1990-4f85-aa8b-77fab78b45fd-140193173047104","trial_id":217,"param_name":"nodes","param_value_internal":2,"distribution":"{\"name\": \"CategoricalDistribution\", \"attributes\": {\"choices\": [32, 64, 128]}}"}
{"op_code":6,"worker_id":"5f2dcc28-1990-4f85-aa8b-77fab78b45fd-140193173047104","trial_id":217,"state":1,"values":[0.6540798519857872],"datetime_complete":"2026-03-21T10:03:40.618532"}
{"op_code":4,"worker_id":"5f2dcc28-1990-4f85-aa8b-77fab78b45fd-140193173047104","study_id":0,"datetime_start":"2026-03-21T10:03:40.779288"}
{"op_code":5,"worker_id":"5f2dcc28-1990-4f85-aa8b-77fab78b45fd-140193173047104","trial_id":218,"param_name":"lr","param_value_internal":0.05195398103234997,"distribution":"{\"name\": \"FloatDistribution\", \"attributes\": {\"step\": null, \"low\": 0.0001, \"high\": 0.1, \"log\": true}}"}
{"op_code":5,"worker_id":"5f2dcc28-1990-4f85-aa8b-77fab78b45fd-140193173047104","trial_id":218,"param_name":"dropout","param_value_internal":0.32746584613275587,"distribution":"{\"name\": \"FloatDistribution\", \"attributes\": {\"step\": null, \"low\": 0.0, \"high\": 0.5, \"log\": false}}"}
{"op_code":5,"worker_id":"5f2dcc28-1990-4f85-aa8b-77fab78b45fd-140193173047104","trial_id":218,"param_name":"nodes","param_value_internal":2,"distribution":"{\"name\": \"CategoricalDistribution\", \"attributes\": {\"choices\": [32, 64, 128]}}"}
{"op_code":6,"worker_id":"5f2dcc28-1990-4f85-aa8b-77fab78b45fd-140193173047104","trial_id":218,"state":1,"values":[0.6880137922334588],"datetime_complete":"2026-03-21T10:03:43.967740"}
{"op_code":4,"worker_id":"5f2dcc28-1990-4f85-aa8b-77fab78b45fd-140193173047104","study_id":0,"datetime_start":"2026-03-21T10:03:43.995941"}
{"op_code":5,"worker_id":"5f2dcc28-1990-4f85-aa8b-77fab78b45fd-140193173047104","trial_id":219,"param_name":"lr","param_value_internal":0.03698568115551668,"distribution":"{\"name\": \"FloatDistribution\", \"attributes\": {\"step\": null, \"low\": 0.0001, \"high\": 0.1, \"log\": true}}"}
{"op_code":5,"worker_id":"5f2dcc28-1990-4f85-aa8b-77fab78b45fd-140193173047104","trial_id":219,"param_name":"dropout","param_value_internal":0.2964542663647147,"distribution":"{\"name\": \"FloatDistribution\", \"attributes\": {\"step\": null, \"low\": 0.0, \"high\": 0.5, \"log\": false}}"}
{"op_code":5,"worker_id":"5f2dcc28-1990-4f85-aa8b-77fab78b45fd-140193173047104","trial_id":219,"param_name":"nodes","param_value_internal":0,"distribution":"{\"name\": \"CategoricalDistribution\", \"attributes\": {\"choices\": [32, 64, 128]}}"}
{"op_code":6,"worker_id":"5f2dcc28-1990-4f85-aa8b-77fab78b45fd-140193173047104","trial_id":219,"state":1,"values":[0.665527826251498],"datetime_complete":"2026-03-21T10:03:47.136551"}
{"op_code":0,"worker_id":"61b82ae4-88e5-421d-9e83-2a4c3cb34f2f-140193173047104","study_name":"deephit_tuning","directions":[2]}
{"op_code":4,"worker_id":"61b82ae4-88e5-421d-9e83-2a4c3cb34f2f-140193173047104","study_id":0,"datetime_start":"2026-03-21T10:18:47.377638"}
{"op_code":5,"worker_id":"61b82ae4-88e5-421d-9e83-2a4c3cb34f2f-140193173047104","trial_id":220,"param_name":"lr","param_value_internal":0.03059751038294375,"distribution":"{\"name\": \"FloatDistribution\", \"attributes\": {\"step\": null, \"low\": 0.0001, \"high\": 0.1, \"log\": true}}"}
{"op_code":5,"worker_id":"61b82ae4-88e5-421d-9e83-2a4c3cb34f2f-140193173047104","trial_id":220,"param_name":"dropout","param_value_internal":0.3735176658514151,"distribution":"{\"name\": \"FloatDistribution\", \"attributes\": {\"step\": null, \"low\": 0.0, \"high\": 0.5, \"log\": false}}"}
{"op_code":5,"worker_id":"61b82ae4-88e5-421d-9e83-2a4c3cb34f2f-140193173047104","trial_id":220,"param_name":"nodes","param_value_internal":2,"distribution":"{\"name\": \"CategoricalDistribution\", \"attributes\": {\"choices\": [32, 64, 128]}}"}
{"op_code":6,"worker_id":"61b82ae4-88e5-421d-9e83-2a4c3cb34f2f-140193173047104","trial_id":220,"state":1,"values":[0.689137596265026],"datetime_complete":"2026-03-21T10:18:50.560140"}
{"op_code":4,"worker_id":"61b82ae4-88e5-421d-9e83-2a4c3cb34f2f-140193173047104","study_id":0,"datetime_start":"2026-03-21T10:18:50.633761"}
{"op_code":5,"worker_id":"61b82ae4-88e5-421d-9e83-2a4c3cb34f2f-140193173047104","trial_id":221,"param_name":"lr","param_value_internal":0.003434705300805034,"distribution":"{\"name\": \"FloatDistribution\", \"attributes\": {\"step\": null, \"low\": 0.0001, \"high\": 0.1, \"log\": true}}"}
{"op_code":5,"worker_id":"61b82ae4-88e5-421d-9e83-2a4c3cb34f2f-140193173047104","trial_id":221,"param_name":"dropout","param_value_internal":0.3547421399012704,"distribution":"{\"name\": \"FloatDistribution\", \"attributes\": {\"step\": null, \"low\": 0.0, \"high\": 0.5, \"log\": false}}"}
{"op_code":5,"worker_id":"61b82ae4-88e5-421d-9e83-2a4c3cb34f2f-140193173047104","trial_id":221,"param_name":"nodes","param_value_internal":2,"distribution":"{\"name\": \"CategoricalDistribution\", \"attributes\": {\"choices\": [32, 64, 128]}}"}
{"op_code":6,"worker_id":"61b82ae4-88e5-421d-9e83-2a4c3cb34f2f-140193173047104","trial_id":221,"state":1,"values":[0.6919519165739468],"datetime_complete":"2026-03-21T10:18:53.869770"}
{"op_code":4,"worker_id":"61b82ae4-88e5-421d-9e83-2a4c3cb34f2f-140193173047104","study_id":0,"datetime_start":"2026-03-21T10:18:53.889627"}
{"op_code":5,"worker_id":"61b82ae4-88e5-421d-9e83-2a4c3cb34f2f-140193173047104","trial_id":222,"param_name":"lr","param_value_internal":0.004270652412905962,"distribution":"{\"name\": \"FloatDistribution\", \"attributes\": {\"step\": null, \"low\": 0.0001, \"high\": 0.1, \"log\": true}}"}
{"op_code":5,"worker_id":"61b82ae4-88e5-421d-9e83-2a4c3cb34f2f-140193173047104","trial_id":222,"param_name":"dropout","param_value_internal":0.3648150296497433,"distribution":"{\"name\": \"FloatDistribution\", \"attributes\": {\"step\": null, \"low\": 0.0, \"high\": 0.5, \"log\": false}}"}
{"op_code":5,"worker_id":"61b82ae4-88e5-421d-9e83-2a4c3cb34f2f-140193173047104","trial_id":222,"param_name":"nodes","param_value_internal":2,"distribution":"{\"name\": \"CategoricalDistribution\", \"attributes\": {\"choices\": [32, 64, 128]}}"}
{"op_code":6,"worker_id":"61b82ae4-88e5-421d-9e83-2a4c3cb34f2f-140193173047104","trial_id":222,"state":1,"values":[0.698682287235203],"datetime_complete":"2026-03-21T10:18:57.072852"}
{"op_code":4,"worker_id":"61b82ae4-88e5-421d-9e83-2a4c3cb34f2f-140193173047104","study_id":0,"datetime_start":"2026-03-21T10:18:57.088792"}
{"op_code":5,"worker_id":"61b82ae4-88e5-421d-9e83-2a4c3cb34f2f-140193173047104","trial_id":223,"param_name":"lr","param_value_internal":0.0032445411314772675,"distribution":"{\"name\": \"FloatDistribution\", \"attributes\": {\"step\": null, \"low\": 0.0001, \"high\": 0.1, \"log\": true}}"}
{"op_code":5,"worker_id":"61b82ae4-88e5-421d-9e83-2a4c3cb34f2f-140193173047104","trial_id":223,"param_name":"dropout","param_value_internal":0.33571188450393125,"distribution":"{\"name\": \"FloatDistribution\", \"attributes\": {\"step\": null, \"low\": 0.0, \"high\": 0.5, \"log\": false}}"}
{"op_code":5,"worker_id":"61b82ae4-88e5-421d-9e83-2a4c3cb34f2f-140193173047104","trial_id":223,"param_name":"nodes","param_value_internal":0,"distribution":"{\"name\": \"CategoricalDistribution\", \"attributes\": {\"choices\": [32, 64, 128]}}"}
{"op_code":6,"worker_id":"61b82ae4-88e5-421d-9e83-2a4c3cb34f2f-140193173047104","trial_id":223,"state":1,"values":[0.6995658529135851],"datetime_complete":"2026-03-21T10:19:00.251146"}
{"op_code":4,"worker_id":"61b82ae4-88e5-421d-9e83-2a4c3cb34f2f-140193173047104","study_id":0,"datetime_start":"2026-03-21T10:19:00.271434"}
{"op_code":5,"worker_id":"61b82ae4-88e5-421d-9e83-2a4c3cb34f2f-140193173047104","trial_id":224,"param_name":"lr","param_value_internal":0.004761304438062548,"distribution":"{\"name\": \"FloatDistribution\", \"attributes\": {\"step\": null, \"low\": 0.0001, \"high\": 0.1, \"log\": true}}"}
{"op_code":5,"worker_id":"61b82ae4-88e5-421d-9e83-2a4c3cb34f2f-140193173047104","trial_id":224,"param_name":"dropout","param_value_internal":0.35443739016739023,"distribution":"{\"name\": \"FloatDistribution\", \"attributes\": {\"step\": null, \"low\": 0.0, \"high\": 0.5, \"log\": false}}"}
{"op_code":5,"worker_id":"61b82ae4-88e5-421d-9e83-2a4c3cb34f2f-140193173047104","trial_id":224,"param_name":"nodes","param_value_internal":2,"distribution":"{\"name\": \"CategoricalDistribution\", \"attributes\": {\"choices\": [32, 64, 128]}}"}
{"op_code":6,"worker_id":"61b82ae4-88e5-421d-9e83-2a4c3cb34f2f-140193173047104","trial_id":224,"state":1,"values":[0.697384209263259],"datetime_complete":"2026-03-21T10:19:03.424448"}
{"op_code":4,"worker_id":"61b82ae4-88e5-421d-9e83-2a4c3cb34f2f-140193173047104","study_id":0,"datetime_start":"2026-03-21T10:19:03.446077"}
{"op_code":5,"worker_id":"61b82ae4-88e5-421d-9e83-2a4c3cb34f2f-140193173047104","trial_id":225,"param_name":"lr","param_value_internal":0.0026966787524853896,"distribution":"{\"name\": \"FloatDistribution\", \"attributes\": {\"step\": null, \"low\": 0.0001, \"high\": 0.1, \"log\": true}}"}
{"op_code":5,"worker_id":"61b82ae4-88e5-421d-9e83-2a4c3cb34f2f-140193173047104","trial_id":225,"param_name":"dropout","param_value_internal":0.15795615166169785,"distribution":"{\"name\": \"FloatDistribution\", \"attributes\": {\"step\": null, \"low\": 0.0, \"high\": 0.5, \"log\": false}}"}
{"op_code":5,"worker_id":"61b82ae4-88e5-421d-9e83-2a4c3cb34f2f-140193173047104","trial_id":225,"param_name":"nodes","param_value_internal":2,"distribution":"{\"name\": \"CategoricalDistribution\", \"attributes\": {\"choices\": [32, 64, 128]}}"}
{"op_code":6,"worker_id":"61b82ae4-88e5-421d-9e83-2a4c3cb34f2f-140193173047104","trial_id":225,"state":1,"values":[0.6523987171935336],"datetime_complete":"2026-03-21T10:19:06.621125"}
{"op_code":4,"worker_id":"61b82ae4-88e5-421d-9e83-2a4c3cb34f2f-140193173047104","study_id":0,"datetime_start":"2026-03-21T10:19:06.651264"}
{"op_code":5,"worker_id":"61b82ae4-88e5-421d-9e83-2a4c3cb34f2f-140193173047104","trial_id":226,"param_name":"lr","param_value_internal":0.022281781948929505,"distribution":"{\"name\": \"FloatDistribution\", \"attributes\": {\"step\": null, \"low\": 0.0001, \"high\": 0.1, \"log\": true}}"}
{"op_code":5,"worker_id":"61b82ae4-88e5-421d-9e83-2a4c3cb34f2f-140193173047104","trial_id":226,"param_name":"dropout","param_value_internal":0.31400631071213864,"distribution":"{\"name\": \"FloatDistribution\", \"attributes\": {\"step\": null, \"low\": 0.0, \"high\": 0.5, \"log\": false}}"}
{"op_code":5,"worker_id":"61b82ae4-88e5-421d-9e83-2a4c3cb34f2f-140193173047104","trial_id":226,"param_name":"nodes","param_value_internal":2,"distribution":"{\"name\": \"CategoricalDistribution\", \"attributes\": {\"choices\": [32, 64, 128]}}"}
{"op_code":6,"worker_id":"61b82ae4-88e5-421d-9e83-2a4c3cb34f2f-140193173047104","trial_id":226,"state":1,"values":[0.695137116303423],"datetime_complete":"2026-03-21T10:19:09.880329"}
{"op_code":4,"worker_id":"61b82ae4-88e5-421d-9e83-2a4c3cb34f2f-140193173047104","study_id":0,"datetime_start":"2026-03-21T10:19:09.902946"}
{"op_code":5,"worker_id":"61b82ae4-88e5-421d-9e83-2a4c3cb34f2f-140193173047104","trial_id":227,"param_name":"lr","param_value_internal":0.0037590460994414788,"distribution":"{\"name\": \"FloatDistribution\", \"attributes\": {\"step\": null, \"low\": 0.0001, \"high\": 0.1, \"log\": true}}"}
{"op_code":5,"worker_id":"61b82ae4-88e5-421d-9e83-2a4c3cb34f2f-140193173047104","trial_id":227,"param_name":"dropout","param_value_internal":0.34806747900215573,"distribution":"{\"name\": \"FloatDistribution\", \"attributes\": {\"step\": null, \"low\": 0.0, \"high\": 0.5, \"log\": false}}"}
{"op_code":5,"worker_id":"61b82ae4-88e5-421d-9e83-2a4c3cb34f2f-140193173047104","trial_id":227,"param_name":"nodes","param_value_internal":2,"distribution":"{\"name\": \"CategoricalDistribution\", \"attributes\": {\"choices\": [32, 64, 128]}}"}
{"op_code":6,"worker_id":"61b82ae4-88e5-421d-9e83-2a4c3cb34f2f-140193173047104","trial_id":227,"state":1,"values":[0.6809346161397998],"datetime_complete":"2026-03-21T10:19:13.058741"}
{"op_code":4,"worker_id":"61b82ae4-88e5-421d-9e83-2a4c3cb34f2f-140193173047104","study_id":0,"datetime_start":"2026-03-21T10:19:13.082412"}
{"op_code":5,"worker_id":"61b82ae4-88e5-421d-9e83-2a4c3cb34f2f-140193173047104","trial_id":228,"param_name":"lr","param_value_internal":0.02470096506698727,"distribution":"{\"name\": \"FloatDistribution\", \"attributes\": {\"step\": null, \"low\": 0.0001, \"high\": 0.1, \"log\": true}}"}
{"op_code":5,"worker_id":"61b82ae4-88e5-421d-9e83-2a4c3cb34f2f-140193173047104","trial_id":228,"param_name":"dropout","param_value_internal":0.4163370115659674,"distribution":"{\"name\": \"FloatDistribution\", \"attributes\": {\"step\": null, \"low\": 0.0, \"high\": 0.5, \"log\": false}}"}
{"op_code":5,"worker_id":"61b82ae4-88e5-421d-9e83-2a4c3cb34f2f-140193173047104","trial_id":228,"param_name":"nodes","param_value_internal":0,"distribution":"{\"name\": \"CategoricalDistribution\", \"attributes\": {\"choices\": [32, 64, 128]}}"}
{"op_code":6,"worker_id":"61b82ae4-88e5-421d-9e83-2a4c3cb34f2f-140193173047104","trial_id":228,"state":1,"values":[0.7097432205423566],"datetime_complete":"2026-03-21T10:19:16.264520"}
{"op_code":4,"worker_id":"61b82ae4-88e5-421d-9e83-2a4c3cb34f2f-140193173047104","study_id":0,"datetime_start":"2026-03-21T10:19:16.286724"}
{"op_code":5,"worker_id":"61b82ae4-88e5-421d-9e83-2a4c3cb34f2f-140193173047104","trial_id":229,"param_name":"lr","param_value_internal":0.005404159383285901,"distribution":"{\"name\": \"FloatDistribution\", \"attributes\": {\"step\": null, \"low\": 0.0001, \"high\": 0.1, \"log\": true}}"}
{"op_code":5,"worker_id":"61b82ae4-88e5-421d-9e83-2a4c3cb34f2f-140193173047104","trial_id":229,"param_name":"dropout","param_value_internal":0.3796850036711591,"distribution":"{\"name\": \"FloatDistribution\", \"attributes\": {\"step\": null, \"low\": 0.0, \"high\": 0.5, \"log\": false}}"}
{"op_code":5,"worker_id":"61b82ae4-88e5-421d-9e83-2a4c3cb34f2f-140193173047104","trial_id":229,"param_name":"nodes","param_value_internal":2,"distribution":"{\"name\": \"CategoricalDistribution\", \"attributes\": {\"choices\": [32, 64, 128]}}"}
{"op_code":6,"worker_id":"61b82ae4-88e5-421d-9e83-2a4c3cb34f2f-140193173047104","trial_id":229,"state":1,"values":[0.6976678229378014],"datetime_complete":"2026-03-21T10:19:19.655631"}
{"op_code":0,"worker_id":"a90805e5-3fdb-4774-a8e0-67eb8e24cc41-140193173047104","study_name":"deephit_tuning","directions":[2]}
{"op_code":4,"worker_id":"a90805e5-3fdb-4774-a8e0-67eb8e24cc41-140193173047104","study_id":0,"datetime_start":"2026-03-21T10:34:34.196789"}
{"op_code":5,"worker_id":"a90805e5-3fdb-4774-a8e0-67eb8e24cc41-140193173047104","trial_id":230,"param_name":"lr","param_value_internal":0.0337161841290501,"distribution":"{\"name\": \"FloatDistribution\", \"attributes\": {\"step\": null, \"low\": 0.0001, \"high\": 0.1, \"log\": true}}"}
{"op_code":5,"worker_id":"a90805e5-3fdb-4774-a8e0-67eb8e24cc41-140193173047104","trial_id":230,"param_name":"dropout","param_value_internal":0.36452524810589293,"distribution":"{\"name\": \"FloatDistribution\", \"attributes\": {\"step\": null, \"low\": 0.0, \"high\": 0.5, \"log\": false}}"}
{"op_code":5,"worker_id":"a90805e5-3fdb-4774-a8e0-67eb8e24cc41-140193173047104","trial_id":230,"param_name":"nodes","param_value_internal":1,"distribution":"{\"name\": \"CategoricalDistribution\", \"attributes\": {\"choices\": [32, 64, 128]}}"}
{"op_code":6,"worker_id":"a90805e5-3fdb-4774-a8e0-67eb8e24cc41-140193173047104","trial_id":230,"state":1,"values":[0.7064344373251512],"datetime_complete":"2026-03-21T10:34:37.372639"}
{"op_code":4,"worker_id":"a90805e5-3fdb-4774-a8e0-67eb8e24cc41-140193173047104","study_id":0,"datetime_start":"2026-03-21T10:34:37.400394"}
{"op_code":5,"worker_id":"a90805e5-3fdb-4774-a8e0-67eb8e24cc41-140193173047104","trial_id":231,"param_name":"lr","param_value_internal":0.0004089652933401593,"distribution":"{\"name\": \"FloatDistribution\", \"attributes\": {\"step\": null, \"low\": 0.0001, \"high\": 0.1, \"log\": true}}"}
{"op_code":5,"worker_id":"a90805e5-3fdb-4774-a8e0-67eb8e24cc41-140193173047104","trial_id":231,"param_name":"dropout","param_value_internal":0.2677853423428516,"distribution":"{\"name\": \"FloatDistribution\", \"attributes\": {\"step\": null, \"low\": 0.0, \"high\": 0.5, \"log\": false}}"}
{"op_code":5,"worker_id":"a90805e5-3fdb-4774-a8e0-67eb8e24cc41-140193173047104","trial_id":231,"param_name":"nodes","param_value_internal":1,"distribution":"{\"name\": \"CategoricalDistribution\", \"attributes\": {\"choices\": [32, 64, 128]}}"}
{"op_code":6,"worker_id":"a90805e5-3fdb-4774-a8e0-67eb8e24cc41-140193173047104","trial_id":231,"state":1,"values":[0.6799025358722137],"datetime_complete":"2026-03-21T10:34:40.595206"}
{"op_code":4,"worker_id":"a90805e5-3fdb-4774-a8e0-67eb8e24cc41-140193173047104","study_id":0,"datetime_start":"2026-03-21T10:34:40.624358"}
{"op_code":5,"worker_id":"a90805e5-3fdb-4774-a8e0-67eb8e24cc41-140193173047104","trial_id":232,"param_name":"lr","param_value_internal":0.0010697902147656772,"distribution":"{\"name\": \"FloatDistribution\", \"attributes\": {\"step\": null, \"low\": 0.0001, \"high\": 0.1, \"log\": true}}"}
{"op_code":5,"worker_id":"a90805e5-3fdb-4774-a8e0-67eb8e24cc41-140193173047104","trial_id":232,"param_name":"dropout","param_value_internal":0.27977866975699406,"distribution":"{\"name\": \"FloatDistribution\", \"attributes\": {\"step\": null, \"low\": 0.0, \"high\": 0.5, \"log\": false}}"}
{"op_code":5,"worker_id":"a90805e5-3fdb-4774-a8e0-67eb8e24cc41-140193173047104","trial_id":232,"param_name":"nodes","param_value_internal":1,"distribution":"{\"name\": \"CategoricalDistribution\", \"attributes\": {\"choices\": [32, 64, 128]}}"}
{"op_code":6,"worker_id":"a90805e5-3fdb-4774-a8e0-67eb8e24cc41-140193173047104","trial_id":232,"state":1,"values":[0.6944319104773937],"datetime_complete":"2026-03-21T10:34:43.794363"}
{"op_code":4,"worker_id":"a90805e5-3fdb-4774-a8e0-67eb8e24cc41-140193173047104","study_id":0,"datetime_start":"2026-03-21T10:34:43.817922"}
{"op_code":5,"worker_id":"a90805e5-3fdb-4774-a8e0-67eb8e24cc41-140193173047104","trial_id":233,"param_name":"lr","param_value_internal":0.02727777774732903,"distribution":"{\"name\": \"FloatDistribution\", \"attributes\": {\"step\": null, \"low\": 0.0001, \"high\": 0.1, \"log\": true}}"}
{"op_code":5,"worker_id":"a90805e5-3fdb-4774-a8e0-67eb8e24cc41-140193173047104","trial_id":233,"param_name":"dropout","param_value_internal":0.2928857011910797,"distribution":"{\"name\": \"FloatDistribution\", \"attributes\": {\"step\": null, \"low\": 0.0, \"high\": 0.5, \"log\": false}}"}
{"op_code":5,"worker_id":"a90805e5-3fdb-4774-a8e0-67eb8e24cc41-140193173047104","trial_id":233,"param_name":"nodes","param_value_internal":1,"distribution":"{\"name\": \"CategoricalDistribution\", \"attributes\": {\"choices\": [32, 64, 128]}}"}
{"op_code":6,"worker_id":"a90805e5-3fdb-4774-a8e0-67eb8e24cc41-140193173047104","trial_id":233,"state":1,"values":[0.7026103239779803],"datetime_complete":"2026-03-21T10:34:46.986749"}
{"op_code":4,"worker_id":"a90805e5-3fdb-4774-a8e0-67eb8e24cc41-140193173047104","study_id":0,"datetime_start":"2026-03-21T10:34:47.008063"}
{"op_code":5,"worker_id":"a90805e5-3fdb-4774-a8e0-67eb8e24cc41-140193173047104","trial_id":234,"param_name":"lr","param_value_internal":0.020191366899903206,"distribution":"{\"name\": \"FloatDistribution\", \"attributes\": {\"step\": null, \"low\": 0.0001, \"high\": 0.1, \"log\": true}}"}
{"op_code":5,"worker_id":"a90805e5-3fdb-4774-a8e0-67eb8e24cc41-140193173047104","trial_id":234,"param_name":"dropout","param_value_internal":0.25524212088091797,"distribution":"{\"name\": \"FloatDistribution\", \"attributes\": {\"step\": null, \"low\": 0.0, \"high\": 0.5, \"log\": false}}"}
{"op_code":5,"worker_id":"a90805e5-3fdb-4774-a8e0-67eb8e24cc41-140193173047104","trial_id":234,"param_name":"nodes","param_value_internal":1,"distribution":"{\"name\": \"CategoricalDistribution\", \"attributes\": {\"choices\": [32, 64, 128]}}"}
{"op_code":6,"worker_id":"a90805e5-3fdb-4774-a8e0-67eb8e24cc41-140193173047104","trial_id":234,"state":1,"values":[0.6772064795596066],"datetime_complete":"2026-03-21T10:34:50.178323"}
{"op_code":4,"worker_id":"a90805e5-3fdb-4774-a8e0-67eb8e24cc41-140193173047104","study_id":0,"datetime_start":"2026-03-21T10:34:50.209157"}
{"op_code":5,"worker_id":"a90805e5-3fdb-4774-a8e0-67eb8e24cc41-140193173047104","trial_id":235,"param_name":"lr","param_value_internal":0.041917296303544786,"distribution":"{\"name\": \"FloatDistribution\", \"attributes\": {\"step\": null, \"low\": 0.0001, \"high\": 0.1, \"log\": true}}"}
{"op_code":5,"worker_id":"a90805e5-3fdb-4774-a8e0-67eb8e24cc41-140193173047104","trial_id":235,"param_name":"dropout","param_value_internal":0.27793475629208675,"distribution":"{\"name\": \"FloatDistribution\", \"attributes\": {\"step\": null, \"low\": 0.0, \"high\": 0.5, \"log\": false}}"}
{"op_code":5,"worker_id":"a90805e5-3fdb-4774-a8e0-67eb8e24cc41-140193173047104","trial_id":235,"param_name":"nodes","param_value_internal":2,"distribution":"{\"name\": \"CategoricalDistribution\", \"attributes\": {\"choices\": [32, 64, 128]}}"}
{"op_code":6,"worker_id":"a90805e5-3fdb-4774-a8e0-67eb8e24cc41-140193173047104","trial_id":235,"state":1,"values":[0.701346900099269],"datetime_complete":"2026-03-21T10:34:53.358921"}
{"op_code":4,"worker_id":"a90805e5-3fdb-4774-a8e0-67eb8e24cc41-140193173047104","study_id":0,"datetime_start":"2026-03-21T10:34:53.379830"}
{"op_code":5,"worker_id":"a90805e5-3fdb-4774-a8e0-67eb8e24cc41-140193173047104","trial_id":236,"param_name":"lr","param_value_internal":0.031024918592794902,"distribution":"{\"name\": \"FloatDistribution\", \"attributes\": {\"step\": null, \"low\": 0.0001, \"high\": 0.1, \"log\": true}}"}
{"op_code":5,"worker_id":"a90805e5-3fdb-4774-a8e0-67eb8e24cc41-140193173047104","trial_id":236,"param_name":"dropout","param_value_internal":0.30537789118188735,"distribution":"{\"name\": \"FloatDistribution\", \"attributes\": {\"step\": null, \"low\": 0.0, \"high\": 0.5, \"log\": false}}"}
{"op_code":5,"worker_id":"a90805e5-3fdb-4774-a8e0-67eb8e24cc41-140193173047104","trial_id":236,"param_name":"nodes","param_value_internal":2,"distribution":"{\"name\": \"CategoricalDistribution\", \"attributes\": {\"choices\": [32, 64, 128]}}"}
{"op_code":6,"worker_id":"a90805e5-3fdb-4774-a8e0-67eb8e24cc41-140193173047104","trial_id":236,"state":1,"values":[0.7129997292663117],"datetime_complete":"2026-03-21T10:34:56.535823"}
{"op_code":4,"worker_id":"a90805e5-3fdb-4774-a8e0-67eb8e24cc41-140193173047104","study_id":0,"datetime_start":"2026-03-21T10:34:56.550151"}
{"op_code":5,"worker_id":"a90805e5-3fdb-4774-a8e0-67eb8e24cc41-140193173047104","trial_id":237,"param_name":"lr","param_value_internal":0.006437787425383514,"distribution":"{\"name\": \"FloatDistribution\", \"attributes\": {\"step\": null, \"low\": 0.0001, \"high\": 0.1, \"log\": true}}"}
{"op_code":5,"worker_id":"a90805e5-3fdb-4774-a8e0-67eb8e24cc41-140193173047104","trial_id":237,"param_name":"dropout","param_value_internal":0.28688270543310657,"distribution":"{\"name\": \"FloatDistribution\", \"attributes\": {\"step\": null, \"low\": 0.0, \"high\": 0.5, \"log\": false}}"}
{"op_code":5,"worker_id":"a90805e5-3fdb-4774-a8e0-67eb8e24cc41-140193173047104","trial_id":237,"param_name":"nodes","param_value_internal":1,"distribution":"{\"name\": \"CategoricalDistribution\", \"attributes\": {\"choices\": [32, 64, 128]}}"}
{"op_code":6,"worker_id":"a90805e5-3fdb-4774-a8e0-67eb8e24cc41-140193173047104","trial_id":237,"state":1,"values":[0.6896263875101525],"datetime_complete":"2026-03-21T10:34:59.701354"}
{"op_code":4,"worker_id":"a90805e5-3fdb-4774-a8e0-67eb8e24cc41-140193173047104","study_id":0,"datetime_start":"2026-03-21T10:34:59.713304"}
{"op_code":5,"worker_id":"a90805e5-3fdb-4774-a8e0-67eb8e24cc41-140193173047104","trial_id":238,"param_name":"lr","param_value_internal":0.0006134239747240515,"distribution":"{\"name\": \"FloatDistribution\", \"attributes\": {\"step\": null, \"low\": 0.0001, \"high\": 0.1, \"log\": true}}"}
{"op_code":5,"worker_id":"a90805e5-3fdb-4774-a8e0-67eb8e24cc41-140193173047104","trial_id":238,"param_name":"dropout","param_value_internal":0.3437070318572289,"distribution":"{\"name\": \"FloatDistribution\", \"attributes\": {\"step\": null, \"low\": 0.0, \"high\": 0.5, \"log\": false}}"}
{"op_code":5,"worker_id":"a90805e5-3fdb-4774-a8e0-67eb8e24cc41-140193173047104","trial_id":238,"param_name":"nodes","param_value_internal":2,"distribution":"{\"name\": \"CategoricalDistribution\", \"attributes\": {\"choices\": [32, 64, 128]}}"}
{"op_code":6,"worker_id":"a90805e5-3fdb-4774-a8e0-67eb8e24cc41-140193173047104","trial_id":238,"state":1,"values":[0.6980078512769605],"datetime_complete":"2026-03-21T10:35:02.907356"}
{"op_code":4,"worker_id":"a90805e5-3fdb-4774-a8e0-67eb8e24cc41-140193173047104","study_id":0,"datetime_start":"2026-03-21T10:35:02.929978"}
{"op_code":5,"worker_id":"a90805e5-3fdb-4774-a8e0-67eb8e24cc41-140193173047104","trial_id":239,"param_name":"lr","param_value_internal":0.011525192718411008,"distribution":"{\"name\": \"FloatDistribution\", \"attributes\": {\"step\": null, \"low\": 0.0001, \"high\": 0.1, \"log\": true}}"}
{"op_code":5,"worker_id":"a90805e5-3fdb-4774-a8e0-67eb8e24cc41-140193173047104","trial_id":239,"param_name":"dropout","param_value_internal":0.2633533553550404,"distribution":"{\"name\": \"FloatDistribution\", \"attributes\": {\"step\": null, \"low\": 0.0, \"high\": 0.5, \"log\": false}}"}
{"op_code":5,"worker_id":"a90805e5-3fdb-4774-a8e0-67eb8e24cc41-140193173047104","trial_id":239,"param_name":"nodes","param_value_internal":0,"distribution":"{\"name\": \"CategoricalDistribution\", \"attributes\": {\"choices\": [32, 64, 128]}}"}
{"op_code":6,"worker_id":"a90805e5-3fdb-4774-a8e0-67eb8e24cc41-140193173047104","trial_id":239,"state":1,"values":[0.7009295189964805],"datetime_complete":"2026-03-21T10:35:06.014049"}
{"op_code":0,"worker_id":"5a1fb8fb-ad65-47b8-9c34-1026e5873359-140193173047104","study_name":"deephit_tuning","directions":[2]}
{"op_code":4,"worker_id":"5a1fb8fb-ad65-47b8-9c34-1026e5873359-140193173047104","study_id":0,"datetime_start":"2026-03-21T10:49:54.159811"}
{"op_code":5,"worker_id":"5a1fb8fb-ad65-47b8-9c34-1026e5873359-140193173047104","trial_id":240,"param_name":"lr","param_value_internal":0.004208217157785149,"distribution":"{\"name\": \"FloatDistribution\", \"attributes\": {\"step\": null, \"low\": 0.0001, \"high\": 0.1, \"log\": true}}"}
{"op_code":5,"worker_id":"5a1fb8fb-ad65-47b8-9c34-1026e5873359-140193173047104","trial_id":240,"param_name":"dropout","param_value_internal":0.3211478163316879,"distribution":"{\"name\": \"FloatDistribution\", \"attributes\": {\"step\": null, \"low\": 0.0, \"high\": 0.5, \"log\": false}}"}
{"op_code":5,"worker_id":"5a1fb8fb-ad65-47b8-9c34-1026e5873359-140193173047104","trial_id":240,"param_name":"nodes","param_value_internal":2,"distribution":"{\"name\": \"CategoricalDistribution\", \"attributes\": {\"choices\": [32, 64, 128]}}"}
{"op_code":6,"worker_id":"5a1fb8fb-ad65-47b8-9c34-1026e5873359-140193173047104","trial_id":240,"state":1,"values":[0.7108634864988941],"datetime_complete":"2026-03-21T10:49:57.338746"}
{"op_code":4,"worker_id":"5a1fb8fb-ad65-47b8-9c34-1026e5873359-140193173047104","study_id":0,"datetime_start":"2026-03-21T10:49:57.359383"}
{"op_code":5,"worker_id":"5a1fb8fb-ad65-47b8-9c34-1026e5873359-140193173047104","trial_id":241,"param_name":"lr","param_value_internal":0.03525545700386553,"distribution":"{\"name\": \"FloatDistribution\", \"attributes\": {\"step\": null, \"low\": 0.0001, \"high\": 0.1, \"log\": true}}"}
{"op_code":5,"worker_id":"5a1fb8fb-ad65-47b8-9c34-1026e5873359-140193173047104","trial_id":241,"param_name":"dropout","param_value_internal":0.3651692299159789,"distribution":"{\"name\": \"FloatDistribution\", \"attributes\": {\"step\": null, \"low\": 0.0, \"high\": 0.5, \"log\": false}}"}
{"op_code":5,"worker_id":"5a1fb8fb-ad65-47b8-9c34-1026e5873359-140193173047104","trial_id":241,"param_name":"nodes","param_value_internal":2,"distribution":"{\"name\": \"CategoricalDistribution\", \"attributes\": {\"choices\": [32, 64, 128]}}"}
{"op_code":6,"worker_id":"5a1fb8fb-ad65-47b8-9c34-1026e5873359-140193173047104","trial_id":241,"state":1,"values":[0.685082008263428],"datetime_complete":"2026-03-21T10:50:00.532822"}
{"op_code":4,"worker_id":"5a1fb8fb-ad65-47b8-9c34-1026e5873359-140193173047104","study_id":0,"datetime_start":"2026-03-21T10:50:00.552579"}
{"op_code":5,"worker_id":"5a1fb8fb-ad65-47b8-9c34-1026e5873359-140193173047104","trial_id":242,"param_name":"lr","param_value_internal":0.04184072380664501,"distribution":"{\"name\": \"FloatDistribution\", \"attributes\": {\"step\": null, \"low\": 0.0001, \"high\": 0.1, \"log\": true}}"}
{"op_code":5,"worker_id":"5a1fb8fb-ad65-47b8-9c34-1026e5873359-140193173047104","trial_id":242,"param_name":"dropout","param_value_internal":0.3762849166869895,"distribution":"{\"name\": \"FloatDistribution\", \"attributes\": {\"step\": null, \"low\": 0.0, \"high\": 0.5, \"log\": false}}"}
{"op_code":5,"worker_id":"5a1fb8fb-ad65-47b8-9c34-1026e5873359-140193173047104","trial_id":242,"param_name":"nodes","param_value_internal":2,"distribution":"{\"name\": \"CategoricalDistribution\", \"attributes\": {\"choices\": [32, 64, 128]}}"}
{"op_code":6,"worker_id":"5a1fb8fb-ad65-47b8-9c34-1026e5873359-140193173047104","trial_id":242,"state":1,"values":[0.7094966821084262],"datetime_complete":"2026-03-21T10:50:03.715924"}
{"op_code":4,"worker_id":"5a1fb8fb-ad65-47b8-9c34-1026e5873359-140193173047104","study_id":0,"datetime_start":"2026-03-21T10:50:03.734804"}
{"op_code":5,"worker_id":"5a1fb8fb-ad65-47b8-9c34-1026e5873359-140193173047104","trial_id":243,"param_name":"lr","param_value_internal":0.00010627034454294909,"distribution":"{\"name\": \"FloatDistribution\", \"attributes\": {\"step\": null, \"low\": 0.0001, \"high\": 0.1, \"log\": true}}"}
{"op_code":5,"worker_id":"5a1fb8fb-ad65-47b8-9c34-1026e5873359-140193173047104","trial_id":243,"param_name":"dropout","param_value_internal":0.3869235153502417,"distribution":"{\"name\": \"FloatDistribution\", \"attributes\": {\"step\": null, \"low\": 0.0, \"high\": 0.5, \"log\": false}}"}
{"op_code":5,"worker_id":"5a1fb8fb-ad65-47b8-9c34-1026e5873359-140193173047104","trial_id":243,"param_name":"nodes","param_value_internal":2,"distribution":"{\"name\": \"CategoricalDistribution\", \"attributes\": {\"choices\": [32, 64, 128]}}"}
{"op_code":6,"worker_id":"5a1fb8fb-ad65-47b8-9c34-1026e5873359-140193173047104","trial_id":243,"state":1,"values":[0.6907683318726263],"datetime_complete":"2026-03-21T10:50:06.906485"}
{"op_code":4,"worker_id":"5a1fb8fb-ad65-47b8-9c34-1026e5873359-140193173047104","study_id":0,"datetime_start":"2026-03-21T10:50:06.927596"}
{"op_code":5,"worker_id":"5a1fb8fb-ad65-47b8-9c34-1026e5873359-140193173047104","trial_id":244,"param_name":"lr","param_value_internal":0.038064614000196985,"distribution":"{\"name\": \"FloatDistribution\", \"attributes\": {\"step\": null, \"low\": 0.0001, \"high\": 0.1, \"log\": true}}"}
{"op_code":5,"worker_id":"5a1fb8fb-ad65-47b8-9c34-1026e5873359-140193173047104","trial_id":244,"param_name":"dropout","param_value_internal":0.19345673574132793,"distribution":"{\"name\": \"FloatDistribution\", \"attributes\": {\"step\": null, \"low\": 0.0, \"high\": 0.5, \"log\": false}}"}
{"op_code":5,"worker_id":"5a1fb8fb-ad65-47b8-9c34-1026e5873359-140193173047104","trial_id":244,"param_name":"nodes","param_value_internal":2,"distribution":"{\"name\": \"CategoricalDistribution\", \"attributes\": {\"choices\": [32, 64, 128]}}"}
{"op_code":6,"worker_id":"5a1fb8fb-ad65-47b8-9c34-1026e5873359-140193173047104","trial_id":244,"state":1,"values":[0.6936062768665748],"datetime_complete":"2026-03-21T10:50:10.095630"}
{"op_code":4,"worker_id":"5a1fb8fb-ad65-47b8-9c34-1026e5873359-140193173047104","study_id":0,"datetime_start":"2026-03-21T10:50:10.120728"}
{"op_code":5,"worker_id":"5a1fb8fb-ad65-47b8-9c34-1026e5873359-140193173047104","trial_id":245,"param_name":"lr","param_value_internal":0.02856479095500477,"distribution":"{\"name\": \"FloatDistribution\", \"attributes\": {\"step\": null, \"low\": 0.0001, \"high\": 0.1, \"log\": true}}"}
{"op_code":5,"worker_id":"5a1fb8fb-ad65-47b8-9c34-1026e5873359-140193173047104","trial_id":245,"param_name":"dropout","param_value_internal":0.3736504879168275,"distribution":"{\"name\": \"FloatDistribution\", \"attributes\": {\"step\": null, \"low\": 0.0, \"high\": 0.5, \"log\": false}}"}
{"op_code":5,"worker_id":"5a1fb8fb-ad65-47b8-9c34-1026e5873359-140193173047104","trial_id":245,"param_name":"nodes","param_value_internal":2,"distribution":"{\"name\": \"CategoricalDistribution\", \"attributes\": {\"choices\": [32, 64, 128]}}"}
{"op_code":6,"worker_id":"5a1fb8fb-ad65-47b8-9c34-1026e5873359-140193173047104","trial_id":245,"state":1,"values":[0.6647051458620258],"datetime_complete":"2026-03-21T10:50:13.285091"}
{"op_code":4,"worker_id":"5a1fb8fb-ad65-47b8-9c34-1026e5873359-140193173047104","study_id":0,"datetime_start":"2026-03-21T10:50:13.301984"}
{"op_code":5,"worker_id":"5a1fb8fb-ad65-47b8-9c34-1026e5873359-140193173047104","trial_id":246,"param_name":"lr","param_value_internal":0.04610885937394159,"distribution":"{\"name\": \"FloatDistribution\", \"attributes\": {\"step\": null, \"low\": 0.0001, \"high\": 0.1, \"log\": true}}"}
{"op_code":5,"worker_id":"5a1fb8fb-ad65-47b8-9c34-1026e5873359-140193173047104","trial_id":246,"param_name":"dropout","param_value_internal":0.3590735590454523,"distribution":"{\"name\": \"FloatDistribution\", \"attributes\": {\"step\": null, \"low\": 0.0, \"high\": 0.5, \"log\": false}}"}
{"op_code":5,"worker_id":"5a1fb8fb-ad65-47b8-9c34-1026e5873359-140193173047104","trial_id":246,"param_name":"nodes","param_value_internal":2,"distribution":"{\"name\": \"CategoricalDistribution\", \"attributes\": {\"choices\": [32, 64, 128]}}"}
{"op_code":6,"worker_id":"5a1fb8fb-ad65-47b8-9c34-1026e5873359-140193173047104","trial_id":246,"state":1,"values":[0.6995325737657025],"datetime_complete":"2026-03-21T10:50:16.491509"}
{"op_code":4,"worker_id":"5a1fb8fb-ad65-47b8-9c34-1026e5873359-140193173047104","study_id":0,"datetime_start":"2026-03-21T10:50:16.510015"}
{"op_code":5,"worker_id":"5a1fb8fb-ad65-47b8-9c34-1026e5873359-140193173047104","trial_id":247,"param_name":"lr","param_value_internal":0.008840880283382925,"distribution":"{\"name\": \"FloatDistribution\", \"attributes\": {\"step\": null, \"low\": 0.0001, \"high\": 0.1, \"log\": true}}"}
{"op_code":5,"worker_id":"5a1fb8fb-ad65-47b8-9c34-1026e5873359-140193173047104","trial_id":247,"param_name":"dropout","param_value_internal":0.2968159100026904,"distribution":"{\"name\": \"FloatDistribution\", \"attributes\": {\"step\": null, \"low\": 0.0, \"high\": 0.5, \"log\": false}}"}
{"op_code":5,"worker_id":"5a1fb8fb-ad65-47b8-9c34-1026e5873359-140193173047104","trial_id":247,"param_name":"nodes","param_value_internal":2,"distribution":"{\"name\": \"CategoricalDistribution\", \"attributes\": {\"choices\": [32, 64, 128]}}"}
{"op_code":6,"worker_id":"5a1fb8fb-ad65-47b8-9c34-1026e5873359-140193173047104","trial_id":247,"state":1,"values":[0.6482304578273027],"datetime_complete":"2026-03-21T10:50:19.702071"}
{"op_code":4,"worker_id":"5a1fb8fb-ad65-47b8-9c34-1026e5873359-140193173047104","study_id":0,"datetime_start":"2026-03-21T10:50:19.721204"}
{"op_code":5,"worker_id":"5a1fb8fb-ad65-47b8-9c34-1026e5873359-140193173047104","trial_id":248,"param_name":"lr","param_value_internal":0.03916324808866317,"distribution":"{\"name\": \"FloatDistribution\", \"attributes\": {\"step\": null, \"low\": 0.0001, \"high\": 0.1, \"log\": true}}"}
{"op_code":5,"worker_id":"5a1fb8fb-ad65-47b8-9c34-1026e5873359-140193173047104","trial_id":248,"param_name":"dropout","param_value_internal":0.35408624825674234,"distribution":"{\"name\": \"FloatDistribution\", \"attributes\": {\"step\": null, \"low\": 0.0, \"high\": 0.5, \"log\": false}}"}
{"op_code":5,"worker_id":"5a1fb8fb-ad65-47b8-9c34-1026e5873359-140193173047104","trial_id":248,"param_name":"nodes","param_value_internal":1,"distribution":"{\"name\": \"CategoricalDistribution\", \"attributes\": {\"choices\": [32, 64, 128]}}"}
{"op_code":6,"worker_id":"5a1fb8fb-ad65-47b8-9c34-1026e5873359-140193173047104","trial_id":248,"state":1,"values":[0.7170714911731564],"datetime_complete":"2026-03-21T10:50:22.914508"}
{"op_code":4,"worker_id":"5a1fb8fb-ad65-47b8-9c34-1026e5873359-140193173047104","study_id":0,"datetime_start":"2026-03-21T10:50:22.947737"}
{"op_code":5,"worker_id":"5a1fb8fb-ad65-47b8-9c34-1026e5873359-140193173047104","trial_id":249,"param_name":"lr","param_value_internal":0.00020449813011430703,"distribution":"{\"name\": \"FloatDistribution\", \"attributes\": {\"step\": null, \"low\": 0.0001, \"high\": 0.1, \"log\": true}}"}
{"op_code":5,"worker_id":"5a1fb8fb-ad65-47b8-9c34-1026e5873359-140193173047104","trial_id":249,"param_name":"dropout","param_value_internal":0.36859179221752786,"distribution":"{\"name\": \"FloatDistribution\", \"attributes\": {\"step\": null, \"low\": 0.0, \"high\": 0.5, \"log\": false}}"}
{"op_code":5,"worker_id":"5a1fb8fb-ad65-47b8-9c34-1026e5873359-140193173047104","trial_id":249,"param_name":"nodes","param_value_internal":2,"distribution":"{\"name\": \"CategoricalDistribution\", \"attributes\": {\"choices\": [32, 64, 128]}}"}
{"op_code":6,"worker_id":"5a1fb8fb-ad65-47b8-9c34-1026e5873359-140193173047104","trial_id":249,"state":1,"values":[0.6132465256041066],"datetime_complete":"2026-03-21T10:50:26.121945"}
{"op_code":0,"worker_id":"5fdc0c5b-9f40-43ef-a3e4-8098462fc002-140193173047104","study_name":"deephit_tuning","directions":[2]}
{"op_code":4,"worker_id":"5fdc0c5b-9f40-43ef-a3e4-8098462fc002-140193173047104","study_id":0,"datetime_start":"2026-03-21T11:05:30.646044"}
{"op_code":5,"worker_id":"5fdc0c5b-9f40-43ef-a3e4-8098462fc002-140193173047104","trial_id":250,"param_name":"lr","param_value_internal":0.025638506085860373,"distribution":"{\"name\": \"FloatDistribution\", \"attributes\": {\"step\": null, \"low\": 0.0001, \"high\": 0.1, \"log\": true}}"}
{"op_code":5,"worker_id":"5fdc0c5b-9f40-43ef-a3e4-8098462fc002-140193173047104","trial_id":250,"param_name":"dropout","param_value_internal":0.08123137559663249,"distribution":"{\"name\": \"FloatDistribution\", \"attributes\": {\"step\": null, \"low\": 0.0, \"high\": 0.5, \"log\": false}}"}
{"op_code":5,"worker_id":"5fdc0c5b-9f40-43ef-a3e4-8098462fc002-140193173047104","trial_id":250,"param_name":"nodes","param_value_internal":0,"distribution":"{\"name\": \"CategoricalDistribution\", \"attributes\": {\"choices\": [32, 64, 128]}}"}
{"op_code":6,"worker_id":"5fdc0c5b-9f40-43ef-a3e4-8098462fc002-140193173047104","trial_id":250,"state":1,"values":[0.38238909947751254],"datetime_complete":"2026-03-21T11:05:33.810730"}
{"op_code":4,"worker_id":"5fdc0c5b-9f40-43ef-a3e4-8098462fc002-140193173047104","study_id":0,"datetime_start":"2026-03-21T11:05:36.225352"}
{"op_code":5,"worker_id":"5fdc0c5b-9f40-43ef-a3e4-8098462fc002-140193173047104","trial_id":251,"param_name":"lr","param_value_internal":0.016741774545939357,"distribution":"{\"name\": \"FloatDistribution\", \"attributes\": {\"step\": null, \"low\": 0.0001, \"high\": 0.1, \"log\": true}}"}
{"op_code":5,"worker_id":"5fdc0c5b-9f40-43ef-a3e4-8098462fc002-140193173047104","trial_id":251,"param_name":"dropout","param_value_internal":0.4374689291544688,"distribution":"{\"name\": \"FloatDistribution\", \"attributes\": {\"step\": null, \"low\": 0.0, \"high\": 0.5, \"log\": false}}"}
{"op_code":5,"worker_id":"5fdc0c5b-9f40-43ef-a3e4-8098462fc002-140193173047104","trial_id":251,"param_name":"nodes","param_value_internal":2,"distribution":"{\"name\": \"CategoricalDistribution\", \"attributes\": {\"choices\": [32, 64, 128]}}"}
{"op_code":6,"worker_id":"5fdc0c5b-9f40-43ef-a3e4-8098462fc002-140193173047104","trial_id":251,"state":1,"values":[0.3710173137998156],"datetime_complete":"2026-03-21T11:05:39.394312"}
{"op_code":4,"worker_id":"5fdc0c5b-9f40-43ef-a3e4-8098462fc002-140193173047104","study_id":0,"datetime_start":"2026-03-21T11:05:41.720364"}
{"op_code":5,"worker_id":"5fdc0c5b-9f40-43ef-a3e4-8098462fc002-140193173047104","trial_id":252,"param_name":"lr","param_value_internal":0.0015493570940888549,"distribution":"{\"name\": \"FloatDistribution\", \"attributes\": {\"step\": null, \"low\": 0.0001, \"high\": 0.1, \"log\": true}}"}
{"op_code":5,"worker_id":"5fdc0c5b-9f40-43ef-a3e4-8098462fc002-140193173047104","trial_id":252,"param_name":"dropout","param_value_internal":0.2722399767611467,"distribution":"{\"name\": \"FloatDistribution\", \"attributes\": {\"step\": null, \"low\": 0.0, \"high\": 0.5, \"log\": false}}"}
{"op_code":5,"worker_id":"5fdc0c5b-9f40-43ef-a3e4-8098462fc002-140193173047104","trial_id":252,"param_name":"nodes","param_value_internal":2,"distribution":"{\"name\": \"CategoricalDistribution\", \"attributes\": {\"choices\": [32, 64, 128]}}"}
{"op_code":6,"worker_id":"5fdc0c5b-9f40-43ef-a3e4-8098462fc002-140193173047104","trial_id":252,"state":1,"values":[0.3850015367277943],"datetime_complete":"2026-03-21T11:05:44.751543"}
{"op_code":4,"worker_id":"5fdc0c5b-9f40-43ef-a3e4-8098462fc002-140193173047104","study_id":0,"datetime_start":"2026-03-21T11:05:47.409591"}
{"op_code":5,"worker_id":"5fdc0c5b-9f40-43ef-a3e4-8098462fc002-140193173047104","trial_id":253,"param_name":"lr","param_value_internal":0.031100528053519934,"distribution":"{\"name\": \"FloatDistribution\", \"attributes\": {\"step\": null, \"low\": 0.0001, \"high\": 0.1, \"log\": true}}"}
{"op_code":5,"worker_id":"5fdc0c5b-9f40-43ef-a3e4-8098462fc002-140193173047104","trial_id":253,"param_name":"dropout","param_value_internal":0.3081188803784861,"distribution":"{\"name\": \"FloatDistribution\", \"attributes\": {\"step\": null, \"low\": 0.0, \"high\": 0.5, \"log\": false}}"}
{"op_code":5,"worker_id":"5fdc0c5b-9f40-43ef-a3e4-8098462fc002-140193173047104","trial_id":253,"param_name":"nodes","param_value_internal":2,"distribution":"{\"name\": \"CategoricalDistribution\", \"attributes\": {\"choices\": [32, 64, 128]}}"}
{"op_code":6,"worker_id":"5fdc0c5b-9f40-43ef-a3e4-8098462fc002-140193173047104","trial_id":253,"state":1,"values":[0.3736297510500973],"datetime_complete":"2026-03-21T11:05:50.686283"}
{"op_code":4,"worker_id":"5fdc0c5b-9f40-43ef-a3e4-8098462fc002-140193173047104","study_id":0,"datetime_start":"2026-03-21T11:05:52.944402"}
{"op_code":5,"worker_id":"5fdc0c5b-9f40-43ef-a3e4-8098462fc002-140193173047104","trial_id":254,"param_name":"lr","param_value_internal":0.036117387507656556,"distribution":"{\"name\": \"FloatDistribution\", \"attributes\": {\"step\": null, \"low\": 0.0001, \"high\": 0.1, \"log\": true}}"}
{"op_code":5,"worker_id":"5fdc0c5b-9f40-43ef-a3e4-8098462fc002-140193173047104","trial_id":254,"param_name":"dropout","param_value_internal":0.3368212289977069,"distribution":"{\"name\": \"FloatDistribution\", \"attributes\": {\"step\": null, \"low\": 0.0, \"high\": 0.5, \"log\": false}}"}
{"op_code":5,"worker_id":"5fdc0c5b-9f40-43ef-a3e4-8098462fc002-140193173047104","trial_id":254,"param_name":"nodes","param_value_internal":1,"distribution":"{\"name\": \"CategoricalDistribution\", \"attributes\": {\"choices\": [32, 64, 128]}}"}
{"op_code":6,"worker_id":"5fdc0c5b-9f40-43ef-a3e4-8098462fc002-140193173047104","trial_id":254,"state":1,"values":[0.39939555373424857],"datetime_complete":"2026-03-21T11:05:56.220028"}
{"op_code":4,"worker_id":"5fdc0c5b-9f40-43ef-a3e4-8098462fc002-140193173047104","study_id":0,"datetime_start":"2026-03-21T11:05:56.240208"}
{"op_code":5,"worker_id":"5fdc0c5b-9f40-43ef-a3e4-8098462fc002-140193173047104","trial_id":255,"param_name":"lr","param_value_internal":0.003793366049254664,"distribution":"{\"name\": \"FloatDistribution\", \"attributes\": {\"step\": null, \"low\": 0.0001, \"high\": 0.1, \"log\": true}}"}
{"op_code":5,"worker_id":"5fdc0c5b-9f40-43ef-a3e4-8098462fc002-140193173047104","trial_id":255,"param_name":"dropout","param_value_internal":0.4028961791107125,"distribution":"{\"name\": \"FloatDistribution\", \"attributes\": {\"step\": null, \"low\": 0.0, \"high\": 0.5, \"log\": false}}"}
{"op_code":5,"worker_id":"5fdc0c5b-9f40-43ef-a3e4-8098462fc002-140193173047104","trial_id":255,"param_name":"nodes","param_value_internal":2,"distribution":"{\"name\": \"CategoricalDistribution\", \"attributes\": {\"choices\": [32, 64, 128]}}"}
{"op_code":6,"worker_id":"5fdc0c5b-9f40-43ef-a3e4-8098462fc002-140193173047104","trial_id":255,"state":1,"values":[0.3905337567872144],"datetime_complete":"2026-03-21T11:06:10.965568"}
{"op_code":4,"worker_id":"5fdc0c5b-9f40-43ef-a3e4-8098462fc002-140193173047104","study_id":0,"datetime_start":"2026-03-21T11:06:10.984896"}
{"op_code":5,"worker_id":"5fdc0c5b-9f40-43ef-a3e4-8098462fc002-140193173047104","trial_id":256,"param_name":"lr","param_value_internal":0.05159569629391313,"distribution":"{\"name\": \"FloatDistribution\", \"attributes\": {\"step\": null, \"low\": 0.0001, \"high\": 0.1, \"log\": true}}"}
{"op_code":5,"worker_id":"5fdc0c5b-9f40-43ef-a3e4-8098462fc002-140193173047104","trial_id":256,"param_name":"dropout","param_value_internal":0.2888211922944013,"distribution":"{\"name\": \"FloatDistribution\", \"attributes\": {\"step\": null, \"low\": 0.0, \"high\": 0.5, \"log\": false}}"}
{"op_code":5,"worker_id":"5fdc0c5b-9f40-43ef-a3e4-8098462fc002-140193173047104","trial_id":256,"param_name":"nodes","param_value_internal":2,"distribution":"{\"name\": \"CategoricalDistribution\", \"attributes\": {\"choices\": [32, 64, 128]}}"}
{"op_code":6,"worker_id":"5fdc0c5b-9f40-43ef-a3e4-8098462fc002-140193173047104","trial_id":256,"state":1,"values":[0.3404876549533859],"datetime_complete":"2026-03-21T11:06:14.187828"}
{"op_code":4,"worker_id":"5fdc0c5b-9f40-43ef-a3e4-8098462fc002-140193173047104","study_id":0,"datetime_start":"2026-03-21T11:06:14.208612"}
{"op_code":5,"worker_id":"5fdc0c5b-9f40-43ef-a3e4-8098462fc002-140193173047104","trial_id":257,"param_name":"lr","param_value_internal":0.026135102044005924,"distribution":"{\"name\": \"FloatDistribution\", \"attributes\": {\"step\": null, \"low\": 0.0001, \"high\": 0.1, \"log\": true}}"}
{"op_code":5,"worker_id":"5fdc0c5b-9f40-43ef-a3e4-8098462fc002-140193173047104","trial_id":257,"param_name":"dropout","param_value_internal":0.37668013880896856,"distribution":"{\"name\": \"FloatDistribution\", \"attributes\": {\"step\": null, \"low\": 0.0, \"high\": 0.5, \"log\": false}}"}
{"op_code":5,"worker_id":"5fdc0c5b-9f40-43ef-a3e4-8098462fc002-140193173047104","trial_id":257,"param_name":"nodes","param_value_internal":0,"distribution":"{\"name\": \"CategoricalDistribution\", \"attributes\": {\"choices\": [32, 64, 128]}}"}
{"op_code":6,"worker_id":"5fdc0c5b-9f40-43ef-a3e4-8098462fc002-140193173047104","trial_id":257,"state":1,"values":[0.3726052658539084],"datetime_complete":"2026-03-21T11:06:17.359320"}
{"op_code":4,"worker_id":"5fdc0c5b-9f40-43ef-a3e4-8098462fc002-140193173047104","study_id":0,"datetime_start":"2026-03-21T11:06:17.375378"}
{"op_code":5,"worker_id":"5fdc0c5b-9f40-43ef-a3e4-8098462fc002-140193173047104","trial_id":258,"param_name":"lr","param_value_internal":0.021972597910976655,"distribution":"{\"name\": \"FloatDistribution\", \"attributes\": {\"step\": null, \"low\": 0.0001, \"high\": 0.1, \"log\": true}}"}
{"op_code":5,"worker_id":"5fdc0c5b-9f40-43ef-a3e4-8098462fc002-140193173047104","trial_id":258,"param_name":"dropout","param_value_internal":0.28033789126566305,"distribution":"{\"name\": \"FloatDistribution\", \"attributes\": {\"step\": null, \"low\": 0.0, \"high\": 0.5, \"log\": false}}"}
{"op_code":5,"worker_id":"5fdc0c5b-9f40-43ef-a3e4-8098462fc002-140193173047104","trial_id":258,"param_name":"nodes","param_value_internal":2,"distribution":"{\"name\": \"CategoricalDistribution\", \"attributes\": {\"choices\": [32, 64, 128]}}"}
{"op_code":6,"worker_id":"5fdc0c5b-9f40-43ef-a3e4-8098462fc002-140193173047104","trial_id":258,"state":1,"values":[0.3546767749206024],"datetime_complete":"2026-03-21T11:06:20.684915"}
{"op_code":4,"worker_id":"5fdc0c5b-9f40-43ef-a3e4-8098462fc002-140193173047104","study_id":0,"datetime_start":"2026-03-21T11:06:20.707666"}
{"op_code":5,"worker_id":"5fdc0c5b-9f40-43ef-a3e4-8098462fc002-140193173047104","trial_id":259,"param_name":"lr","param_value_internal":0.04099412108138469,"distribution":"{\"name\": \"FloatDistribution\", \"attributes\": {\"step\": null, \"low\": 0.0001, \"high\": 0.1, \"log\": true}}"}
{"op_code":5,"worker_id":"5fdc0c5b-9f40-43ef-a3e4-8098462fc002-140193173047104","trial_id":259,"param_name":"dropout","param_value_internal":0.24632659485843325,"distribution":"{\"name\": \"FloatDistribution\", \"attributes\": {\"step\": null, \"low\": 0.0, \"high\": 0.5, \"log\": false}}"}
{"op_code":5,"worker_id":"5fdc0c5b-9f40-43ef-a3e4-8098462fc002-140193173047104","trial_id":259,"param_name":"nodes","param_value_internal":2,"distribution":"{\"name\": \"CategoricalDistribution\", \"attributes\": {\"choices\": [32, 64, 128]}}"}
{"op_code":6,"worker_id":"5fdc0c5b-9f40-43ef-a3e4-8098462fc002-140193173047104","trial_id":259,"state":1,"values":[0.3199979510296076],"datetime_complete":"2026-03-21T11:06:24.005969"}
{"op_code":0,"worker_id":"f334abc1-76c6-4647-a367-d9ac1bc690e1-140193173047104","study_name":"deephit_tuning","directions":[2]}
{"op_code":4,"worker_id":"f334abc1-76c6-4647-a367-d9ac1bc690e1-140193173047104","study_id":0,"datetime_start":"2026-03-21T11:21:25.321533"}
{"op_code":5,"worker_id":"f334abc1-76c6-4647-a367-d9ac1bc690e1-140193173047104","trial_id":260,"param_name":"lr","param_value_internal":0.030812751678989246,"distribution":"{\"name\": \"FloatDistribution\", \"attributes\": {\"step\": null, \"low\": 0.0001, \"high\": 0.1, \"log\": true}}"}
{"op_code":5,"worker_id":"f334abc1-76c6-4647-a367-d9ac1bc690e1-140193173047104","trial_id":260,"param_name":"dropout","param_value_internal":0.3592970482484181,"distribution":"{\"name\": \"FloatDistribution\", \"attributes\": {\"step\": null, \"low\": 0.0, \"high\": 0.5, \"log\": false}}"}
{"op_code":5,"worker_id":"f334abc1-76c6-4647-a367-d9ac1bc690e1-140193173047104","trial_id":260,"param_name":"nodes","param_value_internal":1,"distribution":"{\"name\": \"CategoricalDistribution\", \"attributes\": {\"choices\": [32, 64, 128]}}"}
{"op_code":6,"worker_id":"f334abc1-76c6-4647-a367-d9ac1bc690e1-140193173047104","trial_id":260,"state":1,"values":[0.46392045454545455],"datetime_complete":"2026-03-21T11:21:28.523553"}
{"op_code":4,"worker_id":"f334abc1-76c6-4647-a367-d9ac1bc690e1-140193173047104","study_id":0,"datetime_start":"2026-03-21T11:21:28.543536"}
{"op_code":5,"worker_id":"f334abc1-76c6-4647-a367-d9ac1bc690e1-140193173047104","trial_id":261,"param_name":"lr","param_value_internal":0.019413781726663276,"distribution":"{\"name\": \"FloatDistribution\", \"attributes\": {\"step\": null, \"low\": 0.0001, \"high\": 0.1, \"log\": true}}"}
{"op_code":5,"worker_id":"f334abc1-76c6-4647-a367-d9ac1bc690e1-140193173047104","trial_id":261,"param_name":"dropout","param_value_internal":0.2983712863598151,"distribution":"{\"name\": \"FloatDistribution\", \"attributes\": {\"step\": null, \"low\": 0.0, \"high\": 0.5, \"log\": false}}"}
{"op_code":5,"worker_id":"f334abc1-76c6-4647-a367-d9ac1bc690e1-140193173047104","trial_id":261,"param_name":"nodes","param_value_internal":2,"distribution":"{\"name\": \"CategoricalDistribution\", \"attributes\": {\"choices\": [32, 64, 128]}}"}
{"op_code":6,"worker_id":"f334abc1-76c6-4647-a367-d9ac1bc690e1-140193173047104","trial_id":261,"state":1,"values":[0.45193181818181816],"datetime_complete":"2026-03-21T11:21:35.597846"}
{"op_code":4,"worker_id":"f334abc1-76c6-4647-a367-d9ac1bc690e1-140193173047104","study_id":0,"datetime_start":"2026-03-21T11:21:44.642502"}
{"op_code":5,"worker_id":"f334abc1-76c6-4647-a367-d9ac1bc690e1-140193173047104","trial_id":262,"param_name":"lr","param_value_internal":0.004931078892039974,"distribution":"{\"name\": \"FloatDistribution\", \"attributes\": {\"step\": null, \"low\": 0.0001, \"high\": 0.1, \"log\": true}}"}
{"op_code":5,"worker_id":"f334abc1-76c6-4647-a367-d9ac1bc690e1-140193173047104","trial_id":262,"param_name":"dropout","param_value_internal":0.3460464002609124,"distribution":"{\"name\": \"FloatDistribution\", \"attributes\": {\"step\": null, \"low\": 0.0, \"high\": 0.5, \"log\": false}}"}
{"op_code":5,"worker_id":"f334abc1-76c6-4647-a367-d9ac1bc690e1-140193173047104","trial_id":262,"param_name":"nodes","param_value_internal":2,"distribution":"{\"name\": \"CategoricalDistribution\", \"attributes\": {\"choices\": [32, 64, 128]}}"}
{"op_code":6,"worker_id":"f334abc1-76c6-4647-a367-d9ac1bc690e1-140193173047104","trial_id":262,"state":1,"values":[0.49875],"datetime_complete":"2026-03-21T11:21:48.045958"}
{"op_code":4,"worker_id":"f334abc1-76c6-4647-a367-d9ac1bc690e1-140193173047104","study_id":0,"datetime_start":"2026-03-21T11:21:50.210266"}
{"op_code":5,"worker_id":"f334abc1-76c6-4647-a367-d9ac1bc690e1-140193173047104","trial_id":263,"param_name":"lr","param_value_internal":0.03438302341374643,"distribution":"{\"name\": \"FloatDistribution\", \"attributes\": {\"step\": null, \"low\": 0.0001, \"high\": 0.1, \"log\": true}}"}
{"op_code":5,"worker_id":"f334abc1-76c6-4647-a367-d9ac1bc690e1-140193173047104","trial_id":263,"param_name":"dropout","param_value_internal":0.32565666393940773,"distribution":"{\"name\": \"FloatDistribution\", \"attributes\": {\"step\": null, \"low\": 0.0, \"high\": 0.5, \"log\": false}}"}
{"op_code":5,"worker_id":"f334abc1-76c6-4647-a367-d9ac1bc690e1-140193173047104","trial_id":263,"param_name":"nodes","param_value_internal":0,"distribution":"{\"name\": \"CategoricalDistribution\", \"attributes\": {\"choices\": [32, 64, 128]}}"}
{"op_code":6,"worker_id":"f334abc1-76c6-4647-a367-d9ac1bc690e1-140193173047104","trial_id":263,"state":1,"values":[0.4538068181818182],"datetime_complete":"2026-03-21T11:21:53.332930"}
{"op_code":4,"worker_id":"f334abc1-76c6-4647-a367-d9ac1bc690e1-140193173047104","study_id":0,"datetime_start":"2026-03-21T11:21:55.800406"}
{"op_code":5,"worker_id":"f334abc1-76c6-4647-a367-d9ac1bc690e1-140193173047104","trial_id":264,"param_name":"lr","param_value_internal":0.002968439494367797,"distribution":"{\"name\": \"FloatDistribution\", \"attributes\": {\"step\": null, \"low\": 0.0001, \"high\": 0.1, \"log\": true}}"}
{"op_code":5,"worker_id":"f334abc1-76c6-4647-a367-d9ac1bc690e1-140193173047104","trial_id":264,"param_name":"dropout","param_value_internal":0.38775516956377964,"distribution":"{\"name\": \"FloatDistribution\", \"attributes\": {\"step\": null, \"low\": 0.0, \"high\": 0.5, \"log\": false}}"}
{"op_code":5,"worker_id":"f334abc1-76c6-4647-a367-d9ac1bc690e1-140193173047104","trial_id":264,"param_name":"nodes","param_value_internal":2,"distribution":"{\"name\": \"CategoricalDistribution\", \"attributes\": {\"choices\": [32, 64, 128]}}"}
{"op_code":6,"worker_id":"f334abc1-76c6-4647-a367-d9ac1bc690e1-140193173047104","trial_id":264,"state":1,"values":[0.4890909090909091],"datetime_complete":"2026-03-21T11:21:58.959285"}
{"op_code":4,"worker_id":"f334abc1-76c6-4647-a367-d9ac1bc690e1-140193173047104","study_id":0,"datetime_start":"2026-03-21T11:22:01.117842"}
{"op_code":5,"worker_id":"f334abc1-76c6-4647-a367-d9ac1bc690e1-140193173047104","trial_id":265,"param_name":"lr","param_value_internal":0.04953410545901335,"distribution":"{\"name\": \"FloatDistribution\", \"attributes\": {\"step\": null, \"low\": 0.0001, \"high\": 0.1, \"log\": true}}"}
{"op_code":5,"worker_id":"f334abc1-76c6-4647-a367-d9ac1bc690e1-140193173047104","trial_id":265,"param_name":"dropout","param_value_internal":0.31236733232104963,"distribution":"{\"name\": \"FloatDistribution\", \"attributes\": {\"step\": null, \"low\": 0.0, \"high\": 0.5, \"log\": false}}"}
{"op_code":5,"worker_id":"f334abc1-76c6-4647-a367-d9ac1bc690e1-140193173047104","trial_id":265,"param_name":"nodes","param_value_internal":1,"distribution":"{\"name\": \"CategoricalDistribution\", \"attributes\": {\"choices\": [32, 64, 128]}}"}
{"op_code":6,"worker_id":"f334abc1-76c6-4647-a367-d9ac1bc690e1-140193173047104","trial_id":265,"state":1,"values":[0.5286363636363637],"datetime_complete":"2026-03-21T11:22:03.819325"}
{"op_code":4,"worker_id":"f334abc1-76c6-4647-a367-d9ac1bc690e1-140193173047104","study_id":0,"datetime_start":"2026-03-21T11:22:06.546311"}
{"op_code":5,"worker_id":"f334abc1-76c6-4647-a367-d9ac1bc690e1-140193173047104","trial_id":266,"param_name":"lr","param_value_internal":0.02655180970122116,"distribution":"{\"name\": \"FloatDistribution\", \"attributes\": {\"step\": null, \"low\": 0.0001, \"high\": 0.1, \"log\": true}}"}
{"op_code":5,"worker_id":"f334abc1-76c6-4647-a367-d9ac1bc690e1-140193173047104","trial_id":266,"param_name":"dropout","param_value_internal":0.2624191017759492,"distribution":"{\"name\": \"FloatDistribution\", \"attributes\": {\"step\": null, \"low\": 0.0, \"high\": 0.5, \"log\": false}}"}
{"op_code":5,"worker_id":"f334abc1-76c6-4647-a367-d9ac1bc690e1-140193173047104","trial_id":266,"param_name":"nodes","param_value_internal":2,"distribution":"{\"name\": \"CategoricalDistribution\", \"attributes\": {\"choices\": [32, 64, 128]}}"}
{"op_code":6,"worker_id":"f334abc1-76c6-4647-a367-d9ac1bc690e1-140193173047104","trial_id":266,"state":1,"values":[0.5201136363636364],"datetime_complete":"2026-03-21T11:22:09.769262"}
{"op_code":4,"worker_id":"f334abc1-76c6-4647-a367-d9ac1bc690e1-140193173047104","study_id":0,"datetime_start":"2026-03-21T11:22:11.849939"}
{"op_code":5,"worker_id":"f334abc1-76c6-4647-a367-d9ac1bc690e1-140193173047104","trial_id":267,"param_name":"lr","param_value_internal":0.009744135559368265,"distribution":"{\"name\": \"FloatDistribution\", \"attributes\": {\"step\": null, \"low\": 0.0001, \"high\": 0.1, \"log\": true}}"}
{"op_code":5,"worker_id":"f334abc1-76c6-4647-a367-d9ac1bc690e1-140193173047104","trial_id":267,"param_name":"dropout","param_value_internal":0.4288227475240355,"distribution":"{\"name\": \"FloatDistribution\", \"attributes\": {\"step\": null, \"low\": 0.0, \"high\": 0.5, \"log\": false}}"}
{"op_code":5,"worker_id":"f334abc1-76c6-4647-a367-d9ac1bc690e1-140193173047104","trial_id":267,"param_name":"nodes","param_value_internal":2,"distribution":"{\"name\": \"CategoricalDistribution\", \"attributes\": {\"choices\": [32, 64, 128]}}"}
{"op_code":6,"worker_id":"f334abc1-76c6-4647-a367-d9ac1bc690e1-140193173047104","trial_id":267,"state":1,"values":[0.4723295454545455],"datetime_complete":"2026-03-21T11:22:15.127082"}
{"op_code":4,"worker_id":"f334abc1-76c6-4647-a367-d9ac1bc690e1-140193173047104","study_id":0,"datetime_start":"2026-03-21T11:22:17.419661"}
{"op_code":5,"worker_id":"f334abc1-76c6-4647-a367-d9ac1bc690e1-140193173047104","trial_id":268,"param_name":"lr","param_value_internal":0.0013131734078673952,"distribution":"{\"name\": \"FloatDistribution\", \"attributes\": {\"step\": null, \"low\": 0.0001, \"high\": 0.1, \"log\": true}}"}
{"op_code":5,"worker_id":"f334abc1-76c6-4647-a367-d9ac1bc690e1-140193173047104","trial_id":268,"param_name":"dropout","param_value_internal":0.37035187261053504,"distribution":"{\"name\": \"FloatDistribution\", \"attributes\": {\"step\": null, \"low\": 0.0, \"high\": 0.5, \"log\": false}}"}
{"op_code":5,"worker_id":"f334abc1-76c6-4647-a367-d9ac1bc690e1-140193173047104","trial_id":268,"param_name":"nodes","param_value_internal":2,"distribution":"{\"name\": \"CategoricalDistribution\", \"attributes\": {\"choices\": [32, 64, 128]}}"}
{"op_code":6,"worker_id":"f334abc1-76c6-4647-a367-d9ac1bc690e1-140193173047104","trial_id":268,"state":1,"values":[0.5953409090909091],"datetime_complete":"2026-03-21T11:22:20.622217"}
{"op_code":4,"worker_id":"f334abc1-76c6-4647-a367-d9ac1bc690e1-140193173047104","study_id":0,"datetime_start":"2026-03-21T11:22:20.641641"}
{"op_code":5,"worker_id":"f334abc1-76c6-4647-a367-d9ac1bc690e1-140193173047104","trial_id":269,"param_name":"lr","param_value_internal":0.04087584546018896,"distribution":"{\"name\": \"FloatDistribution\", \"attributes\": {\"step\": null, \"low\": 0.0001, \"high\": 0.1, \"log\": true}}"}
{"op_code":5,"worker_id":"f334abc1-76c6-4647-a367-d9ac1bc690e1-140193173047104","trial_id":269,"param_name":"dropout","param_value_internal":0.2853991643355314,"distribution":"{\"name\": \"FloatDistribution\", \"attributes\": {\"step\": null, \"low\": 0.0, \"high\": 0.5, \"log\": false}}"}
{"op_code":5,"worker_id":"f334abc1-76c6-4647-a367-d9ac1bc690e1-140193173047104","trial_id":269,"param_name":"nodes","param_value_internal":0,"distribution":"{\"name\": \"CategoricalDistribution\", \"attributes\": {\"choices\": [32, 64, 128]}}"}
{"op_code":6,"worker_id":"f334abc1-76c6-4647-a367-d9ac1bc690e1-140193173047104","trial_id":269,"state":1,"values":[0.4915909090909091],"datetime_complete":"2026-03-21T11:22:23.831962"}
{"op_code":0,"worker_id":"db58f739-9ed0-4612-aa30-2963d1fa7c55-140193173047104","study_name":"deephit_tuning","directions":[2]}
{"op_code":4,"worker_id":"db58f739-9ed0-4612-aa30-2963d1fa7c55-140193173047104","study_id":0,"datetime_start":"2026-03-21T11:36:57.028163"}
{"op_code":5,"worker_id":"db58f739-9ed0-4612-aa30-2963d1fa7c55-140193173047104","trial_id":270,"param_name":"lr","param_value_internal":0.023353796515723807,"distribution":"{\"name\": \"FloatDistribution\", \"attributes\": {\"step\": null, \"low\": 0.0001, \"high\": 0.1, \"log\": true}}"}
{"op_code":5,"worker_id":"db58f739-9ed0-4612-aa30-2963d1fa7c55-140193173047104","trial_id":270,"param_name":"dropout","param_value_internal":0.3378355278507533,"distribution":"{\"name\": \"FloatDistribution\", \"attributes\": {\"step\": null, \"low\": 0.0, \"high\": 0.5, \"log\": false}}"}
{"op_code":5,"worker_id":"db58f739-9ed0-4612-aa30-2963d1fa7c55-140193173047104","trial_id":270,"param_name":"nodes","param_value_internal":2,"distribution":"{\"name\": \"CategoricalDistribution\", \"attributes\": {\"choices\": [32, 64, 128]}}"}
{"op_code":6,"worker_id":"db58f739-9ed0-4612-aa30-2963d1fa7c55-140193173047104","trial_id":270,"state":1,"values":[0.4354050676059539],"datetime_complete":"2026-03-21T11:37:00.402359"}
{"op_code":4,"worker_id":"db58f739-9ed0-4612-aa30-2963d1fa7c55-140193173047104","study_id":0,"datetime_start":"2026-03-21T11:37:00.436407"}
{"op_code":5,"worker_id":"db58f739-9ed0-4612-aa30-2963d1fa7c55-140193173047104","trial_id":271,"param_name":"lr","param_value_internal":0.06588264754669566,"distribution":"{\"name\": \"FloatDistribution\", \"attributes\": {\"step\": null, \"low\": 0.0001, \"high\": 0.1, \"log\": true}}"}
{"op_code":5,"worker_id":"db58f739-9ed0-4612-aa30-2963d1fa7c55-140193173047104","trial_id":271,"param_name":"dropout","param_value_internal":0.3543587024379568,"distribution":"{\"name\": \"FloatDistribution\", \"attributes\": {\"step\": null, \"low\": 0.0, \"high\": 0.5, \"log\": false}}"}
{"op_code":5,"worker_id":"db58f739-9ed0-4612-aa30-2963d1fa7c55-140193173047104","trial_id":271,"param_name":"nodes","param_value_internal":1,"distribution":"{\"name\": \"CategoricalDistribution\", \"attributes\": {\"choices\": [32, 64, 128]}}"}
{"op_code":6,"worker_id":"db58f739-9ed0-4612-aa30-2963d1fa7c55-140193173047104","trial_id":271,"state":1,"values":[0.44455175548233156],"datetime_complete":"2026-03-21T11:37:03.790501"}
{"op_code":4,"worker_id":"db58f739-9ed0-4612-aa30-2963d1fa7c55-140193173047104","study_id":0,"datetime_start":"2026-03-21T11:37:03.865193"}
{"op_code":5,"worker_id":"db58f739-9ed0-4612-aa30-2963d1fa7c55-140193173047104","trial_id":272,"param_name":"lr","param_value_internal":0.031052764332572647,"distribution":"{\"name\": \"FloatDistribution\", \"attributes\": {\"step\": null, \"low\": 0.0001, \"high\": 0.1, \"log\": true}}"}
{"op_code":5,"worker_id":"db58f739-9ed0-4612-aa30-2963d1fa7c55-140193173047104","trial_id":272,"param_name":"dropout","param_value_internal":0.30219648514109493,"distribution":"{\"name\": \"FloatDistribution\", \"attributes\": {\"step\": null, \"low\": 0.0, \"high\": 0.5, \"log\": false}}"}
{"op_code":5,"worker_id":"db58f739-9ed0-4612-aa30-2963d1fa7c55-140193173047104","trial_id":272,"param_name":"nodes","param_value_internal":2,"distribution":"{\"name\": \"CategoricalDistribution\", \"attributes\": {\"choices\": [32, 64, 128]}}"}
{"op_code":6,"worker_id":"db58f739-9ed0-4612-aa30-2963d1fa7c55-140193173047104","trial_id":272,"state":1,"values":[0.5876604931257812],"datetime_complete":"2026-03-21T11:37:08.330797"}
{"op_code":4,"worker_id":"db58f739-9ed0-4612-aa30-2963d1fa7c55-140193173047104","study_id":0,"datetime_start":"2026-03-21T11:37:08.355372"}
{"op_code":5,"worker_id":"db58f739-9ed0-4612-aa30-2963d1fa7c55-140193173047104","trial_id":273,"param_name":"lr","param_value_internal":0.014990627369158406,"distribution":"{\"name\": \"FloatDistribution\", \"attributes\": {\"step\": null, \"low\": 0.0001, \"high\": 0.1, \"log\": true}}"}
{"op_code":5,"worker_id":"db58f739-9ed0-4612-aa30-2963d1fa7c55-140193173047104","trial_id":273,"param_name":"dropout","param_value_internal":0.2735046057853844,"distribution":"{\"name\": \"FloatDistribution\", \"attributes\": {\"step\": null, \"low\": 0.0, \"high\": 0.5, \"log\": false}}"}
{"op_code":5,"worker_id":"db58f739-9ed0-4612-aa30-2963d1fa7c55-140193173047104","trial_id":273,"param_name":"nodes","param_value_internal":2,"distribution":"{\"name\": \"CategoricalDistribution\", \"attributes\": {\"choices\": [32, 64, 128]}}"}
{"op_code":6,"worker_id":"db58f739-9ed0-4612-aa30-2963d1fa7c55-140193173047104","trial_id":273,"state":1,"values":[0.5906147028746733],"datetime_complete":"2026-03-21T11:37:11.711372"}
{"op_code":4,"worker_id":"db58f739-9ed0-4612-aa30-2963d1fa7c55-140193173047104","study_id":0,"datetime_start":"2026-03-21T11:37:11.739703"}
{"op_code":5,"worker_id":"db58f739-9ed0-4612-aa30-2963d1fa7c55-140193173047104","trial_id":274,"param_name":"lr","param_value_internal":0.0007217991498383611,"distribution":"{\"name\": \"FloatDistribution\", \"attributes\": {\"step\": null, \"low\": 0.0001, \"high\": 0.1, \"log\": true}}"}
{"op_code":5,"worker_id":"db58f739-9ed0-4612-aa30-2963d1fa7c55-140193173047104","trial_id":274,"param_name":"dropout","param_value_internal":0.36560770545856963,"distribution":"{\"name\": \"FloatDistribution\", \"attributes\": {\"step\": null, \"low\": 0.0, \"high\": 0.5, \"log\": false}}"}
{"op_code":5,"worker_id":"db58f739-9ed0-4612-aa30-2963d1fa7c55-140193173047104","trial_id":274,"param_name":"nodes","param_value_internal":2,"distribution":"{\"name\": \"CategoricalDistribution\", \"attributes\": {\"choices\": [32, 64, 128]}}"}
{"op_code":6,"worker_id":"db58f739-9ed0-4612-aa30-2963d1fa7c55-140193173047104","trial_id":274,"state":1,"values":[0.42074764231337347],"datetime_complete":"2026-03-21T11:37:15.066508"}
{"op_code":4,"worker_id":"db58f739-9ed0-4612-aa30-2963d1fa7c55-140193173047104","study_id":0,"datetime_start":"2026-03-21T11:37:15.095599"}
{"op_code":5,"worker_id":"db58f739-9ed0-4612-aa30-2963d1fa7c55-140193173047104","trial_id":275,"param_name":"lr","param_value_internal":0.005941498427410583,"distribution":"{\"name\": \"FloatDistribution\", \"attributes\": {\"step\": null, \"low\": 0.0001, \"high\": 0.1, \"log\": true}}"}
{"op_code":5,"worker_id":"db58f739-9ed0-4612-aa30-2963d1fa7c55-140193173047104","trial_id":275,"param_name":"dropout","param_value_internal":0.38147925389573045,"distribution":"{\"name\": \"FloatDistribution\", \"attributes\": {\"step\": null, \"low\": 0.0, \"high\": 0.5, \"log\": false}}"}
{"op_code":5,"worker_id":"db58f739-9ed0-4612-aa30-2963d1fa7c55-140193173047104","trial_id":275,"param_name":"nodes","param_value_internal":1,"distribution":"{\"name\": \"CategoricalDistribution\", \"attributes\": {\"choices\": [32, 64, 128]}}"}
{"op_code":6,"worker_id":"db58f739-9ed0-4612-aa30-2963d1fa7c55-140193173047104","trial_id":275,"state":1,"values":[0.4327917282127031],"datetime_complete":"2026-03-21T11:37:18.463580"}
{"op_code":4,"worker_id":"db58f739-9ed0-4612-aa30-2963d1fa7c55-140193173047104","study_id":0,"datetime_start":"2026-03-21T11:37:18.479548"}
{"op_code":5,"worker_id":"db58f739-9ed0-4612-aa30-2963d1fa7c55-140193173047104","trial_id":276,"param_name":"lr","param_value_internal":0.012619236142627097,"distribution":"{\"name\": \"FloatDistribution\", \"attributes\": {\"step\": null, \"low\": 0.0001, \"high\": 0.1, \"log\": true}}"}
{"op_code":5,"worker_id":"db58f739-9ed0-4612-aa30-2963d1fa7c55-140193173047104","trial_id":276,"param_name":"dropout","param_value_internal":0.294356193469331,"distribution":"{\"name\": \"FloatDistribution\", \"attributes\": {\"step\": null, \"low\": 0.0, \"high\": 0.5, \"log\": false}}"}
{"op_code":5,"worker_id":"db58f739-9ed0-4612-aa30-2963d1fa7c55-140193173047104","trial_id":276,"param_name":"nodes","param_value_internal":2,"distribution":"{\"name\": \"CategoricalDistribution\", \"attributes\": {\"choices\": [32, 64, 128]}}"}
{"op_code":6,"worker_id":"db58f739-9ed0-4612-aa30-2963d1fa7c55-140193173047104","trial_id":276,"state":1,"values":[0.49505737984319964],"datetime_complete":"2026-03-21T11:37:21.756824"}
{"op_code":4,"worker_id":"db58f739-9ed0-4612-aa30-2963d1fa7c55-140193173047104","study_id":0,"datetime_start":"2026-03-21T11:37:21.783205"}
{"op_code":5,"worker_id":"db58f739-9ed0-4612-aa30-2963d1fa7c55-140193173047104","trial_id":277,"param_name":"lr","param_value_internal":0.0034679127651176954,"distribution":"{\"name\": \"FloatDistribution\", \"attributes\": {\"step\": null, \"low\": 0.0001, \"high\": 0.1, \"log\": true}}"}
{"op_code":5,"worker_id":"db58f739-9ed0-4612-aa30-2963d1fa7c55-140193173047104","trial_id":277,"param_name":"dropout","param_value_internal":0.32656894979634193,"distribution":"{\"name\": \"FloatDistribution\", \"attributes\": {\"step\": null, \"low\": 0.0, \"high\": 0.5, \"log\": false}}"}
{"op_code":5,"worker_id":"db58f739-9ed0-4612-aa30-2963d1fa7c55-140193173047104","trial_id":277,"param_name":"nodes","param_value_internal":0,"distribution":"{\"name\": \"CategoricalDistribution\", \"attributes\": {\"choices\": [32, 64, 128]}}"}
{"op_code":6,"worker_id":"db58f739-9ed0-4612-aa30-2963d1fa7c55-140193173047104","trial_id":277,"state":1,"values":[0.4984660833996137],"datetime_complete":"2026-03-21T11:37:25.083927"}
{"op_code":4,"worker_id":"db58f739-9ed0-4612-aa30-2963d1fa7c55-140193173047104","study_id":0,"datetime_start":"2026-03-21T11:37:25.108673"}
{"op_code":5,"worker_id":"db58f739-9ed0-4612-aa30-2963d1fa7c55-140193173047104","trial_id":278,"param_name":"lr","param_value_internal":0.03455610783398992,"distribution":"{\"name\": \"FloatDistribution\", \"attributes\": {\"step\": null, \"low\": 0.0001, \"high\": 0.1, \"log\": true}}"}
{"op_code":5,"worker_id":"db58f739-9ed0-4612-aa30-2963d1fa7c55-140193173047104","trial_id":278,"param_name":"dropout","param_value_internal":0.3473361053889243,"distribution":"{\"name\": \"FloatDistribution\", \"attributes\": {\"step\": null, \"low\": 0.0, \"high\": 0.5, \"log\": false}}"}
{"op_code":5,"worker_id":"db58f739-9ed0-4612-aa30-2963d1fa7c55-140193173047104","trial_id":278,"param_name":"nodes","param_value_internal":2,"distribution":"{\"name\": \"CategoricalDistribution\", \"attributes\": {\"choices\": [32, 64, 128]}}"}
{"op_code":6,"worker_id":"db58f739-9ed0-4612-aa30-2963d1fa7c55-140193173047104","trial_id":278,"state":1,"values":[0.46903760936257244],"datetime_complete":"2026-03-21T11:37:28.471223"}
{"op_code":4,"worker_id":"db58f739-9ed0-4612-aa30-2963d1fa7c55-140193173047104","study_id":0,"datetime_start":"2026-03-21T11:37:28.502576"}
{"op_code":5,"worker_id":"db58f739-9ed0-4612-aa30-2963d1fa7c55-140193173047104","trial_id":279,"param_name":"lr","param_value_internal":0.04569563899383573,"distribution":"{\"name\": \"FloatDistribution\", \"attributes\": {\"step\": null, \"low\": 0.0001, \"high\": 0.1, \"log\": true}}"}
{"op_code":5,"worker_id":"db58f739-9ed0-4612-aa30-2963d1fa7c55-140193173047104","trial_id":279,"param_name":"dropout","param_value_internal":0.3180636312784129,"distribution":"{\"name\": \"FloatDistribution\", \"attributes\": {\"step\": null, \"low\": 0.0, \"high\": 0.5, \"log\": false}}"}
{"op_code":5,"worker_id":"db58f739-9ed0-4612-aa30-2963d1fa7c55-140193173047104","trial_id":279,"param_name":"nodes","param_value_internal":2,"distribution":"{\"name\": \"CategoricalDistribution\", \"attributes\": {\"choices\": [32, 64, 128]}}"}
{"op_code":6,"worker_id":"db58f739-9ed0-4612-aa30-2963d1fa7c55-140193173047104","trial_id":279,"state":1,"values":[0.41620270423815475],"datetime_complete":"2026-03-21T11:37:31.804506"}
{"op_code":0,"worker_id":"758258ab-9204-43b5-a844-8d1c33fdfc1a-140193173047104","study_name":"deephit_tuning","directions":[2]}
{"op_code":4,"worker_id":"758258ab-9204-43b5-a844-8d1c33fdfc1a-140193173047104","study_id":0,"datetime_start":"2026-03-21T11:53:11.081764"}
{"op_code":5,"worker_id":"758258ab-9204-43b5-a844-8d1c33fdfc1a-140193173047104","trial_id":280,"param_name":"lr","param_value_internal":0.027595584311135204,"distribution":"{\"name\": \"FloatDistribution\", \"attributes\": {\"step\": null, \"low\": 0.0001, \"high\": 0.1, \"log\": true}}"}
{"op_code":5,"worker_id":"758258ab-9204-43b5-a844-8d1c33fdfc1a-140193173047104","trial_id":280,"param_name":"dropout","param_value_internal":0.3597057362838722,"distribution":"{\"name\": \"FloatDistribution\", \"attributes\": {\"step\": null, \"low\": 0.0, \"high\": 0.5, \"log\": false}}"}
{"op_code":5,"worker_id":"758258ab-9204-43b5-a844-8d1c33fdfc1a-140193173047104","trial_id":280,"param_name":"nodes","param_value_internal":2,"distribution":"{\"name\": \"CategoricalDistribution\", \"attributes\": {\"choices\": [32, 64, 128]}}"}
{"op_code":6,"worker_id":"758258ab-9204-43b5-a844-8d1c33fdfc1a-140193173047104","trial_id":280,"state":1,"values":[0.40088006318402347],"datetime_complete":"2026-03-21T11:53:14.413856"}
{"op_code":4,"worker_id":"758258ab-9204-43b5-a844-8d1c33fdfc1a-140193173047104","study_id":0,"datetime_start":"2026-03-21T11:53:14.433286"}
{"op_code":5,"worker_id":"758258ab-9204-43b5-a844-8d1c33fdfc1a-140193173047104","trial_id":281,"param_name":"lr","param_value_internal":0.018838888571982043,"distribution":"{\"name\": \"FloatDistribution\", \"attributes\": {\"step\": null, \"low\": 0.0001, \"high\": 0.1, \"log\": true}}"}
{"op_code":5,"worker_id":"758258ab-9204-43b5-a844-8d1c33fdfc1a-140193173047104","trial_id":281,"param_name":"dropout","param_value_internal":0.28164320357783296,"distribution":"{\"name\": \"FloatDistribution\", \"attributes\": {\"step\": null, \"low\": 0.0, \"high\": 0.5, \"log\": false}}"}
{"op_code":5,"worker_id":"758258ab-9204-43b5-a844-8d1c33fdfc1a-140193173047104","trial_id":281,"param_name":"nodes","param_value_internal":1,"distribution":"{\"name\": \"CategoricalDistribution\", \"attributes\": {\"choices\": [32, 64, 128]}}"}
{"op_code":6,"worker_id":"758258ab-9204-43b5-a844-8d1c33fdfc1a-140193173047104","trial_id":281,"state":1,"values":[0.4438677648651698],"datetime_complete":"2026-03-21T11:53:17.728678"}
{"op_code":4,"worker_id":"758258ab-9204-43b5-a844-8d1c33fdfc1a-140193173047104","study_id":0,"datetime_start":"2026-03-21T11:53:19.988238"}
{"op_code":5,"worker_id":"758258ab-9204-43b5-a844-8d1c33fdfc1a-140193173047104","trial_id":282,"param_name":"lr","param_value_internal":0.007283085482993107,"distribution":"{\"name\": \"FloatDistribution\", \"attributes\": {\"step\": null, \"low\": 0.0001, \"high\": 0.1, \"log\": true}}"}
{"op_code":5,"worker_id":"758258ab-9204-43b5-a844-8d1c33fdfc1a-140193173047104","trial_id":282,"param_name":"dropout","param_value_internal":0.3926450125084468,"distribution":"{\"name\": \"FloatDistribution\", \"attributes\": {\"step\": null, \"low\": 0.0, \"high\": 0.5, \"log\": false}}"}
{"op_code":5,"worker_id":"758258ab-9204-43b5-a844-8d1c33fdfc1a-140193173047104","trial_id":282,"param_name":"nodes","param_value_internal":2,"distribution":"{\"name\": \"CategoricalDistribution\", \"attributes\": {\"choices\": [32, 64, 128]}}"}
{"op_code":6,"worker_id":"758258ab-9204-43b5-a844-8d1c33fdfc1a-140193173047104","trial_id":282,"state":1,"values":[0.4815525217195081],"datetime_complete":"2026-03-21T11:53:23.322379"}
{"op_code":4,"worker_id":"758258ab-9204-43b5-a844-8d1c33fdfc1a-140193173047104","study_id":0,"datetime_start":"2026-03-21T11:53:31.942609"}
{"op_code":5,"worker_id":"758258ab-9204-43b5-a844-8d1c33fdfc1a-140193173047104","trial_id":283,"param_name":"lr","param_value_internal":0.0004757277814027594,"distribution":"{\"name\": \"FloatDistribution\", \"attributes\": {\"step\": null, \"low\": 0.0001, \"high\": 0.1, \"log\": true}}"}
{"op_code":5,"worker_id":"758258ab-9204-43b5-a844-8d1c33fdfc1a-140193173047104","trial_id":283,"param_name":"dropout","param_value_internal":0.30707831532473007,"distribution":"{\"name\": \"FloatDistribution\", \"attributes\": {\"step\": null, \"low\": 0.0, \"high\": 0.5, \"log\": false}}"}
{"op_code":5,"worker_id":"758258ab-9204-43b5-a844-8d1c33fdfc1a-140193173047104","trial_id":283,"param_name":"nodes","param_value_internal":0,"distribution":"{\"name\": \"CategoricalDistribution\", \"attributes\": {\"choices\": [32, 64, 128]}}"}
{"op_code":6,"worker_id":"758258ab-9204-43b5-a844-8d1c33fdfc1a-140193173047104","trial_id":283,"state":1,"values":[0.4174658693444658],"datetime_complete":"2026-03-21T11:53:35.286964"}
{"op_code":4,"worker_id":"758258ab-9204-43b5-a844-8d1c33fdfc1a-140193173047104","study_id":0,"datetime_start":"2026-03-21T11:53:37.803493"}
{"op_code":5,"worker_id":"758258ab-9204-43b5-a844-8d1c33fdfc1a-140193173047104","trial_id":284,"param_name":"lr","param_value_internal":0.004253658255987105,"distribution":"{\"name\": \"FloatDistribution\", \"attributes\": {\"step\": null, \"low\": 0.0001, \"high\": 0.1, \"log\": true}}"}
{"op_code":5,"worker_id":"758258ab-9204-43b5-a844-8d1c33fdfc1a-140193173047104","trial_id":284,"param_name":"dropout","param_value_internal":0.22172097276459518,"distribution":"{\"name\": \"FloatDistribution\", \"attributes\": {\"step\": null, \"low\": 0.0, \"high\": 0.5, \"log\": false}}"}
{"op_code":5,"worker_id":"758258ab-9204-43b5-a844-8d1c33fdfc1a-140193173047104","trial_id":284,"param_name":"nodes","param_value_internal":2,"distribution":"{\"name\": \"CategoricalDistribution\", \"attributes\": {\"choices\": [32, 64, 128]}}"}
{"op_code":6,"worker_id":"758258ab-9204-43b5-a844-8d1c33fdfc1a-140193173047104","trial_id":284,"state":1,"values":[0.4090037233442401],"datetime_complete":"2026-03-21T11:53:41.114844"}
{"op_code":4,"worker_id":"758258ab-9204-43b5-a844-8d1c33fdfc1a-140193173047104","study_id":0,"datetime_start":"2026-03-21T11:53:41.135808"}
{"op_code":5,"worker_id":"758258ab-9204-43b5-a844-8d1c33fdfc1a-140193173047104","trial_id":285,"param_name":"lr","param_value_internal":0.022799878430110956,"distribution":"{\"name\": \"FloatDistribution\", \"attributes\": {\"step\": null, \"low\": 0.0001, \"high\": 0.1, \"log\": true}}"}
{"op_code":5,"worker_id":"758258ab-9204-43b5-a844-8d1c33fdfc1a-140193173047104","trial_id":285,"param_name":"dropout","param_value_internal":0.4511092730432813,"distribution":"{\"name\": \"FloatDistribution\", \"attributes\": {\"step\": null, \"low\": 0.0, \"high\": 0.5, \"log\": false}}"}
{"op_code":5,"worker_id":"758258ab-9204-43b5-a844-8d1c33fdfc1a-140193173047104","trial_id":285,"param_name":"nodes","param_value_internal":2,"distribution":"{\"name\": \"CategoricalDistribution\", \"attributes\": {\"choices\": [32, 64, 128]}}"}
{"op_code":6,"worker_id":"758258ab-9204-43b5-a844-8d1c33fdfc1a-140193173047104","trial_id":285,"state":1,"values":[0.4763624055060363],"datetime_complete":"2026-03-21T11:53:44.448144"}
{"op_code":4,"worker_id":"758258ab-9204-43b5-a844-8d1c33fdfc1a-140193173047104","study_id":0,"datetime_start":"2026-03-21T11:53:47.629736"}
{"op_code":5,"worker_id":"758258ab-9204-43b5-a844-8d1c33fdfc1a-140193173047104","trial_id":286,"param_name":"lr","param_value_internal":0.03658032360061257,"distribution":"{\"name\": \"FloatDistribution\", \"attributes\": {\"step\": null, \"low\": 0.0001, \"high\": 0.1, \"log\": true}}"}
{"op_code":5,"worker_id":"758258ab-9204-43b5-a844-8d1c33fdfc1a-140193173047104","trial_id":286,"param_name":"dropout","param_value_internal":0.27236170196311765,"distribution":"{\"name\": \"FloatDistribution\", \"attributes\": {\"step\": null, \"low\": 0.0, \"high\": 0.5, \"log\": false}}"}
{"op_code":5,"worker_id":"758258ab-9204-43b5-a844-8d1c33fdfc1a-140193173047104","trial_id":286,"param_name":"nodes","param_value_internal":2,"distribution":"{\"name\": \"CategoricalDistribution\", \"attributes\": {\"choices\": [32, 64, 128]}}"}
{"op_code":6,"worker_id":"758258ab-9204-43b5-a844-8d1c33fdfc1a-140193173047104","trial_id":286,"state":1,"values":[0.4625973146790026],"datetime_complete":"2026-03-21T11:53:50.969849"}
{"op_code":4,"worker_id":"758258ab-9204-43b5-a844-8d1c33fdfc1a-140193173047104","study_id":0,"datetime_start":"2026-03-21T11:53:53.390840"}
{"op_code":5,"worker_id":"758258ab-9204-43b5-a844-8d1c33fdfc1a-140193173047104","trial_id":287,"param_name":"lr","param_value_internal":0.002085922688489443,"distribution":"{\"name\": \"FloatDistribution\", \"attributes\": {\"step\": null, \"low\": 0.0001, \"high\": 0.1, \"log\": true}}"}
{"op_code":5,"worker_id":"758258ab-9204-43b5-a844-8d1c33fdfc1a-140193173047104","trial_id":287,"param_name":"dropout","param_value_internal":0.37374517680720537,"distribution":"{\"name\": \"FloatDistribution\", \"attributes\": {\"step\": null, \"low\": 0.0, \"high\": 0.5, \"log\": false}}"}
{"op_code":5,"worker_id":"758258ab-9204-43b5-a844-8d1c33fdfc1a-140193173047104","trial_id":287,"param_name":"nodes","param_value_internal":1,"distribution":"{\"name\": \"CategoricalDistribution\", \"attributes\": {\"choices\": [32, 64, 128]}}"}
{"op_code":6,"worker_id":"758258ab-9204-43b5-a844-8d1c33fdfc1a-140193173047104","trial_id":287,"state":1,"values":[0.4062958366241679],"datetime_complete":"2026-03-21T11:53:56.722063"}
{"op_code":4,"worker_id":"758258ab-9204-43b5-a844-8d1c33fdfc1a-140193173047104","study_id":0,"datetime_start":"2026-03-21T11:53:58.967563"}
{"op_code":5,"worker_id":"758258ab-9204-43b5-a844-8d1c33fdfc1a-140193173047104","trial_id":288,"param_name":"lr","param_value_internal":0.05640121236940221,"distribution":"{\"name\": \"FloatDistribution\", \"attributes\": {\"step\": null, \"low\": 0.0001, \"high\": 0.1, \"log\": true}}"}
{"op_code":5,"worker_id":"758258ab-9204-43b5-a844-8d1c33fdfc1a-140193173047104","trial_id":288,"param_name":"dropout","param_value_internal":0.2919644766570036,"distribution":"{\"name\": \"FloatDistribution\", \"attributes\": {\"step\": null, \"low\": 0.0, \"high\": 0.5, \"log\": false}}"}
{"op_code":5,"worker_id":"758258ab-9204-43b5-a844-8d1c33fdfc1a-140193173047104","trial_id":288,"param_name":"nodes","param_value_internal":2,"distribution":"{\"name\": \"CategoricalDistribution\", \"attributes\": {\"choices\": [32, 64, 128]}}"}
{"op_code":6,"worker_id":"758258ab-9204-43b5-a844-8d1c33fdfc1a-140193173047104","trial_id":288,"state":1,"values":[0.4913121967731017],"datetime_complete":"2026-03-21T11:54:02.337191"}
{"op_code":4,"worker_id":"758258ab-9204-43b5-a844-8d1c33fdfc1a-140193173047104","study_id":0,"datetime_start":"2026-03-21T11:54:04.667502"}
{"op_code":5,"worker_id":"758258ab-9204-43b5-a844-8d1c33fdfc1a-140193173047104","trial_id":289,"param_name":"lr","param_value_internal":0.02928254733052626,"distribution":"{\"name\": \"FloatDistribution\", \"attributes\": {\"step\": null, \"low\": 0.0001, \"high\": 0.1, \"log\": true}}"}
{"op_code":5,"worker_id":"758258ab-9204-43b5-a844-8d1c33fdfc1a-140193173047104","trial_id":289,"param_name":"dropout","param_value_internal":0.17720269462390734,"distribution":"{\"name\": \"FloatDistribution\", \"attributes\": {\"step\": null, \"low\": 0.0, \"high\": 0.5, \"log\": false}}"}
{"op_code":5,"worker_id":"758258ab-9204-43b5-a844-8d1c33fdfc1a-140193173047104","trial_id":289,"param_name":"nodes","param_value_internal":2,"distribution":"{\"name\": \"CategoricalDistribution\", \"attributes\": {\"choices\": [32, 64, 128]}}"}
{"op_code":6,"worker_id":"758258ab-9204-43b5-a844-8d1c33fdfc1a-140193173047104","trial_id":289,"state":1,"values":[0.3910639738237617],"datetime_complete":"2026-03-21T11:54:08.005451"}
{"op_code":0,"worker_id":"10669b66-a2dd-4a6a-9dea-91a4026c0d1b-140193173047104","study_name":"deephit_tuning","directions":[2]}
{"op_code":4,"worker_id":"10669b66-a2dd-4a6a-9dea-91a4026c0d1b-140193173047104","study_id":0,"datetime_start":"2026-03-21T12:09:21.959638"}
{"op_code":5,"worker_id":"10669b66-a2dd-4a6a-9dea-91a4026c0d1b-140193173047104","trial_id":290,"param_name":"lr","param_value_internal":0.04002767926270636,"distribution":"{\"name\": \"FloatDistribution\", \"attributes\": {\"step\": null, \"low\": 0.0001, \"high\": 0.1, \"log\": true}}"}
{"op_code":5,"worker_id":"10669b66-a2dd-4a6a-9dea-91a4026c0d1b-140193173047104","trial_id":290,"param_name":"dropout","param_value_internal":0.25895493479410403,"distribution":"{\"name\": \"FloatDistribution\", \"attributes\": {\"step\": null, \"low\": 0.0, \"high\": 0.5, \"log\": false}}"}
{"op_code":5,"worker_id":"10669b66-a2dd-4a6a-9dea-91a4026c0d1b-140193173047104","trial_id":290,"param_name":"nodes","param_value_internal":0,"distribution":"{\"name\": \"CategoricalDistribution\", \"attributes\": {\"choices\": [32, 64, 128]}}"}
{"op_code":6,"worker_id":"10669b66-a2dd-4a6a-9dea-91a4026c0d1b-140193173047104","trial_id":290,"state":1,"values":[0.7360262502828694],"datetime_complete":"2026-03-21T12:09:25.336078"}
{"op_code":4,"worker_id":"10669b66-a2dd-4a6a-9dea-91a4026c0d1b-140193173047104","study_id":0,"datetime_start":"2026-03-21T12:09:25.362994"}
{"op_code":5,"worker_id":"10669b66-a2dd-4a6a-9dea-91a4026c0d1b-140193173047104","trial_id":291,"param_name":"lr","param_value_internal":0.03324604114744277,"distribution":"{\"name\": \"FloatDistribution\", \"attributes\": {\"step\": null, \"low\": 0.0001, \"high\": 0.1, \"log\": true}}"}
{"op_code":5,"worker_id":"10669b66-a2dd-4a6a-9dea-91a4026c0d1b-140193173047104","trial_id":291,"param_name":"dropout","param_value_internal":0.4159993241168585,"distribution":"{\"name\": \"FloatDistribution\", \"attributes\": {\"step\": null, \"low\": 0.0, \"high\": 0.5, \"log\": false}}"}
{"op_code":5,"worker_id":"10669b66-a2dd-4a6a-9dea-91a4026c0d1b-140193173047104","trial_id":291,"param_name":"nodes","param_value_internal":2,"distribution":"{\"name\": \"CategoricalDistribution\", \"attributes\": {\"choices\": [32, 64, 128]}}"}
{"op_code":6,"worker_id":"10669b66-a2dd-4a6a-9dea-91a4026c0d1b-140193173047104","trial_id":291,"state":1,"values":[0.6371916723240553],"datetime_complete":"2026-03-21T12:09:28.706903"}
{"op_code":4,"worker_id":"10669b66-a2dd-4a6a-9dea-91a4026c0d1b-140193173047104","study_id":0,"datetime_start":"2026-03-21T12:09:28.732759"}
{"op_code":5,"worker_id":"10669b66-a2dd-4a6a-9dea-91a4026c0d1b-140193173047104","trial_id":292,"param_name":"lr","param_value_internal":0.02448813578884436,"distribution":"{\"name\": \"FloatDistribution\", \"attributes\": {\"step\": null, \"low\": 0.0001, \"high\": 0.1, \"log\": true}}"}
{"op_code":5,"worker_id":"10669b66-a2dd-4a6a-9dea-91a4026c0d1b-140193173047104","trial_id":292,"param_name":"dropout","param_value_internal":0.3401373149370223,"distribution":"{\"name\": \"FloatDistribution\", \"attributes\": {\"step\": null, \"low\": 0.0, \"high\": 0.5, \"log\": false}}"}
{"op_code":5,"worker_id":"10669b66-a2dd-4a6a-9dea-91a4026c0d1b-140193173047104","trial_id":292,"param_name":"nodes","param_value_internal":1,"distribution":"{\"name\": \"CategoricalDistribution\", \"attributes\": {\"choices\": [32, 64, 128]}}"}
{"op_code":6,"worker_id":"10669b66-a2dd-4a6a-9dea-91a4026c0d1b-140193173047104","trial_id":292,"state":1,"values":[0.7140755827110206],"datetime_complete":"2026-03-21T12:09:32.107323"}
{"op_code":4,"worker_id":"10669b66-a2dd-4a6a-9dea-91a4026c0d1b-140193173047104","study_id":0,"datetime_start":"2026-03-21T12:09:32.132633"}
{"op_code":5,"worker_id":"10669b66-a2dd-4a6a-9dea-91a4026c0d1b-140193173047104","trial_id":293,"param_name":"lr","param_value_internal":0.005121240372110473,"distribution":"{\"name\": \"FloatDistribution\", \"attributes\": {\"step\": null, \"low\": 0.0001, \"high\": 0.1, \"log\": true}}"}
{"op_code":5,"worker_id":"10669b66-a2dd-4a6a-9dea-91a4026c0d1b-140193173047104","trial_id":293,"param_name":"dropout","param_value_internal":0.35377586337356337,"distribution":"{\"name\": \"FloatDistribution\", \"attributes\": {\"step\": null, \"low\": 0.0, \"high\": 0.5, \"log\": false}}"}
{"op_code":5,"worker_id":"10669b66-a2dd-4a6a-9dea-91a4026c0d1b-140193173047104","trial_id":293,"param_name":"nodes","param_value_internal":2,"distribution":"{\"name\": \"CategoricalDistribution\", \"attributes\": {\"choices\": [32, 64, 128]}}"}
{"op_code":6,"worker_id":"10669b66-a2dd-4a6a-9dea-91a4026c0d1b-140193173047104","trial_id":293,"state":1,"values":[0.5579316587463227],"datetime_complete":"2026-03-21T12:09:35.440582"}
{"op_code":4,"worker_id":"10669b66-a2dd-4a6a-9dea-91a4026c0d1b-140193173047104","study_id":0,"datetime_start":"2026-03-21T12:09:35.461367"}
{"op_code":5,"worker_id":"10669b66-a2dd-4a6a-9dea-91a4026c0d1b-140193173047104","trial_id":294,"param_name":"lr","param_value_internal":0.016779622240510102,"distribution":"{\"name\": \"FloatDistribution\", \"attributes\": {\"step\": null, \"low\": 0.0001, \"high\": 0.1, \"log\": true}}"}
{"op_code":5,"worker_id":"10669b66-a2dd-4a6a-9dea-91a4026c0d1b-140193173047104","trial_id":294,"param_name":"dropout","param_value_internal":0.3140131276438891,"distribution":"{\"name\": \"FloatDistribution\", \"attributes\": {\"step\": null, \"low\": 0.0, \"high\": 0.5, \"log\": false}}"}
{"op_code":5,"worker_id":"10669b66-a2dd-4a6a-9dea-91a4026c0d1b-140193173047104","trial_id":294,"param_name":"nodes","param_value_internal":2,"distribution":"{\"name\": \"CategoricalDistribution\", \"attributes\": {\"choices\": [32, 64, 128]}}"}
{"op_code":6,"worker_id":"10669b66-a2dd-4a6a-9dea-91a4026c0d1b-140193173047104","trial_id":294,"state":1,"values":[0.6737949762389681],"datetime_complete":"2026-03-21T12:09:38.841136"}
{"op_code":4,"worker_id":"10669b66-a2dd-4a6a-9dea-91a4026c0d1b-140193173047104","study_id":0,"datetime_start":"2026-03-21T12:09:38.865858"}
{"op_code":5,"worker_id":"10669b66-a2dd-4a6a-9dea-91a4026c0d1b-140193173047104","trial_id":295,"param_name":"lr","param_value_internal":0.010673972071128376,"distribution":"{\"name\": \"FloatDistribution\", \"attributes\": {\"step\": null, \"low\": 0.0001, \"high\": 0.1, \"log\": true}}"}
{"op_code":5,"worker_id":"10669b66-a2dd-4a6a-9dea-91a4026c0d1b-140193173047104","trial_id":295,"param_name":"dropout","param_value_internal":0.30103759852871137,"distribution":"{\"name\": \"FloatDistribution\", \"attributes\": {\"step\": null, \"low\": 0.0, \"high\": 0.5, \"log\": false}}"}
{"op_code":5,"worker_id":"10669b66-a2dd-4a6a-9dea-91a4026c0d1b-140193173047104","trial_id":295,"param_name":"nodes","param_value_internal":2,"distribution":"{\"name\": \"CategoricalDistribution\", \"attributes\": {\"choices\": [32, 64, 128]}}"}
{"op_code":6,"worker_id":"10669b66-a2dd-4a6a-9dea-91a4026c0d1b-140193173047104","trial_id":295,"state":1,"values":[0.6630459379950215],"datetime_complete":"2026-03-21T12:09:42.212955"}
{"op_code":4,"worker_id":"10669b66-a2dd-4a6a-9dea-91a4026c0d1b-140193173047104","study_id":0,"datetime_start":"2026-03-21T12:09:42.241008"}
{"op_code":5,"worker_id":"10669b66-a2dd-4a6a-9dea-91a4026c0d1b-140193173047104","trial_id":296,"param_name":"lr","param_value_internal":0.045757992377005965,"distribution":"{\"name\": \"FloatDistribution\", \"attributes\": {\"step\": null, \"low\": 0.0001, \"high\": 0.1, \"log\": true}}"}
{"op_code":5,"worker_id":"10669b66-a2dd-4a6a-9dea-91a4026c0d1b-140193173047104","trial_id":296,"param_name":"dropout","param_value_internal":0.25115754901321813,"distribution":"{\"name\": \"FloatDistribution\", \"attributes\": {\"step\": null, \"low\": 0.0, \"high\": 0.5, \"log\": false}}"}
{"op_code":5,"worker_id":"10669b66-a2dd-4a6a-9dea-91a4026c0d1b-140193173047104","trial_id":296,"param_name":"nodes","param_value_internal":0,"distribution":"{\"name\": \"CategoricalDistribution\", \"attributes\": {\"choices\": [32, 64, 128]}}"}
{"op_code":6,"worker_id":"10669b66-a2dd-4a6a-9dea-91a4026c0d1b-140193173047104","trial_id":296,"state":1,"values":[0.6906539941163159],"datetime_complete":"2026-03-21T12:09:45.590389"}
{"op_code":4,"worker_id":"10669b66-a2dd-4a6a-9dea-91a4026c0d1b-140193173047104","study_id":0,"datetime_start":"2026-03-21T12:09:45.615279"}
{"op_code":5,"worker_id":"10669b66-a2dd-4a6a-9dea-91a4026c0d1b-140193173047104","trial_id":297,"param_name":"lr","param_value_internal":0.021002490882237997,"distribution":"{\"name\": \"FloatDistribution\", \"attributes\": {\"step\": null, \"low\": 0.0001, \"high\": 0.1, \"log\": true}}"}
{"op_code":5,"worker_id":"10669b66-a2dd-4a6a-9dea-91a4026c0d1b-140193173047104","trial_id":297,"param_name":"dropout","param_value_internal":0.36378544835591586,"distribution":"{\"name\": \"FloatDistribution\", \"attributes\": {\"step\": null, \"low\": 0.0, \"high\": 0.5, \"log\": false}}"}
{"op_code":5,"worker_id":"10669b66-a2dd-4a6a-9dea-91a4026c0d1b-140193173047104","trial_id":297,"param_name":"nodes","param_value_internal":2,"distribution":"{\"name\": \"CategoricalDistribution\", \"attributes\": {\"choices\": [32, 64, 128]}}"}
{"op_code":6,"worker_id":"10669b66-a2dd-4a6a-9dea-91a4026c0d1b-140193173047104","trial_id":297,"state":1,"values":[0.656030776193709],"datetime_complete":"2026-03-21T12:09:48.905777"}
{"op_code":4,"worker_id":"10669b66-a2dd-4a6a-9dea-91a4026c0d1b-140193173047104","study_id":0,"datetime_start":"2026-03-21T12:09:48.928312"}
{"op_code":5,"worker_id":"10669b66-a2dd-4a6a-9dea-91a4026c0d1b-140193173047104","trial_id":298,"param_name":"lr","param_value_internal":0.003176357742405359,"distribution":"{\"name\": \"FloatDistribution\", \"attributes\": {\"step\": null, \"low\": 0.0001, \"high\": 0.1, \"log\": true}}"}
{"op_code":5,"worker_id":"10669b66-a2dd-4a6a-9dea-91a4026c0d1b-140193173047104","trial_id":298,"param_name":"dropout","param_value_internal":0.37991796498324226,"distribution":"{\"name\": \"FloatDistribution\", \"attributes\": {\"step\": null, \"low\": 0.0, \"high\": 0.5, \"log\": false}}"}
{"op_code":5,"worker_id":"10669b66-a2dd-4a6a-9dea-91a4026c0d1b-140193173047104","trial_id":298,"param_name":"nodes","param_value_internal":1,"distribution":"{\"name\": \"CategoricalDistribution\", \"attributes\": {\"choices\": [32, 64, 128]}}"}
{"op_code":6,"worker_id":"10669b66-a2dd-4a6a-9dea-91a4026c0d1b-140193173047104","trial_id":298,"state":1,"values":[0.656030776193709],"datetime_complete":"2026-03-21T12:09:52.257580"}
{"op_code":4,"worker_id":"10669b66-a2dd-4a6a-9dea-91a4026c0d1b-140193173047104","study_id":0,"datetime_start":"2026-03-21T12:09:52.271015"}
{"op_code":5,"worker_id":"10669b66-a2dd-4a6a-9dea-91a4026c0d1b-140193173047104","trial_id":299,"param_name":"lr","param_value_internal":0.02863143195408701,"distribution":"{\"name\": \"FloatDistribution\", \"attributes\": {\"step\": null, \"low\": 0.0001, \"high\": 0.1, \"log\": true}}"}
{"op_code":5,"worker_id":"10669b66-a2dd-4a6a-9dea-91a4026c0d1b-140193173047104","trial_id":299,"param_name":"dropout","param_value_internal":0.28337493365442384,"distribution":"{\"name\": \"FloatDistribution\", \"attributes\": {\"step\": null, \"low\": 0.0, \"high\": 0.5, \"log\": false}}"}
{"op_code":5,"worker_id":"10669b66-a2dd-4a6a-9dea-91a4026c0d1b-140193173047104","trial_id":299,"param_name":"nodes","param_value_internal":2,"distribution":"{\"name\": \"CategoricalDistribution\", \"attributes\": {\"choices\": [32, 64, 128]}}"}
{"op_code":6,"worker_id":"10669b66-a2dd-4a6a-9dea-91a4026c0d1b-140193173047104","trial_id":299,"state":1,"values":[0.6341932563928491],"datetime_complete":"2026-03-21T12:09:55.595674"}
