{"op_code":0,"worker_id":"53d9056f-3dc6-4374-a601-54100be68a7d-140700833089344","study_name":"rsf_tuning","directions":[2]}
{"op_code":4,"worker_id":"53d9056f-3dc6-4374-a601-54100be68a7d-140700833089344","study_id":0,"datetime_start":"2026-03-20T16:51:25.521205"}
{"op_code":5,"worker_id":"53d9056f-3dc6-4374-a601-54100be68a7d-140700833089344","trial_id":0,"param_name":"n_estimators","param_value_internal":91.0,"distribution":"{\"name\": \"IntDistribution\", \"attributes\": {\"log\": false, \"step\": 1, \"low\": 50, \"high\": 200}}"}
{"op_code":5,"worker_id":"53d9056f-3dc6-4374-a601-54100be68a7d-140700833089344","trial_id":0,"param_name":"min_samples_split","param_value_internal":13.0,"distribution":"{\"name\": \"IntDistribution\", \"attributes\": {\"log\": false, \"step\": 1, \"low\": 5, \"high\": 20}}"}
{"op_code":5,"worker_id":"53d9056f-3dc6-4374-a601-54100be68a7d-140700833089344","trial_id":0,"param_name":"min_samples_leaf","param_value_internal":17.0,"distribution":"{\"name\": \"IntDistribution\", \"attributes\": {\"log\": false, \"step\": 1, \"low\": 5, \"high\": 20}}"}
{"op_code":6,"worker_id":"53d9056f-3dc6-4374-a601-54100be68a7d-140700833089344","trial_id":0,"state":1,"values":[0.7923695476107833],"datetime_complete":"2026-03-20T16:51:37.199581"}
{"op_code":4,"worker_id":"53d9056f-3dc6-4374-a601-54100be68a7d-140700833089344","study_id":0,"datetime_start":"2026-03-20T16:51:37.229692"}
{"op_code":5,"worker_id":"53d9056f-3dc6-4374-a601-54100be68a7d-140700833089344","trial_id":1,"param_name":"n_estimators","param_value_internal":181.0,"distribution":"{\"name\": \"IntDistribution\", \"attributes\": {\"log\": false, \"step\": 1, \"low\": 50, \"high\": 200}}"}
{"op_code":5,"worker_id":"53d9056f-3dc6-4374-a601-54100be68a7d-140700833089344","trial_id":1,"param_name":"min_samples_split","param_value_internal":11.0,"distribution":"{\"name\": \"IntDistribution\", \"attributes\": {\"log\": false, \"step\": 1, \"low\": 5, \"high\": 20}}"}
{"op_code":5,"worker_id":"53d9056f-3dc6-4374-a601-54100be68a7d-140700833089344","trial_id":1,"param_name":"min_samples_leaf","param_value_internal":14.0,"distribution":"{\"name\": \"IntDistribution\", \"attributes\": {\"log\": false, \"step\": 1, \"low\": 5, \"high\": 20}}"}
{"op_code":6,"worker_id":"53d9056f-3dc6-4374-a601-54100be68a7d-140700833089344","trial_id":1,"state":1,"values":[0.7929249103320606],"datetime_complete":"2026-03-20T16:52:02.043800"}
{"op_code":4,"worker_id":"53d9056f-3dc6-4374-a601-54100be68a7d-140700833089344","study_id":0,"datetime_start":"2026-03-20T16:52:02.067019"}
{"op_code":5,"worker_id":"53d9056f-3dc6-4374-a601-54100be68a7d-140700833089344","trial_id":2,"param_name":"n_estimators","param_value_internal":178.0,"distribution":"{\"name\": \"IntDistribution\", \"attributes\": {\"log\": false, \"step\": 1, \"low\": 50, \"high\": 200}}"}
{"op_code":5,"worker_id":"53d9056f-3dc6-4374-a601-54100be68a7d-140700833089344","trial_id":2,"param_name":"min_samples_split","param_value_internal":11.0,"distribution":"{\"name\": \"IntDistribution\", \"attributes\": {\"log\": false, \"step\": 1, \"low\": 5, \"high\": 20}}"}
{"op_code":5,"worker_id":"53d9056f-3dc6-4374-a601-54100be68a7d-140700833089344","trial_id":2,"param_name":"min_samples_leaf","param_value_internal":7.0,"distribution":"{\"name\": \"IntDistribution\", \"attributes\": {\"log\": false, \"step\": 1, \"low\": 5, \"high\": 20}}"}
{"op_code":6,"worker_id":"53d9056f-3dc6-4374-a601-54100be68a7d-140700833089344","trial_id":2,"state":1,"values":[0.7928497049635543],"datetime_complete":"2026-03-20T16:52:34.158243"}
{"op_code":4,"worker_id":"53d9056f-3dc6-4374-a601-54100be68a7d-140700833089344","study_id":0,"datetime_start":"2026-03-20T16:52:34.186202"}
{"op_code":5,"worker_id":"53d9056f-3dc6-4374-a601-54100be68a7d-140700833089344","trial_id":3,"param_name":"n_estimators","param_value_internal":100.0,"distribution":"{\"name\": \"IntDistribution\", \"attributes\": {\"log\": false, \"step\": 1, \"low\": 50, \"high\": 200}}"}
{"op_code":5,"worker_id":"53d9056f-3dc6-4374-a601-54100be68a7d-140700833089344","trial_id":3,"param_name":"min_samples_split","param_value_internal":7.0,"distribution":"{\"name\": \"IntDistribution\", \"attributes\": {\"log\": false, \"step\": 1, \"low\": 5, \"high\": 20}}"}
{"op_code":5,"worker_id":"53d9056f-3dc6-4374-a601-54100be68a7d-140700833089344","trial_id":3,"param_name":"min_samples_leaf","param_value_internal":6.0,"distribution":"{\"name\": \"IntDistribution\", \"attributes\": {\"log\": false, \"step\": 1, \"low\": 5, \"high\": 20}}"}
{"op_code":6,"worker_id":"53d9056f-3dc6-4374-a601-54100be68a7d-140700833089344","trial_id":3,"state":1,"values":[0.7869084808515562],"datetime_complete":"2026-03-20T16:52:53.310241"}
{"op_code":4,"worker_id":"53d9056f-3dc6-4374-a601-54100be68a7d-140700833089344","study_id":0,"datetime_start":"2026-03-20T16:52:53.332465"}
{"op_code":5,"worker_id":"53d9056f-3dc6-4374-a601-54100be68a7d-140700833089344","trial_id":4,"param_name":"n_estimators","param_value_internal":145.0,"distribution":"{\"name\": \"IntDistribution\", \"attributes\": {\"log\": false, \"step\": 1, \"low\": 50, \"high\": 200}}"}
{"op_code":5,"worker_id":"53d9056f-3dc6-4374-a601-54100be68a7d-140700833089344","trial_id":4,"param_name":"min_samples_split","param_value_internal":15.0,"distribution":"{\"name\": \"IntDistribution\", \"attributes\": {\"log\": false, \"step\": 1, \"low\": 5, \"high\": 20}}"}
{"op_code":5,"worker_id":"53d9056f-3dc6-4374-a601-54100be68a7d-140700833089344","trial_id":4,"param_name":"min_samples_leaf","param_value_internal":19.0,"distribution":"{\"name\": \"IntDistribution\", \"attributes\": {\"log\": false, \"step\": 1, \"low\": 5, \"high\": 20}}"}
{"op_code":6,"worker_id":"53d9056f-3dc6-4374-a601-54100be68a7d-140700833089344","trial_id":4,"state":1,"values":[0.7945562883258128],"datetime_complete":"2026-03-20T16:53:10.860783"}
{"op_code":4,"worker_id":"53d9056f-3dc6-4374-a601-54100be68a7d-140700833089344","study_id":0,"datetime_start":"2026-03-20T16:53:10.875487"}
{"op_code":5,"worker_id":"53d9056f-3dc6-4374-a601-54100be68a7d-140700833089344","trial_id":5,"param_name":"n_estimators","param_value_internal":105.0,"distribution":"{\"name\": \"IntDistribution\", \"attributes\": {\"log\": false, \"step\": 1, \"low\": 50, \"high\": 200}}"}
{"op_code":5,"worker_id":"53d9056f-3dc6-4374-a601-54100be68a7d-140700833089344","trial_id":5,"param_name":"min_samples_split","param_value_internal":8.0,"distribution":"{\"name\": \"IntDistribution\", \"attributes\": {\"log\": false, \"step\": 1, \"low\": 5, \"high\": 20}}"}
{"op_code":5,"worker_id":"53d9056f-3dc6-4374-a601-54100be68a7d-140700833089344","trial_id":5,"param_name":"min_samples_leaf","param_value_internal":6.0,"distribution":"{\"name\": \"IntDistribution\", \"attributes\": {\"log\": false, \"step\": 1, \"low\": 5, \"high\": 20}}"}
{"op_code":6,"worker_id":"53d9056f-3dc6-4374-a601-54100be68a7d-140700833089344","trial_id":5,"state":1,"values":[0.7871745921555016],"datetime_complete":"2026-03-20T16:53:30.923753"}
{"op_code":4,"worker_id":"53d9056f-3dc6-4374-a601-54100be68a7d-140700833089344","study_id":0,"datetime_start":"2026-03-20T16:53:30.945629"}
{"op_code":5,"worker_id":"53d9056f-3dc6-4374-a601-54100be68a7d-140700833089344","trial_id":6,"param_name":"n_estimators","param_value_internal":140.0,"distribution":"{\"name\": \"IntDistribution\", \"attributes\": {\"log\": false, \"step\": 1, \"low\": 50, \"high\": 200}}"}
{"op_code":5,"worker_id":"53d9056f-3dc6-4374-a601-54100be68a7d-140700833089344","trial_id":6,"param_name":"min_samples_split","param_value_internal":13.0,"distribution":"{\"name\": \"IntDistribution\", \"attributes\": {\"log\": false, \"step\": 1, \"low\": 5, \"high\": 20}}"}
{"op_code":5,"worker_id":"53d9056f-3dc6-4374-a601-54100be68a7d-140700833089344","trial_id":6,"param_name":"min_samples_leaf","param_value_internal":8.0,"distribution":"{\"name\": \"IntDistribution\", \"attributes\": {\"log\": false, \"step\": 1, \"low\": 5, \"high\": 20}}"}
{"op_code":6,"worker_id":"53d9056f-3dc6-4374-a601-54100be68a7d-140700833089344","trial_id":6,"state":1,"values":[0.7917447645493463],"datetime_complete":"2026-03-20T16:53:54.910894"}
{"op_code":4,"worker_id":"53d9056f-3dc6-4374-a601-54100be68a7d-140700833089344","study_id":0,"datetime_start":"2026-03-20T16:53:54.932054"}
{"op_code":5,"worker_id":"53d9056f-3dc6-4374-a601-54100be68a7d-140700833089344","trial_id":7,"param_name":"n_estimators","param_value_internal":167.0,"distribution":"{\"name\": \"IntDistribution\", \"attributes\": {\"log\": false, \"step\": 1, \"low\": 50, \"high\": 200}}"}
{"op_code":5,"worker_id":"53d9056f-3dc6-4374-a601-54100be68a7d-140700833089344","trial_id":7,"param_name":"min_samples_split","param_value_internal":12.0,"distribution":"{\"name\": \"IntDistribution\", \"attributes\": {\"log\": false, \"step\": 1, \"low\": 5, \"high\": 20}}"}
{"op_code":5,"worker_id":"53d9056f-3dc6-4374-a601-54100be68a7d-140700833089344","trial_id":7,"param_name":"min_samples_leaf","param_value_internal":9.0,"distribution":"{\"name\": \"IntDistribution\", \"attributes\": {\"log\": false, \"step\": 1, \"low\": 5, \"high\": 20}}"}
{"op_code":6,"worker_id":"53d9056f-3dc6-4374-a601-54100be68a7d-140700833089344","trial_id":7,"state":1,"values":[0.7918431100312392],"datetime_complete":"2026-03-20T16:54:22.217064"}
{"op_code":4,"worker_id":"53d9056f-3dc6-4374-a601-54100be68a7d-140700833089344","study_id":0,"datetime_start":"2026-03-20T16:54:22.234682"}
{"op_code":5,"worker_id":"53d9056f-3dc6-4374-a601-54100be68a7d-140700833089344","trial_id":8,"param_name":"n_estimators","param_value_internal":57.0,"distribution":"{\"name\": \"IntDistribution\", \"attributes\": {\"log\": false, \"step\": 1, \"low\": 50, \"high\": 200}}"}
{"op_code":5,"worker_id":"53d9056f-3dc6-4374-a601-54100be68a7d-140700833089344","trial_id":8,"param_name":"min_samples_split","param_value_internal":14.0,"distribution":"{\"name\": \"IntDistribution\", \"attributes\": {\"log\": false, \"step\": 1, \"low\": 5, \"high\": 20}}"}
{"op_code":5,"worker_id":"53d9056f-3dc6-4374-a601-54100be68a7d-140700833089344","trial_id":8,"param_name":"min_samples_leaf","param_value_internal":18.0,"distribution":"{\"name\": \"IntDistribution\", \"attributes\": {\"log\": false, \"step\": 1, \"low\": 5, \"high\": 20}}"}
{"op_code":6,"worker_id":"53d9056f-3dc6-4374-a601-54100be68a7d-140700833089344","trial_id":8,"state":1,"values":[0.7923001272706236],"datetime_complete":"2026-03-20T16:54:29.431337"}
{"op_code":4,"worker_id":"53d9056f-3dc6-4374-a601-54100be68a7d-140700833089344","study_id":0,"datetime_start":"2026-03-20T16:54:32.236042"}
{"op_code":5,"worker_id":"53d9056f-3dc6-4374-a601-54100be68a7d-140700833089344","trial_id":9,"param_name":"n_estimators","param_value_internal":175.0,"distribution":"{\"name\": \"IntDistribution\", \"attributes\": {\"log\": false, \"step\": 1, \"low\": 50, \"high\": 200}}"}
{"op_code":5,"worker_id":"53d9056f-3dc6-4374-a601-54100be68a7d-140700833089344","trial_id":9,"param_name":"min_samples_split","param_value_internal":14.0,"distribution":"{\"name\": \"IntDistribution\", \"attributes\": {\"log\": false, \"step\": 1, \"low\": 5, \"high\": 20}}"}
{"op_code":5,"worker_id":"53d9056f-3dc6-4374-a601-54100be68a7d-140700833089344","trial_id":9,"param_name":"min_samples_leaf","param_value_internal":6.0,"distribution":"{\"name\": \"IntDistribution\", \"attributes\": {\"log\": false, \"step\": 1, \"low\": 5, \"high\": 20}}"}
{"op_code":6,"worker_id":"53d9056f-3dc6-4374-a601-54100be68a7d-140700833089344","trial_id":9,"state":1,"values":[0.7938447298391762],"datetime_complete":"2026-03-20T16:55:05.440402"}
{"op_code":0,"worker_id":"bf1f4aef-839a-4689-8fc3-494e1fb8df4a-139679950972736","study_name":"rsf_tuning","directions":[2]}
{"op_code":4,"worker_id":"bf1f4aef-839a-4689-8fc3-494e1fb8df4a-139679950972736","study_id":0,"datetime_start":"2026-03-20T17:08:38.402674"}
{"op_code":5,"worker_id":"bf1f4aef-839a-4689-8fc3-494e1fb8df4a-139679950972736","trial_id":10,"param_name":"n_estimators","param_value_internal":135.0,"distribution":"{\"name\": \"IntDistribution\", \"attributes\": {\"log\": false, \"step\": 1, \"low\": 50, \"high\": 200}}"}
{"op_code":5,"worker_id":"bf1f4aef-839a-4689-8fc3-494e1fb8df4a-139679950972736","trial_id":10,"param_name":"min_samples_split","param_value_internal":19.0,"distribution":"{\"name\": \"IntDistribution\", \"attributes\": {\"log\": false, \"step\": 1, \"low\": 5, \"high\": 20}}"}
{"op_code":5,"worker_id":"bf1f4aef-839a-4689-8fc3-494e1fb8df4a-139679950972736","trial_id":10,"param_name":"min_samples_leaf","param_value_internal":20.0,"distribution":"{\"name\": \"IntDistribution\", \"attributes\": {\"log\": false, \"step\": 1, \"low\": 5, \"high\": 20}}"}
{"op_code":6,"worker_id":"bf1f4aef-839a-4689-8fc3-494e1fb8df4a-139679950972736","trial_id":10,"state":1,"values":[0.7930753210690732],"datetime_complete":"2026-03-20T17:08:54.164367"}
{"op_code":4,"worker_id":"bf1f4aef-839a-4689-8fc3-494e1fb8df4a-139679950972736","study_id":0,"datetime_start":"2026-03-20T17:08:54.194124"}
{"op_code":5,"worker_id":"bf1f4aef-839a-4689-8fc3-494e1fb8df4a-139679950972736","trial_id":11,"param_name":"n_estimators","param_value_internal":199.0,"distribution":"{\"name\": \"IntDistribution\", \"attributes\": {\"log\": false, \"step\": 1, \"low\": 50, \"high\": 200}}"}
{"op_code":5,"worker_id":"bf1f4aef-839a-4689-8fc3-494e1fb8df4a-139679950972736","trial_id":11,"param_name":"min_samples_split","param_value_internal":17.0,"distribution":"{\"name\": \"IntDistribution\", \"attributes\": {\"log\": false, \"step\": 1, \"low\": 5, \"high\": 20}}"}
{"op_code":5,"worker_id":"bf1f4aef-839a-4689-8fc3-494e1fb8df4a-139679950972736","trial_id":11,"param_name":"min_samples_leaf","param_value_internal":12.0,"distribution":"{\"name\": \"IntDistribution\", \"attributes\": {\"log\": false, \"step\": 1, \"low\": 5, \"high\": 20}}"}
{"op_code":6,"worker_id":"bf1f4aef-839a-4689-8fc3-494e1fb8df4a-139679950972736","trial_id":11,"state":1,"values":[0.7946662038643989],"datetime_complete":"2026-03-20T17:09:23.403567"}
{"op_code":4,"worker_id":"bf1f4aef-839a-4689-8fc3-494e1fb8df4a-139679950972736","study_id":0,"datetime_start":"2026-03-20T17:09:23.422620"}
{"op_code":5,"worker_id":"bf1f4aef-839a-4689-8fc3-494e1fb8df4a-139679950972736","trial_id":12,"param_name":"n_estimators","param_value_internal":150.0,"distribution":"{\"name\": \"IntDistribution\", \"attributes\": {\"log\": false, \"step\": 1, \"low\": 50, \"high\": 200}}"}
{"op_code":5,"worker_id":"bf1f4aef-839a-4689-8fc3-494e1fb8df4a-139679950972736","trial_id":12,"param_name":"min_samples_split","param_value_internal":19.0,"distribution":"{\"name\": \"IntDistribution\", \"attributes\": {\"log\": false, \"step\": 1, \"low\": 5, \"high\": 20}}"}
{"op_code":5,"worker_id":"bf1f4aef-839a-4689-8fc3-494e1fb8df4a-139679950972736","trial_id":12,"param_name":"min_samples_leaf","param_value_internal":12.0,"distribution":"{\"name\": \"IntDistribution\", \"attributes\": {\"log\": false, \"step\": 1, \"low\": 5, \"high\": 20}}"}
{"op_code":6,"worker_id":"bf1f4aef-839a-4689-8fc3-494e1fb8df4a-139679950972736","trial_id":12,"state":1,"values":[0.7949323151683443],"datetime_complete":"2026-03-20T17:09:45.401306"}
{"op_code":4,"worker_id":"bf1f4aef-839a-4689-8fc3-494e1fb8df4a-139679950972736","study_id":0,"datetime_start":"2026-03-20T17:09:45.420545"}
{"op_code":5,"worker_id":"bf1f4aef-839a-4689-8fc3-494e1fb8df4a-139679950972736","trial_id":13,"param_name":"n_estimators","param_value_internal":199.0,"distribution":"{\"name\": \"IntDistribution\", \"attributes\": {\"log\": false, \"step\": 1, \"low\": 50, \"high\": 200}}"}
{"op_code":5,"worker_id":"bf1f4aef-839a-4689-8fc3-494e1fb8df4a-139679950972736","trial_id":13,"param_name":"min_samples_split","param_value_internal":20.0,"distribution":"{\"name\": \"IntDistribution\", \"attributes\": {\"log\": false, \"step\": 1, \"low\": 5, \"high\": 20}}"}
{"op_code":5,"worker_id":"bf1f4aef-839a-4689-8fc3-494e1fb8df4a-139679950972736","trial_id":13,"param_name":"min_samples_leaf","param_value_internal":12.0,"distribution":"{\"name\": \"IntDistribution\", \"attributes\": {\"log\": false, \"step\": 1, \"low\": 5, \"high\": 20}}"}
{"op_code":6,"worker_id":"bf1f4aef-839a-4689-8fc3-494e1fb8df4a-139679950972736","trial_id":13,"state":1,"values":[0.7946662038643989],"datetime_complete":"2026-03-20T17:10:14.336101"}
{"op_code":4,"worker_id":"bf1f4aef-839a-4689-8fc3-494e1fb8df4a-139679950972736","study_id":0,"datetime_start":"2026-03-20T17:10:14.361307"}
{"op_code":5,"worker_id":"bf1f4aef-839a-4689-8fc3-494e1fb8df4a-139679950972736","trial_id":14,"param_name":"n_estimators","param_value_internal":196.0,"distribution":"{\"name\": \"IntDistribution\", \"attributes\": {\"log\": false, \"step\": 1, \"low\": 50, \"high\": 200}}"}
{"op_code":5,"worker_id":"bf1f4aef-839a-4689-8fc3-494e1fb8df4a-139679950972736","trial_id":14,"param_name":"min_samples_split","param_value_internal":17.0,"distribution":"{\"name\": \"IntDistribution\", \"attributes\": {\"log\": false, \"step\": 1, \"low\": 5, \"high\": 20}}"}
{"op_code":5,"worker_id":"bf1f4aef-839a-4689-8fc3-494e1fb8df4a-139679950972736","trial_id":14,"param_name":"min_samples_leaf","param_value_internal":12.0,"distribution":"{\"name\": \"IntDistribution\", \"attributes\": {\"log\": false, \"step\": 1, \"low\": 5, \"high\": 20}}"}
{"op_code":6,"worker_id":"bf1f4aef-839a-4689-8fc3-494e1fb8df4a-139679950972736","trial_id":14,"state":1,"values":[0.7946199236376258],"datetime_complete":"2026-03-20T17:10:43.065611"}
{"op_code":4,"worker_id":"bf1f4aef-839a-4689-8fc3-494e1fb8df4a-139679950972736","study_id":0,"datetime_start":"2026-03-20T17:10:43.085054"}
{"op_code":5,"worker_id":"bf1f4aef-839a-4689-8fc3-494e1fb8df4a-139679950972736","trial_id":15,"param_name":"n_estimators","param_value_internal":155.0,"distribution":"{\"name\": \"IntDistribution\", \"attributes\": {\"log\": false, \"step\": 1, \"low\": 50, \"high\": 200}}"}
{"op_code":5,"worker_id":"bf1f4aef-839a-4689-8fc3-494e1fb8df4a-139679950972736","trial_id":15,"param_name":"min_samples_split","param_value_internal":17.0,"distribution":"{\"name\": \"IntDistribution\", \"attributes\": {\"log\": false, \"step\": 1, \"low\": 5, \"high\": 20}}"}
{"op_code":5,"worker_id":"bf1f4aef-839a-4689-8fc3-494e1fb8df4a-139679950972736","trial_id":15,"param_name":"min_samples_leaf","param_value_internal":15.0,"distribution":"{\"name\": \"IntDistribution\", \"attributes\": {\"log\": false, \"step\": 1, \"low\": 5, \"high\": 20}}"}
{"op_code":6,"worker_id":"bf1f4aef-839a-4689-8fc3-494e1fb8df4a-139679950972736","trial_id":15,"state":1,"values":[0.7923695476107833],"datetime_complete":"2026-03-20T17:11:03.585791"}
{"op_code":4,"worker_id":"bf1f4aef-839a-4689-8fc3-494e1fb8df4a-139679950972736","study_id":0,"datetime_start":"2026-03-20T17:11:03.604936"}
{"op_code":5,"worker_id":"bf1f4aef-839a-4689-8fc3-494e1fb8df4a-139679950972736","trial_id":16,"param_name":"n_estimators","param_value_internal":118.0,"distribution":"{\"name\": \"IntDistribution\", \"attributes\": {\"log\": false, \"step\": 1, \"low\": 50, \"high\": 200}}"}
{"op_code":5,"worker_id":"bf1f4aef-839a-4689-8fc3-494e1fb8df4a-139679950972736","trial_id":16,"param_name":"min_samples_split","param_value_internal":18.0,"distribution":"{\"name\": \"IntDistribution\", \"attributes\": {\"log\": false, \"step\": 1, \"low\": 5, \"high\": 20}}"}
{"op_code":5,"worker_id":"bf1f4aef-839a-4689-8fc3-494e1fb8df4a-139679950972736","trial_id":16,"param_name":"min_samples_leaf","param_value_internal":10.0,"distribution":"{\"name\": \"IntDistribution\", \"attributes\": {\"log\": false, \"step\": 1, \"low\": 5, \"high\": 20}}"}
{"op_code":6,"worker_id":"bf1f4aef-839a-4689-8fc3-494e1fb8df4a-139679950972736","trial_id":16,"state":1,"values":[0.7971537660534537],"datetime_complete":"2026-03-20T17:11:22.246104"}
{"op_code":4,"worker_id":"bf1f4aef-839a-4689-8fc3-494e1fb8df4a-139679950972736","study_id":0,"datetime_start":"2026-03-20T17:11:22.677202"}
{"op_code":5,"worker_id":"bf1f4aef-839a-4689-8fc3-494e1fb8df4a-139679950972736","trial_id":17,"param_name":"n_estimators","param_value_internal":119.0,"distribution":"{\"name\": \"IntDistribution\", \"attributes\": {\"log\": false, \"step\": 1, \"low\": 50, \"high\": 200}}"}
{"op_code":5,"worker_id":"bf1f4aef-839a-4689-8fc3-494e1fb8df4a-139679950972736","trial_id":17,"param_name":"min_samples_split","param_value_internal":19.0,"distribution":"{\"name\": \"IntDistribution\", \"attributes\": {\"log\": false, \"step\": 1, \"low\": 5, \"high\": 20}}"}
{"op_code":5,"worker_id":"bf1f4aef-839a-4689-8fc3-494e1fb8df4a-139679950972736","trial_id":17,"param_name":"min_samples_leaf","param_value_internal":10.0,"distribution":"{\"name\": \"IntDistribution\", \"attributes\": {\"log\": false, \"step\": 1, \"low\": 5, \"high\": 20}}"}
{"op_code":6,"worker_id":"bf1f4aef-839a-4689-8fc3-494e1fb8df4a-139679950972736","trial_id":17,"state":1,"values":[0.7970091403447876],"datetime_complete":"2026-03-20T17:11:41.613456"}
{"op_code":4,"worker_id":"bf1f4aef-839a-4689-8fc3-494e1fb8df4a-139679950972736","study_id":0,"datetime_start":"2026-03-20T17:11:41.636617"}
{"op_code":5,"worker_id":"bf1f4aef-839a-4689-8fc3-494e1fb8df4a-139679950972736","trial_id":18,"param_name":"n_estimators","param_value_internal":77.0,"distribution":"{\"name\": \"IntDistribution\", \"attributes\": {\"log\": false, \"step\": 1, \"low\": 50, \"high\": 200}}"}
{"op_code":5,"worker_id":"bf1f4aef-839a-4689-8fc3-494e1fb8df4a-139679950972736","trial_id":18,"param_name":"min_samples_split","param_value_internal":5.0,"distribution":"{\"name\": \"IntDistribution\", \"attributes\": {\"log\": false, \"step\": 1, \"low\": 5, \"high\": 20}}"}
{"op_code":5,"worker_id":"bf1f4aef-839a-4689-8fc3-494e1fb8df4a-139679950972736","trial_id":18,"param_name":"min_samples_leaf","param_value_internal":10.0,"distribution":"{\"name\": \"IntDistribution\", \"attributes\": {\"log\": false, \"step\": 1, \"low\": 5, \"high\": 20}}"}
{"op_code":6,"worker_id":"bf1f4aef-839a-4689-8fc3-494e1fb8df4a-139679950972736","trial_id":18,"state":1,"values":[0.7961760962628717],"datetime_complete":"2026-03-20T17:11:54.046002"}
{"op_code":4,"worker_id":"bf1f4aef-839a-4689-8fc3-494e1fb8df4a-139679950972736","study_id":0,"datetime_start":"2026-03-20T17:11:54.066820"}
{"op_code":5,"worker_id":"bf1f4aef-839a-4689-8fc3-494e1fb8df4a-139679950972736","trial_id":19,"param_name":"n_estimators","param_value_internal":120.0,"distribution":"{\"name\": \"IntDistribution\", \"attributes\": {\"log\": false, \"step\": 1, \"low\": 50, \"high\": 200}}"}
{"op_code":5,"worker_id":"bf1f4aef-839a-4689-8fc3-494e1fb8df4a-139679950972736","trial_id":19,"param_name":"min_samples_split","param_value_internal":16.0,"distribution":"{\"name\": \"IntDistribution\", \"attributes\": {\"log\": false, \"step\": 1, \"low\": 5, \"high\": 20}}"}
{"op_code":5,"worker_id":"bf1f4aef-839a-4689-8fc3-494e1fb8df4a-139679950972736","trial_id":19,"param_name":"min_samples_leaf","param_value_internal":10.0,"distribution":"{\"name\": \"IntDistribution\", \"attributes\": {\"log\": false, \"step\": 1, \"low\": 5, \"high\": 20}}"}
{"op_code":6,"worker_id":"bf1f4aef-839a-4689-8fc3-494e1fb8df4a-139679950972736","trial_id":19,"state":1,"values":[0.7973215318755061],"datetime_complete":"2026-03-20T17:12:13.085222"}
{"op_code":0,"worker_id":"1529ab2a-b36e-4471-b2b1-35542f9a0a8a-139679950972736","study_name":"rsf_tuning","directions":[2]}
{"op_code":4,"worker_id":"1529ab2a-b36e-4471-b2b1-35542f9a0a8a-139679950972736","study_id":0,"datetime_start":"2026-03-20T17:19:57.013980"}
{"op_code":5,"worker_id":"1529ab2a-b36e-4471-b2b1-35542f9a0a8a-139679950972736","trial_id":20,"param_name":"n_estimators","param_value_internal":119.0,"distribution":"{\"name\": \"IntDistribution\", \"attributes\": {\"log\": false, \"step\": 1, \"low\": 50, \"high\": 200}}"}
{"op_code":5,"worker_id":"1529ab2a-b36e-4471-b2b1-35542f9a0a8a-139679950972736","trial_id":20,"param_name":"min_samples_split","param_value_internal":16.0,"distribution":"{\"name\": \"IntDistribution\", \"attributes\": {\"log\": false, \"step\": 1, \"low\": 5, \"high\": 20}}"}
{"op_code":5,"worker_id":"1529ab2a-b36e-4471-b2b1-35542f9a0a8a-139679950972736","trial_id":20,"param_name":"min_samples_leaf","param_value_internal":14.0,"distribution":"{\"name\": \"IntDistribution\", \"attributes\": {\"log\": false, \"step\": 1, \"low\": 5, \"high\": 20}}"}
{"op_code":6,"worker_id":"1529ab2a-b36e-4471-b2b1-35542f9a0a8a-139679950972736","trial_id":20,"state":1,"values":[0.7877932595660363],"datetime_complete":"2026-03-20T17:20:13.734851"}
{"op_code":4,"worker_id":"1529ab2a-b36e-4471-b2b1-35542f9a0a8a-139679950972736","study_id":0,"datetime_start":"2026-03-20T17:20:13.761184"}
{"op_code":5,"worker_id":"1529ab2a-b36e-4471-b2b1-35542f9a0a8a-139679950972736","trial_id":21,"param_name":"n_estimators","param_value_internal":118.0,"distribution":"{\"name\": \"IntDistribution\", \"attributes\": {\"log\": false, \"step\": 1, \"low\": 50, \"high\": 200}}"}
{"op_code":5,"worker_id":"1529ab2a-b36e-4471-b2b1-35542f9a0a8a-139679950972736","trial_id":21,"param_name":"min_samples_split","param_value_internal":19.0,"distribution":"{\"name\": \"IntDistribution\", \"attributes\": {\"log\": false, \"step\": 1, \"low\": 5, \"high\": 20}}"}
{"op_code":5,"worker_id":"1529ab2a-b36e-4471-b2b1-35542f9a0a8a-139679950972736","trial_id":21,"param_name":"min_samples_leaf","param_value_internal":10.0,"distribution":"{\"name\": \"IntDistribution\", \"attributes\": {\"log\": false, \"step\": 1, \"low\": 5, \"high\": 20}}"}
{"op_code":6,"worker_id":"1529ab2a-b36e-4471-b2b1-35542f9a0a8a-139679950972736","trial_id":21,"state":1,"values":[0.7889049530842295],"datetime_complete":"2026-03-20T17:20:32.737515"}
{"op_code":4,"worker_id":"1529ab2a-b36e-4471-b2b1-35542f9a0a8a-139679950972736","study_id":0,"datetime_start":"2026-03-20T17:20:32.750997"}
{"op_code":5,"worker_id":"1529ab2a-b36e-4471-b2b1-35542f9a0a8a-139679950972736","trial_id":22,"param_name":"n_estimators","param_value_internal":127.0,"distribution":"{\"name\": \"IntDistribution\", \"attributes\": {\"log\": false, \"step\": 1, \"low\": 50, \"high\": 200}}"}
{"op_code":5,"worker_id":"1529ab2a-b36e-4471-b2b1-35542f9a0a8a-139679950972736","trial_id":22,"param_name":"min_samples_split","param_value_internal":18.0,"distribution":"{\"name\": \"IntDistribution\", \"attributes\": {\"log\": false, \"step\": 1, \"low\": 5, \"high\": 20}}"}
{"op_code":5,"worker_id":"1529ab2a-b36e-4471-b2b1-35542f9a0a8a-139679950972736","trial_id":22,"param_name":"min_samples_leaf","param_value_internal":9.0,"distribution":"{\"name\": \"IntDistribution\", \"attributes\": {\"log\": false, \"step\": 1, \"low\": 5, \"high\": 20}}"}
{"op_code":6,"worker_id":"1529ab2a-b36e-4471-b2b1-35542f9a0a8a-139679950972736","trial_id":22,"state":1,"values":[0.7867161264680979],"datetime_complete":"2026-03-20T17:20:53.804639"}
{"op_code":4,"worker_id":"1529ab2a-b36e-4471-b2b1-35542f9a0a8a-139679950972736","study_id":0,"datetime_start":"2026-03-20T17:20:53.819400"}
{"op_code":5,"worker_id":"1529ab2a-b36e-4471-b2b1-35542f9a0a8a-139679950972736","trial_id":23,"param_name":"n_estimators","param_value_internal":110.0,"distribution":"{\"name\": \"IntDistribution\", \"attributes\": {\"log\": false, \"step\": 1, \"low\": 50, \"high\": 200}}"}
{"op_code":5,"worker_id":"1529ab2a-b36e-4471-b2b1-35542f9a0a8a-139679950972736","trial_id":23,"param_name":"min_samples_split","param_value_internal":20.0,"distribution":"{\"name\": \"IntDistribution\", \"attributes\": {\"log\": false, \"step\": 1, \"low\": 5, \"high\": 20}}"}
{"op_code":5,"worker_id":"1529ab2a-b36e-4471-b2b1-35542f9a0a8a-139679950972736","trial_id":23,"param_name":"min_samples_leaf","param_value_internal":10.0,"distribution":"{\"name\": \"IntDistribution\", \"attributes\": {\"log\": false, \"step\": 1, \"low\": 5, \"high\": 20}}"}
{"op_code":6,"worker_id":"1529ab2a-b36e-4471-b2b1-35542f9a0a8a-139679950972736","trial_id":23,"state":1,"values":[0.7897171229602152],"datetime_complete":"2026-03-20T17:21:11.840851"}
{"op_code":4,"worker_id":"1529ab2a-b36e-4471-b2b1-35542f9a0a8a-139679950972736","study_id":0,"datetime_start":"2026-03-20T17:21:11.884500"}
{"op_code":5,"worker_id":"1529ab2a-b36e-4471-b2b1-35542f9a0a8a-139679950972736","trial_id":24,"param_name":"n_estimators","param_value_internal":91.0,"distribution":"{\"name\": \"IntDistribution\", \"attributes\": {\"log\": false, \"step\": 1, \"low\": 50, \"high\": 200}}"}
{"op_code":5,"worker_id":"1529ab2a-b36e-4471-b2b1-35542f9a0a8a-139679950972736","trial_id":24,"param_name":"min_samples_split","param_value_internal":16.0,"distribution":"{\"name\": \"IntDistribution\", \"attributes\": {\"log\": false, \"step\": 1, \"low\": 5, \"high\": 20}}"}
{"op_code":5,"worker_id":"1529ab2a-b36e-4471-b2b1-35542f9a0a8a-139679950972736","trial_id":24,"param_name":"min_samples_leaf","param_value_internal":8.0,"distribution":"{\"name\": \"IntDistribution\", \"attributes\": {\"log\": false, \"step\": 1, \"low\": 5, \"high\": 20}}"}
{"op_code":6,"worker_id":"1529ab2a-b36e-4471-b2b1-35542f9a0a8a-139679950972736","trial_id":24,"state":1,"values":[0.7936224504489975],"datetime_complete":"2026-03-20T17:21:27.808978"}
{"op_code":4,"worker_id":"1529ab2a-b36e-4471-b2b1-35542f9a0a8a-139679950972736","study_id":0,"datetime_start":"2026-03-20T17:21:27.837733"}
{"op_code":5,"worker_id":"1529ab2a-b36e-4471-b2b1-35542f9a0a8a-139679950972736","trial_id":25,"param_name":"n_estimators","param_value_internal":128.0,"distribution":"{\"name\": \"IntDistribution\", \"attributes\": {\"log\": false, \"step\": 1, \"low\": 50, \"high\": 200}}"}
{"op_code":5,"worker_id":"1529ab2a-b36e-4471-b2b1-35542f9a0a8a-139679950972736","trial_id":25,"param_name":"min_samples_split","param_value_internal":18.0,"distribution":"{\"name\": \"IntDistribution\", \"attributes\": {\"log\": false, \"step\": 1, \"low\": 5, \"high\": 20}}"}
{"op_code":5,"worker_id":"1529ab2a-b36e-4471-b2b1-35542f9a0a8a-139679950972736","trial_id":25,"param_name":"min_samples_leaf","param_value_internal":11.0,"distribution":"{\"name\": \"IntDistribution\", \"attributes\": {\"log\": false, \"step\": 1, \"low\": 5, \"high\": 20}}"}
{"op_code":6,"worker_id":"1529ab2a-b36e-4471-b2b1-35542f9a0a8a-139679950972736","trial_id":25,"state":1,"values":[0.78615739967398],"datetime_complete":"2026-03-20T17:21:47.890778"}
{"op_code":4,"worker_id":"1529ab2a-b36e-4471-b2b1-35542f9a0a8a-139679950972736","study_id":0,"datetime_start":"2026-03-20T17:21:47.908675"}
{"op_code":5,"worker_id":"1529ab2a-b36e-4471-b2b1-35542f9a0a8a-139679950972736","trial_id":26,"param_name":"n_estimators","param_value_internal":78.0,"distribution":"{\"name\": \"IntDistribution\", \"attributes\": {\"log\": false, \"step\": 1, \"low\": 50, \"high\": 200}}"}
{"op_code":5,"worker_id":"1529ab2a-b36e-4471-b2b1-35542f9a0a8a-139679950972736","trial_id":26,"param_name":"min_samples_split","param_value_internal":15.0,"distribution":"{\"name\": \"IntDistribution\", \"attributes\": {\"log\": false, \"step\": 1, \"low\": 5, \"high\": 20}}"}
{"op_code":5,"worker_id":"1529ab2a-b36e-4471-b2b1-35542f9a0a8a-139679950972736","trial_id":26,"param_name":"min_samples_leaf","param_value_internal":14.0,"distribution":"{\"name\": \"IntDistribution\", \"attributes\": {\"log\": false, \"step\": 1, \"low\": 5, \"high\": 20}}"}
{"op_code":6,"worker_id":"1529ab2a-b36e-4471-b2b1-35542f9a0a8a-139679950972736","trial_id":26,"state":1,"values":[0.7875225362740411],"datetime_complete":"2026-03-20T17:21:58.864853"}
{"op_code":4,"worker_id":"1529ab2a-b36e-4471-b2b1-35542f9a0a8a-139679950972736","study_id":0,"datetime_start":"2026-03-20T17:21:58.890401"}
{"op_code":5,"worker_id":"1529ab2a-b36e-4471-b2b1-35542f9a0a8a-139679950972736","trial_id":27,"param_name":"n_estimators","param_value_internal":111.0,"distribution":"{\"name\": \"IntDistribution\", \"attributes\": {\"log\": false, \"step\": 1, \"low\": 50, \"high\": 200}}"}
{"op_code":5,"worker_id":"1529ab2a-b36e-4471-b2b1-35542f9a0a8a-139679950972736","trial_id":27,"param_name":"min_samples_split","param_value_internal":18.0,"distribution":"{\"name\": \"IntDistribution\", \"attributes\": {\"log\": false, \"step\": 1, \"low\": 5, \"high\": 20}}"}
{"op_code":5,"worker_id":"1529ab2a-b36e-4471-b2b1-35542f9a0a8a-139679950972736","trial_id":27,"param_name":"min_samples_leaf","param_value_internal":8.0,"distribution":"{\"name\": \"IntDistribution\", \"attributes\": {\"log\": false, \"step\": 1, \"low\": 5, \"high\": 20}}"}
{"op_code":6,"worker_id":"1529ab2a-b36e-4471-b2b1-35542f9a0a8a-139679950972736","trial_id":27,"state":1,"values":[0.7878162998462062],"datetime_complete":"2026-03-20T17:22:18.367637"}
{"op_code":4,"worker_id":"1529ab2a-b36e-4471-b2b1-35542f9a0a8a-139679950972736","study_id":0,"datetime_start":"2026-03-20T17:22:18.401266"}
{"op_code":5,"worker_id":"1529ab2a-b36e-4471-b2b1-35542f9a0a8a-139679950972736","trial_id":28,"param_name":"n_estimators","param_value_internal":160.0,"distribution":"{\"name\": \"IntDistribution\", \"attributes\": {\"log\": false, \"step\": 1, \"low\": 50, \"high\": 200}}"}
{"op_code":5,"worker_id":"1529ab2a-b36e-4471-b2b1-35542f9a0a8a-139679950972736","trial_id":28,"param_name":"min_samples_split","param_value_internal":20.0,"distribution":"{\"name\": \"IntDistribution\", \"attributes\": {\"log\": false, \"step\": 1, \"low\": 5, \"high\": 20}}"}
{"op_code":5,"worker_id":"1529ab2a-b36e-4471-b2b1-35542f9a0a8a-139679950972736","trial_id":28,"param_name":"min_samples_leaf","param_value_internal":11.0,"distribution":"{\"name\": \"IntDistribution\", \"attributes\": {\"log\": false, \"step\": 1, \"low\": 5, \"high\": 20}}"}
{"op_code":6,"worker_id":"1529ab2a-b36e-4471-b2b1-35542f9a0a8a-139679950972736","trial_id":28,"state":1,"values":[0.7867737271685223],"datetime_complete":"2026-03-20T17:22:43.463409"}
{"op_code":4,"worker_id":"1529ab2a-b36e-4471-b2b1-35542f9a0a8a-139679950972736","study_id":0,"datetime_start":"2026-03-20T17:22:43.481604"}
{"op_code":5,"worker_id":"1529ab2a-b36e-4471-b2b1-35542f9a0a8a-139679950972736","trial_id":29,"param_name":"n_estimators","param_value_internal":91.0,"distribution":"{\"name\": \"IntDistribution\", \"attributes\": {\"log\": false, \"step\": 1, \"low\": 50, \"high\": 200}}"}
{"op_code":5,"worker_id":"1529ab2a-b36e-4471-b2b1-35542f9a0a8a-139679950972736","trial_id":29,"param_name":"min_samples_split","param_value_internal":16.0,"distribution":"{\"name\": \"IntDistribution\", \"attributes\": {\"log\": false, \"step\": 1, \"low\": 5, \"high\": 20}}"}
{"op_code":5,"worker_id":"1529ab2a-b36e-4471-b2b1-35542f9a0a8a-139679950972736","trial_id":29,"param_name":"min_samples_leaf","param_value_internal":16.0,"distribution":"{\"name\": \"IntDistribution\", \"attributes\": {\"log\": false, \"step\": 1, \"low\": 5, \"high\": 20}}"}
{"op_code":6,"worker_id":"1529ab2a-b36e-4471-b2b1-35542f9a0a8a-139679950972736","trial_id":29,"state":1,"values":[0.7864454031761027],"datetime_complete":"2026-03-20T17:22:55.478039"}
{"op_code":0,"worker_id":"e842595f-c3f5-48e5-b3e3-f01e6ea7a8c7-139679950972736","study_name":"rsf_tuning","directions":[2]}
{"op_code":4,"worker_id":"e842595f-c3f5-48e5-b3e3-f01e6ea7a8c7-139679950972736","study_id":0,"datetime_start":"2026-03-20T17:31:04.981761"}
{"op_code":5,"worker_id":"e842595f-c3f5-48e5-b3e3-f01e6ea7a8c7-139679950972736","trial_id":30,"param_name":"n_estimators","param_value_internal":76.0,"distribution":"{\"name\": \"IntDistribution\", \"attributes\": {\"log\": false, \"step\": 1, \"low\": 50, \"high\": 200}}"}
{"op_code":5,"worker_id":"e842595f-c3f5-48e5-b3e3-f01e6ea7a8c7-139679950972736","trial_id":30,"param_name":"min_samples_split","param_value_internal":15.0,"distribution":"{\"name\": \"IntDistribution\", \"attributes\": {\"log\": false, \"step\": 1, \"low\": 5, \"high\": 20}}"}
{"op_code":5,"worker_id":"e842595f-c3f5-48e5-b3e3-f01e6ea7a8c7-139679950972736","trial_id":30,"param_name":"min_samples_leaf","param_value_internal":5.0,"distribution":"{\"name\": \"IntDistribution\", \"attributes\": {\"log\": false, \"step\": 1, \"low\": 5, \"high\": 20}}"}
{"op_code":6,"worker_id":"e842595f-c3f5-48e5-b3e3-f01e6ea7a8c7-139679950972736","trial_id":30,"state":1,"values":[0.7850872516615133],"datetime_complete":"2026-03-20T17:31:20.259689"}
{"op_code":4,"worker_id":"e842595f-c3f5-48e5-b3e3-f01e6ea7a8c7-139679950972736","study_id":0,"datetime_start":"2026-03-20T17:31:20.285506"}
{"op_code":5,"worker_id":"e842595f-c3f5-48e5-b3e3-f01e6ea7a8c7-139679950972736","trial_id":31,"param_name":"n_estimators","param_value_internal":57.0,"distribution":"{\"name\": \"IntDistribution\", \"attributes\": {\"log\": false, \"step\": 1, \"low\": 50, \"high\": 200}}"}
{"op_code":5,"worker_id":"e842595f-c3f5-48e5-b3e3-f01e6ea7a8c7-139679950972736","trial_id":31,"param_name":"min_samples_split","param_value_internal":9.0,"distribution":"{\"name\": \"IntDistribution\", \"attributes\": {\"log\": false, \"step\": 1, \"low\": 5, \"high\": 20}}"}
{"op_code":5,"worker_id":"e842595f-c3f5-48e5-b3e3-f01e6ea7a8c7-139679950972736","trial_id":31,"param_name":"min_samples_leaf","param_value_internal":10.0,"distribution":"{\"name\": \"IntDistribution\", \"attributes\": {\"log\": false, \"step\": 1, \"low\": 5, \"high\": 20}}"}
{"op_code":6,"worker_id":"e842595f-c3f5-48e5-b3e3-f01e6ea7a8c7-139679950972736","trial_id":31,"state":1,"values":[0.7873026027413489],"datetime_complete":"2026-03-20T17:31:29.325965"}
{"op_code":4,"worker_id":"e842595f-c3f5-48e5-b3e3-f01e6ea7a8c7-139679950972736","study_id":0,"datetime_start":"2026-03-20T17:31:29.347236"}
{"op_code":5,"worker_id":"e842595f-c3f5-48e5-b3e3-f01e6ea7a8c7-139679950972736","trial_id":32,"param_name":"n_estimators","param_value_internal":72.0,"distribution":"{\"name\": \"IntDistribution\", \"attributes\": {\"log\": false, \"step\": 1, \"low\": 50, \"high\": 200}}"}
{"op_code":5,"worker_id":"e842595f-c3f5-48e5-b3e3-f01e6ea7a8c7-139679950972736","trial_id":32,"param_name":"min_samples_split","param_value_internal":6.0,"distribution":"{\"name\": \"IntDistribution\", \"attributes\": {\"log\": false, \"step\": 1, \"low\": 5, \"high\": 20}}"}
{"op_code":5,"worker_id":"e842595f-c3f5-48e5-b3e3-f01e6ea7a8c7-139679950972736","trial_id":32,"param_name":"min_samples_leaf","param_value_internal":9.0,"distribution":"{\"name\": \"IntDistribution\", \"attributes\": {\"log\": false, \"step\": 1, \"low\": 5, \"high\": 20}}"}
{"op_code":6,"worker_id":"e842595f-c3f5-48e5-b3e3-f01e6ea7a8c7-139679950972736","trial_id":32,"state":1,"values":[0.7825283434623449],"datetime_complete":"2026-03-20T17:31:40.813833"}
{"op_code":4,"worker_id":"e842595f-c3f5-48e5-b3e3-f01e6ea7a8c7-139679950972736","study_id":0,"datetime_start":"2026-03-20T17:31:40.874469"}
{"op_code":5,"worker_id":"e842595f-c3f5-48e5-b3e3-f01e6ea7a8c7-139679950972736","trial_id":33,"param_name":"n_estimators","param_value_internal":101.0,"distribution":"{\"name\": \"IntDistribution\", \"attributes\": {\"log\": false, \"step\": 1, \"low\": 50, \"high\": 200}}"}
{"op_code":5,"worker_id":"e842595f-c3f5-48e5-b3e3-f01e6ea7a8c7-139679950972736","trial_id":33,"param_name":"min_samples_split","param_value_internal":10.0,"distribution":"{\"name\": \"IntDistribution\", \"attributes\": {\"log\": false, \"step\": 1, \"low\": 5, \"high\": 20}}"}
{"op_code":5,"worker_id":"e842595f-c3f5-48e5-b3e3-f01e6ea7a8c7-139679950972736","trial_id":33,"param_name":"min_samples_leaf","param_value_internal":11.0,"distribution":"{\"name\": \"IntDistribution\", \"attributes\": {\"log\": false, \"step\": 1, \"low\": 5, \"high\": 20}}"}
{"op_code":6,"worker_id":"e842595f-c3f5-48e5-b3e3-f01e6ea7a8c7-139679950972736","trial_id":33,"state":1,"values":[0.7834168532537229],"datetime_complete":"2026-03-20T17:31:56.101206"}
{"op_code":4,"worker_id":"e842595f-c3f5-48e5-b3e3-f01e6ea7a8c7-139679950972736","study_id":0,"datetime_start":"2026-03-20T17:31:56.120408"}
{"op_code":5,"worker_id":"e842595f-c3f5-48e5-b3e3-f01e6ea7a8c7-139679950972736","trial_id":34,"param_name":"n_estimators","param_value_internal":132.0,"distribution":"{\"name\": \"IntDistribution\", \"attributes\": {\"log\": false, \"step\": 1, \"low\": 50, \"high\": 200}}"}
{"op_code":5,"worker_id":"e842595f-c3f5-48e5-b3e3-f01e6ea7a8c7-139679950972736","trial_id":34,"param_name":"min_samples_split","param_value_internal":5.0,"distribution":"{\"name\": \"IntDistribution\", \"attributes\": {\"log\": false, \"step\": 1, \"low\": 5, \"high\": 20}}"}
{"op_code":5,"worker_id":"e842595f-c3f5-48e5-b3e3-f01e6ea7a8c7-139679950972736","trial_id":34,"param_name":"min_samples_leaf","param_value_internal":13.0,"distribution":"{\"name\": \"IntDistribution\", \"attributes\": {\"log\": false, \"step\": 1, \"low\": 5, \"high\": 20}}"}
{"op_code":6,"worker_id":"e842595f-c3f5-48e5-b3e3-f01e6ea7a8c7-139679950972736","trial_id":34,"state":1,"values":[0.7875276918884979],"datetime_complete":"2026-03-20T17:32:15.109325"}
{"op_code":4,"worker_id":"e842595f-c3f5-48e5-b3e3-f01e6ea7a8c7-139679950972736","study_id":0,"datetime_start":"2026-03-20T17:32:15.128178"}
{"op_code":5,"worker_id":"e842595f-c3f5-48e5-b3e3-f01e6ea7a8c7-139679950972736","trial_id":35,"param_name":"n_estimators","param_value_internal":121.0,"distribution":"{\"name\": \"IntDistribution\", \"attributes\": {\"log\": false, \"step\": 1, \"low\": 50, \"high\": 200}}"}
{"op_code":5,"worker_id":"e842595f-c3f5-48e5-b3e3-f01e6ea7a8c7-139679950972736","trial_id":35,"param_name":"min_samples_split","param_value_internal":12.0,"distribution":"{\"name\": \"IntDistribution\", \"attributes\": {\"log\": false, \"step\": 1, \"low\": 5, \"high\": 20}}"}
{"op_code":5,"worker_id":"e842595f-c3f5-48e5-b3e3-f01e6ea7a8c7-139679950972736","trial_id":35,"param_name":"min_samples_leaf","param_value_internal":7.0,"distribution":"{\"name\": \"IntDistribution\", \"attributes\": {\"log\": false, \"step\": 1, \"low\": 5, \"high\": 20}}"}
{"op_code":6,"worker_id":"e842595f-c3f5-48e5-b3e3-f01e6ea7a8c7-139679950972736","trial_id":35,"state":1,"values":[0.7896364217933681],"datetime_complete":"2026-03-20T17:32:37.426644"}
{"op_code":4,"worker_id":"e842595f-c3f5-48e5-b3e3-f01e6ea7a8c7-139679950972736","study_id":0,"datetime_start":"2026-03-20T17:32:37.445050"}
{"op_code":5,"worker_id":"e842595f-c3f5-48e5-b3e3-f01e6ea7a8c7-139679950972736","trial_id":36,"param_name":"n_estimators","param_value_internal":85.0,"distribution":"{\"name\": \"IntDistribution\", \"attributes\": {\"log\": false, \"step\": 1, \"low\": 50, \"high\": 200}}"}
{"op_code":5,"worker_id":"e842595f-c3f5-48e5-b3e3-f01e6ea7a8c7-139679950972736","trial_id":36,"param_name":"min_samples_split","param_value_internal":11.0,"distribution":"{\"name\": \"IntDistribution\", \"attributes\": {\"log\": false, \"step\": 1, \"low\": 5, \"high\": 20}}"}
{"op_code":5,"worker_id":"e842595f-c3f5-48e5-b3e3-f01e6ea7a8c7-139679950972736","trial_id":36,"param_name":"min_samples_leaf","param_value_internal":10.0,"distribution":"{\"name\": \"IntDistribution\", \"attributes\": {\"log\": false, \"step\": 1, \"low\": 5, \"high\": 20}}"}
{"op_code":6,"worker_id":"e842595f-c3f5-48e5-b3e3-f01e6ea7a8c7-139679950972736","trial_id":36,"state":1,"values":[0.7859935316487188],"datetime_complete":"2026-03-20T17:32:50.849796"}
{"op_code":4,"worker_id":"e842595f-c3f5-48e5-b3e3-f01e6ea7a8c7-139679950972736","study_id":0,"datetime_start":"2026-03-20T17:32:50.863433"}
{"op_code":5,"worker_id":"e842595f-c3f5-48e5-b3e3-f01e6ea7a8c7-139679950972736","trial_id":37,"param_name":"n_estimators","param_value_internal":141.0,"distribution":"{\"name\": \"IntDistribution\", \"attributes\": {\"log\": false, \"step\": 1, \"low\": 50, \"high\": 200}}"}
{"op_code":5,"worker_id":"e842595f-c3f5-48e5-b3e3-f01e6ea7a8c7-139679950972736","trial_id":37,"param_name":"min_samples_split","param_value_internal":7.0,"distribution":"{\"name\": \"IntDistribution\", \"attributes\": {\"log\": false, \"step\": 1, \"low\": 5, \"high\": 20}}"}
{"op_code":5,"worker_id":"e842595f-c3f5-48e5-b3e3-f01e6ea7a8c7-139679950972736","trial_id":37,"param_name":"min_samples_leaf","param_value_internal":13.0,"distribution":"{\"name\": \"IntDistribution\", \"attributes\": {\"log\": false, \"step\": 1, \"low\": 5, \"high\": 20}}"}
{"op_code":6,"worker_id":"e842595f-c3f5-48e5-b3e3-f01e6ea7a8c7-139679950972736","trial_id":37,"state":1,"values":[0.7868524244470507],"datetime_complete":"2026-03-20T17:33:11.165929"}
{"op_code":4,"worker_id":"e842595f-c3f5-48e5-b3e3-f01e6ea7a8c7-139679950972736","study_id":0,"datetime_start":"2026-03-20T17:33:11.182220"}
{"op_code":5,"worker_id":"e842595f-c3f5-48e5-b3e3-f01e6ea7a8c7-139679950972736","trial_id":38,"param_name":"n_estimators","param_value_internal":64.0,"distribution":"{\"name\": \"IntDistribution\", \"attributes\": {\"log\": false, \"step\": 1, \"low\": 50, \"high\": 200}}"}
{"op_code":5,"worker_id":"e842595f-c3f5-48e5-b3e3-f01e6ea7a8c7-139679950972736","trial_id":38,"param_name":"min_samples_split","param_value_internal":14.0,"distribution":"{\"name\": \"IntDistribution\", \"attributes\": {\"log\": false, \"step\": 1, \"low\": 5, \"high\": 20}}"}
{"op_code":5,"worker_id":"e842595f-c3f5-48e5-b3e3-f01e6ea7a8c7-139679950972736","trial_id":38,"param_name":"min_samples_leaf","param_value_internal":7.0,"distribution":"{\"name\": \"IntDistribution\", \"attributes\": {\"log\": false, \"step\": 1, \"low\": 5, \"high\": 20}}"}
{"op_code":6,"worker_id":"e842595f-c3f5-48e5-b3e3-f01e6ea7a8c7-139679950972736","trial_id":38,"state":1,"values":[0.7856855149210411],"datetime_complete":"2026-03-20T17:33:23.046013"}
{"op_code":4,"worker_id":"e842595f-c3f5-48e5-b3e3-f01e6ea7a8c7-139679950972736","study_id":0,"datetime_start":"2026-03-20T17:33:23.066747"}
{"op_code":5,"worker_id":"e842595f-c3f5-48e5-b3e3-f01e6ea7a8c7-139679950972736","trial_id":39,"param_name":"n_estimators","param_value_internal":98.0,"distribution":"{\"name\": \"IntDistribution\", \"attributes\": {\"log\": false, \"step\": 1, \"low\": 50, \"high\": 200}}"}
{"op_code":5,"worker_id":"e842595f-c3f5-48e5-b3e3-f01e6ea7a8c7-139679950972736","trial_id":39,"param_name":"min_samples_split","param_value_internal":18.0,"distribution":"{\"name\": \"IntDistribution\", \"attributes\": {\"log\": false, \"step\": 1, \"low\": 5, \"high\": 20}}"}
{"op_code":5,"worker_id":"e842595f-c3f5-48e5-b3e3-f01e6ea7a8c7-139679950972736","trial_id":39,"param_name":"min_samples_leaf","param_value_internal":9.0,"distribution":"{\"name\": \"IntDistribution\", \"attributes\": {\"log\": false, \"step\": 1, \"low\": 5, \"high\": 20}}"}
{"op_code":6,"worker_id":"e842595f-c3f5-48e5-b3e3-f01e6ea7a8c7-139679950972736","trial_id":39,"state":1,"values":[0.7828719005816778],"datetime_complete":"2026-03-20T17:33:39.376160"}
{"op_code":0,"worker_id":"1ef43f8c-1d7e-43d9-b5c7-7ff0147e7096-139679950972736","study_name":"rsf_tuning","directions":[2]}
{"op_code":4,"worker_id":"1ef43f8c-1d7e-43d9-b5c7-7ff0147e7096-139679950972736","study_id":0,"datetime_start":"2026-03-20T17:40:55.201110"}
{"op_code":5,"worker_id":"1ef43f8c-1d7e-43d9-b5c7-7ff0147e7096-139679950972736","trial_id":40,"param_name":"n_estimators","param_value_internal":116.0,"distribution":"{\"name\": \"IntDistribution\", \"attributes\": {\"log\": false, \"step\": 1, \"low\": 50, \"high\": 200}}"}
{"op_code":5,"worker_id":"1ef43f8c-1d7e-43d9-b5c7-7ff0147e7096-139679950972736","trial_id":40,"param_name":"min_samples_split","param_value_internal":9.0,"distribution":"{\"name\": \"IntDistribution\", \"attributes\": {\"log\": false, \"step\": 1, \"low\": 5, \"high\": 20}}"}
{"op_code":5,"worker_id":"1ef43f8c-1d7e-43d9-b5c7-7ff0147e7096-139679950972736","trial_id":40,"param_name":"min_samples_leaf","param_value_internal":11.0,"distribution":"{\"name\": \"IntDistribution\", \"attributes\": {\"log\": false, \"step\": 1, \"low\": 5, \"high\": 20}}"}
{"op_code":6,"worker_id":"1ef43f8c-1d7e-43d9-b5c7-7ff0147e7096-139679950972736","trial_id":40,"state":1,"values":[0.7781559744515668],"datetime_complete":"2026-03-20T17:41:12.359485"}
{"op_code":4,"worker_id":"1ef43f8c-1d7e-43d9-b5c7-7ff0147e7096-139679950972736","study_id":0,"datetime_start":"2026-03-20T17:41:41.603223"}
{"op_code":5,"worker_id":"1ef43f8c-1d7e-43d9-b5c7-7ff0147e7096-139679950972736","trial_id":41,"param_name":"n_estimators","param_value_internal":149.0,"distribution":"{\"name\": \"IntDistribution\", \"attributes\": {\"log\": false, \"step\": 1, \"low\": 50, \"high\": 200}}"}
{"op_code":5,"worker_id":"1ef43f8c-1d7e-43d9-b5c7-7ff0147e7096-139679950972736","trial_id":41,"param_name":"min_samples_split","param_value_internal":19.0,"distribution":"{\"name\": \"IntDistribution\", \"attributes\": {\"log\": false, \"step\": 1, \"low\": 5, \"high\": 20}}"}
{"op_code":5,"worker_id":"1ef43f8c-1d7e-43d9-b5c7-7ff0147e7096-139679950972736","trial_id":41,"param_name":"min_samples_leaf","param_value_internal":11.0,"distribution":"{\"name\": \"IntDistribution\", \"attributes\": {\"log\": false, \"step\": 1, \"low\": 5, \"high\": 20}}"}
{"op_code":6,"worker_id":"1ef43f8c-1d7e-43d9-b5c7-7ff0147e7096-139679950972736","trial_id":41,"state":1,"values":[0.7794575853390235],"datetime_complete":"2026-03-20T17:42:11.954349"}
{"op_code":4,"worker_id":"1ef43f8c-1d7e-43d9-b5c7-7ff0147e7096-139679950972736","study_id":0,"datetime_start":"2026-03-20T17:42:11.975506"}
{"op_code":5,"worker_id":"1ef43f8c-1d7e-43d9-b5c7-7ff0147e7096-139679950972736","trial_id":42,"param_name":"n_estimators","param_value_internal":148.0,"distribution":"{\"name\": \"IntDistribution\", \"attributes\": {\"log\": false, \"step\": 1, \"low\": 50, \"high\": 200}}"}
{"op_code":5,"worker_id":"1ef43f8c-1d7e-43d9-b5c7-7ff0147e7096-139679950972736","trial_id":42,"param_name":"min_samples_split","param_value_internal":19.0,"distribution":"{\"name\": \"IntDistribution\", \"attributes\": {\"log\": false, \"step\": 1, \"low\": 5, \"high\": 20}}"}
{"op_code":5,"worker_id":"1ef43f8c-1d7e-43d9-b5c7-7ff0147e7096-139679950972736","trial_id":42,"param_name":"min_samples_leaf","param_value_internal":13.0,"distribution":"{\"name\": \"IntDistribution\", \"attributes\": {\"log\": false, \"step\": 1, \"low\": 5, \"high\": 20}}"}
{"op_code":6,"worker_id":"1ef43f8c-1d7e-43d9-b5c7-7ff0147e7096-139679950972736","trial_id":42,"state":1,"values":[0.7831032476919444],"datetime_complete":"2026-03-20T17:42:32.467022"}
{"op_code":4,"worker_id":"1ef43f8c-1d7e-43d9-b5c7-7ff0147e7096-139679950972736","study_id":0,"datetime_start":"2026-03-20T17:42:32.491577"}
{"op_code":5,"worker_id":"1ef43f8c-1d7e-43d9-b5c7-7ff0147e7096-139679950972736","trial_id":43,"param_name":"n_estimators","param_value_internal":105.0,"distribution":"{\"name\": \"IntDistribution\", \"attributes\": {\"log\": false, \"step\": 1, \"low\": 50, \"high\": 200}}"}
{"op_code":5,"worker_id":"1ef43f8c-1d7e-43d9-b5c7-7ff0147e7096-139679950972736","trial_id":43,"param_name":"min_samples_split","param_value_internal":17.0,"distribution":"{\"name\": \"IntDistribution\", \"attributes\": {\"log\": false, \"step\": 1, \"low\": 5, \"high\": 20}}"}
{"op_code":5,"worker_id":"1ef43f8c-1d7e-43d9-b5c7-7ff0147e7096-139679950972736","trial_id":43,"param_name":"min_samples_leaf","param_value_internal":9.0,"distribution":"{\"name\": \"IntDistribution\", \"attributes\": {\"log\": false, \"step\": 1, \"low\": 5, \"high\": 20}}"}
{"op_code":6,"worker_id":"1ef43f8c-1d7e-43d9-b5c7-7ff0147e7096-139679950972736","trial_id":43,"state":1,"values":[0.7819744170107873],"datetime_complete":"2026-03-20T17:42:49.551478"}
{"op_code":4,"worker_id":"1ef43f8c-1d7e-43d9-b5c7-7ff0147e7096-139679950972736","study_id":0,"datetime_start":"2026-03-20T17:42:49.571483"}
{"op_code":5,"worker_id":"1ef43f8c-1d7e-43d9-b5c7-7ff0147e7096-139679950972736","trial_id":44,"param_name":"n_estimators","param_value_internal":135.0,"distribution":"{\"name\": \"IntDistribution\", \"attributes\": {\"log\": false, \"step\": 1, \"low\": 50, \"high\": 200}}"}
{"op_code":5,"worker_id":"1ef43f8c-1d7e-43d9-b5c7-7ff0147e7096-139679950972736","trial_id":44,"param_name":"min_samples_split","param_value_internal":20.0,"distribution":"{\"name\": \"IntDistribution\", \"attributes\": {\"log\": false, \"step\": 1, \"low\": 5, \"high\": 20}}"}
{"op_code":5,"worker_id":"1ef43f8c-1d7e-43d9-b5c7-7ff0147e7096-139679950972736","trial_id":44,"param_name":"min_samples_leaf","param_value_internal":10.0,"distribution":"{\"name\": \"IntDistribution\", \"attributes\": {\"log\": false, \"step\": 1, \"low\": 5, \"high\": 20}}"}
{"op_code":6,"worker_id":"1ef43f8c-1d7e-43d9-b5c7-7ff0147e7096-139679950972736","trial_id":44,"state":1,"values":[0.7858850090133674],"datetime_complete":"2026-03-20T17:43:11.096984"}
{"op_code":4,"worker_id":"1ef43f8c-1d7e-43d9-b5c7-7ff0147e7096-139679950972736","study_id":0,"datetime_start":"2026-03-20T17:43:11.126385"}
{"op_code":5,"worker_id":"1ef43f8c-1d7e-43d9-b5c7-7ff0147e7096-139679950972736","trial_id":45,"param_name":"n_estimators","param_value_internal":169.0,"distribution":"{\"name\": \"IntDistribution\", \"attributes\": {\"log\": false, \"step\": 1, \"low\": 50, \"high\": 200}}"}
{"op_code":5,"worker_id":"1ef43f8c-1d7e-43d9-b5c7-7ff0147e7096-139679950972736","trial_id":45,"param_name":"min_samples_split","param_value_internal":19.0,"distribution":"{\"name\": \"IntDistribution\", \"attributes\": {\"log\": false, \"step\": 1, \"low\": 5, \"high\": 20}}"}
{"op_code":5,"worker_id":"1ef43f8c-1d7e-43d9-b5c7-7ff0147e7096-139679950972736","trial_id":45,"param_name":"min_samples_leaf","param_value_internal":12.0,"distribution":"{\"name\": \"IntDistribution\", \"attributes\": {\"log\": false, \"step\": 1, \"low\": 5, \"high\": 20}}"}
{"op_code":6,"worker_id":"1ef43f8c-1d7e-43d9-b5c7-7ff0147e7096-139679950972736","trial_id":45,"state":1,"values":[0.7826079444338857],"datetime_complete":"2026-03-20T17:43:36.304454"}
{"op_code":4,"worker_id":"1ef43f8c-1d7e-43d9-b5c7-7ff0147e7096-139679950972736","study_id":0,"datetime_start":"2026-03-20T17:43:51.219824"}
{"op_code":5,"worker_id":"1ef43f8c-1d7e-43d9-b5c7-7ff0147e7096-139679950972736","trial_id":46,"param_name":"n_estimators","param_value_internal":112.0,"distribution":"{\"name\": \"IntDistribution\", \"attributes\": {\"log\": false, \"step\": 1, \"low\": 50, \"high\": 200}}"}
{"op_code":5,"worker_id":"1ef43f8c-1d7e-43d9-b5c7-7ff0147e7096-139679950972736","trial_id":46,"param_name":"min_samples_split","param_value_internal":18.0,"distribution":"{\"name\": \"IntDistribution\", \"attributes\": {\"log\": false, \"step\": 1, \"low\": 5, \"high\": 20}}"}
{"op_code":5,"worker_id":"1ef43f8c-1d7e-43d9-b5c7-7ff0147e7096-139679950972736","trial_id":46,"param_name":"min_samples_leaf","param_value_internal":8.0,"distribution":"{\"name\": \"IntDistribution\", \"attributes\": {\"log\": false, \"step\": 1, \"low\": 5, \"high\": 20}}"}
{"op_code":6,"worker_id":"1ef43f8c-1d7e-43d9-b5c7-7ff0147e7096-139679950972736","trial_id":46,"state":1,"values":[0.7808455863296301],"datetime_complete":"2026-03-20T17:44:10.771001"}
{"op_code":4,"worker_id":"1ef43f8c-1d7e-43d9-b5c7-7ff0147e7096-139679950972736","study_id":0,"datetime_start":"2026-03-20T17:44:10.799555"}
{"op_code":5,"worker_id":"1ef43f8c-1d7e-43d9-b5c7-7ff0147e7096-139679950972736","trial_id":47,"param_name":"n_estimators","param_value_internal":189.0,"distribution":"{\"name\": \"IntDistribution\", \"attributes\": {\"log\": false, \"step\": 1, \"low\": 50, \"high\": 200}}"}
{"op_code":5,"worker_id":"1ef43f8c-1d7e-43d9-b5c7-7ff0147e7096-139679950972736","trial_id":47,"param_name":"min_samples_split","param_value_internal":16.0,"distribution":"{\"name\": \"IntDistribution\", \"attributes\": {\"log\": false, \"step\": 1, \"low\": 5, \"high\": 20}}"}
{"op_code":5,"worker_id":"1ef43f8c-1d7e-43d9-b5c7-7ff0147e7096-139679950972736","trial_id":47,"param_name":"min_samples_leaf","param_value_internal":7.0,"distribution":"{\"name\": \"IntDistribution\", \"attributes\": {\"log\": false, \"step\": 1, \"low\": 5, \"high\": 20}}"}
{"op_code":6,"worker_id":"1ef43f8c-1d7e-43d9-b5c7-7ff0147e7096-139679950972736","trial_id":47,"state":1,"values":[0.782878633423755],"datetime_complete":"2026-03-20T17:44:45.523588"}
{"op_code":4,"worker_id":"1ef43f8c-1d7e-43d9-b5c7-7ff0147e7096-139679950972736","study_id":0,"datetime_start":"2026-03-20T17:44:45.545571"}
{"op_code":5,"worker_id":"1ef43f8c-1d7e-43d9-b5c7-7ff0147e7096-139679950972736","trial_id":48,"param_name":"n_estimators","param_value_internal":51.0,"distribution":"{\"name\": \"IntDistribution\", \"attributes\": {\"log\": false, \"step\": 1, \"low\": 50, \"high\": 200}}"}
{"op_code":5,"worker_id":"1ef43f8c-1d7e-43d9-b5c7-7ff0147e7096-139679950972736","trial_id":48,"param_name":"min_samples_split","param_value_internal":17.0,"distribution":"{\"name\": \"IntDistribution\", \"attributes\": {\"log\": false, \"step\": 1, \"low\": 5, \"high\": 20}}"}
{"op_code":5,"worker_id":"1ef43f8c-1d7e-43d9-b5c7-7ff0147e7096-139679950972736","trial_id":48,"param_name":"min_samples_leaf","param_value_internal":14.0,"distribution":"{\"name\": \"IntDistribution\", \"attributes\": {\"log\": false, \"step\": 1, \"low\": 5, \"high\": 20}}"}
{"op_code":6,"worker_id":"1ef43f8c-1d7e-43d9-b5c7-7ff0147e7096-139679950972736","trial_id":48,"state":1,"values":[0.7840189827853321],"datetime_complete":"2026-03-20T17:44:52.806150"}
{"op_code":4,"worker_id":"1ef43f8c-1d7e-43d9-b5c7-7ff0147e7096-139679950972736","study_id":0,"datetime_start":"2026-03-20T17:44:52.826138"}
{"op_code":5,"worker_id":"1ef43f8c-1d7e-43d9-b5c7-7ff0147e7096-139679950972736","trial_id":49,"param_name":"n_estimators","param_value_internal":160.0,"distribution":"{\"name\": \"IntDistribution\", \"attributes\": {\"log\": false, \"step\": 1, \"low\": 50, \"high\": 200}}"}
{"op_code":5,"worker_id":"1ef43f8c-1d7e-43d9-b5c7-7ff0147e7096-139679950972736","trial_id":49,"param_name":"min_samples_split","param_value_internal":13.0,"distribution":"{\"name\": \"IntDistribution\", \"attributes\": {\"log\": false, \"step\": 1, \"low\": 5, \"high\": 20}}"}
{"op_code":5,"worker_id":"1ef43f8c-1d7e-43d9-b5c7-7ff0147e7096-139679950972736","trial_id":49,"param_name":"min_samples_leaf","param_value_internal":12.0,"distribution":"{\"name\": \"IntDistribution\", \"attributes\": {\"log\": false, \"step\": 1, \"low\": 5, \"high\": 20}}"}
{"op_code":6,"worker_id":"1ef43f8c-1d7e-43d9-b5c7-7ff0147e7096-139679950972736","trial_id":49,"state":1,"values":[0.781680690660078],"datetime_complete":"2026-03-20T17:45:16.095679"}
{"op_code":0,"worker_id":"a7b93c90-4563-487e-bf70-898c9570a58f-139679950972736","study_name":"rsf_tuning","directions":[2]}
{"op_code":4,"worker_id":"a7b93c90-4563-487e-bf70-898c9570a58f-139679950972736","study_id":0,"datetime_start":"2026-03-20T17:52:30.926519"}
{"op_code":5,"worker_id":"a7b93c90-4563-487e-bf70-898c9570a58f-139679950972736","trial_id":50,"param_name":"n_estimators","param_value_internal":141.0,"distribution":"{\"name\": \"IntDistribution\", \"attributes\": {\"log\": false, \"step\": 1, \"low\": 50, \"high\": 200}}"}
{"op_code":5,"worker_id":"a7b93c90-4563-487e-bf70-898c9570a58f-139679950972736","trial_id":50,"param_name":"min_samples_split","param_value_internal":19.0,"distribution":"{\"name\": \"IntDistribution\", \"attributes\": {\"log\": false, \"step\": 1, \"low\": 5, \"high\": 20}}"}
{"op_code":5,"worker_id":"a7b93c90-4563-487e-bf70-898c9570a58f-139679950972736","trial_id":50,"param_name":"min_samples_leaf","param_value_internal":10.0,"distribution":"{\"name\": \"IntDistribution\", \"attributes\": {\"log\": false, \"step\": 1, \"low\": 5, \"high\": 20}}"}
{"op_code":6,"worker_id":"a7b93c90-4563-487e-bf70-898c9570a58f-139679950972736","trial_id":50,"state":1,"values":[0.7788610952086084],"datetime_complete":"2026-03-20T17:52:54.043399"}
{"op_code":4,"worker_id":"a7b93c90-4563-487e-bf70-898c9570a58f-139679950972736","study_id":0,"datetime_start":"2026-03-20T17:52:54.070045"}
{"op_code":5,"worker_id":"a7b93c90-4563-487e-bf70-898c9570a58f-139679950972736","trial_id":51,"param_name":"n_estimators","param_value_internal":185.0,"distribution":"{\"name\": \"IntDistribution\", \"attributes\": {\"log\": false, \"step\": 1, \"low\": 50, \"high\": 200}}"}
{"op_code":5,"worker_id":"a7b93c90-4563-487e-bf70-898c9570a58f-139679950972736","trial_id":51,"param_name":"min_samples_split","param_value_internal":17.0,"distribution":"{\"name\": \"IntDistribution\", \"attributes\": {\"log\": false, \"step\": 1, \"low\": 5, \"high\": 20}}"}
{"op_code":5,"worker_id":"a7b93c90-4563-487e-bf70-898c9570a58f-139679950972736","trial_id":51,"param_name":"min_samples_leaf","param_value_internal":12.0,"distribution":"{\"name\": \"IntDistribution\", \"attributes\": {\"log\": false, \"step\": 1, \"low\": 5, \"high\": 20}}"}
{"op_code":6,"worker_id":"a7b93c90-4563-487e-bf70-898c9570a58f-139679950972736","trial_id":51,"state":1,"values":[0.7808239184026358],"datetime_complete":"2026-03-20T17:53:21.609059"}
{"op_code":4,"worker_id":"a7b93c90-4563-487e-bf70-898c9570a58f-139679950972736","study_id":0,"datetime_start":"2026-03-20T17:53:21.633622"}
{"op_code":5,"worker_id":"a7b93c90-4563-487e-bf70-898c9570a58f-139679950972736","trial_id":52,"param_name":"n_estimators","param_value_internal":179.0,"distribution":"{\"name\": \"IntDistribution\", \"attributes\": {\"log\": false, \"step\": 1, \"low\": 50, \"high\": 200}}"}
{"op_code":5,"worker_id":"a7b93c90-4563-487e-bf70-898c9570a58f-139679950972736","trial_id":52,"param_name":"min_samples_split","param_value_internal":18.0,"distribution":"{\"name\": \"IntDistribution\", \"attributes\": {\"log\": false, \"step\": 1, \"low\": 5, \"high\": 20}}"}
{"op_code":5,"worker_id":"a7b93c90-4563-487e-bf70-898c9570a58f-139679950972736","trial_id":52,"param_name":"min_samples_leaf","param_value_internal":11.0,"distribution":"{\"name\": \"IntDistribution\", \"attributes\": {\"log\": false, \"step\": 1, \"low\": 5, \"high\": 20}}"}
{"op_code":6,"worker_id":"a7b93c90-4563-487e-bf70-898c9570a58f-139679950972736","trial_id":52,"state":1,"values":[0.7802747952471638],"datetime_complete":"2026-03-20T17:53:49.754414"}
{"op_code":4,"worker_id":"a7b93c90-4563-487e-bf70-898c9570a58f-139679950972736","study_id":0,"datetime_start":"2026-03-20T17:54:02.368710"}
{"op_code":5,"worker_id":"a7b93c90-4563-487e-bf70-898c9570a58f-139679950972736","trial_id":53,"param_name":"n_estimators","param_value_internal":124.0,"distribution":"{\"name\": \"IntDistribution\", \"attributes\": {\"log\": false, \"step\": 1, \"low\": 50, \"high\": 200}}"}
{"op_code":5,"worker_id":"a7b93c90-4563-487e-bf70-898c9570a58f-139679950972736","trial_id":53,"param_name":"min_samples_split","param_value_internal":20.0,"distribution":"{\"name\": \"IntDistribution\", \"attributes\": {\"log\": false, \"step\": 1, \"low\": 5, \"high\": 20}}"}
{"op_code":5,"worker_id":"a7b93c90-4563-487e-bf70-898c9570a58f-139679950972736","trial_id":53,"param_name":"min_samples_leaf","param_value_internal":9.0,"distribution":"{\"name\": \"IntDistribution\", \"attributes\": {\"log\": false, \"step\": 1, \"low\": 5, \"high\": 20}}"}
{"op_code":6,"worker_id":"a7b93c90-4563-487e-bf70-898c9570a58f-139679950972736","trial_id":53,"state":1,"values":[0.7772721430991576],"datetime_complete":"2026-03-20T17:54:30.346614"}
{"op_code":4,"worker_id":"a7b93c90-4563-487e-bf70-898c9570a58f-139679950972736","study_id":0,"datetime_start":"2026-03-20T17:54:30.366061"}
{"op_code":5,"worker_id":"a7b93c90-4563-487e-bf70-898c9570a58f-139679950972736","trial_id":54,"param_name":"n_estimators","param_value_internal":172.0,"distribution":"{\"name\": \"IntDistribution\", \"attributes\": {\"log\": false, \"step\": 1, \"low\": 50, \"high\": 200}}"}
{"op_code":5,"worker_id":"a7b93c90-4563-487e-bf70-898c9570a58f-139679950972736","trial_id":54,"param_name":"min_samples_split","param_value_internal":16.0,"distribution":"{\"name\": \"IntDistribution\", \"attributes\": {\"log\": false, \"step\": 1, \"low\": 5, \"high\": 20}}"}
{"op_code":5,"worker_id":"a7b93c90-4563-487e-bf70-898c9570a58f-139679950972736","trial_id":54,"param_name":"min_samples_leaf","param_value_internal":13.0,"distribution":"{\"name\": \"IntDistribution\", \"attributes\": {\"log\": false, \"step\": 1, \"low\": 5, \"high\": 20}}"}
{"op_code":6,"worker_id":"a7b93c90-4563-487e-bf70-898c9570a58f-139679950972736","trial_id":54,"state":1,"values":[0.7799126076339802],"datetime_complete":"2026-03-20T17:54:55.045058"}
{"op_code":4,"worker_id":"a7b93c90-4563-487e-bf70-898c9570a58f-139679950972736","study_id":0,"datetime_start":"2026-03-20T17:54:55.083460"}
{"op_code":5,"worker_id":"a7b93c90-4563-487e-bf70-898c9570a58f-139679950972736","trial_id":55,"param_name":"n_estimators","param_value_internal":192.0,"distribution":"{\"name\": \"IntDistribution\", \"attributes\": {\"log\": false, \"step\": 1, \"low\": 50, \"high\": 200}}"}
{"op_code":5,"worker_id":"a7b93c90-4563-487e-bf70-898c9570a58f-139679950972736","trial_id":55,"param_name":"min_samples_split","param_value_internal":17.0,"distribution":"{\"name\": \"IntDistribution\", \"attributes\": {\"log\": false, \"step\": 1, \"low\": 5, \"high\": 20}}"}
{"op_code":5,"worker_id":"a7b93c90-4563-487e-bf70-898c9570a58f-139679950972736","trial_id":55,"param_name":"min_samples_leaf","param_value_internal":10.0,"distribution":"{\"name\": \"IntDistribution\", \"attributes\": {\"log\": false, \"step\": 1, \"low\": 5, \"high\": 20}}"}
{"op_code":6,"worker_id":"a7b93c90-4563-487e-bf70-898c9570a58f-139679950972736","trial_id":55,"state":1,"values":[0.7796906216775128],"datetime_complete":"2026-03-20T17:55:25.883292"}
{"op_code":4,"worker_id":"a7b93c90-4563-487e-bf70-898c9570a58f-139679950972736","study_id":0,"datetime_start":"2026-03-20T17:55:25.901259"}
{"op_code":5,"worker_id":"a7b93c90-4563-487e-bf70-898c9570a58f-139679950972736","trial_id":56,"param_name":"n_estimators","param_value_internal":154.0,"distribution":"{\"name\": \"IntDistribution\", \"attributes\": {\"log\": false, \"step\": 1, \"low\": 50, \"high\": 200}}"}
{"op_code":5,"worker_id":"a7b93c90-4563-487e-bf70-898c9570a58f-139679950972736","trial_id":56,"param_name":"min_samples_split","param_value_internal":15.0,"distribution":"{\"name\": \"IntDistribution\", \"attributes\": {\"log\": false, \"step\": 1, \"low\": 5, \"high\": 20}}"}
{"op_code":5,"worker_id":"a7b93c90-4563-487e-bf70-898c9570a58f-139679950972736","trial_id":56,"param_name":"min_samples_leaf","param_value_internal":15.0,"distribution":"{\"name\": \"IntDistribution\", \"attributes\": {\"log\": false, \"step\": 1, \"low\": 5, \"high\": 20}}"}
{"op_code":6,"worker_id":"a7b93c90-4563-487e-bf70-898c9570a58f-139679950972736","trial_id":56,"state":1,"values":[0.7799943919337313],"datetime_complete":"2026-03-20T17:55:46.859920"}
{"op_code":4,"worker_id":"a7b93c90-4563-487e-bf70-898c9570a58f-139679950972736","study_id":0,"datetime_start":"2026-03-20T17:55:46.873935"}
{"op_code":5,"worker_id":"a7b93c90-4563-487e-bf70-898c9570a58f-139679950972736","trial_id":57,"param_name":"n_estimators","param_value_internal":134.0,"distribution":"{\"name\": \"IntDistribution\", \"attributes\": {\"log\": false, \"step\": 1, \"low\": 50, \"high\": 200}}"}
{"op_code":5,"worker_id":"a7b93c90-4563-487e-bf70-898c9570a58f-139679950972736","trial_id":57,"param_name":"min_samples_split","param_value_internal":19.0,"distribution":"{\"name\": \"IntDistribution\", \"attributes\": {\"log\": false, \"step\": 1, \"low\": 5, \"high\": 20}}"}
{"op_code":5,"worker_id":"a7b93c90-4563-487e-bf70-898c9570a58f-139679950972736","trial_id":57,"param_name":"min_samples_leaf","param_value_internal":12.0,"distribution":"{\"name\": \"IntDistribution\", \"attributes\": {\"log\": false, \"step\": 1, \"low\": 5, \"high\": 20}}"}
{"op_code":6,"worker_id":"a7b93c90-4563-487e-bf70-898c9570a58f-139679950972736","trial_id":57,"state":1,"values":[0.7810342208877101],"datetime_complete":"2026-03-20T17:56:07.119486"}
{"op_code":4,"worker_id":"a7b93c90-4563-487e-bf70-898c9570a58f-139679950972736","study_id":0,"datetime_start":"2026-03-20T17:56:07.130472"}
{"op_code":5,"worker_id":"a7b93c90-4563-487e-bf70-898c9570a58f-139679950972736","trial_id":58,"param_name":"n_estimators","param_value_internal":105.0,"distribution":"{\"name\": \"IntDistribution\", \"attributes\": {\"log\": false, \"step\": 1, \"low\": 50, \"high\": 200}}"}
{"op_code":5,"worker_id":"a7b93c90-4563-487e-bf70-898c9570a58f-139679950972736","trial_id":58,"param_name":"min_samples_split","param_value_internal":18.0,"distribution":"{\"name\": \"IntDistribution\", \"attributes\": {\"log\": false, \"step\": 1, \"low\": 5, \"high\": 20}}"}
{"op_code":5,"worker_id":"a7b93c90-4563-487e-bf70-898c9570a58f-139679950972736","trial_id":58,"param_name":"min_samples_leaf","param_value_internal":11.0,"distribution":"{\"name\": \"IntDistribution\", \"attributes\": {\"log\": false, \"step\": 1, \"low\": 5, \"high\": 20}}"}
{"op_code":6,"worker_id":"a7b93c90-4563-487e-bf70-898c9570a58f-139679950972736","trial_id":58,"state":1,"values":[0.777792057576147],"datetime_complete":"2026-03-20T17:56:23.937915"}
{"op_code":4,"worker_id":"a7b93c90-4563-487e-bf70-898c9570a58f-139679950972736","study_id":0,"datetime_start":"2026-03-20T17:56:24.676486"}
{"op_code":5,"worker_id":"a7b93c90-4563-487e-bf70-898c9570a58f-139679950972736","trial_id":59,"param_name":"n_estimators","param_value_internal":91.0,"distribution":"{\"name\": \"IntDistribution\", \"attributes\": {\"log\": false, \"step\": 1, \"low\": 50, \"high\": 200}}"}
{"op_code":5,"worker_id":"a7b93c90-4563-487e-bf70-898c9570a58f-139679950972736","trial_id":59,"param_name":"min_samples_split","param_value_internal":14.0,"distribution":"{\"name\": \"IntDistribution\", \"attributes\": {\"log\": false, \"step\": 1, \"low\": 5, \"high\": 20}}"}
{"op_code":5,"worker_id":"a7b93c90-4563-487e-bf70-898c9570a58f-139679950972736","trial_id":59,"param_name":"min_samples_leaf","param_value_internal":15.0,"distribution":"{\"name\": \"IntDistribution\", \"attributes\": {\"log\": false, \"step\": 1, \"low\": 5, \"high\": 20}}"}
{"op_code":6,"worker_id":"a7b93c90-4563-487e-bf70-898c9570a58f-139679950972736","trial_id":59,"state":1,"values":[0.7782477129604748],"datetime_complete":"2026-03-20T17:56:37.550387"}
{"op_code":0,"worker_id":"ea7bfc31-034d-41b2-90f6-f931ef5a9f21-139679950972736","study_name":"rsf_tuning","directions":[2]}
{"op_code":4,"worker_id":"ea7bfc31-034d-41b2-90f6-f931ef5a9f21-139679950972736","study_id":0,"datetime_start":"2026-03-20T18:05:02.145664"}
{"op_code":5,"worker_id":"ea7bfc31-034d-41b2-90f6-f931ef5a9f21-139679950972736","trial_id":60,"param_name":"n_estimators","param_value_internal":97.0,"distribution":"{\"name\": \"IntDistribution\", \"attributes\": {\"log\": false, \"step\": 1, \"low\": 50, \"high\": 200}}"}
{"op_code":5,"worker_id":"ea7bfc31-034d-41b2-90f6-f931ef5a9f21-139679950972736","trial_id":60,"param_name":"min_samples_split","param_value_internal":15.0,"distribution":"{\"name\": \"IntDistribution\", \"attributes\": {\"log\": false, \"step\": 1, \"low\": 5, \"high\": 20}}"}
{"op_code":5,"worker_id":"ea7bfc31-034d-41b2-90f6-f931ef5a9f21-139679950972736","trial_id":60,"param_name":"min_samples_leaf","param_value_internal":8.0,"distribution":"{\"name\": \"IntDistribution\", \"attributes\": {\"log\": false, \"step\": 1, \"low\": 5, \"high\": 20}}"}
{"op_code":6,"worker_id":"ea7bfc31-034d-41b2-90f6-f931ef5a9f21-139679950972736","trial_id":60,"state":1,"values":[0.7875435266167445],"datetime_complete":"2026-03-20T18:05:19.709127"}
{"op_code":4,"worker_id":"ea7bfc31-034d-41b2-90f6-f931ef5a9f21-139679950972736","study_id":0,"datetime_start":"2026-03-20T18:05:19.725303"}
{"op_code":5,"worker_id":"ea7bfc31-034d-41b2-90f6-f931ef5a9f21-139679950972736","trial_id":61,"param_name":"n_estimators","param_value_internal":200.0,"distribution":"{\"name\": \"IntDistribution\", \"attributes\": {\"log\": false, \"step\": 1, \"low\": 50, \"high\": 200}}"}
{"op_code":5,"worker_id":"ea7bfc31-034d-41b2-90f6-f931ef5a9f21-139679950972736","trial_id":61,"param_name":"min_samples_split","param_value_internal":20.0,"distribution":"{\"name\": \"IntDistribution\", \"attributes\": {\"log\": false, \"step\": 1, \"low\": 5, \"high\": 20}}"}
{"op_code":5,"worker_id":"ea7bfc31-034d-41b2-90f6-f931ef5a9f21-139679950972736","trial_id":61,"param_name":"min_samples_leaf","param_value_internal":12.0,"distribution":"{\"name\": \"IntDistribution\", \"attributes\": {\"log\": false, \"step\": 1, \"low\": 5, \"high\": 20}}"}
{"op_code":6,"worker_id":"ea7bfc31-034d-41b2-90f6-f931ef5a9f21-139679950972736","trial_id":61,"state":1,"values":[0.7887838168330092],"datetime_complete":"2026-03-20T18:05:50.063979"}
{"op_code":4,"worker_id":"ea7bfc31-034d-41b2-90f6-f931ef5a9f21-139679950972736","study_id":0,"datetime_start":"2026-03-20T18:06:46.115562"}
{"op_code":5,"worker_id":"ea7bfc31-034d-41b2-90f6-f931ef5a9f21-139679950972736","trial_id":62,"param_name":"n_estimators","param_value_internal":183.0,"distribution":"{\"name\": \"IntDistribution\", \"attributes\": {\"log\": false, \"step\": 1, \"low\": 50, \"high\": 200}}"}
{"op_code":5,"worker_id":"ea7bfc31-034d-41b2-90f6-f931ef5a9f21-139679950972736","trial_id":62,"param_name":"min_samples_split","param_value_internal":20.0,"distribution":"{\"name\": \"IntDistribution\", \"attributes\": {\"log\": false, \"step\": 1, \"low\": 5, \"high\": 20}}"}
{"op_code":5,"worker_id":"ea7bfc31-034d-41b2-90f6-f931ef5a9f21-139679950972736","trial_id":62,"param_name":"min_samples_leaf","param_value_internal":11.0,"distribution":"{\"name\": \"IntDistribution\", \"attributes\": {\"log\": false, \"step\": 1, \"low\": 5, \"high\": 20}}"}
{"op_code":6,"worker_id":"ea7bfc31-034d-41b2-90f6-f931ef5a9f21-139679950972736","trial_id":62,"state":1,"values":[0.7894651030081405],"datetime_complete":"2026-03-20T18:07:57.360412"}
{"op_code":4,"worker_id":"ea7bfc31-034d-41b2-90f6-f931ef5a9f21-139679950972736","study_id":0,"datetime_start":"2026-03-20T18:07:57.375595"}
{"op_code":5,"worker_id":"ea7bfc31-034d-41b2-90f6-f931ef5a9f21-139679950972736","trial_id":63,"param_name":"n_estimators","param_value_internal":195.0,"distribution":"{\"name\": \"IntDistribution\", \"attributes\": {\"log\": false, \"step\": 1, \"low\": 50, \"high\": 200}}"}
{"op_code":5,"worker_id":"ea7bfc31-034d-41b2-90f6-f931ef5a9f21-139679950972736","trial_id":63,"param_name":"min_samples_split","param_value_internal":19.0,"distribution":"{\"name\": \"IntDistribution\", \"attributes\": {\"log\": false, \"step\": 1, \"low\": 5, \"high\": 20}}"}
{"op_code":5,"worker_id":"ea7bfc31-034d-41b2-90f6-f931ef5a9f21-139679950972736","trial_id":63,"param_name":"min_samples_leaf","param_value_internal":10.0,"distribution":"{\"name\": \"IntDistribution\", \"attributes\": {\"log\": false, \"step\": 1, \"low\": 5, \"high\": 20}}"}
{"op_code":6,"worker_id":"ea7bfc31-034d-41b2-90f6-f931ef5a9f21-139679950972736","trial_id":63,"state":1,"values":[0.7872232638848452],"datetime_complete":"2026-03-20T18:08:29.835030"}
{"op_code":4,"worker_id":"ea7bfc31-034d-41b2-90f6-f931ef5a9f21-139679950972736","study_id":0,"datetime_start":"2026-03-20T18:08:29.848862"}
{"op_code":5,"worker_id":"ea7bfc31-034d-41b2-90f6-f931ef5a9f21-139679950972736","trial_id":64,"param_name":"n_estimators","param_value_internal":127.0,"distribution":"{\"name\": \"IntDistribution\", \"attributes\": {\"log\": false, \"step\": 1, \"low\": 50, \"high\": 200}}"}
{"op_code":5,"worker_id":"ea7bfc31-034d-41b2-90f6-f931ef5a9f21-139679950972736","trial_id":64,"param_name":"min_samples_split","param_value_internal":18.0,"distribution":"{\"name\": \"IntDistribution\", \"attributes\": {\"log\": false, \"step\": 1, \"low\": 5, \"high\": 20}}"}
{"op_code":5,"worker_id":"ea7bfc31-034d-41b2-90f6-f931ef5a9f21-139679950972736","trial_id":64,"param_name":"min_samples_leaf","param_value_internal":13.0,"distribution":"{\"name\": \"IntDistribution\", \"attributes\": {\"log\": false, \"step\": 1, \"low\": 5, \"high\": 20}}"}
{"op_code":6,"worker_id":"ea7bfc31-034d-41b2-90f6-f931ef5a9f21-139679950972736","trial_id":64,"state":1,"values":[0.7905714651728837],"datetime_complete":"2026-03-20T18:08:48.201431"}
{"op_code":4,"worker_id":"ea7bfc31-034d-41b2-90f6-f931ef5a9f21-139679950972736","study_id":0,"datetime_start":"2026-03-20T18:08:48.211216"}
{"op_code":5,"worker_id":"ea7bfc31-034d-41b2-90f6-f931ef5a9f21-139679950972736","trial_id":65,"param_name":"n_estimators","param_value_internal":115.0,"distribution":"{\"name\": \"IntDistribution\", \"attributes\": {\"log\": false, \"step\": 1, \"low\": 50, \"high\": 200}}"}
{"op_code":5,"worker_id":"ea7bfc31-034d-41b2-90f6-f931ef5a9f21-139679950972736","trial_id":65,"param_name":"min_samples_split","param_value_internal":19.0,"distribution":"{\"name\": \"IntDistribution\", \"attributes\": {\"log\": false, \"step\": 1, \"low\": 5, \"high\": 20}}"}
{"op_code":5,"worker_id":"ea7bfc31-034d-41b2-90f6-f931ef5a9f21-139679950972736","trial_id":65,"param_name":"min_samples_leaf","param_value_internal":18.0,"distribution":"{\"name\": \"IntDistribution\", \"attributes\": {\"log\": false, \"step\": 1, \"low\": 5, \"high\": 20}}"}
{"op_code":6,"worker_id":"ea7bfc31-034d-41b2-90f6-f931ef5a9f21-139679950972736","trial_id":65,"state":1,"values":[0.7856277731841103],"datetime_complete":"2026-03-20T18:09:02.706638"}
{"op_code":4,"worker_id":"ea7bfc31-034d-41b2-90f6-f931ef5a9f21-139679950972736","study_id":0,"datetime_start":"2026-03-20T18:09:02.721427"}
{"op_code":5,"worker_id":"ea7bfc31-034d-41b2-90f6-f931ef5a9f21-139679950972736","trial_id":66,"param_name":"n_estimators","param_value_internal":188.0,"distribution":"{\"name\": \"IntDistribution\", \"attributes\": {\"log\": false, \"step\": 1, \"low\": 50, \"high\": 200}}"}
{"op_code":5,"worker_id":"ea7bfc31-034d-41b2-90f6-f931ef5a9f21-139679950972736","trial_id":66,"param_name":"min_samples_split","param_value_internal":20.0,"distribution":"{\"name\": \"IntDistribution\", \"attributes\": {\"log\": false, \"step\": 1, \"low\": 5, \"high\": 20}}"}
{"op_code":5,"worker_id":"ea7bfc31-034d-41b2-90f6-f931ef5a9f21-139679950972736","trial_id":66,"param_name":"min_samples_leaf","param_value_internal":9.0,"distribution":"{\"name\": \"IntDistribution\", \"attributes\": {\"log\": false, \"step\": 1, \"low\": 5, \"high\": 20}}"}
{"op_code":6,"worker_id":"ea7bfc31-034d-41b2-90f6-f931ef5a9f21-139679950972736","trial_id":66,"state":1,"values":[0.7892205387401446],"datetime_complete":"2026-03-20T18:09:34.566504"}
{"op_code":4,"worker_id":"ea7bfc31-034d-41b2-90f6-f931ef5a9f21-139679950972736","study_id":0,"datetime_start":"2026-03-20T18:09:34.582157"}
{"op_code":5,"worker_id":"ea7bfc31-034d-41b2-90f6-f931ef5a9f21-139679950972736","trial_id":67,"param_name":"n_estimators","param_value_internal":163.0,"distribution":"{\"name\": \"IntDistribution\", \"attributes\": {\"log\": false, \"step\": 1, \"low\": 50, \"high\": 200}}"}
{"op_code":5,"worker_id":"ea7bfc31-034d-41b2-90f6-f931ef5a9f21-139679950972736","trial_id":67,"param_name":"min_samples_split","param_value_internal":5.0,"distribution":"{\"name\": \"IntDistribution\", \"attributes\": {\"log\": false, \"step\": 1, \"low\": 5, \"high\": 20}}"}
{"op_code":5,"worker_id":"ea7bfc31-034d-41b2-90f6-f931ef5a9f21-139679950972736","trial_id":67,"param_name":"min_samples_leaf","param_value_internal":11.0,"distribution":"{\"name\": \"IntDistribution\", \"attributes\": {\"log\": false, \"step\": 1, \"low\": 5, \"high\": 20}}"}
{"op_code":6,"worker_id":"ea7bfc31-034d-41b2-90f6-f931ef5a9f21-139679950972736","trial_id":67,"state":1,"values":[0.7894301652555696],"datetime_complete":"2026-03-20T18:09:59.927225"}
{"op_code":4,"worker_id":"ea7bfc31-034d-41b2-90f6-f931ef5a9f21-139679950972736","study_id":0,"datetime_start":"2026-03-20T18:10:00.697065"}
{"op_code":5,"worker_id":"ea7bfc31-034d-41b2-90f6-f931ef5a9f21-139679950972736","trial_id":68,"param_name":"n_estimators","param_value_internal":122.0,"distribution":"{\"name\": \"IntDistribution\", \"attributes\": {\"log\": false, \"step\": 1, \"low\": 50, \"high\": 200}}"}
{"op_code":5,"worker_id":"ea7bfc31-034d-41b2-90f6-f931ef5a9f21-139679950972736","trial_id":68,"param_name":"min_samples_split","param_value_internal":16.0,"distribution":"{\"name\": \"IntDistribution\", \"attributes\": {\"log\": false, \"step\": 1, \"low\": 5, \"high\": 20}}"}
{"op_code":5,"worker_id":"ea7bfc31-034d-41b2-90f6-f931ef5a9f21-139679950972736","trial_id":68,"param_name":"min_samples_leaf","param_value_internal":12.0,"distribution":"{\"name\": \"IntDistribution\", \"attributes\": {\"log\": false, \"step\": 1, \"low\": 5, \"high\": 20}}"}
{"op_code":6,"worker_id":"ea7bfc31-034d-41b2-90f6-f931ef5a9f21-139679950972736","trial_id":68,"state":1,"values":[0.7877123924208369],"datetime_complete":"2026-03-20T18:10:19.463928"}
{"op_code":4,"worker_id":"ea7bfc31-034d-41b2-90f6-f931ef5a9f21-139679950972736","study_id":0,"datetime_start":"2026-03-20T18:10:19.487122"}
{"op_code":5,"worker_id":"ea7bfc31-034d-41b2-90f6-f931ef5a9f21-139679950972736","trial_id":69,"param_name":"n_estimators","param_value_internal":84.0,"distribution":"{\"name\": \"IntDistribution\", \"attributes\": {\"log\": false, \"step\": 1, \"low\": 50, \"high\": 200}}"}
{"op_code":5,"worker_id":"ea7bfc31-034d-41b2-90f6-f931ef5a9f21-139679950972736","trial_id":69,"param_name":"min_samples_split","param_value_internal":18.0,"distribution":"{\"name\": \"IntDistribution\", \"attributes\": {\"log\": false, \"step\": 1, \"low\": 5, \"high\": 20}}"}
{"op_code":5,"worker_id":"ea7bfc31-034d-41b2-90f6-f931ef5a9f21-139679950972736","trial_id":69,"param_name":"min_samples_leaf","param_value_internal":14.0,"distribution":"{\"name\": \"IntDistribution\", \"attributes\": {\"log\": false, \"step\": 1, \"low\": 5, \"high\": 20}}"}
{"op_code":6,"worker_id":"ea7bfc31-034d-41b2-90f6-f931ef5a9f21-139679950972736","trial_id":69,"state":1,"values":[0.7875144118229355],"datetime_complete":"2026-03-20T18:10:31.410686"}
{"op_code":0,"worker_id":"e37aaba6-1b2a-43d0-877b-1bab2b27489c-139679950972736","study_name":"rsf_tuning","directions":[2]}
{"op_code":4,"worker_id":"e37aaba6-1b2a-43d0-877b-1bab2b27489c-139679950972736","study_id":0,"datetime_start":"2026-03-20T18:19:17.412381"}
{"op_code":5,"worker_id":"e37aaba6-1b2a-43d0-877b-1bab2b27489c-139679950972736","trial_id":70,"param_name":"n_estimators","param_value_internal":177.0,"distribution":"{\"name\": \"IntDistribution\", \"attributes\": {\"log\": false, \"step\": 1, \"low\": 50, \"high\": 200}}"}
{"op_code":5,"worker_id":"e37aaba6-1b2a-43d0-877b-1bab2b27489c-139679950972736","trial_id":70,"param_name":"min_samples_split","param_value_internal":8.0,"distribution":"{\"name\": \"IntDistribution\", \"attributes\": {\"log\": false, \"step\": 1, \"low\": 5, \"high\": 20}}"}
{"op_code":5,"worker_id":"e37aaba6-1b2a-43d0-877b-1bab2b27489c-139679950972736","trial_id":70,"param_name":"min_samples_leaf","param_value_internal":13.0,"distribution":"{\"name\": \"IntDistribution\", \"attributes\": {\"log\": false, \"step\": 1, \"low\": 5, \"high\": 20}}"}
{"op_code":6,"worker_id":"e37aaba6-1b2a-43d0-877b-1bab2b27489c-139679950972736","trial_id":70,"state":1,"values":[0.8102457937438671],"datetime_complete":"2026-03-20T18:19:42.196191"}
{"op_code":4,"worker_id":"e37aaba6-1b2a-43d0-877b-1bab2b27489c-139679950972736","study_id":0,"datetime_start":"2026-03-20T18:19:42.208195"}
{"op_code":5,"worker_id":"e37aaba6-1b2a-43d0-877b-1bab2b27489c-139679950972736","trial_id":71,"param_name":"n_estimators","param_value_internal":179.0,"distribution":"{\"name\": \"IntDistribution\", \"attributes\": {\"log\": false, \"step\": 1, \"low\": 50, \"high\": 200}}"}
{"op_code":5,"worker_id":"e37aaba6-1b2a-43d0-877b-1bab2b27489c-139679950972736","trial_id":71,"param_name":"min_samples_split","param_value_internal":7.0,"distribution":"{\"name\": \"IntDistribution\", \"attributes\": {\"log\": false, \"step\": 1, \"low\": 5, \"high\": 20}}"}
{"op_code":5,"worker_id":"e37aaba6-1b2a-43d0-877b-1bab2b27489c-139679950972736","trial_id":71,"param_name":"min_samples_leaf","param_value_internal":16.0,"distribution":"{\"name\": \"IntDistribution\", \"attributes\": {\"log\": false, \"step\": 1, \"low\": 5, \"high\": 20}}"}
{"op_code":6,"worker_id":"e37aaba6-1b2a-43d0-877b-1bab2b27489c-139679950972736","trial_id":71,"state":1,"values":[0.8072541464231865],"datetime_complete":"2026-03-20T18:20:05.213287"}
{"op_code":4,"worker_id":"e37aaba6-1b2a-43d0-877b-1bab2b27489c-139679950972736","study_id":0,"datetime_start":"2026-03-20T18:20:05.232463"}
{"op_code":5,"worker_id":"e37aaba6-1b2a-43d0-877b-1bab2b27489c-139679950972736","trial_id":72,"param_name":"n_estimators","param_value_internal":176.0,"distribution":"{\"name\": \"IntDistribution\", \"attributes\": {\"log\": false, \"step\": 1, \"low\": 50, \"high\": 200}}"}
{"op_code":5,"worker_id":"e37aaba6-1b2a-43d0-877b-1bab2b27489c-139679950972736","trial_id":72,"param_name":"min_samples_split","param_value_internal":7.0,"distribution":"{\"name\": \"IntDistribution\", \"attributes\": {\"log\": false, \"step\": 1, \"low\": 5, \"high\": 20}}"}
{"op_code":5,"worker_id":"e37aaba6-1b2a-43d0-877b-1bab2b27489c-139679950972736","trial_id":72,"param_name":"min_samples_leaf","param_value_internal":17.0,"distribution":"{\"name\": \"IntDistribution\", \"attributes\": {\"log\": false, \"step\": 1, \"low\": 5, \"high\": 20}}"}
{"op_code":6,"worker_id":"e37aaba6-1b2a-43d0-877b-1bab2b27489c-139679950972736","trial_id":72,"state":1,"values":[0.8092346169494771],"datetime_complete":"2026-03-20T18:20:27.642978"}
{"op_code":4,"worker_id":"e37aaba6-1b2a-43d0-877b-1bab2b27489c-139679950972736","study_id":0,"datetime_start":"2026-03-20T18:20:27.672474"}
{"op_code":5,"worker_id":"e37aaba6-1b2a-43d0-877b-1bab2b27489c-139679950972736","trial_id":73,"param_name":"n_estimators","param_value_internal":176.0,"distribution":"{\"name\": \"IntDistribution\", \"attributes\": {\"log\": false, \"step\": 1, \"low\": 50, \"high\": 200}}"}
{"op_code":5,"worker_id":"e37aaba6-1b2a-43d0-877b-1bab2b27489c-139679950972736","trial_id":73,"param_name":"min_samples_split","param_value_internal":7.0,"distribution":"{\"name\": \"IntDistribution\", \"attributes\": {\"log\": false, \"step\": 1, \"low\": 5, \"high\": 20}}"}
{"op_code":5,"worker_id":"e37aaba6-1b2a-43d0-877b-1bab2b27489c-139679950972736","trial_id":73,"param_name":"min_samples_leaf","param_value_internal":18.0,"distribution":"{\"name\": \"IntDistribution\", \"attributes\": {\"log\": false, \"step\": 1, \"low\": 5, \"high\": 20}}"}
{"op_code":6,"worker_id":"e37aaba6-1b2a-43d0-877b-1bab2b27489c-139679950972736","trial_id":73,"state":1,"values":[0.8110415719311682],"datetime_complete":"2026-03-20T18:20:49.015225"}
{"op_code":4,"worker_id":"e37aaba6-1b2a-43d0-877b-1bab2b27489c-139679950972736","study_id":0,"datetime_start":"2026-03-20T18:20:49.029311"}
{"op_code":5,"worker_id":"e37aaba6-1b2a-43d0-877b-1bab2b27489c-139679950972736","trial_id":74,"param_name":"n_estimators","param_value_internal":176.0,"distribution":"{\"name\": \"IntDistribution\", \"attributes\": {\"log\": false, \"step\": 1, \"low\": 50, \"high\": 200}}"}
{"op_code":5,"worker_id":"e37aaba6-1b2a-43d0-877b-1bab2b27489c-139679950972736","trial_id":74,"param_name":"min_samples_split","param_value_internal":7.0,"distribution":"{\"name\": \"IntDistribution\", \"attributes\": {\"log\": false, \"step\": 1, \"low\": 5, \"high\": 20}}"}
{"op_code":5,"worker_id":"e37aaba6-1b2a-43d0-877b-1bab2b27489c-139679950972736","trial_id":74,"param_name":"min_samples_leaf","param_value_internal":17.0,"distribution":"{\"name\": \"IntDistribution\", \"attributes\": {\"log\": false, \"step\": 1, \"low\": 5, \"high\": 20}}"}
{"op_code":6,"worker_id":"e37aaba6-1b2a-43d0-877b-1bab2b27489c-139679950972736","trial_id":74,"state":1,"values":[0.8092346169494771],"datetime_complete":"2026-03-20T18:21:10.954538"}
{"op_code":4,"worker_id":"e37aaba6-1b2a-43d0-877b-1bab2b27489c-139679950972736","study_id":0,"datetime_start":"2026-03-20T18:21:10.967248"}
{"op_code":5,"worker_id":"e37aaba6-1b2a-43d0-877b-1bab2b27489c-139679950972736","trial_id":75,"param_name":"n_estimators","param_value_internal":177.0,"distribution":"{\"name\": \"IntDistribution\", \"attributes\": {\"log\": false, \"step\": 1, \"low\": 50, \"high\": 200}}"}
{"op_code":5,"worker_id":"e37aaba6-1b2a-43d0-877b-1bab2b27489c-139679950972736","trial_id":75,"param_name":"min_samples_split","param_value_internal":8.0,"distribution":"{\"name\": \"IntDistribution\", \"attributes\": {\"log\": false, \"step\": 1, \"low\": 5, \"high\": 20}}"}
{"op_code":5,"worker_id":"e37aaba6-1b2a-43d0-877b-1bab2b27489c-139679950972736","trial_id":75,"param_name":"min_samples_leaf","param_value_internal":17.0,"distribution":"{\"name\": \"IntDistribution\", \"attributes\": {\"log\": false, \"step\": 1, \"low\": 5, \"high\": 20}}"}
{"op_code":6,"worker_id":"e37aaba6-1b2a-43d0-877b-1bab2b27489c-139679950972736","trial_id":75,"state":1,"values":[0.8092705167173252],"datetime_complete":"2026-03-20T18:21:33.557018"}
{"op_code":4,"worker_id":"e37aaba6-1b2a-43d0-877b-1bab2b27489c-139679950972736","study_id":0,"datetime_start":"2026-03-20T18:21:33.583965"}
{"op_code":5,"worker_id":"e37aaba6-1b2a-43d0-877b-1bab2b27489c-139679950972736","trial_id":76,"param_name":"n_estimators","param_value_internal":175.0,"distribution":"{\"name\": \"IntDistribution\", \"attributes\": {\"log\": false, \"step\": 1, \"low\": 50, \"high\": 200}}"}
{"op_code":5,"worker_id":"e37aaba6-1b2a-43d0-877b-1bab2b27489c-139679950972736","trial_id":76,"param_name":"min_samples_split","param_value_internal":7.0,"distribution":"{\"name\": \"IntDistribution\", \"attributes\": {\"log\": false, \"step\": 1, \"low\": 5, \"high\": 20}}"}
{"op_code":5,"worker_id":"e37aaba6-1b2a-43d0-877b-1bab2b27489c-139679950972736","trial_id":76,"param_name":"min_samples_leaf","param_value_internal":17.0,"distribution":"{\"name\": \"IntDistribution\", \"attributes\": {\"log\": false, \"step\": 1, \"low\": 5, \"high\": 20}}"}
{"op_code":6,"worker_id":"e37aaba6-1b2a-43d0-877b-1bab2b27489c-139679950972736","trial_id":76,"state":1,"values":[0.8089773352798986],"datetime_complete":"2026-03-20T18:21:56.008544"}
{"op_code":4,"worker_id":"e37aaba6-1b2a-43d0-877b-1bab2b27489c-139679950972736","study_id":0,"datetime_start":"2026-03-20T18:21:56.027291"}
{"op_code":5,"worker_id":"e37aaba6-1b2a-43d0-877b-1bab2b27489c-139679950972736","trial_id":77,"param_name":"n_estimators","param_value_internal":177.0,"distribution":"{\"name\": \"IntDistribution\", \"attributes\": {\"log\": false, \"step\": 1, \"low\": 50, \"high\": 200}}"}
{"op_code":5,"worker_id":"e37aaba6-1b2a-43d0-877b-1bab2b27489c-139679950972736","trial_id":77,"param_name":"min_samples_split","param_value_internal":7.0,"distribution":"{\"name\": \"IntDistribution\", \"attributes\": {\"log\": false, \"step\": 1, \"low\": 5, \"high\": 20}}"}
{"op_code":5,"worker_id":"e37aaba6-1b2a-43d0-877b-1bab2b27489c-139679950972736","trial_id":77,"param_name":"min_samples_leaf","param_value_internal":17.0,"distribution":"{\"name\": \"IntDistribution\", \"attributes\": {\"log\": false, \"step\": 1, \"low\": 5, \"high\": 20}}"}
{"op_code":6,"worker_id":"e37aaba6-1b2a-43d0-877b-1bab2b27489c-139679950972736","trial_id":77,"state":1,"values":[0.8092705167173252],"datetime_complete":"2026-03-20T18:22:18.014924"}
{"op_code":4,"worker_id":"e37aaba6-1b2a-43d0-877b-1bab2b27489c-139679950972736","study_id":0,"datetime_start":"2026-03-20T18:22:18.033161"}
{"op_code":5,"worker_id":"e37aaba6-1b2a-43d0-877b-1bab2b27489c-139679950972736","trial_id":78,"param_name":"n_estimators","param_value_internal":175.0,"distribution":"{\"name\": \"IntDistribution\", \"attributes\": {\"log\": false, \"step\": 1, \"low\": 50, \"high\": 200}}"}
{"op_code":5,"worker_id":"e37aaba6-1b2a-43d0-877b-1bab2b27489c-139679950972736","trial_id":78,"param_name":"min_samples_split","param_value_internal":7.0,"distribution":"{\"name\": \"IntDistribution\", \"attributes\": {\"log\": false, \"step\": 1, \"low\": 5, \"high\": 20}}"}
{"op_code":5,"worker_id":"e37aaba6-1b2a-43d0-877b-1bab2b27489c-139679950972736","trial_id":78,"param_name":"min_samples_leaf","param_value_internal":17.0,"distribution":"{\"name\": \"IntDistribution\", \"attributes\": {\"log\": false, \"step\": 1, \"low\": 5, \"high\": 20}}"}
{"op_code":6,"worker_id":"e37aaba6-1b2a-43d0-877b-1bab2b27489c-139679950972736","trial_id":78,"state":1,"values":[0.8089773352798986],"datetime_complete":"2026-03-20T18:22:39.838704"}
{"op_code":4,"worker_id":"e37aaba6-1b2a-43d0-877b-1bab2b27489c-139679950972736","study_id":0,"datetime_start":"2026-03-20T18:22:39.864215"}
{"op_code":5,"worker_id":"e37aaba6-1b2a-43d0-877b-1bab2b27489c-139679950972736","trial_id":79,"param_name":"n_estimators","param_value_internal":174.0,"distribution":"{\"name\": \"IntDistribution\", \"attributes\": {\"log\": false, \"step\": 1, \"low\": 50, \"high\": 200}}"}
{"op_code":5,"worker_id":"e37aaba6-1b2a-43d0-877b-1bab2b27489c-139679950972736","trial_id":79,"param_name":"min_samples_split","param_value_internal":8.0,"distribution":"{\"name\": \"IntDistribution\", \"attributes\": {\"log\": false, \"step\": 1, \"low\": 5, \"high\": 20}}"}
{"op_code":5,"worker_id":"e37aaba6-1b2a-43d0-877b-1bab2b27489c-139679950972736","trial_id":79,"param_name":"min_samples_leaf","param_value_internal":18.0,"distribution":"{\"name\": \"IntDistribution\", \"attributes\": {\"log\": false, \"step\": 1, \"low\": 5, \"high\": 20}}"}
{"op_code":6,"worker_id":"e37aaba6-1b2a-43d0-877b-1bab2b27489c-139679950972736","trial_id":79,"state":1,"values":[0.8111791877079195],"datetime_complete":"2026-03-20T18:23:00.835559"}
{"op_code":0,"worker_id":"d2ecb999-6975-47b9-93d7-7567100c464d-139679950972736","study_name":"rsf_tuning","directions":[2]}
{"op_code":4,"worker_id":"d2ecb999-6975-47b9-93d7-7567100c464d-139679950972736","study_id":0,"datetime_start":"2026-03-20T18:32:04.992959"}
{"op_code":5,"worker_id":"d2ecb999-6975-47b9-93d7-7567100c464d-139679950972736","trial_id":80,"param_name":"n_estimators","param_value_internal":168.0,"distribution":"{\"name\": \"IntDistribution\", \"attributes\": {\"log\": false, \"step\": 1, \"low\": 50, \"high\": 200}}"}
{"op_code":5,"worker_id":"d2ecb999-6975-47b9-93d7-7567100c464d-139679950972736","trial_id":80,"param_name":"min_samples_split","param_value_internal":8.0,"distribution":"{\"name\": \"IntDistribution\", \"attributes\": {\"log\": false, \"step\": 1, \"low\": 5, \"high\": 20}}"}
{"op_code":5,"worker_id":"d2ecb999-6975-47b9-93d7-7567100c464d-139679950972736","trial_id":80,"param_name":"min_samples_leaf","param_value_internal":20.0,"distribution":"{\"name\": \"IntDistribution\", \"attributes\": {\"log\": false, \"step\": 1, \"low\": 5, \"high\": 20}}"}
{"op_code":6,"worker_id":"d2ecb999-6975-47b9-93d7-7567100c464d-139679950972736","trial_id":80,"state":1,"values":[0.7762894334115256],"datetime_complete":"2026-03-20T18:32:25.348756"}
{"op_code":4,"worker_id":"d2ecb999-6975-47b9-93d7-7567100c464d-139679950972736","study_id":0,"datetime_start":"2026-03-20T18:32:25.369384"}
{"op_code":5,"worker_id":"d2ecb999-6975-47b9-93d7-7567100c464d-139679950972736","trial_id":81,"param_name":"n_estimators","param_value_internal":174.0,"distribution":"{\"name\": \"IntDistribution\", \"attributes\": {\"log\": false, \"step\": 1, \"low\": 50, \"high\": 200}}"}
{"op_code":5,"worker_id":"d2ecb999-6975-47b9-93d7-7567100c464d-139679950972736","trial_id":81,"param_name":"min_samples_split","param_value_internal":7.0,"distribution":"{\"name\": \"IntDistribution\", \"attributes\": {\"log\": false, \"step\": 1, \"low\": 5, \"high\": 20}}"}
{"op_code":5,"worker_id":"d2ecb999-6975-47b9-93d7-7567100c464d-139679950972736","trial_id":81,"param_name":"min_samples_leaf","param_value_internal":18.0,"distribution":"{\"name\": \"IntDistribution\", \"attributes\": {\"log\": false, \"step\": 1, \"low\": 5, \"high\": 20}}"}
{"op_code":6,"worker_id":"d2ecb999-6975-47b9-93d7-7567100c464d-139679950972736","trial_id":81,"state":1,"values":[0.7768271281781601],"datetime_complete":"2026-03-20T18:32:47.296399"}
{"op_code":4,"worker_id":"d2ecb999-6975-47b9-93d7-7567100c464d-139679950972736","study_id":0,"datetime_start":"2026-03-20T18:32:57.406152"}
{"op_code":5,"worker_id":"d2ecb999-6975-47b9-93d7-7567100c464d-139679950972736","trial_id":82,"param_name":"n_estimators","param_value_internal":176.0,"distribution":"{\"name\": \"IntDistribution\", \"attributes\": {\"log\": false, \"step\": 1, \"low\": 50, \"high\": 200}}"}
{"op_code":5,"worker_id":"d2ecb999-6975-47b9-93d7-7567100c464d-139679950972736","trial_id":82,"param_name":"min_samples_split","param_value_internal":8.0,"distribution":"{\"name\": \"IntDistribution\", \"attributes\": {\"log\": false, \"step\": 1, \"low\": 5, \"high\": 20}}"}
{"op_code":5,"worker_id":"d2ecb999-6975-47b9-93d7-7567100c464d-139679950972736","trial_id":82,"param_name":"min_samples_leaf","param_value_internal":19.0,"distribution":"{\"name\": \"IntDistribution\", \"attributes\": {\"log\": false, \"step\": 1, \"low\": 5, \"high\": 20}}"}
{"op_code":6,"worker_id":"d2ecb999-6975-47b9-93d7-7567100c464d-139679950972736","trial_id":82,"state":1,"values":[0.7800592055116667],"datetime_complete":"2026-03-20T18:33:19.073752"}
{"op_code":4,"worker_id":"d2ecb999-6975-47b9-93d7-7567100c464d-139679950972736","study_id":0,"datetime_start":"2026-03-20T18:33:19.093184"}
{"op_code":5,"worker_id":"d2ecb999-6975-47b9-93d7-7567100c464d-139679950972736","trial_id":83,"param_name":"n_estimators","param_value_internal":164.0,"distribution":"{\"name\": \"IntDistribution\", \"attributes\": {\"log\": false, \"step\": 1, \"low\": 50, \"high\": 200}}"}
{"op_code":5,"worker_id":"d2ecb999-6975-47b9-93d7-7567100c464d-139679950972736","trial_id":83,"param_name":"min_samples_split","param_value_internal":6.0,"distribution":"{\"name\": \"IntDistribution\", \"attributes\": {\"log\": false, \"step\": 1, \"low\": 5, \"high\": 20}}"}
{"op_code":5,"worker_id":"d2ecb999-6975-47b9-93d7-7567100c464d-139679950972736","trial_id":83,"param_name":"min_samples_leaf","param_value_internal":17.0,"distribution":"{\"name\": \"IntDistribution\", \"attributes\": {\"log\": false, \"step\": 1, \"low\": 5, \"high\": 20}}"}
{"op_code":6,"worker_id":"d2ecb999-6975-47b9-93d7-7567100c464d-139679950972736","trial_id":83,"state":1,"values":[0.7739141224644146],"datetime_complete":"2026-03-20T18:33:39.788443"}
{"op_code":4,"worker_id":"d2ecb999-6975-47b9-93d7-7567100c464d-139679950972736","study_id":0,"datetime_start":"2026-03-20T18:33:39.817699"}
{"op_code":5,"worker_id":"d2ecb999-6975-47b9-93d7-7567100c464d-139679950972736","trial_id":84,"param_name":"n_estimators","param_value_internal":172.0,"distribution":"{\"name\": \"IntDistribution\", \"attributes\": {\"log\": false, \"step\": 1, \"low\": 50, \"high\": 200}}"}
{"op_code":5,"worker_id":"d2ecb999-6975-47b9-93d7-7567100c464d-139679950972736","trial_id":84,"param_name":"min_samples_split","param_value_internal":9.0,"distribution":"{\"name\": \"IntDistribution\", \"attributes\": {\"log\": false, \"step\": 1, \"low\": 5, \"high\": 20}}"}
{"op_code":5,"worker_id":"d2ecb999-6975-47b9-93d7-7567100c464d-139679950972736","trial_id":84,"param_name":"min_samples_leaf","param_value_internal":17.0,"distribution":"{\"name\": \"IntDistribution\", \"attributes\": {\"log\": false, \"step\": 1, \"low\": 5, \"high\": 20}}"}
{"op_code":6,"worker_id":"d2ecb999-6975-47b9-93d7-7567100c464d-139679950972736","trial_id":84,"state":1,"values":[0.7749836032639845],"datetime_complete":"2026-03-20T18:34:01.680022"}
{"op_code":4,"worker_id":"d2ecb999-6975-47b9-93d7-7567100c464d-139679950972736","study_id":0,"datetime_start":"2026-03-20T18:34:01.692341"}
{"op_code":5,"worker_id":"d2ecb999-6975-47b9-93d7-7567100c464d-139679950972736","trial_id":85,"param_name":"n_estimators","param_value_internal":184.0,"distribution":"{\"name\": \"IntDistribution\", \"attributes\": {\"log\": false, \"step\": 1, \"low\": 50, \"high\": 200}}"}
{"op_code":5,"worker_id":"d2ecb999-6975-47b9-93d7-7567100c464d-139679950972736","trial_id":85,"param_name":"min_samples_split","param_value_internal":6.0,"distribution":"{\"name\": \"IntDistribution\", \"attributes\": {\"log\": false, \"step\": 1, \"low\": 5, \"high\": 20}}"}
{"op_code":5,"worker_id":"d2ecb999-6975-47b9-93d7-7567100c464d-139679950972736","trial_id":85,"param_name":"min_samples_leaf","param_value_internal":19.0,"distribution":"{\"name\": \"IntDistribution\", \"attributes\": {\"log\": false, \"step\": 1, \"low\": 5, \"high\": 20}}"}
{"op_code":6,"worker_id":"d2ecb999-6975-47b9-93d7-7567100c464d-139679950972736","trial_id":85,"state":1,"values":[0.7802955548596381],"datetime_complete":"2026-03-20T18:34:24.015342"}
{"op_code":4,"worker_id":"d2ecb999-6975-47b9-93d7-7567100c464d-139679950972736","study_id":0,"datetime_start":"2026-03-20T18:34:24.030742"}
{"op_code":5,"worker_id":"d2ecb999-6975-47b9-93d7-7567100c464d-139679950972736","trial_id":86,"param_name":"n_estimators","param_value_internal":177.0,"distribution":"{\"name\": \"IntDistribution\", \"attributes\": {\"log\": false, \"step\": 1, \"low\": 50, \"high\": 200}}"}
{"op_code":5,"worker_id":"d2ecb999-6975-47b9-93d7-7567100c464d-139679950972736","trial_id":86,"param_name":"min_samples_split","param_value_internal":7.0,"distribution":"{\"name\": \"IntDistribution\", \"attributes\": {\"log\": false, \"step\": 1, \"low\": 5, \"high\": 20}}"}
{"op_code":5,"worker_id":"d2ecb999-6975-47b9-93d7-7567100c464d-139679950972736","trial_id":86,"param_name":"min_samples_leaf","param_value_internal":16.0,"distribution":"{\"name\": \"IntDistribution\", \"attributes\": {\"log\": false, \"step\": 1, \"low\": 5, \"high\": 20}}"}
{"op_code":6,"worker_id":"d2ecb999-6975-47b9-93d7-7567100c464d-139679950972736","trial_id":86,"state":1,"values":[0.7787888277663214],"datetime_complete":"2026-03-20T18:34:46.992290"}
{"op_code":4,"worker_id":"d2ecb999-6975-47b9-93d7-7567100c464d-139679950972736","study_id":0,"datetime_start":"2026-03-20T18:34:47.017329"}
{"op_code":5,"worker_id":"d2ecb999-6975-47b9-93d7-7567100c464d-139679950972736","trial_id":87,"param_name":"n_estimators","param_value_internal":182.0,"distribution":"{\"name\": \"IntDistribution\", \"attributes\": {\"log\": false, \"step\": 1, \"low\": 50, \"high\": 200}}"}
{"op_code":5,"worker_id":"d2ecb999-6975-47b9-93d7-7567100c464d-139679950972736","trial_id":87,"param_name":"min_samples_split","param_value_internal":8.0,"distribution":"{\"name\": \"IntDistribution\", \"attributes\": {\"log\": false, \"step\": 1, \"low\": 5, \"high\": 20}}"}
{"op_code":5,"worker_id":"d2ecb999-6975-47b9-93d7-7567100c464d-139679950972736","trial_id":87,"param_name":"min_samples_leaf","param_value_internal":17.0,"distribution":"{\"name\": \"IntDistribution\", \"attributes\": {\"log\": false, \"step\": 1, \"low\": 5, \"high\": 20}}"}
{"op_code":6,"worker_id":"d2ecb999-6975-47b9-93d7-7567100c464d-139679950972736","trial_id":87,"state":1,"values":[0.7751076866716694],"datetime_complete":"2026-03-20T18:35:10.709070"}
{"op_code":4,"worker_id":"d2ecb999-6975-47b9-93d7-7567100c464d-139679950972736","study_id":0,"datetime_start":"2026-03-20T18:35:10.725090"}
{"op_code":5,"worker_id":"d2ecb999-6975-47b9-93d7-7567100c464d-139679950972736","trial_id":88,"param_name":"n_estimators","param_value_internal":158.0,"distribution":"{\"name\": \"IntDistribution\", \"attributes\": {\"log\": false, \"step\": 1, \"low\": 50, \"high\": 200}}"}
{"op_code":5,"worker_id":"d2ecb999-6975-47b9-93d7-7567100c464d-139679950972736","trial_id":88,"param_name":"min_samples_split","param_value_internal":8.0,"distribution":"{\"name\": \"IntDistribution\", \"attributes\": {\"log\": false, \"step\": 1, \"low\": 5, \"high\": 20}}"}
{"op_code":5,"worker_id":"d2ecb999-6975-47b9-93d7-7567100c464d-139679950972736","trial_id":88,"param_name":"min_samples_leaf","param_value_internal":18.0,"distribution":"{\"name\": \"IntDistribution\", \"attributes\": {\"log\": false, \"step\": 1, \"low\": 5, \"high\": 20}}"}
{"op_code":6,"worker_id":"d2ecb999-6975-47b9-93d7-7567100c464d-139679950972736","trial_id":88,"state":1,"values":[0.7767325884389716],"datetime_complete":"2026-03-20T18:35:30.313523"}
{"op_code":4,"worker_id":"d2ecb999-6975-47b9-93d7-7567100c464d-139679950972736","study_id":0,"datetime_start":"2026-03-20T18:35:30.325479"}
{"op_code":5,"worker_id":"d2ecb999-6975-47b9-93d7-7567100c464d-139679950972736","trial_id":89,"param_name":"n_estimators","param_value_internal":165.0,"distribution":"{\"name\": \"IntDistribution\", \"attributes\": {\"log\": false, \"step\": 1, \"low\": 50, \"high\": 200}}"}
{"op_code":5,"worker_id":"d2ecb999-6975-47b9-93d7-7567100c464d-139679950972736","trial_id":89,"param_name":"min_samples_split","param_value_internal":6.0,"distribution":"{\"name\": \"IntDistribution\", \"attributes\": {\"log\": false, \"step\": 1, \"low\": 5, \"high\": 20}}"}
{"op_code":5,"worker_id":"d2ecb999-6975-47b9-93d7-7567100c464d-139679950972736","trial_id":89,"param_name":"min_samples_leaf","param_value_internal":19.0,"distribution":"{\"name\": \"IntDistribution\", \"attributes\": {\"log\": false, \"step\": 1, \"low\": 5, \"high\": 20}}"}
{"op_code":6,"worker_id":"d2ecb999-6975-47b9-93d7-7567100c464d-139679950972736","trial_id":89,"state":1,"values":[0.7792083478589703],"datetime_complete":"2026-03-20T18:35:50.794049"}
{"op_code":0,"worker_id":"782a21d5-202c-43ca-884d-dd4c165665b3-139679950972736","study_name":"rsf_tuning","directions":[2]}
{"op_code":4,"worker_id":"782a21d5-202c-43ca-884d-dd4c165665b3-139679950972736","study_id":0,"datetime_start":"2026-03-20T18:45:04.333113"}
{"op_code":5,"worker_id":"782a21d5-202c-43ca-884d-dd4c165665b3-139679950972736","trial_id":90,"param_name":"n_estimators","param_value_internal":169.0,"distribution":"{\"name\": \"IntDistribution\", \"attributes\": {\"log\": false, \"step\": 1, \"low\": 50, \"high\": 200}}"}
{"op_code":5,"worker_id":"782a21d5-202c-43ca-884d-dd4c165665b3-139679950972736","trial_id":90,"param_name":"min_samples_split","param_value_internal":10.0,"distribution":"{\"name\": \"IntDistribution\", \"attributes\": {\"log\": false, \"step\": 1, \"low\": 5, \"high\": 20}}"}
{"op_code":5,"worker_id":"782a21d5-202c-43ca-884d-dd4c165665b3-139679950972736","trial_id":90,"param_name":"min_samples_leaf","param_value_internal":18.0,"distribution":"{\"name\": \"IntDistribution\", \"attributes\": {\"log\": false, \"step\": 1, \"low\": 5, \"high\": 20}}"}
{"op_code":6,"worker_id":"782a21d5-202c-43ca-884d-dd4c165665b3-139679950972736","trial_id":90,"state":1,"values":[0.7937413929502769],"datetime_complete":"2026-03-20T18:45:25.814284"}
{"op_code":4,"worker_id":"782a21d5-202c-43ca-884d-dd4c165665b3-139679950972736","study_id":0,"datetime_start":"2026-03-20T18:45:25.829820"}
{"op_code":5,"worker_id":"782a21d5-202c-43ca-884d-dd4c165665b3-139679950972736","trial_id":91,"param_name":"n_estimators","param_value_internal":179.0,"distribution":"{\"name\": \"IntDistribution\", \"attributes\": {\"log\": false, \"step\": 1, \"low\": 50, \"high\": 200}}"}
{"op_code":5,"worker_id":"782a21d5-202c-43ca-884d-dd4c165665b3-139679950972736","trial_id":91,"param_name":"min_samples_split","param_value_internal":7.0,"distribution":"{\"name\": \"IntDistribution\", \"attributes\": {\"log\": false, \"step\": 1, \"low\": 5, \"high\": 20}}"}
{"op_code":5,"worker_id":"782a21d5-202c-43ca-884d-dd4c165665b3-139679950972736","trial_id":91,"param_name":"min_samples_leaf","param_value_internal":16.0,"distribution":"{\"name\": \"IntDistribution\", \"attributes\": {\"log\": false, \"step\": 1, \"low\": 5, \"high\": 20}}"}
{"op_code":6,"worker_id":"782a21d5-202c-43ca-884d-dd4c165665b3-139679950972736","trial_id":91,"state":1,"values":[0.7952533036420639],"datetime_complete":"2026-03-20T18:45:49.689942"}
{"op_code":4,"worker_id":"782a21d5-202c-43ca-884d-dd4c165665b3-139679950972736","study_id":0,"datetime_start":"2026-03-20T18:45:49.711455"}
{"op_code":5,"worker_id":"782a21d5-202c-43ca-884d-dd4c165665b3-139679950972736","trial_id":92,"param_name":"n_estimators","param_value_internal":172.0,"distribution":"{\"name\": \"IntDistribution\", \"attributes\": {\"log\": false, \"step\": 1, \"low\": 50, \"high\": 200}}"}
{"op_code":5,"worker_id":"782a21d5-202c-43ca-884d-dd4c165665b3-139679950972736","trial_id":92,"param_name":"min_samples_split","param_value_internal":7.0,"distribution":"{\"name\": \"IntDistribution\", \"attributes\": {\"log\": false, \"step\": 1, \"low\": 5, \"high\": 20}}"}
{"op_code":5,"worker_id":"782a21d5-202c-43ca-884d-dd4c165665b3-139679950972736","trial_id":92,"param_name":"min_samples_leaf","param_value_internal":16.0,"distribution":"{\"name\": \"IntDistribution\", \"attributes\": {\"log\": false, \"step\": 1, \"low\": 5, \"high\": 20}}"}
{"op_code":6,"worker_id":"782a21d5-202c-43ca-884d-dd4c165665b3-139679950972736","trial_id":92,"state":1,"values":[0.7956400714934513],"datetime_complete":"2026-03-20T18:46:12.330324"}
{"op_code":4,"worker_id":"782a21d5-202c-43ca-884d-dd4c165665b3-139679950972736","study_id":0,"datetime_start":"2026-03-20T18:46:12.385704"}
{"op_code":5,"worker_id":"782a21d5-202c-43ca-884d-dd4c165665b3-139679950972736","trial_id":93,"param_name":"n_estimators","param_value_internal":188.0,"distribution":"{\"name\": \"IntDistribution\", \"attributes\": {\"log\": false, \"step\": 1, \"low\": 50, \"high\": 200}}"}
{"op_code":5,"worker_id":"782a21d5-202c-43ca-884d-dd4c165665b3-139679950972736","trial_id":93,"param_name":"min_samples_split","param_value_internal":6.0,"distribution":"{\"name\": \"IntDistribution\", \"attributes\": {\"log\": false, \"step\": 1, \"low\": 5, \"high\": 20}}"}
{"op_code":5,"worker_id":"782a21d5-202c-43ca-884d-dd4c165665b3-139679950972736","trial_id":93,"param_name":"min_samples_leaf","param_value_internal":17.0,"distribution":"{\"name\": \"IntDistribution\", \"attributes\": {\"log\": false, \"step\": 1, \"low\": 5, \"high\": 20}}"}
{"op_code":6,"worker_id":"782a21d5-202c-43ca-884d-dd4c165665b3-139679950972736","trial_id":93,"state":1,"values":[0.7949602976940432],"datetime_complete":"2026-03-20T18:46:36.034209"}
{"op_code":4,"worker_id":"782a21d5-202c-43ca-884d-dd4c165665b3-139679950972736","study_id":0,"datetime_start":"2026-03-20T18:46:36.054944"}
{"op_code":5,"worker_id":"782a21d5-202c-43ca-884d-dd4c165665b3-139679950972736","trial_id":94,"param_name":"n_estimators","param_value_internal":179.0,"distribution":"{\"name\": \"IntDistribution\", \"attributes\": {\"log\": false, \"step\": 1, \"low\": 50, \"high\": 200}}"}
{"op_code":5,"worker_id":"782a21d5-202c-43ca-884d-dd4c165665b3-139679950972736","trial_id":94,"param_name":"min_samples_split","param_value_internal":8.0,"distribution":"{\"name\": \"IntDistribution\", \"attributes\": {\"log\": false, \"step\": 1, \"low\": 5, \"high\": 20}}"}
{"op_code":5,"worker_id":"782a21d5-202c-43ca-884d-dd4c165665b3-139679950972736","trial_id":94,"param_name":"min_samples_leaf","param_value_internal":17.0,"distribution":"{\"name\": \"IntDistribution\", \"attributes\": {\"log\": false, \"step\": 1, \"low\": 5, \"high\": 20}}"}
{"op_code":6,"worker_id":"782a21d5-202c-43ca-884d-dd4c165665b3-139679950972736","trial_id":94,"state":1,"values":[0.7951536816197369],"datetime_complete":"2026-03-20T18:46:58.580398"}
{"op_code":4,"worker_id":"782a21d5-202c-43ca-884d-dd4c165665b3-139679950972736","study_id":0,"datetime_start":"2026-03-20T18:46:58.652033"}
{"op_code":5,"worker_id":"782a21d5-202c-43ca-884d-dd4c165665b3-139679950972736","trial_id":95,"param_name":"n_estimators","param_value_internal":192.0,"distribution":"{\"name\": \"IntDistribution\", \"attributes\": {\"log\": false, \"step\": 1, \"low\": 50, \"high\": 200}}"}
{"op_code":5,"worker_id":"782a21d5-202c-43ca-884d-dd4c165665b3-139679950972736","trial_id":95,"param_name":"min_samples_split","param_value_internal":7.0,"distribution":"{\"name\": \"IntDistribution\", \"attributes\": {\"log\": false, \"step\": 1, \"low\": 5, \"high\": 20}}"}
{"op_code":5,"worker_id":"782a21d5-202c-43ca-884d-dd4c165665b3-139679950972736","trial_id":95,"param_name":"min_samples_leaf","param_value_internal":15.0,"distribution":"{\"name\": \"IntDistribution\", \"attributes\": {\"log\": false, \"step\": 1, \"low\": 5, \"high\": 20}}"}
{"op_code":6,"worker_id":"782a21d5-202c-43ca-884d-dd4c165665b3-139679950972736","trial_id":95,"state":1,"values":[0.7941047203258226],"datetime_complete":"2026-03-20T18:47:24.023367"}
{"op_code":4,"worker_id":"782a21d5-202c-43ca-884d-dd4c165665b3-139679950972736","study_id":0,"datetime_start":"2026-03-20T18:47:47.622338"}
{"op_code":5,"worker_id":"782a21d5-202c-43ca-884d-dd4c165665b3-139679950972736","trial_id":96,"param_name":"n_estimators","param_value_internal":185.0,"distribution":"{\"name\": \"IntDistribution\", \"attributes\": {\"log\": false, \"step\": 1, \"low\": 50, \"high\": 200}}"}
{"op_code":5,"worker_id":"782a21d5-202c-43ca-884d-dd4c165665b3-139679950972736","trial_id":96,"param_name":"min_samples_split","param_value_internal":9.0,"distribution":"{\"name\": \"IntDistribution\", \"attributes\": {\"log\": false, \"step\": 1, \"low\": 5, \"high\": 20}}"}
{"op_code":5,"worker_id":"782a21d5-202c-43ca-884d-dd4c165665b3-139679950972736","trial_id":96,"param_name":"min_samples_leaf","param_value_internal":18.0,"distribution":"{\"name\": \"IntDistribution\", \"attributes\": {\"log\": false, \"step\": 1, \"low\": 5, \"high\": 20}}"}
{"op_code":6,"worker_id":"782a21d5-202c-43ca-884d-dd4c165665b3-139679950972736","trial_id":96,"state":1,"values":[0.7935421489056228],"datetime_complete":"2026-03-20T18:48:10.313929"}
{"op_code":4,"worker_id":"782a21d5-202c-43ca-884d-dd4c165665b3-139679950972736","study_id":0,"datetime_start":"2026-03-20T18:48:14.247053"}
{"op_code":5,"worker_id":"782a21d5-202c-43ca-884d-dd4c165665b3-139679950972736","trial_id":97,"param_name":"n_estimators","param_value_internal":174.0,"distribution":"{\"name\": \"IntDistribution\", \"attributes\": {\"log\": false, \"step\": 1, \"low\": 50, \"high\": 200}}"}
{"op_code":5,"worker_id":"782a21d5-202c-43ca-884d-dd4c165665b3-139679950972736","trial_id":97,"param_name":"min_samples_split","param_value_internal":7.0,"distribution":"{\"name\": \"IntDistribution\", \"attributes\": {\"log\": false, \"step\": 1, \"low\": 5, \"high\": 20}}"}
{"op_code":5,"worker_id":"782a21d5-202c-43ca-884d-dd4c165665b3-139679950972736","trial_id":97,"param_name":"min_samples_leaf","param_value_internal":16.0,"distribution":"{\"name\": \"IntDistribution\", \"attributes\": {\"log\": false, \"step\": 1, \"low\": 5, \"high\": 20}}"}
{"op_code":6,"worker_id":"782a21d5-202c-43ca-884d-dd4c165665b3-139679950972736","trial_id":97,"state":1,"values":[0.7954877084004806],"datetime_complete":"2026-03-20T18:48:36.792000"}
{"op_code":4,"worker_id":"782a21d5-202c-43ca-884d-dd4c165665b3-139679950972736","study_id":0,"datetime_start":"2026-03-20T18:48:36.804121"}
{"op_code":5,"worker_id":"782a21d5-202c-43ca-884d-dd4c165665b3-139679950972736","trial_id":98,"param_name":"n_estimators","param_value_internal":181.0,"distribution":"{\"name\": \"IntDistribution\", \"attributes\": {\"log\": false, \"step\": 1, \"low\": 50, \"high\": 200}}"}
{"op_code":5,"worker_id":"782a21d5-202c-43ca-884d-dd4c165665b3-139679950972736","trial_id":98,"param_name":"min_samples_split","param_value_internal":5.0,"distribution":"{\"name\": \"IntDistribution\", \"attributes\": {\"log\": false, \"step\": 1, \"low\": 5, \"high\": 20}}"}
{"op_code":5,"worker_id":"782a21d5-202c-43ca-884d-dd4c165665b3-139679950972736","trial_id":98,"param_name":"min_samples_leaf","param_value_internal":18.0,"distribution":"{\"name\": \"IntDistribution\", \"attributes\": {\"log\": false, \"step\": 1, \"low\": 5, \"high\": 20}}"}
{"op_code":6,"worker_id":"782a21d5-202c-43ca-884d-dd4c165665b3-139679950972736","trial_id":98,"state":1,"values":[0.7937355328313165],"datetime_complete":"2026-03-20T18:48:58.587337"}
{"op_code":4,"worker_id":"782a21d5-202c-43ca-884d-dd4c165665b3-139679950972736","study_id":0,"datetime_start":"2026-03-20T18:48:58.605439"}
{"op_code":5,"worker_id":"782a21d5-202c-43ca-884d-dd4c165665b3-139679950972736","trial_id":99,"param_name":"n_estimators","param_value_internal":167.0,"distribution":"{\"name\": \"IntDistribution\", \"attributes\": {\"log\": false, \"step\": 1, \"low\": 50, \"high\": 200}}"}
{"op_code":5,"worker_id":"782a21d5-202c-43ca-884d-dd4c165665b3-139679950972736","trial_id":99,"param_name":"min_samples_split","param_value_internal":10.0,"distribution":"{\"name\": \"IntDistribution\", \"attributes\": {\"log\": false, \"step\": 1, \"low\": 5, \"high\": 20}}"}
{"op_code":5,"worker_id":"782a21d5-202c-43ca-884d-dd4c165665b3-139679950972736","trial_id":99,"param_name":"min_samples_leaf","param_value_internal":19.0,"distribution":"{\"name\": \"IntDistribution\", \"attributes\": {\"log\": false, \"step\": 1, \"low\": 5, \"high\": 20}}"}
{"op_code":6,"worker_id":"782a21d5-202c-43ca-884d-dd4c165665b3-139679950972736","trial_id":99,"state":1,"values":[0.7949544375750828],"datetime_complete":"2026-03-20T18:49:18.528587"}
{"op_code":0,"worker_id":"93066e9c-9e61-4043-93a7-390592b5c092-139679950972736","study_name":"rsf_tuning","directions":[2]}
{"op_code":4,"worker_id":"93066e9c-9e61-4043-93a7-390592b5c092-139679950972736","study_id":0,"datetime_start":"2026-03-20T18:58:16.455334"}
{"op_code":5,"worker_id":"93066e9c-9e61-4043-93a7-390592b5c092-139679950972736","trial_id":100,"param_name":"n_estimators","param_value_internal":171.0,"distribution":"{\"name\": \"IntDistribution\", \"attributes\": {\"log\": false, \"step\": 1, \"low\": 50, \"high\": 200}}"}
{"op_code":5,"worker_id":"93066e9c-9e61-4043-93a7-390592b5c092-139679950972736","trial_id":100,"param_name":"min_samples_split","param_value_internal":8.0,"distribution":"{\"name\": \"IntDistribution\", \"attributes\": {\"log\": false, \"step\": 1, \"low\": 5, \"high\": 20}}"}
{"op_code":5,"worker_id":"93066e9c-9e61-4043-93a7-390592b5c092-139679950972736","trial_id":100,"param_name":"min_samples_leaf","param_value_internal":16.0,"distribution":"{\"name\": \"IntDistribution\", \"attributes\": {\"log\": false, \"step\": 1, \"low\": 5, \"high\": 20}}"}
{"op_code":6,"worker_id":"93066e9c-9e61-4043-93a7-390592b5c092-139679950972736","trial_id":100,"state":1,"values":[0.7985285795132994],"datetime_complete":"2026-03-20T18:58:38.778767"}
{"op_code":4,"worker_id":"93066e9c-9e61-4043-93a7-390592b5c092-139679950972736","study_id":0,"datetime_start":"2026-03-20T18:58:38.791727"}
{"op_code":5,"worker_id":"93066e9c-9e61-4043-93a7-390592b5c092-139679950972736","trial_id":101,"param_name":"n_estimators","param_value_internal":170.0,"distribution":"{\"name\": \"IntDistribution\", \"attributes\": {\"log\": false, \"step\": 1, \"low\": 50, \"high\": 200}}"}
{"op_code":5,"worker_id":"93066e9c-9e61-4043-93a7-390592b5c092-139679950972736","trial_id":101,"param_name":"min_samples_split","param_value_internal":8.0,"distribution":"{\"name\": \"IntDistribution\", \"attributes\": {\"log\": false, \"step\": 1, \"low\": 5, \"high\": 20}}"}
{"op_code":5,"worker_id":"93066e9c-9e61-4043-93a7-390592b5c092-139679950972736","trial_id":101,"param_name":"min_samples_leaf","param_value_internal":16.0,"distribution":"{\"name\": \"IntDistribution\", \"attributes\": {\"log\": false, \"step\": 1, \"low\": 5, \"high\": 20}}"}
{"op_code":6,"worker_id":"93066e9c-9e61-4043-93a7-390592b5c092-139679950972736","trial_id":101,"state":1,"values":[0.7982777029037509],"datetime_complete":"2026-03-20T18:59:00.960220"}
{"op_code":4,"worker_id":"93066e9c-9e61-4043-93a7-390592b5c092-139679950972736","study_id":0,"datetime_start":"2026-03-20T18:59:00.985975"}
{"op_code":5,"worker_id":"93066e9c-9e61-4043-93a7-390592b5c092-139679950972736","trial_id":102,"param_name":"n_estimators","param_value_internal":176.0,"distribution":"{\"name\": \"IntDistribution\", \"attributes\": {\"log\": false, \"step\": 1, \"low\": 50, \"high\": 200}}"}
{"op_code":5,"worker_id":"93066e9c-9e61-4043-93a7-390592b5c092-139679950972736","trial_id":102,"param_name":"min_samples_split","param_value_internal":6.0,"distribution":"{\"name\": \"IntDistribution\", \"attributes\": {\"log\": false, \"step\": 1, \"low\": 5, \"high\": 20}}"}
{"op_code":5,"worker_id":"93066e9c-9e61-4043-93a7-390592b5c092-139679950972736","trial_id":102,"param_name":"min_samples_leaf","param_value_internal":17.0,"distribution":"{\"name\": \"IntDistribution\", \"attributes\": {\"log\": false, \"step\": 1, \"low\": 5, \"high\": 20}}"}
{"op_code":6,"worker_id":"93066e9c-9e61-4043-93a7-390592b5c092-139679950972736","trial_id":102,"state":1,"values":[0.7942811801702461],"datetime_complete":"2026-03-20T18:59:23.558867"}
{"op_code":4,"worker_id":"93066e9c-9e61-4043-93a7-390592b5c092-139679950972736","study_id":0,"datetime_start":"2026-03-20T18:59:23.579953"}
{"op_code":5,"worker_id":"93066e9c-9e61-4043-93a7-390592b5c092-139679950972736","trial_id":103,"param_name":"n_estimators","param_value_internal":191.0,"distribution":"{\"name\": \"IntDistribution\", \"attributes\": {\"log\": false, \"step\": 1, \"low\": 50, \"high\": 200}}"}
{"op_code":5,"worker_id":"93066e9c-9e61-4043-93a7-390592b5c092-139679950972736","trial_id":103,"param_name":"min_samples_split","param_value_internal":7.0,"distribution":"{\"name\": \"IntDistribution\", \"attributes\": {\"log\": false, \"step\": 1, \"low\": 5, \"high\": 20}}"}
{"op_code":5,"worker_id":"93066e9c-9e61-4043-93a7-390592b5c092-139679950972736","trial_id":103,"param_name":"min_samples_leaf","param_value_internal":17.0,"distribution":"{\"name\": \"IntDistribution\", \"attributes\": {\"log\": false, \"step\": 1, \"low\": 5, \"high\": 20}}"}
{"op_code":6,"worker_id":"93066e9c-9e61-4043-93a7-390592b5c092-139679950972736","trial_id":103,"state":1,"values":[0.7953080239674677],"datetime_complete":"2026-03-20T18:59:47.349852"}
{"op_code":4,"worker_id":"93066e9c-9e61-4043-93a7-390592b5c092-139679950972736","study_id":0,"datetime_start":"2026-03-20T18:59:47.370207"}
{"op_code":5,"worker_id":"93066e9c-9e61-4043-93a7-390592b5c092-139679950972736","trial_id":104,"param_name":"n_estimators","param_value_internal":153.0,"distribution":"{\"name\": \"IntDistribution\", \"attributes\": {\"log\": false, \"step\": 1, \"low\": 50, \"high\": 200}}"}
{"op_code":5,"worker_id":"93066e9c-9e61-4043-93a7-390592b5c092-139679950972736","trial_id":104,"param_name":"min_samples_split","param_value_internal":9.0,"distribution":"{\"name\": \"IntDistribution\", \"attributes\": {\"log\": false, \"step\": 1, \"low\": 5, \"high\": 20}}"}
{"op_code":5,"worker_id":"93066e9c-9e61-4043-93a7-390592b5c092-139679950972736","trial_id":104,"param_name":"min_samples_leaf","param_value_internal":15.0,"distribution":"{\"name\": \"IntDistribution\", \"attributes\": {\"log\": false, \"step\": 1, \"low\": 5, \"high\": 20}}"}
{"op_code":6,"worker_id":"93066e9c-9e61-4043-93a7-390592b5c092-139679950972736","trial_id":104,"state":1,"values":[0.7958039428468078],"datetime_complete":"2026-03-20T19:00:07.359579"}
{"op_code":4,"worker_id":"93066e9c-9e61-4043-93a7-390592b5c092-139679950972736","study_id":0,"datetime_start":"2026-03-20T19:00:07.372835"}
{"op_code":5,"worker_id":"93066e9c-9e61-4043-93a7-390592b5c092-139679950972736","trial_id":105,"param_name":"n_estimators","param_value_internal":180.0,"distribution":"{\"name\": \"IntDistribution\", \"attributes\": {\"log\": false, \"step\": 1, \"low\": 50, \"high\": 200}}"}
{"op_code":5,"worker_id":"93066e9c-9e61-4043-93a7-390592b5c092-139679950972736","trial_id":105,"param_name":"min_samples_split","param_value_internal":8.0,"distribution":"{\"name\": \"IntDistribution\", \"attributes\": {\"log\": false, \"step\": 1, \"low\": 5, \"high\": 20}}"}
{"op_code":5,"worker_id":"93066e9c-9e61-4043-93a7-390592b5c092-139679950972736","trial_id":105,"param_name":"min_samples_leaf","param_value_internal":16.0,"distribution":"{\"name\": \"IntDistribution\", \"attributes\": {\"log\": false, \"step\": 1, \"low\": 5, \"high\": 20}}"}
{"op_code":6,"worker_id":"93066e9c-9e61-4043-93a7-390592b5c092-139679950972736","trial_id":105,"state":1,"values":[0.7987386157445493],"datetime_complete":"2026-03-20T19:00:30.286911"}
{"op_code":4,"worker_id":"93066e9c-9e61-4043-93a7-390592b5c092-139679950972736","study_id":0,"datetime_start":"2026-03-20T19:00:30.299995"}
{"op_code":5,"worker_id":"93066e9c-9e61-4043-93a7-390592b5c092-139679950972736","trial_id":106,"param_name":"n_estimators","param_value_internal":181.0,"distribution":"{\"name\": \"IntDistribution\", \"attributes\": {\"log\": false, \"step\": 1, \"low\": 50, \"high\": 200}}"}
{"op_code":5,"worker_id":"93066e9c-9e61-4043-93a7-390592b5c092-139679950972736","trial_id":106,"param_name":"min_samples_split","param_value_internal":7.0,"distribution":"{\"name\": \"IntDistribution\", \"attributes\": {\"log\": false, \"step\": 1, \"low\": 5, \"high\": 20}}"}
{"op_code":5,"worker_id":"93066e9c-9e61-4043-93a7-390592b5c092-139679950972736","trial_id":106,"param_name":"min_samples_leaf","param_value_internal":17.0,"distribution":"{\"name\": \"IntDistribution\", \"attributes\": {\"log\": false, \"step\": 1, \"low\": 5, \"high\": 20}}"}
{"op_code":6,"worker_id":"93066e9c-9e61-4043-93a7-390592b5c092-139679950972736","trial_id":106,"state":1,"values":[0.7948354424471554],"datetime_complete":"2026-03-20T19:00:52.866535"}
{"op_code":4,"worker_id":"93066e9c-9e61-4043-93a7-390592b5c092-139679950972736","study_id":0,"datetime_start":"2026-03-20T19:00:52.878620"}
{"op_code":5,"worker_id":"93066e9c-9e61-4043-93a7-390592b5c092-139679950972736","trial_id":107,"param_name":"n_estimators","param_value_internal":195.0,"distribution":"{\"name\": \"IntDistribution\", \"attributes\": {\"log\": false, \"step\": 1, \"low\": 50, \"high\": 200}}"}
{"op_code":5,"worker_id":"93066e9c-9e61-4043-93a7-390592b5c092-139679950972736","trial_id":107,"param_name":"min_samples_split","param_value_internal":6.0,"distribution":"{\"name\": \"IntDistribution\", \"attributes\": {\"log\": false, \"step\": 1, \"low\": 5, \"high\": 20}}"}
{"op_code":5,"worker_id":"93066e9c-9e61-4043-93a7-390592b5c092-139679950972736","trial_id":107,"param_name":"min_samples_leaf","param_value_internal":17.0,"distribution":"{\"name\": \"IntDistribution\", \"attributes\": {\"log\": false, \"step\": 1, \"low\": 5, \"high\": 20}}"}
{"op_code":6,"worker_id":"93066e9c-9e61-4043-93a7-390592b5c092-139679950972736","trial_id":107,"state":1,"values":[0.7949404605627804],"datetime_complete":"2026-03-20T19:01:17.303031"}
{"op_code":4,"worker_id":"93066e9c-9e61-4043-93a7-390592b5c092-139679950972736","study_id":0,"datetime_start":"2026-03-20T19:01:17.319805"}
{"op_code":5,"worker_id":"93066e9c-9e61-4043-93a7-390592b5c092-139679950972736","trial_id":108,"param_name":"n_estimators","param_value_internal":187.0,"distribution":"{\"name\": \"IntDistribution\", \"attributes\": {\"log\": false, \"step\": 1, \"low\": 50, \"high\": 200}}"}
{"op_code":5,"worker_id":"93066e9c-9e61-4043-93a7-390592b5c092-139679950972736","trial_id":108,"param_name":"min_samples_split","param_value_internal":9.0,"distribution":"{\"name\": \"IntDistribution\", \"attributes\": {\"log\": false, \"step\": 1, \"low\": 5, \"high\": 20}}"}
{"op_code":5,"worker_id":"93066e9c-9e61-4043-93a7-390592b5c092-139679950972736","trial_id":108,"param_name":"min_samples_leaf","param_value_internal":18.0,"distribution":"{\"name\": \"IntDistribution\", \"attributes\": {\"log\": false, \"step\": 1, \"low\": 5, \"high\": 20}}"}
{"op_code":6,"worker_id":"93066e9c-9e61-4043-93a7-390592b5c092-139679950972736","trial_id":108,"state":1,"values":[0.7965040636176407],"datetime_complete":"2026-03-20T19:01:40.764939"}
{"op_code":4,"worker_id":"93066e9c-9e61-4043-93a7-390592b5c092-139679950972736","study_id":0,"datetime_start":"2026-03-20T19:01:40.776709"}
{"op_code":5,"worker_id":"93066e9c-9e61-4043-93a7-390592b5c092-139679950972736","trial_id":109,"param_name":"n_estimators","param_value_internal":163.0,"distribution":"{\"name\": \"IntDistribution\", \"attributes\": {\"log\": false, \"step\": 1, \"low\": 50, \"high\": 200}}"}
{"op_code":5,"worker_id":"93066e9c-9e61-4043-93a7-390592b5c092-139679950972736","trial_id":109,"param_name":"min_samples_split","param_value_internal":8.0,"distribution":"{\"name\": \"IntDistribution\", \"attributes\": {\"log\": false, \"step\": 1, \"low\": 5, \"high\": 20}}"}
{"op_code":5,"worker_id":"93066e9c-9e61-4043-93a7-390592b5c092-139679950972736","trial_id":109,"param_name":"min_samples_leaf","param_value_internal":16.0,"distribution":"{\"name\": \"IntDistribution\", \"attributes\": {\"log\": false, \"step\": 1, \"low\": 5, \"high\": 20}}"}
{"op_code":6,"worker_id":"93066e9c-9e61-4043-93a7-390592b5c092-139679950972736","trial_id":109,"state":1,"values":[0.7986511006481951],"datetime_complete":"2026-03-20T19:02:01.185163"}
{"op_code":0,"worker_id":"6663642d-ec8a-42ae-beec-8f333ba2a334-139679950972736","study_name":"rsf_tuning","directions":[2]}
{"op_code":4,"worker_id":"6663642d-ec8a-42ae-beec-8f333ba2a334-139679950972736","study_id":0,"datetime_start":"2026-03-20T19:11:06.743776"}
{"op_code":5,"worker_id":"6663642d-ec8a-42ae-beec-8f333ba2a334-139679950972736","trial_id":110,"param_name":"n_estimators","param_value_internal":178.0,"distribution":"{\"name\": \"IntDistribution\", \"attributes\": {\"log\": false, \"step\": 1, \"low\": 50, \"high\": 200}}"}
{"op_code":5,"worker_id":"6663642d-ec8a-42ae-beec-8f333ba2a334-139679950972736","trial_id":110,"param_name":"min_samples_split","param_value_internal":7.0,"distribution":"{\"name\": \"IntDistribution\", \"attributes\": {\"log\": false, \"step\": 1, \"low\": 5, \"high\": 20}}"}
{"op_code":5,"worker_id":"6663642d-ec8a-42ae-beec-8f333ba2a334-139679950972736","trial_id":110,"param_name":"min_samples_leaf","param_value_internal":18.0,"distribution":"{\"name\": \"IntDistribution\", \"attributes\": {\"log\": false, \"step\": 1, \"low\": 5, \"high\": 20}}"}
{"op_code":6,"worker_id":"6663642d-ec8a-42ae-beec-8f333ba2a334-139679950972736","trial_id":110,"state":1,"values":[0.7622366520888597],"datetime_complete":"2026-03-20T19:11:28.515108"}
{"op_code":4,"worker_id":"6663642d-ec8a-42ae-beec-8f333ba2a334-139679950972736","study_id":0,"datetime_start":"2026-03-20T19:11:28.534403"}
{"op_code":5,"worker_id":"6663642d-ec8a-42ae-beec-8f333ba2a334-139679950972736","trial_id":111,"param_name":"n_estimators","param_value_internal":175.0,"distribution":"{\"name\": \"IntDistribution\", \"attributes\": {\"log\": false, \"step\": 1, \"low\": 50, \"high\": 200}}"}
{"op_code":5,"worker_id":"6663642d-ec8a-42ae-beec-8f333ba2a334-139679950972736","trial_id":111,"param_name":"min_samples_split","param_value_internal":8.0,"distribution":"{\"name\": \"IntDistribution\", \"attributes\": {\"log\": false, \"step\": 1, \"low\": 5, \"high\": 20}}"}
{"op_code":5,"worker_id":"6663642d-ec8a-42ae-beec-8f333ba2a334-139679950972736","trial_id":111,"param_name":"min_samples_leaf","param_value_internal":16.0,"distribution":"{\"name\": \"IntDistribution\", \"attributes\": {\"log\": false, \"step\": 1, \"low\": 5, \"high\": 20}}"}
{"op_code":6,"worker_id":"6663642d-ec8a-42ae-beec-8f333ba2a334-139679950972736","trial_id":111,"state":1,"values":[0.7613968065385048],"datetime_complete":"2026-03-20T19:11:51.713446"}
{"op_code":4,"worker_id":"6663642d-ec8a-42ae-beec-8f333ba2a334-139679950972736","study_id":0,"datetime_start":"2026-03-20T19:11:51.726904"}
{"op_code":5,"worker_id":"6663642d-ec8a-42ae-beec-8f333ba2a334-139679950972736","trial_id":112,"param_name":"n_estimators","param_value_internal":161.0,"distribution":"{\"name\": \"IntDistribution\", \"attributes\": {\"log\": false, \"step\": 1, \"low\": 50, \"high\": 200}}"}
{"op_code":5,"worker_id":"6663642d-ec8a-42ae-beec-8f333ba2a334-139679950972736","trial_id":112,"param_name":"min_samples_split","param_value_internal":8.0,"distribution":"{\"name\": \"IntDistribution\", \"attributes\": {\"log\": false, \"step\": 1, \"low\": 5, \"high\": 20}}"}
{"op_code":5,"worker_id":"6663642d-ec8a-42ae-beec-8f333ba2a334-139679950972736","trial_id":112,"param_name":"min_samples_leaf","param_value_internal":15.0,"distribution":"{\"name\": \"IntDistribution\", \"attributes\": {\"log\": false, \"step\": 1, \"low\": 5, \"high\": 20}}"}
{"op_code":6,"worker_id":"6663642d-ec8a-42ae-beec-8f333ba2a334-139679950972736","trial_id":112,"state":1,"values":[0.7610229728484079],"datetime_complete":"2026-03-20T19:12:13.873805"}
{"op_code":4,"worker_id":"6663642d-ec8a-42ae-beec-8f333ba2a334-139679950972736","study_id":0,"datetime_start":"2026-03-20T19:12:13.892868"}
{"op_code":5,"worker_id":"6663642d-ec8a-42ae-beec-8f333ba2a334-139679950972736","trial_id":113,"param_name":"n_estimators","param_value_internal":165.0,"distribution":"{\"name\": \"IntDistribution\", \"attributes\": {\"log\": false, \"step\": 1, \"low\": 50, \"high\": 200}}"}
{"op_code":5,"worker_id":"6663642d-ec8a-42ae-beec-8f333ba2a334-139679950972736","trial_id":113,"param_name":"min_samples_split","param_value_internal":8.0,"distribution":"{\"name\": \"IntDistribution\", \"attributes\": {\"log\": false, \"step\": 1, \"low\": 5, \"high\": 20}}"}
{"op_code":5,"worker_id":"6663642d-ec8a-42ae-beec-8f333ba2a334-139679950972736","trial_id":113,"param_name":"min_samples_leaf","param_value_internal":17.0,"distribution":"{\"name\": \"IntDistribution\", \"attributes\": {\"log\": false, \"step\": 1, \"low\": 5, \"high\": 20}}"}
{"op_code":6,"worker_id":"6663642d-ec8a-42ae-beec-8f333ba2a334-139679950972736","trial_id":113,"state":1,"values":[0.7637063818019808],"datetime_complete":"2026-03-20T19:12:35.504133"}
{"op_code":4,"worker_id":"6663642d-ec8a-42ae-beec-8f333ba2a334-139679950972736","study_id":0,"datetime_start":"2026-03-20T19:12:35.524458"}
{"op_code":5,"worker_id":"6663642d-ec8a-42ae-beec-8f333ba2a334-139679950972736","trial_id":114,"param_name":"n_estimators","param_value_internal":181.0,"distribution":"{\"name\": \"IntDistribution\", \"attributes\": {\"log\": false, \"step\": 1, \"low\": 50, \"high\": 200}}"}
{"op_code":5,"worker_id":"6663642d-ec8a-42ae-beec-8f333ba2a334-139679950972736","trial_id":114,"param_name":"min_samples_split","param_value_internal":6.0,"distribution":"{\"name\": \"IntDistribution\", \"attributes\": {\"log\": false, \"step\": 1, \"low\": 5, \"high\": 20}}"}
{"op_code":5,"worker_id":"6663642d-ec8a-42ae-beec-8f333ba2a334-139679950972736","trial_id":114,"param_name":"min_samples_leaf","param_value_internal":19.0,"distribution":"{\"name\": \"IntDistribution\", \"attributes\": {\"log\": false, \"step\": 1, \"low\": 5, \"high\": 20}}"}
{"op_code":6,"worker_id":"6663642d-ec8a-42ae-beec-8f333ba2a334-139679950972736","trial_id":114,"state":1,"values":[0.7646998576359372],"datetime_complete":"2026-03-20T19:12:57.728016"}
{"op_code":4,"worker_id":"6663642d-ec8a-42ae-beec-8f333ba2a334-139679950972736","study_id":0,"datetime_start":"2026-03-20T19:12:57.748888"}
{"op_code":5,"worker_id":"6663642d-ec8a-42ae-beec-8f333ba2a334-139679950972736","trial_id":115,"param_name":"n_estimators","param_value_internal":174.0,"distribution":"{\"name\": \"IntDistribution\", \"attributes\": {\"log\": false, \"step\": 1, \"low\": 50, \"high\": 200}}"}
{"op_code":5,"worker_id":"6663642d-ec8a-42ae-beec-8f333ba2a334-139679950972736","trial_id":115,"param_name":"min_samples_split","param_value_internal":7.0,"distribution":"{\"name\": \"IntDistribution\", \"attributes\": {\"log\": false, \"step\": 1, \"low\": 5, \"high\": 20}}"}
{"op_code":5,"worker_id":"6663642d-ec8a-42ae-beec-8f333ba2a334-139679950972736","trial_id":115,"param_name":"min_samples_leaf","param_value_internal":17.0,"distribution":"{\"name\": \"IntDistribution\", \"attributes\": {\"log\": false, \"step\": 1, \"low\": 5, \"high\": 20}}"}
{"op_code":6,"worker_id":"6663642d-ec8a-42ae-beec-8f333ba2a334-139679950972736","trial_id":115,"state":1,"values":[0.7640699734731711],"datetime_complete":"2026-03-20T19:13:20.313632"}
{"op_code":4,"worker_id":"6663642d-ec8a-42ae-beec-8f333ba2a334-139679950972736","study_id":0,"datetime_start":"2026-03-20T19:13:20.337208"}
{"op_code":5,"worker_id":"6663642d-ec8a-42ae-beec-8f333ba2a334-139679950972736","trial_id":116,"param_name":"n_estimators","param_value_internal":185.0,"distribution":"{\"name\": \"IntDistribution\", \"attributes\": {\"log\": false, \"step\": 1, \"low\": 50, \"high\": 200}}"}
{"op_code":5,"worker_id":"6663642d-ec8a-42ae-beec-8f333ba2a334-139679950972736","trial_id":116,"param_name":"min_samples_split","param_value_internal":9.0,"distribution":"{\"name\": \"IntDistribution\", \"attributes\": {\"log\": false, \"step\": 1, \"low\": 5, \"high\": 20}}"}
{"op_code":5,"worker_id":"6663642d-ec8a-42ae-beec-8f333ba2a334-139679950972736","trial_id":116,"param_name":"min_samples_leaf","param_value_internal":16.0,"distribution":"{\"name\": \"IntDistribution\", \"attributes\": {\"log\": false, \"step\": 1, \"low\": 5, \"high\": 20}}"}
{"op_code":6,"worker_id":"6663642d-ec8a-42ae-beec-8f333ba2a334-139679950972736","trial_id":116,"state":1,"values":[0.7623493142968342],"datetime_complete":"2026-03-20T19:13:44.919743"}
{"op_code":4,"worker_id":"6663642d-ec8a-42ae-beec-8f333ba2a334-139679950972736","study_id":0,"datetime_start":"2026-03-20T19:13:44.939760"}
{"op_code":5,"worker_id":"6663642d-ec8a-42ae-beec-8f333ba2a334-139679950972736","trial_id":117,"param_name":"n_estimators","param_value_internal":167.0,"distribution":"{\"name\": \"IntDistribution\", \"attributes\": {\"log\": false, \"step\": 1, \"low\": 50, \"high\": 200}}"}
{"op_code":5,"worker_id":"6663642d-ec8a-42ae-beec-8f333ba2a334-139679950972736","trial_id":117,"param_name":"min_samples_split","param_value_internal":7.0,"distribution":"{\"name\": \"IntDistribution\", \"attributes\": {\"log\": false, \"step\": 1, \"low\": 5, \"high\": 20}}"}
{"op_code":5,"worker_id":"6663642d-ec8a-42ae-beec-8f333ba2a334-139679950972736","trial_id":117,"param_name":"min_samples_leaf","param_value_internal":18.0,"distribution":"{\"name\": \"IntDistribution\", \"attributes\": {\"log\": false, \"step\": 1, \"low\": 5, \"high\": 20}}"}
{"op_code":6,"worker_id":"6663642d-ec8a-42ae-beec-8f333ba2a334-139679950972736","trial_id":117,"state":1,"values":[0.7622571361266733],"datetime_complete":"2026-03-20T19:14:05.855881"}
{"op_code":4,"worker_id":"6663642d-ec8a-42ae-beec-8f333ba2a334-139679950972736","study_id":0,"datetime_start":"2026-03-20T19:14:05.880077"}
{"op_code":5,"worker_id":"6663642d-ec8a-42ae-beec-8f333ba2a334-139679950972736","trial_id":118,"param_name":"n_estimators","param_value_internal":158.0,"distribution":"{\"name\": \"IntDistribution\", \"attributes\": {\"log\": false, \"step\": 1, \"low\": 50, \"high\": 200}}"}
{"op_code":5,"worker_id":"6663642d-ec8a-42ae-beec-8f333ba2a334-139679950972736","trial_id":118,"param_name":"min_samples_split","param_value_internal":8.0,"distribution":"{\"name\": \"IntDistribution\", \"attributes\": {\"log\": false, \"step\": 1, \"low\": 5, \"high\": 20}}"}
{"op_code":5,"worker_id":"6663642d-ec8a-42ae-beec-8f333ba2a334-139679950972736","trial_id":118,"param_name":"min_samples_leaf","param_value_internal":17.0,"distribution":"{\"name\": \"IntDistribution\", \"attributes\": {\"log\": false, \"step\": 1, \"low\": 5, \"high\": 20}}"}
{"op_code":6,"worker_id":"6663642d-ec8a-42ae-beec-8f333ba2a334-139679950972736","trial_id":118,"state":1,"values":[0.7633427901307905],"datetime_complete":"2026-03-20T19:14:26.591535"}
{"op_code":4,"worker_id":"6663642d-ec8a-42ae-beec-8f333ba2a334-139679950972736","study_id":0,"datetime_start":"2026-03-20T19:14:26.611544"}
{"op_code":5,"worker_id":"6663642d-ec8a-42ae-beec-8f333ba2a334-139679950972736","trial_id":119,"param_name":"n_estimators","param_value_internal":180.0,"distribution":"{\"name\": \"IntDistribution\", \"attributes\": {\"log\": false, \"step\": 1, \"low\": 50, \"high\": 200}}"}
{"op_code":5,"worker_id":"6663642d-ec8a-42ae-beec-8f333ba2a334-139679950972736","trial_id":119,"param_name":"min_samples_split","param_value_internal":6.0,"distribution":"{\"name\": \"IntDistribution\", \"attributes\": {\"log\": false, \"step\": 1, \"low\": 5, \"high\": 20}}"}
{"op_code":5,"worker_id":"6663642d-ec8a-42ae-beec-8f333ba2a334-139679950972736","trial_id":119,"param_name":"min_samples_leaf","param_value_internal":15.0,"distribution":"{\"name\": \"IntDistribution\", \"attributes\": {\"log\": false, \"step\": 1, \"low\": 5, \"high\": 20}}"}
{"op_code":6,"worker_id":"6663642d-ec8a-42ae-beec-8f333ba2a334-139679950972736","trial_id":119,"state":1,"values":[0.7615811628788267],"datetime_complete":"2026-03-20T19:14:50.738298"}
{"op_code":0,"worker_id":"9160c0ae-a29c-481a-8d98-54cdf9ab36dd-139679950972736","study_name":"rsf_tuning","directions":[2]}
{"op_code":4,"worker_id":"9160c0ae-a29c-481a-8d98-54cdf9ab36dd-139679950972736","study_id":0,"datetime_start":"2026-03-20T19:23:55.379569"}
{"op_code":5,"worker_id":"9160c0ae-a29c-481a-8d98-54cdf9ab36dd-139679950972736","trial_id":120,"param_name":"n_estimators","param_value_internal":177.0,"distribution":"{\"name\": \"IntDistribution\", \"attributes\": {\"log\": false, \"step\": 1, \"low\": 50, \"high\": 200}}"}
{"op_code":5,"worker_id":"9160c0ae-a29c-481a-8d98-54cdf9ab36dd-139679950972736","trial_id":120,"param_name":"min_samples_split","param_value_internal":7.0,"distribution":"{\"name\": \"IntDistribution\", \"attributes\": {\"log\": false, \"step\": 1, \"low\": 5, \"high\": 20}}"}
{"op_code":5,"worker_id":"9160c0ae-a29c-481a-8d98-54cdf9ab36dd-139679950972736","trial_id":120,"param_name":"min_samples_leaf","param_value_internal":16.0,"distribution":"{\"name\": \"IntDistribution\", \"attributes\": {\"log\": false, \"step\": 1, \"low\": 5, \"high\": 20}}"}
{"op_code":6,"worker_id":"9160c0ae-a29c-481a-8d98-54cdf9ab36dd-139679950972736","trial_id":120,"state":1,"values":[0.7420124918967309],"datetime_complete":"2026-03-20T19:24:18.475011"}
{"op_code":4,"worker_id":"9160c0ae-a29c-481a-8d98-54cdf9ab36dd-139679950972736","study_id":0,"datetime_start":"2026-03-20T19:24:18.499036"}
{"op_code":5,"worker_id":"9160c0ae-a29c-481a-8d98-54cdf9ab36dd-139679950972736","trial_id":121,"param_name":"n_estimators","param_value_internal":171.0,"distribution":"{\"name\": \"IntDistribution\", \"attributes\": {\"log\": false, \"step\": 1, \"low\": 50, \"high\": 200}}"}
{"op_code":5,"worker_id":"9160c0ae-a29c-481a-8d98-54cdf9ab36dd-139679950972736","trial_id":121,"param_name":"min_samples_split","param_value_internal":8.0,"distribution":"{\"name\": \"IntDistribution\", \"attributes\": {\"log\": false, \"step\": 1, \"low\": 5, \"high\": 20}}"}
{"op_code":5,"worker_id":"9160c0ae-a29c-481a-8d98-54cdf9ab36dd-139679950972736","trial_id":121,"param_name":"min_samples_leaf","param_value_internal":16.0,"distribution":"{\"name\": \"IntDistribution\", \"attributes\": {\"log\": false, \"step\": 1, \"low\": 5, \"high\": 20}}"}
{"op_code":6,"worker_id":"9160c0ae-a29c-481a-8d98-54cdf9ab36dd-139679950972736","trial_id":121,"state":1,"values":[0.7420124918967309],"datetime_complete":"2026-03-20T19:24:40.834001"}
{"op_code":4,"worker_id":"9160c0ae-a29c-481a-8d98-54cdf9ab36dd-139679950972736","study_id":0,"datetime_start":"2026-03-20T19:24:40.863126"}
{"op_code":5,"worker_id":"9160c0ae-a29c-481a-8d98-54cdf9ab36dd-139679950972736","trial_id":122,"param_name":"n_estimators","param_value_internal":172.0,"distribution":"{\"name\": \"IntDistribution\", \"attributes\": {\"log\": false, \"step\": 1, \"low\": 50, \"high\": 200}}"}
{"op_code":5,"worker_id":"9160c0ae-a29c-481a-8d98-54cdf9ab36dd-139679950972736","trial_id":122,"param_name":"min_samples_split","param_value_internal":8.0,"distribution":"{\"name\": \"IntDistribution\", \"attributes\": {\"log\": false, \"step\": 1, \"low\": 5, \"high\": 20}}"}
{"op_code":5,"worker_id":"9160c0ae-a29c-481a-8d98-54cdf9ab36dd-139679950972736","trial_id":122,"param_name":"min_samples_leaf","param_value_internal":16.0,"distribution":"{\"name\": \"IntDistribution\", \"attributes\": {\"log\": false, \"step\": 1, \"low\": 5, \"high\": 20}}"}
{"op_code":6,"worker_id":"9160c0ae-a29c-481a-8d98-54cdf9ab36dd-139679950972736","trial_id":122,"state":1,"values":[0.7416574915365857],"datetime_complete":"2026-03-20T19:25:03.350964"}
{"op_code":4,"worker_id":"9160c0ae-a29c-481a-8d98-54cdf9ab36dd-139679950972736","study_id":0,"datetime_start":"2026-03-20T19:25:03.373321"}
{"op_code":5,"worker_id":"9160c0ae-a29c-481a-8d98-54cdf9ab36dd-139679950972736","trial_id":123,"param_name":"n_estimators","param_value_internal":184.0,"distribution":"{\"name\": \"IntDistribution\", \"attributes\": {\"log\": false, \"step\": 1, \"low\": 50, \"high\": 200}}"}
{"op_code":5,"worker_id":"9160c0ae-a29c-481a-8d98-54cdf9ab36dd-139679950972736","trial_id":123,"param_name":"min_samples_split","param_value_internal":7.0,"distribution":"{\"name\": \"IntDistribution\", \"attributes\": {\"log\": false, \"step\": 1, \"low\": 5, \"high\": 20}}"}
{"op_code":5,"worker_id":"9160c0ae-a29c-481a-8d98-54cdf9ab36dd-139679950972736","trial_id":123,"param_name":"min_samples_leaf","param_value_internal":17.0,"distribution":"{\"name\": \"IntDistribution\", \"attributes\": {\"log\": false, \"step\": 1, \"low\": 5, \"high\": 20}}"}
{"op_code":6,"worker_id":"9160c0ae-a29c-481a-8d98-54cdf9ab36dd-139679950972736","trial_id":123,"state":1,"values":[0.743813218361236],"datetime_complete":"2026-03-20T19:25:26.759800"}
{"op_code":4,"worker_id":"9160c0ae-a29c-481a-8d98-54cdf9ab36dd-139679950972736","study_id":0,"datetime_start":"2026-03-20T19:25:26.789986"}
{"op_code":5,"worker_id":"9160c0ae-a29c-481a-8d98-54cdf9ab36dd-139679950972736","trial_id":124,"param_name":"n_estimators","param_value_internal":170.0,"distribution":"{\"name\": \"IntDistribution\", \"attributes\": {\"log\": false, \"step\": 1, \"low\": 50, \"high\": 200}}"}
{"op_code":5,"worker_id":"9160c0ae-a29c-481a-8d98-54cdf9ab36dd-139679950972736","trial_id":124,"param_name":"min_samples_split","param_value_internal":8.0,"distribution":"{\"name\": \"IntDistribution\", \"attributes\": {\"log\": false, \"step\": 1, \"low\": 5, \"high\": 20}}"}
{"op_code":5,"worker_id":"9160c0ae-a29c-481a-8d98-54cdf9ab36dd-139679950972736","trial_id":124,"param_name":"min_samples_leaf","param_value_internal":17.0,"distribution":"{\"name\": \"IntDistribution\", \"attributes\": {\"log\": false, \"step\": 1, \"low\": 5, \"high\": 20}}"}
{"op_code":6,"worker_id":"9160c0ae-a29c-481a-8d98-54cdf9ab36dd-139679950972736","trial_id":124,"state":1,"values":[0.7432987250856631],"datetime_complete":"2026-03-20T19:25:49.002272"}
{"op_code":4,"worker_id":"9160c0ae-a29c-481a-8d98-54cdf9ab36dd-139679950972736","study_id":0,"datetime_start":"2026-03-20T19:25:49.025850"}
{"op_code":5,"worker_id":"9160c0ae-a29c-481a-8d98-54cdf9ab36dd-139679950972736","trial_id":125,"param_name":"n_estimators","param_value_internal":174.0,"distribution":"{\"name\": \"IntDistribution\", \"attributes\": {\"log\": false, \"step\": 1, \"low\": 50, \"high\": 200}}"}
{"op_code":5,"worker_id":"9160c0ae-a29c-481a-8d98-54cdf9ab36dd-139679950972736","trial_id":125,"param_name":"min_samples_split","param_value_internal":9.0,"distribution":"{\"name\": \"IntDistribution\", \"attributes\": {\"log\": false, \"step\": 1, \"low\": 5, \"high\": 20}}"}
{"op_code":5,"worker_id":"9160c0ae-a29c-481a-8d98-54cdf9ab36dd-139679950972736","trial_id":125,"param_name":"min_samples_leaf","param_value_internal":18.0,"distribution":"{\"name\": \"IntDistribution\", \"attributes\": {\"log\": false, \"step\": 1, \"low\": 5, \"high\": 20}}"}
{"op_code":6,"worker_id":"9160c0ae-a29c-481a-8d98-54cdf9ab36dd-139679950972736","trial_id":125,"state":1,"values":[0.7393628515275306],"datetime_complete":"2026-03-20T19:26:11.115871"}
{"op_code":4,"worker_id":"9160c0ae-a29c-481a-8d98-54cdf9ab36dd-139679950972736","study_id":0,"datetime_start":"2026-03-20T19:26:11.139268"}
{"op_code":5,"worker_id":"9160c0ae-a29c-481a-8d98-54cdf9ab36dd-139679950972736","trial_id":126,"param_name":"n_estimators","param_value_internal":177.0,"distribution":"{\"name\": \"IntDistribution\", \"attributes\": {\"log\": false, \"step\": 1, \"low\": 50, \"high\": 200}}"}
{"op_code":5,"worker_id":"9160c0ae-a29c-481a-8d98-54cdf9ab36dd-139679950972736","trial_id":126,"param_name":"min_samples_split","param_value_internal":7.0,"distribution":"{\"name\": \"IntDistribution\", \"attributes\": {\"log\": false, \"step\": 1, \"low\": 5, \"high\": 20}}"}
{"op_code":5,"worker_id":"9160c0ae-a29c-481a-8d98-54cdf9ab36dd-139679950972736","trial_id":126,"param_name":"min_samples_leaf","param_value_internal":16.0,"distribution":"{\"name\": \"IntDistribution\", \"attributes\": {\"log\": false, \"step\": 1, \"low\": 5, \"high\": 20}}"}
{"op_code":6,"worker_id":"9160c0ae-a29c-481a-8d98-54cdf9ab36dd-139679950972736","trial_id":126,"state":1,"values":[0.7420124918967309],"datetime_complete":"2026-03-20T19:26:34.767380"}
{"op_code":4,"worker_id":"9160c0ae-a29c-481a-8d98-54cdf9ab36dd-139679950972736","study_id":0,"datetime_start":"2026-03-20T19:26:34.789677"}
{"op_code":5,"worker_id":"9160c0ae-a29c-481a-8d98-54cdf9ab36dd-139679950972736","trial_id":127,"param_name":"n_estimators","param_value_internal":162.0,"distribution":"{\"name\": \"IntDistribution\", \"attributes\": {\"log\": false, \"step\": 1, \"low\": 50, \"high\": 200}}"}
{"op_code":5,"worker_id":"9160c0ae-a29c-481a-8d98-54cdf9ab36dd-139679950972736","trial_id":127,"param_name":"min_samples_split","param_value_internal":9.0,"distribution":"{\"name\": \"IntDistribution\", \"attributes\": {\"log\": false, \"step\": 1, \"low\": 5, \"high\": 20}}"}
{"op_code":5,"worker_id":"9160c0ae-a29c-481a-8d98-54cdf9ab36dd-139679950972736","trial_id":127,"param_name":"min_samples_leaf","param_value_internal":18.0,"distribution":"{\"name\": \"IntDistribution\", \"attributes\": {\"log\": false, \"step\": 1, \"low\": 5, \"high\": 20}}"}
{"op_code":6,"worker_id":"9160c0ae-a29c-481a-8d98-54cdf9ab36dd-139679950972736","trial_id":127,"state":1,"values":[0.7401243015753785],"datetime_complete":"2026-03-20T19:26:55.396458"}
{"op_code":4,"worker_id":"9160c0ae-a29c-481a-8d98-54cdf9ab36dd-139679950972736","study_id":0,"datetime_start":"2026-03-20T19:26:55.413021"}
{"op_code":5,"worker_id":"9160c0ae-a29c-481a-8d98-54cdf9ab36dd-139679950972736","trial_id":128,"param_name":"n_estimators","param_value_internal":167.0,"distribution":"{\"name\": \"IntDistribution\", \"attributes\": {\"log\": false, \"step\": 1, \"low\": 50, \"high\": 200}}"}
{"op_code":5,"worker_id":"9160c0ae-a29c-481a-8d98-54cdf9ab36dd-139679950972736","trial_id":128,"param_name":"min_samples_split","param_value_internal":6.0,"distribution":"{\"name\": \"IntDistribution\", \"attributes\": {\"log\": false, \"step\": 1, \"low\": 5, \"high\": 20}}"}
{"op_code":5,"worker_id":"9160c0ae-a29c-481a-8d98-54cdf9ab36dd-139679950972736","trial_id":128,"param_name":"min_samples_leaf","param_value_internal":15.0,"distribution":"{\"name\": \"IntDistribution\", \"attributes\": {\"log\": false, \"step\": 1, \"low\": 5, \"high\": 20}}"}
{"op_code":6,"worker_id":"9160c0ae-a29c-481a-8d98-54cdf9ab36dd-139679950972736","trial_id":128,"state":1,"values":[0.7416780712676085],"datetime_complete":"2026-03-20T19:27:17.704657"}
{"op_code":4,"worker_id":"9160c0ae-a29c-481a-8d98-54cdf9ab36dd-139679950972736","study_id":0,"datetime_start":"2026-03-20T19:27:17.730293"}
{"op_code":5,"worker_id":"9160c0ae-a29c-481a-8d98-54cdf9ab36dd-139679950972736","trial_id":129,"param_name":"n_estimators","param_value_internal":191.0,"distribution":"{\"name\": \"IntDistribution\", \"attributes\": {\"log\": false, \"step\": 1, \"low\": 50, \"high\": 200}}"}
{"op_code":5,"worker_id":"9160c0ae-a29c-481a-8d98-54cdf9ab36dd-139679950972736","trial_id":129,"param_name":"min_samples_split","param_value_internal":8.0,"distribution":"{\"name\": \"IntDistribution\", \"attributes\": {\"log\": false, \"step\": 1, \"low\": 5, \"high\": 20}}"}
{"op_code":5,"worker_id":"9160c0ae-a29c-481a-8d98-54cdf9ab36dd-139679950972736","trial_id":129,"param_name":"min_samples_leaf","param_value_internal":17.0,"distribution":"{\"name\": \"IntDistribution\", \"attributes\": {\"log\": false, \"step\": 1, \"low\": 5, \"high\": 20}}"}
{"op_code":6,"worker_id":"9160c0ae-a29c-481a-8d98-54cdf9ab36dd-139679950972736","trial_id":129,"state":1,"values":[0.7440138707387094],"datetime_complete":"2026-03-20T19:27:41.979126"}
{"op_code":0,"worker_id":"74b6842f-0abf-4adc-91b9-2dc1cd56a81e-139679950972736","study_name":"rsf_tuning","directions":[2]}
{"op_code":4,"worker_id":"74b6842f-0abf-4adc-91b9-2dc1cd56a81e-139679950972736","study_id":0,"datetime_start":"2026-03-20T19:37:09.562525"}
{"op_code":5,"worker_id":"74b6842f-0abf-4adc-91b9-2dc1cd56a81e-139679950972736","trial_id":130,"param_name":"n_estimators","param_value_internal":182.0,"distribution":"{\"name\": \"IntDistribution\", \"attributes\": {\"log\": false, \"step\": 1, \"low\": 50, \"high\": 200}}"}
{"op_code":5,"worker_id":"74b6842f-0abf-4adc-91b9-2dc1cd56a81e-139679950972736","trial_id":130,"param_name":"min_samples_split","param_value_internal":10.0,"distribution":"{\"name\": \"IntDistribution\", \"attributes\": {\"log\": false, \"step\": 1, \"low\": 5, \"high\": 20}}"}
{"op_code":5,"worker_id":"74b6842f-0abf-4adc-91b9-2dc1cd56a81e-139679950972736","trial_id":130,"param_name":"min_samples_leaf","param_value_internal":19.0,"distribution":"{\"name\": \"IntDistribution\", \"attributes\": {\"log\": false, \"step\": 1, \"low\": 5, \"high\": 20}}"}
{"op_code":6,"worker_id":"74b6842f-0abf-4adc-91b9-2dc1cd56a81e-139679950972736","trial_id":130,"state":1,"values":[0.7582328659079968],"datetime_complete":"2026-03-20T19:37:32.133009"}
{"op_code":4,"worker_id":"74b6842f-0abf-4adc-91b9-2dc1cd56a81e-139679950972736","study_id":0,"datetime_start":"2026-03-20T19:37:32.146326"}
{"op_code":5,"worker_id":"74b6842f-0abf-4adc-91b9-2dc1cd56a81e-139679950972736","trial_id":131,"param_name":"n_estimators","param_value_internal":170.0,"distribution":"{\"name\": \"IntDistribution\", \"attributes\": {\"log\": false, \"step\": 1, \"low\": 50, \"high\": 200}}"}
{"op_code":5,"worker_id":"74b6842f-0abf-4adc-91b9-2dc1cd56a81e-139679950972736","trial_id":131,"param_name":"min_samples_split","param_value_internal":8.0,"distribution":"{\"name\": \"IntDistribution\", \"attributes\": {\"log\": false, \"step\": 1, \"low\": 5, \"high\": 20}}"}
{"op_code":5,"worker_id":"74b6842f-0abf-4adc-91b9-2dc1cd56a81e-139679950972736","trial_id":131,"param_name":"min_samples_leaf","param_value_internal":16.0,"distribution":"{\"name\": \"IntDistribution\", \"attributes\": {\"log\": false, \"step\": 1, \"low\": 5, \"high\": 20}}"}
{"op_code":6,"worker_id":"74b6842f-0abf-4adc-91b9-2dc1cd56a81e-139679950972736","trial_id":131,"state":1,"values":[0.7551957962448913],"datetime_complete":"2026-03-20T19:37:54.859949"}
{"op_code":4,"worker_id":"74b6842f-0abf-4adc-91b9-2dc1cd56a81e-139679950972736","study_id":0,"datetime_start":"2026-03-20T19:37:54.879600"}
{"op_code":5,"worker_id":"74b6842f-0abf-4adc-91b9-2dc1cd56a81e-139679950972736","trial_id":132,"param_name":"n_estimators","param_value_internal":172.0,"distribution":"{\"name\": \"IntDistribution\", \"attributes\": {\"log\": false, \"step\": 1, \"low\": 50, \"high\": 200}}"}
{"op_code":5,"worker_id":"74b6842f-0abf-4adc-91b9-2dc1cd56a81e-139679950972736","trial_id":132,"param_name":"min_samples_split","param_value_internal":8.0,"distribution":"{\"name\": \"IntDistribution\", \"attributes\": {\"log\": false, \"step\": 1, \"low\": 5, \"high\": 20}}"}
{"op_code":5,"worker_id":"74b6842f-0abf-4adc-91b9-2dc1cd56a81e-139679950972736","trial_id":132,"param_name":"min_samples_leaf","param_value_internal":16.0,"distribution":"{\"name\": \"IntDistribution\", \"attributes\": {\"log\": false, \"step\": 1, \"low\": 5, \"high\": 20}}"}
{"op_code":6,"worker_id":"74b6842f-0abf-4adc-91b9-2dc1cd56a81e-139679950972736","trial_id":132,"state":1,"values":[0.7553238345949379],"datetime_complete":"2026-03-20T19:38:17.825199"}
{"op_code":4,"worker_id":"74b6842f-0abf-4adc-91b9-2dc1cd56a81e-139679950972736","study_id":0,"datetime_start":"2026-03-20T19:38:17.844438"}
{"op_code":5,"worker_id":"74b6842f-0abf-4adc-91b9-2dc1cd56a81e-139679950972736","trial_id":133,"param_name":"n_estimators","param_value_internal":187.0,"distribution":"{\"name\": \"IntDistribution\", \"attributes\": {\"log\": false, \"step\": 1, \"low\": 50, \"high\": 200}}"}
{"op_code":5,"worker_id":"74b6842f-0abf-4adc-91b9-2dc1cd56a81e-139679950972736","trial_id":133,"param_name":"min_samples_split","param_value_internal":7.0,"distribution":"{\"name\": \"IntDistribution\", \"attributes\": {\"log\": false, \"step\": 1, \"low\": 5, \"high\": 20}}"}
{"op_code":5,"worker_id":"74b6842f-0abf-4adc-91b9-2dc1cd56a81e-139679950972736","trial_id":133,"param_name":"min_samples_leaf","param_value_internal":16.0,"distribution":"{\"name\": \"IntDistribution\", \"attributes\": {\"log\": false, \"step\": 1, \"low\": 5, \"high\": 20}}"}
{"op_code":6,"worker_id":"74b6842f-0abf-4adc-91b9-2dc1cd56a81e-139679950972736","trial_id":133,"state":1,"values":[0.7561381585012343],"datetime_complete":"2026-03-20T19:38:42.838015"}
{"op_code":4,"worker_id":"74b6842f-0abf-4adc-91b9-2dc1cd56a81e-139679950972736","study_id":0,"datetime_start":"2026-03-20T19:38:42.862572"}
{"op_code":5,"worker_id":"74b6842f-0abf-4adc-91b9-2dc1cd56a81e-139679950972736","trial_id":134,"param_name":"n_estimators","param_value_internal":178.0,"distribution":"{\"name\": \"IntDistribution\", \"attributes\": {\"log\": false, \"step\": 1, \"low\": 50, \"high\": 200}}"}
{"op_code":5,"worker_id":"74b6842f-0abf-4adc-91b9-2dc1cd56a81e-139679950972736","trial_id":134,"param_name":"min_samples_split","param_value_internal":7.0,"distribution":"{\"name\": \"IntDistribution\", \"attributes\": {\"log\": false, \"step\": 1, \"low\": 5, \"high\": 20}}"}
{"op_code":5,"worker_id":"74b6842f-0abf-4adc-91b9-2dc1cd56a81e-139679950972736","trial_id":134,"param_name":"min_samples_leaf","param_value_internal":17.0,"distribution":"{\"name\": \"IntDistribution\", \"attributes\": {\"log\": false, \"step\": 1, \"low\": 5, \"high\": 20}}"}
{"op_code":6,"worker_id":"74b6842f-0abf-4adc-91b9-2dc1cd56a81e-139679950972736","trial_id":134,"state":1,"values":[0.7582533520440042],"datetime_complete":"2026-03-20T19:39:06.233745"}
{"op_code":4,"worker_id":"74b6842f-0abf-4adc-91b9-2dc1cd56a81e-139679950972736","study_id":0,"datetime_start":"2026-03-20T19:39:06.257016"}
{"op_code":5,"worker_id":"74b6842f-0abf-4adc-91b9-2dc1cd56a81e-139679950972736","trial_id":135,"param_name":"n_estimators","param_value_internal":175.0,"distribution":"{\"name\": \"IntDistribution\", \"attributes\": {\"log\": false, \"step\": 1, \"low\": 50, \"high\": 200}}"}
{"op_code":5,"worker_id":"74b6842f-0abf-4adc-91b9-2dc1cd56a81e-139679950972736","trial_id":135,"param_name":"min_samples_split","param_value_internal":8.0,"distribution":"{\"name\": \"IntDistribution\", \"attributes\": {\"log\": false, \"step\": 1, \"low\": 5, \"high\": 20}}"}
{"op_code":5,"worker_id":"74b6842f-0abf-4adc-91b9-2dc1cd56a81e-139679950972736","trial_id":135,"param_name":"min_samples_leaf","param_value_internal":18.0,"distribution":"{\"name\": \"IntDistribution\", \"attributes\": {\"log\": false, \"step\": 1, \"low\": 5, \"high\": 20}}"}
{"op_code":6,"worker_id":"74b6842f-0abf-4adc-91b9-2dc1cd56a81e-139679950972736","trial_id":135,"state":1,"values":[0.7578589939258606],"datetime_complete":"2026-03-20T19:39:28.485071"}
{"op_code":4,"worker_id":"74b6842f-0abf-4adc-91b9-2dc1cd56a81e-139679950972736","study_id":0,"datetime_start":"2026-03-20T19:39:28.502613"}
{"op_code":5,"worker_id":"74b6842f-0abf-4adc-91b9-2dc1cd56a81e-139679950972736","trial_id":136,"param_name":"n_estimators","param_value_internal":164.0,"distribution":"{\"name\": \"IntDistribution\", \"attributes\": {\"log\": false, \"step\": 1, \"low\": 50, \"high\": 200}}"}
{"op_code":5,"worker_id":"74b6842f-0abf-4adc-91b9-2dc1cd56a81e-139679950972736","trial_id":136,"param_name":"min_samples_split","param_value_internal":9.0,"distribution":"{\"name\": \"IntDistribution\", \"attributes\": {\"log\": false, \"step\": 1, \"low\": 5, \"high\": 20}}"}
{"op_code":5,"worker_id":"74b6842f-0abf-4adc-91b9-2dc1cd56a81e-139679950972736","trial_id":136,"param_name":"min_samples_leaf","param_value_internal":17.0,"distribution":"{\"name\": \"IntDistribution\", \"attributes\": {\"log\": false, \"step\": 1, \"low\": 5, \"high\": 20}}"}
{"op_code":6,"worker_id":"74b6842f-0abf-4adc-91b9-2dc1cd56a81e-139679950972736","trial_id":136,"state":1,"values":[0.75788460159587],"datetime_complete":"2026-03-20T19:39:50.045031"}
{"op_code":4,"worker_id":"74b6842f-0abf-4adc-91b9-2dc1cd56a81e-139679950972736","study_id":0,"datetime_start":"2026-03-20T19:39:50.063315"}
{"op_code":5,"worker_id":"74b6842f-0abf-4adc-91b9-2dc1cd56a81e-139679950972736","trial_id":137,"param_name":"n_estimators","param_value_internal":170.0,"distribution":"{\"name\": \"IntDistribution\", \"attributes\": {\"log\": false, \"step\": 1, \"low\": 50, \"high\": 200}}"}
{"op_code":5,"worker_id":"74b6842f-0abf-4adc-91b9-2dc1cd56a81e-139679950972736","trial_id":137,"param_name":"min_samples_split","param_value_internal":8.0,"distribution":"{\"name\": \"IntDistribution\", \"attributes\": {\"log\": false, \"step\": 1, \"low\": 5, \"high\": 20}}"}
{"op_code":5,"worker_id":"74b6842f-0abf-4adc-91b9-2dc1cd56a81e-139679950972736","trial_id":137,"param_name":"min_samples_leaf","param_value_internal":15.0,"distribution":"{\"name\": \"IntDistribution\", \"attributes\": {\"log\": false, \"step\": 1, \"low\": 5, \"high\": 20}}"}
{"op_code":6,"worker_id":"74b6842f-0abf-4adc-91b9-2dc1cd56a81e-139679950972736","trial_id":137,"state":1,"values":[0.7576643756337899],"datetime_complete":"2026-03-20T19:40:13.312023"}
{"op_code":4,"worker_id":"74b6842f-0abf-4adc-91b9-2dc1cd56a81e-139679950972736","study_id":0,"datetime_start":"2026-03-20T19:40:13.325739"}
{"op_code":5,"worker_id":"74b6842f-0abf-4adc-91b9-2dc1cd56a81e-139679950972736","trial_id":138,"param_name":"n_estimators","param_value_internal":180.0,"distribution":"{\"name\": \"IntDistribution\", \"attributes\": {\"log\": false, \"step\": 1, \"low\": 50, \"high\": 200}}"}
{"op_code":5,"worker_id":"74b6842f-0abf-4adc-91b9-2dc1cd56a81e-139679950972736","trial_id":138,"param_name":"min_samples_split","param_value_internal":7.0,"distribution":"{\"name\": \"IntDistribution\", \"attributes\": {\"log\": false, \"step\": 1, \"low\": 5, \"high\": 20}}"}
{"op_code":5,"worker_id":"74b6842f-0abf-4adc-91b9-2dc1cd56a81e-139679950972736","trial_id":138,"param_name":"min_samples_leaf","param_value_internal":16.0,"distribution":"{\"name\": \"IntDistribution\", \"attributes\": {\"log\": false, \"step\": 1, \"low\": 5, \"high\": 20}}"}
{"op_code":6,"worker_id":"74b6842f-0abf-4adc-91b9-2dc1cd56a81e-139679950972736","trial_id":138,"state":1,"values":[0.7557898941891075],"datetime_complete":"2026-03-20T19:40:37.416139"}
{"op_code":4,"worker_id":"74b6842f-0abf-4adc-91b9-2dc1cd56a81e-139679950972736","study_id":0,"datetime_start":"2026-03-20T19:40:37.439351"}
{"op_code":5,"worker_id":"74b6842f-0abf-4adc-91b9-2dc1cd56a81e-139679950972736","trial_id":139,"param_name":"n_estimators","param_value_internal":167.0,"distribution":"{\"name\": \"IntDistribution\", \"attributes\": {\"log\": false, \"step\": 1, \"low\": 50, \"high\": 200}}"}
{"op_code":5,"worker_id":"74b6842f-0abf-4adc-91b9-2dc1cd56a81e-139679950972736","trial_id":139,"param_name":"min_samples_split","param_value_internal":6.0,"distribution":"{\"name\": \"IntDistribution\", \"attributes\": {\"log\": false, \"step\": 1, \"low\": 5, \"high\": 20}}"}
{"op_code":5,"worker_id":"74b6842f-0abf-4adc-91b9-2dc1cd56a81e-139679950972736","trial_id":139,"param_name":"min_samples_leaf","param_value_internal":17.0,"distribution":"{\"name\": \"IntDistribution\", \"attributes\": {\"log\": false, \"step\": 1, \"low\": 5, \"high\": 20}}"}
{"op_code":6,"worker_id":"74b6842f-0abf-4adc-91b9-2dc1cd56a81e-139679950972736","trial_id":139,"state":1,"values":[0.7581304352279595],"datetime_complete":"2026-03-20T19:40:59.446851"}
{"op_code":0,"worker_id":"d2fb89d8-5305-430e-8f8a-8b8abab1b352-139679950972736","study_name":"rsf_tuning","directions":[2]}
{"op_code":4,"worker_id":"d2fb89d8-5305-430e-8f8a-8b8abab1b352-139679950972736","study_id":0,"datetime_start":"2026-03-20T19:49:51.019635"}
{"op_code":5,"worker_id":"d2fb89d8-5305-430e-8f8a-8b8abab1b352-139679950972736","trial_id":140,"param_name":"n_estimators","param_value_internal":183.0,"distribution":"{\"name\": \"IntDistribution\", \"attributes\": {\"log\": false, \"step\": 1, \"low\": 50, \"high\": 200}}"}
{"op_code":5,"worker_id":"d2fb89d8-5305-430e-8f8a-8b8abab1b352-139679950972736","trial_id":140,"param_name":"min_samples_split","param_value_internal":8.0,"distribution":"{\"name\": \"IntDistribution\", \"attributes\": {\"log\": false, \"step\": 1, \"low\": 5, \"high\": 20}}"}
{"op_code":5,"worker_id":"d2fb89d8-5305-430e-8f8a-8b8abab1b352-139679950972736","trial_id":140,"param_name":"min_samples_leaf","param_value_internal":14.0,"distribution":"{\"name\": \"IntDistribution\", \"attributes\": {\"log\": false, \"step\": 1, \"low\": 5, \"high\": 20}}"}
{"op_code":6,"worker_id":"d2fb89d8-5305-430e-8f8a-8b8abab1b352-139679950972736","trial_id":140,"state":1,"values":[0.770763652277203],"datetime_complete":"2026-03-20T19:50:16.697555"}
{"op_code":4,"worker_id":"d2fb89d8-5305-430e-8f8a-8b8abab1b352-139679950972736","study_id":0,"datetime_start":"2026-03-20T19:50:16.711689"}
{"op_code":5,"worker_id":"d2fb89d8-5305-430e-8f8a-8b8abab1b352-139679950972736","trial_id":141,"param_name":"n_estimators","param_value_internal":174.0,"distribution":"{\"name\": \"IntDistribution\", \"attributes\": {\"log\": false, \"step\": 1, \"low\": 50, \"high\": 200}}"}
{"op_code":5,"worker_id":"d2fb89d8-5305-430e-8f8a-8b8abab1b352-139679950972736","trial_id":141,"param_name":"min_samples_split","param_value_internal":13.0,"distribution":"{\"name\": \"IntDistribution\", \"attributes\": {\"log\": false, \"step\": 1, \"low\": 5, \"high\": 20}}"}
{"op_code":5,"worker_id":"d2fb89d8-5305-430e-8f8a-8b8abab1b352-139679950972736","trial_id":141,"param_name":"min_samples_leaf","param_value_internal":16.0,"distribution":"{\"name\": \"IntDistribution\", \"attributes\": {\"log\": false, \"step\": 1, \"low\": 5, \"high\": 20}}"}
{"op_code":6,"worker_id":"d2fb89d8-5305-430e-8f8a-8b8abab1b352-139679950972736","trial_id":141,"state":1,"values":[0.7701072176549655],"datetime_complete":"2026-03-20T19:50:40.061091"}
{"op_code":4,"worker_id":"d2fb89d8-5305-430e-8f8a-8b8abab1b352-139679950972736","study_id":0,"datetime_start":"2026-03-20T19:50:40.076268"}
{"op_code":5,"worker_id":"d2fb89d8-5305-430e-8f8a-8b8abab1b352-139679950972736","trial_id":142,"param_name":"n_estimators","param_value_internal":178.0,"distribution":"{\"name\": \"IntDistribution\", \"attributes\": {\"log\": false, \"step\": 1, \"low\": 50, \"high\": 200}}"}
{"op_code":5,"worker_id":"d2fb89d8-5305-430e-8f8a-8b8abab1b352-139679950972736","trial_id":142,"param_name":"min_samples_split","param_value_internal":12.0,"distribution":"{\"name\": \"IntDistribution\", \"attributes\": {\"log\": false, \"step\": 1, \"low\": 5, \"high\": 20}}"}
{"op_code":5,"worker_id":"d2fb89d8-5305-430e-8f8a-8b8abab1b352-139679950972736","trial_id":142,"param_name":"min_samples_leaf","param_value_internal":18.0,"distribution":"{\"name\": \"IntDistribution\", \"attributes\": {\"log\": false, \"step\": 1, \"low\": 5, \"high\": 20}}"}
{"op_code":6,"worker_id":"d2fb89d8-5305-430e-8f8a-8b8abab1b352-139679950972736","trial_id":142,"state":1,"values":[0.7699717628916466],"datetime_complete":"2026-03-20T19:51:02.620524"}
{"op_code":4,"worker_id":"d2fb89d8-5305-430e-8f8a-8b8abab1b352-139679950972736","study_id":0,"datetime_start":"2026-03-20T19:51:02.634277"}
{"op_code":5,"worker_id":"d2fb89d8-5305-430e-8f8a-8b8abab1b352-139679950972736","trial_id":143,"param_name":"n_estimators","param_value_internal":173.0,"distribution":"{\"name\": \"IntDistribution\", \"attributes\": {\"log\": false, \"step\": 1, \"low\": 50, \"high\": 200}}"}
{"op_code":5,"worker_id":"d2fb89d8-5305-430e-8f8a-8b8abab1b352-139679950972736","trial_id":143,"param_name":"min_samples_split","param_value_internal":7.0,"distribution":"{\"name\": \"IntDistribution\", \"attributes\": {\"log\": false, \"step\": 1, \"low\": 5, \"high\": 20}}"}
{"op_code":5,"worker_id":"d2fb89d8-5305-430e-8f8a-8b8abab1b352-139679950972736","trial_id":143,"param_name":"min_samples_leaf","param_value_internal":17.0,"distribution":"{\"name\": \"IntDistribution\", \"attributes\": {\"log\": false, \"step\": 1, \"low\": 5, \"high\": 20}}"}
{"op_code":6,"worker_id":"d2fb89d8-5305-430e-8f8a-8b8abab1b352-139679950972736","trial_id":143,"state":1,"values":[0.7707219738884895],"datetime_complete":"2026-03-20T19:51:25.149376"}
{"op_code":4,"worker_id":"d2fb89d8-5305-430e-8f8a-8b8abab1b352-139679950972736","study_id":0,"datetime_start":"2026-03-20T19:51:25.164215"}
{"op_code":5,"worker_id":"d2fb89d8-5305-430e-8f8a-8b8abab1b352-139679950972736","trial_id":144,"param_name":"n_estimators","param_value_internal":169.0,"distribution":"{\"name\": \"IntDistribution\", \"attributes\": {\"log\": false, \"step\": 1, \"low\": 50, \"high\": 200}}"}
{"op_code":5,"worker_id":"d2fb89d8-5305-430e-8f8a-8b8abab1b352-139679950972736","trial_id":144,"param_name":"min_samples_split","param_value_internal":8.0,"distribution":"{\"name\": \"IntDistribution\", \"attributes\": {\"log\": false, \"step\": 1, \"low\": 5, \"high\": 20}}"}
{"op_code":5,"worker_id":"d2fb89d8-5305-430e-8f8a-8b8abab1b352-139679950972736","trial_id":144,"param_name":"min_samples_leaf","param_value_internal":20.0,"distribution":"{\"name\": \"IntDistribution\", \"attributes\": {\"log\": false, \"step\": 1, \"low\": 5, \"high\": 20}}"}
{"op_code":6,"worker_id":"d2fb89d8-5305-430e-8f8a-8b8abab1b352-139679950972736","trial_id":144,"state":1,"values":[0.7692788596792848],"datetime_complete":"2026-03-20T19:51:45.935707"}
{"op_code":4,"worker_id":"d2fb89d8-5305-430e-8f8a-8b8abab1b352-139679950972736","study_id":0,"datetime_start":"2026-03-20T19:51:45.950922"}
{"op_code":5,"worker_id":"d2fb89d8-5305-430e-8f8a-8b8abab1b352-139679950972736","trial_id":145,"param_name":"n_estimators","param_value_internal":131.0,"distribution":"{\"name\": \"IntDistribution\", \"attributes\": {\"log\": false, \"step\": 1, \"low\": 50, \"high\": 200}}"}
{"op_code":5,"worker_id":"d2fb89d8-5305-430e-8f8a-8b8abab1b352-139679950972736","trial_id":145,"param_name":"min_samples_split","param_value_internal":7.0,"distribution":"{\"name\": \"IntDistribution\", \"attributes\": {\"log\": false, \"step\": 1, \"low\": 5, \"high\": 20}}"}
{"op_code":5,"worker_id":"d2fb89d8-5305-430e-8f8a-8b8abab1b352-139679950972736","trial_id":145,"param_name":"min_samples_leaf","param_value_internal":17.0,"distribution":"{\"name\": \"IntDistribution\", \"attributes\": {\"log\": false, \"step\": 1, \"low\": 5, \"high\": 20}}"}
{"op_code":6,"worker_id":"d2fb89d8-5305-430e-8f8a-8b8abab1b352-139679950972736","trial_id":145,"state":1,"values":[0.7705448407364571],"datetime_complete":"2026-03-20T19:52:02.762158"}
{"op_code":4,"worker_id":"d2fb89d8-5305-430e-8f8a-8b8abab1b352-139679950972736","study_id":0,"datetime_start":"2026-03-20T19:52:02.775176"}
{"op_code":5,"worker_id":"d2fb89d8-5305-430e-8f8a-8b8abab1b352-139679950972736","trial_id":146,"param_name":"n_estimators","param_value_internal":183.0,"distribution":"{\"name\": \"IntDistribution\", \"attributes\": {\"log\": false, \"step\": 1, \"low\": 50, \"high\": 200}}"}
{"op_code":5,"worker_id":"d2fb89d8-5305-430e-8f8a-8b8abab1b352-139679950972736","trial_id":146,"param_name":"min_samples_split","param_value_internal":9.0,"distribution":"{\"name\": \"IntDistribution\", \"attributes\": {\"log\": false, \"step\": 1, \"low\": 5, \"high\": 20}}"}
{"op_code":5,"worker_id":"d2fb89d8-5305-430e-8f8a-8b8abab1b352-139679950972736","trial_id":146,"param_name":"min_samples_leaf","param_value_internal":16.0,"distribution":"{\"name\": \"IntDistribution\", \"attributes\": {\"log\": false, \"step\": 1, \"low\": 5, \"high\": 20}}"}
{"op_code":6,"worker_id":"d2fb89d8-5305-430e-8f8a-8b8abab1b352-139679950972736","trial_id":146,"state":1,"values":[0.7699717628916466],"datetime_complete":"2026-03-20T19:52:27.301542"}
{"op_code":4,"worker_id":"d2fb89d8-5305-430e-8f8a-8b8abab1b352-139679950972736","study_id":0,"datetime_start":"2026-03-20T19:52:27.319041"}
{"op_code":5,"worker_id":"d2fb89d8-5305-430e-8f8a-8b8abab1b352-139679950972736","trial_id":147,"param_name":"n_estimators","param_value_internal":176.0,"distribution":"{\"name\": \"IntDistribution\", \"attributes\": {\"log\": false, \"step\": 1, \"low\": 50, \"high\": 200}}"}
{"op_code":5,"worker_id":"d2fb89d8-5305-430e-8f8a-8b8abab1b352-139679950972736","trial_id":147,"param_name":"min_samples_split","param_value_internal":6.0,"distribution":"{\"name\": \"IntDistribution\", \"attributes\": {\"log\": false, \"step\": 1, \"low\": 5, \"high\": 20}}"}
{"op_code":5,"worker_id":"d2fb89d8-5305-430e-8f8a-8b8abab1b352-139679950972736","trial_id":147,"param_name":"min_samples_leaf","param_value_internal":15.0,"distribution":"{\"name\": \"IntDistribution\", \"attributes\": {\"log\": false, \"step\": 1, \"low\": 5, \"high\": 20}}"}
{"op_code":6,"worker_id":"d2fb89d8-5305-430e-8f8a-8b8abab1b352-139679950972736","trial_id":147,"state":1,"values":[0.7700915882591979],"datetime_complete":"2026-03-20T19:52:50.726768"}
{"op_code":4,"worker_id":"d2fb89d8-5305-430e-8f8a-8b8abab1b352-139679950972736","study_id":0,"datetime_start":"2026-03-20T19:53:02.981493"}
{"op_code":5,"worker_id":"d2fb89d8-5305-430e-8f8a-8b8abab1b352-139679950972736","trial_id":148,"param_name":"n_estimators","param_value_internal":159.0,"distribution":"{\"name\": \"IntDistribution\", \"attributes\": {\"log\": false, \"step\": 1, \"low\": 50, \"high\": 200}}"}
{"op_code":5,"worker_id":"d2fb89d8-5305-430e-8f8a-8b8abab1b352-139679950972736","trial_id":148,"param_name":"min_samples_split","param_value_internal":7.0,"distribution":"{\"name\": \"IntDistribution\", \"attributes\": {\"log\": false, \"step\": 1, \"low\": 5, \"high\": 20}}"}
{"op_code":5,"worker_id":"d2fb89d8-5305-430e-8f8a-8b8abab1b352-139679950972736","trial_id":148,"param_name":"min_samples_leaf","param_value_internal":16.0,"distribution":"{\"name\": \"IntDistribution\", \"attributes\": {\"log\": false, \"step\": 1, \"low\": 5, \"high\": 20}}"}
{"op_code":6,"worker_id":"d2fb89d8-5305-430e-8f8a-8b8abab1b352-139679950972736","trial_id":148,"state":1,"values":[0.7698779865170412],"datetime_complete":"2026-03-20T19:53:24.996233"}
{"op_code":4,"worker_id":"d2fb89d8-5305-430e-8f8a-8b8abab1b352-139679950972736","study_id":0,"datetime_start":"2026-03-20T19:53:25.017856"}
{"op_code":5,"worker_id":"d2fb89d8-5305-430e-8f8a-8b8abab1b352-139679950972736","trial_id":149,"param_name":"n_estimators","param_value_internal":188.0,"distribution":"{\"name\": \"IntDistribution\", \"attributes\": {\"log\": false, \"step\": 1, \"low\": 50, \"high\": 200}}"}
{"op_code":5,"worker_id":"d2fb89d8-5305-430e-8f8a-8b8abab1b352-139679950972736","trial_id":149,"param_name":"min_samples_split","param_value_internal":8.0,"distribution":"{\"name\": \"IntDistribution\", \"attributes\": {\"log\": false, \"step\": 1, \"low\": 5, \"high\": 20}}"}
{"op_code":5,"worker_id":"d2fb89d8-5305-430e-8f8a-8b8abab1b352-139679950972736","trial_id":149,"param_name":"min_samples_leaf","param_value_internal":6.0,"distribution":"{\"name\": \"IntDistribution\", \"attributes\": {\"log\": false, \"step\": 1, \"low\": 5, \"high\": 20}}"}
{"op_code":6,"worker_id":"d2fb89d8-5305-430e-8f8a-8b8abab1b352-139679950972736","trial_id":149,"state":1,"values":[0.7722276056807644],"datetime_complete":"2026-03-20T19:54:01.927102"}
{"op_code":0,"worker_id":"66d09806-9a8a-4b36-b1b0-612ef75454f6-139679950972736","study_name":"rsf_tuning","directions":[2]}
{"op_code":4,"worker_id":"66d09806-9a8a-4b36-b1b0-612ef75454f6-139679950972736","study_id":0,"datetime_start":"2026-03-20T20:03:52.585578"}
{"op_code":5,"worker_id":"66d09806-9a8a-4b36-b1b0-612ef75454f6-139679950972736","trial_id":150,"param_name":"n_estimators","param_value_internal":145.0,"distribution":"{\"name\": \"IntDistribution\", \"attributes\": {\"log\": false, \"step\": 1, \"low\": 50, \"high\": 200}}"}
{"op_code":5,"worker_id":"66d09806-9a8a-4b36-b1b0-612ef75454f6-139679950972736","trial_id":150,"param_name":"min_samples_split","param_value_internal":7.0,"distribution":"{\"name\": \"IntDistribution\", \"attributes\": {\"log\": false, \"step\": 1, \"low\": 5, \"high\": 20}}"}
{"op_code":5,"worker_id":"66d09806-9a8a-4b36-b1b0-612ef75454f6-139679950972736","trial_id":150,"param_name":"min_samples_leaf","param_value_internal":18.0,"distribution":"{\"name\": \"IntDistribution\", \"attributes\": {\"log\": false, \"step\": 1, \"low\": 5, \"high\": 20}}"}
{"op_code":6,"worker_id":"66d09806-9a8a-4b36-b1b0-612ef75454f6-139679950972736","trial_id":150,"state":1,"values":[0.7634588191897043],"datetime_complete":"2026-03-20T20:04:11.191319"}
{"op_code":4,"worker_id":"66d09806-9a8a-4b36-b1b0-612ef75454f6-139679950972736","study_id":0,"datetime_start":"2026-03-20T20:04:13.396314"}
{"op_code":5,"worker_id":"66d09806-9a8a-4b36-b1b0-612ef75454f6-139679950972736","trial_id":151,"param_name":"n_estimators","param_value_internal":125.0,"distribution":"{\"name\": \"IntDistribution\", \"attributes\": {\"log\": false, \"step\": 1, \"low\": 50, \"high\": 200}}"}
{"op_code":5,"worker_id":"66d09806-9a8a-4b36-b1b0-612ef75454f6-139679950972736","trial_id":151,"param_name":"min_samples_split","param_value_internal":8.0,"distribution":"{\"name\": \"IntDistribution\", \"attributes\": {\"log\": false, \"step\": 1, \"low\": 5, \"high\": 20}}"}
{"op_code":5,"worker_id":"66d09806-9a8a-4b36-b1b0-612ef75454f6-139679950972736","trial_id":151,"param_name":"min_samples_leaf","param_value_internal":17.0,"distribution":"{\"name\": \"IntDistribution\", \"attributes\": {\"log\": false, \"step\": 1, \"low\": 5, \"high\": 20}}"}
{"op_code":6,"worker_id":"66d09806-9a8a-4b36-b1b0-612ef75454f6-139679950972736","trial_id":151,"state":1,"values":[0.7635920240998422],"datetime_complete":"2026-03-20T20:04:37.303496"}
{"op_code":4,"worker_id":"66d09806-9a8a-4b36-b1b0-612ef75454f6-139679950972736","study_id":0,"datetime_start":"2026-03-20T20:04:37.323802"}
{"op_code":5,"worker_id":"66d09806-9a8a-4b36-b1b0-612ef75454f6-139679950972736","trial_id":152,"param_name":"n_estimators","param_value_internal":118.0,"distribution":"{\"name\": \"IntDistribution\", \"attributes\": {\"log\": false, \"step\": 1, \"low\": 50, \"high\": 200}}"}
{"op_code":5,"worker_id":"66d09806-9a8a-4b36-b1b0-612ef75454f6-139679950972736","trial_id":152,"param_name":"min_samples_split","param_value_internal":14.0,"distribution":"{\"name\": \"IntDistribution\", \"attributes\": {\"log\": false, \"step\": 1, \"low\": 5, \"high\": 20}}"}
{"op_code":5,"worker_id":"66d09806-9a8a-4b36-b1b0-612ef75454f6-139679950972736","trial_id":152,"param_name":"min_samples_leaf","param_value_internal":10.0,"distribution":"{\"name\": \"IntDistribution\", \"attributes\": {\"log\": false, \"step\": 1, \"low\": 5, \"high\": 20}}"}
{"op_code":6,"worker_id":"66d09806-9a8a-4b36-b1b0-612ef75454f6-139679950972736","trial_id":152,"state":1,"values":[0.7623419472508556],"datetime_complete":"2026-03-20T20:04:55.944302"}
{"op_code":4,"worker_id":"66d09806-9a8a-4b36-b1b0-612ef75454f6-139679950972736","study_id":0,"datetime_start":"2026-03-20T20:04:55.964623"}
{"op_code":5,"worker_id":"66d09806-9a8a-4b36-b1b0-612ef75454f6-139679950972736","trial_id":153,"param_name":"n_estimators","param_value_internal":109.0,"distribution":"{\"name\": \"IntDistribution\", \"attributes\": {\"log\": false, \"step\": 1, \"low\": 50, \"high\": 200}}"}
{"op_code":5,"worker_id":"66d09806-9a8a-4b36-b1b0-612ef75454f6-139679950972736","trial_id":153,"param_name":"min_samples_split","param_value_internal":11.0,"distribution":"{\"name\": \"IntDistribution\", \"attributes\": {\"log\": false, \"step\": 1, \"low\": 5, \"high\": 20}}"}
{"op_code":5,"worker_id":"66d09806-9a8a-4b36-b1b0-612ef75454f6-139679950972736","trial_id":153,"param_name":"min_samples_leaf","param_value_internal":17.0,"distribution":"{\"name\": \"IntDistribution\", \"attributes\": {\"log\": false, \"step\": 1, \"low\": 5, \"high\": 20}}"}
{"op_code":6,"worker_id":"66d09806-9a8a-4b36-b1b0-612ef75454f6-139679950972736","trial_id":153,"state":1,"values":[0.7629567391437998],"datetime_complete":"2026-03-20T20:05:10.353371"}
{"op_code":4,"worker_id":"66d09806-9a8a-4b36-b1b0-612ef75454f6-139679950972736","study_id":0,"datetime_start":"2026-03-20T20:05:10.369094"}
{"op_code":5,"worker_id":"66d09806-9a8a-4b36-b1b0-612ef75454f6-139679950972736","trial_id":154,"param_name":"n_estimators","param_value_internal":114.0,"distribution":"{\"name\": \"IntDistribution\", \"attributes\": {\"log\": false, \"step\": 1, \"low\": 50, \"high\": 200}}"}
{"op_code":5,"worker_id":"66d09806-9a8a-4b36-b1b0-612ef75454f6-139679950972736","trial_id":154,"param_name":"min_samples_split","param_value_internal":7.0,"distribution":"{\"name\": \"IntDistribution\", \"attributes\": {\"log\": false, \"step\": 1, \"low\": 5, \"high\": 20}}"}
{"op_code":5,"worker_id":"66d09806-9a8a-4b36-b1b0-612ef75454f6-139679950972736","trial_id":154,"param_name":"min_samples_leaf","param_value_internal":18.0,"distribution":"{\"name\": \"IntDistribution\", \"attributes\": {\"log\": false, \"step\": 1, \"low\": 5, \"high\": 20}}"}
{"op_code":6,"worker_id":"66d09806-9a8a-4b36-b1b0-612ef75454f6-139679950972736","trial_id":154,"state":1,"values":[0.7630233415988688],"datetime_complete":"2026-03-20T20:05:24.957628"}
{"op_code":4,"worker_id":"66d09806-9a8a-4b36-b1b0-612ef75454f6-139679950972736","study_id":0,"datetime_start":"2026-03-20T20:05:24.982336"}
{"op_code":5,"worker_id":"66d09806-9a8a-4b36-b1b0-612ef75454f6-139679950972736","trial_id":155,"param_name":"n_estimators","param_value_internal":121.0,"distribution":"{\"name\": \"IntDistribution\", \"attributes\": {\"log\": false, \"step\": 1, \"low\": 50, \"high\": 200}}"}
{"op_code":5,"worker_id":"66d09806-9a8a-4b36-b1b0-612ef75454f6-139679950972736","trial_id":155,"param_name":"min_samples_split","param_value_internal":8.0,"distribution":"{\"name\": \"IntDistribution\", \"attributes\": {\"log\": false, \"step\": 1, \"low\": 5, \"high\": 20}}"}
{"op_code":5,"worker_id":"66d09806-9a8a-4b36-b1b0-612ef75454f6-139679950972736","trial_id":155,"param_name":"min_samples_leaf","param_value_internal":16.0,"distribution":"{\"name\": \"IntDistribution\", \"attributes\": {\"log\": false, \"step\": 1, \"low\": 5, \"high\": 20}}"}
{"op_code":6,"worker_id":"66d09806-9a8a-4b36-b1b0-612ef75454f6-139679950972736","trial_id":155,"state":1,"values":[0.7633614771399881],"datetime_complete":"2026-03-20T20:05:41.005548"}
{"op_code":4,"worker_id":"66d09806-9a8a-4b36-b1b0-612ef75454f6-139679950972736","study_id":0,"datetime_start":"2026-03-20T20:05:41.024706"}
{"op_code":5,"worker_id":"66d09806-9a8a-4b36-b1b0-612ef75454f6-139679950972736","trial_id":156,"param_name":"n_estimators","param_value_internal":179.0,"distribution":"{\"name\": \"IntDistribution\", \"attributes\": {\"log\": false, \"step\": 1, \"low\": 50, \"high\": 200}}"}
{"op_code":5,"worker_id":"66d09806-9a8a-4b36-b1b0-612ef75454f6-139679950972736","trial_id":156,"param_name":"min_samples_split","param_value_internal":6.0,"distribution":"{\"name\": \"IntDistribution\", \"attributes\": {\"log\": false, \"step\": 1, \"low\": 5, \"high\": 20}}"}
{"op_code":5,"worker_id":"66d09806-9a8a-4b36-b1b0-612ef75454f6-139679950972736","trial_id":156,"param_name":"min_samples_leaf","param_value_internal":17.0,"distribution":"{\"name\": \"IntDistribution\", \"attributes\": {\"log\": false, \"step\": 1, \"low\": 5, \"high\": 20}}"}
{"op_code":6,"worker_id":"66d09806-9a8a-4b36-b1b0-612ef75454f6-139679950972736","trial_id":156,"state":1,"values":[0.7630899440539377],"datetime_complete":"2026-03-20T20:06:04.176827"}
{"op_code":4,"worker_id":"66d09806-9a8a-4b36-b1b0-612ef75454f6-139679950972736","study_id":0,"datetime_start":"2026-03-20T20:06:04.194680"}
{"op_code":5,"worker_id":"66d09806-9a8a-4b36-b1b0-612ef75454f6-139679950972736","trial_id":157,"param_name":"n_estimators","param_value_internal":108.0,"distribution":"{\"name\": \"IntDistribution\", \"attributes\": {\"log\": false, \"step\": 1, \"low\": 50, \"high\": 200}}"}
{"op_code":5,"worker_id":"66d09806-9a8a-4b36-b1b0-612ef75454f6-139679950972736","trial_id":157,"param_name":"min_samples_split","param_value_internal":7.0,"distribution":"{\"name\": \"IntDistribution\", \"attributes\": {\"log\": false, \"step\": 1, \"low\": 5, \"high\": 20}}"}
{"op_code":5,"worker_id":"66d09806-9a8a-4b36-b1b0-612ef75454f6-139679950972736","trial_id":157,"param_name":"min_samples_leaf","param_value_internal":8.0,"distribution":"{\"name\": \"IntDistribution\", \"attributes\": {\"log\": false, \"step\": 1, \"low\": 5, \"high\": 20}}"}
{"op_code":6,"worker_id":"66d09806-9a8a-4b36-b1b0-612ef75454f6-139679950972736","trial_id":157,"state":1,"values":[0.7579359386847552],"datetime_complete":"2026-03-20T20:06:23.274101"}
{"op_code":4,"worker_id":"66d09806-9a8a-4b36-b1b0-612ef75454f6-139679950972736","study_id":0,"datetime_start":"2026-03-20T20:06:23.294413"}
{"op_code":5,"worker_id":"66d09806-9a8a-4b36-b1b0-612ef75454f6-139679950972736","trial_id":158,"param_name":"n_estimators","param_value_internal":171.0,"distribution":"{\"name\": \"IntDistribution\", \"attributes\": {\"log\": false, \"step\": 1, \"low\": 50, \"high\": 200}}"}
{"op_code":5,"worker_id":"66d09806-9a8a-4b36-b1b0-612ef75454f6-139679950972736","trial_id":158,"param_name":"min_samples_split","param_value_internal":9.0,"distribution":"{\"name\": \"IntDistribution\", \"attributes\": {\"log\": false, \"step\": 1, \"low\": 5, \"high\": 20}}"}
{"op_code":5,"worker_id":"66d09806-9a8a-4b36-b1b0-612ef75454f6-139679950972736","trial_id":158,"param_name":"min_samples_leaf","param_value_internal":15.0,"distribution":"{\"name\": \"IntDistribution\", \"attributes\": {\"log\": false, \"step\": 1, \"low\": 5, \"high\": 20}}"}
{"op_code":6,"worker_id":"66d09806-9a8a-4b36-b1b0-612ef75454f6-139679950972736","trial_id":158,"state":1,"values":[0.7626288501342295],"datetime_complete":"2026-03-20T20:06:46.617894"}
{"op_code":4,"worker_id":"66d09806-9a8a-4b36-b1b0-612ef75454f6-139679950972736","study_id":0,"datetime_start":"2026-03-20T20:06:46.636609"}
{"op_code":5,"worker_id":"66d09806-9a8a-4b36-b1b0-612ef75454f6-139679950972736","trial_id":159,"param_name":"n_estimators","param_value_internal":176.0,"distribution":"{\"name\": \"IntDistribution\", \"attributes\": {\"log\": false, \"step\": 1, \"low\": 50, \"high\": 200}}"}
{"op_code":5,"worker_id":"66d09806-9a8a-4b36-b1b0-612ef75454f6-139679950972736","trial_id":159,"param_name":"min_samples_split","param_value_internal":8.0,"distribution":"{\"name\": \"IntDistribution\", \"attributes\": {\"log\": false, \"step\": 1, \"low\": 5, \"high\": 20}}"}
{"op_code":5,"worker_id":"66d09806-9a8a-4b36-b1b0-612ef75454f6-139679950972736","trial_id":159,"param_name":"min_samples_leaf","param_value_internal":18.0,"distribution":"{\"name\": \"IntDistribution\", \"attributes\": {\"log\": false, \"step\": 1, \"low\": 5, \"high\": 20}}"}
{"op_code":6,"worker_id":"66d09806-9a8a-4b36-b1b0-612ef75454f6-139679950972736","trial_id":159,"state":1,"values":[0.7622753447957866],"datetime_complete":"2026-03-20T20:07:08.498704"}
{"op_code":0,"worker_id":"6f0581e3-5e2d-4d2c-9b3d-b8eed489747f-139679950972736","study_name":"rsf_tuning","directions":[2]}
{"op_code":4,"worker_id":"6f0581e3-5e2d-4d2c-9b3d-b8eed489747f-139679950972736","study_id":0,"datetime_start":"2026-03-20T20:16:25.945735"}
{"op_code":5,"worker_id":"6f0581e3-5e2d-4d2c-9b3d-b8eed489747f-139679950972736","trial_id":160,"param_name":"n_estimators","param_value_internal":165.0,"distribution":"{\"name\": \"IntDistribution\", \"attributes\": {\"log\": false, \"step\": 1, \"low\": 50, \"high\": 200}}"}
{"op_code":5,"worker_id":"6f0581e3-5e2d-4d2c-9b3d-b8eed489747f-139679950972736","trial_id":160,"param_name":"min_samples_split","param_value_internal":5.0,"distribution":"{\"name\": \"IntDistribution\", \"attributes\": {\"log\": false, \"step\": 1, \"low\": 5, \"high\": 20}}"}
{"op_code":5,"worker_id":"6f0581e3-5e2d-4d2c-9b3d-b8eed489747f-139679950972736","trial_id":160,"param_name":"min_samples_leaf","param_value_internal":10.0,"distribution":"{\"name\": \"IntDistribution\", \"attributes\": {\"log\": false, \"step\": 1, \"low\": 5, \"high\": 20}}"}
{"op_code":6,"worker_id":"6f0581e3-5e2d-4d2c-9b3d-b8eed489747f-139679950972736","trial_id":160,"state":1,"values":[0.7831423982869379],"datetime_complete":"2026-03-20T20:16:52.345461"}
{"op_code":4,"worker_id":"6f0581e3-5e2d-4d2c-9b3d-b8eed489747f-139679950972736","study_id":0,"datetime_start":"2026-03-20T20:16:52.365847"}
{"op_code":5,"worker_id":"6f0581e3-5e2d-4d2c-9b3d-b8eed489747f-139679950972736","trial_id":161,"param_name":"n_estimators","param_value_internal":128.0,"distribution":"{\"name\": \"IntDistribution\", \"attributes\": {\"log\": false, \"step\": 1, \"low\": 50, \"high\": 200}}"}
{"op_code":5,"worker_id":"6f0581e3-5e2d-4d2c-9b3d-b8eed489747f-139679950972736","trial_id":161,"param_name":"min_samples_split","param_value_internal":19.0,"distribution":"{\"name\": \"IntDistribution\", \"attributes\": {\"log\": false, \"step\": 1, \"low\": 5, \"high\": 20}}"}
{"op_code":5,"worker_id":"6f0581e3-5e2d-4d2c-9b3d-b8eed489747f-139679950972736","trial_id":161,"param_name":"min_samples_leaf","param_value_internal":10.0,"distribution":"{\"name\": \"IntDistribution\", \"attributes\": {\"log\": false, \"step\": 1, \"low\": 5, \"high\": 20}}"}
{"op_code":6,"worker_id":"6f0581e3-5e2d-4d2c-9b3d-b8eed489747f-139679950972736","trial_id":161,"state":1,"values":[0.7825428265524625],"datetime_complete":"2026-03-20T20:17:13.274642"}
{"op_code":4,"worker_id":"6f0581e3-5e2d-4d2c-9b3d-b8eed489747f-139679950972736","study_id":0,"datetime_start":"2026-03-20T20:17:13.292372"}
{"op_code":5,"worker_id":"6f0581e3-5e2d-4d2c-9b3d-b8eed489747f-139679950972736","trial_id":162,"param_name":"n_estimators","param_value_internal":118.0,"distribution":"{\"name\": \"IntDistribution\", \"attributes\": {\"log\": false, \"step\": 1, \"low\": 50, \"high\": 200}}"}
{"op_code":5,"worker_id":"6f0581e3-5e2d-4d2c-9b3d-b8eed489747f-139679950972736","trial_id":162,"param_name":"min_samples_split","param_value_internal":7.0,"distribution":"{\"name\": \"IntDistribution\", \"attributes\": {\"log\": false, \"step\": 1, \"low\": 5, \"high\": 20}}"}
{"op_code":5,"worker_id":"6f0581e3-5e2d-4d2c-9b3d-b8eed489747f-139679950972736","trial_id":162,"param_name":"min_samples_leaf","param_value_internal":11.0,"distribution":"{\"name\": \"IntDistribution\", \"attributes\": {\"log\": false, \"step\": 1, \"low\": 5, \"high\": 20}}"}
{"op_code":6,"worker_id":"6f0581e3-5e2d-4d2c-9b3d-b8eed489747f-139679950972736","trial_id":162,"state":1,"values":[0.7796948608137045],"datetime_complete":"2026-03-20T20:17:31.215068"}
{"op_code":4,"worker_id":"6f0581e3-5e2d-4d2c-9b3d-b8eed489747f-139679950972736","study_id":0,"datetime_start":"2026-03-20T20:17:31.264217"}
{"op_code":5,"worker_id":"6f0581e3-5e2d-4d2c-9b3d-b8eed489747f-139679950972736","trial_id":163,"param_name":"n_estimators","param_value_internal":112.0,"distribution":"{\"name\": \"IntDistribution\", \"attributes\": {\"log\": false, \"step\": 1, \"low\": 50, \"high\": 200}}"}
{"op_code":5,"worker_id":"6f0581e3-5e2d-4d2c-9b3d-b8eed489747f-139679950972736","trial_id":163,"param_name":"min_samples_split","param_value_internal":8.0,"distribution":"{\"name\": \"IntDistribution\", \"attributes\": {\"log\": false, \"step\": 1, \"low\": 5, \"high\": 20}}"}
{"op_code":5,"worker_id":"6f0581e3-5e2d-4d2c-9b3d-b8eed489747f-139679950972736","trial_id":163,"param_name":"min_samples_leaf","param_value_internal":9.0,"distribution":"{\"name\": \"IntDistribution\", \"attributes\": {\"log\": false, \"step\": 1, \"low\": 5, \"high\": 20}}"}
{"op_code":6,"worker_id":"6f0581e3-5e2d-4d2c-9b3d-b8eed489747f-139679950972736","trial_id":163,"state":1,"values":[0.7789400428265525],"datetime_complete":"2026-03-20T20:17:49.918750"}
{"op_code":4,"worker_id":"6f0581e3-5e2d-4d2c-9b3d-b8eed489747f-139679950972736","study_id":0,"datetime_start":"2026-03-20T20:17:49.946404"}
{"op_code":5,"worker_id":"6f0581e3-5e2d-4d2c-9b3d-b8eed489747f-139679950972736","trial_id":164,"param_name":"n_estimators","param_value_internal":122.0,"distribution":"{\"name\": \"IntDistribution\", \"attributes\": {\"log\": false, \"step\": 1, \"low\": 50, \"high\": 200}}"}
{"op_code":5,"worker_id":"6f0581e3-5e2d-4d2c-9b3d-b8eed489747f-139679950972736","trial_id":164,"param_name":"min_samples_split","param_value_internal":17.0,"distribution":"{\"name\": \"IntDistribution\", \"attributes\": {\"log\": false, \"step\": 1, \"low\": 5, \"high\": 20}}"}
{"op_code":5,"worker_id":"6f0581e3-5e2d-4d2c-9b3d-b8eed489747f-139679950972736","trial_id":164,"param_name":"min_samples_leaf","param_value_internal":10.0,"distribution":"{\"name\": \"IntDistribution\", \"attributes\": {\"log\": false, \"step\": 1, \"low\": 5, \"high\": 20}}"}
{"op_code":6,"worker_id":"6f0581e3-5e2d-4d2c-9b3d-b8eed489747f-139679950972736","trial_id":164,"state":1,"values":[0.7816381156316916],"datetime_complete":"2026-03-20T20:18:09.805451"}
{"op_code":4,"worker_id":"6f0581e3-5e2d-4d2c-9b3d-b8eed489747f-139679950972736","study_id":0,"datetime_start":"2026-03-20T20:18:09.822509"}
{"op_code":5,"worker_id":"6f0581e3-5e2d-4d2c-9b3d-b8eed489747f-139679950972736","trial_id":165,"param_name":"n_estimators","param_value_internal":180.0,"distribution":"{\"name\": \"IntDistribution\", \"attributes\": {\"log\": false, \"step\": 1, \"low\": 50, \"high\": 200}}"}
{"op_code":5,"worker_id":"6f0581e3-5e2d-4d2c-9b3d-b8eed489747f-139679950972736","trial_id":165,"param_name":"min_samples_split","param_value_internal":7.0,"distribution":"{\"name\": \"IntDistribution\", \"attributes\": {\"log\": false, \"step\": 1, \"low\": 5, \"high\": 20}}"}
{"op_code":5,"worker_id":"6f0581e3-5e2d-4d2c-9b3d-b8eed489747f-139679950972736","trial_id":165,"param_name":"min_samples_leaf","param_value_internal":16.0,"distribution":"{\"name\": \"IntDistribution\", \"attributes\": {\"log\": false, \"step\": 1, \"low\": 5, \"high\": 20}}"}
{"op_code":6,"worker_id":"6f0581e3-5e2d-4d2c-9b3d-b8eed489747f-139679950972736","trial_id":165,"state":1,"values":[0.7839882226980728],"datetime_complete":"2026-03-20T20:18:33.278479"}
{"op_code":4,"worker_id":"6f0581e3-5e2d-4d2c-9b3d-b8eed489747f-139679950972736","study_id":0,"datetime_start":"2026-03-20T20:18:33.296396"}
{"op_code":5,"worker_id":"6f0581e3-5e2d-4d2c-9b3d-b8eed489747f-139679950972736","trial_id":166,"param_name":"n_estimators","param_value_internal":185.0,"distribution":"{\"name\": \"IntDistribution\", \"attributes\": {\"log\": false, \"step\": 1, \"low\": 50, \"high\": 200}}"}
{"op_code":5,"worker_id":"6f0581e3-5e2d-4d2c-9b3d-b8eed489747f-139679950972736","trial_id":166,"param_name":"min_samples_split","param_value_internal":6.0,"distribution":"{\"name\": \"IntDistribution\", \"attributes\": {\"log\": false, \"step\": 1, \"low\": 5, \"high\": 20}}"}
{"op_code":5,"worker_id":"6f0581e3-5e2d-4d2c-9b3d-b8eed489747f-139679950972736","trial_id":166,"param_name":"min_samples_leaf","param_value_internal":16.0,"distribution":"{\"name\": \"IntDistribution\", \"attributes\": {\"log\": false, \"step\": 1, \"low\": 5, \"high\": 20}}"}
{"op_code":6,"worker_id":"6f0581e3-5e2d-4d2c-9b3d-b8eed489747f-139679950972736","trial_id":166,"state":1,"values":[0.7838115631691649],"datetime_complete":"2026-03-20T20:18:57.311613"}
{"op_code":4,"worker_id":"6f0581e3-5e2d-4d2c-9b3d-b8eed489747f-139679950972736","study_id":0,"datetime_start":"2026-03-20T20:18:57.333326"}
{"op_code":5,"worker_id":"6f0581e3-5e2d-4d2c-9b3d-b8eed489747f-139679950972736","trial_id":167,"param_name":"n_estimators","param_value_internal":175.0,"distribution":"{\"name\": \"IntDistribution\", \"attributes\": {\"log\": false, \"step\": 1, \"low\": 50, \"high\": 200}}"}
{"op_code":5,"worker_id":"6f0581e3-5e2d-4d2c-9b3d-b8eed489747f-139679950972736","trial_id":167,"param_name":"min_samples_split","param_value_internal":10.0,"distribution":"{\"name\": \"IntDistribution\", \"attributes\": {\"log\": false, \"step\": 1, \"low\": 5, \"high\": 20}}"}
{"op_code":5,"worker_id":"6f0581e3-5e2d-4d2c-9b3d-b8eed489747f-139679950972736","trial_id":167,"param_name":"min_samples_leaf","param_value_internal":17.0,"distribution":"{\"name\": \"IntDistribution\", \"attributes\": {\"log\": false, \"step\": 1, \"low\": 5, \"high\": 20}}"}
{"op_code":6,"worker_id":"6f0581e3-5e2d-4d2c-9b3d-b8eed489747f-139679950972736","trial_id":167,"state":1,"values":[0.7826231263383298],"datetime_complete":"2026-03-20T20:19:19.545878"}
{"op_code":4,"worker_id":"6f0581e3-5e2d-4d2c-9b3d-b8eed489747f-139679950972736","study_id":0,"datetime_start":"2026-03-20T20:19:19.567335"}
{"op_code":5,"worker_id":"6f0581e3-5e2d-4d2c-9b3d-b8eed489747f-139679950972736","trial_id":168,"param_name":"n_estimators","param_value_internal":168.0,"distribution":"{\"name\": \"IntDistribution\", \"attributes\": {\"log\": false, \"step\": 1, \"low\": 50, \"high\": 200}}"}
{"op_code":5,"worker_id":"6f0581e3-5e2d-4d2c-9b3d-b8eed489747f-139679950972736","trial_id":168,"param_name":"min_samples_split","param_value_internal":8.0,"distribution":"{\"name\": \"IntDistribution\", \"attributes\": {\"log\": false, \"step\": 1, \"low\": 5, \"high\": 20}}"}
{"op_code":5,"worker_id":"6f0581e3-5e2d-4d2c-9b3d-b8eed489747f-139679950972736","trial_id":168,"param_name":"min_samples_leaf","param_value_internal":18.0,"distribution":"{\"name\": \"IntDistribution\", \"attributes\": {\"log\": false, \"step\": 1, \"low\": 5, \"high\": 20}}"}
{"op_code":6,"worker_id":"6f0581e3-5e2d-4d2c-9b3d-b8eed489747f-139679950972736","trial_id":168,"state":1,"values":[0.7815149892933619],"datetime_complete":"2026-03-20T20:19:40.892681"}
{"op_code":4,"worker_id":"6f0581e3-5e2d-4d2c-9b3d-b8eed489747f-139679950972736","study_id":0,"datetime_start":"2026-03-20T20:19:40.910045"}
{"op_code":5,"worker_id":"6f0581e3-5e2d-4d2c-9b3d-b8eed489747f-139679950972736","trial_id":169,"param_name":"n_estimators","param_value_internal":172.0,"distribution":"{\"name\": \"IntDistribution\", \"attributes\": {\"log\": false, \"step\": 1, \"low\": 50, \"high\": 200}}"}
{"op_code":5,"worker_id":"6f0581e3-5e2d-4d2c-9b3d-b8eed489747f-139679950972736","trial_id":169,"param_name":"min_samples_split","param_value_internal":15.0,"distribution":"{\"name\": \"IntDistribution\", \"attributes\": {\"log\": false, \"step\": 1, \"low\": 5, \"high\": 20}}"}
{"op_code":5,"worker_id":"6f0581e3-5e2d-4d2c-9b3d-b8eed489747f-139679950972736","trial_id":169,"param_name":"min_samples_leaf","param_value_internal":19.0,"distribution":"{\"name\": \"IntDistribution\", \"attributes\": {\"log\": false, \"step\": 1, \"low\": 5, \"high\": 20}}"}
{"op_code":6,"worker_id":"6f0581e3-5e2d-4d2c-9b3d-b8eed489747f-139679950972736","trial_id":169,"state":1,"values":[0.7833190578158459],"datetime_complete":"2026-03-20T20:20:01.801074"}
{"op_code":0,"worker_id":"ad1055e8-de66-4c8f-a0b5-f5a1c421c1ee-139679950972736","study_name":"rsf_tuning","directions":[2]}
{"op_code":4,"worker_id":"ad1055e8-de66-4c8f-a0b5-f5a1c421c1ee-139679950972736","study_id":0,"datetime_start":"2026-03-20T20:29:16.962907"}
{"op_code":5,"worker_id":"ad1055e8-de66-4c8f-a0b5-f5a1c421c1ee-139679950972736","trial_id":170,"param_name":"n_estimators","param_value_internal":116.0,"distribution":"{\"name\": \"IntDistribution\", \"attributes\": {\"log\": false, \"step\": 1, \"low\": 50, \"high\": 200}}"}
{"op_code":5,"worker_id":"ad1055e8-de66-4c8f-a0b5-f5a1c421c1ee-139679950972736","trial_id":170,"param_name":"min_samples_split","param_value_internal":7.0,"distribution":"{\"name\": \"IntDistribution\", \"attributes\": {\"log\": false, \"step\": 1, \"low\": 5, \"high\": 20}}"}
{"op_code":5,"worker_id":"ad1055e8-de66-4c8f-a0b5-f5a1c421c1ee-139679950972736","trial_id":170,"param_name":"min_samples_leaf","param_value_internal":17.0,"distribution":"{\"name\": \"IntDistribution\", \"attributes\": {\"log\": false, \"step\": 1, \"low\": 5, \"high\": 20}}"}
{"op_code":6,"worker_id":"ad1055e8-de66-4c8f-a0b5-f5a1c421c1ee-139679950972736","trial_id":170,"state":1,"values":[0.7600097305306457],"datetime_complete":"2026-03-20T20:29:32.194493"}
{"op_code":4,"worker_id":"ad1055e8-de66-4c8f-a0b5-f5a1c421c1ee-139679950972736","study_id":0,"datetime_start":"2026-03-20T20:29:32.212422"}
{"op_code":5,"worker_id":"ad1055e8-de66-4c8f-a0b5-f5a1c421c1ee-139679950972736","trial_id":171,"param_name":"n_estimators","param_value_internal":187.0,"distribution":"{\"name\": \"IntDistribution\", \"attributes\": {\"log\": false, \"step\": 1, \"low\": 50, \"high\": 200}}"}
{"op_code":5,"worker_id":"ad1055e8-de66-4c8f-a0b5-f5a1c421c1ee-139679950972736","trial_id":171,"param_name":"min_samples_split","param_value_internal":9.0,"distribution":"{\"name\": \"IntDistribution\", \"attributes\": {\"log\": false, \"step\": 1, \"low\": 5, \"high\": 20}}"}
{"op_code":5,"worker_id":"ad1055e8-de66-4c8f-a0b5-f5a1c421c1ee-139679950972736","trial_id":171,"param_name":"min_samples_leaf","param_value_internal":18.0,"distribution":"{\"name\": \"IntDistribution\", \"attributes\": {\"log\": false, \"step\": 1, \"low\": 5, \"high\": 20}}"}
{"op_code":6,"worker_id":"ad1055e8-de66-4c8f-a0b5-f5a1c421c1ee-139679950972736","trial_id":171,"state":1,"values":[0.7614250804427392],"datetime_complete":"2026-03-20T20:29:56.222200"}
{"op_code":4,"worker_id":"ad1055e8-de66-4c8f-a0b5-f5a1c421c1ee-139679950972736","study_id":0,"datetime_start":"2026-03-20T20:29:56.246362"}
{"op_code":5,"worker_id":"ad1055e8-de66-4c8f-a0b5-f5a1c421c1ee-139679950972736","trial_id":172,"param_name":"n_estimators","param_value_internal":182.0,"distribution":"{\"name\": \"IntDistribution\", \"attributes\": {\"log\": false, \"step\": 1, \"low\": 50, \"high\": 200}}"}
{"op_code":5,"worker_id":"ad1055e8-de66-4c8f-a0b5-f5a1c421c1ee-139679950972736","trial_id":172,"param_name":"min_samples_split","param_value_internal":8.0,"distribution":"{\"name\": \"IntDistribution\", \"attributes\": {\"log\": false, \"step\": 1, \"low\": 5, \"high\": 20}}"}
{"op_code":5,"worker_id":"ad1055e8-de66-4c8f-a0b5-f5a1c421c1ee-139679950972736","trial_id":172,"param_name":"min_samples_leaf","param_value_internal":18.0,"distribution":"{\"name\": \"IntDistribution\", \"attributes\": {\"log\": false, \"step\": 1, \"low\": 5, \"high\": 20}}"}
{"op_code":6,"worker_id":"ad1055e8-de66-4c8f-a0b5-f5a1c421c1ee-139679950972736","trial_id":172,"state":1,"values":[0.7609053816468924],"datetime_complete":"2026-03-20T20:30:20.095595"}
{"op_code":4,"worker_id":"ad1055e8-de66-4c8f-a0b5-f5a1c421c1ee-139679950972736","study_id":0,"datetime_start":"2026-03-20T20:30:20.114715"}
{"op_code":5,"worker_id":"ad1055e8-de66-4c8f-a0b5-f5a1c421c1ee-139679950972736","trial_id":173,"param_name":"n_estimators","param_value_internal":178.0,"distribution":"{\"name\": \"IntDistribution\", \"attributes\": {\"log\": false, \"step\": 1, \"low\": 50, \"high\": 200}}"}
{"op_code":5,"worker_id":"ad1055e8-de66-4c8f-a0b5-f5a1c421c1ee-139679950972736","trial_id":173,"param_name":"min_samples_split","param_value_internal":8.0,"distribution":"{\"name\": \"IntDistribution\", \"attributes\": {\"log\": false, \"step\": 1, \"low\": 5, \"high\": 20}}"}
{"op_code":5,"worker_id":"ad1055e8-de66-4c8f-a0b5-f5a1c421c1ee-139679950972736","trial_id":173,"param_name":"min_samples_leaf","param_value_internal":19.0,"distribution":"{\"name\": \"IntDistribution\", \"attributes\": {\"log\": false, \"step\": 1, \"low\": 5, \"high\": 20}}"}
{"op_code":6,"worker_id":"ad1055e8-de66-4c8f-a0b5-f5a1c421c1ee-139679950972736","trial_id":173,"state":1,"values":[0.7613919081791745],"datetime_complete":"2026-03-20T20:30:41.878012"}
{"op_code":4,"worker_id":"ad1055e8-de66-4c8f-a0b5-f5a1c421c1ee-139679950972736","study_id":0,"datetime_start":"2026-03-20T20:30:41.899296"}
{"op_code":5,"worker_id":"ad1055e8-de66-4c8f-a0b5-f5a1c421c1ee-139679950972736","trial_id":174,"param_name":"n_estimators","param_value_internal":174.0,"distribution":"{\"name\": \"IntDistribution\", \"attributes\": {\"log\": false, \"step\": 1, \"low\": 50, \"high\": 200}}"}
{"op_code":5,"worker_id":"ad1055e8-de66-4c8f-a0b5-f5a1c421c1ee-139679950972736","trial_id":174,"param_name":"min_samples_split","param_value_internal":9.0,"distribution":"{\"name\": \"IntDistribution\", \"attributes\": {\"log\": false, \"step\": 1, \"low\": 5, \"high\": 20}}"}
{"op_code":5,"worker_id":"ad1055e8-de66-4c8f-a0b5-f5a1c421c1ee-139679950972736","trial_id":174,"param_name":"min_samples_leaf","param_value_internal":17.0,"distribution":"{\"name\": \"IntDistribution\", \"attributes\": {\"log\": false, \"step\": 1, \"low\": 5, \"high\": 20}}"}
{"op_code":6,"worker_id":"ad1055e8-de66-4c8f-a0b5-f5a1c421c1ee-139679950972736","trial_id":174,"state":1,"values":[0.7587270696728109],"datetime_complete":"2026-03-20T20:31:04.769150"}
{"op_code":4,"worker_id":"ad1055e8-de66-4c8f-a0b5-f5a1c421c1ee-139679950972736","study_id":0,"datetime_start":"2026-03-20T20:31:04.783844"}
{"op_code":5,"worker_id":"ad1055e8-de66-4c8f-a0b5-f5a1c421c1ee-139679950972736","trial_id":175,"param_name":"n_estimators","param_value_internal":181.0,"distribution":"{\"name\": \"IntDistribution\", \"attributes\": {\"log\": false, \"step\": 1, \"low\": 50, \"high\": 200}}"}
{"op_code":5,"worker_id":"ad1055e8-de66-4c8f-a0b5-f5a1c421c1ee-139679950972736","trial_id":175,"param_name":"min_samples_split","param_value_internal":7.0,"distribution":"{\"name\": \"IntDistribution\", \"attributes\": {\"log\": false, \"step\": 1, \"low\": 5, \"high\": 20}}"}
{"op_code":5,"worker_id":"ad1055e8-de66-4c8f-a0b5-f5a1c421c1ee-139679950972736","trial_id":175,"param_name":"min_samples_leaf","param_value_internal":16.0,"distribution":"{\"name\": \"IntDistribution\", \"attributes\": {\"log\": false, \"step\": 1, \"low\": 5, \"high\": 20}}"}
{"op_code":6,"worker_id":"ad1055e8-de66-4c8f-a0b5-f5a1c421c1ee-139679950972736","trial_id":175,"state":1,"values":[0.7614914249698685],"datetime_complete":"2026-03-20T20:31:28.987957"}
{"op_code":4,"worker_id":"ad1055e8-de66-4c8f-a0b5-f5a1c421c1ee-139679950972736","study_id":0,"datetime_start":"2026-03-20T20:31:29.009193"}
{"op_code":5,"worker_id":"ad1055e8-de66-4c8f-a0b5-f5a1c421c1ee-139679950972736","trial_id":176,"param_name":"n_estimators","param_value_internal":186.0,"distribution":"{\"name\": \"IntDistribution\", \"attributes\": {\"log\": false, \"step\": 1, \"low\": 50, \"high\": 200}}"}
{"op_code":5,"worker_id":"ad1055e8-de66-4c8f-a0b5-f5a1c421c1ee-139679950972736","trial_id":176,"param_name":"min_samples_split","param_value_internal":18.0,"distribution":"{\"name\": \"IntDistribution\", \"attributes\": {\"log\": false, \"step\": 1, \"low\": 5, \"high\": 20}}"}
{"op_code":5,"worker_id":"ad1055e8-de66-4c8f-a0b5-f5a1c421c1ee-139679950972736","trial_id":176,"param_name":"min_samples_leaf","param_value_internal":14.0,"distribution":"{\"name\": \"IntDistribution\", \"attributes\": {\"log\": false, \"step\": 1, \"low\": 5, \"high\": 20}}"}
{"op_code":6,"worker_id":"ad1055e8-de66-4c8f-a0b5-f5a1c421c1ee-139679950972736","trial_id":176,"state":1,"values":[0.7602806373497573],"datetime_complete":"2026-03-20T20:31:55.109793"}
{"op_code":4,"worker_id":"ad1055e8-de66-4c8f-a0b5-f5a1c421c1ee-139679950972736","study_id":0,"datetime_start":"2026-03-20T20:31:55.126181"}
{"op_code":5,"worker_id":"ad1055e8-de66-4c8f-a0b5-f5a1c421c1ee-139679950972736","trial_id":177,"param_name":"n_estimators","param_value_internal":121.0,"distribution":"{\"name\": \"IntDistribution\", \"attributes\": {\"log\": false, \"step\": 1, \"low\": 50, \"high\": 200}}"}
{"op_code":5,"worker_id":"ad1055e8-de66-4c8f-a0b5-f5a1c421c1ee-139679950972736","trial_id":177,"param_name":"min_samples_split","param_value_internal":8.0,"distribution":"{\"name\": \"IntDistribution\", \"attributes\": {\"log\": false, \"step\": 1, \"low\": 5, \"high\": 20}}"}
{"op_code":5,"worker_id":"ad1055e8-de66-4c8f-a0b5-f5a1c421c1ee-139679950972736","trial_id":177,"param_name":"min_samples_leaf","param_value_internal":17.0,"distribution":"{\"name\": \"IntDistribution\", \"attributes\": {\"log\": false, \"step\": 1, \"low\": 5, \"high\": 20}}"}
{"op_code":6,"worker_id":"ad1055e8-de66-4c8f-a0b5-f5a1c421c1ee-139679950972736","trial_id":177,"state":1,"values":[0.7605128431947101],"datetime_complete":"2026-03-20T20:32:11.034392"}
{"op_code":4,"worker_id":"ad1055e8-de66-4c8f-a0b5-f5a1c421c1ee-139679950972736","study_id":0,"datetime_start":"2026-03-20T20:32:11.050032"}
{"op_code":5,"worker_id":"ad1055e8-de66-4c8f-a0b5-f5a1c421c1ee-139679950972736","trial_id":178,"param_name":"n_estimators","param_value_internal":177.0,"distribution":"{\"name\": \"IntDistribution\", \"attributes\": {\"log\": false, \"step\": 1, \"low\": 50, \"high\": 200}}"}
{"op_code":5,"worker_id":"ad1055e8-de66-4c8f-a0b5-f5a1c421c1ee-139679950972736","trial_id":178,"param_name":"min_samples_split","param_value_internal":7.0,"distribution":"{\"name\": \"IntDistribution\", \"attributes\": {\"log\": false, \"step\": 1, \"low\": 5, \"high\": 20}}"}
{"op_code":5,"worker_id":"ad1055e8-de66-4c8f-a0b5-f5a1c421c1ee-139679950972736","trial_id":178,"param_name":"min_samples_leaf","param_value_internal":18.0,"distribution":"{\"name\": \"IntDistribution\", \"attributes\": {\"log\": false, \"step\": 1, \"low\": 5, \"high\": 20}}"}
{"op_code":6,"worker_id":"ad1055e8-de66-4c8f-a0b5-f5a1c421c1ee-139679950972736","trial_id":178,"state":1,"values":[0.7611597023342216],"datetime_complete":"2026-03-20T20:32:34.039562"}
{"op_code":4,"worker_id":"ad1055e8-de66-4c8f-a0b5-f5a1c421c1ee-139679950972736","study_id":0,"datetime_start":"2026-03-20T20:32:34.055932"}
{"op_code":5,"worker_id":"ad1055e8-de66-4c8f-a0b5-f5a1c421c1ee-139679950972736","trial_id":179,"param_name":"n_estimators","param_value_internal":190.0,"distribution":"{\"name\": \"IntDistribution\", \"attributes\": {\"log\": false, \"step\": 1, \"low\": 50, \"high\": 200}}"}
{"op_code":5,"worker_id":"ad1055e8-de66-4c8f-a0b5-f5a1c421c1ee-139679950972736","trial_id":179,"param_name":"min_samples_split","param_value_internal":7.0,"distribution":"{\"name\": \"IntDistribution\", \"attributes\": {\"log\": false, \"step\": 1, \"low\": 5, \"high\": 20}}"}
{"op_code":5,"worker_id":"ad1055e8-de66-4c8f-a0b5-f5a1c421c1ee-139679950972736","trial_id":179,"param_name":"min_samples_leaf","param_value_internal":10.0,"distribution":"{\"name\": \"IntDistribution\", \"attributes\": {\"log\": false, \"step\": 1, \"low\": 5, \"high\": 20}}"}
{"op_code":6,"worker_id":"ad1055e8-de66-4c8f-a0b5-f5a1c421c1ee-139679950972736","trial_id":179,"state":1,"values":[0.7601313621637161],"datetime_complete":"2026-03-20T20:33:04.851164"}
{"op_code":0,"worker_id":"aec43519-46e6-44e3-a8bb-26b398ffdf2c-139679950972736","study_name":"rsf_tuning","directions":[2]}
{"op_code":4,"worker_id":"aec43519-46e6-44e3-a8bb-26b398ffdf2c-139679950972736","study_id":0,"datetime_start":"2026-03-20T20:42:08.050444"}
{"op_code":5,"worker_id":"aec43519-46e6-44e3-a8bb-26b398ffdf2c-139679950972736","trial_id":180,"param_name":"n_estimators","param_value_internal":171.0,"distribution":"{\"name\": \"IntDistribution\", \"attributes\": {\"log\": false, \"step\": 1, \"low\": 50, \"high\": 200}}"}
{"op_code":5,"worker_id":"aec43519-46e6-44e3-a8bb-26b398ffdf2c-139679950972736","trial_id":180,"param_name":"min_samples_split","param_value_internal":9.0,"distribution":"{\"name\": \"IntDistribution\", \"attributes\": {\"log\": false, \"step\": 1, \"low\": 5, \"high\": 20}}"}
{"op_code":5,"worker_id":"aec43519-46e6-44e3-a8bb-26b398ffdf2c-139679950972736","trial_id":180,"param_name":"min_samples_leaf","param_value_internal":15.0,"distribution":"{\"name\": \"IntDistribution\", \"attributes\": {\"log\": false, \"step\": 1, \"low\": 5, \"high\": 20}}"}
{"op_code":6,"worker_id":"aec43519-46e6-44e3-a8bb-26b398ffdf2c-139679950972736","trial_id":180,"state":1,"values":[0.7841149549726883],"datetime_complete":"2026-03-20T20:42:31.924388"}
{"op_code":4,"worker_id":"aec43519-46e6-44e3-a8bb-26b398ffdf2c-139679950972736","study_id":0,"datetime_start":"2026-03-20T20:42:31.939043"}
{"op_code":5,"worker_id":"aec43519-46e6-44e3-a8bb-26b398ffdf2c-139679950972736","trial_id":181,"param_name":"n_estimators","param_value_internal":93.0,"distribution":"{\"name\": \"IntDistribution\", \"attributes\": {\"log\": false, \"step\": 1, \"low\": 50, \"high\": 200}}"}
{"op_code":5,"worker_id":"aec43519-46e6-44e3-a8bb-26b398ffdf2c-139679950972736","trial_id":181,"param_name":"min_samples_split","param_value_internal":5.0,"distribution":"{\"name\": \"IntDistribution\", \"attributes\": {\"log\": false, \"step\": 1, \"low\": 5, \"high\": 20}}"}
{"op_code":5,"worker_id":"aec43519-46e6-44e3-a8bb-26b398ffdf2c-139679950972736","trial_id":181,"param_name":"min_samples_leaf","param_value_internal":10.0,"distribution":"{\"name\": \"IntDistribution\", \"attributes\": {\"log\": false, \"step\": 1, \"low\": 5, \"high\": 20}}"}
{"op_code":6,"worker_id":"aec43519-46e6-44e3-a8bb-26b398ffdf2c-139679950972736","trial_id":181,"state":1,"values":[0.777466113325569],"datetime_complete":"2026-03-20T20:42:46.894750"}
{"op_code":4,"worker_id":"aec43519-46e6-44e3-a8bb-26b398ffdf2c-139679950972736","study_id":0,"datetime_start":"2026-03-20T20:42:46.920909"}
{"op_code":5,"worker_id":"aec43519-46e6-44e3-a8bb-26b398ffdf2c-139679950972736","trial_id":182,"param_name":"n_estimators","param_value_internal":70.0,"distribution":"{\"name\": \"IntDistribution\", \"attributes\": {\"log\": false, \"step\": 1, \"low\": 50, \"high\": 200}}"}
{"op_code":5,"worker_id":"aec43519-46e6-44e3-a8bb-26b398ffdf2c-139679950972736","trial_id":182,"param_name":"min_samples_split","param_value_internal":6.0,"distribution":"{\"name\": \"IntDistribution\", \"attributes\": {\"log\": false, \"step\": 1, \"low\": 5, \"high\": 20}}"}
{"op_code":5,"worker_id":"aec43519-46e6-44e3-a8bb-26b398ffdf2c-139679950972736","trial_id":182,"param_name":"min_samples_leaf","param_value_internal":9.0,"distribution":"{\"name\": \"IntDistribution\", \"attributes\": {\"log\": false, \"step\": 1, \"low\": 5, \"high\": 20}}"}
{"op_code":6,"worker_id":"aec43519-46e6-44e3-a8bb-26b398ffdf2c-139679950972736","trial_id":182,"state":1,"values":[0.7794946661636293],"datetime_complete":"2026-03-20T20:42:58.945611"}
{"op_code":4,"worker_id":"aec43519-46e6-44e3-a8bb-26b398ffdf2c-139679950972736","study_id":0,"datetime_start":"2026-03-20T20:42:58.977572"}
{"op_code":5,"worker_id":"aec43519-46e6-44e3-a8bb-26b398ffdf2c-139679950972736","trial_id":183,"param_name":"n_estimators","param_value_internal":179.0,"distribution":"{\"name\": \"IntDistribution\", \"attributes\": {\"log\": false, \"step\": 1, \"low\": 50, \"high\": 200}}"}
{"op_code":5,"worker_id":"aec43519-46e6-44e3-a8bb-26b398ffdf2c-139679950972736","trial_id":183,"param_name":"min_samples_split","param_value_internal":8.0,"distribution":"{\"name\": \"IntDistribution\", \"attributes\": {\"log\": false, \"step\": 1, \"low\": 5, \"high\": 20}}"}
{"op_code":5,"worker_id":"aec43519-46e6-44e3-a8bb-26b398ffdf2c-139679950972736","trial_id":183,"param_name":"min_samples_leaf","param_value_internal":11.0,"distribution":"{\"name\": \"IntDistribution\", \"attributes\": {\"log\": false, \"step\": 1, \"low\": 5, \"high\": 20}}"}
{"op_code":6,"worker_id":"aec43519-46e6-44e3-a8bb-26b398ffdf2c-139679950972736","trial_id":183,"state":1,"values":[0.7847929618511775],"datetime_complete":"2026-03-20T20:43:27.344611"}
{"op_code":4,"worker_id":"aec43519-46e6-44e3-a8bb-26b398ffdf2c-139679950972736","study_id":0,"datetime_start":"2026-03-20T20:43:27.383866"}
{"op_code":5,"worker_id":"aec43519-46e6-44e3-a8bb-26b398ffdf2c-139679950972736","trial_id":184,"param_name":"n_estimators","param_value_internal":82.0,"distribution":"{\"name\": \"IntDistribution\", \"attributes\": {\"log\": false, \"step\": 1, \"low\": 50, \"high\": 200}}"}
{"op_code":5,"worker_id":"aec43519-46e6-44e3-a8bb-26b398ffdf2c-139679950972736","trial_id":184,"param_name":"min_samples_split","param_value_internal":5.0,"distribution":"{\"name\": \"IntDistribution\", \"attributes\": {\"log\": false, \"step\": 1, \"low\": 5, \"high\": 20}}"}
{"op_code":5,"worker_id":"aec43519-46e6-44e3-a8bb-26b398ffdf2c-139679950972736","trial_id":184,"param_name":"min_samples_leaf","param_value_internal":11.0,"distribution":"{\"name\": \"IntDistribution\", \"attributes\": {\"log\": false, \"step\": 1, \"low\": 5, \"high\": 20}}"}
{"op_code":6,"worker_id":"aec43519-46e6-44e3-a8bb-26b398ffdf2c-139679950972736","trial_id":184,"state":1,"values":[0.7824199377764655],"datetime_complete":"2026-03-20T20:43:40.358375"}
{"op_code":4,"worker_id":"aec43519-46e6-44e3-a8bb-26b398ffdf2c-139679950972736","study_id":0,"datetime_start":"2026-03-20T20:43:40.390056"}
{"op_code":5,"worker_id":"aec43519-46e6-44e3-a8bb-26b398ffdf2c-139679950972736","trial_id":185,"param_name":"n_estimators","param_value_internal":60.0,"distribution":"{\"name\": \"IntDistribution\", \"attributes\": {\"log\": false, \"step\": 1, \"low\": 50, \"high\": 200}}"}
{"op_code":5,"worker_id":"aec43519-46e6-44e3-a8bb-26b398ffdf2c-139679950972736","trial_id":185,"param_name":"min_samples_split","param_value_internal":8.0,"distribution":"{\"name\": \"IntDistribution\", \"attributes\": {\"log\": false, \"step\": 1, \"low\": 5, \"high\": 20}}"}
{"op_code":5,"worker_id":"aec43519-46e6-44e3-a8bb-26b398ffdf2c-139679950972736","trial_id":185,"param_name":"min_samples_leaf","param_value_internal":10.0,"distribution":"{\"name\": \"IntDistribution\", \"attributes\": {\"log\": false, \"step\": 1, \"low\": 5, \"high\": 20}}"}
{"op_code":6,"worker_id":"aec43519-46e6-44e3-a8bb-26b398ffdf2c-139679950972736","trial_id":185,"state":1,"values":[0.7771325776837317],"datetime_complete":"2026-03-20T20:43:50.343697"}
{"op_code":4,"worker_id":"aec43519-46e6-44e3-a8bb-26b398ffdf2c-139679950972736","study_id":0,"datetime_start":"2026-03-20T20:43:50.367136"}
{"op_code":5,"worker_id":"aec43519-46e6-44e3-a8bb-26b398ffdf2c-139679950972736","trial_id":186,"param_name":"n_estimators","param_value_internal":194.0,"distribution":"{\"name\": \"IntDistribution\", \"attributes\": {\"log\": false, \"step\": 1, \"low\": 50, \"high\": 200}}"}
{"op_code":5,"worker_id":"aec43519-46e6-44e3-a8bb-26b398ffdf2c-139679950972736","trial_id":186,"param_name":"min_samples_split","param_value_internal":9.0,"distribution":"{\"name\": \"IntDistribution\", \"attributes\": {\"log\": false, \"step\": 1, \"low\": 5, \"high\": 20}}"}
{"op_code":5,"worker_id":"aec43519-46e6-44e3-a8bb-26b398ffdf2c-139679950972736","trial_id":186,"param_name":"min_samples_leaf","param_value_internal":16.0,"distribution":"{\"name\": \"IntDistribution\", \"attributes\": {\"log\": false, \"step\": 1, \"low\": 5, \"high\": 20}}"}
{"op_code":6,"worker_id":"aec43519-46e6-44e3-a8bb-26b398ffdf2c-139679950972736","trial_id":186,"state":1,"values":[0.7866684163618369],"datetime_complete":"2026-03-20T20:44:16.704571"}
{"op_code":4,"worker_id":"aec43519-46e6-44e3-a8bb-26b398ffdf2c-139679950972736","study_id":0,"datetime_start":"2026-03-20T20:44:16.735097"}
{"op_code":5,"worker_id":"aec43519-46e6-44e3-a8bb-26b398ffdf2c-139679950972736","trial_id":187,"param_name":"n_estimators","param_value_internal":173.0,"distribution":"{\"name\": \"IntDistribution\", \"attributes\": {\"log\": false, \"step\": 1, \"low\": 50, \"high\": 200}}"}
{"op_code":5,"worker_id":"aec43519-46e6-44e3-a8bb-26b398ffdf2c-139679950972736","trial_id":187,"param_name":"min_samples_split","param_value_internal":19.0,"distribution":"{\"name\": \"IntDistribution\", \"attributes\": {\"log\": false, \"step\": 1, \"low\": 5, \"high\": 20}}"}
{"op_code":5,"worker_id":"aec43519-46e6-44e3-a8bb-26b398ffdf2c-139679950972736","trial_id":187,"param_name":"min_samples_leaf","param_value_internal":17.0,"distribution":"{\"name\": \"IntDistribution\", \"attributes\": {\"log\": false, \"step\": 1, \"low\": 5, \"high\": 20}}"}
{"op_code":6,"worker_id":"aec43519-46e6-44e3-a8bb-26b398ffdf2c-139679950972736","trial_id":187,"state":1,"values":[0.7877346368562352],"datetime_complete":"2026-03-20T20:44:39.734348"}
{"op_code":4,"worker_id":"aec43519-46e6-44e3-a8bb-26b398ffdf2c-139679950972736","study_id":0,"datetime_start":"2026-03-20T20:44:39.753850"}
{"op_code":5,"worker_id":"aec43519-46e6-44e3-a8bb-26b398ffdf2c-139679950972736","trial_id":188,"param_name":"n_estimators","param_value_internal":168.0,"distribution":"{\"name\": \"IntDistribution\", \"attributes\": {\"log\": false, \"step\": 1, \"low\": 50, \"high\": 200}}"}
{"op_code":5,"worker_id":"aec43519-46e6-44e3-a8bb-26b398ffdf2c-139679950972736","trial_id":188,"param_name":"min_samples_split","param_value_internal":7.0,"distribution":"{\"name\": \"IntDistribution\", \"attributes\": {\"log\": false, \"step\": 1, \"low\": 5, \"high\": 20}}"}
{"op_code":5,"worker_id":"aec43519-46e6-44e3-a8bb-26b398ffdf2c-139679950972736","trial_id":188,"param_name":"min_samples_leaf","param_value_internal":9.0,"distribution":"{\"name\": \"IntDistribution\", \"attributes\": {\"log\": false, \"step\": 1, \"low\": 5, \"high\": 20}}"}
{"op_code":6,"worker_id":"aec43519-46e6-44e3-a8bb-26b398ffdf2c-139679950972736","trial_id":188,"state":1,"values":[0.7843500702611966],"datetime_complete":"2026-03-20T20:45:08.463210"}
{"op_code":4,"worker_id":"aec43519-46e6-44e3-a8bb-26b398ffdf2c-139679950972736","study_id":0,"datetime_start":"2026-03-20T20:45:08.547033"}
{"op_code":5,"worker_id":"aec43519-46e6-44e3-a8bb-26b398ffdf2c-139679950972736","trial_id":189,"param_name":"n_estimators","param_value_internal":137.0,"distribution":"{\"name\": \"IntDistribution\", \"attributes\": {\"log\": false, \"step\": 1, \"low\": 50, \"high\": 200}}"}
{"op_code":5,"worker_id":"aec43519-46e6-44e3-a8bb-26b398ffdf2c-139679950972736","trial_id":189,"param_name":"min_samples_split","param_value_internal":6.0,"distribution":"{\"name\": \"IntDistribution\", \"attributes\": {\"log\": false, \"step\": 1, \"low\": 5, \"high\": 20}}"}
{"op_code":5,"worker_id":"aec43519-46e6-44e3-a8bb-26b398ffdf2c-139679950972736","trial_id":189,"param_name":"min_samples_leaf","param_value_internal":17.0,"distribution":"{\"name\": \"IntDistribution\", \"attributes\": {\"log\": false, \"step\": 1, \"low\": 5, \"high\": 20}}"}
{"op_code":6,"worker_id":"aec43519-46e6-44e3-a8bb-26b398ffdf2c-139679950972736","trial_id":189,"state":1,"values":[0.7873846978221762],"datetime_complete":"2026-03-20T20:45:27.047761"}
{"op_code":0,"worker_id":"392dbac5-d499-44ca-8d13-ba0eed4b2a04-139679950972736","study_name":"rsf_tuning","directions":[2]}
{"op_code":4,"worker_id":"392dbac5-d499-44ca-8d13-ba0eed4b2a04-139679950972736","study_id":0,"datetime_start":"2026-03-20T20:54:29.302214"}
{"op_code":5,"worker_id":"392dbac5-d499-44ca-8d13-ba0eed4b2a04-139679950972736","trial_id":190,"param_name":"n_estimators","param_value_internal":176.0,"distribution":"{\"name\": \"IntDistribution\", \"attributes\": {\"log\": false, \"step\": 1, \"low\": 50, \"high\": 200}}"}
{"op_code":5,"worker_id":"392dbac5-d499-44ca-8d13-ba0eed4b2a04-139679950972736","trial_id":190,"param_name":"min_samples_split","param_value_internal":8.0,"distribution":"{\"name\": \"IntDistribution\", \"attributes\": {\"log\": false, \"step\": 1, \"low\": 5, \"high\": 20}}"}
{"op_code":5,"worker_id":"392dbac5-d499-44ca-8d13-ba0eed4b2a04-139679950972736","trial_id":190,"param_name":"min_samples_leaf","param_value_internal":18.0,"distribution":"{\"name\": \"IntDistribution\", \"attributes\": {\"log\": false, \"step\": 1, \"low\": 5, \"high\": 20}}"}
{"op_code":6,"worker_id":"392dbac5-d499-44ca-8d13-ba0eed4b2a04-139679950972736","trial_id":190,"state":1,"values":[0.7715752429535402],"datetime_complete":"2026-03-20T20:54:51.974354"}
{"op_code":4,"worker_id":"392dbac5-d499-44ca-8d13-ba0eed4b2a04-139679950972736","study_id":0,"datetime_start":"2026-03-20T20:54:51.996938"}
{"op_code":5,"worker_id":"392dbac5-d499-44ca-8d13-ba0eed4b2a04-139679950972736","trial_id":191,"param_name":"n_estimators","param_value_internal":150.0,"distribution":"{\"name\": \"IntDistribution\", \"attributes\": {\"log\": false, \"step\": 1, \"low\": 50, \"high\": 200}}"}
{"op_code":5,"worker_id":"392dbac5-d499-44ca-8d13-ba0eed4b2a04-139679950972736","trial_id":191,"param_name":"min_samples_split","param_value_internal":8.0,"distribution":"{\"name\": \"IntDistribution\", \"attributes\": {\"log\": false, \"step\": 1, \"low\": 5, \"high\": 20}}"}
{"op_code":5,"worker_id":"392dbac5-d499-44ca-8d13-ba0eed4b2a04-139679950972736","trial_id":191,"param_name":"min_samples_leaf","param_value_internal":14.0,"distribution":"{\"name\": \"IntDistribution\", \"attributes\": {\"log\": false, \"step\": 1, \"low\": 5, \"high\": 20}}"}
{"op_code":6,"worker_id":"392dbac5-d499-44ca-8d13-ba0eed4b2a04-139679950972736","trial_id":191,"state":1,"values":[0.7723716355104984],"datetime_complete":"2026-03-20T20:55:13.293132"}
{"op_code":4,"worker_id":"392dbac5-d499-44ca-8d13-ba0eed4b2a04-139679950972736","study_id":0,"datetime_start":"2026-03-20T20:55:13.351055"}
{"op_code":5,"worker_id":"392dbac5-d499-44ca-8d13-ba0eed4b2a04-139679950972736","trial_id":192,"param_name":"n_estimators","param_value_internal":182.0,"distribution":"{\"name\": \"IntDistribution\", \"attributes\": {\"log\": false, \"step\": 1, \"low\": 50, \"high\": 200}}"}
{"op_code":5,"worker_id":"392dbac5-d499-44ca-8d13-ba0eed4b2a04-139679950972736","trial_id":192,"param_name":"min_samples_split","param_value_internal":10.0,"distribution":"{\"name\": \"IntDistribution\", \"attributes\": {\"log\": false, \"step\": 1, \"low\": 5, \"high\": 20}}"}
{"op_code":5,"worker_id":"392dbac5-d499-44ca-8d13-ba0eed4b2a04-139679950972736","trial_id":192,"param_name":"min_samples_leaf","param_value_internal":15.0,"distribution":"{\"name\": \"IntDistribution\", \"attributes\": {\"log\": false, \"step\": 1, \"low\": 5, \"high\": 20}}"}
{"op_code":6,"worker_id":"392dbac5-d499-44ca-8d13-ba0eed4b2a04-139679950972736","trial_id":192,"state":1,"values":[0.7740397550554784],"datetime_complete":"2026-03-20T20:55:37.978944"}
{"op_code":4,"worker_id":"392dbac5-d499-44ca-8d13-ba0eed4b2a04-139679950972736","study_id":0,"datetime_start":"2026-03-20T20:55:37.997905"}
{"op_code":5,"worker_id":"392dbac5-d499-44ca-8d13-ba0eed4b2a04-139679950972736","trial_id":193,"param_name":"n_estimators","param_value_internal":166.0,"distribution":"{\"name\": \"IntDistribution\", \"attributes\": {\"log\": false, \"step\": 1, \"low\": 50, \"high\": 200}}"}
{"op_code":5,"worker_id":"392dbac5-d499-44ca-8d13-ba0eed4b2a04-139679950972736","trial_id":193,"param_name":"min_samples_split","param_value_internal":9.0,"distribution":"{\"name\": \"IntDistribution\", \"attributes\": {\"log\": false, \"step\": 1, \"low\": 5, \"high\": 20}}"}
{"op_code":5,"worker_id":"392dbac5-d499-44ca-8d13-ba0eed4b2a04-139679950972736","trial_id":193,"param_name":"min_samples_leaf","param_value_internal":16.0,"distribution":"{\"name\": \"IntDistribution\", \"attributes\": {\"log\": false, \"step\": 1, \"low\": 5, \"high\": 20}}"}
{"op_code":6,"worker_id":"392dbac5-d499-44ca-8d13-ba0eed4b2a04-139679950972736","trial_id":193,"state":1,"values":[0.7731572660058761],"datetime_complete":"2026-03-20T20:55:59.966715"}
{"op_code":4,"worker_id":"392dbac5-d499-44ca-8d13-ba0eed4b2a04-139679950972736","study_id":0,"datetime_start":"2026-03-20T20:55:59.985664"}
{"op_code":5,"worker_id":"392dbac5-d499-44ca-8d13-ba0eed4b2a04-139679950972736","trial_id":194,"param_name":"n_estimators","param_value_internal":171.0,"distribution":"{\"name\": \"IntDistribution\", \"attributes\": {\"log\": false, \"step\": 1, \"low\": 50, \"high\": 200}}"}
{"op_code":5,"worker_id":"392dbac5-d499-44ca-8d13-ba0eed4b2a04-139679950972736","trial_id":194,"param_name":"min_samples_split","param_value_internal":9.0,"distribution":"{\"name\": \"IntDistribution\", \"attributes\": {\"log\": false, \"step\": 1, \"low\": 5, \"high\": 20}}"}
{"op_code":5,"worker_id":"392dbac5-d499-44ca-8d13-ba0eed4b2a04-139679950972736","trial_id":194,"param_name":"min_samples_leaf","param_value_internal":13.0,"distribution":"{\"name\": \"IntDistribution\", \"attributes\": {\"log\": false, \"step\": 1, \"low\": 5, \"high\": 20}}"}
{"op_code":6,"worker_id":"392dbac5-d499-44ca-8d13-ba0eed4b2a04-139679950972736","trial_id":194,"state":1,"values":[0.7716021481074915],"datetime_complete":"2026-03-20T20:56:24.634616"}
{"op_code":4,"worker_id":"392dbac5-d499-44ca-8d13-ba0eed4b2a04-139679950972736","study_id":0,"datetime_start":"2026-03-20T20:56:24.653772"}
{"op_code":5,"worker_id":"392dbac5-d499-44ca-8d13-ba0eed4b2a04-139679950972736","trial_id":195,"param_name":"n_estimators","param_value_internal":162.0,"distribution":"{\"name\": \"IntDistribution\", \"attributes\": {\"log\": false, \"step\": 1, \"low\": 50, \"high\": 200}}"}
{"op_code":5,"worker_id":"392dbac5-d499-44ca-8d13-ba0eed4b2a04-139679950972736","trial_id":195,"param_name":"min_samples_split","param_value_internal":7.0,"distribution":"{\"name\": \"IntDistribution\", \"attributes\": {\"log\": false, \"step\": 1, \"low\": 5, \"high\": 20}}"}
{"op_code":5,"worker_id":"392dbac5-d499-44ca-8d13-ba0eed4b2a04-139679950972736","trial_id":195,"param_name":"min_samples_leaf","param_value_internal":16.0,"distribution":"{\"name\": \"IntDistribution\", \"attributes\": {\"log\": false, \"step\": 1, \"low\": 5, \"high\": 20}}"}
{"op_code":6,"worker_id":"392dbac5-d499-44ca-8d13-ba0eed4b2a04-139679950972736","trial_id":195,"state":1,"values":[0.7728344041584606],"datetime_complete":"2026-03-20T20:56:46.135456"}
{"op_code":4,"worker_id":"392dbac5-d499-44ca-8d13-ba0eed4b2a04-139679950972736","study_id":0,"datetime_start":"2026-03-20T20:56:46.152822"}
{"op_code":5,"worker_id":"392dbac5-d499-44ca-8d13-ba0eed4b2a04-139679950972736","trial_id":196,"param_name":"n_estimators","param_value_internal":176.0,"distribution":"{\"name\": \"IntDistribution\", \"attributes\": {\"log\": false, \"step\": 1, \"low\": 50, \"high\": 200}}"}
{"op_code":5,"worker_id":"392dbac5-d499-44ca-8d13-ba0eed4b2a04-139679950972736","trial_id":196,"param_name":"min_samples_split","param_value_internal":10.0,"distribution":"{\"name\": \"IntDistribution\", \"attributes\": {\"log\": false, \"step\": 1, \"low\": 5, \"high\": 20}}"}
{"op_code":5,"worker_id":"392dbac5-d499-44ca-8d13-ba0eed4b2a04-139679950972736","trial_id":196,"param_name":"min_samples_leaf","param_value_internal":17.0,"distribution":"{\"name\": \"IntDistribution\", \"attributes\": {\"log\": false, \"step\": 1, \"low\": 5, \"high\": 20}}"}
{"op_code":6,"worker_id":"392dbac5-d499-44ca-8d13-ba0eed4b2a04-139679950972736","trial_id":196,"state":1,"values":[0.7722586338639029],"datetime_complete":"2026-03-20T20:57:09.115213"}
{"op_code":4,"worker_id":"392dbac5-d499-44ca-8d13-ba0eed4b2a04-139679950972736","study_id":0,"datetime_start":"2026-03-20T20:57:09.132412"}
{"op_code":5,"worker_id":"392dbac5-d499-44ca-8d13-ba0eed4b2a04-139679950972736","trial_id":197,"param_name":"n_estimators","param_value_internal":153.0,"distribution":"{\"name\": \"IntDistribution\", \"attributes\": {\"log\": false, \"step\": 1, \"low\": 50, \"high\": 200}}"}
{"op_code":5,"worker_id":"392dbac5-d499-44ca-8d13-ba0eed4b2a04-139679950972736","trial_id":197,"param_name":"min_samples_split","param_value_internal":8.0,"distribution":"{\"name\": \"IntDistribution\", \"attributes\": {\"log\": false, \"step\": 1, \"low\": 5, \"high\": 20}}"}
{"op_code":5,"worker_id":"392dbac5-d499-44ca-8d13-ba0eed4b2a04-139679950972736","trial_id":197,"param_name":"min_samples_leaf","param_value_internal":15.0,"distribution":"{\"name\": \"IntDistribution\", \"attributes\": {\"log\": false, \"step\": 1, \"low\": 5, \"high\": 20}}"}
{"op_code":6,"worker_id":"392dbac5-d499-44ca-8d13-ba0eed4b2a04-139679950972736","trial_id":197,"state":1,"values":[0.7729205006511047],"datetime_complete":"2026-03-20T20:57:29.900488"}
{"op_code":4,"worker_id":"392dbac5-d499-44ca-8d13-ba0eed4b2a04-139679950972736","study_id":0,"datetime_start":"2026-03-20T20:57:29.920033"}
{"op_code":5,"worker_id":"392dbac5-d499-44ca-8d13-ba0eed4b2a04-139679950972736","trial_id":198,"param_name":"n_estimators","param_value_internal":179.0,"distribution":"{\"name\": \"IntDistribution\", \"attributes\": {\"log\": false, \"step\": 1, \"low\": 50, \"high\": 200}}"}
{"op_code":5,"worker_id":"392dbac5-d499-44ca-8d13-ba0eed4b2a04-139679950972736","trial_id":198,"param_name":"min_samples_split","param_value_internal":12.0,"distribution":"{\"name\": \"IntDistribution\", \"attributes\": {\"log\": false, \"step\": 1, \"low\": 5, \"high\": 20}}"}
{"op_code":5,"worker_id":"392dbac5-d499-44ca-8d13-ba0eed4b2a04-139679950972736","trial_id":198,"param_name":"min_samples_leaf","param_value_internal":16.0,"distribution":"{\"name\": \"IntDistribution\", \"attributes\": {\"log\": false, \"step\": 1, \"low\": 5, \"high\": 20}}"}
{"op_code":6,"worker_id":"392dbac5-d499-44ca-8d13-ba0eed4b2a04-139679950972736","trial_id":198,"state":1,"values":[0.7735662243459357],"datetime_complete":"2026-03-20T20:57:53.589044"}
{"op_code":4,"worker_id":"392dbac5-d499-44ca-8d13-ba0eed4b2a04-139679950972736","study_id":0,"datetime_start":"2026-03-20T20:57:53.613467"}
{"op_code":5,"worker_id":"392dbac5-d499-44ca-8d13-ba0eed4b2a04-139679950972736","trial_id":199,"param_name":"n_estimators","param_value_internal":103.0,"distribution":"{\"name\": \"IntDistribution\", \"attributes\": {\"log\": false, \"step\": 1, \"low\": 50, \"high\": 200}}"}
{"op_code":5,"worker_id":"392dbac5-d499-44ca-8d13-ba0eed4b2a04-139679950972736","trial_id":199,"param_name":"min_samples_split","param_value_internal":7.0,"distribution":"{\"name\": \"IntDistribution\", \"attributes\": {\"log\": false, \"step\": 1, \"low\": 5, \"high\": 20}}"}
{"op_code":5,"worker_id":"392dbac5-d499-44ca-8d13-ba0eed4b2a04-139679950972736","trial_id":199,"param_name":"min_samples_leaf","param_value_internal":17.0,"distribution":"{\"name\": \"IntDistribution\", \"attributes\": {\"log\": false, \"step\": 1, \"low\": 5, \"high\": 20}}"}
{"op_code":6,"worker_id":"392dbac5-d499-44ca-8d13-ba0eed4b2a04-139679950972736","trial_id":199,"state":1,"values":[0.7705636091649717],"datetime_complete":"2026-03-20T20:58:07.125591"}
{"op_code":0,"worker_id":"b3df5398-d61a-4a3d-874c-8bc281bbb2cb-139679950972736","study_name":"rsf_tuning","directions":[2]}
{"op_code":4,"worker_id":"b3df5398-d61a-4a3d-874c-8bc281bbb2cb-139679950972736","study_id":0,"datetime_start":"2026-03-20T21:06:27.477175"}
{"op_code":5,"worker_id":"b3df5398-d61a-4a3d-874c-8bc281bbb2cb-139679950972736","trial_id":200,"param_name":"n_estimators","param_value_internal":51.0,"distribution":"{\"name\": \"IntDistribution\", \"attributes\": {\"log\": false, \"step\": 1, \"low\": 50, \"high\": 200}}"}
{"op_code":5,"worker_id":"b3df5398-d61a-4a3d-874c-8bc281bbb2cb-139679950972736","trial_id":200,"param_name":"min_samples_split","param_value_internal":20.0,"distribution":"{\"name\": \"IntDistribution\", \"attributes\": {\"log\": false, \"step\": 1, \"low\": 5, \"high\": 20}}"}
{"op_code":5,"worker_id":"b3df5398-d61a-4a3d-874c-8bc281bbb2cb-139679950972736","trial_id":200,"param_name":"min_samples_leaf","param_value_internal":16.0,"distribution":"{\"name\": \"IntDistribution\", \"attributes\": {\"log\": false, \"step\": 1, \"low\": 5, \"high\": 20}}"}
{"op_code":6,"worker_id":"b3df5398-d61a-4a3d-874c-8bc281bbb2cb-139679950972736","trial_id":200,"state":1,"values":[0.7781898826138492],"datetime_complete":"2026-03-20T21:06:34.057848"}
{"op_code":4,"worker_id":"b3df5398-d61a-4a3d-874c-8bc281bbb2cb-139679950972736","study_id":0,"datetime_start":"2026-03-20T21:06:34.079818"}
{"op_code":5,"worker_id":"b3df5398-d61a-4a3d-874c-8bc281bbb2cb-139679950972736","trial_id":201,"param_name":"n_estimators","param_value_internal":173.0,"distribution":"{\"name\": \"IntDistribution\", \"attributes\": {\"log\": false, \"step\": 1, \"low\": 50, \"high\": 200}}"}
{"op_code":5,"worker_id":"b3df5398-d61a-4a3d-874c-8bc281bbb2cb-139679950972736","trial_id":201,"param_name":"min_samples_split","param_value_internal":7.0,"distribution":"{\"name\": \"IntDistribution\", \"attributes\": {\"log\": false, \"step\": 1, \"low\": 5, \"high\": 20}}"}
{"op_code":5,"worker_id":"b3df5398-d61a-4a3d-874c-8bc281bbb2cb-139679950972736","trial_id":201,"param_name":"min_samples_leaf","param_value_internal":16.0,"distribution":"{\"name\": \"IntDistribution\", \"attributes\": {\"log\": false, \"step\": 1, \"low\": 5, \"high\": 20}}"}
{"op_code":6,"worker_id":"b3df5398-d61a-4a3d-874c-8bc281bbb2cb-139679950972736","trial_id":201,"state":1,"values":[0.7789819250454741],"datetime_complete":"2026-03-20T21:06:56.763667"}
{"op_code":4,"worker_id":"b3df5398-d61a-4a3d-874c-8bc281bbb2cb-139679950972736","study_id":0,"datetime_start":"2026-03-20T21:06:56.785080"}
{"op_code":5,"worker_id":"b3df5398-d61a-4a3d-874c-8bc281bbb2cb-139679950972736","trial_id":202,"param_name":"n_estimators","param_value_internal":170.0,"distribution":"{\"name\": \"IntDistribution\", \"attributes\": {\"log\": false, \"step\": 1, \"low\": 50, \"high\": 200}}"}
{"op_code":5,"worker_id":"b3df5398-d61a-4a3d-874c-8bc281bbb2cb-139679950972736","trial_id":202,"param_name":"min_samples_split","param_value_internal":7.0,"distribution":"{\"name\": \"IntDistribution\", \"attributes\": {\"log\": false, \"step\": 1, \"low\": 5, \"high\": 20}}"}
{"op_code":5,"worker_id":"b3df5398-d61a-4a3d-874c-8bc281bbb2cb-139679950972736","trial_id":202,"param_name":"min_samples_leaf","param_value_internal":15.0,"distribution":"{\"name\": \"IntDistribution\", \"attributes\": {\"log\": false, \"step\": 1, \"low\": 5, \"high\": 20}}"}
{"op_code":6,"worker_id":"b3df5398-d61a-4a3d-874c-8bc281bbb2cb-139679950972736","trial_id":202,"state":1,"values":[0.7802054940432946],"datetime_complete":"2026-03-20T21:07:19.220649"}
{"op_code":4,"worker_id":"b3df5398-d61a-4a3d-874c-8bc281bbb2cb-139679950972736","study_id":0,"datetime_start":"2026-03-20T21:07:19.240522"}
{"op_code":5,"worker_id":"b3df5398-d61a-4a3d-874c-8bc281bbb2cb-139679950972736","trial_id":203,"param_name":"n_estimators","param_value_internal":156.0,"distribution":"{\"name\": \"IntDistribution\", \"attributes\": {\"log\": false, \"step\": 1, \"low\": 50, \"high\": 200}}"}
{"op_code":5,"worker_id":"b3df5398-d61a-4a3d-874c-8bc281bbb2cb-139679950972736","trial_id":203,"param_name":"min_samples_split","param_value_internal":11.0,"distribution":"{\"name\": \"IntDistribution\", \"attributes\": {\"log\": false, \"step\": 1, \"low\": 5, \"high\": 20}}"}
{"op_code":5,"worker_id":"b3df5398-d61a-4a3d-874c-8bc281bbb2cb-139679950972736","trial_id":203,"param_name":"min_samples_leaf","param_value_internal":16.0,"distribution":"{\"name\": \"IntDistribution\", \"attributes\": {\"log\": false, \"step\": 1, \"low\": 5, \"high\": 20}}"}
{"op_code":6,"worker_id":"b3df5398-d61a-4a3d-874c-8bc281bbb2cb-139679950972736","trial_id":203,"state":1,"values":[0.7791457958933965],"datetime_complete":"2026-03-20T21:07:39.191721"}
{"op_code":4,"worker_id":"b3df5398-d61a-4a3d-874c-8bc281bbb2cb-139679950972736","study_id":0,"datetime_start":"2026-03-20T21:07:39.204347"}
{"op_code":5,"worker_id":"b3df5398-d61a-4a3d-874c-8bc281bbb2cb-139679950972736","trial_id":204,"param_name":"n_estimators","param_value_internal":175.0,"distribution":"{\"name\": \"IntDistribution\", \"attributes\": {\"log\": false, \"step\": 1, \"low\": 50, \"high\": 200}}"}
{"op_code":5,"worker_id":"b3df5398-d61a-4a3d-874c-8bc281bbb2cb-139679950972736","trial_id":204,"param_name":"min_samples_split","param_value_internal":8.0,"distribution":"{\"name\": \"IntDistribution\", \"attributes\": {\"log\": false, \"step\": 1, \"low\": 5, \"high\": 20}}"}
{"op_code":5,"worker_id":"b3df5398-d61a-4a3d-874c-8bc281bbb2cb-139679950972736","trial_id":204,"param_name":"min_samples_leaf","param_value_internal":10.0,"distribution":"{\"name\": \"IntDistribution\", \"attributes\": {\"log\": false, \"step\": 1, \"low\": 5, \"high\": 20}}"}
{"op_code":6,"worker_id":"b3df5398-d61a-4a3d-874c-8bc281bbb2cb-139679950972736","trial_id":204,"state":1,"values":[0.7763709162019108],"datetime_complete":"2026-03-20T21:08:07.035076"}
{"op_code":4,"worker_id":"b3df5398-d61a-4a3d-874c-8bc281bbb2cb-139679950972736","study_id":0,"datetime_start":"2026-03-20T21:08:07.048655"}
{"op_code":5,"worker_id":"b3df5398-d61a-4a3d-874c-8bc281bbb2cb-139679950972736","trial_id":205,"param_name":"n_estimators","param_value_internal":125.0,"distribution":"{\"name\": \"IntDistribution\", \"attributes\": {\"log\": false, \"step\": 1, \"low\": 50, \"high\": 200}}"}
{"op_code":5,"worker_id":"b3df5398-d61a-4a3d-874c-8bc281bbb2cb-139679950972736","trial_id":205,"param_name":"min_samples_split","param_value_internal":16.0,"distribution":"{\"name\": \"IntDistribution\", \"attributes\": {\"log\": false, \"step\": 1, \"low\": 5, \"high\": 20}}"}
{"op_code":5,"worker_id":"b3df5398-d61a-4a3d-874c-8bc281bbb2cb-139679950972736","trial_id":205,"param_name":"min_samples_leaf","param_value_internal":17.0,"distribution":"{\"name\": \"IntDistribution\", \"attributes\": {\"log\": false, \"step\": 1, \"low\": 5, \"high\": 20}}"}
{"op_code":6,"worker_id":"b3df5398-d61a-4a3d-874c-8bc281bbb2cb-139679950972736","trial_id":205,"state":1,"values":[0.7770427866783925],"datetime_complete":"2026-03-20T21:08:22.539439"}
{"op_code":4,"worker_id":"b3df5398-d61a-4a3d-874c-8bc281bbb2cb-139679950972736","study_id":0,"datetime_start":"2026-03-20T21:08:22.566456"}
{"op_code":5,"worker_id":"b3df5398-d61a-4a3d-874c-8bc281bbb2cb-139679950972736","trial_id":206,"param_name":"n_estimators","param_value_internal":173.0,"distribution":"{\"name\": \"IntDistribution\", \"attributes\": {\"log\": false, \"step\": 1, \"low\": 50, \"high\": 200}}"}
{"op_code":5,"worker_id":"b3df5398-d61a-4a3d-874c-8bc281bbb2cb-139679950972736","trial_id":206,"param_name":"min_samples_split","param_value_internal":7.0,"distribution":"{\"name\": \"IntDistribution\", \"attributes\": {\"log\": false, \"step\": 1, \"low\": 5, \"high\": 20}}"}
{"op_code":5,"worker_id":"b3df5398-d61a-4a3d-874c-8bc281bbb2cb-139679950972736","trial_id":206,"param_name":"min_samples_leaf","param_value_internal":16.0,"distribution":"{\"name\": \"IntDistribution\", \"attributes\": {\"log\": false, \"step\": 1, \"low\": 5, \"high\": 20}}"}
{"op_code":6,"worker_id":"b3df5398-d61a-4a3d-874c-8bc281bbb2cb-139679950972736","trial_id":206,"state":1,"values":[0.7789819250454741],"datetime_complete":"2026-03-20T21:08:44.705859"}
{"op_code":4,"worker_id":"b3df5398-d61a-4a3d-874c-8bc281bbb2cb-139679950972736","study_id":0,"datetime_start":"2026-03-20T21:08:44.733130"}
{"op_code":5,"worker_id":"b3df5398-d61a-4a3d-874c-8bc281bbb2cb-139679950972736","trial_id":207,"param_name":"n_estimators","param_value_internal":184.0,"distribution":"{\"name\": \"IntDistribution\", \"attributes\": {\"log\": false, \"step\": 1, \"low\": 50, \"high\": 200}}"}
{"op_code":5,"worker_id":"b3df5398-d61a-4a3d-874c-8bc281bbb2cb-139679950972736","trial_id":207,"param_name":"min_samples_split","param_value_internal":6.0,"distribution":"{\"name\": \"IntDistribution\", \"attributes\": {\"log\": false, \"step\": 1, \"low\": 5, \"high\": 20}}"}
{"op_code":5,"worker_id":"b3df5398-d61a-4a3d-874c-8bc281bbb2cb-139679950972736","trial_id":207,"param_name":"min_samples_leaf","param_value_internal":17.0,"distribution":"{\"name\": \"IntDistribution\", \"attributes\": {\"log\": false, \"step\": 1, \"low\": 5, \"high\": 20}}"}
{"op_code":6,"worker_id":"b3df5398-d61a-4a3d-874c-8bc281bbb2cb-139679950972736","trial_id":207,"state":1,"values":[0.7777201195164718],"datetime_complete":"2026-03-20T21:09:08.180668"}
{"op_code":4,"worker_id":"b3df5398-d61a-4a3d-874c-8bc281bbb2cb-139679950972736","study_id":0,"datetime_start":"2026-03-20T21:09:08.198515"}
{"op_code":5,"worker_id":"b3df5398-d61a-4a3d-874c-8bc281bbb2cb-139679950972736","trial_id":208,"param_name":"n_estimators","param_value_internal":178.0,"distribution":"{\"name\": \"IntDistribution\", \"attributes\": {\"log\": false, \"step\": 1, \"low\": 50, \"high\": 200}}"}
{"op_code":5,"worker_id":"b3df5398-d61a-4a3d-874c-8bc281bbb2cb-139679950972736","trial_id":208,"param_name":"min_samples_split","param_value_internal":8.0,"distribution":"{\"name\": \"IntDistribution\", \"attributes\": {\"log\": false, \"step\": 1, \"low\": 5, \"high\": 20}}"}
{"op_code":5,"worker_id":"b3df5398-d61a-4a3d-874c-8bc281bbb2cb-139679950972736","trial_id":208,"param_name":"min_samples_leaf","param_value_internal":18.0,"distribution":"{\"name\": \"IntDistribution\", \"attributes\": {\"log\": false, \"step\": 1, \"low\": 5, \"high\": 20}}"}
{"op_code":6,"worker_id":"b3df5398-d61a-4a3d-874c-8bc281bbb2cb-139679950972736","trial_id":208,"state":1,"values":[0.777960463426758],"datetime_complete":"2026-03-20T21:09:29.779876"}
{"op_code":4,"worker_id":"b3df5398-d61a-4a3d-874c-8bc281bbb2cb-139679950972736","study_id":0,"datetime_start":"2026-03-20T21:09:29.801853"}
{"op_code":5,"worker_id":"b3df5398-d61a-4a3d-874c-8bc281bbb2cb-139679950972736","trial_id":209,"param_name":"n_estimators","param_value_internal":168.0,"distribution":"{\"name\": \"IntDistribution\", \"attributes\": {\"log\": false, \"step\": 1, \"low\": 50, \"high\": 200}}"}
{"op_code":5,"worker_id":"b3df5398-d61a-4a3d-874c-8bc281bbb2cb-139679950972736","trial_id":209,"param_name":"min_samples_split","param_value_internal":7.0,"distribution":"{\"name\": \"IntDistribution\", \"attributes\": {\"log\": false, \"step\": 1, \"low\": 5, \"high\": 20}}"}
{"op_code":5,"worker_id":"b3df5398-d61a-4a3d-874c-8bc281bbb2cb-139679950972736","trial_id":209,"param_name":"min_samples_leaf","param_value_internal":9.0,"distribution":"{\"name\": \"IntDistribution\", \"attributes\": {\"log\": false, \"step\": 1, \"low\": 5, \"high\": 20}}"}
{"op_code":6,"worker_id":"b3df5398-d61a-4a3d-874c-8bc281bbb2cb-139679950972736","trial_id":209,"state":1,"values":[0.7816311704202195],"datetime_complete":"2026-03-20T21:09:56.969341"}
{"op_code":0,"worker_id":"83b31099-9903-467c-a271-ba5ce0a59ba5-140104713647936","study_name":"rsf_tuning","directions":[2]}
{"op_code":4,"worker_id":"83b31099-9903-467c-a271-ba5ce0a59ba5-140104713647936","study_id":0,"datetime_start":"2026-03-20T22:09:08.915373"}
{"op_code":5,"worker_id":"83b31099-9903-467c-a271-ba5ce0a59ba5-140104713647936","trial_id":210,"param_name":"n_estimators","param_value_internal":130.0,"distribution":"{\"name\": \"IntDistribution\", \"attributes\": {\"log\": false, \"step\": 1, \"low\": 50, \"high\": 200}}"}
{"op_code":5,"worker_id":"83b31099-9903-467c-a271-ba5ce0a59ba5-140104713647936","trial_id":210,"param_name":"min_samples_split","param_value_internal":18.0,"distribution":"{\"name\": \"IntDistribution\", \"attributes\": {\"log\": false, \"step\": 1, \"low\": 5, \"high\": 20}}"}
{"op_code":5,"worker_id":"83b31099-9903-467c-a271-ba5ce0a59ba5-140104713647936","trial_id":210,"param_name":"min_samples_leaf","param_value_internal":15.0,"distribution":"{\"name\": \"IntDistribution\", \"attributes\": {\"log\": false, \"step\": 1, \"low\": 5, \"high\": 20}}"}
{"op_code":6,"worker_id":"83b31099-9903-467c-a271-ba5ce0a59ba5-140104713647936","trial_id":210,"state":1,"values":[0.7920629411084115],"datetime_complete":"2026-03-20T22:09:25.982281"}
{"op_code":4,"worker_id":"83b31099-9903-467c-a271-ba5ce0a59ba5-140104713647936","study_id":0,"datetime_start":"2026-03-20T22:09:26.002518"}
{"op_code":5,"worker_id":"83b31099-9903-467c-a271-ba5ce0a59ba5-140104713647936","trial_id":211,"param_name":"n_estimators","param_value_internal":174.0,"distribution":"{\"name\": \"IntDistribution\", \"attributes\": {\"log\": false, \"step\": 1, \"low\": 50, \"high\": 200}}"}
{"op_code":5,"worker_id":"83b31099-9903-467c-a271-ba5ce0a59ba5-140104713647936","trial_id":211,"param_name":"min_samples_split","param_value_internal":7.0,"distribution":"{\"name\": \"IntDistribution\", \"attributes\": {\"log\": false, \"step\": 1, \"low\": 5, \"high\": 20}}"}
{"op_code":5,"worker_id":"83b31099-9903-467c-a271-ba5ce0a59ba5-140104713647936","trial_id":211,"param_name":"min_samples_leaf","param_value_internal":16.0,"distribution":"{\"name\": \"IntDistribution\", \"attributes\": {\"log\": false, \"step\": 1, \"low\": 5, \"high\": 20}}"}
{"op_code":6,"worker_id":"83b31099-9903-467c-a271-ba5ce0a59ba5-140104713647936","trial_id":211,"state":1,"values":[0.7940587758880019],"datetime_complete":"2026-03-20T22:09:48.119138"}
{"op_code":4,"worker_id":"83b31099-9903-467c-a271-ba5ce0a59ba5-140104713647936","study_id":0,"datetime_start":"2026-03-20T22:09:48.144406"}
{"op_code":5,"worker_id":"83b31099-9903-467c-a271-ba5ce0a59ba5-140104713647936","trial_id":212,"param_name":"n_estimators","param_value_internal":180.0,"distribution":"{\"name\": \"IntDistribution\", \"attributes\": {\"log\": false, \"step\": 1, \"low\": 50, \"high\": 200}}"}
{"op_code":5,"worker_id":"83b31099-9903-467c-a271-ba5ce0a59ba5-140104713647936","trial_id":212,"param_name":"min_samples_split","param_value_internal":7.0,"distribution":"{\"name\": \"IntDistribution\", \"attributes\": {\"log\": false, \"step\": 1, \"low\": 5, \"high\": 20}}"}
{"op_code":5,"worker_id":"83b31099-9903-467c-a271-ba5ce0a59ba5-140104713647936","trial_id":212,"param_name":"min_samples_leaf","param_value_internal":16.0,"distribution":"{\"name\": \"IntDistribution\", \"attributes\": {\"log\": false, \"step\": 1, \"low\": 5, \"high\": 20}}"}
{"op_code":6,"worker_id":"83b31099-9903-467c-a271-ba5ce0a59ba5-140104713647936","trial_id":212,"state":1,"values":[0.7940124956612288],"datetime_complete":"2026-03-20T22:10:11.049911"}
{"op_code":4,"worker_id":"83b31099-9903-467c-a271-ba5ce0a59ba5-140104713647936","study_id":0,"datetime_start":"2026-03-20T22:10:11.064381"}
{"op_code":5,"worker_id":"83b31099-9903-467c-a271-ba5ce0a59ba5-140104713647936","trial_id":213,"param_name":"n_estimators","param_value_internal":171.0,"distribution":"{\"name\": \"IntDistribution\", \"attributes\": {\"log\": false, \"step\": 1, \"low\": 50, \"high\": 200}}"}
{"op_code":5,"worker_id":"83b31099-9903-467c-a271-ba5ce0a59ba5-140104713647936","trial_id":213,"param_name":"min_samples_split","param_value_internal":7.0,"distribution":"{\"name\": \"IntDistribution\", \"attributes\": {\"log\": false, \"step\": 1, \"low\": 5, \"high\": 20}}"}
{"op_code":5,"worker_id":"83b31099-9903-467c-a271-ba5ce0a59ba5-140104713647936","trial_id":213,"param_name":"min_samples_leaf","param_value_internal":16.0,"distribution":"{\"name\": \"IntDistribution\", \"attributes\": {\"log\": false, \"step\": 1, \"low\": 5, \"high\": 20}}"}
{"op_code":6,"worker_id":"83b31099-9903-467c-a271-ba5ce0a59ba5-140104713647936","trial_id":213,"state":1,"values":[0.7942554668517876],"datetime_complete":"2026-03-20T22:10:32.759543"}
{"op_code":4,"worker_id":"83b31099-9903-467c-a271-ba5ce0a59ba5-140104713647936","study_id":0,"datetime_start":"2026-03-20T22:10:32.773209"}
{"op_code":5,"worker_id":"83b31099-9903-467c-a271-ba5ce0a59ba5-140104713647936","trial_id":214,"param_name":"n_estimators","param_value_internal":176.0,"distribution":"{\"name\": \"IntDistribution\", \"attributes\": {\"log\": false, \"step\": 1, \"low\": 50, \"high\": 200}}"}
{"op_code":5,"worker_id":"83b31099-9903-467c-a271-ba5ce0a59ba5-140104713647936","trial_id":214,"param_name":"min_samples_split","param_value_internal":8.0,"distribution":"{\"name\": \"IntDistribution\", \"attributes\": {\"log\": false, \"step\": 1, \"low\": 5, \"high\": 20}}"}
{"op_code":5,"worker_id":"83b31099-9903-467c-a271-ba5ce0a59ba5-140104713647936","trial_id":214,"param_name":"min_samples_leaf","param_value_internal":13.0,"distribution":"{\"name\": \"IntDistribution\", \"attributes\": {\"log\": false, \"step\": 1, \"low\": 5, \"high\": 20}}"}
{"op_code":6,"worker_id":"83b31099-9903-467c-a271-ba5ce0a59ba5-140104713647936","trial_id":214,"state":1,"values":[0.794938100196691],"datetime_complete":"2026-03-20T22:10:57.437924"}
{"op_code":4,"worker_id":"83b31099-9903-467c-a271-ba5ce0a59ba5-140104713647936","study_id":0,"datetime_start":"2026-03-20T22:10:57.454751"}
{"op_code":5,"worker_id":"83b31099-9903-467c-a271-ba5ce0a59ba5-140104713647936","trial_id":215,"param_name":"n_estimators","param_value_internal":164.0,"distribution":"{\"name\": \"IntDistribution\", \"attributes\": {\"log\": false, \"step\": 1, \"low\": 50, \"high\": 200}}"}
{"op_code":5,"worker_id":"83b31099-9903-467c-a271-ba5ce0a59ba5-140104713647936","trial_id":215,"param_name":"min_samples_split","param_value_internal":6.0,"distribution":"{\"name\": \"IntDistribution\", \"attributes\": {\"log\": false, \"step\": 1, \"low\": 5, \"high\": 20}}"}
{"op_code":5,"worker_id":"83b31099-9903-467c-a271-ba5ce0a59ba5-140104713647936","trial_id":215,"param_name":"min_samples_leaf","param_value_internal":17.0,"distribution":"{\"name\": \"IntDistribution\", \"attributes\": {\"log\": false, \"step\": 1, \"low\": 5, \"high\": 20}}"}
{"op_code":6,"worker_id":"83b31099-9903-467c-a271-ba5ce0a59ba5-140104713647936","trial_id":215,"state":1,"values":[0.7934166377415249],"datetime_complete":"2026-03-20T22:11:17.872548"}
{"op_code":4,"worker_id":"83b31099-9903-467c-a271-ba5ce0a59ba5-140104713647936","study_id":0,"datetime_start":"2026-03-20T22:11:17.889430"}
{"op_code":5,"worker_id":"83b31099-9903-467c-a271-ba5ce0a59ba5-140104713647936","trial_id":216,"param_name":"n_estimators","param_value_internal":181.0,"distribution":"{\"name\": \"IntDistribution\", \"attributes\": {\"log\": false, \"step\": 1, \"low\": 50, \"high\": 200}}"}
{"op_code":5,"worker_id":"83b31099-9903-467c-a271-ba5ce0a59ba5-140104713647936","trial_id":216,"param_name":"min_samples_split","param_value_internal":8.0,"distribution":"{\"name\": \"IntDistribution\", \"attributes\": {\"log\": false, \"step\": 1, \"low\": 5, \"high\": 20}}"}
{"op_code":5,"worker_id":"83b31099-9903-467c-a271-ba5ce0a59ba5-140104713647936","trial_id":216,"param_name":"min_samples_leaf","param_value_internal":16.0,"distribution":"{\"name\": \"IntDistribution\", \"attributes\": {\"log\": false, \"step\": 1, \"low\": 5, \"high\": 20}}"}
{"op_code":6,"worker_id":"83b31099-9903-467c-a271-ba5ce0a59ba5-140104713647936","trial_id":216,"state":1,"values":[0.7938678699525628],"datetime_complete":"2026-03-20T22:11:40.843739"}
{"op_code":4,"worker_id":"83b31099-9903-467c-a271-ba5ce0a59ba5-140104713647936","study_id":0,"datetime_start":"2026-03-20T22:11:40.855372"}
{"op_code":5,"worker_id":"83b31099-9903-467c-a271-ba5ce0a59ba5-140104713647936","trial_id":217,"param_name":"n_estimators","param_value_internal":173.0,"distribution":"{\"name\": \"IntDistribution\", \"attributes\": {\"log\": false, \"step\": 1, \"low\": 50, \"high\": 200}}"}
{"op_code":5,"worker_id":"83b31099-9903-467c-a271-ba5ce0a59ba5-140104713647936","trial_id":217,"param_name":"min_samples_split","param_value_internal":7.0,"distribution":"{\"name\": \"IntDistribution\", \"attributes\": {\"log\": false, \"step\": 1, \"low\": 5, \"high\": 20}}"}
{"op_code":5,"worker_id":"83b31099-9903-467c-a271-ba5ce0a59ba5-140104713647936","trial_id":217,"param_name":"min_samples_leaf","param_value_internal":18.0,"distribution":"{\"name\": \"IntDistribution\", \"attributes\": {\"log\": false, \"step\": 1, \"low\": 5, \"high\": 20}}"}
{"op_code":6,"worker_id":"83b31099-9903-467c-a271-ba5ce0a59ba5-140104713647936","trial_id":217,"state":1,"values":[0.7939257202360291],"datetime_complete":"2026-03-20T22:12:02.008219"}
{"op_code":4,"worker_id":"83b31099-9903-467c-a271-ba5ce0a59ba5-140104713647936","study_id":0,"datetime_start":"2026-03-20T22:12:02.023282"}
{"op_code":5,"worker_id":"83b31099-9903-467c-a271-ba5ce0a59ba5-140104713647936","trial_id":218,"param_name":"n_estimators","param_value_internal":178.0,"distribution":"{\"name\": \"IntDistribution\", \"attributes\": {\"log\": false, \"step\": 1, \"low\": 50, \"high\": 200}}"}
{"op_code":5,"worker_id":"83b31099-9903-467c-a271-ba5ce0a59ba5-140104713647936","trial_id":218,"param_name":"min_samples_split","param_value_internal":6.0,"distribution":"{\"name\": \"IntDistribution\", \"attributes\": {\"log\": false, \"step\": 1, \"low\": 5, \"high\": 20}}"}
{"op_code":5,"worker_id":"83b31099-9903-467c-a271-ba5ce0a59ba5-140104713647936","trial_id":218,"param_name":"min_samples_leaf","param_value_internal":17.0,"distribution":"{\"name\": \"IntDistribution\", \"attributes\": {\"log\": false, \"step\": 1, \"low\": 5, \"high\": 20}}"}
{"op_code":6,"worker_id":"83b31099-9903-467c-a271-ba5ce0a59ba5-140104713647936","trial_id":218,"state":1,"values":[0.7944116626171468],"datetime_complete":"2026-03-20T22:12:24.109717"}
{"op_code":4,"worker_id":"83b31099-9903-467c-a271-ba5ce0a59ba5-140104713647936","study_id":0,"datetime_start":"2026-03-20T22:12:24.130002"}
{"op_code":5,"worker_id":"83b31099-9903-467c-a271-ba5ce0a59ba5-140104713647936","trial_id":219,"param_name":"n_estimators","param_value_internal":171.0,"distribution":"{\"name\": \"IntDistribution\", \"attributes\": {\"log\": false, \"step\": 1, \"low\": 50, \"high\": 200}}"}
{"op_code":5,"worker_id":"83b31099-9903-467c-a271-ba5ce0a59ba5-140104713647936","trial_id":219,"param_name":"min_samples_split","param_value_internal":8.0,"distribution":"{\"name\": \"IntDistribution\", \"attributes\": {\"log\": false, \"step\": 1, \"low\": 5, \"high\": 20}}"}
{"op_code":5,"worker_id":"83b31099-9903-467c-a271-ba5ce0a59ba5-140104713647936","trial_id":219,"param_name":"min_samples_leaf","param_value_internal":16.0,"distribution":"{\"name\": \"IntDistribution\", \"attributes\": {\"log\": false, \"step\": 1, \"low\": 5, \"high\": 20}}"}
{"op_code":6,"worker_id":"83b31099-9903-467c-a271-ba5ce0a59ba5-140104713647936","trial_id":219,"state":1,"values":[0.7942554668517876],"datetime_complete":"2026-03-20T22:12:45.892286"}
{"op_code":0,"worker_id":"d90491d7-4fc6-4147-b622-f7168e766a33-140493794387776","study_name":"rsf_tuning","directions":[2]}
{"op_code":4,"worker_id":"d90491d7-4fc6-4147-b622-f7168e766a33-140493794387776","study_id":0,"datetime_start":"2026-03-20T22:44:27.381603"}
{"op_code":5,"worker_id":"d90491d7-4fc6-4147-b622-f7168e766a33-140493794387776","trial_id":220,"param_name":"n_estimators","param_value_internal":176.0,"distribution":"{\"name\": \"IntDistribution\", \"attributes\": {\"log\": false, \"step\": 1, \"low\": 50, \"high\": 200}}"}
{"op_code":5,"worker_id":"d90491d7-4fc6-4147-b622-f7168e766a33-140493794387776","trial_id":220,"param_name":"min_samples_split","param_value_internal":7.0,"distribution":"{\"name\": \"IntDistribution\", \"attributes\": {\"log\": false, \"step\": 1, \"low\": 5, \"high\": 20}}"}
{"op_code":5,"worker_id":"d90491d7-4fc6-4147-b622-f7168e766a33-140493794387776","trial_id":220,"param_name":"min_samples_leaf","param_value_internal":5.0,"distribution":"{\"name\": \"IntDistribution\", \"attributes\": {\"log\": false, \"step\": 1, \"low\": 5, \"high\": 20}}"}
{"op_code":6,"worker_id":"d90491d7-4fc6-4147-b622-f7168e766a33-140493794387776","trial_id":220,"state":1,"values":[0.7928959851903274],"datetime_complete":"2026-03-20T22:45:02.622090"}
{"op_code":4,"worker_id":"d90491d7-4fc6-4147-b622-f7168e766a33-140493794387776","study_id":0,"datetime_start":"2026-03-20T22:45:02.651643"}
{"op_code":5,"worker_id":"d90491d7-4fc6-4147-b622-f7168e766a33-140493794387776","trial_id":221,"param_name":"n_estimators","param_value_internal":197.0,"distribution":"{\"name\": \"IntDistribution\", \"attributes\": {\"log\": false, \"step\": 1, \"low\": 50, \"high\": 200}}"}
{"op_code":5,"worker_id":"d90491d7-4fc6-4147-b622-f7168e766a33-140493794387776","trial_id":221,"param_name":"min_samples_split","param_value_internal":7.0,"distribution":"{\"name\": \"IntDistribution\", \"attributes\": {\"log\": false, \"step\": 1, \"low\": 5, \"high\": 20}}"}
{"op_code":5,"worker_id":"d90491d7-4fc6-4147-b622-f7168e766a33-140493794387776","trial_id":221,"param_name":"min_samples_leaf","param_value_internal":17.0,"distribution":"{\"name\": \"IntDistribution\", \"attributes\": {\"log\": false, \"step\": 1, \"low\": 5, \"high\": 20}}"}
{"op_code":6,"worker_id":"d90491d7-4fc6-4147-b622-f7168e766a33-140493794387776","trial_id":221,"state":1,"values":[0.7941571213698947],"datetime_complete":"2026-03-20T22:45:27.063479"}
{"op_code":4,"worker_id":"d90491d7-4fc6-4147-b622-f7168e766a33-140493794387776","study_id":0,"datetime_start":"2026-03-20T22:45:27.089127"}
{"op_code":5,"worker_id":"d90491d7-4fc6-4147-b622-f7168e766a33-140493794387776","trial_id":222,"param_name":"n_estimators","param_value_internal":185.0,"distribution":"{\"name\": \"IntDistribution\", \"attributes\": {\"log\": false, \"step\": 1, \"low\": 50, \"high\": 200}}"}
{"op_code":5,"worker_id":"d90491d7-4fc6-4147-b622-f7168e766a33-140493794387776","trial_id":222,"param_name":"min_samples_split","param_value_internal":7.0,"distribution":"{\"name\": \"IntDistribution\", \"attributes\": {\"log\": false, \"step\": 1, \"low\": 5, \"high\": 20}}"}
{"op_code":5,"worker_id":"d90491d7-4fc6-4147-b622-f7168e766a33-140493794387776","trial_id":222,"param_name":"min_samples_leaf","param_value_internal":17.0,"distribution":"{\"name\": \"IntDistribution\", \"attributes\": {\"log\": false, \"step\": 1, \"low\": 5, \"high\": 20}}"}
{"op_code":6,"worker_id":"d90491d7-4fc6-4147-b622-f7168e766a33-140493794387776","trial_id":222,"state":1,"values":[0.793688534073817],"datetime_complete":"2026-03-20T22:45:50.107167"}
{"op_code":4,"worker_id":"d90491d7-4fc6-4147-b622-f7168e766a33-140493794387776","study_id":0,"datetime_start":"2026-03-20T22:45:50.136554"}
{"op_code":5,"worker_id":"d90491d7-4fc6-4147-b622-f7168e766a33-140493794387776","trial_id":223,"param_name":"n_estimators","param_value_internal":169.0,"distribution":"{\"name\": \"IntDistribution\", \"attributes\": {\"log\": false, \"step\": 1, \"low\": 50, \"high\": 200}}"}
{"op_code":5,"worker_id":"d90491d7-4fc6-4147-b622-f7168e766a33-140493794387776","trial_id":223,"param_name":"min_samples_split","param_value_internal":7.0,"distribution":"{\"name\": \"IntDistribution\", \"attributes\": {\"log\": false, \"step\": 1, \"low\": 5, \"high\": 20}}"}
{"op_code":5,"worker_id":"d90491d7-4fc6-4147-b622-f7168e766a33-140493794387776","trial_id":223,"param_name":"min_samples_leaf","param_value_internal":18.0,"distribution":"{\"name\": \"IntDistribution\", \"attributes\": {\"log\": false, \"step\": 1, \"low\": 5, \"high\": 20}}"}
{"op_code":6,"worker_id":"d90491d7-4fc6-4147-b622-f7168e766a33-140493794387776","trial_id":223,"state":1,"values":[0.7940934860580817],"datetime_complete":"2026-03-20T22:46:10.774266"}
{"op_code":4,"worker_id":"d90491d7-4fc6-4147-b622-f7168e766a33-140493794387776","study_id":0,"datetime_start":"2026-03-20T22:46:10.800765"}
{"op_code":5,"worker_id":"d90491d7-4fc6-4147-b622-f7168e766a33-140493794387776","trial_id":224,"param_name":"n_estimators","param_value_internal":193.0,"distribution":"{\"name\": \"IntDistribution\", \"attributes\": {\"log\": false, \"step\": 1, \"low\": 50, \"high\": 200}}"}
{"op_code":5,"worker_id":"d90491d7-4fc6-4147-b622-f7168e766a33-140493794387776","trial_id":224,"param_name":"min_samples_split","param_value_internal":8.0,"distribution":"{\"name\": \"IntDistribution\", \"attributes\": {\"log\": false, \"step\": 1, \"low\": 5, \"high\": 20}}"}
{"op_code":5,"worker_id":"d90491d7-4fc6-4147-b622-f7168e766a33-140493794387776","trial_id":224,"param_name":"min_samples_leaf","param_value_internal":17.0,"distribution":"{\"name\": \"IntDistribution\", \"attributes\": {\"log\": false, \"step\": 1, \"low\": 5, \"high\": 20}}"}
{"op_code":6,"worker_id":"d90491d7-4fc6-4147-b622-f7168e766a33-140493794387776","trial_id":224,"state":1,"values":[0.7937753094990165],"datetime_complete":"2026-03-20T22:46:34.239011"}
{"op_code":4,"worker_id":"d90491d7-4fc6-4147-b622-f7168e766a33-140493794387776","study_id":0,"datetime_start":"2026-03-20T22:46:34.261226"}
{"op_code":5,"worker_id":"d90491d7-4fc6-4147-b622-f7168e766a33-140493794387776","trial_id":225,"param_name":"n_estimators","param_value_internal":74.0,"distribution":"{\"name\": \"IntDistribution\", \"attributes\": {\"log\": false, \"step\": 1, \"low\": 50, \"high\": 200}}"}
{"op_code":5,"worker_id":"d90491d7-4fc6-4147-b622-f7168e766a33-140493794387776","trial_id":225,"param_name":"min_samples_split","param_value_internal":9.0,"distribution":"{\"name\": \"IntDistribution\", \"attributes\": {\"log\": false, \"step\": 1, \"low\": 5, \"high\": 20}}"}
{"op_code":5,"worker_id":"d90491d7-4fc6-4147-b622-f7168e766a33-140493794387776","trial_id":225,"param_name":"min_samples_leaf","param_value_internal":10.0,"distribution":"{\"name\": \"IntDistribution\", \"attributes\": {\"log\": false, \"step\": 1, \"low\": 5, \"high\": 20}}"}
{"op_code":6,"worker_id":"d90491d7-4fc6-4147-b622-f7168e766a33-140493794387776","trial_id":225,"state":1,"values":[0.7957653592502604],"datetime_complete":"2026-03-20T22:46:45.829112"}
{"op_code":4,"worker_id":"d90491d7-4fc6-4147-b622-f7168e766a33-140493794387776","study_id":0,"datetime_start":"2026-03-20T22:46:45.856180"}
{"op_code":5,"worker_id":"d90491d7-4fc6-4147-b622-f7168e766a33-140493794387776","trial_id":226,"param_name":"n_estimators","param_value_internal":73.0,"distribution":"{\"name\": \"IntDistribution\", \"attributes\": {\"log\": false, \"step\": 1, \"low\": 50, \"high\": 200}}"}
{"op_code":5,"worker_id":"d90491d7-4fc6-4147-b622-f7168e766a33-140493794387776","trial_id":226,"param_name":"min_samples_split","param_value_internal":9.0,"distribution":"{\"name\": \"IntDistribution\", \"attributes\": {\"log\": false, \"step\": 1, \"low\": 5, \"high\": 20}}"}
{"op_code":5,"worker_id":"d90491d7-4fc6-4147-b622-f7168e766a33-140493794387776","trial_id":226,"param_name":"min_samples_leaf","param_value_internal":10.0,"distribution":"{\"name\": \"IntDistribution\", \"attributes\": {\"log\": false, \"step\": 1, \"low\": 5, \"high\": 20}}"}
{"op_code":6,"worker_id":"d90491d7-4fc6-4147-b622-f7168e766a33-140493794387776","trial_id":226,"state":1,"values":[0.795273631840796],"datetime_complete":"2026-03-20T22:46:57.262629"}
{"op_code":4,"worker_id":"d90491d7-4fc6-4147-b622-f7168e766a33-140493794387776","study_id":0,"datetime_start":"2026-03-20T22:46:57.279503"}
{"op_code":5,"worker_id":"d90491d7-4fc6-4147-b622-f7168e766a33-140493794387776","trial_id":227,"param_name":"n_estimators","param_value_internal":65.0,"distribution":"{\"name\": \"IntDistribution\", \"attributes\": {\"log\": false, \"step\": 1, \"low\": 50, \"high\": 200}}"}
{"op_code":5,"worker_id":"d90491d7-4fc6-4147-b622-f7168e766a33-140493794387776","trial_id":227,"param_name":"min_samples_split","param_value_internal":9.0,"distribution":"{\"name\": \"IntDistribution\", \"attributes\": {\"log\": false, \"step\": 1, \"low\": 5, \"high\": 20}}"}
{"op_code":5,"worker_id":"d90491d7-4fc6-4147-b622-f7168e766a33-140493794387776","trial_id":227,"param_name":"min_samples_leaf","param_value_internal":10.0,"distribution":"{\"name\": \"IntDistribution\", \"attributes\": {\"log\": false, \"step\": 1, \"low\": 5, \"high\": 20}}"}
{"op_code":6,"worker_id":"d90491d7-4fc6-4147-b622-f7168e766a33-140493794387776","trial_id":227,"state":1,"values":[0.7934687029966447],"datetime_complete":"2026-03-20T22:47:07.372866"}
{"op_code":4,"worker_id":"d90491d7-4fc6-4147-b622-f7168e766a33-140493794387776","study_id":0,"datetime_start":"2026-03-20T22:47:07.392836"}
{"op_code":5,"worker_id":"d90491d7-4fc6-4147-b622-f7168e766a33-140493794387776","trial_id":228,"param_name":"n_estimators","param_value_internal":119.0,"distribution":"{\"name\": \"IntDistribution\", \"attributes\": {\"log\": false, \"step\": 1, \"low\": 50, \"high\": 200}}"}
{"op_code":5,"worker_id":"d90491d7-4fc6-4147-b622-f7168e766a33-140493794387776","trial_id":228,"param_name":"min_samples_split","param_value_internal":9.0,"distribution":"{\"name\": \"IntDistribution\", \"attributes\": {\"log\": false, \"step\": 1, \"low\": 5, \"high\": 20}}"}
{"op_code":5,"worker_id":"d90491d7-4fc6-4147-b622-f7168e766a33-140493794387776","trial_id":228,"param_name":"min_samples_leaf","param_value_internal":10.0,"distribution":"{\"name\": \"IntDistribution\", \"attributes\": {\"log\": false, \"step\": 1, \"low\": 5, \"high\": 20}}"}
{"op_code":6,"worker_id":"d90491d7-4fc6-4147-b622-f7168e766a33-140493794387776","trial_id":228,"state":1,"values":[0.7970091403447876],"datetime_complete":"2026-03-20T22:47:25.846151"}
{"op_code":4,"worker_id":"d90491d7-4fc6-4147-b622-f7168e766a33-140493794387776","study_id":0,"datetime_start":"2026-03-20T22:47:25.875896"}
{"op_code":5,"worker_id":"d90491d7-4fc6-4147-b622-f7168e766a33-140493794387776","trial_id":229,"param_name":"n_estimators","param_value_internal":80.0,"distribution":"{\"name\": \"IntDistribution\", \"attributes\": {\"log\": false, \"step\": 1, \"low\": 50, \"high\": 200}}"}
{"op_code":5,"worker_id":"d90491d7-4fc6-4147-b622-f7168e766a33-140493794387776","trial_id":229,"param_name":"min_samples_split","param_value_internal":9.0,"distribution":"{\"name\": \"IntDistribution\", \"attributes\": {\"log\": false, \"step\": 1, \"low\": 5, \"high\": 20}}"}
{"op_code":5,"worker_id":"d90491d7-4fc6-4147-b622-f7168e766a33-140493794387776","trial_id":229,"param_name":"min_samples_leaf","param_value_internal":11.0,"distribution":"{\"name\": \"IntDistribution\", \"attributes\": {\"log\": false, \"step\": 1, \"low\": 5, \"high\": 20}}"}
{"op_code":6,"worker_id":"d90491d7-4fc6-4147-b622-f7168e766a33-140493794387776","trial_id":229,"state":1,"values":[0.7946083535809325],"datetime_complete":"2026-03-20T22:47:37.923063"}
{"op_code":0,"worker_id":"2d082cc1-1cfa-42b5-85d0-84c99549da43-139789252802368","study_name":"rsf_tuning","directions":[2]}
{"op_code":4,"worker_id":"2d082cc1-1cfa-42b5-85d0-84c99549da43-139789252802368","study_id":0,"datetime_start":"2026-03-20T23:00:36.138876"}
{"op_code":5,"worker_id":"2d082cc1-1cfa-42b5-85d0-84c99549da43-139789252802368","trial_id":230,"param_name":"n_estimators","param_value_internal":118.0,"distribution":"{\"name\": \"IntDistribution\", \"attributes\": {\"log\": false, \"step\": 1, \"low\": 50, \"high\": 200}}"}
{"op_code":5,"worker_id":"2d082cc1-1cfa-42b5-85d0-84c99549da43-139789252802368","trial_id":230,"param_name":"min_samples_split","param_value_internal":9.0,"distribution":"{\"name\": \"IntDistribution\", \"attributes\": {\"log\": false, \"step\": 1, \"low\": 5, \"high\": 20}}"}
{"op_code":5,"worker_id":"2d082cc1-1cfa-42b5-85d0-84c99549da43-139789252802368","trial_id":230,"param_name":"min_samples_leaf","param_value_internal":10.0,"distribution":"{\"name\": \"IntDistribution\", \"attributes\": {\"log\": false, \"step\": 1, \"low\": 5, \"high\": 20}}"}
{"op_code":6,"worker_id":"2d082cc1-1cfa-42b5-85d0-84c99549da43-139789252802368","trial_id":230,"state":1,"values":[0.7971537660534537],"datetime_complete":"2026-03-20T23:00:54.559224"}
{"op_code":4,"worker_id":"2d082cc1-1cfa-42b5-85d0-84c99549da43-139789252802368","study_id":0,"datetime_start":"2026-03-20T23:00:54.581028"}
{"op_code":5,"worker_id":"2d082cc1-1cfa-42b5-85d0-84c99549da43-139789252802368","trial_id":231,"param_name":"n_estimators","param_value_internal":119.0,"distribution":"{\"name\": \"IntDistribution\", \"attributes\": {\"log\": false, \"step\": 1, \"low\": 50, \"high\": 200}}"}
{"op_code":5,"worker_id":"2d082cc1-1cfa-42b5-85d0-84c99549da43-139789252802368","trial_id":231,"param_name":"min_samples_split","param_value_internal":9.0,"distribution":"{\"name\": \"IntDistribution\", \"attributes\": {\"log\": false, \"step\": 1, \"low\": 5, \"high\": 20}}"}
{"op_code":5,"worker_id":"2d082cc1-1cfa-42b5-85d0-84c99549da43-139789252802368","trial_id":231,"param_name":"min_samples_leaf","param_value_internal":10.0,"distribution":"{\"name\": \"IntDistribution\", \"attributes\": {\"log\": false, \"step\": 1, \"low\": 5, \"high\": 20}}"}
{"op_code":6,"worker_id":"2d082cc1-1cfa-42b5-85d0-84c99549da43-139789252802368","trial_id":231,"state":1,"values":[0.7970091403447876],"datetime_complete":"2026-03-20T23:01:13.197104"}
{"op_code":4,"worker_id":"2d082cc1-1cfa-42b5-85d0-84c99549da43-139789252802368","study_id":0,"datetime_start":"2026-03-20T23:01:16.531532"}
{"op_code":5,"worker_id":"2d082cc1-1cfa-42b5-85d0-84c99549da43-139789252802368","trial_id":232,"param_name":"n_estimators","param_value_internal":116.0,"distribution":"{\"name\": \"IntDistribution\", \"attributes\": {\"log\": false, \"step\": 1, \"low\": 50, \"high\": 200}}"}
{"op_code":5,"worker_id":"2d082cc1-1cfa-42b5-85d0-84c99549da43-139789252802368","trial_id":232,"param_name":"min_samples_split","param_value_internal":9.0,"distribution":"{\"name\": \"IntDistribution\", \"attributes\": {\"log\": false, \"step\": 1, \"low\": 5, \"high\": 20}}"}
{"op_code":5,"worker_id":"2d082cc1-1cfa-42b5-85d0-84c99549da43-139789252802368","trial_id":232,"param_name":"min_samples_leaf","param_value_internal":10.0,"distribution":"{\"name\": \"IntDistribution\", \"attributes\": {\"log\": false, \"step\": 1, \"low\": 5, \"high\": 20}}"}
{"op_code":6,"worker_id":"2d082cc1-1cfa-42b5-85d0-84c99549da43-139789252802368","trial_id":232,"state":1,"values":[0.796650468587296],"datetime_complete":"2026-03-20T23:01:34.797548"}
{"op_code":4,"worker_id":"2d082cc1-1cfa-42b5-85d0-84c99549da43-139789252802368","study_id":0,"datetime_start":"2026-03-20T23:01:34.809971"}
{"op_code":5,"worker_id":"2d082cc1-1cfa-42b5-85d0-84c99549da43-139789252802368","trial_id":233,"param_name":"n_estimators","param_value_internal":119.0,"distribution":"{\"name\": \"IntDistribution\", \"attributes\": {\"log\": false, \"step\": 1, \"low\": 50, \"high\": 200}}"}
{"op_code":5,"worker_id":"2d082cc1-1cfa-42b5-85d0-84c99549da43-139789252802368","trial_id":233,"param_name":"min_samples_split","param_value_internal":10.0,"distribution":"{\"name\": \"IntDistribution\", \"attributes\": {\"log\": false, \"step\": 1, \"low\": 5, \"high\": 20}}"}
{"op_code":5,"worker_id":"2d082cc1-1cfa-42b5-85d0-84c99549da43-139789252802368","trial_id":233,"param_name":"min_samples_leaf","param_value_internal":10.0,"distribution":"{\"name\": \"IntDistribution\", \"attributes\": {\"log\": false, \"step\": 1, \"low\": 5, \"high\": 20}}"}
{"op_code":6,"worker_id":"2d082cc1-1cfa-42b5-85d0-84c99549da43-139789252802368","trial_id":233,"state":1,"values":[0.7970091403447876],"datetime_complete":"2026-03-20T23:01:53.355732"}
{"op_code":4,"worker_id":"2d082cc1-1cfa-42b5-85d0-84c99549da43-139789252802368","study_id":0,"datetime_start":"2026-03-20T23:01:53.377952"}
{"op_code":5,"worker_id":"2d082cc1-1cfa-42b5-85d0-84c99549da43-139789252802368","trial_id":234,"param_name":"n_estimators","param_value_internal":117.0,"distribution":"{\"name\": \"IntDistribution\", \"attributes\": {\"log\": false, \"step\": 1, \"low\": 50, \"high\": 200}}"}
{"op_code":5,"worker_id":"2d082cc1-1cfa-42b5-85d0-84c99549da43-139789252802368","trial_id":234,"param_name":"min_samples_split","param_value_internal":10.0,"distribution":"{\"name\": \"IntDistribution\", \"attributes\": {\"log\": false, \"step\": 1, \"low\": 5, \"high\": 20}}"}
{"op_code":5,"worker_id":"2d082cc1-1cfa-42b5-85d0-84c99549da43-139789252802368","trial_id":234,"param_name":"min_samples_leaf","param_value_internal":10.0,"distribution":"{\"name\": \"IntDistribution\", \"attributes\": {\"log\": false, \"step\": 1, \"low\": 5, \"high\": 20}}"}
{"op_code":6,"worker_id":"2d082cc1-1cfa-42b5-85d0-84c99549da43-139789252802368","trial_id":234,"state":1,"values":[0.7967083188707624],"datetime_complete":"2026-03-20T23:02:11.631369"}
{"op_code":4,"worker_id":"2d082cc1-1cfa-42b5-85d0-84c99549da43-139789252802368","study_id":0,"datetime_start":"2026-03-20T23:02:11.650525"}
{"op_code":5,"worker_id":"2d082cc1-1cfa-42b5-85d0-84c99549da43-139789252802368","trial_id":235,"param_name":"n_estimators","param_value_internal":115.0,"distribution":"{\"name\": \"IntDistribution\", \"attributes\": {\"log\": false, \"step\": 1, \"low\": 50, \"high\": 200}}"}
{"op_code":5,"worker_id":"2d082cc1-1cfa-42b5-85d0-84c99549da43-139789252802368","trial_id":235,"param_name":"min_samples_split","param_value_internal":10.0,"distribution":"{\"name\": \"IntDistribution\", \"attributes\": {\"log\": false, \"step\": 1, \"low\": 5, \"high\": 20}}"}
{"op_code":5,"worker_id":"2d082cc1-1cfa-42b5-85d0-84c99549da43-139789252802368","trial_id":235,"param_name":"min_samples_leaf","param_value_internal":10.0,"distribution":"{\"name\": \"IntDistribution\", \"attributes\": {\"log\": false, \"step\": 1, \"low\": 5, \"high\": 20}}"}
{"op_code":6,"worker_id":"2d082cc1-1cfa-42b5-85d0-84c99549da43-139789252802368","trial_id":235,"state":1,"values":[0.796939720004628],"datetime_complete":"2026-03-20T23:02:29.603948"}
{"op_code":4,"worker_id":"2d082cc1-1cfa-42b5-85d0-84c99549da43-139789252802368","study_id":0,"datetime_start":"2026-03-20T23:02:29.624427"}
{"op_code":5,"worker_id":"2d082cc1-1cfa-42b5-85d0-84c99549da43-139789252802368","trial_id":236,"param_name":"n_estimators","param_value_internal":114.0,"distribution":"{\"name\": \"IntDistribution\", \"attributes\": {\"log\": false, \"step\": 1, \"low\": 50, \"high\": 200}}"}
{"op_code":5,"worker_id":"2d082cc1-1cfa-42b5-85d0-84c99549da43-139789252802368","trial_id":236,"param_name":"min_samples_split","param_value_internal":10.0,"distribution":"{\"name\": \"IntDistribution\", \"attributes\": {\"log\": false, \"step\": 1, \"low\": 5, \"high\": 20}}"}
{"op_code":5,"worker_id":"2d082cc1-1cfa-42b5-85d0-84c99549da43-139789252802368","trial_id":236,"param_name":"min_samples_leaf","param_value_internal":10.0,"distribution":"{\"name\": \"IntDistribution\", \"attributes\": {\"log\": false, \"step\": 1, \"low\": 5, \"high\": 20}}"}
{"op_code":6,"worker_id":"2d082cc1-1cfa-42b5-85d0-84c99549da43-139789252802368","trial_id":236,"state":1,"values":[0.7963901423116974],"datetime_complete":"2026-03-20T23:02:47.427554"}
{"op_code":4,"worker_id":"2d082cc1-1cfa-42b5-85d0-84c99549da43-139789252802368","study_id":0,"datetime_start":"2026-03-20T23:02:47.441959"}
{"op_code":5,"worker_id":"2d082cc1-1cfa-42b5-85d0-84c99549da43-139789252802368","trial_id":237,"param_name":"n_estimators","param_value_internal":119.0,"distribution":"{\"name\": \"IntDistribution\", \"attributes\": {\"log\": false, \"step\": 1, \"low\": 50, \"high\": 200}}"}
{"op_code":5,"worker_id":"2d082cc1-1cfa-42b5-85d0-84c99549da43-139789252802368","trial_id":237,"param_name":"min_samples_split","param_value_internal":10.0,"distribution":"{\"name\": \"IntDistribution\", \"attributes\": {\"log\": false, \"step\": 1, \"low\": 5, \"high\": 20}}"}
{"op_code":5,"worker_id":"2d082cc1-1cfa-42b5-85d0-84c99549da43-139789252802368","trial_id":237,"param_name":"min_samples_leaf","param_value_internal":10.0,"distribution":"{\"name\": \"IntDistribution\", \"attributes\": {\"log\": false, \"step\": 1, \"low\": 5, \"high\": 20}}"}
{"op_code":6,"worker_id":"2d082cc1-1cfa-42b5-85d0-84c99549da43-139789252802368","trial_id":237,"state":1,"values":[0.7970091403447876],"datetime_complete":"2026-03-20T23:03:06.011840"}
{"op_code":4,"worker_id":"2d082cc1-1cfa-42b5-85d0-84c99549da43-139789252802368","study_id":0,"datetime_start":"2026-03-20T23:03:08.763736"}
{"op_code":5,"worker_id":"2d082cc1-1cfa-42b5-85d0-84c99549da43-139789252802368","trial_id":238,"param_name":"n_estimators","param_value_internal":119.0,"distribution":"{\"name\": \"IntDistribution\", \"attributes\": {\"log\": false, \"step\": 1, \"low\": 50, \"high\": 200}}"}
{"op_code":5,"worker_id":"2d082cc1-1cfa-42b5-85d0-84c99549da43-139789252802368","trial_id":238,"param_name":"min_samples_split","param_value_internal":11.0,"distribution":"{\"name\": \"IntDistribution\", \"attributes\": {\"log\": false, \"step\": 1, \"low\": 5, \"high\": 20}}"}
{"op_code":5,"worker_id":"2d082cc1-1cfa-42b5-85d0-84c99549da43-139789252802368","trial_id":238,"param_name":"min_samples_leaf","param_value_internal":10.0,"distribution":"{\"name\": \"IntDistribution\", \"attributes\": {\"log\": false, \"step\": 1, \"low\": 5, \"high\": 20}}"}
{"op_code":6,"worker_id":"2d082cc1-1cfa-42b5-85d0-84c99549da43-139789252802368","trial_id":238,"state":1,"values":[0.7970091403447876],"datetime_complete":"2026-03-20T23:03:27.358124"}
{"op_code":4,"worker_id":"2d082cc1-1cfa-42b5-85d0-84c99549da43-139789252802368","study_id":0,"datetime_start":"2026-03-20T23:03:31.041278"}
{"op_code":5,"worker_id":"2d082cc1-1cfa-42b5-85d0-84c99549da43-139789252802368","trial_id":239,"param_name":"n_estimators","param_value_internal":124.0,"distribution":"{\"name\": \"IntDistribution\", \"attributes\": {\"log\": false, \"step\": 1, \"low\": 50, \"high\": 200}}"}
{"op_code":5,"worker_id":"2d082cc1-1cfa-42b5-85d0-84c99549da43-139789252802368","trial_id":239,"param_name":"min_samples_split","param_value_internal":11.0,"distribution":"{\"name\": \"IntDistribution\", \"attributes\": {\"log\": false, \"step\": 1, \"low\": 5, \"high\": 20}}"}
{"op_code":5,"worker_id":"2d082cc1-1cfa-42b5-85d0-84c99549da43-139789252802368","trial_id":239,"param_name":"min_samples_leaf","param_value_internal":9.0,"distribution":"{\"name\": \"IntDistribution\", \"attributes\": {\"log\": false, \"step\": 1, \"low\": 5, \"high\": 20}}"}
{"op_code":6,"worker_id":"2d082cc1-1cfa-42b5-85d0-84c99549da43-139789252802368","trial_id":239,"state":1,"values":[0.7906224690500984],"datetime_complete":"2026-03-20T23:03:51.027235"}
{"op_code":0,"worker_id":"819cfb90-0817-4a85-a232-afb6be3b51c2-140475561576256","study_name":"rsf_tuning","directions":[2]}
{"op_code":4,"worker_id":"819cfb90-0817-4a85-a232-afb6be3b51c2-140475561576256","study_id":0,"datetime_start":"2026-03-20T23:18:11.072331"}
{"op_code":5,"worker_id":"819cfb90-0817-4a85-a232-afb6be3b51c2-140475561576256","trial_id":240,"param_name":"n_estimators","param_value_internal":121.0,"distribution":"{\"name\": \"IntDistribution\", \"attributes\": {\"log\": false, \"step\": 1, \"low\": 50, \"high\": 200}}"}
{"op_code":5,"worker_id":"819cfb90-0817-4a85-a232-afb6be3b51c2-140475561576256","trial_id":240,"param_name":"min_samples_split","param_value_internal":11.0,"distribution":"{\"name\": \"IntDistribution\", \"attributes\": {\"log\": false, \"step\": 1, \"low\": 5, \"high\": 20}}"}
{"op_code":5,"worker_id":"819cfb90-0817-4a85-a232-afb6be3b51c2-140475561576256","trial_id":240,"param_name":"min_samples_leaf","param_value_internal":11.0,"distribution":"{\"name\": \"IntDistribution\", \"attributes\": {\"log\": false, \"step\": 1, \"low\": 5, \"high\": 20}}"}
{"op_code":6,"worker_id":"819cfb90-0817-4a85-a232-afb6be3b51c2-140475561576256","trial_id":240,"state":1,"values":[0.7940356357746153],"datetime_complete":"2026-03-20T23:18:29.237122"}
{"op_code":4,"worker_id":"819cfb90-0817-4a85-a232-afb6be3b51c2-140475561576256","study_id":0,"datetime_start":"2026-03-20T23:18:29.263041"}
{"op_code":5,"worker_id":"819cfb90-0817-4a85-a232-afb6be3b51c2-140475561576256","trial_id":241,"param_name":"n_estimators","param_value_internal":120.0,"distribution":"{\"name\": \"IntDistribution\", \"attributes\": {\"log\": false, \"step\": 1, \"low\": 50, \"high\": 200}}"}
{"op_code":5,"worker_id":"819cfb90-0817-4a85-a232-afb6be3b51c2-140475561576256","trial_id":241,"param_name":"min_samples_split","param_value_internal":10.0,"distribution":"{\"name\": \"IntDistribution\", \"attributes\": {\"log\": false, \"step\": 1, \"low\": 5, \"high\": 20}}"}
{"op_code":5,"worker_id":"819cfb90-0817-4a85-a232-afb6be3b51c2-140475561576256","trial_id":241,"param_name":"min_samples_leaf","param_value_internal":10.0,"distribution":"{\"name\": \"IntDistribution\", \"attributes\": {\"log\": false, \"step\": 1, \"low\": 5, \"high\": 20}}"}
{"op_code":6,"worker_id":"819cfb90-0817-4a85-a232-afb6be3b51c2-140475561576256","trial_id":241,"state":1,"values":[0.7973215318755061],"datetime_complete":"2026-03-20T23:18:48.000607"}
{"op_code":4,"worker_id":"819cfb90-0817-4a85-a232-afb6be3b51c2-140475561576256","study_id":0,"datetime_start":"2026-03-20T23:18:48.070319"}
{"op_code":5,"worker_id":"819cfb90-0817-4a85-a232-afb6be3b51c2-140475561576256","trial_id":242,"param_name":"n_estimators","param_value_internal":120.0,"distribution":"{\"name\": \"IntDistribution\", \"attributes\": {\"log\": false, \"step\": 1, \"low\": 50, \"high\": 200}}"}
{"op_code":5,"worker_id":"819cfb90-0817-4a85-a232-afb6be3b51c2-140475561576256","trial_id":242,"param_name":"min_samples_split","param_value_internal":10.0,"distribution":"{\"name\": \"IntDistribution\", \"attributes\": {\"log\": false, \"step\": 1, \"low\": 5, \"high\": 20}}"}
{"op_code":5,"worker_id":"819cfb90-0817-4a85-a232-afb6be3b51c2-140475561576256","trial_id":242,"param_name":"min_samples_leaf","param_value_internal":10.0,"distribution":"{\"name\": \"IntDistribution\", \"attributes\": {\"log\": false, \"step\": 1, \"low\": 5, \"high\": 20}}"}
{"op_code":6,"worker_id":"819cfb90-0817-4a85-a232-afb6be3b51c2-140475561576256","trial_id":242,"state":1,"values":[0.7973215318755061],"datetime_complete":"2026-03-20T23:19:06.859232"}
{"op_code":4,"worker_id":"819cfb90-0817-4a85-a232-afb6be3b51c2-140475561576256","study_id":0,"datetime_start":"2026-03-20T23:19:06.889514"}
{"op_code":5,"worker_id":"819cfb90-0817-4a85-a232-afb6be3b51c2-140475561576256","trial_id":243,"param_name":"n_estimators","param_value_internal":119.0,"distribution":"{\"name\": \"IntDistribution\", \"attributes\": {\"log\": false, \"step\": 1, \"low\": 50, \"high\": 200}}"}
{"op_code":5,"worker_id":"819cfb90-0817-4a85-a232-afb6be3b51c2-140475561576256","trial_id":243,"param_name":"min_samples_split","param_value_internal":10.0,"distribution":"{\"name\": \"IntDistribution\", \"attributes\": {\"log\": false, \"step\": 1, \"low\": 5, \"high\": 20}}"}
{"op_code":5,"worker_id":"819cfb90-0817-4a85-a232-afb6be3b51c2-140475561576256","trial_id":243,"param_name":"min_samples_leaf","param_value_internal":10.0,"distribution":"{\"name\": \"IntDistribution\", \"attributes\": {\"log\": false, \"step\": 1, \"low\": 5, \"high\": 20}}"}
{"op_code":6,"worker_id":"819cfb90-0817-4a85-a232-afb6be3b51c2-140475561576256","trial_id":243,"state":1,"values":[0.7970091403447876],"datetime_complete":"2026-03-20T23:19:25.432533"}
{"op_code":4,"worker_id":"819cfb90-0817-4a85-a232-afb6be3b51c2-140475561576256","study_id":0,"datetime_start":"2026-03-20T23:19:25.521819"}
{"op_code":5,"worker_id":"819cfb90-0817-4a85-a232-afb6be3b51c2-140475561576256","trial_id":244,"param_name":"n_estimators","param_value_internal":120.0,"distribution":"{\"name\": \"IntDistribution\", \"attributes\": {\"log\": false, \"step\": 1, \"low\": 50, \"high\": 200}}"}
{"op_code":5,"worker_id":"819cfb90-0817-4a85-a232-afb6be3b51c2-140475561576256","trial_id":244,"param_name":"min_samples_split","param_value_internal":10.0,"distribution":"{\"name\": \"IntDistribution\", \"attributes\": {\"log\": false, \"step\": 1, \"low\": 5, \"high\": 20}}"}
{"op_code":5,"worker_id":"819cfb90-0817-4a85-a232-afb6be3b51c2-140475561576256","trial_id":244,"param_name":"min_samples_leaf","param_value_internal":9.0,"distribution":"{\"name\": \"IntDistribution\", \"attributes\": {\"log\": false, \"step\": 1, \"low\": 5, \"high\": 20}}"}
{"op_code":6,"worker_id":"819cfb90-0817-4a85-a232-afb6be3b51c2-140475561576256","trial_id":244,"state":1,"values":[0.7906687492768715],"datetime_complete":"2026-03-20T23:19:44.785207"}
{"op_code":4,"worker_id":"819cfb90-0817-4a85-a232-afb6be3b51c2-140475561576256","study_id":0,"datetime_start":"2026-03-20T23:19:44.802699"}
{"op_code":5,"worker_id":"819cfb90-0817-4a85-a232-afb6be3b51c2-140475561576256","trial_id":245,"param_name":"n_estimators","param_value_internal":123.0,"distribution":"{\"name\": \"IntDistribution\", \"attributes\": {\"log\": false, \"step\": 1, \"low\": 50, \"high\": 200}}"}
{"op_code":5,"worker_id":"819cfb90-0817-4a85-a232-afb6be3b51c2-140475561576256","trial_id":245,"param_name":"min_samples_split","param_value_internal":10.0,"distribution":"{\"name\": \"IntDistribution\", \"attributes\": {\"log\": false, \"step\": 1, \"low\": 5, \"high\": 20}}"}
{"op_code":5,"worker_id":"819cfb90-0817-4a85-a232-afb6be3b51c2-140475561576256","trial_id":245,"param_name":"min_samples_leaf","param_value_internal":11.0,"distribution":"{\"name\": \"IntDistribution\", \"attributes\": {\"log\": false, \"step\": 1, \"low\": 5, \"high\": 20}}"}
{"op_code":6,"worker_id":"819cfb90-0817-4a85-a232-afb6be3b51c2-140475561576256","trial_id":245,"state":1,"values":[0.7942149716533611],"datetime_complete":"2026-03-20T23:20:03.207467"}
{"op_code":4,"worker_id":"819cfb90-0817-4a85-a232-afb6be3b51c2-140475561576256","study_id":0,"datetime_start":"2026-03-20T23:20:03.221166"}
{"op_code":5,"worker_id":"819cfb90-0817-4a85-a232-afb6be3b51c2-140475561576256","trial_id":246,"param_name":"n_estimators","param_value_internal":120.0,"distribution":"{\"name\": \"IntDistribution\", \"attributes\": {\"log\": false, \"step\": 1, \"low\": 50, \"high\": 200}}"}
{"op_code":5,"worker_id":"819cfb90-0817-4a85-a232-afb6be3b51c2-140475561576256","trial_id":246,"param_name":"min_samples_split","param_value_internal":11.0,"distribution":"{\"name\": \"IntDistribution\", \"attributes\": {\"log\": false, \"step\": 1, \"low\": 5, \"high\": 20}}"}
{"op_code":5,"worker_id":"819cfb90-0817-4a85-a232-afb6be3b51c2-140475561576256","trial_id":246,"param_name":"min_samples_leaf","param_value_internal":10.0,"distribution":"{\"name\": \"IntDistribution\", \"attributes\": {\"log\": false, \"step\": 1, \"low\": 5, \"high\": 20}}"}
{"op_code":6,"worker_id":"819cfb90-0817-4a85-a232-afb6be3b51c2-140475561576256","trial_id":246,"state":1,"values":[0.7973215318755061],"datetime_complete":"2026-03-20T23:20:21.878368"}
{"op_code":4,"worker_id":"819cfb90-0817-4a85-a232-afb6be3b51c2-140475561576256","study_id":0,"datetime_start":"2026-03-20T23:20:21.906618"}
{"op_code":5,"worker_id":"819cfb90-0817-4a85-a232-afb6be3b51c2-140475561576256","trial_id":247,"param_name":"n_estimators","param_value_internal":127.0,"distribution":"{\"name\": \"IntDistribution\", \"attributes\": {\"log\": false, \"step\": 1, \"low\": 50, \"high\": 200}}"}
{"op_code":5,"worker_id":"819cfb90-0817-4a85-a232-afb6be3b51c2-140475561576256","trial_id":247,"param_name":"min_samples_split","param_value_internal":9.0,"distribution":"{\"name\": \"IntDistribution\", \"attributes\": {\"log\": false, \"step\": 1, \"low\": 5, \"high\": 20}}"}
{"op_code":5,"worker_id":"819cfb90-0817-4a85-a232-afb6be3b51c2-140475561576256","trial_id":247,"param_name":"min_samples_leaf","param_value_internal":10.0,"distribution":"{\"name\": \"IntDistribution\", \"attributes\": {\"log\": false, \"step\": 1, \"low\": 5, \"high\": 20}}"}
{"op_code":6,"worker_id":"819cfb90-0817-4a85-a232-afb6be3b51c2-140475561576256","trial_id":247,"state":1,"values":[0.798351266921208],"datetime_complete":"2026-03-20T23:20:41.694855"}
{"op_code":4,"worker_id":"819cfb90-0817-4a85-a232-afb6be3b51c2-140475561576256","study_id":0,"datetime_start":"2026-03-20T23:20:41.715116"}
{"op_code":5,"worker_id":"819cfb90-0817-4a85-a232-afb6be3b51c2-140475561576256","trial_id":248,"param_name":"n_estimators","param_value_internal":126.0,"distribution":"{\"name\": \"IntDistribution\", \"attributes\": {\"log\": false, \"step\": 1, \"low\": 50, \"high\": 200}}"}
{"op_code":5,"worker_id":"819cfb90-0817-4a85-a232-afb6be3b51c2-140475561576256","trial_id":248,"param_name":"min_samples_split","param_value_internal":9.0,"distribution":"{\"name\": \"IntDistribution\", \"attributes\": {\"log\": false, \"step\": 1, \"low\": 5, \"high\": 20}}"}
{"op_code":5,"worker_id":"819cfb90-0817-4a85-a232-afb6be3b51c2-140475561576256","trial_id":248,"param_name":"min_samples_leaf","param_value_internal":10.0,"distribution":"{\"name\": \"IntDistribution\", \"attributes\": {\"log\": false, \"step\": 1, \"low\": 5, \"high\": 20}}"}
{"op_code":6,"worker_id":"819cfb90-0817-4a85-a232-afb6be3b51c2-140475561576256","trial_id":248,"state":1,"values":[0.7981719310424621],"datetime_complete":"2026-03-20T23:21:01.316766"}
{"op_code":4,"worker_id":"819cfb90-0817-4a85-a232-afb6be3b51c2-140475561576256","study_id":0,"datetime_start":"2026-03-20T23:21:01.343422"}
{"op_code":5,"worker_id":"819cfb90-0817-4a85-a232-afb6be3b51c2-140475561576256","trial_id":249,"param_name":"n_estimators","param_value_internal":124.0,"distribution":"{\"name\": \"IntDistribution\", \"attributes\": {\"log\": false, \"step\": 1, \"low\": 50, \"high\": 200}}"}
{"op_code":5,"worker_id":"819cfb90-0817-4a85-a232-afb6be3b51c2-140475561576256","trial_id":249,"param_name":"min_samples_split","param_value_internal":9.0,"distribution":"{\"name\": \"IntDistribution\", \"attributes\": {\"log\": false, \"step\": 1, \"low\": 5, \"high\": 20}}"}
{"op_code":5,"worker_id":"819cfb90-0817-4a85-a232-afb6be3b51c2-140475561576256","trial_id":249,"param_name":"min_samples_leaf","param_value_internal":10.0,"distribution":"{\"name\": \"IntDistribution\", \"attributes\": {\"log\": false, \"step\": 1, \"low\": 5, \"high\": 20}}"}
{"op_code":6,"worker_id":"819cfb90-0817-4a85-a232-afb6be3b51c2-140475561576256","trial_id":249,"state":1,"values":[0.7980967256739558],"datetime_complete":"2026-03-20T23:21:20.643412"}
{"op_code":0,"worker_id":"8fb3b461-f220-468d-b035-4318aa221ece-140193173047104","study_name":"rsf_tuning","directions":[2]}
{"op_code":4,"worker_id":"8fb3b461-f220-468d-b035-4318aa221ece-140193173047104","study_id":0,"datetime_start":"2026-03-21T07:15:53.764265"}
{"op_code":5,"worker_id":"8fb3b461-f220-468d-b035-4318aa221ece-140193173047104","trial_id":250,"param_name":"n_estimators","param_value_internal":125.0,"distribution":"{\"name\": \"IntDistribution\", \"attributes\": {\"log\": false, \"step\": 1, \"low\": 50, \"high\": 200}}"}
{"op_code":5,"worker_id":"8fb3b461-f220-468d-b035-4318aa221ece-140193173047104","trial_id":250,"param_name":"min_samples_split","param_value_internal":9.0,"distribution":"{\"name\": \"IntDistribution\", \"attributes\": {\"log\": false, \"step\": 1, \"low\": 5, \"high\": 20}}"}
{"op_code":5,"worker_id":"8fb3b461-f220-468d-b035-4318aa221ece-140193173047104","trial_id":250,"param_name":"min_samples_leaf","param_value_internal":11.0,"distribution":"{\"name\": \"IntDistribution\", \"attributes\": {\"log\": false, \"step\": 1, \"low\": 5, \"high\": 20}}"}
{"op_code":6,"worker_id":"8fb3b461-f220-468d-b035-4318aa221ece-140193173047104","trial_id":250,"state":1,"values":[0.7943422422769871],"datetime_complete":"2026-03-21T07:16:14.087154"}
{"op_code":4,"worker_id":"8fb3b461-f220-468d-b035-4318aa221ece-140193173047104","study_id":0,"datetime_start":"2026-03-21T07:16:14.119143"}
{"op_code":5,"worker_id":"8fb3b461-f220-468d-b035-4318aa221ece-140193173047104","trial_id":251,"param_name":"n_estimators","param_value_internal":129.0,"distribution":"{\"name\": \"IntDistribution\", \"attributes\": {\"log\": false, \"step\": 1, \"low\": 50, \"high\": 200}}"}
{"op_code":5,"worker_id":"8fb3b461-f220-468d-b035-4318aa221ece-140193173047104","trial_id":251,"param_name":"min_samples_split","param_value_internal":9.0,"distribution":"{\"name\": \"IntDistribution\", \"attributes\": {\"log\": false, \"step\": 1, \"low\": 5, \"high\": 20}}"}
{"op_code":5,"worker_id":"8fb3b461-f220-468d-b035-4318aa221ece-140193173047104","trial_id":251,"param_name":"min_samples_leaf","param_value_internal":10.0,"distribution":"{\"name\": \"IntDistribution\", \"attributes\": {\"log\": false, \"step\": 1, \"low\": 5, \"high\": 20}}"}
{"op_code":6,"worker_id":"8fb3b461-f220-468d-b035-4318aa221ece-140193173047104","trial_id":251,"state":1,"values":[0.7979405299085965],"datetime_complete":"2026-03-21T07:16:35.872395"}
{"op_code":4,"worker_id":"8fb3b461-f220-468d-b035-4318aa221ece-140193173047104","study_id":0,"datetime_start":"2026-03-21T07:16:35.902380"}
{"op_code":5,"worker_id":"8fb3b461-f220-468d-b035-4318aa221ece-140193173047104","trial_id":252,"param_name":"n_estimators","param_value_internal":128.0,"distribution":"{\"name\": \"IntDistribution\", \"attributes\": {\"log\": false, \"step\": 1, \"low\": 50, \"high\": 200}}"}
{"op_code":5,"worker_id":"8fb3b461-f220-468d-b035-4318aa221ece-140193173047104","trial_id":252,"param_name":"min_samples_split","param_value_internal":9.0,"distribution":"{\"name\": \"IntDistribution\", \"attributes\": {\"log\": false, \"step\": 1, \"low\": 5, \"high\": 20}}"}
{"op_code":5,"worker_id":"8fb3b461-f220-468d-b035-4318aa221ece-140193173047104","trial_id":252,"param_name":"min_samples_leaf","param_value_internal":9.0,"distribution":"{\"name\": \"IntDistribution\", \"attributes\": {\"log\": false, \"step\": 1, \"low\": 5, \"high\": 20}}"}
{"op_code":6,"worker_id":"8fb3b461-f220-468d-b035-4318aa221ece-140193173047104","trial_id":252,"state":1,"values":[0.7909695707508967],"datetime_complete":"2026-03-21T07:16:58.135566"}
{"op_code":4,"worker_id":"8fb3b461-f220-468d-b035-4318aa221ece-140193173047104","study_id":0,"datetime_start":"2026-03-21T07:16:58.158124"}
{"op_code":5,"worker_id":"8fb3b461-f220-468d-b035-4318aa221ece-140193173047104","trial_id":253,"param_name":"n_estimators","param_value_internal":129.0,"distribution":"{\"name\": \"IntDistribution\", \"attributes\": {\"log\": false, \"step\": 1, \"low\": 50, \"high\": 200}}"}
{"op_code":5,"worker_id":"8fb3b461-f220-468d-b035-4318aa221ece-140193173047104","trial_id":253,"param_name":"min_samples_split","param_value_internal":12.0,"distribution":"{\"name\": \"IntDistribution\", \"attributes\": {\"log\": false, \"step\": 1, \"low\": 5, \"high\": 20}}"}
{"op_code":5,"worker_id":"8fb3b461-f220-468d-b035-4318aa221ece-140193173047104","trial_id":253,"param_name":"min_samples_leaf","param_value_internal":10.0,"distribution":"{\"name\": \"IntDistribution\", \"attributes\": {\"log\": false, \"step\": 1, \"low\": 5, \"high\": 20}}"}
{"op_code":6,"worker_id":"8fb3b461-f220-468d-b035-4318aa221ece-140193173047104","trial_id":253,"state":1,"values":[0.7979405299085965],"datetime_complete":"2026-03-21T07:17:20.033433"}
{"op_code":4,"worker_id":"8fb3b461-f220-468d-b035-4318aa221ece-140193173047104","study_id":0,"datetime_start":"2026-03-21T07:17:20.063855"}
{"op_code":5,"worker_id":"8fb3b461-f220-468d-b035-4318aa221ece-140193173047104","trial_id":254,"param_name":"n_estimators","param_value_internal":132.0,"distribution":"{\"name\": \"IntDistribution\", \"attributes\": {\"log\": false, \"step\": 1, \"low\": 50, \"high\": 200}}"}
{"op_code":5,"worker_id":"8fb3b461-f220-468d-b035-4318aa221ece-140193173047104","trial_id":254,"param_name":"min_samples_split","param_value_internal":11.0,"distribution":"{\"name\": \"IntDistribution\", \"attributes\": {\"log\": false, \"step\": 1, \"low\": 5, \"high\": 20}}"}
{"op_code":5,"worker_id":"8fb3b461-f220-468d-b035-4318aa221ece-140193173047104","trial_id":254,"param_name":"min_samples_leaf","param_value_internal":10.0,"distribution":"{\"name\": \"IntDistribution\", \"attributes\": {\"log\": false, \"step\": 1, \"low\": 5, \"high\": 20}}"}
{"op_code":6,"worker_id":"8fb3b461-f220-468d-b035-4318aa221ece-140193173047104","trial_id":254,"state":1,"values":[0.7984264722897142],"datetime_complete":"2026-03-21T07:17:42.369473"}
{"op_code":4,"worker_id":"8fb3b461-f220-468d-b035-4318aa221ece-140193173047104","study_id":0,"datetime_start":"2026-03-21T07:17:42.390158"}
{"op_code":5,"worker_id":"8fb3b461-f220-468d-b035-4318aa221ece-140193173047104","trial_id":255,"param_name":"n_estimators","param_value_internal":131.0,"distribution":"{\"name\": \"IntDistribution\", \"attributes\": {\"log\": false, \"step\": 1, \"low\": 50, \"high\": 200}}"}
{"op_code":5,"worker_id":"8fb3b461-f220-468d-b035-4318aa221ece-140193173047104","trial_id":255,"param_name":"min_samples_split","param_value_internal":12.0,"distribution":"{\"name\": \"IntDistribution\", \"attributes\": {\"log\": false, \"step\": 1, \"low\": 5, \"high\": 20}}"}
{"op_code":5,"worker_id":"8fb3b461-f220-468d-b035-4318aa221ece-140193173047104","trial_id":255,"param_name":"min_samples_leaf","param_value_internal":11.0,"distribution":"{\"name\": \"IntDistribution\", \"attributes\": {\"log\": false, \"step\": 1, \"low\": 5, \"high\": 20}}"}
{"op_code":6,"worker_id":"8fb3b461-f220-468d-b035-4318aa221ece-140193173047104","trial_id":255,"state":1,"values":[0.7938910100659493],"datetime_complete":"2026-03-21T07:18:03.677523"}
{"op_code":4,"worker_id":"8fb3b461-f220-468d-b035-4318aa221ece-140193173047104","study_id":0,"datetime_start":"2026-03-21T07:18:03.692616"}
{"op_code":5,"worker_id":"8fb3b461-f220-468d-b035-4318aa221ece-140193173047104","trial_id":256,"param_name":"n_estimators","param_value_internal":137.0,"distribution":"{\"name\": \"IntDistribution\", \"attributes\": {\"log\": false, \"step\": 1, \"low\": 50, \"high\": 200}}"}
{"op_code":5,"worker_id":"8fb3b461-f220-468d-b035-4318aa221ece-140193173047104","trial_id":256,"param_name":"min_samples_split","param_value_internal":8.0,"distribution":"{\"name\": \"IntDistribution\", \"attributes\": {\"log\": false, \"step\": 1, \"low\": 5, \"high\": 20}}"}
{"op_code":5,"worker_id":"8fb3b461-f220-468d-b035-4318aa221ece-140193173047104","trial_id":256,"param_name":"min_samples_leaf","param_value_internal":10.0,"distribution":"{\"name\": \"IntDistribution\", \"attributes\": {\"log\": false, \"step\": 1, \"low\": 5, \"high\": 20}}"}
{"op_code":6,"worker_id":"8fb3b461-f220-468d-b035-4318aa221ece-140193173047104","trial_id":256,"state":1,"values":[0.7982876316093949],"datetime_complete":"2026-03-21T07:18:26.736315"}
{"op_code":4,"worker_id":"8fb3b461-f220-468d-b035-4318aa221ece-140193173047104","study_id":0,"datetime_start":"2026-03-21T07:18:26.763532"}
{"op_code":5,"worker_id":"8fb3b461-f220-468d-b035-4318aa221ece-140193173047104","trial_id":257,"param_name":"n_estimators","param_value_internal":135.0,"distribution":"{\"name\": \"IntDistribution\", \"attributes\": {\"log\": false, \"step\": 1, \"low\": 50, \"high\": 200}}"}
{"op_code":5,"worker_id":"8fb3b461-f220-468d-b035-4318aa221ece-140193173047104","trial_id":257,"param_name":"min_samples_split","param_value_internal":11.0,"distribution":"{\"name\": \"IntDistribution\", \"attributes\": {\"log\": false, \"step\": 1, \"low\": 5, \"high\": 20}}"}
{"op_code":5,"worker_id":"8fb3b461-f220-468d-b035-4318aa221ece-140193173047104","trial_id":257,"param_name":"min_samples_leaf","param_value_internal":10.0,"distribution":"{\"name\": \"IntDistribution\", \"attributes\": {\"log\": false, \"step\": 1, \"low\": 5, \"high\": 20}}"}
{"op_code":6,"worker_id":"8fb3b461-f220-468d-b035-4318aa221ece-140193173047104","trial_id":257,"state":1,"values":[0.7982471364109684],"datetime_complete":"2026-03-21T07:18:49.556745"}
{"op_code":4,"worker_id":"8fb3b461-f220-468d-b035-4318aa221ece-140193173047104","study_id":0,"datetime_start":"2026-03-21T07:18:49.583848"}
{"op_code":5,"worker_id":"8fb3b461-f220-468d-b035-4318aa221ece-140193173047104","trial_id":258,"param_name":"n_estimators","param_value_internal":135.0,"distribution":"{\"name\": \"IntDistribution\", \"attributes\": {\"log\": false, \"step\": 1, \"low\": 50, \"high\": 200}}"}
{"op_code":5,"worker_id":"8fb3b461-f220-468d-b035-4318aa221ece-140193173047104","trial_id":258,"param_name":"min_samples_split","param_value_internal":13.0,"distribution":"{\"name\": \"IntDistribution\", \"attributes\": {\"log\": false, \"step\": 1, \"low\": 5, \"high\": 20}}"}
{"op_code":5,"worker_id":"8fb3b461-f220-468d-b035-4318aa221ece-140193173047104","trial_id":258,"param_name":"min_samples_leaf","param_value_internal":10.0,"distribution":"{\"name\": \"IntDistribution\", \"attributes\": {\"log\": false, \"step\": 1, \"low\": 5, \"high\": 20}}"}
{"op_code":6,"worker_id":"8fb3b461-f220-468d-b035-4318aa221ece-140193173047104","trial_id":258,"state":1,"values":[0.7982471364109684],"datetime_complete":"2026-03-21T07:19:12.292983"}
{"op_code":4,"worker_id":"8fb3b461-f220-468d-b035-4318aa221ece-140193173047104","study_id":0,"datetime_start":"2026-03-21T07:19:12.312584"}
{"op_code":5,"worker_id":"8fb3b461-f220-468d-b035-4318aa221ece-140193173047104","trial_id":259,"param_name":"n_estimators","param_value_internal":137.0,"distribution":"{\"name\": \"IntDistribution\", \"attributes\": {\"log\": false, \"step\": 1, \"low\": 50, \"high\": 200}}"}
{"op_code":5,"worker_id":"8fb3b461-f220-468d-b035-4318aa221ece-140193173047104","trial_id":259,"param_name":"min_samples_split","param_value_internal":13.0,"distribution":"{\"name\": \"IntDistribution\", \"attributes\": {\"log\": false, \"step\": 1, \"low\": 5, \"high\": 20}}"}
{"op_code":5,"worker_id":"8fb3b461-f220-468d-b035-4318aa221ece-140193173047104","trial_id":259,"param_name":"min_samples_leaf","param_value_internal":9.0,"distribution":"{\"name\": \"IntDistribution\", \"attributes\": {\"log\": false, \"step\": 1, \"low\": 5, \"high\": 20}}"}
{"op_code":6,"worker_id":"8fb3b461-f220-468d-b035-4318aa221ece-140193173047104","trial_id":259,"state":1,"values":[0.7913051023950017],"datetime_complete":"2026-03-21T07:19:36.016410"}
{"op_code":0,"worker_id":"2ba42135-327f-40af-8c89-68ad83d43bb1-140193173047104","study_name":"rsf_tuning","directions":[2]}
{"op_code":4,"worker_id":"2ba42135-327f-40af-8c89-68ad83d43bb1-140193173047104","study_id":0,"datetime_start":"2026-03-21T07:29:58.914598"}
{"op_code":5,"worker_id":"2ba42135-327f-40af-8c89-68ad83d43bb1-140193173047104","trial_id":260,"param_name":"n_estimators","param_value_internal":134.0,"distribution":"{\"name\": \"IntDistribution\", \"attributes\": {\"log\": false, \"step\": 1, \"low\": 50, \"high\": 200}}"}
{"op_code":5,"worker_id":"2ba42135-327f-40af-8c89-68ad83d43bb1-140193173047104","trial_id":260,"param_name":"min_samples_split","param_value_internal":12.0,"distribution":"{\"name\": \"IntDistribution\", \"attributes\": {\"log\": false, \"step\": 1, \"low\": 5, \"high\": 20}}"}
{"op_code":5,"worker_id":"2ba42135-327f-40af-8c89-68ad83d43bb1-140193173047104","trial_id":260,"param_name":"min_samples_leaf","param_value_internal":10.0,"distribution":"{\"name\": \"IntDistribution\", \"attributes\": {\"log\": false, \"step\": 1, \"low\": 5, \"high\": 20}}"}
{"op_code":6,"worker_id":"2ba42135-327f-40af-8c89-68ad83d43bb1-140193173047104","trial_id":260,"state":1,"values":[0.7888934329441446],"datetime_complete":"2026-03-21T07:30:22.113644"}
{"op_code":4,"worker_id":"2ba42135-327f-40af-8c89-68ad83d43bb1-140193173047104","study_id":0,"datetime_start":"2026-03-21T07:30:22.131643"}
{"op_code":5,"worker_id":"2ba42135-327f-40af-8c89-68ad83d43bb1-140193173047104","trial_id":261,"param_name":"n_estimators","param_value_internal":141.0,"distribution":"{\"name\": \"IntDistribution\", \"attributes\": {\"log\": false, \"step\": 1, \"low\": 50, \"high\": 200}}"}
{"op_code":5,"worker_id":"2ba42135-327f-40af-8c89-68ad83d43bb1-140193173047104","trial_id":261,"param_name":"min_samples_split","param_value_internal":11.0,"distribution":"{\"name\": \"IntDistribution\", \"attributes\": {\"log\": false, \"step\": 1, \"low\": 5, \"high\": 20}}"}
{"op_code":5,"worker_id":"2ba42135-327f-40af-8c89-68ad83d43bb1-140193173047104","trial_id":261,"param_name":"min_samples_leaf","param_value_internal":10.0,"distribution":"{\"name\": \"IntDistribution\", \"attributes\": {\"log\": false, \"step\": 1, \"low\": 5, \"high\": 20}}"}
{"op_code":6,"worker_id":"2ba42135-327f-40af-8c89-68ad83d43bb1-140193173047104","trial_id":261,"state":1,"values":[0.7888415923137625],"datetime_complete":"2026-03-21T07:30:46.461938"}
{"op_code":4,"worker_id":"2ba42135-327f-40af-8c89-68ad83d43bb1-140193173047104","study_id":0,"datetime_start":"2026-03-21T07:30:46.488763"}
{"op_code":5,"worker_id":"2ba42135-327f-40af-8c89-68ad83d43bb1-140193173047104","trial_id":262,"param_name":"n_estimators","param_value_internal":146.0,"distribution":"{\"name\": \"IntDistribution\", \"attributes\": {\"log\": false, \"step\": 1, \"low\": 50, \"high\": 200}}"}
{"op_code":5,"worker_id":"2ba42135-327f-40af-8c89-68ad83d43bb1-140193173047104","trial_id":262,"param_name":"min_samples_split","param_value_internal":13.0,"distribution":"{\"name\": \"IntDistribution\", \"attributes\": {\"log\": false, \"step\": 1, \"low\": 5, \"high\": 20}}"}
{"op_code":5,"worker_id":"2ba42135-327f-40af-8c89-68ad83d43bb1-140193173047104","trial_id":262,"param_name":"min_samples_leaf","param_value_internal":10.0,"distribution":"{\"name\": \"IntDistribution\", \"attributes\": {\"log\": false, \"step\": 1, \"low\": 5, \"high\": 20}}"}
{"op_code":6,"worker_id":"2ba42135-327f-40af-8c89-68ad83d43bb1-140193173047104","trial_id":262,"state":1,"values":[0.7888243121036351],"datetime_complete":"2026-03-21T07:31:11.712762"}
{"op_code":4,"worker_id":"2ba42135-327f-40af-8c89-68ad83d43bb1-140193173047104","study_id":0,"datetime_start":"2026-03-21T07:31:11.732767"}
{"op_code":5,"worker_id":"2ba42135-327f-40af-8c89-68ad83d43bb1-140193173047104","trial_id":263,"param_name":"n_estimators","param_value_internal":133.0,"distribution":"{\"name\": \"IntDistribution\", \"attributes\": {\"log\": false, \"step\": 1, \"low\": 50, \"high\": 200}}"}
{"op_code":5,"worker_id":"2ba42135-327f-40af-8c89-68ad83d43bb1-140193173047104","trial_id":263,"param_name":"min_samples_split","param_value_internal":12.0,"distribution":"{\"name\": \"IntDistribution\", \"attributes\": {\"log\": false, \"step\": 1, \"low\": 5, \"high\": 20}}"}
{"op_code":5,"worker_id":"2ba42135-327f-40af-8c89-68ad83d43bb1-140193173047104","trial_id":263,"param_name":"min_samples_leaf","param_value_internal":11.0,"distribution":"{\"name\": \"IntDistribution\", \"attributes\": {\"log\": false, \"step\": 1, \"low\": 5, \"high\": 20}}"}
{"op_code":6,"worker_id":"2ba42135-327f-40af-8c89-68ad83d43bb1-140193173047104","trial_id":263,"state":1,"values":[0.7870386903904751],"datetime_complete":"2026-03-21T07:31:33.834941"}
{"op_code":4,"worker_id":"2ba42135-327f-40af-8c89-68ad83d43bb1-140193173047104","study_id":0,"datetime_start":"2026-03-21T07:31:33.855924"}
{"op_code":5,"worker_id":"2ba42135-327f-40af-8c89-68ad83d43bb1-140193173047104","trial_id":264,"param_name":"n_estimators","param_value_internal":130.0,"distribution":"{\"name\": \"IntDistribution\", \"attributes\": {\"log\": false, \"step\": 1, \"low\": 50, \"high\": 200}}"}
{"op_code":5,"worker_id":"2ba42135-327f-40af-8c89-68ad83d43bb1-140193173047104","trial_id":264,"param_name":"min_samples_split","param_value_internal":8.0,"distribution":"{\"name\": \"IntDistribution\", \"attributes\": {\"log\": false, \"step\": 1, \"low\": 5, \"high\": 20}}"}
{"op_code":5,"worker_id":"2ba42135-327f-40af-8c89-68ad83d43bb1-140193173047104","trial_id":264,"param_name":"min_samples_leaf","param_value_internal":9.0,"distribution":"{\"name\": \"IntDistribution\", \"attributes\": {\"log\": false, \"step\": 1, \"low\": 5, \"high\": 20}}"}
{"op_code":6,"worker_id":"2ba42135-327f-40af-8c89-68ad83d43bb1-140193173047104","trial_id":264,"state":1,"values":[0.7874994959938713],"datetime_complete":"2026-03-21T07:31:56.722841"}
{"op_code":4,"worker_id":"2ba42135-327f-40af-8c89-68ad83d43bb1-140193173047104","study_id":0,"datetime_start":"2026-03-21T07:31:56.737617"}
{"op_code":5,"worker_id":"2ba42135-327f-40af-8c89-68ad83d43bb1-140193173047104","trial_id":265,"param_name":"n_estimators","param_value_internal":128.0,"distribution":"{\"name\": \"IntDistribution\", \"attributes\": {\"log\": false, \"step\": 1, \"low\": 50, \"high\": 200}}"}
{"op_code":5,"worker_id":"2ba42135-327f-40af-8c89-68ad83d43bb1-140193173047104","trial_id":265,"param_name":"min_samples_split","param_value_internal":8.0,"distribution":"{\"name\": \"IntDistribution\", \"attributes\": {\"log\": false, \"step\": 1, \"low\": 5, \"high\": 20}}"}
{"op_code":5,"worker_id":"2ba42135-327f-40af-8c89-68ad83d43bb1-140193173047104","trial_id":265,"param_name":"min_samples_leaf","param_value_internal":10.0,"distribution":"{\"name\": \"IntDistribution\", \"attributes\": {\"log\": false, \"step\": 1, \"low\": 5, \"high\": 20}}"}
{"op_code":6,"worker_id":"2ba42135-327f-40af-8c89-68ad83d43bb1-140193173047104","trial_id":265,"state":1,"values":[0.7886457499323192],"datetime_complete":"2026-03-21T07:32:19.028731"}
{"op_code":4,"worker_id":"2ba42135-327f-40af-8c89-68ad83d43bb1-140193173047104","study_id":0,"datetime_start":"2026-03-21T07:32:19.049629"}
{"op_code":5,"worker_id":"2ba42135-327f-40af-8c89-68ad83d43bb1-140193173047104","trial_id":266,"param_name":"n_estimators","param_value_internal":139.0,"distribution":"{\"name\": \"IntDistribution\", \"attributes\": {\"log\": false, \"step\": 1, \"low\": 50, \"high\": 200}}"}
{"op_code":5,"worker_id":"2ba42135-327f-40af-8c89-68ad83d43bb1-140193173047104","trial_id":266,"param_name":"min_samples_split","param_value_internal":11.0,"distribution":"{\"name\": \"IntDistribution\", \"attributes\": {\"log\": false, \"step\": 1, \"low\": 5, \"high\": 20}}"}
{"op_code":5,"worker_id":"2ba42135-327f-40af-8c89-68ad83d43bb1-140193173047104","trial_id":266,"param_name":"min_samples_leaf","param_value_internal":10.0,"distribution":"{\"name\": \"IntDistribution\", \"attributes\": {\"log\": false, \"step\": 1, \"low\": 5, \"high\": 20}}"}
{"op_code":6,"worker_id":"2ba42135-327f-40af-8c89-68ad83d43bb1-140193173047104","trial_id":266,"state":1,"values":[0.7886399898622767],"datetime_complete":"2026-03-21T07:32:43.043798"}
{"op_code":4,"worker_id":"2ba42135-327f-40af-8c89-68ad83d43bb1-140193173047104","study_id":0,"datetime_start":"2026-03-21T07:32:43.065343"}
{"op_code":5,"worker_id":"2ba42135-327f-40af-8c89-68ad83d43bb1-140193173047104","trial_id":267,"param_name":"n_estimators","param_value_internal":135.0,"distribution":"{\"name\": \"IntDistribution\", \"attributes\": {\"log\": false, \"step\": 1, \"low\": 50, \"high\": 200}}"}
{"op_code":5,"worker_id":"2ba42135-327f-40af-8c89-68ad83d43bb1-140193173047104","trial_id":267,"param_name":"min_samples_split","param_value_internal":8.0,"distribution":"{\"name\": \"IntDistribution\", \"attributes\": {\"log\": false, \"step\": 1, \"low\": 5, \"high\": 20}}"}
{"op_code":5,"worker_id":"2ba42135-327f-40af-8c89-68ad83d43bb1-140193173047104","trial_id":267,"param_name":"min_samples_leaf","param_value_internal":10.0,"distribution":"{\"name\": \"IntDistribution\", \"attributes\": {\"log\": false, \"step\": 1, \"low\": 5, \"high\": 20}}"}
{"op_code":6,"worker_id":"2ba42135-327f-40af-8c89-68ad83d43bb1-140193173047104","trial_id":267,"state":1,"values":[0.7889279933643993],"datetime_complete":"2026-03-21T07:33:06.420387"}
{"op_code":4,"worker_id":"2ba42135-327f-40af-8c89-68ad83d43bb1-140193173047104","study_id":0,"datetime_start":"2026-03-21T07:33:06.443684"}
{"op_code":5,"worker_id":"2ba42135-327f-40af-8c89-68ad83d43bb1-140193173047104","trial_id":268,"param_name":"n_estimators","param_value_internal":127.0,"distribution":"{\"name\": \"IntDistribution\", \"attributes\": {\"log\": false, \"step\": 1, \"low\": 50, \"high\": 200}}"}
{"op_code":5,"worker_id":"2ba42135-327f-40af-8c89-68ad83d43bb1-140193173047104","trial_id":268,"param_name":"min_samples_split","param_value_internal":14.0,"distribution":"{\"name\": \"IntDistribution\", \"attributes\": {\"log\": false, \"step\": 1, \"low\": 5, \"high\": 20}}"}
{"op_code":5,"worker_id":"2ba42135-327f-40af-8c89-68ad83d43bb1-140193173047104","trial_id":268,"param_name":"min_samples_leaf","param_value_internal":9.0,"distribution":"{\"name\": \"IntDistribution\", \"attributes\": {\"log\": false, \"step\": 1, \"low\": 5, \"high\": 20}}"}
{"op_code":6,"worker_id":"2ba42135-327f-40af-8c89-68ad83d43bb1-140193173047104","trial_id":268,"state":1,"values":[0.7867161264680979],"datetime_complete":"2026-03-21T07:33:29.061339"}
{"op_code":4,"worker_id":"2ba42135-327f-40af-8c89-68ad83d43bb1-140193173047104","study_id":0,"datetime_start":"2026-03-21T07:33:29.097240"}
{"op_code":5,"worker_id":"2ba42135-327f-40af-8c89-68ad83d43bb1-140193173047104","trial_id":269,"param_name":"n_estimators","param_value_internal":133.0,"distribution":"{\"name\": \"IntDistribution\", \"attributes\": {\"log\": false, \"step\": 1, \"low\": 50, \"high\": 200}}"}
{"op_code":5,"worker_id":"2ba42135-327f-40af-8c89-68ad83d43bb1-140193173047104","trial_id":269,"param_name":"min_samples_split","param_value_internal":8.0,"distribution":"{\"name\": \"IntDistribution\", \"attributes\": {\"log\": false, \"step\": 1, \"low\": 5, \"high\": 20}}"}
{"op_code":5,"worker_id":"2ba42135-327f-40af-8c89-68ad83d43bb1-140193173047104","trial_id":269,"param_name":"min_samples_leaf","param_value_internal":10.0,"distribution":"{\"name\": \"IntDistribution\", \"attributes\": {\"log\": false, \"step\": 1, \"low\": 5, \"high\": 20}}"}
{"op_code":6,"worker_id":"2ba42135-327f-40af-8c89-68ad83d43bb1-140193173047104","trial_id":269,"state":1,"values":[0.7889222332943568],"datetime_complete":"2026-03-21T07:33:51.595725"}
{"op_code":0,"worker_id":"f2f32aed-313a-4aca-b5a7-c71b09b26911-140193173047104","study_name":"rsf_tuning","directions":[2]}
{"op_code":4,"worker_id":"f2f32aed-313a-4aca-b5a7-c71b09b26911-140193173047104","study_id":0,"datetime_start":"2026-03-21T07:44:36.697284"}
{"op_code":5,"worker_id":"f2f32aed-313a-4aca-b5a7-c71b09b26911-140193173047104","trial_id":270,"param_name":"n_estimators","param_value_internal":130.0,"distribution":"{\"name\": \"IntDistribution\", \"attributes\": {\"log\": false, \"step\": 1, \"low\": 50, \"high\": 200}}"}
{"op_code":5,"worker_id":"f2f32aed-313a-4aca-b5a7-c71b09b26911-140193173047104","trial_id":270,"param_name":"min_samples_split","param_value_internal":13.0,"distribution":"{\"name\": \"IntDistribution\", \"attributes\": {\"log\": false, \"step\": 1, \"low\": 5, \"high\": 20}}"}
{"op_code":5,"worker_id":"f2f32aed-313a-4aca-b5a7-c71b09b26911-140193173047104","trial_id":270,"param_name":"min_samples_leaf","param_value_internal":11.0,"distribution":"{\"name\": \"IntDistribution\", \"attributes\": {\"log\": false, \"step\": 1, \"low\": 5, \"high\": 20}}"}
{"op_code":6,"worker_id":"f2f32aed-313a-4aca-b5a7-c71b09b26911-140193173047104","trial_id":270,"state":1,"values":[0.7842994396464916],"datetime_complete":"2026-03-21T07:44:58.597808"}
{"op_code":4,"worker_id":"f2f32aed-313a-4aca-b5a7-c71b09b26911-140193173047104","study_id":0,"datetime_start":"2026-03-21T07:44:58.621976"}
{"op_code":5,"worker_id":"f2f32aed-313a-4aca-b5a7-c71b09b26911-140193173047104","trial_id":271,"param_name":"n_estimators","param_value_internal":127.0,"distribution":"{\"name\": \"IntDistribution\", \"attributes\": {\"log\": false, \"step\": 1, \"low\": 50, \"high\": 200}}"}
{"op_code":5,"worker_id":"f2f32aed-313a-4aca-b5a7-c71b09b26911-140193173047104","trial_id":271,"param_name":"min_samples_split","param_value_internal":8.0,"distribution":"{\"name\": \"IntDistribution\", \"attributes\": {\"log\": false, \"step\": 1, \"low\": 5, \"high\": 20}}"}
{"op_code":5,"worker_id":"f2f32aed-313a-4aca-b5a7-c71b09b26911-140193173047104","trial_id":271,"param_name":"min_samples_leaf","param_value_internal":10.0,"distribution":"{\"name\": \"IntDistribution\", \"attributes\": {\"log\": false, \"step\": 1, \"low\": 5, \"high\": 20}}"}
{"op_code":6,"worker_id":"f2f32aed-313a-4aca-b5a7-c71b09b26911-140193173047104","trial_id":271,"state":1,"values":[0.785045787871249],"datetime_complete":"2026-03-21T07:45:20.761373"}
{"op_code":4,"worker_id":"f2f32aed-313a-4aca-b5a7-c71b09b26911-140193173047104","study_id":0,"datetime_start":"2026-03-21T07:45:20.780962"}
{"op_code":5,"worker_id":"f2f32aed-313a-4aca-b5a7-c71b09b26911-140193173047104","trial_id":272,"param_name":"n_estimators","param_value_internal":138.0,"distribution":"{\"name\": \"IntDistribution\", \"attributes\": {\"log\": false, \"step\": 1, \"low\": 50, \"high\": 200}}"}
{"op_code":5,"worker_id":"f2f32aed-313a-4aca-b5a7-c71b09b26911-140193173047104","trial_id":272,"param_name":"min_samples_split","param_value_internal":8.0,"distribution":"{\"name\": \"IntDistribution\", \"attributes\": {\"log\": false, \"step\": 1, \"low\": 5, \"high\": 20}}"}
{"op_code":5,"worker_id":"f2f32aed-313a-4aca-b5a7-c71b09b26911-140193173047104","trial_id":272,"param_name":"min_samples_leaf","param_value_internal":9.0,"distribution":"{\"name\": \"IntDistribution\", \"attributes\": {\"log\": false, \"step\": 1, \"low\": 5, \"high\": 20}}"}
{"op_code":6,"worker_id":"f2f32aed-313a-4aca-b5a7-c71b09b26911-140193173047104","trial_id":272,"state":1,"values":[0.7853597279975358],"datetime_complete":"2026-03-21T07:45:46.429496"}
{"op_code":4,"worker_id":"f2f32aed-313a-4aca-b5a7-c71b09b26911-140193173047104","study_id":0,"datetime_start":"2026-03-21T07:45:46.455814"}
{"op_code":5,"worker_id":"f2f32aed-313a-4aca-b5a7-c71b09b26911-140193173047104","trial_id":273,"param_name":"n_estimators","param_value_internal":125.0,"distribution":"{\"name\": \"IntDistribution\", \"attributes\": {\"log\": false, \"step\": 1, \"low\": 50, \"high\": 200}}"}
{"op_code":5,"worker_id":"f2f32aed-313a-4aca-b5a7-c71b09b26911-140193173047104","trial_id":273,"param_name":"min_samples_split","param_value_internal":8.0,"distribution":"{\"name\": \"IntDistribution\", \"attributes\": {\"log\": false, \"step\": 1, \"low\": 5, \"high\": 20}}"}
{"op_code":5,"worker_id":"f2f32aed-313a-4aca-b5a7-c71b09b26911-140193173047104","trial_id":273,"param_name":"min_samples_leaf","param_value_internal":10.0,"distribution":"{\"name\": \"IntDistribution\", \"attributes\": {\"log\": false, \"step\": 1, \"low\": 5, \"high\": 20}}"}
{"op_code":6,"worker_id":"f2f32aed-313a-4aca-b5a7-c71b09b26911-140193173047104","trial_id":273,"state":1,"values":[0.7848621625143642],"datetime_complete":"2026-03-21T07:46:07.795816"}
{"op_code":4,"worker_id":"f2f32aed-313a-4aca-b5a7-c71b09b26911-140193173047104","study_id":0,"datetime_start":"2026-03-21T07:46:07.822036"}
{"op_code":5,"worker_id":"f2f32aed-313a-4aca-b5a7-c71b09b26911-140193173047104","trial_id":274,"param_name":"n_estimators","param_value_internal":131.0,"distribution":"{\"name\": \"IntDistribution\", \"attributes\": {\"log\": false, \"step\": 1, \"low\": 50, \"high\": 200}}"}
{"op_code":5,"worker_id":"f2f32aed-313a-4aca-b5a7-c71b09b26911-140193173047104","trial_id":274,"param_name":"min_samples_split","param_value_internal":11.0,"distribution":"{\"name\": \"IntDistribution\", \"attributes\": {\"log\": false, \"step\": 1, \"low\": 5, \"high\": 20}}"}
{"op_code":5,"worker_id":"f2f32aed-313a-4aca-b5a7-c71b09b26911-140193173047104","trial_id":274,"param_name":"min_samples_leaf","param_value_internal":12.0,"distribution":"{\"name\": \"IntDistribution\", \"attributes\": {\"log\": false, \"step\": 1, \"low\": 5, \"high\": 20}}"}
{"op_code":6,"worker_id":"f2f32aed-313a-4aca-b5a7-c71b09b26911-140193173047104","trial_id":274,"state":1,"values":[0.7881318785466349],"datetime_complete":"2026-03-21T07:46:28.598623"}
{"op_code":4,"worker_id":"f2f32aed-313a-4aca-b5a7-c71b09b26911-140193173047104","study_id":0,"datetime_start":"2026-03-21T07:46:28.618155"}
{"op_code":5,"worker_id":"f2f32aed-313a-4aca-b5a7-c71b09b26911-140193173047104","trial_id":275,"param_name":"n_estimators","param_value_internal":133.0,"distribution":"{\"name\": \"IntDistribution\", \"attributes\": {\"log\": false, \"step\": 1, \"low\": 50, \"high\": 200}}"}
{"op_code":5,"worker_id":"f2f32aed-313a-4aca-b5a7-c71b09b26911-140193173047104","trial_id":275,"param_name":"min_samples_split","param_value_internal":8.0,"distribution":"{\"name\": \"IntDistribution\", \"attributes\": {\"log\": false, \"step\": 1, \"low\": 5, \"high\": 20}}"}
{"op_code":5,"worker_id":"f2f32aed-313a-4aca-b5a7-c71b09b26911-140193173047104","trial_id":275,"param_name":"min_samples_leaf","param_value_internal":10.0,"distribution":"{\"name\": \"IntDistribution\", \"attributes\": {\"log\": false, \"step\": 1, \"low\": 5, \"high\": 20}}"}
{"op_code":6,"worker_id":"f2f32aed-313a-4aca-b5a7-c71b09b26911-140193173047104","trial_id":275,"state":1,"values":[0.7853834215919726],"datetime_complete":"2026-03-21T07:46:51.863948"}
{"op_code":4,"worker_id":"f2f32aed-313a-4aca-b5a7-c71b09b26911-140193173047104","study_id":0,"datetime_start":"2026-03-21T07:46:51.915994"}
{"op_code":5,"worker_id":"f2f32aed-313a-4aca-b5a7-c71b09b26911-140193173047104","trial_id":276,"param_name":"n_estimators","param_value_internal":144.0,"distribution":"{\"name\": \"IntDistribution\", \"attributes\": {\"log\": false, \"step\": 1, \"low\": 50, \"high\": 200}}"}
{"op_code":5,"worker_id":"f2f32aed-313a-4aca-b5a7-c71b09b26911-140193173047104","trial_id":276,"param_name":"min_samples_split","param_value_internal":12.0,"distribution":"{\"name\": \"IntDistribution\", \"attributes\": {\"log\": false, \"step\": 1, \"low\": 5, \"high\": 20}}"}
{"op_code":5,"worker_id":"f2f32aed-313a-4aca-b5a7-c71b09b26911-140193173047104","trial_id":276,"param_name":"min_samples_leaf","param_value_internal":11.0,"distribution":"{\"name\": \"IntDistribution\", \"attributes\": {\"log\": false, \"step\": 1, \"low\": 5, \"high\": 20}}"}
{"op_code":6,"worker_id":"f2f32aed-313a-4aca-b5a7-c71b09b26911-140193173047104","trial_id":276,"state":1,"values":[0.7849687836893295],"datetime_complete":"2026-03-21T07:47:15.277786"}
{"op_code":4,"worker_id":"f2f32aed-313a-4aca-b5a7-c71b09b26911-140193173047104","study_id":0,"datetime_start":"2026-03-21T07:47:15.295475"}
{"op_code":5,"worker_id":"f2f32aed-313a-4aca-b5a7-c71b09b26911-140193173047104","trial_id":277,"param_name":"n_estimators","param_value_internal":129.0,"distribution":"{\"name\": \"IntDistribution\", \"attributes\": {\"log\": false, \"step\": 1, \"low\": 50, \"high\": 200}}"}
{"op_code":5,"worker_id":"f2f32aed-313a-4aca-b5a7-c71b09b26911-140193173047104","trial_id":277,"param_name":"min_samples_split","param_value_internal":9.0,"distribution":"{\"name\": \"IntDistribution\", \"attributes\": {\"log\": false, \"step\": 1, \"low\": 5, \"high\": 20}}"}
{"op_code":5,"worker_id":"f2f32aed-313a-4aca-b5a7-c71b09b26911-140193173047104","trial_id":277,"param_name":"min_samples_leaf","param_value_internal":17.0,"distribution":"{\"name\": \"IntDistribution\", \"attributes\": {\"log\": false, \"step\": 1, \"low\": 5, \"high\": 20}}"}
{"op_code":6,"worker_id":"f2f32aed-313a-4aca-b5a7-c71b09b26911-140193173047104","trial_id":277,"state":1,"values":[0.787018279608108],"datetime_complete":"2026-03-21T07:47:32.821166"}
{"op_code":4,"worker_id":"f2f32aed-313a-4aca-b5a7-c71b09b26911-140193173047104","study_id":0,"datetime_start":"2026-03-21T07:47:32.835908"}
{"op_code":5,"worker_id":"f2f32aed-313a-4aca-b5a7-c71b09b26911-140193173047104","trial_id":278,"param_name":"n_estimators","param_value_internal":136.0,"distribution":"{\"name\": \"IntDistribution\", \"attributes\": {\"log\": false, \"step\": 1, \"low\": 50, \"high\": 200}}"}
{"op_code":5,"worker_id":"f2f32aed-313a-4aca-b5a7-c71b09b26911-140193173047104","trial_id":278,"param_name":"min_samples_split","param_value_internal":8.0,"distribution":"{\"name\": \"IntDistribution\", \"attributes\": {\"log\": false, \"step\": 1, \"low\": 5, \"high\": 20}}"}
{"op_code":5,"worker_id":"f2f32aed-313a-4aca-b5a7-c71b09b26911-140193173047104","trial_id":278,"param_name":"min_samples_leaf","param_value_internal":9.0,"distribution":"{\"name\": \"IntDistribution\", \"attributes\": {\"log\": false, \"step\": 1, \"low\": 5, \"high\": 20}}"}
{"op_code":6,"worker_id":"f2f32aed-313a-4aca-b5a7-c71b09b26911-140193173047104","trial_id":278,"state":1,"values":[0.7849391666962836],"datetime_complete":"2026-03-21T07:47:56.718043"}
{"op_code":4,"worker_id":"f2f32aed-313a-4aca-b5a7-c71b09b26911-140193173047104","study_id":0,"datetime_start":"2026-03-21T07:47:56.738000"}
{"op_code":5,"worker_id":"f2f32aed-313a-4aca-b5a7-c71b09b26911-140193173047104","trial_id":279,"param_name":"n_estimators","param_value_internal":124.0,"distribution":"{\"name\": \"IntDistribution\", \"attributes\": {\"log\": false, \"step\": 1, \"low\": 50, \"high\": 200}}"}
{"op_code":5,"worker_id":"f2f32aed-313a-4aca-b5a7-c71b09b26911-140193173047104","trial_id":279,"param_name":"min_samples_split","param_value_internal":12.0,"distribution":"{\"name\": \"IntDistribution\", \"attributes\": {\"log\": false, \"step\": 1, \"low\": 5, \"high\": 20}}"}
{"op_code":5,"worker_id":"f2f32aed-313a-4aca-b5a7-c71b09b26911-140193173047104","trial_id":279,"param_name":"min_samples_leaf","param_value_internal":10.0,"distribution":"{\"name\": \"IntDistribution\", \"attributes\": {\"log\": false, \"step\": 1, \"low\": 5, \"high\": 20}}"}
{"op_code":6,"worker_id":"f2f32aed-313a-4aca-b5a7-c71b09b26911-140193173047104","trial_id":279,"state":1,"values":[0.7849036263046285],"datetime_complete":"2026-03-21T07:48:17.917832"}
{"op_code":0,"worker_id":"6505f655-3001-4fca-ad1d-a1395625c70f-140193173047104","study_name":"rsf_tuning","directions":[2]}
{"op_code":4,"worker_id":"6505f655-3001-4fca-ad1d-a1395625c70f-140193173047104","study_id":0,"datetime_start":"2026-03-21T07:59:16.045435"}
{"op_code":5,"worker_id":"6505f655-3001-4fca-ad1d-a1395625c70f-140193173047104","trial_id":280,"param_name":"n_estimators","param_value_internal":126.0,"distribution":"{\"name\": \"IntDistribution\", \"attributes\": {\"log\": false, \"step\": 1, \"low\": 50, \"high\": 200}}"}
{"op_code":5,"worker_id":"6505f655-3001-4fca-ad1d-a1395625c70f-140193173047104","trial_id":280,"param_name":"min_samples_split","param_value_internal":8.0,"distribution":"{\"name\": \"IntDistribution\", \"attributes\": {\"log\": false, \"step\": 1, \"low\": 5, \"high\": 20}}"}
{"op_code":5,"worker_id":"6505f655-3001-4fca-ad1d-a1395625c70f-140193173047104","trial_id":280,"param_name":"min_samples_leaf","param_value_internal":19.0,"distribution":"{\"name\": \"IntDistribution\", \"attributes\": {\"log\": false, \"step\": 1, \"low\": 5, \"high\": 20}}"}
{"op_code":6,"worker_id":"6505f655-3001-4fca-ad1d-a1395625c70f-140193173047104","trial_id":280,"state":1,"values":[0.7802984490096815],"datetime_complete":"2026-03-21T07:59:32.160421"}
{"op_code":4,"worker_id":"6505f655-3001-4fca-ad1d-a1395625c70f-140193173047104","study_id":0,"datetime_start":"2026-03-21T07:59:36.310981"}
{"op_code":5,"worker_id":"6505f655-3001-4fca-ad1d-a1395625c70f-140193173047104","trial_id":281,"param_name":"n_estimators","param_value_internal":131.0,"distribution":"{\"name\": \"IntDistribution\", \"attributes\": {\"log\": false, \"step\": 1, \"low\": 50, \"high\": 200}}"}
{"op_code":5,"worker_id":"6505f655-3001-4fca-ad1d-a1395625c70f-140193173047104","trial_id":281,"param_name":"min_samples_split","param_value_internal":15.0,"distribution":"{\"name\": \"IntDistribution\", \"attributes\": {\"log\": false, \"step\": 1, \"low\": 5, \"high\": 20}}"}
{"op_code":5,"worker_id":"6505f655-3001-4fca-ad1d-a1395625c70f-140193173047104","trial_id":281,"param_name":"min_samples_leaf","param_value_internal":17.0,"distribution":"{\"name\": \"IntDistribution\", \"attributes\": {\"log\": false, \"step\": 1, \"low\": 5, \"high\": 20}}"}
{"op_code":6,"worker_id":"6505f655-3001-4fca-ad1d-a1395625c70f-140193173047104","trial_id":281,"state":1,"values":[0.7830283762692146],"datetime_complete":"2026-03-21T07:59:53.982419"}
{"op_code":4,"worker_id":"6505f655-3001-4fca-ad1d-a1395625c70f-140193173047104","study_id":0,"datetime_start":"2026-03-21T07:59:53.996196"}
{"op_code":5,"worker_id":"6505f655-3001-4fca-ad1d-a1395625c70f-140193173047104","trial_id":282,"param_name":"n_estimators","param_value_internal":134.0,"distribution":"{\"name\": \"IntDistribution\", \"attributes\": {\"log\": false, \"step\": 1, \"low\": 50, \"high\": 200}}"}
{"op_code":5,"worker_id":"6505f655-3001-4fca-ad1d-a1395625c70f-140193173047104","trial_id":282,"param_name":"min_samples_split","param_value_internal":9.0,"distribution":"{\"name\": \"IntDistribution\", \"attributes\": {\"log\": false, \"step\": 1, \"low\": 5, \"high\": 20}}"}
{"op_code":5,"worker_id":"6505f655-3001-4fca-ad1d-a1395625c70f-140193173047104","trial_id":282,"param_name":"min_samples_leaf","param_value_internal":17.0,"distribution":"{\"name\": \"IntDistribution\", \"attributes\": {\"log\": false, \"step\": 1, \"low\": 5, \"high\": 20}}"}
{"op_code":6,"worker_id":"6505f655-3001-4fca-ad1d-a1395625c70f-140193173047104","trial_id":282,"state":1,"values":[0.7831838784548842],"datetime_complete":"2026-03-21T08:00:11.960703"}
{"op_code":4,"worker_id":"6505f655-3001-4fca-ad1d-a1395625c70f-140193173047104","study_id":0,"datetime_start":"2026-03-21T08:00:12.443423"}
{"op_code":5,"worker_id":"6505f655-3001-4fca-ad1d-a1395625c70f-140193173047104","trial_id":283,"param_name":"n_estimators","param_value_internal":178.0,"distribution":"{\"name\": \"IntDistribution\", \"attributes\": {\"log\": false, \"step\": 1, \"low\": 50, \"high\": 200}}"}
{"op_code":5,"worker_id":"6505f655-3001-4fca-ad1d-a1395625c70f-140193173047104","trial_id":283,"param_name":"min_samples_split","param_value_internal":7.0,"distribution":"{\"name\": \"IntDistribution\", \"attributes\": {\"log\": false, \"step\": 1, \"low\": 5, \"high\": 20}}"}
{"op_code":5,"worker_id":"6505f655-3001-4fca-ad1d-a1395625c70f-140193173047104","trial_id":283,"param_name":"min_samples_leaf","param_value_internal":9.0,"distribution":"{\"name\": \"IntDistribution\", \"attributes\": {\"log\": false, \"step\": 1, \"low\": 5, \"high\": 20}}"}
{"op_code":6,"worker_id":"6505f655-3001-4fca-ad1d-a1395625c70f-140193173047104","trial_id":283,"state":1,"values":[0.782072325794357],"datetime_complete":"2026-03-21T08:00:44.099990"}
{"op_code":4,"worker_id":"6505f655-3001-4fca-ad1d-a1395625c70f-140193173047104","study_id":0,"datetime_start":"2026-03-21T08:00:44.168126"}
{"op_code":5,"worker_id":"6505f655-3001-4fca-ad1d-a1395625c70f-140193173047104","trial_id":284,"param_name":"n_estimators","param_value_internal":124.0,"distribution":"{\"name\": \"IntDistribution\", \"attributes\": {\"log\": false, \"step\": 1, \"low\": 50, \"high\": 200}}"}
{"op_code":5,"worker_id":"6505f655-3001-4fca-ad1d-a1395625c70f-140193173047104","trial_id":284,"param_name":"min_samples_split","param_value_internal":9.0,"distribution":"{\"name\": \"IntDistribution\", \"attributes\": {\"log\": false, \"step\": 1, \"low\": 5, \"high\": 20}}"}
{"op_code":5,"worker_id":"6505f655-3001-4fca-ad1d-a1395625c70f-140193173047104","trial_id":284,"param_name":"min_samples_leaf","param_value_internal":11.0,"distribution":"{\"name\": \"IntDistribution\", \"attributes\": {\"log\": false, \"step\": 1, \"low\": 5, \"high\": 20}}"}
{"op_code":6,"worker_id":"6505f655-3001-4fca-ad1d-a1395625c70f-140193173047104","trial_id":284,"state":1,"values":[0.7786627963900455],"datetime_complete":"2026-03-21T08:01:03.923064"}
{"op_code":4,"worker_id":"6505f655-3001-4fca-ad1d-a1395625c70f-140193173047104","study_id":0,"datetime_start":"2026-03-21T08:01:03.946929"}
{"op_code":5,"worker_id":"6505f655-3001-4fca-ad1d-a1395625c70f-140193173047104","trial_id":285,"param_name":"n_estimators","param_value_internal":128.0,"distribution":"{\"name\": \"IntDistribution\", \"attributes\": {\"log\": false, \"step\": 1, \"low\": 50, \"high\": 200}}"}
{"op_code":5,"worker_id":"6505f655-3001-4fca-ad1d-a1395625c70f-140193173047104","trial_id":285,"param_name":"min_samples_split","param_value_internal":7.0,"distribution":"{\"name\": \"IntDistribution\", \"attributes\": {\"log\": false, \"step\": 1, \"low\": 5, \"high\": 20}}"}
{"op_code":5,"worker_id":"6505f655-3001-4fca-ad1d-a1395625c70f-140193173047104","trial_id":285,"param_name":"min_samples_leaf","param_value_internal":10.0,"distribution":"{\"name\": \"IntDistribution\", \"attributes\": {\"log\": false, \"step\": 1, \"low\": 5, \"high\": 20}}"}
{"op_code":6,"worker_id":"6505f655-3001-4fca-ad1d-a1395625c70f-140193173047104","trial_id":285,"state":1,"values":[0.7849807926003997],"datetime_complete":"2026-03-21T08:01:25.368743"}
{"op_code":4,"worker_id":"6505f655-3001-4fca-ad1d-a1395625c70f-140193173047104","study_id":0,"datetime_start":"2026-03-21T08:01:25.391559"}
{"op_code":5,"worker_id":"6505f655-3001-4fca-ad1d-a1395625c70f-140193173047104","trial_id":286,"param_name":"n_estimators","param_value_internal":176.0,"distribution":"{\"name\": \"IntDistribution\", \"attributes\": {\"log\": false, \"step\": 1, \"low\": 50, \"high\": 200}}"}
{"op_code":5,"worker_id":"6505f655-3001-4fca-ad1d-a1395625c70f-140193173047104","trial_id":286,"param_name":"min_samples_split","param_value_internal":8.0,"distribution":"{\"name\": \"IntDistribution\", \"attributes\": {\"log\": false, \"step\": 1, \"low\": 5, \"high\": 20}}"}
{"op_code":5,"worker_id":"6505f655-3001-4fca-ad1d-a1395625c70f-140193173047104","trial_id":286,"param_name":"min_samples_leaf","param_value_internal":17.0,"distribution":"{\"name\": \"IntDistribution\", \"attributes\": {\"log\": false, \"step\": 1, \"low\": 5, \"high\": 20}}"}
{"op_code":6,"worker_id":"6505f655-3001-4fca-ad1d-a1395625c70f-140193173047104","trial_id":286,"state":1,"values":[0.7825215543307359],"datetime_complete":"2026-03-21T08:01:48.882377"}
{"op_code":4,"worker_id":"6505f655-3001-4fca-ad1d-a1395625c70f-140193173047104","study_id":0,"datetime_start":"2026-03-21T08:01:48.903513"}
{"op_code":5,"worker_id":"6505f655-3001-4fca-ad1d-a1395625c70f-140193173047104","trial_id":287,"param_name":"n_estimators","param_value_internal":141.0,"distribution":"{\"name\": \"IntDistribution\", \"attributes\": {\"log\": false, \"step\": 1, \"low\": 50, \"high\": 200}}"}
{"op_code":5,"worker_id":"6505f655-3001-4fca-ad1d-a1395625c70f-140193173047104","trial_id":287,"param_name":"min_samples_split","param_value_internal":7.0,"distribution":"{\"name\": \"IntDistribution\", \"attributes\": {\"log\": false, \"step\": 1, \"low\": 5, \"high\": 20}}"}
{"op_code":5,"worker_id":"6505f655-3001-4fca-ad1d-a1395625c70f-140193173047104","trial_id":287,"param_name":"min_samples_leaf","param_value_internal":18.0,"distribution":"{\"name\": \"IntDistribution\", \"attributes\": {\"log\": false, \"step\": 1, \"low\": 5, \"high\": 20}}"}
{"op_code":6,"worker_id":"6505f655-3001-4fca-ad1d-a1395625c70f-140193173047104","trial_id":287,"state":1,"values":[0.7807822335873202],"datetime_complete":"2026-03-21T08:02:07.358911"}
{"op_code":4,"worker_id":"6505f655-3001-4fca-ad1d-a1395625c70f-140193173047104","study_id":0,"datetime_start":"2026-03-21T08:02:07.380011"}
{"op_code":5,"worker_id":"6505f655-3001-4fca-ad1d-a1395625c70f-140193173047104","trial_id":288,"param_name":"n_estimators","param_value_internal":179.0,"distribution":"{\"name\": \"IntDistribution\", \"attributes\": {\"log\": false, \"step\": 1, \"low\": 50, \"high\": 200}}"}
{"op_code":5,"worker_id":"6505f655-3001-4fca-ad1d-a1395625c70f-140193173047104","trial_id":288,"param_name":"min_samples_split","param_value_internal":9.0,"distribution":"{\"name\": \"IntDistribution\", \"attributes\": {\"log\": false, \"step\": 1, \"low\": 5, \"high\": 20}}"}
{"op_code":5,"worker_id":"6505f655-3001-4fca-ad1d-a1395625c70f-140193173047104","trial_id":288,"param_name":"min_samples_leaf","param_value_internal":10.0,"distribution":"{\"name\": \"IntDistribution\", \"attributes\": {\"log\": false, \"step\": 1, \"low\": 5, \"high\": 20}}"}
{"op_code":6,"worker_id":"6505f655-3001-4fca-ad1d-a1395625c70f-140193173047104","trial_id":288,"state":1,"values":[0.7855740046420282],"datetime_complete":"2026-03-21T08:02:37.042763"}
{"op_code":4,"worker_id":"6505f655-3001-4fca-ad1d-a1395625c70f-140193173047104","study_id":0,"datetime_start":"2026-03-21T08:02:37.062864"}
{"op_code":5,"worker_id":"6505f655-3001-4fca-ad1d-a1395625c70f-140193173047104","trial_id":289,"param_name":"n_estimators","param_value_internal":181.0,"distribution":"{\"name\": \"IntDistribution\", \"attributes\": {\"log\": false, \"step\": 1, \"low\": 50, \"high\": 200}}"}
{"op_code":5,"worker_id":"6505f655-3001-4fca-ad1d-a1395625c70f-140193173047104","trial_id":289,"param_name":"min_samples_split","param_value_internal":8.0,"distribution":"{\"name\": \"IntDistribution\", \"attributes\": {\"log\": false, \"step\": 1, \"low\": 5, \"high\": 20}}"}
{"op_code":5,"worker_id":"6505f655-3001-4fca-ad1d-a1395625c70f-140193173047104","trial_id":289,"param_name":"min_samples_leaf","param_value_internal":18.0,"distribution":"{\"name\": \"IntDistribution\", \"attributes\": {\"log\": false, \"step\": 1, \"low\": 5, \"high\": 20}}"}
{"op_code":6,"worker_id":"6505f655-3001-4fca-ad1d-a1395625c70f-140193173047104","trial_id":289,"state":1,"values":[0.7803042083498914],"datetime_complete":"2026-03-21T08:03:01.157017"}
{"op_code":0,"worker_id":"25c0440e-6f87-4986-a1b6-ee9f261c73d5-140193173047104","study_name":"rsf_tuning","directions":[2]}
{"op_code":4,"worker_id":"25c0440e-6f87-4986-a1b6-ee9f261c73d5-140193173047104","study_id":0,"datetime_start":"2026-03-21T08:13:59.190040"}
{"op_code":5,"worker_id":"25c0440e-6f87-4986-a1b6-ee9f261c73d5-140193173047104","trial_id":290,"param_name":"n_estimators","param_value_internal":174.0,"distribution":"{\"name\": \"IntDistribution\", \"attributes\": {\"log\": false, \"step\": 1, \"low\": 50, \"high\": 200}}"}
{"op_code":5,"worker_id":"25c0440e-6f87-4986-a1b6-ee9f261c73d5-140193173047104","trial_id":290,"param_name":"min_samples_split","param_value_internal":7.0,"distribution":"{\"name\": \"IntDistribution\", \"attributes\": {\"log\": false, \"step\": 1, \"low\": 5, \"high\": 20}}"}
{"op_code":5,"worker_id":"25c0440e-6f87-4986-a1b6-ee9f261c73d5-140193173047104","trial_id":290,"param_name":"min_samples_leaf","param_value_internal":16.0,"distribution":"{\"name\": \"IntDistribution\", \"attributes\": {\"log\": false, \"step\": 1, \"low\": 5, \"high\": 20}}"}
{"op_code":6,"worker_id":"25c0440e-6f87-4986-a1b6-ee9f261c73d5-140193173047104","trial_id":290,"state":1,"values":[0.7785456414809968],"datetime_complete":"2026-03-21T08:14:23.869508"}
{"op_code":4,"worker_id":"25c0440e-6f87-4986-a1b6-ee9f261c73d5-140193173047104","study_id":0,"datetime_start":"2026-03-21T08:14:23.890000"}
{"op_code":5,"worker_id":"25c0440e-6f87-4986-a1b6-ee9f261c73d5-140193173047104","trial_id":291,"param_name":"n_estimators","param_value_internal":135.0,"distribution":"{\"name\": \"IntDistribution\", \"attributes\": {\"log\": false, \"step\": 1, \"low\": 50, \"high\": 200}}"}
{"op_code":5,"worker_id":"25c0440e-6f87-4986-a1b6-ee9f261c73d5-140193173047104","trial_id":291,"param_name":"min_samples_split","param_value_internal":8.0,"distribution":"{\"name\": \"IntDistribution\", \"attributes\": {\"log\": false, \"step\": 1, \"low\": 5, \"high\": 20}}"}
{"op_code":5,"worker_id":"25c0440e-6f87-4986-a1b6-ee9f261c73d5-140193173047104","trial_id":291,"param_name":"min_samples_leaf","param_value_internal":17.0,"distribution":"{\"name\": \"IntDistribution\", \"attributes\": {\"log\": false, \"step\": 1, \"low\": 5, \"high\": 20}}"}
{"op_code":6,"worker_id":"25c0440e-6f87-4986-a1b6-ee9f261c73d5-140193173047104","trial_id":291,"state":1,"values":[0.7777336402191819],"datetime_complete":"2026-03-21T08:14:42.625987"}
{"op_code":4,"worker_id":"25c0440e-6f87-4986-a1b6-ee9f261c73d5-140193173047104","study_id":0,"datetime_start":"2026-03-21T08:14:42.649801"}
{"op_code":5,"worker_id":"25c0440e-6f87-4986-a1b6-ee9f261c73d5-140193173047104","trial_id":292,"param_name":"n_estimators","param_value_internal":176.0,"distribution":"{\"name\": \"IntDistribution\", \"attributes\": {\"log\": false, \"step\": 1, \"low\": 50, \"high\": 200}}"}
{"op_code":5,"worker_id":"25c0440e-6f87-4986-a1b6-ee9f261c73d5-140193173047104","trial_id":292,"param_name":"min_samples_split","param_value_internal":9.0,"distribution":"{\"name\": \"IntDistribution\", \"attributes\": {\"log\": false, \"step\": 1, \"low\": 5, \"high\": 20}}"}
{"op_code":5,"worker_id":"25c0440e-6f87-4986-a1b6-ee9f261c73d5-140193173047104","trial_id":292,"param_name":"min_samples_leaf","param_value_internal":7.0,"distribution":"{\"name\": \"IntDistribution\", \"attributes\": {\"log\": false, \"step\": 1, \"low\": 5, \"high\": 20}}"}
{"op_code":6,"worker_id":"25c0440e-6f87-4986-a1b6-ee9f261c73d5-140193173047104","trial_id":292,"state":1,"values":[0.7772254092135855],"datetime_complete":"2026-03-21T08:15:16.501594"}
{"op_code":4,"worker_id":"25c0440e-6f87-4986-a1b6-ee9f261c73d5-140193173047104","study_id":0,"datetime_start":"2026-03-21T08:15:16.515265"}
{"op_code":5,"worker_id":"25c0440e-6f87-4986-a1b6-ee9f261c73d5-140193173047104","trial_id":293,"param_name":"n_estimators","param_value_internal":123.0,"distribution":"{\"name\": \"IntDistribution\", \"attributes\": {\"log\": false, \"step\": 1, \"low\": 50, \"high\": 200}}"}
{"op_code":5,"worker_id":"25c0440e-6f87-4986-a1b6-ee9f261c73d5-140193173047104","trial_id":293,"param_name":"min_samples_split","param_value_internal":7.0,"distribution":"{\"name\": \"IntDistribution\", \"attributes\": {\"log\": false, \"step\": 1, \"low\": 5, \"high\": 20}}"}
{"op_code":5,"worker_id":"25c0440e-6f87-4986-a1b6-ee9f261c73d5-140193173047104","trial_id":293,"param_name":"min_samples_leaf","param_value_internal":10.0,"distribution":"{\"name\": \"IntDistribution\", \"attributes\": {\"log\": false, \"step\": 1, \"low\": 5, \"high\": 20}}"}
{"op_code":6,"worker_id":"25c0440e-6f87-4986-a1b6-ee9f261c73d5-140193173047104","trial_id":293,"state":1,"values":[0.7792057576147025],"datetime_complete":"2026-03-21T08:15:37.747252"}
{"op_code":4,"worker_id":"25c0440e-6f87-4986-a1b6-ee9f261c73d5-140193173047104","study_id":0,"datetime_start":"2026-03-21T08:15:37.766905"}
{"op_code":5,"worker_id":"25c0440e-6f87-4986-a1b6-ee9f261c73d5-140193173047104","trial_id":294,"param_name":"n_estimators","param_value_internal":182.0,"distribution":"{\"name\": \"IntDistribution\", \"attributes\": {\"log\": false, \"step\": 1, \"low\": 50, \"high\": 200}}"}
{"op_code":5,"worker_id":"25c0440e-6f87-4986-a1b6-ee9f261c73d5-140193173047104","trial_id":294,"param_name":"min_samples_split","param_value_internal":8.0,"distribution":"{\"name\": \"IntDistribution\", \"attributes\": {\"log\": false, \"step\": 1, \"low\": 5, \"high\": 20}}"}
{"op_code":5,"worker_id":"25c0440e-6f87-4986-a1b6-ee9f261c73d5-140193173047104","trial_id":294,"param_name":"min_samples_leaf","param_value_internal":11.0,"distribution":"{\"name\": \"IntDistribution\", \"attributes\": {\"log\": false, \"step\": 1, \"low\": 5, \"high\": 20}}"}
{"op_code":6,"worker_id":"25c0440e-6f87-4986-a1b6-ee9f261c73d5-140193173047104","trial_id":294,"state":1,"values":[0.7803273708684324],"datetime_complete":"2026-03-21T08:16:07.414287"}
{"op_code":4,"worker_id":"25c0440e-6f87-4986-a1b6-ee9f261c73d5-140193173047104","study_id":0,"datetime_start":"2026-03-21T08:16:07.435740"}
{"op_code":5,"worker_id":"25c0440e-6f87-4986-a1b6-ee9f261c73d5-140193173047104","trial_id":295,"param_name":"n_estimators","param_value_internal":127.0,"distribution":"{\"name\": \"IntDistribution\", \"attributes\": {\"log\": false, \"step\": 1, \"low\": 50, \"high\": 200}}"}
{"op_code":5,"worker_id":"25c0440e-6f87-4986-a1b6-ee9f261c73d5-140193173047104","trial_id":295,"param_name":"min_samples_split","param_value_internal":11.0,"distribution":"{\"name\": \"IntDistribution\", \"attributes\": {\"log\": false, \"step\": 1, \"low\": 5, \"high\": 20}}"}
{"op_code":5,"worker_id":"25c0440e-6f87-4986-a1b6-ee9f261c73d5-140193173047104","trial_id":295,"param_name":"min_samples_leaf","param_value_internal":14.0,"distribution":"{\"name\": \"IntDistribution\", \"attributes\": {\"log\": false, \"step\": 1, \"low\": 5, \"high\": 20}}"}
{"op_code":6,"worker_id":"25c0440e-6f87-4986-a1b6-ee9f261c73d5-140193173047104","trial_id":295,"state":1,"values":[0.7799593415195523],"datetime_complete":"2026-03-21T08:16:26.498203"}
{"op_code":4,"worker_id":"25c0440e-6f87-4986-a1b6-ee9f261c73d5-140193173047104","study_id":0,"datetime_start":"2026-03-21T08:16:26.512975"}
{"op_code":5,"worker_id":"25c0440e-6f87-4986-a1b6-ee9f261c73d5-140193173047104","trial_id":296,"param_name":"n_estimators","param_value_internal":172.0,"distribution":"{\"name\": \"IntDistribution\", \"attributes\": {\"log\": false, \"step\": 1, \"low\": 50, \"high\": 200}}"}
{"op_code":5,"worker_id":"25c0440e-6f87-4986-a1b6-ee9f261c73d5-140193173047104","trial_id":296,"param_name":"min_samples_split","param_value_internal":13.0,"distribution":"{\"name\": \"IntDistribution\", \"attributes\": {\"log\": false, \"step\": 1, \"low\": 5, \"high\": 20}}"}
{"op_code":5,"worker_id":"25c0440e-6f87-4986-a1b6-ee9f261c73d5-140193173047104","trial_id":296,"param_name":"min_samples_leaf","param_value_internal":17.0,"distribution":"{\"name\": \"IntDistribution\", \"attributes\": {\"log\": false, \"step\": 1, \"low\": 5, \"high\": 20}}"}
{"op_code":6,"worker_id":"25c0440e-6f87-4986-a1b6-ee9f261c73d5-140193173047104","trial_id":296,"state":1,"values":[0.7788494117372153],"datetime_complete":"2026-03-21T08:16:49.784570"}
{"op_code":4,"worker_id":"25c0440e-6f87-4986-a1b6-ee9f261c73d5-140193173047104","study_id":0,"datetime_start":"2026-03-21T08:16:49.796739"}
{"op_code":5,"worker_id":"25c0440e-6f87-4986-a1b6-ee9f261c73d5-140193173047104","trial_id":297,"param_name":"n_estimators","param_value_internal":132.0,"distribution":"{\"name\": \"IntDistribution\", \"attributes\": {\"log\": false, \"step\": 1, \"low\": 50, \"high\": 200}}"}
{"op_code":5,"worker_id":"25c0440e-6f87-4986-a1b6-ee9f261c73d5-140193173047104","trial_id":297,"param_name":"min_samples_split","param_value_internal":8.0,"distribution":"{\"name\": \"IntDistribution\", \"attributes\": {\"log\": false, \"step\": 1, \"low\": 5, \"high\": 20}}"}
{"op_code":5,"worker_id":"25c0440e-6f87-4986-a1b6-ee9f261c73d5-140193173047104","trial_id":297,"param_name":"min_samples_leaf","param_value_internal":10.0,"distribution":"{\"name\": \"IntDistribution\", \"attributes\": {\"log\": false, \"step\": 1, \"low\": 5, \"high\": 20}}"}
{"op_code":6,"worker_id":"25c0440e-6f87-4986-a1b6-ee9f261c73d5-140193173047104","trial_id":297,"state":1,"values":[0.7790889229007723],"datetime_complete":"2026-03-21T08:17:12.195115"}
{"op_code":4,"worker_id":"25c0440e-6f87-4986-a1b6-ee9f261c73d5-140193173047104","study_id":0,"datetime_start":"2026-03-21T08:17:12.224749"}
{"op_code":5,"worker_id":"25c0440e-6f87-4986-a1b6-ee9f261c73d5-140193173047104","trial_id":298,"param_name":"n_estimators","param_value_internal":178.0,"distribution":"{\"name\": \"IntDistribution\", \"attributes\": {\"log\": false, \"step\": 1, \"low\": 50, \"high\": 200}}"}
{"op_code":5,"worker_id":"25c0440e-6f87-4986-a1b6-ee9f261c73d5-140193173047104","trial_id":298,"param_name":"min_samples_split","param_value_internal":7.0,"distribution":"{\"name\": \"IntDistribution\", \"attributes\": {\"log\": false, \"step\": 1, \"low\": 5, \"high\": 20}}"}
{"op_code":5,"worker_id":"25c0440e-6f87-4986-a1b6-ee9f261c73d5-140193173047104","trial_id":298,"param_name":"min_samples_leaf","param_value_internal":16.0,"distribution":"{\"name\": \"IntDistribution\", \"attributes\": {\"log\": false, \"step\": 1, \"low\": 5, \"high\": 20}}"}
{"op_code":6,"worker_id":"25c0440e-6f87-4986-a1b6-ee9f261c73d5-140193173047104","trial_id":298,"state":1,"values":[0.7781600869250271],"datetime_complete":"2026-03-21T08:17:36.802200"}
{"op_code":4,"worker_id":"25c0440e-6f87-4986-a1b6-ee9f261c73d5-140193173047104","study_id":0,"datetime_start":"2026-03-21T08:17:36.827996"}
{"op_code":5,"worker_id":"25c0440e-6f87-4986-a1b6-ee9f261c73d5-140193173047104","trial_id":299,"param_name":"n_estimators","param_value_internal":138.0,"distribution":"{\"name\": \"IntDistribution\", \"attributes\": {\"log\": false, \"step\": 1, \"low\": 50, \"high\": 200}}"}
{"op_code":5,"worker_id":"25c0440e-6f87-4986-a1b6-ee9f261c73d5-140193173047104","trial_id":299,"param_name":"min_samples_split","param_value_internal":10.0,"distribution":"{\"name\": \"IntDistribution\", \"attributes\": {\"log\": false, \"step\": 1, \"low\": 5, \"high\": 20}}"}
{"op_code":5,"worker_id":"25c0440e-6f87-4986-a1b6-ee9f261c73d5-140193173047104","trial_id":299,"param_name":"min_samples_leaf","param_value_internal":9.0,"distribution":"{\"name\": \"IntDistribution\", \"attributes\": {\"log\": false, \"step\": 1, \"low\": 5, \"high\": 20}}"}
{"op_code":6,"worker_id":"25c0440e-6f87-4986-a1b6-ee9f261c73d5-140193173047104","trial_id":299,"state":1,"values":[0.7795387365494035],"datetime_complete":"2026-03-21T08:18:00.667524"}
{"op_code":0,"worker_id":"d533515a-36c5-463b-890a-dbb5b76e6e59-140193173047104","study_name":"rsf_tuning","directions":[2]}
{"op_code":4,"worker_id":"d533515a-36c5-463b-890a-dbb5b76e6e59-140193173047104","study_id":0,"datetime_start":"2026-03-21T08:29:32.991869"}
{"op_code":5,"worker_id":"d533515a-36c5-463b-890a-dbb5b76e6e59-140193173047104","trial_id":300,"param_name":"n_estimators","param_value_internal":174.0,"distribution":"{\"name\": \"IntDistribution\", \"attributes\": {\"log\": false, \"step\": 1, \"low\": 50, \"high\": 200}}"}
{"op_code":5,"worker_id":"d533515a-36c5-463b-890a-dbb5b76e6e59-140193173047104","trial_id":300,"param_name":"min_samples_split","param_value_internal":12.0,"distribution":"{\"name\": \"IntDistribution\", \"attributes\": {\"log\": false, \"step\": 1, \"low\": 5, \"high\": 20}}"}
{"op_code":5,"worker_id":"d533515a-36c5-463b-890a-dbb5b76e6e59-140193173047104","trial_id":300,"param_name":"min_samples_leaf","param_value_internal":11.0,"distribution":"{\"name\": \"IntDistribution\", \"attributes\": {\"log\": false, \"step\": 1, \"low\": 5, \"high\": 20}}"}
{"op_code":6,"worker_id":"d533515a-36c5-463b-890a-dbb5b76e6e59-140193173047104","trial_id":300,"state":1,"values":[0.7895058637194732],"datetime_complete":"2026-03-21T08:30:02.313123"}
{"op_code":4,"worker_id":"d533515a-36c5-463b-890a-dbb5b76e6e59-140193173047104","study_id":0,"datetime_start":"2026-03-21T08:30:02.326914"}
{"op_code":5,"worker_id":"d533515a-36c5-463b-890a-dbb5b76e6e59-140193173047104","trial_id":301,"param_name":"n_estimators","param_value_internal":169.0,"distribution":"{\"name\": \"IntDistribution\", \"attributes\": {\"log\": false, \"step\": 1, \"low\": 50, \"high\": 200}}"}
{"op_code":5,"worker_id":"d533515a-36c5-463b-890a-dbb5b76e6e59-140193173047104","trial_id":301,"param_name":"min_samples_split","param_value_internal":8.0,"distribution":"{\"name\": \"IntDistribution\", \"attributes\": {\"log\": false, \"step\": 1, \"low\": 5, \"high\": 20}}"}
{"op_code":5,"worker_id":"d533515a-36c5-463b-890a-dbb5b76e6e59-140193173047104","trial_id":301,"param_name":"min_samples_leaf","param_value_internal":20.0,"distribution":"{\"name\": \"IntDistribution\", \"attributes\": {\"log\": false, \"step\": 1, \"low\": 5, \"high\": 20}}"}
{"op_code":6,"worker_id":"d533515a-36c5-463b-890a-dbb5b76e6e59-140193173047104","trial_id":301,"state":1,"values":[0.7914565549046781],"datetime_complete":"2026-03-21T08:30:24.887381"}
{"op_code":4,"worker_id":"d533515a-36c5-463b-890a-dbb5b76e6e59-140193173047104","study_id":0,"datetime_start":"2026-03-21T08:30:34.137968"}
{"op_code":5,"worker_id":"d533515a-36c5-463b-890a-dbb5b76e6e59-140193173047104","trial_id":302,"param_name":"n_estimators","param_value_internal":180.0,"distribution":"{\"name\": \"IntDistribution\", \"attributes\": {\"log\": false, \"step\": 1, \"low\": 50, \"high\": 200}}"}
{"op_code":5,"worker_id":"d533515a-36c5-463b-890a-dbb5b76e6e59-140193173047104","trial_id":302,"param_name":"min_samples_split","param_value_internal":7.0,"distribution":"{\"name\": \"IntDistribution\", \"attributes\": {\"log\": false, \"step\": 1, \"low\": 5, \"high\": 20}}"}
{"op_code":5,"worker_id":"d533515a-36c5-463b-890a-dbb5b76e6e59-140193173047104","trial_id":302,"param_name":"min_samples_leaf","param_value_internal":10.0,"distribution":"{\"name\": \"IntDistribution\", \"attributes\": {\"log\": false, \"step\": 1, \"low\": 5, \"high\": 20}}"}
{"op_code":6,"worker_id":"d533515a-36c5-463b-890a-dbb5b76e6e59-140193173047104","trial_id":302,"state":1,"values":[0.786507039957143],"datetime_complete":"2026-03-21T08:31:06.110767"}
{"op_code":4,"worker_id":"d533515a-36c5-463b-890a-dbb5b76e6e59-140193173047104","study_id":0,"datetime_start":"2026-03-21T08:31:06.136379"}
{"op_code":5,"worker_id":"d533515a-36c5-463b-890a-dbb5b76e6e59-140193173047104","trial_id":303,"param_name":"n_estimators","param_value_internal":129.0,"distribution":"{\"name\": \"IntDistribution\", \"attributes\": {\"log\": false, \"step\": 1, \"low\": 50, \"high\": 200}}"}
{"op_code":5,"worker_id":"d533515a-36c5-463b-890a-dbb5b76e6e59-140193173047104","trial_id":303,"param_name":"min_samples_split","param_value_internal":9.0,"distribution":"{\"name\": \"IntDistribution\", \"attributes\": {\"log\": false, \"step\": 1, \"low\": 5, \"high\": 20}}"}
{"op_code":5,"worker_id":"d533515a-36c5-463b-890a-dbb5b76e6e59-140193173047104","trial_id":303,"param_name":"min_samples_leaf","param_value_internal":17.0,"distribution":"{\"name\": \"IntDistribution\", \"attributes\": {\"log\": false, \"step\": 1, \"low\": 5, \"high\": 20}}"}
{"op_code":6,"worker_id":"d533515a-36c5-463b-890a-dbb5b76e6e59-140193173047104","trial_id":303,"state":1,"values":[0.791520607451058],"datetime_complete":"2026-03-21T08:31:24.640235"}
{"op_code":4,"worker_id":"d533515a-36c5-463b-890a-dbb5b76e6e59-140193173047104","study_id":0,"datetime_start":"2026-03-21T08:31:24.653106"}
{"op_code":5,"worker_id":"d533515a-36c5-463b-890a-dbb5b76e6e59-140193173047104","trial_id":304,"param_name":"n_estimators","param_value_internal":123.0,"distribution":"{\"name\": \"IntDistribution\", \"attributes\": {\"log\": false, \"step\": 1, \"low\": 50, \"high\": 200}}"}
{"op_code":5,"worker_id":"d533515a-36c5-463b-890a-dbb5b76e6e59-140193173047104","trial_id":304,"param_name":"min_samples_split","param_value_internal":16.0,"distribution":"{\"name\": \"IntDistribution\", \"attributes\": {\"log\": false, \"step\": 1, \"low\": 5, \"high\": 20}}"}
{"op_code":5,"worker_id":"d533515a-36c5-463b-890a-dbb5b76e6e59-140193173047104","trial_id":304,"param_name":"min_samples_leaf","param_value_internal":10.0,"distribution":"{\"name\": \"IntDistribution\", \"attributes\": {\"log\": false, \"step\": 1, \"low\": 5, \"high\": 20}}"}
{"op_code":6,"worker_id":"d533515a-36c5-463b-890a-dbb5b76e6e59-140193173047104","trial_id":304,"state":1,"values":[0.7849290181326936],"datetime_complete":"2026-03-21T08:31:46.335742"}
{"op_code":4,"worker_id":"d533515a-36c5-463b-890a-dbb5b76e6e59-140193173047104","study_id":0,"datetime_start":"2026-03-21T08:31:46.354790"}
{"op_code":5,"worker_id":"d533515a-36c5-463b-890a-dbb5b76e6e59-140193173047104","trial_id":305,"param_name":"n_estimators","param_value_internal":142.0,"distribution":"{\"name\": \"IntDistribution\", \"attributes\": {\"log\": false, \"step\": 1, \"low\": 50, \"high\": 200}}"}
{"op_code":5,"worker_id":"d533515a-36c5-463b-890a-dbb5b76e6e59-140193173047104","trial_id":305,"param_name":"min_samples_split","param_value_internal":8.0,"distribution":"{\"name\": \"IntDistribution\", \"attributes\": {\"log\": false, \"step\": 1, \"low\": 5, \"high\": 20}}"}
{"op_code":5,"worker_id":"d533515a-36c5-463b-890a-dbb5b76e6e59-140193173047104","trial_id":305,"param_name":"min_samples_leaf","param_value_internal":18.0,"distribution":"{\"name\": \"IntDistribution\", \"attributes\": {\"log\": false, \"step\": 1, \"low\": 5, \"high\": 20}}"}
{"op_code":6,"worker_id":"d533515a-36c5-463b-890a-dbb5b76e6e59-140193173047104","trial_id":305,"state":1,"values":[0.7852376349470693],"datetime_complete":"2026-03-21T08:32:06.063725"}
{"op_code":4,"worker_id":"d533515a-36c5-463b-890a-dbb5b76e6e59-140193173047104","study_id":0,"datetime_start":"2026-03-21T08:32:06.080716"}
{"op_code":5,"worker_id":"d533515a-36c5-463b-890a-dbb5b76e6e59-140193173047104","trial_id":306,"param_name":"n_estimators","param_value_internal":176.0,"distribution":"{\"name\": \"IntDistribution\", \"attributes\": {\"log\": false, \"step\": 1, \"low\": 50, \"high\": 200}}"}
{"op_code":5,"worker_id":"d533515a-36c5-463b-890a-dbb5b76e6e59-140193173047104","trial_id":306,"param_name":"min_samples_split","param_value_internal":11.0,"distribution":"{\"name\": \"IntDistribution\", \"attributes\": {\"log\": false, \"step\": 1, \"low\": 5, \"high\": 20}}"}
{"op_code":5,"worker_id":"d533515a-36c5-463b-890a-dbb5b76e6e59-140193173047104","trial_id":306,"param_name":"min_samples_leaf","param_value_internal":16.0,"distribution":"{\"name\": \"IntDistribution\", \"attributes\": {\"log\": false, \"step\": 1, \"low\": 5, \"high\": 20}}"}
{"op_code":6,"worker_id":"d533515a-36c5-463b-890a-dbb5b76e6e59-140193173047104","trial_id":306,"state":1,"values":[0.7900765136781301],"datetime_complete":"2026-03-21T08:32:31.549730"}
{"op_code":4,"worker_id":"d533515a-36c5-463b-890a-dbb5b76e6e59-140193173047104","study_id":0,"datetime_start":"2026-03-21T08:32:31.566632"}
{"op_code":5,"worker_id":"d533515a-36c5-463b-890a-dbb5b76e6e59-140193173047104","trial_id":307,"param_name":"n_estimators","param_value_internal":182.0,"distribution":"{\"name\": \"IntDistribution\", \"attributes\": {\"log\": false, \"step\": 1, \"low\": 50, \"high\": 200}}"}
{"op_code":5,"worker_id":"d533515a-36c5-463b-890a-dbb5b76e6e59-140193173047104","trial_id":307,"param_name":"min_samples_split","param_value_internal":7.0,"distribution":"{\"name\": \"IntDistribution\", \"attributes\": {\"log\": false, \"step\": 1, \"low\": 5, \"high\": 20}}"}
{"op_code":5,"worker_id":"d533515a-36c5-463b-890a-dbb5b76e6e59-140193173047104","trial_id":307,"param_name":"min_samples_leaf","param_value_internal":16.0,"distribution":"{\"name\": \"IntDistribution\", \"attributes\": {\"log\": false, \"step\": 1, \"low\": 5, \"high\": 20}}"}
{"op_code":6,"worker_id":"d533515a-36c5-463b-890a-dbb5b76e6e59-140193173047104","trial_id":307,"state":1,"values":[0.7897737198225162],"datetime_complete":"2026-03-21T08:32:57.929996"}
{"op_code":4,"worker_id":"d533515a-36c5-463b-890a-dbb5b76e6e59-140193173047104","study_id":0,"datetime_start":"2026-03-21T08:32:57.951863"}
{"op_code":5,"worker_id":"d533515a-36c5-463b-890a-dbb5b76e6e59-140193173047104","trial_id":308,"param_name":"n_estimators","param_value_internal":126.0,"distribution":"{\"name\": \"IntDistribution\", \"attributes\": {\"log\": false, \"step\": 1, \"low\": 50, \"high\": 200}}"}
{"op_code":5,"worker_id":"d533515a-36c5-463b-890a-dbb5b76e6e59-140193173047104","trial_id":308,"param_name":"min_samples_split","param_value_internal":8.0,"distribution":"{\"name\": \"IntDistribution\", \"attributes\": {\"log\": false, \"step\": 1, \"low\": 5, \"high\": 20}}"}
{"op_code":5,"worker_id":"d533515a-36c5-463b-890a-dbb5b76e6e59-140193173047104","trial_id":308,"param_name":"min_samples_leaf","param_value_internal":8.0,"distribution":"{\"name\": \"IntDistribution\", \"attributes\": {\"log\": false, \"step\": 1, \"low\": 5, \"high\": 20}}"}
{"op_code":6,"worker_id":"d533515a-36c5-463b-890a-dbb5b76e6e59-140193173047104","trial_id":308,"state":1,"values":[0.7875202347816973],"datetime_complete":"2026-03-21T08:33:22.222602"}
{"op_code":4,"worker_id":"d533515a-36c5-463b-890a-dbb5b76e6e59-140193173047104","study_id":0,"datetime_start":"2026-03-21T08:33:22.243464"}
{"op_code":5,"worker_id":"d533515a-36c5-463b-890a-dbb5b76e6e59-140193173047104","trial_id":309,"param_name":"n_estimators","param_value_internal":174.0,"distribution":"{\"name\": \"IntDistribution\", \"attributes\": {\"log\": false, \"step\": 1, \"low\": 50, \"high\": 200}}"}
{"op_code":5,"worker_id":"d533515a-36c5-463b-890a-dbb5b76e6e59-140193173047104","trial_id":309,"param_name":"min_samples_split","param_value_internal":9.0,"distribution":"{\"name\": \"IntDistribution\", \"attributes\": {\"log\": false, \"step\": 1, \"low\": 5, \"high\": 20}}"}
{"op_code":5,"worker_id":"d533515a-36c5-463b-890a-dbb5b76e6e59-140193173047104","trial_id":309,"param_name":"min_samples_leaf","param_value_internal":10.0,"distribution":"{\"name\": \"IntDistribution\", \"attributes\": {\"log\": false, \"step\": 1, \"low\": 5, \"high\": 20}}"}
{"op_code":6,"worker_id":"d533515a-36c5-463b-890a-dbb5b76e6e59-140193173047104","trial_id":309,"state":1,"values":[0.7863672889468597],"datetime_complete":"2026-03-21T08:33:52.620549"}
{"op_code":0,"worker_id":"9caa06ad-f3e6-48f7-acc3-4a3625bbbd9f-140193173047104","study_name":"rsf_tuning","directions":[2]}
{"op_code":4,"worker_id":"9caa06ad-f3e6-48f7-acc3-4a3625bbbd9f-140193173047104","study_id":0,"datetime_start":"2026-03-21T08:45:18.314448"}
{"op_code":5,"worker_id":"9caa06ad-f3e6-48f7-acc3-4a3625bbbd9f-140193173047104","trial_id":310,"param_name":"n_estimators","param_value_internal":131.0,"distribution":"{\"name\": \"IntDistribution\", \"attributes\": {\"log\": false, \"step\": 1, \"low\": 50, \"high\": 200}}"}
{"op_code":5,"worker_id":"9caa06ad-f3e6-48f7-acc3-4a3625bbbd9f-140193173047104","trial_id":310,"param_name":"min_samples_split","param_value_internal":6.0,"distribution":"{\"name\": \"IntDistribution\", \"attributes\": {\"log\": false, \"step\": 1, \"low\": 5, \"high\": 20}}"}
{"op_code":5,"worker_id":"9caa06ad-f3e6-48f7-acc3-4a3625bbbd9f-140193173047104","trial_id":310,"param_name":"min_samples_leaf","param_value_internal":17.0,"distribution":"{\"name\": \"IntDistribution\", \"attributes\": {\"log\": false, \"step\": 1, \"low\": 5, \"high\": 20}}"}
{"op_code":6,"worker_id":"9caa06ad-f3e6-48f7-acc3-4a3625bbbd9f-140193173047104","trial_id":310,"state":1,"values":[0.80872005361032],"datetime_complete":"2026-03-21T08:45:36.786528"}
{"op_code":4,"worker_id":"9caa06ad-f3e6-48f7-acc3-4a3625bbbd9f-140193173047104","study_id":0,"datetime_start":"2026-03-21T08:45:36.811202"}
{"op_code":5,"worker_id":"9caa06ad-f3e6-48f7-acc3-4a3625bbbd9f-140193173047104","trial_id":311,"param_name":"n_estimators","param_value_internal":133.0,"distribution":"{\"name\": \"IntDistribution\", \"attributes\": {\"log\": false, \"step\": 1, \"low\": 50, \"high\": 200}}"}
{"op_code":5,"worker_id":"9caa06ad-f3e6-48f7-acc3-4a3625bbbd9f-140193173047104","trial_id":311,"param_name":"min_samples_split","param_value_internal":6.0,"distribution":"{\"name\": \"IntDistribution\", \"attributes\": {\"log\": false, \"step\": 1, \"low\": 5, \"high\": 20}}"}
{"op_code":5,"worker_id":"9caa06ad-f3e6-48f7-acc3-4a3625bbbd9f-140193173047104","trial_id":311,"param_name":"min_samples_leaf","param_value_internal":17.0,"distribution":"{\"name\": \"IntDistribution\", \"attributes\": {\"log\": false, \"step\": 1, \"low\": 5, \"high\": 20}}"}
{"op_code":6,"worker_id":"9caa06ad-f3e6-48f7-acc3-4a3625bbbd9f-140193173047104","trial_id":311,"state":1,"values":[0.8084448220568173],"datetime_complete":"2026-03-21T08:45:55.384534"}
{"op_code":4,"worker_id":"9caa06ad-f3e6-48f7-acc3-4a3625bbbd9f-140193173047104","study_id":0,"datetime_start":"2026-03-21T08:45:55.403854"}
{"op_code":5,"worker_id":"9caa06ad-f3e6-48f7-acc3-4a3625bbbd9f-140193173047104","trial_id":312,"param_name":"n_estimators","param_value_internal":135.0,"distribution":"{\"name\": \"IntDistribution\", \"attributes\": {\"log\": false, \"step\": 1, \"low\": 50, \"high\": 200}}"}
{"op_code":5,"worker_id":"9caa06ad-f3e6-48f7-acc3-4a3625bbbd9f-140193173047104","trial_id":312,"param_name":"min_samples_split","param_value_internal":6.0,"distribution":"{\"name\": \"IntDistribution\", \"attributes\": {\"log\": false, \"step\": 1, \"low\": 5, \"high\": 20}}"}
{"op_code":5,"worker_id":"9caa06ad-f3e6-48f7-acc3-4a3625bbbd9f-140193173047104","trial_id":312,"param_name":"min_samples_leaf","param_value_internal":17.0,"distribution":"{\"name\": \"IntDistribution\", \"attributes\": {\"log\": false, \"step\": 1, \"low\": 5, \"high\": 20}}"}
{"op_code":6,"worker_id":"9caa06ad-f3e6-48f7-acc3-4a3625bbbd9f-140193173047104","trial_id":312,"state":1,"values":[0.8086303041906996],"datetime_complete":"2026-03-21T08:46:13.698052"}
{"op_code":4,"worker_id":"9caa06ad-f3e6-48f7-acc3-4a3625bbbd9f-140193173047104","study_id":0,"datetime_start":"2026-03-21T08:46:13.720714"}
{"op_code":5,"worker_id":"9caa06ad-f3e6-48f7-acc3-4a3625bbbd9f-140193173047104","trial_id":313,"param_name":"n_estimators","param_value_internal":135.0,"distribution":"{\"name\": \"IntDistribution\", \"attributes\": {\"log\": false, \"step\": 1, \"low\": 50, \"high\": 200}}"}
{"op_code":5,"worker_id":"9caa06ad-f3e6-48f7-acc3-4a3625bbbd9f-140193173047104","trial_id":313,"param_name":"min_samples_split","param_value_internal":6.0,"distribution":"{\"name\": \"IntDistribution\", \"attributes\": {\"log\": false, \"step\": 1, \"low\": 5, \"high\": 20}}"}
{"op_code":5,"worker_id":"9caa06ad-f3e6-48f7-acc3-4a3625bbbd9f-140193173047104","trial_id":313,"param_name":"min_samples_leaf","param_value_internal":17.0,"distribution":"{\"name\": \"IntDistribution\", \"attributes\": {\"log\": false, \"step\": 1, \"low\": 5, \"high\": 20}}"}
{"op_code":6,"worker_id":"9caa06ad-f3e6-48f7-acc3-4a3625bbbd9f-140193173047104","trial_id":313,"state":1,"values":[0.8086303041906996],"datetime_complete":"2026-03-21T08:46:32.610207"}
{"op_code":4,"worker_id":"9caa06ad-f3e6-48f7-acc3-4a3625bbbd9f-140193173047104","study_id":0,"datetime_start":"2026-03-21T08:46:32.625005"}
{"op_code":5,"worker_id":"9caa06ad-f3e6-48f7-acc3-4a3625bbbd9f-140193173047104","trial_id":314,"param_name":"n_estimators","param_value_internal":137.0,"distribution":"{\"name\": \"IntDistribution\", \"attributes\": {\"log\": false, \"step\": 1, \"low\": 50, \"high\": 200}}"}
{"op_code":5,"worker_id":"9caa06ad-f3e6-48f7-acc3-4a3625bbbd9f-140193173047104","trial_id":314,"param_name":"min_samples_split","param_value_internal":6.0,"distribution":"{\"name\": \"IntDistribution\", \"attributes\": {\"log\": false, \"step\": 1, \"low\": 5, \"high\": 20}}"}
{"op_code":5,"worker_id":"9caa06ad-f3e6-48f7-acc3-4a3625bbbd9f-140193173047104","trial_id":314,"param_name":"min_samples_leaf","param_value_internal":17.0,"distribution":"{\"name\": \"IntDistribution\", \"attributes\": {\"log\": false, \"step\": 1, \"low\": 5, \"high\": 20}}"}
{"op_code":6,"worker_id":"9caa06ad-f3e6-48f7-acc3-4a3625bbbd9f-140193173047104","trial_id":314,"state":1,"values":[0.8088217696192231],"datetime_complete":"2026-03-21T08:46:51.077086"}
{"op_code":4,"worker_id":"9caa06ad-f3e6-48f7-acc3-4a3625bbbd9f-140193173047104","study_id":0,"datetime_start":"2026-03-21T08:46:51.094166"}
{"op_code":5,"worker_id":"9caa06ad-f3e6-48f7-acc3-4a3625bbbd9f-140193173047104","trial_id":315,"param_name":"n_estimators","param_value_internal":138.0,"distribution":"{\"name\": \"IntDistribution\", \"attributes\": {\"log\": false, \"step\": 1, \"low\": 50, \"high\": 200}}"}
{"op_code":5,"worker_id":"9caa06ad-f3e6-48f7-acc3-4a3625bbbd9f-140193173047104","trial_id":315,"param_name":"min_samples_split","param_value_internal":6.0,"distribution":"{\"name\": \"IntDistribution\", \"attributes\": {\"log\": false, \"step\": 1, \"low\": 5, \"high\": 20}}"}
{"op_code":5,"worker_id":"9caa06ad-f3e6-48f7-acc3-4a3625bbbd9f-140193173047104","trial_id":315,"param_name":"min_samples_leaf","param_value_internal":17.0,"distribution":"{\"name\": \"IntDistribution\", \"attributes\": {\"log\": false, \"step\": 1, \"low\": 5, \"high\": 20}}"}
{"op_code":6,"worker_id":"9caa06ad-f3e6-48f7-acc3-4a3625bbbd9f-140193173047104","trial_id":315,"state":1,"values":[0.8088397195031473],"datetime_complete":"2026-03-21T08:47:09.720613"}
{"op_code":4,"worker_id":"9caa06ad-f3e6-48f7-acc3-4a3625bbbd9f-140193173047104","study_id":0,"datetime_start":"2026-03-21T08:47:09.737944"}
{"op_code":5,"worker_id":"9caa06ad-f3e6-48f7-acc3-4a3625bbbd9f-140193173047104","trial_id":316,"param_name":"n_estimators","param_value_internal":139.0,"distribution":"{\"name\": \"IntDistribution\", \"attributes\": {\"log\": false, \"step\": 1, \"low\": 50, \"high\": 200}}"}
{"op_code":5,"worker_id":"9caa06ad-f3e6-48f7-acc3-4a3625bbbd9f-140193173047104","trial_id":316,"param_name":"min_samples_split","param_value_internal":6.0,"distribution":"{\"name\": \"IntDistribution\", \"attributes\": {\"log\": false, \"step\": 1, \"low\": 5, \"high\": 20}}"}
{"op_code":5,"worker_id":"9caa06ad-f3e6-48f7-acc3-4a3625bbbd9f-140193173047104","trial_id":316,"param_name":"min_samples_leaf","param_value_internal":17.0,"distribution":"{\"name\": \"IntDistribution\", \"attributes\": {\"log\": false, \"step\": 1, \"low\": 5, \"high\": 20}}"}
{"op_code":6,"worker_id":"9caa06ad-f3e6-48f7-acc3-4a3625bbbd9f-140193173047104","trial_id":316,"state":1,"values":[0.8090491348155948],"datetime_complete":"2026-03-21T08:47:28.474063"}
{"op_code":4,"worker_id":"9caa06ad-f3e6-48f7-acc3-4a3625bbbd9f-140193173047104","study_id":0,"datetime_start":"2026-03-21T08:47:28.485934"}
{"op_code":5,"worker_id":"9caa06ad-f3e6-48f7-acc3-4a3625bbbd9f-140193173047104","trial_id":317,"param_name":"n_estimators","param_value_internal":141.0,"distribution":"{\"name\": \"IntDistribution\", \"attributes\": {\"log\": false, \"step\": 1, \"low\": 50, \"high\": 200}}"}
{"op_code":5,"worker_id":"9caa06ad-f3e6-48f7-acc3-4a3625bbbd9f-140193173047104","trial_id":317,"param_name":"min_samples_split","param_value_internal":6.0,"distribution":"{\"name\": \"IntDistribution\", \"attributes\": {\"log\": false, \"step\": 1, \"low\": 5, \"high\": 20}}"}
{"op_code":5,"worker_id":"9caa06ad-f3e6-48f7-acc3-4a3625bbbd9f-140193173047104","trial_id":317,"param_name":"min_samples_leaf","param_value_internal":17.0,"distribution":"{\"name\": \"IntDistribution\", \"attributes\": {\"log\": false, \"step\": 1, \"low\": 5, \"high\": 20}}"}
{"op_code":6,"worker_id":"9caa06ad-f3e6-48f7-acc3-4a3625bbbd9f-140193173047104","trial_id":317,"state":1,"values":[0.8094021491994352],"datetime_complete":"2026-03-21T08:47:48.019998"}
{"op_code":4,"worker_id":"9caa06ad-f3e6-48f7-acc3-4a3625bbbd9f-140193173047104","study_id":0,"datetime_start":"2026-03-21T08:47:48.039928"}
{"op_code":5,"worker_id":"9caa06ad-f3e6-48f7-acc3-4a3625bbbd9f-140193173047104","trial_id":318,"param_name":"n_estimators","param_value_internal":139.0,"distribution":"{\"name\": \"IntDistribution\", \"attributes\": {\"log\": false, \"step\": 1, \"low\": 50, \"high\": 200}}"}
{"op_code":5,"worker_id":"9caa06ad-f3e6-48f7-acc3-4a3625bbbd9f-140193173047104","trial_id":318,"param_name":"min_samples_split","param_value_internal":6.0,"distribution":"{\"name\": \"IntDistribution\", \"attributes\": {\"log\": false, \"step\": 1, \"low\": 5, \"high\": 20}}"}
{"op_code":5,"worker_id":"9caa06ad-f3e6-48f7-acc3-4a3625bbbd9f-140193173047104","trial_id":318,"param_name":"min_samples_leaf","param_value_internal":17.0,"distribution":"{\"name\": \"IntDistribution\", \"attributes\": {\"log\": false, \"step\": 1, \"low\": 5, \"high\": 20}}"}
{"op_code":6,"worker_id":"9caa06ad-f3e6-48f7-acc3-4a3625bbbd9f-140193173047104","trial_id":318,"state":1,"values":[0.8090491348155948],"datetime_complete":"2026-03-21T08:48:07.291293"}
{"op_code":4,"worker_id":"9caa06ad-f3e6-48f7-acc3-4a3625bbbd9f-140193173047104","study_id":0,"datetime_start":"2026-03-21T08:48:07.310501"}
{"op_code":5,"worker_id":"9caa06ad-f3e6-48f7-acc3-4a3625bbbd9f-140193173047104","trial_id":319,"param_name":"n_estimators","param_value_internal":140.0,"distribution":"{\"name\": \"IntDistribution\", \"attributes\": {\"log\": false, \"step\": 1, \"low\": 50, \"high\": 200}}"}
{"op_code":5,"worker_id":"9caa06ad-f3e6-48f7-acc3-4a3625bbbd9f-140193173047104","trial_id":319,"param_name":"min_samples_split","param_value_internal":6.0,"distribution":"{\"name\": \"IntDistribution\", \"attributes\": {\"log\": false, \"step\": 1, \"low\": 5, \"high\": 20}}"}
{"op_code":5,"worker_id":"9caa06ad-f3e6-48f7-acc3-4a3625bbbd9f-140193173047104","trial_id":319,"param_name":"min_samples_leaf","param_value_internal":17.0,"distribution":"{\"name\": \"IntDistribution\", \"attributes\": {\"log\": false, \"step\": 1, \"low\": 5, \"high\": 20}}"}
{"op_code":6,"worker_id":"9caa06ad-f3e6-48f7-acc3-4a3625bbbd9f-140193173047104","trial_id":319,"state":1,"values":[0.8090730679941603],"datetime_complete":"2026-03-21T08:48:26.121243"}
{"op_code":0,"worker_id":"166919e8-db57-4bc7-9569-1d7f934f28f0-140193173047104","study_name":"rsf_tuning","directions":[2]}
{"op_code":4,"worker_id":"166919e8-db57-4bc7-9569-1d7f934f28f0-140193173047104","study_id":0,"datetime_start":"2026-03-21T09:00:10.617729"}
{"op_code":5,"worker_id":"166919e8-db57-4bc7-9569-1d7f934f28f0-140193173047104","trial_id":320,"param_name":"n_estimators","param_value_internal":140.0,"distribution":"{\"name\": \"IntDistribution\", \"attributes\": {\"log\": false, \"step\": 1, \"low\": 50, \"high\": 200}}"}
{"op_code":5,"worker_id":"166919e8-db57-4bc7-9569-1d7f934f28f0-140193173047104","trial_id":320,"param_name":"min_samples_split","param_value_internal":6.0,"distribution":"{\"name\": \"IntDistribution\", \"attributes\": {\"log\": false, \"step\": 1, \"low\": 5, \"high\": 20}}"}
{"op_code":5,"worker_id":"166919e8-db57-4bc7-9569-1d7f934f28f0-140193173047104","trial_id":320,"param_name":"min_samples_leaf","param_value_internal":17.0,"distribution":"{\"name\": \"IntDistribution\", \"attributes\": {\"log\": false, \"step\": 1, \"low\": 5, \"high\": 20}}"}
{"op_code":6,"worker_id":"166919e8-db57-4bc7-9569-1d7f934f28f0-140193173047104","trial_id":320,"state":1,"values":[0.7732346180889973],"datetime_complete":"2026-03-21T09:00:29.989907"}
{"op_code":4,"worker_id":"166919e8-db57-4bc7-9569-1d7f934f28f0-140193173047104","study_id":0,"datetime_start":"2026-03-21T09:00:30.015129"}
{"op_code":5,"worker_id":"166919e8-db57-4bc7-9569-1d7f934f28f0-140193173047104","trial_id":321,"param_name":"n_estimators","param_value_internal":147.0,"distribution":"{\"name\": \"IntDistribution\", \"attributes\": {\"log\": false, \"step\": 1, \"low\": 50, \"high\": 200}}"}
{"op_code":5,"worker_id":"166919e8-db57-4bc7-9569-1d7f934f28f0-140193173047104","trial_id":321,"param_name":"min_samples_split","param_value_internal":5.0,"distribution":"{\"name\": \"IntDistribution\", \"attributes\": {\"log\": false, \"step\": 1, \"low\": 5, \"high\": 20}}"}
{"op_code":5,"worker_id":"166919e8-db57-4bc7-9569-1d7f934f28f0-140193173047104","trial_id":321,"param_name":"min_samples_leaf","param_value_internal":17.0,"distribution":"{\"name\": \"IntDistribution\", \"attributes\": {\"log\": false, \"step\": 1, \"low\": 5, \"high\": 20}}"}
{"op_code":6,"worker_id":"166919e8-db57-4bc7-9569-1d7f934f28f0-140193173047104","trial_id":321,"state":1,"values":[0.7734886936380664],"datetime_complete":"2026-03-21T09:00:50.950003"}
{"op_code":4,"worker_id":"166919e8-db57-4bc7-9569-1d7f934f28f0-140193173047104","study_id":0,"datetime_start":"2026-03-21T09:00:50.978164"}
{"op_code":5,"worker_id":"166919e8-db57-4bc7-9569-1d7f934f28f0-140193173047104","trial_id":322,"param_name":"n_estimators","param_value_internal":142.0,"distribution":"{\"name\": \"IntDistribution\", \"attributes\": {\"log\": false, \"step\": 1, \"low\": 50, \"high\": 200}}"}
{"op_code":5,"worker_id":"166919e8-db57-4bc7-9569-1d7f934f28f0-140193173047104","trial_id":322,"param_name":"min_samples_split","param_value_internal":6.0,"distribution":"{\"name\": \"IntDistribution\", \"attributes\": {\"log\": false, \"step\": 1, \"low\": 5, \"high\": 20}}"}
{"op_code":5,"worker_id":"166919e8-db57-4bc7-9569-1d7f934f28f0-140193173047104","trial_id":322,"param_name":"min_samples_leaf","param_value_internal":17.0,"distribution":"{\"name\": \"IntDistribution\", \"attributes\": {\"log\": false, \"step\": 1, \"low\": 5, \"high\": 20}}"}
{"op_code":6,"worker_id":"166919e8-db57-4bc7-9569-1d7f934f28f0-140193173047104","trial_id":322,"state":1,"values":[0.773163713284606],"datetime_complete":"2026-03-21T09:01:11.066339"}
{"op_code":4,"worker_id":"166919e8-db57-4bc7-9569-1d7f934f28f0-140193173047104","study_id":0,"datetime_start":"2026-03-21T09:01:11.092533"}
{"op_code":5,"worker_id":"166919e8-db57-4bc7-9569-1d7f934f28f0-140193173047104","trial_id":323,"param_name":"n_estimators","param_value_internal":139.0,"distribution":"{\"name\": \"IntDistribution\", \"attributes\": {\"log\": false, \"step\": 1, \"low\": 50, \"high\": 200}}"}
{"op_code":5,"worker_id":"166919e8-db57-4bc7-9569-1d7f934f28f0-140193173047104","trial_id":323,"param_name":"min_samples_split","param_value_internal":6.0,"distribution":"{\"name\": \"IntDistribution\", \"attributes\": {\"log\": false, \"step\": 1, \"low\": 5, \"high\": 20}}"}
{"op_code":5,"worker_id":"166919e8-db57-4bc7-9569-1d7f934f28f0-140193173047104","trial_id":323,"param_name":"min_samples_leaf","param_value_internal":17.0,"distribution":"{\"name\": \"IntDistribution\", \"attributes\": {\"log\": false, \"step\": 1, \"low\": 5, \"high\": 20}}"}
{"op_code":6,"worker_id":"166919e8-db57-4bc7-9569-1d7f934f28f0-140193173047104","trial_id":323,"state":1,"values":[0.7729982687410261],"datetime_complete":"2026-03-21T09:01:30.776222"}
{"op_code":4,"worker_id":"166919e8-db57-4bc7-9569-1d7f934f28f0-140193173047104","study_id":0,"datetime_start":"2026-03-21T09:01:30.788483"}
{"op_code":5,"worker_id":"166919e8-db57-4bc7-9569-1d7f934f28f0-140193173047104","trial_id":324,"param_name":"n_estimators","param_value_internal":144.0,"distribution":"{\"name\": \"IntDistribution\", \"attributes\": {\"log\": false, \"step\": 1, \"low\": 50, \"high\": 200}}"}
{"op_code":5,"worker_id":"166919e8-db57-4bc7-9569-1d7f934f28f0-140193173047104","trial_id":324,"param_name":"min_samples_split","param_value_internal":6.0,"distribution":"{\"name\": \"IntDistribution\", \"attributes\": {\"log\": false, \"step\": 1, \"low\": 5, \"high\": 20}}"}
{"op_code":5,"worker_id":"166919e8-db57-4bc7-9569-1d7f934f28f0-140193173047104","trial_id":324,"param_name":"min_samples_leaf","param_value_internal":17.0,"distribution":"{\"name\": \"IntDistribution\", \"attributes\": {\"log\": false, \"step\": 1, \"low\": 5, \"high\": 20}}"}
{"op_code":6,"worker_id":"166919e8-db57-4bc7-9569-1d7f934f28f0-140193173047104","trial_id":324,"state":1,"values":[0.7731518958172074],"datetime_complete":"2026-03-21T09:01:51.109850"}
{"op_code":4,"worker_id":"166919e8-db57-4bc7-9569-1d7f934f28f0-140193173047104","study_id":0,"datetime_start":"2026-03-21T09:01:51.123452"}
{"op_code":5,"worker_id":"166919e8-db57-4bc7-9569-1d7f934f28f0-140193173047104","trial_id":325,"param_name":"n_estimators","param_value_internal":138.0,"distribution":"{\"name\": \"IntDistribution\", \"attributes\": {\"log\": false, \"step\": 1, \"low\": 50, \"high\": 200}}"}
{"op_code":5,"worker_id":"166919e8-db57-4bc7-9569-1d7f934f28f0-140193173047104","trial_id":325,"param_name":"min_samples_split","param_value_internal":5.0,"distribution":"{\"name\": \"IntDistribution\", \"attributes\": {\"log\": false, \"step\": 1, \"low\": 5, \"high\": 20}}"}
{"op_code":5,"worker_id":"166919e8-db57-4bc7-9569-1d7f934f28f0-140193173047104","trial_id":325,"param_name":"min_samples_leaf","param_value_internal":17.0,"distribution":"{\"name\": \"IntDistribution\", \"attributes\": {\"log\": false, \"step\": 1, \"low\": 5, \"high\": 20}}"}
{"op_code":6,"worker_id":"166919e8-db57-4bc7-9569-1d7f934f28f0-140193173047104","trial_id":325,"state":1,"values":[0.7731164434150117],"datetime_complete":"2026-03-21T09:02:10.585317"}
{"op_code":4,"worker_id":"166919e8-db57-4bc7-9569-1d7f934f28f0-140193173047104","study_id":0,"datetime_start":"2026-03-21T09:02:10.599464"}
{"op_code":5,"worker_id":"166919e8-db57-4bc7-9569-1d7f934f28f0-140193173047104","trial_id":326,"param_name":"n_estimators","param_value_internal":142.0,"distribution":"{\"name\": \"IntDistribution\", \"attributes\": {\"log\": false, \"step\": 1, \"low\": 50, \"high\": 200}}"}
{"op_code":5,"worker_id":"166919e8-db57-4bc7-9569-1d7f934f28f0-140193173047104","trial_id":326,"param_name":"min_samples_split","param_value_internal":6.0,"distribution":"{\"name\": \"IntDistribution\", \"attributes\": {\"log\": false, \"step\": 1, \"low\": 5, \"high\": 20}}"}
{"op_code":5,"worker_id":"166919e8-db57-4bc7-9569-1d7f934f28f0-140193173047104","trial_id":326,"param_name":"min_samples_leaf","param_value_internal":18.0,"distribution":"{\"name\": \"IntDistribution\", \"attributes\": {\"log\": false, \"step\": 1, \"low\": 5, \"high\": 20}}"}
{"op_code":6,"worker_id":"166919e8-db57-4bc7-9569-1d7f934f28f0-140193173047104","trial_id":326,"state":1,"values":[0.7768389456455587],"datetime_complete":"2026-03-21T09:02:30.271369"}
{"op_code":4,"worker_id":"166919e8-db57-4bc7-9569-1d7f934f28f0-140193173047104","study_id":0,"datetime_start":"2026-03-21T09:02:30.286433"}
{"op_code":5,"worker_id":"166919e8-db57-4bc7-9569-1d7f934f28f0-140193173047104","trial_id":327,"param_name":"n_estimators","param_value_internal":137.0,"distribution":"{\"name\": \"IntDistribution\", \"attributes\": {\"log\": false, \"step\": 1, \"low\": 50, \"high\": 200}}"}
{"op_code":5,"worker_id":"166919e8-db57-4bc7-9569-1d7f934f28f0-140193173047104","trial_id":327,"param_name":"min_samples_split","param_value_internal":6.0,"distribution":"{\"name\": \"IntDistribution\", \"attributes\": {\"log\": false, \"step\": 1, \"low\": 5, \"high\": 20}}"}
{"op_code":5,"worker_id":"166919e8-db57-4bc7-9569-1d7f934f28f0-140193173047104","trial_id":327,"param_name":"min_samples_leaf","param_value_internal":17.0,"distribution":"{\"name\": \"IntDistribution\", \"attributes\": {\"log\": false, \"step\": 1, \"low\": 5, \"high\": 20}}"}
{"op_code":6,"worker_id":"166919e8-db57-4bc7-9569-1d7f934f28f0-140193173047104","trial_id":327,"state":1,"values":[0.7728978202681384],"datetime_complete":"2026-03-21T09:02:49.155534"}
{"op_code":4,"worker_id":"166919e8-db57-4bc7-9569-1d7f934f28f0-140193173047104","study_id":0,"datetime_start":"2026-03-21T09:02:49.181189"}
{"op_code":5,"worker_id":"166919e8-db57-4bc7-9569-1d7f934f28f0-140193173047104","trial_id":328,"param_name":"n_estimators","param_value_internal":144.0,"distribution":"{\"name\": \"IntDistribution\", \"attributes\": {\"log\": false, \"step\": 1, \"low\": 50, \"high\": 200}}"}
{"op_code":5,"worker_id":"166919e8-db57-4bc7-9569-1d7f934f28f0-140193173047104","trial_id":328,"param_name":"min_samples_split","param_value_internal":6.0,"distribution":"{\"name\": \"IntDistribution\", \"attributes\": {\"log\": false, \"step\": 1, \"low\": 5, \"high\": 20}}"}
{"op_code":5,"worker_id":"166919e8-db57-4bc7-9569-1d7f934f28f0-140193173047104","trial_id":328,"param_name":"min_samples_leaf","param_value_internal":17.0,"distribution":"{\"name\": \"IntDistribution\", \"attributes\": {\"log\": false, \"step\": 1, \"low\": 5, \"high\": 20}}"}
{"op_code":6,"worker_id":"166919e8-db57-4bc7-9569-1d7f934f28f0-140193173047104","trial_id":328,"state":1,"values":[0.7731518958172074],"datetime_complete":"2026-03-21T09:03:09.636670"}
{"op_code":4,"worker_id":"166919e8-db57-4bc7-9569-1d7f934f28f0-140193173047104","study_id":0,"datetime_start":"2026-03-21T09:03:13.427422"}
{"op_code":5,"worker_id":"166919e8-db57-4bc7-9569-1d7f934f28f0-140193173047104","trial_id":329,"param_name":"n_estimators","param_value_internal":140.0,"distribution":"{\"name\": \"IntDistribution\", \"attributes\": {\"log\": false, \"step\": 1, \"low\": 50, \"high\": 200}}"}
{"op_code":5,"worker_id":"166919e8-db57-4bc7-9569-1d7f934f28f0-140193173047104","trial_id":329,"param_name":"min_samples_split","param_value_internal":5.0,"distribution":"{\"name\": \"IntDistribution\", \"attributes\": {\"log\": false, \"step\": 1, \"low\": 5, \"high\": 20}}"}
{"op_code":5,"worker_id":"166919e8-db57-4bc7-9569-1d7f934f28f0-140193173047104","trial_id":329,"param_name":"min_samples_leaf","param_value_internal":17.0,"distribution":"{\"name\": \"IntDistribution\", \"attributes\": {\"log\": false, \"step\": 1, \"low\": 5, \"high\": 20}}"}
{"op_code":6,"worker_id":"166919e8-db57-4bc7-9569-1d7f934f28f0-140193173047104","trial_id":329,"state":1,"values":[0.7732346180889973],"datetime_complete":"2026-03-21T09:03:32.833557"}
{"op_code":0,"worker_id":"9d6974af-77ad-4261-88b1-9734ab08b54e-140193173047104","study_name":"rsf_tuning","directions":[2]}
{"op_code":4,"worker_id":"9d6974af-77ad-4261-88b1-9734ab08b54e-140193173047104","study_id":0,"datetime_start":"2026-03-21T09:15:06.566607"}
{"op_code":5,"worker_id":"9d6974af-77ad-4261-88b1-9734ab08b54e-140193173047104","trial_id":330,"param_name":"n_estimators","param_value_internal":135.0,"distribution":"{\"name\": \"IntDistribution\", \"attributes\": {\"log\": false, \"step\": 1, \"low\": 50, \"high\": 200}}"}
{"op_code":5,"worker_id":"9d6974af-77ad-4261-88b1-9734ab08b54e-140193173047104","trial_id":330,"param_name":"min_samples_split","param_value_internal":6.0,"distribution":"{\"name\": \"IntDistribution\", \"attributes\": {\"log\": false, \"step\": 1, \"low\": 5, \"high\": 20}}"}
{"op_code":5,"worker_id":"9d6974af-77ad-4261-88b1-9734ab08b54e-140193173047104","trial_id":330,"param_name":"min_samples_leaf","param_value_internal":17.0,"distribution":"{\"name\": \"IntDistribution\", \"attributes\": {\"log\": false, \"step\": 1, \"low\": 5, \"high\": 20}}"}
{"op_code":6,"worker_id":"9d6974af-77ad-4261-88b1-9734ab08b54e-140193173047104","trial_id":330,"state":1,"values":[0.7947258929356266],"datetime_complete":"2026-03-21T09:15:25.094276"}
{"op_code":4,"worker_id":"9d6974af-77ad-4261-88b1-9734ab08b54e-140193173047104","study_id":0,"datetime_start":"2026-03-21T09:15:25.107739"}
{"op_code":5,"worker_id":"9d6974af-77ad-4261-88b1-9734ab08b54e-140193173047104","trial_id":331,"param_name":"n_estimators","param_value_internal":139.0,"distribution":"{\"name\": \"IntDistribution\", \"attributes\": {\"log\": false, \"step\": 1, \"low\": 50, \"high\": 200}}"}
{"op_code":5,"worker_id":"9d6974af-77ad-4261-88b1-9734ab08b54e-140193173047104","trial_id":331,"param_name":"min_samples_split","param_value_internal":6.0,"distribution":"{\"name\": \"IntDistribution\", \"attributes\": {\"log\": false, \"step\": 1, \"low\": 5, \"high\": 20}}"}
{"op_code":5,"worker_id":"9d6974af-77ad-4261-88b1-9734ab08b54e-140193173047104","trial_id":331,"param_name":"min_samples_leaf","param_value_internal":17.0,"distribution":"{\"name\": \"IntDistribution\", \"attributes\": {\"log\": false, \"step\": 1, \"low\": 5, \"high\": 20}}"}
{"op_code":6,"worker_id":"9d6974af-77ad-4261-88b1-9734ab08b54e-140193173047104","trial_id":331,"state":1,"values":[0.7945559494857746],"datetime_complete":"2026-03-21T09:15:44.258903"}
{"op_code":4,"worker_id":"9d6974af-77ad-4261-88b1-9734ab08b54e-140193173047104","study_id":0,"datetime_start":"2026-03-21T09:15:44.306007"}
{"op_code":5,"worker_id":"9d6974af-77ad-4261-88b1-9734ab08b54e-140193173047104","trial_id":332,"param_name":"n_estimators","param_value_internal":148.0,"distribution":"{\"name\": \"IntDistribution\", \"attributes\": {\"log\": false, \"step\": 1, \"low\": 50, \"high\": 200}}"}
{"op_code":5,"worker_id":"9d6974af-77ad-4261-88b1-9734ab08b54e-140193173047104","trial_id":332,"param_name":"min_samples_split","param_value_internal":6.0,"distribution":"{\"name\": \"IntDistribution\", \"attributes\": {\"log\": false, \"step\": 1, \"low\": 5, \"high\": 20}}"}
{"op_code":5,"worker_id":"9d6974af-77ad-4261-88b1-9734ab08b54e-140193173047104","trial_id":332,"param_name":"min_samples_leaf","param_value_internal":17.0,"distribution":"{\"name\": \"IntDistribution\", \"attributes\": {\"log\": false, \"step\": 1, \"low\": 5, \"high\": 20}}"}
{"op_code":6,"worker_id":"9d6974af-77ad-4261-88b1-9734ab08b54e-140193173047104","trial_id":332,"state":1,"values":[0.7949075566233994],"datetime_complete":"2026-03-21T09:16:05.285785"}
{"op_code":4,"worker_id":"9d6974af-77ad-4261-88b1-9734ab08b54e-140193173047104","study_id":0,"datetime_start":"2026-03-21T09:16:09.135720"}
{"op_code":5,"worker_id":"9d6974af-77ad-4261-88b1-9734ab08b54e-140193173047104","trial_id":333,"param_name":"n_estimators","param_value_internal":136.0,"distribution":"{\"name\": \"IntDistribution\", \"attributes\": {\"log\": false, \"step\": 1, \"low\": 50, \"high\": 200}}"}
{"op_code":5,"worker_id":"9d6974af-77ad-4261-88b1-9734ab08b54e-140193173047104","trial_id":333,"param_name":"min_samples_split","param_value_internal":5.0,"distribution":"{\"name\": \"IntDistribution\", \"attributes\": {\"log\": false, \"step\": 1, \"low\": 5, \"high\": 20}}"}
{"op_code":5,"worker_id":"9d6974af-77ad-4261-88b1-9734ab08b54e-140193173047104","trial_id":333,"param_name":"min_samples_leaf","param_value_internal":18.0,"distribution":"{\"name\": \"IntDistribution\", \"attributes\": {\"log\": false, \"step\": 1, \"low\": 5, \"high\": 20}}"}
{"op_code":6,"worker_id":"9d6974af-77ad-4261-88b1-9734ab08b54e-140193173047104","trial_id":333,"state":1,"values":[0.7934132262884936],"datetime_complete":"2026-03-21T09:16:27.113445"}
{"op_code":4,"worker_id":"9d6974af-77ad-4261-88b1-9734ab08b54e-140193173047104","study_id":0,"datetime_start":"2026-03-21T09:16:27.126842"}
{"op_code":5,"worker_id":"9d6974af-77ad-4261-88b1-9734ab08b54e-140193173047104","trial_id":334,"param_name":"n_estimators","param_value_internal":133.0,"distribution":"{\"name\": \"IntDistribution\", \"attributes\": {\"log\": false, \"step\": 1, \"low\": 50, \"high\": 200}}"}
{"op_code":5,"worker_id":"9d6974af-77ad-4261-88b1-9734ab08b54e-140193173047104","trial_id":334,"param_name":"min_samples_split","param_value_internal":6.0,"distribution":"{\"name\": \"IntDistribution\", \"attributes\": {\"log\": false, \"step\": 1, \"low\": 5, \"high\": 20}}"}
{"op_code":5,"worker_id":"9d6974af-77ad-4261-88b1-9734ab08b54e-140193173047104","trial_id":334,"param_name":"min_samples_leaf","param_value_internal":18.0,"distribution":"{\"name\": \"IntDistribution\", \"attributes\": {\"log\": false, \"step\": 1, \"low\": 5, \"high\": 20}}"}
{"op_code":6,"worker_id":"9d6974af-77ad-4261-88b1-9734ab08b54e-140193173047104","trial_id":334,"state":1,"values":[0.7929444167716605],"datetime_complete":"2026-03-21T09:16:45.416506"}
{"op_code":4,"worker_id":"9d6974af-77ad-4261-88b1-9734ab08b54e-140193173047104","study_id":0,"datetime_start":"2026-03-21T09:16:45.430772"}
{"op_code":5,"worker_id":"9d6974af-77ad-4261-88b1-9734ab08b54e-140193173047104","trial_id":335,"param_name":"n_estimators","param_value_internal":133.0,"distribution":"{\"name\": \"IntDistribution\", \"attributes\": {\"log\": false, \"step\": 1, \"low\": 50, \"high\": 200}}"}
{"op_code":5,"worker_id":"9d6974af-77ad-4261-88b1-9734ab08b54e-140193173047104","trial_id":335,"param_name":"min_samples_split","param_value_internal":6.0,"distribution":"{\"name\": \"IntDistribution\", \"attributes\": {\"log\": false, \"step\": 1, \"low\": 5, \"high\": 20}}"}
{"op_code":5,"worker_id":"9d6974af-77ad-4261-88b1-9734ab08b54e-140193173047104","trial_id":335,"param_name":"min_samples_leaf","param_value_internal":17.0,"distribution":"{\"name\": \"IntDistribution\", \"attributes\": {\"log\": false, \"step\": 1, \"low\": 5, \"high\": 20}}"}
{"op_code":6,"worker_id":"9d6974af-77ad-4261-88b1-9734ab08b54e-140193173047104","trial_id":335,"state":1,"values":[0.7943039643704767],"datetime_complete":"2026-03-21T09:17:04.377299"}
{"op_code":4,"worker_id":"9d6974af-77ad-4261-88b1-9734ab08b54e-140193173047104","study_id":0,"datetime_start":"2026-03-21T09:17:04.404615"}
{"op_code":5,"worker_id":"9d6974af-77ad-4261-88b1-9734ab08b54e-140193173047104","trial_id":336,"param_name":"n_estimators","param_value_internal":141.0,"distribution":"{\"name\": \"IntDistribution\", \"attributes\": {\"log\": false, \"step\": 1, \"low\": 50, \"high\": 200}}"}
{"op_code":5,"worker_id":"9d6974af-77ad-4261-88b1-9734ab08b54e-140193173047104","trial_id":336,"param_name":"min_samples_split","param_value_internal":6.0,"distribution":"{\"name\": \"IntDistribution\", \"attributes\": {\"log\": false, \"step\": 1, \"low\": 5, \"high\": 20}}"}
{"op_code":5,"worker_id":"9d6974af-77ad-4261-88b1-9734ab08b54e-140193173047104","trial_id":336,"param_name":"min_samples_leaf","param_value_internal":17.0,"distribution":"{\"name\": \"IntDistribution\", \"attributes\": {\"log\": false, \"step\": 1, \"low\": 5, \"high\": 20}}"}
{"op_code":6,"worker_id":"9d6974af-77ad-4261-88b1-9734ab08b54e-140193173047104","trial_id":336,"state":1,"values":[0.7947200328166661],"datetime_complete":"2026-03-21T09:17:24.486875"}
{"op_code":4,"worker_id":"9d6974af-77ad-4261-88b1-9734ab08b54e-140193173047104","study_id":0,"datetime_start":"2026-03-21T09:17:24.513952"}
{"op_code":5,"worker_id":"9d6974af-77ad-4261-88b1-9734ab08b54e-140193173047104","trial_id":337,"param_name":"n_estimators","param_value_internal":137.0,"distribution":"{\"name\": \"IntDistribution\", \"attributes\": {\"log\": false, \"step\": 1, \"low\": 50, \"high\": 200}}"}
{"op_code":5,"worker_id":"9d6974af-77ad-4261-88b1-9734ab08b54e-140193173047104","trial_id":337,"param_name":"min_samples_split","param_value_internal":6.0,"distribution":"{\"name\": \"IntDistribution\", \"attributes\": {\"log\": false, \"step\": 1, \"low\": 5, \"high\": 20}}"}
{"op_code":5,"worker_id":"9d6974af-77ad-4261-88b1-9734ab08b54e-140193173047104","trial_id":337,"param_name":"min_samples_leaf","param_value_internal":18.0,"distribution":"{\"name\": \"IntDistribution\", \"attributes\": {\"log\": false, \"step\": 1, \"low\": 5, \"high\": 20}}"}
{"op_code":6,"worker_id":"9d6974af-77ad-4261-88b1-9734ab08b54e-140193173047104","trial_id":337,"state":1,"values":[0.7932550030765625],"datetime_complete":"2026-03-21T09:17:43.408044"}
{"op_code":4,"worker_id":"9d6974af-77ad-4261-88b1-9734ab08b54e-140193173047104","study_id":0,"datetime_start":"2026-03-21T09:17:43.431491"}
{"op_code":5,"worker_id":"9d6974af-77ad-4261-88b1-9734ab08b54e-140193173047104","trial_id":338,"param_name":"n_estimators","param_value_internal":142.0,"distribution":"{\"name\": \"IntDistribution\", \"attributes\": {\"log\": false, \"step\": 1, \"low\": 50, \"high\": 200}}"}
{"op_code":5,"worker_id":"9d6974af-77ad-4261-88b1-9734ab08b54e-140193173047104","trial_id":338,"param_name":"min_samples_split","param_value_internal":6.0,"distribution":"{\"name\": \"IntDistribution\", \"attributes\": {\"log\": false, \"step\": 1, \"low\": 5, \"high\": 20}}"}
{"op_code":5,"worker_id":"9d6974af-77ad-4261-88b1-9734ab08b54e-140193173047104","trial_id":338,"param_name":"min_samples_leaf","param_value_internal":17.0,"distribution":"{\"name\": \"IntDistribution\", \"attributes\": {\"log\": false, \"step\": 1, \"low\": 5, \"high\": 20}}"}
{"op_code":6,"worker_id":"9d6974af-77ad-4261-88b1-9734ab08b54e-140193173047104","trial_id":338,"state":1,"values":[0.7946790119839433],"datetime_complete":"2026-03-21T09:18:03.408410"}
{"op_code":4,"worker_id":"9d6974af-77ad-4261-88b1-9734ab08b54e-140193173047104","study_id":0,"datetime_start":"2026-03-21T09:18:03.429385"}
{"op_code":5,"worker_id":"9d6974af-77ad-4261-88b1-9734ab08b54e-140193173047104","trial_id":339,"param_name":"n_estimators","param_value_internal":150.0,"distribution":"{\"name\": \"IntDistribution\", \"attributes\": {\"log\": false, \"step\": 1, \"low\": 50, \"high\": 200}}"}
{"op_code":5,"worker_id":"9d6974af-77ad-4261-88b1-9734ab08b54e-140193173047104","trial_id":339,"param_name":"min_samples_split","param_value_internal":5.0,"distribution":"{\"name\": \"IntDistribution\", \"attributes\": {\"log\": false, \"step\": 1, \"low\": 5, \"high\": 20}}"}
{"op_code":5,"worker_id":"9d6974af-77ad-4261-88b1-9734ab08b54e-140193173047104","trial_id":339,"param_name":"min_samples_leaf","param_value_internal":17.0,"distribution":"{\"name\": \"IntDistribution\", \"attributes\": {\"log\": false, \"step\": 1, \"low\": 5, \"high\": 20}}"}
{"op_code":6,"worker_id":"9d6974af-77ad-4261-88b1-9734ab08b54e-140193173047104","trial_id":339,"state":1,"values":[0.7950247590026077],"datetime_complete":"2026-03-21T09:18:24.622016"}
{"op_code":0,"worker_id":"4d7deb31-27b1-4a13-b64a-9a2b934f24ae-140193173047104","study_name":"rsf_tuning","directions":[2]}
{"op_code":4,"worker_id":"4d7deb31-27b1-4a13-b64a-9a2b934f24ae-140193173047104","study_id":0,"datetime_start":"2026-03-21T09:30:57.579148"}
{"op_code":5,"worker_id":"4d7deb31-27b1-4a13-b64a-9a2b934f24ae-140193173047104","trial_id":340,"param_name":"n_estimators","param_value_internal":132.0,"distribution":"{\"name\": \"IntDistribution\", \"attributes\": {\"log\": false, \"step\": 1, \"low\": 50, \"high\": 200}}"}
{"op_code":5,"worker_id":"4d7deb31-27b1-4a13-b64a-9a2b934f24ae-140193173047104","trial_id":340,"param_name":"min_samples_split","param_value_internal":6.0,"distribution":"{\"name\": \"IntDistribution\", \"attributes\": {\"log\": false, \"step\": 1, \"low\": 5, \"high\": 20}}"}
{"op_code":5,"worker_id":"4d7deb31-27b1-4a13-b64a-9a2b934f24ae-140193173047104","trial_id":340,"param_name":"min_samples_leaf","param_value_internal":18.0,"distribution":"{\"name\": \"IntDistribution\", \"attributes\": {\"log\": false, \"step\": 1, \"low\": 5, \"high\": 20}}"}
{"op_code":6,"worker_id":"4d7deb31-27b1-4a13-b64a-9a2b934f24ae-140193173047104","trial_id":340,"state":1,"values":[0.7963640394634741],"datetime_complete":"2026-03-21T09:31:15.262440"}
{"op_code":4,"worker_id":"4d7deb31-27b1-4a13-b64a-9a2b934f24ae-140193173047104","study_id":0,"datetime_start":"2026-03-21T09:31:15.280737"}
{"op_code":5,"worker_id":"4d7deb31-27b1-4a13-b64a-9a2b934f24ae-140193173047104","trial_id":341,"param_name":"n_estimators","param_value_internal":184.0,"distribution":"{\"name\": \"IntDistribution\", \"attributes\": {\"log\": false, \"step\": 1, \"low\": 50, \"high\": 200}}"}
{"op_code":5,"worker_id":"4d7deb31-27b1-4a13-b64a-9a2b934f24ae-140193173047104","trial_id":341,"param_name":"min_samples_split","param_value_internal":6.0,"distribution":"{\"name\": \"IntDistribution\", \"attributes\": {\"log\": false, \"step\": 1, \"low\": 5, \"high\": 20}}"}
{"op_code":5,"worker_id":"4d7deb31-27b1-4a13-b64a-9a2b934f24ae-140193173047104","trial_id":341,"param_name":"min_samples_leaf","param_value_internal":17.0,"distribution":"{\"name\": \"IntDistribution\", \"attributes\": {\"log\": false, \"step\": 1, \"low\": 5, \"high\": 20}}"}
{"op_code":6,"worker_id":"4d7deb31-27b1-4a13-b64a-9a2b934f24ae-140193173047104","trial_id":341,"state":1,"values":[0.7949404605627804],"datetime_complete":"2026-03-21T09:31:41.127842"}
{"op_code":4,"worker_id":"4d7deb31-27b1-4a13-b64a-9a2b934f24ae-140193173047104","study_id":0,"datetime_start":"2026-03-21T09:31:41.146561"}
{"op_code":5,"worker_id":"4d7deb31-27b1-4a13-b64a-9a2b934f24ae-140193173047104","trial_id":342,"param_name":"n_estimators","param_value_internal":178.0,"distribution":"{\"name\": \"IntDistribution\", \"attributes\": {\"log\": false, \"step\": 1, \"low\": 50, \"high\": 200}}"}
{"op_code":5,"worker_id":"4d7deb31-27b1-4a13-b64a-9a2b934f24ae-140193173047104","trial_id":342,"param_name":"min_samples_split","param_value_internal":5.0,"distribution":"{\"name\": \"IntDistribution\", \"attributes\": {\"log\": false, \"step\": 1, \"low\": 5, \"high\": 20}}"}
{"op_code":5,"worker_id":"4d7deb31-27b1-4a13-b64a-9a2b934f24ae-140193173047104","trial_id":342,"param_name":"min_samples_leaf","param_value_internal":17.0,"distribution":"{\"name\": \"IntDistribution\", \"attributes\": {\"log\": false, \"step\": 1, \"low\": 5, \"high\": 20}}"}
{"op_code":6,"worker_id":"4d7deb31-27b1-4a13-b64a-9a2b934f24ae-140193173047104","trial_id":342,"state":1,"values":[0.7947420930110444],"datetime_complete":"2026-03-21T09:32:06.206848"}
{"op_code":4,"worker_id":"4d7deb31-27b1-4a13-b64a-9a2b934f24ae-140193173047104","study_id":0,"datetime_start":"2026-03-21T09:32:06.234572"}
{"op_code":5,"worker_id":"4d7deb31-27b1-4a13-b64a-9a2b934f24ae-140193173047104","trial_id":343,"param_name":"n_estimators","param_value_internal":144.0,"distribution":"{\"name\": \"IntDistribution\", \"attributes\": {\"log\": false, \"step\": 1, \"low\": 50, \"high\": 200}}"}
{"op_code":5,"worker_id":"4d7deb31-27b1-4a13-b64a-9a2b934f24ae-140193173047104","trial_id":343,"param_name":"min_samples_split","param_value_internal":6.0,"distribution":"{\"name\": \"IntDistribution\", \"attributes\": {\"log\": false, \"step\": 1, \"low\": 5, \"high\": 20}}"}
{"op_code":5,"worker_id":"4d7deb31-27b1-4a13-b64a-9a2b934f24ae-140193173047104","trial_id":343,"param_name":"min_samples_leaf","param_value_internal":17.0,"distribution":"{\"name\": \"IntDistribution\", \"attributes\": {\"log\": false, \"step\": 1, \"low\": 5, \"high\": 20}}"}
{"op_code":6,"worker_id":"4d7deb31-27b1-4a13-b64a-9a2b934f24ae-140193173047104","trial_id":343,"state":1,"values":[0.7947070869725028],"datetime_complete":"2026-03-21T09:32:26.106037"}
{"op_code":4,"worker_id":"4d7deb31-27b1-4a13-b64a-9a2b934f24ae-140193173047104","study_id":0,"datetime_start":"2026-03-21T09:32:26.127116"}
{"op_code":5,"worker_id":"4d7deb31-27b1-4a13-b64a-9a2b934f24ae-140193173047104","trial_id":344,"param_name":"n_estimators","param_value_internal":136.0,"distribution":"{\"name\": \"IntDistribution\", \"attributes\": {\"log\": false, \"step\": 1, \"low\": 50, \"high\": 200}}"}
{"op_code":5,"worker_id":"4d7deb31-27b1-4a13-b64a-9a2b934f24ae-140193173047104","trial_id":344,"param_name":"min_samples_split","param_value_internal":6.0,"distribution":"{\"name\": \"IntDistribution\", \"attributes\": {\"log\": false, \"step\": 1, \"low\": 5, \"high\": 20}}"}
{"op_code":5,"worker_id":"4d7deb31-27b1-4a13-b64a-9a2b934f24ae-140193173047104","trial_id":344,"param_name":"min_samples_leaf","param_value_internal":17.0,"distribution":"{\"name\": \"IntDistribution\", \"attributes\": {\"log\": false, \"step\": 1, \"low\": 5, \"high\": 20}}"}
{"op_code":6,"worker_id":"4d7deb31-27b1-4a13-b64a-9a2b934f24ae-140193173047104","trial_id":344,"state":1,"values":[0.7940128005414268],"datetime_complete":"2026-03-21T09:32:44.547858"}
{"op_code":4,"worker_id":"4d7deb31-27b1-4a13-b64a-9a2b934f24ae-140193173047104","study_id":0,"datetime_start":"2026-03-21T09:32:44.568016"}
{"op_code":5,"worker_id":"4d7deb31-27b1-4a13-b64a-9a2b934f24ae-140193173047104","trial_id":345,"param_name":"n_estimators","param_value_internal":138.0,"distribution":"{\"name\": \"IntDistribution\", \"attributes\": {\"log\": false, \"step\": 1, \"low\": 50, \"high\": 200}}"}
{"op_code":5,"worker_id":"4d7deb31-27b1-4a13-b64a-9a2b934f24ae-140193173047104","trial_id":345,"param_name":"min_samples_split","param_value_internal":6.0,"distribution":"{\"name\": \"IntDistribution\", \"attributes\": {\"log\": false, \"step\": 1, \"low\": 5, \"high\": 20}}"}
{"op_code":5,"worker_id":"4d7deb31-27b1-4a13-b64a-9a2b934f24ae-140193173047104","trial_id":345,"param_name":"min_samples_leaf","param_value_internal":18.0,"distribution":"{\"name\": \"IntDistribution\", \"attributes\": {\"log\": false, \"step\": 1, \"low\": 5, \"high\": 20}}"}
{"op_code":6,"worker_id":"4d7deb31-27b1-4a13-b64a-9a2b934f24ae-140193173047104","trial_id":345,"state":1,"values":[0.7969124674006266],"datetime_complete":"2026-03-21T09:33:03.195130"}
{"op_code":4,"worker_id":"4d7deb31-27b1-4a13-b64a-9a2b934f24ae-140193173047104","study_id":0,"datetime_start":"2026-03-21T09:33:03.217876"}
{"op_code":5,"worker_id":"4d7deb31-27b1-4a13-b64a-9a2b934f24ae-140193173047104","trial_id":346,"param_name":"n_estimators","param_value_internal":180.0,"distribution":"{\"name\": \"IntDistribution\", \"attributes\": {\"log\": false, \"step\": 1, \"low\": 50, \"high\": 200}}"}
{"op_code":5,"worker_id":"4d7deb31-27b1-4a13-b64a-9a2b934f24ae-140193173047104","trial_id":346,"param_name":"min_samples_split","param_value_internal":6.0,"distribution":"{\"name\": \"IntDistribution\", \"attributes\": {\"log\": false, \"step\": 1, \"low\": 5, \"high\": 20}}"}
{"op_code":5,"worker_id":"4d7deb31-27b1-4a13-b64a-9a2b934f24ae-140193173047104","trial_id":346,"param_name":"min_samples_leaf","param_value_internal":16.0,"distribution":"{\"name\": \"IntDistribution\", \"attributes\": {\"log\": false, \"step\": 1, \"low\": 5, \"high\": 20}}"}
{"op_code":6,"worker_id":"4d7deb31-27b1-4a13-b64a-9a2b934f24ae-140193173047104","trial_id":346,"state":1,"values":[0.7987386157445493],"datetime_complete":"2026-03-21T09:33:28.509305"}
{"op_code":4,"worker_id":"4d7deb31-27b1-4a13-b64a-9a2b934f24ae-140193173047104","study_id":0,"datetime_start":"2026-03-21T09:33:28.535686"}
{"op_code":5,"worker_id":"4d7deb31-27b1-4a13-b64a-9a2b934f24ae-140193173047104","trial_id":347,"param_name":"n_estimators","param_value_internal":180.0,"distribution":"{\"name\": \"IntDistribution\", \"attributes\": {\"log\": false, \"step\": 1, \"low\": 50, \"high\": 200}}"}
{"op_code":5,"worker_id":"4d7deb31-27b1-4a13-b64a-9a2b934f24ae-140193173047104","trial_id":347,"param_name":"min_samples_split","param_value_internal":5.0,"distribution":"{\"name\": \"IntDistribution\", \"attributes\": {\"log\": false, \"step\": 1, \"low\": 5, \"high\": 20}}"}
{"op_code":5,"worker_id":"4d7deb31-27b1-4a13-b64a-9a2b934f24ae-140193173047104","trial_id":347,"param_name":"min_samples_leaf","param_value_internal":16.0,"distribution":"{\"name\": \"IntDistribution\", \"attributes\": {\"log\": false, \"step\": 1, \"low\": 5, \"high\": 20}}"}
{"op_code":6,"worker_id":"4d7deb31-27b1-4a13-b64a-9a2b934f24ae-140193173047104","trial_id":347,"state":1,"values":[0.7987386157445493],"datetime_complete":"2026-03-21T09:33:53.802922"}
{"op_code":4,"worker_id":"4d7deb31-27b1-4a13-b64a-9a2b934f24ae-140193173047104","study_id":0,"datetime_start":"2026-03-21T09:33:53.828492"}
{"op_code":5,"worker_id":"4d7deb31-27b1-4a13-b64a-9a2b934f24ae-140193173047104","trial_id":348,"param_name":"n_estimators","param_value_internal":183.0,"distribution":"{\"name\": \"IntDistribution\", \"attributes\": {\"log\": false, \"step\": 1, \"low\": 50, \"high\": 200}}"}
{"op_code":5,"worker_id":"4d7deb31-27b1-4a13-b64a-9a2b934f24ae-140193173047104","trial_id":348,"param_name":"min_samples_split","param_value_internal":5.0,"distribution":"{\"name\": \"IntDistribution\", \"attributes\": {\"log\": false, \"step\": 1, \"low\": 5, \"high\": 20}}"}
{"op_code":5,"worker_id":"4d7deb31-27b1-4a13-b64a-9a2b934f24ae-140193173047104","trial_id":348,"param_name":"min_samples_leaf","param_value_internal":16.0,"distribution":"{\"name\": \"IntDistribution\", \"attributes\": {\"log\": false, \"step\": 1, \"low\": 5, \"high\": 20}}"}
{"op_code":6,"worker_id":"4d7deb31-27b1-4a13-b64a-9a2b934f24ae-140193173047104","trial_id":348,"state":1,"values":[0.7986977753662506],"datetime_complete":"2026-03-21T09:34:19.427861"}
{"op_code":4,"worker_id":"4d7deb31-27b1-4a13-b64a-9a2b934f24ae-140193173047104","study_id":0,"datetime_start":"2026-03-21T09:34:19.457593"}
{"op_code":5,"worker_id":"4d7deb31-27b1-4a13-b64a-9a2b934f24ae-140193173047104","trial_id":349,"param_name":"n_estimators","param_value_internal":184.0,"distribution":"{\"name\": \"IntDistribution\", \"attributes\": {\"log\": false, \"step\": 1, \"low\": 50, \"high\": 200}}"}
{"op_code":5,"worker_id":"4d7deb31-27b1-4a13-b64a-9a2b934f24ae-140193173047104","trial_id":349,"param_name":"min_samples_split","param_value_internal":5.0,"distribution":"{\"name\": \"IntDistribution\", \"attributes\": {\"log\": false, \"step\": 1, \"low\": 5, \"high\": 20}}"}
{"op_code":5,"worker_id":"4d7deb31-27b1-4a13-b64a-9a2b934f24ae-140193173047104","trial_id":349,"param_name":"min_samples_leaf","param_value_internal":16.0,"distribution":"{\"name\": \"IntDistribution\", \"attributes\": {\"log\": false, \"step\": 1, \"low\": 5, \"high\": 20}}"}
{"op_code":6,"worker_id":"4d7deb31-27b1-4a13-b64a-9a2b934f24ae-140193173047104","trial_id":349,"state":1,"values":[0.7987911248023617],"datetime_complete":"2026-03-21T09:34:44.838319"}
{"op_code":0,"worker_id":"c8e7c79f-f879-4e82-a30e-c15ddf8a0bad-140193173047104","study_name":"rsf_tuning","directions":[2]}
{"op_code":4,"worker_id":"c8e7c79f-f879-4e82-a30e-c15ddf8a0bad-140193173047104","study_id":0,"datetime_start":"2026-03-21T09:47:43.316868"}
{"op_code":5,"worker_id":"c8e7c79f-f879-4e82-a30e-c15ddf8a0bad-140193173047104","trial_id":350,"param_name":"n_estimators","param_value_internal":187.0,"distribution":"{\"name\": \"IntDistribution\", \"attributes\": {\"log\": false, \"step\": 1, \"low\": 50, \"high\": 200}}"}
{"op_code":5,"worker_id":"c8e7c79f-f879-4e82-a30e-c15ddf8a0bad-140193173047104","trial_id":350,"param_name":"min_samples_split","param_value_internal":5.0,"distribution":"{\"name\": \"IntDistribution\", \"attributes\": {\"log\": false, \"step\": 1, \"low\": 5, \"high\": 20}}"}
{"op_code":5,"worker_id":"c8e7c79f-f879-4e82-a30e-c15ddf8a0bad-140193173047104","trial_id":350,"param_name":"min_samples_leaf","param_value_internal":16.0,"distribution":"{\"name\": \"IntDistribution\", \"attributes\": {\"log\": false, \"step\": 1, \"low\": 5, \"high\": 20}}"}
{"op_code":6,"worker_id":"c8e7c79f-f879-4e82-a30e-c15ddf8a0bad-140193173047104","trial_id":350,"state":1,"values":[0.7623134672306605],"datetime_complete":"2026-03-21T09:48:10.432112"}
{"op_code":4,"worker_id":"c8e7c79f-f879-4e82-a30e-c15ddf8a0bad-140193173047104","study_id":0,"datetime_start":"2026-03-21T09:48:10.445821"}
{"op_code":5,"worker_id":"c8e7c79f-f879-4e82-a30e-c15ddf8a0bad-140193173047104","trial_id":351,"param_name":"n_estimators","param_value_internal":184.0,"distribution":"{\"name\": \"IntDistribution\", \"attributes\": {\"log\": false, \"step\": 1, \"low\": 50, \"high\": 200}}"}
{"op_code":5,"worker_id":"c8e7c79f-f879-4e82-a30e-c15ddf8a0bad-140193173047104","trial_id":351,"param_name":"min_samples_split","param_value_internal":5.0,"distribution":"{\"name\": \"IntDistribution\", \"attributes\": {\"log\": false, \"step\": 1, \"low\": 5, \"high\": 20}}"}
{"op_code":5,"worker_id":"c8e7c79f-f879-4e82-a30e-c15ddf8a0bad-140193173047104","trial_id":351,"param_name":"min_samples_leaf","param_value_internal":16.0,"distribution":"{\"name\": \"IntDistribution\", \"attributes\": {\"log\": false, \"step\": 1, \"low\": 5, \"high\": 20}}"}
{"op_code":6,"worker_id":"c8e7c79f-f879-4e82-a30e-c15ddf8a0bad-140193173047104","trial_id":351,"state":1,"values":[0.7623237092495673],"datetime_complete":"2026-03-21T09:48:37.154625"}
{"op_code":4,"worker_id":"c8e7c79f-f879-4e82-a30e-c15ddf8a0bad-140193173047104","study_id":0,"datetime_start":"2026-03-21T09:48:37.171344"}
{"op_code":5,"worker_id":"c8e7c79f-f879-4e82-a30e-c15ddf8a0bad-140193173047104","trial_id":352,"param_name":"n_estimators","param_value_internal":183.0,"distribution":"{\"name\": \"IntDistribution\", \"attributes\": {\"log\": false, \"step\": 1, \"low\": 50, \"high\": 200}}"}
{"op_code":5,"worker_id":"c8e7c79f-f879-4e82-a30e-c15ddf8a0bad-140193173047104","trial_id":352,"param_name":"min_samples_split","param_value_internal":5.0,"distribution":"{\"name\": \"IntDistribution\", \"attributes\": {\"log\": false, \"step\": 1, \"low\": 5, \"high\": 20}}"}
{"op_code":5,"worker_id":"c8e7c79f-f879-4e82-a30e-c15ddf8a0bad-140193173047104","trial_id":352,"param_name":"min_samples_leaf","param_value_internal":16.0,"distribution":"{\"name\": \"IntDistribution\", \"attributes\": {\"log\": false, \"step\": 1, \"low\": 5, \"high\": 20}}"}
{"op_code":6,"worker_id":"c8e7c79f-f879-4e82-a30e-c15ddf8a0bad-140193173047104","trial_id":352,"state":1,"values":[0.7622315310794063],"datetime_complete":"2026-03-21T09:49:03.786629"}
{"op_code":4,"worker_id":"c8e7c79f-f879-4e82-a30e-c15ddf8a0bad-140193173047104","study_id":0,"datetime_start":"2026-03-21T09:49:03.805956"}
{"op_code":5,"worker_id":"c8e7c79f-f879-4e82-a30e-c15ddf8a0bad-140193173047104","trial_id":353,"param_name":"n_estimators","param_value_internal":190.0,"distribution":"{\"name\": \"IntDistribution\", \"attributes\": {\"log\": false, \"step\": 1, \"low\": 50, \"high\": 200}}"}
{"op_code":5,"worker_id":"c8e7c79f-f879-4e82-a30e-c15ddf8a0bad-140193173047104","trial_id":353,"param_name":"min_samples_split","param_value_internal":5.0,"distribution":"{\"name\": \"IntDistribution\", \"attributes\": {\"log\": false, \"step\": 1, \"low\": 5, \"high\": 20}}"}
{"op_code":5,"worker_id":"c8e7c79f-f879-4e82-a30e-c15ddf8a0bad-140193173047104","trial_id":353,"param_name":"min_samples_leaf","param_value_internal":16.0,"distribution":"{\"name\": \"IntDistribution\", \"attributes\": {\"log\": false, \"step\": 1, \"low\": 5, \"high\": 20}}"}
{"op_code":6,"worker_id":"c8e7c79f-f879-4e82-a30e-c15ddf8a0bad-140193173047104","trial_id":353,"state":1,"values":[0.7621291108903387],"datetime_complete":"2026-03-21T09:49:31.338183"}
{"op_code":4,"worker_id":"c8e7c79f-f879-4e82-a30e-c15ddf8a0bad-140193173047104","study_id":0,"datetime_start":"2026-03-21T09:49:31.366938"}
{"op_code":5,"worker_id":"c8e7c79f-f879-4e82-a30e-c15ddf8a0bad-140193173047104","trial_id":354,"param_name":"n_estimators","param_value_internal":186.0,"distribution":"{\"name\": \"IntDistribution\", \"attributes\": {\"log\": false, \"step\": 1, \"low\": 50, \"high\": 200}}"}
{"op_code":5,"worker_id":"c8e7c79f-f879-4e82-a30e-c15ddf8a0bad-140193173047104","trial_id":354,"param_name":"min_samples_split","param_value_internal":5.0,"distribution":"{\"name\": \"IntDistribution\", \"attributes\": {\"log\": false, \"step\": 1, \"low\": 5, \"high\": 20}}"}
{"op_code":5,"worker_id":"c8e7c79f-f879-4e82-a30e-c15ddf8a0bad-140193173047104","trial_id":354,"param_name":"min_samples_leaf","param_value_internal":16.0,"distribution":"{\"name\": \"IntDistribution\", \"attributes\": {\"log\": false, \"step\": 1, \"low\": 5, \"high\": 20}}"}
{"op_code":6,"worker_id":"c8e7c79f-f879-4e82-a30e-c15ddf8a0bad-140193173047104","trial_id":354,"state":1,"values":[0.762333951268474],"datetime_complete":"2026-03-21T09:49:58.302064"}
{"op_code":4,"worker_id":"c8e7c79f-f879-4e82-a30e-c15ddf8a0bad-140193173047104","study_id":0,"datetime_start":"2026-03-21T09:49:58.324949"}
{"op_code":5,"worker_id":"c8e7c79f-f879-4e82-a30e-c15ddf8a0bad-140193173047104","trial_id":355,"param_name":"n_estimators","param_value_internal":181.0,"distribution":"{\"name\": \"IntDistribution\", \"attributes\": {\"log\": false, \"step\": 1, \"low\": 50, \"high\": 200}}"}
{"op_code":5,"worker_id":"c8e7c79f-f879-4e82-a30e-c15ddf8a0bad-140193173047104","trial_id":355,"param_name":"min_samples_split","param_value_internal":5.0,"distribution":"{\"name\": \"IntDistribution\", \"attributes\": {\"log\": false, \"step\": 1, \"low\": 5, \"high\": 20}}"}
{"op_code":5,"worker_id":"c8e7c79f-f879-4e82-a30e-c15ddf8a0bad-140193173047104","trial_id":355,"param_name":"min_samples_leaf","param_value_internal":17.0,"distribution":"{\"name\": \"IntDistribution\", \"attributes\": {\"log\": false, \"step\": 1, \"low\": 5, \"high\": 20}}"}
{"op_code":6,"worker_id":"c8e7c79f-f879-4e82-a30e-c15ddf8a0bad-140193173047104","trial_id":355,"state":1,"values":[0.7644898962483485],"datetime_complete":"2026-03-21T09:50:24.193227"}
{"op_code":4,"worker_id":"c8e7c79f-f879-4e82-a30e-c15ddf8a0bad-140193173047104","study_id":0,"datetime_start":"2026-03-21T09:50:24.215582"}
{"op_code":5,"worker_id":"c8e7c79f-f879-4e82-a30e-c15ddf8a0bad-140193173047104","trial_id":356,"param_name":"n_estimators","param_value_internal":179.0,"distribution":"{\"name\": \"IntDistribution\", \"attributes\": {\"log\": false, \"step\": 1, \"low\": 50, \"high\": 200}}"}
{"op_code":5,"worker_id":"c8e7c79f-f879-4e82-a30e-c15ddf8a0bad-140193173047104","trial_id":356,"param_name":"min_samples_split","param_value_internal":5.0,"distribution":"{\"name\": \"IntDistribution\", \"attributes\": {\"log\": false, \"step\": 1, \"low\": 5, \"high\": 20}}"}
{"op_code":5,"worker_id":"c8e7c79f-f879-4e82-a30e-c15ddf8a0bad-140193173047104","trial_id":356,"param_name":"min_samples_leaf","param_value_internal":17.0,"distribution":"{\"name\": \"IntDistribution\", \"attributes\": {\"log\": false, \"step\": 1, \"low\": 5, \"high\": 20}}"}
{"op_code":6,"worker_id":"c8e7c79f-f879-4e82-a30e-c15ddf8a0bad-140193173047104","trial_id":356,"state":1,"values":[0.7646384055224966],"datetime_complete":"2026-03-21T09:50:49.629806"}
{"op_code":4,"worker_id":"c8e7c79f-f879-4e82-a30e-c15ddf8a0bad-140193173047104","study_id":0,"datetime_start":"2026-03-21T09:50:49.651538"}
{"op_code":5,"worker_id":"c8e7c79f-f879-4e82-a30e-c15ddf8a0bad-140193173047104","trial_id":357,"param_name":"n_estimators","param_value_internal":181.0,"distribution":"{\"name\": \"IntDistribution\", \"attributes\": {\"log\": false, \"step\": 1, \"low\": 50, \"high\": 200}}"}
{"op_code":5,"worker_id":"c8e7c79f-f879-4e82-a30e-c15ddf8a0bad-140193173047104","trial_id":357,"param_name":"min_samples_split","param_value_internal":6.0,"distribution":"{\"name\": \"IntDistribution\", \"attributes\": {\"log\": false, \"step\": 1, \"low\": 5, \"high\": 20}}"}
{"op_code":5,"worker_id":"c8e7c79f-f879-4e82-a30e-c15ddf8a0bad-140193173047104","trial_id":357,"param_name":"min_samples_leaf","param_value_internal":17.0,"distribution":"{\"name\": \"IntDistribution\", \"attributes\": {\"log\": false, \"step\": 1, \"low\": 5, \"high\": 20}}"}
{"op_code":6,"worker_id":"c8e7c79f-f879-4e82-a30e-c15ddf8a0bad-140193173047104","trial_id":357,"state":1,"values":[0.7644898962483485],"datetime_complete":"2026-03-21T09:51:14.738609"}
{"op_code":4,"worker_id":"c8e7c79f-f879-4e82-a30e-c15ddf8a0bad-140193173047104","study_id":0,"datetime_start":"2026-03-21T09:51:14.754102"}
{"op_code":5,"worker_id":"c8e7c79f-f879-4e82-a30e-c15ddf8a0bad-140193173047104","trial_id":358,"param_name":"n_estimators","param_value_internal":188.0,"distribution":"{\"name\": \"IntDistribution\", \"attributes\": {\"log\": false, \"step\": 1, \"low\": 50, \"high\": 200}}"}
{"op_code":5,"worker_id":"c8e7c79f-f879-4e82-a30e-c15ddf8a0bad-140193173047104","trial_id":358,"param_name":"min_samples_split","param_value_internal":6.0,"distribution":"{\"name\": \"IntDistribution\", \"attributes\": {\"log\": false, \"step\": 1, \"low\": 5, \"high\": 20}}"}
{"op_code":5,"worker_id":"c8e7c79f-f879-4e82-a30e-c15ddf8a0bad-140193173047104","trial_id":358,"param_name":"min_samples_leaf","param_value_internal":15.0,"distribution":"{\"name\": \"IntDistribution\", \"attributes\": {\"log\": false, \"step\": 1, \"low\": 5, \"high\": 20}}"}
{"op_code":6,"worker_id":"c8e7c79f-f879-4e82-a30e-c15ddf8a0bad-140193173047104","trial_id":358,"state":1,"values":[0.7614326536046786],"datetime_complete":"2026-03-21T09:51:42.239179"}
{"op_code":4,"worker_id":"c8e7c79f-f879-4e82-a30e-c15ddf8a0bad-140193173047104","study_id":0,"datetime_start":"2026-03-21T09:51:42.261711"}
{"op_code":5,"worker_id":"c8e7c79f-f879-4e82-a30e-c15ddf8a0bad-140193173047104","trial_id":359,"param_name":"n_estimators","param_value_internal":184.0,"distribution":"{\"name\": \"IntDistribution\", \"attributes\": {\"log\": false, \"step\": 1, \"low\": 50, \"high\": 200}}"}
{"op_code":5,"worker_id":"c8e7c79f-f879-4e82-a30e-c15ddf8a0bad-140193173047104","trial_id":359,"param_name":"min_samples_split","param_value_internal":5.0,"distribution":"{\"name\": \"IntDistribution\", \"attributes\": {\"log\": false, \"step\": 1, \"low\": 5, \"high\": 20}}"}
{"op_code":5,"worker_id":"c8e7c79f-f879-4e82-a30e-c15ddf8a0bad-140193173047104","trial_id":359,"param_name":"min_samples_leaf","param_value_internal":16.0,"distribution":"{\"name\": \"IntDistribution\", \"attributes\": {\"log\": false, \"step\": 1, \"low\": 5, \"high\": 20}}"}
{"op_code":6,"worker_id":"c8e7c79f-f879-4e82-a30e-c15ddf8a0bad-140193173047104","trial_id":359,"state":1,"values":[0.7623237092495673],"datetime_complete":"2026-03-21T09:52:08.250215"}
{"op_code":0,"worker_id":"0e269da1-b435-4a8d-936c-9f034a80e11e-140193173047104","study_name":"rsf_tuning","directions":[2]}
{"op_code":4,"worker_id":"0e269da1-b435-4a8d-936c-9f034a80e11e-140193173047104","study_id":0,"datetime_start":"2026-03-21T10:05:23.679264"}
{"op_code":5,"worker_id":"0e269da1-b435-4a8d-936c-9f034a80e11e-140193173047104","trial_id":360,"param_name":"n_estimators","param_value_internal":178.0,"distribution":"{\"name\": \"IntDistribution\", \"attributes\": {\"log\": false, \"step\": 1, \"low\": 50, \"high\": 200}}"}
{"op_code":5,"worker_id":"0e269da1-b435-4a8d-936c-9f034a80e11e-140193173047104","trial_id":360,"param_name":"min_samples_split","param_value_internal":6.0,"distribution":"{\"name\": \"IntDistribution\", \"attributes\": {\"log\": false, \"step\": 1, \"low\": 5, \"high\": 20}}"}
{"op_code":5,"worker_id":"0e269da1-b435-4a8d-936c-9f034a80e11e-140193173047104","trial_id":360,"param_name":"min_samples_leaf","param_value_internal":18.0,"distribution":"{\"name\": \"IntDistribution\", \"attributes\": {\"log\": false, \"step\": 1, \"low\": 5, \"high\": 20}}"}
{"op_code":6,"worker_id":"0e269da1-b435-4a8d-936c-9f034a80e11e-140193173047104","trial_id":360,"state":1,"values":[0.7392187934103701],"datetime_complete":"2026-03-21T10:05:47.930247"}
{"op_code":4,"worker_id":"0e269da1-b435-4a8d-936c-9f034a80e11e-140193173047104","study_id":0,"datetime_start":"2026-03-21T10:05:51.571511"}
{"op_code":5,"worker_id":"0e269da1-b435-4a8d-936c-9f034a80e11e-140193173047104","trial_id":361,"param_name":"n_estimators","param_value_internal":181.0,"distribution":"{\"name\": \"IntDistribution\", \"attributes\": {\"log\": false, \"step\": 1, \"low\": 50, \"high\": 200}}"}
{"op_code":5,"worker_id":"0e269da1-b435-4a8d-936c-9f034a80e11e-140193173047104","trial_id":361,"param_name":"min_samples_split","param_value_internal":6.0,"distribution":"{\"name\": \"IntDistribution\", \"attributes\": {\"log\": false, \"step\": 1, \"low\": 5, \"high\": 20}}"}
{"op_code":5,"worker_id":"0e269da1-b435-4a8d-936c-9f034a80e11e-140193173047104","trial_id":361,"param_name":"min_samples_leaf","param_value_internal":16.0,"distribution":"{\"name\": \"IntDistribution\", \"attributes\": {\"log\": false, \"step\": 1, \"low\": 5, \"high\": 20}}"}
{"op_code":6,"worker_id":"0e269da1-b435-4a8d-936c-9f034a80e11e-140193173047104","trial_id":361,"state":1,"values":[0.7419764773674408],"datetime_complete":"2026-03-21T10:06:18.175693"}
{"op_code":4,"worker_id":"0e269da1-b435-4a8d-936c-9f034a80e11e-140193173047104","study_id":0,"datetime_start":"2026-03-21T10:06:18.194444"}
{"op_code":5,"worker_id":"0e269da1-b435-4a8d-936c-9f034a80e11e-140193173047104","trial_id":362,"param_name":"n_estimators","param_value_internal":177.0,"distribution":"{\"name\": \"IntDistribution\", \"attributes\": {\"log\": false, \"step\": 1, \"low\": 50, \"high\": 200}}"}
{"op_code":5,"worker_id":"0e269da1-b435-4a8d-936c-9f034a80e11e-140193173047104","trial_id":362,"param_name":"min_samples_split","param_value_internal":5.0,"distribution":"{\"name\": \"IntDistribution\", \"attributes\": {\"log\": false, \"step\": 1, \"low\": 5, \"high\": 20}}"}
{"op_code":5,"worker_id":"0e269da1-b435-4a8d-936c-9f034a80e11e-140193173047104","trial_id":362,"param_name":"min_samples_leaf","param_value_internal":17.0,"distribution":"{\"name\": \"IntDistribution\", \"attributes\": {\"log\": false, \"step\": 1, \"low\": 5, \"high\": 20}}"}
{"op_code":6,"worker_id":"0e269da1-b435-4a8d-936c-9f034a80e11e-140193173047104","trial_id":362,"state":1,"values":[0.742866550734182],"datetime_complete":"2026-03-21T10:06:43.336038"}
{"op_code":4,"worker_id":"0e269da1-b435-4a8d-936c-9f034a80e11e-140193173047104","study_id":0,"datetime_start":"2026-03-21T10:06:43.350878"}
{"op_code":5,"worker_id":"0e269da1-b435-4a8d-936c-9f034a80e11e-140193173047104","trial_id":363,"param_name":"n_estimators","param_value_internal":185.0,"distribution":"{\"name\": \"IntDistribution\", \"attributes\": {\"log\": false, \"step\": 1, \"low\": 50, \"high\": 200}}"}
{"op_code":5,"worker_id":"0e269da1-b435-4a8d-936c-9f034a80e11e-140193173047104","trial_id":363,"param_name":"min_samples_split","param_value_internal":6.0,"distribution":"{\"name\": \"IntDistribution\", \"attributes\": {\"log\": false, \"step\": 1, \"low\": 5, \"high\": 20}}"}
{"op_code":5,"worker_id":"0e269da1-b435-4a8d-936c-9f034a80e11e-140193173047104","trial_id":363,"param_name":"min_samples_leaf","param_value_internal":17.0,"distribution":"{\"name\": \"IntDistribution\", \"attributes\": {\"log\": false, \"step\": 1, \"low\": 5, \"high\": 20}}"}
{"op_code":6,"worker_id":"0e269da1-b435-4a8d-936c-9f034a80e11e-140193173047104","trial_id":363,"state":1,"values":[0.7438543778232819],"datetime_complete":"2026-03-21T10:07:09.641287"}
{"op_code":4,"worker_id":"0e269da1-b435-4a8d-936c-9f034a80e11e-140193173047104","study_id":0,"datetime_start":"2026-03-21T10:07:09.674526"}
{"op_code":5,"worker_id":"0e269da1-b435-4a8d-936c-9f034a80e11e-140193173047104","trial_id":364,"param_name":"n_estimators","param_value_internal":180.0,"distribution":"{\"name\": \"IntDistribution\", \"attributes\": {\"log\": false, \"step\": 1, \"low\": 50, \"high\": 200}}"}
{"op_code":5,"worker_id":"0e269da1-b435-4a8d-936c-9f034a80e11e-140193173047104","trial_id":364,"param_name":"min_samples_split","param_value_internal":6.0,"distribution":"{\"name\": \"IntDistribution\", \"attributes\": {\"log\": false, \"step\": 1, \"low\": 5, \"high\": 20}}"}
{"op_code":5,"worker_id":"0e269da1-b435-4a8d-936c-9f034a80e11e-140193173047104","trial_id":364,"param_name":"min_samples_leaf","param_value_internal":16.0,"distribution":"{\"name\": \"IntDistribution\", \"attributes\": {\"log\": false, \"step\": 1, \"low\": 5, \"high\": 20}}"}
{"op_code":6,"worker_id":"0e269da1-b435-4a8d-936c-9f034a80e11e-140193173047104","trial_id":364,"state":1,"values":[0.7420382165605095],"datetime_complete":"2026-03-21T10:07:35.968274"}
{"op_code":4,"worker_id":"0e269da1-b435-4a8d-936c-9f034a80e11e-140193173047104","study_id":0,"datetime_start":"2026-03-21T10:07:35.996177"}
{"op_code":5,"worker_id":"0e269da1-b435-4a8d-936c-9f034a80e11e-140193173047104","trial_id":365,"param_name":"n_estimators","param_value_internal":175.0,"distribution":"{\"name\": \"IntDistribution\", \"attributes\": {\"log\": false, \"step\": 1, \"low\": 50, \"high\": 200}}"}
{"op_code":5,"worker_id":"0e269da1-b435-4a8d-936c-9f034a80e11e-140193173047104","trial_id":365,"param_name":"min_samples_split","param_value_internal":5.0,"distribution":"{\"name\": \"IntDistribution\", \"attributes\": {\"log\": false, \"step\": 1, \"low\": 5, \"high\": 20}}"}
{"op_code":5,"worker_id":"0e269da1-b435-4a8d-936c-9f034a80e11e-140193173047104","trial_id":365,"param_name":"min_samples_leaf","param_value_internal":17.0,"distribution":"{\"name\": \"IntDistribution\", \"attributes\": {\"log\": false, \"step\": 1, \"low\": 5, \"high\": 20}}"}
{"op_code":6,"worker_id":"0e269da1-b435-4a8d-936c-9f034a80e11e-140193173047104","trial_id":365,"state":1,"values":[0.7428974203307163],"datetime_complete":"2026-03-21T10:08:00.855342"}
{"op_code":4,"worker_id":"0e269da1-b435-4a8d-936c-9f034a80e11e-140193173047104","study_id":0,"datetime_start":"2026-03-21T10:08:00.877039"}
{"op_code":5,"worker_id":"0e269da1-b435-4a8d-936c-9f034a80e11e-140193173047104","trial_id":366,"param_name":"n_estimators","param_value_internal":183.0,"distribution":"{\"name\": \"IntDistribution\", \"attributes\": {\"log\": false, \"step\": 1, \"low\": 50, \"high\": 200}}"}
{"op_code":5,"worker_id":"0e269da1-b435-4a8d-936c-9f034a80e11e-140193173047104","trial_id":366,"param_name":"min_samples_split","param_value_internal":6.0,"distribution":"{\"name\": \"IntDistribution\", \"attributes\": {\"log\": false, \"step\": 1, \"low\": 5, \"high\": 20}}"}
{"op_code":5,"worker_id":"0e269da1-b435-4a8d-936c-9f034a80e11e-140193173047104","trial_id":366,"param_name":"min_samples_leaf","param_value_internal":18.0,"distribution":"{\"name\": \"IntDistribution\", \"attributes\": {\"log\": false, \"step\": 1, \"low\": 5, \"high\": 20}}"}
{"op_code":6,"worker_id":"0e269da1-b435-4a8d-936c-9f034a80e11e-140193173047104","trial_id":366,"state":1,"values":[0.7402117654322258],"datetime_complete":"2026-03-21T10:08:26.348789"}
{"op_code":4,"worker_id":"0e269da1-b435-4a8d-936c-9f034a80e11e-140193173047104","study_id":0,"datetime_start":"2026-03-21T10:08:26.395202"}
{"op_code":5,"worker_id":"0e269da1-b435-4a8d-936c-9f034a80e11e-140193173047104","trial_id":367,"param_name":"n_estimators","param_value_internal":177.0,"distribution":"{\"name\": \"IntDistribution\", \"attributes\": {\"log\": false, \"step\": 1, \"low\": 50, \"high\": 200}}"}
{"op_code":5,"worker_id":"0e269da1-b435-4a8d-936c-9f034a80e11e-140193173047104","trial_id":367,"param_name":"min_samples_split","param_value_internal":6.0,"distribution":"{\"name\": \"IntDistribution\", \"attributes\": {\"log\": false, \"step\": 1, \"low\": 5, \"high\": 20}}"}
{"op_code":5,"worker_id":"0e269da1-b435-4a8d-936c-9f034a80e11e-140193173047104","trial_id":367,"param_name":"min_samples_leaf","param_value_internal":19.0,"distribution":"{\"name\": \"IntDistribution\", \"attributes\": {\"log\": false, \"step\": 1, \"low\": 5, \"high\": 20}}"}
{"op_code":6,"worker_id":"0e269da1-b435-4a8d-936c-9f034a80e11e-140193173047104","trial_id":367,"state":1,"values":[0.7409320560180278],"datetime_complete":"2026-03-21T10:08:50.587774"}
{"op_code":4,"worker_id":"0e269da1-b435-4a8d-936c-9f034a80e11e-140193173047104","study_id":0,"datetime_start":"2026-03-21T10:08:50.604056"}
{"op_code":5,"worker_id":"0e269da1-b435-4a8d-936c-9f034a80e11e-140193173047104","trial_id":368,"param_name":"n_estimators","param_value_internal":179.0,"distribution":"{\"name\": \"IntDistribution\", \"attributes\": {\"log\": false, \"step\": 1, \"low\": 50, \"high\": 200}}"}
{"op_code":5,"worker_id":"0e269da1-b435-4a8d-936c-9f034a80e11e-140193173047104","trial_id":368,"param_name":"min_samples_split","param_value_internal":6.0,"distribution":"{\"name\": \"IntDistribution\", \"attributes\": {\"log\": false, \"step\": 1, \"low\": 5, \"high\": 20}}"}
{"op_code":5,"worker_id":"0e269da1-b435-4a8d-936c-9f034a80e11e-140193173047104","trial_id":368,"param_name":"min_samples_leaf","param_value_internal":17.0,"distribution":"{\"name\": \"IntDistribution\", \"attributes\": {\"log\": false, \"step\": 1, \"low\": 5, \"high\": 20}}"}
{"op_code":6,"worker_id":"0e269da1-b435-4a8d-936c-9f034a80e11e-140193173047104","trial_id":368,"state":1,"values":[0.7433861889425105],"datetime_complete":"2026-03-21T10:09:16.214587"}
{"op_code":4,"worker_id":"0e269da1-b435-4a8d-936c-9f034a80e11e-140193173047104","study_id":0,"datetime_start":"2026-03-21T10:09:16.235584"}
{"op_code":5,"worker_id":"0e269da1-b435-4a8d-936c-9f034a80e11e-140193173047104","trial_id":369,"param_name":"n_estimators","param_value_internal":188.0,"distribution":"{\"name\": \"IntDistribution\", \"attributes\": {\"log\": false, \"step\": 1, \"low\": 50, \"high\": 200}}"}
{"op_code":5,"worker_id":"0e269da1-b435-4a8d-936c-9f034a80e11e-140193173047104","trial_id":369,"param_name":"min_samples_split","param_value_internal":5.0,"distribution":"{\"name\": \"IntDistribution\", \"attributes\": {\"log\": false, \"step\": 1, \"low\": 5, \"high\": 20}}"}
{"op_code":5,"worker_id":"0e269da1-b435-4a8d-936c-9f034a80e11e-140193173047104","trial_id":369,"param_name":"min_samples_leaf","param_value_internal":18.0,"distribution":"{\"name\": \"IntDistribution\", \"attributes\": {\"log\": false, \"step\": 1, \"low\": 5, \"high\": 20}}"}
{"op_code":6,"worker_id":"0e269da1-b435-4a8d-936c-9f034a80e11e-140193173047104","trial_id":369,"state":1,"values":[0.7404072728769435],"datetime_complete":"2026-03-21T10:09:42.417470"}
{"op_code":0,"worker_id":"13872e95-7dd1-4142-ac43-a491d4ebf2f3-140193173047104","study_name":"rsf_tuning","directions":[2]}
{"op_code":4,"worker_id":"13872e95-7dd1-4142-ac43-a491d4ebf2f3-140193173047104","study_id":0,"datetime_start":"2026-03-21T10:20:54.827416"}
{"op_code":5,"worker_id":"13872e95-7dd1-4142-ac43-a491d4ebf2f3-140193173047104","trial_id":370,"param_name":"n_estimators","param_value_internal":175.0,"distribution":"{\"name\": \"IntDistribution\", \"attributes\": {\"log\": false, \"step\": 1, \"low\": 50, \"high\": 200}}"}
{"op_code":5,"worker_id":"13872e95-7dd1-4142-ac43-a491d4ebf2f3-140193173047104","trial_id":370,"param_name":"min_samples_split","param_value_internal":6.0,"distribution":"{\"name\": \"IntDistribution\", \"attributes\": {\"log\": false, \"step\": 1, \"low\": 5, \"high\": 20}}"}
{"op_code":5,"worker_id":"13872e95-7dd1-4142-ac43-a491d4ebf2f3-140193173047104","trial_id":370,"param_name":"min_samples_leaf","param_value_internal":16.0,"distribution":"{\"name\": \"IntDistribution\", \"attributes\": {\"log\": false, \"step\": 1, \"low\": 5, \"high\": 20}}"}
{"op_code":6,"worker_id":"13872e95-7dd1-4142-ac43-a491d4ebf2f3-140193173047104","trial_id":370,"state":1,"values":[0.7556925850430721],"datetime_complete":"2026-03-21T10:21:20.322102"}
{"op_code":4,"worker_id":"13872e95-7dd1-4142-ac43-a491d4ebf2f3-140193173047104","study_id":0,"datetime_start":"2026-03-21T10:21:20.340897"}
{"op_code":5,"worker_id":"13872e95-7dd1-4142-ac43-a491d4ebf2f3-140193173047104","trial_id":371,"param_name":"n_estimators","param_value_internal":182.0,"distribution":"{\"name\": \"IntDistribution\", \"attributes\": {\"log\": false, \"step\": 1, \"low\": 50, \"high\": 200}}"}
{"op_code":5,"worker_id":"13872e95-7dd1-4142-ac43-a491d4ebf2f3-140193173047104","trial_id":371,"param_name":"min_samples_split","param_value_internal":7.0,"distribution":"{\"name\": \"IntDistribution\", \"attributes\": {\"log\": false, \"step\": 1, \"low\": 5, \"high\": 20}}"}
{"op_code":5,"worker_id":"13872e95-7dd1-4142-ac43-a491d4ebf2f3-140193173047104","trial_id":371,"param_name":"min_samples_leaf","param_value_internal":17.0,"distribution":"{\"name\": \"IntDistribution\", \"attributes\": {\"log\": false, \"step\": 1, \"low\": 5, \"high\": 20}}"}
{"op_code":6,"worker_id":"13872e95-7dd1-4142-ac43-a491d4ebf2f3-140193173047104","trial_id":371,"state":1,"values":[0.758299445850021],"datetime_complete":"2026-03-21T10:21:46.560141"}
{"op_code":4,"worker_id":"13872e95-7dd1-4142-ac43-a491d4ebf2f3-140193173047104","study_id":0,"datetime_start":"2026-03-21T10:21:46.576472"}
{"op_code":5,"worker_id":"13872e95-7dd1-4142-ac43-a491d4ebf2f3-140193173047104","trial_id":372,"param_name":"n_estimators","param_value_internal":140.0,"distribution":"{\"name\": \"IntDistribution\", \"attributes\": {\"log\": false, \"step\": 1, \"low\": 50, \"high\": 200}}"}
{"op_code":5,"worker_id":"13872e95-7dd1-4142-ac43-a491d4ebf2f3-140193173047104","trial_id":372,"param_name":"min_samples_split","param_value_internal":6.0,"distribution":"{\"name\": \"IntDistribution\", \"attributes\": {\"log\": false, \"step\": 1, \"low\": 5, \"high\": 20}}"}
{"op_code":5,"worker_id":"13872e95-7dd1-4142-ac43-a491d4ebf2f3-140193173047104","trial_id":372,"param_name":"min_samples_leaf","param_value_internal":16.0,"distribution":"{\"name\": \"IntDistribution\", \"attributes\": {\"log\": false, \"step\": 1, \"low\": 5, \"high\": 20}}"}
{"op_code":6,"worker_id":"13872e95-7dd1-4142-ac43-a491d4ebf2f3-140193173047104","trial_id":372,"state":1,"values":[0.7548782611367757],"datetime_complete":"2026-03-21T10:22:07.281073"}
{"op_code":4,"worker_id":"13872e95-7dd1-4142-ac43-a491d4ebf2f3-140193173047104","study_id":0,"datetime_start":"2026-03-21T10:22:07.299831"}
{"op_code":5,"worker_id":"13872e95-7dd1-4142-ac43-a491d4ebf2f3-140193173047104","trial_id":373,"param_name":"n_estimators","param_value_internal":173.0,"distribution":"{\"name\": \"IntDistribution\", \"attributes\": {\"log\": false, \"step\": 1, \"low\": 50, \"high\": 200}}"}
{"op_code":5,"worker_id":"13872e95-7dd1-4142-ac43-a491d4ebf2f3-140193173047104","trial_id":373,"param_name":"min_samples_split","param_value_internal":7.0,"distribution":"{\"name\": \"IntDistribution\", \"attributes\": {\"log\": false, \"step\": 1, \"low\": 5, \"high\": 20}}"}
{"op_code":5,"worker_id":"13872e95-7dd1-4142-ac43-a491d4ebf2f3-140193173047104","trial_id":373,"param_name":"min_samples_leaf","param_value_internal":17.0,"distribution":"{\"name\": \"IntDistribution\", \"attributes\": {\"log\": false, \"step\": 1, \"low\": 5, \"high\": 20}}"}
{"op_code":6,"worker_id":"13872e95-7dd1-4142-ac43-a491d4ebf2f3-140193173047104","trial_id":373,"state":1,"values":[0.7584018765300583],"datetime_complete":"2026-03-21T10:22:32.258181"}
{"op_code":4,"worker_id":"13872e95-7dd1-4142-ac43-a491d4ebf2f3-140193173047104","study_id":0,"datetime_start":"2026-03-21T10:22:32.275703"}
{"op_code":5,"worker_id":"13872e95-7dd1-4142-ac43-a491d4ebf2f3-140193173047104","trial_id":374,"param_name":"n_estimators","param_value_internal":180.0,"distribution":"{\"name\": \"IntDistribution\", \"attributes\": {\"log\": false, \"step\": 1, \"low\": 50, \"high\": 200}}"}
{"op_code":5,"worker_id":"13872e95-7dd1-4142-ac43-a491d4ebf2f3-140193173047104","trial_id":374,"param_name":"min_samples_split","param_value_internal":5.0,"distribution":"{\"name\": \"IntDistribution\", \"attributes\": {\"log\": false, \"step\": 1, \"low\": 5, \"high\": 20}}"}
{"op_code":5,"worker_id":"13872e95-7dd1-4142-ac43-a491d4ebf2f3-140193173047104","trial_id":374,"param_name":"min_samples_leaf","param_value_internal":15.0,"distribution":"{\"name\": \"IntDistribution\", \"attributes\": {\"log\": false, \"step\": 1, \"low\": 5, \"high\": 20}}"}
{"op_code":6,"worker_id":"13872e95-7dd1-4142-ac43-a491d4ebf2f3-140193173047104","trial_id":374,"state":1,"values":[0.757925573867885],"datetime_complete":"2026-03-21T10:22:59.421672"}
{"op_code":4,"worker_id":"13872e95-7dd1-4142-ac43-a491d4ebf2f3-140193173047104","study_id":0,"datetime_start":"2026-03-21T10:22:59.436517"}
{"op_code":5,"worker_id":"13872e95-7dd1-4142-ac43-a491d4ebf2f3-140193173047104","trial_id":375,"param_name":"n_estimators","param_value_internal":176.0,"distribution":"{\"name\": \"IntDistribution\", \"attributes\": {\"log\": false, \"step\": 1, \"low\": 50, \"high\": 200}}"}
{"op_code":5,"worker_id":"13872e95-7dd1-4142-ac43-a491d4ebf2f3-140193173047104","trial_id":375,"param_name":"min_samples_split","param_value_internal":6.0,"distribution":"{\"name\": \"IntDistribution\", \"attributes\": {\"log\": false, \"step\": 1, \"low\": 5, \"high\": 20}}"}
{"op_code":5,"worker_id":"13872e95-7dd1-4142-ac43-a491d4ebf2f3-140193173047104","trial_id":375,"param_name":"min_samples_leaf","param_value_internal":17.0,"distribution":"{\"name\": \"IntDistribution\", \"attributes\": {\"log\": false, \"step\": 1, \"low\": 5, \"high\": 20}}"}
{"op_code":6,"worker_id":"13872e95-7dd1-4142-ac43-a491d4ebf2f3-140193173047104","trial_id":375,"state":1,"values":[0.7581918936359818],"datetime_complete":"2026-03-21T10:23:24.740042"}
{"op_code":4,"worker_id":"13872e95-7dd1-4142-ac43-a491d4ebf2f3-140193173047104","study_id":0,"datetime_start":"2026-03-21T10:23:24.758849"}
{"op_code":5,"worker_id":"13872e95-7dd1-4142-ac43-a491d4ebf2f3-140193173047104","trial_id":376,"param_name":"n_estimators","param_value_internal":186.0,"distribution":"{\"name\": \"IntDistribution\", \"attributes\": {\"log\": false, \"step\": 1, \"low\": 50, \"high\": 200}}"}
{"op_code":5,"worker_id":"13872e95-7dd1-4142-ac43-a491d4ebf2f3-140193173047104","trial_id":376,"param_name":"min_samples_split","param_value_internal":7.0,"distribution":"{\"name\": \"IntDistribution\", \"attributes\": {\"log\": false, \"step\": 1, \"low\": 5, \"high\": 20}}"}
{"op_code":5,"worker_id":"13872e95-7dd1-4142-ac43-a491d4ebf2f3-140193173047104","trial_id":376,"param_name":"min_samples_leaf","param_value_internal":18.0,"distribution":"{\"name\": \"IntDistribution\", \"attributes\": {\"log\": false, \"step\": 1, \"low\": 5, \"high\": 20}}"}
{"op_code":6,"worker_id":"13872e95-7dd1-4142-ac43-a491d4ebf2f3-140193173047104","trial_id":376,"state":1,"values":[0.7575568234197507],"datetime_complete":"2026-03-21T10:23:50.738304"}
{"op_code":4,"worker_id":"13872e95-7dd1-4142-ac43-a491d4ebf2f3-140193173047104","study_id":0,"datetime_start":"2026-03-21T10:23:50.759938"}
{"op_code":5,"worker_id":"13872e95-7dd1-4142-ac43-a491d4ebf2f3-140193173047104","trial_id":377,"param_name":"n_estimators","param_value_internal":145.0,"distribution":"{\"name\": \"IntDistribution\", \"attributes\": {\"log\": false, \"step\": 1, \"low\": 50, \"high\": 200}}"}
{"op_code":5,"worker_id":"13872e95-7dd1-4142-ac43-a491d4ebf2f3-140193173047104","trial_id":377,"param_name":"min_samples_split","param_value_internal":7.0,"distribution":"{\"name\": \"IntDistribution\", \"attributes\": {\"log\": false, \"step\": 1, \"low\": 5, \"high\": 20}}"}
{"op_code":5,"worker_id":"13872e95-7dd1-4142-ac43-a491d4ebf2f3-140193173047104","trial_id":377,"param_name":"min_samples_leaf","param_value_internal":16.0,"distribution":"{\"name\": \"IntDistribution\", \"attributes\": {\"log\": false, \"step\": 1, \"low\": 5, \"high\": 20}}"}
{"op_code":6,"worker_id":"13872e95-7dd1-4142-ac43-a491d4ebf2f3-140193173047104","trial_id":377,"state":1,"values":[0.7548116811947515],"datetime_complete":"2026-03-21T10:24:11.994306"}
{"op_code":4,"worker_id":"13872e95-7dd1-4142-ac43-a491d4ebf2f3-140193173047104","study_id":0,"datetime_start":"2026-03-21T10:24:12.023958"}
{"op_code":5,"worker_id":"13872e95-7dd1-4142-ac43-a491d4ebf2f3-140193173047104","trial_id":378,"param_name":"n_estimators","param_value_internal":136.0,"distribution":"{\"name\": \"IntDistribution\", \"attributes\": {\"log\": false, \"step\": 1, \"low\": 50, \"high\": 200}}"}
{"op_code":5,"worker_id":"13872e95-7dd1-4142-ac43-a491d4ebf2f3-140193173047104","trial_id":378,"param_name":"min_samples_split","param_value_internal":5.0,"distribution":"{\"name\": \"IntDistribution\", \"attributes\": {\"log\": false, \"step\": 1, \"low\": 5, \"high\": 20}}"}
{"op_code":5,"worker_id":"13872e95-7dd1-4142-ac43-a491d4ebf2f3-140193173047104","trial_id":378,"param_name":"min_samples_leaf","param_value_internal":17.0,"distribution":"{\"name\": \"IntDistribution\", \"attributes\": {\"log\": false, \"step\": 1, \"low\": 5, \"high\": 20}}"}
{"op_code":6,"worker_id":"13872e95-7dd1-4142-ac43-a491d4ebf2f3-140193173047104","trial_id":378,"state":1,"values":[0.7569319962715233],"datetime_complete":"2026-03-21T10:24:31.883427"}
{"op_code":4,"worker_id":"13872e95-7dd1-4142-ac43-a491d4ebf2f3-140193173047104","study_id":0,"datetime_start":"2026-03-21T10:24:31.907875"}
{"op_code":5,"worker_id":"13872e95-7dd1-4142-ac43-a491d4ebf2f3-140193173047104","trial_id":379,"param_name":"n_estimators","param_value_internal":172.0,"distribution":"{\"name\": \"IntDistribution\", \"attributes\": {\"log\": false, \"step\": 1, \"low\": 50, \"high\": 200}}"}
{"op_code":5,"worker_id":"13872e95-7dd1-4142-ac43-a491d4ebf2f3-140193173047104","trial_id":379,"param_name":"min_samples_split","param_value_internal":6.0,"distribution":"{\"name\": \"IntDistribution\", \"attributes\": {\"log\": false, \"step\": 1, \"low\": 5, \"high\": 20}}"}
{"op_code":5,"worker_id":"13872e95-7dd1-4142-ac43-a491d4ebf2f3-140193173047104","trial_id":379,"param_name":"min_samples_leaf","param_value_internal":16.0,"distribution":"{\"name\": \"IntDistribution\", \"attributes\": {\"log\": false, \"step\": 1, \"low\": 5, \"high\": 20}}"}
{"op_code":6,"worker_id":"13872e95-7dd1-4142-ac43-a491d4ebf2f3-140193173047104","trial_id":379,"state":1,"values":[0.7553238345949379],"datetime_complete":"2026-03-21T10:24:57.205644"}
{"op_code":0,"worker_id":"1d6aa5bc-d77d-4ea4-992c-95a1e71aa801-140193173047104","study_name":"rsf_tuning","directions":[2]}
{"op_code":4,"worker_id":"1d6aa5bc-d77d-4ea4-992c-95a1e71aa801-140193173047104","study_id":0,"datetime_start":"2026-03-21T10:36:43.545245"}
{"op_code":5,"worker_id":"1d6aa5bc-d77d-4ea4-992c-95a1e71aa801-140193173047104","trial_id":380,"param_name":"n_estimators","param_value_internal":139.0,"distribution":"{\"name\": \"IntDistribution\", \"attributes\": {\"log\": false, \"step\": 1, \"low\": 50, \"high\": 200}}"}
{"op_code":5,"worker_id":"1d6aa5bc-d77d-4ea4-992c-95a1e71aa801-140193173047104","trial_id":380,"param_name":"min_samples_split","param_value_internal":7.0,"distribution":"{\"name\": \"IntDistribution\", \"attributes\": {\"log\": false, \"step\": 1, \"low\": 5, \"high\": 20}}"}
{"op_code":5,"worker_id":"1d6aa5bc-d77d-4ea4-992c-95a1e71aa801-140193173047104","trial_id":380,"param_name":"min_samples_leaf","param_value_internal":17.0,"distribution":"{\"name\": \"IntDistribution\", \"attributes\": {\"log\": false, \"step\": 1, \"low\": 5, \"high\": 20}}"}
{"op_code":6,"worker_id":"1d6aa5bc-d77d-4ea4-992c-95a1e71aa801-140193173047104","trial_id":380,"state":1,"values":[0.7708001208673273],"datetime_complete":"2026-03-21T10:37:03.514726"}
{"op_code":4,"worker_id":"1d6aa5bc-d77d-4ea4-992c-95a1e71aa801-140193173047104","study_id":0,"datetime_start":"2026-03-21T10:37:03.529965"}
{"op_code":5,"worker_id":"1d6aa5bc-d77d-4ea4-992c-95a1e71aa801-140193173047104","trial_id":381,"param_name":"n_estimators","param_value_internal":178.0,"distribution":"{\"name\": \"IntDistribution\", \"attributes\": {\"log\": false, \"step\": 1, \"low\": 50, \"high\": 200}}"}
{"op_code":5,"worker_id":"1d6aa5bc-d77d-4ea4-992c-95a1e71aa801-140193173047104","trial_id":381,"param_name":"min_samples_split","param_value_internal":6.0,"distribution":"{\"name\": \"IntDistribution\", \"attributes\": {\"log\": false, \"step\": 1, \"low\": 5, \"high\": 20}}"}
{"op_code":5,"worker_id":"1d6aa5bc-d77d-4ea4-992c-95a1e71aa801-140193173047104","trial_id":381,"param_name":"min_samples_leaf","param_value_internal":17.0,"distribution":"{\"name\": \"IntDistribution\", \"attributes\": {\"log\": false, \"step\": 1, \"low\": 5, \"high\": 20}}"}
{"op_code":6,"worker_id":"1d6aa5bc-d77d-4ea4-992c-95a1e71aa801-140193173047104","trial_id":381,"state":1,"values":[0.770513581944922],"datetime_complete":"2026-03-21T10:37:29.032765"}
{"op_code":4,"worker_id":"1d6aa5bc-d77d-4ea4-992c-95a1e71aa801-140193173047104","study_id":0,"datetime_start":"2026-03-21T10:37:29.073044"}
{"op_code":5,"worker_id":"1d6aa5bc-d77d-4ea4-992c-95a1e71aa801-140193173047104","trial_id":382,"param_name":"n_estimators","param_value_internal":183.0,"distribution":"{\"name\": \"IntDistribution\", \"attributes\": {\"log\": false, \"step\": 1, \"low\": 50, \"high\": 200}}"}
{"op_code":5,"worker_id":"1d6aa5bc-d77d-4ea4-992c-95a1e71aa801-140193173047104","trial_id":382,"param_name":"min_samples_split","param_value_internal":5.0,"distribution":"{\"name\": \"IntDistribution\", \"attributes\": {\"log\": false, \"step\": 1, \"low\": 5, \"high\": 20}}"}
{"op_code":5,"worker_id":"1d6aa5bc-d77d-4ea4-992c-95a1e71aa801-140193173047104","trial_id":382,"param_name":"min_samples_leaf","param_value_internal":17.0,"distribution":"{\"name\": \"IntDistribution\", \"attributes\": {\"log\": false, \"step\": 1, \"low\": 5, \"high\": 20}}"}
{"op_code":6,"worker_id":"1d6aa5bc-d77d-4ea4-992c-95a1e71aa801-140193173047104","trial_id":382,"state":1,"values":[0.7706855052983652],"datetime_complete":"2026-03-21T10:37:54.603913"}
{"op_code":4,"worker_id":"1d6aa5bc-d77d-4ea4-992c-95a1e71aa801-140193173047104","study_id":0,"datetime_start":"2026-03-21T10:37:54.624619"}
{"op_code":5,"worker_id":"1d6aa5bc-d77d-4ea4-992c-95a1e71aa801-140193173047104","trial_id":383,"param_name":"n_estimators","param_value_internal":143.0,"distribution":"{\"name\": \"IntDistribution\", \"attributes\": {\"log\": false, \"step\": 1, \"low\": 50, \"high\": 200}}"}
{"op_code":5,"worker_id":"1d6aa5bc-d77d-4ea4-992c-95a1e71aa801-140193173047104","trial_id":383,"param_name":"min_samples_split","param_value_internal":7.0,"distribution":"{\"name\": \"IntDistribution\", \"attributes\": {\"log\": false, \"step\": 1, \"low\": 5, \"high\": 20}}"}
{"op_code":5,"worker_id":"1d6aa5bc-d77d-4ea4-992c-95a1e71aa801-140193173047104","trial_id":383,"param_name":"min_samples_leaf","param_value_internal":18.0,"distribution":"{\"name\": \"IntDistribution\", \"attributes\": {\"log\": false, \"step\": 1, \"low\": 5, \"high\": 20}}"}
{"op_code":6,"worker_id":"1d6aa5bc-d77d-4ea4-992c-95a1e71aa801-140193173047104","trial_id":383,"state":1,"values":[0.7690392089441822],"datetime_complete":"2026-03-21T10:38:14.638228"}
{"op_code":4,"worker_id":"1d6aa5bc-d77d-4ea4-992c-95a1e71aa801-140193173047104","study_id":0,"datetime_start":"2026-03-21T10:38:14.657662"}
{"op_code":5,"worker_id":"1d6aa5bc-d77d-4ea4-992c-95a1e71aa801-140193173047104","trial_id":384,"param_name":"n_estimators","param_value_internal":175.0,"distribution":"{\"name\": \"IntDistribution\", \"attributes\": {\"log\": false, \"step\": 1, \"low\": 50, \"high\": 200}}"}
{"op_code":5,"worker_id":"1d6aa5bc-d77d-4ea4-992c-95a1e71aa801-140193173047104","trial_id":384,"param_name":"min_samples_split","param_value_internal":6.0,"distribution":"{\"name\": \"IntDistribution\", \"attributes\": {\"log\": false, \"step\": 1, \"low\": 5, \"high\": 20}}"}
{"op_code":5,"worker_id":"1d6aa5bc-d77d-4ea4-992c-95a1e71aa801-140193173047104","trial_id":384,"param_name":"min_samples_leaf","param_value_internal":17.0,"distribution":"{\"name\": \"IntDistribution\", \"attributes\": {\"log\": false, \"step\": 1, \"low\": 5, \"high\": 20}}"}
{"op_code":6,"worker_id":"1d6aa5bc-d77d-4ea4-992c-95a1e71aa801-140193173047104","trial_id":384,"state":1,"values":[0.7702843508069978],"datetime_complete":"2026-03-21T10:38:39.669031"}
{"op_code":4,"worker_id":"1d6aa5bc-d77d-4ea4-992c-95a1e71aa801-140193173047104","study_id":0,"datetime_start":"2026-03-21T10:38:39.692887"}
{"op_code":5,"worker_id":"1d6aa5bc-d77d-4ea4-992c-95a1e71aa801-140193173047104","trial_id":385,"param_name":"n_estimators","param_value_internal":180.0,"distribution":"{\"name\": \"IntDistribution\", \"attributes\": {\"log\": false, \"step\": 1, \"low\": 50, \"high\": 200}}"}
{"op_code":5,"worker_id":"1d6aa5bc-d77d-4ea4-992c-95a1e71aa801-140193173047104","trial_id":385,"param_name":"min_samples_split","param_value_internal":6.0,"distribution":"{\"name\": \"IntDistribution\", \"attributes\": {\"log\": false, \"step\": 1, \"low\": 5, \"high\": 20}}"}
{"op_code":5,"worker_id":"1d6aa5bc-d77d-4ea4-992c-95a1e71aa801-140193173047104","trial_id":385,"param_name":"min_samples_leaf","param_value_internal":16.0,"distribution":"{\"name\": \"IntDistribution\", \"attributes\": {\"log\": false, \"step\": 1, \"low\": 5, \"high\": 20}}"}
{"op_code":6,"worker_id":"1d6aa5bc-d77d-4ea4-992c-95a1e71aa801-140193173047104","trial_id":385,"state":1,"values":[0.7699352943015223],"datetime_complete":"2026-03-21T10:39:05.432881"}
{"op_code":4,"worker_id":"1d6aa5bc-d77d-4ea4-992c-95a1e71aa801-140193173047104","study_id":0,"datetime_start":"2026-03-21T10:39:05.446152"}
{"op_code":5,"worker_id":"1d6aa5bc-d77d-4ea4-992c-95a1e71aa801-140193173047104","trial_id":386,"param_name":"n_estimators","param_value_internal":134.0,"distribution":"{\"name\": \"IntDistribution\", \"attributes\": {\"log\": false, \"step\": 1, \"low\": 50, \"high\": 200}}"}
{"op_code":5,"worker_id":"1d6aa5bc-d77d-4ea4-992c-95a1e71aa801-140193173047104","trial_id":386,"param_name":"min_samples_split","param_value_internal":7.0,"distribution":"{\"name\": \"IntDistribution\", \"attributes\": {\"log\": false, \"step\": 1, \"low\": 5, \"high\": 20}}"}
{"op_code":5,"worker_id":"1d6aa5bc-d77d-4ea4-992c-95a1e71aa801-140193173047104","trial_id":386,"param_name":"min_samples_leaf","param_value_internal":16.0,"distribution":"{\"name\": \"IntDistribution\", \"attributes\": {\"log\": false, \"step\": 1, \"low\": 5, \"high\": 20}}"}
{"op_code":6,"worker_id":"1d6aa5bc-d77d-4ea4-992c-95a1e71aa801-140193173047104","trial_id":386,"state":1,"values":[0.7694455732341388],"datetime_complete":"2026-03-21T10:39:25.334278"}
{"op_code":4,"worker_id":"1d6aa5bc-d77d-4ea4-992c-95a1e71aa801-140193173047104","study_id":0,"datetime_start":"2026-03-21T10:39:25.376011"}
{"op_code":5,"worker_id":"1d6aa5bc-d77d-4ea4-992c-95a1e71aa801-140193173047104","trial_id":387,"param_name":"n_estimators","param_value_internal":177.0,"distribution":"{\"name\": \"IntDistribution\", \"attributes\": {\"log\": false, \"step\": 1, \"low\": 50, \"high\": 200}}"}
{"op_code":5,"worker_id":"1d6aa5bc-d77d-4ea4-992c-95a1e71aa801-140193173047104","trial_id":387,"param_name":"min_samples_split","param_value_internal":6.0,"distribution":"{\"name\": \"IntDistribution\", \"attributes\": {\"log\": false, \"step\": 1, \"low\": 5, \"high\": 20}}"}
{"op_code":5,"worker_id":"1d6aa5bc-d77d-4ea4-992c-95a1e71aa801-140193173047104","trial_id":387,"param_name":"min_samples_leaf","param_value_internal":19.0,"distribution":"{\"name\": \"IntDistribution\", \"attributes\": {\"log\": false, \"step\": 1, \"low\": 5, \"high\": 20}}"}
{"op_code":6,"worker_id":"1d6aa5bc-d77d-4ea4-992c-95a1e71aa801-140193173047104","trial_id":387,"state":1,"values":[0.7707740718743813],"datetime_complete":"2026-03-21T10:39:49.769887"}
{"op_code":4,"worker_id":"1d6aa5bc-d77d-4ea4-992c-95a1e71aa801-140193173047104","study_id":0,"datetime_start":"2026-03-21T10:39:49.797376"}
{"op_code":5,"worker_id":"1d6aa5bc-d77d-4ea4-992c-95a1e71aa801-140193173047104","trial_id":388,"param_name":"n_estimators","param_value_internal":140.0,"distribution":"{\"name\": \"IntDistribution\", \"attributes\": {\"log\": false, \"step\": 1, \"low\": 50, \"high\": 200}}"}
{"op_code":5,"worker_id":"1d6aa5bc-d77d-4ea4-992c-95a1e71aa801-140193173047104","trial_id":388,"param_name":"min_samples_split","param_value_internal":5.0,"distribution":"{\"name\": \"IntDistribution\", \"attributes\": {\"log\": false, \"step\": 1, \"low\": 5, \"high\": 20}}"}
{"op_code":5,"worker_id":"1d6aa5bc-d77d-4ea4-992c-95a1e71aa801-140193173047104","trial_id":388,"param_name":"min_samples_leaf","param_value_internal":17.0,"distribution":"{\"name\": \"IntDistribution\", \"attributes\": {\"log\": false, \"step\": 1, \"low\": 5, \"high\": 20}}"}
{"op_code":6,"worker_id":"1d6aa5bc-d77d-4ea4-992c-95a1e71aa801-140193173047104","trial_id":388,"state":1,"values":[0.7709564148250029],"datetime_complete":"2026-03-21T10:40:09.520071"}
{"op_code":4,"worker_id":"1d6aa5bc-d77d-4ea4-992c-95a1e71aa801-140193173047104","study_id":0,"datetime_start":"2026-03-21T10:40:09.549108"}
{"op_code":5,"worker_id":"1d6aa5bc-d77d-4ea4-992c-95a1e71aa801-140193173047104","trial_id":389,"param_name":"n_estimators","param_value_internal":191.0,"distribution":"{\"name\": \"IntDistribution\", \"attributes\": {\"log\": false, \"step\": 1, \"low\": 50, \"high\": 200}}"}
{"op_code":5,"worker_id":"1d6aa5bc-d77d-4ea4-992c-95a1e71aa801-140193173047104","trial_id":389,"param_name":"min_samples_split","param_value_internal":6.0,"distribution":"{\"name\": \"IntDistribution\", \"attributes\": {\"log\": false, \"step\": 1, \"low\": 5, \"high\": 20}}"}
{"op_code":5,"worker_id":"1d6aa5bc-d77d-4ea4-992c-95a1e71aa801-140193173047104","trial_id":389,"param_name":"min_samples_leaf","param_value_internal":18.0,"distribution":"{\"name\": \"IntDistribution\", \"attributes\": {\"log\": false, \"step\": 1, \"low\": 5, \"high\": 20}}"}
{"op_code":6,"worker_id":"1d6aa5bc-d77d-4ea4-992c-95a1e71aa801-140193173047104","trial_id":389,"state":1,"values":[0.7705760995279922],"datetime_complete":"2026-03-21T10:40:35.493572"}
{"op_code":0,"worker_id":"9a8c1678-16d0-4f56-8189-f05abf1ae4e6-140193173047104","study_name":"rsf_tuning","directions":[2]}
{"op_code":4,"worker_id":"9a8c1678-16d0-4f56-8189-f05abf1ae4e6-140193173047104","study_id":0,"datetime_start":"2026-03-21T10:52:06.354306"}
{"op_code":5,"worker_id":"9a8c1678-16d0-4f56-8189-f05abf1ae4e6-140193173047104","trial_id":390,"param_name":"n_estimators","param_value_internal":171.0,"distribution":"{\"name\": \"IntDistribution\", \"attributes\": {\"log\": false, \"step\": 1, \"low\": 50, \"high\": 200}}"}
{"op_code":5,"worker_id":"9a8c1678-16d0-4f56-8189-f05abf1ae4e6-140193173047104","trial_id":390,"param_name":"min_samples_split","param_value_internal":7.0,"distribution":"{\"name\": \"IntDistribution\", \"attributes\": {\"log\": false, \"step\": 1, \"low\": 5, \"high\": 20}}"}
{"op_code":5,"worker_id":"9a8c1678-16d0-4f56-8189-f05abf1ae4e6-140193173047104","trial_id":390,"param_name":"min_samples_leaf","param_value_internal":15.0,"distribution":"{\"name\": \"IntDistribution\", \"attributes\": {\"log\": false, \"step\": 1, \"low\": 5, \"high\": 20}}"}
{"op_code":6,"worker_id":"9a8c1678-16d0-4f56-8189-f05abf1ae4e6-140193173047104","trial_id":390,"state":1,"values":[0.7626288501342295],"datetime_complete":"2026-03-21T10:52:31.974709"}
{"op_code":4,"worker_id":"9a8c1678-16d0-4f56-8189-f05abf1ae4e6-140193173047104","study_id":0,"datetime_start":"2026-03-21T10:52:31.994361"}
{"op_code":5,"worker_id":"9a8c1678-16d0-4f56-8189-f05abf1ae4e6-140193173047104","trial_id":391,"param_name":"n_estimators","param_value_internal":183.0,"distribution":"{\"name\": \"IntDistribution\", \"attributes\": {\"log\": false, \"step\": 1, \"low\": 50, \"high\": 200}}"}
{"op_code":5,"worker_id":"9a8c1678-16d0-4f56-8189-f05abf1ae4e6-140193173047104","trial_id":391,"param_name":"min_samples_split","param_value_internal":5.0,"distribution":"{\"name\": \"IntDistribution\", \"attributes\": {\"log\": false, \"step\": 1, \"low\": 5, \"high\": 20}}"}
{"op_code":5,"worker_id":"9a8c1678-16d0-4f56-8189-f05abf1ae4e6-140193173047104","trial_id":391,"param_name":"min_samples_leaf","param_value_internal":18.0,"distribution":"{\"name\": \"IntDistribution\", \"attributes\": {\"log\": false, \"step\": 1, \"low\": 5, \"high\": 20}}"}
{"op_code":6,"worker_id":"9a8c1678-16d0-4f56-8189-f05abf1ae4e6-140193173047104","trial_id":391,"state":1,"values":[0.7622138656064922],"datetime_complete":"2026-03-21T10:52:57.302420"}
{"op_code":4,"worker_id":"9a8c1678-16d0-4f56-8189-f05abf1ae4e6-140193173047104","study_id":0,"datetime_start":"2026-03-21T10:52:57.325669"}
{"op_code":5,"worker_id":"9a8c1678-16d0-4f56-8189-f05abf1ae4e6-140193173047104","trial_id":392,"param_name":"n_estimators","param_value_internal":136.0,"distribution":"{\"name\": \"IntDistribution\", \"attributes\": {\"log\": false, \"step\": 1, \"low\": 50, \"high\": 200}}"}
{"op_code":5,"worker_id":"9a8c1678-16d0-4f56-8189-f05abf1ae4e6-140193173047104","trial_id":392,"param_name":"min_samples_split","param_value_internal":6.0,"distribution":"{\"name\": \"IntDistribution\", \"attributes\": {\"log\": false, \"step\": 1, \"low\": 5, \"high\": 20}}"}
{"op_code":5,"worker_id":"9a8c1678-16d0-4f56-8189-f05abf1ae4e6-140193173047104","trial_id":392,"param_name":"min_samples_leaf","param_value_internal":17.0,"distribution":"{\"name\": \"IntDistribution\", \"attributes\": {\"log\": false, \"step\": 1, \"low\": 5, \"high\": 20}}"}
{"op_code":6,"worker_id":"9a8c1678-16d0-4f56-8189-f05abf1ae4e6-140193173047104","trial_id":392,"state":1,"values":[0.7634280795950571],"datetime_complete":"2026-03-21T10:53:16.309591"}
{"op_code":4,"worker_id":"9a8c1678-16d0-4f56-8189-f05abf1ae4e6-140193173047104","study_id":0,"datetime_start":"2026-03-21T10:53:16.323387"}
{"op_code":5,"worker_id":"9a8c1678-16d0-4f56-8189-f05abf1ae4e6-140193173047104","trial_id":393,"param_name":"n_estimators","param_value_internal":173.0,"distribution":"{\"name\": \"IntDistribution\", \"attributes\": {\"log\": false, \"step\": 1, \"low\": 50, \"high\": 200}}"}
{"op_code":5,"worker_id":"9a8c1678-16d0-4f56-8189-f05abf1ae4e6-140193173047104","trial_id":393,"param_name":"min_samples_split","param_value_internal":7.0,"distribution":"{\"name\": \"IntDistribution\", \"attributes\": {\"log\": false, \"step\": 1, \"low\": 5, \"high\": 20}}"}
{"op_code":5,"worker_id":"9a8c1678-16d0-4f56-8189-f05abf1ae4e6-140193173047104","trial_id":393,"param_name":"min_samples_leaf","param_value_internal":16.0,"distribution":"{\"name\": \"IntDistribution\", \"attributes\": {\"log\": false, \"step\": 1, \"low\": 5, \"high\": 20}}"}
{"op_code":6,"worker_id":"9a8c1678-16d0-4f56-8189-f05abf1ae4e6-140193173047104","trial_id":393,"state":1,"values":[0.7625981105395824],"datetime_complete":"2026-03-21T10:53:40.594055"}
{"op_code":4,"worker_id":"9a8c1678-16d0-4f56-8189-f05abf1ae4e6-140193173047104","study_id":0,"datetime_start":"2026-03-21T10:53:40.615023"}
{"op_code":5,"worker_id":"9a8c1678-16d0-4f56-8189-f05abf1ae4e6-140193173047104","trial_id":394,"param_name":"n_estimators","param_value_internal":179.0,"distribution":"{\"name\": \"IntDistribution\", \"attributes\": {\"log\": false, \"step\": 1, \"low\": 50, \"high\": 200}}"}
{"op_code":5,"worker_id":"9a8c1678-16d0-4f56-8189-f05abf1ae4e6-140193173047104","trial_id":394,"param_name":"min_samples_split","param_value_internal":6.0,"distribution":"{\"name\": \"IntDistribution\", \"attributes\": {\"log\": false, \"step\": 1, \"low\": 5, \"high\": 20}}"}
{"op_code":5,"worker_id":"9a8c1678-16d0-4f56-8189-f05abf1ae4e6-140193173047104","trial_id":394,"param_name":"min_samples_leaf","param_value_internal":17.0,"distribution":"{\"name\": \"IntDistribution\", \"attributes\": {\"log\": false, \"step\": 1, \"low\": 5, \"high\": 20}}"}
{"op_code":6,"worker_id":"9a8c1678-16d0-4f56-8189-f05abf1ae4e6-140193173047104","trial_id":394,"state":1,"values":[0.7630899440539377],"datetime_complete":"2026-03-21T10:54:06.093508"}
{"op_code":4,"worker_id":"9a8c1678-16d0-4f56-8189-f05abf1ae4e6-140193173047104","study_id":0,"datetime_start":"2026-03-21T10:54:06.281940"}
{"op_code":5,"worker_id":"9a8c1678-16d0-4f56-8189-f05abf1ae4e6-140193173047104","trial_id":395,"param_name":"n_estimators","param_value_internal":186.0,"distribution":"{\"name\": \"IntDistribution\", \"attributes\": {\"log\": false, \"step\": 1, \"low\": 50, \"high\": 200}}"}
{"op_code":5,"worker_id":"9a8c1678-16d0-4f56-8189-f05abf1ae4e6-140193173047104","trial_id":395,"param_name":"min_samples_split","param_value_internal":7.0,"distribution":"{\"name\": \"IntDistribution\", \"attributes\": {\"log\": false, \"step\": 1, \"low\": 5, \"high\": 20}}"}
{"op_code":5,"worker_id":"9a8c1678-16d0-4f56-8189-f05abf1ae4e6-140193173047104","trial_id":395,"param_name":"min_samples_leaf","param_value_internal":17.0,"distribution":"{\"name\": \"IntDistribution\", \"attributes\": {\"log\": false, \"step\": 1, \"low\": 5, \"high\": 20}}"}
{"op_code":6,"worker_id":"9a8c1678-16d0-4f56-8189-f05abf1ae4e6-140193173047104","trial_id":395,"state":1,"values":[0.76334098407689],"datetime_complete":"2026-03-21T10:54:32.142081"}
{"op_code":4,"worker_id":"9a8c1678-16d0-4f56-8189-f05abf1ae4e6-140193173047104","study_id":0,"datetime_start":"2026-03-21T10:54:32.163573"}
{"op_code":5,"worker_id":"9a8c1678-16d0-4f56-8189-f05abf1ae4e6-140193173047104","trial_id":396,"param_name":"n_estimators","param_value_internal":133.0,"distribution":"{\"name\": \"IntDistribution\", \"attributes\": {\"log\": false, \"step\": 1, \"low\": 50, \"high\": 200}}"}
{"op_code":5,"worker_id":"9a8c1678-16d0-4f56-8189-f05abf1ae4e6-140193173047104","trial_id":396,"param_name":"min_samples_split","param_value_internal":5.0,"distribution":"{\"name\": \"IntDistribution\", \"attributes\": {\"log\": false, \"step\": 1, \"low\": 5, \"high\": 20}}"}
{"op_code":5,"worker_id":"9a8c1678-16d0-4f56-8189-f05abf1ae4e6-140193173047104","trial_id":396,"param_name":"min_samples_leaf","param_value_internal":16.0,"distribution":"{\"name\": \"IntDistribution\", \"attributes\": {\"log\": false, \"step\": 1, \"low\": 5, \"high\": 20}}"}
{"op_code":6,"worker_id":"9a8c1678-16d0-4f56-8189-f05abf1ae4e6-140193173047104","trial_id":396,"state":1,"values":[0.7640531180195503],"datetime_complete":"2026-03-21T10:54:51.486976"}
{"op_code":4,"worker_id":"9a8c1678-16d0-4f56-8189-f05abf1ae4e6-140193173047104","study_id":0,"datetime_start":"2026-03-21T10:54:51.509301"}
{"op_code":5,"worker_id":"9a8c1678-16d0-4f56-8189-f05abf1ae4e6-140193173047104","trial_id":397,"param_name":"n_estimators","param_value_internal":149.0,"distribution":"{\"name\": \"IntDistribution\", \"attributes\": {\"log\": false, \"step\": 1, \"low\": 50, \"high\": 200}}"}
{"op_code":5,"worker_id":"9a8c1678-16d0-4f56-8189-f05abf1ae4e6-140193173047104","trial_id":397,"param_name":"min_samples_split","param_value_internal":6.0,"distribution":"{\"name\": \"IntDistribution\", \"attributes\": {\"log\": false, \"step\": 1, \"low\": 5, \"high\": 20}}"}
{"op_code":5,"worker_id":"9a8c1678-16d0-4f56-8189-f05abf1ae4e6-140193173047104","trial_id":397,"param_name":"min_samples_leaf","param_value_internal":18.0,"distribution":"{\"name\": \"IntDistribution\", \"attributes\": {\"log\": false, \"step\": 1, \"low\": 5, \"high\": 20}}"}
{"op_code":6,"worker_id":"9a8c1678-16d0-4f56-8189-f05abf1ae4e6-140193173047104","trial_id":397,"state":1,"values":[0.7630335881304179],"datetime_complete":"2026-03-21T10:55:12.418958"}
{"op_code":4,"worker_id":"9a8c1678-16d0-4f56-8189-f05abf1ae4e6-140193173047104","study_id":0,"datetime_start":"2026-03-21T10:55:12.520457"}
{"op_code":5,"worker_id":"9a8c1678-16d0-4f56-8189-f05abf1ae4e6-140193173047104","trial_id":398,"param_name":"n_estimators","param_value_internal":181.0,"distribution":"{\"name\": \"IntDistribution\", \"attributes\": {\"log\": false, \"step\": 1, \"low\": 50, \"high\": 200}}"}
{"op_code":5,"worker_id":"9a8c1678-16d0-4f56-8189-f05abf1ae4e6-140193173047104","trial_id":398,"param_name":"min_samples_split","param_value_internal":7.0,"distribution":"{\"name\": \"IntDistribution\", \"attributes\": {\"log\": false, \"step\": 1, \"low\": 5, \"high\": 20}}"}
{"op_code":5,"worker_id":"9a8c1678-16d0-4f56-8189-f05abf1ae4e6-140193173047104","trial_id":398,"param_name":"min_samples_leaf","param_value_internal":15.0,"distribution":"{\"name\": \"IntDistribution\", \"attributes\": {\"log\": false, \"step\": 1, \"low\": 5, \"high\": 20}}"}
{"op_code":6,"worker_id":"9a8c1678-16d0-4f56-8189-f05abf1ae4e6-140193173047104","trial_id":398,"state":1,"values":[0.7625827407422587],"datetime_complete":"2026-03-21T10:55:38.837199"}
{"op_code":4,"worker_id":"9a8c1678-16d0-4f56-8189-f05abf1ae4e6-140193173047104","study_id":0,"datetime_start":"2026-03-21T10:55:38.858725"}
{"op_code":5,"worker_id":"9a8c1678-16d0-4f56-8189-f05abf1ae4e6-140193173047104","trial_id":399,"param_name":"n_estimators","param_value_internal":138.0,"distribution":"{\"name\": \"IntDistribution\", \"attributes\": {\"log\": false, \"step\": 1, \"low\": 50, \"high\": 200}}"}
{"op_code":5,"worker_id":"9a8c1678-16d0-4f56-8189-f05abf1ae4e6-140193173047104","trial_id":399,"param_name":"min_samples_split","param_value_internal":6.0,"distribution":"{\"name\": \"IntDistribution\", \"attributes\": {\"log\": false, \"step\": 1, \"low\": 5, \"high\": 20}}"}
{"op_code":5,"worker_id":"9a8c1678-16d0-4f56-8189-f05abf1ae4e6-140193173047104","trial_id":399,"param_name":"min_samples_leaf","param_value_internal":17.0,"distribution":"{\"name\": \"IntDistribution\", \"attributes\": {\"log\": false, \"step\": 1, \"low\": 5, \"high\": 20}}"}
{"op_code":6,"worker_id":"9a8c1678-16d0-4f56-8189-f05abf1ae4e6-140193173047104","trial_id":399,"state":1,"values":[0.7639711457671579],"datetime_complete":"2026-03-21T10:55:58.003146"}
{"op_code":0,"worker_id":"ca393fea-8eb9-4d6a-a69d-cd2eecf1322d-140193173047104","study_name":"rsf_tuning","directions":[2]}
{"op_code":4,"worker_id":"ca393fea-8eb9-4d6a-a69d-cd2eecf1322d-140193173047104","study_id":0,"datetime_start":"2026-03-21T11:07:57.676514"}
{"op_code":5,"worker_id":"ca393fea-8eb9-4d6a-a69d-cd2eecf1322d-140193173047104","trial_id":400,"param_name":"n_estimators","param_value_internal":176.0,"distribution":"{\"name\": \"IntDistribution\", \"attributes\": {\"log\": false, \"step\": 1, \"low\": 50, \"high\": 200}}"}
{"op_code":5,"worker_id":"ca393fea-8eb9-4d6a-a69d-cd2eecf1322d-140193173047104","trial_id":400,"param_name":"min_samples_split","param_value_internal":5.0,"distribution":"{\"name\": \"IntDistribution\", \"attributes\": {\"log\": false, \"step\": 1, \"low\": 5, \"high\": 20}}"}
{"op_code":5,"worker_id":"ca393fea-8eb9-4d6a-a69d-cd2eecf1322d-140193173047104","trial_id":400,"param_name":"min_samples_leaf","param_value_internal":16.0,"distribution":"{\"name\": \"IntDistribution\", \"attributes\": {\"log\": false, \"step\": 1, \"low\": 5, \"high\": 20}}"}
{"op_code":6,"worker_id":"ca393fea-8eb9-4d6a-a69d-cd2eecf1322d-140193173047104","trial_id":400,"state":1,"values":[0.7838490364025696],"datetime_complete":"2026-03-21T11:08:22.698545"}
{"op_code":4,"worker_id":"ca393fea-8eb9-4d6a-a69d-cd2eecf1322d-140193173047104","study_id":0,"datetime_start":"2026-03-21T11:08:22.718525"}
{"op_code":5,"worker_id":"ca393fea-8eb9-4d6a-a69d-cd2eecf1322d-140193173047104","trial_id":401,"param_name":"n_estimators","param_value_internal":184.0,"distribution":"{\"name\": \"IntDistribution\", \"attributes\": {\"log\": false, \"step\": 1, \"low\": 50, \"high\": 200}}"}
{"op_code":5,"worker_id":"ca393fea-8eb9-4d6a-a69d-cd2eecf1322d-140193173047104","trial_id":401,"param_name":"min_samples_split","param_value_internal":7.0,"distribution":"{\"name\": \"IntDistribution\", \"attributes\": {\"log\": false, \"step\": 1, \"low\": 5, \"high\": 20}}"}
{"op_code":5,"worker_id":"ca393fea-8eb9-4d6a-a69d-cd2eecf1322d-140193173047104","trial_id":401,"param_name":"min_samples_leaf","param_value_internal":18.0,"distribution":"{\"name\": \"IntDistribution\", \"attributes\": {\"log\": false, \"step\": 1, \"low\": 5, \"high\": 20}}"}
{"op_code":6,"worker_id":"ca393fea-8eb9-4d6a-a69d-cd2eecf1322d-140193173047104","trial_id":401,"state":1,"values":[0.7814507494646681],"datetime_complete":"2026-03-21T11:08:47.566639"}
{"op_code":4,"worker_id":"ca393fea-8eb9-4d6a-a69d-cd2eecf1322d-140193173047104","study_id":0,"datetime_start":"2026-03-21T11:08:47.589928"}
{"op_code":5,"worker_id":"ca393fea-8eb9-4d6a-a69d-cd2eecf1322d-140193173047104","trial_id":402,"param_name":"n_estimators","param_value_internal":169.0,"distribution":"{\"name\": \"IntDistribution\", \"attributes\": {\"log\": false, \"step\": 1, \"low\": 50, \"high\": 200}}"}
{"op_code":5,"worker_id":"ca393fea-8eb9-4d6a-a69d-cd2eecf1322d-140193173047104","trial_id":402,"param_name":"min_samples_split","param_value_internal":6.0,"distribution":"{\"name\": \"IntDistribution\", \"attributes\": {\"log\": false, \"step\": 1, \"low\": 5, \"high\": 20}}"}
{"op_code":5,"worker_id":"ca393fea-8eb9-4d6a-a69d-cd2eecf1322d-140193173047104","trial_id":402,"param_name":"min_samples_leaf","param_value_internal":17.0,"distribution":"{\"name\": \"IntDistribution\", \"attributes\": {\"log\": false, \"step\": 1, \"low\": 5, \"high\": 20}}"}
{"op_code":6,"worker_id":"ca393fea-8eb9-4d6a-a69d-cd2eecf1322d-140193173047104","trial_id":402,"state":1,"values":[0.7827462526766595],"datetime_complete":"2026-03-21T11:09:11.725726"}
{"op_code":4,"worker_id":"ca393fea-8eb9-4d6a-a69d-cd2eecf1322d-140193173047104","study_id":0,"datetime_start":"2026-03-21T11:09:11.750635"}
{"op_code":5,"worker_id":"ca393fea-8eb9-4d6a-a69d-cd2eecf1322d-140193173047104","trial_id":403,"param_name":"n_estimators","param_value_internal":178.0,"distribution":"{\"name\": \"IntDistribution\", \"attributes\": {\"log\": false, \"step\": 1, \"low\": 50, \"high\": 200}}"}
{"op_code":5,"worker_id":"ca393fea-8eb9-4d6a-a69d-cd2eecf1322d-140193173047104","trial_id":403,"param_name":"min_samples_split","param_value_internal":6.0,"distribution":"{\"name\": \"IntDistribution\", \"attributes\": {\"log\": false, \"step\": 1, \"low\": 5, \"high\": 20}}"}
{"op_code":5,"worker_id":"ca393fea-8eb9-4d6a-a69d-cd2eecf1322d-140193173047104","trial_id":403,"param_name":"min_samples_leaf","param_value_internal":17.0,"distribution":"{\"name\": \"IntDistribution\", \"attributes\": {\"log\": false, \"step\": 1, \"low\": 5, \"high\": 20}}"}
{"op_code":6,"worker_id":"ca393fea-8eb9-4d6a-a69d-cd2eecf1322d-140193173047104","trial_id":403,"state":1,"values":[0.7828747323340471],"datetime_complete":"2026-03-21T11:09:37.231466"}
{"op_code":4,"worker_id":"ca393fea-8eb9-4d6a-a69d-cd2eecf1322d-140193173047104","study_id":0,"datetime_start":"2026-03-21T11:09:37.248088"}
{"op_code":5,"worker_id":"ca393fea-8eb9-4d6a-a69d-cd2eecf1322d-140193173047104","trial_id":404,"param_name":"n_estimators","param_value_internal":142.0,"distribution":"{\"name\": \"IntDistribution\", \"attributes\": {\"log\": false, \"step\": 1, \"low\": 50, \"high\": 200}}"}
{"op_code":5,"worker_id":"ca393fea-8eb9-4d6a-a69d-cd2eecf1322d-140193173047104","trial_id":404,"param_name":"min_samples_split","param_value_internal":7.0,"distribution":"{\"name\": \"IntDistribution\", \"attributes\": {\"log\": false, \"step\": 1, \"low\": 5, \"high\": 20}}"}
{"op_code":5,"worker_id":"ca393fea-8eb9-4d6a-a69d-cd2eecf1322d-140193173047104","trial_id":404,"param_name":"min_samples_leaf","param_value_internal":17.0,"distribution":"{\"name\": \"IntDistribution\", \"attributes\": {\"log\": false, \"step\": 1, \"low\": 5, \"high\": 20}}"}
{"op_code":6,"worker_id":"ca393fea-8eb9-4d6a-a69d-cd2eecf1322d-140193173047104","trial_id":404,"state":1,"values":[0.7827355460385439],"datetime_complete":"2026-03-21T11:09:57.634457"}
{"op_code":4,"worker_id":"ca393fea-8eb9-4d6a-a69d-cd2eecf1322d-140193173047104","study_id":0,"datetime_start":"2026-03-21T11:09:57.655945"}
{"op_code":5,"worker_id":"ca393fea-8eb9-4d6a-a69d-cd2eecf1322d-140193173047104","trial_id":405,"param_name":"n_estimators","param_value_internal":181.0,"distribution":"{\"name\": \"IntDistribution\", \"attributes\": {\"log\": false, \"step\": 1, \"low\": 50, \"high\": 200}}"}
{"op_code":5,"worker_id":"ca393fea-8eb9-4d6a-a69d-cd2eecf1322d-140193173047104","trial_id":405,"param_name":"min_samples_split","param_value_internal":6.0,"distribution":"{\"name\": \"IntDistribution\", \"attributes\": {\"log\": false, \"step\": 1, \"low\": 5, \"high\": 20}}"}
{"op_code":5,"worker_id":"ca393fea-8eb9-4d6a-a69d-cd2eecf1322d-140193173047104","trial_id":405,"param_name":"min_samples_leaf","param_value_internal":16.0,"distribution":"{\"name\": \"IntDistribution\", \"attributes\": {\"log\": false, \"step\": 1, \"low\": 5, \"high\": 20}}"}
{"op_code":6,"worker_id":"ca393fea-8eb9-4d6a-a69d-cd2eecf1322d-140193173047104","trial_id":405,"state":1,"values":[0.7840042826552462],"datetime_complete":"2026-03-21T11:10:24.157107"}
{"op_code":4,"worker_id":"ca393fea-8eb9-4d6a-a69d-cd2eecf1322d-140193173047104","study_id":0,"datetime_start":"2026-03-21T11:10:24.187455"}
{"op_code":5,"worker_id":"ca393fea-8eb9-4d6a-a69d-cd2eecf1322d-140193173047104","trial_id":406,"param_name":"n_estimators","param_value_internal":173.0,"distribution":"{\"name\": \"IntDistribution\", \"attributes\": {\"log\": false, \"step\": 1, \"low\": 50, \"high\": 200}}"}
{"op_code":5,"worker_id":"ca393fea-8eb9-4d6a-a69d-cd2eecf1322d-140193173047104","trial_id":406,"param_name":"min_samples_split","param_value_internal":5.0,"distribution":"{\"name\": \"IntDistribution\", \"attributes\": {\"log\": false, \"step\": 1, \"low\": 5, \"high\": 20}}"}
{"op_code":5,"worker_id":"ca393fea-8eb9-4d6a-a69d-cd2eecf1322d-140193173047104","trial_id":406,"param_name":"min_samples_leaf","param_value_internal":18.0,"distribution":"{\"name\": \"IntDistribution\", \"attributes\": {\"log\": false, \"step\": 1, \"low\": 5, \"high\": 20}}"}
{"op_code":6,"worker_id":"ca393fea-8eb9-4d6a-a69d-cd2eecf1322d-140193173047104","trial_id":406,"state":1,"values":[0.7817933618843683],"datetime_complete":"2026-03-21T11:10:48.354877"}
{"op_code":4,"worker_id":"ca393fea-8eb9-4d6a-a69d-cd2eecf1322d-140193173047104","study_id":0,"datetime_start":"2026-03-21T11:10:48.377838"}
{"op_code":5,"worker_id":"ca393fea-8eb9-4d6a-a69d-cd2eecf1322d-140193173047104","trial_id":407,"param_name":"n_estimators","param_value_internal":135.0,"distribution":"{\"name\": \"IntDistribution\", \"attributes\": {\"log\": false, \"step\": 1, \"low\": 50, \"high\": 200}}"}
{"op_code":5,"worker_id":"ca393fea-8eb9-4d6a-a69d-cd2eecf1322d-140193173047104","trial_id":407,"param_name":"min_samples_split","param_value_internal":7.0,"distribution":"{\"name\": \"IntDistribution\", \"attributes\": {\"log\": false, \"step\": 1, \"low\": 5, \"high\": 20}}"}
{"op_code":5,"worker_id":"ca393fea-8eb9-4d6a-a69d-cd2eecf1322d-140193173047104","trial_id":407,"param_name":"min_samples_leaf","param_value_internal":17.0,"distribution":"{\"name\": \"IntDistribution\", \"attributes\": {\"log\": false, \"step\": 1, \"low\": 5, \"high\": 20}}"}
{"op_code":6,"worker_id":"ca393fea-8eb9-4d6a-a69d-cd2eecf1322d-140193173047104","trial_id":407,"state":1,"values":[0.7823072805139186],"datetime_complete":"2026-03-21T11:11:07.163844"}
{"op_code":4,"worker_id":"ca393fea-8eb9-4d6a-a69d-cd2eecf1322d-140193173047104","study_id":0,"datetime_start":"2026-03-21T11:11:07.183875"}
{"op_code":5,"worker_id":"ca393fea-8eb9-4d6a-a69d-cd2eecf1322d-140193173047104","trial_id":408,"param_name":"n_estimators","param_value_internal":145.0,"distribution":"{\"name\": \"IntDistribution\", \"attributes\": {\"log\": false, \"step\": 1, \"low\": 50, \"high\": 200}}"}
{"op_code":5,"worker_id":"ca393fea-8eb9-4d6a-a69d-cd2eecf1322d-140193173047104","trial_id":408,"param_name":"min_samples_split","param_value_internal":6.0,"distribution":"{\"name\": \"IntDistribution\", \"attributes\": {\"log\": false, \"step\": 1, \"low\": 5, \"high\": 20}}"}
{"op_code":5,"worker_id":"ca393fea-8eb9-4d6a-a69d-cd2eecf1322d-140193173047104","trial_id":408,"param_name":"min_samples_leaf","param_value_internal":16.0,"distribution":"{\"name\": \"IntDistribution\", \"attributes\": {\"log\": false, \"step\": 1, \"low\": 5, \"high\": 20}}"}
{"op_code":6,"worker_id":"ca393fea-8eb9-4d6a-a69d-cd2eecf1322d-140193173047104","trial_id":408,"state":1,"values":[0.7838865096359743],"datetime_complete":"2026-03-21T11:11:28.861947"}
{"op_code":4,"worker_id":"ca393fea-8eb9-4d6a-a69d-cd2eecf1322d-140193173047104","study_id":0,"datetime_start":"2026-03-21T11:11:28.886223"}
{"op_code":5,"worker_id":"ca393fea-8eb9-4d6a-a69d-cd2eecf1322d-140193173047104","trial_id":409,"param_name":"n_estimators","param_value_internal":176.0,"distribution":"{\"name\": \"IntDistribution\", \"attributes\": {\"log\": false, \"step\": 1, \"low\": 50, \"high\": 200}}"}
{"op_code":5,"worker_id":"ca393fea-8eb9-4d6a-a69d-cd2eecf1322d-140193173047104","trial_id":409,"param_name":"min_samples_split","param_value_internal":7.0,"distribution":"{\"name\": \"IntDistribution\", \"attributes\": {\"log\": false, \"step\": 1, \"low\": 5, \"high\": 20}}"}
{"op_code":5,"worker_id":"ca393fea-8eb9-4d6a-a69d-cd2eecf1322d-140193173047104","trial_id":409,"param_name":"min_samples_leaf","param_value_internal":17.0,"distribution":"{\"name\": \"IntDistribution\", \"attributes\": {\"log\": false, \"step\": 1, \"low\": 5, \"high\": 20}}"}
{"op_code":6,"worker_id":"ca393fea-8eb9-4d6a-a69d-cd2eecf1322d-140193173047104","trial_id":409,"state":1,"values":[0.7827890792291221],"datetime_complete":"2026-03-21T11:11:54.359850"}
{"op_code":0,"worker_id":"282febb4-edcc-4ffe-803d-6c8f03e5f61c-140193173047104","study_name":"rsf_tuning","directions":[2]}
{"op_code":4,"worker_id":"282febb4-edcc-4ffe-803d-6c8f03e5f61c-140193173047104","study_id":0,"datetime_start":"2026-03-21T11:23:49.039214"}
{"op_code":5,"worker_id":"282febb4-edcc-4ffe-803d-6c8f03e5f61c-140193173047104","trial_id":410,"param_name":"n_estimators","param_value_internal":139.0,"distribution":"{\"name\": \"IntDistribution\", \"attributes\": {\"log\": false, \"step\": 1, \"low\": 50, \"high\": 200}}"}
{"op_code":5,"worker_id":"282febb4-edcc-4ffe-803d-6c8f03e5f61c-140193173047104","trial_id":410,"param_name":"min_samples_split","param_value_internal":5.0,"distribution":"{\"name\": \"IntDistribution\", \"attributes\": {\"log\": false, \"step\": 1, \"low\": 5, \"high\": 20}}"}
{"op_code":5,"worker_id":"282febb4-edcc-4ffe-803d-6c8f03e5f61c-140193173047104","trial_id":410,"param_name":"min_samples_leaf","param_value_internal":16.0,"distribution":"{\"name\": \"IntDistribution\", \"attributes\": {\"log\": false, \"step\": 1, \"low\": 5, \"high\": 20}}"}
{"op_code":6,"worker_id":"282febb4-edcc-4ffe-803d-6c8f03e5f61c-140193173047104","trial_id":410,"state":1,"values":[0.7605460154582748],"datetime_complete":"2026-03-21T11:24:09.605335"}
{"op_code":4,"worker_id":"282febb4-edcc-4ffe-803d-6c8f03e5f61c-140193173047104","study_id":0,"datetime_start":"2026-03-21T11:24:09.630258"}
{"op_code":5,"worker_id":"282febb4-edcc-4ffe-803d-6c8f03e5f61c-140193173047104","trial_id":411,"param_name":"n_estimators","param_value_internal":131.0,"distribution":"{\"name\": \"IntDistribution\", \"attributes\": {\"log\": false, \"step\": 1, \"low\": 50, \"high\": 200}}"}
{"op_code":5,"worker_id":"282febb4-edcc-4ffe-803d-6c8f03e5f61c-140193173047104","trial_id":411,"param_name":"min_samples_split","param_value_internal":6.0,"distribution":"{\"name\": \"IntDistribution\", \"attributes\": {\"log\": false, \"step\": 1, \"low\": 5, \"high\": 20}}"}
{"op_code":5,"worker_id":"282febb4-edcc-4ffe-803d-6c8f03e5f61c-140193173047104","trial_id":411,"param_name":"min_samples_leaf","param_value_internal":17.0,"distribution":"{\"name\": \"IntDistribution\", \"attributes\": {\"log\": false, \"step\": 1, \"low\": 5, \"high\": 20}}"}
{"op_code":6,"worker_id":"282febb4-edcc-4ffe-803d-6c8f03e5f61c-140193173047104","trial_id":411,"state":1,"values":[0.7600484315048045],"datetime_complete":"2026-03-21T11:24:28.627330"}
{"op_code":4,"worker_id":"282febb4-edcc-4ffe-803d-6c8f03e5f61c-140193173047104","study_id":0,"datetime_start":"2026-03-21T11:24:28.654455"}
{"op_code":5,"worker_id":"282febb4-edcc-4ffe-803d-6c8f03e5f61c-140193173047104","trial_id":412,"param_name":"n_estimators","param_value_internal":189.0,"distribution":"{\"name\": \"IntDistribution\", \"attributes\": {\"log\": false, \"step\": 1, \"low\": 50, \"high\": 200}}"}
{"op_code":5,"worker_id":"282febb4-edcc-4ffe-803d-6c8f03e5f61c-140193173047104","trial_id":412,"param_name":"min_samples_split","param_value_internal":7.0,"distribution":"{\"name\": \"IntDistribution\", \"attributes\": {\"log\": false, \"step\": 1, \"low\": 5, \"high\": 20}}"}
{"op_code":5,"worker_id":"282febb4-edcc-4ffe-803d-6c8f03e5f61c-140193173047104","trial_id":412,"param_name":"min_samples_leaf","param_value_internal":17.0,"distribution":"{\"name\": \"IntDistribution\", \"attributes\": {\"log\": false, \"step\": 1, \"low\": 5, \"high\": 20}}"}
{"op_code":6,"worker_id":"282febb4-edcc-4ffe-803d-6c8f03e5f61c-140193173047104","trial_id":412,"state":1,"values":[0.7595895485254929],"datetime_complete":"2026-03-21T11:24:56.289087"}
{"op_code":4,"worker_id":"282febb4-edcc-4ffe-803d-6c8f03e5f61c-140193173047104","study_id":0,"datetime_start":"2026-03-21T11:24:56.322079"}
{"op_code":5,"worker_id":"282febb4-edcc-4ffe-803d-6c8f03e5f61c-140193173047104","trial_id":413,"param_name":"n_estimators","param_value_internal":179.0,"distribution":"{\"name\": \"IntDistribution\", \"attributes\": {\"log\": false, \"step\": 1, \"low\": 50, \"high\": 200}}"}
{"op_code":5,"worker_id":"282febb4-edcc-4ffe-803d-6c8f03e5f61c-140193173047104","trial_id":413,"param_name":"min_samples_split","param_value_internal":5.0,"distribution":"{\"name\": \"IntDistribution\", \"attributes\": {\"log\": false, \"step\": 1, \"low\": 5, \"high\": 20}}"}
{"op_code":5,"worker_id":"282febb4-edcc-4ffe-803d-6c8f03e5f61c-140193173047104","trial_id":413,"param_name":"min_samples_leaf","param_value_internal":18.0,"distribution":"{\"name\": \"IntDistribution\", \"attributes\": {\"log\": false, \"step\": 1, \"low\": 5, \"high\": 20}}"}
{"op_code":6,"worker_id":"282febb4-edcc-4ffe-803d-6c8f03e5f61c-140193173047104","trial_id":413,"state":1,"values":[0.760839037119763],"datetime_complete":"2026-03-21T11:25:21.917870"}
{"op_code":4,"worker_id":"282febb4-edcc-4ffe-803d-6c8f03e5f61c-140193173047104","study_id":0,"datetime_start":"2026-03-21T11:25:22.117306"}
{"op_code":5,"worker_id":"282febb4-edcc-4ffe-803d-6c8f03e5f61c-140193173047104","trial_id":414,"param_name":"n_estimators","param_value_internal":173.0,"distribution":"{\"name\": \"IntDistribution\", \"attributes\": {\"log\": false, \"step\": 1, \"low\": 50, \"high\": 200}}"}
{"op_code":5,"worker_id":"282febb4-edcc-4ffe-803d-6c8f03e5f61c-140193173047104","trial_id":414,"param_name":"min_samples_split","param_value_internal":6.0,"distribution":"{\"name\": \"IntDistribution\", \"attributes\": {\"log\": false, \"step\": 1, \"low\": 5, \"high\": 20}}"}
{"op_code":5,"worker_id":"282febb4-edcc-4ffe-803d-6c8f03e5f61c-140193173047104","trial_id":414,"param_name":"min_samples_leaf","param_value_internal":17.0,"distribution":"{\"name\": \"IntDistribution\", \"attributes\": {\"log\": false, \"step\": 1, \"low\": 5, \"high\": 20}}"}
{"op_code":6,"worker_id":"282febb4-edcc-4ffe-803d-6c8f03e5f61c-140193173047104","trial_id":414,"state":1,"values":[0.7589039884118226],"datetime_complete":"2026-03-21T11:25:47.147713"}
{"op_code":4,"worker_id":"282febb4-edcc-4ffe-803d-6c8f03e5f61c-140193173047104","study_id":0,"datetime_start":"2026-03-21T11:25:47.166840"}
{"op_code":5,"worker_id":"282febb4-edcc-4ffe-803d-6c8f03e5f61c-140193173047104","trial_id":415,"param_name":"n_estimators","param_value_internal":185.0,"distribution":"{\"name\": \"IntDistribution\", \"attributes\": {\"log\": false, \"step\": 1, \"low\": 50, \"high\": 200}}"}
{"op_code":5,"worker_id":"282febb4-edcc-4ffe-803d-6c8f03e5f61c-140193173047104","trial_id":415,"param_name":"min_samples_split","param_value_internal":6.0,"distribution":"{\"name\": \"IntDistribution\", \"attributes\": {\"log\": false, \"step\": 1, \"low\": 5, \"high\": 20}}"}
{"op_code":5,"worker_id":"282febb4-edcc-4ffe-803d-6c8f03e5f61c-140193173047104","trial_id":415,"param_name":"min_samples_leaf","param_value_internal":16.0,"distribution":"{\"name\": \"IntDistribution\", \"attributes\": {\"log\": false, \"step\": 1, \"low\": 5, \"high\": 20}}"}
{"op_code":6,"worker_id":"282febb4-edcc-4ffe-803d-6c8f03e5f61c-140193173047104","trial_id":415,"state":1,"values":[0.7613476784944215],"datetime_complete":"2026-03-21T11:26:14.259472"}
{"op_code":4,"worker_id":"282febb4-edcc-4ffe-803d-6c8f03e5f61c-140193173047104","study_id":0,"datetime_start":"2026-03-21T11:26:14.287697"}
{"op_code":5,"worker_id":"282febb4-edcc-4ffe-803d-6c8f03e5f61c-140193173047104","trial_id":416,"param_name":"n_estimators","param_value_internal":175.0,"distribution":"{\"name\": \"IntDistribution\", \"attributes\": {\"log\": false, \"step\": 1, \"low\": 50, \"high\": 200}}"}
{"op_code":5,"worker_id":"282febb4-edcc-4ffe-803d-6c8f03e5f61c-140193173047104","trial_id":416,"param_name":"min_samples_split","param_value_internal":7.0,"distribution":"{\"name\": \"IntDistribution\", \"attributes\": {\"log\": false, \"step\": 1, \"low\": 5, \"high\": 20}}"}
{"op_code":5,"worker_id":"282febb4-edcc-4ffe-803d-6c8f03e5f61c-140193173047104","trial_id":416,"param_name":"min_samples_leaf","param_value_internal":17.0,"distribution":"{\"name\": \"IntDistribution\", \"attributes\": {\"log\": false, \"step\": 1, \"low\": 5, \"high\": 20}}"}
{"op_code":6,"worker_id":"282febb4-edcc-4ffe-803d-6c8f03e5f61c-140193173047104","trial_id":416,"state":1,"values":[0.7586994261198403],"datetime_complete":"2026-03-21T11:26:39.574302"}
{"op_code":4,"worker_id":"282febb4-edcc-4ffe-803d-6c8f03e5f61c-140193173047104","study_id":0,"datetime_start":"2026-03-21T11:26:39.596576"}
{"op_code":5,"worker_id":"282febb4-edcc-4ffe-803d-6c8f03e5f61c-140193173047104","trial_id":417,"param_name":"n_estimators","param_value_internal":137.0,"distribution":"{\"name\": \"IntDistribution\", \"attributes\": {\"log\": false, \"step\": 1, \"low\": 50, \"high\": 200}}"}
{"op_code":5,"worker_id":"282febb4-edcc-4ffe-803d-6c8f03e5f61c-140193173047104","trial_id":417,"param_name":"min_samples_split","param_value_internal":7.0,"distribution":"{\"name\": \"IntDistribution\", \"attributes\": {\"log\": false, \"step\": 1, \"low\": 5, \"high\": 20}}"}
{"op_code":5,"worker_id":"282febb4-edcc-4ffe-803d-6c8f03e5f61c-140193173047104","trial_id":417,"param_name":"min_samples_leaf","param_value_internal":16.0,"distribution":"{\"name\": \"IntDistribution\", \"attributes\": {\"log\": false, \"step\": 1, \"low\": 5, \"high\": 20}}"}
{"op_code":6,"worker_id":"282febb4-edcc-4ffe-803d-6c8f03e5f61c-140193173047104","trial_id":417,"state":1,"values":[0.7604907283523337],"datetime_complete":"2026-03-21T11:26:59.257908"}
{"op_code":4,"worker_id":"282febb4-edcc-4ffe-803d-6c8f03e5f61c-140193173047104","study_id":0,"datetime_start":"2026-03-21T11:26:59.280947"}
{"op_code":5,"worker_id":"282febb4-edcc-4ffe-803d-6c8f03e5f61c-140193173047104","trial_id":418,"param_name":"n_estimators","param_value_internal":182.0,"distribution":"{\"name\": \"IntDistribution\", \"attributes\": {\"log\": false, \"step\": 1, \"low\": 50, \"high\": 200}}"}
{"op_code":5,"worker_id":"282febb4-edcc-4ffe-803d-6c8f03e5f61c-140193173047104","trial_id":418,"param_name":"min_samples_split","param_value_internal":6.0,"distribution":"{\"name\": \"IntDistribution\", \"attributes\": {\"log\": false, \"step\": 1, \"low\": 5, \"high\": 20}}"}
{"op_code":5,"worker_id":"282febb4-edcc-4ffe-803d-6c8f03e5f61c-140193173047104","trial_id":418,"param_name":"min_samples_leaf","param_value_internal":17.0,"distribution":"{\"name\": \"IntDistribution\", \"attributes\": {\"log\": false, \"step\": 1, \"low\": 5, \"high\": 20}}"}
{"op_code":6,"worker_id":"282febb4-edcc-4ffe-803d-6c8f03e5f61c-140193173047104","trial_id":418,"state":1,"values":[0.7588376438846932],"datetime_complete":"2026-03-21T11:27:25.519297"}
{"op_code":4,"worker_id":"282febb4-edcc-4ffe-803d-6c8f03e5f61c-140193173047104","study_id":0,"datetime_start":"2026-03-21T11:27:25.539181"}
{"op_code":5,"worker_id":"282febb4-edcc-4ffe-803d-6c8f03e5f61c-140193173047104","trial_id":419,"param_name":"n_estimators","param_value_internal":133.0,"distribution":"{\"name\": \"IntDistribution\", \"attributes\": {\"log\": false, \"step\": 1, \"low\": 50, \"high\": 200}}"}
{"op_code":5,"worker_id":"282febb4-edcc-4ffe-803d-6c8f03e5f61c-140193173047104","trial_id":419,"param_name":"min_samples_split","param_value_internal":5.0,"distribution":"{\"name\": \"IntDistribution\", \"attributes\": {\"log\": false, \"step\": 1, \"low\": 5, \"high\": 20}}"}
{"op_code":5,"worker_id":"282febb4-edcc-4ffe-803d-6c8f03e5f61c-140193173047104","trial_id":419,"param_name":"min_samples_leaf","param_value_internal":19.0,"distribution":"{\"name\": \"IntDistribution\", \"attributes\": {\"log\": false, \"step\": 1, \"low\": 5, \"high\": 20}}"}
{"op_code":6,"worker_id":"282febb4-edcc-4ffe-803d-6c8f03e5f61c-140193173047104","trial_id":419,"state":1,"values":[0.76079480743501],"datetime_complete":"2026-03-21T11:27:43.293070"}
{"op_code":0,"worker_id":"d4f17da6-021b-41f1-ab7c-f7c550005485-140193173047104","study_name":"rsf_tuning","directions":[2]}
{"op_code":4,"worker_id":"d4f17da6-021b-41f1-ab7c-f7c550005485-140193173047104","study_id":0,"datetime_start":"2026-03-21T11:39:04.644652"}
{"op_code":5,"worker_id":"d4f17da6-021b-41f1-ab7c-f7c550005485-140193173047104","trial_id":420,"param_name":"n_estimators","param_value_internal":141.0,"distribution":"{\"name\": \"IntDistribution\", \"attributes\": {\"log\": false, \"step\": 1, \"low\": 50, \"high\": 200}}"}
{"op_code":5,"worker_id":"d4f17da6-021b-41f1-ab7c-f7c550005485-140193173047104","trial_id":420,"param_name":"min_samples_split","param_value_internal":6.0,"distribution":"{\"name\": \"IntDistribution\", \"attributes\": {\"log\": false, \"step\": 1, \"low\": 5, \"high\": 20}}"}
{"op_code":5,"worker_id":"d4f17da6-021b-41f1-ab7c-f7c550005485-140193173047104","trial_id":420,"param_name":"min_samples_leaf","param_value_internal":18.0,"distribution":"{\"name\": \"IntDistribution\", \"attributes\": {\"log\": false, \"step\": 1, \"low\": 5, \"high\": 20}}"}
{"op_code":6,"worker_id":"d4f17da6-021b-41f1-ab7c-f7c550005485-140193173047104","trial_id":420,"state":1,"values":[0.7870183553958958],"datetime_complete":"2026-03-21T11:39:24.786558"}
{"op_code":4,"worker_id":"d4f17da6-021b-41f1-ab7c-f7c550005485-140193173047104","study_id":0,"datetime_start":"2026-03-21T11:39:24.809790"}
{"op_code":5,"worker_id":"d4f17da6-021b-41f1-ab7c-f7c550005485-140193173047104","trial_id":421,"param_name":"n_estimators","param_value_internal":169.0,"distribution":"{\"name\": \"IntDistribution\", \"attributes\": {\"log\": false, \"step\": 1, \"low\": 50, \"high\": 200}}"}
{"op_code":5,"worker_id":"d4f17da6-021b-41f1-ab7c-f7c550005485-140193173047104","trial_id":421,"param_name":"min_samples_split","param_value_internal":7.0,"distribution":"{\"name\": \"IntDistribution\", \"attributes\": {\"log\": false, \"step\": 1, \"low\": 5, \"high\": 20}}"}
{"op_code":5,"worker_id":"d4f17da6-021b-41f1-ab7c-f7c550005485-140193173047104","trial_id":421,"param_name":"min_samples_leaf","param_value_internal":17.0,"distribution":"{\"name\": \"IntDistribution\", \"attributes\": {\"log\": false, \"step\": 1, \"low\": 5, \"high\": 20}}"}
{"op_code":6,"worker_id":"d4f17da6-021b-41f1-ab7c-f7c550005485-140193173047104","trial_id":421,"state":1,"values":[0.7878549283991929],"datetime_complete":"2026-03-21T11:39:49.401892"}
{"op_code":4,"worker_id":"d4f17da6-021b-41f1-ab7c-f7c550005485-140193173047104","study_id":0,"datetime_start":"2026-03-21T11:39:49.425245"}
{"op_code":5,"worker_id":"d4f17da6-021b-41f1-ab7c-f7c550005485-140193173047104","trial_id":422,"param_name":"n_estimators","param_value_internal":178.0,"distribution":"{\"name\": \"IntDistribution\", \"attributes\": {\"log\": false, \"step\": 1, \"low\": 50, \"high\": 200}}"}
{"op_code":5,"worker_id":"d4f17da6-021b-41f1-ab7c-f7c550005485-140193173047104","trial_id":422,"param_name":"min_samples_split","param_value_internal":5.0,"distribution":"{\"name\": \"IntDistribution\", \"attributes\": {\"log\": false, \"step\": 1, \"low\": 5, \"high\": 20}}"}
{"op_code":5,"worker_id":"d4f17da6-021b-41f1-ab7c-f7c550005485-140193173047104","trial_id":422,"param_name":"min_samples_leaf","param_value_internal":16.0,"distribution":"{\"name\": \"IntDistribution\", \"attributes\": {\"log\": false, \"step\": 1, \"low\": 5, \"high\": 20}}"}
{"op_code":6,"worker_id":"d4f17da6-021b-41f1-ab7c-f7c550005485-140193173047104","trial_id":422,"state":1,"values":[0.7862419281640777],"datetime_complete":"2026-03-21T11:40:15.853368"}
{"op_code":4,"worker_id":"d4f17da6-021b-41f1-ab7c-f7c550005485-140193173047104","study_id":0,"datetime_start":"2026-03-21T11:40:15.874144"}
{"op_code":5,"worker_id":"d4f17da6-021b-41f1-ab7c-f7c550005485-140193173047104","trial_id":423,"param_name":"n_estimators","param_value_internal":180.0,"distribution":"{\"name\": \"IntDistribution\", \"attributes\": {\"log\": false, \"step\": 1, \"low\": 50, \"high\": 200}}"}
{"op_code":5,"worker_id":"d4f17da6-021b-41f1-ab7c-f7c550005485-140193173047104","trial_id":423,"param_name":"min_samples_split","param_value_internal":6.0,"distribution":"{\"name\": \"IntDistribution\", \"attributes\": {\"log\": false, \"step\": 1, \"low\": 5, \"high\": 20}}"}
{"op_code":5,"worker_id":"d4f17da6-021b-41f1-ab7c-f7c550005485-140193173047104","trial_id":423,"param_name":"min_samples_leaf","param_value_internal":15.0,"distribution":"{\"name\": \"IntDistribution\", \"attributes\": {\"log\": false, \"step\": 1, \"low\": 5, \"high\": 20}}"}
{"op_code":6,"worker_id":"d4f17da6-021b-41f1-ab7c-f7c550005485-140193173047104","trial_id":423,"state":1,"values":[0.7847601550667345],"datetime_complete":"2026-03-21T11:40:43.506259"}
{"op_code":4,"worker_id":"d4f17da6-021b-41f1-ab7c-f7c550005485-140193173047104","study_id":0,"datetime_start":"2026-03-21T11:40:47.318086"}
{"op_code":5,"worker_id":"d4f17da6-021b-41f1-ab7c-f7c550005485-140193173047104","trial_id":424,"param_name":"n_estimators","param_value_internal":198.0,"distribution":"{\"name\": \"IntDistribution\", \"attributes\": {\"log\": false, \"step\": 1, \"low\": 50, \"high\": 200}}"}
{"op_code":5,"worker_id":"d4f17da6-021b-41f1-ab7c-f7c550005485-140193173047104","trial_id":424,"param_name":"min_samples_split","param_value_internal":7.0,"distribution":"{\"name\": \"IntDistribution\", \"attributes\": {\"log\": false, \"step\": 1, \"low\": 5, \"high\": 20}}"}
{"op_code":5,"worker_id":"d4f17da6-021b-41f1-ab7c-f7c550005485-140193173047104","trial_id":424,"param_name":"min_samples_leaf","param_value_internal":17.0,"distribution":"{\"name\": \"IntDistribution\", \"attributes\": {\"log\": false, \"step\": 1, \"low\": 5, \"high\": 20}}"}
{"op_code":6,"worker_id":"d4f17da6-021b-41f1-ab7c-f7c550005485-140193173047104","trial_id":424,"state":1,"values":[0.7867723045125732],"datetime_complete":"2026-03-21T11:41:16.248057"}
{"op_code":4,"worker_id":"d4f17da6-021b-41f1-ab7c-f7c550005485-140193173047104","study_id":0,"datetime_start":"2026-03-21T11:41:16.268509"}
{"op_code":5,"worker_id":"d4f17da6-021b-41f1-ab7c-f7c550005485-140193173047104","trial_id":425,"param_name":"n_estimators","param_value_internal":166.0,"distribution":"{\"name\": \"IntDistribution\", \"attributes\": {\"log\": false, \"step\": 1, \"low\": 50, \"high\": 200}}"}
{"op_code":5,"worker_id":"d4f17da6-021b-41f1-ab7c-f7c550005485-140193173047104","trial_id":425,"param_name":"min_samples_split","param_value_internal":6.0,"distribution":"{\"name\": \"IntDistribution\", \"attributes\": {\"log\": false, \"step\": 1, \"low\": 5, \"high\": 20}}"}
{"op_code":5,"worker_id":"d4f17da6-021b-41f1-ab7c-f7c550005485-140193173047104","trial_id":425,"param_name":"min_samples_leaf","param_value_internal":18.0,"distribution":"{\"name\": \"IntDistribution\", \"attributes\": {\"log\": false, \"step\": 1, \"low\": 5, \"high\": 20}}"}
{"op_code":6,"worker_id":"d4f17da6-021b-41f1-ab7c-f7c550005485-140193173047104","trial_id":425,"state":1,"values":[0.7862747349485207],"datetime_complete":"2026-03-21T11:41:39.077286"}
{"op_code":4,"worker_id":"d4f17da6-021b-41f1-ab7c-f7c550005485-140193173047104","study_id":0,"datetime_start":"2026-03-21T11:41:39.097092"}
{"op_code":5,"worker_id":"d4f17da6-021b-41f1-ab7c-f7c550005485-140193173047104","trial_id":426,"param_name":"n_estimators","param_value_internal":146.0,"distribution":"{\"name\": \"IntDistribution\", \"attributes\": {\"log\": false, \"step\": 1, \"low\": 50, \"high\": 200}}"}
{"op_code":5,"worker_id":"d4f17da6-021b-41f1-ab7c-f7c550005485-140193173047104","trial_id":426,"param_name":"min_samples_split","param_value_internal":7.0,"distribution":"{\"name\": \"IntDistribution\", \"attributes\": {\"log\": false, \"step\": 1, \"low\": 5, \"high\": 20}}"}
{"op_code":5,"worker_id":"d4f17da6-021b-41f1-ab7c-f7c550005485-140193173047104","trial_id":426,"param_name":"min_samples_leaf","param_value_internal":16.0,"distribution":"{\"name\": \"IntDistribution\", \"attributes\": {\"log\": false, \"step\": 1, \"low\": 5, \"high\": 20}}"}
{"op_code":6,"worker_id":"d4f17da6-021b-41f1-ab7c-f7c550005485-140193173047104","trial_id":426,"state":1,"values":[0.7857334230052108],"datetime_complete":"2026-03-21T11:42:00.327725"}
{"op_code":4,"worker_id":"d4f17da6-021b-41f1-ab7c-f7c550005485-140193173047104","study_id":0,"datetime_start":"2026-03-21T11:42:00.350734"}
{"op_code":5,"worker_id":"d4f17da6-021b-41f1-ab7c-f7c550005485-140193173047104","trial_id":427,"param_name":"n_estimators","param_value_internal":175.0,"distribution":"{\"name\": \"IntDistribution\", \"attributes\": {\"log\": false, \"step\": 1, \"low\": 50, \"high\": 200}}"}
{"op_code":5,"worker_id":"d4f17da6-021b-41f1-ab7c-f7c550005485-140193173047104","trial_id":427,"param_name":"min_samples_split","param_value_internal":5.0,"distribution":"{\"name\": \"IntDistribution\", \"attributes\": {\"log\": false, \"step\": 1, \"low\": 5, \"high\": 20}}"}
{"op_code":5,"worker_id":"d4f17da6-021b-41f1-ab7c-f7c550005485-140193173047104","trial_id":427,"param_name":"min_samples_leaf","param_value_internal":17.0,"distribution":"{\"name\": \"IntDistribution\", \"attributes\": {\"log\": false, \"step\": 1, \"low\": 5, \"high\": 20}}"}
{"op_code":6,"worker_id":"d4f17da6-021b-41f1-ab7c-f7c550005485-140193173047104","trial_id":427,"state":1,"values":[0.7877346368562352],"datetime_complete":"2026-03-21T11:42:24.792937"}
{"op_code":4,"worker_id":"d4f17da6-021b-41f1-ab7c-f7c550005485-140193173047104","study_id":0,"datetime_start":"2026-03-21T11:42:24.820348"}
{"op_code":5,"worker_id":"d4f17da6-021b-41f1-ab7c-f7c550005485-140193173047104","trial_id":428,"param_name":"n_estimators","param_value_internal":89.0,"distribution":"{\"name\": \"IntDistribution\", \"attributes\": {\"log\": false, \"step\": 1, \"low\": 50, \"high\": 200}}"}
{"op_code":5,"worker_id":"d4f17da6-021b-41f1-ab7c-f7c550005485-140193173047104","trial_id":428,"param_name":"min_samples_split","param_value_internal":6.0,"distribution":"{\"name\": \"IntDistribution\", \"attributes\": {\"log\": false, \"step\": 1, \"low\": 5, \"high\": 20}}"}
{"op_code":5,"worker_id":"d4f17da6-021b-41f1-ab7c-f7c550005485-140193173047104","trial_id":428,"param_name":"min_samples_leaf","param_value_internal":16.0,"distribution":"{\"name\": \"IntDistribution\", \"attributes\": {\"log\": false, \"step\": 1, \"low\": 5, \"high\": 20}}"}
{"op_code":6,"worker_id":"d4f17da6-021b-41f1-ab7c-f7c550005485-140193173047104","trial_id":428,"state":1,"values":[0.7829995243016256],"datetime_complete":"2026-03-21T11:42:37.843434"}
{"op_code":4,"worker_id":"d4f17da6-021b-41f1-ab7c-f7c550005485-140193173047104","study_id":0,"datetime_start":"2026-03-21T11:42:37.867555"}
{"op_code":5,"worker_id":"d4f17da6-021b-41f1-ab7c-f7c550005485-140193173047104","trial_id":429,"param_name":"n_estimators","param_value_internal":171.0,"distribution":"{\"name\": \"IntDistribution\", \"attributes\": {\"log\": false, \"step\": 1, \"low\": 50, \"high\": 200}}"}
{"op_code":5,"worker_id":"d4f17da6-021b-41f1-ab7c-f7c550005485-140193173047104","trial_id":429,"param_name":"min_samples_split","param_value_internal":6.0,"distribution":"{\"name\": \"IntDistribution\", \"attributes\": {\"log\": false, \"step\": 1, \"low\": 5, \"high\": 20}}"}
{"op_code":5,"worker_id":"d4f17da6-021b-41f1-ab7c-f7c550005485-140193173047104","trial_id":429,"param_name":"min_samples_leaf","param_value_internal":17.0,"distribution":"{\"name\": \"IntDistribution\", \"attributes\": {\"log\": false, \"step\": 1, \"low\": 5, \"high\": 20}}"}
{"op_code":6,"worker_id":"d4f17da6-021b-41f1-ab7c-f7c550005485-140193173047104","trial_id":429,"state":1,"values":[0.78782212161475],"datetime_complete":"2026-03-21T11:43:02.468266"}
{"op_code":0,"worker_id":"0bf5e972-55bd-4a2f-a2d3-102e9252edd5-140193173047104","study_name":"rsf_tuning","directions":[2]}
{"op_code":4,"worker_id":"0bf5e972-55bd-4a2f-a2d3-102e9252edd5-140193173047104","study_id":0,"datetime_start":"2026-03-21T11:55:43.008826"}
{"op_code":5,"worker_id":"0bf5e972-55bd-4a2f-a2d3-102e9252edd5-140193173047104","trial_id":430,"param_name":"n_estimators","param_value_internal":183.0,"distribution":"{\"name\": \"IntDistribution\", \"attributes\": {\"log\": false, \"step\": 1, \"low\": 50, \"high\": 200}}"}
{"op_code":5,"worker_id":"0bf5e972-55bd-4a2f-a2d3-102e9252edd5-140193173047104","trial_id":430,"param_name":"min_samples_split","param_value_internal":7.0,"distribution":"{\"name\": \"IntDistribution\", \"attributes\": {\"log\": false, \"step\": 1, \"low\": 5, \"high\": 20}}"}
{"op_code":5,"worker_id":"0bf5e972-55bd-4a2f-a2d3-102e9252edd5-140193173047104","trial_id":430,"param_name":"min_samples_leaf","param_value_internal":18.0,"distribution":"{\"name\": \"IntDistribution\", \"attributes\": {\"log\": false, \"step\": 1, \"low\": 5, \"high\": 20}}"}
{"op_code":6,"worker_id":"0bf5e972-55bd-4a2f-a2d3-102e9252edd5-140193173047104","trial_id":430,"state":1,"values":[0.7715052895532668],"datetime_complete":"2026-03-21T11:56:08.895838"}
{"op_code":4,"worker_id":"0bf5e972-55bd-4a2f-a2d3-102e9252edd5-140193173047104","study_id":0,"datetime_start":"2026-03-21T11:56:08.955376"}
{"op_code":5,"worker_id":"0bf5e972-55bd-4a2f-a2d3-102e9252edd5-140193173047104","trial_id":431,"param_name":"n_estimators","param_value_internal":135.0,"distribution":"{\"name\": \"IntDistribution\", \"attributes\": {\"log\": false, \"step\": 1, \"low\": 50, \"high\": 200}}"}
{"op_code":5,"worker_id":"0bf5e972-55bd-4a2f-a2d3-102e9252edd5-140193173047104","trial_id":431,"param_name":"min_samples_split","param_value_internal":5.0,"distribution":"{\"name\": \"IntDistribution\", \"attributes\": {\"log\": false, \"step\": 1, \"low\": 5, \"high\": 20}}"}
{"op_code":5,"worker_id":"0bf5e972-55bd-4a2f-a2d3-102e9252edd5-140193173047104","trial_id":431,"param_name":"min_samples_leaf","param_value_internal":17.0,"distribution":"{\"name\": \"IntDistribution\", \"attributes\": {\"log\": false, \"step\": 1, \"low\": 5, \"high\": 20}}"}
{"op_code":6,"worker_id":"0bf5e972-55bd-4a2f-a2d3-102e9252edd5-140193173047104","trial_id":431,"state":1,"values":[0.7707734693657917],"datetime_complete":"2026-03-21T11:56:28.682390"}
{"op_code":4,"worker_id":"0bf5e972-55bd-4a2f-a2d3-102e9252edd5-140193173047104","study_id":0,"datetime_start":"2026-03-21T11:56:28.706689"}
{"op_code":5,"worker_id":"0bf5e972-55bd-4a2f-a2d3-102e9252edd5-140193173047104","trial_id":432,"param_name":"n_estimators","param_value_internal":187.0,"distribution":"{\"name\": \"IntDistribution\", \"attributes\": {\"log\": false, \"step\": 1, \"low\": 50, \"high\": 200}}"}
{"op_code":5,"worker_id":"0bf5e972-55bd-4a2f-a2d3-102e9252edd5-140193173047104","trial_id":432,"param_name":"min_samples_split","param_value_internal":6.0,"distribution":"{\"name\": \"IntDistribution\", \"attributes\": {\"log\": false, \"step\": 1, \"low\": 5, \"high\": 20}}"}
{"op_code":5,"worker_id":"0bf5e972-55bd-4a2f-a2d3-102e9252edd5-140193173047104","trial_id":432,"param_name":"min_samples_leaf","param_value_internal":16.0,"distribution":"{\"name\": \"IntDistribution\", \"attributes\": {\"log\": false, \"step\": 1, \"low\": 5, \"high\": 20}}"}
{"op_code":6,"worker_id":"0bf5e972-55bd-4a2f-a2d3-102e9252edd5-140193173047104","trial_id":432,"state":1,"values":[0.7733940313606474],"datetime_complete":"2026-03-21T11:56:56.739366"}
{"op_code":4,"worker_id":"0bf5e972-55bd-4a2f-a2d3-102e9252edd5-140193173047104","study_id":0,"datetime_start":"2026-03-21T11:56:58.411055"}
{"op_code":5,"worker_id":"0bf5e972-55bd-4a2f-a2d3-102e9252edd5-140193173047104","trial_id":433,"param_name":"n_estimators","param_value_internal":139.0,"distribution":"{\"name\": \"IntDistribution\", \"attributes\": {\"log\": false, \"step\": 1, \"low\": 50, \"high\": 200}}"}
{"op_code":5,"worker_id":"0bf5e972-55bd-4a2f-a2d3-102e9252edd5-140193173047104","trial_id":433,"param_name":"min_samples_split","param_value_internal":7.0,"distribution":"{\"name\": \"IntDistribution\", \"attributes\": {\"log\": false, \"step\": 1, \"low\": 5, \"high\": 20}}"}
{"op_code":5,"worker_id":"0bf5e972-55bd-4a2f-a2d3-102e9252edd5-140193173047104","trial_id":433,"param_name":"min_samples_leaf","param_value_internal":17.0,"distribution":"{\"name\": \"IntDistribution\", \"attributes\": {\"log\": false, \"step\": 1, \"low\": 5, \"high\": 20}}"}
{"op_code":6,"worker_id":"0bf5e972-55bd-4a2f-a2d3-102e9252edd5-140193173047104","trial_id":433,"state":1,"values":[0.7711178553363682],"datetime_complete":"2026-03-21T11:57:18.662395"}
{"op_code":4,"worker_id":"0bf5e972-55bd-4a2f-a2d3-102e9252edd5-140193173047104","study_id":0,"datetime_start":"2026-03-21T11:57:18.677129"}
{"op_code":5,"worker_id":"0bf5e972-55bd-4a2f-a2d3-102e9252edd5-140193173047104","trial_id":434,"param_name":"n_estimators","param_value_internal":180.0,"distribution":"{\"name\": \"IntDistribution\", \"attributes\": {\"log\": false, \"step\": 1, \"low\": 50, \"high\": 200}}"}
{"op_code":5,"worker_id":"0bf5e972-55bd-4a2f-a2d3-102e9252edd5-140193173047104","trial_id":434,"param_name":"min_samples_split","param_value_internal":6.0,"distribution":"{\"name\": \"IntDistribution\", \"attributes\": {\"log\": false, \"step\": 1, \"low\": 5, \"high\": 20}}"}
{"op_code":5,"worker_id":"0bf5e972-55bd-4a2f-a2d3-102e9252edd5-140193173047104","trial_id":434,"param_name":"min_samples_leaf","param_value_internal":17.0,"distribution":"{\"name\": \"IntDistribution\", \"attributes\": {\"log\": false, \"step\": 1, \"low\": 5, \"high\": 20}}"}
{"op_code":6,"worker_id":"0bf5e972-55bd-4a2f-a2d3-102e9252edd5-140193173047104","trial_id":434,"state":1,"values":[0.7722532528331127],"datetime_complete":"2026-03-21T11:57:43.866565"}
{"op_code":4,"worker_id":"0bf5e972-55bd-4a2f-a2d3-102e9252edd5-140193173047104","study_id":0,"datetime_start":"2026-03-21T11:57:43.880938"}
{"op_code":5,"worker_id":"0bf5e972-55bd-4a2f-a2d3-102e9252edd5-140193173047104","trial_id":435,"param_name":"n_estimators","param_value_internal":155.0,"distribution":"{\"name\": \"IntDistribution\", \"attributes\": {\"log\": false, \"step\": 1, \"low\": 50, \"high\": 200}}"}
{"op_code":5,"worker_id":"0bf5e972-55bd-4a2f-a2d3-102e9252edd5-140193173047104","trial_id":435,"param_name":"min_samples_split","param_value_internal":5.0,"distribution":"{\"name\": \"IntDistribution\", \"attributes\": {\"log\": false, \"step\": 1, \"low\": 5, \"high\": 20}}"}
{"op_code":5,"worker_id":"0bf5e972-55bd-4a2f-a2d3-102e9252edd5-140193173047104","trial_id":435,"param_name":"min_samples_leaf","param_value_internal":17.0,"distribution":"{\"name\": \"IntDistribution\", \"attributes\": {\"log\": false, \"step\": 1, \"low\": 5, \"high\": 20}}"}
{"op_code":6,"worker_id":"0bf5e972-55bd-4a2f-a2d3-102e9252edd5-140193173047104","trial_id":435,"state":1,"values":[0.7718120083083115],"datetime_complete":"2026-03-21T11:58:06.139479"}
{"op_code":4,"worker_id":"0bf5e972-55bd-4a2f-a2d3-102e9252edd5-140193173047104","study_id":0,"datetime_start":"2026-03-21T11:58:06.156293"}
{"op_code":5,"worker_id":"0bf5e972-55bd-4a2f-a2d3-102e9252edd5-140193173047104","trial_id":436,"param_name":"n_estimators","param_value_internal":176.0,"distribution":"{\"name\": \"IntDistribution\", \"attributes\": {\"log\": false, \"step\": 1, \"low\": 50, \"high\": 200}}"}
{"op_code":5,"worker_id":"0bf5e972-55bd-4a2f-a2d3-102e9252edd5-140193173047104","trial_id":436,"param_name":"min_samples_split","param_value_internal":7.0,"distribution":"{\"name\": \"IntDistribution\", \"attributes\": {\"log\": false, \"step\": 1, \"low\": 5, \"high\": 20}}"}
{"op_code":5,"worker_id":"0bf5e972-55bd-4a2f-a2d3-102e9252edd5-140193173047104","trial_id":436,"param_name":"min_samples_leaf","param_value_internal":13.0,"distribution":"{\"name\": \"IntDistribution\", \"attributes\": {\"log\": false, \"step\": 1, \"low\": 5, \"high\": 20}}"}
{"op_code":6,"worker_id":"0bf5e972-55bd-4a2f-a2d3-102e9252edd5-140193173047104","trial_id":436,"state":1,"values":[0.7719357720164874],"datetime_complete":"2026-03-21T11:58:33.990304"}
{"op_code":4,"worker_id":"0bf5e972-55bd-4a2f-a2d3-102e9252edd5-140193173047104","study_id":0,"datetime_start":"2026-03-21T11:58:34.022755"}
{"op_code":5,"worker_id":"0bf5e972-55bd-4a2f-a2d3-102e9252edd5-140193173047104","trial_id":437,"param_name":"n_estimators","param_value_internal":178.0,"distribution":"{\"name\": \"IntDistribution\", \"attributes\": {\"log\": false, \"step\": 1, \"low\": 50, \"high\": 200}}"}
{"op_code":5,"worker_id":"0bf5e972-55bd-4a2f-a2d3-102e9252edd5-140193173047104","trial_id":437,"param_name":"min_samples_split","param_value_internal":6.0,"distribution":"{\"name\": \"IntDistribution\", \"attributes\": {\"log\": false, \"step\": 1, \"low\": 5, \"high\": 20}}"}
{"op_code":5,"worker_id":"0bf5e972-55bd-4a2f-a2d3-102e9252edd5-140193173047104","trial_id":437,"param_name":"min_samples_leaf","param_value_internal":15.0,"distribution":"{\"name\": \"IntDistribution\", \"attributes\": {\"log\": false, \"step\": 1, \"low\": 5, \"high\": 20}}"}
{"op_code":6,"worker_id":"0bf5e972-55bd-4a2f-a2d3-102e9252edd5-140193173047104","trial_id":437,"state":1,"values":[0.7741796618560252],"datetime_complete":"2026-03-21T11:59:01.251341"}
{"op_code":4,"worker_id":"0bf5e972-55bd-4a2f-a2d3-102e9252edd5-140193173047104","study_id":0,"datetime_start":"2026-03-21T11:59:01.277005"}
{"op_code":5,"worker_id":"0bf5e972-55bd-4a2f-a2d3-102e9252edd5-140193173047104","trial_id":438,"param_name":"n_estimators","param_value_internal":132.0,"distribution":"{\"name\": \"IntDistribution\", \"attributes\": {\"log\": false, \"step\": 1, \"low\": 50, \"high\": 200}}"}
{"op_code":5,"worker_id":"0bf5e972-55bd-4a2f-a2d3-102e9252edd5-140193173047104","trial_id":438,"param_name":"min_samples_split","param_value_internal":6.0,"distribution":"{\"name\": \"IntDistribution\", \"attributes\": {\"log\": false, \"step\": 1, \"low\": 5, \"high\": 20}}"}
{"op_code":5,"worker_id":"0bf5e972-55bd-4a2f-a2d3-102e9252edd5-140193173047104","trial_id":438,"param_name":"min_samples_leaf","param_value_internal":18.0,"distribution":"{\"name\": \"IntDistribution\", \"attributes\": {\"log\": false, \"step\": 1, \"low\": 5, \"high\": 20}}"}
{"op_code":6,"worker_id":"0bf5e972-55bd-4a2f-a2d3-102e9252edd5-140193173047104","trial_id":438,"state":1,"values":[0.7714622413069447],"datetime_complete":"2026-03-21T11:59:20.012463"}
{"op_code":4,"worker_id":"0bf5e972-55bd-4a2f-a2d3-102e9252edd5-140193173047104","study_id":0,"datetime_start":"2026-03-21T11:59:20.038362"}
{"op_code":5,"worker_id":"0bf5e972-55bd-4a2f-a2d3-102e9252edd5-140193173047104","trial_id":439,"param_name":"n_estimators","param_value_internal":142.0,"distribution":"{\"name\": \"IntDistribution\", \"attributes\": {\"log\": false, \"step\": 1, \"low\": 50, \"high\": 200}}"}
{"op_code":5,"worker_id":"0bf5e972-55bd-4a2f-a2d3-102e9252edd5-140193173047104","trial_id":439,"param_name":"min_samples_split","param_value_internal":7.0,"distribution":"{\"name\": \"IntDistribution\", \"attributes\": {\"log\": false, \"step\": 1, \"low\": 5, \"high\": 20}}"}
{"op_code":5,"worker_id":"0bf5e972-55bd-4a2f-a2d3-102e9252edd5-140193173047104","trial_id":439,"param_name":"min_samples_leaf","param_value_internal":16.0,"distribution":"{\"name\": \"IntDistribution\", \"attributes\": {\"log\": false, \"step\": 1, \"low\": 5, \"high\": 20}}"}
{"op_code":6,"worker_id":"0bf5e972-55bd-4a2f-a2d3-102e9252edd5-140193173047104","trial_id":439,"state":1,"values":[0.7722424907715322],"datetime_complete":"2026-03-21T11:59:41.488063"}
{"op_code":0,"worker_id":"31a16eae-d398-410a-be5a-c95b3ca56c05-140193173047104","study_name":"rsf_tuning","directions":[2]}
{"op_code":4,"worker_id":"31a16eae-d398-410a-be5a-c95b3ca56c05-140193173047104","study_id":0,"datetime_start":"2026-03-21T12:11:41.216605"}
{"op_code":5,"worker_id":"31a16eae-d398-410a-be5a-c95b3ca56c05-140193173047104","trial_id":440,"param_name":"n_estimators","param_value_internal":172.0,"distribution":"{\"name\": \"IntDistribution\", \"attributes\": {\"log\": false, \"step\": 1, \"low\": 50, \"high\": 200}}"}
{"op_code":5,"worker_id":"31a16eae-d398-410a-be5a-c95b3ca56c05-140193173047104","trial_id":440,"param_name":"min_samples_split","param_value_internal":5.0,"distribution":"{\"name\": \"IntDistribution\", \"attributes\": {\"log\": false, \"step\": 1, \"low\": 5, \"high\": 20}}"}
{"op_code":5,"worker_id":"31a16eae-d398-410a-be5a-c95b3ca56c05-140193173047104","trial_id":440,"param_name":"min_samples_leaf","param_value_internal":17.0,"distribution":"{\"name\": \"IntDistribution\", \"attributes\": {\"log\": false, \"step\": 1, \"low\": 5, \"high\": 20}}"}
{"op_code":6,"worker_id":"31a16eae-d398-410a-be5a-c95b3ca56c05-140193173047104","trial_id":440,"state":1,"values":[0.77673143206734],"datetime_complete":"2026-03-21T12:12:05.513908"}
{"op_code":4,"worker_id":"31a16eae-d398-410a-be5a-c95b3ca56c05-140193173047104","study_id":0,"datetime_start":"2026-03-21T12:12:05.532537"}
{"op_code":5,"worker_id":"31a16eae-d398-410a-be5a-c95b3ca56c05-140193173047104","trial_id":441,"param_name":"n_estimators","param_value_internal":184.0,"distribution":"{\"name\": \"IntDistribution\", \"attributes\": {\"log\": false, \"step\": 1, \"low\": 50, \"high\": 200}}"}
{"op_code":5,"worker_id":"31a16eae-d398-410a-be5a-c95b3ca56c05-140193173047104","trial_id":441,"param_name":"min_samples_split","param_value_internal":6.0,"distribution":"{\"name\": \"IntDistribution\", \"attributes\": {\"log\": false, \"step\": 1, \"low\": 5, \"high\": 20}}"}
{"op_code":5,"worker_id":"31a16eae-d398-410a-be5a-c95b3ca56c05-140193173047104","trial_id":441,"param_name":"min_samples_leaf","param_value_internal":18.0,"distribution":"{\"name\": \"IntDistribution\", \"attributes\": {\"log\": false, \"step\": 1, \"low\": 5, \"high\": 20}}"}
{"op_code":6,"worker_id":"31a16eae-d398-410a-be5a-c95b3ca56c05-140193173047104","trial_id":441,"state":1,"values":[0.7782445062298234],"datetime_complete":"2026-03-21T12:12:30.268647"}
{"op_code":4,"worker_id":"31a16eae-d398-410a-be5a-c95b3ca56c05-140193173047104","study_id":0,"datetime_start":"2026-03-21T12:12:30.285421"}
{"op_code":5,"worker_id":"31a16eae-d398-410a-be5a-c95b3ca56c05-140193173047104","trial_id":442,"param_name":"n_estimators","param_value_internal":138.0,"distribution":"{\"name\": \"IntDistribution\", \"attributes\": {\"log\": false, \"step\": 1, \"low\": 50, \"high\": 200}}"}
{"op_code":5,"worker_id":"31a16eae-d398-410a-be5a-c95b3ca56c05-140193173047104","trial_id":442,"param_name":"min_samples_split","param_value_internal":7.0,"distribution":"{\"name\": \"IntDistribution\", \"attributes\": {\"log\": false, \"step\": 1, \"low\": 5, \"high\": 20}}"}
{"op_code":5,"worker_id":"31a16eae-d398-410a-be5a-c95b3ca56c05-140193173047104","trial_id":442,"param_name":"min_samples_leaf","param_value_internal":16.0,"distribution":"{\"name\": \"IntDistribution\", \"attributes\": {\"log\": false, \"step\": 1, \"low\": 5, \"high\": 20}}"}
{"op_code":6,"worker_id":"31a16eae-d398-410a-be5a-c95b3ca56c05-140193173047104","trial_id":442,"state":1,"values":[0.7784684630553174],"datetime_complete":"2026-03-21T12:12:50.015886"}
{"op_code":4,"worker_id":"31a16eae-d398-410a-be5a-c95b3ca56c05-140193173047104","study_id":0,"datetime_start":"2026-03-21T12:12:50.042589"}
{"op_code":5,"worker_id":"31a16eae-d398-410a-be5a-c95b3ca56c05-140193173047104","trial_id":443,"param_name":"n_estimators","param_value_internal":174.0,"distribution":"{\"name\": \"IntDistribution\", \"attributes\": {\"log\": false, \"step\": 1, \"low\": 50, \"high\": 200}}"}
{"op_code":5,"worker_id":"31a16eae-d398-410a-be5a-c95b3ca56c05-140193173047104","trial_id":443,"param_name":"min_samples_split","param_value_internal":7.0,"distribution":"{\"name\": \"IntDistribution\", \"attributes\": {\"log\": false, \"step\": 1, \"low\": 5, \"high\": 20}}"}
{"op_code":5,"worker_id":"31a16eae-d398-410a-be5a-c95b3ca56c05-140193173047104","trial_id":443,"param_name":"min_samples_leaf","param_value_internal":17.0,"distribution":"{\"name\": \"IntDistribution\", \"attributes\": {\"log\": false, \"step\": 1, \"low\": 5, \"high\": 20}}"}
{"op_code":6,"worker_id":"31a16eae-d398-410a-be5a-c95b3ca56c05-140193173047104","trial_id":443,"state":1,"values":[0.7770318619551977],"datetime_complete":"2026-03-21T12:13:13.927700"}
{"op_code":4,"worker_id":"31a16eae-d398-410a-be5a-c95b3ca56c05-140193173047104","study_id":0,"datetime_start":"2026-03-21T12:13:13.941576"}
{"op_code":5,"worker_id":"31a16eae-d398-410a-be5a-c95b3ca56c05-140193173047104","trial_id":444,"param_name":"n_estimators","param_value_internal":97.0,"distribution":"{\"name\": \"IntDistribution\", \"attributes\": {\"log\": false, \"step\": 1, \"low\": 50, \"high\": 200}}"}
{"op_code":5,"worker_id":"31a16eae-d398-410a-be5a-c95b3ca56c05-140193173047104","trial_id":444,"param_name":"min_samples_split","param_value_internal":5.0,"distribution":"{\"name\": \"IntDistribution\", \"attributes\": {\"log\": false, \"step\": 1, \"low\": 5, \"high\": 20}}"}
{"op_code":5,"worker_id":"31a16eae-d398-410a-be5a-c95b3ca56c05-140193173047104","trial_id":444,"param_name":"min_samples_leaf","param_value_internal":17.0,"distribution":"{\"name\": \"IntDistribution\", \"attributes\": {\"log\": false, \"step\": 1, \"low\": 5, \"high\": 20}}"}
{"op_code":6,"worker_id":"31a16eae-d398-410a-be5a-c95b3ca56c05-140193173047104","trial_id":444,"state":1,"values":[0.7756608091942471],"datetime_complete":"2026-03-21T12:13:27.307802"}
{"op_code":4,"worker_id":"31a16eae-d398-410a-be5a-c95b3ca56c05-140193173047104","study_id":0,"datetime_start":"2026-03-21T12:13:27.326928"}
{"op_code":5,"worker_id":"31a16eae-d398-410a-be5a-c95b3ca56c05-140193173047104","trial_id":445,"param_name":"n_estimators","param_value_internal":151.0,"distribution":"{\"name\": \"IntDistribution\", \"attributes\": {\"log\": false, \"step\": 1, \"low\": 50, \"high\": 200}}"}
{"op_code":5,"worker_id":"31a16eae-d398-410a-be5a-c95b3ca56c05-140193173047104","trial_id":445,"param_name":"min_samples_split","param_value_internal":6.0,"distribution":"{\"name\": \"IntDistribution\", \"attributes\": {\"log\": false, \"step\": 1, \"low\": 5, \"high\": 20}}"}
{"op_code":5,"worker_id":"31a16eae-d398-410a-be5a-c95b3ca56c05-140193173047104","trial_id":445,"param_name":"min_samples_leaf","param_value_internal":17.0,"distribution":"{\"name\": \"IntDistribution\", \"attributes\": {\"log\": false, \"step\": 1, \"low\": 5, \"high\": 20}}"}
{"op_code":6,"worker_id":"31a16eae-d398-410a-be5a-c95b3ca56c05-140193173047104","trial_id":445,"state":1,"values":[0.7772558187806916],"datetime_complete":"2026-03-21T12:13:48.777229"}
{"op_code":4,"worker_id":"31a16eae-d398-410a-be5a-c95b3ca56c05-140193173047104","study_id":0,"datetime_start":"2026-03-21T12:13:48.791297"}
{"op_code":5,"worker_id":"31a16eae-d398-410a-be5a-c95b3ca56c05-140193173047104","trial_id":446,"param_name":"n_estimators","param_value_internal":136.0,"distribution":"{\"name\": \"IntDistribution\", \"attributes\": {\"log\": false, \"step\": 1, \"low\": 50, \"high\": 200}}"}
{"op_code":5,"worker_id":"31a16eae-d398-410a-be5a-c95b3ca56c05-140193173047104","trial_id":446,"param_name":"min_samples_split","param_value_internal":7.0,"distribution":"{\"name\": \"IntDistribution\", \"attributes\": {\"log\": false, \"step\": 1, \"low\": 5, \"high\": 20}}"}
{"op_code":5,"worker_id":"31a16eae-d398-410a-be5a-c95b3ca56c05-140193173047104","trial_id":446,"param_name":"min_samples_leaf","param_value_internal":16.0,"distribution":"{\"name\": \"IntDistribution\", \"attributes\": {\"log\": false, \"step\": 1, \"low\": 5, \"high\": 20}}"}
{"op_code":6,"worker_id":"31a16eae-d398-410a-be5a-c95b3ca56c05-140193173047104","trial_id":446,"state":1,"values":[0.7784302265241354],"datetime_complete":"2026-03-21T12:14:08.809268"}
{"op_code":4,"worker_id":"31a16eae-d398-410a-be5a-c95b3ca56c05-140193173047104","study_id":0,"datetime_start":"2026-03-21T12:14:08.829410"}
{"op_code":5,"worker_id":"31a16eae-d398-410a-be5a-c95b3ca56c05-140193173047104","trial_id":447,"param_name":"n_estimators","param_value_internal":182.0,"distribution":"{\"name\": \"IntDistribution\", \"attributes\": {\"log\": false, \"step\": 1, \"low\": 50, \"high\": 200}}"}
{"op_code":5,"worker_id":"31a16eae-d398-410a-be5a-c95b3ca56c05-140193173047104","trial_id":447,"param_name":"min_samples_split","param_value_internal":6.0,"distribution":"{\"name\": \"IntDistribution\", \"attributes\": {\"log\": false, \"step\": 1, \"low\": 5, \"high\": 20}}"}
{"op_code":5,"worker_id":"31a16eae-d398-410a-be5a-c95b3ca56c05-140193173047104","trial_id":447,"param_name":"min_samples_leaf","param_value_internal":14.0,"distribution":"{\"name\": \"IntDistribution\", \"attributes\": {\"log\": false, \"step\": 1, \"low\": 5, \"high\": 20}}"}
{"op_code":6,"worker_id":"31a16eae-d398-410a-be5a-c95b3ca56c05-140193173047104","trial_id":447,"state":1,"values":[0.7808391279885946],"datetime_complete":"2026-03-21T12:14:36.874226"}
{"op_code":4,"worker_id":"31a16eae-d398-410a-be5a-c95b3ca56c05-140193173047104","study_id":0,"datetime_start":"2026-03-21T12:14:36.892020"}
{"op_code":5,"worker_id":"31a16eae-d398-410a-be5a-c95b3ca56c05-140193173047104","trial_id":448,"param_name":"n_estimators","param_value_internal":177.0,"distribution":"{\"name\": \"IntDistribution\", \"attributes\": {\"log\": false, \"step\": 1, \"low\": 50, \"high\": 200}}"}
{"op_code":5,"worker_id":"31a16eae-d398-410a-be5a-c95b3ca56c05-140193173047104","trial_id":448,"param_name":"min_samples_split","param_value_internal":6.0,"distribution":"{\"name\": \"IntDistribution\", \"attributes\": {\"log\": false, \"step\": 1, \"low\": 5, \"high\": 20}}"}
{"op_code":5,"worker_id":"31a16eae-d398-410a-be5a-c95b3ca56c05-140193173047104","trial_id":448,"param_name":"min_samples_leaf","param_value_internal":17.0,"distribution":"{\"name\": \"IntDistribution\", \"attributes\": {\"log\": false, \"step\": 1, \"low\": 5, \"high\": 20}}"}
{"op_code":6,"worker_id":"31a16eae-d398-410a-be5a-c95b3ca56c05-140193173047104","trial_id":448,"state":1,"values":[0.7770154748704055],"datetime_complete":"2026-03-21T12:15:01.208646"}
{"op_code":4,"worker_id":"31a16eae-d398-410a-be5a-c95b3ca56c05-140193173047104","study_id":0,"datetime_start":"2026-03-21T12:15:01.227546"}
{"op_code":5,"worker_id":"31a16eae-d398-410a-be5a-c95b3ca56c05-140193173047104","trial_id":449,"param_name":"n_estimators","param_value_internal":189.0,"distribution":"{\"name\": \"IntDistribution\", \"attributes\": {\"log\": false, \"step\": 1, \"low\": 50, \"high\": 200}}"}
{"op_code":5,"worker_id":"31a16eae-d398-410a-be5a-c95b3ca56c05-140193173047104","trial_id":449,"param_name":"min_samples_split","param_value_internal":5.0,"distribution":"{\"name\": \"IntDistribution\", \"attributes\": {\"log\": false, \"step\": 1, \"low\": 5, \"high\": 20}}"}
{"op_code":5,"worker_id":"31a16eae-d398-410a-be5a-c95b3ca56c05-140193173047104","trial_id":449,"param_name":"min_samples_leaf","param_value_internal":16.0,"distribution":"{\"name\": \"IntDistribution\", \"attributes\": {\"log\": false, \"step\": 1, \"low\": 5, \"high\": 20}}"}
{"op_code":6,"worker_id":"31a16eae-d398-410a-be5a-c95b3ca56c05-140193173047104","trial_id":449,"state":1,"values":[0.7792168065941629],"datetime_complete":"2026-03-21T12:15:28.781485"}
