{"op_code":0,"worker_id":"fb794033-7948-44a8-bf94-64aeaacf4b45-139789252802368","study_name":"embedding_cox_tuning","directions":[2]}
{"op_code":4,"worker_id":"fb794033-7948-44a8-bf94-64aeaacf4b45-139789252802368","study_id":0,"datetime_start":"2026-03-20T23:10:44.602140"}
{"op_code":5,"worker_id":"fb794033-7948-44a8-bf94-64aeaacf4b45-139789252802368","trial_id":0,"param_name":"lr","param_value_internal":0.04297170277373115,"distribution":"{\"name\": \"FloatDistribution\", \"attributes\": {\"step\": null, \"low\": 0.0001, \"high\": 0.1, \"log\": true}}"}
{"op_code":5,"worker_id":"fb794033-7948-44a8-bf94-64aeaacf4b45-139789252802368","trial_id":0,"param_name":"dropout","param_value_internal":0.20672586880855204,"distribution":"{\"name\": \"FloatDistribution\", \"attributes\": {\"step\": null, \"low\": 0.0, \"high\": 0.5, \"log\": false}}"}
{"op_code":5,"worker_id":"fb794033-7948-44a8-bf94-64aeaacf4b45-139789252802368","trial_id":0,"param_name":"nodes","param_value_internal":0,"distribution":"{\"name\": \"CategoricalDistribution\", \"attributes\": {\"choices\": [[64, 64], [128, 64], [256, 128]]}}"}
{"op_code":6,"worker_id":"fb794033-7948-44a8-bf94-64aeaacf4b45-139789252802368","trial_id":0,"state":3,"values":null,"datetime_complete":"2026-03-20T23:10:48.183343"}
{"op_code":0,"worker_id":"3b9fb398-53d0-4b19-9f82-56b3b1f0e314-140475561576256","study_name":"embedding_cox_tuning","directions":[2]}
{"op_code":4,"worker_id":"3b9fb398-53d0-4b19-9f82-56b3b1f0e314-140475561576256","study_id":0,"datetime_start":"2026-03-20T23:28:20.830209"}
{"op_code":5,"worker_id":"3b9fb398-53d0-4b19-9f82-56b3b1f0e314-140475561576256","trial_id":1,"param_name":"lr","param_value_internal":0.00028275272907105303,"distribution":"{\"name\": \"FloatDistribution\", \"attributes\": {\"step\": null, \"low\": 0.0001, \"high\": 0.1, \"log\": true}}"}
{"op_code":5,"worker_id":"3b9fb398-53d0-4b19-9f82-56b3b1f0e314-140475561576256","trial_id":1,"param_name":"dropout","param_value_internal":0.47346201322512127,"distribution":"{\"name\": \"FloatDistribution\", \"attributes\": {\"step\": null, \"low\": 0.0, \"high\": 0.5, \"log\": false}}"}
{"op_code":5,"worker_id":"3b9fb398-53d0-4b19-9f82-56b3b1f0e314-140475561576256","trial_id":1,"param_name":"nodes","param_value_internal":0,"distribution":"{\"name\": \"CategoricalDistribution\", \"attributes\": {\"choices\": [[64, 64], [128, 64], [256, 128]]}}"}
{"op_code":6,"worker_id":"3b9fb398-53d0-4b19-9f82-56b3b1f0e314-140475561576256","trial_id":1,"state":3,"values":null,"datetime_complete":"2026-03-20T23:28:24.375655"}
{"op_code":0,"worker_id":"fc156259-6ccf-43e0-bba4-488411cbbce1-140193173047104","study_name":"embedding_cox_tuning","directions":[2]}
{"op_code":4,"worker_id":"fc156259-6ccf-43e0-bba4-488411cbbce1-140193173047104","study_id":0,"datetime_start":"2026-03-21T07:27:00.509857"}
{"op_code":5,"worker_id":"fc156259-6ccf-43e0-bba4-488411cbbce1-140193173047104","trial_id":2,"param_name":"lr","param_value_internal":0.006037944523363893,"distribution":"{\"name\": \"FloatDistribution\", \"attributes\": {\"step\": null, \"low\": 0.0001, \"high\": 0.1, \"log\": true}}"}
{"op_code":5,"worker_id":"fc156259-6ccf-43e0-bba4-488411cbbce1-140193173047104","trial_id":2,"param_name":"dropout","param_value_internal":0.29781468293775293,"distribution":"{\"name\": \"FloatDistribution\", \"attributes\": {\"step\": null, \"low\": 0.0, \"high\": 0.5, \"log\": false}}"}
{"op_code":5,"worker_id":"fc156259-6ccf-43e0-bba4-488411cbbce1-140193173047104","trial_id":2,"param_name":"nodes","param_value_internal":2,"distribution":"{\"name\": \"CategoricalDistribution\", \"attributes\": {\"choices\": [[64, 64], [128, 64], [256, 128]]}}"}
{"op_code":6,"worker_id":"fc156259-6ccf-43e0-bba4-488411cbbce1-140193173047104","trial_id":2,"state":1,"values":[0.9174765706351962],"datetime_complete":"2026-03-21T07:27:06.843118"}
{"op_code":4,"worker_id":"fc156259-6ccf-43e0-bba4-488411cbbce1-140193173047104","study_id":0,"datetime_start":"2026-03-21T07:27:07.042727"}
{"op_code":5,"worker_id":"fc156259-6ccf-43e0-bba4-488411cbbce1-140193173047104","trial_id":3,"param_name":"lr","param_value_internal":0.0015958186990067673,"distribution":"{\"name\": \"FloatDistribution\", \"attributes\": {\"step\": null, \"low\": 0.0001, \"high\": 0.1, \"log\": true}}"}
{"op_code":5,"worker_id":"fc156259-6ccf-43e0-bba4-488411cbbce1-140193173047104","trial_id":3,"param_name":"dropout","param_value_internal":0.19592612992704378,"distribution":"{\"name\": \"FloatDistribution\", \"attributes\": {\"step\": null, \"low\": 0.0, \"high\": 0.5, \"log\": false}}"}
{"op_code":5,"worker_id":"fc156259-6ccf-43e0-bba4-488411cbbce1-140193173047104","trial_id":3,"param_name":"nodes","param_value_internal":2,"distribution":"{\"name\": \"CategoricalDistribution\", \"attributes\": {\"choices\": [[64, 64], [128, 64], [256, 128]]}}"}
{"op_code":6,"worker_id":"fc156259-6ccf-43e0-bba4-488411cbbce1-140193173047104","trial_id":3,"state":1,"values":[0.9127212773342589],"datetime_complete":"2026-03-21T07:27:12.448441"}
{"op_code":4,"worker_id":"fc156259-6ccf-43e0-bba4-488411cbbce1-140193173047104","study_id":0,"datetime_start":"2026-03-21T07:27:12.467244"}
{"op_code":5,"worker_id":"fc156259-6ccf-43e0-bba4-488411cbbce1-140193173047104","trial_id":4,"param_name":"lr","param_value_internal":0.0012813626196588068,"distribution":"{\"name\": \"FloatDistribution\", \"attributes\": {\"step\": null, \"low\": 0.0001, \"high\": 0.1, \"log\": true}}"}
{"op_code":5,"worker_id":"fc156259-6ccf-43e0-bba4-488411cbbce1-140193173047104","trial_id":4,"param_name":"dropout","param_value_internal":0.09967816850343209,"distribution":"{\"name\": \"FloatDistribution\", \"attributes\": {\"step\": null, \"low\": 0.0, \"high\": 0.5, \"log\": false}}"}
{"op_code":5,"worker_id":"fc156259-6ccf-43e0-bba4-488411cbbce1-140193173047104","trial_id":4,"param_name":"nodes","param_value_internal":0,"distribution":"{\"name\": \"CategoricalDistribution\", \"attributes\": {\"choices\": [[64, 64], [128, 64], [256, 128]]}}"}
{"op_code":6,"worker_id":"fc156259-6ccf-43e0-bba4-488411cbbce1-140193173047104","trial_id":4,"state":1,"values":[0.9157179220178179],"datetime_complete":"2026-03-21T07:27:17.716624"}
{"op_code":4,"worker_id":"fc156259-6ccf-43e0-bba4-488411cbbce1-140193173047104","study_id":0,"datetime_start":"2026-03-21T07:27:17.753926"}
{"op_code":5,"worker_id":"fc156259-6ccf-43e0-bba4-488411cbbce1-140193173047104","trial_id":5,"param_name":"lr","param_value_internal":0.005509568501205286,"distribution":"{\"name\": \"FloatDistribution\", \"attributes\": {\"step\": null, \"low\": 0.0001, \"high\": 0.1, \"log\": true}}"}
{"op_code":5,"worker_id":"fc156259-6ccf-43e0-bba4-488411cbbce1-140193173047104","trial_id":5,"param_name":"dropout","param_value_internal":0.35702283843913957,"distribution":"{\"name\": \"FloatDistribution\", \"attributes\": {\"step\": null, \"low\": 0.0, \"high\": 0.5, \"log\": false}}"}
{"op_code":5,"worker_id":"fc156259-6ccf-43e0-bba4-488411cbbce1-140193173047104","trial_id":5,"param_name":"nodes","param_value_internal":0,"distribution":"{\"name\": \"CategoricalDistribution\", \"attributes\": {\"choices\": [[64, 64], [128, 64], [256, 128]]}}"}
{"op_code":6,"worker_id":"fc156259-6ccf-43e0-bba4-488411cbbce1-140193173047104","trial_id":5,"state":1,"values":[0.9179046627328474],"datetime_complete":"2026-03-21T07:27:23.060873"}
{"op_code":4,"worker_id":"fc156259-6ccf-43e0-bba4-488411cbbce1-140193173047104","study_id":0,"datetime_start":"2026-03-21T07:27:23.073565"}
{"op_code":5,"worker_id":"fc156259-6ccf-43e0-bba4-488411cbbce1-140193173047104","trial_id":6,"param_name":"lr","param_value_internal":0.014765299048554304,"distribution":"{\"name\": \"FloatDistribution\", \"attributes\": {\"step\": null, \"low\": 0.0001, \"high\": 0.1, \"log\": true}}"}
{"op_code":5,"worker_id":"fc156259-6ccf-43e0-bba4-488411cbbce1-140193173047104","trial_id":6,"param_name":"dropout","param_value_internal":0.4942823834180237,"distribution":"{\"name\": \"FloatDistribution\", \"attributes\": {\"step\": null, \"low\": 0.0, \"high\": 0.5, \"log\": false}}"}
{"op_code":5,"worker_id":"fc156259-6ccf-43e0-bba4-488411cbbce1-140193173047104","trial_id":6,"param_name":"nodes","param_value_internal":2,"distribution":"{\"name\": \"CategoricalDistribution\", \"attributes\": {\"choices\": [[64, 64], [128, 64], [256, 128]]}}"}
{"op_code":6,"worker_id":"fc156259-6ccf-43e0-bba4-488411cbbce1-140193173047104","trial_id":6,"state":1,"values":[0.9164063403910679],"datetime_complete":"2026-03-21T07:27:28.268416"}
{"op_code":4,"worker_id":"fc156259-6ccf-43e0-bba4-488411cbbce1-140193173047104","study_id":0,"datetime_start":"2026-03-21T07:27:28.363440"}
{"op_code":5,"worker_id":"fc156259-6ccf-43e0-bba4-488411cbbce1-140193173047104","trial_id":7,"param_name":"lr","param_value_internal":0.02172277198592036,"distribution":"{\"name\": \"FloatDistribution\", \"attributes\": {\"step\": null, \"low\": 0.0001, \"high\": 0.1, \"log\": true}}"}
{"op_code":5,"worker_id":"fc156259-6ccf-43e0-bba4-488411cbbce1-140193173047104","trial_id":7,"param_name":"dropout","param_value_internal":0.2156006235689878,"distribution":"{\"name\": \"FloatDistribution\", \"attributes\": {\"step\": null, \"low\": 0.0, \"high\": 0.5, \"log\": false}}"}
{"op_code":5,"worker_id":"fc156259-6ccf-43e0-bba4-488411cbbce1-140193173047104","trial_id":7,"param_name":"nodes","param_value_internal":1,"distribution":"{\"name\": \"CategoricalDistribution\", \"attributes\": {\"choices\": [[64, 64], [128, 64], [256, 128]]}}"}
{"op_code":6,"worker_id":"fc156259-6ccf-43e0-bba4-488411cbbce1-140193173047104","trial_id":7,"state":1,"values":[0.9133576304523893],"datetime_complete":"2026-03-21T07:27:33.551765"}
{"op_code":4,"worker_id":"fc156259-6ccf-43e0-bba4-488411cbbce1-140193173047104","study_id":0,"datetime_start":"2026-03-21T07:27:33.575588"}
{"op_code":5,"worker_id":"fc156259-6ccf-43e0-bba4-488411cbbce1-140193173047104","trial_id":8,"param_name":"lr","param_value_internal":0.009195168376959972,"distribution":"{\"name\": \"FloatDistribution\", \"attributes\": {\"step\": null, \"low\": 0.0001, \"high\": 0.1, \"log\": true}}"}
{"op_code":5,"worker_id":"fc156259-6ccf-43e0-bba4-488411cbbce1-140193173047104","trial_id":8,"param_name":"dropout","param_value_internal":0.39073887870863877,"distribution":"{\"name\": \"FloatDistribution\", \"attributes\": {\"step\": null, \"low\": 0.0, \"high\": 0.5, \"log\": false}}"}
{"op_code":5,"worker_id":"fc156259-6ccf-43e0-bba4-488411cbbce1-140193173047104","trial_id":8,"param_name":"nodes","param_value_internal":0,"distribution":"{\"name\": \"CategoricalDistribution\", \"attributes\": {\"choices\": [[64, 64], [128, 64], [256, 128]]}}"}
{"op_code":6,"worker_id":"fc156259-6ccf-43e0-bba4-488411cbbce1-140193173047104","trial_id":8,"state":1,"values":[0.9160418836052296],"datetime_complete":"2026-03-21T07:27:38.979054"}
{"op_code":4,"worker_id":"fc156259-6ccf-43e0-bba4-488411cbbce1-140193173047104","study_id":0,"datetime_start":"2026-03-21T07:27:39.030407"}
{"op_code":5,"worker_id":"fc156259-6ccf-43e0-bba4-488411cbbce1-140193173047104","trial_id":9,"param_name":"lr","param_value_internal":0.0033497340563125714,"distribution":"{\"name\": \"FloatDistribution\", \"attributes\": {\"step\": null, \"low\": 0.0001, \"high\": 0.1, \"log\": true}}"}
{"op_code":5,"worker_id":"fc156259-6ccf-43e0-bba4-488411cbbce1-140193173047104","trial_id":9,"param_name":"dropout","param_value_internal":0.030296590307129223,"distribution":"{\"name\": \"FloatDistribution\", \"attributes\": {\"step\": null, \"low\": 0.0, \"high\": 0.5, \"log\": false}}"}
{"op_code":5,"worker_id":"fc156259-6ccf-43e0-bba4-488411cbbce1-140193173047104","trial_id":9,"param_name":"nodes","param_value_internal":1,"distribution":"{\"name\": \"CategoricalDistribution\", \"attributes\": {\"choices\": [[64, 64], [128, 64], [256, 128]]}}"}
{"op_code":6,"worker_id":"fc156259-6ccf-43e0-bba4-488411cbbce1-140193173047104","trial_id":9,"state":1,"values":[0.9147633923406224],"datetime_complete":"2026-03-21T07:27:44.352678"}
{"op_code":4,"worker_id":"fc156259-6ccf-43e0-bba4-488411cbbce1-140193173047104","study_id":0,"datetime_start":"2026-03-21T07:27:44.426869"}
{"op_code":5,"worker_id":"fc156259-6ccf-43e0-bba4-488411cbbce1-140193173047104","trial_id":10,"param_name":"lr","param_value_internal":0.03205786028009711,"distribution":"{\"name\": \"FloatDistribution\", \"attributes\": {\"step\": null, \"low\": 0.0001, \"high\": 0.1, \"log\": true}}"}
{"op_code":5,"worker_id":"fc156259-6ccf-43e0-bba4-488411cbbce1-140193173047104","trial_id":10,"param_name":"dropout","param_value_internal":0.23694938835698326,"distribution":"{\"name\": \"FloatDistribution\", \"attributes\": {\"step\": null, \"low\": 0.0, \"high\": 0.5, \"log\": false}}"}
{"op_code":5,"worker_id":"fc156259-6ccf-43e0-bba4-488411cbbce1-140193173047104","trial_id":10,"param_name":"nodes","param_value_internal":2,"distribution":"{\"name\": \"CategoricalDistribution\", \"attributes\": {\"choices\": [[64, 64], [128, 64], [256, 128]]}}"}
{"op_code":6,"worker_id":"fc156259-6ccf-43e0-bba4-488411cbbce1-140193173047104","trial_id":10,"state":1,"values":[0.9148906629642485],"datetime_complete":"2026-03-21T07:27:49.500061"}
{"op_code":4,"worker_id":"fc156259-6ccf-43e0-bba4-488411cbbce1-140193173047104","study_id":0,"datetime_start":"2026-03-21T07:27:49.527184"}
{"op_code":5,"worker_id":"fc156259-6ccf-43e0-bba4-488411cbbce1-140193173047104","trial_id":11,"param_name":"lr","param_value_internal":0.012372173018606604,"distribution":"{\"name\": \"FloatDistribution\", \"attributes\": {\"step\": null, \"low\": 0.0001, \"high\": 0.1, \"log\": true}}"}
{"op_code":5,"worker_id":"fc156259-6ccf-43e0-bba4-488411cbbce1-140193173047104","trial_id":11,"param_name":"dropout","param_value_internal":0.006987670267424917,"distribution":"{\"name\": \"FloatDistribution\", \"attributes\": {\"step\": null, \"low\": 0.0, \"high\": 0.5, \"log\": false}}"}
{"op_code":5,"worker_id":"fc156259-6ccf-43e0-bba4-488411cbbce1-140193173047104","trial_id":11,"param_name":"nodes","param_value_internal":1,"distribution":"{\"name\": \"CategoricalDistribution\", \"attributes\": {\"choices\": [[64, 64], [128, 64], [256, 128]]}}"}
{"op_code":6,"worker_id":"fc156259-6ccf-43e0-bba4-488411cbbce1-140193173047104","trial_id":11,"state":1,"values":[0.912975818581511],"datetime_complete":"2026-03-21T07:27:53.145295"}
{"op_code":0,"worker_id":"3e266f28-1903-4d47-8437-01f727859b70-140193173047104","study_name":"embedding_cox_tuning","directions":[2]}
{"op_code":4,"worker_id":"3e266f28-1903-4d47-8437-01f727859b70-140193173047104","study_id":0,"datetime_start":"2026-03-21T07:41:23.505696"}
{"op_code":5,"worker_id":"3e266f28-1903-4d47-8437-01f727859b70-140193173047104","trial_id":12,"param_name":"lr","param_value_internal":0.00014322587561427355,"distribution":"{\"name\": \"FloatDistribution\", \"attributes\": {\"step\": null, \"low\": 0.0001, \"high\": 0.1, \"log\": true}}"}
{"op_code":5,"worker_id":"3e266f28-1903-4d47-8437-01f727859b70-140193173047104","trial_id":12,"param_name":"dropout","param_value_internal":0.36585613543064033,"distribution":"{\"name\": \"FloatDistribution\", \"attributes\": {\"step\": null, \"low\": 0.0, \"high\": 0.5, \"log\": false}}"}
{"op_code":5,"worker_id":"3e266f28-1903-4d47-8437-01f727859b70-140193173047104","trial_id":12,"param_name":"nodes","param_value_internal":0,"distribution":"{\"name\": \"CategoricalDistribution\", \"attributes\": {\"choices\": [[64, 64], [128, 64], [256, 128]]}}"}
{"op_code":6,"worker_id":"3e266f28-1903-4d47-8437-01f727859b70-140193173047104","trial_id":12,"state":1,"values":[0.9222505745669868],"datetime_complete":"2026-03-21T07:41:28.656405"}
{"op_code":4,"worker_id":"3e266f28-1903-4d47-8437-01f727859b70-140193173047104","study_id":0,"datetime_start":"2026-03-21T07:41:28.678390"}
{"op_code":5,"worker_id":"3e266f28-1903-4d47-8437-01f727859b70-140193173047104","trial_id":13,"param_name":"lr","param_value_internal":0.00011173616193966222,"distribution":"{\"name\": \"FloatDistribution\", \"attributes\": {\"step\": null, \"low\": 0.0001, \"high\": 0.1, \"log\": true}}"}
{"op_code":5,"worker_id":"3e266f28-1903-4d47-8437-01f727859b70-140193173047104","trial_id":13,"param_name":"dropout","param_value_internal":0.3626256220613278,"distribution":"{\"name\": \"FloatDistribution\", \"attributes\": {\"step\": null, \"low\": 0.0, \"high\": 0.5, \"log\": false}}"}
{"op_code":5,"worker_id":"3e266f28-1903-4d47-8437-01f727859b70-140193173047104","trial_id":13,"param_name":"nodes","param_value_internal":0,"distribution":"{\"name\": \"CategoricalDistribution\", \"attributes\": {\"choices\": [[64, 64], [128, 64], [256, 128]]}}"}
{"op_code":6,"worker_id":"3e266f28-1903-4d47-8437-01f727859b70-140193173047104","trial_id":13,"state":1,"values":[0.9240073959299345],"datetime_complete":"2026-03-21T07:41:33.886196"}
{"op_code":4,"worker_id":"3e266f28-1903-4d47-8437-01f727859b70-140193173047104","study_id":0,"datetime_start":"2026-03-21T07:41:33.909887"}
{"op_code":5,"worker_id":"3e266f28-1903-4d47-8437-01f727859b70-140193173047104","trial_id":14,"param_name":"lr","param_value_internal":0.00011768602596793962,"distribution":"{\"name\": \"FloatDistribution\", \"attributes\": {\"step\": null, \"low\": 0.0001, \"high\": 0.1, \"log\": true}}"}
{"op_code":5,"worker_id":"3e266f28-1903-4d47-8437-01f727859b70-140193173047104","trial_id":14,"param_name":"dropout","param_value_internal":0.4410886104240335,"distribution":"{\"name\": \"FloatDistribution\", \"attributes\": {\"step\": null, \"low\": 0.0, \"high\": 0.5, \"log\": false}}"}
{"op_code":5,"worker_id":"3e266f28-1903-4d47-8437-01f727859b70-140193173047104","trial_id":14,"param_name":"nodes","param_value_internal":0,"distribution":"{\"name\": \"CategoricalDistribution\", \"attributes\": {\"choices\": [[64, 64], [128, 64], [256, 128]]}}"}
{"op_code":6,"worker_id":"3e266f28-1903-4d47-8437-01f727859b70-140193173047104","trial_id":14,"state":1,"values":[0.9242953994320571],"datetime_complete":"2026-03-21T07:41:39.034467"}
{"op_code":4,"worker_id":"3e266f28-1903-4d47-8437-01f727859b70-140193173047104","study_id":0,"datetime_start":"2026-03-21T07:41:39.052842"}
{"op_code":5,"worker_id":"3e266f28-1903-4d47-8437-01f727859b70-140193173047104","trial_id":15,"param_name":"lr","param_value_internal":0.0001000642793457111,"distribution":"{\"name\": \"FloatDistribution\", \"attributes\": {\"step\": null, \"low\": 0.0001, \"high\": 0.1, \"log\": true}}"}
{"op_code":5,"worker_id":"3e266f28-1903-4d47-8437-01f727859b70-140193173047104","trial_id":15,"param_name":"dropout","param_value_internal":0.49739496098697417,"distribution":"{\"name\": \"FloatDistribution\", \"attributes\": {\"step\": null, \"low\": 0.0, \"high\": 0.5, \"log\": false}}"}
{"op_code":5,"worker_id":"3e266f28-1903-4d47-8437-01f727859b70-140193173047104","trial_id":15,"param_name":"nodes","param_value_internal":0,"distribution":"{\"name\": \"CategoricalDistribution\", \"attributes\": {\"choices\": [[64, 64], [128, 64], [256, 128]]}}"}
{"op_code":6,"worker_id":"3e266f28-1903-4d47-8437-01f727859b70-140193173047104","trial_id":15,"state":1,"values":[0.9209084782470954],"datetime_complete":"2026-03-21T07:41:44.218785"}
{"op_code":4,"worker_id":"3e266f28-1903-4d47-8437-01f727859b70-140193173047104","study_id":0,"datetime_start":"2026-03-21T07:41:44.239157"}
{"op_code":5,"worker_id":"3e266f28-1903-4d47-8437-01f727859b70-140193173047104","trial_id":16,"param_name":"lr","param_value_internal":0.00030850861289751354,"distribution":"{\"name\": \"FloatDistribution\", \"attributes\": {\"step\": null, \"low\": 0.0001, \"high\": 0.1, \"log\": true}}"}
{"op_code":5,"worker_id":"3e266f28-1903-4d47-8437-01f727859b70-140193173047104","trial_id":16,"param_name":"dropout","param_value_internal":0.4352743356775314,"distribution":"{\"name\": \"FloatDistribution\", \"attributes\": {\"step\": null, \"low\": 0.0, \"high\": 0.5, \"log\": false}}"}
{"op_code":5,"worker_id":"3e266f28-1903-4d47-8437-01f727859b70-140193173047104","trial_id":16,"param_name":"nodes","param_value_internal":0,"distribution":"{\"name\": \"CategoricalDistribution\", \"attributes\": {\"choices\": [[64, 64], [128, 64], [256, 128]]}}"}
{"op_code":6,"worker_id":"3e266f28-1903-4d47-8437-01f727859b70-140193173047104","trial_id":16,"state":1,"values":[0.9249232470666844],"datetime_complete":"2026-03-21T07:41:49.344212"}
{"op_code":4,"worker_id":"3e266f28-1903-4d47-8437-01f727859b70-140193173047104","study_id":0,"datetime_start":"2026-03-21T07:41:49.373048"}
{"op_code":5,"worker_id":"3e266f28-1903-4d47-8437-01f727859b70-140193173047104","trial_id":17,"param_name":"lr","param_value_internal":0.00040408197881194137,"distribution":"{\"name\": \"FloatDistribution\", \"attributes\": {\"step\": null, \"low\": 0.0001, \"high\": 0.1, \"log\": true}}"}
{"op_code":5,"worker_id":"3e266f28-1903-4d47-8437-01f727859b70-140193173047104","trial_id":17,"param_name":"dropout","param_value_internal":0.4425763340713664,"distribution":"{\"name\": \"FloatDistribution\", \"attributes\": {\"step\": null, \"low\": 0.0, \"high\": 0.5, \"log\": false}}"}
{"op_code":5,"worker_id":"3e266f28-1903-4d47-8437-01f727859b70-140193173047104","trial_id":17,"param_name":"nodes","param_value_internal":0,"distribution":"{\"name\": \"CategoricalDistribution\", \"attributes\": {\"choices\": [[64, 64], [128, 64], [256, 128]]}}"}
{"op_code":6,"worker_id":"3e266f28-1903-4d47-8437-01f727859b70-140193173047104","trial_id":17,"state":1,"values":[0.9245373223738401],"datetime_complete":"2026-03-21T07:41:54.496799"}
{"op_code":4,"worker_id":"3e266f28-1903-4d47-8437-01f727859b70-140193173047104","study_id":0,"datetime_start":"2026-03-21T07:41:54.518125"}
{"op_code":5,"worker_id":"3e266f28-1903-4d47-8437-01f727859b70-140193173047104","trial_id":18,"param_name":"lr","param_value_internal":0.0004656618266356047,"distribution":"{\"name\": \"FloatDistribution\", \"attributes\": {\"step\": null, \"low\": 0.0001, \"high\": 0.1, \"log\": true}}"}
{"op_code":5,"worker_id":"3e266f28-1903-4d47-8437-01f727859b70-140193173047104","trial_id":18,"param_name":"dropout","param_value_internal":0.4318304665502517,"distribution":"{\"name\": \"FloatDistribution\", \"attributes\": {\"step\": null, \"low\": 0.0, \"high\": 0.5, \"log\": false}}"}
{"op_code":5,"worker_id":"3e266f28-1903-4d47-8437-01f727859b70-140193173047104","trial_id":18,"param_name":"nodes","param_value_internal":0,"distribution":"{\"name\": \"CategoricalDistribution\", \"attributes\": {\"choices\": [[64, 64], [128, 64], [256, 128]]}}"}
{"op_code":6,"worker_id":"3e266f28-1903-4d47-8437-01f727859b70-140193173047104","trial_id":18,"state":1,"values":[0.9242493188717175],"datetime_complete":"2026-03-21T07:41:59.671098"}
{"op_code":4,"worker_id":"3e266f28-1903-4d47-8437-01f727859b70-140193173047104","study_id":0,"datetime_start":"2026-03-21T07:41:59.694237"}
{"op_code":5,"worker_id":"3e266f28-1903-4d47-8437-01f727859b70-140193173047104","trial_id":19,"param_name":"lr","param_value_internal":0.0004976878471786378,"distribution":"{\"name\": \"FloatDistribution\", \"attributes\": {\"step\": null, \"low\": 0.0001, \"high\": 0.1, \"log\": true}}"}
{"op_code":5,"worker_id":"3e266f28-1903-4d47-8437-01f727859b70-140193173047104","trial_id":19,"param_name":"dropout","param_value_internal":0.308766965706302,"distribution":"{\"name\": \"FloatDistribution\", \"attributes\": {\"step\": null, \"low\": 0.0, \"high\": 0.5, \"log\": false}}"}
{"op_code":5,"worker_id":"3e266f28-1903-4d47-8437-01f727859b70-140193173047104","trial_id":19,"param_name":"nodes","param_value_internal":0,"distribution":"{\"name\": \"CategoricalDistribution\", \"attributes\": {\"choices\": [[64, 64], [128, 64], [256, 128]]}}"}
{"op_code":6,"worker_id":"3e266f28-1903-4d47-8437-01f727859b70-140193173047104","trial_id":19,"state":1,"values":[0.9242723591518873],"datetime_complete":"2026-03-21T07:42:04.819685"}
{"op_code":4,"worker_id":"3e266f28-1903-4d47-8437-01f727859b70-140193173047104","study_id":0,"datetime_start":"2026-03-21T07:42:04.846248"}
{"op_code":5,"worker_id":"3e266f28-1903-4d47-8437-01f727859b70-140193173047104","trial_id":20,"param_name":"lr","param_value_internal":0.00034970784040620767,"distribution":"{\"name\": \"FloatDistribution\", \"attributes\": {\"step\": null, \"low\": 0.0001, \"high\": 0.1, \"log\": true}}"}
{"op_code":5,"worker_id":"3e266f28-1903-4d47-8437-01f727859b70-140193173047104","trial_id":20,"param_name":"dropout","param_value_internal":0.14723951428764337,"distribution":"{\"name\": \"FloatDistribution\", \"attributes\": {\"step\": null, \"low\": 0.0, \"high\": 0.5, \"log\": false}}"}
{"op_code":5,"worker_id":"3e266f28-1903-4d47-8437-01f727859b70-140193173047104","trial_id":20,"param_name":"nodes","param_value_internal":0,"distribution":"{\"name\": \"CategoricalDistribution\", \"attributes\": {\"choices\": [[64, 64], [128, 64], [256, 128]]}}"}
{"op_code":6,"worker_id":"3e266f28-1903-4d47-8437-01f727859b70-140193173047104","trial_id":20,"state":1,"values":[0.9242723591518873],"datetime_complete":"2026-03-21T07:42:09.903874"}
{"op_code":4,"worker_id":"3e266f28-1903-4d47-8437-01f727859b70-140193173047104","study_id":0,"datetime_start":"2026-03-21T07:42:09.917061"}
{"op_code":5,"worker_id":"3e266f28-1903-4d47-8437-01f727859b70-140193173047104","trial_id":21,"param_name":"lr","param_value_internal":0.07234904411266341,"distribution":"{\"name\": \"FloatDistribution\", \"attributes\": {\"step\": null, \"low\": 0.0001, \"high\": 0.1, \"log\": true}}"}
{"op_code":5,"worker_id":"3e266f28-1903-4d47-8437-01f727859b70-140193173047104","trial_id":21,"param_name":"dropout","param_value_internal":0.2972751236162898,"distribution":"{\"name\": \"FloatDistribution\", \"attributes\": {\"step\": null, \"low\": 0.0, \"high\": 0.5, \"log\": false}}"}
{"op_code":5,"worker_id":"3e266f28-1903-4d47-8437-01f727859b70-140193173047104","trial_id":21,"param_name":"nodes","param_value_internal":1,"distribution":"{\"name\": \"CategoricalDistribution\", \"attributes\": {\"choices\": [[64, 64], [128, 64], [256, 128]]}}"}
{"op_code":6,"worker_id":"3e266f28-1903-4d47-8437-01f727859b70-140193173047104","trial_id":21,"state":1,"values":[0.9216227269323595],"datetime_complete":"2026-03-21T07:42:15.038836"}
{"op_code":0,"worker_id":"31eb61a2-d422-4d55-ad80-1467c565a41c-140193173047104","study_name":"embedding_cox_tuning","directions":[2]}
{"op_code":4,"worker_id":"31eb61a2-d422-4d55-ad80-1467c565a41c-140193173047104","study_id":0,"datetime_start":"2026-03-21T07:55:58.714725"}
{"op_code":5,"worker_id":"31eb61a2-d422-4d55-ad80-1467c565a41c-140193173047104","trial_id":22,"param_name":"lr","param_value_internal":0.0014163523969209053,"distribution":"{\"name\": \"FloatDistribution\", \"attributes\": {\"step\": null, \"low\": 0.0001, \"high\": 0.1, \"log\": true}}"}
{"op_code":5,"worker_id":"31eb61a2-d422-4d55-ad80-1467c565a41c-140193173047104","trial_id":22,"param_name":"dropout","param_value_internal":0.4371824942389888,"distribution":"{\"name\": \"FloatDistribution\", \"attributes\": {\"step\": null, \"low\": 0.0, \"high\": 0.5, \"log\": false}}"}
{"op_code":5,"worker_id":"31eb61a2-d422-4d55-ad80-1467c565a41c-140193173047104","trial_id":22,"param_name":"nodes","param_value_internal":0,"distribution":"{\"name\": \"CategoricalDistribution\", \"attributes\": {\"choices\": [[64, 64], [128, 64], [256, 128]]}}"}
{"op_code":6,"worker_id":"31eb61a2-d422-4d55-ad80-1467c565a41c-140193173047104","trial_id":22,"state":1,"values":[0.9192996173484499],"datetime_complete":"2026-03-21T07:56:04.055960"}
{"op_code":4,"worker_id":"31eb61a2-d422-4d55-ad80-1467c565a41c-140193173047104","study_id":0,"datetime_start":"2026-03-21T07:56:04.074363"}
{"op_code":5,"worker_id":"31eb61a2-d422-4d55-ad80-1467c565a41c-140193173047104","trial_id":23,"param_name":"lr","param_value_internal":0.00023355105397560824,"distribution":"{\"name\": \"FloatDistribution\", \"attributes\": {\"step\": null, \"low\": 0.0001, \"high\": 0.1, \"log\": true}}"}
{"op_code":5,"worker_id":"31eb61a2-d422-4d55-ad80-1467c565a41c-140193173047104","trial_id":23,"param_name":"dropout","param_value_internal":0.45058181648200496,"distribution":"{\"name\": \"FloatDistribution\", \"attributes\": {\"step\": null, \"low\": 0.0, \"high\": 0.5, \"log\": false}}"}
{"op_code":5,"worker_id":"31eb61a2-d422-4d55-ad80-1467c565a41c-140193173047104","trial_id":23,"param_name":"nodes","param_value_internal":0,"distribution":"{\"name\": \"CategoricalDistribution\", \"attributes\": {\"choices\": [[64, 64], [128, 64], [256, 128]]}}"}
{"op_code":6,"worker_id":"31eb61a2-d422-4d55-ad80-1467c565a41c-140193173047104","trial_id":23,"state":1,"values":[0.919495089502553],"datetime_complete":"2026-03-21T07:56:09.456868"}
{"op_code":4,"worker_id":"31eb61a2-d422-4d55-ad80-1467c565a41c-140193173047104","study_id":0,"datetime_start":"2026-03-21T07:56:09.476247"}
{"op_code":5,"worker_id":"31eb61a2-d422-4d55-ad80-1467c565a41c-140193173047104","trial_id":24,"param_name":"lr","param_value_internal":0.0007791313517513533,"distribution":"{\"name\": \"FloatDistribution\", \"attributes\": {\"step\": null, \"low\": 0.0001, \"high\": 0.1, \"log\": true}}"}
{"op_code":5,"worker_id":"31eb61a2-d422-4d55-ad80-1467c565a41c-140193173047104","trial_id":24,"param_name":"dropout","param_value_internal":0.42220940643861854,"distribution":"{\"name\": \"FloatDistribution\", \"attributes\": {\"step\": null, \"low\": 0.0, \"high\": 0.5, \"log\": false}}"}
{"op_code":5,"worker_id":"31eb61a2-d422-4d55-ad80-1467c565a41c-140193173047104","trial_id":24,"param_name":"nodes","param_value_internal":0,"distribution":"{\"name\": \"CategoricalDistribution\", \"attributes\": {\"choices\": [[64, 64], [128, 64], [256, 128]]}}"}
{"op_code":6,"worker_id":"31eb61a2-d422-4d55-ad80-1467c565a41c-140193173047104","trial_id":24,"state":1,"values":[0.919909727405196],"datetime_complete":"2026-03-21T07:56:14.812203"}
{"op_code":4,"worker_id":"31eb61a2-d422-4d55-ad80-1467c565a41c-140193173047104","study_id":0,"datetime_start":"2026-03-21T07:56:14.831783"}
{"op_code":5,"worker_id":"31eb61a2-d422-4d55-ad80-1467c565a41c-140193173047104","trial_id":25,"param_name":"lr","param_value_internal":0.0002147427580682081,"distribution":"{\"name\": \"FloatDistribution\", \"attributes\": {\"step\": null, \"low\": 0.0001, \"high\": 0.1, \"log\": true}}"}
{"op_code":5,"worker_id":"31eb61a2-d422-4d55-ad80-1467c565a41c-140193173047104","trial_id":25,"param_name":"dropout","param_value_internal":0.4674547678542724,"distribution":"{\"name\": \"FloatDistribution\", \"attributes\": {\"step\": null, \"low\": 0.0, \"high\": 0.5, \"log\": false}}"}
{"op_code":5,"worker_id":"31eb61a2-d422-4d55-ad80-1467c565a41c-140193173047104","trial_id":25,"param_name":"nodes","param_value_internal":0,"distribution":"{\"name\": \"CategoricalDistribution\", \"attributes\": {\"choices\": [[64, 64], [128, 64], [256, 128]]}}"}
{"op_code":6,"worker_id":"31eb61a2-d422-4d55-ad80-1467c565a41c-140193173047104","trial_id":25,"state":1,"values":[0.9203184419092298],"datetime_complete":"2026-03-21T07:56:20.147575"}
{"op_code":4,"worker_id":"31eb61a2-d422-4d55-ad80-1467c565a41c-140193173047104","study_id":0,"datetime_start":"2026-03-21T07:56:20.166560"}
{"op_code":5,"worker_id":"31eb61a2-d422-4d55-ad80-1467c565a41c-140193173047104","trial_id":26,"param_name":"lr","param_value_internal":0.00024660360415892246,"distribution":"{\"name\": \"FloatDistribution\", \"attributes\": {\"step\": null, \"low\": 0.0001, \"high\": 0.1, \"log\": true}}"}
{"op_code":5,"worker_id":"31eb61a2-d422-4d55-ad80-1467c565a41c-140193173047104","trial_id":26,"param_name":"dropout","param_value_internal":0.40055191021174735,"distribution":"{\"name\": \"FloatDistribution\", \"attributes\": {\"step\": null, \"low\": 0.0, \"high\": 0.5, \"log\": false}}"}
{"op_code":5,"worker_id":"31eb61a2-d422-4d55-ad80-1467c565a41c-140193173047104","trial_id":26,"param_name":"nodes","param_value_internal":0,"distribution":"{\"name\": \"CategoricalDistribution\", \"attributes\": {\"choices\": [[64, 64], [128, 64], [256, 128]]}}"}
{"op_code":6,"worker_id":"31eb61a2-d422-4d55-ad80-1467c565a41c-140193173047104","trial_id":26,"state":1,"values":[0.9175166743670848],"datetime_complete":"2026-03-21T07:56:25.538017"}
{"op_code":4,"worker_id":"31eb61a2-d422-4d55-ad80-1467c565a41c-140193173047104","study_id":0,"datetime_start":"2026-03-21T07:56:25.556051"}
{"op_code":5,"worker_id":"31eb61a2-d422-4d55-ad80-1467c565a41c-140193173047104","trial_id":27,"param_name":"lr","param_value_internal":0.0007891584345541853,"distribution":"{\"name\": \"FloatDistribution\", \"attributes\": {\"step\": null, \"low\": 0.0001, \"high\": 0.1, \"log\": true}}"}
{"op_code":5,"worker_id":"31eb61a2-d422-4d55-ad80-1467c565a41c-140193173047104","trial_id":27,"param_name":"dropout","param_value_internal":0.3238070591985884,"distribution":"{\"name\": \"FloatDistribution\", \"attributes\": {\"step\": null, \"low\": 0.0, \"high\": 0.5, \"log\": false}}"}
{"op_code":5,"worker_id":"31eb61a2-d422-4d55-ad80-1467c565a41c-140193173047104","trial_id":27,"param_name":"nodes","param_value_internal":0,"distribution":"{\"name\": \"CategoricalDistribution\", \"attributes\": {\"choices\": [[64, 64], [128, 64], [256, 128]]}}"}
{"op_code":6,"worker_id":"31eb61a2-d422-4d55-ad80-1467c565a41c-140193173047104","trial_id":27,"state":1,"values":[0.9206975394202177],"datetime_complete":"2026-03-21T07:56:30.831478"}
{"op_code":4,"worker_id":"31eb61a2-d422-4d55-ad80-1467c565a41c-140193173047104","study_id":0,"datetime_start":"2026-03-21T07:56:30.857558"}
{"op_code":5,"worker_id":"31eb61a2-d422-4d55-ad80-1467c565a41c-140193173047104","trial_id":28,"param_name":"lr","param_value_internal":0.0007706915630893957,"distribution":"{\"name\": \"FloatDistribution\", \"attributes\": {\"step\": null, \"low\": 0.0001, \"high\": 0.1, \"log\": true}}"}
{"op_code":5,"worker_id":"31eb61a2-d422-4d55-ad80-1467c565a41c-140193173047104","trial_id":28,"param_name":"dropout","param_value_internal":0.47181333663069397,"distribution":"{\"name\": \"FloatDistribution\", \"attributes\": {\"step\": null, \"low\": 0.0, \"high\": 0.5, \"log\": false}}"}
{"op_code":5,"worker_id":"31eb61a2-d422-4d55-ad80-1467c565a41c-140193173047104","trial_id":28,"param_name":"nodes","param_value_internal":0,"distribution":"{\"name\": \"CategoricalDistribution\", \"attributes\": {\"choices\": [[64, 64], [128, 64], [256, 128]]}}"}
{"op_code":6,"worker_id":"31eb61a2-d422-4d55-ad80-1467c565a41c-140193173047104","trial_id":28,"state":1,"values":[0.9208989349729301],"datetime_complete":"2026-03-21T07:56:36.286845"}
{"op_code":4,"worker_id":"31eb61a2-d422-4d55-ad80-1467c565a41c-140193173047104","study_id":0,"datetime_start":"2026-03-21T07:56:36.313739"}
{"op_code":5,"worker_id":"31eb61a2-d422-4d55-ad80-1467c565a41c-140193173047104","trial_id":29,"param_name":"lr","param_value_internal":0.00016954874400556028,"distribution":"{\"name\": \"FloatDistribution\", \"attributes\": {\"step\": null, \"low\": 0.0001, \"high\": 0.1, \"log\": true}}"}
{"op_code":5,"worker_id":"31eb61a2-d422-4d55-ad80-1467c565a41c-140193173047104","trial_id":29,"param_name":"dropout","param_value_internal":0.4078898886159943,"distribution":"{\"name\": \"FloatDistribution\", \"attributes\": {\"step\": null, \"low\": 0.0, \"high\": 0.5, \"log\": false}}"}
{"op_code":5,"worker_id":"31eb61a2-d422-4d55-ad80-1467c565a41c-140193173047104","trial_id":29,"param_name":"nodes","param_value_internal":0,"distribution":"{\"name\": \"CategoricalDistribution\", \"attributes\": {\"choices\": [[64, 64], [128, 64], [256, 128]]}}"}
{"op_code":6,"worker_id":"31eb61a2-d422-4d55-ad80-1467c565a41c-140193173047104","trial_id":29,"state":1,"values":[0.9174692871782114],"datetime_complete":"2026-03-21T07:56:41.673074"}
{"op_code":4,"worker_id":"31eb61a2-d422-4d55-ad80-1467c565a41c-140193173047104","study_id":0,"datetime_start":"2026-03-21T07:56:41.693076"}
{"op_code":5,"worker_id":"31eb61a2-d422-4d55-ad80-1467c565a41c-140193173047104","trial_id":30,"param_name":"lr","param_value_internal":0.00035787863977069443,"distribution":"{\"name\": \"FloatDistribution\", \"attributes\": {\"step\": null, \"low\": 0.0001, \"high\": 0.1, \"log\": true}}"}
{"op_code":5,"worker_id":"31eb61a2-d422-4d55-ad80-1467c565a41c-140193173047104","trial_id":30,"param_name":"dropout","param_value_internal":0.33601178756504174,"distribution":"{\"name\": \"FloatDistribution\", \"attributes\": {\"step\": null, \"low\": 0.0, \"high\": 0.5, \"log\": false}}"}
{"op_code":5,"worker_id":"31eb61a2-d422-4d55-ad80-1467c565a41c-140193173047104","trial_id":30,"param_name":"nodes","param_value_internal":2,"distribution":"{\"name\": \"CategoricalDistribution\", \"attributes\": {\"choices\": [[64, 64], [128, 64], [256, 128]]}}"}
{"op_code":6,"worker_id":"31eb61a2-d422-4d55-ad80-1467c565a41c-140193173047104","trial_id":30,"state":1,"values":[0.920673845825781],"datetime_complete":"2026-03-21T07:56:46.956860"}
{"op_code":4,"worker_id":"31eb61a2-d422-4d55-ad80-1467c565a41c-140193173047104","study_id":0,"datetime_start":"2026-03-21T07:56:46.983328"}
{"op_code":5,"worker_id":"31eb61a2-d422-4d55-ad80-1467c565a41c-140193173047104","trial_id":31,"param_name":"lr","param_value_internal":0.0022458507771572073,"distribution":"{\"name\": \"FloatDistribution\", \"attributes\": {\"step\": null, \"low\": 0.0001, \"high\": 0.1, \"log\": true}}"}
{"op_code":5,"worker_id":"31eb61a2-d422-4d55-ad80-1467c565a41c-140193173047104","trial_id":31,"param_name":"dropout","param_value_internal":0.2623016175767374,"distribution":"{\"name\": \"FloatDistribution\", \"attributes\": {\"step\": null, \"low\": 0.0, \"high\": 0.5, \"log\": false}}"}
{"op_code":5,"worker_id":"31eb61a2-d422-4d55-ad80-1467c565a41c-140193173047104","trial_id":31,"param_name":"nodes","param_value_internal":1,"distribution":"{\"name\": \"CategoricalDistribution\", \"attributes\": {\"choices\": [[64, 64], [128, 64], [256, 128]]}}"}
{"op_code":6,"worker_id":"31eb61a2-d422-4d55-ad80-1467c565a41c-140193173047104","trial_id":31,"state":1,"values":[0.9207626968049188],"datetime_complete":"2026-03-21T07:56:52.312271"}
{"op_code":0,"worker_id":"e7f5c80b-4b3a-4bb8-b779-37aafe0b49e5-140193173047104","study_name":"embedding_cox_tuning","directions":[2]}
{"op_code":4,"worker_id":"e7f5c80b-4b3a-4bb8-b779-37aafe0b49e5-140193173047104","study_id":0,"datetime_start":"2026-03-21T08:10:34.912511"}
{"op_code":5,"worker_id":"e7f5c80b-4b3a-4bb8-b779-37aafe0b49e5-140193173047104","trial_id":32,"param_name":"lr","param_value_internal":0.0004721869724308516,"distribution":"{\"name\": \"FloatDistribution\", \"attributes\": {\"step\": null, \"low\": 0.0001, \"high\": 0.1, \"log\": true}}"}
{"op_code":5,"worker_id":"e7f5c80b-4b3a-4bb8-b779-37aafe0b49e5-140193173047104","trial_id":32,"param_name":"dropout","param_value_internal":0.38103994015423875,"distribution":"{\"name\": \"FloatDistribution\", \"attributes\": {\"step\": null, \"low\": 0.0, \"high\": 0.5, \"log\": false}}"}
{"op_code":5,"worker_id":"e7f5c80b-4b3a-4bb8-b779-37aafe0b49e5-140193173047104","trial_id":32,"param_name":"nodes","param_value_internal":2,"distribution":"{\"name\": \"CategoricalDistribution\", \"attributes\": {\"choices\": [[64, 64], [128, 64], [256, 128]]}}"}
{"op_code":6,"worker_id":"e7f5c80b-4b3a-4bb8-b779-37aafe0b49e5-140193173047104","trial_id":32,"state":1,"values":[0.9194613865035621],"datetime_complete":"2026-03-21T08:10:40.282166"}
{"op_code":4,"worker_id":"e7f5c80b-4b3a-4bb8-b779-37aafe0b49e5-140193173047104","study_id":0,"datetime_start":"2026-03-21T08:10:40.310605"}
{"op_code":5,"worker_id":"e7f5c80b-4b3a-4bb8-b779-37aafe0b49e5-140193173047104","trial_id":33,"param_name":"lr","param_value_internal":0.0006321383696412503,"distribution":"{\"name\": \"FloatDistribution\", \"attributes\": {\"step\": null, \"low\": 0.0001, \"high\": 0.1, \"log\": true}}"}
{"op_code":5,"worker_id":"e7f5c80b-4b3a-4bb8-b779-37aafe0b49e5-140193173047104","trial_id":33,"param_name":"dropout","param_value_internal":0.27864404673496784,"distribution":"{\"name\": \"FloatDistribution\", \"attributes\": {\"step\": null, \"low\": 0.0, \"high\": 0.5, \"log\": false}}"}
{"op_code":5,"worker_id":"e7f5c80b-4b3a-4bb8-b779-37aafe0b49e5-140193173047104","trial_id":33,"param_name":"nodes","param_value_internal":0,"distribution":"{\"name\": \"CategoricalDistribution\", \"attributes\": {\"choices\": [[64, 64], [128, 64], [256, 128]]}}"}
{"op_code":6,"worker_id":"e7f5c80b-4b3a-4bb8-b779-37aafe0b49e5-140193173047104","trial_id":33,"state":1,"values":[0.9181482569356855],"datetime_complete":"2026-03-21T08:10:45.735131"}
{"op_code":4,"worker_id":"e7f5c80b-4b3a-4bb8-b779-37aafe0b49e5-140193173047104","study_id":0,"datetime_start":"2026-03-21T08:10:45.763561"}
{"op_code":5,"worker_id":"e7f5c80b-4b3a-4bb8-b779-37aafe0b49e5-140193173047104","trial_id":34,"param_name":"lr","param_value_internal":0.00033428184732089863,"distribution":"{\"name\": \"FloatDistribution\", \"attributes\": {\"step\": null, \"low\": 0.0001, \"high\": 0.1, \"log\": true}}"}
{"op_code":5,"worker_id":"e7f5c80b-4b3a-4bb8-b779-37aafe0b49e5-140193173047104","trial_id":34,"param_name":"dropout","param_value_internal":0.30540414553327727,"distribution":"{\"name\": \"FloatDistribution\", \"attributes\": {\"step\": null, \"low\": 0.0, \"high\": 0.5, \"log\": false}}"}
{"op_code":5,"worker_id":"e7f5c80b-4b3a-4bb8-b779-37aafe0b49e5-140193173047104","trial_id":34,"param_name":"nodes","param_value_internal":0,"distribution":"{\"name\": \"CategoricalDistribution\", \"attributes\": {\"choices\": [[64, 64], [128, 64], [256, 128]]}}"}
{"op_code":6,"worker_id":"e7f5c80b-4b3a-4bb8-b779-37aafe0b49e5-140193173047104","trial_id":34,"state":1,"values":[0.9197723908749014],"datetime_complete":"2026-03-21T08:10:51.085802"}
{"op_code":4,"worker_id":"e7f5c80b-4b3a-4bb8-b779-37aafe0b49e5-140193173047104","study_id":0,"datetime_start":"2026-03-21T08:10:51.116299"}
{"op_code":5,"worker_id":"e7f5c80b-4b3a-4bb8-b779-37aafe0b49e5-140193173047104","trial_id":35,"param_name":"lr","param_value_internal":0.00017539541140512414,"distribution":"{\"name\": \"FloatDistribution\", \"attributes\": {\"step\": null, \"low\": 0.0001, \"high\": 0.1, \"log\": true}}"}
{"op_code":5,"worker_id":"e7f5c80b-4b3a-4bb8-b779-37aafe0b49e5-140193173047104","trial_id":35,"param_name":"dropout","param_value_internal":0.17529460931185717,"distribution":"{\"name\": \"FloatDistribution\", \"attributes\": {\"step\": null, \"low\": 0.0, \"high\": 0.5, \"log\": false}}"}
{"op_code":5,"worker_id":"e7f5c80b-4b3a-4bb8-b779-37aafe0b49e5-140193173047104","trial_id":35,"param_name":"nodes","param_value_internal":0,"distribution":"{\"name\": \"CategoricalDistribution\", \"attributes\": {\"choices\": [[64, 64], [128, 64], [256, 128]]}}"}
{"op_code":6,"worker_id":"e7f5c80b-4b3a-4bb8-b779-37aafe0b49e5-140193173047104","trial_id":35,"state":1,"values":[0.9169906295534783],"datetime_complete":"2026-03-21T08:10:56.501447"}
{"op_code":4,"worker_id":"e7f5c80b-4b3a-4bb8-b779-37aafe0b49e5-140193173047104","study_id":0,"datetime_start":"2026-03-21T08:10:56.538069"}
{"op_code":5,"worker_id":"e7f5c80b-4b3a-4bb8-b779-37aafe0b49e5-140193173047104","trial_id":36,"param_name":"lr","param_value_internal":0.0011420190787879004,"distribution":"{\"name\": \"FloatDistribution\", \"attributes\": {\"step\": null, \"low\": 0.0001, \"high\": 0.1, \"log\": true}}"}
{"op_code":5,"worker_id":"e7f5c80b-4b3a-4bb8-b779-37aafe0b49e5-140193173047104","trial_id":36,"param_name":"dropout","param_value_internal":0.46426262242232186,"distribution":"{\"name\": \"FloatDistribution\", \"attributes\": {\"step\": null, \"low\": 0.0, \"high\": 0.5, \"log\": false}}"}
{"op_code":5,"worker_id":"e7f5c80b-4b3a-4bb8-b779-37aafe0b49e5-140193173047104","trial_id":36,"param_name":"nodes","param_value_internal":0,"distribution":"{\"name\": \"CategoricalDistribution\", \"attributes\": {\"choices\": [[64, 64], [128, 64], [256, 128]]}}"}
{"op_code":6,"worker_id":"e7f5c80b-4b3a-4bb8-b779-37aafe0b49e5-140193173047104","trial_id":36,"state":1,"values":[0.9184074272451348],"datetime_complete":"2026-03-21T08:11:01.846759"}
{"op_code":4,"worker_id":"e7f5c80b-4b3a-4bb8-b779-37aafe0b49e5-140193173047104","study_id":0,"datetime_start":"2026-03-21T08:11:01.877384"}
{"op_code":5,"worker_id":"e7f5c80b-4b3a-4bb8-b779-37aafe0b49e5-140193173047104","trial_id":37,"param_name":"lr","param_value_internal":0.0024417007205749797,"distribution":"{\"name\": \"FloatDistribution\", \"attributes\": {\"step\": null, \"low\": 0.0001, \"high\": 0.1, \"log\": true}}"}
{"op_code":5,"worker_id":"e7f5c80b-4b3a-4bb8-b779-37aafe0b49e5-140193173047104","trial_id":37,"param_name":"dropout","param_value_internal":0.3428599461211205,"distribution":"{\"name\": \"FloatDistribution\", \"attributes\": {\"step\": null, \"low\": 0.0, \"high\": 0.5, \"log\": false}}"}
{"op_code":5,"worker_id":"e7f5c80b-4b3a-4bb8-b779-37aafe0b49e5-140193173047104","trial_id":37,"param_name":"nodes","param_value_internal":0,"distribution":"{\"name\": \"CategoricalDistribution\", \"attributes\": {\"choices\": [[64, 64], [128, 64], [256, 128]]}}"}
{"op_code":6,"worker_id":"e7f5c80b-4b3a-4bb8-b779-37aafe0b49e5-140193173047104","trial_id":37,"state":1,"values":[0.9192598095962127],"datetime_complete":"2026-03-21T08:11:07.251998"}
{"op_code":4,"worker_id":"e7f5c80b-4b3a-4bb8-b779-37aafe0b49e5-140193173047104","study_id":0,"datetime_start":"2026-03-21T08:11:07.278200"}
{"op_code":5,"worker_id":"e7f5c80b-4b3a-4bb8-b779-37aafe0b49e5-140193173047104","trial_id":38,"param_name":"lr","param_value_internal":0.0005148934379055575,"distribution":"{\"name\": \"FloatDistribution\", \"attributes\": {\"step\": null, \"low\": 0.0001, \"high\": 0.1, \"log\": true}}"}
{"op_code":5,"worker_id":"e7f5c80b-4b3a-4bb8-b779-37aafe0b49e5-140193173047104","trial_id":38,"param_name":"dropout","param_value_internal":0.4101566552757646,"distribution":"{\"name\": \"FloatDistribution\", \"attributes\": {\"step\": null, \"low\": 0.0, \"high\": 0.5, \"log\": false}}"}
{"op_code":5,"worker_id":"e7f5c80b-4b3a-4bb8-b779-37aafe0b49e5-140193173047104","trial_id":38,"param_name":"nodes","param_value_internal":2,"distribution":"{\"name\": \"CategoricalDistribution\", \"attributes\": {\"choices\": [[64, 64], [128, 64], [256, 128]]}}"}
{"op_code":6,"worker_id":"e7f5c80b-4b3a-4bb8-b779-37aafe0b49e5-140193173047104","trial_id":38,"state":1,"values":[0.9176299163167867],"datetime_complete":"2026-03-21T08:11:12.596196"}
{"op_code":4,"worker_id":"e7f5c80b-4b3a-4bb8-b779-37aafe0b49e5-140193173047104","study_id":0,"datetime_start":"2026-03-21T08:11:12.621656"}
{"op_code":5,"worker_id":"e7f5c80b-4b3a-4bb8-b779-37aafe0b49e5-140193173047104","trial_id":39,"param_name":"lr","param_value_internal":0.0001380865555450729,"distribution":"{\"name\": \"FloatDistribution\", \"attributes\": {\"step\": null, \"low\": 0.0001, \"high\": 0.1, \"log\": true}}"}
{"op_code":5,"worker_id":"e7f5c80b-4b3a-4bb8-b779-37aafe0b49e5-140193173047104","trial_id":39,"param_name":"dropout","param_value_internal":0.49309724937572563,"distribution":"{\"name\": \"FloatDistribution\", \"attributes\": {\"step\": null, \"low\": 0.0, \"high\": 0.5, \"log\": false}}"}
{"op_code":5,"worker_id":"e7f5c80b-4b3a-4bb8-b779-37aafe0b49e5-140193173047104","trial_id":39,"param_name":"nodes","param_value_internal":0,"distribution":"{\"name\": \"CategoricalDistribution\", \"attributes\": {\"choices\": [[64, 64], [128, 64], [256, 128]]}}"}
{"op_code":6,"worker_id":"e7f5c80b-4b3a-4bb8-b779-37aafe0b49e5-140193173047104","trial_id":39,"state":1,"values":[0.917134613058728],"datetime_complete":"2026-03-21T08:11:17.975944"}
{"op_code":4,"worker_id":"e7f5c80b-4b3a-4bb8-b779-37aafe0b49e5-140193173047104","study_id":0,"datetime_start":"2026-03-21T08:11:17.996322"}
{"op_code":5,"worker_id":"e7f5c80b-4b3a-4bb8-b779-37aafe0b49e5-140193173047104","trial_id":40,"param_name":"lr","param_value_internal":0.00028325893272831477,"distribution":"{\"name\": \"FloatDistribution\", \"attributes\": {\"step\": null, \"low\": 0.0001, \"high\": 0.1, \"log\": true}}"}
{"op_code":5,"worker_id":"e7f5c80b-4b3a-4bb8-b779-37aafe0b49e5-140193173047104","trial_id":40,"param_name":"dropout","param_value_internal":0.10633674650481534,"distribution":"{\"name\": \"FloatDistribution\", \"attributes\": {\"step\": null, \"low\": 0.0, \"high\": 0.5, \"log\": false}}"}
{"op_code":5,"worker_id":"e7f5c80b-4b3a-4bb8-b779-37aafe0b49e5-140193173047104","trial_id":40,"param_name":"nodes","param_value_internal":0,"distribution":"{\"name\": \"CategoricalDistribution\", \"attributes\": {\"choices\": [[64, 64], [128, 64], [256, 128]]}}"}
{"op_code":6,"worker_id":"e7f5c80b-4b3a-4bb8-b779-37aafe0b49e5-140193173047104","trial_id":40,"state":1,"values":[0.9151534000264929],"datetime_complete":"2026-03-21T08:11:23.356687"}
{"op_code":4,"worker_id":"e7f5c80b-4b3a-4bb8-b779-37aafe0b49e5-140193173047104","study_id":0,"datetime_start":"2026-03-21T08:11:23.381033"}
{"op_code":5,"worker_id":"e7f5c80b-4b3a-4bb8-b779-37aafe0b49e5-140193173047104","trial_id":41,"param_name":"lr","param_value_internal":0.0009580090027264263,"distribution":"{\"name\": \"FloatDistribution\", \"attributes\": {\"step\": null, \"low\": 0.0001, \"high\": 0.1, \"log\": true}}"}
{"op_code":5,"worker_id":"e7f5c80b-4b3a-4bb8-b779-37aafe0b49e5-140193173047104","trial_id":41,"param_name":"dropout","param_value_internal":0.3823354036490765,"distribution":"{\"name\": \"FloatDistribution\", \"attributes\": {\"step\": null, \"low\": 0.0, \"high\": 0.5, \"log\": false}}"}
{"op_code":5,"worker_id":"e7f5c80b-4b3a-4bb8-b779-37aafe0b49e5-140193173047104","trial_id":41,"param_name":"nodes","param_value_internal":1,"distribution":"{\"name\": \"CategoricalDistribution\", \"attributes\": {\"choices\": [[64, 64], [128, 64], [256, 128]]}}"}
{"op_code":6,"worker_id":"e7f5c80b-4b3a-4bb8-b779-37aafe0b49e5-140193173047104","trial_id":41,"state":1,"values":[0.9189142491836135],"datetime_complete":"2026-03-21T08:11:28.699808"}
{"op_code":0,"worker_id":"5ea99fde-4f41-47e1-8874-2001521e6490-140193173047104","study_name":"embedding_cox_tuning","directions":[2]}
{"op_code":4,"worker_id":"5ea99fde-4f41-47e1-8874-2001521e6490-140193173047104","study_id":0,"datetime_start":"2026-03-21T08:25:31.761642"}
{"op_code":5,"worker_id":"5ea99fde-4f41-47e1-8874-2001521e6490-140193173047104","trial_id":42,"param_name":"lr","param_value_internal":0.003483999798691464,"distribution":"{\"name\": \"FloatDistribution\", \"attributes\": {\"step\": null, \"low\": 0.0001, \"high\": 0.1, \"log\": true}}"}
{"op_code":5,"worker_id":"5ea99fde-4f41-47e1-8874-2001521e6490-140193173047104","trial_id":42,"param_name":"dropout","param_value_internal":0.44357062873219766,"distribution":"{\"name\": \"FloatDistribution\", \"attributes\": {\"step\": null, \"low\": 0.0, \"high\": 0.5, \"log\": false}}"}
{"op_code":5,"worker_id":"5ea99fde-4f41-47e1-8874-2001521e6490-140193173047104","trial_id":42,"param_name":"nodes","param_value_internal":2,"distribution":"{\"name\": \"CategoricalDistribution\", \"attributes\": {\"choices\": [[64, 64], [128, 64], [256, 128]]}}"}
{"op_code":6,"worker_id":"5ea99fde-4f41-47e1-8874-2001521e6490-140193173047104","trial_id":42,"state":1,"values":[0.922293231765022],"datetime_complete":"2026-03-21T08:25:37.094342"}
{"op_code":4,"worker_id":"5ea99fde-4f41-47e1-8874-2001521e6490-140193173047104","study_id":0,"datetime_start":"2026-03-21T08:25:37.123862"}
{"op_code":5,"worker_id":"5ea99fde-4f41-47e1-8874-2001521e6490-140193173047104","trial_id":43,"param_name":"lr","param_value_internal":0.0003443426424294564,"distribution":"{\"name\": \"FloatDistribution\", \"attributes\": {\"step\": null, \"low\": 0.0001, \"high\": 0.1, \"log\": true}}"}
{"op_code":5,"worker_id":"5ea99fde-4f41-47e1-8874-2001521e6490-140193173047104","trial_id":43,"param_name":"dropout","param_value_internal":0.17934166448938893,"distribution":"{\"name\": \"FloatDistribution\", \"attributes\": {\"step\": null, \"low\": 0.0, \"high\": 0.5, \"log\": false}}"}
{"op_code":5,"worker_id":"5ea99fde-4f41-47e1-8874-2001521e6490-140193173047104","trial_id":43,"param_name":"nodes","param_value_internal":0,"distribution":"{\"name\": \"CategoricalDistribution\", \"attributes\": {\"choices\": [[64, 64], [128, 64], [256, 128]]}}"}
{"op_code":6,"worker_id":"5ea99fde-4f41-47e1-8874-2001521e6490-140193173047104","trial_id":43,"state":1,"values":[0.9219135189447488],"datetime_complete":"2026-03-21T08:25:42.454927"}
{"op_code":4,"worker_id":"5ea99fde-4f41-47e1-8874-2001521e6490-140193173047104","study_id":0,"datetime_start":"2026-03-21T08:25:42.484862"}
{"op_code":5,"worker_id":"5ea99fde-4f41-47e1-8874-2001521e6490-140193173047104","trial_id":44,"param_name":"lr","param_value_internal":0.00040935336065564315,"distribution":"{\"name\": \"FloatDistribution\", \"attributes\": {\"step\": null, \"low\": 0.0001, \"high\": 0.1, \"log\": true}}"}
{"op_code":5,"worker_id":"5ea99fde-4f41-47e1-8874-2001521e6490-140193173047104","trial_id":44,"param_name":"dropout","param_value_internal":0.13434467912872614,"distribution":"{\"name\": \"FloatDistribution\", \"attributes\": {\"step\": null, \"low\": 0.0, \"high\": 0.5, \"log\": false}}"}
{"op_code":5,"worker_id":"5ea99fde-4f41-47e1-8874-2001521e6490-140193173047104","trial_id":44,"param_name":"nodes","param_value_internal":0,"distribution":"{\"name\": \"CategoricalDistribution\", \"attributes\": {\"choices\": [[64, 64], [128, 64], [256, 128]]}}"}
{"op_code":6,"worker_id":"5ea99fde-4f41-47e1-8874-2001521e6490-140193173047104","trial_id":44,"state":1,"values":[0.9173219146872919],"datetime_complete":"2026-03-21T08:25:47.828876"}
{"op_code":4,"worker_id":"5ea99fde-4f41-47e1-8874-2001521e6490-140193173047104","study_id":0,"datetime_start":"2026-03-21T08:25:47.856384"}
{"op_code":5,"worker_id":"5ea99fde-4f41-47e1-8874-2001521e6490-140193173047104","trial_id":45,"param_name":"lr","param_value_internal":0.00020321174513053027,"distribution":"{\"name\": \"FloatDistribution\", \"attributes\": {\"step\": null, \"low\": 0.0001, \"high\": 0.1, \"log\": true}}"}
{"op_code":5,"worker_id":"5ea99fde-4f41-47e1-8874-2001521e6490-140193173047104","trial_id":45,"param_name":"dropout","param_value_internal":0.22791633266593989,"distribution":"{\"name\": \"FloatDistribution\", \"attributes\": {\"step\": null, \"low\": 0.0, \"high\": 0.5, \"log\": false}}"}
{"op_code":5,"worker_id":"5ea99fde-4f41-47e1-8874-2001521e6490-140193173047104","trial_id":45,"param_name":"nodes","param_value_internal":0,"distribution":"{\"name\": \"CategoricalDistribution\", \"attributes\": {\"choices\": [[64, 64], [128, 64], [256, 128]]}}"}
{"op_code":6,"worker_id":"5ea99fde-4f41-47e1-8874-2001521e6490-140193173047104","trial_id":45,"state":1,"values":[0.9240691194167611],"datetime_complete":"2026-03-21T08:25:53.146687"}
{"op_code":4,"worker_id":"5ea99fde-4f41-47e1-8874-2001521e6490-140193173047104","study_id":0,"datetime_start":"2026-03-21T08:25:53.164945"}
{"op_code":5,"worker_id":"5ea99fde-4f41-47e1-8874-2001521e6490-140193173047104","trial_id":46,"param_name":"lr","param_value_internal":0.00593012119890097,"distribution":"{\"name\": \"FloatDistribution\", \"attributes\": {\"step\": null, \"low\": 0.0001, \"high\": 0.1, \"log\": true}}"}
{"op_code":5,"worker_id":"5ea99fde-4f41-47e1-8874-2001521e6490-140193173047104","trial_id":46,"param_name":"dropout","param_value_internal":0.030117424665510997,"distribution":"{\"name\": \"FloatDistribution\", \"attributes\": {\"step\": null, \"low\": 0.0, \"high\": 0.5, \"log\": false}}"}
{"op_code":5,"worker_id":"5ea99fde-4f41-47e1-8874-2001521e6490-140193173047104","trial_id":46,"param_name":"nodes","param_value_internal":0,"distribution":"{\"name\": \"CategoricalDistribution\", \"attributes\": {\"choices\": [[64, 64], [128, 64], [256, 128]]}}"}
{"op_code":6,"worker_id":"5ea99fde-4f41-47e1-8874-2001521e6490-140193173047104","trial_id":46,"state":1,"values":[0.9175731093222418],"datetime_complete":"2026-03-21T08:25:58.372902"}
{"op_code":4,"worker_id":"5ea99fde-4f41-47e1-8874-2001521e6490-140193173047104","study_id":0,"datetime_start":"2026-03-21T08:25:58.407814"}
{"op_code":5,"worker_id":"5ea99fde-4f41-47e1-8874-2001521e6490-140193173047104","trial_id":47,"param_name":"lr","param_value_internal":0.0005297310180103711,"distribution":"{\"name\": \"FloatDistribution\", \"attributes\": {\"step\": null, \"low\": 0.0001, \"high\": 0.1, \"log\": true}}"}
{"op_code":5,"worker_id":"5ea99fde-4f41-47e1-8874-2001521e6490-140193173047104","trial_id":47,"param_name":"dropout","param_value_internal":0.11428322987513834,"distribution":"{\"name\": \"FloatDistribution\", \"attributes\": {\"step\": null, \"low\": 0.0, \"high\": 0.5, \"log\": false}}"}
{"op_code":5,"worker_id":"5ea99fde-4f41-47e1-8874-2001521e6490-140193173047104","trial_id":47,"param_name":"nodes","param_value_internal":0,"distribution":"{\"name\": \"CategoricalDistribution\", \"attributes\": {\"choices\": [[64, 64], [128, 64], [256, 128]]}}"}
{"op_code":6,"worker_id":"5ea99fde-4f41-47e1-8874-2001521e6490-140193173047104","trial_id":47,"state":1,"values":[0.9192555292028367],"datetime_complete":"2026-03-21T08:26:03.717614"}
{"op_code":4,"worker_id":"5ea99fde-4f41-47e1-8874-2001521e6490-140193173047104","study_id":0,"datetime_start":"2026-03-21T08:26:03.750954"}
{"op_code":5,"worker_id":"5ea99fde-4f41-47e1-8874-2001521e6490-140193173047104","trial_id":48,"param_name":"lr","param_value_internal":0.00010336370873086801,"distribution":"{\"name\": \"FloatDistribution\", \"attributes\": {\"step\": null, \"low\": 0.0001, \"high\": 0.1, \"log\": true}}"}
{"op_code":5,"worker_id":"5ea99fde-4f41-47e1-8874-2001521e6490-140193173047104","trial_id":48,"param_name":"dropout","param_value_internal":0.20304819707918786,"distribution":"{\"name\": \"FloatDistribution\", \"attributes\": {\"step\": null, \"low\": 0.0, \"high\": 0.5, \"log\": false}}"}
{"op_code":5,"worker_id":"5ea99fde-4f41-47e1-8874-2001521e6490-140193173047104","trial_id":48,"param_name":"nodes","param_value_internal":0,"distribution":"{\"name\": \"CategoricalDistribution\", \"attributes\": {\"choices\": [[64, 64], [128, 64], [256, 128]]}}"}
{"op_code":6,"worker_id":"5ea99fde-4f41-47e1-8874-2001521e6490-140193173047104","trial_id":48,"state":1,"values":[0.9229416644273346],"datetime_complete":"2026-03-21T08:26:09.051114"}
{"op_code":4,"worker_id":"5ea99fde-4f41-47e1-8874-2001521e6490-140193173047104","study_id":0,"datetime_start":"2026-03-21T08:26:09.077744"}
{"op_code":5,"worker_id":"5ea99fde-4f41-47e1-8874-2001521e6490-140193173047104","trial_id":49,"param_name":"lr","param_value_internal":0.00013195254312518717,"distribution":"{\"name\": \"FloatDistribution\", \"attributes\": {\"step\": null, \"low\": 0.0001, \"high\": 0.1, \"log\": true}}"}
{"op_code":5,"worker_id":"5ea99fde-4f41-47e1-8874-2001521e6490-140193173047104","trial_id":49,"param_name":"dropout","param_value_internal":0.07738392012378471,"distribution":"{\"name\": \"FloatDistribution\", \"attributes\": {\"step\": null, \"low\": 0.0, \"high\": 0.5, \"log\": false}}"}
{"op_code":5,"worker_id":"5ea99fde-4f41-47e1-8874-2001521e6490-140193173047104","trial_id":49,"param_name":"nodes","param_value_internal":1,"distribution":"{\"name\": \"CategoricalDistribution\", \"attributes\": {\"choices\": [[64, 64], [128, 64], [256, 128]]}}"}
{"op_code":6,"worker_id":"5ea99fde-4f41-47e1-8874-2001521e6490-140193173047104","trial_id":49,"state":1,"values":[0.9224743255716138],"datetime_complete":"2026-03-21T08:26:14.327608"}
{"op_code":4,"worker_id":"5ea99fde-4f41-47e1-8874-2001521e6490-140193173047104","study_id":0,"datetime_start":"2026-03-21T08:26:14.351610"}
{"op_code":5,"worker_id":"5ea99fde-4f41-47e1-8874-2001521e6490-140193173047104","trial_id":50,"param_name":"lr","param_value_internal":0.0018139335469809855,"distribution":"{\"name\": \"FloatDistribution\", \"attributes\": {\"step\": null, \"low\": 0.0001, \"high\": 0.1, \"log\": true}}"}
{"op_code":5,"worker_id":"5ea99fde-4f41-47e1-8874-2001521e6490-140193173047104","trial_id":50,"param_name":"dropout","param_value_internal":0.14526140528718393,"distribution":"{\"name\": \"FloatDistribution\", \"attributes\": {\"step\": null, \"low\": 0.0, \"high\": 0.5, \"log\": false}}"}
{"op_code":5,"worker_id":"5ea99fde-4f41-47e1-8874-2001521e6490-140193173047104","trial_id":50,"param_name":"nodes","param_value_internal":0,"distribution":"{\"name\": \"CategoricalDistribution\", \"attributes\": {\"choices\": [[64, 64], [128, 64], [256, 128]]}}"}
{"op_code":6,"worker_id":"5ea99fde-4f41-47e1-8874-2001521e6490-140193173047104","trial_id":50,"state":1,"values":[0.9221238214298232],"datetime_complete":"2026-03-21T08:26:19.685415"}
{"op_code":4,"worker_id":"5ea99fde-4f41-47e1-8874-2001521e6490-140193173047104","study_id":0,"datetime_start":"2026-03-21T08:26:19.710228"}
{"op_code":5,"worker_id":"5ea99fde-4f41-47e1-8874-2001521e6490-140193173047104","trial_id":51,"param_name":"lr","param_value_internal":0.00025380681510850996,"distribution":"{\"name\": \"FloatDistribution\", \"attributes\": {\"step\": null, \"low\": 0.0001, \"high\": 0.1, \"log\": true}}"}
{"op_code":5,"worker_id":"5ea99fde-4f41-47e1-8874-2001521e6490-140193173047104","trial_id":51,"param_name":"dropout","param_value_internal":0.06735512151432407,"distribution":"{\"name\": \"FloatDistribution\", \"attributes\": {\"step\": null, \"low\": 0.0, \"high\": 0.5, \"log\": false}}"}
{"op_code":5,"worker_id":"5ea99fde-4f41-47e1-8874-2001521e6490-140193173047104","trial_id":51,"param_name":"nodes","param_value_internal":0,"distribution":"{\"name\": \"CategoricalDistribution\", \"attributes\": {\"choices\": [[64, 64], [128, 64], [256, 128]]}}"}
{"op_code":6,"worker_id":"5ea99fde-4f41-47e1-8874-2001521e6490-140193173047104","trial_id":51,"state":1,"values":[0.9199974296362935],"datetime_complete":"2026-03-21T08:26:25.013704"}
{"op_code":0,"worker_id":"4cb3a8ca-43d3-427b-b747-33328c71e05e-140193173047104","study_name":"embedding_cox_tuning","directions":[2]}
{"op_code":4,"worker_id":"4cb3a8ca-43d3-427b-b747-33328c71e05e-140193173047104","study_id":0,"datetime_start":"2026-03-21T08:41:08.248237"}
{"op_code":5,"worker_id":"4cb3a8ca-43d3-427b-b747-33328c71e05e-140193173047104","trial_id":52,"param_name":"lr","param_value_internal":0.00014944831979008137,"distribution":"{\"name\": \"FloatDistribution\", \"attributes\": {\"step\": null, \"low\": 0.0001, \"high\": 0.1, \"log\": true}}"}
{"op_code":5,"worker_id":"4cb3a8ca-43d3-427b-b747-33328c71e05e-140193173047104","trial_id":52,"param_name":"dropout","param_value_internal":0.3603826316314354,"distribution":"{\"name\": \"FloatDistribution\", \"attributes\": {\"step\": null, \"low\": 0.0, \"high\": 0.5, \"log\": false}}"}
{"op_code":5,"worker_id":"4cb3a8ca-43d3-427b-b747-33328c71e05e-140193173047104","trial_id":52,"param_name":"nodes","param_value_internal":0,"distribution":"{\"name\": \"CategoricalDistribution\", \"attributes\": {\"choices\": [[64, 64], [128, 64], [256, 128]]}}"}
{"op_code":6,"worker_id":"4cb3a8ca-43d3-427b-b747-33328c71e05e-140193173047104","trial_id":52,"state":1,"values":[0.8800159978669511],"datetime_complete":"2026-03-21T08:41:13.489673"}
{"op_code":4,"worker_id":"4cb3a8ca-43d3-427b-b747-33328c71e05e-140193173047104","study_id":0,"datetime_start":"2026-03-21T08:41:13.505894"}
{"op_code":5,"worker_id":"4cb3a8ca-43d3-427b-b747-33328c71e05e-140193173047104","trial_id":53,"param_name":"lr","param_value_internal":0.0005539328459987883,"distribution":"{\"name\": \"FloatDistribution\", \"attributes\": {\"step\": null, \"low\": 0.0001, \"high\": 0.1, \"log\": true}}"}
{"op_code":5,"worker_id":"4cb3a8ca-43d3-427b-b747-33328c71e05e-140193173047104","trial_id":53,"param_name":"dropout","param_value_internal":0.44546949241301,"distribution":"{\"name\": \"FloatDistribution\", \"attributes\": {\"step\": null, \"low\": 0.0, \"high\": 0.5, \"log\": false}}"}
{"op_code":5,"worker_id":"4cb3a8ca-43d3-427b-b747-33328c71e05e-140193173047104","trial_id":53,"param_name":"nodes","param_value_internal":0,"distribution":"{\"name\": \"CategoricalDistribution\", \"attributes\": {\"choices\": [[64, 64], [128, 64], [256, 128]]}}"}
{"op_code":6,"worker_id":"4cb3a8ca-43d3-427b-b747-33328c71e05e-140193173047104","trial_id":53,"state":1,"values":[0.8883882149046793],"datetime_complete":"2026-03-21T08:41:18.839269"}
{"op_code":4,"worker_id":"4cb3a8ca-43d3-427b-b747-33328c71e05e-140193173047104","study_id":0,"datetime_start":"2026-03-21T08:41:18.869763"}
{"op_code":5,"worker_id":"4cb3a8ca-43d3-427b-b747-33328c71e05e-140193173047104","trial_id":54,"param_name":"lr","param_value_internal":0.00029393673565639703,"distribution":"{\"name\": \"FloatDistribution\", \"attributes\": {\"step\": null, \"low\": 0.0001, \"high\": 0.1, \"log\": true}}"}
{"op_code":5,"worker_id":"4cb3a8ca-43d3-427b-b747-33328c71e05e-140193173047104","trial_id":54,"param_name":"dropout","param_value_internal":0.48464448936935717,"distribution":"{\"name\": \"FloatDistribution\", \"attributes\": {\"step\": null, \"low\": 0.0, \"high\": 0.5, \"log\": false}}"}
{"op_code":5,"worker_id":"4cb3a8ca-43d3-427b-b747-33328c71e05e-140193173047104","trial_id":54,"param_name":"nodes","param_value_internal":0,"distribution":"{\"name\": \"CategoricalDistribution\", \"attributes\": {\"choices\": [[64, 64], [128, 64], [256, 128]]}}"}
{"op_code":6,"worker_id":"4cb3a8ca-43d3-427b-b747-33328c71e05e-140193173047104","trial_id":54,"state":1,"values":[0.8750566591121184],"datetime_complete":"2026-03-21T08:41:24.175223"}
{"op_code":4,"worker_id":"4cb3a8ca-43d3-427b-b747-33328c71e05e-140193173047104","study_id":0,"datetime_start":"2026-03-21T08:41:24.196286"}
{"op_code":5,"worker_id":"4cb3a8ca-43d3-427b-b747-33328c71e05e-140193173047104","trial_id":55,"param_name":"lr","param_value_internal":0.001055004106965509,"distribution":"{\"name\": \"FloatDistribution\", \"attributes\": {\"step\": null, \"low\": 0.0001, \"high\": 0.1, \"log\": true}}"}
{"op_code":5,"worker_id":"4cb3a8ca-43d3-427b-b747-33328c71e05e-140193173047104","trial_id":55,"param_name":"dropout","param_value_internal":0.4274466279148169,"distribution":"{\"name\": \"FloatDistribution\", \"attributes\": {\"step\": null, \"low\": 0.0, \"high\": 0.5, \"log\": false}}"}
{"op_code":5,"worker_id":"4cb3a8ca-43d3-427b-b747-33328c71e05e-140193173047104","trial_id":55,"param_name":"nodes","param_value_internal":0,"distribution":"{\"name\": \"CategoricalDistribution\", \"attributes\": {\"choices\": [[64, 64], [128, 64], [256, 128]]}}"}
{"op_code":6,"worker_id":"4cb3a8ca-43d3-427b-b747-33328c71e05e-140193173047104","trial_id":55,"state":1,"values":[0.8923610185308626],"datetime_complete":"2026-03-21T08:41:29.496328"}
{"op_code":4,"worker_id":"4cb3a8ca-43d3-427b-b747-33328c71e05e-140193173047104","study_id":0,"datetime_start":"2026-03-21T08:41:29.523735"}
{"op_code":5,"worker_id":"4cb3a8ca-43d3-427b-b747-33328c71e05e-140193173047104","trial_id":56,"param_name":"lr","param_value_internal":0.00041170231696985066,"distribution":"{\"name\": \"FloatDistribution\", \"attributes\": {\"step\": null, \"low\": 0.0001, \"high\": 0.1, \"log\": true}}"}
{"op_code":5,"worker_id":"4cb3a8ca-43d3-427b-b747-33328c71e05e-140193173047104","trial_id":56,"param_name":"dropout","param_value_internal":0.4206536949398771,"distribution":"{\"name\": \"FloatDistribution\", \"attributes\": {\"step\": null, \"low\": 0.0, \"high\": 0.5, \"log\": false}}"}
{"op_code":5,"worker_id":"4cb3a8ca-43d3-427b-b747-33328c71e05e-140193173047104","trial_id":56,"param_name":"nodes","param_value_internal":0,"distribution":"{\"name\": \"CategoricalDistribution\", \"attributes\": {\"choices\": [[64, 64], [128, 64], [256, 128]]}}"}
{"op_code":6,"worker_id":"4cb3a8ca-43d3-427b-b747-33328c71e05e-140193173047104","trial_id":56,"state":1,"values":[0.886001866417811],"datetime_complete":"2026-03-21T08:41:34.884929"}
{"op_code":4,"worker_id":"4cb3a8ca-43d3-427b-b747-33328c71e05e-140193173047104","study_id":0,"datetime_start":"2026-03-21T08:41:34.906298"}
{"op_code":5,"worker_id":"4cb3a8ca-43d3-427b-b747-33328c71e05e-140193173047104","trial_id":57,"param_name":"lr","param_value_internal":0.00019088594749026811,"distribution":"{\"name\": \"FloatDistribution\", \"attributes\": {\"step\": null, \"low\": 0.0001, \"high\": 0.1, \"log\": true}}"}
{"op_code":5,"worker_id":"4cb3a8ca-43d3-427b-b747-33328c71e05e-140193173047104","trial_id":57,"param_name":"dropout","param_value_internal":0.3815173602132563,"distribution":"{\"name\": \"FloatDistribution\", \"attributes\": {\"step\": null, \"low\": 0.0, \"high\": 0.5, \"log\": false}}"}
{"op_code":5,"worker_id":"4cb3a8ca-43d3-427b-b747-33328c71e05e-140193173047104","trial_id":57,"param_name":"nodes","param_value_internal":0,"distribution":"{\"name\": \"CategoricalDistribution\", \"attributes\": {\"choices\": [[64, 64], [128, 64], [256, 128]]}}"}
{"op_code":6,"worker_id":"4cb3a8ca-43d3-427b-b747-33328c71e05e-140193173047104","trial_id":57,"state":1,"values":[0.8792960938541527],"datetime_complete":"2026-03-21T08:41:40.269464"}
{"op_code":4,"worker_id":"4cb3a8ca-43d3-427b-b747-33328c71e05e-140193173047104","study_id":0,"datetime_start":"2026-03-21T08:41:40.288666"}
{"op_code":5,"worker_id":"4cb3a8ca-43d3-427b-b747-33328c71e05e-140193173047104","trial_id":58,"param_name":"lr","param_value_internal":0.0006531841452643294,"distribution":"{\"name\": \"FloatDistribution\", \"attributes\": {\"step\": null, \"low\": 0.0001, \"high\": 0.1, \"log\": true}}"}
{"op_code":5,"worker_id":"4cb3a8ca-43d3-427b-b747-33328c71e05e-140193173047104","trial_id":58,"param_name":"dropout","param_value_internal":0.46487444473866285,"distribution":"{\"name\": \"FloatDistribution\", \"attributes\": {\"step\": null, \"low\": 0.0, \"high\": 0.5, \"log\": false}}"}
{"op_code":5,"worker_id":"4cb3a8ca-43d3-427b-b747-33328c71e05e-140193173047104","trial_id":58,"param_name":"nodes","param_value_internal":0,"distribution":"{\"name\": \"CategoricalDistribution\", \"attributes\": {\"choices\": [[64, 64], [128, 64], [256, 128]]}}"}
{"op_code":6,"worker_id":"4cb3a8ca-43d3-427b-b747-33328c71e05e-140193173047104","trial_id":58,"state":1,"values":[0.878469537395014],"datetime_complete":"2026-03-21T08:41:45.573369"}
{"op_code":4,"worker_id":"4cb3a8ca-43d3-427b-b747-33328c71e05e-140193173047104","study_id":0,"datetime_start":"2026-03-21T08:41:45.594325"}
{"op_code":5,"worker_id":"4cb3a8ca-43d3-427b-b747-33328c71e05e-140193173047104","trial_id":59,"param_name":"lr","param_value_internal":0.03307052463329801,"distribution":"{\"name\": \"FloatDistribution\", \"attributes\": {\"step\": null, \"low\": 0.0001, \"high\": 0.1, \"log\": true}}"}
{"op_code":5,"worker_id":"4cb3a8ca-43d3-427b-b747-33328c71e05e-140193173047104","trial_id":59,"param_name":"dropout","param_value_internal":0.3934033211024287,"distribution":"{\"name\": \"FloatDistribution\", \"attributes\": {\"step\": null, \"low\": 0.0, \"high\": 0.5, \"log\": false}}"}
{"op_code":5,"worker_id":"4cb3a8ca-43d3-427b-b747-33328c71e05e-140193173047104","trial_id":59,"param_name":"nodes","param_value_internal":1,"distribution":"{\"name\": \"CategoricalDistribution\", \"attributes\": {\"choices\": [[64, 64], [128, 64], [256, 128]]}}"}
{"op_code":6,"worker_id":"4cb3a8ca-43d3-427b-b747-33328c71e05e-140193173047104","trial_id":59,"state":1,"values":[0.8862551659778696],"datetime_complete":"2026-03-21T08:41:50.793209"}
{"op_code":4,"worker_id":"4cb3a8ca-43d3-427b-b747-33328c71e05e-140193173047104","study_id":0,"datetime_start":"2026-03-21T08:41:50.820631"}
{"op_code":5,"worker_id":"4cb3a8ca-43d3-427b-b747-33328c71e05e-140193173047104","trial_id":60,"param_name":"lr","param_value_internal":0.0008400374726416133,"distribution":"{\"name\": \"FloatDistribution\", \"attributes\": {\"step\": null, \"low\": 0.0001, \"high\": 0.1, \"log\": true}}"}
{"op_code":5,"worker_id":"4cb3a8ca-43d3-427b-b747-33328c71e05e-140193173047104","trial_id":60,"param_name":"dropout","param_value_internal":0.30913175559241723,"distribution":"{\"name\": \"FloatDistribution\", \"attributes\": {\"step\": null, \"low\": 0.0, \"high\": 0.5, \"log\": false}}"}
{"op_code":5,"worker_id":"4cb3a8ca-43d3-427b-b747-33328c71e05e-140193173047104","trial_id":60,"param_name":"nodes","param_value_internal":2,"distribution":"{\"name\": \"CategoricalDistribution\", \"attributes\": {\"choices\": [[64, 64], [128, 64], [256, 128]]}}"}
{"op_code":6,"worker_id":"4cb3a8ca-43d3-427b-b747-33328c71e05e-140193173047104","trial_id":60,"state":1,"values":[0.8952806292494334],"datetime_complete":"2026-03-21T08:41:56.131468"}
{"op_code":4,"worker_id":"4cb3a8ca-43d3-427b-b747-33328c71e05e-140193173047104","study_id":0,"datetime_start":"2026-03-21T08:41:56.153621"}
{"op_code":5,"worker_id":"4cb3a8ca-43d3-427b-b747-33328c71e05e-140193173047104","trial_id":61,"param_name":"lr","param_value_internal":0.0014252807618069393,"distribution":"{\"name\": \"FloatDistribution\", \"attributes\": {\"step\": null, \"low\": 0.0001, \"high\": 0.1, \"log\": true}}"}
{"op_code":5,"worker_id":"4cb3a8ca-43d3-427b-b747-33328c71e05e-140193173047104","trial_id":61,"param_name":"dropout","param_value_internal":0.2642544462288372,"distribution":"{\"name\": \"FloatDistribution\", \"attributes\": {\"step\": null, \"low\": 0.0, \"high\": 0.5, \"log\": false}}"}
{"op_code":5,"worker_id":"4cb3a8ca-43d3-427b-b747-33328c71e05e-140193173047104","trial_id":61,"param_name":"nodes","param_value_internal":0,"distribution":"{\"name\": \"CategoricalDistribution\", \"attributes\": {\"choices\": [[64, 64], [128, 64], [256, 128]]}}"}
{"op_code":6,"worker_id":"4cb3a8ca-43d3-427b-b747-33328c71e05e-140193173047104","trial_id":61,"state":1,"values":[0.8987201706439142],"datetime_complete":"2026-03-21T08:42:01.396532"}
{"op_code":0,"worker_id":"15e3f164-37a8-4844-8457-1e818cab18b1-140193173047104","study_name":"embedding_cox_tuning","directions":[2]}
{"op_code":4,"worker_id":"15e3f164-37a8-4844-8457-1e818cab18b1-140193173047104","study_id":0,"datetime_start":"2026-03-21T08:56:05.866394"}
{"op_code":5,"worker_id":"15e3f164-37a8-4844-8457-1e818cab18b1-140193173047104","trial_id":62,"param_name":"lr","param_value_internal":0.0003974835936205029,"distribution":"{\"name\": \"FloatDistribution\", \"attributes\": {\"step\": null, \"low\": 0.0001, \"high\": 0.1, \"log\": true}}"}
{"op_code":5,"worker_id":"15e3f164-37a8-4844-8457-1e818cab18b1-140193173047104","trial_id":62,"param_name":"dropout","param_value_internal":0.4288555540815115,"distribution":"{\"name\": \"FloatDistribution\", \"attributes\": {\"step\": null, \"low\": 0.0, \"high\": 0.5, \"log\": false}}"}
{"op_code":5,"worker_id":"15e3f164-37a8-4844-8457-1e818cab18b1-140193173047104","trial_id":62,"param_name":"nodes","param_value_internal":0,"distribution":"{\"name\": \"CategoricalDistribution\", \"attributes\": {\"choices\": [[64, 64], [128, 64], [256, 128]]}}"}
{"op_code":6,"worker_id":"15e3f164-37a8-4844-8457-1e818cab18b1-140193173047104","trial_id":62,"state":1,"values":[0.8725993236979881],"datetime_complete":"2026-03-21T08:56:11.219010"}
{"op_code":4,"worker_id":"15e3f164-37a8-4844-8457-1e818cab18b1-140193173047104","study_id":0,"datetime_start":"2026-03-21T08:56:11.250817"}
{"op_code":5,"worker_id":"15e3f164-37a8-4844-8457-1e818cab18b1-140193173047104","trial_id":63,"param_name":"lr","param_value_internal":0.00021302205282211075,"distribution":"{\"name\": \"FloatDistribution\", \"attributes\": {\"step\": null, \"low\": 0.0001, \"high\": 0.1, \"log\": true}}"}
{"op_code":5,"worker_id":"15e3f164-37a8-4844-8457-1e818cab18b1-140193173047104","trial_id":63,"param_name":"dropout","param_value_internal":0.22619268851282984,"distribution":"{\"name\": \"FloatDistribution\", \"attributes\": {\"step\": null, \"low\": 0.0, \"high\": 0.5, \"log\": false}}"}
{"op_code":5,"worker_id":"15e3f164-37a8-4844-8457-1e818cab18b1-140193173047104","trial_id":63,"param_name":"nodes","param_value_internal":0,"distribution":"{\"name\": \"CategoricalDistribution\", \"attributes\": {\"choices\": [[64, 64], [128, 64], [256, 128]]}}"}
{"op_code":6,"worker_id":"15e3f164-37a8-4844-8457-1e818cab18b1-140193173047104","trial_id":63,"state":1,"values":[0.895630148969227],"datetime_complete":"2026-03-21T08:56:16.480731"}
{"op_code":4,"worker_id":"15e3f164-37a8-4844-8457-1e818cab18b1-140193173047104","study_id":0,"datetime_start":"2026-03-21T08:56:16.511652"}
{"op_code":5,"worker_id":"15e3f164-37a8-4844-8457-1e818cab18b1-140193173047104","trial_id":64,"param_name":"lr","param_value_internal":0.0002683470459586352,"distribution":"{\"name\": \"FloatDistribution\", \"attributes\": {\"step\": null, \"low\": 0.0001, \"high\": 0.1, \"log\": true}}"}
{"op_code":5,"worker_id":"15e3f164-37a8-4844-8457-1e818cab18b1-140193173047104","trial_id":64,"param_name":"dropout","param_value_internal":0.2353483616353697,"distribution":"{\"name\": \"FloatDistribution\", \"attributes\": {\"step\": null, \"low\": 0.0, \"high\": 0.5, \"log\": false}}"}
{"op_code":5,"worker_id":"15e3f164-37a8-4844-8457-1e818cab18b1-140193173047104","trial_id":64,"param_name":"nodes","param_value_internal":0,"distribution":"{\"name\": \"CategoricalDistribution\", \"attributes\": {\"choices\": [[64, 64], [128, 64], [256, 128]]}}"}
{"op_code":6,"worker_id":"15e3f164-37a8-4844-8457-1e818cab18b1-140193173047104","trial_id":64,"state":1,"values":[0.8675205305967908],"datetime_complete":"2026-03-21T08:56:21.894861"}
{"op_code":4,"worker_id":"15e3f164-37a8-4844-8457-1e818cab18b1-140193173047104","study_id":0,"datetime_start":"2026-03-21T08:56:21.912325"}
{"op_code":5,"worker_id":"15e3f164-37a8-4844-8457-1e818cab18b1-140193173047104","trial_id":65,"param_name":"lr","param_value_internal":0.00019883346914202158,"distribution":"{\"name\": \"FloatDistribution\", \"attributes\": {\"step\": null, \"low\": 0.0001, \"high\": 0.1, \"log\": true}}"}
{"op_code":5,"worker_id":"15e3f164-37a8-4844-8457-1e818cab18b1-140193173047104","trial_id":65,"param_name":"dropout","param_value_internal":0.16389361774372277,"distribution":"{\"name\": \"FloatDistribution\", \"attributes\": {\"step\": null, \"low\": 0.0, \"high\": 0.5, \"log\": false}}"}
{"op_code":5,"worker_id":"15e3f164-37a8-4844-8457-1e818cab18b1-140193173047104","trial_id":65,"param_name":"nodes","param_value_internal":0,"distribution":"{\"name\": \"CategoricalDistribution\", \"attributes\": {\"choices\": [[64, 64], [128, 64], [256, 128]]}}"}
{"op_code":6,"worker_id":"15e3f164-37a8-4844-8457-1e818cab18b1-140193173047104","trial_id":65,"state":1,"values":[0.8782264697818338],"datetime_complete":"2026-03-21T08:56:27.159068"}
{"op_code":4,"worker_id":"15e3f164-37a8-4844-8457-1e818cab18b1-140193173047104","study_id":0,"datetime_start":"2026-03-21T08:56:27.181072"}
{"op_code":5,"worker_id":"15e3f164-37a8-4844-8457-1e818cab18b1-140193173047104","trial_id":66,"param_name":"lr","param_value_internal":0.0001363931972482713,"distribution":"{\"name\": \"FloatDistribution\", \"attributes\": {\"step\": null, \"low\": 0.0001, \"high\": 0.1, \"log\": true}}"}
{"op_code":5,"worker_id":"15e3f164-37a8-4844-8457-1e818cab18b1-140193173047104","trial_id":66,"param_name":"dropout","param_value_internal":0.4561019146017114,"distribution":"{\"name\": \"FloatDistribution\", \"attributes\": {\"step\": null, \"low\": 0.0, \"high\": 0.5, \"log\": false}}"}
{"op_code":5,"worker_id":"15e3f164-37a8-4844-8457-1e818cab18b1-140193173047104","trial_id":66,"param_name":"nodes","param_value_internal":0,"distribution":"{\"name\": \"CategoricalDistribution\", \"attributes\": {\"choices\": [[64, 64], [128, 64], [256, 128]]}}"}
{"op_code":6,"worker_id":"15e3f164-37a8-4844-8457-1e818cab18b1-140193173047104","trial_id":66,"state":1,"values":[0.8821171647539593],"datetime_complete":"2026-03-21T08:56:32.447712"}
{"op_code":4,"worker_id":"15e3f164-37a8-4844-8457-1e818cab18b1-140193173047104","study_id":0,"datetime_start":"2026-03-21T08:56:32.471922"}
{"op_code":5,"worker_id":"15e3f164-37a8-4844-8457-1e818cab18b1-140193173047104","trial_id":67,"param_name":"lr","param_value_internal":0.008802475375618356,"distribution":"{\"name\": \"FloatDistribution\", \"attributes\": {\"step\": null, \"low\": 0.0001, \"high\": 0.1, \"log\": true}}"}
{"op_code":5,"worker_id":"15e3f164-37a8-4844-8457-1e818cab18b1-140193173047104","trial_id":67,"param_name":"dropout","param_value_internal":0.2842912961602225,"distribution":"{\"name\": \"FloatDistribution\", \"attributes\": {\"step\": null, \"low\": 0.0, \"high\": 0.5, \"log\": false}}"}
{"op_code":5,"worker_id":"15e3f164-37a8-4844-8457-1e818cab18b1-140193173047104","trial_id":67,"param_name":"nodes","param_value_internal":0,"distribution":"{\"name\": \"CategoricalDistribution\", \"attributes\": {\"choices\": [[64, 64], [128, 64], [256, 128]]}}"}
{"op_code":6,"worker_id":"15e3f164-37a8-4844-8457-1e818cab18b1-140193173047104","trial_id":67,"state":1,"values":[0.8842714086143643],"datetime_complete":"2026-03-21T08:56:37.773065"}
{"op_code":4,"worker_id":"15e3f164-37a8-4844-8457-1e818cab18b1-140193173047104","study_id":0,"datetime_start":"2026-03-21T08:56:37.792251"}
{"op_code":5,"worker_id":"15e3f164-37a8-4844-8457-1e818cab18b1-140193173047104","trial_id":68,"param_name":"lr","param_value_internal":0.0006334274558001307,"distribution":"{\"name\": \"FloatDistribution\", \"attributes\": {\"step\": null, \"low\": 0.0001, \"high\": 0.1, \"log\": true}}"}
{"op_code":5,"worker_id":"15e3f164-37a8-4844-8457-1e818cab18b1-140193173047104","trial_id":68,"param_name":"dropout","param_value_internal":0.4805955324459329,"distribution":"{\"name\": \"FloatDistribution\", \"attributes\": {\"step\": null, \"low\": 0.0, \"high\": 0.5, \"log\": false}}"}
{"op_code":5,"worker_id":"15e3f164-37a8-4844-8457-1e818cab18b1-140193173047104","trial_id":68,"param_name":"nodes","param_value_internal":0,"distribution":"{\"name\": \"CategoricalDistribution\", \"attributes\": {\"choices\": [[64, 64], [128, 64], [256, 128]]}}"}
{"op_code":6,"worker_id":"15e3f164-37a8-4844-8457-1e818cab18b1-140193173047104","trial_id":68,"state":1,"values":[0.8768033632316269],"datetime_complete":"2026-03-21T08:56:42.993110"}
{"op_code":4,"worker_id":"15e3f164-37a8-4844-8457-1e818cab18b1-140193173047104","study_id":0,"datetime_start":"2026-03-21T08:56:43.022068"}
{"op_code":5,"worker_id":"15e3f164-37a8-4844-8457-1e818cab18b1-140193173047104","trial_id":69,"param_name":"lr","param_value_internal":0.0003265291681361113,"distribution":"{\"name\": \"FloatDistribution\", \"attributes\": {\"step\": null, \"low\": 0.0001, \"high\": 0.1, \"log\": true}}"}
{"op_code":5,"worker_id":"15e3f164-37a8-4844-8457-1e818cab18b1-140193173047104","trial_id":69,"param_name":"dropout","param_value_internal":0.34487338814172247,"distribution":"{\"name\": \"FloatDistribution\", \"attributes\": {\"step\": null, \"low\": 0.0, \"high\": 0.5, \"log\": false}}"}
{"op_code":5,"worker_id":"15e3f164-37a8-4844-8457-1e818cab18b1-140193173047104","trial_id":69,"param_name":"nodes","param_value_internal":0,"distribution":"{\"name\": \"CategoricalDistribution\", \"attributes\": {\"choices\": [[64, 64], [128, 64], [256, 128]]}}"}
{"op_code":6,"worker_id":"15e3f164-37a8-4844-8457-1e818cab18b1-140193173047104","trial_id":69,"state":1,"values":[0.8686955727024663],"datetime_complete":"2026-03-21T08:56:48.330595"}
{"op_code":4,"worker_id":"15e3f164-37a8-4844-8457-1e818cab18b1-140193173047104","study_id":0,"datetime_start":"2026-03-21T08:56:48.351997"}
{"op_code":5,"worker_id":"15e3f164-37a8-4844-8457-1e818cab18b1-140193173047104","trial_id":70,"param_name":"lr","param_value_internal":0.00011941871491616739,"distribution":"{\"name\": \"FloatDistribution\", \"attributes\": {\"step\": null, \"low\": 0.0001, \"high\": 0.1, \"log\": true}}"}
{"op_code":5,"worker_id":"15e3f164-37a8-4844-8457-1e818cab18b1-140193173047104","trial_id":70,"param_name":"dropout","param_value_internal":0.20679911807135876,"distribution":"{\"name\": \"FloatDistribution\", \"attributes\": {\"step\": null, \"low\": 0.0, \"high\": 0.5, \"log\": false}}"}
{"op_code":5,"worker_id":"15e3f164-37a8-4844-8457-1e818cab18b1-140193173047104","trial_id":70,"param_name":"nodes","param_value_internal":0,"distribution":"{\"name\": \"CategoricalDistribution\", \"attributes\": {\"choices\": [[64, 64], [128, 64], [256, 128]]}}"}
{"op_code":6,"worker_id":"15e3f164-37a8-4844-8457-1e818cab18b1-140193173047104","trial_id":70,"state":1,"values":[0.8791403914195814],"datetime_complete":"2026-03-21T08:56:53.603188"}
{"op_code":4,"worker_id":"15e3f164-37a8-4844-8457-1e818cab18b1-140193173047104","study_id":0,"datetime_start":"2026-03-21T08:56:53.624233"}
{"op_code":5,"worker_id":"15e3f164-37a8-4844-8457-1e818cab18b1-140193173047104","trial_id":71,"param_name":"lr","param_value_internal":0.00018086597412612766,"distribution":"{\"name\": \"FloatDistribution\", \"attributes\": {\"step\": null, \"low\": 0.0001, \"high\": 0.1, \"log\": true}}"}
{"op_code":5,"worker_id":"15e3f164-37a8-4844-8457-1e818cab18b1-140193173047104","trial_id":71,"param_name":"dropout","param_value_internal":0.2517025625408535,"distribution":"{\"name\": \"FloatDistribution\", \"attributes\": {\"step\": null, \"low\": 0.0, \"high\": 0.5, \"log\": false}}"}
{"op_code":5,"worker_id":"15e3f164-37a8-4844-8457-1e818cab18b1-140193173047104","trial_id":71,"param_name":"nodes","param_value_internal":2,"distribution":"{\"name\": \"CategoricalDistribution\", \"attributes\": {\"choices\": [[64, 64], [128, 64], [256, 128]]}}"}
{"op_code":6,"worker_id":"15e3f164-37a8-4844-8457-1e818cab18b1-140193173047104","trial_id":71,"state":1,"values":[0.8877704228845978],"datetime_complete":"2026-03-21T08:56:58.916446"}
{"op_code":0,"worker_id":"17f0bd5d-eb97-42ba-a920-a47b0500a78d-140193173047104","study_name":"embedding_cox_tuning","directions":[2]}
{"op_code":4,"worker_id":"17f0bd5d-eb97-42ba-a920-a47b0500a78d-140193173047104","study_id":0,"datetime_start":"2026-03-21T09:11:09.014107"}
{"op_code":5,"worker_id":"17f0bd5d-eb97-42ba-a920-a47b0500a78d-140193173047104","trial_id":72,"param_name":"lr","param_value_internal":0.0004662782734683888,"distribution":"{\"name\": \"FloatDistribution\", \"attributes\": {\"step\": null, \"low\": 0.0001, \"high\": 0.1, \"log\": true}}"}
{"op_code":5,"worker_id":"17f0bd5d-eb97-42ba-a920-a47b0500a78d-140193173047104","trial_id":72,"param_name":"dropout","param_value_internal":0.498950956420093,"distribution":"{\"name\": \"FloatDistribution\", \"attributes\": {\"step\": null, \"low\": 0.0, \"high\": 0.5, \"log\": false}}"}
{"op_code":5,"worker_id":"17f0bd5d-eb97-42ba-a920-a47b0500a78d-140193173047104","trial_id":72,"param_name":"nodes","param_value_internal":1,"distribution":"{\"name\": \"CategoricalDistribution\", \"attributes\": {\"choices\": [[64, 64], [128, 64], [256, 128]]}}"}
{"op_code":6,"worker_id":"17f0bd5d-eb97-42ba-a920-a47b0500a78d-140193173047104","trial_id":72,"state":1,"values":[0.8846093932549264],"datetime_complete":"2026-03-21T09:11:14.311650"}
{"op_code":4,"worker_id":"17f0bd5d-eb97-42ba-a920-a47b0500a78d-140193173047104","study_id":0,"datetime_start":"2026-03-21T09:11:14.337348"}
{"op_code":5,"worker_id":"17f0bd5d-eb97-42ba-a920-a47b0500a78d-140193173047104","trial_id":73,"param_name":"lr","param_value_internal":0.0001183200711070787,"distribution":"{\"name\": \"FloatDistribution\", \"attributes\": {\"step\": null, \"low\": 0.0001, \"high\": 0.1, \"log\": true}}"}
{"op_code":5,"worker_id":"17f0bd5d-eb97-42ba-a920-a47b0500a78d-140193173047104","trial_id":73,"param_name":"dropout","param_value_internal":0.31841113448125474,"distribution":"{\"name\": \"FloatDistribution\", \"attributes\": {\"step\": null, \"low\": 0.0, \"high\": 0.5, \"log\": false}}"}
{"op_code":5,"worker_id":"17f0bd5d-eb97-42ba-a920-a47b0500a78d-140193173047104","trial_id":73,"param_name":"nodes","param_value_internal":0,"distribution":"{\"name\": \"CategoricalDistribution\", \"attributes\": {\"choices\": [[64, 64], [128, 64], [256, 128]]}}"}
{"op_code":6,"worker_id":"17f0bd5d-eb97-42ba-a920-a47b0500a78d-140193173047104","trial_id":73,"state":1,"values":[0.883142508502739],"datetime_complete":"2026-03-21T09:11:19.615347"}
{"op_code":4,"worker_id":"17f0bd5d-eb97-42ba-a920-a47b0500a78d-140193173047104","study_id":0,"datetime_start":"2026-03-21T09:11:19.641298"}
{"op_code":5,"worker_id":"17f0bd5d-eb97-42ba-a920-a47b0500a78d-140193173047104","trial_id":74,"param_name":"lr","param_value_internal":0.00023139202993730212,"distribution":"{\"name\": \"FloatDistribution\", \"attributes\": {\"step\": null, \"low\": 0.0001, \"high\": 0.1, \"log\": true}}"}
{"op_code":5,"worker_id":"17f0bd5d-eb97-42ba-a920-a47b0500a78d-140193173047104","trial_id":74,"param_name":"dropout","param_value_internal":0.41097890557457495,"distribution":"{\"name\": \"FloatDistribution\", \"attributes\": {\"step\": null, \"low\": 0.0, \"high\": 0.5, \"log\": false}}"}
{"op_code":5,"worker_id":"17f0bd5d-eb97-42ba-a920-a47b0500a78d-140193173047104","trial_id":74,"param_name":"nodes","param_value_internal":0,"distribution":"{\"name\": \"CategoricalDistribution\", \"attributes\": {\"choices\": [[64, 64], [128, 64], [256, 128]]}}"}
{"op_code":6,"worker_id":"17f0bd5d-eb97-42ba-a920-a47b0500a78d-140193173047104","trial_id":74,"state":1,"values":[0.880637121271127],"datetime_complete":"2026-03-21T09:11:24.994028"}
{"op_code":4,"worker_id":"17f0bd5d-eb97-42ba-a920-a47b0500a78d-140193173047104","study_id":0,"datetime_start":"2026-03-21T09:11:25.020922"}
{"op_code":5,"worker_id":"17f0bd5d-eb97-42ba-a920-a47b0500a78d-140193173047104","trial_id":75,"param_name":"lr","param_value_internal":0.00015948673514595255,"distribution":"{\"name\": \"FloatDistribution\", \"attributes\": {\"step\": null, \"low\": 0.0001, \"high\": 0.1, \"log\": true}}"}
{"op_code":5,"worker_id":"17f0bd5d-eb97-42ba-a920-a47b0500a78d-140193173047104","trial_id":75,"param_name":"dropout","param_value_internal":0.37484793449766246,"distribution":"{\"name\": \"FloatDistribution\", \"attributes\": {\"step\": null, \"low\": 0.0, \"high\": 0.5, \"log\": false}}"}
{"op_code":5,"worker_id":"17f0bd5d-eb97-42ba-a920-a47b0500a78d-140193173047104","trial_id":75,"param_name":"nodes","param_value_internal":0,"distribution":"{\"name\": \"CategoricalDistribution\", \"attributes\": {\"choices\": [[64, 64], [128, 64], [256, 128]]}}"}
{"op_code":6,"worker_id":"17f0bd5d-eb97-42ba-a920-a47b0500a78d-140193173047104","trial_id":75,"state":1,"values":[0.8799750759404938],"datetime_complete":"2026-03-21T09:11:30.229653"}
{"op_code":4,"worker_id":"17f0bd5d-eb97-42ba-a920-a47b0500a78d-140193173047104","study_id":0,"datetime_start":"2026-03-21T09:11:30.255737"}
{"op_code":5,"worker_id":"17f0bd5d-eb97-42ba-a920-a47b0500a78d-140193173047104","trial_id":76,"param_name":"lr","param_value_internal":0.00030342682059212624,"distribution":"{\"name\": \"FloatDistribution\", \"attributes\": {\"step\": null, \"low\": 0.0001, \"high\": 0.1, \"log\": true}}"}
{"op_code":5,"worker_id":"17f0bd5d-eb97-42ba-a920-a47b0500a78d-140193173047104","trial_id":76,"param_name":"dropout","param_value_internal":0.4017824980829182,"distribution":"{\"name\": \"FloatDistribution\", \"attributes\": {\"step\": null, \"low\": 0.0, \"high\": 0.5, \"log\": false}}"}
{"op_code":5,"worker_id":"17f0bd5d-eb97-42ba-a920-a47b0500a78d-140193173047104","trial_id":76,"param_name":"nodes","param_value_internal":0,"distribution":"{\"name\": \"CategoricalDistribution\", \"attributes\": {\"choices\": [[64, 64], [128, 64], [256, 128]]}}"}
{"op_code":6,"worker_id":"17f0bd5d-eb97-42ba-a920-a47b0500a78d-140193173047104","trial_id":76,"state":1,"values":[0.8948775865202379],"datetime_complete":"2026-03-21T09:11:35.569498"}
{"op_code":4,"worker_id":"17f0bd5d-eb97-42ba-a920-a47b0500a78d-140193173047104","study_id":0,"datetime_start":"2026-03-21T09:11:35.595596"}
{"op_code":5,"worker_id":"17f0bd5d-eb97-42ba-a920-a47b0500a78d-140193173047104","trial_id":77,"param_name":"lr","param_value_internal":0.0002313345860692736,"distribution":"{\"name\": \"FloatDistribution\", \"attributes\": {\"step\": null, \"low\": 0.0001, \"high\": 0.1, \"log\": true}}"}
{"op_code":5,"worker_id":"17f0bd5d-eb97-42ba-a920-a47b0500a78d-140193173047104","trial_id":77,"param_name":"dropout","param_value_internal":0.35957224873663307,"distribution":"{\"name\": \"FloatDistribution\", \"attributes\": {\"step\": null, \"low\": 0.0, \"high\": 0.5, \"log\": false}}"}
{"op_code":5,"worker_id":"17f0bd5d-eb97-42ba-a920-a47b0500a78d-140193173047104","trial_id":77,"param_name":"nodes","param_value_internal":0,"distribution":"{\"name\": \"CategoricalDistribution\", \"attributes\": {\"choices\": [[64, 64], [128, 64], [256, 128]]}}"}
{"op_code":6,"worker_id":"17f0bd5d-eb97-42ba-a920-a47b0500a78d-140193173047104","trial_id":77,"state":1,"values":[0.8950593244541372],"datetime_complete":"2026-03-21T09:11:40.899619"}
{"op_code":4,"worker_id":"17f0bd5d-eb97-42ba-a920-a47b0500a78d-140193173047104","study_id":0,"datetime_start":"2026-03-21T09:11:40.918010"}
{"op_code":5,"worker_id":"17f0bd5d-eb97-42ba-a920-a47b0500a78d-140193173047104","trial_id":78,"param_name":"lr","param_value_internal":0.00010823372107176984,"distribution":"{\"name\": \"FloatDistribution\", \"attributes\": {\"step\": null, \"low\": 0.0001, \"high\": 0.1, \"log\": true}}"}
{"op_code":5,"worker_id":"17f0bd5d-eb97-42ba-a920-a47b0500a78d-140193173047104","trial_id":78,"param_name":"dropout","param_value_internal":0.32959343847873646,"distribution":"{\"name\": \"FloatDistribution\", \"attributes\": {\"step\": null, \"low\": 0.0, \"high\": 0.5, \"log\": false}}"}
{"op_code":5,"worker_id":"17f0bd5d-eb97-42ba-a920-a47b0500a78d-140193173047104","trial_id":78,"param_name":"nodes","param_value_internal":0,"distribution":"{\"name\": \"CategoricalDistribution\", \"attributes\": {\"choices\": [[64, 64], [128, 64], [256, 128]]}}"}
{"op_code":6,"worker_id":"17f0bd5d-eb97-42ba-a920-a47b0500a78d-140193173047104","trial_id":78,"state":1,"values":[0.8712776176753122],"datetime_complete":"2026-03-21T09:11:46.210769"}
{"op_code":4,"worker_id":"17f0bd5d-eb97-42ba-a920-a47b0500a78d-140193173047104","study_id":0,"datetime_start":"2026-03-21T09:11:46.230890"}
{"op_code":5,"worker_id":"17f0bd5d-eb97-42ba-a920-a47b0500a78d-140193173047104","trial_id":79,"param_name":"lr","param_value_internal":0.00017082781426625758,"distribution":"{\"name\": \"FloatDistribution\", \"attributes\": {\"step\": null, \"low\": 0.0001, \"high\": 0.1, \"log\": true}}"}
{"op_code":5,"worker_id":"17f0bd5d-eb97-42ba-a920-a47b0500a78d-140193173047104","trial_id":79,"param_name":"dropout","param_value_internal":0.2871061317586203,"distribution":"{\"name\": \"FloatDistribution\", \"attributes\": {\"step\": null, \"low\": 0.0, \"high\": 0.5, \"log\": false}}"}
{"op_code":5,"worker_id":"17f0bd5d-eb97-42ba-a920-a47b0500a78d-140193173047104","trial_id":79,"param_name":"nodes","param_value_internal":0,"distribution":"{\"name\": \"CategoricalDistribution\", \"attributes\": {\"choices\": [[64, 64], [128, 64], [256, 128]]}}"}
{"op_code":6,"worker_id":"17f0bd5d-eb97-42ba-a920-a47b0500a78d-140193173047104","trial_id":79,"state":1,"values":[0.8948775865202379],"datetime_complete":"2026-03-21T09:11:51.441268"}
{"op_code":4,"worker_id":"17f0bd5d-eb97-42ba-a920-a47b0500a78d-140193173047104","study_id":0,"datetime_start":"2026-03-21T09:11:51.474153"}
{"op_code":5,"worker_id":"17f0bd5d-eb97-42ba-a920-a47b0500a78d-140193173047104","trial_id":80,"param_name":"lr","param_value_internal":0.0004004048211101307,"distribution":"{\"name\": \"FloatDistribution\", \"attributes\": {\"step\": null, \"low\": 0.0001, \"high\": 0.1, \"log\": true}}"}
{"op_code":5,"worker_id":"17f0bd5d-eb97-42ba-a920-a47b0500a78d-140193173047104","trial_id":80,"param_name":"dropout","param_value_internal":0.4395619107140222,"distribution":"{\"name\": \"FloatDistribution\", \"attributes\": {\"step\": null, \"low\": 0.0, \"high\": 0.5, \"log\": false}}"}
{"op_code":5,"worker_id":"17f0bd5d-eb97-42ba-a920-a47b0500a78d-140193173047104","trial_id":80,"param_name":"nodes","param_value_internal":0,"distribution":"{\"name\": \"CategoricalDistribution\", \"attributes\": {\"choices\": [[64, 64], [128, 64], [256, 128]]}}"}
{"op_code":6,"worker_id":"17f0bd5d-eb97-42ba-a920-a47b0500a78d-140193173047104","trial_id":80,"state":1,"values":[0.8949165303632163],"datetime_complete":"2026-03-21T09:11:56.749949"}
{"op_code":4,"worker_id":"17f0bd5d-eb97-42ba-a920-a47b0500a78d-140193173047104","study_id":0,"datetime_start":"2026-03-21T09:11:56.774527"}
{"op_code":5,"worker_id":"17f0bd5d-eb97-42ba-a920-a47b0500a78d-140193173047104","trial_id":81,"param_name":"lr","param_value_internal":0.00010192208750711408,"distribution":"{\"name\": \"FloatDistribution\", \"attributes\": {\"step\": null, \"low\": 0.0001, \"high\": 0.1, \"log\": true}}"}
{"op_code":5,"worker_id":"17f0bd5d-eb97-42ba-a920-a47b0500a78d-140193173047104","trial_id":81,"param_name":"dropout","param_value_internal":0.47400708091300675,"distribution":"{\"name\": \"FloatDistribution\", \"attributes\": {\"step\": null, \"low\": 0.0, \"high\": 0.5, \"log\": false}}"}
{"op_code":5,"worker_id":"17f0bd5d-eb97-42ba-a920-a47b0500a78d-140193173047104","trial_id":81,"param_name":"nodes","param_value_internal":0,"distribution":"{\"name\": \"CategoricalDistribution\", \"attributes\": {\"choices\": [[64, 64], [128, 64], [256, 128]]}}"}
{"op_code":6,"worker_id":"17f0bd5d-eb97-42ba-a920-a47b0500a78d-140193173047104","trial_id":81,"state":1,"values":[0.8840511981722357],"datetime_complete":"2026-03-21T09:12:01.984938"}
{"op_code":0,"worker_id":"71031c16-8ef2-46bc-9aa3-59f7492cdf6e-140193173047104","study_name":"embedding_cox_tuning","directions":[2]}
{"op_code":4,"worker_id":"71031c16-8ef2-46bc-9aa3-59f7492cdf6e-140193173047104","study_id":0,"datetime_start":"2026-03-21T09:26:05.735314"}
{"op_code":5,"worker_id":"71031c16-8ef2-46bc-9aa3-59f7492cdf6e-140193173047104","trial_id":82,"param_name":"lr","param_value_internal":0.0038032223653724365,"distribution":"{\"name\": \"FloatDistribution\", \"attributes\": {\"step\": null, \"low\": 0.0001, \"high\": 0.1, \"log\": true}}"}
{"op_code":5,"worker_id":"71031c16-8ef2-46bc-9aa3-59f7492cdf6e-140193173047104","trial_id":82,"param_name":"dropout","param_value_internal":0.45061070738027936,"distribution":"{\"name\": \"FloatDistribution\", \"attributes\": {\"step\": null, \"low\": 0.0, \"high\": 0.5, \"log\": false}}"}
{"op_code":5,"worker_id":"71031c16-8ef2-46bc-9aa3-59f7492cdf6e-140193173047104","trial_id":82,"param_name":"nodes","param_value_internal":2,"distribution":"{\"name\": \"CategoricalDistribution\", \"attributes\": {\"choices\": [[64, 64], [128, 64], [256, 128]]}}"}
{"op_code":6,"worker_id":"71031c16-8ef2-46bc-9aa3-59f7492cdf6e-140193173047104","trial_id":82,"state":1,"values":[0.8780570100348658],"datetime_complete":"2026-03-21T09:26:49.835445"}
{"op_code":4,"worker_id":"71031c16-8ef2-46bc-9aa3-59f7492cdf6e-140193173047104","study_id":0,"datetime_start":"2026-03-21T09:26:51.396706"}
{"op_code":5,"worker_id":"71031c16-8ef2-46bc-9aa3-59f7492cdf6e-140193173047104","trial_id":83,"param_name":"lr","param_value_internal":0.00013704109335423023,"distribution":"{\"name\": \"FloatDistribution\", \"attributes\": {\"step\": null, \"low\": 0.0001, \"high\": 0.1, \"log\": true}}"}
{"op_code":5,"worker_id":"71031c16-8ef2-46bc-9aa3-59f7492cdf6e-140193173047104","trial_id":83,"param_name":"dropout","param_value_internal":0.21540449029171033,"distribution":"{\"name\": \"FloatDistribution\", \"attributes\": {\"step\": null, \"low\": 0.0, \"high\": 0.5, \"log\": false}}"}
{"op_code":5,"worker_id":"71031c16-8ef2-46bc-9aa3-59f7492cdf6e-140193173047104","trial_id":83,"param_name":"nodes","param_value_internal":0,"distribution":"{\"name\": \"CategoricalDistribution\", \"attributes\": {\"choices\": [[64, 64], [128, 64], [256, 128]]}}"}
{"op_code":6,"worker_id":"71031c16-8ef2-46bc-9aa3-59f7492cdf6e-140193173047104","trial_id":83,"state":1,"values":[0.8632983841741543],"datetime_complete":"2026-03-21T09:26:56.738730"}
{"op_code":4,"worker_id":"71031c16-8ef2-46bc-9aa3-59f7492cdf6e-140193173047104","study_id":0,"datetime_start":"2026-03-21T09:26:56.963061"}
{"op_code":5,"worker_id":"71031c16-8ef2-46bc-9aa3-59f7492cdf6e-140193173047104","trial_id":84,"param_name":"lr","param_value_internal":0.00027392222656023765,"distribution":"{\"name\": \"FloatDistribution\", \"attributes\": {\"step\": null, \"low\": 0.0001, \"high\": 0.1, \"log\": true}}"}
{"op_code":5,"worker_id":"71031c16-8ef2-46bc-9aa3-59f7492cdf6e-140193173047104","trial_id":84,"param_name":"dropout","param_value_internal":0.18664450121833503,"distribution":"{\"name\": \"FloatDistribution\", \"attributes\": {\"step\": null, \"low\": 0.0, \"high\": 0.5, \"log\": false}}"}
{"op_code":5,"worker_id":"71031c16-8ef2-46bc-9aa3-59f7492cdf6e-140193173047104","trial_id":84,"param_name":"nodes","param_value_internal":0,"distribution":"{\"name\": \"CategoricalDistribution\", \"attributes\": {\"choices\": [[64, 64], [128, 64], [256, 128]]}}"}
{"op_code":6,"worker_id":"71031c16-8ef2-46bc-9aa3-59f7492cdf6e-140193173047104","trial_id":84,"state":1,"values":[0.8780695067544769],"datetime_complete":"2026-03-21T09:27:09.902904"}
{"op_code":4,"worker_id":"71031c16-8ef2-46bc-9aa3-59f7492cdf6e-140193173047104","study_id":0,"datetime_start":"2026-03-21T09:27:14.089780"}
{"op_code":5,"worker_id":"71031c16-8ef2-46bc-9aa3-59f7492cdf6e-140193173047104","trial_id":85,"param_name":"lr","param_value_internal":0.00015719611135208062,"distribution":"{\"name\": \"FloatDistribution\", \"attributes\": {\"step\": null, \"low\": 0.0001, \"high\": 0.1, \"log\": true}}"}
{"op_code":5,"worker_id":"71031c16-8ef2-46bc-9aa3-59f7492cdf6e-140193173047104","trial_id":85,"param_name":"dropout","param_value_internal":0.19624356443854268,"distribution":"{\"name\": \"FloatDistribution\", \"attributes\": {\"step\": null, \"low\": 0.0, \"high\": 0.5, \"log\": false}}"}
{"op_code":5,"worker_id":"71031c16-8ef2-46bc-9aa3-59f7492cdf6e-140193173047104","trial_id":85,"param_name":"nodes","param_value_internal":0,"distribution":"{\"name\": \"CategoricalDistribution\", \"attributes\": {\"choices\": [[64, 64], [128, 64], [256, 128]]}}"}
{"op_code":6,"worker_id":"71031c16-8ef2-46bc-9aa3-59f7492cdf6e-140193173047104","trial_id":85,"state":1,"values":[0.8647105134902088],"datetime_complete":"2026-03-21T09:27:19.378710"}
{"op_code":4,"worker_id":"71031c16-8ef2-46bc-9aa3-59f7492cdf6e-140193173047104","study_id":0,"datetime_start":"2026-03-21T09:27:19.400290"}
{"op_code":5,"worker_id":"71031c16-8ef2-46bc-9aa3-59f7492cdf6e-140193173047104","trial_id":86,"param_name":"lr","param_value_internal":0.00010051119029712144,"distribution":"{\"name\": \"FloatDistribution\", \"attributes\": {\"step\": null, \"low\": 0.0001, \"high\": 0.1, \"log\": true}}"}
{"op_code":5,"worker_id":"71031c16-8ef2-46bc-9aa3-59f7492cdf6e-140193173047104","trial_id":86,"param_name":"dropout","param_value_internal":0.24684315412662144,"distribution":"{\"name\": \"FloatDistribution\", \"attributes\": {\"step\": null, \"low\": 0.0, \"high\": 0.5, \"log\": false}}"}
{"op_code":5,"worker_id":"71031c16-8ef2-46bc-9aa3-59f7492cdf6e-140193173047104","trial_id":86,"param_name":"nodes","param_value_internal":0,"distribution":"{\"name\": \"CategoricalDistribution\", \"attributes\": {\"choices\": [[64, 64], [128, 64], [256, 128]]}}"}
{"op_code":6,"worker_id":"71031c16-8ef2-46bc-9aa3-59f7492cdf6e-140193173047104","trial_id":86,"state":1,"values":[0.8673973082065958],"datetime_complete":"2026-03-21T09:27:24.653657"}
{"op_code":4,"worker_id":"71031c16-8ef2-46bc-9aa3-59f7492cdf6e-140193173047104","study_id":0,"datetime_start":"2026-03-21T09:27:24.672663"}
{"op_code":5,"worker_id":"71031c16-8ef2-46bc-9aa3-59f7492cdf6e-140193173047104","trial_id":87,"param_name":"lr","param_value_internal":0.00019768691797848276,"distribution":"{\"name\": \"FloatDistribution\", \"attributes\": {\"step\": null, \"low\": 0.0001, \"high\": 0.1, \"log\": true}}"}
{"op_code":5,"worker_id":"71031c16-8ef2-46bc-9aa3-59f7492cdf6e-140193173047104","trial_id":87,"param_name":"dropout","param_value_internal":0.4162932558170374,"distribution":"{\"name\": \"FloatDistribution\", \"attributes\": {\"step\": null, \"low\": 0.0, \"high\": 0.5, \"log\": false}}"}
{"op_code":5,"worker_id":"71031c16-8ef2-46bc-9aa3-59f7492cdf6e-140193173047104","trial_id":87,"param_name":"nodes","param_value_internal":0,"distribution":"{\"name\": \"CategoricalDistribution\", \"attributes\": {\"choices\": [[64, 64], [128, 64], [256, 128]]}}"}
{"op_code":6,"worker_id":"71031c16-8ef2-46bc-9aa3-59f7492cdf6e-140193173047104","trial_id":87,"state":1,"values":[0.8675347721223179],"datetime_complete":"2026-03-21T09:27:30.047961"}
{"op_code":4,"worker_id":"71031c16-8ef2-46bc-9aa3-59f7492cdf6e-140193173047104","study_id":0,"datetime_start":"2026-03-21T09:27:30.061873"}
{"op_code":5,"worker_id":"71031c16-8ef2-46bc-9aa3-59f7492cdf6e-140193173047104","trial_id":88,"param_name":"lr","param_value_internal":0.00012517754443704175,"distribution":"{\"name\": \"FloatDistribution\", \"attributes\": {\"step\": null, \"low\": 0.0001, \"high\": 0.1, \"log\": true}}"}
{"op_code":5,"worker_id":"71031c16-8ef2-46bc-9aa3-59f7492cdf6e-140193173047104","trial_id":88,"param_name":"dropout","param_value_internal":0.3937437921447296,"distribution":"{\"name\": \"FloatDistribution\", \"attributes\": {\"step\": null, \"low\": 0.0, \"high\": 0.5, \"log\": false}}"}
{"op_code":5,"worker_id":"71031c16-8ef2-46bc-9aa3-59f7492cdf6e-140193173047104","trial_id":88,"param_name":"nodes","param_value_internal":1,"distribution":"{\"name\": \"CategoricalDistribution\", \"attributes\": {\"choices\": [[64, 64], [128, 64], [256, 128]]}}"}
{"op_code":6,"worker_id":"71031c16-8ef2-46bc-9aa3-59f7492cdf6e-140193173047104","trial_id":88,"state":1,"values":[0.8688219342422614],"datetime_complete":"2026-03-21T09:27:35.356011"}
{"op_code":4,"worker_id":"71031c16-8ef2-46bc-9aa3-59f7492cdf6e-140193173047104","study_id":0,"datetime_start":"2026-03-21T09:27:35.377727"}
{"op_code":5,"worker_id":"71031c16-8ef2-46bc-9aa3-59f7492cdf6e-140193173047104","trial_id":89,"param_name":"lr","param_value_internal":0.0003610216826284286,"distribution":"{\"name\": \"FloatDistribution\", \"attributes\": {\"step\": null, \"low\": 0.0001, \"high\": 0.1, \"log\": true}}"}
{"op_code":5,"worker_id":"71031c16-8ef2-46bc-9aa3-59f7492cdf6e-140193173047104","trial_id":89,"param_name":"dropout","param_value_internal":0.14963061803524969,"distribution":"{\"name\": \"FloatDistribution\", \"attributes\": {\"step\": null, \"low\": 0.0, \"high\": 0.5, \"log\": false}}"}
{"op_code":5,"worker_id":"71031c16-8ef2-46bc-9aa3-59f7492cdf6e-140193173047104","trial_id":89,"param_name":"nodes","param_value_internal":0,"distribution":"{\"name\": \"CategoricalDistribution\", \"attributes\": {\"choices\": [[64, 64], [128, 64], [256, 128]]}}"}
{"op_code":6,"worker_id":"71031c16-8ef2-46bc-9aa3-59f7492cdf6e-140193173047104","trial_id":89,"state":1,"values":[0.8765074168030892],"datetime_complete":"2026-03-21T09:27:40.637142"}
{"op_code":4,"worker_id":"71031c16-8ef2-46bc-9aa3-59f7492cdf6e-140193173047104","study_id":0,"datetime_start":"2026-03-21T09:27:40.664706"}
{"op_code":5,"worker_id":"71031c16-8ef2-46bc-9aa3-59f7492cdf6e-140193173047104","trial_id":90,"param_name":"lr","param_value_internal":0.0006827496560158784,"distribution":"{\"name\": \"FloatDistribution\", \"attributes\": {\"step\": null, \"low\": 0.0001, \"high\": 0.1, \"log\": true}}"}
{"op_code":5,"worker_id":"71031c16-8ef2-46bc-9aa3-59f7492cdf6e-140193173047104","trial_id":90,"param_name":"dropout","param_value_internal":0.12298770241066889,"distribution":"{\"name\": \"FloatDistribution\", \"attributes\": {\"step\": null, \"low\": 0.0, \"high\": 0.5, \"log\": false}}"}
{"op_code":5,"worker_id":"71031c16-8ef2-46bc-9aa3-59f7492cdf6e-140193173047104","trial_id":90,"param_name":"nodes","param_value_internal":0,"distribution":"{\"name\": \"CategoricalDistribution\", \"attributes\": {\"choices\": [[64, 64], [128, 64], [256, 128]]}}"}
{"op_code":6,"worker_id":"71031c16-8ef2-46bc-9aa3-59f7492cdf6e-140193173047104","trial_id":90,"state":1,"values":[0.8767448544757002],"datetime_complete":"2026-03-21T09:27:45.915582"}
{"op_code":4,"worker_id":"71031c16-8ef2-46bc-9aa3-59f7492cdf6e-140193173047104","study_id":0,"datetime_start":"2026-03-21T09:27:45.940079"}
{"op_code":5,"worker_id":"71031c16-8ef2-46bc-9aa3-59f7492cdf6e-140193173047104","trial_id":91,"param_name":"lr","param_value_internal":0.0005418914999247681,"distribution":"{\"name\": \"FloatDistribution\", \"attributes\": {\"step\": null, \"low\": 0.0001, \"high\": 0.1, \"log\": true}}"}
{"op_code":5,"worker_id":"71031c16-8ef2-46bc-9aa3-59f7492cdf6e-140193173047104","trial_id":91,"param_name":"dropout","param_value_internal":0.2693919241735999,"distribution":"{\"name\": \"FloatDistribution\", \"attributes\": {\"step\": null, \"low\": 0.0, \"high\": 0.5, \"log\": false}}"}
{"op_code":5,"worker_id":"71031c16-8ef2-46bc-9aa3-59f7492cdf6e-140193173047104","trial_id":91,"param_name":"nodes","param_value_internal":0,"distribution":"{\"name\": \"CategoricalDistribution\", \"attributes\": {\"choices\": [[64, 64], [128, 64], [256, 128]]}}"}
{"op_code":6,"worker_id":"71031c16-8ef2-46bc-9aa3-59f7492cdf6e-140193173047104","trial_id":91,"state":1,"values":[0.8737581384886467],"datetime_complete":"2026-03-21T09:27:51.277482"}
{"op_code":0,"worker_id":"05ed84c2-281e-4a1d-8af8-e433943d1ddf-140193173047104","study_name":"embedding_cox_tuning","directions":[2]}
{"op_code":4,"worker_id":"05ed84c2-281e-4a1d-8af8-e433943d1ddf-140193173047104","study_id":0,"datetime_start":"2026-03-21T09:41:05.789039"}
{"op_code":5,"worker_id":"05ed84c2-281e-4a1d-8af8-e433943d1ddf-140193173047104","trial_id":92,"param_name":"lr","param_value_internal":0.00046455621756223806,"distribution":"{\"name\": \"FloatDistribution\", \"attributes\": {\"step\": null, \"low\": 0.0001, \"high\": 0.1, \"log\": true}}"}
{"op_code":5,"worker_id":"05ed84c2-281e-4a1d-8af8-e433943d1ddf-140193173047104","trial_id":92,"param_name":"dropout","param_value_internal":0.43241558491025933,"distribution":"{\"name\": \"FloatDistribution\", \"attributes\": {\"step\": null, \"low\": 0.0, \"high\": 0.5, \"log\": false}}"}
{"op_code":5,"worker_id":"05ed84c2-281e-4a1d-8af8-e433943d1ddf-140193173047104","trial_id":92,"param_name":"nodes","param_value_internal":0,"distribution":"{\"name\": \"CategoricalDistribution\", \"attributes\": {\"choices\": [[64, 64], [128, 64], [256, 128]]}}"}
{"op_code":6,"worker_id":"05ed84c2-281e-4a1d-8af8-e433943d1ddf-140193173047104","trial_id":92,"state":1,"values":[0.8669639114363019],"datetime_complete":"2026-03-21T09:41:11.069052"}
{"op_code":4,"worker_id":"05ed84c2-281e-4a1d-8af8-e433943d1ddf-140193173047104","study_id":0,"datetime_start":"2026-03-21T09:41:11.088433"}
{"op_code":5,"worker_id":"05ed84c2-281e-4a1d-8af8-e433943d1ddf-140193173047104","trial_id":93,"param_name":"lr","param_value_internal":0.0001448965492492555,"distribution":"{\"name\": \"FloatDistribution\", \"attributes\": {\"step\": null, \"low\": 0.0001, \"high\": 0.1, \"log\": true}}"}
{"op_code":5,"worker_id":"05ed84c2-281e-4a1d-8af8-e433943d1ddf-140193173047104","trial_id":93,"param_name":"dropout","param_value_internal":0.06708923374903843,"distribution":"{\"name\": \"FloatDistribution\", \"attributes\": {\"step\": null, \"low\": 0.0, \"high\": 0.5, \"log\": false}}"}
{"op_code":5,"worker_id":"05ed84c2-281e-4a1d-8af8-e433943d1ddf-140193173047104","trial_id":93,"param_name":"nodes","param_value_internal":1,"distribution":"{\"name\": \"CategoricalDistribution\", \"attributes\": {\"choices\": [[64, 64], [128, 64], [256, 128]]}}"}
{"op_code":6,"worker_id":"05ed84c2-281e-4a1d-8af8-e433943d1ddf-140193173047104","trial_id":93,"state":1,"values":[0.8742171919261207],"datetime_complete":"2026-03-21T09:41:16.432347"}
{"op_code":4,"worker_id":"05ed84c2-281e-4a1d-8af8-e433943d1ddf-140193173047104","study_id":0,"datetime_start":"2026-03-21T09:41:19.454950"}
{"op_code":5,"worker_id":"05ed84c2-281e-4a1d-8af8-e433943d1ddf-140193173047104","trial_id":94,"param_name":"lr","param_value_internal":0.00012634503239799765,"distribution":"{\"name\": \"FloatDistribution\", \"attributes\": {\"step\": null, \"low\": 0.0001, \"high\": 0.1, \"log\": true}}"}
{"op_code":5,"worker_id":"05ed84c2-281e-4a1d-8af8-e433943d1ddf-140193173047104","trial_id":94,"param_name":"dropout","param_value_internal":0.08939906414494367,"distribution":"{\"name\": \"FloatDistribution\", \"attributes\": {\"step\": null, \"low\": 0.0, \"high\": 0.5, \"log\": false}}"}
{"op_code":5,"worker_id":"05ed84c2-281e-4a1d-8af8-e433943d1ddf-140193173047104","trial_id":94,"param_name":"nodes","param_value_internal":1,"distribution":"{\"name\": \"CategoricalDistribution\", \"attributes\": {\"choices\": [[64, 64], [128, 64], [256, 128]]}}"}
{"op_code":6,"worker_id":"05ed84c2-281e-4a1d-8af8-e433943d1ddf-140193173047104","trial_id":94,"state":1,"values":[0.8819785831332647],"datetime_complete":"2026-03-21T09:41:24.779576"}
{"op_code":4,"worker_id":"05ed84c2-281e-4a1d-8af8-e433943d1ddf-140193173047104","study_id":0,"datetime_start":"2026-03-21T09:41:46.938979"}
{"op_code":5,"worker_id":"05ed84c2-281e-4a1d-8af8-e433943d1ddf-140193173047104","trial_id":95,"param_name":"lr","param_value_internal":0.00023412902731981882,"distribution":"{\"name\": \"FloatDistribution\", \"attributes\": {\"step\": null, \"low\": 0.0001, \"high\": 0.1, \"log\": true}}"}
{"op_code":5,"worker_id":"05ed84c2-281e-4a1d-8af8-e433943d1ddf-140193173047104","trial_id":95,"param_name":"dropout","param_value_internal":0.0828620330961065,"distribution":"{\"name\": \"FloatDistribution\", \"attributes\": {\"step\": null, \"low\": 0.0, \"high\": 0.5, \"log\": false}}"}
{"op_code":5,"worker_id":"05ed84c2-281e-4a1d-8af8-e433943d1ddf-140193173047104","trial_id":95,"param_name":"nodes","param_value_internal":1,"distribution":"{\"name\": \"CategoricalDistribution\", \"attributes\": {\"choices\": [[64, 64], [128, 64], [256, 128]]}}"}
{"op_code":6,"worker_id":"05ed84c2-281e-4a1d-8af8-e433943d1ddf-140193173047104","trial_id":95,"state":1,"values":[0.8776088309642671],"datetime_complete":"2026-03-21T09:41:52.263537"}
{"op_code":4,"worker_id":"05ed84c2-281e-4a1d-8af8-e433943d1ddf-140193173047104","study_id":0,"datetime_start":"2026-03-21T09:41:52.295862"}
{"op_code":5,"worker_id":"05ed84c2-281e-4a1d-8af8-e433943d1ddf-140193173047104","trial_id":96,"param_name":"lr","param_value_internal":0.00016951505331325723,"distribution":"{\"name\": \"FloatDistribution\", \"attributes\": {\"step\": null, \"low\": 0.0001, \"high\": 0.1, \"log\": true}}"}
{"op_code":5,"worker_id":"05ed84c2-281e-4a1d-8af8-e433943d1ddf-140193173047104","trial_id":96,"param_name":"dropout","param_value_internal":0.04077638036121953,"distribution":"{\"name\": \"FloatDistribution\", \"attributes\": {\"step\": null, \"low\": 0.0, \"high\": 0.5, \"log\": false}}"}
{"op_code":5,"worker_id":"05ed84c2-281e-4a1d-8af8-e433943d1ddf-140193173047104","trial_id":96,"param_name":"nodes","param_value_internal":1,"distribution":"{\"name\": \"CategoricalDistribution\", \"attributes\": {\"choices\": [[64, 64], [128, 64], [256, 128]]}}"}
{"op_code":6,"worker_id":"05ed84c2-281e-4a1d-8af8-e433943d1ddf-140193173047104","trial_id":96,"state":1,"values":[0.898670020197401],"datetime_complete":"2026-03-21T09:41:57.585945"}
{"op_code":4,"worker_id":"05ed84c2-281e-4a1d-8af8-e433943d1ddf-140193173047104","study_id":0,"datetime_start":"2026-03-21T09:41:57.608640"}
{"op_code":5,"worker_id":"05ed84c2-281e-4a1d-8af8-e433943d1ddf-140193173047104","trial_id":97,"param_name":"lr","param_value_internal":0.00020494085198722453,"distribution":"{\"name\": \"FloatDistribution\", \"attributes\": {\"step\": null, \"low\": 0.0001, \"high\": 0.1, \"log\": true}}"}
{"op_code":5,"worker_id":"05ed84c2-281e-4a1d-8af8-e433943d1ddf-140193173047104","trial_id":97,"param_name":"dropout","param_value_internal":0.3470293210728778,"distribution":"{\"name\": \"FloatDistribution\", \"attributes\": {\"step\": null, \"low\": 0.0, \"high\": 0.5, \"log\": false}}"}
{"op_code":5,"worker_id":"05ed84c2-281e-4a1d-8af8-e433943d1ddf-140193173047104","trial_id":97,"param_name":"nodes","param_value_internal":1,"distribution":"{\"name\": \"CategoricalDistribution\", \"attributes\": {\"choices\": [[64, 64], [128, 64], [256, 128]]}}"}
{"op_code":6,"worker_id":"05ed84c2-281e-4a1d-8af8-e433943d1ddf-140193173047104","trial_id":97,"state":1,"values":[0.8712447442297677],"datetime_complete":"2026-03-21T09:42:02.879488"}
{"op_code":4,"worker_id":"05ed84c2-281e-4a1d-8af8-e433943d1ddf-140193173047104","study_id":0,"datetime_start":"2026-03-21T09:42:02.908771"}
{"op_code":5,"worker_id":"05ed84c2-281e-4a1d-8af8-e433943d1ddf-140193173047104","trial_id":98,"param_name":"lr","param_value_internal":0.00031410613808856573,"distribution":"{\"name\": \"FloatDistribution\", \"attributes\": {\"step\": null, \"low\": 0.0001, \"high\": 0.1, \"log\": true}}"}
{"op_code":5,"worker_id":"05ed84c2-281e-4a1d-8af8-e433943d1ddf-140193173047104","trial_id":98,"param_name":"dropout","param_value_internal":0.160889030030666,"distribution":"{\"name\": \"FloatDistribution\", \"attributes\": {\"step\": null, \"low\": 0.0, \"high\": 0.5, \"log\": false}}"}
{"op_code":5,"worker_id":"05ed84c2-281e-4a1d-8af8-e433943d1ddf-140193173047104","trial_id":98,"param_name":"nodes","param_value_internal":0,"distribution":"{\"name\": \"CategoricalDistribution\", \"attributes\": {\"choices\": [[64, 64], [128, 64], [256, 128]]}}"}
{"op_code":6,"worker_id":"05ed84c2-281e-4a1d-8af8-e433943d1ddf-140193173047104","trial_id":98,"state":1,"values":[0.8805050620530214],"datetime_complete":"2026-03-21T09:42:08.160594"}
{"op_code":4,"worker_id":"05ed84c2-281e-4a1d-8af8-e433943d1ddf-140193173047104","study_id":0,"datetime_start":"2026-03-21T09:42:08.337774"}
{"op_code":5,"worker_id":"05ed84c2-281e-4a1d-8af8-e433943d1ddf-140193173047104","trial_id":99,"param_name":"lr","param_value_internal":0.00011476907655554298,"distribution":"{\"name\": \"FloatDistribution\", \"attributes\": {\"step\": null, \"low\": 0.0001, \"high\": 0.1, \"log\": true}}"}
{"op_code":5,"worker_id":"05ed84c2-281e-4a1d-8af8-e433943d1ddf-140193173047104","trial_id":99,"param_name":"dropout","param_value_internal":0.46007536735973037,"distribution":"{\"name\": \"FloatDistribution\", \"attributes\": {\"step\": null, \"low\": 0.0, \"high\": 0.5, \"log\": false}}"}
{"op_code":5,"worker_id":"05ed84c2-281e-4a1d-8af8-e433943d1ddf-140193173047104","trial_id":99,"param_name":"nodes","param_value_internal":0,"distribution":"{\"name\": \"CategoricalDistribution\", \"attributes\": {\"choices\": [[64, 64], [128, 64], [256, 128]]}}"}
{"op_code":6,"worker_id":"05ed84c2-281e-4a1d-8af8-e433943d1ddf-140193173047104","trial_id":99,"state":1,"values":[0.8482146259669983],"datetime_complete":"2026-03-21T09:42:17.659266"}
{"op_code":4,"worker_id":"05ed84c2-281e-4a1d-8af8-e433943d1ddf-140193173047104","study_id":0,"datetime_start":"2026-03-21T09:42:17.674789"}
{"op_code":5,"worker_id":"05ed84c2-281e-4a1d-8af8-e433943d1ddf-140193173047104","trial_id":100,"param_name":"lr","param_value_internal":0.0009102931576075237,"distribution":"{\"name\": \"FloatDistribution\", \"attributes\": {\"step\": null, \"low\": 0.0001, \"high\": 0.1, \"log\": true}}"}
{"op_code":5,"worker_id":"05ed84c2-281e-4a1d-8af8-e433943d1ddf-140193173047104","trial_id":100,"param_name":"dropout","param_value_internal":0.295505468977716,"distribution":"{\"name\": \"FloatDistribution\", \"attributes\": {\"step\": null, \"low\": 0.0, \"high\": 0.5, \"log\": false}}"}
{"op_code":5,"worker_id":"05ed84c2-281e-4a1d-8af8-e433943d1ddf-140193173047104","trial_id":100,"param_name":"nodes","param_value_internal":0,"distribution":"{\"name\": \"CategoricalDistribution\", \"attributes\": {\"choices\": [[64, 64], [128, 64], [256, 128]]}}"}
{"op_code":6,"worker_id":"05ed84c2-281e-4a1d-8af8-e433943d1ddf-140193173047104","trial_id":100,"state":1,"values":[0.8647155215121375],"datetime_complete":"2026-03-21T09:42:22.931242"}
{"op_code":4,"worker_id":"05ed84c2-281e-4a1d-8af8-e433943d1ddf-140193173047104","study_id":0,"datetime_start":"2026-03-21T09:42:22.951553"}
{"op_code":5,"worker_id":"05ed84c2-281e-4a1d-8af8-e433943d1ddf-140193173047104","trial_id":101,"param_name":"lr","param_value_internal":0.00026645480442531413,"distribution":"{\"name\": \"FloatDistribution\", \"attributes\": {\"step\": null, \"low\": 0.0001, \"high\": 0.1, \"log\": true}}"}
{"op_code":5,"worker_id":"05ed84c2-281e-4a1d-8af8-e433943d1ddf-140193173047104","trial_id":101,"param_name":"dropout","param_value_internal":0.19896832133102427,"distribution":"{\"name\": \"FloatDistribution\", \"attributes\": {\"step\": null, \"low\": 0.0, \"high\": 0.5, \"log\": false}}"}
{"op_code":5,"worker_id":"05ed84c2-281e-4a1d-8af8-e433943d1ddf-140193173047104","trial_id":101,"param_name":"nodes","param_value_internal":2,"distribution":"{\"name\": \"CategoricalDistribution\", \"attributes\": {\"choices\": [[64, 64], [128, 64], [256, 128]]}}"}
{"op_code":6,"worker_id":"05ed84c2-281e-4a1d-8af8-e433943d1ddf-140193173047104","trial_id":101,"state":1,"values":[0.875398549343902],"datetime_complete":"2026-03-21T09:42:28.162358"}
{"op_code":0,"worker_id":"97311801-bd29-457d-bc6d-e86ecfab3a77-140193173047104","study_name":"embedding_cox_tuning","directions":[2]}
{"op_code":4,"worker_id":"97311801-bd29-457d-bc6d-e86ecfab3a77-140193173047104","study_id":0,"datetime_start":"2026-03-21T09:59:18.769530"}
{"op_code":5,"worker_id":"97311801-bd29-457d-bc6d-e86ecfab3a77-140193173047104","trial_id":102,"param_name":"lr","param_value_internal":0.0001478325495458213,"distribution":"{\"name\": \"FloatDistribution\", \"attributes\": {\"step\": null, \"low\": 0.0001, \"high\": 0.1, \"log\": true}}"}
{"op_code":5,"worker_id":"97311801-bd29-457d-bc6d-e86ecfab3a77-140193173047104","trial_id":102,"param_name":"dropout","param_value_internal":0.22906921223594987,"distribution":"{\"name\": \"FloatDistribution\", \"attributes\": {\"step\": null, \"low\": 0.0, \"high\": 0.5, \"log\": false}}"}
{"op_code":5,"worker_id":"97311801-bd29-457d-bc6d-e86ecfab3a77-140193173047104","trial_id":102,"param_name":"nodes","param_value_internal":0,"distribution":"{\"name\": \"CategoricalDistribution\", \"attributes\": {\"choices\": [[64, 64], [128, 64], [256, 128]]}}"}
{"op_code":6,"worker_id":"97311801-bd29-457d-bc6d-e86ecfab3a77-140193173047104","trial_id":102,"state":1,"values":[0.8314864667459672],"datetime_complete":"2026-03-21T10:01:00.514114"}
{"op_code":4,"worker_id":"97311801-bd29-457d-bc6d-e86ecfab3a77-140193173047104","study_id":0,"datetime_start":"2026-03-21T10:01:03.052887"}
{"op_code":5,"worker_id":"97311801-bd29-457d-bc6d-e86ecfab3a77-140193173047104","trial_id":103,"param_name":"lr","param_value_internal":0.004584952591125658,"distribution":"{\"name\": \"FloatDistribution\", \"attributes\": {\"step\": null, \"low\": 0.0001, \"high\": 0.1, \"log\": true}}"}
{"op_code":5,"worker_id":"97311801-bd29-457d-bc6d-e86ecfab3a77-140193173047104","trial_id":103,"param_name":"dropout","param_value_internal":0.4510411121142819,"distribution":"{\"name\": \"FloatDistribution\", \"attributes\": {\"step\": null, \"low\": 0.0, \"high\": 0.5, \"log\": false}}"}
{"op_code":5,"worker_id":"97311801-bd29-457d-bc6d-e86ecfab3a77-140193173047104","trial_id":103,"param_name":"nodes","param_value_internal":2,"distribution":"{\"name\": \"CategoricalDistribution\", \"attributes\": {\"choices\": [[64, 64], [128, 64], [256, 128]]}}"}
{"op_code":6,"worker_id":"97311801-bd29-457d-bc6d-e86ecfab3a77-140193173047104","trial_id":103,"state":1,"values":[0.8522298044616958],"datetime_complete":"2026-03-21T10:01:08.432163"}
{"op_code":4,"worker_id":"97311801-bd29-457d-bc6d-e86ecfab3a77-140193173047104","study_id":0,"datetime_start":"2026-03-21T10:01:08.461110"}
{"op_code":5,"worker_id":"97311801-bd29-457d-bc6d-e86ecfab3a77-140193173047104","trial_id":104,"param_name":"lr","param_value_internal":0.002054768939963552,"distribution":"{\"name\": \"FloatDistribution\", \"attributes\": {\"step\": null, \"low\": 0.0001, \"high\": 0.1, \"log\": true}}"}
{"op_code":5,"worker_id":"97311801-bd29-457d-bc6d-e86ecfab3a77-140193173047104","trial_id":104,"param_name":"dropout","param_value_internal":0.43824270275554694,"distribution":"{\"name\": \"FloatDistribution\", \"attributes\": {\"step\": null, \"low\": 0.0, \"high\": 0.5, \"log\": false}}"}
{"op_code":5,"worker_id":"97311801-bd29-457d-bc6d-e86ecfab3a77-140193173047104","trial_id":104,"param_name":"nodes","param_value_internal":2,"distribution":"{\"name\": \"CategoricalDistribution\", \"attributes\": {\"choices\": [[64, 64], [128, 64], [256, 128]]}}"}
{"op_code":6,"worker_id":"97311801-bd29-457d-bc6d-e86ecfab3a77-140193173047104","trial_id":104,"state":1,"values":[0.8516454850894217],"datetime_complete":"2026-03-21T10:01:13.749917"}
{"op_code":4,"worker_id":"97311801-bd29-457d-bc6d-e86ecfab3a77-140193173047104","study_id":0,"datetime_start":"2026-03-21T10:01:17.435062"}
{"op_code":5,"worker_id":"97311801-bd29-457d-bc6d-e86ecfab3a77-140193173047104","trial_id":105,"param_name":"lr","param_value_internal":0.0025441109071517656,"distribution":"{\"name\": \"FloatDistribution\", \"attributes\": {\"step\": null, \"low\": 0.0001, \"high\": 0.1, \"log\": true}}"}
{"op_code":5,"worker_id":"97311801-bd29-457d-bc6d-e86ecfab3a77-140193173047104","trial_id":105,"param_name":"dropout","param_value_internal":0.4218899162272217,"distribution":"{\"name\": \"FloatDistribution\", \"attributes\": {\"step\": null, \"low\": 0.0, \"high\": 0.5, \"log\": false}}"}
{"op_code":5,"worker_id":"97311801-bd29-457d-bc6d-e86ecfab3a77-140193173047104","trial_id":105,"param_name":"nodes","param_value_internal":2,"distribution":"{\"name\": \"CategoricalDistribution\", \"attributes\": {\"choices\": [[64, 64], [128, 64], [256, 128]]}}"}
{"op_code":6,"worker_id":"97311801-bd29-457d-bc6d-e86ecfab3a77-140193173047104","trial_id":105,"state":1,"values":[0.8620797595943154],"datetime_complete":"2026-03-21T10:01:26.657898"}
{"op_code":4,"worker_id":"97311801-bd29-457d-bc6d-e86ecfab3a77-140193173047104","study_id":0,"datetime_start":"2026-03-21T10:01:26.777881"}
{"op_code":5,"worker_id":"97311801-bd29-457d-bc6d-e86ecfab3a77-140193173047104","trial_id":106,"param_name":"lr","param_value_internal":0.06641347179408696,"distribution":"{\"name\": \"FloatDistribution\", \"attributes\": {\"step\": null, \"low\": 0.0001, \"high\": 0.1, \"log\": true}}"}
{"op_code":5,"worker_id":"97311801-bd29-457d-bc6d-e86ecfab3a77-140193173047104","trial_id":106,"param_name":"dropout","param_value_internal":0.3718372684816725,"distribution":"{\"name\": \"FloatDistribution\", \"attributes\": {\"step\": null, \"low\": 0.0, \"high\": 0.5, \"log\": false}}"}
{"op_code":5,"worker_id":"97311801-bd29-457d-bc6d-e86ecfab3a77-140193173047104","trial_id":106,"param_name":"nodes","param_value_internal":2,"distribution":"{\"name\": \"CategoricalDistribution\", \"attributes\": {\"choices\": [[64, 64], [128, 64], [256, 128]]}}"}
{"op_code":6,"worker_id":"97311801-bd29-457d-bc6d-e86ecfab3a77-140193173047104","trial_id":106,"state":1,"values":[0.8309021473736931],"datetime_complete":"2026-03-21T10:01:32.121201"}
{"op_code":4,"worker_id":"97311801-bd29-457d-bc6d-e86ecfab3a77-140193173047104","study_id":0,"datetime_start":"2026-03-21T10:01:32.145349"}
{"op_code":5,"worker_id":"97311801-bd29-457d-bc6d-e86ecfab3a77-140193173047104","trial_id":107,"param_name":"lr","param_value_internal":0.003987351920498432,"distribution":"{\"name\": \"FloatDistribution\", \"attributes\": {\"step\": null, \"low\": 0.0001, \"high\": 0.1, \"log\": true}}"}
{"op_code":5,"worker_id":"97311801-bd29-457d-bc6d-e86ecfab3a77-140193173047104","trial_id":107,"param_name":"dropout","param_value_internal":0.48668500683068955,"distribution":"{\"name\": \"FloatDistribution\", \"attributes\": {\"step\": null, \"low\": 0.0, \"high\": 0.5, \"log\": false}}"}
{"op_code":5,"worker_id":"97311801-bd29-457d-bc6d-e86ecfab3a77-140193173047104","trial_id":107,"param_name":"nodes","param_value_internal":0,"distribution":"{\"name\": \"CategoricalDistribution\", \"attributes\": {\"choices\": [[64, 64], [128, 64], [256, 128]]}}"}
{"op_code":6,"worker_id":"97311801-bd29-457d-bc6d-e86ecfab3a77-140193173047104","trial_id":107,"state":1,"values":[0.8360358104301008],"datetime_complete":"2026-03-21T10:01:37.477222"}
{"op_code":4,"worker_id":"97311801-bd29-457d-bc6d-e86ecfab3a77-140193173047104","study_id":0,"datetime_start":"2026-03-21T10:01:37.498889"}
{"op_code":5,"worker_id":"97311801-bd29-457d-bc6d-e86ecfab3a77-140193173047104","trial_id":108,"param_name":"lr","param_value_internal":0.00045372255259996437,"distribution":"{\"name\": \"FloatDistribution\", \"attributes\": {\"step\": null, \"low\": 0.0001, \"high\": 0.1, \"log\": true}}"}
{"op_code":5,"worker_id":"97311801-bd29-457d-bc6d-e86ecfab3a77-140193173047104","trial_id":108,"param_name":"dropout","param_value_internal":0.4411678968034535,"distribution":"{\"name\": \"FloatDistribution\", \"attributes\": {\"step\": null, \"low\": 0.0, \"high\": 0.5, \"log\": false}}"}
{"op_code":5,"worker_id":"97311801-bd29-457d-bc6d-e86ecfab3a77-140193173047104","trial_id":108,"param_name":"nodes","param_value_internal":2,"distribution":"{\"name\": \"CategoricalDistribution\", \"attributes\": {\"choices\": [[64, 64], [128, 64], [256, 128]]}}"}
{"op_code":6,"worker_id":"97311801-bd29-457d-bc6d-e86ecfab3a77-140193173047104","trial_id":108,"state":1,"values":[0.8442162816419374],"datetime_complete":"2026-03-21T10:01:42.767214"}
{"op_code":4,"worker_id":"97311801-bd29-457d-bc6d-e86ecfab3a77-140193173047104","study_id":0,"datetime_start":"2026-03-21T10:01:42.789064"}
{"op_code":5,"worker_id":"97311801-bd29-457d-bc6d-e86ecfab3a77-140193173047104","trial_id":109,"param_name":"lr","param_value_internal":0.00019053685565482943,"distribution":"{\"name\": \"FloatDistribution\", \"attributes\": {\"step\": null, \"low\": 0.0001, \"high\": 0.1, \"log\": true}}"}
{"op_code":5,"worker_id":"97311801-bd29-457d-bc6d-e86ecfab3a77-140193173047104","trial_id":109,"param_name":"dropout","param_value_internal":0.25089439768291666,"distribution":"{\"name\": \"FloatDistribution\", \"attributes\": {\"step\": null, \"low\": 0.0, \"high\": 0.5, \"log\": false}}"}
{"op_code":5,"worker_id":"97311801-bd29-457d-bc6d-e86ecfab3a77-140193173047104","trial_id":109,"param_name":"nodes","param_value_internal":1,"distribution":"{\"name\": \"CategoricalDistribution\", \"attributes\": {\"choices\": [[64, 64], [128, 64], [256, 128]]}}"}
{"op_code":6,"worker_id":"97311801-bd29-457d-bc6d-e86ecfab3a77-140193173047104","trial_id":109,"state":1,"values":[0.842296375133037],"datetime_complete":"2026-03-21T10:01:48.020594"}
{"op_code":4,"worker_id":"97311801-bd29-457d-bc6d-e86ecfab3a77-140193173047104","study_id":0,"datetime_start":"2026-03-21T10:01:48.036028"}
{"op_code":5,"worker_id":"97311801-bd29-457d-bc6d-e86ecfab3a77-140193173047104","trial_id":110,"param_name":"lr","param_value_internal":0.00037033817363958964,"distribution":"{\"name\": \"FloatDistribution\", \"attributes\": {\"step\": null, \"low\": 0.0001, \"high\": 0.1, \"log\": true}}"}
{"op_code":5,"worker_id":"97311801-bd29-457d-bc6d-e86ecfab3a77-140193173047104","trial_id":110,"param_name":"dropout","param_value_internal":0.2197606680131143,"distribution":"{\"name\": \"FloatDistribution\", \"attributes\": {\"step\": null, \"low\": 0.0, \"high\": 0.5, \"log\": false}}"}
{"op_code":5,"worker_id":"97311801-bd29-457d-bc6d-e86ecfab3a77-140193173047104","trial_id":110,"param_name":"nodes","param_value_internal":0,"distribution":"{\"name\": \"CategoricalDistribution\", \"attributes\": {\"choices\": [[64, 64], [128, 64], [256, 128]]}}"}
{"op_code":6,"worker_id":"97311801-bd29-457d-bc6d-e86ecfab3a77-140193173047104","trial_id":110,"state":1,"values":[0.842108558191949],"datetime_complete":"2026-03-21T10:01:53.345435"}
{"op_code":4,"worker_id":"97311801-bd29-457d-bc6d-e86ecfab3a77-140193173047104","study_id":0,"datetime_start":"2026-03-21T10:02:01.653553"}
{"op_code":5,"worker_id":"97311801-bd29-457d-bc6d-e86ecfab3a77-140193173047104","trial_id":111,"param_name":"lr","param_value_internal":0.010362315824006464,"distribution":"{\"name\": \"FloatDistribution\", \"attributes\": {\"step\": null, \"low\": 0.0001, \"high\": 0.1, \"log\": true}}"}
{"op_code":5,"worker_id":"97311801-bd29-457d-bc6d-e86ecfab3a77-140193173047104","trial_id":111,"param_name":"dropout","param_value_internal":0.40195852423292844,"distribution":"{\"name\": \"FloatDistribution\", \"attributes\": {\"step\": null, \"low\": 0.0, \"high\": 0.5, \"log\": false}}"}
{"op_code":5,"worker_id":"97311801-bd29-457d-bc6d-e86ecfab3a77-140193173047104","trial_id":111,"param_name":"nodes","param_value_internal":0,"distribution":"{\"name\": \"CategoricalDistribution\", \"attributes\": {\"choices\": [[64, 64], [128, 64], [256, 128]]}}"}
{"op_code":6,"worker_id":"97311801-bd29-457d-bc6d-e86ecfab3a77-140193173047104","trial_id":111,"state":1,"values":[0.837976585488011],"datetime_complete":"2026-03-21T10:02:07.123766"}
{"op_code":0,"worker_id":"8db1a77e-774c-45de-ae46-986828ee17cd-140193173047104","study_name":"embedding_cox_tuning","directions":[2]}
{"op_code":4,"worker_id":"8db1a77e-774c-45de-ae46-986828ee17cd-140193173047104","study_id":0,"datetime_start":"2026-03-21T10:16:48.060734"}
{"op_code":5,"worker_id":"8db1a77e-774c-45de-ae46-986828ee17cd-140193173047104","trial_id":112,"param_name":"lr","param_value_internal":0.0069783046735574505,"distribution":"{\"name\": \"FloatDistribution\", \"attributes\": {\"step\": null, \"low\": 0.0001, \"high\": 0.1, \"log\": true}}"}
{"op_code":5,"worker_id":"8db1a77e-774c-45de-ae46-986828ee17cd-140193173047104","trial_id":112,"param_name":"dropout","param_value_internal":0.18044622739652114,"distribution":"{\"name\": \"FloatDistribution\", \"attributes\": {\"step\": null, \"low\": 0.0, \"high\": 0.5, \"log\": false}}"}
{"op_code":5,"worker_id":"8db1a77e-774c-45de-ae46-986828ee17cd-140193173047104","trial_id":112,"param_name":"nodes","param_value_internal":0,"distribution":"{\"name\": \"CategoricalDistribution\", \"attributes\": {\"choices\": [[64, 64], [128, 64], [256, 128]]}}"}
{"op_code":6,"worker_id":"8db1a77e-774c-45de-ae46-986828ee17cd-140193173047104","trial_id":112,"state":1,"values":[0.8582155477031802],"datetime_complete":"2026-03-21T10:16:53.313542"}
{"op_code":4,"worker_id":"8db1a77e-774c-45de-ae46-986828ee17cd-140193173047104","study_id":0,"datetime_start":"2026-03-21T10:16:53.333369"}
{"op_code":5,"worker_id":"8db1a77e-774c-45de-ae46-986828ee17cd-140193173047104","trial_id":113,"param_name":"lr","param_value_internal":0.0029074937798758394,"distribution":"{\"name\": \"FloatDistribution\", \"attributes\": {\"step\": null, \"low\": 0.0001, \"high\": 0.1, \"log\": true}}"}
{"op_code":5,"worker_id":"8db1a77e-774c-45de-ae46-986828ee17cd-140193173047104","trial_id":113,"param_name":"dropout","param_value_internal":0.46962952479744613,"distribution":"{\"name\": \"FloatDistribution\", \"attributes\": {\"step\": null, \"low\": 0.0, \"high\": 0.5, \"log\": false}}"}
{"op_code":5,"worker_id":"8db1a77e-774c-45de-ae46-986828ee17cd-140193173047104","trial_id":113,"param_name":"nodes","param_value_internal":0,"distribution":"{\"name\": \"CategoricalDistribution\", \"attributes\": {\"choices\": [[64, 64], [128, 64], [256, 128]]}}"}
{"op_code":6,"worker_id":"8db1a77e-774c-45de-ae46-986828ee17cd-140193173047104","trial_id":113,"state":1,"values":[0.85924617196702],"datetime_complete":"2026-03-21T10:16:58.557258"}
{"op_code":4,"worker_id":"8db1a77e-774c-45de-ae46-986828ee17cd-140193173047104","study_id":0,"datetime_start":"2026-03-21T10:16:58.578253"}
{"op_code":5,"worker_id":"8db1a77e-774c-45de-ae46-986828ee17cd-140193173047104","trial_id":114,"param_name":"lr","param_value_internal":0.00013472023811435225,"distribution":"{\"name\": \"FloatDistribution\", \"attributes\": {\"step\": null, \"low\": 0.0001, \"high\": 0.1, \"log\": true}}"}
{"op_code":5,"worker_id":"8db1a77e-774c-45de-ae46-986828ee17cd-140193173047104","trial_id":114,"param_name":"dropout","param_value_internal":0.0013581426064701307,"distribution":"{\"name\": \"FloatDistribution\", \"attributes\": {\"step\": null, \"low\": 0.0, \"high\": 0.5, \"log\": false}}"}
{"op_code":5,"worker_id":"8db1a77e-774c-45de-ae46-986828ee17cd-140193173047104","trial_id":114,"param_name":"nodes","param_value_internal":0,"distribution":"{\"name\": \"CategoricalDistribution\", \"attributes\": {\"choices\": [[64, 64], [128, 64], [256, 128]]}}"}
{"op_code":6,"worker_id":"8db1a77e-774c-45de-ae46-986828ee17cd-140193173047104","trial_id":114,"state":1,"values":[0.8796062594649167],"datetime_complete":"2026-03-21T10:17:03.946657"}
{"op_code":4,"worker_id":"8db1a77e-774c-45de-ae46-986828ee17cd-140193173047104","study_id":0,"datetime_start":"2026-03-21T10:17:03.959780"}
{"op_code":5,"worker_id":"8db1a77e-774c-45de-ae46-986828ee17cd-140193173047104","trial_id":115,"param_name":"lr","param_value_internal":0.00011511339301934943,"distribution":"{\"name\": \"FloatDistribution\", \"attributes\": {\"step\": null, \"low\": 0.0001, \"high\": 0.1, \"log\": true}}"}
{"op_code":5,"worker_id":"8db1a77e-774c-45de-ae46-986828ee17cd-140193173047104","trial_id":115,"param_name":"dropout","param_value_internal":0.39012010375892253,"distribution":"{\"name\": \"FloatDistribution\", \"attributes\": {\"step\": null, \"low\": 0.0, \"high\": 0.5, \"log\": false}}"}
{"op_code":5,"worker_id":"8db1a77e-774c-45de-ae46-986828ee17cd-140193173047104","trial_id":115,"param_name":"nodes","param_value_internal":0,"distribution":"{\"name\": \"CategoricalDistribution\", \"attributes\": {\"choices\": [[64, 64], [128, 64], [256, 128]]}}"}
{"op_code":6,"worker_id":"8db1a77e-774c-45de-ae46-986828ee17cd-140193173047104","trial_id":115,"state":1,"values":[0.8480144708059902],"datetime_complete":"2026-03-21T10:17:09.237526"}
{"op_code":4,"worker_id":"8db1a77e-774c-45de-ae46-986828ee17cd-140193173047104","study_id":0,"datetime_start":"2026-03-21T10:17:09.259211"}
{"op_code":5,"worker_id":"8db1a77e-774c-45de-ae46-986828ee17cd-140193173047104","trial_id":116,"param_name":"lr","param_value_internal":0.0001006407181737353,"distribution":"{\"name\": \"FloatDistribution\", \"attributes\": {\"step\": null, \"low\": 0.0001, \"high\": 0.1, \"log\": true}}"}
{"op_code":5,"worker_id":"8db1a77e-774c-45de-ae46-986828ee17cd-140193173047104","trial_id":116,"param_name":"dropout","param_value_internal":0.427157881960111,"distribution":"{\"name\": \"FloatDistribution\", \"attributes\": {\"step\": null, \"low\": 0.0, \"high\": 0.5, \"log\": false}}"}
{"op_code":5,"worker_id":"8db1a77e-774c-45de-ae46-986828ee17cd-140193173047104","trial_id":116,"param_name":"nodes","param_value_internal":0,"distribution":"{\"name\": \"CategoricalDistribution\", \"attributes\": {\"choices\": [[64, 64], [128, 64], [256, 128]]}}"}
{"op_code":6,"worker_id":"8db1a77e-774c-45de-ae46-986828ee17cd-140193173047104","trial_id":116,"state":1,"values":[0.8137725054686186],"datetime_complete":"2026-03-21T10:17:14.530996"}
{"op_code":4,"worker_id":"8db1a77e-774c-45de-ae46-986828ee17cd-140193173047104","study_id":0,"datetime_start":"2026-03-21T10:17:14.546478"}
{"op_code":5,"worker_id":"8db1a77e-774c-45de-ae46-986828ee17cd-140193173047104","trial_id":117,"param_name":"lr","param_value_internal":0.00016381552846269327,"distribution":"{\"name\": \"FloatDistribution\", \"attributes\": {\"step\": null, \"low\": 0.0001, \"high\": 0.1, \"log\": true}}"}
{"op_code":5,"worker_id":"8db1a77e-774c-45de-ae46-986828ee17cd-140193173047104","trial_id":117,"param_name":"dropout","param_value_internal":0.31768933072005684,"distribution":"{\"name\": \"FloatDistribution\", \"attributes\": {\"step\": null, \"low\": 0.0, \"high\": 0.5, \"log\": false}}"}
{"op_code":5,"worker_id":"8db1a77e-774c-45de-ae46-986828ee17cd-140193173047104","trial_id":117,"param_name":"nodes","param_value_internal":0,"distribution":"{\"name\": \"CategoricalDistribution\", \"attributes\": {\"choices\": [[64, 64], [128, 64], [256, 128]]}}"}
{"op_code":6,"worker_id":"8db1a77e-774c-45de-ae46-986828ee17cd-140193173047104","trial_id":117,"state":1,"values":[0.8296314992428067],"datetime_complete":"2026-03-21T10:17:19.880321"}
{"op_code":4,"worker_id":"8db1a77e-774c-45de-ae46-986828ee17cd-140193173047104","study_id":0,"datetime_start":"2026-03-21T10:17:19.907377"}
{"op_code":5,"worker_id":"8db1a77e-774c-45de-ae46-986828ee17cd-140193173047104","trial_id":118,"param_name":"lr","param_value_internal":0.00021581587511914293,"distribution":"{\"name\": \"FloatDistribution\", \"attributes\": {\"step\": null, \"low\": 0.0001, \"high\": 0.1, \"log\": true}}"}
{"op_code":5,"worker_id":"8db1a77e-774c-45de-ae46-986828ee17cd-140193173047104","trial_id":118,"param_name":"dropout","param_value_internal":0.41388301843771536,"distribution":"{\"name\": \"FloatDistribution\", \"attributes\": {\"step\": null, \"low\": 0.0, \"high\": 0.5, \"log\": false}}"}
{"op_code":5,"worker_id":"8db1a77e-774c-45de-ae46-986828ee17cd-140193173047104","trial_id":118,"param_name":"nodes","param_value_internal":0,"distribution":"{\"name\": \"CategoricalDistribution\", \"attributes\": {\"choices\": [[64, 64], [128, 64], [256, 128]]}}"}
{"op_code":6,"worker_id":"8db1a77e-774c-45de-ae46-986828ee17cd-140193173047104","trial_id":118,"state":1,"values":[0.8310196870267542],"datetime_complete":"2026-03-21T10:17:25.202462"}
{"op_code":4,"worker_id":"8db1a77e-774c-45de-ae46-986828ee17cd-140193173047104","study_id":0,"datetime_start":"2026-03-21T10:17:25.227588"}
{"op_code":5,"worker_id":"8db1a77e-774c-45de-ae46-986828ee17cd-140193173047104","trial_id":119,"param_name":"lr","param_value_internal":0.0002448338992930111,"distribution":"{\"name\": \"FloatDistribution\", \"attributes\": {\"step\": null, \"low\": 0.0001, \"high\": 0.1, \"log\": true}}"}
{"op_code":5,"worker_id":"8db1a77e-774c-45de-ae46-986828ee17cd-140193173047104","trial_id":119,"param_name":"dropout","param_value_internal":0.01731133019345968,"distribution":"{\"name\": \"FloatDistribution\", \"attributes\": {\"step\": null, \"low\": 0.0, \"high\": 0.5, \"log\": false}}"}
{"op_code":5,"worker_id":"8db1a77e-774c-45de-ae46-986828ee17cd-140193173047104","trial_id":119,"param_name":"nodes","param_value_internal":0,"distribution":"{\"name\": \"CategoricalDistribution\", \"attributes\": {\"choices\": [[64, 64], [128, 64], [256, 128]]}}"}
{"op_code":6,"worker_id":"8db1a77e-774c-45de-ae46-986828ee17cd-140193173047104","trial_id":119,"state":1,"values":[0.8637893319872119],"datetime_complete":"2026-03-21T10:17:30.818154"}
{"op_code":4,"worker_id":"8db1a77e-774c-45de-ae46-986828ee17cd-140193173047104","study_id":0,"datetime_start":"2026-03-21T10:17:30.839341"}
{"op_code":5,"worker_id":"8db1a77e-774c-45de-ae46-986828ee17cd-140193173047104","trial_id":120,"param_name":"lr","param_value_internal":0.00018172646196311503,"distribution":"{\"name\": \"FloatDistribution\", \"attributes\": {\"step\": null, \"low\": 0.0001, \"high\": 0.1, \"log\": true}}"}
{"op_code":5,"worker_id":"8db1a77e-774c-45de-ae46-986828ee17cd-140193173047104","trial_id":120,"param_name":"dropout","param_value_internal":0.13276347290319154,"distribution":"{\"name\": \"FloatDistribution\", \"attributes\": {\"step\": null, \"low\": 0.0, \"high\": 0.5, \"log\": false}}"}
{"op_code":5,"worker_id":"8db1a77e-774c-45de-ae46-986828ee17cd-140193173047104","trial_id":120,"param_name":"nodes","param_value_internal":0,"distribution":"{\"name\": \"CategoricalDistribution\", \"attributes\": {\"choices\": [[64, 64], [128, 64], [256, 128]]}}"}
{"op_code":6,"worker_id":"8db1a77e-774c-45de-ae46-986828ee17cd-140193173047104","trial_id":120,"state":1,"values":[0.8469417802456671],"datetime_complete":"2026-03-21T10:17:36.128721"}
{"op_code":4,"worker_id":"8db1a77e-774c-45de-ae46-986828ee17cd-140193173047104","study_id":0,"datetime_start":"2026-03-21T10:17:36.155395"}
{"op_code":5,"worker_id":"8db1a77e-774c-45de-ae46-986828ee17cd-140193173047104","trial_id":121,"param_name":"lr","param_value_internal":0.016227750370254198,"distribution":"{\"name\": \"FloatDistribution\", \"attributes\": {\"step\": null, \"low\": 0.0001, \"high\": 0.1, \"log\": true}}"}
{"op_code":5,"worker_id":"8db1a77e-774c-45de-ae46-986828ee17cd-140193173047104","trial_id":121,"param_name":"dropout","param_value_internal":0.368568860163849,"distribution":"{\"name\": \"FloatDistribution\", \"attributes\": {\"step\": null, \"low\": 0.0, \"high\": 0.5, \"log\": false}}"}
{"op_code":5,"worker_id":"8db1a77e-774c-45de-ae46-986828ee17cd-140193173047104","trial_id":121,"param_name":"nodes","param_value_internal":0,"distribution":"{\"name\": \"CategoricalDistribution\", \"attributes\": {\"choices\": [[64, 64], [128, 64], [256, 128]]}}"}
{"op_code":6,"worker_id":"8db1a77e-774c-45de-ae46-986828ee17cd-140193173047104","trial_id":121,"state":1,"values":[0.8281171125694093],"datetime_complete":"2026-03-21T10:17:41.522734"}
{"op_code":0,"worker_id":"0fa34da7-3755-464e-8203-0353012b80bf-140193173047104","study_name":"embedding_cox_tuning","directions":[2]}
{"op_code":4,"worker_id":"0fa34da7-3755-464e-8203-0353012b80bf-140193173047104","study_id":0,"datetime_start":"2026-03-21T10:32:35.464534"}
{"op_code":5,"worker_id":"0fa34da7-3755-464e-8203-0353012b80bf-140193173047104","trial_id":122,"param_name":"lr","param_value_internal":0.00012990638412430772,"distribution":"{\"name\": \"FloatDistribution\", \"attributes\": {\"step\": null, \"low\": 0.0001, \"high\": 0.1, \"log\": true}}"}
{"op_code":5,"worker_id":"0fa34da7-3755-464e-8203-0353012b80bf-140193173047104","trial_id":122,"param_name":"dropout","param_value_internal":0.45708613109112084,"distribution":"{\"name\": \"FloatDistribution\", \"attributes\": {\"step\": null, \"low\": 0.0, \"high\": 0.5, \"log\": false}}"}
{"op_code":5,"worker_id":"0fa34da7-3755-464e-8203-0353012b80bf-140193173047104","trial_id":122,"param_name":"nodes","param_value_internal":2,"distribution":"{\"name\": \"CategoricalDistribution\", \"attributes\": {\"choices\": [[64, 64], [128, 64], [256, 128]]}}"}
{"op_code":6,"worker_id":"0fa34da7-3755-464e-8203-0353012b80bf-140193173047104","trial_id":122,"state":1,"values":[0.853977954818291],"datetime_complete":"2026-03-21T10:32:40.760475"}
{"op_code":4,"worker_id":"0fa34da7-3755-464e-8203-0353012b80bf-140193173047104","study_id":0,"datetime_start":"2026-03-21T10:32:40.783703"}
{"op_code":5,"worker_id":"0fa34da7-3755-464e-8203-0353012b80bf-140193173047104","trial_id":123,"param_name":"lr","param_value_internal":0.0005744116557239984,"distribution":"{\"name\": \"FloatDistribution\", \"attributes\": {\"step\": null, \"low\": 0.0001, \"high\": 0.1, \"log\": true}}"}
{"op_code":5,"worker_id":"0fa34da7-3755-464e-8203-0353012b80bf-140193173047104","trial_id":123,"param_name":"dropout","param_value_internal":0.15606285212144633,"distribution":"{\"name\": \"FloatDistribution\", \"attributes\": {\"step\": null, \"low\": 0.0, \"high\": 0.5, \"log\": false}}"}
{"op_code":5,"worker_id":"0fa34da7-3755-464e-8203-0353012b80bf-140193173047104","trial_id":123,"param_name":"nodes","param_value_internal":0,"distribution":"{\"name\": \"CategoricalDistribution\", \"attributes\": {\"choices\": [[64, 64], [128, 64], [256, 128]]}}"}
{"op_code":6,"worker_id":"0fa34da7-3755-464e-8203-0353012b80bf-140193173047104","trial_id":123,"state":1,"values":[0.8754556368001746],"datetime_complete":"2026-03-21T10:32:46.056815"}
{"op_code":4,"worker_id":"0fa34da7-3755-464e-8203-0353012b80bf-140193173047104","study_id":0,"datetime_start":"2026-03-21T10:32:46.073108"}
{"op_code":5,"worker_id":"0fa34da7-3755-464e-8203-0353012b80bf-140193173047104","trial_id":124,"param_name":"lr","param_value_internal":0.0007373147431495533,"distribution":"{\"name\": \"FloatDistribution\", \"attributes\": {\"step\": null, \"low\": 0.0001, \"high\": 0.1, \"log\": true}}"}
{"op_code":5,"worker_id":"0fa34da7-3755-464e-8203-0353012b80bf-140193173047104","trial_id":124,"param_name":"dropout","param_value_internal":0.14245113174645344,"distribution":"{\"name\": \"FloatDistribution\", \"attributes\": {\"step\": null, \"low\": 0.0, \"high\": 0.5, \"log\": false}}"}
{"op_code":5,"worker_id":"0fa34da7-3755-464e-8203-0353012b80bf-140193173047104","trial_id":124,"param_name":"nodes","param_value_internal":0,"distribution":"{\"name\": \"CategoricalDistribution\", \"attributes\": {\"choices\": [[64, 64], [128, 64], [256, 128]]}}"}
{"op_code":6,"worker_id":"0fa34da7-3755-464e-8203-0353012b80bf-140193173047104","trial_id":124,"state":1,"values":[0.8824839026519699],"datetime_complete":"2026-03-21T10:32:51.417631"}
{"op_code":4,"worker_id":"0fa34da7-3755-464e-8203-0353012b80bf-140193173047104","study_id":0,"datetime_start":"2026-03-21T10:32:51.437599"}
{"op_code":5,"worker_id":"0fa34da7-3755-464e-8203-0353012b80bf-140193173047104","trial_id":125,"param_name":"lr","param_value_internal":0.0003119575051458147,"distribution":"{\"name\": \"FloatDistribution\", \"attributes\": {\"step\": null, \"low\": 0.0001, \"high\": 0.1, \"log\": true}}"}
{"op_code":5,"worker_id":"0fa34da7-3755-464e-8203-0353012b80bf-140193173047104","trial_id":125,"param_name":"dropout","param_value_internal":0.10071499142068045,"distribution":"{\"name\": \"FloatDistribution\", \"attributes\": {\"step\": null, \"low\": 0.0, \"high\": 0.5, \"log\": false}}"}
{"op_code":5,"worker_id":"0fa34da7-3755-464e-8203-0353012b80bf-140193173047104","trial_id":125,"param_name":"nodes","param_value_internal":0,"distribution":"{\"name\": \"CategoricalDistribution\", \"attributes\": {\"choices\": [[64, 64], [128, 64], [256, 128]]}}"}
{"op_code":6,"worker_id":"0fa34da7-3755-464e-8203-0353012b80bf-140193173047104","trial_id":125,"state":1,"values":[0.858037760558769],"datetime_complete":"2026-03-21T10:32:56.690736"}
{"op_code":4,"worker_id":"0fa34da7-3755-464e-8203-0353012b80bf-140193173047104","study_id":0,"datetime_start":"2026-03-21T10:32:56.712798"}
{"op_code":5,"worker_id":"0fa34da7-3755-464e-8203-0353012b80bf-140193173047104","trial_id":126,"param_name":"lr","param_value_internal":0.001806171223830466,"distribution":"{\"name\": \"FloatDistribution\", \"attributes\": {\"step\": null, \"low\": 0.0001, \"high\": 0.1, \"log\": true}}"}
{"op_code":5,"worker_id":"0fa34da7-3755-464e-8203-0353012b80bf-140193173047104","trial_id":126,"param_name":"dropout","param_value_internal":0.2100632370305462,"distribution":"{\"name\": \"FloatDistribution\", \"attributes\": {\"step\": null, \"low\": 0.0, \"high\": 0.5, \"log\": false}}"}
{"op_code":5,"worker_id":"0fa34da7-3755-464e-8203-0353012b80bf-140193173047104","trial_id":126,"param_name":"nodes","param_value_internal":0,"distribution":"{\"name\": \"CategoricalDistribution\", \"attributes\": {\"choices\": [[64, 64], [128, 64], [256, 128]]}}"}
{"op_code":6,"worker_id":"0fa34da7-3755-464e-8203-0353012b80bf-140193173047104","trial_id":126,"state":1,"values":[0.8584306449852669],"datetime_complete":"2026-03-21T10:33:01.989736"}
{"op_code":4,"worker_id":"0fa34da7-3755-464e-8203-0353012b80bf-140193173047104","study_id":0,"datetime_start":"2026-03-21T10:33:02.006328"}
{"op_code":5,"worker_id":"0fa34da7-3755-464e-8203-0353012b80bf-140193173047104","trial_id":127,"param_name":"lr","param_value_internal":0.0011990076312832839,"distribution":"{\"name\": \"FloatDistribution\", \"attributes\": {\"step\": null, \"low\": 0.0001, \"high\": 0.1, \"log\": true}}"}
{"op_code":5,"worker_id":"0fa34da7-3755-464e-8203-0353012b80bf-140193173047104","trial_id":127,"param_name":"dropout","param_value_internal":0.27509520365576157,"distribution":"{\"name\": \"FloatDistribution\", \"attributes\": {\"step\": null, \"low\": 0.0, \"high\": 0.5, \"log\": false}}"}
{"op_code":5,"worker_id":"0fa34da7-3755-464e-8203-0353012b80bf-140193173047104","trial_id":127,"param_name":"nodes","param_value_internal":1,"distribution":"{\"name\": \"CategoricalDistribution\", \"attributes\": {\"choices\": [[64, 64], [128, 64], [256, 128]]}}"}
{"op_code":6,"worker_id":"0fa34da7-3755-464e-8203-0353012b80bf-140193173047104","trial_id":127,"state":1,"values":[0.8630361235403252],"datetime_complete":"2026-03-21T10:33:07.298291"}
{"op_code":4,"worker_id":"0fa34da7-3755-464e-8203-0353012b80bf-140193173047104","study_id":0,"datetime_start":"2026-03-21T10:33:07.327595"}
{"op_code":5,"worker_id":"0fa34da7-3755-464e-8203-0353012b80bf-140193173047104","trial_id":128,"param_name":"lr","param_value_internal":0.00043194800994179563,"distribution":"{\"name\": \"FloatDistribution\", \"attributes\": {\"step\": null, \"low\": 0.0001, \"high\": 0.1, \"log\": true}}"}
{"op_code":5,"worker_id":"0fa34da7-3755-464e-8203-0353012b80bf-140193173047104","trial_id":128,"param_name":"dropout","param_value_internal":0.11387413578677483,"distribution":"{\"name\": \"FloatDistribution\", \"attributes\": {\"step\": null, \"low\": 0.0, \"high\": 0.5, \"log\": false}}"}
{"op_code":5,"worker_id":"0fa34da7-3755-464e-8203-0353012b80bf-140193173047104","trial_id":128,"param_name":"nodes","param_value_internal":0,"distribution":"{\"name\": \"CategoricalDistribution\", \"attributes\": {\"choices\": [[64, 64], [128, 64], [256, 128]]}}"}
{"op_code":6,"worker_id":"0fa34da7-3755-464e-8203-0353012b80bf-140193173047104","trial_id":128,"state":1,"values":[0.8785768852995743],"datetime_complete":"2026-03-21T10:33:12.583251"}
{"op_code":4,"worker_id":"0fa34da7-3755-464e-8203-0353012b80bf-140193173047104","study_id":0,"datetime_start":"2026-03-21T10:33:12.604538"}
{"op_code":5,"worker_id":"0fa34da7-3755-464e-8203-0353012b80bf-140193173047104","trial_id":129,"param_name":"lr","param_value_internal":0.0032074055641404227,"distribution":"{\"name\": \"FloatDistribution\", \"attributes\": {\"step\": null, \"low\": 0.0001, \"high\": 0.1, \"log\": true}}"}
{"op_code":5,"worker_id":"0fa34da7-3755-464e-8203-0353012b80bf-140193173047104","trial_id":129,"param_name":"dropout","param_value_internal":0.17371721424899972,"distribution":"{\"name\": \"FloatDistribution\", \"attributes\": {\"step\": null, \"low\": 0.0, \"high\": 0.5, \"log\": false}}"}
{"op_code":5,"worker_id":"0fa34da7-3755-464e-8203-0353012b80bf-140193173047104","trial_id":129,"param_name":"nodes","param_value_internal":0,"distribution":"{\"name\": \"CategoricalDistribution\", \"attributes\": {\"choices\": [[64, 64], [128, 64], [256, 128]]}}"}
{"op_code":6,"worker_id":"0fa34da7-3755-464e-8203-0353012b80bf-140193173047104","trial_id":129,"state":1,"values":[0.860678816981338],"datetime_complete":"2026-03-21T10:33:17.896525"}
{"op_code":4,"worker_id":"0fa34da7-3755-464e-8203-0353012b80bf-140193173047104","study_id":0,"datetime_start":"2026-03-21T10:33:17.907510"}
{"op_code":5,"worker_id":"0fa34da7-3755-464e-8203-0353012b80bf-140193173047104","trial_id":130,"param_name":"lr","param_value_internal":0.0015749222135378158,"distribution":"{\"name\": \"FloatDistribution\", \"attributes\": {\"step\": null, \"low\": 0.0001, \"high\": 0.1, \"log\": true}}"}
{"op_code":5,"worker_id":"0fa34da7-3755-464e-8203-0353012b80bf-140193173047104","trial_id":130,"param_name":"dropout","param_value_internal":0.06226040710685726,"distribution":"{\"name\": \"FloatDistribution\", \"attributes\": {\"step\": null, \"low\": 0.0, \"high\": 0.5, \"log\": false}}"}
{"op_code":5,"worker_id":"0fa34da7-3755-464e-8203-0353012b80bf-140193173047104","trial_id":130,"param_name":"nodes","param_value_internal":0,"distribution":"{\"name\": \"CategoricalDistribution\", \"attributes\": {\"choices\": [[64, 64], [128, 64], [256, 128]]}}"}
{"op_code":6,"worker_id":"0fa34da7-3755-464e-8203-0353012b80bf-140193173047104","trial_id":130,"state":1,"values":[0.878031212484994],"datetime_complete":"2026-03-21T10:33:23.265187"}
{"op_code":4,"worker_id":"0fa34da7-3755-464e-8203-0353012b80bf-140193173047104","study_id":0,"datetime_start":"2026-03-21T10:33:23.278088"}
{"op_code":5,"worker_id":"0fa34da7-3755-464e-8203-0353012b80bf-140193173047104","trial_id":131,"param_name":"lr","param_value_internal":0.00034622668575800186,"distribution":"{\"name\": \"FloatDistribution\", \"attributes\": {\"step\": null, \"low\": 0.0001, \"high\": 0.1, \"log\": true}}"}
{"op_code":5,"worker_id":"0fa34da7-3755-464e-8203-0353012b80bf-140193173047104","trial_id":131,"param_name":"dropout","param_value_internal":0.24150676125115958,"distribution":"{\"name\": \"FloatDistribution\", \"attributes\": {\"step\": null, \"low\": 0.0, \"high\": 0.5, \"log\": false}}"}
{"op_code":5,"worker_id":"0fa34da7-3755-464e-8203-0353012b80bf-140193173047104","trial_id":131,"param_name":"nodes","param_value_internal":0,"distribution":"{\"name\": \"CategoricalDistribution\", \"attributes\": {\"choices\": [[64, 64], [128, 64], [256, 128]]}}"}
{"op_code":6,"worker_id":"0fa34da7-3755-464e-8203-0353012b80bf-140193173047104","trial_id":131,"state":1,"values":[0.8544581468951217],"datetime_complete":"2026-03-21T10:33:28.812871"}
{"op_code":0,"worker_id":"e27e0a5e-c73d-42ca-93ba-5eb2c20330d6-140193173047104","study_name":"embedding_cox_tuning","directions":[2]}
{"op_code":4,"worker_id":"e27e0a5e-c73d-42ca-93ba-5eb2c20330d6-140193173047104","study_id":0,"datetime_start":"2026-03-21T10:47:50.671171"}
{"op_code":5,"worker_id":"e27e0a5e-c73d-42ca-93ba-5eb2c20330d6-140193173047104","trial_id":132,"param_name":"lr","param_value_internal":0.00015124734206619375,"distribution":"{\"name\": \"FloatDistribution\", \"attributes\": {\"step\": null, \"low\": 0.0001, \"high\": 0.1, \"log\": true}}"}
{"op_code":5,"worker_id":"e27e0a5e-c73d-42ca-93ba-5eb2c20330d6-140193173047104","trial_id":132,"param_name":"dropout","param_value_internal":0.05339427858287443,"distribution":"{\"name\": \"FloatDistribution\", \"attributes\": {\"step\": null, \"low\": 0.0, \"high\": 0.5, \"log\": false}}"}
{"op_code":5,"worker_id":"e27e0a5e-c73d-42ca-93ba-5eb2c20330d6-140193173047104","trial_id":132,"param_name":"nodes","param_value_internal":0,"distribution":"{\"name\": \"CategoricalDistribution\", \"attributes\": {\"choices\": [[64, 64], [128, 64], [256, 128]]}}"}
{"op_code":6,"worker_id":"e27e0a5e-c73d-42ca-93ba-5eb2c20330d6-140193173047104","trial_id":132,"state":1,"values":[0.8833303232797544],"datetime_complete":"2026-03-21T10:47:56.004546"}
{"op_code":4,"worker_id":"e27e0a5e-c73d-42ca-93ba-5eb2c20330d6-140193173047104","study_id":0,"datetime_start":"2026-03-21T10:47:56.026236"}
{"op_code":5,"worker_id":"e27e0a5e-c73d-42ca-93ba-5eb2c20330d6-140193173047104","trial_id":133,"param_name":"lr","param_value_internal":0.0002784540953699494,"distribution":"{\"name\": \"FloatDistribution\", \"attributes\": {\"step\": null, \"low\": 0.0001, \"high\": 0.1, \"log\": true}}"}
{"op_code":5,"worker_id":"e27e0a5e-c73d-42ca-93ba-5eb2c20330d6-140193173047104","trial_id":133,"param_name":"dropout","param_value_internal":0.16668062971645847,"distribution":"{\"name\": \"FloatDistribution\", \"attributes\": {\"step\": null, \"low\": 0.0, \"high\": 0.5, \"log\": false}}"}
{"op_code":5,"worker_id":"e27e0a5e-c73d-42ca-93ba-5eb2c20330d6-140193173047104","trial_id":133,"param_name":"nodes","param_value_internal":0,"distribution":"{\"name\": \"CategoricalDistribution\", \"attributes\": {\"choices\": [[64, 64], [128, 64], [256, 128]]}}"}
{"op_code":6,"worker_id":"e27e0a5e-c73d-42ca-93ba-5eb2c20330d6-140193173047104","trial_id":133,"state":1,"values":[0.8512732526638974],"datetime_complete":"2026-03-21T10:48:01.314743"}
{"op_code":4,"worker_id":"e27e0a5e-c73d-42ca-93ba-5eb2c20330d6-140193173047104","study_id":0,"datetime_start":"2026-03-21T10:48:01.342332"}
{"op_code":5,"worker_id":"e27e0a5e-c73d-42ca-93ba-5eb2c20330d6-140193173047104","trial_id":134,"param_name":"lr","param_value_internal":0.0005149716333825627,"distribution":"{\"name\": \"FloatDistribution\", \"attributes\": {\"step\": null, \"low\": 0.0001, \"high\": 0.1, \"log\": true}}"}
{"op_code":5,"worker_id":"e27e0a5e-c73d-42ca-93ba-5eb2c20330d6-140193173047104","trial_id":134,"param_name":"dropout","param_value_internal":0.18215129441794886,"distribution":"{\"name\": \"FloatDistribution\", \"attributes\": {\"step\": null, \"low\": 0.0, \"high\": 0.5, \"log\": false}}"}
{"op_code":5,"worker_id":"e27e0a5e-c73d-42ca-93ba-5eb2c20330d6-140193173047104","trial_id":134,"param_name":"nodes","param_value_internal":0,"distribution":"{\"name\": \"CategoricalDistribution\", \"attributes\": {\"choices\": [[64, 64], [128, 64], [256, 128]]}}"}
{"op_code":6,"worker_id":"e27e0a5e-c73d-42ca-93ba-5eb2c20330d6-140193173047104","trial_id":134,"state":1,"values":[0.8558560592378545],"datetime_complete":"2026-03-21T10:48:06.629205"}
{"op_code":4,"worker_id":"e27e0a5e-c73d-42ca-93ba-5eb2c20330d6-140193173047104","study_id":0,"datetime_start":"2026-03-21T10:48:06.658829"}
{"op_code":5,"worker_id":"e27e0a5e-c73d-42ca-93ba-5eb2c20330d6-140193173047104","trial_id":135,"param_name":"lr","param_value_internal":0.00035710057339141633,"distribution":"{\"name\": \"FloatDistribution\", \"attributes\": {\"step\": null, \"low\": 0.0001, \"high\": 0.1, \"log\": true}}"}
{"op_code":5,"worker_id":"e27e0a5e-c73d-42ca-93ba-5eb2c20330d6-140193173047104","trial_id":135,"param_name":"dropout","param_value_internal":0.20447648582020414,"distribution":"{\"name\": \"FloatDistribution\", \"attributes\": {\"step\": null, \"low\": 0.0, \"high\": 0.5, \"log\": false}}"}
{"op_code":5,"worker_id":"e27e0a5e-c73d-42ca-93ba-5eb2c20330d6-140193173047104","trial_id":135,"param_name":"nodes","param_value_internal":0,"distribution":"{\"name\": \"CategoricalDistribution\", \"attributes\": {\"choices\": [[64, 64], [128, 64], [256, 128]]}}"}
{"op_code":6,"worker_id":"e27e0a5e-c73d-42ca-93ba-5eb2c20330d6-140193173047104","trial_id":135,"state":1,"values":[0.8589037384865451],"datetime_complete":"2026-03-21T10:48:12.023390"}
{"op_code":4,"worker_id":"e27e0a5e-c73d-42ca-93ba-5eb2c20330d6-140193173047104","study_id":0,"datetime_start":"2026-03-21T10:48:12.050369"}
{"op_code":5,"worker_id":"e27e0a5e-c73d-42ca-93ba-5eb2c20330d6-140193173047104","trial_id":136,"param_name":"lr","param_value_internal":0.004933253806836907,"distribution":"{\"name\": \"FloatDistribution\", \"attributes\": {\"step\": null, \"low\": 0.0001, \"high\": 0.1, \"log\": true}}"}
{"op_code":5,"worker_id":"e27e0a5e-c73d-42ca-93ba-5eb2c20330d6-140193173047104","trial_id":136,"param_name":"dropout","param_value_internal":0.19248909790834612,"distribution":"{\"name\": \"FloatDistribution\", \"attributes\": {\"step\": null, \"low\": 0.0, \"high\": 0.5, \"log\": false}}"}
{"op_code":5,"worker_id":"e27e0a5e-c73d-42ca-93ba-5eb2c20330d6-140193173047104","trial_id":136,"param_name":"nodes","param_value_internal":0,"distribution":"{\"name\": \"CategoricalDistribution\", \"attributes\": {\"choices\": [[64, 64], [128, 64], [256, 128]]}}"}
{"op_code":6,"worker_id":"e27e0a5e-c73d-42ca-93ba-5eb2c20330d6-140193173047104","trial_id":136,"state":1,"values":[0.8569396785262777],"datetime_complete":"2026-03-21T10:48:17.370672"}
{"op_code":4,"worker_id":"e27e0a5e-c73d-42ca-93ba-5eb2c20330d6-140193173047104","study_id":0,"datetime_start":"2026-03-21T10:48:17.403588"}
{"op_code":5,"worker_id":"e27e0a5e-c73d-42ca-93ba-5eb2c20330d6-140193173047104","trial_id":137,"param_name":"lr","param_value_internal":0.0001164699253942491,"distribution":"{\"name\": \"FloatDistribution\", \"attributes\": {\"step\": null, \"low\": 0.0001, \"high\": 0.1, \"log\": true}}"}
{"op_code":5,"worker_id":"e27e0a5e-c73d-42ca-93ba-5eb2c20330d6-140193173047104","trial_id":137,"param_name":"dropout","param_value_internal":0.4489061301997317,"distribution":"{\"name\": \"FloatDistribution\", \"attributes\": {\"step\": null, \"low\": 0.0, \"high\": 0.5, \"log\": false}}"}
{"op_code":5,"worker_id":"e27e0a5e-c73d-42ca-93ba-5eb2c20330d6-140193173047104","trial_id":137,"param_name":"nodes","param_value_internal":1,"distribution":"{\"name\": \"CategoricalDistribution\", \"attributes\": {\"choices\": [[64, 64], [128, 64], [256, 128]]}}"}
{"op_code":6,"worker_id":"e27e0a5e-c73d-42ca-93ba-5eb2c20330d6-140193173047104","trial_id":137,"state":1,"values":[0.8577523929925953],"datetime_complete":"2026-03-21T10:48:22.692565"}
{"op_code":4,"worker_id":"e27e0a5e-c73d-42ca-93ba-5eb2c20330d6-140193173047104","study_id":0,"datetime_start":"2026-03-21T10:48:22.722387"}
{"op_code":5,"worker_id":"e27e0a5e-c73d-42ca-93ba-5eb2c20330d6-140193173047104","trial_id":138,"param_name":"lr","param_value_internal":0.0002242646977235211,"distribution":"{\"name\": \"FloatDistribution\", \"attributes\": {\"step\": null, \"low\": 0.0001, \"high\": 0.1, \"log\": true}}"}
{"op_code":5,"worker_id":"e27e0a5e-c73d-42ca-93ba-5eb2c20330d6-140193173047104","trial_id":138,"param_name":"dropout","param_value_internal":0.3354151863014122,"distribution":"{\"name\": \"FloatDistribution\", \"attributes\": {\"step\": null, \"low\": 0.0, \"high\": 0.5, \"log\": false}}"}
{"op_code":5,"worker_id":"e27e0a5e-c73d-42ca-93ba-5eb2c20330d6-140193173047104","trial_id":138,"param_name":"nodes","param_value_internal":0,"distribution":"{\"name\": \"CategoricalDistribution\", \"attributes\": {\"choices\": [[64, 64], [128, 64], [256, 128]]}}"}
{"op_code":6,"worker_id":"e27e0a5e-c73d-42ca-93ba-5eb2c20330d6-140193173047104","trial_id":138,"state":1,"values":[0.8542080549033773],"datetime_complete":"2026-03-21T10:48:28.006327"}
{"op_code":4,"worker_id":"e27e0a5e-c73d-42ca-93ba-5eb2c20330d6-140193173047104","study_id":0,"datetime_start":"2026-03-21T10:48:28.039677"}
{"op_code":5,"worker_id":"e27e0a5e-c73d-42ca-93ba-5eb2c20330d6-140193173047104","trial_id":139,"param_name":"lr","param_value_internal":0.00039927065796682156,"distribution":"{\"name\": \"FloatDistribution\", \"attributes\": {\"step\": null, \"low\": 0.0001, \"high\": 0.1, \"log\": true}}"}
{"op_code":5,"worker_id":"e27e0a5e-c73d-42ca-93ba-5eb2c20330d6-140193173047104","trial_id":139,"param_name":"dropout","param_value_internal":0.1459154201638784,"distribution":"{\"name\": \"FloatDistribution\", \"attributes\": {\"step\": null, \"low\": 0.0, \"high\": 0.5, \"log\": false}}"}
{"op_code":5,"worker_id":"e27e0a5e-c73d-42ca-93ba-5eb2c20330d6-140193173047104","trial_id":139,"param_name":"nodes","param_value_internal":0,"distribution":"{\"name\": \"CategoricalDistribution\", \"attributes\": {\"choices\": [[64, 64], [128, 64], [256, 128]]}}"}
{"op_code":6,"worker_id":"e27e0a5e-c73d-42ca-93ba-5eb2c20330d6-140193173047104","trial_id":139,"state":1,"values":[0.8558560592378545],"datetime_complete":"2026-03-21T10:48:33.331916"}
{"op_code":4,"worker_id":"e27e0a5e-c73d-42ca-93ba-5eb2c20330d6-140193173047104","study_id":0,"datetime_start":"2026-03-21T10:48:33.365213"}
{"op_code":5,"worker_id":"e27e0a5e-c73d-42ca-93ba-5eb2c20330d6-140193173047104","trial_id":140,"param_name":"lr","param_value_internal":0.00014069859773083393,"distribution":"{\"name\": \"FloatDistribution\", \"attributes\": {\"step\": null, \"low\": 0.0001, \"high\": 0.1, \"log\": true}}"}
{"op_code":5,"worker_id":"e27e0a5e-c73d-42ca-93ba-5eb2c20330d6-140193173047104","trial_id":140,"param_name":"dropout","param_value_internal":0.47583995716509075,"distribution":"{\"name\": \"FloatDistribution\", \"attributes\": {\"step\": null, \"low\": 0.0, \"high\": 0.5, \"log\": false}}"}
{"op_code":5,"worker_id":"e27e0a5e-c73d-42ca-93ba-5eb2c20330d6-140193173047104","trial_id":140,"param_name":"nodes","param_value_internal":2,"distribution":"{\"name\": \"CategoricalDistribution\", \"attributes\": {\"choices\": [[64, 64], [128, 64], [256, 128]]}}"}
{"op_code":6,"worker_id":"e27e0a5e-c73d-42ca-93ba-5eb2c20330d6-140193173047104","trial_id":140,"state":1,"values":[0.8375925591475528],"datetime_complete":"2026-03-21T10:48:38.687792"}
{"op_code":4,"worker_id":"e27e0a5e-c73d-42ca-93ba-5eb2c20330d6-140193173047104","study_id":0,"datetime_start":"2026-03-21T10:48:39.191141"}
{"op_code":5,"worker_id":"e27e0a5e-c73d-42ca-93ba-5eb2c20330d6-140193173047104","trial_id":141,"param_name":"lr","param_value_internal":0.0005907033346514551,"distribution":"{\"name\": \"FloatDistribution\", \"attributes\": {\"step\": null, \"low\": 0.0001, \"high\": 0.1, \"log\": true}}"}
{"op_code":5,"worker_id":"e27e0a5e-c73d-42ca-93ba-5eb2c20330d6-140193173047104","trial_id":141,"param_name":"dropout","param_value_internal":0.25935154477730343,"distribution":"{\"name\": \"FloatDistribution\", \"attributes\": {\"step\": null, \"low\": 0.0, \"high\": 0.5, \"log\": false}}"}
{"op_code":5,"worker_id":"e27e0a5e-c73d-42ca-93ba-5eb2c20330d6-140193173047104","trial_id":141,"param_name":"nodes","param_value_internal":0,"distribution":"{\"name\": \"CategoricalDistribution\", \"attributes\": {\"choices\": [[64, 64], [128, 64], [256, 128]]}}"}
{"op_code":6,"worker_id":"e27e0a5e-c73d-42ca-93ba-5eb2c20330d6-140193173047104","trial_id":141,"state":1,"values":[0.885633014267654],"datetime_complete":"2026-03-21T10:48:44.542184"}
{"op_code":0,"worker_id":"b1f084e6-6c5f-4c4d-aac2-bc0b5311ee14-140193173047104","study_name":"embedding_cox_tuning","directions":[2]}
{"op_code":4,"worker_id":"b1f084e6-6c5f-4c4d-aac2-bc0b5311ee14-140193173047104","study_id":0,"datetime_start":"2026-03-21T11:03:24.787088"}
{"op_code":5,"worker_id":"b1f084e6-6c5f-4c4d-aac2-bc0b5311ee14-140193173047104","trial_id":142,"param_name":"lr","param_value_internal":0.00017590701505184824,"distribution":"{\"name\": \"FloatDistribution\", \"attributes\": {\"step\": null, \"low\": 0.0001, \"high\": 0.1, \"log\": true}}"}
{"op_code":5,"worker_id":"b1f084e6-6c5f-4c4d-aac2-bc0b5311ee14-140193173047104","trial_id":142,"param_name":"dropout","param_value_internal":0.4351021991747642,"distribution":"{\"name\": \"FloatDistribution\", \"attributes\": {\"step\": null, \"low\": 0.0, \"high\": 0.5, \"log\": false}}"}
{"op_code":5,"worker_id":"b1f084e6-6c5f-4c4d-aac2-bc0b5311ee14-140193173047104","trial_id":142,"param_name":"nodes","param_value_internal":0,"distribution":"{\"name\": \"CategoricalDistribution\", \"attributes\": {\"choices\": [[64, 64], [128, 64], [256, 128]]}}"}
{"op_code":6,"worker_id":"b1f084e6-6c5f-4c4d-aac2-bc0b5311ee14-140193173047104","trial_id":142,"state":1,"values":[0.8481855764813964],"datetime_complete":"2026-03-21T11:03:30.468980"}
{"op_code":4,"worker_id":"b1f084e6-6c5f-4c4d-aac2-bc0b5311ee14-140193173047104","study_id":0,"datetime_start":"2026-03-21T11:03:32.028682"}
{"op_code":5,"worker_id":"b1f084e6-6c5f-4c4d-aac2-bc0b5311ee14-140193173047104","trial_id":143,"param_name":"lr","param_value_internal":0.07667017057874013,"distribution":"{\"name\": \"FloatDistribution\", \"attributes\": {\"step\": null, \"low\": 0.0001, \"high\": 0.1, \"log\": true}}"}
{"op_code":5,"worker_id":"b1f084e6-6c5f-4c4d-aac2-bc0b5311ee14-140193173047104","trial_id":143,"param_name":"dropout","param_value_internal":0.3010159741480252,"distribution":"{\"name\": \"FloatDistribution\", \"attributes\": {\"step\": null, \"low\": 0.0, \"high\": 0.5, \"log\": false}}"}
{"op_code":5,"worker_id":"b1f084e6-6c5f-4c4d-aac2-bc0b5311ee14-140193173047104","trial_id":143,"param_name":"nodes","param_value_internal":1,"distribution":"{\"name\": \"CategoricalDistribution\", \"attributes\": {\"choices\": [[64, 64], [128, 64], [256, 128]]}}"}
{"op_code":6,"worker_id":"b1f084e6-6c5f-4c4d-aac2-bc0b5311ee14-140193173047104","trial_id":143,"state":1,"values":[0.8383096003674781],"datetime_complete":"2026-03-21T11:03:37.636873"}
{"op_code":4,"worker_id":"b1f084e6-6c5f-4c4d-aac2-bc0b5311ee14-140193173047104","study_id":0,"datetime_start":"2026-03-21T11:03:37.664618"}
{"op_code":5,"worker_id":"b1f084e6-6c5f-4c4d-aac2-bc0b5311ee14-140193173047104","trial_id":144,"param_name":"lr","param_value_internal":0.0009959650431152897,"distribution":"{\"name\": \"FloatDistribution\", \"attributes\": {\"step\": null, \"low\": 0.0001, \"high\": 0.1, \"log\": true}}"}
{"op_code":5,"worker_id":"b1f084e6-6c5f-4c4d-aac2-bc0b5311ee14-140193173047104","trial_id":144,"param_name":"dropout","param_value_internal":0.3534607174831011,"distribution":"{\"name\": \"FloatDistribution\", \"attributes\": {\"step\": null, \"low\": 0.0, \"high\": 0.5, \"log\": false}}"}
{"op_code":5,"worker_id":"b1f084e6-6c5f-4c4d-aac2-bc0b5311ee14-140193173047104","trial_id":144,"param_name":"nodes","param_value_internal":1,"distribution":"{\"name\": \"CategoricalDistribution\", \"attributes\": {\"choices\": [[64, 64], [128, 64], [256, 128]]}}"}
{"op_code":6,"worker_id":"b1f084e6-6c5f-4c4d-aac2-bc0b5311ee14-140193173047104","trial_id":144,"state":1,"values":[0.8442393619242494],"datetime_complete":"2026-03-21T11:03:43.210335"}
{"op_code":4,"worker_id":"b1f084e6-6c5f-4c4d-aac2-bc0b5311ee14-140193173047104","study_id":0,"datetime_start":"2026-03-21T11:03:43.236453"}
{"op_code":5,"worker_id":"b1f084e6-6c5f-4c4d-aac2-bc0b5311ee14-140193173047104","trial_id":145,"param_name":"lr","param_value_internal":0.020036557987532504,"distribution":"{\"name\": \"FloatDistribution\", \"attributes\": {\"step\": null, \"low\": 0.0001, \"high\": 0.1, \"log\": true}}"}
{"op_code":5,"worker_id":"b1f084e6-6c5f-4c4d-aac2-bc0b5311ee14-140193173047104","trial_id":145,"param_name":"dropout","param_value_internal":0.32576295420777296,"distribution":"{\"name\": \"FloatDistribution\", \"attributes\": {\"step\": null, \"low\": 0.0, \"high\": 0.5, \"log\": false}}"}
{"op_code":5,"worker_id":"b1f084e6-6c5f-4c4d-aac2-bc0b5311ee14-140193173047104","trial_id":145,"param_name":"nodes","param_value_internal":1,"distribution":"{\"name\": \"CategoricalDistribution\", \"attributes\": {\"choices\": [[64, 64], [128, 64], [256, 128]]}}"}
{"op_code":6,"worker_id":"b1f084e6-6c5f-4c4d-aac2-bc0b5311ee14-140193173047104","trial_id":145,"state":1,"values":[0.8557230550799683],"datetime_complete":"2026-03-21T11:03:48.431528"}
{"op_code":4,"worker_id":"b1f084e6-6c5f-4c4d-aac2-bc0b5311ee14-140193173047104","study_id":0,"datetime_start":"2026-03-21T11:03:48.760312"}
{"op_code":5,"worker_id":"b1f084e6-6c5f-4c4d-aac2-bc0b5311ee14-140193173047104","trial_id":146,"param_name":"lr","param_value_internal":0.039411846492550924,"distribution":"{\"name\": \"FloatDistribution\", \"attributes\": {\"step\": null, \"low\": 0.0001, \"high\": 0.1, \"log\": true}}"}
{"op_code":5,"worker_id":"b1f084e6-6c5f-4c4d-aac2-bc0b5311ee14-140193173047104","trial_id":146,"param_name":"dropout","param_value_internal":0.22468862610086981,"distribution":"{\"name\": \"FloatDistribution\", \"attributes\": {\"step\": null, \"low\": 0.0, \"high\": 0.5, \"log\": false}}"}
{"op_code":5,"worker_id":"b1f084e6-6c5f-4c4d-aac2-bc0b5311ee14-140193173047104","trial_id":146,"param_name":"nodes","param_value_internal":1,"distribution":"{\"name\": \"CategoricalDistribution\", \"attributes\": {\"choices\": [[64, 64], [128, 64], [256, 128]]}}"}
{"op_code":6,"worker_id":"b1f084e6-6c5f-4c4d-aac2-bc0b5311ee14-140193173047104","trial_id":146,"state":1,"values":[0.8481438175971938],"datetime_complete":"2026-03-21T11:03:54.082400"}
{"op_code":4,"worker_id":"b1f084e6-6c5f-4c4d-aac2-bc0b5311ee14-140193173047104","study_id":0,"datetime_start":"2026-03-21T11:03:54.390796"}
{"op_code":5,"worker_id":"b1f084e6-6c5f-4c4d-aac2-bc0b5311ee14-140193173047104","trial_id":147,"param_name":"lr","param_value_internal":0.00029746485418424915,"distribution":"{\"name\": \"FloatDistribution\", \"attributes\": {\"step\": null, \"low\": 0.0001, \"high\": 0.1, \"log\": true}}"}
{"op_code":5,"worker_id":"b1f084e6-6c5f-4c4d-aac2-bc0b5311ee14-140193173047104","trial_id":147,"param_name":"dropout","param_value_internal":0.2341489962384501,"distribution":"{\"name\": \"FloatDistribution\", \"attributes\": {\"step\": null, \"low\": 0.0, \"high\": 0.5, \"log\": false}}"}
{"op_code":5,"worker_id":"b1f084e6-6c5f-4c4d-aac2-bc0b5311ee14-140193173047104","trial_id":147,"param_name":"nodes","param_value_internal":1,"distribution":"{\"name\": \"CategoricalDistribution\", \"attributes\": {\"choices\": [[64, 64], [128, 64], [256, 128]]}}"}
{"op_code":6,"worker_id":"b1f084e6-6c5f-4c4d-aac2-bc0b5311ee14-140193173047104","trial_id":147,"state":1,"values":[0.8790871507913308],"datetime_complete":"2026-03-21T11:03:59.824232"}
{"op_code":4,"worker_id":"b1f084e6-6c5f-4c4d-aac2-bc0b5311ee14-140193173047104","study_id":0,"datetime_start":"2026-03-21T11:04:01.153246"}
{"op_code":5,"worker_id":"b1f084e6-6c5f-4c4d-aac2-bc0b5311ee14-140193173047104","trial_id":148,"param_name":"lr","param_value_internal":0.04336680268190152,"distribution":"{\"name\": \"FloatDistribution\", \"attributes\": {\"step\": null, \"low\": 0.0001, \"high\": 0.1, \"log\": true}}"}
{"op_code":5,"worker_id":"b1f084e6-6c5f-4c4d-aac2-bc0b5311ee14-140193173047104","trial_id":148,"param_name":"dropout","param_value_internal":0.13005043969764277,"distribution":"{\"name\": \"FloatDistribution\", \"attributes\": {\"step\": null, \"low\": 0.0, \"high\": 0.5, \"log\": false}}"}
{"op_code":5,"worker_id":"b1f084e6-6c5f-4c4d-aac2-bc0b5311ee14-140193173047104","trial_id":148,"param_name":"nodes","param_value_internal":0,"distribution":"{\"name\": \"CategoricalDistribution\", \"attributes\": {\"choices\": [[64, 64], [128, 64], [256, 128]]}}"}
{"op_code":6,"worker_id":"b1f084e6-6c5f-4c4d-aac2-bc0b5311ee14-140193173047104","trial_id":148,"state":1,"values":[0.845032780724099],"datetime_complete":"2026-03-21T11:04:06.588806"}
{"op_code":4,"worker_id":"b1f084e6-6c5f-4c4d-aac2-bc0b5311ee14-140193173047104","study_id":0,"datetime_start":"2026-03-21T11:04:06.627234"}
{"op_code":5,"worker_id":"b1f084e6-6c5f-4c4d-aac2-bc0b5311ee14-140193173047104","trial_id":149,"param_name":"lr","param_value_internal":0.00011059959252045095,"distribution":"{\"name\": \"FloatDistribution\", \"attributes\": {\"step\": null, \"low\": 0.0001, \"high\": 0.1, \"log\": true}}"}
{"op_code":5,"worker_id":"b1f084e6-6c5f-4c4d-aac2-bc0b5311ee14-140193173047104","trial_id":149,"param_name":"dropout","param_value_internal":0.40872786226481694,"distribution":"{\"name\": \"FloatDistribution\", \"attributes\": {\"step\": null, \"low\": 0.0, \"high\": 0.5, \"log\": false}}"}
{"op_code":5,"worker_id":"b1f084e6-6c5f-4c4d-aac2-bc0b5311ee14-140193173047104","trial_id":149,"param_name":"nodes","param_value_internal":0,"distribution":"{\"name\": \"CategoricalDistribution\", \"attributes\": {\"choices\": [[64, 64], [128, 64], [256, 128]]}}"}
{"op_code":6,"worker_id":"b1f084e6-6c5f-4c4d-aac2-bc0b5311ee14-140193173047104","trial_id":149,"state":1,"values":[0.8486866830918278],"datetime_complete":"2026-03-21T11:04:11.914465"}
{"op_code":4,"worker_id":"b1f084e6-6c5f-4c4d-aac2-bc0b5311ee14-140193173047104","study_id":0,"datetime_start":"2026-03-21T11:04:12.959898"}
{"op_code":5,"worker_id":"b1f084e6-6c5f-4c4d-aac2-bc0b5311ee14-140193173047104","trial_id":150,"param_name":"lr","param_value_internal":0.0004682599731965847,"distribution":"{\"name\": \"FloatDistribution\", \"attributes\": {\"step\": null, \"low\": 0.0001, \"high\": 0.1, \"log\": true}}"}
{"op_code":5,"worker_id":"b1f084e6-6c5f-4c4d-aac2-bc0b5311ee14-140193173047104","trial_id":150,"param_name":"dropout","param_value_internal":0.289521616583286,"distribution":"{\"name\": \"FloatDistribution\", \"attributes\": {\"step\": null, \"low\": 0.0, \"high\": 0.5, \"log\": false}}"}
{"op_code":5,"worker_id":"b1f084e6-6c5f-4c4d-aac2-bc0b5311ee14-140193173047104","trial_id":150,"param_name":"nodes","param_value_internal":0,"distribution":"{\"name\": \"CategoricalDistribution\", \"attributes\": {\"choices\": [[64, 64], [128, 64], [256, 128]]}}"}
{"op_code":6,"worker_id":"b1f084e6-6c5f-4c4d-aac2-bc0b5311ee14-140193173047104","trial_id":150,"state":1,"values":[0.8653067190044682],"datetime_complete":"2026-03-21T11:04:18.206910"}
{"op_code":4,"worker_id":"b1f084e6-6c5f-4c4d-aac2-bc0b5311ee14-140193173047104","study_id":0,"datetime_start":"2026-03-21T11:04:18.221599"}
{"op_code":5,"worker_id":"b1f084e6-6c5f-4c4d-aac2-bc0b5311ee14-140193173047104","trial_id":151,"param_name":"lr","param_value_internal":0.0002592937222627455,"distribution":"{\"name\": \"FloatDistribution\", \"attributes\": {\"step\": null, \"low\": 0.0001, \"high\": 0.1, \"log\": true}}"}
{"op_code":5,"worker_id":"b1f084e6-6c5f-4c4d-aac2-bc0b5311ee14-140193173047104","trial_id":151,"param_name":"dropout","param_value_internal":0.17043289274697165,"distribution":"{\"name\": \"FloatDistribution\", \"attributes\": {\"step\": null, \"low\": 0.0, \"high\": 0.5, \"log\": false}}"}
{"op_code":5,"worker_id":"b1f084e6-6c5f-4c4d-aac2-bc0b5311ee14-140193173047104","trial_id":151,"param_name":"nodes","param_value_internal":2,"distribution":"{\"name\": \"CategoricalDistribution\", \"attributes\": {\"choices\": [[64, 64], [128, 64], [256, 128]]}}"}
{"op_code":6,"worker_id":"b1f084e6-6c5f-4c4d-aac2-bc0b5311ee14-140193173047104","trial_id":151,"state":1,"values":[0.8533010397962166],"datetime_complete":"2026-03-21T11:04:23.525428"}
{"op_code":0,"worker_id":"cf53f86a-5888-454e-aee7-7d77dd9d3edd-140193173047104","study_name":"embedding_cox_tuning","directions":[2]}
{"op_code":4,"worker_id":"cf53f86a-5888-454e-aee7-7d77dd9d3edd-140193173047104","study_id":0,"datetime_start":"2026-03-21T11:19:25.408384"}
{"op_code":5,"worker_id":"cf53f86a-5888-454e-aee7-7d77dd9d3edd-140193173047104","trial_id":152,"param_name":"lr","param_value_internal":0.00013257314302372945,"distribution":"{\"name\": \"FloatDistribution\", \"attributes\": {\"step\": null, \"low\": 0.0001, \"high\": 0.1, \"log\": true}}"}
{"op_code":5,"worker_id":"cf53f86a-5888-454e-aee7-7d77dd9d3edd-140193173047104","trial_id":152,"param_name":"dropout","param_value_internal":0.4266696092400391,"distribution":"{\"name\": \"FloatDistribution\", \"attributes\": {\"step\": null, \"low\": 0.0, \"high\": 0.5, \"log\": false}}"}
{"op_code":5,"worker_id":"cf53f86a-5888-454e-aee7-7d77dd9d3edd-140193173047104","trial_id":152,"param_name":"nodes","param_value_internal":0,"distribution":"{\"name\": \"CategoricalDistribution\", \"attributes\": {\"choices\": [[64, 64], [128, 64], [256, 128]]}}"}
{"op_code":6,"worker_id":"cf53f86a-5888-454e-aee7-7d77dd9d3edd-140193173047104","trial_id":152,"state":1,"values":[0.9979510296076222],"datetime_complete":"2026-03-21T11:19:30.782483"}
{"op_code":4,"worker_id":"cf53f86a-5888-454e-aee7-7d77dd9d3edd-140193173047104","study_id":0,"datetime_start":"2026-03-21T11:19:30.800136"}
{"op_code":5,"worker_id":"cf53f86a-5888-454e-aee7-7d77dd9d3edd-140193173047104","trial_id":153,"param_name":"lr","param_value_internal":0.00012768247899819435,"distribution":"{\"name\": \"FloatDistribution\", \"attributes\": {\"step\": null, \"low\": 0.0001, \"high\": 0.1, \"log\": true}}"}
{"op_code":5,"worker_id":"cf53f86a-5888-454e-aee7-7d77dd9d3edd-140193173047104","trial_id":153,"param_name":"dropout","param_value_internal":0.4290675713271569,"distribution":"{\"name\": \"FloatDistribution\", \"attributes\": {\"step\": null, \"low\": 0.0, \"high\": 0.5, \"log\": false}}"}
{"op_code":5,"worker_id":"cf53f86a-5888-454e-aee7-7d77dd9d3edd-140193173047104","trial_id":153,"param_name":"nodes","param_value_internal":0,"distribution":"{\"name\": \"CategoricalDistribution\", \"attributes\": {\"choices\": [[64, 64], [128, 64], [256, 128]]}}"}
{"op_code":6,"worker_id":"cf53f86a-5888-454e-aee7-7d77dd9d3edd-140193173047104","trial_id":153,"state":1,"values":[0.9978485810880032],"datetime_complete":"2026-03-21T11:19:36.139686"}
{"op_code":4,"worker_id":"cf53f86a-5888-454e-aee7-7d77dd9d3edd-140193173047104","study_id":0,"datetime_start":"2026-03-21T11:19:36.155103"}
{"op_code":5,"worker_id":"cf53f86a-5888-454e-aee7-7d77dd9d3edd-140193173047104","trial_id":154,"param_name":"lr","param_value_internal":0.00012969093280015267,"distribution":"{\"name\": \"FloatDistribution\", \"attributes\": {\"step\": null, \"low\": 0.0001, \"high\": 0.1, \"log\": true}}"}
{"op_code":5,"worker_id":"cf53f86a-5888-454e-aee7-7d77dd9d3edd-140193173047104","trial_id":154,"param_name":"dropout","param_value_internal":0.42748898396568324,"distribution":"{\"name\": \"FloatDistribution\", \"attributes\": {\"step\": null, \"low\": 0.0, \"high\": 0.5, \"log\": false}}"}
{"op_code":5,"worker_id":"cf53f86a-5888-454e-aee7-7d77dd9d3edd-140193173047104","trial_id":154,"param_name":"nodes","param_value_internal":0,"distribution":"{\"name\": \"CategoricalDistribution\", \"attributes\": {\"choices\": [[64, 64], [128, 64], [256, 128]]}}"}
{"op_code":6,"worker_id":"cf53f86a-5888-454e-aee7-7d77dd9d3edd-140193173047104","trial_id":154,"state":1,"values":[0.9983608236860977],"datetime_complete":"2026-03-21T11:19:41.496744"}
{"op_code":4,"worker_id":"cf53f86a-5888-454e-aee7-7d77dd9d3edd-140193173047104","study_id":0,"datetime_start":"2026-03-21T11:19:41.531869"}
{"op_code":5,"worker_id":"cf53f86a-5888-454e-aee7-7d77dd9d3edd-140193173047104","trial_id":155,"param_name":"lr","param_value_internal":0.0001283025921448104,"distribution":"{\"name\": \"FloatDistribution\", \"attributes\": {\"step\": null, \"low\": 0.0001, \"high\": 0.1, \"log\": true}}"}
{"op_code":5,"worker_id":"cf53f86a-5888-454e-aee7-7d77dd9d3edd-140193173047104","trial_id":155,"param_name":"dropout","param_value_internal":0.4266618808443992,"distribution":"{\"name\": \"FloatDistribution\", \"attributes\": {\"step\": null, \"low\": 0.0, \"high\": 0.5, \"log\": false}}"}
{"op_code":5,"worker_id":"cf53f86a-5888-454e-aee7-7d77dd9d3edd-140193173047104","trial_id":155,"param_name":"nodes","param_value_internal":0,"distribution":"{\"name\": \"CategoricalDistribution\", \"attributes\": {\"choices\": [[64, 64], [128, 64], [256, 128]]}}"}
{"op_code":6,"worker_id":"cf53f86a-5888-454e-aee7-7d77dd9d3edd-140193173047104","trial_id":155,"state":1,"values":[0.997131441450671],"datetime_complete":"2026-03-21T11:19:46.983472"}
{"op_code":4,"worker_id":"cf53f86a-5888-454e-aee7-7d77dd9d3edd-140193173047104","study_id":0,"datetime_start":"2026-03-21T11:19:47.002236"}
{"op_code":5,"worker_id":"cf53f86a-5888-454e-aee7-7d77dd9d3edd-140193173047104","trial_id":156,"param_name":"lr","param_value_internal":0.00011962387014241288,"distribution":"{\"name\": \"FloatDistribution\", \"attributes\": {\"step\": null, \"low\": 0.0001, \"high\": 0.1, \"log\": true}}"}
{"op_code":5,"worker_id":"cf53f86a-5888-454e-aee7-7d77dd9d3edd-140193173047104","trial_id":156,"param_name":"dropout","param_value_internal":0.421516339372876,"distribution":"{\"name\": \"FloatDistribution\", \"attributes\": {\"step\": null, \"low\": 0.0, \"high\": 0.5, \"log\": false}}"}
{"op_code":5,"worker_id":"cf53f86a-5888-454e-aee7-7d77dd9d3edd-140193173047104","trial_id":156,"param_name":"nodes","param_value_internal":0,"distribution":"{\"name\": \"CategoricalDistribution\", \"attributes\": {\"choices\": [[64, 64], [128, 64], [256, 128]]}}"}
{"op_code":6,"worker_id":"cf53f86a-5888-454e-aee7-7d77dd9d3edd-140193173047104","trial_id":156,"state":1,"values":[0.9974387870095277],"datetime_complete":"2026-03-21T11:19:52.658514"}
{"op_code":4,"worker_id":"cf53f86a-5888-454e-aee7-7d77dd9d3edd-140193173047104","study_id":0,"datetime_start":"2026-03-21T11:19:52.678813"}
{"op_code":5,"worker_id":"cf53f86a-5888-454e-aee7-7d77dd9d3edd-140193173047104","trial_id":157,"param_name":"lr","param_value_internal":0.00012623565609177,"distribution":"{\"name\": \"FloatDistribution\", \"attributes\": {\"step\": null, \"low\": 0.0001, \"high\": 0.1, \"log\": true}}"}
{"op_code":5,"worker_id":"cf53f86a-5888-454e-aee7-7d77dd9d3edd-140193173047104","trial_id":157,"param_name":"dropout","param_value_internal":0.4213128538663806,"distribution":"{\"name\": \"FloatDistribution\", \"attributes\": {\"step\": null, \"low\": 0.0, \"high\": 0.5, \"log\": false}}"}
{"op_code":5,"worker_id":"cf53f86a-5888-454e-aee7-7d77dd9d3edd-140193173047104","trial_id":157,"param_name":"nodes","param_value_internal":0,"distribution":"{\"name\": \"CategoricalDistribution\", \"attributes\": {\"choices\": [[64, 64], [128, 64], [256, 128]]}}"}
{"op_code":6,"worker_id":"cf53f86a-5888-454e-aee7-7d77dd9d3edd-140193173047104","trial_id":157,"state":1,"values":[0.9980534781272411],"datetime_complete":"2026-03-21T11:19:58.275049"}
{"op_code":4,"worker_id":"cf53f86a-5888-454e-aee7-7d77dd9d3edd-140193173047104","study_id":0,"datetime_start":"2026-03-21T11:19:58.299857"}
{"op_code":5,"worker_id":"cf53f86a-5888-454e-aee7-7d77dd9d3edd-140193173047104","trial_id":158,"param_name":"lr","param_value_internal":0.0001239688842651548,"distribution":"{\"name\": \"FloatDistribution\", \"attributes\": {\"step\": null, \"low\": 0.0001, \"high\": 0.1, \"log\": true}}"}
{"op_code":5,"worker_id":"cf53f86a-5888-454e-aee7-7d77dd9d3edd-140193173047104","trial_id":158,"param_name":"dropout","param_value_internal":0.42144625879294373,"distribution":"{\"name\": \"FloatDistribution\", \"attributes\": {\"step\": null, \"low\": 0.0, \"high\": 0.5, \"log\": false}}"}
{"op_code":5,"worker_id":"cf53f86a-5888-454e-aee7-7d77dd9d3edd-140193173047104","trial_id":158,"param_name":"nodes","param_value_internal":0,"distribution":"{\"name\": \"CategoricalDistribution\", \"attributes\": {\"choices\": [[64, 64], [128, 64], [256, 128]]}}"}
{"op_code":6,"worker_id":"cf53f86a-5888-454e-aee7-7d77dd9d3edd-140193173047104","trial_id":158,"state":1,"values":[0.997131441450671],"datetime_complete":"2026-03-21T11:20:03.880701"}
{"op_code":4,"worker_id":"cf53f86a-5888-454e-aee7-7d77dd9d3edd-140193173047104","study_id":0,"datetime_start":"2026-03-21T11:20:03.900588"}
{"op_code":5,"worker_id":"cf53f86a-5888-454e-aee7-7d77dd9d3edd-140193173047104","trial_id":159,"param_name":"lr","param_value_internal":0.00012725990734868635,"distribution":"{\"name\": \"FloatDistribution\", \"attributes\": {\"step\": null, \"low\": 0.0001, \"high\": 0.1, \"log\": true}}"}
{"op_code":5,"worker_id":"cf53f86a-5888-454e-aee7-7d77dd9d3edd-140193173047104","trial_id":159,"param_name":"dropout","param_value_internal":0.4208692267315862,"distribution":"{\"name\": \"FloatDistribution\", \"attributes\": {\"step\": null, \"low\": 0.0, \"high\": 0.5, \"log\": false}}"}
{"op_code":5,"worker_id":"cf53f86a-5888-454e-aee7-7d77dd9d3edd-140193173047104","trial_id":159,"param_name":"nodes","param_value_internal":0,"distribution":"{\"name\": \"CategoricalDistribution\", \"attributes\": {\"choices\": [[64, 64], [128, 64], [256, 128]]}}"}
{"op_code":6,"worker_id":"cf53f86a-5888-454e-aee7-7d77dd9d3edd-140193173047104","trial_id":159,"state":1,"values":[0.9968240958918143],"datetime_complete":"2026-03-21T11:20:09.377095"}
{"op_code":4,"worker_id":"cf53f86a-5888-454e-aee7-7d77dd9d3edd-140193173047104","study_id":0,"datetime_start":"2026-03-21T11:20:09.403521"}
{"op_code":5,"worker_id":"cf53f86a-5888-454e-aee7-7d77dd9d3edd-140193173047104","trial_id":160,"param_name":"lr","param_value_internal":0.0001248812070181367,"distribution":"{\"name\": \"FloatDistribution\", \"attributes\": {\"step\": null, \"low\": 0.0001, \"high\": 0.1, \"log\": true}}"}
{"op_code":5,"worker_id":"cf53f86a-5888-454e-aee7-7d77dd9d3edd-140193173047104","trial_id":160,"param_name":"dropout","param_value_internal":0.422378576254174,"distribution":"{\"name\": \"FloatDistribution\", \"attributes\": {\"step\": null, \"low\": 0.0, \"high\": 0.5, \"log\": false}}"}
{"op_code":5,"worker_id":"cf53f86a-5888-454e-aee7-7d77dd9d3edd-140193173047104","trial_id":160,"param_name":"nodes","param_value_internal":0,"distribution":"{\"name\": \"CategoricalDistribution\", \"attributes\": {\"choices\": [[64, 64], [128, 64], [256, 128]]}}"}
{"op_code":6,"worker_id":"cf53f86a-5888-454e-aee7-7d77dd9d3edd-140193173047104","trial_id":160,"state":1,"values":[0.9978485810880032],"datetime_complete":"2026-03-21T11:20:14.887459"}
{"op_code":4,"worker_id":"cf53f86a-5888-454e-aee7-7d77dd9d3edd-140193173047104","study_id":0,"datetime_start":"2026-03-21T11:20:14.904289"}
{"op_code":5,"worker_id":"cf53f86a-5888-454e-aee7-7d77dd9d3edd-140193173047104","trial_id":161,"param_name":"lr","param_value_internal":0.0001259481248481055,"distribution":"{\"name\": \"FloatDistribution\", \"attributes\": {\"step\": null, \"low\": 0.0001, \"high\": 0.1, \"log\": true}}"}
{"op_code":5,"worker_id":"cf53f86a-5888-454e-aee7-7d77dd9d3edd-140193173047104","trial_id":161,"param_name":"dropout","param_value_internal":0.42309133792331755,"distribution":"{\"name\": \"FloatDistribution\", \"attributes\": {\"step\": null, \"low\": 0.0, \"high\": 0.5, \"log\": false}}"}
{"op_code":5,"worker_id":"cf53f86a-5888-454e-aee7-7d77dd9d3edd-140193173047104","trial_id":161,"param_name":"nodes","param_value_internal":0,"distribution":"{\"name\": \"CategoricalDistribution\", \"attributes\": {\"choices\": [[64, 64], [128, 64], [256, 128]]}}"}
{"op_code":6,"worker_id":"cf53f86a-5888-454e-aee7-7d77dd9d3edd-140193173047104","trial_id":161,"state":1,"values":[0.9980534781272411],"datetime_complete":"2026-03-21T11:20:20.168523"}
{"op_code":0,"worker_id":"c61f3a44-d397-4fec-88ea-a75e14d824af-140193173047104","study_name":"embedding_cox_tuning","directions":[2]}
{"op_code":4,"worker_id":"c61f3a44-d397-4fec-88ea-a75e14d824af-140193173047104","study_id":0,"datetime_start":"2026-03-21T11:34:52.416120"}
{"op_code":5,"worker_id":"c61f3a44-d397-4fec-88ea-a75e14d824af-140193173047104","trial_id":162,"param_name":"lr","param_value_internal":0.00012776297914025476,"distribution":"{\"name\": \"FloatDistribution\", \"attributes\": {\"step\": null, \"low\": 0.0001, \"high\": 0.1, \"log\": true}}"}
{"op_code":5,"worker_id":"c61f3a44-d397-4fec-88ea-a75e14d824af-140193173047104","trial_id":162,"param_name":"dropout","param_value_internal":0.4211574581703873,"distribution":"{\"name\": \"FloatDistribution\", \"attributes\": {\"step\": null, \"low\": 0.0, \"high\": 0.5, \"log\": false}}"}
{"op_code":5,"worker_id":"c61f3a44-d397-4fec-88ea-a75e14d824af-140193173047104","trial_id":162,"param_name":"nodes","param_value_internal":0,"distribution":"{\"name\": \"CategoricalDistribution\", \"attributes\": {\"choices\": [[64, 64], [128, 64], [256, 128]]}}"}
{"op_code":6,"worker_id":"c61f3a44-d397-4fec-88ea-a75e14d824af-140193173047104","trial_id":162,"state":1,"values":[0.9981818181818182],"datetime_complete":"2026-03-21T11:34:58.034493"}
{"op_code":4,"worker_id":"c61f3a44-d397-4fec-88ea-a75e14d824af-140193173047104","study_id":0,"datetime_start":"2026-03-21T11:34:58.054564"}
{"op_code":5,"worker_id":"c61f3a44-d397-4fec-88ea-a75e14d824af-140193173047104","trial_id":163,"param_name":"lr","param_value_internal":0.00013090843577634784,"distribution":"{\"name\": \"FloatDistribution\", \"attributes\": {\"step\": null, \"low\": 0.0001, \"high\": 0.1, \"log\": true}}"}
{"op_code":5,"worker_id":"c61f3a44-d397-4fec-88ea-a75e14d824af-140193173047104","trial_id":163,"param_name":"dropout","param_value_internal":0.42309753144644,"distribution":"{\"name\": \"FloatDistribution\", \"attributes\": {\"step\": null, \"low\": 0.0, \"high\": 0.5, \"log\": false}}"}
{"op_code":5,"worker_id":"c61f3a44-d397-4fec-88ea-a75e14d824af-140193173047104","trial_id":163,"param_name":"nodes","param_value_internal":0,"distribution":"{\"name\": \"CategoricalDistribution\", \"attributes\": {\"choices\": [[64, 64], [128, 64], [256, 128]]}}"}
{"op_code":6,"worker_id":"c61f3a44-d397-4fec-88ea-a75e14d824af-140193173047104","trial_id":163,"state":1,"values":[0.9982954545454545],"datetime_complete":"2026-03-21T11:35:03.652383"}
{"op_code":4,"worker_id":"c61f3a44-d397-4fec-88ea-a75e14d824af-140193173047104","study_id":0,"datetime_start":"2026-03-21T11:35:03.666438"}
{"op_code":5,"worker_id":"c61f3a44-d397-4fec-88ea-a75e14d824af-140193173047104","trial_id":164,"param_name":"lr","param_value_internal":0.0001255271488074865,"distribution":"{\"name\": \"FloatDistribution\", \"attributes\": {\"step\": null, \"low\": 0.0001, \"high\": 0.1, \"log\": true}}"}
{"op_code":5,"worker_id":"c61f3a44-d397-4fec-88ea-a75e14d824af-140193173047104","trial_id":164,"param_name":"dropout","param_value_internal":0.42157279639460604,"distribution":"{\"name\": \"FloatDistribution\", \"attributes\": {\"step\": null, \"low\": 0.0, \"high\": 0.5, \"log\": false}}"}
{"op_code":5,"worker_id":"c61f3a44-d397-4fec-88ea-a75e14d824af-140193173047104","trial_id":164,"param_name":"nodes","param_value_internal":0,"distribution":"{\"name\": \"CategoricalDistribution\", \"attributes\": {\"choices\": [[64, 64], [128, 64], [256, 128]]}}"}
{"op_code":6,"worker_id":"c61f3a44-d397-4fec-88ea-a75e14d824af-140193173047104","trial_id":164,"state":1,"values":[0.9978409090909091],"datetime_complete":"2026-03-21T11:35:09.234542"}
{"op_code":4,"worker_id":"c61f3a44-d397-4fec-88ea-a75e14d824af-140193173047104","study_id":0,"datetime_start":"2026-03-21T11:35:09.250720"}
{"op_code":5,"worker_id":"c61f3a44-d397-4fec-88ea-a75e14d824af-140193173047104","trial_id":165,"param_name":"lr","param_value_internal":0.00012711537729966798,"distribution":"{\"name\": \"FloatDistribution\", \"attributes\": {\"step\": null, \"low\": 0.0001, \"high\": 0.1, \"log\": true}}"}
{"op_code":5,"worker_id":"c61f3a44-d397-4fec-88ea-a75e14d824af-140193173047104","trial_id":165,"param_name":"dropout","param_value_internal":0.4210732119587365,"distribution":"{\"name\": \"FloatDistribution\", \"attributes\": {\"step\": null, \"low\": 0.0, \"high\": 0.5, \"log\": false}}"}
{"op_code":5,"worker_id":"c61f3a44-d397-4fec-88ea-a75e14d824af-140193173047104","trial_id":165,"param_name":"nodes","param_value_internal":0,"distribution":"{\"name\": \"CategoricalDistribution\", \"attributes\": {\"choices\": [[64, 64], [128, 64], [256, 128]]}}"}
{"op_code":6,"worker_id":"c61f3a44-d397-4fec-88ea-a75e14d824af-140193173047104","trial_id":165,"state":1,"values":[0.9973863636363637],"datetime_complete":"2026-03-21T11:35:14.775751"}
{"op_code":4,"worker_id":"c61f3a44-d397-4fec-88ea-a75e14d824af-140193173047104","study_id":0,"datetime_start":"2026-03-21T11:35:14.806190"}
{"op_code":5,"worker_id":"c61f3a44-d397-4fec-88ea-a75e14d824af-140193173047104","trial_id":166,"param_name":"lr","param_value_internal":0.000124522144042477,"distribution":"{\"name\": \"FloatDistribution\", \"attributes\": {\"step\": null, \"low\": 0.0001, \"high\": 0.1, \"log\": true}}"}
{"op_code":5,"worker_id":"c61f3a44-d397-4fec-88ea-a75e14d824af-140193173047104","trial_id":166,"param_name":"dropout","param_value_internal":0.42134102614834257,"distribution":"{\"name\": \"FloatDistribution\", \"attributes\": {\"step\": null, \"low\": 0.0, \"high\": 0.5, \"log\": false}}"}
{"op_code":5,"worker_id":"c61f3a44-d397-4fec-88ea-a75e14d824af-140193173047104","trial_id":166,"param_name":"nodes","param_value_internal":0,"distribution":"{\"name\": \"CategoricalDistribution\", \"attributes\": {\"choices\": [[64, 64], [128, 64], [256, 128]]}}"}
{"op_code":6,"worker_id":"c61f3a44-d397-4fec-88ea-a75e14d824af-140193173047104","trial_id":166,"state":1,"values":[0.9980681818181818],"datetime_complete":"2026-03-21T11:35:20.384133"}
{"op_code":4,"worker_id":"c61f3a44-d397-4fec-88ea-a75e14d824af-140193173047104","study_id":0,"datetime_start":"2026-03-21T11:35:20.399981"}
{"op_code":5,"worker_id":"c61f3a44-d397-4fec-88ea-a75e14d824af-140193173047104","trial_id":167,"param_name":"lr","param_value_internal":0.00012746644707642538,"distribution":"{\"name\": \"FloatDistribution\", \"attributes\": {\"step\": null, \"low\": 0.0001, \"high\": 0.1, \"log\": true}}"}
{"op_code":5,"worker_id":"c61f3a44-d397-4fec-88ea-a75e14d824af-140193173047104","trial_id":167,"param_name":"dropout","param_value_internal":0.4246608237622036,"distribution":"{\"name\": \"FloatDistribution\", \"attributes\": {\"step\": null, \"low\": 0.0, \"high\": 0.5, \"log\": false}}"}
{"op_code":5,"worker_id":"c61f3a44-d397-4fec-88ea-a75e14d824af-140193173047104","trial_id":167,"param_name":"nodes","param_value_internal":0,"distribution":"{\"name\": \"CategoricalDistribution\", \"attributes\": {\"choices\": [[64, 64], [128, 64], [256, 128]]}}"}
{"op_code":6,"worker_id":"c61f3a44-d397-4fec-88ea-a75e14d824af-140193173047104","trial_id":167,"state":1,"values":[0.9977272727272727],"datetime_complete":"2026-03-21T11:35:25.922654"}
{"op_code":4,"worker_id":"c61f3a44-d397-4fec-88ea-a75e14d824af-140193173047104","study_id":0,"datetime_start":"2026-03-21T11:35:25.949943"}
{"op_code":5,"worker_id":"c61f3a44-d397-4fec-88ea-a75e14d824af-140193173047104","trial_id":168,"param_name":"lr","param_value_internal":0.00012489548571050234,"distribution":"{\"name\": \"FloatDistribution\", \"attributes\": {\"step\": null, \"low\": 0.0001, \"high\": 0.1, \"log\": true}}"}
{"op_code":5,"worker_id":"c61f3a44-d397-4fec-88ea-a75e14d824af-140193173047104","trial_id":168,"param_name":"dropout","param_value_internal":0.4213930213484666,"distribution":"{\"name\": \"FloatDistribution\", \"attributes\": {\"step\": null, \"low\": 0.0, \"high\": 0.5, \"log\": false}}"}
{"op_code":5,"worker_id":"c61f3a44-d397-4fec-88ea-a75e14d824af-140193173047104","trial_id":168,"param_name":"nodes","param_value_internal":0,"distribution":"{\"name\": \"CategoricalDistribution\", \"attributes\": {\"choices\": [[64, 64], [128, 64], [256, 128]]}}"}
{"op_code":6,"worker_id":"c61f3a44-d397-4fec-88ea-a75e14d824af-140193173047104","trial_id":168,"state":1,"values":[0.9984090909090909],"datetime_complete":"2026-03-21T11:35:31.576837"}
{"op_code":4,"worker_id":"c61f3a44-d397-4fec-88ea-a75e14d824af-140193173047104","study_id":0,"datetime_start":"2026-03-21T11:35:31.596776"}
{"op_code":5,"worker_id":"c61f3a44-d397-4fec-88ea-a75e14d824af-140193173047104","trial_id":169,"param_name":"lr","param_value_internal":0.00012848533316257255,"distribution":"{\"name\": \"FloatDistribution\", \"attributes\": {\"step\": null, \"low\": 0.0001, \"high\": 0.1, \"log\": true}}"}
{"op_code":5,"worker_id":"c61f3a44-d397-4fec-88ea-a75e14d824af-140193173047104","trial_id":169,"param_name":"dropout","param_value_internal":0.4206284062935499,"distribution":"{\"name\": \"FloatDistribution\", \"attributes\": {\"step\": null, \"low\": 0.0, \"high\": 0.5, \"log\": false}}"}
{"op_code":5,"worker_id":"c61f3a44-d397-4fec-88ea-a75e14d824af-140193173047104","trial_id":169,"param_name":"nodes","param_value_internal":0,"distribution":"{\"name\": \"CategoricalDistribution\", \"attributes\": {\"choices\": [[64, 64], [128, 64], [256, 128]]}}"}
{"op_code":6,"worker_id":"c61f3a44-d397-4fec-88ea-a75e14d824af-140193173047104","trial_id":169,"state":1,"values":[0.9979545454545454],"datetime_complete":"2026-03-21T11:35:37.052056"}
{"op_code":4,"worker_id":"c61f3a44-d397-4fec-88ea-a75e14d824af-140193173047104","study_id":0,"datetime_start":"2026-03-21T11:35:37.071773"}
{"op_code":5,"worker_id":"c61f3a44-d397-4fec-88ea-a75e14d824af-140193173047104","trial_id":170,"param_name":"lr","param_value_internal":0.00015389596013413035,"distribution":"{\"name\": \"FloatDistribution\", \"attributes\": {\"step\": null, \"low\": 0.0001, \"high\": 0.1, \"log\": true}}"}
{"op_code":5,"worker_id":"c61f3a44-d397-4fec-88ea-a75e14d824af-140193173047104","trial_id":170,"param_name":"dropout","param_value_internal":0.39993008194722784,"distribution":"{\"name\": \"FloatDistribution\", \"attributes\": {\"step\": null, \"low\": 0.0, \"high\": 0.5, \"log\": false}}"}
{"op_code":5,"worker_id":"c61f3a44-d397-4fec-88ea-a75e14d824af-140193173047104","trial_id":170,"param_name":"nodes","param_value_internal":0,"distribution":"{\"name\": \"CategoricalDistribution\", \"attributes\": {\"choices\": [[64, 64], [128, 64], [256, 128]]}}"}
{"op_code":6,"worker_id":"c61f3a44-d397-4fec-88ea-a75e14d824af-140193173047104","trial_id":170,"state":1,"values":[0.9981818181818182],"datetime_complete":"2026-03-21T11:35:42.688095"}
{"op_code":4,"worker_id":"c61f3a44-d397-4fec-88ea-a75e14d824af-140193173047104","study_id":0,"datetime_start":"2026-03-21T11:35:42.700858"}
{"op_code":5,"worker_id":"c61f3a44-d397-4fec-88ea-a75e14d824af-140193173047104","trial_id":171,"param_name":"lr","param_value_internal":0.00015526665599924382,"distribution":"{\"name\": \"FloatDistribution\", \"attributes\": {\"step\": null, \"low\": 0.0001, \"high\": 0.1, \"log\": true}}"}
{"op_code":5,"worker_id":"c61f3a44-d397-4fec-88ea-a75e14d824af-140193173047104","trial_id":171,"param_name":"dropout","param_value_internal":0.3978866125329369,"distribution":"{\"name\": \"FloatDistribution\", \"attributes\": {\"step\": null, \"low\": 0.0, \"high\": 0.5, \"log\": false}}"}
{"op_code":5,"worker_id":"c61f3a44-d397-4fec-88ea-a75e14d824af-140193173047104","trial_id":171,"param_name":"nodes","param_value_internal":0,"distribution":"{\"name\": \"CategoricalDistribution\", \"attributes\": {\"choices\": [[64, 64], [128, 64], [256, 128]]}}"}
{"op_code":6,"worker_id":"c61f3a44-d397-4fec-88ea-a75e14d824af-140193173047104","trial_id":171,"state":1,"values":[0.9984090909090909],"datetime_complete":"2026-03-21T11:35:48.220453"}
{"op_code":0,"worker_id":"c1b7feaf-9676-491a-97ff-ae2c64d6f7e6-140193173047104","study_name":"embedding_cox_tuning","directions":[2]}
{"op_code":4,"worker_id":"c1b7feaf-9676-491a-97ff-ae2c64d6f7e6-140193173047104","study_id":0,"datetime_start":"2026-03-21T11:50:46.137337"}
{"op_code":5,"worker_id":"c1b7feaf-9676-491a-97ff-ae2c64d6f7e6-140193173047104","trial_id":172,"param_name":"lr","param_value_internal":0.0001586263957078009,"distribution":"{\"name\": \"FloatDistribution\", \"attributes\": {\"step\": null, \"low\": 0.0001, \"high\": 0.1, \"log\": true}}"}
{"op_code":5,"worker_id":"c1b7feaf-9676-491a-97ff-ae2c64d6f7e6-140193173047104","trial_id":172,"param_name":"dropout","param_value_internal":0.3990203810653586,"distribution":"{\"name\": \"FloatDistribution\", \"attributes\": {\"step\": null, \"low\": 0.0, \"high\": 0.5, \"log\": false}}"}
{"op_code":5,"worker_id":"c1b7feaf-9676-491a-97ff-ae2c64d6f7e6-140193173047104","trial_id":172,"param_name":"nodes","param_value_internal":0,"distribution":"{\"name\": \"CategoricalDistribution\", \"attributes\": {\"choices\": [[64, 64], [128, 64], [256, 128]]}}"}
{"op_code":6,"worker_id":"c1b7feaf-9676-491a-97ff-ae2c64d6f7e6-140193173047104","trial_id":172,"state":1,"values":[0.9981820247699125],"datetime_complete":"2026-03-21T11:50:51.732005"}
{"op_code":4,"worker_id":"c1b7feaf-9676-491a-97ff-ae2c64d6f7e6-140193173047104","study_id":0,"datetime_start":"2026-03-21T11:50:51.744689"}
{"op_code":5,"worker_id":"c1b7feaf-9676-491a-97ff-ae2c64d6f7e6-140193173047104","trial_id":173,"param_name":"lr","param_value_internal":0.00015410149570805362,"distribution":"{\"name\": \"FloatDistribution\", \"attributes\": {\"step\": null, \"low\": 0.0001, \"high\": 0.1, \"log\": true}}"}
{"op_code":5,"worker_id":"c1b7feaf-9676-491a-97ff-ae2c64d6f7e6-140193173047104","trial_id":173,"param_name":"dropout","param_value_internal":0.40022576895200834,"distribution":"{\"name\": \"FloatDistribution\", \"attributes\": {\"step\": null, \"low\": 0.0, \"high\": 0.5, \"log\": false}}"}
{"op_code":5,"worker_id":"c1b7feaf-9676-491a-97ff-ae2c64d6f7e6-140193173047104","trial_id":173,"param_name":"nodes","param_value_internal":0,"distribution":"{\"name\": \"CategoricalDistribution\", \"attributes\": {\"choices\": [[64, 64], [128, 64], [256, 128]]}}"}
{"op_code":6,"worker_id":"c1b7feaf-9676-491a-97ff-ae2c64d6f7e6-140193173047104","trial_id":173,"state":1,"values":[0.9977275309623906],"datetime_complete":"2026-03-21T11:50:57.317969"}
{"op_code":4,"worker_id":"c1b7feaf-9676-491a-97ff-ae2c64d6f7e6-140193173047104","study_id":0,"datetime_start":"2026-03-21T11:50:57.344446"}
{"op_code":5,"worker_id":"c1b7feaf-9676-491a-97ff-ae2c64d6f7e6-140193173047104","trial_id":174,"param_name":"lr","param_value_internal":0.00015793873465536678,"distribution":"{\"name\": \"FloatDistribution\", \"attributes\": {\"step\": null, \"low\": 0.0001, \"high\": 0.1, \"log\": true}}"}
{"op_code":5,"worker_id":"c1b7feaf-9676-491a-97ff-ae2c64d6f7e6-140193173047104","trial_id":174,"param_name":"dropout","param_value_internal":0.4015084627900648,"distribution":"{\"name\": \"FloatDistribution\", \"attributes\": {\"step\": null, \"low\": 0.0, \"high\": 0.5, \"log\": false}}"}
{"op_code":5,"worker_id":"c1b7feaf-9676-491a-97ff-ae2c64d6f7e6-140193173047104","trial_id":174,"param_name":"nodes","param_value_internal":0,"distribution":"{\"name\": \"CategoricalDistribution\", \"attributes\": {\"choices\": [[64, 64], [128, 64], [256, 128]]}}"}
{"op_code":6,"worker_id":"c1b7feaf-9676-491a-97ff-ae2c64d6f7e6-140193173047104","trial_id":174,"state":1,"values":[0.9980684013180321],"datetime_complete":"2026-03-21T11:51:02.715345"}
{"op_code":4,"worker_id":"c1b7feaf-9676-491a-97ff-ae2c64d6f7e6-140193173047104","study_id":0,"datetime_start":"2026-03-21T11:51:02.729104"}
{"op_code":5,"worker_id":"c1b7feaf-9676-491a-97ff-ae2c64d6f7e6-140193173047104","trial_id":175,"param_name":"lr","param_value_internal":0.00015603082048747373,"distribution":"{\"name\": \"FloatDistribution\", \"attributes\": {\"step\": null, \"low\": 0.0001, \"high\": 0.1, \"log\": true}}"}
{"op_code":5,"worker_id":"c1b7feaf-9676-491a-97ff-ae2c64d6f7e6-140193173047104","trial_id":175,"param_name":"dropout","param_value_internal":0.4028434272155559,"distribution":"{\"name\": \"FloatDistribution\", \"attributes\": {\"step\": null, \"low\": 0.0, \"high\": 0.5, \"log\": false}}"}
{"op_code":5,"worker_id":"c1b7feaf-9676-491a-97ff-ae2c64d6f7e6-140193173047104","trial_id":175,"param_name":"nodes","param_value_internal":0,"distribution":"{\"name\": \"CategoricalDistribution\", \"attributes\": {\"choices\": [[64, 64], [128, 64], [256, 128]]}}"}
{"op_code":6,"worker_id":"c1b7feaf-9676-491a-97ff-ae2c64d6f7e6-140193173047104","trial_id":175,"state":1,"values":[0.9980684013180321],"datetime_complete":"2026-03-21T11:51:06.422702"}
{"op_code":4,"worker_id":"c1b7feaf-9676-491a-97ff-ae2c64d6f7e6-140193173047104","study_id":0,"datetime_start":"2026-03-21T11:51:06.445507"}
{"op_code":5,"worker_id":"c1b7feaf-9676-491a-97ff-ae2c64d6f7e6-140193173047104","trial_id":176,"param_name":"lr","param_value_internal":0.00015116357282214906,"distribution":"{\"name\": \"FloatDistribution\", \"attributes\": {\"step\": null, \"low\": 0.0001, \"high\": 0.1, \"log\": true}}"}
{"op_code":5,"worker_id":"c1b7feaf-9676-491a-97ff-ae2c64d6f7e6-140193173047104","trial_id":176,"param_name":"dropout","param_value_internal":0.391080668271855,"distribution":"{\"name\": \"FloatDistribution\", \"attributes\": {\"step\": null, \"low\": 0.0, \"high\": 0.5, \"log\": false}}"}
{"op_code":5,"worker_id":"c1b7feaf-9676-491a-97ff-ae2c64d6f7e6-140193173047104","trial_id":176,"param_name":"nodes","param_value_internal":0,"distribution":"{\"name\": \"CategoricalDistribution\", \"attributes\": {\"choices\": [[64, 64], [128, 64], [256, 128]]}}"}
{"op_code":6,"worker_id":"c1b7feaf-9676-491a-97ff-ae2c64d6f7e6-140193173047104","trial_id":176,"state":1,"values":[0.9979547778661516],"datetime_complete":"2026-03-21T11:51:11.738293"}
{"op_code":4,"worker_id":"c1b7feaf-9676-491a-97ff-ae2c64d6f7e6-140193173047104","study_id":0,"datetime_start":"2026-03-21T11:51:11.756886"}
{"op_code":5,"worker_id":"c1b7feaf-9676-491a-97ff-ae2c64d6f7e6-140193173047104","trial_id":177,"param_name":"lr","param_value_internal":0.0001617237424416448,"distribution":"{\"name\": \"FloatDistribution\", \"attributes\": {\"step\": null, \"low\": 0.0001, \"high\": 0.1, \"log\": true}}"}
{"op_code":5,"worker_id":"c1b7feaf-9676-491a-97ff-ae2c64d6f7e6-140193173047104","trial_id":177,"param_name":"dropout","param_value_internal":0.39050095194842893,"distribution":"{\"name\": \"FloatDistribution\", \"attributes\": {\"step\": null, \"low\": 0.0, \"high\": 0.5, \"log\": false}}"}
{"op_code":5,"worker_id":"c1b7feaf-9676-491a-97ff-ae2c64d6f7e6-140193173047104","trial_id":177,"param_name":"nodes","param_value_internal":0,"distribution":"{\"name\": \"CategoricalDistribution\", \"attributes\": {\"choices\": [[64, 64], [128, 64], [256, 128]]}}"}
{"op_code":6,"worker_id":"c1b7feaf-9676-491a-97ff-ae2c64d6f7e6-140193173047104","trial_id":177,"state":1,"values":[0.9980684013180321],"datetime_complete":"2026-03-21T11:51:17.307249"}
{"op_code":4,"worker_id":"c1b7feaf-9676-491a-97ff-ae2c64d6f7e6-140193173047104","study_id":0,"datetime_start":"2026-03-21T11:51:17.329356"}
{"op_code":5,"worker_id":"c1b7feaf-9676-491a-97ff-ae2c64d6f7e6-140193173047104","trial_id":178,"param_name":"lr","param_value_internal":0.00015800181907919358,"distribution":"{\"name\": \"FloatDistribution\", \"attributes\": {\"step\": null, \"low\": 0.0001, \"high\": 0.1, \"log\": true}}"}
{"op_code":5,"worker_id":"c1b7feaf-9676-491a-97ff-ae2c64d6f7e6-140193173047104","trial_id":178,"param_name":"dropout","param_value_internal":0.3863975089439847,"distribution":"{\"name\": \"FloatDistribution\", \"attributes\": {\"step\": null, \"low\": 0.0, \"high\": 0.5, \"log\": false}}"}
{"op_code":5,"worker_id":"c1b7feaf-9676-491a-97ff-ae2c64d6f7e6-140193173047104","trial_id":178,"param_name":"nodes","param_value_internal":0,"distribution":"{\"name\": \"CategoricalDistribution\", \"attributes\": {\"choices\": [[64, 64], [128, 64], [256, 128]]}}"}
{"op_code":6,"worker_id":"c1b7feaf-9676-491a-97ff-ae2c64d6f7e6-140193173047104","trial_id":178,"state":1,"values":[0.9980684013180321],"datetime_complete":"2026-03-21T11:51:22.901950"}
{"op_code":4,"worker_id":"c1b7feaf-9676-491a-97ff-ae2c64d6f7e6-140193173047104","study_id":0,"datetime_start":"2026-03-21T11:51:22.928455"}
{"op_code":5,"worker_id":"c1b7feaf-9676-491a-97ff-ae2c64d6f7e6-140193173047104","trial_id":179,"param_name":"lr","param_value_internal":0.0001603898082554354,"distribution":"{\"name\": \"FloatDistribution\", \"attributes\": {\"step\": null, \"low\": 0.0001, \"high\": 0.1, \"log\": true}}"}
{"op_code":5,"worker_id":"c1b7feaf-9676-491a-97ff-ae2c64d6f7e6-140193173047104","trial_id":179,"param_name":"dropout","param_value_internal":0.38709113020792074,"distribution":"{\"name\": \"FloatDistribution\", \"attributes\": {\"step\": null, \"low\": 0.0, \"high\": 0.5, \"log\": false}}"}
{"op_code":5,"worker_id":"c1b7feaf-9676-491a-97ff-ae2c64d6f7e6-140193173047104","trial_id":179,"param_name":"nodes","param_value_internal":0,"distribution":"{\"name\": \"CategoricalDistribution\", \"attributes\": {\"choices\": [[64, 64], [128, 64], [256, 128]]}}"}
{"op_code":6,"worker_id":"c1b7feaf-9676-491a-97ff-ae2c64d6f7e6-140193173047104","trial_id":179,"state":1,"values":[0.9978411544142711],"datetime_complete":"2026-03-21T11:51:28.469279"}
{"op_code":4,"worker_id":"c1b7feaf-9676-491a-97ff-ae2c64d6f7e6-140193173047104","study_id":0,"datetime_start":"2026-03-21T11:51:28.503495"}
{"op_code":5,"worker_id":"c1b7feaf-9676-491a-97ff-ae2c64d6f7e6-140193173047104","trial_id":180,"param_name":"lr","param_value_internal":0.00018169929501011888,"distribution":"{\"name\": \"FloatDistribution\", \"attributes\": {\"step\": null, \"low\": 0.0001, \"high\": 0.1, \"log\": true}}"}
{"op_code":5,"worker_id":"c1b7feaf-9676-491a-97ff-ae2c64d6f7e6-140193173047104","trial_id":180,"param_name":"dropout","param_value_internal":0.39448853529538996,"distribution":"{\"name\": \"FloatDistribution\", \"attributes\": {\"step\": null, \"low\": 0.0, \"high\": 0.5, \"log\": false}}"}
{"op_code":5,"worker_id":"c1b7feaf-9676-491a-97ff-ae2c64d6f7e6-140193173047104","trial_id":180,"param_name":"nodes","param_value_internal":0,"distribution":"{\"name\": \"CategoricalDistribution\", \"attributes\": {\"choices\": [[64, 64], [128, 64], [256, 128]]}}"}
{"op_code":6,"worker_id":"c1b7feaf-9676-491a-97ff-ae2c64d6f7e6-140193173047104","trial_id":180,"state":1,"values":[0.9980684013180321],"datetime_complete":"2026-03-21T11:51:34.123387"}
{"op_code":4,"worker_id":"c1b7feaf-9676-491a-97ff-ae2c64d6f7e6-140193173047104","study_id":0,"datetime_start":"2026-03-21T11:51:34.148751"}
{"op_code":5,"worker_id":"c1b7feaf-9676-491a-97ff-ae2c64d6f7e6-140193173047104","trial_id":181,"param_name":"lr","param_value_internal":0.00017882702898452572,"distribution":"{\"name\": \"FloatDistribution\", \"attributes\": {\"step\": null, \"low\": 0.0001, \"high\": 0.1, \"log\": true}}"}
{"op_code":5,"worker_id":"c1b7feaf-9676-491a-97ff-ae2c64d6f7e6-140193173047104","trial_id":181,"param_name":"dropout","param_value_internal":0.39929326431904794,"distribution":"{\"name\": \"FloatDistribution\", \"attributes\": {\"step\": null, \"low\": 0.0, \"high\": 0.5, \"log\": false}}"}
{"op_code":5,"worker_id":"c1b7feaf-9676-491a-97ff-ae2c64d6f7e6-140193173047104","trial_id":181,"param_name":"nodes","param_value_internal":0,"distribution":"{\"name\": \"CategoricalDistribution\", \"attributes\": {\"choices\": [[64, 64], [128, 64], [256, 128]]}}"}
{"op_code":6,"worker_id":"c1b7feaf-9676-491a-97ff-ae2c64d6f7e6-140193173047104","trial_id":181,"state":1,"values":[0.9979547778661516],"datetime_complete":"2026-03-21T11:51:39.695077"}
{"op_code":0,"worker_id":"42548c50-183f-4660-b0d5-ca300a18bc70-140193173047104","study_name":"embedding_cox_tuning","directions":[2]}
{"op_code":4,"worker_id":"42548c50-183f-4660-b0d5-ca300a18bc70-140193173047104","study_id":0,"datetime_start":"2026-03-21T12:07:15.158765"}
{"op_code":5,"worker_id":"42548c50-183f-4660-b0d5-ca300a18bc70-140193173047104","trial_id":182,"param_name":"lr","param_value_internal":0.0001953291412957014,"distribution":"{\"name\": \"FloatDistribution\", \"attributes\": {\"step\": null, \"low\": 0.0001, \"high\": 0.1, \"log\": true}}"}
{"op_code":5,"worker_id":"42548c50-183f-4660-b0d5-ca300a18bc70-140193173047104","trial_id":182,"param_name":"dropout","param_value_internal":0.3984950524569406,"distribution":"{\"name\": \"FloatDistribution\", \"attributes\": {\"step\": null, \"low\": 0.0, \"high\": 0.5, \"log\": false}}"}
{"op_code":5,"worker_id":"42548c50-183f-4660-b0d5-ca300a18bc70-140193173047104","trial_id":182,"param_name":"nodes","param_value_internal":0,"distribution":"{\"name\": \"CategoricalDistribution\", \"attributes\": {\"choices\": [[64, 64], [128, 64], [256, 128]]}}"}
{"op_code":6,"worker_id":"42548c50-183f-4660-b0d5-ca300a18bc70-140193173047104","trial_id":182,"state":1,"values":[0.9980819135732821],"datetime_complete":"2026-03-21T12:07:20.691015"}
{"op_code":4,"worker_id":"42548c50-183f-4660-b0d5-ca300a18bc70-140193173047104","study_id":0,"datetime_start":"2026-03-21T12:07:20.713223"}
{"op_code":5,"worker_id":"42548c50-183f-4660-b0d5-ca300a18bc70-140193173047104","trial_id":183,"param_name":"lr","param_value_internal":0.00017871437389531297,"distribution":"{\"name\": \"FloatDistribution\", \"attributes\": {\"step\": null, \"low\": 0.0001, \"high\": 0.1, \"log\": true}}"}
{"op_code":5,"worker_id":"42548c50-183f-4660-b0d5-ca300a18bc70-140193173047104","trial_id":183,"param_name":"dropout","param_value_internal":0.3970677424448518,"distribution":"{\"name\": \"FloatDistribution\", \"attributes\": {\"step\": null, \"low\": 0.0, \"high\": 0.5, \"log\": false}}"}
{"op_code":5,"worker_id":"42548c50-183f-4660-b0d5-ca300a18bc70-140193173047104","trial_id":183,"param_name":"nodes","param_value_internal":0,"distribution":"{\"name\": \"CategoricalDistribution\", \"attributes\": {\"choices\": [[64, 64], [128, 64], [256, 128]]}}"}
{"op_code":6,"worker_id":"42548c50-183f-4660-b0d5-ca300a18bc70-140193173047104","trial_id":183,"state":1,"values":[0.9980819135732821],"datetime_complete":"2026-03-21T12:07:26.372183"}
{"op_code":4,"worker_id":"42548c50-183f-4660-b0d5-ca300a18bc70-140193173047104","study_id":0,"datetime_start":"2026-03-21T12:07:26.410035"}
{"op_code":5,"worker_id":"42548c50-183f-4660-b0d5-ca300a18bc70-140193173047104","trial_id":184,"param_name":"lr","param_value_internal":0.00018189596764932837,"distribution":"{\"name\": \"FloatDistribution\", \"attributes\": {\"step\": null, \"low\": 0.0001, \"high\": 0.1, \"log\": true}}"}
{"op_code":5,"worker_id":"42548c50-183f-4660-b0d5-ca300a18bc70-140193173047104","trial_id":184,"param_name":"dropout","param_value_internal":0.39953336855373073,"distribution":"{\"name\": \"FloatDistribution\", \"attributes\": {\"step\": null, \"low\": 0.0, \"high\": 0.5, \"log\": false}}"}
{"op_code":5,"worker_id":"42548c50-183f-4660-b0d5-ca300a18bc70-140193173047104","trial_id":184,"param_name":"nodes","param_value_internal":0,"distribution":"{\"name\": \"CategoricalDistribution\", \"attributes\": {\"choices\": [[64, 64], [128, 64], [256, 128]]}}"}
{"op_code":6,"worker_id":"42548c50-183f-4660-b0d5-ca300a18bc70-140193173047104","trial_id":184,"state":1,"values":[0.9977434277332732],"datetime_complete":"2026-03-21T12:07:32.118463"}
{"op_code":4,"worker_id":"42548c50-183f-4660-b0d5-ca300a18bc70-140193173047104","study_id":0,"datetime_start":"2026-03-21T12:07:32.144986"}
{"op_code":5,"worker_id":"42548c50-183f-4660-b0d5-ca300a18bc70-140193173047104","trial_id":185,"param_name":"lr","param_value_internal":0.0001552049393006309,"distribution":"{\"name\": \"FloatDistribution\", \"attributes\": {\"step\": null, \"low\": 0.0001, \"high\": 0.1, \"log\": true}}"}
{"op_code":5,"worker_id":"42548c50-183f-4660-b0d5-ca300a18bc70-140193173047104","trial_id":185,"param_name":"dropout","param_value_internal":0.3817772374407216,"distribution":"{\"name\": \"FloatDistribution\", \"attributes\": {\"step\": null, \"low\": 0.0, \"high\": 0.5, \"log\": false}}"}
{"op_code":5,"worker_id":"42548c50-183f-4660-b0d5-ca300a18bc70-140193173047104","trial_id":185,"param_name":"nodes","param_value_internal":0,"distribution":"{\"name\": \"CategoricalDistribution\", \"attributes\": {\"choices\": [[64, 64], [128, 64], [256, 128]]}}"}
{"op_code":6,"worker_id":"42548c50-183f-4660-b0d5-ca300a18bc70-140193173047104","trial_id":185,"state":1,"values":[0.9978562563466095],"datetime_complete":"2026-03-21T12:07:37.754676"}
{"op_code":4,"worker_id":"42548c50-183f-4660-b0d5-ca300a18bc70-140193173047104","study_id":0,"datetime_start":"2026-03-21T12:07:37.791281"}
{"op_code":5,"worker_id":"42548c50-183f-4660-b0d5-ca300a18bc70-140193173047104","trial_id":186,"param_name":"lr","param_value_internal":0.00019456881672956738,"distribution":"{\"name\": \"FloatDistribution\", \"attributes\": {\"step\": null, \"low\": 0.0001, \"high\": 0.1, \"log\": true}}"}
{"op_code":5,"worker_id":"42548c50-183f-4660-b0d5-ca300a18bc70-140193173047104","trial_id":186,"param_name":"dropout","param_value_internal":0.4082443582690524,"distribution":"{\"name\": \"FloatDistribution\", \"attributes\": {\"step\": null, \"low\": 0.0, \"high\": 0.5, \"log\": false}}"}
{"op_code":5,"worker_id":"42548c50-183f-4660-b0d5-ca300a18bc70-140193173047104","trial_id":186,"param_name":"nodes","param_value_internal":0,"distribution":"{\"name\": \"CategoricalDistribution\", \"attributes\": {\"choices\": [[64, 64], [128, 64], [256, 128]]}}"}
{"op_code":6,"worker_id":"42548c50-183f-4660-b0d5-ca300a18bc70-140193173047104","trial_id":186,"state":1,"values":[0.9983075707999549],"datetime_complete":"2026-03-21T12:07:43.446093"}
{"op_code":4,"worker_id":"42548c50-183f-4660-b0d5-ca300a18bc70-140193173047104","study_id":0,"datetime_start":"2026-03-21T12:07:43.462459"}
{"op_code":5,"worker_id":"42548c50-183f-4660-b0d5-ca300a18bc70-140193173047104","trial_id":187,"param_name":"lr","param_value_internal":0.00021123009170800693,"distribution":"{\"name\": \"FloatDistribution\", \"attributes\": {\"step\": null, \"low\": 0.0001, \"high\": 0.1, \"log\": true}}"}
{"op_code":5,"worker_id":"42548c50-183f-4660-b0d5-ca300a18bc70-140193173047104","trial_id":187,"param_name":"dropout","param_value_internal":0.4070677252482325,"distribution":"{\"name\": \"FloatDistribution\", \"attributes\": {\"step\": null, \"low\": 0.0, \"high\": 0.5, \"log\": false}}"}
{"op_code":5,"worker_id":"42548c50-183f-4660-b0d5-ca300a18bc70-140193173047104","trial_id":187,"param_name":"nodes","param_value_internal":0,"distribution":"{\"name\": \"CategoricalDistribution\", \"attributes\": {\"choices\": [[64, 64], [128, 64], [256, 128]]}}"}
{"op_code":6,"worker_id":"42548c50-183f-4660-b0d5-ca300a18bc70-140193173047104","trial_id":187,"state":1,"values":[0.9972921132799278],"datetime_complete":"2026-03-21T12:07:49.021802"}
{"op_code":4,"worker_id":"42548c50-183f-4660-b0d5-ca300a18bc70-140193173047104","study_id":0,"datetime_start":"2026-03-21T12:07:49.036537"}
{"op_code":5,"worker_id":"42548c50-183f-4660-b0d5-ca300a18bc70-140193173047104","trial_id":188,"param_name":"lr","param_value_internal":0.00015457205122263278,"distribution":"{\"name\": \"FloatDistribution\", \"attributes\": {\"step\": null, \"low\": 0.0001, \"high\": 0.1, \"log\": true}}"}
{"op_code":5,"worker_id":"42548c50-183f-4660-b0d5-ca300a18bc70-140193173047104","trial_id":188,"param_name":"dropout","param_value_internal":0.3781799145898549,"distribution":"{\"name\": \"FloatDistribution\", \"attributes\": {\"step\": null, \"low\": 0.0, \"high\": 0.5, \"log\": false}}"}
{"op_code":5,"worker_id":"42548c50-183f-4660-b0d5-ca300a18bc70-140193173047104","trial_id":188,"param_name":"nodes","param_value_internal":0,"distribution":"{\"name\": \"CategoricalDistribution\", \"attributes\": {\"choices\": [[64, 64], [128, 64], [256, 128]]}}"}
{"op_code":6,"worker_id":"42548c50-183f-4660-b0d5-ca300a18bc70-140193173047104","trial_id":188,"state":1,"values":[0.9977434277332732],"datetime_complete":"2026-03-21T12:07:54.632187"}
{"op_code":4,"worker_id":"42548c50-183f-4660-b0d5-ca300a18bc70-140193173047104","study_id":0,"datetime_start":"2026-03-21T12:07:54.646003"}
{"op_code":5,"worker_id":"42548c50-183f-4660-b0d5-ca300a18bc70-140193173047104","trial_id":189,"param_name":"lr","param_value_internal":0.00019597255763584423,"distribution":"{\"name\": \"FloatDistribution\", \"attributes\": {\"step\": null, \"low\": 0.0001, \"high\": 0.1, \"log\": true}}"}
{"op_code":5,"worker_id":"42548c50-183f-4660-b0d5-ca300a18bc70-140193173047104","trial_id":189,"param_name":"dropout","param_value_internal":0.3865615681751073,"distribution":"{\"name\": \"FloatDistribution\", \"attributes\": {\"step\": null, \"low\": 0.0, \"high\": 0.5, \"log\": false}}"}
{"op_code":5,"worker_id":"42548c50-183f-4660-b0d5-ca300a18bc70-140193173047104","trial_id":189,"param_name":"nodes","param_value_internal":0,"distribution":"{\"name\": \"CategoricalDistribution\", \"attributes\": {\"choices\": [[64, 64], [128, 64], [256, 128]]}}"}
{"op_code":6,"worker_id":"42548c50-183f-4660-b0d5-ca300a18bc70-140193173047104","trial_id":189,"state":1,"values":[0.9975177705066005],"datetime_complete":"2026-03-21T12:08:00.222091"}
{"op_code":4,"worker_id":"42548c50-183f-4660-b0d5-ca300a18bc70-140193173047104","study_id":0,"datetime_start":"2026-03-21T12:08:00.238043"}
{"op_code":5,"worker_id":"42548c50-183f-4660-b0d5-ca300a18bc70-140193173047104","trial_id":190,"param_name":"lr","param_value_internal":0.00010247514628982895,"distribution":"{\"name\": \"FloatDistribution\", \"attributes\": {\"step\": null, \"low\": 0.0001, \"high\": 0.1, \"log\": true}}"}
{"op_code":5,"worker_id":"42548c50-183f-4660-b0d5-ca300a18bc70-140193173047104","trial_id":190,"param_name":"dropout","param_value_internal":0.3952354644620347,"distribution":"{\"name\": \"FloatDistribution\", \"attributes\": {\"step\": null, \"low\": 0.0, \"high\": 0.5, \"log\": false}}"}
{"op_code":5,"worker_id":"42548c50-183f-4660-b0d5-ca300a18bc70-140193173047104","trial_id":190,"param_name":"nodes","param_value_internal":0,"distribution":"{\"name\": \"CategoricalDistribution\", \"attributes\": {\"choices\": [[64, 64], [128, 64], [256, 128]]}}"}
{"op_code":6,"worker_id":"42548c50-183f-4660-b0d5-ca300a18bc70-140193173047104","trial_id":190,"state":1,"values":[0.9971792846665914],"datetime_complete":"2026-03-21T12:08:05.756395"}
{"op_code":4,"worker_id":"42548c50-183f-4660-b0d5-ca300a18bc70-140193173047104","study_id":0,"datetime_start":"2026-03-21T12:08:05.775745"}
{"op_code":5,"worker_id":"42548c50-183f-4660-b0d5-ca300a18bc70-140193173047104","trial_id":191,"param_name":"lr","param_value_internal":0.0001685998387849807,"distribution":"{\"name\": \"FloatDistribution\", \"attributes\": {\"step\": null, \"low\": 0.0001, \"high\": 0.1, \"log\": true}}"}
{"op_code":5,"worker_id":"42548c50-183f-4660-b0d5-ca300a18bc70-140193173047104","trial_id":191,"param_name":"dropout","param_value_internal":0.40736002947162564,"distribution":"{\"name\": \"FloatDistribution\", \"attributes\": {\"step\": null, \"low\": 0.0, \"high\": 0.5, \"log\": false}}"}
{"op_code":5,"worker_id":"42548c50-183f-4660-b0d5-ca300a18bc70-140193173047104","trial_id":191,"param_name":"nodes","param_value_internal":0,"distribution":"{\"name\": \"CategoricalDistribution\", \"attributes\": {\"choices\": [[64, 64], [128, 64], [256, 128]]}}"}
{"op_code":6,"worker_id":"42548c50-183f-4660-b0d5-ca300a18bc70-140193173047104","trial_id":191,"state":1,"values":[0.9980819135732821],"datetime_complete":"2026-03-21T12:08:11.378953"}
{"op_code":0,"worker_id":"dd60bb73-de61-4524-9fd0-67336722f3c2-140193173047104","study_name":"embedding_cox_tuning","directions":[2]}
{"op_code":4,"worker_id":"dd60bb73-de61-4524-9fd0-67336722f3c2-140193173047104","study_id":0,"datetime_start":"2026-03-21T12:22:50.419715"}
{"op_code":5,"worker_id":"dd60bb73-de61-4524-9fd0-67336722f3c2-140193173047104","trial_id":192,"param_name":"lr","param_value_internal":0.00016719894754085954,"distribution":"{\"name\": \"FloatDistribution\", \"attributes\": {\"step\": null, \"low\": 0.0001, \"high\": 0.1, \"log\": true}}"}
{"op_code":5,"worker_id":"dd60bb73-de61-4524-9fd0-67336722f3c2-140193173047104","trial_id":192,"param_name":"dropout","param_value_internal":0.4111673544142841,"distribution":"{\"name\": \"FloatDistribution\", \"attributes\": {\"step\": null, \"low\": 0.0, \"high\": 0.5, \"log\": false}}"}
{"op_code":5,"worker_id":"dd60bb73-de61-4524-9fd0-67336722f3c2-140193173047104","trial_id":192,"param_name":"nodes","param_value_internal":0,"distribution":"{\"name\": \"CategoricalDistribution\", \"attributes\": {\"choices\": [[64, 64], [128, 64], [256, 128]]}}"}
{"op_code":6,"worker_id":"dd60bb73-de61-4524-9fd0-67336722f3c2-140193173047104","trial_id":192,"state":1,"values":[0.9981896356641774],"datetime_complete":"2026-03-21T12:22:56.035533"}
{"op_code":4,"worker_id":"dd60bb73-de61-4524-9fd0-67336722f3c2-140193173047104","study_id":0,"datetime_start":"2026-03-21T12:22:56.057513"}
{"op_code":5,"worker_id":"dd60bb73-de61-4524-9fd0-67336722f3c2-140193173047104","trial_id":193,"param_name":"lr","param_value_internal":0.00017228887586427994,"distribution":"{\"name\": \"FloatDistribution\", \"attributes\": {\"step\": null, \"low\": 0.0001, \"high\": 0.1, \"log\": true}}"}
{"op_code":5,"worker_id":"dd60bb73-de61-4524-9fd0-67336722f3c2-140193173047104","trial_id":193,"param_name":"dropout","param_value_internal":0.406485401812799,"distribution":"{\"name\": \"FloatDistribution\", \"attributes\": {\"step\": null, \"low\": 0.0, \"high\": 0.5, \"log\": false}}"}
{"op_code":5,"worker_id":"dd60bb73-de61-4524-9fd0-67336722f3c2-140193173047104","trial_id":193,"param_name":"nodes","param_value_internal":0,"distribution":"{\"name\": \"CategoricalDistribution\", \"attributes\": {\"choices\": [[64, 64], [128, 64], [256, 128]]}}"}
{"op_code":6,"worker_id":"dd60bb73-de61-4524-9fd0-67336722f3c2-140193173047104","trial_id":193,"state":1,"values":[0.9978501923512106],"datetime_complete":"2026-03-21T12:23:01.719438"}
{"op_code":4,"worker_id":"dd60bb73-de61-4524-9fd0-67336722f3c2-140193173047104","study_id":0,"datetime_start":"2026-03-21T12:23:01.733676"}
{"op_code":5,"worker_id":"dd60bb73-de61-4524-9fd0-67336722f3c2-140193173047104","trial_id":194,"param_name":"lr","param_value_internal":0.00019255845821499143,"distribution":"{\"name\": \"FloatDistribution\", \"attributes\": {\"step\": null, \"low\": 0.0001, \"high\": 0.1, \"log\": true}}"}
{"op_code":5,"worker_id":"dd60bb73-de61-4524-9fd0-67336722f3c2-140193173047104","trial_id":194,"param_name":"dropout","param_value_internal":0.41117633854516195,"distribution":"{\"name\": \"FloatDistribution\", \"attributes\": {\"step\": null, \"low\": 0.0, \"high\": 0.5, \"log\": false}}"}
{"op_code":5,"worker_id":"dd60bb73-de61-4524-9fd0-67336722f3c2-140193173047104","trial_id":194,"param_name":"nodes","param_value_internal":0,"distribution":"{\"name\": \"CategoricalDistribution\", \"attributes\": {\"choices\": [[64, 64], [128, 64], [256, 128]]}}"}
{"op_code":6,"worker_id":"dd60bb73-de61-4524-9fd0-67336722f3c2-140193173047104","trial_id":194,"state":1,"values":[0.9976238968092329],"datetime_complete":"2026-03-21T12:23:07.291144"}
{"op_code":4,"worker_id":"dd60bb73-de61-4524-9fd0-67336722f3c2-140193173047104","study_id":0,"datetime_start":"2026-03-21T12:23:07.319388"}
{"op_code":5,"worker_id":"dd60bb73-de61-4524-9fd0-67336722f3c2-140193173047104","trial_id":195,"param_name":"lr","param_value_internal":0.00015120430368666888,"distribution":"{\"name\": \"FloatDistribution\", \"attributes\": {\"step\": null, \"low\": 0.0001, \"high\": 0.1, \"log\": true}}"}
{"op_code":5,"worker_id":"dd60bb73-de61-4524-9fd0-67336722f3c2-140193173047104","trial_id":195,"param_name":"dropout","param_value_internal":0.41262465705845786,"distribution":"{\"name\": \"FloatDistribution\", \"attributes\": {\"step\": null, \"low\": 0.0, \"high\": 0.5, \"log\": false}}"}
{"op_code":5,"worker_id":"dd60bb73-de61-4524-9fd0-67336722f3c2-140193173047104","trial_id":195,"param_name":"nodes","param_value_internal":0,"distribution":"{\"name\": \"CategoricalDistribution\", \"attributes\": {\"choices\": [[64, 64], [128, 64], [256, 128]]}}"}
{"op_code":6,"worker_id":"dd60bb73-de61-4524-9fd0-67336722f3c2-140193173047104","trial_id":195,"state":1,"values":[0.9977370445802217],"datetime_complete":"2026-03-21T12:23:12.863635"}
{"op_code":4,"worker_id":"dd60bb73-de61-4524-9fd0-67336722f3c2-140193173047104","study_id":0,"datetime_start":"2026-03-21T12:23:12.879098"}
{"op_code":5,"worker_id":"dd60bb73-de61-4524-9fd0-67336722f3c2-140193173047104","trial_id":196,"param_name":"lr","param_value_internal":0.00016738841029369228,"distribution":"{\"name\": \"FloatDistribution\", \"attributes\": {\"step\": null, \"low\": 0.0001, \"high\": 0.1, \"log\": true}}"}
{"op_code":5,"worker_id":"dd60bb73-de61-4524-9fd0-67336722f3c2-140193173047104","trial_id":196,"param_name":"dropout","param_value_internal":0.3711831825916188,"distribution":"{\"name\": \"FloatDistribution\", \"attributes\": {\"step\": null, \"low\": 0.0, \"high\": 0.5, \"log\": false}}"}
{"op_code":5,"worker_id":"dd60bb73-de61-4524-9fd0-67336722f3c2-140193173047104","trial_id":196,"param_name":"nodes","param_value_internal":0,"distribution":"{\"name\": \"CategoricalDistribution\", \"attributes\": {\"choices\": [[64, 64], [128, 64], [256, 128]]}}"}
{"op_code":6,"worker_id":"dd60bb73-de61-4524-9fd0-67336722f3c2-140193173047104","trial_id":196,"state":1,"values":[0.9972844534962662],"datetime_complete":"2026-03-21T12:23:18.307042"}
{"op_code":4,"worker_id":"dd60bb73-de61-4524-9fd0-67336722f3c2-140193173047104","study_id":0,"datetime_start":"2026-03-21T12:23:18.330037"}
{"op_code":5,"worker_id":"dd60bb73-de61-4524-9fd0-67336722f3c2-140193173047104","trial_id":197,"param_name":"lr","param_value_internal":0.00022240885607871354,"distribution":"{\"name\": \"FloatDistribution\", \"attributes\": {\"step\": null, \"low\": 0.0001, \"high\": 0.1, \"log\": true}}"}
{"op_code":5,"worker_id":"dd60bb73-de61-4524-9fd0-67336722f3c2-140193173047104","trial_id":197,"param_name":"dropout","param_value_internal":0.3944635084881194,"distribution":"{\"name\": \"FloatDistribution\", \"attributes\": {\"step\": null, \"low\": 0.0, \"high\": 0.5, \"log\": false}}"}
{"op_code":5,"worker_id":"dd60bb73-de61-4524-9fd0-67336722f3c2-140193173047104","trial_id":197,"param_name":"nodes","param_value_internal":0,"distribution":"{\"name\": \"CategoricalDistribution\", \"attributes\": {\"choices\": [[64, 64], [128, 64], [256, 128]]}}"}
{"op_code":6,"worker_id":"dd60bb73-de61-4524-9fd0-67336722f3c2-140193173047104","trial_id":197,"state":1,"values":[0.9984159312061552],"datetime_complete":"2026-03-21T12:23:23.929634"}
{"op_code":4,"worker_id":"dd60bb73-de61-4524-9fd0-67336722f3c2-140193173047104","study_id":0,"datetime_start":"2026-03-21T12:23:23.947637"}
{"op_code":5,"worker_id":"dd60bb73-de61-4524-9fd0-67336722f3c2-140193173047104","trial_id":198,"param_name":"lr","param_value_internal":0.00022213504347898288,"distribution":"{\"name\": \"FloatDistribution\", \"attributes\": {\"step\": null, \"low\": 0.0001, \"high\": 0.1, \"log\": true}}"}
{"op_code":5,"worker_id":"dd60bb73-de61-4524-9fd0-67336722f3c2-140193173047104","trial_id":198,"param_name":"dropout","param_value_internal":0.3930526186738613,"distribution":"{\"name\": \"FloatDistribution\", \"attributes\": {\"step\": null, \"low\": 0.0, \"high\": 0.5, \"log\": false}}"}
{"op_code":5,"worker_id":"dd60bb73-de61-4524-9fd0-67336722f3c2-140193173047104","trial_id":198,"param_name":"nodes","param_value_internal":0,"distribution":"{\"name\": \"CategoricalDistribution\", \"attributes\": {\"choices\": [[64, 64], [128, 64], [256, 128]]}}"}
{"op_code":6,"worker_id":"dd60bb73-de61-4524-9fd0-67336722f3c2-140193173047104","trial_id":198,"state":1,"values":[0.997510749038244],"datetime_complete":"2026-03-21T12:23:29.526436"}
{"op_code":4,"worker_id":"dd60bb73-de61-4524-9fd0-67336722f3c2-140193173047104","study_id":0,"datetime_start":"2026-03-21T12:23:29.554002"}
{"op_code":5,"worker_id":"dd60bb73-de61-4524-9fd0-67336722f3c2-140193173047104","trial_id":199,"param_name":"lr","param_value_internal":0.00019632477099018513,"distribution":"{\"name\": \"FloatDistribution\", \"attributes\": {\"step\": null, \"low\": 0.0001, \"high\": 0.1, \"log\": true}}"}
{"op_code":5,"worker_id":"dd60bb73-de61-4524-9fd0-67336722f3c2-140193173047104","trial_id":199,"param_name":"dropout","param_value_internal":0.4063648775943048,"distribution":"{\"name\": \"FloatDistribution\", \"attributes\": {\"step\": null, \"low\": 0.0, \"high\": 0.5, \"log\": false}}"}
{"op_code":5,"worker_id":"dd60bb73-de61-4524-9fd0-67336722f3c2-140193173047104","trial_id":199,"param_name":"nodes","param_value_internal":0,"distribution":"{\"name\": \"CategoricalDistribution\", \"attributes\": {\"choices\": [[64, 64], [128, 64], [256, 128]]}}"}
{"op_code":6,"worker_id":"dd60bb73-de61-4524-9fd0-67336722f3c2-140193173047104","trial_id":199,"state":1,"values":[0.9985290789771442],"datetime_complete":"2026-03-21T12:23:35.094044"}
{"op_code":4,"worker_id":"dd60bb73-de61-4524-9fd0-67336722f3c2-140193173047104","study_id":0,"datetime_start":"2026-03-21T12:23:35.120591"}
{"op_code":5,"worker_id":"dd60bb73-de61-4524-9fd0-67336722f3c2-140193173047104","trial_id":200,"param_name":"lr","param_value_internal":0.00020454661320385033,"distribution":"{\"name\": \"FloatDistribution\", \"attributes\": {\"step\": null, \"low\": 0.0001, \"high\": 0.1, \"log\": true}}"}
{"op_code":5,"worker_id":"dd60bb73-de61-4524-9fd0-67336722f3c2-140193173047104","trial_id":200,"param_name":"dropout","param_value_internal":0.406017520156293,"distribution":"{\"name\": \"FloatDistribution\", \"attributes\": {\"step\": null, \"low\": 0.0, \"high\": 0.5, \"log\": false}}"}
{"op_code":5,"worker_id":"dd60bb73-de61-4524-9fd0-67336722f3c2-140193173047104","trial_id":200,"param_name":"nodes","param_value_internal":0,"distribution":"{\"name\": \"CategoricalDistribution\", \"attributes\": {\"choices\": [[64, 64], [128, 64], [256, 128]]}}"}
{"op_code":6,"worker_id":"dd60bb73-de61-4524-9fd0-67336722f3c2-140193173047104","trial_id":200,"state":1,"values":[0.9985290789771442],"datetime_complete":"2026-03-21T12:23:40.715559"}
{"op_code":4,"worker_id":"dd60bb73-de61-4524-9fd0-67336722f3c2-140193173047104","study_id":0,"datetime_start":"2026-03-21T12:23:40.741335"}
{"op_code":5,"worker_id":"dd60bb73-de61-4524-9fd0-67336722f3c2-140193173047104","trial_id":201,"param_name":"lr","param_value_internal":0.0001961334699207749,"distribution":"{\"name\": \"FloatDistribution\", \"attributes\": {\"step\": null, \"low\": 0.0001, \"high\": 0.1, \"log\": true}}"}
{"op_code":5,"worker_id":"dd60bb73-de61-4524-9fd0-67336722f3c2-140193173047104","trial_id":201,"param_name":"dropout","param_value_internal":0.4030289672491733,"distribution":"{\"name\": \"FloatDistribution\", \"attributes\": {\"step\": null, \"low\": 0.0, \"high\": 0.5, \"log\": false}}"}
{"op_code":5,"worker_id":"dd60bb73-de61-4524-9fd0-67336722f3c2-140193173047104","trial_id":201,"param_name":"nodes","param_value_internal":0,"distribution":"{\"name\": \"CategoricalDistribution\", \"attributes\": {\"choices\": [[64, 64], [128, 64], [256, 128]]}}"}
{"op_code":6,"worker_id":"dd60bb73-de61-4524-9fd0-67336722f3c2-140193173047104","trial_id":201,"state":1,"values":[0.9984159312061552],"datetime_complete":"2026-03-21T12:23:46.284781"}
