{"op_code":0,"worker_id":"4f0a99e5-ea9f-4e81-acbd-b17d4836fe86-139734049736512","study_name":"custom_torch_tuning","directions":[1]}
{"op_code":4,"worker_id":"4f0a99e5-ea9f-4e81-acbd-b17d4836fe86-139734049736512","study_id":0,"datetime_start":"2026-03-20T16:36:08.365626"}
{"op_code":5,"worker_id":"4f0a99e5-ea9f-4e81-acbd-b17d4836fe86-139734049736512","trial_id":0,"param_name":"lr","param_value_internal":0.00013205439745492476,"distribution":"{\"name\": \"FloatDistribution\", \"attributes\": {\"step\": null, \"low\": 0.0001, \"high\": 0.1, \"log\": true}}"}
{"op_code":5,"worker_id":"4f0a99e5-ea9f-4e81-acbd-b17d4836fe86-139734049736512","trial_id":0,"param_name":"dropout","param_value_internal":0.27919824749118505,"distribution":"{\"name\": \"FloatDistribution\", \"attributes\": {\"step\": null, \"low\": 0.1, \"high\": 0.5, \"log\": false}}"}
{"op_code":5,"worker_id":"4f0a99e5-ea9f-4e81-acbd-b17d4836fe86-139734049736512","trial_id":0,"param_name":"nodes1","param_value_internal":0,"distribution":"{\"name\": \"CategoricalDistribution\", \"attributes\": {\"choices\": [16, 32, 64]}}"}
{"op_code":5,"worker_id":"4f0a99e5-ea9f-4e81-acbd-b17d4836fe86-139734049736512","trial_id":0,"param_name":"nodes2","param_value_internal":0,"distribution":"{\"name\": \"CategoricalDistribution\", \"attributes\": {\"choices\": [32, 64, 128]}}"}
{"op_code":6,"worker_id":"4f0a99e5-ea9f-4e81-acbd-b17d4836fe86-139734049736512","trial_id":0,"state":3,"values":null,"datetime_complete":"2026-03-20T16:36:08.468967"}
{"op_code":0,"worker_id":"ef1637a8-d22d-4e72-8c4a-8342c0bd6604-140106367457088","study_name":"custom_torch_tuning","directions":[1]}
{"op_code":4,"worker_id":"ef1637a8-d22d-4e72-8c4a-8342c0bd6604-140106367457088","study_id":0,"datetime_start":"2026-03-20T16:38:12.077319"}
{"op_code":5,"worker_id":"ef1637a8-d22d-4e72-8c4a-8342c0bd6604-140106367457088","trial_id":1,"param_name":"lr","param_value_internal":0.005025935612506235,"distribution":"{\"name\": \"FloatDistribution\", \"attributes\": {\"step\": null, \"low\": 0.0001, \"high\": 0.1, \"log\": true}}"}
{"op_code":5,"worker_id":"ef1637a8-d22d-4e72-8c4a-8342c0bd6604-140106367457088","trial_id":1,"param_name":"dropout","param_value_internal":0.25802059062422594,"distribution":"{\"name\": \"FloatDistribution\", \"attributes\": {\"step\": null, \"low\": 0.1, \"high\": 0.5, \"log\": false}}"}
{"op_code":5,"worker_id":"ef1637a8-d22d-4e72-8c4a-8342c0bd6604-140106367457088","trial_id":1,"param_name":"nodes1","param_value_internal":1,"distribution":"{\"name\": \"CategoricalDistribution\", \"attributes\": {\"choices\": [16, 32, 64]}}"}
{"op_code":5,"worker_id":"ef1637a8-d22d-4e72-8c4a-8342c0bd6604-140106367457088","trial_id":1,"param_name":"nodes2","param_value_internal":0,"distribution":"{\"name\": \"CategoricalDistribution\", \"attributes\": {\"choices\": [32, 64, 128]}}"}
{"op_code":6,"worker_id":"ef1637a8-d22d-4e72-8c4a-8342c0bd6604-140106367457088","trial_id":1,"state":1,"values":[6.275164604187012],"datetime_complete":"2026-03-20T16:38:16.154341"}
{"op_code":4,"worker_id":"ef1637a8-d22d-4e72-8c4a-8342c0bd6604-140106367457088","study_id":0,"datetime_start":"2026-03-20T16:38:16.166792"}
{"op_code":5,"worker_id":"ef1637a8-d22d-4e72-8c4a-8342c0bd6604-140106367457088","trial_id":2,"param_name":"lr","param_value_internal":0.0016353717283107646,"distribution":"{\"name\": \"FloatDistribution\", \"attributes\": {\"step\": null, \"low\": 0.0001, \"high\": 0.1, \"log\": true}}"}
{"op_code":5,"worker_id":"ef1637a8-d22d-4e72-8c4a-8342c0bd6604-140106367457088","trial_id":2,"param_name":"dropout","param_value_internal":0.4190471180611929,"distribution":"{\"name\": \"FloatDistribution\", \"attributes\": {\"step\": null, \"low\": 0.1, \"high\": 0.5, \"log\": false}}"}
{"op_code":5,"worker_id":"ef1637a8-d22d-4e72-8c4a-8342c0bd6604-140106367457088","trial_id":2,"param_name":"nodes1","param_value_internal":1,"distribution":"{\"name\": \"CategoricalDistribution\", \"attributes\": {\"choices\": [16, 32, 64]}}"}
{"op_code":5,"worker_id":"ef1637a8-d22d-4e72-8c4a-8342c0bd6604-140106367457088","trial_id":2,"param_name":"nodes2","param_value_internal":0,"distribution":"{\"name\": \"CategoricalDistribution\", \"attributes\": {\"choices\": [32, 64, 128]}}"}
{"op_code":6,"worker_id":"ef1637a8-d22d-4e72-8c4a-8342c0bd6604-140106367457088","trial_id":2,"state":1,"values":[6.143307209014893],"datetime_complete":"2026-03-20T16:38:20.516314"}
{"op_code":4,"worker_id":"ef1637a8-d22d-4e72-8c4a-8342c0bd6604-140106367457088","study_id":0,"datetime_start":"2026-03-20T16:38:20.529996"}
{"op_code":5,"worker_id":"ef1637a8-d22d-4e72-8c4a-8342c0bd6604-140106367457088","trial_id":3,"param_name":"lr","param_value_internal":0.0004352889602807046,"distribution":"{\"name\": \"FloatDistribution\", \"attributes\": {\"step\": null, \"low\": 0.0001, \"high\": 0.1, \"log\": true}}"}
{"op_code":5,"worker_id":"ef1637a8-d22d-4e72-8c4a-8342c0bd6604-140106367457088","trial_id":3,"param_name":"dropout","param_value_internal":0.1745291325595711,"distribution":"{\"name\": \"FloatDistribution\", \"attributes\": {\"step\": null, \"low\": 0.1, \"high\": 0.5, \"log\": false}}"}
{"op_code":5,"worker_id":"ef1637a8-d22d-4e72-8c4a-8342c0bd6604-140106367457088","trial_id":3,"param_name":"nodes1","param_value_internal":2,"distribution":"{\"name\": \"CategoricalDistribution\", \"attributes\": {\"choices\": [16, 32, 64]}}"}
{"op_code":5,"worker_id":"ef1637a8-d22d-4e72-8c4a-8342c0bd6604-140106367457088","trial_id":3,"param_name":"nodes2","param_value_internal":2,"distribution":"{\"name\": \"CategoricalDistribution\", \"attributes\": {\"choices\": [32, 64, 128]}}"}
{"op_code":6,"worker_id":"ef1637a8-d22d-4e72-8c4a-8342c0bd6604-140106367457088","trial_id":3,"state":1,"values":[6.129432678222656],"datetime_complete":"2026-03-20T16:38:25.321569"}
{"op_code":4,"worker_id":"ef1637a8-d22d-4e72-8c4a-8342c0bd6604-140106367457088","study_id":0,"datetime_start":"2026-03-20T16:38:25.335919"}
{"op_code":5,"worker_id":"ef1637a8-d22d-4e72-8c4a-8342c0bd6604-140106367457088","trial_id":4,"param_name":"lr","param_value_internal":0.014153225564962651,"distribution":"{\"name\": \"FloatDistribution\", \"attributes\": {\"step\": null, \"low\": 0.0001, \"high\": 0.1, \"log\": true}}"}
{"op_code":5,"worker_id":"ef1637a8-d22d-4e72-8c4a-8342c0bd6604-140106367457088","trial_id":4,"param_name":"dropout","param_value_internal":0.285271093657227,"distribution":"{\"name\": \"FloatDistribution\", \"attributes\": {\"step\": null, \"low\": 0.1, \"high\": 0.5, \"log\": false}}"}
{"op_code":5,"worker_id":"ef1637a8-d22d-4e72-8c4a-8342c0bd6604-140106367457088","trial_id":4,"param_name":"nodes1","param_value_internal":2,"distribution":"{\"name\": \"CategoricalDistribution\", \"attributes\": {\"choices\": [16, 32, 64]}}"}
{"op_code":5,"worker_id":"ef1637a8-d22d-4e72-8c4a-8342c0bd6604-140106367457088","trial_id":4,"param_name":"nodes2","param_value_internal":1,"distribution":"{\"name\": \"CategoricalDistribution\", \"attributes\": {\"choices\": [32, 64, 128]}}"}
{"op_code":6,"worker_id":"ef1637a8-d22d-4e72-8c4a-8342c0bd6604-140106367457088","trial_id":4,"state":1,"values":[6.338691711425781],"datetime_complete":"2026-03-20T16:38:29.792109"}
{"op_code":4,"worker_id":"ef1637a8-d22d-4e72-8c4a-8342c0bd6604-140106367457088","study_id":0,"datetime_start":"2026-03-20T16:38:29.852398"}
{"op_code":5,"worker_id":"ef1637a8-d22d-4e72-8c4a-8342c0bd6604-140106367457088","trial_id":5,"param_name":"lr","param_value_internal":0.00017727815472932636,"distribution":"{\"name\": \"FloatDistribution\", \"attributes\": {\"step\": null, \"low\": 0.0001, \"high\": 0.1, \"log\": true}}"}
{"op_code":5,"worker_id":"ef1637a8-d22d-4e72-8c4a-8342c0bd6604-140106367457088","trial_id":5,"param_name":"dropout","param_value_internal":0.43646416085463224,"distribution":"{\"name\": \"FloatDistribution\", \"attributes\": {\"step\": null, \"low\": 0.1, \"high\": 0.5, \"log\": false}}"}
{"op_code":5,"worker_id":"ef1637a8-d22d-4e72-8c4a-8342c0bd6604-140106367457088","trial_id":5,"param_name":"nodes1","param_value_internal":1,"distribution":"{\"name\": \"CategoricalDistribution\", \"attributes\": {\"choices\": [16, 32, 64]}}"}
{"op_code":5,"worker_id":"ef1637a8-d22d-4e72-8c4a-8342c0bd6604-140106367457088","trial_id":5,"param_name":"nodes2","param_value_internal":0,"distribution":"{\"name\": \"CategoricalDistribution\", \"attributes\": {\"choices\": [32, 64, 128]}}"}
{"op_code":6,"worker_id":"ef1637a8-d22d-4e72-8c4a-8342c0bd6604-140106367457088","trial_id":5,"state":1,"values":[6.160703659057617],"datetime_complete":"2026-03-20T16:38:34.075238"}
{"op_code":4,"worker_id":"ef1637a8-d22d-4e72-8c4a-8342c0bd6604-140106367457088","study_id":0,"datetime_start":"2026-03-20T16:38:34.099816"}
{"op_code":5,"worker_id":"ef1637a8-d22d-4e72-8c4a-8342c0bd6604-140106367457088","trial_id":6,"param_name":"lr","param_value_internal":0.001840675771136423,"distribution":"{\"name\": \"FloatDistribution\", \"attributes\": {\"step\": null, \"low\": 0.0001, \"high\": 0.1, \"log\": true}}"}
{"op_code":5,"worker_id":"ef1637a8-d22d-4e72-8c4a-8342c0bd6604-140106367457088","trial_id":6,"param_name":"dropout","param_value_internal":0.1652080790247276,"distribution":"{\"name\": \"FloatDistribution\", \"attributes\": {\"step\": null, \"low\": 0.1, \"high\": 0.5, \"log\": false}}"}
{"op_code":5,"worker_id":"ef1637a8-d22d-4e72-8c4a-8342c0bd6604-140106367457088","trial_id":6,"param_name":"nodes1","param_value_internal":1,"distribution":"{\"name\": \"CategoricalDistribution\", \"attributes\": {\"choices\": [16, 32, 64]}}"}
{"op_code":5,"worker_id":"ef1637a8-d22d-4e72-8c4a-8342c0bd6604-140106367457088","trial_id":6,"param_name":"nodes2","param_value_internal":1,"distribution":"{\"name\": \"CategoricalDistribution\", \"attributes\": {\"choices\": [32, 64, 128]}}"}
{"op_code":6,"worker_id":"ef1637a8-d22d-4e72-8c4a-8342c0bd6604-140106367457088","trial_id":6,"state":1,"values":[6.238752841949463],"datetime_complete":"2026-03-20T16:38:38.562942"}
{"op_code":4,"worker_id":"ef1637a8-d22d-4e72-8c4a-8342c0bd6604-140106367457088","study_id":0,"datetime_start":"2026-03-20T16:38:38.584367"}
{"op_code":5,"worker_id":"ef1637a8-d22d-4e72-8c4a-8342c0bd6604-140106367457088","trial_id":7,"param_name":"lr","param_value_internal":0.04577536478028428,"distribution":"{\"name\": \"FloatDistribution\", \"attributes\": {\"step\": null, \"low\": 0.0001, \"high\": 0.1, \"log\": true}}"}
{"op_code":5,"worker_id":"ef1637a8-d22d-4e72-8c4a-8342c0bd6604-140106367457088","trial_id":7,"param_name":"dropout","param_value_internal":0.2688892172528677,"distribution":"{\"name\": \"FloatDistribution\", \"attributes\": {\"step\": null, \"low\": 0.1, \"high\": 0.5, \"log\": false}}"}
{"op_code":5,"worker_id":"ef1637a8-d22d-4e72-8c4a-8342c0bd6604-140106367457088","trial_id":7,"param_name":"nodes1","param_value_internal":0,"distribution":"{\"name\": \"CategoricalDistribution\", \"attributes\": {\"choices\": [16, 32, 64]}}"}
{"op_code":5,"worker_id":"ef1637a8-d22d-4e72-8c4a-8342c0bd6604-140106367457088","trial_id":7,"param_name":"nodes2","param_value_internal":0,"distribution":"{\"name\": \"CategoricalDistribution\", \"attributes\": {\"choices\": [32, 64, 128]}}"}
{"op_code":6,"worker_id":"ef1637a8-d22d-4e72-8c4a-8342c0bd6604-140106367457088","trial_id":7,"state":1,"values":[6.267683982849121],"datetime_complete":"2026-03-20T16:38:42.959460"}
{"op_code":4,"worker_id":"ef1637a8-d22d-4e72-8c4a-8342c0bd6604-140106367457088","study_id":0,"datetime_start":"2026-03-20T16:38:42.990458"}
{"op_code":5,"worker_id":"ef1637a8-d22d-4e72-8c4a-8342c0bd6604-140106367457088","trial_id":8,"param_name":"lr","param_value_internal":0.006522950811139522,"distribution":"{\"name\": \"FloatDistribution\", \"attributes\": {\"step\": null, \"low\": 0.0001, \"high\": 0.1, \"log\": true}}"}
{"op_code":5,"worker_id":"ef1637a8-d22d-4e72-8c4a-8342c0bd6604-140106367457088","trial_id":8,"param_name":"dropout","param_value_internal":0.14666001772096748,"distribution":"{\"name\": \"FloatDistribution\", \"attributes\": {\"step\": null, \"low\": 0.1, \"high\": 0.5, \"log\": false}}"}
{"op_code":5,"worker_id":"ef1637a8-d22d-4e72-8c4a-8342c0bd6604-140106367457088","trial_id":8,"param_name":"nodes1","param_value_internal":0,"distribution":"{\"name\": \"CategoricalDistribution\", \"attributes\": {\"choices\": [16, 32, 64]}}"}
{"op_code":5,"worker_id":"ef1637a8-d22d-4e72-8c4a-8342c0bd6604-140106367457088","trial_id":8,"param_name":"nodes2","param_value_internal":2,"distribution":"{\"name\": \"CategoricalDistribution\", \"attributes\": {\"choices\": [32, 64, 128]}}"}
{"op_code":6,"worker_id":"ef1637a8-d22d-4e72-8c4a-8342c0bd6604-140106367457088","trial_id":8,"state":1,"values":[6.220120429992676],"datetime_complete":"2026-03-20T16:38:47.717140"}
{"op_code":4,"worker_id":"ef1637a8-d22d-4e72-8c4a-8342c0bd6604-140106367457088","study_id":0,"datetime_start":"2026-03-20T16:38:47.740751"}
{"op_code":5,"worker_id":"ef1637a8-d22d-4e72-8c4a-8342c0bd6604-140106367457088","trial_id":9,"param_name":"lr","param_value_internal":0.0021675302031427084,"distribution":"{\"name\": \"FloatDistribution\", \"attributes\": {\"step\": null, \"low\": 0.0001, \"high\": 0.1, \"log\": true}}"}
{"op_code":5,"worker_id":"ef1637a8-d22d-4e72-8c4a-8342c0bd6604-140106367457088","trial_id":9,"param_name":"dropout","param_value_internal":0.35973835924958275,"distribution":"{\"name\": \"FloatDistribution\", \"attributes\": {\"step\": null, \"low\": 0.1, \"high\": 0.5, \"log\": false}}"}
{"op_code":5,"worker_id":"ef1637a8-d22d-4e72-8c4a-8342c0bd6604-140106367457088","trial_id":9,"param_name":"nodes1","param_value_internal":2,"distribution":"{\"name\": \"CategoricalDistribution\", \"attributes\": {\"choices\": [16, 32, 64]}}"}
{"op_code":5,"worker_id":"ef1637a8-d22d-4e72-8c4a-8342c0bd6604-140106367457088","trial_id":9,"param_name":"nodes2","param_value_internal":2,"distribution":"{\"name\": \"CategoricalDistribution\", \"attributes\": {\"choices\": [32, 64, 128]}}"}
{"op_code":6,"worker_id":"ef1637a8-d22d-4e72-8c4a-8342c0bd6604-140106367457088","trial_id":9,"state":1,"values":[6.203279495239258],"datetime_complete":"2026-03-20T16:38:52.499229"}
{"op_code":4,"worker_id":"ef1637a8-d22d-4e72-8c4a-8342c0bd6604-140106367457088","study_id":0,"datetime_start":"2026-03-20T16:38:52.517485"}
{"op_code":5,"worker_id":"ef1637a8-d22d-4e72-8c4a-8342c0bd6604-140106367457088","trial_id":10,"param_name":"lr","param_value_internal":0.00017782629062207254,"distribution":"{\"name\": \"FloatDistribution\", \"attributes\": {\"step\": null, \"low\": 0.0001, \"high\": 0.1, \"log\": true}}"}
{"op_code":5,"worker_id":"ef1637a8-d22d-4e72-8c4a-8342c0bd6604-140106367457088","trial_id":10,"param_name":"dropout","param_value_internal":0.20403737794405133,"distribution":"{\"name\": \"FloatDistribution\", \"attributes\": {\"step\": null, \"low\": 0.1, \"high\": 0.5, \"log\": false}}"}
{"op_code":5,"worker_id":"ef1637a8-d22d-4e72-8c4a-8342c0bd6604-140106367457088","trial_id":10,"param_name":"nodes1","param_value_internal":0,"distribution":"{\"name\": \"CategoricalDistribution\", \"attributes\": {\"choices\": [16, 32, 64]}}"}
{"op_code":5,"worker_id":"ef1637a8-d22d-4e72-8c4a-8342c0bd6604-140106367457088","trial_id":10,"param_name":"nodes2","param_value_internal":2,"distribution":"{\"name\": \"CategoricalDistribution\", \"attributes\": {\"choices\": [32, 64, 128]}}"}
{"op_code":6,"worker_id":"ef1637a8-d22d-4e72-8c4a-8342c0bd6604-140106367457088","trial_id":10,"state":1,"values":[6.1220831871032715],"datetime_complete":"2026-03-20T16:38:57.222821"}
{"op_code":0,"worker_id":"4c586ac5-76a5-491d-bebb-85d713a20133-139797600208704","study_name":"custom_torch_tuning","directions":[1]}
{"op_code":4,"worker_id":"4c586ac5-76a5-491d-bebb-85d713a20133-139797600208704","study_id":0,"datetime_start":"2026-03-20T16:44:37.718787"}
{"op_code":5,"worker_id":"4c586ac5-76a5-491d-bebb-85d713a20133-139797600208704","trial_id":11,"param_name":"lr","param_value_internal":0.00014325572758252636,"distribution":"{\"name\": \"FloatDistribution\", \"attributes\": {\"step\": null, \"low\": 0.0001, \"high\": 0.1, \"log\": true}}"}
{"op_code":5,"worker_id":"4c586ac5-76a5-491d-bebb-85d713a20133-139797600208704","trial_id":11,"param_name":"dropout","param_value_internal":0.4977375966592319,"distribution":"{\"name\": \"FloatDistribution\", \"attributes\": {\"step\": null, \"low\": 0.1, \"high\": 0.5, \"log\": false}}"}
{"op_code":5,"worker_id":"4c586ac5-76a5-491d-bebb-85d713a20133-139797600208704","trial_id":11,"param_name":"nodes1","param_value_internal":0,"distribution":"{\"name\": \"CategoricalDistribution\", \"attributes\": {\"choices\": [16, 32, 64]}}"}
{"op_code":5,"worker_id":"4c586ac5-76a5-491d-bebb-85d713a20133-139797600208704","trial_id":11,"param_name":"nodes2","param_value_internal":2,"distribution":"{\"name\": \"CategoricalDistribution\", \"attributes\": {\"choices\": [32, 64, 128]}}"}
{"op_code":6,"worker_id":"4c586ac5-76a5-491d-bebb-85d713a20133-139797600208704","trial_id":11,"state":1,"values":[6.247314453125],"datetime_complete":"2026-03-20T16:44:41.808311"}
{"op_code":4,"worker_id":"4c586ac5-76a5-491d-bebb-85d713a20133-139797600208704","study_id":0,"datetime_start":"2026-03-20T16:44:41.826188"}
{"op_code":5,"worker_id":"4c586ac5-76a5-491d-bebb-85d713a20133-139797600208704","trial_id":12,"param_name":"lr","param_value_internal":0.0005311519984530401,"distribution":"{\"name\": \"FloatDistribution\", \"attributes\": {\"step\": null, \"low\": 0.0001, \"high\": 0.1, \"log\": true}}"}
{"op_code":5,"worker_id":"4c586ac5-76a5-491d-bebb-85d713a20133-139797600208704","trial_id":12,"param_name":"dropout","param_value_internal":0.20036765499766776,"distribution":"{\"name\": \"FloatDistribution\", \"attributes\": {\"step\": null, \"low\": 0.1, \"high\": 0.5, \"log\": false}}"}
{"op_code":5,"worker_id":"4c586ac5-76a5-491d-bebb-85d713a20133-139797600208704","trial_id":12,"param_name":"nodes1","param_value_internal":2,"distribution":"{\"name\": \"CategoricalDistribution\", \"attributes\": {\"choices\": [16, 32, 64]}}"}
{"op_code":5,"worker_id":"4c586ac5-76a5-491d-bebb-85d713a20133-139797600208704","trial_id":12,"param_name":"nodes2","param_value_internal":2,"distribution":"{\"name\": \"CategoricalDistribution\", \"attributes\": {\"choices\": [32, 64, 128]}}"}
{"op_code":6,"worker_id":"4c586ac5-76a5-491d-bebb-85d713a20133-139797600208704","trial_id":12,"state":1,"values":[6.147031784057617],"datetime_complete":"2026-03-20T16:44:46.306220"}
{"op_code":4,"worker_id":"4c586ac5-76a5-491d-bebb-85d713a20133-139797600208704","study_id":0,"datetime_start":"2026-03-20T16:44:46.320351"}
{"op_code":5,"worker_id":"4c586ac5-76a5-491d-bebb-85d713a20133-139797600208704","trial_id":13,"param_name":"lr","param_value_internal":0.00045876636611714717,"distribution":"{\"name\": \"FloatDistribution\", \"attributes\": {\"step\": null, \"low\": 0.0001, \"high\": 0.1, \"log\": true}}"}
{"op_code":5,"worker_id":"4c586ac5-76a5-491d-bebb-85d713a20133-139797600208704","trial_id":13,"param_name":"dropout","param_value_internal":0.10512219805409849,"distribution":"{\"name\": \"FloatDistribution\", \"attributes\": {\"step\": null, \"low\": 0.1, \"high\": 0.5, \"log\": false}}"}
{"op_code":5,"worker_id":"4c586ac5-76a5-491d-bebb-85d713a20133-139797600208704","trial_id":13,"param_name":"nodes1","param_value_internal":2,"distribution":"{\"name\": \"CategoricalDistribution\", \"attributes\": {\"choices\": [16, 32, 64]}}"}
{"op_code":5,"worker_id":"4c586ac5-76a5-491d-bebb-85d713a20133-139797600208704","trial_id":13,"param_name":"nodes2","param_value_internal":2,"distribution":"{\"name\": \"CategoricalDistribution\", \"attributes\": {\"choices\": [32, 64, 128]}}"}
{"op_code":6,"worker_id":"4c586ac5-76a5-491d-bebb-85d713a20133-139797600208704","trial_id":13,"state":1,"values":[6.172758102416992],"datetime_complete":"2026-03-20T16:44:50.692005"}
{"op_code":4,"worker_id":"4c586ac5-76a5-491d-bebb-85d713a20133-139797600208704","study_id":0,"datetime_start":"2026-03-20T16:44:50.708636"}
{"op_code":5,"worker_id":"4c586ac5-76a5-491d-bebb-85d713a20133-139797600208704","trial_id":14,"param_name":"lr","param_value_internal":0.0005019128893791078,"distribution":"{\"name\": \"FloatDistribution\", \"attributes\": {\"step\": null, \"low\": 0.0001, \"high\": 0.1, \"log\": true}}"}
{"op_code":5,"worker_id":"4c586ac5-76a5-491d-bebb-85d713a20133-139797600208704","trial_id":14,"param_name":"dropout","param_value_internal":0.19104733251125958,"distribution":"{\"name\": \"FloatDistribution\", \"attributes\": {\"step\": null, \"low\": 0.1, \"high\": 0.5, \"log\": false}}"}
{"op_code":5,"worker_id":"4c586ac5-76a5-491d-bebb-85d713a20133-139797600208704","trial_id":14,"param_name":"nodes1","param_value_internal":0,"distribution":"{\"name\": \"CategoricalDistribution\", \"attributes\": {\"choices\": [16, 32, 64]}}"}
{"op_code":5,"worker_id":"4c586ac5-76a5-491d-bebb-85d713a20133-139797600208704","trial_id":14,"param_name":"nodes2","param_value_internal":2,"distribution":"{\"name\": \"CategoricalDistribution\", \"attributes\": {\"choices\": [32, 64, 128]}}"}
{"op_code":6,"worker_id":"4c586ac5-76a5-491d-bebb-85d713a20133-139797600208704","trial_id":14,"state":1,"values":[6.097973346710205],"datetime_complete":"2026-03-20T16:44:55.170025"}
{"op_code":4,"worker_id":"4c586ac5-76a5-491d-bebb-85d713a20133-139797600208704","study_id":0,"datetime_start":"2026-03-20T16:44:55.184959"}
{"op_code":5,"worker_id":"4c586ac5-76a5-491d-bebb-85d713a20133-139797600208704","trial_id":15,"param_name":"lr","param_value_internal":0.00010245984466439315,"distribution":"{\"name\": \"FloatDistribution\", \"attributes\": {\"step\": null, \"low\": 0.0001, \"high\": 0.1, \"log\": true}}"}
{"op_code":5,"worker_id":"4c586ac5-76a5-491d-bebb-85d713a20133-139797600208704","trial_id":15,"param_name":"dropout","param_value_internal":0.2284057715227662,"distribution":"{\"name\": \"FloatDistribution\", \"attributes\": {\"step\": null, \"low\": 0.1, \"high\": 0.5, \"log\": false}}"}
{"op_code":5,"worker_id":"4c586ac5-76a5-491d-bebb-85d713a20133-139797600208704","trial_id":15,"param_name":"nodes1","param_value_internal":0,"distribution":"{\"name\": \"CategoricalDistribution\", \"attributes\": {\"choices\": [16, 32, 64]}}"}
{"op_code":5,"worker_id":"4c586ac5-76a5-491d-bebb-85d713a20133-139797600208704","trial_id":15,"param_name":"nodes2","param_value_internal":2,"distribution":"{\"name\": \"CategoricalDistribution\", \"attributes\": {\"choices\": [32, 64, 128]}}"}
{"op_code":6,"worker_id":"4c586ac5-76a5-491d-bebb-85d713a20133-139797600208704","trial_id":15,"state":1,"values":[6.238611698150635],"datetime_complete":"2026-03-20T16:44:59.503044"}
{"op_code":4,"worker_id":"4c586ac5-76a5-491d-bebb-85d713a20133-139797600208704","study_id":0,"datetime_start":"2026-03-20T16:44:59.517406"}
{"op_code":5,"worker_id":"4c586ac5-76a5-491d-bebb-85d713a20133-139797600208704","trial_id":16,"param_name":"lr","param_value_internal":0.0007334028800028251,"distribution":"{\"name\": \"FloatDistribution\", \"attributes\": {\"step\": null, \"low\": 0.0001, \"high\": 0.1, \"log\": true}}"}
{"op_code":5,"worker_id":"4c586ac5-76a5-491d-bebb-85d713a20133-139797600208704","trial_id":16,"param_name":"dropout","param_value_internal":0.3271799604585243,"distribution":"{\"name\": \"FloatDistribution\", \"attributes\": {\"step\": null, \"low\": 0.1, \"high\": 0.5, \"log\": false}}"}
{"op_code":5,"worker_id":"4c586ac5-76a5-491d-bebb-85d713a20133-139797600208704","trial_id":16,"param_name":"nodes1","param_value_internal":0,"distribution":"{\"name\": \"CategoricalDistribution\", \"attributes\": {\"choices\": [16, 32, 64]}}"}
{"op_code":5,"worker_id":"4c586ac5-76a5-491d-bebb-85d713a20133-139797600208704","trial_id":16,"param_name":"nodes2","param_value_internal":2,"distribution":"{\"name\": \"CategoricalDistribution\", \"attributes\": {\"choices\": [32, 64, 128]}}"}
{"op_code":6,"worker_id":"4c586ac5-76a5-491d-bebb-85d713a20133-139797600208704","trial_id":16,"state":1,"values":[6.091221809387207],"datetime_complete":"2026-03-20T16:45:04.062790"}
{"op_code":4,"worker_id":"4c586ac5-76a5-491d-bebb-85d713a20133-139797600208704","study_id":0,"datetime_start":"2026-03-20T16:45:04.077325"}
{"op_code":5,"worker_id":"4c586ac5-76a5-491d-bebb-85d713a20133-139797600208704","trial_id":17,"param_name":"lr","param_value_internal":0.0008951514872367223,"distribution":"{\"name\": \"FloatDistribution\", \"attributes\": {\"step\": null, \"low\": 0.0001, \"high\": 0.1, \"log\": true}}"}
{"op_code":5,"worker_id":"4c586ac5-76a5-491d-bebb-85d713a20133-139797600208704","trial_id":17,"param_name":"dropout","param_value_internal":0.3494373406684381,"distribution":"{\"name\": \"FloatDistribution\", \"attributes\": {\"step\": null, \"low\": 0.1, \"high\": 0.5, \"log\": false}}"}
{"op_code":5,"worker_id":"4c586ac5-76a5-491d-bebb-85d713a20133-139797600208704","trial_id":17,"param_name":"nodes1","param_value_internal":0,"distribution":"{\"name\": \"CategoricalDistribution\", \"attributes\": {\"choices\": [16, 32, 64]}}"}
{"op_code":5,"worker_id":"4c586ac5-76a5-491d-bebb-85d713a20133-139797600208704","trial_id":17,"param_name":"nodes2","param_value_internal":1,"distribution":"{\"name\": \"CategoricalDistribution\", \"attributes\": {\"choices\": [32, 64, 128]}}"}
{"op_code":6,"worker_id":"4c586ac5-76a5-491d-bebb-85d713a20133-139797600208704","trial_id":17,"state":1,"values":[6.101448059082031],"datetime_complete":"2026-03-20T16:45:08.289592"}
{"op_code":4,"worker_id":"4c586ac5-76a5-491d-bebb-85d713a20133-139797600208704","study_id":0,"datetime_start":"2026-03-20T16:45:08.305029"}
{"op_code":5,"worker_id":"4c586ac5-76a5-491d-bebb-85d713a20133-139797600208704","trial_id":18,"param_name":"lr","param_value_internal":0.0009185334095485126,"distribution":"{\"name\": \"FloatDistribution\", \"attributes\": {\"step\": null, \"low\": 0.0001, \"high\": 0.1, \"log\": true}}"}
{"op_code":5,"worker_id":"4c586ac5-76a5-491d-bebb-85d713a20133-139797600208704","trial_id":18,"param_name":"dropout","param_value_internal":0.33654466571379316,"distribution":"{\"name\": \"FloatDistribution\", \"attributes\": {\"step\": null, \"low\": 0.1, \"high\": 0.5, \"log\": false}}"}
{"op_code":5,"worker_id":"4c586ac5-76a5-491d-bebb-85d713a20133-139797600208704","trial_id":18,"param_name":"nodes1","param_value_internal":0,"distribution":"{\"name\": \"CategoricalDistribution\", \"attributes\": {\"choices\": [16, 32, 64]}}"}
{"op_code":5,"worker_id":"4c586ac5-76a5-491d-bebb-85d713a20133-139797600208704","trial_id":18,"param_name":"nodes2","param_value_internal":2,"distribution":"{\"name\": \"CategoricalDistribution\", \"attributes\": {\"choices\": [32, 64, 128]}}"}
{"op_code":6,"worker_id":"4c586ac5-76a5-491d-bebb-85d713a20133-139797600208704","trial_id":18,"state":1,"values":[6.097820281982422],"datetime_complete":"2026-03-20T16:45:12.795437"}
{"op_code":4,"worker_id":"4c586ac5-76a5-491d-bebb-85d713a20133-139797600208704","study_id":0,"datetime_start":"2026-03-20T16:45:12.808744"}
{"op_code":5,"worker_id":"4c586ac5-76a5-491d-bebb-85d713a20133-139797600208704","trial_id":19,"param_name":"lr","param_value_internal":0.015486999666399536,"distribution":"{\"name\": \"FloatDistribution\", \"attributes\": {\"step\": null, \"low\": 0.0001, \"high\": 0.1, \"log\": true}}"}
{"op_code":5,"worker_id":"4c586ac5-76a5-491d-bebb-85d713a20133-139797600208704","trial_id":19,"param_name":"dropout","param_value_internal":0.3461782953074373,"distribution":"{\"name\": \"FloatDistribution\", \"attributes\": {\"step\": null, \"low\": 0.1, \"high\": 0.5, \"log\": false}}"}
{"op_code":5,"worker_id":"4c586ac5-76a5-491d-bebb-85d713a20133-139797600208704","trial_id":19,"param_name":"nodes1","param_value_internal":0,"distribution":"{\"name\": \"CategoricalDistribution\", \"attributes\": {\"choices\": [16, 32, 64]}}"}
{"op_code":5,"worker_id":"4c586ac5-76a5-491d-bebb-85d713a20133-139797600208704","trial_id":19,"param_name":"nodes2","param_value_internal":2,"distribution":"{\"name\": \"CategoricalDistribution\", \"attributes\": {\"choices\": [32, 64, 128]}}"}
{"op_code":6,"worker_id":"4c586ac5-76a5-491d-bebb-85d713a20133-139797600208704","trial_id":19,"state":1,"values":[6.185993671417236],"datetime_complete":"2026-03-20T16:45:17.151907"}
{"op_code":4,"worker_id":"4c586ac5-76a5-491d-bebb-85d713a20133-139797600208704","study_id":0,"datetime_start":"2026-03-20T16:45:17.167708"}
{"op_code":5,"worker_id":"4c586ac5-76a5-491d-bebb-85d713a20133-139797600208704","trial_id":20,"param_name":"lr","param_value_internal":0.0009119733652716851,"distribution":"{\"name\": \"FloatDistribution\", \"attributes\": {\"step\": null, \"low\": 0.0001, \"high\": 0.1, \"log\": true}}"}
{"op_code":5,"worker_id":"4c586ac5-76a5-491d-bebb-85d713a20133-139797600208704","trial_id":20,"param_name":"dropout","param_value_internal":0.3198763693854013,"distribution":"{\"name\": \"FloatDistribution\", \"attributes\": {\"step\": null, \"low\": 0.1, \"high\": 0.5, \"log\": false}}"}
{"op_code":5,"worker_id":"4c586ac5-76a5-491d-bebb-85d713a20133-139797600208704","trial_id":20,"param_name":"nodes1","param_value_internal":0,"distribution":"{\"name\": \"CategoricalDistribution\", \"attributes\": {\"choices\": [16, 32, 64]}}"}
{"op_code":5,"worker_id":"4c586ac5-76a5-491d-bebb-85d713a20133-139797600208704","trial_id":20,"param_name":"nodes2","param_value_internal":1,"distribution":"{\"name\": \"CategoricalDistribution\", \"attributes\": {\"choices\": [32, 64, 128]}}"}
{"op_code":6,"worker_id":"4c586ac5-76a5-491d-bebb-85d713a20133-139797600208704","trial_id":20,"state":1,"values":[6.126319885253906],"datetime_complete":"2026-03-20T16:45:21.664397"}
{"op_code":0,"worker_id":"879cec2f-50df-466f-abfa-e3621ab381bd-140700833089344","study_name":"custom_torch_tuning","directions":[1]}
{"op_code":4,"worker_id":"879cec2f-50df-466f-abfa-e3621ab381bd-140700833089344","study_id":0,"datetime_start":"2026-03-20T16:50:14.604278"}
{"op_code":5,"worker_id":"879cec2f-50df-466f-abfa-e3621ab381bd-140700833089344","trial_id":21,"param_name":"lr","param_value_internal":0.003710062597119316,"distribution":"{\"name\": \"FloatDistribution\", \"attributes\": {\"step\": null, \"low\": 0.0001, \"high\": 0.1, \"log\": true}}"}
{"op_code":5,"worker_id":"879cec2f-50df-466f-abfa-e3621ab381bd-140700833089344","trial_id":21,"param_name":"dropout","param_value_internal":0.4042632625848145,"distribution":"{\"name\": \"FloatDistribution\", \"attributes\": {\"step\": null, \"low\": 0.1, \"high\": 0.5, \"log\": false}}"}
{"op_code":5,"worker_id":"879cec2f-50df-466f-abfa-e3621ab381bd-140700833089344","trial_id":21,"param_name":"nodes1","param_value_internal":0,"distribution":"{\"name\": \"CategoricalDistribution\", \"attributes\": {\"choices\": [16, 32, 64]}}"}
{"op_code":5,"worker_id":"879cec2f-50df-466f-abfa-e3621ab381bd-140700833089344","trial_id":21,"param_name":"nodes2","param_value_internal":2,"distribution":"{\"name\": \"CategoricalDistribution\", \"attributes\": {\"choices\": [32, 64, 128]}}"}
{"op_code":6,"worker_id":"879cec2f-50df-466f-abfa-e3621ab381bd-140700833089344","trial_id":21,"state":1,"values":[6.165534973144531],"datetime_complete":"2026-03-20T16:50:18.695207"}
{"op_code":4,"worker_id":"879cec2f-50df-466f-abfa-e3621ab381bd-140700833089344","study_id":0,"datetime_start":"2026-03-20T16:50:18.715017"}
{"op_code":5,"worker_id":"879cec2f-50df-466f-abfa-e3621ab381bd-140700833089344","trial_id":22,"param_name":"lr","param_value_internal":0.0002728163208578782,"distribution":"{\"name\": \"FloatDistribution\", \"attributes\": {\"step\": null, \"low\": 0.0001, \"high\": 0.1, \"log\": true}}"}
{"op_code":5,"worker_id":"879cec2f-50df-466f-abfa-e3621ab381bd-140700833089344","trial_id":22,"param_name":"dropout","param_value_internal":0.3061773914586926,"distribution":"{\"name\": \"FloatDistribution\", \"attributes\": {\"step\": null, \"low\": 0.1, \"high\": 0.5, \"log\": false}}"}
{"op_code":5,"worker_id":"879cec2f-50df-466f-abfa-e3621ab381bd-140700833089344","trial_id":22,"param_name":"nodes1","param_value_internal":0,"distribution":"{\"name\": \"CategoricalDistribution\", \"attributes\": {\"choices\": [16, 32, 64]}}"}
{"op_code":5,"worker_id":"879cec2f-50df-466f-abfa-e3621ab381bd-140700833089344","trial_id":22,"param_name":"nodes2","param_value_internal":2,"distribution":"{\"name\": \"CategoricalDistribution\", \"attributes\": {\"choices\": [32, 64, 128]}}"}
{"op_code":6,"worker_id":"879cec2f-50df-466f-abfa-e3621ab381bd-140700833089344","trial_id":22,"state":1,"values":[6.092188835144043],"datetime_complete":"2026-03-20T16:50:22.647402"}
{"op_code":4,"worker_id":"879cec2f-50df-466f-abfa-e3621ab381bd-140700833089344","study_id":0,"datetime_start":"2026-03-20T16:50:23.916089"}
{"op_code":5,"worker_id":"879cec2f-50df-466f-abfa-e3621ab381bd-140700833089344","trial_id":23,"param_name":"lr","param_value_internal":0.00026708584283225453,"distribution":"{\"name\": \"FloatDistribution\", \"attributes\": {\"step\": null, \"low\": 0.0001, \"high\": 0.1, \"log\": true}}"}
{"op_code":5,"worker_id":"879cec2f-50df-466f-abfa-e3621ab381bd-140700833089344","trial_id":23,"param_name":"dropout","param_value_internal":0.3085773801638647,"distribution":"{\"name\": \"FloatDistribution\", \"attributes\": {\"step\": null, \"low\": 0.1, \"high\": 0.5, \"log\": false}}"}
{"op_code":5,"worker_id":"879cec2f-50df-466f-abfa-e3621ab381bd-140700833089344","trial_id":23,"param_name":"nodes1","param_value_internal":0,"distribution":"{\"name\": \"CategoricalDistribution\", \"attributes\": {\"choices\": [16, 32, 64]}}"}
{"op_code":5,"worker_id":"879cec2f-50df-466f-abfa-e3621ab381bd-140700833089344","trial_id":23,"param_name":"nodes2","param_value_internal":2,"distribution":"{\"name\": \"CategoricalDistribution\", \"attributes\": {\"choices\": [32, 64, 128]}}"}
{"op_code":6,"worker_id":"879cec2f-50df-466f-abfa-e3621ab381bd-140700833089344","trial_id":23,"state":1,"values":[6.093521595001221],"datetime_complete":"2026-03-20T16:50:28.280850"}
{"op_code":4,"worker_id":"879cec2f-50df-466f-abfa-e3621ab381bd-140700833089344","study_id":0,"datetime_start":"2026-03-20T16:50:28.295582"}
{"op_code":5,"worker_id":"879cec2f-50df-466f-abfa-e3621ab381bd-140700833089344","trial_id":24,"param_name":"lr","param_value_internal":0.000264570554440303,"distribution":"{\"name\": \"FloatDistribution\", \"attributes\": {\"step\": null, \"low\": 0.0001, \"high\": 0.1, \"log\": true}}"}
{"op_code":5,"worker_id":"879cec2f-50df-466f-abfa-e3621ab381bd-140700833089344","trial_id":24,"param_name":"dropout","param_value_internal":0.30509023206813185,"distribution":"{\"name\": \"FloatDistribution\", \"attributes\": {\"step\": null, \"low\": 0.1, \"high\": 0.5, \"log\": false}}"}
{"op_code":5,"worker_id":"879cec2f-50df-466f-abfa-e3621ab381bd-140700833089344","trial_id":24,"param_name":"nodes1","param_value_internal":0,"distribution":"{\"name\": \"CategoricalDistribution\", \"attributes\": {\"choices\": [16, 32, 64]}}"}
{"op_code":5,"worker_id":"879cec2f-50df-466f-abfa-e3621ab381bd-140700833089344","trial_id":24,"param_name":"nodes2","param_value_internal":2,"distribution":"{\"name\": \"CategoricalDistribution\", \"attributes\": {\"choices\": [32, 64, 128]}}"}
{"op_code":6,"worker_id":"879cec2f-50df-466f-abfa-e3621ab381bd-140700833089344","trial_id":24,"state":1,"values":[6.086296558380127],"datetime_complete":"2026-03-20T16:50:32.504069"}
{"op_code":4,"worker_id":"879cec2f-50df-466f-abfa-e3621ab381bd-140700833089344","study_id":0,"datetime_start":"2026-03-20T16:50:34.169724"}
{"op_code":5,"worker_id":"879cec2f-50df-466f-abfa-e3621ab381bd-140700833089344","trial_id":25,"param_name":"lr","param_value_internal":0.00029430342222500734,"distribution":"{\"name\": \"FloatDistribution\", \"attributes\": {\"step\": null, \"low\": 0.0001, \"high\": 0.1, \"log\": true}}"}
{"op_code":5,"worker_id":"879cec2f-50df-466f-abfa-e3621ab381bd-140700833089344","trial_id":25,"param_name":"dropout","param_value_internal":0.3828645546453216,"distribution":"{\"name\": \"FloatDistribution\", \"attributes\": {\"step\": null, \"low\": 0.1, \"high\": 0.5, \"log\": false}}"}
{"op_code":5,"worker_id":"879cec2f-50df-466f-abfa-e3621ab381bd-140700833089344","trial_id":25,"param_name":"nodes1","param_value_internal":0,"distribution":"{\"name\": \"CategoricalDistribution\", \"attributes\": {\"choices\": [16, 32, 64]}}"}
{"op_code":5,"worker_id":"879cec2f-50df-466f-abfa-e3621ab381bd-140700833089344","trial_id":25,"param_name":"nodes2","param_value_internal":2,"distribution":"{\"name\": \"CategoricalDistribution\", \"attributes\": {\"choices\": [32, 64, 128]}}"}
{"op_code":6,"worker_id":"879cec2f-50df-466f-abfa-e3621ab381bd-140700833089344","trial_id":25,"state":1,"values":[6.149771213531494],"datetime_complete":"2026-03-20T16:50:38.576613"}
{"op_code":4,"worker_id":"879cec2f-50df-466f-abfa-e3621ab381bd-140700833089344","study_id":0,"datetime_start":"2026-03-20T16:50:38.592344"}
{"op_code":5,"worker_id":"879cec2f-50df-466f-abfa-e3621ab381bd-140700833089344","trial_id":26,"param_name":"lr","param_value_internal":0.00027191308089045025,"distribution":"{\"name\": \"FloatDistribution\", \"attributes\": {\"step\": null, \"low\": 0.0001, \"high\": 0.1, \"log\": true}}"}
{"op_code":5,"worker_id":"879cec2f-50df-466f-abfa-e3621ab381bd-140700833089344","trial_id":26,"param_name":"dropout","param_value_internal":0.2627048816236692,"distribution":"{\"name\": \"FloatDistribution\", \"attributes\": {\"step\": null, \"low\": 0.1, \"high\": 0.5, \"log\": false}}"}
{"op_code":5,"worker_id":"879cec2f-50df-466f-abfa-e3621ab381bd-140700833089344","trial_id":26,"param_name":"nodes1","param_value_internal":0,"distribution":"{\"name\": \"CategoricalDistribution\", \"attributes\": {\"choices\": [16, 32, 64]}}"}
{"op_code":5,"worker_id":"879cec2f-50df-466f-abfa-e3621ab381bd-140700833089344","trial_id":26,"param_name":"nodes2","param_value_internal":2,"distribution":"{\"name\": \"CategoricalDistribution\", \"attributes\": {\"choices\": [32, 64, 128]}}"}
{"op_code":6,"worker_id":"879cec2f-50df-466f-abfa-e3621ab381bd-140700833089344","trial_id":26,"state":1,"values":[6.122776508331299],"datetime_complete":"2026-03-20T16:50:42.705599"}
{"op_code":4,"worker_id":"879cec2f-50df-466f-abfa-e3621ab381bd-140700833089344","study_id":0,"datetime_start":"2026-03-20T16:50:42.720228"}
{"op_code":5,"worker_id":"879cec2f-50df-466f-abfa-e3621ab381bd-140700833089344","trial_id":27,"param_name":"lr","param_value_internal":0.00010251536724360187,"distribution":"{\"name\": \"FloatDistribution\", \"attributes\": {\"step\": null, \"low\": 0.0001, \"high\": 0.1, \"log\": true}}"}
{"op_code":5,"worker_id":"879cec2f-50df-466f-abfa-e3621ab381bd-140700833089344","trial_id":27,"param_name":"dropout","param_value_internal":0.24073960231602154,"distribution":"{\"name\": \"FloatDistribution\", \"attributes\": {\"step\": null, \"low\": 0.1, \"high\": 0.5, \"log\": false}}"}
{"op_code":5,"worker_id":"879cec2f-50df-466f-abfa-e3621ab381bd-140700833089344","trial_id":27,"param_name":"nodes1","param_value_internal":0,"distribution":"{\"name\": \"CategoricalDistribution\", \"attributes\": {\"choices\": [16, 32, 64]}}"}
{"op_code":5,"worker_id":"879cec2f-50df-466f-abfa-e3621ab381bd-140700833089344","trial_id":27,"param_name":"nodes2","param_value_internal":2,"distribution":"{\"name\": \"CategoricalDistribution\", \"attributes\": {\"choices\": [32, 64, 128]}}"}
{"op_code":6,"worker_id":"879cec2f-50df-466f-abfa-e3621ab381bd-140700833089344","trial_id":27,"state":1,"values":[6.183129787445068],"datetime_complete":"2026-03-20T16:50:46.891891"}
{"op_code":4,"worker_id":"879cec2f-50df-466f-abfa-e3621ab381bd-140700833089344","study_id":0,"datetime_start":"2026-03-20T16:50:46.910492"}
{"op_code":5,"worker_id":"879cec2f-50df-466f-abfa-e3621ab381bd-140700833089344","trial_id":28,"param_name":"lr","param_value_internal":0.0011183833489371285,"distribution":"{\"name\": \"FloatDistribution\", \"attributes\": {\"step\": null, \"low\": 0.0001, \"high\": 0.1, \"log\": true}}"}
{"op_code":5,"worker_id":"879cec2f-50df-466f-abfa-e3621ab381bd-140700833089344","trial_id":28,"param_name":"dropout","param_value_internal":0.2965951840841189,"distribution":"{\"name\": \"FloatDistribution\", \"attributes\": {\"step\": null, \"low\": 0.1, \"high\": 0.5, \"log\": false}}"}
{"op_code":5,"worker_id":"879cec2f-50df-466f-abfa-e3621ab381bd-140700833089344","trial_id":28,"param_name":"nodes1","param_value_internal":0,"distribution":"{\"name\": \"CategoricalDistribution\", \"attributes\": {\"choices\": [16, 32, 64]}}"}
{"op_code":5,"worker_id":"879cec2f-50df-466f-abfa-e3621ab381bd-140700833089344","trial_id":28,"param_name":"nodes2","param_value_internal":2,"distribution":"{\"name\": \"CategoricalDistribution\", \"attributes\": {\"choices\": [32, 64, 128]}}"}
{"op_code":6,"worker_id":"879cec2f-50df-466f-abfa-e3621ab381bd-140700833089344","trial_id":28,"state":1,"values":[6.117394924163818],"datetime_complete":"2026-03-20T16:50:51.712129"}
{"op_code":4,"worker_id":"879cec2f-50df-466f-abfa-e3621ab381bd-140700833089344","study_id":0,"datetime_start":"2026-03-20T16:50:51.731714"}
{"op_code":5,"worker_id":"879cec2f-50df-466f-abfa-e3621ab381bd-140700833089344","trial_id":29,"param_name":"lr","param_value_internal":0.0002874420351966195,"distribution":"{\"name\": \"FloatDistribution\", \"attributes\": {\"step\": null, \"low\": 0.0001, \"high\": 0.1, \"log\": true}}"}
{"op_code":5,"worker_id":"879cec2f-50df-466f-abfa-e3621ab381bd-140700833089344","trial_id":29,"param_name":"dropout","param_value_internal":0.3779233938053564,"distribution":"{\"name\": \"FloatDistribution\", \"attributes\": {\"step\": null, \"low\": 0.1, \"high\": 0.5, \"log\": false}}"}
{"op_code":5,"worker_id":"879cec2f-50df-466f-abfa-e3621ab381bd-140700833089344","trial_id":29,"param_name":"nodes1","param_value_internal":0,"distribution":"{\"name\": \"CategoricalDistribution\", \"attributes\": {\"choices\": [16, 32, 64]}}"}
{"op_code":5,"worker_id":"879cec2f-50df-466f-abfa-e3621ab381bd-140700833089344","trial_id":29,"param_name":"nodes2","param_value_internal":0,"distribution":"{\"name\": \"CategoricalDistribution\", \"attributes\": {\"choices\": [32, 64, 128]}}"}
{"op_code":6,"worker_id":"879cec2f-50df-466f-abfa-e3621ab381bd-140700833089344","trial_id":29,"state":1,"values":[6.128565788269043],"datetime_complete":"2026-03-20T16:50:55.821024"}
{"op_code":4,"worker_id":"879cec2f-50df-466f-abfa-e3621ab381bd-140700833089344","study_id":0,"datetime_start":"2026-03-20T16:50:55.839212"}
{"op_code":5,"worker_id":"879cec2f-50df-466f-abfa-e3621ab381bd-140700833089344","trial_id":30,"param_name":"lr","param_value_internal":0.0006687321034888123,"distribution":"{\"name\": \"FloatDistribution\", \"attributes\": {\"step\": null, \"low\": 0.0001, \"high\": 0.1, \"log\": true}}"}
{"op_code":5,"worker_id":"879cec2f-50df-466f-abfa-e3621ab381bd-140700833089344","trial_id":30,"param_name":"dropout","param_value_internal":0.23271042334780806,"distribution":"{\"name\": \"FloatDistribution\", \"attributes\": {\"step\": null, \"low\": 0.1, \"high\": 0.5, \"log\": false}}"}
{"op_code":5,"worker_id":"879cec2f-50df-466f-abfa-e3621ab381bd-140700833089344","trial_id":30,"param_name":"nodes1","param_value_internal":0,"distribution":"{\"name\": \"CategoricalDistribution\", \"attributes\": {\"choices\": [16, 32, 64]}}"}
{"op_code":5,"worker_id":"879cec2f-50df-466f-abfa-e3621ab381bd-140700833089344","trial_id":30,"param_name":"nodes2","param_value_internal":1,"distribution":"{\"name\": \"CategoricalDistribution\", \"attributes\": {\"choices\": [32, 64, 128]}}"}
{"op_code":6,"worker_id":"879cec2f-50df-466f-abfa-e3621ab381bd-140700833089344","trial_id":30,"state":1,"values":[6.1130051612854],"datetime_complete":"2026-03-20T16:51:00.059265"}
{"op_code":0,"worker_id":"9ce5f591-1834-470f-b9bf-d5193b2a8fdb-139679950972736","study_name":"custom_torch_tuning","directions":[1]}
{"op_code":4,"worker_id":"9ce5f591-1834-470f-b9bf-d5193b2a8fdb-139679950972736","study_id":0,"datetime_start":"2026-03-20T17:07:32.068479"}
{"op_code":5,"worker_id":"9ce5f591-1834-470f-b9bf-d5193b2a8fdb-139679950972736","trial_id":31,"param_name":"lr","param_value_internal":0.09387397220107914,"distribution":"{\"name\": \"FloatDistribution\", \"attributes\": {\"step\": null, \"low\": 0.0001, \"high\": 0.1, \"log\": true}}"}
{"op_code":5,"worker_id":"9ce5f591-1834-470f-b9bf-d5193b2a8fdb-139679950972736","trial_id":31,"param_name":"dropout","param_value_internal":0.3139779679325238,"distribution":"{\"name\": \"FloatDistribution\", \"attributes\": {\"step\": null, \"low\": 0.1, \"high\": 0.5, \"log\": false}}"}
{"op_code":5,"worker_id":"9ce5f591-1834-470f-b9bf-d5193b2a8fdb-139679950972736","trial_id":31,"param_name":"nodes1","param_value_internal":1,"distribution":"{\"name\": \"CategoricalDistribution\", \"attributes\": {\"choices\": [16, 32, 64]}}"}
{"op_code":5,"worker_id":"9ce5f591-1834-470f-b9bf-d5193b2a8fdb-139679950972736","trial_id":31,"param_name":"nodes2","param_value_internal":0,"distribution":"{\"name\": \"CategoricalDistribution\", \"attributes\": {\"choices\": [32, 64, 128]}}"}
{"op_code":6,"worker_id":"9ce5f591-1834-470f-b9bf-d5193b2a8fdb-139679950972736","trial_id":31,"state":1,"values":[6.645163059234619],"datetime_complete":"2026-03-20T17:07:36.016040"}
{"op_code":4,"worker_id":"9ce5f591-1834-470f-b9bf-d5193b2a8fdb-139679950972736","study_id":0,"datetime_start":"2026-03-20T17:07:36.038545"}
{"op_code":5,"worker_id":"9ce5f591-1834-470f-b9bf-d5193b2a8fdb-139679950972736","trial_id":32,"param_name":"lr","param_value_internal":0.00025458962587256417,"distribution":"{\"name\": \"FloatDistribution\", \"attributes\": {\"step\": null, \"low\": 0.0001, \"high\": 0.1, \"log\": true}}"}
{"op_code":5,"worker_id":"9ce5f591-1834-470f-b9bf-d5193b2a8fdb-139679950972736","trial_id":32,"param_name":"dropout","param_value_internal":0.300657708683844,"distribution":"{\"name\": \"FloatDistribution\", \"attributes\": {\"step\": null, \"low\": 0.1, \"high\": 0.5, \"log\": false}}"}
{"op_code":5,"worker_id":"9ce5f591-1834-470f-b9bf-d5193b2a8fdb-139679950972736","trial_id":32,"param_name":"nodes1","param_value_internal":0,"distribution":"{\"name\": \"CategoricalDistribution\", \"attributes\": {\"choices\": [16, 32, 64]}}"}
{"op_code":5,"worker_id":"9ce5f591-1834-470f-b9bf-d5193b2a8fdb-139679950972736","trial_id":32,"param_name":"nodes2","param_value_internal":2,"distribution":"{\"name\": \"CategoricalDistribution\", \"attributes\": {\"choices\": [32, 64, 128]}}"}
{"op_code":6,"worker_id":"9ce5f591-1834-470f-b9bf-d5193b2a8fdb-139679950972736","trial_id":32,"state":1,"values":[6.105699062347412],"datetime_complete":"2026-03-20T17:07:40.116924"}
{"op_code":4,"worker_id":"9ce5f591-1834-470f-b9bf-d5193b2a8fdb-139679950972736","study_id":0,"datetime_start":"2026-03-20T17:07:40.137698"}
{"op_code":5,"worker_id":"9ce5f591-1834-470f-b9bf-d5193b2a8fdb-139679950972736","trial_id":33,"param_name":"lr","param_value_internal":0.00034406285220605704,"distribution":"{\"name\": \"FloatDistribution\", \"attributes\": {\"step\": null, \"low\": 0.0001, \"high\": 0.1, \"log\": true}}"}
{"op_code":5,"worker_id":"9ce5f591-1834-470f-b9bf-d5193b2a8fdb-139679950972736","trial_id":33,"param_name":"dropout","param_value_internal":0.27988341200425565,"distribution":"{\"name\": \"FloatDistribution\", \"attributes\": {\"step\": null, \"low\": 0.1, \"high\": 0.5, \"log\": false}}"}
{"op_code":5,"worker_id":"9ce5f591-1834-470f-b9bf-d5193b2a8fdb-139679950972736","trial_id":33,"param_name":"nodes1","param_value_internal":0,"distribution":"{\"name\": \"CategoricalDistribution\", \"attributes\": {\"choices\": [16, 32, 64]}}"}
{"op_code":5,"worker_id":"9ce5f591-1834-470f-b9bf-d5193b2a8fdb-139679950972736","trial_id":33,"param_name":"nodes2","param_value_internal":2,"distribution":"{\"name\": \"CategoricalDistribution\", \"attributes\": {\"choices\": [32, 64, 128]}}"}
{"op_code":6,"worker_id":"9ce5f591-1834-470f-b9bf-d5193b2a8fdb-139679950972736","trial_id":33,"state":1,"values":[6.102311134338379],"datetime_complete":"2026-03-20T17:07:44.252373"}
{"op_code":4,"worker_id":"9ce5f591-1834-470f-b9bf-d5193b2a8fdb-139679950972736","study_id":0,"datetime_start":"2026-03-20T17:07:44.267738"}
{"op_code":5,"worker_id":"9ce5f591-1834-470f-b9bf-d5193b2a8fdb-139679950972736","trial_id":34,"param_name":"lr","param_value_internal":0.00018601994034970476,"distribution":"{\"name\": \"FloatDistribution\", \"attributes\": {\"step\": null, \"low\": 0.0001, \"high\": 0.1, \"log\": true}}"}
{"op_code":5,"worker_id":"9ce5f591-1834-470f-b9bf-d5193b2a8fdb-139679950972736","trial_id":34,"param_name":"dropout","param_value_internal":0.315111875040627,"distribution":"{\"name\": \"FloatDistribution\", \"attributes\": {\"step\": null, \"low\": 0.1, \"high\": 0.5, \"log\": false}}"}
{"op_code":5,"worker_id":"9ce5f591-1834-470f-b9bf-d5193b2a8fdb-139679950972736","trial_id":34,"param_name":"nodes1","param_value_internal":1,"distribution":"{\"name\": \"CategoricalDistribution\", \"attributes\": {\"choices\": [16, 32, 64]}}"}
{"op_code":5,"worker_id":"9ce5f591-1834-470f-b9bf-d5193b2a8fdb-139679950972736","trial_id":34,"param_name":"nodes2","param_value_internal":2,"distribution":"{\"name\": \"CategoricalDistribution\", \"attributes\": {\"choices\": [32, 64, 128]}}"}
{"op_code":6,"worker_id":"9ce5f591-1834-470f-b9bf-d5193b2a8fdb-139679950972736","trial_id":34,"state":1,"values":[6.112336158752441],"datetime_complete":"2026-03-20T17:07:48.344479"}
{"op_code":4,"worker_id":"9ce5f591-1834-470f-b9bf-d5193b2a8fdb-139679950972736","study_id":0,"datetime_start":"2026-03-20T17:07:48.365103"}
{"op_code":5,"worker_id":"9ce5f591-1834-470f-b9bf-d5193b2a8fdb-139679950972736","trial_id":35,"param_name":"lr","param_value_internal":0.0006475510570638609,"distribution":"{\"name\": \"FloatDistribution\", \"attributes\": {\"step\": null, \"low\": 0.0001, \"high\": 0.1, \"log\": true}}"}
{"op_code":5,"worker_id":"9ce5f591-1834-470f-b9bf-d5193b2a8fdb-139679950972736","trial_id":35,"param_name":"dropout","param_value_internal":0.32897055398189756,"distribution":"{\"name\": \"FloatDistribution\", \"attributes\": {\"step\": null, \"low\": 0.1, \"high\": 0.5, \"log\": false}}"}
{"op_code":5,"worker_id":"9ce5f591-1834-470f-b9bf-d5193b2a8fdb-139679950972736","trial_id":35,"param_name":"nodes1","param_value_internal":0,"distribution":"{\"name\": \"CategoricalDistribution\", \"attributes\": {\"choices\": [16, 32, 64]}}"}
{"op_code":5,"worker_id":"9ce5f591-1834-470f-b9bf-d5193b2a8fdb-139679950972736","trial_id":35,"param_name":"nodes2","param_value_internal":2,"distribution":"{\"name\": \"CategoricalDistribution\", \"attributes\": {\"choices\": [32, 64, 128]}}"}
{"op_code":6,"worker_id":"9ce5f591-1834-470f-b9bf-d5193b2a8fdb-139679950972736","trial_id":35,"state":1,"values":[6.097019195556641],"datetime_complete":"2026-03-20T17:07:52.771105"}
{"op_code":4,"worker_id":"9ce5f591-1834-470f-b9bf-d5193b2a8fdb-139679950972736","study_id":0,"datetime_start":"2026-03-20T17:07:52.785280"}
{"op_code":5,"worker_id":"9ce5f591-1834-470f-b9bf-d5193b2a8fdb-139679950972736","trial_id":36,"param_name":"lr","param_value_internal":0.0013599445689616869,"distribution":"{\"name\": \"FloatDistribution\", \"attributes\": {\"step\": null, \"low\": 0.0001, \"high\": 0.1, \"log\": true}}"}
{"op_code":5,"worker_id":"9ce5f591-1834-470f-b9bf-d5193b2a8fdb-139679950972736","trial_id":36,"param_name":"dropout","param_value_internal":0.3723140140005967,"distribution":"{\"name\": \"FloatDistribution\", \"attributes\": {\"step\": null, \"low\": 0.1, \"high\": 0.5, \"log\": false}}"}
{"op_code":5,"worker_id":"9ce5f591-1834-470f-b9bf-d5193b2a8fdb-139679950972736","trial_id":36,"param_name":"nodes1","param_value_internal":2,"distribution":"{\"name\": \"CategoricalDistribution\", \"attributes\": {\"choices\": [16, 32, 64]}}"}
{"op_code":5,"worker_id":"9ce5f591-1834-470f-b9bf-d5193b2a8fdb-139679950972736","trial_id":36,"param_name":"nodes2","param_value_internal":2,"distribution":"{\"name\": \"CategoricalDistribution\", \"attributes\": {\"choices\": [32, 64, 128]}}"}
{"op_code":6,"worker_id":"9ce5f591-1834-470f-b9bf-d5193b2a8fdb-139679950972736","trial_id":36,"state":1,"values":[6.197973251342773],"datetime_complete":"2026-03-20T17:07:57.162506"}
{"op_code":4,"worker_id":"9ce5f591-1834-470f-b9bf-d5193b2a8fdb-139679950972736","study_id":0,"datetime_start":"2026-03-20T17:07:57.625517"}
{"op_code":5,"worker_id":"9ce5f591-1834-470f-b9bf-d5193b2a8fdb-139679950972736","trial_id":37,"param_name":"lr","param_value_internal":0.0003792741547488392,"distribution":"{\"name\": \"FloatDistribution\", \"attributes\": {\"step\": null, \"low\": 0.0001, \"high\": 0.1, \"log\": true}}"}
{"op_code":5,"worker_id":"9ce5f591-1834-470f-b9bf-d5193b2a8fdb-139679950972736","trial_id":37,"param_name":"dropout","param_value_internal":0.2504044940636297,"distribution":"{\"name\": \"FloatDistribution\", \"attributes\": {\"step\": null, \"low\": 0.1, \"high\": 0.5, \"log\": false}}"}
{"op_code":5,"worker_id":"9ce5f591-1834-470f-b9bf-d5193b2a8fdb-139679950972736","trial_id":37,"param_name":"nodes1","param_value_internal":1,"distribution":"{\"name\": \"CategoricalDistribution\", \"attributes\": {\"choices\": [16, 32, 64]}}"}
{"op_code":5,"worker_id":"9ce5f591-1834-470f-b9bf-d5193b2a8fdb-139679950972736","trial_id":37,"param_name":"nodes2","param_value_internal":0,"distribution":"{\"name\": \"CategoricalDistribution\", \"attributes\": {\"choices\": [32, 64, 128]}}"}
{"op_code":6,"worker_id":"9ce5f591-1834-470f-b9bf-d5193b2a8fdb-139679950972736","trial_id":37,"state":1,"values":[6.0733160972595215],"datetime_complete":"2026-03-20T17:08:02.082714"}
{"op_code":4,"worker_id":"9ce5f591-1834-470f-b9bf-d5193b2a8fdb-139679950972736","study_id":0,"datetime_start":"2026-03-20T17:08:02.102570"}
{"op_code":5,"worker_id":"9ce5f591-1834-470f-b9bf-d5193b2a8fdb-139679950972736","trial_id":38,"param_name":"lr","param_value_internal":0.002308901989902876,"distribution":"{\"name\": \"FloatDistribution\", \"attributes\": {\"step\": null, \"low\": 0.0001, \"high\": 0.1, \"log\": true}}"}
{"op_code":5,"worker_id":"9ce5f591-1834-470f-b9bf-d5193b2a8fdb-139679950972736","trial_id":38,"param_name":"dropout","param_value_internal":0.25022592530401155,"distribution":"{\"name\": \"FloatDistribution\", \"attributes\": {\"step\": null, \"low\": 0.1, \"high\": 0.5, \"log\": false}}"}
{"op_code":5,"worker_id":"9ce5f591-1834-470f-b9bf-d5193b2a8fdb-139679950972736","trial_id":38,"param_name":"nodes1","param_value_internal":1,"distribution":"{\"name\": \"CategoricalDistribution\", \"attributes\": {\"choices\": [16, 32, 64]}}"}
{"op_code":5,"worker_id":"9ce5f591-1834-470f-b9bf-d5193b2a8fdb-139679950972736","trial_id":38,"param_name":"nodes2","param_value_internal":0,"distribution":"{\"name\": \"CategoricalDistribution\", \"attributes\": {\"choices\": [32, 64, 128]}}"}
{"op_code":6,"worker_id":"9ce5f591-1834-470f-b9bf-d5193b2a8fdb-139679950972736","trial_id":38,"state":1,"values":[6.181316375732422],"datetime_complete":"2026-03-20T17:08:05.825791"}
{"op_code":4,"worker_id":"9ce5f591-1834-470f-b9bf-d5193b2a8fdb-139679950972736","study_id":0,"datetime_start":"2026-03-20T17:08:05.846531"}
{"op_code":5,"worker_id":"9ce5f591-1834-470f-b9bf-d5193b2a8fdb-139679950972736","trial_id":39,"param_name":"lr","param_value_internal":0.00782257348720993,"distribution":"{\"name\": \"FloatDistribution\", \"attributes\": {\"step\": null, \"low\": 0.0001, \"high\": 0.1, \"log\": true}}"}
{"op_code":5,"worker_id":"9ce5f591-1834-470f-b9bf-d5193b2a8fdb-139679950972736","trial_id":39,"param_name":"dropout","param_value_internal":0.2797698797217683,"distribution":"{\"name\": \"FloatDistribution\", \"attributes\": {\"step\": null, \"low\": 0.1, \"high\": 0.5, \"log\": false}}"}
{"op_code":5,"worker_id":"9ce5f591-1834-470f-b9bf-d5193b2a8fdb-139679950972736","trial_id":39,"param_name":"nodes1","param_value_internal":1,"distribution":"{\"name\": \"CategoricalDistribution\", \"attributes\": {\"choices\": [16, 32, 64]}}"}
{"op_code":5,"worker_id":"9ce5f591-1834-470f-b9bf-d5193b2a8fdb-139679950972736","trial_id":39,"param_name":"nodes2","param_value_internal":0,"distribution":"{\"name\": \"CategoricalDistribution\", \"attributes\": {\"choices\": [32, 64, 128]}}"}
{"op_code":6,"worker_id":"9ce5f591-1834-470f-b9bf-d5193b2a8fdb-139679950972736","trial_id":39,"state":1,"values":[6.455915927886963],"datetime_complete":"2026-03-20T17:08:09.784760"}
{"op_code":4,"worker_id":"9ce5f591-1834-470f-b9bf-d5193b2a8fdb-139679950972736","study_id":0,"datetime_start":"2026-03-20T17:08:09.804559"}
{"op_code":5,"worker_id":"9ce5f591-1834-470f-b9bf-d5193b2a8fdb-139679950972736","trial_id":40,"param_name":"lr","param_value_internal":0.00038503694034142745,"distribution":"{\"name\": \"FloatDistribution\", \"attributes\": {\"step\": null, \"low\": 0.0001, \"high\": 0.1, \"log\": true}}"}
{"op_code":5,"worker_id":"9ce5f591-1834-470f-b9bf-d5193b2a8fdb-139679950972736","trial_id":40,"param_name":"dropout","param_value_internal":0.26965366631355886,"distribution":"{\"name\": \"FloatDistribution\", \"attributes\": {\"step\": null, \"low\": 0.1, \"high\": 0.5, \"log\": false}}"}
{"op_code":5,"worker_id":"9ce5f591-1834-470f-b9bf-d5193b2a8fdb-139679950972736","trial_id":40,"param_name":"nodes1","param_value_internal":1,"distribution":"{\"name\": \"CategoricalDistribution\", \"attributes\": {\"choices\": [16, 32, 64]}}"}
{"op_code":5,"worker_id":"9ce5f591-1834-470f-b9bf-d5193b2a8fdb-139679950972736","trial_id":40,"param_name":"nodes2","param_value_internal":0,"distribution":"{\"name\": \"CategoricalDistribution\", \"attributes\": {\"choices\": [32, 64, 128]}}"}
{"op_code":6,"worker_id":"9ce5f591-1834-470f-b9bf-d5193b2a8fdb-139679950972736","trial_id":40,"state":1,"values":[6.112611770629883],"datetime_complete":"2026-03-20T17:08:13.706641"}
{"op_code":0,"worker_id":"a55bd3f2-a0b1-4ef8-8424-59d4285417be-139679950972736","study_name":"custom_torch_tuning","directions":[1]}
{"op_code":4,"worker_id":"a55bd3f2-a0b1-4ef8-8424-59d4285417be-139679950972736","study_id":0,"datetime_start":"2026-03-20T17:18:54.948081"}
{"op_code":5,"worker_id":"a55bd3f2-a0b1-4ef8-8424-59d4285417be-139679950972736","trial_id":41,"param_name":"lr","param_value_internal":0.00015840941902147508,"distribution":"{\"name\": \"FloatDistribution\", \"attributes\": {\"step\": null, \"low\": 0.0001, \"high\": 0.1, \"log\": true}}"}
{"op_code":5,"worker_id":"a55bd3f2-a0b1-4ef8-8424-59d4285417be-139679950972736","trial_id":41,"param_name":"dropout","param_value_internal":0.4690699556762078,"distribution":"{\"name\": \"FloatDistribution\", \"attributes\": {\"step\": null, \"low\": 0.1, \"high\": 0.5, \"log\": false}}"}
{"op_code":5,"worker_id":"a55bd3f2-a0b1-4ef8-8424-59d4285417be-139679950972736","trial_id":41,"param_name":"nodes1","param_value_internal":1,"distribution":"{\"name\": \"CategoricalDistribution\", \"attributes\": {\"choices\": [16, 32, 64]}}"}
{"op_code":5,"worker_id":"a55bd3f2-a0b1-4ef8-8424-59d4285417be-139679950972736","trial_id":41,"param_name":"nodes2","param_value_internal":0,"distribution":"{\"name\": \"CategoricalDistribution\", \"attributes\": {\"choices\": [32, 64, 128]}}"}
{"op_code":6,"worker_id":"a55bd3f2-a0b1-4ef8-8424-59d4285417be-139679950972736","trial_id":41,"state":1,"values":[6.144340991973877],"datetime_complete":"2026-03-20T17:18:58.648848"}
{"op_code":4,"worker_id":"a55bd3f2-a0b1-4ef8-8424-59d4285417be-139679950972736","study_id":0,"datetime_start":"2026-03-20T17:18:58.660255"}
{"op_code":5,"worker_id":"a55bd3f2-a0b1-4ef8-8424-59d4285417be-139679950972736","trial_id":42,"param_name":"lr","param_value_internal":0.00022209956775435413,"distribution":"{\"name\": \"FloatDistribution\", \"attributes\": {\"step\": null, \"low\": 0.0001, \"high\": 0.1, \"log\": true}}"}
{"op_code":5,"worker_id":"a55bd3f2-a0b1-4ef8-8424-59d4285417be-139679950972736","trial_id":42,"param_name":"dropout","param_value_internal":0.29474862769987653,"distribution":"{\"name\": \"FloatDistribution\", \"attributes\": {\"step\": null, \"low\": 0.1, \"high\": 0.5, \"log\": false}}"}
{"op_code":5,"worker_id":"a55bd3f2-a0b1-4ef8-8424-59d4285417be-139679950972736","trial_id":42,"param_name":"nodes1","param_value_internal":1,"distribution":"{\"name\": \"CategoricalDistribution\", \"attributes\": {\"choices\": [16, 32, 64]}}"}
{"op_code":5,"worker_id":"a55bd3f2-a0b1-4ef8-8424-59d4285417be-139679950972736","trial_id":42,"param_name":"nodes2","param_value_internal":0,"distribution":"{\"name\": \"CategoricalDistribution\", \"attributes\": {\"choices\": [32, 64, 128]}}"}
{"op_code":6,"worker_id":"a55bd3f2-a0b1-4ef8-8424-59d4285417be-139679950972736","trial_id":42,"state":1,"values":[6.072831153869629],"datetime_complete":"2026-03-20T17:19:02.492219"}
{"op_code":4,"worker_id":"a55bd3f2-a0b1-4ef8-8424-59d4285417be-139679950972736","study_id":0,"datetime_start":"2026-03-20T17:19:02.507684"}
{"op_code":5,"worker_id":"a55bd3f2-a0b1-4ef8-8424-59d4285417be-139679950972736","trial_id":43,"param_name":"lr","param_value_internal":0.00019248901572911563,"distribution":"{\"name\": \"FloatDistribution\", \"attributes\": {\"step\": null, \"low\": 0.0001, \"high\": 0.1, \"log\": true}}"}
{"op_code":5,"worker_id":"a55bd3f2-a0b1-4ef8-8424-59d4285417be-139679950972736","trial_id":43,"param_name":"dropout","param_value_internal":0.21905552106337173,"distribution":"{\"name\": \"FloatDistribution\", \"attributes\": {\"step\": null, \"low\": 0.1, \"high\": 0.5, \"log\": false}}"}
{"op_code":5,"worker_id":"a55bd3f2-a0b1-4ef8-8424-59d4285417be-139679950972736","trial_id":43,"param_name":"nodes1","param_value_internal":1,"distribution":"{\"name\": \"CategoricalDistribution\", \"attributes\": {\"choices\": [16, 32, 64]}}"}
{"op_code":5,"worker_id":"a55bd3f2-a0b1-4ef8-8424-59d4285417be-139679950972736","trial_id":43,"param_name":"nodes2","param_value_internal":0,"distribution":"{\"name\": \"CategoricalDistribution\", \"attributes\": {\"choices\": [32, 64, 128]}}"}
{"op_code":6,"worker_id":"a55bd3f2-a0b1-4ef8-8424-59d4285417be-139679950972736","trial_id":43,"state":1,"values":[6.046802520751953],"datetime_complete":"2026-03-20T17:19:06.062434"}
{"op_code":4,"worker_id":"a55bd3f2-a0b1-4ef8-8424-59d4285417be-139679950972736","study_id":0,"datetime_start":"2026-03-20T17:19:06.074151"}
{"op_code":5,"worker_id":"a55bd3f2-a0b1-4ef8-8424-59d4285417be-139679950972736","trial_id":44,"param_name":"lr","param_value_internal":0.0001411940471022312,"distribution":"{\"name\": \"FloatDistribution\", \"attributes\": {\"step\": null, \"low\": 0.0001, \"high\": 0.1, \"log\": true}}"}
{"op_code":5,"worker_id":"a55bd3f2-a0b1-4ef8-8424-59d4285417be-139679950972736","trial_id":44,"param_name":"dropout","param_value_internal":0.1666872489142674,"distribution":"{\"name\": \"FloatDistribution\", \"attributes\": {\"step\": null, \"low\": 0.1, \"high\": 0.5, \"log\": false}}"}
{"op_code":5,"worker_id":"a55bd3f2-a0b1-4ef8-8424-59d4285417be-139679950972736","trial_id":44,"param_name":"nodes1","param_value_internal":1,"distribution":"{\"name\": \"CategoricalDistribution\", \"attributes\": {\"choices\": [16, 32, 64]}}"}
{"op_code":5,"worker_id":"a55bd3f2-a0b1-4ef8-8424-59d4285417be-139679950972736","trial_id":44,"param_name":"nodes2","param_value_internal":0,"distribution":"{\"name\": \"CategoricalDistribution\", \"attributes\": {\"choices\": [32, 64, 128]}}"}
{"op_code":6,"worker_id":"a55bd3f2-a0b1-4ef8-8424-59d4285417be-139679950972736","trial_id":44,"state":1,"values":[6.067142963409424],"datetime_complete":"2026-03-20T17:19:09.977784"}
{"op_code":4,"worker_id":"a55bd3f2-a0b1-4ef8-8424-59d4285417be-139679950972736","study_id":0,"datetime_start":"2026-03-20T17:19:09.996255"}
{"op_code":5,"worker_id":"a55bd3f2-a0b1-4ef8-8424-59d4285417be-139679950972736","trial_id":45,"param_name":"lr","param_value_internal":0.0001529352931977918,"distribution":"{\"name\": \"FloatDistribution\", \"attributes\": {\"step\": null, \"low\": 0.0001, \"high\": 0.1, \"log\": true}}"}
{"op_code":5,"worker_id":"a55bd3f2-a0b1-4ef8-8424-59d4285417be-139679950972736","trial_id":45,"param_name":"dropout","param_value_internal":0.14186009822786982,"distribution":"{\"name\": \"FloatDistribution\", \"attributes\": {\"step\": null, \"low\": 0.1, \"high\": 0.5, \"log\": false}}"}
{"op_code":5,"worker_id":"a55bd3f2-a0b1-4ef8-8424-59d4285417be-139679950972736","trial_id":45,"param_name":"nodes1","param_value_internal":1,"distribution":"{\"name\": \"CategoricalDistribution\", \"attributes\": {\"choices\": [16, 32, 64]}}"}
{"op_code":5,"worker_id":"a55bd3f2-a0b1-4ef8-8424-59d4285417be-139679950972736","trial_id":45,"param_name":"nodes2","param_value_internal":0,"distribution":"{\"name\": \"CategoricalDistribution\", \"attributes\": {\"choices\": [32, 64, 128]}}"}
{"op_code":6,"worker_id":"a55bd3f2-a0b1-4ef8-8424-59d4285417be-139679950972736","trial_id":45,"state":1,"values":[6.052441120147705],"datetime_complete":"2026-03-20T17:19:14.257075"}
{"op_code":4,"worker_id":"a55bd3f2-a0b1-4ef8-8424-59d4285417be-139679950972736","study_id":0,"datetime_start":"2026-03-20T17:19:14.267100"}
{"op_code":5,"worker_id":"a55bd3f2-a0b1-4ef8-8424-59d4285417be-139679950972736","trial_id":46,"param_name":"lr","param_value_internal":0.00012994913166166676,"distribution":"{\"name\": \"FloatDistribution\", \"attributes\": {\"step\": null, \"low\": 0.0001, \"high\": 0.1, \"log\": true}}"}
{"op_code":5,"worker_id":"a55bd3f2-a0b1-4ef8-8424-59d4285417be-139679950972736","trial_id":46,"param_name":"dropout","param_value_internal":0.14381191979599972,"distribution":"{\"name\": \"FloatDistribution\", \"attributes\": {\"step\": null, \"low\": 0.1, \"high\": 0.5, \"log\": false}}"}
{"op_code":5,"worker_id":"a55bd3f2-a0b1-4ef8-8424-59d4285417be-139679950972736","trial_id":46,"param_name":"nodes1","param_value_internal":1,"distribution":"{\"name\": \"CategoricalDistribution\", \"attributes\": {\"choices\": [16, 32, 64]}}"}
{"op_code":5,"worker_id":"a55bd3f2-a0b1-4ef8-8424-59d4285417be-139679950972736","trial_id":46,"param_name":"nodes2","param_value_internal":0,"distribution":"{\"name\": \"CategoricalDistribution\", \"attributes\": {\"choices\": [32, 64, 128]}}"}
{"op_code":6,"worker_id":"a55bd3f2-a0b1-4ef8-8424-59d4285417be-139679950972736","trial_id":46,"state":1,"values":[6.056095123291016],"datetime_complete":"2026-03-20T17:19:18.150253"}
{"op_code":4,"worker_id":"a55bd3f2-a0b1-4ef8-8424-59d4285417be-139679950972736","study_id":0,"datetime_start":"2026-03-20T17:19:18.168204"}
{"op_code":5,"worker_id":"a55bd3f2-a0b1-4ef8-8424-59d4285417be-139679950972736","trial_id":47,"param_name":"lr","param_value_internal":0.00013014051180067305,"distribution":"{\"name\": \"FloatDistribution\", \"attributes\": {\"step\": null, \"low\": 0.0001, \"high\": 0.1, \"log\": true}}"}
{"op_code":5,"worker_id":"a55bd3f2-a0b1-4ef8-8424-59d4285417be-139679950972736","trial_id":47,"param_name":"dropout","param_value_internal":0.13538876578484613,"distribution":"{\"name\": \"FloatDistribution\", \"attributes\": {\"step\": null, \"low\": 0.1, \"high\": 0.5, \"log\": false}}"}
{"op_code":5,"worker_id":"a55bd3f2-a0b1-4ef8-8424-59d4285417be-139679950972736","trial_id":47,"param_name":"nodes1","param_value_internal":1,"distribution":"{\"name\": \"CategoricalDistribution\", \"attributes\": {\"choices\": [16, 32, 64]}}"}
{"op_code":5,"worker_id":"a55bd3f2-a0b1-4ef8-8424-59d4285417be-139679950972736","trial_id":47,"param_name":"nodes2","param_value_internal":0,"distribution":"{\"name\": \"CategoricalDistribution\", \"attributes\": {\"choices\": [32, 64, 128]}}"}
{"op_code":6,"worker_id":"a55bd3f2-a0b1-4ef8-8424-59d4285417be-139679950972736","trial_id":47,"state":1,"values":[6.0823774337768555],"datetime_complete":"2026-03-20T17:19:22.178895"}
{"op_code":4,"worker_id":"a55bd3f2-a0b1-4ef8-8424-59d4285417be-139679950972736","study_id":0,"datetime_start":"2026-03-20T17:19:22.194281"}
{"op_code":5,"worker_id":"a55bd3f2-a0b1-4ef8-8424-59d4285417be-139679950972736","trial_id":48,"param_name":"lr","param_value_internal":0.00020655771016391173,"distribution":"{\"name\": \"FloatDistribution\", \"attributes\": {\"step\": null, \"low\": 0.0001, \"high\": 0.1, \"log\": true}}"}
{"op_code":5,"worker_id":"a55bd3f2-a0b1-4ef8-8424-59d4285417be-139679950972736","trial_id":48,"param_name":"dropout","param_value_internal":0.1633775900701918,"distribution":"{\"name\": \"FloatDistribution\", \"attributes\": {\"step\": null, \"low\": 0.1, \"high\": 0.5, \"log\": false}}"}
{"op_code":5,"worker_id":"a55bd3f2-a0b1-4ef8-8424-59d4285417be-139679950972736","trial_id":48,"param_name":"nodes1","param_value_internal":1,"distribution":"{\"name\": \"CategoricalDistribution\", \"attributes\": {\"choices\": [16, 32, 64]}}"}
{"op_code":5,"worker_id":"a55bd3f2-a0b1-4ef8-8424-59d4285417be-139679950972736","trial_id":48,"param_name":"nodes2","param_value_internal":0,"distribution":"{\"name\": \"CategoricalDistribution\", \"attributes\": {\"choices\": [32, 64, 128]}}"}
{"op_code":6,"worker_id":"a55bd3f2-a0b1-4ef8-8424-59d4285417be-139679950972736","trial_id":48,"state":1,"values":[6.047351360321045],"datetime_complete":"2026-03-20T17:19:26.152636"}
{"op_code":4,"worker_id":"a55bd3f2-a0b1-4ef8-8424-59d4285417be-139679950972736","study_id":0,"datetime_start":"2026-03-20T17:19:26.168122"}
{"op_code":5,"worker_id":"a55bd3f2-a0b1-4ef8-8424-59d4285417be-139679950972736","trial_id":49,"param_name":"lr","param_value_internal":0.00011465875461923294,"distribution":"{\"name\": \"FloatDistribution\", \"attributes\": {\"step\": null, \"low\": 0.0001, \"high\": 0.1, \"log\": true}}"}
{"op_code":5,"worker_id":"a55bd3f2-a0b1-4ef8-8424-59d4285417be-139679950972736","trial_id":49,"param_name":"dropout","param_value_internal":0.15783715232289763,"distribution":"{\"name\": \"FloatDistribution\", \"attributes\": {\"step\": null, \"low\": 0.1, \"high\": 0.5, \"log\": false}}"}
{"op_code":5,"worker_id":"a55bd3f2-a0b1-4ef8-8424-59d4285417be-139679950972736","trial_id":49,"param_name":"nodes1","param_value_internal":1,"distribution":"{\"name\": \"CategoricalDistribution\", \"attributes\": {\"choices\": [16, 32, 64]}}"}
{"op_code":5,"worker_id":"a55bd3f2-a0b1-4ef8-8424-59d4285417be-139679950972736","trial_id":49,"param_name":"nodes2","param_value_internal":0,"distribution":"{\"name\": \"CategoricalDistribution\", \"attributes\": {\"choices\": [32, 64, 128]}}"}
{"op_code":6,"worker_id":"a55bd3f2-a0b1-4ef8-8424-59d4285417be-139679950972736","trial_id":49,"state":1,"values":[6.1314191818237305],"datetime_complete":"2026-03-20T17:19:30.062391"}
{"op_code":4,"worker_id":"a55bd3f2-a0b1-4ef8-8424-59d4285417be-139679950972736","study_id":0,"datetime_start":"2026-03-20T17:19:30.078875"}
{"op_code":5,"worker_id":"a55bd3f2-a0b1-4ef8-8424-59d4285417be-139679950972736","trial_id":50,"param_name":"lr","param_value_internal":0.00018321382429756068,"distribution":"{\"name\": \"FloatDistribution\", \"attributes\": {\"step\": null, \"low\": 0.0001, \"high\": 0.1, \"log\": true}}"}
{"op_code":5,"worker_id":"a55bd3f2-a0b1-4ef8-8424-59d4285417be-139679950972736","trial_id":50,"param_name":"dropout","param_value_internal":0.12335444295812678,"distribution":"{\"name\": \"FloatDistribution\", \"attributes\": {\"step\": null, \"low\": 0.1, \"high\": 0.5, \"log\": false}}"}
{"op_code":5,"worker_id":"a55bd3f2-a0b1-4ef8-8424-59d4285417be-139679950972736","trial_id":50,"param_name":"nodes1","param_value_internal":1,"distribution":"{\"name\": \"CategoricalDistribution\", \"attributes\": {\"choices\": [16, 32, 64]}}"}
{"op_code":5,"worker_id":"a55bd3f2-a0b1-4ef8-8424-59d4285417be-139679950972736","trial_id":50,"param_name":"nodes2","param_value_internal":0,"distribution":"{\"name\": \"CategoricalDistribution\", \"attributes\": {\"choices\": [32, 64, 128]}}"}
{"op_code":6,"worker_id":"a55bd3f2-a0b1-4ef8-8424-59d4285417be-139679950972736","trial_id":50,"state":1,"values":[6.073207855224609],"datetime_complete":"2026-03-20T17:19:33.596811"}
{"op_code":0,"worker_id":"1c40cd9f-9c56-4bc1-bf97-dca623f2b0d0-139679950972736","study_name":"custom_torch_tuning","directions":[1]}
{"op_code":4,"worker_id":"1c40cd9f-9c56-4bc1-bf97-dca623f2b0d0-139679950972736","study_id":0,"datetime_start":"2026-03-20T17:30:01.469556"}
{"op_code":5,"worker_id":"1c40cd9f-9c56-4bc1-bf97-dca623f2b0d0-139679950972736","trial_id":51,"param_name":"lr","param_value_internal":0.00014606578723045258,"distribution":"{\"name\": \"FloatDistribution\", \"attributes\": {\"step\": null, \"low\": 0.0001, \"high\": 0.1, \"log\": true}}"}
{"op_code":5,"worker_id":"1c40cd9f-9c56-4bc1-bf97-dca623f2b0d0-139679950972736","trial_id":51,"param_name":"dropout","param_value_internal":0.17172066901198105,"distribution":"{\"name\": \"FloatDistribution\", \"attributes\": {\"step\": null, \"low\": 0.1, \"high\": 0.5, \"log\": false}}"}
{"op_code":5,"worker_id":"1c40cd9f-9c56-4bc1-bf97-dca623f2b0d0-139679950972736","trial_id":51,"param_name":"nodes1","param_value_internal":1,"distribution":"{\"name\": \"CategoricalDistribution\", \"attributes\": {\"choices\": [16, 32, 64]}}"}
{"op_code":5,"worker_id":"1c40cd9f-9c56-4bc1-bf97-dca623f2b0d0-139679950972736","trial_id":51,"param_name":"nodes2","param_value_internal":0,"distribution":"{\"name\": \"CategoricalDistribution\", \"attributes\": {\"choices\": [32, 64, 128]}}"}
{"op_code":6,"worker_id":"1c40cd9f-9c56-4bc1-bf97-dca623f2b0d0-139679950972736","trial_id":51,"state":1,"values":[6.049633979797363],"datetime_complete":"2026-03-20T17:30:05.211522"}
{"op_code":4,"worker_id":"1c40cd9f-9c56-4bc1-bf97-dca623f2b0d0-139679950972736","study_id":0,"datetime_start":"2026-03-20T17:30:05.235706"}
{"op_code":5,"worker_id":"1c40cd9f-9c56-4bc1-bf97-dca623f2b0d0-139679950972736","trial_id":52,"param_name":"lr","param_value_internal":0.00014386241316724914,"distribution":"{\"name\": \"FloatDistribution\", \"attributes\": {\"step\": null, \"low\": 0.0001, \"high\": 0.1, \"log\": true}}"}
{"op_code":5,"worker_id":"1c40cd9f-9c56-4bc1-bf97-dca623f2b0d0-139679950972736","trial_id":52,"param_name":"dropout","param_value_internal":0.18095563457844485,"distribution":"{\"name\": \"FloatDistribution\", \"attributes\": {\"step\": null, \"low\": 0.1, \"high\": 0.5, \"log\": false}}"}
{"op_code":5,"worker_id":"1c40cd9f-9c56-4bc1-bf97-dca623f2b0d0-139679950972736","trial_id":52,"param_name":"nodes1","param_value_internal":1,"distribution":"{\"name\": \"CategoricalDistribution\", \"attributes\": {\"choices\": [16, 32, 64]}}"}
{"op_code":5,"worker_id":"1c40cd9f-9c56-4bc1-bf97-dca623f2b0d0-139679950972736","trial_id":52,"param_name":"nodes2","param_value_internal":0,"distribution":"{\"name\": \"CategoricalDistribution\", \"attributes\": {\"choices\": [32, 64, 128]}}"}
{"op_code":6,"worker_id":"1c40cd9f-9c56-4bc1-bf97-dca623f2b0d0-139679950972736","trial_id":52,"state":1,"values":[6.058558940887451],"datetime_complete":"2026-03-20T17:30:09.043442"}
{"op_code":4,"worker_id":"1c40cd9f-9c56-4bc1-bf97-dca623f2b0d0-139679950972736","study_id":0,"datetime_start":"2026-03-20T17:30:09.135403"}
{"op_code":5,"worker_id":"1c40cd9f-9c56-4bc1-bf97-dca623f2b0d0-139679950972736","trial_id":53,"param_name":"lr","param_value_internal":0.0001817635267670717,"distribution":"{\"name\": \"FloatDistribution\", \"attributes\": {\"step\": null, \"low\": 0.0001, \"high\": 0.1, \"log\": true}}"}
{"op_code":5,"worker_id":"1c40cd9f-9c56-4bc1-bf97-dca623f2b0d0-139679950972736","trial_id":53,"param_name":"dropout","param_value_internal":0.1805425098933563,"distribution":"{\"name\": \"FloatDistribution\", \"attributes\": {\"step\": null, \"low\": 0.1, \"high\": 0.5, \"log\": false}}"}
{"op_code":5,"worker_id":"1c40cd9f-9c56-4bc1-bf97-dca623f2b0d0-139679950972736","trial_id":53,"param_name":"nodes1","param_value_internal":1,"distribution":"{\"name\": \"CategoricalDistribution\", \"attributes\": {\"choices\": [16, 32, 64]}}"}
{"op_code":5,"worker_id":"1c40cd9f-9c56-4bc1-bf97-dca623f2b0d0-139679950972736","trial_id":53,"param_name":"nodes2","param_value_internal":0,"distribution":"{\"name\": \"CategoricalDistribution\", \"attributes\": {\"choices\": [32, 64, 128]}}"}
{"op_code":6,"worker_id":"1c40cd9f-9c56-4bc1-bf97-dca623f2b0d0-139679950972736","trial_id":53,"state":1,"values":[6.063955307006836],"datetime_complete":"2026-03-20T17:30:12.866215"}
{"op_code":4,"worker_id":"1c40cd9f-9c56-4bc1-bf97-dca623f2b0d0-139679950972736","study_id":0,"datetime_start":"2026-03-20T17:30:12.890225"}
{"op_code":5,"worker_id":"1c40cd9f-9c56-4bc1-bf97-dca623f2b0d0-139679950972736","trial_id":54,"param_name":"lr","param_value_internal":0.00020646831798672787,"distribution":"{\"name\": \"FloatDistribution\", \"attributes\": {\"step\": null, \"low\": 0.0001, \"high\": 0.1, \"log\": true}}"}
{"op_code":5,"worker_id":"1c40cd9f-9c56-4bc1-bf97-dca623f2b0d0-139679950972736","trial_id":54,"param_name":"dropout","param_value_internal":0.21466095784989664,"distribution":"{\"name\": \"FloatDistribution\", \"attributes\": {\"step\": null, \"low\": 0.1, \"high\": 0.5, \"log\": false}}"}
{"op_code":5,"worker_id":"1c40cd9f-9c56-4bc1-bf97-dca623f2b0d0-139679950972736","trial_id":54,"param_name":"nodes1","param_value_internal":1,"distribution":"{\"name\": \"CategoricalDistribution\", \"attributes\": {\"choices\": [16, 32, 64]}}"}
{"op_code":5,"worker_id":"1c40cd9f-9c56-4bc1-bf97-dca623f2b0d0-139679950972736","trial_id":54,"param_name":"nodes2","param_value_internal":0,"distribution":"{\"name\": \"CategoricalDistribution\", \"attributes\": {\"choices\": [32, 64, 128]}}"}
{"op_code":6,"worker_id":"1c40cd9f-9c56-4bc1-bf97-dca623f2b0d0-139679950972736","trial_id":54,"state":1,"values":[6.048456192016602],"datetime_complete":"2026-03-20T17:30:16.466571"}
{"op_code":4,"worker_id":"1c40cd9f-9c56-4bc1-bf97-dca623f2b0d0-139679950972736","study_id":0,"datetime_start":"2026-03-20T17:30:16.486319"}
{"op_code":5,"worker_id":"1c40cd9f-9c56-4bc1-bf97-dca623f2b0d0-139679950972736","trial_id":55,"param_name":"lr","param_value_internal":0.0002158902649504677,"distribution":"{\"name\": \"FloatDistribution\", \"attributes\": {\"step\": null, \"low\": 0.0001, \"high\": 0.1, \"log\": true}}"}
{"op_code":5,"worker_id":"1c40cd9f-9c56-4bc1-bf97-dca623f2b0d0-139679950972736","trial_id":55,"param_name":"dropout","param_value_internal":0.21071386295443095,"distribution":"{\"name\": \"FloatDistribution\", \"attributes\": {\"step\": null, \"low\": 0.1, \"high\": 0.5, \"log\": false}}"}
{"op_code":5,"worker_id":"1c40cd9f-9c56-4bc1-bf97-dca623f2b0d0-139679950972736","trial_id":55,"param_name":"nodes1","param_value_internal":1,"distribution":"{\"name\": \"CategoricalDistribution\", \"attributes\": {\"choices\": [16, 32, 64]}}"}
{"op_code":5,"worker_id":"1c40cd9f-9c56-4bc1-bf97-dca623f2b0d0-139679950972736","trial_id":55,"param_name":"nodes2","param_value_internal":0,"distribution":"{\"name\": \"CategoricalDistribution\", \"attributes\": {\"choices\": [32, 64, 128]}}"}
{"op_code":6,"worker_id":"1c40cd9f-9c56-4bc1-bf97-dca623f2b0d0-139679950972736","trial_id":55,"state":1,"values":[6.0513014793396],"datetime_complete":"2026-03-20T17:30:20.388699"}
{"op_code":4,"worker_id":"1c40cd9f-9c56-4bc1-bf97-dca623f2b0d0-139679950972736","study_id":0,"datetime_start":"2026-03-20T17:30:20.407531"}
{"op_code":5,"worker_id":"1c40cd9f-9c56-4bc1-bf97-dca623f2b0d0-139679950972736","trial_id":56,"param_name":"lr","param_value_internal":0.0005144764388473334,"distribution":"{\"name\": \"FloatDistribution\", \"attributes\": {\"step\": null, \"low\": 0.0001, \"high\": 0.1, \"log\": true}}"}
{"op_code":5,"worker_id":"1c40cd9f-9c56-4bc1-bf97-dca623f2b0d0-139679950972736","trial_id":56,"param_name":"dropout","param_value_internal":0.2156674024453087,"distribution":"{\"name\": \"FloatDistribution\", \"attributes\": {\"step\": null, \"low\": 0.1, \"high\": 0.5, \"log\": false}}"}
{"op_code":5,"worker_id":"1c40cd9f-9c56-4bc1-bf97-dca623f2b0d0-139679950972736","trial_id":56,"param_name":"nodes1","param_value_internal":1,"distribution":"{\"name\": \"CategoricalDistribution\", \"attributes\": {\"choices\": [16, 32, 64]}}"}
{"op_code":5,"worker_id":"1c40cd9f-9c56-4bc1-bf97-dca623f2b0d0-139679950972736","trial_id":56,"param_name":"nodes2","param_value_internal":0,"distribution":"{\"name\": \"CategoricalDistribution\", \"attributes\": {\"choices\": [32, 64, 128]}}"}
{"op_code":6,"worker_id":"1c40cd9f-9c56-4bc1-bf97-dca623f2b0d0-139679950972736","trial_id":56,"state":1,"values":[6.041297435760498],"datetime_complete":"2026-03-20T17:30:24.251584"}
{"op_code":4,"worker_id":"1c40cd9f-9c56-4bc1-bf97-dca623f2b0d0-139679950972736","study_id":0,"datetime_start":"2026-03-20T17:30:24.265981"}
{"op_code":5,"worker_id":"1c40cd9f-9c56-4bc1-bf97-dca623f2b0d0-139679950972736","trial_id":57,"param_name":"lr","param_value_internal":0.0004286572195050371,"distribution":"{\"name\": \"FloatDistribution\", \"attributes\": {\"step\": null, \"low\": 0.0001, \"high\": 0.1, \"log\": true}}"}
{"op_code":5,"worker_id":"1c40cd9f-9c56-4bc1-bf97-dca623f2b0d0-139679950972736","trial_id":57,"param_name":"dropout","param_value_internal":0.21626027857541466,"distribution":"{\"name\": \"FloatDistribution\", \"attributes\": {\"step\": null, \"low\": 0.1, \"high\": 0.5, \"log\": false}}"}
{"op_code":5,"worker_id":"1c40cd9f-9c56-4bc1-bf97-dca623f2b0d0-139679950972736","trial_id":57,"param_name":"nodes1","param_value_internal":1,"distribution":"{\"name\": \"CategoricalDistribution\", \"attributes\": {\"choices\": [16, 32, 64]}}"}
{"op_code":5,"worker_id":"1c40cd9f-9c56-4bc1-bf97-dca623f2b0d0-139679950972736","trial_id":57,"param_name":"nodes2","param_value_internal":0,"distribution":"{\"name\": \"CategoricalDistribution\", \"attributes\": {\"choices\": [32, 64, 128]}}"}
{"op_code":6,"worker_id":"1c40cd9f-9c56-4bc1-bf97-dca623f2b0d0-139679950972736","trial_id":57,"state":1,"values":[6.044753551483154],"datetime_complete":"2026-03-20T17:30:28.143967"}
{"op_code":4,"worker_id":"1c40cd9f-9c56-4bc1-bf97-dca623f2b0d0-139679950972736","study_id":0,"datetime_start":"2026-03-20T17:30:28.161085"}
{"op_code":5,"worker_id":"1c40cd9f-9c56-4bc1-bf97-dca623f2b0d0-139679950972736","trial_id":58,"param_name":"lr","param_value_internal":0.0005422647136750791,"distribution":"{\"name\": \"FloatDistribution\", \"attributes\": {\"step\": null, \"low\": 0.0001, \"high\": 0.1, \"log\": true}}"}
{"op_code":5,"worker_id":"1c40cd9f-9c56-4bc1-bf97-dca623f2b0d0-139679950972736","trial_id":58,"param_name":"dropout","param_value_internal":0.21080442643705544,"distribution":"{\"name\": \"FloatDistribution\", \"attributes\": {\"step\": null, \"low\": 0.1, \"high\": 0.5, \"log\": false}}"}
{"op_code":5,"worker_id":"1c40cd9f-9c56-4bc1-bf97-dca623f2b0d0-139679950972736","trial_id":58,"param_name":"nodes1","param_value_internal":1,"distribution":"{\"name\": \"CategoricalDistribution\", \"attributes\": {\"choices\": [16, 32, 64]}}"}
{"op_code":5,"worker_id":"1c40cd9f-9c56-4bc1-bf97-dca623f2b0d0-139679950972736","trial_id":58,"param_name":"nodes2","param_value_internal":0,"distribution":"{\"name\": \"CategoricalDistribution\", \"attributes\": {\"choices\": [32, 64, 128]}}"}
{"op_code":6,"worker_id":"1c40cd9f-9c56-4bc1-bf97-dca623f2b0d0-139679950972736","trial_id":58,"state":1,"values":[6.047048091888428],"datetime_complete":"2026-03-20T17:30:31.747431"}
{"op_code":4,"worker_id":"1c40cd9f-9c56-4bc1-bf97-dca623f2b0d0-139679950972736","study_id":0,"datetime_start":"2026-03-20T17:30:31.762164"}
{"op_code":5,"worker_id":"1c40cd9f-9c56-4bc1-bf97-dca623f2b0d0-139679950972736","trial_id":59,"param_name":"lr","param_value_internal":0.00048776808960209595,"distribution":"{\"name\": \"FloatDistribution\", \"attributes\": {\"step\": null, \"low\": 0.0001, \"high\": 0.1, \"log\": true}}"}
{"op_code":5,"worker_id":"1c40cd9f-9c56-4bc1-bf97-dca623f2b0d0-139679950972736","trial_id":59,"param_name":"dropout","param_value_internal":0.21808447133746667,"distribution":"{\"name\": \"FloatDistribution\", \"attributes\": {\"step\": null, \"low\": 0.1, \"high\": 0.5, \"log\": false}}"}
{"op_code":5,"worker_id":"1c40cd9f-9c56-4bc1-bf97-dca623f2b0d0-139679950972736","trial_id":59,"param_name":"nodes1","param_value_internal":2,"distribution":"{\"name\": \"CategoricalDistribution\", \"attributes\": {\"choices\": [16, 32, 64]}}"}
{"op_code":5,"worker_id":"1c40cd9f-9c56-4bc1-bf97-dca623f2b0d0-139679950972736","trial_id":59,"param_name":"nodes2","param_value_internal":0,"distribution":"{\"name\": \"CategoricalDistribution\", \"attributes\": {\"choices\": [32, 64, 128]}}"}
{"op_code":6,"worker_id":"1c40cd9f-9c56-4bc1-bf97-dca623f2b0d0-139679950972736","trial_id":59,"state":1,"values":[6.062389373779297],"datetime_complete":"2026-03-20T17:30:35.445957"}
{"op_code":4,"worker_id":"1c40cd9f-9c56-4bc1-bf97-dca623f2b0d0-139679950972736","study_id":0,"datetime_start":"2026-03-20T17:30:35.470316"}
{"op_code":5,"worker_id":"1c40cd9f-9c56-4bc1-bf97-dca623f2b0d0-139679950972736","trial_id":60,"param_name":"lr","param_value_internal":0.0004347713211970818,"distribution":"{\"name\": \"FloatDistribution\", \"attributes\": {\"step\": null, \"low\": 0.0001, \"high\": 0.1, \"log\": true}}"}
{"op_code":5,"worker_id":"1c40cd9f-9c56-4bc1-bf97-dca623f2b0d0-139679950972736","trial_id":60,"param_name":"dropout","param_value_internal":0.1980776922646916,"distribution":"{\"name\": \"FloatDistribution\", \"attributes\": {\"step\": null, \"low\": 0.1, \"high\": 0.5, \"log\": false}}"}
{"op_code":5,"worker_id":"1c40cd9f-9c56-4bc1-bf97-dca623f2b0d0-139679950972736","trial_id":60,"param_name":"nodes1","param_value_internal":1,"distribution":"{\"name\": \"CategoricalDistribution\", \"attributes\": {\"choices\": [16, 32, 64]}}"}
{"op_code":5,"worker_id":"1c40cd9f-9c56-4bc1-bf97-dca623f2b0d0-139679950972736","trial_id":60,"param_name":"nodes2","param_value_internal":1,"distribution":"{\"name\": \"CategoricalDistribution\", \"attributes\": {\"choices\": [32, 64, 128]}}"}
{"op_code":6,"worker_id":"1c40cd9f-9c56-4bc1-bf97-dca623f2b0d0-139679950972736","trial_id":60,"state":1,"values":[6.023591041564941],"datetime_complete":"2026-03-20T17:30:39.154721"}
{"op_code":0,"worker_id":"08773999-8792-4449-a2cc-75f63377804b-139679950972736","study_name":"custom_torch_tuning","directions":[1]}
{"op_code":4,"worker_id":"08773999-8792-4449-a2cc-75f63377804b-139679950972736","study_id":0,"datetime_start":"2026-03-20T17:39:52.982359"}
{"op_code":5,"worker_id":"08773999-8792-4449-a2cc-75f63377804b-139679950972736","trial_id":61,"param_name":"lr","param_value_internal":0.001659223004274113,"distribution":"{\"name\": \"FloatDistribution\", \"attributes\": {\"step\": null, \"low\": 0.0001, \"high\": 0.1, \"log\": true}}"}
{"op_code":5,"worker_id":"08773999-8792-4449-a2cc-75f63377804b-139679950972736","trial_id":61,"param_name":"dropout","param_value_internal":0.19781587607850615,"distribution":"{\"name\": \"FloatDistribution\", \"attributes\": {\"step\": null, \"low\": 0.1, \"high\": 0.5, \"log\": false}}"}
{"op_code":5,"worker_id":"08773999-8792-4449-a2cc-75f63377804b-139679950972736","trial_id":61,"param_name":"nodes1","param_value_internal":1,"distribution":"{\"name\": \"CategoricalDistribution\", \"attributes\": {\"choices\": [16, 32, 64]}}"}
{"op_code":5,"worker_id":"08773999-8792-4449-a2cc-75f63377804b-139679950972736","trial_id":61,"param_name":"nodes2","param_value_internal":1,"distribution":"{\"name\": \"CategoricalDistribution\", \"attributes\": {\"choices\": [32, 64, 128]}}"}
{"op_code":6,"worker_id":"08773999-8792-4449-a2cc-75f63377804b-139679950972736","trial_id":61,"state":1,"values":[6.267986297607422],"datetime_complete":"2026-03-20T17:39:57.131220"}
{"op_code":4,"worker_id":"08773999-8792-4449-a2cc-75f63377804b-139679950972736","study_id":0,"datetime_start":"2026-03-20T17:39:57.154986"}
{"op_code":5,"worker_id":"08773999-8792-4449-a2cc-75f63377804b-139679950972736","trial_id":62,"param_name":"lr","param_value_internal":0.0006082121289460609,"distribution":"{\"name\": \"FloatDistribution\", \"attributes\": {\"step\": null, \"low\": 0.0001, \"high\": 0.1, \"log\": true}}"}
{"op_code":5,"worker_id":"08773999-8792-4449-a2cc-75f63377804b-139679950972736","trial_id":62,"param_name":"dropout","param_value_internal":0.2203726775207989,"distribution":"{\"name\": \"FloatDistribution\", \"attributes\": {\"step\": null, \"low\": 0.1, \"high\": 0.5, \"log\": false}}"}
{"op_code":5,"worker_id":"08773999-8792-4449-a2cc-75f63377804b-139679950972736","trial_id":62,"param_name":"nodes1","param_value_internal":1,"distribution":"{\"name\": \"CategoricalDistribution\", \"attributes\": {\"choices\": [16, 32, 64]}}"}
{"op_code":5,"worker_id":"08773999-8792-4449-a2cc-75f63377804b-139679950972736","trial_id":62,"param_name":"nodes2","param_value_internal":1,"distribution":"{\"name\": \"CategoricalDistribution\", \"attributes\": {\"choices\": [32, 64, 128]}}"}
{"op_code":6,"worker_id":"08773999-8792-4449-a2cc-75f63377804b-139679950972736","trial_id":62,"state":1,"values":[6.149521827697754],"datetime_complete":"2026-03-20T17:40:00.789548"}
{"op_code":4,"worker_id":"08773999-8792-4449-a2cc-75f63377804b-139679950972736","study_id":0,"datetime_start":"2026-03-20T17:40:00.805639"}
{"op_code":5,"worker_id":"08773999-8792-4449-a2cc-75f63377804b-139679950972736","trial_id":63,"param_name":"lr","param_value_internal":0.00040518828723525724,"distribution":"{\"name\": \"FloatDistribution\", \"attributes\": {\"step\": null, \"low\": 0.0001, \"high\": 0.1, \"log\": true}}"}
{"op_code":5,"worker_id":"08773999-8792-4449-a2cc-75f63377804b-139679950972736","trial_id":63,"param_name":"dropout","param_value_internal":0.18967227710689896,"distribution":"{\"name\": \"FloatDistribution\", \"attributes\": {\"step\": null, \"low\": 0.1, \"high\": 0.5, \"log\": false}}"}
{"op_code":5,"worker_id":"08773999-8792-4449-a2cc-75f63377804b-139679950972736","trial_id":63,"param_name":"nodes1","param_value_internal":1,"distribution":"{\"name\": \"CategoricalDistribution\", \"attributes\": {\"choices\": [16, 32, 64]}}"}
{"op_code":5,"worker_id":"08773999-8792-4449-a2cc-75f63377804b-139679950972736","trial_id":63,"param_name":"nodes2","param_value_internal":1,"distribution":"{\"name\": \"CategoricalDistribution\", \"attributes\": {\"choices\": [32, 64, 128]}}"}
{"op_code":6,"worker_id":"08773999-8792-4449-a2cc-75f63377804b-139679950972736","trial_id":63,"state":1,"values":[6.1667799949646],"datetime_complete":"2026-03-20T17:40:04.670436"}
{"op_code":4,"worker_id":"08773999-8792-4449-a2cc-75f63377804b-139679950972736","study_id":0,"datetime_start":"2026-03-20T17:40:04.688205"}
{"op_code":5,"worker_id":"08773999-8792-4449-a2cc-75f63377804b-139679950972736","trial_id":64,"param_name":"lr","param_value_internal":0.0008782448838556247,"distribution":"{\"name\": \"FloatDistribution\", \"attributes\": {\"step\": null, \"low\": 0.0001, \"high\": 0.1, \"log\": true}}"}
{"op_code":5,"worker_id":"08773999-8792-4449-a2cc-75f63377804b-139679950972736","trial_id":64,"param_name":"dropout","param_value_internal":0.2043333029556048,"distribution":"{\"name\": \"FloatDistribution\", \"attributes\": {\"step\": null, \"low\": 0.1, \"high\": 0.5, \"log\": false}}"}
{"op_code":5,"worker_id":"08773999-8792-4449-a2cc-75f63377804b-139679950972736","trial_id":64,"param_name":"nodes1","param_value_internal":1,"distribution":"{\"name\": \"CategoricalDistribution\", \"attributes\": {\"choices\": [16, 32, 64]}}"}
{"op_code":5,"worker_id":"08773999-8792-4449-a2cc-75f63377804b-139679950972736","trial_id":64,"param_name":"nodes2","param_value_internal":0,"distribution":"{\"name\": \"CategoricalDistribution\", \"attributes\": {\"choices\": [32, 64, 128]}}"}
{"op_code":6,"worker_id":"08773999-8792-4449-a2cc-75f63377804b-139679950972736","trial_id":64,"state":1,"values":[6.199923515319824],"datetime_complete":"2026-03-20T17:40:08.242558"}
{"op_code":4,"worker_id":"08773999-8792-4449-a2cc-75f63377804b-139679950972736","study_id":0,"datetime_start":"2026-03-20T17:40:08.257686"}
{"op_code":5,"worker_id":"08773999-8792-4449-a2cc-75f63377804b-139679950972736","trial_id":65,"param_name":"lr","param_value_internal":0.00045883993672186766,"distribution":"{\"name\": \"FloatDistribution\", \"attributes\": {\"step\": null, \"low\": 0.0001, \"high\": 0.1, \"log\": true}}"}
{"op_code":5,"worker_id":"08773999-8792-4449-a2cc-75f63377804b-139679950972736","trial_id":65,"param_name":"dropout","param_value_internal":0.23510577705341876,"distribution":"{\"name\": \"FloatDistribution\", \"attributes\": {\"step\": null, \"low\": 0.1, \"high\": 0.5, \"log\": false}}"}
{"op_code":5,"worker_id":"08773999-8792-4449-a2cc-75f63377804b-139679950972736","trial_id":65,"param_name":"nodes1","param_value_internal":1,"distribution":"{\"name\": \"CategoricalDistribution\", \"attributes\": {\"choices\": [16, 32, 64]}}"}
{"op_code":5,"worker_id":"08773999-8792-4449-a2cc-75f63377804b-139679950972736","trial_id":65,"param_name":"nodes2","param_value_internal":1,"distribution":"{\"name\": \"CategoricalDistribution\", \"attributes\": {\"choices\": [32, 64, 128]}}"}
{"op_code":6,"worker_id":"08773999-8792-4449-a2cc-75f63377804b-139679950972736","trial_id":65,"state":1,"values":[6.164994239807129],"datetime_complete":"2026-03-20T17:40:12.011984"}
{"op_code":4,"worker_id":"08773999-8792-4449-a2cc-75f63377804b-139679950972736","study_id":0,"datetime_start":"2026-03-20T17:40:12.028072"}
{"op_code":5,"worker_id":"08773999-8792-4449-a2cc-75f63377804b-139679950972736","trial_id":66,"param_name":"lr","param_value_internal":0.0005513292008287396,"distribution":"{\"name\": \"FloatDistribution\", \"attributes\": {\"step\": null, \"low\": 0.0001, \"high\": 0.1, \"log\": true}}"}
{"op_code":5,"worker_id":"08773999-8792-4449-a2cc-75f63377804b-139679950972736","trial_id":66,"param_name":"dropout","param_value_internal":0.15778228719051043,"distribution":"{\"name\": \"FloatDistribution\", \"attributes\": {\"step\": null, \"low\": 0.1, \"high\": 0.5, \"log\": false}}"}
{"op_code":5,"worker_id":"08773999-8792-4449-a2cc-75f63377804b-139679950972736","trial_id":66,"param_name":"nodes1","param_value_internal":1,"distribution":"{\"name\": \"CategoricalDistribution\", \"attributes\": {\"choices\": [16, 32, 64]}}"}
{"op_code":5,"worker_id":"08773999-8792-4449-a2cc-75f63377804b-139679950972736","trial_id":66,"param_name":"nodes2","param_value_internal":0,"distribution":"{\"name\": \"CategoricalDistribution\", \"attributes\": {\"choices\": [32, 64, 128]}}"}
{"op_code":6,"worker_id":"08773999-8792-4449-a2cc-75f63377804b-139679950972736","trial_id":66,"state":1,"values":[6.17048454284668],"datetime_complete":"2026-03-20T17:40:16.210041"}
{"op_code":4,"worker_id":"08773999-8792-4449-a2cc-75f63377804b-139679950972736","study_id":0,"datetime_start":"2026-03-20T17:40:16.223725"}
{"op_code":5,"worker_id":"08773999-8792-4449-a2cc-75f63377804b-139679950972736","trial_id":67,"param_name":"lr","param_value_internal":0.00032779779588655664,"distribution":"{\"name\": \"FloatDistribution\", \"attributes\": {\"step\": null, \"low\": 0.0001, \"high\": 0.1, \"log\": true}}"}
{"op_code":5,"worker_id":"08773999-8792-4449-a2cc-75f63377804b-139679950972736","trial_id":67,"param_name":"dropout","param_value_internal":0.10213330647549673,"distribution":"{\"name\": \"FloatDistribution\", \"attributes\": {\"step\": null, \"low\": 0.1, \"high\": 0.5, \"log\": false}}"}
{"op_code":5,"worker_id":"08773999-8792-4449-a2cc-75f63377804b-139679950972736","trial_id":67,"param_name":"nodes1","param_value_internal":1,"distribution":"{\"name\": \"CategoricalDistribution\", \"attributes\": {\"choices\": [16, 32, 64]}}"}
{"op_code":5,"worker_id":"08773999-8792-4449-a2cc-75f63377804b-139679950972736","trial_id":67,"param_name":"nodes2","param_value_internal":0,"distribution":"{\"name\": \"CategoricalDistribution\", \"attributes\": {\"choices\": [32, 64, 128]}}"}
{"op_code":6,"worker_id":"08773999-8792-4449-a2cc-75f63377804b-139679950972736","trial_id":67,"state":1,"values":[6.148037433624268],"datetime_complete":"2026-03-20T17:40:20.197300"}
{"op_code":4,"worker_id":"08773999-8792-4449-a2cc-75f63377804b-139679950972736","study_id":0,"datetime_start":"2026-03-20T17:40:20.211508"}
{"op_code":5,"worker_id":"08773999-8792-4449-a2cc-75f63377804b-139679950972736","trial_id":68,"param_name":"lr","param_value_internal":0.001281639216582174,"distribution":"{\"name\": \"FloatDistribution\", \"attributes\": {\"step\": null, \"low\": 0.0001, \"high\": 0.1, \"log\": true}}"}
{"op_code":5,"worker_id":"08773999-8792-4449-a2cc-75f63377804b-139679950972736","trial_id":68,"param_name":"dropout","param_value_internal":0.22090687608454165,"distribution":"{\"name\": \"FloatDistribution\", \"attributes\": {\"step\": null, \"low\": 0.1, \"high\": 0.5, \"log\": false}}"}
{"op_code":5,"worker_id":"08773999-8792-4449-a2cc-75f63377804b-139679950972736","trial_id":68,"param_name":"nodes1","param_value_internal":2,"distribution":"{\"name\": \"CategoricalDistribution\", \"attributes\": {\"choices\": [16, 32, 64]}}"}
{"op_code":5,"worker_id":"08773999-8792-4449-a2cc-75f63377804b-139679950972736","trial_id":68,"param_name":"nodes2","param_value_internal":1,"distribution":"{\"name\": \"CategoricalDistribution\", \"attributes\": {\"choices\": [32, 64, 128]}}"}
{"op_code":6,"worker_id":"08773999-8792-4449-a2cc-75f63377804b-139679950972736","trial_id":68,"state":1,"values":[6.365545749664307],"datetime_complete":"2026-03-20T17:40:23.523538"}
{"op_code":4,"worker_id":"08773999-8792-4449-a2cc-75f63377804b-139679950972736","study_id":0,"datetime_start":"2026-03-20T17:40:23.542678"}
{"op_code":5,"worker_id":"08773999-8792-4449-a2cc-75f63377804b-139679950972736","trial_id":69,"param_name":"lr","param_value_internal":0.0007794410773553285,"distribution":"{\"name\": \"FloatDistribution\", \"attributes\": {\"step\": null, \"low\": 0.0001, \"high\": 0.1, \"log\": true}}"}
{"op_code":5,"worker_id":"08773999-8792-4449-a2cc-75f63377804b-139679950972736","trial_id":69,"param_name":"dropout","param_value_internal":0.18891443737054023,"distribution":"{\"name\": \"FloatDistribution\", \"attributes\": {\"step\": null, \"low\": 0.1, \"high\": 0.5, \"log\": false}}"}
{"op_code":5,"worker_id":"08773999-8792-4449-a2cc-75f63377804b-139679950972736","trial_id":69,"param_name":"nodes1","param_value_internal":1,"distribution":"{\"name\": \"CategoricalDistribution\", \"attributes\": {\"choices\": [16, 32, 64]}}"}
{"op_code":5,"worker_id":"08773999-8792-4449-a2cc-75f63377804b-139679950972736","trial_id":69,"param_name":"nodes2","param_value_internal":0,"distribution":"{\"name\": \"CategoricalDistribution\", \"attributes\": {\"choices\": [32, 64, 128]}}"}
{"op_code":6,"worker_id":"08773999-8792-4449-a2cc-75f63377804b-139679950972736","trial_id":69,"state":1,"values":[6.171146869659424],"datetime_complete":"2026-03-20T17:40:27.734460"}
{"op_code":4,"worker_id":"08773999-8792-4449-a2cc-75f63377804b-139679950972736","study_id":0,"datetime_start":"2026-03-20T17:40:27.756340"}
{"op_code":5,"worker_id":"08773999-8792-4449-a2cc-75f63377804b-139679950972736","trial_id":70,"param_name":"lr","param_value_internal":0.00023255193719350035,"distribution":"{\"name\": \"FloatDistribution\", \"attributes\": {\"step\": null, \"low\": 0.0001, \"high\": 0.1, \"log\": true}}"}
{"op_code":5,"worker_id":"08773999-8792-4449-a2cc-75f63377804b-139679950972736","trial_id":70,"param_name":"dropout","param_value_internal":0.11710635870333186,"distribution":"{\"name\": \"FloatDistribution\", \"attributes\": {\"step\": null, \"low\": 0.1, \"high\": 0.5, \"log\": false}}"}
{"op_code":5,"worker_id":"08773999-8792-4449-a2cc-75f63377804b-139679950972736","trial_id":70,"param_name":"nodes1","param_value_internal":1,"distribution":"{\"name\": \"CategoricalDistribution\", \"attributes\": {\"choices\": [16, 32, 64]}}"}
{"op_code":5,"worker_id":"08773999-8792-4449-a2cc-75f63377804b-139679950972736","trial_id":70,"param_name":"nodes2","param_value_internal":0,"distribution":"{\"name\": \"CategoricalDistribution\", \"attributes\": {\"choices\": [32, 64, 128]}}"}
{"op_code":6,"worker_id":"08773999-8792-4449-a2cc-75f63377804b-139679950972736","trial_id":70,"state":1,"values":[6.142087936401367],"datetime_complete":"2026-03-20T17:40:31.708192"}
{"op_code":0,"worker_id":"f981e37e-59ee-463f-8006-25a5a93a4305-139679950972736","study_name":"custom_torch_tuning","directions":[1]}
{"op_code":4,"worker_id":"f981e37e-59ee-463f-8006-25a5a93a4305-139679950972736","study_id":0,"datetime_start":"2026-03-20T17:51:20.207443"}
{"op_code":5,"worker_id":"f981e37e-59ee-463f-8006-25a5a93a4305-139679950972736","trial_id":71,"param_name":"lr","param_value_internal":0.00032259974702571355,"distribution":"{\"name\": \"FloatDistribution\", \"attributes\": {\"step\": null, \"low\": 0.0001, \"high\": 0.1, \"log\": true}}"}
{"op_code":5,"worker_id":"f981e37e-59ee-463f-8006-25a5a93a4305-139679950972736","trial_id":71,"param_name":"dropout","param_value_internal":0.24033143651029187,"distribution":"{\"name\": \"FloatDistribution\", \"attributes\": {\"step\": null, \"low\": 0.1, \"high\": 0.5, \"log\": false}}"}
{"op_code":5,"worker_id":"f981e37e-59ee-463f-8006-25a5a93a4305-139679950972736","trial_id":71,"param_name":"nodes1","param_value_internal":1,"distribution":"{\"name\": \"CategoricalDistribution\", \"attributes\": {\"choices\": [16, 32, 64]}}"}
{"op_code":5,"worker_id":"f981e37e-59ee-463f-8006-25a5a93a4305-139679950972736","trial_id":71,"param_name":"nodes2","param_value_internal":0,"distribution":"{\"name\": \"CategoricalDistribution\", \"attributes\": {\"choices\": [32, 64, 128]}}"}
{"op_code":6,"worker_id":"f981e37e-59ee-463f-8006-25a5a93a4305-139679950972736","trial_id":71,"state":1,"values":[6.166188716888428],"datetime_complete":"2026-03-20T17:51:24.192494"}
{"op_code":4,"worker_id":"f981e37e-59ee-463f-8006-25a5a93a4305-139679950972736","study_id":0,"datetime_start":"2026-03-20T17:51:24.206714"}
{"op_code":5,"worker_id":"f981e37e-59ee-463f-8006-25a5a93a4305-139679950972736","trial_id":72,"param_name":"lr","param_value_internal":0.0001866572361369833,"distribution":"{\"name\": \"FloatDistribution\", \"attributes\": {\"step\": null, \"low\": 0.0001, \"high\": 0.1, \"log\": true}}"}
{"op_code":5,"worker_id":"f981e37e-59ee-463f-8006-25a5a93a4305-139679950972736","trial_id":72,"param_name":"dropout","param_value_internal":0.17647275383049138,"distribution":"{\"name\": \"FloatDistribution\", \"attributes\": {\"step\": null, \"low\": 0.1, \"high\": 0.5, \"log\": false}}"}
{"op_code":5,"worker_id":"f981e37e-59ee-463f-8006-25a5a93a4305-139679950972736","trial_id":72,"param_name":"nodes1","param_value_internal":1,"distribution":"{\"name\": \"CategoricalDistribution\", \"attributes\": {\"choices\": [16, 32, 64]}}"}
{"op_code":5,"worker_id":"f981e37e-59ee-463f-8006-25a5a93a4305-139679950972736","trial_id":72,"param_name":"nodes2","param_value_internal":0,"distribution":"{\"name\": \"CategoricalDistribution\", \"attributes\": {\"choices\": [32, 64, 128]}}"}
{"op_code":6,"worker_id":"f981e37e-59ee-463f-8006-25a5a93a4305-139679950972736","trial_id":72,"state":1,"values":[6.204084396362305],"datetime_complete":"2026-03-20T17:51:28.152877"}
{"op_code":4,"worker_id":"f981e37e-59ee-463f-8006-25a5a93a4305-139679950972736","study_id":0,"datetime_start":"2026-03-20T17:51:28.177361"}
{"op_code":5,"worker_id":"f981e37e-59ee-463f-8006-25a5a93a4305-139679950972736","trial_id":73,"param_name":"lr","param_value_internal":0.00022173400539246668,"distribution":"{\"name\": \"FloatDistribution\", \"attributes\": {\"step\": null, \"low\": 0.0001, \"high\": 0.1, \"log\": true}}"}
{"op_code":5,"worker_id":"f981e37e-59ee-463f-8006-25a5a93a4305-139679950972736","trial_id":73,"param_name":"dropout","param_value_internal":0.161705781888209,"distribution":"{\"name\": \"FloatDistribution\", \"attributes\": {\"step\": null, \"low\": 0.1, \"high\": 0.5, \"log\": false}}"}
{"op_code":5,"worker_id":"f981e37e-59ee-463f-8006-25a5a93a4305-139679950972736","trial_id":73,"param_name":"nodes1","param_value_internal":1,"distribution":"{\"name\": \"CategoricalDistribution\", \"attributes\": {\"choices\": [16, 32, 64]}}"}
{"op_code":5,"worker_id":"f981e37e-59ee-463f-8006-25a5a93a4305-139679950972736","trial_id":73,"param_name":"nodes2","param_value_internal":0,"distribution":"{\"name\": \"CategoricalDistribution\", \"attributes\": {\"choices\": [32, 64, 128]}}"}
{"op_code":6,"worker_id":"f981e37e-59ee-463f-8006-25a5a93a4305-139679950972736","trial_id":73,"state":1,"values":[6.196238994598389],"datetime_complete":"2026-03-20T17:51:32.470543"}
{"op_code":4,"worker_id":"f981e37e-59ee-463f-8006-25a5a93a4305-139679950972736","study_id":0,"datetime_start":"2026-03-20T17:51:32.481566"}
{"op_code":5,"worker_id":"f981e37e-59ee-463f-8006-25a5a93a4305-139679950972736","trial_id":74,"param_name":"lr","param_value_internal":0.00043306138897128107,"distribution":"{\"name\": \"FloatDistribution\", \"attributes\": {\"step\": null, \"low\": 0.0001, \"high\": 0.1, \"log\": true}}"}
{"op_code":5,"worker_id":"f981e37e-59ee-463f-8006-25a5a93a4305-139679950972736","trial_id":74,"param_name":"dropout","param_value_internal":0.20863263094579457,"distribution":"{\"name\": \"FloatDistribution\", \"attributes\": {\"step\": null, \"low\": 0.1, \"high\": 0.5, \"log\": false}}"}
{"op_code":5,"worker_id":"f981e37e-59ee-463f-8006-25a5a93a4305-139679950972736","trial_id":74,"param_name":"nodes1","param_value_internal":1,"distribution":"{\"name\": \"CategoricalDistribution\", \"attributes\": {\"choices\": [16, 32, 64]}}"}
{"op_code":5,"worker_id":"f981e37e-59ee-463f-8006-25a5a93a4305-139679950972736","trial_id":74,"param_name":"nodes2","param_value_internal":0,"distribution":"{\"name\": \"CategoricalDistribution\", \"attributes\": {\"choices\": [32, 64, 128]}}"}
{"op_code":6,"worker_id":"f981e37e-59ee-463f-8006-25a5a93a4305-139679950972736","trial_id":74,"state":1,"values":[6.2268147468566895],"datetime_complete":"2026-03-20T17:51:36.970380"}
{"op_code":4,"worker_id":"f981e37e-59ee-463f-8006-25a5a93a4305-139679950972736","study_id":0,"datetime_start":"2026-03-20T17:51:36.990025"}
{"op_code":5,"worker_id":"f981e37e-59ee-463f-8006-25a5a93a4305-139679950972736","trial_id":75,"param_name":"lr","param_value_internal":0.00010698669478267116,"distribution":"{\"name\": \"FloatDistribution\", \"attributes\": {\"step\": null, \"low\": 0.0001, \"high\": 0.1, \"log\": true}}"}
{"op_code":5,"worker_id":"f981e37e-59ee-463f-8006-25a5a93a4305-139679950972736","trial_id":75,"param_name":"dropout","param_value_internal":0.1915932678642221,"distribution":"{\"name\": \"FloatDistribution\", \"attributes\": {\"step\": null, \"low\": 0.1, \"high\": 0.5, \"log\": false}}"}
{"op_code":5,"worker_id":"f981e37e-59ee-463f-8006-25a5a93a4305-139679950972736","trial_id":75,"param_name":"nodes1","param_value_internal":1,"distribution":"{\"name\": \"CategoricalDistribution\", \"attributes\": {\"choices\": [16, 32, 64]}}"}
{"op_code":5,"worker_id":"f981e37e-59ee-463f-8006-25a5a93a4305-139679950972736","trial_id":75,"param_name":"nodes2","param_value_internal":0,"distribution":"{\"name\": \"CategoricalDistribution\", \"attributes\": {\"choices\": [32, 64, 128]}}"}
{"op_code":6,"worker_id":"f981e37e-59ee-463f-8006-25a5a93a4305-139679950972736","trial_id":75,"state":1,"values":[6.204838275909424],"datetime_complete":"2026-03-20T17:51:41.624325"}
{"op_code":4,"worker_id":"f981e37e-59ee-463f-8006-25a5a93a4305-139679950972736","study_id":0,"datetime_start":"2026-03-20T17:51:41.639402"}
{"op_code":5,"worker_id":"f981e37e-59ee-463f-8006-25a5a93a4305-139679950972736","trial_id":76,"param_name":"lr","param_value_internal":0.012662847767593681,"distribution":"{\"name\": \"FloatDistribution\", \"attributes\": {\"step\": null, \"low\": 0.0001, \"high\": 0.1, \"log\": true}}"}
{"op_code":5,"worker_id":"f981e37e-59ee-463f-8006-25a5a93a4305-139679950972736","trial_id":76,"param_name":"dropout","param_value_internal":0.2538873556454364,"distribution":"{\"name\": \"FloatDistribution\", \"attributes\": {\"step\": null, \"low\": 0.1, \"high\": 0.5, \"log\": false}}"}
{"op_code":5,"worker_id":"f981e37e-59ee-463f-8006-25a5a93a4305-139679950972736","trial_id":76,"param_name":"nodes1","param_value_internal":1,"distribution":"{\"name\": \"CategoricalDistribution\", \"attributes\": {\"choices\": [16, 32, 64]}}"}
{"op_code":5,"worker_id":"f981e37e-59ee-463f-8006-25a5a93a4305-139679950972736","trial_id":76,"param_name":"nodes2","param_value_internal":1,"distribution":"{\"name\": \"CategoricalDistribution\", \"attributes\": {\"choices\": [32, 64, 128]}}"}
{"op_code":6,"worker_id":"f981e37e-59ee-463f-8006-25a5a93a4305-139679950972736","trial_id":76,"state":1,"values":[6.5702104568481445],"datetime_complete":"2026-03-20T17:51:46.006897"}
{"op_code":4,"worker_id":"f981e37e-59ee-463f-8006-25a5a93a4305-139679950972736","study_id":0,"datetime_start":"2026-03-20T17:51:46.087960"}
{"op_code":5,"worker_id":"f981e37e-59ee-463f-8006-25a5a93a4305-139679950972736","trial_id":77,"param_name":"lr","param_value_internal":0.0010957894921350855,"distribution":"{\"name\": \"FloatDistribution\", \"attributes\": {\"step\": null, \"low\": 0.0001, \"high\": 0.1, \"log\": true}}"}
{"op_code":5,"worker_id":"f981e37e-59ee-463f-8006-25a5a93a4305-139679950972736","trial_id":77,"param_name":"dropout","param_value_internal":0.1690737324458082,"distribution":"{\"name\": \"FloatDistribution\", \"attributes\": {\"step\": null, \"low\": 0.1, \"high\": 0.5, \"log\": false}}"}
{"op_code":5,"worker_id":"f981e37e-59ee-463f-8006-25a5a93a4305-139679950972736","trial_id":77,"param_name":"nodes1","param_value_internal":1,"distribution":"{\"name\": \"CategoricalDistribution\", \"attributes\": {\"choices\": [16, 32, 64]}}"}
{"op_code":5,"worker_id":"f981e37e-59ee-463f-8006-25a5a93a4305-139679950972736","trial_id":77,"param_name":"nodes2","param_value_internal":0,"distribution":"{\"name\": \"CategoricalDistribution\", \"attributes\": {\"choices\": [32, 64, 128]}}"}
{"op_code":6,"worker_id":"f981e37e-59ee-463f-8006-25a5a93a4305-139679950972736","trial_id":77,"state":1,"values":[6.351591110229492],"datetime_complete":"2026-03-20T17:51:50.477619"}
{"op_code":4,"worker_id":"f981e37e-59ee-463f-8006-25a5a93a4305-139679950972736","study_id":0,"datetime_start":"2026-03-20T17:51:50.494707"}
{"op_code":5,"worker_id":"f981e37e-59ee-463f-8006-25a5a93a4305-139679950972736","trial_id":78,"param_name":"lr","param_value_internal":0.0003172422382947336,"distribution":"{\"name\": \"FloatDistribution\", \"attributes\": {\"step\": null, \"low\": 0.0001, \"high\": 0.1, \"log\": true}}"}
{"op_code":5,"worker_id":"f981e37e-59ee-463f-8006-25a5a93a4305-139679950972736","trial_id":78,"param_name":"dropout","param_value_internal":0.22401716105250688,"distribution":"{\"name\": \"FloatDistribution\", \"attributes\": {\"step\": null, \"low\": 0.1, \"high\": 0.5, \"log\": false}}"}
{"op_code":5,"worker_id":"f981e37e-59ee-463f-8006-25a5a93a4305-139679950972736","trial_id":78,"param_name":"nodes1","param_value_internal":1,"distribution":"{\"name\": \"CategoricalDistribution\", \"attributes\": {\"choices\": [16, 32, 64]}}"}
{"op_code":5,"worker_id":"f981e37e-59ee-463f-8006-25a5a93a4305-139679950972736","trial_id":78,"param_name":"nodes2","param_value_internal":0,"distribution":"{\"name\": \"CategoricalDistribution\", \"attributes\": {\"choices\": [32, 64, 128]}}"}
{"op_code":6,"worker_id":"f981e37e-59ee-463f-8006-25a5a93a4305-139679950972736","trial_id":78,"state":1,"values":[6.179774284362793],"datetime_complete":"2026-03-20T17:51:54.952096"}
{"op_code":4,"worker_id":"f981e37e-59ee-463f-8006-25a5a93a4305-139679950972736","study_id":0,"datetime_start":"2026-03-20T17:51:54.969941"}
{"op_code":5,"worker_id":"f981e37e-59ee-463f-8006-25a5a93a4305-139679950972736","trial_id":79,"param_name":"lr","param_value_internal":0.0005499537711095947,"distribution":"{\"name\": \"FloatDistribution\", \"attributes\": {\"step\": null, \"low\": 0.0001, \"high\": 0.1, \"log\": true}}"}
{"op_code":5,"worker_id":"f981e37e-59ee-463f-8006-25a5a93a4305-139679950972736","trial_id":79,"param_name":"dropout","param_value_internal":0.21159457226280304,"distribution":"{\"name\": \"FloatDistribution\", \"attributes\": {\"step\": null, \"low\": 0.1, \"high\": 0.5, \"log\": false}}"}
{"op_code":5,"worker_id":"f981e37e-59ee-463f-8006-25a5a93a4305-139679950972736","trial_id":79,"param_name":"nodes1","param_value_internal":2,"distribution":"{\"name\": \"CategoricalDistribution\", \"attributes\": {\"choices\": [16, 32, 64]}}"}
{"op_code":5,"worker_id":"f981e37e-59ee-463f-8006-25a5a93a4305-139679950972736","trial_id":79,"param_name":"nodes2","param_value_internal":0,"distribution":"{\"name\": \"CategoricalDistribution\", \"attributes\": {\"choices\": [32, 64, 128]}}"}
{"op_code":6,"worker_id":"f981e37e-59ee-463f-8006-25a5a93a4305-139679950972736","trial_id":79,"state":1,"values":[6.26346492767334],"datetime_complete":"2026-03-20T17:51:59.751522"}
{"op_code":4,"worker_id":"f981e37e-59ee-463f-8006-25a5a93a4305-139679950972736","study_id":0,"datetime_start":"2026-03-20T17:51:59.773506"}
{"op_code":5,"worker_id":"f981e37e-59ee-463f-8006-25a5a93a4305-139679950972736","trial_id":80,"param_name":"lr","param_value_internal":0.0030657352324385046,"distribution":"{\"name\": \"FloatDistribution\", \"attributes\": {\"step\": null, \"low\": 0.0001, \"high\": 0.1, \"log\": true}}"}
{"op_code":5,"worker_id":"f981e37e-59ee-463f-8006-25a5a93a4305-139679950972736","trial_id":80,"param_name":"dropout","param_value_internal":0.15360340995294505,"distribution":"{\"name\": \"FloatDistribution\", \"attributes\": {\"step\": null, \"low\": 0.1, \"high\": 0.5, \"log\": false}}"}
{"op_code":5,"worker_id":"f981e37e-59ee-463f-8006-25a5a93a4305-139679950972736","trial_id":80,"param_name":"nodes1","param_value_internal":1,"distribution":"{\"name\": \"CategoricalDistribution\", \"attributes\": {\"choices\": [16, 32, 64]}}"}
{"op_code":5,"worker_id":"f981e37e-59ee-463f-8006-25a5a93a4305-139679950972736","trial_id":80,"param_name":"nodes2","param_value_internal":0,"distribution":"{\"name\": \"CategoricalDistribution\", \"attributes\": {\"choices\": [32, 64, 128]}}"}
{"op_code":6,"worker_id":"f981e37e-59ee-463f-8006-25a5a93a4305-139679950972736","trial_id":80,"state":1,"values":[6.454954147338867],"datetime_complete":"2026-03-20T17:52:03.915483"}
{"op_code":0,"worker_id":"943a3c58-0601-4532-b3f9-b334bd0a7026-139679950972736","study_name":"custom_torch_tuning","directions":[1]}
{"op_code":4,"worker_id":"943a3c58-0601-4532-b3f9-b334bd0a7026-139679950972736","study_id":0,"datetime_start":"2026-03-20T18:03:47.044111"}
{"op_code":5,"worker_id":"943a3c58-0601-4532-b3f9-b334bd0a7026-139679950972736","trial_id":81,"param_name":"lr","param_value_internal":0.00025469860557147624,"distribution":"{\"name\": \"FloatDistribution\", \"attributes\": {\"step\": null, \"low\": 0.0001, \"high\": 0.1, \"log\": true}}"}
{"op_code":5,"worker_id":"943a3c58-0601-4532-b3f9-b334bd0a7026-139679950972736","trial_id":81,"param_name":"dropout","param_value_internal":0.19771187708577453,"distribution":"{\"name\": \"FloatDistribution\", \"attributes\": {\"step\": null, \"low\": 0.1, \"high\": 0.5, \"log\": false}}"}
{"op_code":5,"worker_id":"943a3c58-0601-4532-b3f9-b334bd0a7026-139679950972736","trial_id":81,"param_name":"nodes1","param_value_internal":1,"distribution":"{\"name\": \"CategoricalDistribution\", \"attributes\": {\"choices\": [16, 32, 64]}}"}
{"op_code":5,"worker_id":"943a3c58-0601-4532-b3f9-b334bd0a7026-139679950972736","trial_id":81,"param_name":"nodes2","param_value_internal":1,"distribution":"{\"name\": \"CategoricalDistribution\", \"attributes\": {\"choices\": [32, 64, 128]}}"}
{"op_code":6,"worker_id":"943a3c58-0601-4532-b3f9-b334bd0a7026-139679950972736","trial_id":81,"state":1,"values":[5.910328388214111],"datetime_complete":"2026-03-20T18:03:51.671678"}
{"op_code":4,"worker_id":"943a3c58-0601-4532-b3f9-b334bd0a7026-139679950972736","study_id":0,"datetime_start":"2026-03-20T18:03:51.687299"}
{"op_code":5,"worker_id":"943a3c58-0601-4532-b3f9-b334bd0a7026-139679950972736","trial_id":82,"param_name":"lr","param_value_internal":0.0002516520677734378,"distribution":"{\"name\": \"FloatDistribution\", \"attributes\": {\"step\": null, \"low\": 0.0001, \"high\": 0.1, \"log\": true}}"}
{"op_code":5,"worker_id":"943a3c58-0601-4532-b3f9-b334bd0a7026-139679950972736","trial_id":82,"param_name":"dropout","param_value_internal":0.19717908126315317,"distribution":"{\"name\": \"FloatDistribution\", \"attributes\": {\"step\": null, \"low\": 0.1, \"high\": 0.5, \"log\": false}}"}
{"op_code":5,"worker_id":"943a3c58-0601-4532-b3f9-b334bd0a7026-139679950972736","trial_id":82,"param_name":"nodes1","param_value_internal":1,"distribution":"{\"name\": \"CategoricalDistribution\", \"attributes\": {\"choices\": [16, 32, 64]}}"}
{"op_code":5,"worker_id":"943a3c58-0601-4532-b3f9-b334bd0a7026-139679950972736","trial_id":82,"param_name":"nodes2","param_value_internal":1,"distribution":"{\"name\": \"CategoricalDistribution\", \"attributes\": {\"choices\": [32, 64, 128]}}"}
{"op_code":6,"worker_id":"943a3c58-0601-4532-b3f9-b334bd0a7026-139679950972736","trial_id":82,"state":1,"values":[5.91810417175293],"datetime_complete":"2026-03-20T18:03:56.062819"}
{"op_code":4,"worker_id":"943a3c58-0601-4532-b3f9-b334bd0a7026-139679950972736","study_id":0,"datetime_start":"2026-03-20T18:03:56.081027"}
{"op_code":5,"worker_id":"943a3c58-0601-4532-b3f9-b334bd0a7026-139679950972736","trial_id":83,"param_name":"lr","param_value_internal":0.0003653787266441243,"distribution":"{\"name\": \"FloatDistribution\", \"attributes\": {\"step\": null, \"low\": 0.0001, \"high\": 0.1, \"log\": true}}"}
{"op_code":5,"worker_id":"943a3c58-0601-4532-b3f9-b334bd0a7026-139679950972736","trial_id":83,"param_name":"dropout","param_value_internal":0.19814070242758525,"distribution":"{\"name\": \"FloatDistribution\", \"attributes\": {\"step\": null, \"low\": 0.1, \"high\": 0.5, \"log\": false}}"}
{"op_code":5,"worker_id":"943a3c58-0601-4532-b3f9-b334bd0a7026-139679950972736","trial_id":83,"param_name":"nodes1","param_value_internal":1,"distribution":"{\"name\": \"CategoricalDistribution\", \"attributes\": {\"choices\": [16, 32, 64]}}"}
{"op_code":5,"worker_id":"943a3c58-0601-4532-b3f9-b334bd0a7026-139679950972736","trial_id":83,"param_name":"nodes2","param_value_internal":1,"distribution":"{\"name\": \"CategoricalDistribution\", \"attributes\": {\"choices\": [32, 64, 128]}}"}
{"op_code":6,"worker_id":"943a3c58-0601-4532-b3f9-b334bd0a7026-139679950972736","trial_id":83,"state":1,"values":[5.918416500091553],"datetime_complete":"2026-03-20T18:04:00.755625"}
{"op_code":4,"worker_id":"943a3c58-0601-4532-b3f9-b334bd0a7026-139679950972736","study_id":0,"datetime_start":"2026-03-20T18:04:00.777923"}
{"op_code":5,"worker_id":"943a3c58-0601-4532-b3f9-b334bd0a7026-139679950972736","trial_id":84,"param_name":"lr","param_value_internal":0.00036188443836317083,"distribution":"{\"name\": \"FloatDistribution\", \"attributes\": {\"step\": null, \"low\": 0.0001, \"high\": 0.1, \"log\": true}}"}
{"op_code":5,"worker_id":"943a3c58-0601-4532-b3f9-b334bd0a7026-139679950972736","trial_id":84,"param_name":"dropout","param_value_internal":0.19913169388257934,"distribution":"{\"name\": \"FloatDistribution\", \"attributes\": {\"step\": null, \"low\": 0.1, \"high\": 0.5, \"log\": false}}"}
{"op_code":5,"worker_id":"943a3c58-0601-4532-b3f9-b334bd0a7026-139679950972736","trial_id":84,"param_name":"nodes1","param_value_internal":1,"distribution":"{\"name\": \"CategoricalDistribution\", \"attributes\": {\"choices\": [16, 32, 64]}}"}
{"op_code":5,"worker_id":"943a3c58-0601-4532-b3f9-b334bd0a7026-139679950972736","trial_id":84,"param_name":"nodes2","param_value_internal":1,"distribution":"{\"name\": \"CategoricalDistribution\", \"attributes\": {\"choices\": [32, 64, 128]}}"}
{"op_code":6,"worker_id":"943a3c58-0601-4532-b3f9-b334bd0a7026-139679950972736","trial_id":84,"state":1,"values":[5.908627033233643],"datetime_complete":"2026-03-20T18:04:05.611370"}
{"op_code":4,"worker_id":"943a3c58-0601-4532-b3f9-b334bd0a7026-139679950972736","study_id":0,"datetime_start":"2026-03-20T18:04:05.632455"}
{"op_code":5,"worker_id":"943a3c58-0601-4532-b3f9-b334bd0a7026-139679950972736","trial_id":85,"param_name":"lr","param_value_internal":0.00035792130030219514,"distribution":"{\"name\": \"FloatDistribution\", \"attributes\": {\"step\": null, \"low\": 0.0001, \"high\": 0.1, \"log\": true}}"}
{"op_code":5,"worker_id":"943a3c58-0601-4532-b3f9-b334bd0a7026-139679950972736","trial_id":85,"param_name":"dropout","param_value_internal":0.19918824819540196,"distribution":"{\"name\": \"FloatDistribution\", \"attributes\": {\"step\": null, \"low\": 0.1, \"high\": 0.5, \"log\": false}}"}
{"op_code":5,"worker_id":"943a3c58-0601-4532-b3f9-b334bd0a7026-139679950972736","trial_id":85,"param_name":"nodes1","param_value_internal":1,"distribution":"{\"name\": \"CategoricalDistribution\", \"attributes\": {\"choices\": [16, 32, 64]}}"}
{"op_code":5,"worker_id":"943a3c58-0601-4532-b3f9-b334bd0a7026-139679950972736","trial_id":85,"param_name":"nodes2","param_value_internal":1,"distribution":"{\"name\": \"CategoricalDistribution\", \"attributes\": {\"choices\": [32, 64, 128]}}"}
{"op_code":6,"worker_id":"943a3c58-0601-4532-b3f9-b334bd0a7026-139679950972736","trial_id":85,"state":1,"values":[5.916576862335205],"datetime_complete":"2026-03-20T18:04:10.185333"}
{"op_code":4,"worker_id":"943a3c58-0601-4532-b3f9-b334bd0a7026-139679950972736","study_id":0,"datetime_start":"2026-03-20T18:04:10.203888"}
{"op_code":5,"worker_id":"943a3c58-0601-4532-b3f9-b334bd0a7026-139679950972736","trial_id":86,"param_name":"lr","param_value_internal":0.00026305677731116336,"distribution":"{\"name\": \"FloatDistribution\", \"attributes\": {\"step\": null, \"low\": 0.0001, \"high\": 0.1, \"log\": true}}"}
{"op_code":5,"worker_id":"943a3c58-0601-4532-b3f9-b334bd0a7026-139679950972736","trial_id":86,"param_name":"dropout","param_value_internal":0.19644417826773375,"distribution":"{\"name\": \"FloatDistribution\", \"attributes\": {\"step\": null, \"low\": 0.1, \"high\": 0.5, \"log\": false}}"}
{"op_code":5,"worker_id":"943a3c58-0601-4532-b3f9-b334bd0a7026-139679950972736","trial_id":86,"param_name":"nodes1","param_value_internal":1,"distribution":"{\"name\": \"CategoricalDistribution\", \"attributes\": {\"choices\": [16, 32, 64]}}"}
{"op_code":5,"worker_id":"943a3c58-0601-4532-b3f9-b334bd0a7026-139679950972736","trial_id":86,"param_name":"nodes2","param_value_internal":1,"distribution":"{\"name\": \"CategoricalDistribution\", \"attributes\": {\"choices\": [32, 64, 128]}}"}
{"op_code":6,"worker_id":"943a3c58-0601-4532-b3f9-b334bd0a7026-139679950972736","trial_id":86,"state":1,"values":[5.8983893394470215],"datetime_complete":"2026-03-20T18:04:14.900922"}
{"op_code":4,"worker_id":"943a3c58-0601-4532-b3f9-b334bd0a7026-139679950972736","study_id":0,"datetime_start":"2026-03-20T18:04:14.920020"}
{"op_code":5,"worker_id":"943a3c58-0601-4532-b3f9-b334bd0a7026-139679950972736","trial_id":87,"param_name":"lr","param_value_internal":0.00037626997538997006,"distribution":"{\"name\": \"FloatDistribution\", \"attributes\": {\"step\": null, \"low\": 0.0001, \"high\": 0.1, \"log\": true}}"}
{"op_code":5,"worker_id":"943a3c58-0601-4532-b3f9-b334bd0a7026-139679950972736","trial_id":87,"param_name":"dropout","param_value_internal":0.19404892201700114,"distribution":"{\"name\": \"FloatDistribution\", \"attributes\": {\"step\": null, \"low\": 0.1, \"high\": 0.5, \"log\": false}}"}
{"op_code":5,"worker_id":"943a3c58-0601-4532-b3f9-b334bd0a7026-139679950972736","trial_id":87,"param_name":"nodes1","param_value_internal":1,"distribution":"{\"name\": \"CategoricalDistribution\", \"attributes\": {\"choices\": [16, 32, 64]}}"}
{"op_code":5,"worker_id":"943a3c58-0601-4532-b3f9-b334bd0a7026-139679950972736","trial_id":87,"param_name":"nodes2","param_value_internal":1,"distribution":"{\"name\": \"CategoricalDistribution\", \"attributes\": {\"choices\": [32, 64, 128]}}"}
{"op_code":6,"worker_id":"943a3c58-0601-4532-b3f9-b334bd0a7026-139679950972736","trial_id":87,"state":1,"values":[5.912643909454346],"datetime_complete":"2026-03-20T18:04:19.752692"}
{"op_code":4,"worker_id":"943a3c58-0601-4532-b3f9-b334bd0a7026-139679950972736","study_id":0,"datetime_start":"2026-03-20T18:04:19.768317"}
{"op_code":5,"worker_id":"943a3c58-0601-4532-b3f9-b334bd0a7026-139679950972736","trial_id":88,"param_name":"lr","param_value_internal":0.0003608871596960436,"distribution":"{\"name\": \"FloatDistribution\", \"attributes\": {\"step\": null, \"low\": 0.0001, \"high\": 0.1, \"log\": true}}"}
{"op_code":5,"worker_id":"943a3c58-0601-4532-b3f9-b334bd0a7026-139679950972736","trial_id":88,"param_name":"dropout","param_value_internal":0.1961504307828892,"distribution":"{\"name\": \"FloatDistribution\", \"attributes\": {\"step\": null, \"low\": 0.1, \"high\": 0.5, \"log\": false}}"}
{"op_code":5,"worker_id":"943a3c58-0601-4532-b3f9-b334bd0a7026-139679950972736","trial_id":88,"param_name":"nodes1","param_value_internal":1,"distribution":"{\"name\": \"CategoricalDistribution\", \"attributes\": {\"choices\": [16, 32, 64]}}"}
{"op_code":5,"worker_id":"943a3c58-0601-4532-b3f9-b334bd0a7026-139679950972736","trial_id":88,"param_name":"nodes2","param_value_internal":1,"distribution":"{\"name\": \"CategoricalDistribution\", \"attributes\": {\"choices\": [32, 64, 128]}}"}
{"op_code":6,"worker_id":"943a3c58-0601-4532-b3f9-b334bd0a7026-139679950972736","trial_id":88,"state":1,"values":[5.9142937660217285],"datetime_complete":"2026-03-20T18:04:24.346950"}
{"op_code":4,"worker_id":"943a3c58-0601-4532-b3f9-b334bd0a7026-139679950972736","study_id":0,"datetime_start":"2026-03-20T18:04:24.396602"}
{"op_code":5,"worker_id":"943a3c58-0601-4532-b3f9-b334bd0a7026-139679950972736","trial_id":89,"param_name":"lr","param_value_internal":0.0002780196664376227,"distribution":"{\"name\": \"FloatDistribution\", \"attributes\": {\"step\": null, \"low\": 0.0001, \"high\": 0.1, \"log\": true}}"}
{"op_code":5,"worker_id":"943a3c58-0601-4532-b3f9-b334bd0a7026-139679950972736","trial_id":89,"param_name":"dropout","param_value_internal":0.19648576015079924,"distribution":"{\"name\": \"FloatDistribution\", \"attributes\": {\"step\": null, \"low\": 0.1, \"high\": 0.5, \"log\": false}}"}
{"op_code":5,"worker_id":"943a3c58-0601-4532-b3f9-b334bd0a7026-139679950972736","trial_id":89,"param_name":"nodes1","param_value_internal":1,"distribution":"{\"name\": \"CategoricalDistribution\", \"attributes\": {\"choices\": [16, 32, 64]}}"}
{"op_code":5,"worker_id":"943a3c58-0601-4532-b3f9-b334bd0a7026-139679950972736","trial_id":89,"param_name":"nodes2","param_value_internal":1,"distribution":"{\"name\": \"CategoricalDistribution\", \"attributes\": {\"choices\": [32, 64, 128]}}"}
{"op_code":6,"worker_id":"943a3c58-0601-4532-b3f9-b334bd0a7026-139679950972736","trial_id":89,"state":1,"values":[5.911374092102051],"datetime_complete":"2026-03-20T18:04:29.105807"}
{"op_code":4,"worker_id":"943a3c58-0601-4532-b3f9-b334bd0a7026-139679950972736","study_id":0,"datetime_start":"2026-03-20T18:04:29.119471"}
{"op_code":5,"worker_id":"943a3c58-0601-4532-b3f9-b334bd0a7026-139679950972736","trial_id":90,"param_name":"lr","param_value_internal":0.00026586720180118826,"distribution":"{\"name\": \"FloatDistribution\", \"attributes\": {\"step\": null, \"low\": 0.0001, \"high\": 0.1, \"log\": true}}"}
{"op_code":5,"worker_id":"943a3c58-0601-4532-b3f9-b334bd0a7026-139679950972736","trial_id":90,"param_name":"dropout","param_value_internal":0.18219764261896337,"distribution":"{\"name\": \"FloatDistribution\", \"attributes\": {\"step\": null, \"low\": 0.1, \"high\": 0.5, \"log\": false}}"}
{"op_code":5,"worker_id":"943a3c58-0601-4532-b3f9-b334bd0a7026-139679950972736","trial_id":90,"param_name":"nodes1","param_value_internal":1,"distribution":"{\"name\": \"CategoricalDistribution\", \"attributes\": {\"choices\": [16, 32, 64]}}"}
{"op_code":5,"worker_id":"943a3c58-0601-4532-b3f9-b334bd0a7026-139679950972736","trial_id":90,"param_name":"nodes2","param_value_internal":1,"distribution":"{\"name\": \"CategoricalDistribution\", \"attributes\": {\"choices\": [32, 64, 128]}}"}
{"op_code":6,"worker_id":"943a3c58-0601-4532-b3f9-b334bd0a7026-139679950972736","trial_id":90,"state":1,"values":[5.8921613693237305],"datetime_complete":"2026-03-20T18:04:33.735588"}
{"op_code":0,"worker_id":"8641ffc0-8faf-4b75-ac75-4590ceea412c-139679950972736","study_name":"custom_torch_tuning","directions":[1]}
{"op_code":4,"worker_id":"8641ffc0-8faf-4b75-ac75-4590ceea412c-139679950972736","study_id":0,"datetime_start":"2026-03-20T18:18:09.198385"}
{"op_code":5,"worker_id":"8641ffc0-8faf-4b75-ac75-4590ceea412c-139679950972736","trial_id":91,"param_name":"lr","param_value_internal":0.00027367936725294044,"distribution":"{\"name\": \"FloatDistribution\", \"attributes\": {\"step\": null, \"low\": 0.0001, \"high\": 0.1, \"log\": true}}"}
{"op_code":5,"worker_id":"8641ffc0-8faf-4b75-ac75-4590ceea412c-139679950972736","trial_id":91,"param_name":"dropout","param_value_internal":0.18214844753576714,"distribution":"{\"name\": \"FloatDistribution\", \"attributes\": {\"step\": null, \"low\": 0.1, \"high\": 0.5, \"log\": false}}"}
{"op_code":5,"worker_id":"8641ffc0-8faf-4b75-ac75-4590ceea412c-139679950972736","trial_id":91,"param_name":"nodes1","param_value_internal":1,"distribution":"{\"name\": \"CategoricalDistribution\", \"attributes\": {\"choices\": [16, 32, 64]}}"}
{"op_code":5,"worker_id":"8641ffc0-8faf-4b75-ac75-4590ceea412c-139679950972736","trial_id":91,"param_name":"nodes2","param_value_internal":1,"distribution":"{\"name\": \"CategoricalDistribution\", \"attributes\": {\"choices\": [32, 64, 128]}}"}
{"op_code":6,"worker_id":"8641ffc0-8faf-4b75-ac75-4590ceea412c-139679950972736","trial_id":91,"state":1,"values":[6.15172815322876],"datetime_complete":"2026-03-20T18:18:13.263721"}
{"op_code":4,"worker_id":"8641ffc0-8faf-4b75-ac75-4590ceea412c-139679950972736","study_id":0,"datetime_start":"2026-03-20T18:18:13.292631"}
{"op_code":5,"worker_id":"8641ffc0-8faf-4b75-ac75-4590ceea412c-139679950972736","trial_id":92,"param_name":"lr","param_value_internal":0.00025436524571479204,"distribution":"{\"name\": \"FloatDistribution\", \"attributes\": {\"step\": null, \"low\": 0.0001, \"high\": 0.1, \"log\": true}}"}
{"op_code":5,"worker_id":"8641ffc0-8faf-4b75-ac75-4590ceea412c-139679950972736","trial_id":92,"param_name":"dropout","param_value_internal":0.19470726741856967,"distribution":"{\"name\": \"FloatDistribution\", \"attributes\": {\"step\": null, \"low\": 0.1, \"high\": 0.5, \"log\": false}}"}
{"op_code":5,"worker_id":"8641ffc0-8faf-4b75-ac75-4590ceea412c-139679950972736","trial_id":92,"param_name":"nodes1","param_value_internal":1,"distribution":"{\"name\": \"CategoricalDistribution\", \"attributes\": {\"choices\": [16, 32, 64]}}"}
{"op_code":5,"worker_id":"8641ffc0-8faf-4b75-ac75-4590ceea412c-139679950972736","trial_id":92,"param_name":"nodes2","param_value_internal":1,"distribution":"{\"name\": \"CategoricalDistribution\", \"attributes\": {\"choices\": [32, 64, 128]}}"}
{"op_code":6,"worker_id":"8641ffc0-8faf-4b75-ac75-4590ceea412c-139679950972736","trial_id":92,"state":1,"values":[6.137325763702393],"datetime_complete":"2026-03-20T18:18:17.574439"}
{"op_code":4,"worker_id":"8641ffc0-8faf-4b75-ac75-4590ceea412c-139679950972736","study_id":0,"datetime_start":"2026-03-20T18:18:17.601136"}
{"op_code":5,"worker_id":"8641ffc0-8faf-4b75-ac75-4590ceea412c-139679950972736","trial_id":93,"param_name":"lr","param_value_internal":0.0003731879078671232,"distribution":"{\"name\": \"FloatDistribution\", \"attributes\": {\"step\": null, \"low\": 0.0001, \"high\": 0.1, \"log\": true}}"}
{"op_code":5,"worker_id":"8641ffc0-8faf-4b75-ac75-4590ceea412c-139679950972736","trial_id":93,"param_name":"dropout","param_value_internal":0.20003551061486138,"distribution":"{\"name\": \"FloatDistribution\", \"attributes\": {\"step\": null, \"low\": 0.1, \"high\": 0.5, \"log\": false}}"}
{"op_code":5,"worker_id":"8641ffc0-8faf-4b75-ac75-4590ceea412c-139679950972736","trial_id":93,"param_name":"nodes1","param_value_internal":1,"distribution":"{\"name\": \"CategoricalDistribution\", \"attributes\": {\"choices\": [16, 32, 64]}}"}
{"op_code":5,"worker_id":"8641ffc0-8faf-4b75-ac75-4590ceea412c-139679950972736","trial_id":93,"param_name":"nodes2","param_value_internal":1,"distribution":"{\"name\": \"CategoricalDistribution\", \"attributes\": {\"choices\": [32, 64, 128]}}"}
{"op_code":6,"worker_id":"8641ffc0-8faf-4b75-ac75-4590ceea412c-139679950972736","trial_id":93,"state":1,"values":[6.206180572509766],"datetime_complete":"2026-03-20T18:18:21.816009"}
{"op_code":4,"worker_id":"8641ffc0-8faf-4b75-ac75-4590ceea412c-139679950972736","study_id":0,"datetime_start":"2026-03-20T18:18:21.836671"}
{"op_code":5,"worker_id":"8641ffc0-8faf-4b75-ac75-4590ceea412c-139679950972736","trial_id":94,"param_name":"lr","param_value_internal":0.00034169859940989084,"distribution":"{\"name\": \"FloatDistribution\", \"attributes\": {\"step\": null, \"low\": 0.0001, \"high\": 0.1, \"log\": true}}"}
{"op_code":5,"worker_id":"8641ffc0-8faf-4b75-ac75-4590ceea412c-139679950972736","trial_id":94,"param_name":"dropout","param_value_internal":0.2295854234185234,"distribution":"{\"name\": \"FloatDistribution\", \"attributes\": {\"step\": null, \"low\": 0.1, \"high\": 0.5, \"log\": false}}"}
{"op_code":5,"worker_id":"8641ffc0-8faf-4b75-ac75-4590ceea412c-139679950972736","trial_id":94,"param_name":"nodes1","param_value_internal":1,"distribution":"{\"name\": \"CategoricalDistribution\", \"attributes\": {\"choices\": [16, 32, 64]}}"}
{"op_code":5,"worker_id":"8641ffc0-8faf-4b75-ac75-4590ceea412c-139679950972736","trial_id":94,"param_name":"nodes2","param_value_internal":1,"distribution":"{\"name\": \"CategoricalDistribution\", \"attributes\": {\"choices\": [32, 64, 128]}}"}
{"op_code":6,"worker_id":"8641ffc0-8faf-4b75-ac75-4590ceea412c-139679950972736","trial_id":94,"state":1,"values":[6.124910831451416],"datetime_complete":"2026-03-20T18:18:25.989792"}
{"op_code":4,"worker_id":"8641ffc0-8faf-4b75-ac75-4590ceea412c-139679950972736","study_id":0,"datetime_start":"2026-03-20T18:18:26.015659"}
{"op_code":5,"worker_id":"8641ffc0-8faf-4b75-ac75-4590ceea412c-139679950972736","trial_id":95,"param_name":"lr","param_value_internal":0.00024521898105983044,"distribution":"{\"name\": \"FloatDistribution\", \"attributes\": {\"step\": null, \"low\": 0.0001, \"high\": 0.1, \"log\": true}}"}
{"op_code":5,"worker_id":"8641ffc0-8faf-4b75-ac75-4590ceea412c-139679950972736","trial_id":95,"param_name":"dropout","param_value_internal":0.18746517016762504,"distribution":"{\"name\": \"FloatDistribution\", \"attributes\": {\"step\": null, \"low\": 0.1, \"high\": 0.5, \"log\": false}}"}
{"op_code":5,"worker_id":"8641ffc0-8faf-4b75-ac75-4590ceea412c-139679950972736","trial_id":95,"param_name":"nodes1","param_value_internal":1,"distribution":"{\"name\": \"CategoricalDistribution\", \"attributes\": {\"choices\": [16, 32, 64]}}"}
{"op_code":5,"worker_id":"8641ffc0-8faf-4b75-ac75-4590ceea412c-139679950972736","trial_id":95,"param_name":"nodes2","param_value_internal":1,"distribution":"{\"name\": \"CategoricalDistribution\", \"attributes\": {\"choices\": [32, 64, 128]}}"}
{"op_code":6,"worker_id":"8641ffc0-8faf-4b75-ac75-4590ceea412c-139679950972736","trial_id":95,"state":1,"values":[6.133022785186768],"datetime_complete":"2026-03-20T18:18:30.112652"}
{"op_code":4,"worker_id":"8641ffc0-8faf-4b75-ac75-4590ceea412c-139679950972736","study_id":0,"datetime_start":"2026-03-20T18:18:30.132649"}
{"op_code":5,"worker_id":"8641ffc0-8faf-4b75-ac75-4590ceea412c-139679950972736","trial_id":96,"param_name":"lr","param_value_internal":0.0007361881641802059,"distribution":"{\"name\": \"FloatDistribution\", \"attributes\": {\"step\": null, \"low\": 0.0001, \"high\": 0.1, \"log\": true}}"}
{"op_code":5,"worker_id":"8641ffc0-8faf-4b75-ac75-4590ceea412c-139679950972736","trial_id":96,"param_name":"dropout","param_value_internal":0.17367114395748498,"distribution":"{\"name\": \"FloatDistribution\", \"attributes\": {\"step\": null, \"low\": 0.1, \"high\": 0.5, \"log\": false}}"}
{"op_code":5,"worker_id":"8641ffc0-8faf-4b75-ac75-4590ceea412c-139679950972736","trial_id":96,"param_name":"nodes1","param_value_internal":1,"distribution":"{\"name\": \"CategoricalDistribution\", \"attributes\": {\"choices\": [16, 32, 64]}}"}
{"op_code":5,"worker_id":"8641ffc0-8faf-4b75-ac75-4590ceea412c-139679950972736","trial_id":96,"param_name":"nodes2","param_value_internal":1,"distribution":"{\"name\": \"CategoricalDistribution\", \"attributes\": {\"choices\": [32, 64, 128]}}"}
{"op_code":6,"worker_id":"8641ffc0-8faf-4b75-ac75-4590ceea412c-139679950972736","trial_id":96,"state":1,"values":[6.211861610412598],"datetime_complete":"2026-03-20T18:18:34.781663"}
{"op_code":4,"worker_id":"8641ffc0-8faf-4b75-ac75-4590ceea412c-139679950972736","study_id":0,"datetime_start":"2026-03-20T18:18:34.801094"}
{"op_code":5,"worker_id":"8641ffc0-8faf-4b75-ac75-4590ceea412c-139679950972736","trial_id":97,"param_name":"lr","param_value_internal":0.0003062528288559736,"distribution":"{\"name\": \"FloatDistribution\", \"attributes\": {\"step\": null, \"low\": 0.0001, \"high\": 0.1, \"log\": true}}"}
{"op_code":5,"worker_id":"8641ffc0-8faf-4b75-ac75-4590ceea412c-139679950972736","trial_id":97,"param_name":"dropout","param_value_internal":0.18094036904961716,"distribution":"{\"name\": \"FloatDistribution\", \"attributes\": {\"step\": null, \"low\": 0.1, \"high\": 0.5, \"log\": false}}"}
{"op_code":5,"worker_id":"8641ffc0-8faf-4b75-ac75-4590ceea412c-139679950972736","trial_id":97,"param_name":"nodes1","param_value_internal":2,"distribution":"{\"name\": \"CategoricalDistribution\", \"attributes\": {\"choices\": [16, 32, 64]}}"}
{"op_code":5,"worker_id":"8641ffc0-8faf-4b75-ac75-4590ceea412c-139679950972736","trial_id":97,"param_name":"nodes2","param_value_internal":1,"distribution":"{\"name\": \"CategoricalDistribution\", \"attributes\": {\"choices\": [32, 64, 128]}}"}
{"op_code":6,"worker_id":"8641ffc0-8faf-4b75-ac75-4590ceea412c-139679950972736","trial_id":97,"state":1,"values":[6.121971130371094],"datetime_complete":"2026-03-20T18:18:38.980658"}
{"op_code":4,"worker_id":"8641ffc0-8faf-4b75-ac75-4590ceea412c-139679950972736","study_id":0,"datetime_start":"2026-03-20T18:18:39.002819"}
{"op_code":5,"worker_id":"8641ffc0-8faf-4b75-ac75-4590ceea412c-139679950972736","trial_id":98,"param_name":"lr","param_value_internal":0.027873937058334436,"distribution":"{\"name\": \"FloatDistribution\", \"attributes\": {\"step\": null, \"low\": 0.0001, \"high\": 0.1, \"log\": true}}"}
{"op_code":5,"worker_id":"8641ffc0-8faf-4b75-ac75-4590ceea412c-139679950972736","trial_id":98,"param_name":"dropout","param_value_internal":0.14817085351771692,"distribution":"{\"name\": \"FloatDistribution\", \"attributes\": {\"step\": null, \"low\": 0.1, \"high\": 0.5, \"log\": false}}"}
{"op_code":5,"worker_id":"8641ffc0-8faf-4b75-ac75-4590ceea412c-139679950972736","trial_id":98,"param_name":"nodes1","param_value_internal":1,"distribution":"{\"name\": \"CategoricalDistribution\", \"attributes\": {\"choices\": [16, 32, 64]}}"}
{"op_code":5,"worker_id":"8641ffc0-8faf-4b75-ac75-4590ceea412c-139679950972736","trial_id":98,"param_name":"nodes2","param_value_internal":1,"distribution":"{\"name\": \"CategoricalDistribution\", \"attributes\": {\"choices\": [32, 64, 128]}}"}
{"op_code":6,"worker_id":"8641ffc0-8faf-4b75-ac75-4590ceea412c-139679950972736","trial_id":98,"state":1,"values":[6.372355937957764],"datetime_complete":"2026-03-20T18:18:43.077258"}
{"op_code":4,"worker_id":"8641ffc0-8faf-4b75-ac75-4590ceea412c-139679950972736","study_id":0,"datetime_start":"2026-03-20T18:18:43.100975"}
{"op_code":5,"worker_id":"8641ffc0-8faf-4b75-ac75-4590ceea412c-139679950972736","trial_id":99,"param_name":"lr","param_value_internal":0.00016402712112334878,"distribution":"{\"name\": \"FloatDistribution\", \"attributes\": {\"step\": null, \"low\": 0.0001, \"high\": 0.1, \"log\": true}}"}
{"op_code":5,"worker_id":"8641ffc0-8faf-4b75-ac75-4590ceea412c-139679950972736","trial_id":99,"param_name":"dropout","param_value_internal":0.2037810020752771,"distribution":"{\"name\": \"FloatDistribution\", \"attributes\": {\"step\": null, \"low\": 0.1, \"high\": 0.5, \"log\": false}}"}
{"op_code":5,"worker_id":"8641ffc0-8faf-4b75-ac75-4590ceea412c-139679950972736","trial_id":99,"param_name":"nodes1","param_value_internal":1,"distribution":"{\"name\": \"CategoricalDistribution\", \"attributes\": {\"choices\": [16, 32, 64]}}"}
{"op_code":5,"worker_id":"8641ffc0-8faf-4b75-ac75-4590ceea412c-139679950972736","trial_id":99,"param_name":"nodes2","param_value_internal":1,"distribution":"{\"name\": \"CategoricalDistribution\", \"attributes\": {\"choices\": [32, 64, 128]}}"}
{"op_code":6,"worker_id":"8641ffc0-8faf-4b75-ac75-4590ceea412c-139679950972736","trial_id":99,"state":1,"values":[6.149956226348877],"datetime_complete":"2026-03-20T18:18:47.236911"}
{"op_code":4,"worker_id":"8641ffc0-8faf-4b75-ac75-4590ceea412c-139679950972736","study_id":0,"datetime_start":"2026-03-20T18:18:47.258954"}
{"op_code":5,"worker_id":"8641ffc0-8faf-4b75-ac75-4590ceea412c-139679950972736","trial_id":100,"param_name":"lr","param_value_internal":0.00028704278882162504,"distribution":"{\"name\": \"FloatDistribution\", \"attributes\": {\"step\": null, \"low\": 0.0001, \"high\": 0.1, \"log\": true}}"}
{"op_code":5,"worker_id":"8641ffc0-8faf-4b75-ac75-4590ceea412c-139679950972736","trial_id":100,"param_name":"dropout","param_value_internal":0.1352991930495266,"distribution":"{\"name\": \"FloatDistribution\", \"attributes\": {\"step\": null, \"low\": 0.1, \"high\": 0.5, \"log\": false}}"}
{"op_code":5,"worker_id":"8641ffc0-8faf-4b75-ac75-4590ceea412c-139679950972736","trial_id":100,"param_name":"nodes1","param_value_internal":1,"distribution":"{\"name\": \"CategoricalDistribution\", \"attributes\": {\"choices\": [16, 32, 64]}}"}
{"op_code":5,"worker_id":"8641ffc0-8faf-4b75-ac75-4590ceea412c-139679950972736","trial_id":100,"param_name":"nodes2","param_value_internal":1,"distribution":"{\"name\": \"CategoricalDistribution\", \"attributes\": {\"choices\": [32, 64, 128]}}"}
{"op_code":6,"worker_id":"8641ffc0-8faf-4b75-ac75-4590ceea412c-139679950972736","trial_id":100,"state":1,"values":[6.137528419494629],"datetime_complete":"2026-03-20T18:18:51.329753"}
{"op_code":0,"worker_id":"10c338c7-e9bf-46c2-85b7-b7fb72486de0-139679950972736","study_name":"custom_torch_tuning","directions":[1]}
{"op_code":4,"worker_id":"10c338c7-e9bf-46c2-85b7-b7fb72486de0-139679950972736","study_id":0,"datetime_start":"2026-03-20T18:30:55.819622"}
{"op_code":5,"worker_id":"10c338c7-e9bf-46c2-85b7-b7fb72486de0-139679950972736","trial_id":101,"param_name":"lr","param_value_internal":0.0003801597875155524,"distribution":"{\"name\": \"FloatDistribution\", \"attributes\": {\"step\": null, \"low\": 0.0001, \"high\": 0.1, \"log\": true}}"}
{"op_code":5,"worker_id":"10c338c7-e9bf-46c2-85b7-b7fb72486de0-139679950972736","trial_id":101,"param_name":"dropout","param_value_internal":0.23926571131115612,"distribution":"{\"name\": \"FloatDistribution\", \"attributes\": {\"step\": null, \"low\": 0.1, \"high\": 0.5, \"log\": false}}"}
{"op_code":5,"worker_id":"10c338c7-e9bf-46c2-85b7-b7fb72486de0-139679950972736","trial_id":101,"param_name":"nodes1","param_value_internal":1,"distribution":"{\"name\": \"CategoricalDistribution\", \"attributes\": {\"choices\": [16, 32, 64]}}"}
{"op_code":5,"worker_id":"10c338c7-e9bf-46c2-85b7-b7fb72486de0-139679950972736","trial_id":101,"param_name":"nodes2","param_value_internal":1,"distribution":"{\"name\": \"CategoricalDistribution\", \"attributes\": {\"choices\": [32, 64, 128]}}"}
{"op_code":6,"worker_id":"10c338c7-e9bf-46c2-85b7-b7fb72486de0-139679950972736","trial_id":101,"state":1,"values":[6.16255521774292],"datetime_complete":"2026-03-20T18:30:59.976552"}
{"op_code":4,"worker_id":"10c338c7-e9bf-46c2-85b7-b7fb72486de0-139679950972736","study_id":0,"datetime_start":"2026-03-20T18:31:00.001751"}
{"op_code":5,"worker_id":"10c338c7-e9bf-46c2-85b7-b7fb72486de0-139679950972736","trial_id":102,"param_name":"lr","param_value_internal":0.0004356030598887156,"distribution":"{\"name\": \"FloatDistribution\", \"attributes\": {\"step\": null, \"low\": 0.0001, \"high\": 0.1, \"log\": true}}"}
{"op_code":5,"worker_id":"10c338c7-e9bf-46c2-85b7-b7fb72486de0-139679950972736","trial_id":102,"param_name":"dropout","param_value_internal":0.19652934906422254,"distribution":"{\"name\": \"FloatDistribution\", \"attributes\": {\"step\": null, \"low\": 0.1, \"high\": 0.5, \"log\": false}}"}
{"op_code":5,"worker_id":"10c338c7-e9bf-46c2-85b7-b7fb72486de0-139679950972736","trial_id":102,"param_name":"nodes1","param_value_internal":1,"distribution":"{\"name\": \"CategoricalDistribution\", \"attributes\": {\"choices\": [16, 32, 64]}}"}
{"op_code":5,"worker_id":"10c338c7-e9bf-46c2-85b7-b7fb72486de0-139679950972736","trial_id":102,"param_name":"nodes2","param_value_internal":1,"distribution":"{\"name\": \"CategoricalDistribution\", \"attributes\": {\"choices\": [32, 64, 128]}}"}
{"op_code":6,"worker_id":"10c338c7-e9bf-46c2-85b7-b7fb72486de0-139679950972736","trial_id":102,"state":1,"values":[6.069255352020264],"datetime_complete":"2026-03-20T18:31:04.357399"}
{"op_code":4,"worker_id":"10c338c7-e9bf-46c2-85b7-b7fb72486de0-139679950972736","study_id":0,"datetime_start":"2026-03-20T18:31:04.378297"}
{"op_code":5,"worker_id":"10c338c7-e9bf-46c2-85b7-b7fb72486de0-139679950972736","trial_id":103,"param_name":"lr","param_value_internal":0.0006302280850141527,"distribution":"{\"name\": \"FloatDistribution\", \"attributes\": {\"step\": null, \"low\": 0.0001, \"high\": 0.1, \"log\": true}}"}
{"op_code":5,"worker_id":"10c338c7-e9bf-46c2-85b7-b7fb72486de0-139679950972736","trial_id":103,"param_name":"dropout","param_value_internal":0.1857844142770544,"distribution":"{\"name\": \"FloatDistribution\", \"attributes\": {\"step\": null, \"low\": 0.1, \"high\": 0.5, \"log\": false}}"}
{"op_code":5,"worker_id":"10c338c7-e9bf-46c2-85b7-b7fb72486de0-139679950972736","trial_id":103,"param_name":"nodes1","param_value_internal":1,"distribution":"{\"name\": \"CategoricalDistribution\", \"attributes\": {\"choices\": [16, 32, 64]}}"}
{"op_code":5,"worker_id":"10c338c7-e9bf-46c2-85b7-b7fb72486de0-139679950972736","trial_id":103,"param_name":"nodes2","param_value_internal":1,"distribution":"{\"name\": \"CategoricalDistribution\", \"attributes\": {\"choices\": [32, 64, 128]}}"}
{"op_code":6,"worker_id":"10c338c7-e9bf-46c2-85b7-b7fb72486de0-139679950972736","trial_id":103,"state":1,"values":[6.0627007484436035],"datetime_complete":"2026-03-20T18:31:08.759627"}
{"op_code":4,"worker_id":"10c338c7-e9bf-46c2-85b7-b7fb72486de0-139679950972736","study_id":0,"datetime_start":"2026-03-20T18:31:08.828892"}
{"op_code":5,"worker_id":"10c338c7-e9bf-46c2-85b7-b7fb72486de0-139679950972736","trial_id":104,"param_name":"lr","param_value_internal":0.00038241453071870626,"distribution":"{\"name\": \"FloatDistribution\", \"attributes\": {\"step\": null, \"low\": 0.0001, \"high\": 0.1, \"log\": true}}"}
{"op_code":5,"worker_id":"10c338c7-e9bf-46c2-85b7-b7fb72486de0-139679950972736","trial_id":104,"param_name":"dropout","param_value_internal":0.20230340080267398,"distribution":"{\"name\": \"FloatDistribution\", \"attributes\": {\"step\": null, \"low\": 0.1, \"high\": 0.5, \"log\": false}}"}
{"op_code":5,"worker_id":"10c338c7-e9bf-46c2-85b7-b7fb72486de0-139679950972736","trial_id":104,"param_name":"nodes1","param_value_internal":1,"distribution":"{\"name\": \"CategoricalDistribution\", \"attributes\": {\"choices\": [16, 32, 64]}}"}
{"op_code":5,"worker_id":"10c338c7-e9bf-46c2-85b7-b7fb72486de0-139679950972736","trial_id":104,"param_name":"nodes2","param_value_internal":1,"distribution":"{\"name\": \"CategoricalDistribution\", \"attributes\": {\"choices\": [32, 64, 128]}}"}
{"op_code":6,"worker_id":"10c338c7-e9bf-46c2-85b7-b7fb72486de0-139679950972736","trial_id":104,"state":1,"values":[6.056710720062256],"datetime_complete":"2026-03-20T18:31:13.249996"}
{"op_code":4,"worker_id":"10c338c7-e9bf-46c2-85b7-b7fb72486de0-139679950972736","study_id":0,"datetime_start":"2026-03-20T18:31:13.265598"}
{"op_code":5,"worker_id":"10c338c7-e9bf-46c2-85b7-b7fb72486de0-139679950972736","trial_id":105,"param_name":"lr","param_value_internal":0.00023978532934534742,"distribution":"{\"name\": \"FloatDistribution\", \"attributes\": {\"step\": null, \"low\": 0.0001, \"high\": 0.1, \"log\": true}}"}
{"op_code":5,"worker_id":"10c338c7-e9bf-46c2-85b7-b7fb72486de0-139679950972736","trial_id":105,"param_name":"dropout","param_value_internal":0.2283927183497947,"distribution":"{\"name\": \"FloatDistribution\", \"attributes\": {\"step\": null, \"low\": 0.1, \"high\": 0.5, \"log\": false}}"}
{"op_code":5,"worker_id":"10c338c7-e9bf-46c2-85b7-b7fb72486de0-139679950972736","trial_id":105,"param_name":"nodes1","param_value_internal":1,"distribution":"{\"name\": \"CategoricalDistribution\", \"attributes\": {\"choices\": [16, 32, 64]}}"}
{"op_code":5,"worker_id":"10c338c7-e9bf-46c2-85b7-b7fb72486de0-139679950972736","trial_id":105,"param_name":"nodes2","param_value_internal":1,"distribution":"{\"name\": \"CategoricalDistribution\", \"attributes\": {\"choices\": [32, 64, 128]}}"}
{"op_code":6,"worker_id":"10c338c7-e9bf-46c2-85b7-b7fb72486de0-139679950972736","trial_id":105,"state":1,"values":[6.041934490203857],"datetime_complete":"2026-03-20T18:31:17.654466"}
{"op_code":4,"worker_id":"10c338c7-e9bf-46c2-85b7-b7fb72486de0-139679950972736","study_id":0,"datetime_start":"2026-03-20T18:31:17.681604"}
{"op_code":5,"worker_id":"10c338c7-e9bf-46c2-85b7-b7fb72486de0-139679950972736","trial_id":106,"param_name":"lr","param_value_internal":0.0002913442935332761,"distribution":"{\"name\": \"FloatDistribution\", \"attributes\": {\"step\": null, \"low\": 0.0001, \"high\": 0.1, \"log\": true}}"}
{"op_code":5,"worker_id":"10c338c7-e9bf-46c2-85b7-b7fb72486de0-139679950972736","trial_id":106,"param_name":"dropout","param_value_internal":0.17012569352819956,"distribution":"{\"name\": \"FloatDistribution\", \"attributes\": {\"step\": null, \"low\": 0.1, \"high\": 0.5, \"log\": false}}"}
{"op_code":5,"worker_id":"10c338c7-e9bf-46c2-85b7-b7fb72486de0-139679950972736","trial_id":106,"param_name":"nodes1","param_value_internal":1,"distribution":"{\"name\": \"CategoricalDistribution\", \"attributes\": {\"choices\": [16, 32, 64]}}"}
{"op_code":5,"worker_id":"10c338c7-e9bf-46c2-85b7-b7fb72486de0-139679950972736","trial_id":106,"param_name":"nodes2","param_value_internal":1,"distribution":"{\"name\": \"CategoricalDistribution\", \"attributes\": {\"choices\": [32, 64, 128]}}"}
{"op_code":6,"worker_id":"10c338c7-e9bf-46c2-85b7-b7fb72486de0-139679950972736","trial_id":106,"state":1,"values":[6.031142234802246],"datetime_complete":"2026-03-20T18:31:21.776624"}
{"op_code":4,"worker_id":"10c338c7-e9bf-46c2-85b7-b7fb72486de0-139679950972736","study_id":0,"datetime_start":"2026-03-20T18:31:21.816109"}
{"op_code":5,"worker_id":"10c338c7-e9bf-46c2-85b7-b7fb72486de0-139679950972736","trial_id":107,"param_name":"lr","param_value_internal":0.0003462307648162961,"distribution":"{\"name\": \"FloatDistribution\", \"attributes\": {\"step\": null, \"low\": 0.0001, \"high\": 0.1, \"log\": true}}"}
{"op_code":5,"worker_id":"10c338c7-e9bf-46c2-85b7-b7fb72486de0-139679950972736","trial_id":107,"param_name":"dropout","param_value_internal":0.204420500612917,"distribution":"{\"name\": \"FloatDistribution\", \"attributes\": {\"step\": null, \"low\": 0.1, \"high\": 0.5, \"log\": false}}"}
{"op_code":5,"worker_id":"10c338c7-e9bf-46c2-85b7-b7fb72486de0-139679950972736","trial_id":107,"param_name":"nodes1","param_value_internal":1,"distribution":"{\"name\": \"CategoricalDistribution\", \"attributes\": {\"choices\": [16, 32, 64]}}"}
{"op_code":5,"worker_id":"10c338c7-e9bf-46c2-85b7-b7fb72486de0-139679950972736","trial_id":107,"param_name":"nodes2","param_value_internal":1,"distribution":"{\"name\": \"CategoricalDistribution\", \"attributes\": {\"choices\": [32, 64, 128]}}"}
{"op_code":6,"worker_id":"10c338c7-e9bf-46c2-85b7-b7fb72486de0-139679950972736","trial_id":107,"state":1,"values":[6.058060646057129],"datetime_complete":"2026-03-20T18:31:26.164910"}
{"op_code":4,"worker_id":"10c338c7-e9bf-46c2-85b7-b7fb72486de0-139679950972736","study_id":0,"datetime_start":"2026-03-20T18:31:26.198034"}
{"op_code":5,"worker_id":"10c338c7-e9bf-46c2-85b7-b7fb72486de0-139679950972736","trial_id":108,"param_name":"lr","param_value_internal":0.00016583014370116195,"distribution":"{\"name\": \"FloatDistribution\", \"attributes\": {\"step\": null, \"low\": 0.0001, \"high\": 0.1, \"log\": true}}"}
{"op_code":5,"worker_id":"10c338c7-e9bf-46c2-85b7-b7fb72486de0-139679950972736","trial_id":108,"param_name":"dropout","param_value_internal":0.194820620286058,"distribution":"{\"name\": \"FloatDistribution\", \"attributes\": {\"step\": null, \"low\": 0.1, \"high\": 0.5, \"log\": false}}"}
{"op_code":5,"worker_id":"10c338c7-e9bf-46c2-85b7-b7fb72486de0-139679950972736","trial_id":108,"param_name":"nodes1","param_value_internal":1,"distribution":"{\"name\": \"CategoricalDistribution\", \"attributes\": {\"choices\": [16, 32, 64]}}"}
{"op_code":5,"worker_id":"10c338c7-e9bf-46c2-85b7-b7fb72486de0-139679950972736","trial_id":108,"param_name":"nodes2","param_value_internal":1,"distribution":"{\"name\": \"CategoricalDistribution\", \"attributes\": {\"choices\": [32, 64, 128]}}"}
{"op_code":6,"worker_id":"10c338c7-e9bf-46c2-85b7-b7fb72486de0-139679950972736","trial_id":108,"state":1,"values":[6.051802158355713],"datetime_complete":"2026-03-20T18:31:30.459440"}
{"op_code":4,"worker_id":"10c338c7-e9bf-46c2-85b7-b7fb72486de0-139679950972736","study_id":0,"datetime_start":"2026-03-20T18:31:30.477254"}
{"op_code":5,"worker_id":"10c338c7-e9bf-46c2-85b7-b7fb72486de0-139679950972736","trial_id":109,"param_name":"lr","param_value_internal":0.0004888258029177162,"distribution":"{\"name\": \"FloatDistribution\", \"attributes\": {\"step\": null, \"low\": 0.0001, \"high\": 0.1, \"log\": true}}"}
{"op_code":5,"worker_id":"10c338c7-e9bf-46c2-85b7-b7fb72486de0-139679950972736","trial_id":109,"param_name":"dropout","param_value_internal":0.24752638813009992,"distribution":"{\"name\": \"FloatDistribution\", \"attributes\": {\"step\": null, \"low\": 0.1, \"high\": 0.5, \"log\": false}}"}
{"op_code":5,"worker_id":"10c338c7-e9bf-46c2-85b7-b7fb72486de0-139679950972736","trial_id":109,"param_name":"nodes1","param_value_internal":1,"distribution":"{\"name\": \"CategoricalDistribution\", \"attributes\": {\"choices\": [16, 32, 64]}}"}
{"op_code":5,"worker_id":"10c338c7-e9bf-46c2-85b7-b7fb72486de0-139679950972736","trial_id":109,"param_name":"nodes2","param_value_internal":1,"distribution":"{\"name\": \"CategoricalDistribution\", \"attributes\": {\"choices\": [32, 64, 128]}}"}
{"op_code":6,"worker_id":"10c338c7-e9bf-46c2-85b7-b7fb72486de0-139679950972736","trial_id":109,"state":1,"values":[6.126537799835205],"datetime_complete":"2026-03-20T18:31:34.656100"}
{"op_code":4,"worker_id":"10c338c7-e9bf-46c2-85b7-b7fb72486de0-139679950972736","study_id":0,"datetime_start":"2026-03-20T18:31:34.682438"}
{"op_code":5,"worker_id":"10c338c7-e9bf-46c2-85b7-b7fb72486de0-139679950972736","trial_id":110,"param_name":"lr","param_value_internal":0.00019612019929765782,"distribution":"{\"name\": \"FloatDistribution\", \"attributes\": {\"step\": null, \"low\": 0.0001, \"high\": 0.1, \"log\": true}}"}
{"op_code":5,"worker_id":"10c338c7-e9bf-46c2-85b7-b7fb72486de0-139679950972736","trial_id":110,"param_name":"dropout","param_value_internal":0.2662654204905196,"distribution":"{\"name\": \"FloatDistribution\", \"attributes\": {\"step\": null, \"low\": 0.1, \"high\": 0.5, \"log\": false}}"}
{"op_code":5,"worker_id":"10c338c7-e9bf-46c2-85b7-b7fb72486de0-139679950972736","trial_id":110,"param_name":"nodes1","param_value_internal":1,"distribution":"{\"name\": \"CategoricalDistribution\", \"attributes\": {\"choices\": [16, 32, 64]}}"}
{"op_code":5,"worker_id":"10c338c7-e9bf-46c2-85b7-b7fb72486de0-139679950972736","trial_id":110,"param_name":"nodes2","param_value_internal":1,"distribution":"{\"name\": \"CategoricalDistribution\", \"attributes\": {\"choices\": [32, 64, 128]}}"}
{"op_code":6,"worker_id":"10c338c7-e9bf-46c2-85b7-b7fb72486de0-139679950972736","trial_id":110,"state":1,"values":[6.050785064697266],"datetime_complete":"2026-03-20T18:31:38.763409"}
{"op_code":0,"worker_id":"edcd92b4-d247-4c01-8dcf-c4a395eb01bf-139679950972736","study_name":"custom_torch_tuning","directions":[1]}
{"op_code":4,"worker_id":"edcd92b4-d247-4c01-8dcf-c4a395eb01bf-139679950972736","study_id":0,"datetime_start":"2026-03-20T18:44:00.980803"}
{"op_code":5,"worker_id":"edcd92b4-d247-4c01-8dcf-c4a395eb01bf-139679950972736","trial_id":111,"param_name":"lr","param_value_internal":0.0006015232133619866,"distribution":"{\"name\": \"FloatDistribution\", \"attributes\": {\"step\": null, \"low\": 0.0001, \"high\": 0.1, \"log\": true}}"}
{"op_code":5,"worker_id":"edcd92b4-d247-4c01-8dcf-c4a395eb01bf-139679950972736","trial_id":111,"param_name":"dropout","param_value_internal":0.1705804091287628,"distribution":"{\"name\": \"FloatDistribution\", \"attributes\": {\"step\": null, \"low\": 0.1, \"high\": 0.5, \"log\": false}}"}
{"op_code":5,"worker_id":"edcd92b4-d247-4c01-8dcf-c4a395eb01bf-139679950972736","trial_id":111,"param_name":"nodes1","param_value_internal":1,"distribution":"{\"name\": \"CategoricalDistribution\", \"attributes\": {\"choices\": [16, 32, 64]}}"}
{"op_code":5,"worker_id":"edcd92b4-d247-4c01-8dcf-c4a395eb01bf-139679950972736","trial_id":111,"param_name":"nodes2","param_value_internal":1,"distribution":"{\"name\": \"CategoricalDistribution\", \"attributes\": {\"choices\": [32, 64, 128]}}"}
{"op_code":6,"worker_id":"edcd92b4-d247-4c01-8dcf-c4a395eb01bf-139679950972736","trial_id":111,"state":1,"values":[6.193110466003418],"datetime_complete":"2026-03-20T18:44:05.317796"}
{"op_code":4,"worker_id":"edcd92b4-d247-4c01-8dcf-c4a395eb01bf-139679950972736","study_id":0,"datetime_start":"2026-03-20T18:44:05.337851"}
{"op_code":5,"worker_id":"edcd92b4-d247-4c01-8dcf-c4a395eb01bf-139679950972736","trial_id":112,"param_name":"lr","param_value_internal":0.0003062158126265814,"distribution":"{\"name\": \"FloatDistribution\", \"attributes\": {\"step\": null, \"low\": 0.0001, \"high\": 0.1, \"log\": true}}"}
{"op_code":5,"worker_id":"edcd92b4-d247-4c01-8dcf-c4a395eb01bf-139679950972736","trial_id":112,"param_name":"dropout","param_value_internal":0.17722897355575318,"distribution":"{\"name\": \"FloatDistribution\", \"attributes\": {\"step\": null, \"low\": 0.1, \"high\": 0.5, \"log\": false}}"}
{"op_code":5,"worker_id":"edcd92b4-d247-4c01-8dcf-c4a395eb01bf-139679950972736","trial_id":112,"param_name":"nodes1","param_value_internal":1,"distribution":"{\"name\": \"CategoricalDistribution\", \"attributes\": {\"choices\": [16, 32, 64]}}"}
{"op_code":5,"worker_id":"edcd92b4-d247-4c01-8dcf-c4a395eb01bf-139679950972736","trial_id":112,"param_name":"nodes2","param_value_internal":1,"distribution":"{\"name\": \"CategoricalDistribution\", \"attributes\": {\"choices\": [32, 64, 128]}}"}
{"op_code":6,"worker_id":"edcd92b4-d247-4c01-8dcf-c4a395eb01bf-139679950972736","trial_id":112,"state":1,"values":[6.144542694091797],"datetime_complete":"2026-03-20T18:44:09.406669"}
{"op_code":4,"worker_id":"edcd92b4-d247-4c01-8dcf-c4a395eb01bf-139679950972736","study_id":0,"datetime_start":"2026-03-20T18:44:09.423807"}
{"op_code":5,"worker_id":"edcd92b4-d247-4c01-8dcf-c4a395eb01bf-139679950972736","trial_id":113,"param_name":"lr","param_value_internal":0.0002671647831446698,"distribution":"{\"name\": \"FloatDistribution\", \"attributes\": {\"step\": null, \"low\": 0.0001, \"high\": 0.1, \"log\": true}}"}
{"op_code":5,"worker_id":"edcd92b4-d247-4c01-8dcf-c4a395eb01bf-139679950972736","trial_id":113,"param_name":"dropout","param_value_internal":0.16418935031720372,"distribution":"{\"name\": \"FloatDistribution\", \"attributes\": {\"step\": null, \"low\": 0.1, \"high\": 0.5, \"log\": false}}"}
{"op_code":5,"worker_id":"edcd92b4-d247-4c01-8dcf-c4a395eb01bf-139679950972736","trial_id":113,"param_name":"nodes1","param_value_internal":1,"distribution":"{\"name\": \"CategoricalDistribution\", \"attributes\": {\"choices\": [16, 32, 64]}}"}
{"op_code":5,"worker_id":"edcd92b4-d247-4c01-8dcf-c4a395eb01bf-139679950972736","trial_id":113,"param_name":"nodes2","param_value_internal":1,"distribution":"{\"name\": \"CategoricalDistribution\", \"attributes\": {\"choices\": [32, 64, 128]}}"}
{"op_code":6,"worker_id":"edcd92b4-d247-4c01-8dcf-c4a395eb01bf-139679950972736","trial_id":113,"state":1,"values":[6.142279148101807],"datetime_complete":"2026-03-20T18:44:13.083656"}
{"op_code":4,"worker_id":"edcd92b4-d247-4c01-8dcf-c4a395eb01bf-139679950972736","study_id":0,"datetime_start":"2026-03-20T18:44:13.103357"}
{"op_code":5,"worker_id":"edcd92b4-d247-4c01-8dcf-c4a395eb01bf-139679950972736","trial_id":114,"param_name":"lr","param_value_internal":0.00021868637930917145,"distribution":"{\"name\": \"FloatDistribution\", \"attributes\": {\"step\": null, \"low\": 0.0001, \"high\": 0.1, \"log\": true}}"}
{"op_code":5,"worker_id":"edcd92b4-d247-4c01-8dcf-c4a395eb01bf-139679950972736","trial_id":114,"param_name":"dropout","param_value_internal":0.19114301662894892,"distribution":"{\"name\": \"FloatDistribution\", \"attributes\": {\"step\": null, \"low\": 0.1, \"high\": 0.5, \"log\": false}}"}
{"op_code":5,"worker_id":"edcd92b4-d247-4c01-8dcf-c4a395eb01bf-139679950972736","trial_id":114,"param_name":"nodes1","param_value_internal":1,"distribution":"{\"name\": \"CategoricalDistribution\", \"attributes\": {\"choices\": [16, 32, 64]}}"}
{"op_code":5,"worker_id":"edcd92b4-d247-4c01-8dcf-c4a395eb01bf-139679950972736","trial_id":114,"param_name":"nodes2","param_value_internal":1,"distribution":"{\"name\": \"CategoricalDistribution\", \"attributes\": {\"choices\": [32, 64, 128]}}"}
{"op_code":6,"worker_id":"edcd92b4-d247-4c01-8dcf-c4a395eb01bf-139679950972736","trial_id":114,"state":1,"values":[6.197416305541992],"datetime_complete":"2026-03-20T18:44:16.927962"}
{"op_code":4,"worker_id":"edcd92b4-d247-4c01-8dcf-c4a395eb01bf-139679950972736","study_id":0,"datetime_start":"2026-03-20T18:44:16.962099"}
{"op_code":5,"worker_id":"edcd92b4-d247-4c01-8dcf-c4a395eb01bf-139679950972736","trial_id":115,"param_name":"lr","param_value_internal":0.0004317572835811537,"distribution":"{\"name\": \"FloatDistribution\", \"attributes\": {\"step\": null, \"low\": 0.0001, \"high\": 0.1, \"log\": true}}"}
{"op_code":5,"worker_id":"edcd92b4-d247-4c01-8dcf-c4a395eb01bf-139679950972736","trial_id":115,"param_name":"dropout","param_value_internal":0.1547438607619331,"distribution":"{\"name\": \"FloatDistribution\", \"attributes\": {\"step\": null, \"low\": 0.1, \"high\": 0.5, \"log\": false}}"}
{"op_code":5,"worker_id":"edcd92b4-d247-4c01-8dcf-c4a395eb01bf-139679950972736","trial_id":115,"param_name":"nodes1","param_value_internal":1,"distribution":"{\"name\": \"CategoricalDistribution\", \"attributes\": {\"choices\": [16, 32, 64]}}"}
{"op_code":5,"worker_id":"edcd92b4-d247-4c01-8dcf-c4a395eb01bf-139679950972736","trial_id":115,"param_name":"nodes2","param_value_internal":1,"distribution":"{\"name\": \"CategoricalDistribution\", \"attributes\": {\"choices\": [32, 64, 128]}}"}
{"op_code":6,"worker_id":"edcd92b4-d247-4c01-8dcf-c4a395eb01bf-139679950972736","trial_id":115,"state":1,"values":[6.158746242523193],"datetime_complete":"2026-03-20T18:44:20.785074"}
{"op_code":4,"worker_id":"edcd92b4-d247-4c01-8dcf-c4a395eb01bf-139679950972736","study_id":0,"datetime_start":"2026-03-20T18:44:20.804842"}
{"op_code":5,"worker_id":"edcd92b4-d247-4c01-8dcf-c4a395eb01bf-139679950972736","trial_id":116,"param_name":"lr","param_value_internal":0.0003510950616306142,"distribution":"{\"name\": \"FloatDistribution\", \"attributes\": {\"step\": null, \"low\": 0.0001, \"high\": 0.1, \"log\": true}}"}
{"op_code":5,"worker_id":"edcd92b4-d247-4c01-8dcf-c4a395eb01bf-139679950972736","trial_id":116,"param_name":"dropout","param_value_internal":0.2077403263521125,"distribution":"{\"name\": \"FloatDistribution\", \"attributes\": {\"step\": null, \"low\": 0.1, \"high\": 0.5, \"log\": false}}"}
{"op_code":5,"worker_id":"edcd92b4-d247-4c01-8dcf-c4a395eb01bf-139679950972736","trial_id":116,"param_name":"nodes1","param_value_internal":1,"distribution":"{\"name\": \"CategoricalDistribution\", \"attributes\": {\"choices\": [16, 32, 64]}}"}
{"op_code":5,"worker_id":"edcd92b4-d247-4c01-8dcf-c4a395eb01bf-139679950972736","trial_id":116,"param_name":"nodes2","param_value_internal":1,"distribution":"{\"name\": \"CategoricalDistribution\", \"attributes\": {\"choices\": [32, 64, 128]}}"}
{"op_code":6,"worker_id":"edcd92b4-d247-4c01-8dcf-c4a395eb01bf-139679950972736","trial_id":116,"state":1,"values":[6.143897533416748],"datetime_complete":"2026-03-20T18:44:24.555291"}
{"op_code":4,"worker_id":"edcd92b4-d247-4c01-8dcf-c4a395eb01bf-139679950972736","study_id":0,"datetime_start":"2026-03-20T18:44:24.577687"}
{"op_code":5,"worker_id":"edcd92b4-d247-4c01-8dcf-c4a395eb01bf-139679950972736","trial_id":117,"param_name":"lr","param_value_internal":0.0002884353963978561,"distribution":"{\"name\": \"FloatDistribution\", \"attributes\": {\"step\": null, \"low\": 0.0001, \"high\": 0.1, \"log\": true}}"}
{"op_code":5,"worker_id":"edcd92b4-d247-4c01-8dcf-c4a395eb01bf-139679950972736","trial_id":117,"param_name":"dropout","param_value_internal":0.17442000019974924,"distribution":"{\"name\": \"FloatDistribution\", \"attributes\": {\"step\": null, \"low\": 0.1, \"high\": 0.5, \"log\": false}}"}
{"op_code":5,"worker_id":"edcd92b4-d247-4c01-8dcf-c4a395eb01bf-139679950972736","trial_id":117,"param_name":"nodes1","param_value_internal":1,"distribution":"{\"name\": \"CategoricalDistribution\", \"attributes\": {\"choices\": [16, 32, 64]}}"}
{"op_code":5,"worker_id":"edcd92b4-d247-4c01-8dcf-c4a395eb01bf-139679950972736","trial_id":117,"param_name":"nodes2","param_value_internal":1,"distribution":"{\"name\": \"CategoricalDistribution\", \"attributes\": {\"choices\": [32, 64, 128]}}"}
{"op_code":6,"worker_id":"edcd92b4-d247-4c01-8dcf-c4a395eb01bf-139679950972736","trial_id":117,"state":1,"values":[6.1424055099487305],"datetime_complete":"2026-03-20T18:44:28.736923"}
{"op_code":4,"worker_id":"edcd92b4-d247-4c01-8dcf-c4a395eb01bf-139679950972736","study_id":0,"datetime_start":"2026-03-20T18:44:28.750767"}
{"op_code":5,"worker_id":"edcd92b4-d247-4c01-8dcf-c4a395eb01bf-139679950972736","trial_id":118,"param_name":"lr","param_value_internal":0.00024118969603179706,"distribution":"{\"name\": \"FloatDistribution\", \"attributes\": {\"step\": null, \"low\": 0.0001, \"high\": 0.1, \"log\": true}}"}
{"op_code":5,"worker_id":"edcd92b4-d247-4c01-8dcf-c4a395eb01bf-139679950972736","trial_id":118,"param_name":"dropout","param_value_internal":0.1857873061208173,"distribution":"{\"name\": \"FloatDistribution\", \"attributes\": {\"step\": null, \"low\": 0.1, \"high\": 0.5, \"log\": false}}"}
{"op_code":5,"worker_id":"edcd92b4-d247-4c01-8dcf-c4a395eb01bf-139679950972736","trial_id":118,"param_name":"nodes1","param_value_internal":2,"distribution":"{\"name\": \"CategoricalDistribution\", \"attributes\": {\"choices\": [16, 32, 64]}}"}
{"op_code":5,"worker_id":"edcd92b4-d247-4c01-8dcf-c4a395eb01bf-139679950972736","trial_id":118,"param_name":"nodes2","param_value_internal":1,"distribution":"{\"name\": \"CategoricalDistribution\", \"attributes\": {\"choices\": [32, 64, 128]}}"}
{"op_code":6,"worker_id":"edcd92b4-d247-4c01-8dcf-c4a395eb01bf-139679950972736","trial_id":118,"state":1,"values":[6.159318923950195],"datetime_complete":"2026-03-20T18:44:32.639698"}
{"op_code":4,"worker_id":"edcd92b4-d247-4c01-8dcf-c4a395eb01bf-139679950972736","study_id":0,"datetime_start":"2026-03-20T18:44:32.654930"}
{"op_code":5,"worker_id":"edcd92b4-d247-4c01-8dcf-c4a395eb01bf-139679950972736","trial_id":119,"param_name":"lr","param_value_internal":0.0004772274183792557,"distribution":"{\"name\": \"FloatDistribution\", \"attributes\": {\"step\": null, \"low\": 0.0001, \"high\": 0.1, \"log\": true}}"}
{"op_code":5,"worker_id":"edcd92b4-d247-4c01-8dcf-c4a395eb01bf-139679950972736","trial_id":119,"param_name":"dropout","param_value_internal":0.19838439922558054,"distribution":"{\"name\": \"FloatDistribution\", \"attributes\": {\"step\": null, \"low\": 0.1, \"high\": 0.5, \"log\": false}}"}
{"op_code":5,"worker_id":"edcd92b4-d247-4c01-8dcf-c4a395eb01bf-139679950972736","trial_id":119,"param_name":"nodes1","param_value_internal":1,"distribution":"{\"name\": \"CategoricalDistribution\", \"attributes\": {\"choices\": [16, 32, 64]}}"}
{"op_code":5,"worker_id":"edcd92b4-d247-4c01-8dcf-c4a395eb01bf-139679950972736","trial_id":119,"param_name":"nodes2","param_value_internal":1,"distribution":"{\"name\": \"CategoricalDistribution\", \"attributes\": {\"choices\": [32, 64, 128]}}"}
{"op_code":6,"worker_id":"edcd92b4-d247-4c01-8dcf-c4a395eb01bf-139679950972736","trial_id":119,"state":1,"values":[6.144134998321533],"datetime_complete":"2026-03-20T18:44:36.362884"}
{"op_code":4,"worker_id":"edcd92b4-d247-4c01-8dcf-c4a395eb01bf-139679950972736","study_id":0,"datetime_start":"2026-03-20T18:44:36.374907"}
{"op_code":5,"worker_id":"edcd92b4-d247-4c01-8dcf-c4a395eb01bf-139679950972736","trial_id":120,"param_name":"lr","param_value_internal":0.00040281771172115773,"distribution":"{\"name\": \"FloatDistribution\", \"attributes\": {\"step\": null, \"low\": 0.0001, \"high\": 0.1, \"log\": true}}"}
{"op_code":5,"worker_id":"edcd92b4-d247-4c01-8dcf-c4a395eb01bf-139679950972736","trial_id":120,"param_name":"dropout","param_value_internal":0.22459637971070512,"distribution":"{\"name\": \"FloatDistribution\", \"attributes\": {\"step\": null, \"low\": 0.1, \"high\": 0.5, \"log\": false}}"}
{"op_code":5,"worker_id":"edcd92b4-d247-4c01-8dcf-c4a395eb01bf-139679950972736","trial_id":120,"param_name":"nodes1","param_value_internal":1,"distribution":"{\"name\": \"CategoricalDistribution\", \"attributes\": {\"choices\": [16, 32, 64]}}"}
{"op_code":5,"worker_id":"edcd92b4-d247-4c01-8dcf-c4a395eb01bf-139679950972736","trial_id":120,"param_name":"nodes2","param_value_internal":1,"distribution":"{\"name\": \"CategoricalDistribution\", \"attributes\": {\"choices\": [32, 64, 128]}}"}
{"op_code":6,"worker_id":"edcd92b4-d247-4c01-8dcf-c4a395eb01bf-139679950972736","trial_id":120,"state":1,"values":[6.136208534240723],"datetime_complete":"2026-03-20T18:44:40.169336"}
{"op_code":0,"worker_id":"7055554f-3493-4ece-8d7d-d052bf7f24f4-139679950972736","study_name":"custom_torch_tuning","directions":[1]}
{"op_code":4,"worker_id":"7055554f-3493-4ece-8d7d-d052bf7f24f4-139679950972736","study_id":0,"datetime_start":"2026-03-20T18:57:13.961702"}
{"op_code":5,"worker_id":"7055554f-3493-4ece-8d7d-d052bf7f24f4-139679950972736","trial_id":121,"param_name":"lr","param_value_internal":0.00012986748997175168,"distribution":"{\"name\": \"FloatDistribution\", \"attributes\": {\"step\": null, \"low\": 0.0001, \"high\": 0.1, \"log\": true}}"}
{"op_code":5,"worker_id":"7055554f-3493-4ece-8d7d-d052bf7f24f4-139679950972736","trial_id":121,"param_name":"dropout","param_value_internal":0.40138903447973573,"distribution":"{\"name\": \"FloatDistribution\", \"attributes\": {\"step\": null, \"low\": 0.1, \"high\": 0.5, \"log\": false}}"}
{"op_code":5,"worker_id":"7055554f-3493-4ece-8d7d-d052bf7f24f4-139679950972736","trial_id":121,"param_name":"nodes1","param_value_internal":1,"distribution":"{\"name\": \"CategoricalDistribution\", \"attributes\": {\"choices\": [16, 32, 64]}}"}
{"op_code":5,"worker_id":"7055554f-3493-4ece-8d7d-d052bf7f24f4-139679950972736","trial_id":121,"param_name":"nodes2","param_value_internal":1,"distribution":"{\"name\": \"CategoricalDistribution\", \"attributes\": {\"choices\": [32, 64, 128]}}"}
{"op_code":6,"worker_id":"7055554f-3493-4ece-8d7d-d052bf7f24f4-139679950972736","trial_id":121,"state":1,"values":[6.217017650604248],"datetime_complete":"2026-03-20T18:57:17.685636"}
{"op_code":4,"worker_id":"7055554f-3493-4ece-8d7d-d052bf7f24f4-139679950972736","study_id":0,"datetime_start":"2026-03-20T18:57:17.704047"}
{"op_code":5,"worker_id":"7055554f-3493-4ece-8d7d-d052bf7f24f4-139679950972736","trial_id":122,"param_name":"lr","param_value_internal":0.0003179868068536886,"distribution":"{\"name\": \"FloatDistribution\", \"attributes\": {\"step\": null, \"low\": 0.0001, \"high\": 0.1, \"log\": true}}"}
{"op_code":5,"worker_id":"7055554f-3493-4ece-8d7d-d052bf7f24f4-139679950972736","trial_id":122,"param_name":"dropout","param_value_internal":0.21241925898848318,"distribution":"{\"name\": \"FloatDistribution\", \"attributes\": {\"step\": null, \"low\": 0.1, \"high\": 0.5, \"log\": false}}"}
{"op_code":5,"worker_id":"7055554f-3493-4ece-8d7d-d052bf7f24f4-139679950972736","trial_id":122,"param_name":"nodes1","param_value_internal":1,"distribution":"{\"name\": \"CategoricalDistribution\", \"attributes\": {\"choices\": [16, 32, 64]}}"}
{"op_code":5,"worker_id":"7055554f-3493-4ece-8d7d-d052bf7f24f4-139679950972736","trial_id":122,"param_name":"nodes2","param_value_internal":1,"distribution":"{\"name\": \"CategoricalDistribution\", \"attributes\": {\"choices\": [32, 64, 128]}}"}
{"op_code":6,"worker_id":"7055554f-3493-4ece-8d7d-d052bf7f24f4-139679950972736","trial_id":122,"state":1,"values":[6.1418938636779785],"datetime_complete":"2026-03-20T18:57:21.652239"}
{"op_code":4,"worker_id":"7055554f-3493-4ece-8d7d-d052bf7f24f4-139679950972736","study_id":0,"datetime_start":"2026-03-20T18:57:21.669506"}
{"op_code":5,"worker_id":"7055554f-3493-4ece-8d7d-d052bf7f24f4-139679950972736","trial_id":123,"param_name":"lr","param_value_internal":0.0005540170324198873,"distribution":"{\"name\": \"FloatDistribution\", \"attributes\": {\"step\": null, \"low\": 0.0001, \"high\": 0.1, \"log\": true}}"}
{"op_code":5,"worker_id":"7055554f-3493-4ece-8d7d-d052bf7f24f4-139679950972736","trial_id":123,"param_name":"dropout","param_value_internal":0.1837606498727157,"distribution":"{\"name\": \"FloatDistribution\", \"attributes\": {\"step\": null, \"low\": 0.1, \"high\": 0.5, \"log\": false}}"}
{"op_code":5,"worker_id":"7055554f-3493-4ece-8d7d-d052bf7f24f4-139679950972736","trial_id":123,"param_name":"nodes1","param_value_internal":1,"distribution":"{\"name\": \"CategoricalDistribution\", \"attributes\": {\"choices\": [16, 32, 64]}}"}
{"op_code":5,"worker_id":"7055554f-3493-4ece-8d7d-d052bf7f24f4-139679950972736","trial_id":123,"param_name":"nodes2","param_value_internal":1,"distribution":"{\"name\": \"CategoricalDistribution\", \"attributes\": {\"choices\": [32, 64, 128]}}"}
{"op_code":6,"worker_id":"7055554f-3493-4ece-8d7d-d052bf7f24f4-139679950972736","trial_id":123,"state":1,"values":[6.162578105926514],"datetime_complete":"2026-03-20T18:57:25.395579"}
{"op_code":4,"worker_id":"7055554f-3493-4ece-8d7d-d052bf7f24f4-139679950972736","study_id":0,"datetime_start":"2026-03-20T18:57:25.420027"}
{"op_code":5,"worker_id":"7055554f-3493-4ece-8d7d-d052bf7f24f4-139679950972736","trial_id":124,"param_name":"lr","param_value_internal":0.0004949418813641907,"distribution":"{\"name\": \"FloatDistribution\", \"attributes\": {\"step\": null, \"low\": 0.0001, \"high\": 0.1, \"log\": true}}"}
{"op_code":5,"worker_id":"7055554f-3493-4ece-8d7d-d052bf7f24f4-139679950972736","trial_id":124,"param_name":"dropout","param_value_internal":0.21541927970442934,"distribution":"{\"name\": \"FloatDistribution\", \"attributes\": {\"step\": null, \"low\": 0.1, \"high\": 0.5, \"log\": false}}"}
{"op_code":5,"worker_id":"7055554f-3493-4ece-8d7d-d052bf7f24f4-139679950972736","trial_id":124,"param_name":"nodes1","param_value_internal":1,"distribution":"{\"name\": \"CategoricalDistribution\", \"attributes\": {\"choices\": [16, 32, 64]}}"}
{"op_code":5,"worker_id":"7055554f-3493-4ece-8d7d-d052bf7f24f4-139679950972736","trial_id":124,"param_name":"nodes2","param_value_internal":1,"distribution":"{\"name\": \"CategoricalDistribution\", \"attributes\": {\"choices\": [32, 64, 128]}}"}
{"op_code":6,"worker_id":"7055554f-3493-4ece-8d7d-d052bf7f24f4-139679950972736","trial_id":124,"state":1,"values":[6.198024272918701],"datetime_complete":"2026-03-20T18:57:28.964541"}
{"op_code":4,"worker_id":"7055554f-3493-4ece-8d7d-d052bf7f24f4-139679950972736","study_id":0,"datetime_start":"2026-03-20T18:57:28.987935"}
{"op_code":5,"worker_id":"7055554f-3493-4ece-8d7d-d052bf7f24f4-139679950972736","trial_id":125,"param_name":"lr","param_value_internal":0.00027641027993172574,"distribution":"{\"name\": \"FloatDistribution\", \"attributes\": {\"step\": null, \"low\": 0.0001, \"high\": 0.1, \"log\": true}}"}
{"op_code":5,"worker_id":"7055554f-3493-4ece-8d7d-d052bf7f24f4-139679950972736","trial_id":125,"param_name":"dropout","param_value_internal":0.1952150537695702,"distribution":"{\"name\": \"FloatDistribution\", \"attributes\": {\"step\": null, \"low\": 0.1, \"high\": 0.5, \"log\": false}}"}
{"op_code":5,"worker_id":"7055554f-3493-4ece-8d7d-d052bf7f24f4-139679950972736","trial_id":125,"param_name":"nodes1","param_value_internal":1,"distribution":"{\"name\": \"CategoricalDistribution\", \"attributes\": {\"choices\": [16, 32, 64]}}"}
{"op_code":5,"worker_id":"7055554f-3493-4ece-8d7d-d052bf7f24f4-139679950972736","trial_id":125,"param_name":"nodes2","param_value_internal":1,"distribution":"{\"name\": \"CategoricalDistribution\", \"attributes\": {\"choices\": [32, 64, 128]}}"}
{"op_code":6,"worker_id":"7055554f-3493-4ece-8d7d-d052bf7f24f4-139679950972736","trial_id":125,"state":1,"values":[6.147061347961426],"datetime_complete":"2026-03-20T18:57:32.867254"}
{"op_code":4,"worker_id":"7055554f-3493-4ece-8d7d-d052bf7f24f4-139679950972736","study_id":0,"datetime_start":"2026-03-20T18:57:32.890698"}
{"op_code":5,"worker_id":"7055554f-3493-4ece-8d7d-d052bf7f24f4-139679950972736","trial_id":126,"param_name":"lr","param_value_internal":0.0003595402496904698,"distribution":"{\"name\": \"FloatDistribution\", \"attributes\": {\"step\": null, \"low\": 0.0001, \"high\": 0.1, \"log\": true}}"}
{"op_code":5,"worker_id":"7055554f-3493-4ece-8d7d-d052bf7f24f4-139679950972736","trial_id":126,"param_name":"dropout","param_value_internal":0.17011322121917094,"distribution":"{\"name\": \"FloatDistribution\", \"attributes\": {\"step\": null, \"low\": 0.1, \"high\": 0.5, \"log\": false}}"}
{"op_code":5,"worker_id":"7055554f-3493-4ece-8d7d-d052bf7f24f4-139679950972736","trial_id":126,"param_name":"nodes1","param_value_internal":1,"distribution":"{\"name\": \"CategoricalDistribution\", \"attributes\": {\"choices\": [16, 32, 64]}}"}
{"op_code":5,"worker_id":"7055554f-3493-4ece-8d7d-d052bf7f24f4-139679950972736","trial_id":126,"param_name":"nodes2","param_value_internal":1,"distribution":"{\"name\": \"CategoricalDistribution\", \"attributes\": {\"choices\": [32, 64, 128]}}"}
{"op_code":6,"worker_id":"7055554f-3493-4ece-8d7d-d052bf7f24f4-139679950972736","trial_id":126,"state":1,"values":[6.163703441619873],"datetime_complete":"2026-03-20T18:57:36.727286"}
{"op_code":4,"worker_id":"7055554f-3493-4ece-8d7d-d052bf7f24f4-139679950972736","study_id":0,"datetime_start":"2026-03-20T18:57:36.745080"}
{"op_code":5,"worker_id":"7055554f-3493-4ece-8d7d-d052bf7f24f4-139679950972736","trial_id":127,"param_name":"lr","param_value_internal":0.00021423850151762675,"distribution":"{\"name\": \"FloatDistribution\", \"attributes\": {\"step\": null, \"low\": 0.0001, \"high\": 0.1, \"log\": true}}"}
{"op_code":5,"worker_id":"7055554f-3493-4ece-8d7d-d052bf7f24f4-139679950972736","trial_id":127,"param_name":"dropout","param_value_internal":0.2012223026063797,"distribution":"{\"name\": \"FloatDistribution\", \"attributes\": {\"step\": null, \"low\": 0.1, \"high\": 0.5, \"log\": false}}"}
{"op_code":5,"worker_id":"7055554f-3493-4ece-8d7d-d052bf7f24f4-139679950972736","trial_id":127,"param_name":"nodes1","param_value_internal":1,"distribution":"{\"name\": \"CategoricalDistribution\", \"attributes\": {\"choices\": [16, 32, 64]}}"}
{"op_code":5,"worker_id":"7055554f-3493-4ece-8d7d-d052bf7f24f4-139679950972736","trial_id":127,"param_name":"nodes2","param_value_internal":1,"distribution":"{\"name\": \"CategoricalDistribution\", \"attributes\": {\"choices\": [32, 64, 128]}}"}
{"op_code":6,"worker_id":"7055554f-3493-4ece-8d7d-d052bf7f24f4-139679950972736","trial_id":127,"state":1,"values":[6.1605305671691895],"datetime_complete":"2026-03-20T18:57:41.014588"}
{"op_code":4,"worker_id":"7055554f-3493-4ece-8d7d-d052bf7f24f4-139679950972736","study_id":0,"datetime_start":"2026-03-20T18:57:41.032509"}
{"op_code":5,"worker_id":"7055554f-3493-4ece-8d7d-d052bf7f24f4-139679950972736","trial_id":128,"param_name":"lr","param_value_internal":0.0007328405862721513,"distribution":"{\"name\": \"FloatDistribution\", \"attributes\": {\"step\": null, \"low\": 0.0001, \"high\": 0.1, \"log\": true}}"}
{"op_code":5,"worker_id":"7055554f-3493-4ece-8d7d-d052bf7f24f4-139679950972736","trial_id":128,"param_name":"dropout","param_value_internal":0.17957621010991004,"distribution":"{\"name\": \"FloatDistribution\", \"attributes\": {\"step\": null, \"low\": 0.1, \"high\": 0.5, \"log\": false}}"}
{"op_code":5,"worker_id":"7055554f-3493-4ece-8d7d-d052bf7f24f4-139679950972736","trial_id":128,"param_name":"nodes1","param_value_internal":1,"distribution":"{\"name\": \"CategoricalDistribution\", \"attributes\": {\"choices\": [16, 32, 64]}}"}
{"op_code":5,"worker_id":"7055554f-3493-4ece-8d7d-d052bf7f24f4-139679950972736","trial_id":128,"param_name":"nodes2","param_value_internal":1,"distribution":"{\"name\": \"CategoricalDistribution\", \"attributes\": {\"choices\": [32, 64, 128]}}"}
{"op_code":6,"worker_id":"7055554f-3493-4ece-8d7d-d052bf7f24f4-139679950972736","trial_id":128,"state":1,"values":[6.194901466369629],"datetime_complete":"2026-03-20T18:57:44.931649"}
{"op_code":4,"worker_id":"7055554f-3493-4ece-8d7d-d052bf7f24f4-139679950972736","study_id":0,"datetime_start":"2026-03-20T18:57:44.952134"}
{"op_code":5,"worker_id":"7055554f-3493-4ece-8d7d-d052bf7f24f4-139679950972736","trial_id":129,"param_name":"lr","param_value_internal":0.006980585928079448,"distribution":"{\"name\": \"FloatDistribution\", \"attributes\": {\"step\": null, \"low\": 0.0001, \"high\": 0.1, \"log\": true}}"}
{"op_code":5,"worker_id":"7055554f-3493-4ece-8d7d-d052bf7f24f4-139679950972736","trial_id":129,"param_name":"dropout","param_value_internal":0.23027718543173895,"distribution":"{\"name\": \"FloatDistribution\", \"attributes\": {\"step\": null, \"low\": 0.1, \"high\": 0.5, \"log\": false}}"}
{"op_code":5,"worker_id":"7055554f-3493-4ece-8d7d-d052bf7f24f4-139679950972736","trial_id":129,"param_name":"nodes1","param_value_internal":1,"distribution":"{\"name\": \"CategoricalDistribution\", \"attributes\": {\"choices\": [16, 32, 64]}}"}
{"op_code":5,"worker_id":"7055554f-3493-4ece-8d7d-d052bf7f24f4-139679950972736","trial_id":129,"param_name":"nodes2","param_value_internal":1,"distribution":"{\"name\": \"CategoricalDistribution\", \"attributes\": {\"choices\": [32, 64, 128]}}"}
{"op_code":6,"worker_id":"7055554f-3493-4ece-8d7d-d052bf7f24f4-139679950972736","trial_id":129,"state":1,"values":[6.246337890625],"datetime_complete":"2026-03-20T18:57:48.549105"}
{"op_code":4,"worker_id":"7055554f-3493-4ece-8d7d-d052bf7f24f4-139679950972736","study_id":0,"datetime_start":"2026-03-20T18:57:48.573254"}
{"op_code":5,"worker_id":"7055554f-3493-4ece-8d7d-d052bf7f24f4-139679950972736","trial_id":130,"param_name":"lr","param_value_internal":0.00025655096934255363,"distribution":"{\"name\": \"FloatDistribution\", \"attributes\": {\"step\": null, \"low\": 0.0001, \"high\": 0.1, \"log\": true}}"}
{"op_code":5,"worker_id":"7055554f-3493-4ece-8d7d-d052bf7f24f4-139679950972736","trial_id":130,"param_name":"dropout","param_value_internal":0.20793111150774085,"distribution":"{\"name\": \"FloatDistribution\", \"attributes\": {\"step\": null, \"low\": 0.1, \"high\": 0.5, \"log\": false}}"}
{"op_code":5,"worker_id":"7055554f-3493-4ece-8d7d-d052bf7f24f4-139679950972736","trial_id":130,"param_name":"nodes1","param_value_internal":1,"distribution":"{\"name\": \"CategoricalDistribution\", \"attributes\": {\"choices\": [16, 32, 64]}}"}
{"op_code":5,"worker_id":"7055554f-3493-4ece-8d7d-d052bf7f24f4-139679950972736","trial_id":130,"param_name":"nodes2","param_value_internal":1,"distribution":"{\"name\": \"CategoricalDistribution\", \"attributes\": {\"choices\": [32, 64, 128]}}"}
{"op_code":6,"worker_id":"7055554f-3493-4ece-8d7d-d052bf7f24f4-139679950972736","trial_id":130,"state":1,"values":[6.136140823364258],"datetime_complete":"2026-03-20T18:57:52.216114"}
{"op_code":0,"worker_id":"02c71118-ad61-4d6a-a5e0-72ec23414b38-139679950972736","study_name":"custom_torch_tuning","directions":[1]}
{"op_code":4,"worker_id":"02c71118-ad61-4d6a-a5e0-72ec23414b38-139679950972736","study_id":0,"datetime_start":"2026-03-20T19:09:56.379373"}
{"op_code":5,"worker_id":"02c71118-ad61-4d6a-a5e0-72ec23414b38-139679950972736","trial_id":131,"param_name":"lr","param_value_internal":0.005029074684593061,"distribution":"{\"name\": \"FloatDistribution\", \"attributes\": {\"step\": null, \"low\": 0.0001, \"high\": 0.1, \"log\": true}}"}
{"op_code":5,"worker_id":"02c71118-ad61-4d6a-a5e0-72ec23414b38-139679950972736","trial_id":131,"param_name":"dropout","param_value_internal":0.16289761996908547,"distribution":"{\"name\": \"FloatDistribution\", \"attributes\": {\"step\": null, \"low\": 0.1, \"high\": 0.5, \"log\": false}}"}
{"op_code":5,"worker_id":"02c71118-ad61-4d6a-a5e0-72ec23414b38-139679950972736","trial_id":131,"param_name":"nodes1","param_value_internal":1,"distribution":"{\"name\": \"CategoricalDistribution\", \"attributes\": {\"choices\": [16, 32, 64]}}"}
{"op_code":5,"worker_id":"02c71118-ad61-4d6a-a5e0-72ec23414b38-139679950972736","trial_id":131,"param_name":"nodes2","param_value_internal":1,"distribution":"{\"name\": \"CategoricalDistribution\", \"attributes\": {\"choices\": [32, 64, 128]}}"}
{"op_code":6,"worker_id":"02c71118-ad61-4d6a-a5e0-72ec23414b38-139679950972736","trial_id":131,"state":1,"values":[6.738607883453369],"datetime_complete":"2026-03-20T19:10:00.377504"}
{"op_code":4,"worker_id":"02c71118-ad61-4d6a-a5e0-72ec23414b38-139679950972736","study_id":0,"datetime_start":"2026-03-20T19:10:00.418036"}
{"op_code":5,"worker_id":"02c71118-ad61-4d6a-a5e0-72ec23414b38-139679950972736","trial_id":132,"param_name":"lr","param_value_internal":0.00018138809331972027,"distribution":"{\"name\": \"FloatDistribution\", \"attributes\": {\"step\": null, \"low\": 0.0001, \"high\": 0.1, \"log\": true}}"}
{"op_code":5,"worker_id":"02c71118-ad61-4d6a-a5e0-72ec23414b38-139679950972736","trial_id":132,"param_name":"dropout","param_value_internal":0.22954760611448047,"distribution":"{\"name\": \"FloatDistribution\", \"attributes\": {\"step\": null, \"low\": 0.1, \"high\": 0.5, \"log\": false}}"}
{"op_code":5,"worker_id":"02c71118-ad61-4d6a-a5e0-72ec23414b38-139679950972736","trial_id":132,"param_name":"nodes1","param_value_internal":1,"distribution":"{\"name\": \"CategoricalDistribution\", \"attributes\": {\"choices\": [16, 32, 64]}}"}
{"op_code":5,"worker_id":"02c71118-ad61-4d6a-a5e0-72ec23414b38-139679950972736","trial_id":132,"param_name":"nodes2","param_value_internal":1,"distribution":"{\"name\": \"CategoricalDistribution\", \"attributes\": {\"choices\": [32, 64, 128]}}"}
{"op_code":6,"worker_id":"02c71118-ad61-4d6a-a5e0-72ec23414b38-139679950972736","trial_id":132,"state":1,"values":[6.362491607666016],"datetime_complete":"2026-03-20T19:10:04.499715"}
{"op_code":4,"worker_id":"02c71118-ad61-4d6a-a5e0-72ec23414b38-139679950972736","study_id":0,"datetime_start":"2026-03-20T19:10:04.514232"}
{"op_code":5,"worker_id":"02c71118-ad61-4d6a-a5e0-72ec23414b38-139679950972736","trial_id":133,"param_name":"lr","param_value_internal":0.00022047721467923233,"distribution":"{\"name\": \"FloatDistribution\", \"attributes\": {\"step\": null, \"low\": 0.0001, \"high\": 0.1, \"log\": true}}"}
{"op_code":5,"worker_id":"02c71118-ad61-4d6a-a5e0-72ec23414b38-139679950972736","trial_id":133,"param_name":"dropout","param_value_internal":0.19141851982397,"distribution":"{\"name\": \"FloatDistribution\", \"attributes\": {\"step\": null, \"low\": 0.1, \"high\": 0.5, \"log\": false}}"}
{"op_code":5,"worker_id":"02c71118-ad61-4d6a-a5e0-72ec23414b38-139679950972736","trial_id":133,"param_name":"nodes1","param_value_internal":1,"distribution":"{\"name\": \"CategoricalDistribution\", \"attributes\": {\"choices\": [16, 32, 64]}}"}
{"op_code":5,"worker_id":"02c71118-ad61-4d6a-a5e0-72ec23414b38-139679950972736","trial_id":133,"param_name":"nodes2","param_value_internal":1,"distribution":"{\"name\": \"CategoricalDistribution\", \"attributes\": {\"choices\": [32, 64, 128]}}"}
{"op_code":6,"worker_id":"02c71118-ad61-4d6a-a5e0-72ec23414b38-139679950972736","trial_id":133,"state":1,"values":[6.460747241973877],"datetime_complete":"2026-03-20T19:10:09.107742"}
{"op_code":4,"worker_id":"02c71118-ad61-4d6a-a5e0-72ec23414b38-139679950972736","study_id":0,"datetime_start":"2026-03-20T19:10:09.133247"}
{"op_code":5,"worker_id":"02c71118-ad61-4d6a-a5e0-72ec23414b38-139679950972736","trial_id":134,"param_name":"lr","param_value_internal":0.00030740295942546407,"distribution":"{\"name\": \"FloatDistribution\", \"attributes\": {\"step\": null, \"low\": 0.0001, \"high\": 0.1, \"log\": true}}"}
{"op_code":5,"worker_id":"02c71118-ad61-4d6a-a5e0-72ec23414b38-139679950972736","trial_id":134,"param_name":"dropout","param_value_internal":0.2190280165747211,"distribution":"{\"name\": \"FloatDistribution\", \"attributes\": {\"step\": null, \"low\": 0.1, \"high\": 0.5, \"log\": false}}"}
{"op_code":5,"worker_id":"02c71118-ad61-4d6a-a5e0-72ec23414b38-139679950972736","trial_id":134,"param_name":"nodes1","param_value_internal":1,"distribution":"{\"name\": \"CategoricalDistribution\", \"attributes\": {\"choices\": [16, 32, 64]}}"}
{"op_code":5,"worker_id":"02c71118-ad61-4d6a-a5e0-72ec23414b38-139679950972736","trial_id":134,"param_name":"nodes2","param_value_internal":1,"distribution":"{\"name\": \"CategoricalDistribution\", \"attributes\": {\"choices\": [32, 64, 128]}}"}
{"op_code":6,"worker_id":"02c71118-ad61-4d6a-a5e0-72ec23414b38-139679950972736","trial_id":134,"state":1,"values":[6.851282596588135],"datetime_complete":"2026-03-20T19:10:13.419000"}
{"op_code":4,"worker_id":"02c71118-ad61-4d6a-a5e0-72ec23414b38-139679950972736","study_id":0,"datetime_start":"2026-03-20T19:10:13.445600"}
{"op_code":5,"worker_id":"02c71118-ad61-4d6a-a5e0-72ec23414b38-139679950972736","trial_id":135,"param_name":"lr","param_value_internal":0.00024656578557137864,"distribution":"{\"name\": \"FloatDistribution\", \"attributes\": {\"step\": null, \"low\": 0.0001, \"high\": 0.1, \"log\": true}}"}
{"op_code":5,"worker_id":"02c71118-ad61-4d6a-a5e0-72ec23414b38-139679950972736","trial_id":135,"param_name":"dropout","param_value_internal":0.1865513552588967,"distribution":"{\"name\": \"FloatDistribution\", \"attributes\": {\"step\": null, \"low\": 0.1, \"high\": 0.5, \"log\": false}}"}
{"op_code":5,"worker_id":"02c71118-ad61-4d6a-a5e0-72ec23414b38-139679950972736","trial_id":135,"param_name":"nodes1","param_value_internal":1,"distribution":"{\"name\": \"CategoricalDistribution\", \"attributes\": {\"choices\": [16, 32, 64]}}"}
{"op_code":5,"worker_id":"02c71118-ad61-4d6a-a5e0-72ec23414b38-139679950972736","trial_id":135,"param_name":"nodes2","param_value_internal":1,"distribution":"{\"name\": \"CategoricalDistribution\", \"attributes\": {\"choices\": [32, 64, 128]}}"}
{"op_code":6,"worker_id":"02c71118-ad61-4d6a-a5e0-72ec23414b38-139679950972736","trial_id":135,"state":1,"values":[6.431833267211914],"datetime_complete":"2026-03-20T19:10:17.969552"}
{"op_code":4,"worker_id":"02c71118-ad61-4d6a-a5e0-72ec23414b38-139679950972736","study_id":0,"datetime_start":"2026-03-20T19:10:18.006187"}
{"op_code":5,"worker_id":"02c71118-ad61-4d6a-a5e0-72ec23414b38-139679950972736","trial_id":136,"param_name":"lr","param_value_internal":0.00040404732067805463,"distribution":"{\"name\": \"FloatDistribution\", \"attributes\": {\"step\": null, \"low\": 0.0001, \"high\": 0.1, \"log\": true}}"}
{"op_code":5,"worker_id":"02c71118-ad61-4d6a-a5e0-72ec23414b38-139679950972736","trial_id":136,"param_name":"dropout","param_value_internal":0.44288365619634673,"distribution":"{\"name\": \"FloatDistribution\", \"attributes\": {\"step\": null, \"low\": 0.1, \"high\": 0.5, \"log\": false}}"}
{"op_code":5,"worker_id":"02c71118-ad61-4d6a-a5e0-72ec23414b38-139679950972736","trial_id":136,"param_name":"nodes1","param_value_internal":1,"distribution":"{\"name\": \"CategoricalDistribution\", \"attributes\": {\"choices\": [16, 32, 64]}}"}
{"op_code":5,"worker_id":"02c71118-ad61-4d6a-a5e0-72ec23414b38-139679950972736","trial_id":136,"param_name":"nodes2","param_value_internal":1,"distribution":"{\"name\": \"CategoricalDistribution\", \"attributes\": {\"choices\": [32, 64, 128]}}"}
{"op_code":6,"worker_id":"02c71118-ad61-4d6a-a5e0-72ec23414b38-139679950972736","trial_id":136,"state":1,"values":[6.354541301727295],"datetime_complete":"2026-03-20T19:10:22.498623"}
{"op_code":4,"worker_id":"02c71118-ad61-4d6a-a5e0-72ec23414b38-139679950972736","study_id":0,"datetime_start":"2026-03-20T19:10:22.517741"}
{"op_code":5,"worker_id":"02c71118-ad61-4d6a-a5e0-72ec23414b38-139679950972736","trial_id":137,"param_name":"lr","param_value_internal":0.00034312424084342375,"distribution":"{\"name\": \"FloatDistribution\", \"attributes\": {\"step\": null, \"low\": 0.0001, \"high\": 0.1, \"log\": true}}"}
{"op_code":5,"worker_id":"02c71118-ad61-4d6a-a5e0-72ec23414b38-139679950972736","trial_id":137,"param_name":"dropout","param_value_internal":0.20490610147323587,"distribution":"{\"name\": \"FloatDistribution\", \"attributes\": {\"step\": null, \"low\": 0.1, \"high\": 0.5, \"log\": false}}"}
{"op_code":5,"worker_id":"02c71118-ad61-4d6a-a5e0-72ec23414b38-139679950972736","trial_id":137,"param_name":"nodes1","param_value_internal":1,"distribution":"{\"name\": \"CategoricalDistribution\", \"attributes\": {\"choices\": [16, 32, 64]}}"}
{"op_code":5,"worker_id":"02c71118-ad61-4d6a-a5e0-72ec23414b38-139679950972736","trial_id":137,"param_name":"nodes2","param_value_internal":1,"distribution":"{\"name\": \"CategoricalDistribution\", \"attributes\": {\"choices\": [32, 64, 128]}}"}
{"op_code":6,"worker_id":"02c71118-ad61-4d6a-a5e0-72ec23414b38-139679950972736","trial_id":137,"state":1,"values":[6.343250751495361],"datetime_complete":"2026-03-20T19:10:26.959037"}
{"op_code":4,"worker_id":"02c71118-ad61-4d6a-a5e0-72ec23414b38-139679950972736","study_id":0,"datetime_start":"2026-03-20T19:10:27.014017"}
{"op_code":5,"worker_id":"02c71118-ad61-4d6a-a5e0-72ec23414b38-139679950972736","trial_id":138,"param_name":"lr","param_value_internal":0.00028440248491863276,"distribution":"{\"name\": \"FloatDistribution\", \"attributes\": {\"step\": null, \"low\": 0.0001, \"high\": 0.1, \"log\": true}}"}
{"op_code":5,"worker_id":"02c71118-ad61-4d6a-a5e0-72ec23414b38-139679950972736","trial_id":138,"param_name":"dropout","param_value_internal":0.2211651613073033,"distribution":"{\"name\": \"FloatDistribution\", \"attributes\": {\"step\": null, \"low\": 0.1, \"high\": 0.5, \"log\": false}}"}
{"op_code":5,"worker_id":"02c71118-ad61-4d6a-a5e0-72ec23414b38-139679950972736","trial_id":138,"param_name":"nodes1","param_value_internal":1,"distribution":"{\"name\": \"CategoricalDistribution\", \"attributes\": {\"choices\": [16, 32, 64]}}"}
{"op_code":5,"worker_id":"02c71118-ad61-4d6a-a5e0-72ec23414b38-139679950972736","trial_id":138,"param_name":"nodes2","param_value_internal":1,"distribution":"{\"name\": \"CategoricalDistribution\", \"attributes\": {\"choices\": [32, 64, 128]}}"}
{"op_code":6,"worker_id":"02c71118-ad61-4d6a-a5e0-72ec23414b38-139679950972736","trial_id":138,"state":1,"values":[6.331219673156738],"datetime_complete":"2026-03-20T19:10:31.096368"}
{"op_code":4,"worker_id":"02c71118-ad61-4d6a-a5e0-72ec23414b38-139679950972736","study_id":0,"datetime_start":"2026-03-20T19:10:31.115049"}
{"op_code":5,"worker_id":"02c71118-ad61-4d6a-a5e0-72ec23414b38-139679950972736","trial_id":139,"param_name":"lr","param_value_internal":0.0004464552629141718,"distribution":"{\"name\": \"FloatDistribution\", \"attributes\": {\"step\": null, \"low\": 0.0001, \"high\": 0.1, \"log\": true}}"}
{"op_code":5,"worker_id":"02c71118-ad61-4d6a-a5e0-72ec23414b38-139679950972736","trial_id":139,"param_name":"dropout","param_value_internal":0.24465511223804953,"distribution":"{\"name\": \"FloatDistribution\", \"attributes\": {\"step\": null, \"low\": 0.1, \"high\": 0.5, \"log\": false}}"}
{"op_code":5,"worker_id":"02c71118-ad61-4d6a-a5e0-72ec23414b38-139679950972736","trial_id":139,"param_name":"nodes1","param_value_internal":1,"distribution":"{\"name\": \"CategoricalDistribution\", \"attributes\": {\"choices\": [16, 32, 64]}}"}
{"op_code":5,"worker_id":"02c71118-ad61-4d6a-a5e0-72ec23414b38-139679950972736","trial_id":139,"param_name":"nodes2","param_value_internal":1,"distribution":"{\"name\": \"CategoricalDistribution\", \"attributes\": {\"choices\": [32, 64, 128]}}"}
{"op_code":6,"worker_id":"02c71118-ad61-4d6a-a5e0-72ec23414b38-139679950972736","trial_id":139,"state":1,"values":[6.383007049560547],"datetime_complete":"2026-03-20T19:10:35.527334"}
{"op_code":4,"worker_id":"02c71118-ad61-4d6a-a5e0-72ec23414b38-139679950972736","study_id":0,"datetime_start":"2026-03-20T19:10:35.541211"}
{"op_code":5,"worker_id":"02c71118-ad61-4d6a-a5e0-72ec23414b38-139679950972736","trial_id":140,"param_name":"lr","param_value_internal":0.00024060231560019376,"distribution":"{\"name\": \"FloatDistribution\", \"attributes\": {\"step\": null, \"low\": 0.0001, \"high\": 0.1, \"log\": true}}"}
{"op_code":5,"worker_id":"02c71118-ad61-4d6a-a5e0-72ec23414b38-139679950972736","trial_id":140,"param_name":"dropout","param_value_internal":0.1975363068569757,"distribution":"{\"name\": \"FloatDistribution\", \"attributes\": {\"step\": null, \"low\": 0.1, \"high\": 0.5, \"log\": false}}"}
{"op_code":5,"worker_id":"02c71118-ad61-4d6a-a5e0-72ec23414b38-139679950972736","trial_id":140,"param_name":"nodes1","param_value_internal":2,"distribution":"{\"name\": \"CategoricalDistribution\", \"attributes\": {\"choices\": [16, 32, 64]}}"}
{"op_code":5,"worker_id":"02c71118-ad61-4d6a-a5e0-72ec23414b38-139679950972736","trial_id":140,"param_name":"nodes2","param_value_internal":1,"distribution":"{\"name\": \"CategoricalDistribution\", \"attributes\": {\"choices\": [32, 64, 128]}}"}
{"op_code":6,"worker_id":"02c71118-ad61-4d6a-a5e0-72ec23414b38-139679950972736","trial_id":140,"state":1,"values":[6.381030559539795],"datetime_complete":"2026-03-20T19:10:40.185534"}
{"op_code":0,"worker_id":"92d5e0ed-9d42-4896-b072-b2792ded3083-139679950972736","study_name":"custom_torch_tuning","directions":[1]}
{"op_code":4,"worker_id":"92d5e0ed-9d42-4896-b072-b2792ded3083-139679950972736","study_id":0,"datetime_start":"2026-03-20T19:22:47.138414"}
{"op_code":5,"worker_id":"92d5e0ed-9d42-4896-b072-b2792ded3083-139679950972736","trial_id":141,"param_name":"lr","param_value_internal":0.00020320068217891628,"distribution":"{\"name\": \"FloatDistribution\", \"attributes\": {\"step\": null, \"low\": 0.0001, \"high\": 0.1, \"log\": true}}"}
{"op_code":5,"worker_id":"92d5e0ed-9d42-4896-b072-b2792ded3083-139679950972736","trial_id":141,"param_name":"dropout","param_value_internal":0.17807998414507137,"distribution":"{\"name\": \"FloatDistribution\", \"attributes\": {\"step\": null, \"low\": 0.1, \"high\": 0.5, \"log\": false}}"}
{"op_code":5,"worker_id":"92d5e0ed-9d42-4896-b072-b2792ded3083-139679950972736","trial_id":141,"param_name":"nodes1","param_value_internal":1,"distribution":"{\"name\": \"CategoricalDistribution\", \"attributes\": {\"choices\": [16, 32, 64]}}"}
{"op_code":5,"worker_id":"92d5e0ed-9d42-4896-b072-b2792ded3083-139679950972736","trial_id":141,"param_name":"nodes2","param_value_internal":1,"distribution":"{\"name\": \"CategoricalDistribution\", \"attributes\": {\"choices\": [32, 64, 128]}}"}
{"op_code":6,"worker_id":"92d5e0ed-9d42-4896-b072-b2792ded3083-139679950972736","trial_id":141,"state":1,"values":[6.419797420501709],"datetime_complete":"2026-03-20T19:22:51.229455"}
{"op_code":4,"worker_id":"92d5e0ed-9d42-4896-b072-b2792ded3083-139679950972736","study_id":0,"datetime_start":"2026-03-20T19:22:51.254989"}
{"op_code":5,"worker_id":"92d5e0ed-9d42-4896-b072-b2792ded3083-139679950972736","trial_id":142,"param_name":"lr","param_value_internal":0.0003992901816425914,"distribution":"{\"name\": \"FloatDistribution\", \"attributes\": {\"step\": null, \"low\": 0.0001, \"high\": 0.1, \"log\": true}}"}
{"op_code":5,"worker_id":"92d5e0ed-9d42-4896-b072-b2792ded3083-139679950972736","trial_id":142,"param_name":"dropout","param_value_internal":0.21728821377112512,"distribution":"{\"name\": \"FloatDistribution\", \"attributes\": {\"step\": null, \"low\": 0.1, \"high\": 0.5, \"log\": false}}"}
{"op_code":5,"worker_id":"92d5e0ed-9d42-4896-b072-b2792ded3083-139679950972736","trial_id":142,"param_name":"nodes1","param_value_internal":1,"distribution":"{\"name\": \"CategoricalDistribution\", \"attributes\": {\"choices\": [16, 32, 64]}}"}
{"op_code":5,"worker_id":"92d5e0ed-9d42-4896-b072-b2792ded3083-139679950972736","trial_id":142,"param_name":"nodes2","param_value_internal":1,"distribution":"{\"name\": \"CategoricalDistribution\", \"attributes\": {\"choices\": [32, 64, 128]}}"}
{"op_code":6,"worker_id":"92d5e0ed-9d42-4896-b072-b2792ded3083-139679950972736","trial_id":142,"state":1,"values":[6.409849166870117],"datetime_complete":"2026-03-20T19:22:55.618494"}
{"op_code":4,"worker_id":"92d5e0ed-9d42-4896-b072-b2792ded3083-139679950972736","study_id":0,"datetime_start":"2026-03-20T19:22:55.644708"}
{"op_code":5,"worker_id":"92d5e0ed-9d42-4896-b072-b2792ded3083-139679950972736","trial_id":143,"param_name":"lr","param_value_internal":0.0005294402701704032,"distribution":"{\"name\": \"FloatDistribution\", \"attributes\": {\"step\": null, \"low\": 0.0001, \"high\": 0.1, \"log\": true}}"}
{"op_code":5,"worker_id":"92d5e0ed-9d42-4896-b072-b2792ded3083-139679950972736","trial_id":143,"param_name":"dropout","param_value_internal":0.21231335249934039,"distribution":"{\"name\": \"FloatDistribution\", \"attributes\": {\"step\": null, \"low\": 0.1, \"high\": 0.5, \"log\": false}}"}
{"op_code":5,"worker_id":"92d5e0ed-9d42-4896-b072-b2792ded3083-139679950972736","trial_id":143,"param_name":"nodes1","param_value_internal":1,"distribution":"{\"name\": \"CategoricalDistribution\", \"attributes\": {\"choices\": [16, 32, 64]}}"}
{"op_code":5,"worker_id":"92d5e0ed-9d42-4896-b072-b2792ded3083-139679950972736","trial_id":143,"param_name":"nodes2","param_value_internal":1,"distribution":"{\"name\": \"CategoricalDistribution\", \"attributes\": {\"choices\": [32, 64, 128]}}"}
{"op_code":6,"worker_id":"92d5e0ed-9d42-4896-b072-b2792ded3083-139679950972736","trial_id":143,"state":1,"values":[6.38216495513916],"datetime_complete":"2026-03-20T19:22:59.740425"}
{"op_code":4,"worker_id":"92d5e0ed-9d42-4896-b072-b2792ded3083-139679950972736","study_id":0,"datetime_start":"2026-03-20T19:22:59.765885"}
{"op_code":5,"worker_id":"92d5e0ed-9d42-4896-b072-b2792ded3083-139679950972736","trial_id":144,"param_name":"lr","param_value_internal":0.0003321542744222398,"distribution":"{\"name\": \"FloatDistribution\", \"attributes\": {\"step\": null, \"low\": 0.0001, \"high\": 0.1, \"log\": true}}"}
{"op_code":5,"worker_id":"92d5e0ed-9d42-4896-b072-b2792ded3083-139679950972736","trial_id":144,"param_name":"dropout","param_value_internal":0.19288985178568474,"distribution":"{\"name\": \"FloatDistribution\", \"attributes\": {\"step\": null, \"low\": 0.1, \"high\": 0.5, \"log\": false}}"}
{"op_code":5,"worker_id":"92d5e0ed-9d42-4896-b072-b2792ded3083-139679950972736","trial_id":144,"param_name":"nodes1","param_value_internal":1,"distribution":"{\"name\": \"CategoricalDistribution\", \"attributes\": {\"choices\": [16, 32, 64]}}"}
{"op_code":5,"worker_id":"92d5e0ed-9d42-4896-b072-b2792ded3083-139679950972736","trial_id":144,"param_name":"nodes2","param_value_internal":1,"distribution":"{\"name\": \"CategoricalDistribution\", \"attributes\": {\"choices\": [32, 64, 128]}}"}
{"op_code":6,"worker_id":"92d5e0ed-9d42-4896-b072-b2792ded3083-139679950972736","trial_id":144,"state":1,"values":[6.361517906188965],"datetime_complete":"2026-03-20T19:23:03.811480"}
{"op_code":4,"worker_id":"92d5e0ed-9d42-4896-b072-b2792ded3083-139679950972736","study_id":0,"datetime_start":"2026-03-20T19:23:03.837943"}
{"op_code":5,"worker_id":"92d5e0ed-9d42-4896-b072-b2792ded3083-139679950972736","trial_id":145,"param_name":"lr","param_value_internal":0.0004483146191836586,"distribution":"{\"name\": \"FloatDistribution\", \"attributes\": {\"step\": null, \"low\": 0.0001, \"high\": 0.1, \"log\": true}}"}
{"op_code":5,"worker_id":"92d5e0ed-9d42-4896-b072-b2792ded3083-139679950972736","trial_id":145,"param_name":"dropout","param_value_internal":0.20490596609555675,"distribution":"{\"name\": \"FloatDistribution\", \"attributes\": {\"step\": null, \"low\": 0.1, \"high\": 0.5, \"log\": false}}"}
{"op_code":5,"worker_id":"92d5e0ed-9d42-4896-b072-b2792ded3083-139679950972736","trial_id":145,"param_name":"nodes1","param_value_internal":1,"distribution":"{\"name\": \"CategoricalDistribution\", \"attributes\": {\"choices\": [16, 32, 64]}}"}
{"op_code":5,"worker_id":"92d5e0ed-9d42-4896-b072-b2792ded3083-139679950972736","trial_id":145,"param_name":"nodes2","param_value_internal":1,"distribution":"{\"name\": \"CategoricalDistribution\", \"attributes\": {\"choices\": [32, 64, 128]}}"}
{"op_code":6,"worker_id":"92d5e0ed-9d42-4896-b072-b2792ded3083-139679950972736","trial_id":145,"state":1,"values":[6.354897975921631],"datetime_complete":"2026-03-20T19:23:07.983164"}
{"op_code":4,"worker_id":"92d5e0ed-9d42-4896-b072-b2792ded3083-139679950972736","study_id":0,"datetime_start":"2026-03-20T19:23:07.999011"}
{"op_code":5,"worker_id":"92d5e0ed-9d42-4896-b072-b2792ded3083-139679950972736","trial_id":146,"param_name":"lr","param_value_internal":0.0003663861300694769,"distribution":"{\"name\": \"FloatDistribution\", \"attributes\": {\"step\": null, \"low\": 0.0001, \"high\": 0.1, \"log\": true}}"}
{"op_code":5,"worker_id":"92d5e0ed-9d42-4896-b072-b2792ded3083-139679950972736","trial_id":146,"param_name":"dropout","param_value_internal":0.23742872377501384,"distribution":"{\"name\": \"FloatDistribution\", \"attributes\": {\"step\": null, \"low\": 0.1, \"high\": 0.5, \"log\": false}}"}
{"op_code":5,"worker_id":"92d5e0ed-9d42-4896-b072-b2792ded3083-139679950972736","trial_id":146,"param_name":"nodes1","param_value_internal":1,"distribution":"{\"name\": \"CategoricalDistribution\", \"attributes\": {\"choices\": [16, 32, 64]}}"}
{"op_code":5,"worker_id":"92d5e0ed-9d42-4896-b072-b2792ded3083-139679950972736","trial_id":146,"param_name":"nodes2","param_value_internal":1,"distribution":"{\"name\": \"CategoricalDistribution\", \"attributes\": {\"choices\": [32, 64, 128]}}"}
{"op_code":6,"worker_id":"92d5e0ed-9d42-4896-b072-b2792ded3083-139679950972736","trial_id":146,"state":1,"values":[6.362565994262695],"datetime_complete":"2026-03-20T19:23:12.344014"}
{"op_code":4,"worker_id":"92d5e0ed-9d42-4896-b072-b2792ded3083-139679950972736","study_id":0,"datetime_start":"2026-03-20T19:23:12.359567"}
{"op_code":5,"worker_id":"92d5e0ed-9d42-4896-b072-b2792ded3083-139679950972736","trial_id":147,"param_name":"lr","param_value_internal":0.0002965761551204821,"distribution":"{\"name\": \"FloatDistribution\", \"attributes\": {\"step\": null, \"low\": 0.0001, \"high\": 0.1, \"log\": true}}"}
{"op_code":5,"worker_id":"92d5e0ed-9d42-4896-b072-b2792ded3083-139679950972736","trial_id":147,"param_name":"dropout","param_value_internal":0.18820523913292025,"distribution":"{\"name\": \"FloatDistribution\", \"attributes\": {\"step\": null, \"low\": 0.1, \"high\": 0.5, \"log\": false}}"}
{"op_code":5,"worker_id":"92d5e0ed-9d42-4896-b072-b2792ded3083-139679950972736","trial_id":147,"param_name":"nodes1","param_value_internal":1,"distribution":"{\"name\": \"CategoricalDistribution\", \"attributes\": {\"choices\": [16, 32, 64]}}"}
{"op_code":5,"worker_id":"92d5e0ed-9d42-4896-b072-b2792ded3083-139679950972736","trial_id":147,"param_name":"nodes2","param_value_internal":1,"distribution":"{\"name\": \"CategoricalDistribution\", \"attributes\": {\"choices\": [32, 64, 128]}}"}
{"op_code":6,"worker_id":"92d5e0ed-9d42-4896-b072-b2792ded3083-139679950972736","trial_id":147,"state":1,"values":[6.321619987487793],"datetime_complete":"2026-03-20T19:23:16.824469"}
{"op_code":4,"worker_id":"92d5e0ed-9d42-4896-b072-b2792ded3083-139679950972736","study_id":0,"datetime_start":"2026-03-20T19:23:16.836418"}
{"op_code":5,"worker_id":"92d5e0ed-9d42-4896-b072-b2792ded3083-139679950972736","trial_id":148,"param_name":"lr","param_value_internal":0.0006055998861322548,"distribution":"{\"name\": \"FloatDistribution\", \"attributes\": {\"step\": null, \"low\": 0.0001, \"high\": 0.1, \"log\": true}}"}
{"op_code":5,"worker_id":"92d5e0ed-9d42-4896-b072-b2792ded3083-139679950972736","trial_id":148,"param_name":"dropout","param_value_internal":0.21219558605176467,"distribution":"{\"name\": \"FloatDistribution\", \"attributes\": {\"step\": null, \"low\": 0.1, \"high\": 0.5, \"log\": false}}"}
{"op_code":5,"worker_id":"92d5e0ed-9d42-4896-b072-b2792ded3083-139679950972736","trial_id":148,"param_name":"nodes1","param_value_internal":0,"distribution":"{\"name\": \"CategoricalDistribution\", \"attributes\": {\"choices\": [16, 32, 64]}}"}
{"op_code":5,"worker_id":"92d5e0ed-9d42-4896-b072-b2792ded3083-139679950972736","trial_id":148,"param_name":"nodes2","param_value_internal":1,"distribution":"{\"name\": \"CategoricalDistribution\", \"attributes\": {\"choices\": [32, 64, 128]}}"}
{"op_code":6,"worker_id":"92d5e0ed-9d42-4896-b072-b2792ded3083-139679950972736","trial_id":148,"state":1,"values":[6.4226813316345215],"datetime_complete":"2026-03-20T19:23:21.005416"}
{"op_code":4,"worker_id":"92d5e0ed-9d42-4896-b072-b2792ded3083-139679950972736","study_id":0,"datetime_start":"2026-03-20T19:23:21.020441"}
{"op_code":5,"worker_id":"92d5e0ed-9d42-4896-b072-b2792ded3083-139679950972736","trial_id":149,"param_name":"lr","param_value_internal":0.08464031919041626,"distribution":"{\"name\": \"FloatDistribution\", \"attributes\": {\"step\": null, \"low\": 0.0001, \"high\": 0.1, \"log\": true}}"}
{"op_code":5,"worker_id":"92d5e0ed-9d42-4896-b072-b2792ded3083-139679950972736","trial_id":149,"param_name":"dropout","param_value_internal":0.2283011318875955,"distribution":"{\"name\": \"FloatDistribution\", \"attributes\": {\"step\": null, \"low\": 0.1, \"high\": 0.5, \"log\": false}}"}
{"op_code":5,"worker_id":"92d5e0ed-9d42-4896-b072-b2792ded3083-139679950972736","trial_id":149,"param_name":"nodes1","param_value_internal":1,"distribution":"{\"name\": \"CategoricalDistribution\", \"attributes\": {\"choices\": [16, 32, 64]}}"}
{"op_code":5,"worker_id":"92d5e0ed-9d42-4896-b072-b2792ded3083-139679950972736","trial_id":149,"param_name":"nodes2","param_value_internal":1,"distribution":"{\"name\": \"CategoricalDistribution\", \"attributes\": {\"choices\": [32, 64, 128]}}"}
{"op_code":6,"worker_id":"92d5e0ed-9d42-4896-b072-b2792ded3083-139679950972736","trial_id":149,"state":1,"values":[6.506142616271973],"datetime_complete":"2026-03-20T19:23:25.063317"}
{"op_code":4,"worker_id":"92d5e0ed-9d42-4896-b072-b2792ded3083-139679950972736","study_id":0,"datetime_start":"2026-03-20T19:23:25.079127"}
{"op_code":5,"worker_id":"92d5e0ed-9d42-4896-b072-b2792ded3083-139679950972736","trial_id":150,"param_name":"lr","param_value_internal":0.0001667514782943498,"distribution":"{\"name\": \"FloatDistribution\", \"attributes\": {\"step\": null, \"low\": 0.0001, \"high\": 0.1, \"log\": true}}"}
{"op_code":5,"worker_id":"92d5e0ed-9d42-4896-b072-b2792ded3083-139679950972736","trial_id":150,"param_name":"dropout","param_value_internal":0.19814285672735604,"distribution":"{\"name\": \"FloatDistribution\", \"attributes\": {\"step\": null, \"low\": 0.1, \"high\": 0.5, \"log\": false}}"}
{"op_code":5,"worker_id":"92d5e0ed-9d42-4896-b072-b2792ded3083-139679950972736","trial_id":150,"param_name":"nodes1","param_value_internal":1,"distribution":"{\"name\": \"CategoricalDistribution\", \"attributes\": {\"choices\": [16, 32, 64]}}"}
{"op_code":5,"worker_id":"92d5e0ed-9d42-4896-b072-b2792ded3083-139679950972736","trial_id":150,"param_name":"nodes2","param_value_internal":1,"distribution":"{\"name\": \"CategoricalDistribution\", \"attributes\": {\"choices\": [32, 64, 128]}}"}
{"op_code":6,"worker_id":"92d5e0ed-9d42-4896-b072-b2792ded3083-139679950972736","trial_id":150,"state":1,"values":[6.361642837524414],"datetime_complete":"2026-03-20T19:23:29.448483"}
{"op_code":0,"worker_id":"998f383f-ffb1-44f9-858c-d3b78c1ad213-139679950972736","study_name":"custom_torch_tuning","directions":[1]}
{"op_code":4,"worker_id":"998f383f-ffb1-44f9-858c-d3b78c1ad213-139679950972736","study_id":0,"datetime_start":"2026-03-20T19:35:48.589801"}
{"op_code":5,"worker_id":"998f383f-ffb1-44f9-858c-d3b78c1ad213-139679950972736","trial_id":151,"param_name":"lr","param_value_internal":0.0002558754604850574,"distribution":"{\"name\": \"FloatDistribution\", \"attributes\": {\"step\": null, \"low\": 0.0001, \"high\": 0.1, \"log\": true}}"}
{"op_code":5,"worker_id":"998f383f-ffb1-44f9-858c-d3b78c1ad213-139679950972736","trial_id":151,"param_name":"dropout","param_value_internal":0.17561666080505617,"distribution":"{\"name\": \"FloatDistribution\", \"attributes\": {\"step\": null, \"low\": 0.1, \"high\": 0.5, \"log\": false}}"}
{"op_code":5,"worker_id":"998f383f-ffb1-44f9-858c-d3b78c1ad213-139679950972736","trial_id":151,"param_name":"nodes1","param_value_internal":1,"distribution":"{\"name\": \"CategoricalDistribution\", \"attributes\": {\"choices\": [16, 32, 64]}}"}
{"op_code":5,"worker_id":"998f383f-ffb1-44f9-858c-d3b78c1ad213-139679950972736","trial_id":151,"param_name":"nodes2","param_value_internal":1,"distribution":"{\"name\": \"CategoricalDistribution\", \"attributes\": {\"choices\": [32, 64, 128]}}"}
{"op_code":6,"worker_id":"998f383f-ffb1-44f9-858c-d3b78c1ad213-139679950972736","trial_id":151,"state":1,"values":[6.173523426055908],"datetime_complete":"2026-03-20T19:35:53.164547"}
{"op_code":4,"worker_id":"998f383f-ffb1-44f9-858c-d3b78c1ad213-139679950972736","study_id":0,"datetime_start":"2026-03-20T19:35:54.624837"}
{"op_code":5,"worker_id":"998f383f-ffb1-44f9-858c-d3b78c1ad213-139679950972736","trial_id":152,"param_name":"lr","param_value_internal":0.0001961480277473894,"distribution":"{\"name\": \"FloatDistribution\", \"attributes\": {\"step\": null, \"low\": 0.0001, \"high\": 0.1, \"log\": true}}"}
{"op_code":5,"worker_id":"998f383f-ffb1-44f9-858c-d3b78c1ad213-139679950972736","trial_id":152,"param_name":"dropout","param_value_internal":0.21900577719124692,"distribution":"{\"name\": \"FloatDistribution\", \"attributes\": {\"step\": null, \"low\": 0.1, \"high\": 0.5, \"log\": false}}"}
{"op_code":5,"worker_id":"998f383f-ffb1-44f9-858c-d3b78c1ad213-139679950972736","trial_id":152,"param_name":"nodes1","param_value_internal":1,"distribution":"{\"name\": \"CategoricalDistribution\", \"attributes\": {\"choices\": [16, 32, 64]}}"}
{"op_code":5,"worker_id":"998f383f-ffb1-44f9-858c-d3b78c1ad213-139679950972736","trial_id":152,"param_name":"nodes2","param_value_internal":1,"distribution":"{\"name\": \"CategoricalDistribution\", \"attributes\": {\"choices\": [32, 64, 128]}}"}
{"op_code":6,"worker_id":"998f383f-ffb1-44f9-858c-d3b78c1ad213-139679950972736","trial_id":152,"state":1,"values":[6.19895601272583],"datetime_complete":"2026-03-20T19:35:59.372601"}
{"op_code":4,"worker_id":"998f383f-ffb1-44f9-858c-d3b78c1ad213-139679950972736","study_id":0,"datetime_start":"2026-03-20T19:36:01.221912"}
{"op_code":5,"worker_id":"998f383f-ffb1-44f9-858c-d3b78c1ad213-139679950972736","trial_id":153,"param_name":"lr","param_value_internal":0.00023490271760831787,"distribution":"{\"name\": \"FloatDistribution\", \"attributes\": {\"step\": null, \"low\": 0.0001, \"high\": 0.1, \"log\": true}}"}
{"op_code":5,"worker_id":"998f383f-ffb1-44f9-858c-d3b78c1ad213-139679950972736","trial_id":153,"param_name":"dropout","param_value_internal":0.20032907903169497,"distribution":"{\"name\": \"FloatDistribution\", \"attributes\": {\"step\": null, \"low\": 0.1, \"high\": 0.5, \"log\": false}}"}
{"op_code":5,"worker_id":"998f383f-ffb1-44f9-858c-d3b78c1ad213-139679950972736","trial_id":153,"param_name":"nodes1","param_value_internal":1,"distribution":"{\"name\": \"CategoricalDistribution\", \"attributes\": {\"choices\": [16, 32, 64]}}"}
{"op_code":5,"worker_id":"998f383f-ffb1-44f9-858c-d3b78c1ad213-139679950972736","trial_id":153,"param_name":"nodes2","param_value_internal":2,"distribution":"{\"name\": \"CategoricalDistribution\", \"attributes\": {\"choices\": [32, 64, 128]}}"}
{"op_code":6,"worker_id":"998f383f-ffb1-44f9-858c-d3b78c1ad213-139679950972736","trial_id":153,"state":1,"values":[6.202389240264893],"datetime_complete":"2026-03-20T19:36:05.728985"}
{"op_code":4,"worker_id":"998f383f-ffb1-44f9-858c-d3b78c1ad213-139679950972736","study_id":0,"datetime_start":"2026-03-20T19:36:05.756809"}
{"op_code":5,"worker_id":"998f383f-ffb1-44f9-858c-d3b78c1ad213-139679950972736","trial_id":154,"param_name":"lr","param_value_internal":0.0003054046032127726,"distribution":"{\"name\": \"FloatDistribution\", \"attributes\": {\"step\": null, \"low\": 0.0001, \"high\": 0.1, \"log\": true}}"}
{"op_code":5,"worker_id":"998f383f-ffb1-44f9-858c-d3b78c1ad213-139679950972736","trial_id":154,"param_name":"dropout","param_value_internal":0.1864238766287914,"distribution":"{\"name\": \"FloatDistribution\", \"attributes\": {\"step\": null, \"low\": 0.1, \"high\": 0.5, \"log\": false}}"}
{"op_code":5,"worker_id":"998f383f-ffb1-44f9-858c-d3b78c1ad213-139679950972736","trial_id":154,"param_name":"nodes1","param_value_internal":1,"distribution":"{\"name\": \"CategoricalDistribution\", \"attributes\": {\"choices\": [16, 32, 64]}}"}
{"op_code":5,"worker_id":"998f383f-ffb1-44f9-858c-d3b78c1ad213-139679950972736","trial_id":154,"param_name":"nodes2","param_value_internal":1,"distribution":"{\"name\": \"CategoricalDistribution\", \"attributes\": {\"choices\": [32, 64, 128]}}"}
{"op_code":6,"worker_id":"998f383f-ffb1-44f9-858c-d3b78c1ad213-139679950972736","trial_id":154,"state":1,"values":[6.192325115203857],"datetime_complete":"2026-03-20T19:36:10.493350"}
{"op_code":4,"worker_id":"998f383f-ffb1-44f9-858c-d3b78c1ad213-139679950972736","study_id":0,"datetime_start":"2026-03-20T19:36:10.897560"}
{"op_code":5,"worker_id":"998f383f-ffb1-44f9-858c-d3b78c1ad213-139679950972736","trial_id":155,"param_name":"lr","param_value_internal":0.000397563515548204,"distribution":"{\"name\": \"FloatDistribution\", \"attributes\": {\"step\": null, \"low\": 0.0001, \"high\": 0.1, \"log\": true}}"}
{"op_code":5,"worker_id":"998f383f-ffb1-44f9-858c-d3b78c1ad213-139679950972736","trial_id":155,"param_name":"dropout","param_value_internal":0.2244566203478279,"distribution":"{\"name\": \"FloatDistribution\", \"attributes\": {\"step\": null, \"low\": 0.1, \"high\": 0.5, \"log\": false}}"}
{"op_code":5,"worker_id":"998f383f-ffb1-44f9-858c-d3b78c1ad213-139679950972736","trial_id":155,"param_name":"nodes1","param_value_internal":1,"distribution":"{\"name\": \"CategoricalDistribution\", \"attributes\": {\"choices\": [16, 32, 64]}}"}
{"op_code":5,"worker_id":"998f383f-ffb1-44f9-858c-d3b78c1ad213-139679950972736","trial_id":155,"param_name":"nodes2","param_value_internal":1,"distribution":"{\"name\": \"CategoricalDistribution\", \"attributes\": {\"choices\": [32, 64, 128]}}"}
{"op_code":6,"worker_id":"998f383f-ffb1-44f9-858c-d3b78c1ad213-139679950972736","trial_id":155,"state":1,"values":[6.180299758911133],"datetime_complete":"2026-03-20T19:36:15.271773"}
{"op_code":4,"worker_id":"998f383f-ffb1-44f9-858c-d3b78c1ad213-139679950972736","study_id":0,"datetime_start":"2026-03-20T19:36:16.695140"}
{"op_code":5,"worker_id":"998f383f-ffb1-44f9-858c-d3b78c1ad213-139679950972736","trial_id":156,"param_name":"lr","param_value_internal":0.00034517000397549897,"distribution":"{\"name\": \"FloatDistribution\", \"attributes\": {\"step\": null, \"low\": 0.0001, \"high\": 0.1, \"log\": true}}"}
{"op_code":5,"worker_id":"998f383f-ffb1-44f9-858c-d3b78c1ad213-139679950972736","trial_id":156,"param_name":"dropout","param_value_internal":0.20725129330287692,"distribution":"{\"name\": \"FloatDistribution\", \"attributes\": {\"step\": null, \"low\": 0.1, \"high\": 0.5, \"log\": false}}"}
{"op_code":5,"worker_id":"998f383f-ffb1-44f9-858c-d3b78c1ad213-139679950972736","trial_id":156,"param_name":"nodes1","param_value_internal":1,"distribution":"{\"name\": \"CategoricalDistribution\", \"attributes\": {\"choices\": [16, 32, 64]}}"}
{"op_code":5,"worker_id":"998f383f-ffb1-44f9-858c-d3b78c1ad213-139679950972736","trial_id":156,"param_name":"nodes2","param_value_internal":0,"distribution":"{\"name\": \"CategoricalDistribution\", \"attributes\": {\"choices\": [32, 64, 128]}}"}
{"op_code":6,"worker_id":"998f383f-ffb1-44f9-858c-d3b78c1ad213-139679950972736","trial_id":156,"state":1,"values":[6.183518886566162],"datetime_complete":"2026-03-20T19:36:21.251969"}
{"op_code":4,"worker_id":"998f383f-ffb1-44f9-858c-d3b78c1ad213-139679950972736","study_id":0,"datetime_start":"2026-03-20T19:36:22.719697"}
{"op_code":5,"worker_id":"998f383f-ffb1-44f9-858c-d3b78c1ad213-139679950972736","trial_id":157,"param_name":"lr","param_value_internal":0.00011902723321813213,"distribution":"{\"name\": \"FloatDistribution\", \"attributes\": {\"step\": null, \"low\": 0.0001, \"high\": 0.1, \"log\": true}}"}
{"op_code":5,"worker_id":"998f383f-ffb1-44f9-858c-d3b78c1ad213-139679950972736","trial_id":157,"param_name":"dropout","param_value_internal":0.16930202626479424,"distribution":"{\"name\": \"FloatDistribution\", \"attributes\": {\"step\": null, \"low\": 0.1, \"high\": 0.5, \"log\": false}}"}
{"op_code":5,"worker_id":"998f383f-ffb1-44f9-858c-d3b78c1ad213-139679950972736","trial_id":157,"param_name":"nodes1","param_value_internal":1,"distribution":"{\"name\": \"CategoricalDistribution\", \"attributes\": {\"choices\": [16, 32, 64]}}"}
{"op_code":5,"worker_id":"998f383f-ffb1-44f9-858c-d3b78c1ad213-139679950972736","trial_id":157,"param_name":"nodes2","param_value_internal":1,"distribution":"{\"name\": \"CategoricalDistribution\", \"attributes\": {\"choices\": [32, 64, 128]}}"}
{"op_code":6,"worker_id":"998f383f-ffb1-44f9-858c-d3b78c1ad213-139679950972736","trial_id":157,"state":1,"values":[6.221780776977539],"datetime_complete":"2026-03-20T19:36:27.385834"}
{"op_code":4,"worker_id":"998f383f-ffb1-44f9-858c-d3b78c1ad213-139679950972736","study_id":0,"datetime_start":"2026-03-20T19:36:28.559425"}
{"op_code":5,"worker_id":"998f383f-ffb1-44f9-858c-d3b78c1ad213-139679950972736","trial_id":158,"param_name":"lr","param_value_internal":0.0002735170550211683,"distribution":"{\"name\": \"FloatDistribution\", \"attributes\": {\"step\": null, \"low\": 0.0001, \"high\": 0.1, \"log\": true}}"}
{"op_code":5,"worker_id":"998f383f-ffb1-44f9-858c-d3b78c1ad213-139679950972736","trial_id":158,"param_name":"dropout","param_value_internal":0.25942934275696716,"distribution":"{\"name\": \"FloatDistribution\", \"attributes\": {\"step\": null, \"low\": 0.1, \"high\": 0.5, \"log\": false}}"}
{"op_code":5,"worker_id":"998f383f-ffb1-44f9-858c-d3b78c1ad213-139679950972736","trial_id":158,"param_name":"nodes1","param_value_internal":1,"distribution":"{\"name\": \"CategoricalDistribution\", \"attributes\": {\"choices\": [16, 32, 64]}}"}
{"op_code":5,"worker_id":"998f383f-ffb1-44f9-858c-d3b78c1ad213-139679950972736","trial_id":158,"param_name":"nodes2","param_value_internal":1,"distribution":"{\"name\": \"CategoricalDistribution\", \"attributes\": {\"choices\": [32, 64, 128]}}"}
{"op_code":6,"worker_id":"998f383f-ffb1-44f9-858c-d3b78c1ad213-139679950972736","trial_id":158,"state":1,"values":[6.196004390716553],"datetime_complete":"2026-03-20T19:36:33.063913"}
{"op_code":4,"worker_id":"998f383f-ffb1-44f9-858c-d3b78c1ad213-139679950972736","study_id":0,"datetime_start":"2026-03-20T19:36:33.077754"}
{"op_code":5,"worker_id":"998f383f-ffb1-44f9-858c-d3b78c1ad213-139679950972736","trial_id":159,"param_name":"lr","param_value_internal":0.0005040951352523563,"distribution":"{\"name\": \"FloatDistribution\", \"attributes\": {\"step\": null, \"low\": 0.0001, \"high\": 0.1, \"log\": true}}"}
{"op_code":5,"worker_id":"998f383f-ffb1-44f9-858c-d3b78c1ad213-139679950972736","trial_id":159,"param_name":"dropout","param_value_internal":0.21535049428506675,"distribution":"{\"name\": \"FloatDistribution\", \"attributes\": {\"step\": null, \"low\": 0.1, \"high\": 0.5, \"log\": false}}"}
{"op_code":5,"worker_id":"998f383f-ffb1-44f9-858c-d3b78c1ad213-139679950972736","trial_id":159,"param_name":"nodes1","param_value_internal":1,"distribution":"{\"name\": \"CategoricalDistribution\", \"attributes\": {\"choices\": [16, 32, 64]}}"}
{"op_code":5,"worker_id":"998f383f-ffb1-44f9-858c-d3b78c1ad213-139679950972736","trial_id":159,"param_name":"nodes2","param_value_internal":1,"distribution":"{\"name\": \"CategoricalDistribution\", \"attributes\": {\"choices\": [32, 64, 128]}}"}
{"op_code":6,"worker_id":"998f383f-ffb1-44f9-858c-d3b78c1ad213-139679950972736","trial_id":159,"state":1,"values":[6.193203449249268],"datetime_complete":"2026-03-20T19:36:37.768357"}
{"op_code":4,"worker_id":"998f383f-ffb1-44f9-858c-d3b78c1ad213-139679950972736","study_id":0,"datetime_start":"2026-03-20T19:36:37.782060"}
{"op_code":5,"worker_id":"998f383f-ffb1-44f9-858c-d3b78c1ad213-139679950972736","trial_id":160,"param_name":"lr","param_value_internal":0.0001636614442229788,"distribution":"{\"name\": \"FloatDistribution\", \"attributes\": {\"step\": null, \"low\": 0.0001, \"high\": 0.1, \"log\": true}}"}
{"op_code":5,"worker_id":"998f383f-ffb1-44f9-858c-d3b78c1ad213-139679950972736","trial_id":160,"param_name":"dropout","param_value_internal":0.19204394476044842,"distribution":"{\"name\": \"FloatDistribution\", \"attributes\": {\"step\": null, \"low\": 0.1, \"high\": 0.5, \"log\": false}}"}
{"op_code":5,"worker_id":"998f383f-ffb1-44f9-858c-d3b78c1ad213-139679950972736","trial_id":160,"param_name":"nodes1","param_value_internal":1,"distribution":"{\"name\": \"CategoricalDistribution\", \"attributes\": {\"choices\": [16, 32, 64]}}"}
{"op_code":5,"worker_id":"998f383f-ffb1-44f9-858c-d3b78c1ad213-139679950972736","trial_id":160,"param_name":"nodes2","param_value_internal":0,"distribution":"{\"name\": \"CategoricalDistribution\", \"attributes\": {\"choices\": [32, 64, 128]}}"}
{"op_code":6,"worker_id":"998f383f-ffb1-44f9-858c-d3b78c1ad213-139679950972736","trial_id":160,"state":1,"values":[6.22623348236084],"datetime_complete":"2026-03-20T19:36:42.189093"}
{"op_code":0,"worker_id":"975a82c4-6590-4a96-bc76-8a0b22ff2741-139679950972736","study_name":"custom_torch_tuning","directions":[1]}
{"op_code":4,"worker_id":"975a82c4-6590-4a96-bc76-8a0b22ff2741-139679950972736","study_id":0,"datetime_start":"2026-03-20T19:48:41.818686"}
{"op_code":5,"worker_id":"975a82c4-6590-4a96-bc76-8a0b22ff2741-139679950972736","trial_id":161,"param_name":"lr","param_value_internal":0.00019315940307820833,"distribution":"{\"name\": \"FloatDistribution\", \"attributes\": {\"step\": null, \"low\": 0.0001, \"high\": 0.1, \"log\": true}}"}
{"op_code":5,"worker_id":"975a82c4-6590-4a96-bc76-8a0b22ff2741-139679950972736","trial_id":161,"param_name":"dropout","param_value_internal":0.2335853211272078,"distribution":"{\"name\": \"FloatDistribution\", \"attributes\": {\"step\": null, \"low\": 0.1, \"high\": 0.5, \"log\": false}}"}
{"op_code":5,"worker_id":"975a82c4-6590-4a96-bc76-8a0b22ff2741-139679950972736","trial_id":161,"param_name":"nodes1","param_value_internal":1,"distribution":"{\"name\": \"CategoricalDistribution\", \"attributes\": {\"choices\": [16, 32, 64]}}"}
{"op_code":5,"worker_id":"975a82c4-6590-4a96-bc76-8a0b22ff2741-139679950972736","trial_id":161,"param_name":"nodes2","param_value_internal":1,"distribution":"{\"name\": \"CategoricalDistribution\", \"attributes\": {\"choices\": [32, 64, 128]}}"}
{"op_code":6,"worker_id":"975a82c4-6590-4a96-bc76-8a0b22ff2741-139679950972736","trial_id":161,"state":1,"values":[6.350399017333984],"datetime_complete":"2026-03-20T19:48:46.004713"}
{"op_code":4,"worker_id":"975a82c4-6590-4a96-bc76-8a0b22ff2741-139679950972736","study_id":0,"datetime_start":"2026-03-20T19:48:46.025682"}
{"op_code":5,"worker_id":"975a82c4-6590-4a96-bc76-8a0b22ff2741-139679950972736","trial_id":162,"param_name":"lr","param_value_internal":0.000441916908605251,"distribution":"{\"name\": \"FloatDistribution\", \"attributes\": {\"step\": null, \"low\": 0.0001, \"high\": 0.1, \"log\": true}}"}
{"op_code":5,"worker_id":"975a82c4-6590-4a96-bc76-8a0b22ff2741-139679950972736","trial_id":162,"param_name":"dropout","param_value_internal":0.2092770763369776,"distribution":"{\"name\": \"FloatDistribution\", \"attributes\": {\"step\": null, \"low\": 0.1, \"high\": 0.5, \"log\": false}}"}
{"op_code":5,"worker_id":"975a82c4-6590-4a96-bc76-8a0b22ff2741-139679950972736","trial_id":162,"param_name":"nodes1","param_value_internal":1,"distribution":"{\"name\": \"CategoricalDistribution\", \"attributes\": {\"choices\": [16, 32, 64]}}"}
{"op_code":5,"worker_id":"975a82c4-6590-4a96-bc76-8a0b22ff2741-139679950972736","trial_id":162,"param_name":"nodes2","param_value_internal":0,"distribution":"{\"name\": \"CategoricalDistribution\", \"attributes\": {\"choices\": [32, 64, 128]}}"}
{"op_code":6,"worker_id":"975a82c4-6590-4a96-bc76-8a0b22ff2741-139679950972736","trial_id":162,"state":1,"values":[6.303537845611572],"datetime_complete":"2026-03-20T19:48:49.953889"}
{"op_code":4,"worker_id":"975a82c4-6590-4a96-bc76-8a0b22ff2741-139679950972736","study_id":0,"datetime_start":"2026-03-20T19:48:49.973813"}
{"op_code":5,"worker_id":"975a82c4-6590-4a96-bc76-8a0b22ff2741-139679950972736","trial_id":163,"param_name":"lr","param_value_internal":0.0005470159437293496,"distribution":"{\"name\": \"FloatDistribution\", \"attributes\": {\"step\": null, \"low\": 0.0001, \"high\": 0.1, \"log\": true}}"}
{"op_code":5,"worker_id":"975a82c4-6590-4a96-bc76-8a0b22ff2741-139679950972736","trial_id":163,"param_name":"dropout","param_value_internal":0.20001587510451876,"distribution":"{\"name\": \"FloatDistribution\", \"attributes\": {\"step\": null, \"low\": 0.1, \"high\": 0.5, \"log\": false}}"}
{"op_code":5,"worker_id":"975a82c4-6590-4a96-bc76-8a0b22ff2741-139679950972736","trial_id":163,"param_name":"nodes1","param_value_internal":1,"distribution":"{\"name\": \"CategoricalDistribution\", \"attributes\": {\"choices\": [16, 32, 64]}}"}
{"op_code":5,"worker_id":"975a82c4-6590-4a96-bc76-8a0b22ff2741-139679950972736","trial_id":163,"param_name":"nodes2","param_value_internal":0,"distribution":"{\"name\": \"CategoricalDistribution\", \"attributes\": {\"choices\": [32, 64, 128]}}"}
{"op_code":6,"worker_id":"975a82c4-6590-4a96-bc76-8a0b22ff2741-139679950972736","trial_id":163,"state":1,"values":[6.660548210144043],"datetime_complete":"2026-03-20T19:48:54.005560"}
{"op_code":4,"worker_id":"975a82c4-6590-4a96-bc76-8a0b22ff2741-139679950972736","study_id":0,"datetime_start":"2026-03-20T19:48:54.020876"}
{"op_code":5,"worker_id":"975a82c4-6590-4a96-bc76-8a0b22ff2741-139679950972736","trial_id":164,"param_name":"lr","param_value_internal":0.0003726182713327356,"distribution":"{\"name\": \"FloatDistribution\", \"attributes\": {\"step\": null, \"low\": 0.0001, \"high\": 0.1, \"log\": true}}"}
{"op_code":5,"worker_id":"975a82c4-6590-4a96-bc76-8a0b22ff2741-139679950972736","trial_id":164,"param_name":"dropout","param_value_internal":0.18166960429425494,"distribution":"{\"name\": \"FloatDistribution\", \"attributes\": {\"step\": null, \"low\": 0.1, \"high\": 0.5, \"log\": false}}"}
{"op_code":5,"worker_id":"975a82c4-6590-4a96-bc76-8a0b22ff2741-139679950972736","trial_id":164,"param_name":"nodes1","param_value_internal":1,"distribution":"{\"name\": \"CategoricalDistribution\", \"attributes\": {\"choices\": [16, 32, 64]}}"}
{"op_code":5,"worker_id":"975a82c4-6590-4a96-bc76-8a0b22ff2741-139679950972736","trial_id":164,"param_name":"nodes2","param_value_internal":0,"distribution":"{\"name\": \"CategoricalDistribution\", \"attributes\": {\"choices\": [32, 64, 128]}}"}
{"op_code":6,"worker_id":"975a82c4-6590-4a96-bc76-8a0b22ff2741-139679950972736","trial_id":164,"state":1,"values":[6.2904953956604],"datetime_complete":"2026-03-20T19:48:58.336816"}
{"op_code":4,"worker_id":"975a82c4-6590-4a96-bc76-8a0b22ff2741-139679950972736","study_id":0,"datetime_start":"2026-03-20T19:48:58.363100"}
{"op_code":5,"worker_id":"975a82c4-6590-4a96-bc76-8a0b22ff2741-139679950972736","trial_id":165,"param_name":"lr","param_value_internal":0.00032466227469152357,"distribution":"{\"name\": \"FloatDistribution\", \"attributes\": {\"step\": null, \"low\": 0.0001, \"high\": 0.1, \"log\": true}}"}
{"op_code":5,"worker_id":"975a82c4-6590-4a96-bc76-8a0b22ff2741-139679950972736","trial_id":165,"param_name":"dropout","param_value_internal":0.2078846627030214,"distribution":"{\"name\": \"FloatDistribution\", \"attributes\": {\"step\": null, \"low\": 0.1, \"high\": 0.5, \"log\": false}}"}
{"op_code":5,"worker_id":"975a82c4-6590-4a96-bc76-8a0b22ff2741-139679950972736","trial_id":165,"param_name":"nodes1","param_value_internal":2,"distribution":"{\"name\": \"CategoricalDistribution\", \"attributes\": {\"choices\": [16, 32, 64]}}"}
{"op_code":5,"worker_id":"975a82c4-6590-4a96-bc76-8a0b22ff2741-139679950972736","trial_id":165,"param_name":"nodes2","param_value_internal":0,"distribution":"{\"name\": \"CategoricalDistribution\", \"attributes\": {\"choices\": [32, 64, 128]}}"}
{"op_code":6,"worker_id":"975a82c4-6590-4a96-bc76-8a0b22ff2741-139679950972736","trial_id":165,"state":1,"values":[6.302534580230713],"datetime_complete":"2026-03-20T19:49:02.453086"}
{"op_code":4,"worker_id":"975a82c4-6590-4a96-bc76-8a0b22ff2741-139679950972736","study_id":0,"datetime_start":"2026-03-20T19:49:02.474371"}
{"op_code":5,"worker_id":"975a82c4-6590-4a96-bc76-8a0b22ff2741-139679950972736","trial_id":166,"param_name":"lr","param_value_internal":0.0006921167765216782,"distribution":"{\"name\": \"FloatDistribution\", \"attributes\": {\"step\": null, \"low\": 0.0001, \"high\": 0.1, \"log\": true}}"}
{"op_code":5,"worker_id":"975a82c4-6590-4a96-bc76-8a0b22ff2741-139679950972736","trial_id":166,"param_name":"dropout","param_value_internal":0.22443946627599087,"distribution":"{\"name\": \"FloatDistribution\", \"attributes\": {\"step\": null, \"low\": 0.1, \"high\": 0.5, \"log\": false}}"}
{"op_code":5,"worker_id":"975a82c4-6590-4a96-bc76-8a0b22ff2741-139679950972736","trial_id":166,"param_name":"nodes1","param_value_internal":1,"distribution":"{\"name\": \"CategoricalDistribution\", \"attributes\": {\"choices\": [16, 32, 64]}}"}
{"op_code":5,"worker_id":"975a82c4-6590-4a96-bc76-8a0b22ff2741-139679950972736","trial_id":166,"param_name":"nodes2","param_value_internal":0,"distribution":"{\"name\": \"CategoricalDistribution\", \"attributes\": {\"choices\": [32, 64, 128]}}"}
{"op_code":6,"worker_id":"975a82c4-6590-4a96-bc76-8a0b22ff2741-139679950972736","trial_id":166,"state":1,"values":[6.301007270812988],"datetime_complete":"2026-03-20T19:49:06.527988"}
{"op_code":4,"worker_id":"975a82c4-6590-4a96-bc76-8a0b22ff2741-139679950972736","study_id":0,"datetime_start":"2026-03-20T19:49:06.546584"}
{"op_code":5,"worker_id":"975a82c4-6590-4a96-bc76-8a0b22ff2741-139679950972736","trial_id":167,"param_name":"lr","param_value_internal":0.00023745464106949673,"distribution":"{\"name\": \"FloatDistribution\", \"attributes\": {\"step\": null, \"low\": 0.0001, \"high\": 0.1, \"log\": true}}"}
{"op_code":5,"worker_id":"975a82c4-6590-4a96-bc76-8a0b22ff2741-139679950972736","trial_id":167,"param_name":"dropout","param_value_internal":0.1948474765151786,"distribution":"{\"name\": \"FloatDistribution\", \"attributes\": {\"step\": null, \"low\": 0.1, \"high\": 0.5, \"log\": false}}"}
{"op_code":5,"worker_id":"975a82c4-6590-4a96-bc76-8a0b22ff2741-139679950972736","trial_id":167,"param_name":"nodes1","param_value_internal":1,"distribution":"{\"name\": \"CategoricalDistribution\", \"attributes\": {\"choices\": [16, 32, 64]}}"}
{"op_code":5,"worker_id":"975a82c4-6590-4a96-bc76-8a0b22ff2741-139679950972736","trial_id":167,"param_name":"nodes2","param_value_internal":1,"distribution":"{\"name\": \"CategoricalDistribution\", \"attributes\": {\"choices\": [32, 64, 128]}}"}
{"op_code":6,"worker_id":"975a82c4-6590-4a96-bc76-8a0b22ff2741-139679950972736","trial_id":167,"state":1,"values":[6.295787811279297],"datetime_complete":"2026-03-20T19:49:10.890106"}
{"op_code":4,"worker_id":"975a82c4-6590-4a96-bc76-8a0b22ff2741-139679950972736","study_id":0,"datetime_start":"2026-03-20T19:49:10.913570"}
{"op_code":5,"worker_id":"975a82c4-6590-4a96-bc76-8a0b22ff2741-139679950972736","trial_id":168,"param_name":"lr","param_value_internal":0.00027896154482847686,"distribution":"{\"name\": \"FloatDistribution\", \"attributes\": {\"step\": null, \"low\": 0.0001, \"high\": 0.1, \"log\": true}}"}
{"op_code":5,"worker_id":"975a82c4-6590-4a96-bc76-8a0b22ff2741-139679950972736","trial_id":168,"param_name":"dropout","param_value_internal":0.2144868056703446,"distribution":"{\"name\": \"FloatDistribution\", \"attributes\": {\"step\": null, \"low\": 0.1, \"high\": 0.5, \"log\": false}}"}
{"op_code":5,"worker_id":"975a82c4-6590-4a96-bc76-8a0b22ff2741-139679950972736","trial_id":168,"param_name":"nodes1","param_value_internal":1,"distribution":"{\"name\": \"CategoricalDistribution\", \"attributes\": {\"choices\": [16, 32, 64]}}"}
{"op_code":5,"worker_id":"975a82c4-6590-4a96-bc76-8a0b22ff2741-139679950972736","trial_id":168,"param_name":"nodes2","param_value_internal":1,"distribution":"{\"name\": \"CategoricalDistribution\", \"attributes\": {\"choices\": [32, 64, 128]}}"}
{"op_code":6,"worker_id":"975a82c4-6590-4a96-bc76-8a0b22ff2741-139679950972736","trial_id":168,"state":1,"values":[6.358537673950195],"datetime_complete":"2026-03-20T19:49:15.175631"}
{"op_code":4,"worker_id":"975a82c4-6590-4a96-bc76-8a0b22ff2741-139679950972736","study_id":0,"datetime_start":"2026-03-20T19:49:15.196715"}
{"op_code":5,"worker_id":"975a82c4-6590-4a96-bc76-8a0b22ff2741-139679950972736","trial_id":169,"param_name":"lr","param_value_internal":0.0008425510146137863,"distribution":"{\"name\": \"FloatDistribution\", \"attributes\": {\"step\": null, \"low\": 0.0001, \"high\": 0.1, \"log\": true}}"}
{"op_code":5,"worker_id":"975a82c4-6590-4a96-bc76-8a0b22ff2741-139679950972736","trial_id":169,"param_name":"dropout","param_value_internal":0.20309641503307208,"distribution":"{\"name\": \"FloatDistribution\", \"attributes\": {\"step\": null, \"low\": 0.1, \"high\": 0.5, \"log\": false}}"}
{"op_code":5,"worker_id":"975a82c4-6590-4a96-bc76-8a0b22ff2741-139679950972736","trial_id":169,"param_name":"nodes1","param_value_internal":1,"distribution":"{\"name\": \"CategoricalDistribution\", \"attributes\": {\"choices\": [16, 32, 64]}}"}
{"op_code":5,"worker_id":"975a82c4-6590-4a96-bc76-8a0b22ff2741-139679950972736","trial_id":169,"param_name":"nodes2","param_value_internal":0,"distribution":"{\"name\": \"CategoricalDistribution\", \"attributes\": {\"choices\": [32, 64, 128]}}"}
{"op_code":6,"worker_id":"975a82c4-6590-4a96-bc76-8a0b22ff2741-139679950972736","trial_id":169,"state":1,"values":[6.515356063842773],"datetime_complete":"2026-03-20T19:49:19.899121"}
{"op_code":4,"worker_id":"975a82c4-6590-4a96-bc76-8a0b22ff2741-139679950972736","study_id":0,"datetime_start":"2026-03-20T19:49:19.922427"}
{"op_code":5,"worker_id":"975a82c4-6590-4a96-bc76-8a0b22ff2741-139679950972736","trial_id":170,"param_name":"lr","param_value_internal":0.0004313596296032064,"distribution":"{\"name\": \"FloatDistribution\", \"attributes\": {\"step\": null, \"low\": 0.0001, \"high\": 0.1, \"log\": true}}"}
{"op_code":5,"worker_id":"975a82c4-6590-4a96-bc76-8a0b22ff2741-139679950972736","trial_id":170,"param_name":"dropout","param_value_internal":0.18177964781064332,"distribution":"{\"name\": \"FloatDistribution\", \"attributes\": {\"step\": null, \"low\": 0.1, \"high\": 0.5, \"log\": false}}"}
{"op_code":5,"worker_id":"975a82c4-6590-4a96-bc76-8a0b22ff2741-139679950972736","trial_id":170,"param_name":"nodes1","param_value_internal":1,"distribution":"{\"name\": \"CategoricalDistribution\", \"attributes\": {\"choices\": [16, 32, 64]}}"}
{"op_code":5,"worker_id":"975a82c4-6590-4a96-bc76-8a0b22ff2741-139679950972736","trial_id":170,"param_name":"nodes2","param_value_internal":1,"distribution":"{\"name\": \"CategoricalDistribution\", \"attributes\": {\"choices\": [32, 64, 128]}}"}
{"op_code":6,"worker_id":"975a82c4-6590-4a96-bc76-8a0b22ff2741-139679950972736","trial_id":170,"state":1,"values":[6.3566365242004395],"datetime_complete":"2026-03-20T19:49:24.329268"}
{"op_code":0,"worker_id":"3d7b1286-2b16-44b6-89a1-0fa5b777b0b7-139679950972736","study_name":"custom_torch_tuning","directions":[1]}
{"op_code":4,"worker_id":"3d7b1286-2b16-44b6-89a1-0fa5b777b0b7-139679950972736","study_id":0,"datetime_start":"2026-03-20T20:02:25.619315"}
{"op_code":5,"worker_id":"3d7b1286-2b16-44b6-89a1-0fa5b777b0b7-139679950972736","trial_id":171,"param_name":"lr","param_value_internal":0.0004882389508727033,"distribution":"{\"name\": \"FloatDistribution\", \"attributes\": {\"step\": null, \"low\": 0.0001, \"high\": 0.1, \"log\": true}}"}
{"op_code":5,"worker_id":"3d7b1286-2b16-44b6-89a1-0fa5b777b0b7-139679950972736","trial_id":171,"param_name":"dropout","param_value_internal":0.19015994995964136,"distribution":"{\"name\": \"FloatDistribution\", \"attributes\": {\"step\": null, \"low\": 0.1, \"high\": 0.5, \"log\": false}}"}
{"op_code":5,"worker_id":"3d7b1286-2b16-44b6-89a1-0fa5b777b0b7-139679950972736","trial_id":171,"param_name":"nodes1","param_value_internal":1,"distribution":"{\"name\": \"CategoricalDistribution\", \"attributes\": {\"choices\": [16, 32, 64]}}"}
{"op_code":5,"worker_id":"3d7b1286-2b16-44b6-89a1-0fa5b777b0b7-139679950972736","trial_id":171,"param_name":"nodes2","param_value_internal":1,"distribution":"{\"name\": \"CategoricalDistribution\", \"attributes\": {\"choices\": [32, 64, 128]}}"}
{"op_code":6,"worker_id":"3d7b1286-2b16-44b6-89a1-0fa5b777b0b7-139679950972736","trial_id":171,"state":1,"values":[6.436418533325195],"datetime_complete":"2026-03-20T20:02:30.355096"}
{"op_code":4,"worker_id":"3d7b1286-2b16-44b6-89a1-0fa5b777b0b7-139679950972736","study_id":0,"datetime_start":"2026-03-20T20:02:30.368532"}
{"op_code":5,"worker_id":"3d7b1286-2b16-44b6-89a1-0fa5b777b0b7-139679950972736","trial_id":172,"param_name":"lr","param_value_internal":0.00015066906925332186,"distribution":"{\"name\": \"FloatDistribution\", \"attributes\": {\"step\": null, \"low\": 0.0001, \"high\": 0.1, \"log\": true}}"}
{"op_code":5,"worker_id":"3d7b1286-2b16-44b6-89a1-0fa5b777b0b7-139679950972736","trial_id":172,"param_name":"dropout","param_value_internal":0.1622964627984156,"distribution":"{\"name\": \"FloatDistribution\", \"attributes\": {\"step\": null, \"low\": 0.1, \"high\": 0.5, \"log\": false}}"}
{"op_code":5,"worker_id":"3d7b1286-2b16-44b6-89a1-0fa5b777b0b7-139679950972736","trial_id":172,"param_name":"nodes1","param_value_internal":1,"distribution":"{\"name\": \"CategoricalDistribution\", \"attributes\": {\"choices\": [16, 32, 64]}}"}
{"op_code":5,"worker_id":"3d7b1286-2b16-44b6-89a1-0fa5b777b0b7-139679950972736","trial_id":172,"param_name":"nodes2","param_value_internal":0,"distribution":"{\"name\": \"CategoricalDistribution\", \"attributes\": {\"choices\": [32, 64, 128]}}"}
{"op_code":6,"worker_id":"3d7b1286-2b16-44b6-89a1-0fa5b777b0b7-139679950972736","trial_id":172,"state":1,"values":[6.4482741355896],"datetime_complete":"2026-03-20T20:02:34.977901"}
{"op_code":4,"worker_id":"3d7b1286-2b16-44b6-89a1-0fa5b777b0b7-139679950972736","study_id":0,"datetime_start":"2026-03-20T20:02:34.993248"}
{"op_code":5,"worker_id":"3d7b1286-2b16-44b6-89a1-0fa5b777b0b7-139679950972736","trial_id":173,"param_name":"lr","param_value_internal":0.0002117144349169935,"distribution":"{\"name\": \"FloatDistribution\", \"attributes\": {\"step\": null, \"low\": 0.0001, \"high\": 0.1, \"log\": true}}"}
{"op_code":5,"worker_id":"3d7b1286-2b16-44b6-89a1-0fa5b777b0b7-139679950972736","trial_id":173,"param_name":"dropout","param_value_internal":0.14056463011055725,"distribution":"{\"name\": \"FloatDistribution\", \"attributes\": {\"step\": null, \"low\": 0.1, \"high\": 0.5, \"log\": false}}"}
{"op_code":5,"worker_id":"3d7b1286-2b16-44b6-89a1-0fa5b777b0b7-139679950972736","trial_id":173,"param_name":"nodes1","param_value_internal":1,"distribution":"{\"name\": \"CategoricalDistribution\", \"attributes\": {\"choices\": [16, 32, 64]}}"}
{"op_code":5,"worker_id":"3d7b1286-2b16-44b6-89a1-0fa5b777b0b7-139679950972736","trial_id":173,"param_name":"nodes2","param_value_internal":0,"distribution":"{\"name\": \"CategoricalDistribution\", \"attributes\": {\"choices\": [32, 64, 128]}}"}
{"op_code":6,"worker_id":"3d7b1286-2b16-44b6-89a1-0fa5b777b0b7-139679950972736","trial_id":173,"state":1,"values":[6.4206953048706055],"datetime_complete":"2026-03-20T20:02:39.541932"}
{"op_code":4,"worker_id":"3d7b1286-2b16-44b6-89a1-0fa5b777b0b7-139679950972736","study_id":0,"datetime_start":"2026-03-20T20:02:39.563526"}
{"op_code":5,"worker_id":"3d7b1286-2b16-44b6-89a1-0fa5b777b0b7-139679950972736","trial_id":174,"param_name":"lr","param_value_internal":0.0022155484000628656,"distribution":"{\"name\": \"FloatDistribution\", \"attributes\": {\"step\": null, \"low\": 0.0001, \"high\": 0.1, \"log\": true}}"}
{"op_code":5,"worker_id":"3d7b1286-2b16-44b6-89a1-0fa5b777b0b7-139679950972736","trial_id":174,"param_name":"dropout","param_value_internal":0.17656422822563062,"distribution":"{\"name\": \"FloatDistribution\", \"attributes\": {\"step\": null, \"low\": 0.1, \"high\": 0.5, \"log\": false}}"}
{"op_code":5,"worker_id":"3d7b1286-2b16-44b6-89a1-0fa5b777b0b7-139679950972736","trial_id":174,"param_name":"nodes1","param_value_internal":1,"distribution":"{\"name\": \"CategoricalDistribution\", \"attributes\": {\"choices\": [16, 32, 64]}}"}
{"op_code":5,"worker_id":"3d7b1286-2b16-44b6-89a1-0fa5b777b0b7-139679950972736","trial_id":174,"param_name":"nodes2","param_value_internal":0,"distribution":"{\"name\": \"CategoricalDistribution\", \"attributes\": {\"choices\": [32, 64, 128]}}"}
{"op_code":6,"worker_id":"3d7b1286-2b16-44b6-89a1-0fa5b777b0b7-139679950972736","trial_id":174,"state":1,"values":[6.501307487487793],"datetime_complete":"2026-03-20T20:02:44.441295"}
{"op_code":4,"worker_id":"3d7b1286-2b16-44b6-89a1-0fa5b777b0b7-139679950972736","study_id":0,"datetime_start":"2026-03-20T20:02:44.453187"}
{"op_code":5,"worker_id":"3d7b1286-2b16-44b6-89a1-0fa5b777b0b7-139679950972736","trial_id":175,"param_name":"lr","param_value_internal":0.0003092936710730147,"distribution":"{\"name\": \"FloatDistribution\", \"attributes\": {\"step\": null, \"low\": 0.0001, \"high\": 0.1, \"log\": true}}"}
{"op_code":5,"worker_id":"3d7b1286-2b16-44b6-89a1-0fa5b777b0b7-139679950972736","trial_id":175,"param_name":"dropout","param_value_internal":0.15064486939999333,"distribution":"{\"name\": \"FloatDistribution\", \"attributes\": {\"step\": null, \"low\": 0.1, \"high\": 0.5, \"log\": false}}"}
{"op_code":5,"worker_id":"3d7b1286-2b16-44b6-89a1-0fa5b777b0b7-139679950972736","trial_id":175,"param_name":"nodes1","param_value_internal":1,"distribution":"{\"name\": \"CategoricalDistribution\", \"attributes\": {\"choices\": [16, 32, 64]}}"}
{"op_code":5,"worker_id":"3d7b1286-2b16-44b6-89a1-0fa5b777b0b7-139679950972736","trial_id":175,"param_name":"nodes2","param_value_internal":0,"distribution":"{\"name\": \"CategoricalDistribution\", \"attributes\": {\"choices\": [32, 64, 128]}}"}
{"op_code":6,"worker_id":"3d7b1286-2b16-44b6-89a1-0fa5b777b0b7-139679950972736","trial_id":175,"state":1,"values":[6.420637607574463],"datetime_complete":"2026-03-20T20:02:48.843051"}
{"op_code":4,"worker_id":"3d7b1286-2b16-44b6-89a1-0fa5b777b0b7-139679950972736","study_id":0,"datetime_start":"2026-03-20T20:02:48.864007"}
{"op_code":5,"worker_id":"3d7b1286-2b16-44b6-89a1-0fa5b777b0b7-139679950972736","trial_id":176,"param_name":"lr","param_value_internal":0.0002552840491216,"distribution":"{\"name\": \"FloatDistribution\", \"attributes\": {\"step\": null, \"low\": 0.0001, \"high\": 0.1, \"log\": true}}"}
{"op_code":5,"worker_id":"3d7b1286-2b16-44b6-89a1-0fa5b777b0b7-139679950972736","trial_id":176,"param_name":"dropout","param_value_internal":0.16835402003152036,"distribution":"{\"name\": \"FloatDistribution\", \"attributes\": {\"step\": null, \"low\": 0.1, \"high\": 0.5, \"log\": false}}"}
{"op_code":5,"worker_id":"3d7b1286-2b16-44b6-89a1-0fa5b777b0b7-139679950972736","trial_id":176,"param_name":"nodes1","param_value_internal":1,"distribution":"{\"name\": \"CategoricalDistribution\", \"attributes\": {\"choices\": [16, 32, 64]}}"}
{"op_code":5,"worker_id":"3d7b1286-2b16-44b6-89a1-0fa5b777b0b7-139679950972736","trial_id":176,"param_name":"nodes2","param_value_internal":0,"distribution":"{\"name\": \"CategoricalDistribution\", \"attributes\": {\"choices\": [32, 64, 128]}}"}
{"op_code":6,"worker_id":"3d7b1286-2b16-44b6-89a1-0fa5b777b0b7-139679950972736","trial_id":176,"state":1,"values":[6.416434288024902],"datetime_complete":"2026-03-20T20:02:53.402975"}
{"op_code":4,"worker_id":"3d7b1286-2b16-44b6-89a1-0fa5b777b0b7-139679950972736","study_id":0,"datetime_start":"2026-03-20T20:02:53.423898"}
{"op_code":5,"worker_id":"3d7b1286-2b16-44b6-89a1-0fa5b777b0b7-139679950972736","trial_id":177,"param_name":"lr","param_value_internal":0.00036130157335389194,"distribution":"{\"name\": \"FloatDistribution\", \"attributes\": {\"step\": null, \"low\": 0.0001, \"high\": 0.1, \"log\": true}}"}
{"op_code":5,"worker_id":"3d7b1286-2b16-44b6-89a1-0fa5b777b0b7-139679950972736","trial_id":177,"param_name":"dropout","param_value_internal":0.15858752937646156,"distribution":"{\"name\": \"FloatDistribution\", \"attributes\": {\"step\": null, \"low\": 0.1, \"high\": 0.5, \"log\": false}}"}
{"op_code":5,"worker_id":"3d7b1286-2b16-44b6-89a1-0fa5b777b0b7-139679950972736","trial_id":177,"param_name":"nodes1","param_value_internal":0,"distribution":"{\"name\": \"CategoricalDistribution\", \"attributes\": {\"choices\": [16, 32, 64]}}"}
{"op_code":5,"worker_id":"3d7b1286-2b16-44b6-89a1-0fa5b777b0b7-139679950972736","trial_id":177,"param_name":"nodes2","param_value_internal":1,"distribution":"{\"name\": \"CategoricalDistribution\", \"attributes\": {\"choices\": [32, 64, 128]}}"}
{"op_code":6,"worker_id":"3d7b1286-2b16-44b6-89a1-0fa5b777b0b7-139679950972736","trial_id":177,"state":1,"values":[6.428948402404785],"datetime_complete":"2026-03-20T20:02:57.890068"}
{"op_code":4,"worker_id":"3d7b1286-2b16-44b6-89a1-0fa5b777b0b7-139679950972736","study_id":0,"datetime_start":"2026-03-20T20:02:57.911469"}
{"op_code":5,"worker_id":"3d7b1286-2b16-44b6-89a1-0fa5b777b0b7-139679950972736","trial_id":178,"param_name":"lr","param_value_internal":0.00021251789882301025,"distribution":"{\"name\": \"FloatDistribution\", \"attributes\": {\"step\": null, \"low\": 0.0001, \"high\": 0.1, \"log\": true}}"}
{"op_code":5,"worker_id":"3d7b1286-2b16-44b6-89a1-0fa5b777b0b7-139679950972736","trial_id":178,"param_name":"dropout","param_value_internal":0.19698120139239944,"distribution":"{\"name\": \"FloatDistribution\", \"attributes\": {\"step\": null, \"low\": 0.1, \"high\": 0.5, \"log\": false}}"}
{"op_code":5,"worker_id":"3d7b1286-2b16-44b6-89a1-0fa5b777b0b7-139679950972736","trial_id":178,"param_name":"nodes1","param_value_internal":1,"distribution":"{\"name\": \"CategoricalDistribution\", \"attributes\": {\"choices\": [16, 32, 64]}}"}
{"op_code":5,"worker_id":"3d7b1286-2b16-44b6-89a1-0fa5b777b0b7-139679950972736","trial_id":178,"param_name":"nodes2","param_value_internal":2,"distribution":"{\"name\": \"CategoricalDistribution\", \"attributes\": {\"choices\": [32, 64, 128]}}"}
{"op_code":6,"worker_id":"3d7b1286-2b16-44b6-89a1-0fa5b777b0b7-139679950972736","trial_id":178,"state":1,"values":[6.408259868621826],"datetime_complete":"2026-03-20T20:03:02.580832"}
{"op_code":4,"worker_id":"3d7b1286-2b16-44b6-89a1-0fa5b777b0b7-139679950972736","study_id":0,"datetime_start":"2026-03-20T20:03:02.606683"}
{"op_code":5,"worker_id":"3d7b1286-2b16-44b6-89a1-0fa5b777b0b7-139679950972736","trial_id":179,"param_name":"lr","param_value_internal":0.00017971627339278176,"distribution":"{\"name\": \"FloatDistribution\", \"attributes\": {\"step\": null, \"low\": 0.0001, \"high\": 0.1, \"log\": true}}"}
{"op_code":5,"worker_id":"3d7b1286-2b16-44b6-89a1-0fa5b777b0b7-139679950972736","trial_id":179,"param_name":"dropout","param_value_internal":0.18571337035705593,"distribution":"{\"name\": \"FloatDistribution\", \"attributes\": {\"step\": null, \"low\": 0.1, \"high\": 0.5, \"log\": false}}"}
{"op_code":5,"worker_id":"3d7b1286-2b16-44b6-89a1-0fa5b777b0b7-139679950972736","trial_id":179,"param_name":"nodes1","param_value_internal":1,"distribution":"{\"name\": \"CategoricalDistribution\", \"attributes\": {\"choices\": [16, 32, 64]}}"}
{"op_code":5,"worker_id":"3d7b1286-2b16-44b6-89a1-0fa5b777b0b7-139679950972736","trial_id":179,"param_name":"nodes2","param_value_internal":1,"distribution":"{\"name\": \"CategoricalDistribution\", \"attributes\": {\"choices\": [32, 64, 128]}}"}
{"op_code":6,"worker_id":"3d7b1286-2b16-44b6-89a1-0fa5b777b0b7-139679950972736","trial_id":179,"state":1,"values":[6.448461055755615],"datetime_complete":"2026-03-20T20:03:07.456742"}
{"op_code":4,"worker_id":"3d7b1286-2b16-44b6-89a1-0fa5b777b0b7-139679950972736","study_id":0,"datetime_start":"2026-03-20T20:03:07.482770"}
{"op_code":5,"worker_id":"3d7b1286-2b16-44b6-89a1-0fa5b777b0b7-139679950972736","trial_id":180,"param_name":"lr","param_value_internal":0.00027873541301696926,"distribution":"{\"name\": \"FloatDistribution\", \"attributes\": {\"step\": null, \"low\": 0.0001, \"high\": 0.1, \"log\": true}}"}
{"op_code":5,"worker_id":"3d7b1286-2b16-44b6-89a1-0fa5b777b0b7-139679950972736","trial_id":180,"param_name":"dropout","param_value_internal":0.2063170066783203,"distribution":"{\"name\": \"FloatDistribution\", \"attributes\": {\"step\": null, \"low\": 0.1, \"high\": 0.5, \"log\": false}}"}
{"op_code":5,"worker_id":"3d7b1286-2b16-44b6-89a1-0fa5b777b0b7-139679950972736","trial_id":180,"param_name":"nodes1","param_value_internal":1,"distribution":"{\"name\": \"CategoricalDistribution\", \"attributes\": {\"choices\": [16, 32, 64]}}"}
{"op_code":5,"worker_id":"3d7b1286-2b16-44b6-89a1-0fa5b777b0b7-139679950972736","trial_id":180,"param_name":"nodes2","param_value_internal":0,"distribution":"{\"name\": \"CategoricalDistribution\", \"attributes\": {\"choices\": [32, 64, 128]}}"}
{"op_code":6,"worker_id":"3d7b1286-2b16-44b6-89a1-0fa5b777b0b7-139679950972736","trial_id":180,"state":1,"values":[6.439517021179199],"datetime_complete":"2026-03-20T20:03:12.004580"}
{"op_code":0,"worker_id":"9d932283-66de-4407-b633-f2f8e4ff1079-139679950972736","study_name":"custom_torch_tuning","directions":[1]}
{"op_code":4,"worker_id":"9d932283-66de-4407-b633-f2f8e4ff1079-139679950972736","study_id":0,"datetime_start":"2026-03-20T20:15:21.367374"}
{"op_code":5,"worker_id":"9d932283-66de-4407-b633-f2f8e4ff1079-139679950972736","trial_id":181,"param_name":"lr","param_value_internal":0.0004158947092392488,"distribution":"{\"name\": \"FloatDistribution\", \"attributes\": {\"step\": null, \"low\": 0.0001, \"high\": 0.1, \"log\": true}}"}
{"op_code":5,"worker_id":"9d932283-66de-4407-b633-f2f8e4ff1079-139679950972736","trial_id":181,"param_name":"dropout","param_value_internal":0.21696304247780734,"distribution":"{\"name\": \"FloatDistribution\", \"attributes\": {\"step\": null, \"low\": 0.1, \"high\": 0.5, \"log\": false}}"}
{"op_code":5,"worker_id":"9d932283-66de-4407-b633-f2f8e4ff1079-139679950972736","trial_id":181,"param_name":"nodes1","param_value_internal":1,"distribution":"{\"name\": \"CategoricalDistribution\", \"attributes\": {\"choices\": [16, 32, 64]}}"}
{"op_code":5,"worker_id":"9d932283-66de-4407-b633-f2f8e4ff1079-139679950972736","trial_id":181,"param_name":"nodes2","param_value_internal":1,"distribution":"{\"name\": \"CategoricalDistribution\", \"attributes\": {\"choices\": [32, 64, 128]}}"}
{"op_code":6,"worker_id":"9d932283-66de-4407-b633-f2f8e4ff1079-139679950972736","trial_id":181,"state":1,"values":[6.108700752258301],"datetime_complete":"2026-03-20T20:15:25.204269"}
{"op_code":4,"worker_id":"9d932283-66de-4407-b633-f2f8e4ff1079-139679950972736","study_id":0,"datetime_start":"2026-03-20T20:15:25.230481"}
{"op_code":5,"worker_id":"9d932283-66de-4407-b633-f2f8e4ff1079-139679950972736","trial_id":182,"param_name":"lr","param_value_internal":0.00022334177188200252,"distribution":"{\"name\": \"FloatDistribution\", \"attributes\": {\"step\": null, \"low\": 0.0001, \"high\": 0.1, \"log\": true}}"}
{"op_code":5,"worker_id":"9d932283-66de-4407-b633-f2f8e4ff1079-139679950972736","trial_id":182,"param_name":"dropout","param_value_internal":0.21237861871012176,"distribution":"{\"name\": \"FloatDistribution\", \"attributes\": {\"step\": null, \"low\": 0.1, \"high\": 0.5, \"log\": false}}"}
{"op_code":5,"worker_id":"9d932283-66de-4407-b633-f2f8e4ff1079-139679950972736","trial_id":182,"param_name":"nodes1","param_value_internal":1,"distribution":"{\"name\": \"CategoricalDistribution\", \"attributes\": {\"choices\": [16, 32, 64]}}"}
{"op_code":5,"worker_id":"9d932283-66de-4407-b633-f2f8e4ff1079-139679950972736","trial_id":182,"param_name":"nodes2","param_value_internal":0,"distribution":"{\"name\": \"CategoricalDistribution\", \"attributes\": {\"choices\": [32, 64, 128]}}"}
{"op_code":6,"worker_id":"9d932283-66de-4407-b633-f2f8e4ff1079-139679950972736","trial_id":182,"state":1,"values":[6.106710433959961],"datetime_complete":"2026-03-20T20:15:29.351855"}
{"op_code":4,"worker_id":"9d932283-66de-4407-b633-f2f8e4ff1079-139679950972736","study_id":0,"datetime_start":"2026-03-20T20:15:29.371737"}
{"op_code":5,"worker_id":"9d932283-66de-4407-b633-f2f8e4ff1079-139679950972736","trial_id":183,"param_name":"lr","param_value_internal":0.0003302083185147042,"distribution":"{\"name\": \"FloatDistribution\", \"attributes\": {\"step\": null, \"low\": 0.0001, \"high\": 0.1, \"log\": true}}"}
{"op_code":5,"worker_id":"9d932283-66de-4407-b633-f2f8e4ff1079-139679950972736","trial_id":183,"param_name":"dropout","param_value_internal":0.20020927825491863,"distribution":"{\"name\": \"FloatDistribution\", \"attributes\": {\"step\": null, \"low\": 0.1, \"high\": 0.5, \"log\": false}}"}
{"op_code":5,"worker_id":"9d932283-66de-4407-b633-f2f8e4ff1079-139679950972736","trial_id":183,"param_name":"nodes1","param_value_internal":1,"distribution":"{\"name\": \"CategoricalDistribution\", \"attributes\": {\"choices\": [16, 32, 64]}}"}
{"op_code":5,"worker_id":"9d932283-66de-4407-b633-f2f8e4ff1079-139679950972736","trial_id":183,"param_name":"nodes2","param_value_internal":0,"distribution":"{\"name\": \"CategoricalDistribution\", \"attributes\": {\"choices\": [32, 64, 128]}}"}
{"op_code":6,"worker_id":"9d932283-66de-4407-b633-f2f8e4ff1079-139679950972736","trial_id":183,"state":1,"values":[6.085638046264648],"datetime_complete":"2026-03-20T20:15:33.205450"}
{"op_code":4,"worker_id":"9d932283-66de-4407-b633-f2f8e4ff1079-139679950972736","study_id":0,"datetime_start":"2026-03-20T20:15:33.222206"}
{"op_code":5,"worker_id":"9d932283-66de-4407-b633-f2f8e4ff1079-139679950972736","trial_id":184,"param_name":"lr","param_value_internal":0.00024175324448678757,"distribution":"{\"name\": \"FloatDistribution\", \"attributes\": {\"step\": null, \"low\": 0.0001, \"high\": 0.1, \"log\": true}}"}
{"op_code":5,"worker_id":"9d932283-66de-4407-b633-f2f8e4ff1079-139679950972736","trial_id":184,"param_name":"dropout","param_value_internal":0.22564016140085194,"distribution":"{\"name\": \"FloatDistribution\", \"attributes\": {\"step\": null, \"low\": 0.1, \"high\": 0.5, \"log\": false}}"}
{"op_code":5,"worker_id":"9d932283-66de-4407-b633-f2f8e4ff1079-139679950972736","trial_id":184,"param_name":"nodes1","param_value_internal":1,"distribution":"{\"name\": \"CategoricalDistribution\", \"attributes\": {\"choices\": [16, 32, 64]}}"}
{"op_code":5,"worker_id":"9d932283-66de-4407-b633-f2f8e4ff1079-139679950972736","trial_id":184,"param_name":"nodes2","param_value_internal":0,"distribution":"{\"name\": \"CategoricalDistribution\", \"attributes\": {\"choices\": [32, 64, 128]}}"}
{"op_code":6,"worker_id":"9d932283-66de-4407-b633-f2f8e4ff1079-139679950972736","trial_id":184,"state":1,"values":[6.135356903076172],"datetime_complete":"2026-03-20T20:15:37.279707"}
{"op_code":4,"worker_id":"9d932283-66de-4407-b633-f2f8e4ff1079-139679950972736","study_id":0,"datetime_start":"2026-03-20T20:15:37.295818"}
{"op_code":5,"worker_id":"9d932283-66de-4407-b633-f2f8e4ff1079-139679950972736","trial_id":185,"param_name":"lr","param_value_internal":0.0001926132852405897,"distribution":"{\"name\": \"FloatDistribution\", \"attributes\": {\"step\": null, \"low\": 0.0001, \"high\": 0.1, \"log\": true}}"}
{"op_code":5,"worker_id":"9d932283-66de-4407-b633-f2f8e4ff1079-139679950972736","trial_id":185,"param_name":"dropout","param_value_internal":0.1922113509450076,"distribution":"{\"name\": \"FloatDistribution\", \"attributes\": {\"step\": null, \"low\": 0.1, \"high\": 0.5, \"log\": false}}"}
{"op_code":5,"worker_id":"9d932283-66de-4407-b633-f2f8e4ff1079-139679950972736","trial_id":185,"param_name":"nodes1","param_value_internal":1,"distribution":"{\"name\": \"CategoricalDistribution\", \"attributes\": {\"choices\": [16, 32, 64]}}"}
{"op_code":5,"worker_id":"9d932283-66de-4407-b633-f2f8e4ff1079-139679950972736","trial_id":185,"param_name":"nodes2","param_value_internal":0,"distribution":"{\"name\": \"CategoricalDistribution\", \"attributes\": {\"choices\": [32, 64, 128]}}"}
{"op_code":6,"worker_id":"9d932283-66de-4407-b633-f2f8e4ff1079-139679950972736","trial_id":185,"state":1,"values":[6.122013092041016],"datetime_complete":"2026-03-20T20:15:41.219793"}
{"op_code":4,"worker_id":"9d932283-66de-4407-b633-f2f8e4ff1079-139679950972736","study_id":0,"datetime_start":"2026-03-20T20:15:41.246442"}
{"op_code":5,"worker_id":"9d932283-66de-4407-b633-f2f8e4ff1079-139679950972736","trial_id":186,"param_name":"lr","param_value_internal":0.00028621290346945007,"distribution":"{\"name\": \"FloatDistribution\", \"attributes\": {\"step\": null, \"low\": 0.0001, \"high\": 0.1, \"log\": true}}"}
{"op_code":5,"worker_id":"9d932283-66de-4407-b633-f2f8e4ff1079-139679950972736","trial_id":186,"param_name":"dropout","param_value_internal":0.21790240742774702,"distribution":"{\"name\": \"FloatDistribution\", \"attributes\": {\"step\": null, \"low\": 0.1, \"high\": 0.5, \"log\": false}}"}
{"op_code":5,"worker_id":"9d932283-66de-4407-b633-f2f8e4ff1079-139679950972736","trial_id":186,"param_name":"nodes1","param_value_internal":1,"distribution":"{\"name\": \"CategoricalDistribution\", \"attributes\": {\"choices\": [16, 32, 64]}}"}
{"op_code":5,"worker_id":"9d932283-66de-4407-b633-f2f8e4ff1079-139679950972736","trial_id":186,"param_name":"nodes2","param_value_internal":1,"distribution":"{\"name\": \"CategoricalDistribution\", \"attributes\": {\"choices\": [32, 64, 128]}}"}
{"op_code":6,"worker_id":"9d932283-66de-4407-b633-f2f8e4ff1079-139679950972736","trial_id":186,"state":1,"values":[6.09943151473999],"datetime_complete":"2026-03-20T20:15:45.435893"}
{"op_code":4,"worker_id":"9d932283-66de-4407-b633-f2f8e4ff1079-139679950972736","study_id":0,"datetime_start":"2026-03-20T20:15:45.454048"}
{"op_code":5,"worker_id":"9d932283-66de-4407-b633-f2f8e4ff1079-139679950972736","trial_id":187,"param_name":"lr","param_value_internal":0.00013933712340209942,"distribution":"{\"name\": \"FloatDistribution\", \"attributes\": {\"step\": null, \"low\": 0.0001, \"high\": 0.1, \"log\": true}}"}
{"op_code":5,"worker_id":"9d932283-66de-4407-b633-f2f8e4ff1079-139679950972736","trial_id":187,"param_name":"dropout","param_value_internal":0.23623690509730774,"distribution":"{\"name\": \"FloatDistribution\", \"attributes\": {\"step\": null, \"low\": 0.1, \"high\": 0.5, \"log\": false}}"}
{"op_code":5,"worker_id":"9d932283-66de-4407-b633-f2f8e4ff1079-139679950972736","trial_id":187,"param_name":"nodes1","param_value_internal":1,"distribution":"{\"name\": \"CategoricalDistribution\", \"attributes\": {\"choices\": [16, 32, 64]}}"}
{"op_code":5,"worker_id":"9d932283-66de-4407-b633-f2f8e4ff1079-139679950972736","trial_id":187,"param_name":"nodes2","param_value_internal":0,"distribution":"{\"name\": \"CategoricalDistribution\", \"attributes\": {\"choices\": [32, 64, 128]}}"}
{"op_code":6,"worker_id":"9d932283-66de-4407-b633-f2f8e4ff1079-139679950972736","trial_id":187,"state":1,"values":[6.184384346008301],"datetime_complete":"2026-03-20T20:15:49.649691"}
{"op_code":4,"worker_id":"9d932283-66de-4407-b633-f2f8e4ff1079-139679950972736","study_id":0,"datetime_start":"2026-03-20T20:15:49.689279"}
{"op_code":5,"worker_id":"9d932283-66de-4407-b633-f2f8e4ff1079-139679950972736","trial_id":188,"param_name":"lr","param_value_internal":0.00038499913218066877,"distribution":"{\"name\": \"FloatDistribution\", \"attributes\": {\"step\": null, \"low\": 0.0001, \"high\": 0.1, \"log\": true}}"}
{"op_code":5,"worker_id":"9d932283-66de-4407-b633-f2f8e4ff1079-139679950972736","trial_id":188,"param_name":"dropout","param_value_internal":0.20380826210487699,"distribution":"{\"name\": \"FloatDistribution\", \"attributes\": {\"step\": null, \"low\": 0.1, \"high\": 0.5, \"log\": false}}"}
{"op_code":5,"worker_id":"9d932283-66de-4407-b633-f2f8e4ff1079-139679950972736","trial_id":188,"param_name":"nodes1","param_value_internal":1,"distribution":"{\"name\": \"CategoricalDistribution\", \"attributes\": {\"choices\": [16, 32, 64]}}"}
{"op_code":5,"worker_id":"9d932283-66de-4407-b633-f2f8e4ff1079-139679950972736","trial_id":188,"param_name":"nodes2","param_value_internal":1,"distribution":"{\"name\": \"CategoricalDistribution\", \"attributes\": {\"choices\": [32, 64, 128]}}"}
{"op_code":6,"worker_id":"9d932283-66de-4407-b633-f2f8e4ff1079-139679950972736","trial_id":188,"state":1,"values":[6.104188442230225],"datetime_complete":"2026-03-20T20:15:53.842518"}
{"op_code":4,"worker_id":"9d932283-66de-4407-b633-f2f8e4ff1079-139679950972736","study_id":0,"datetime_start":"2026-03-20T20:15:53.865812"}
{"op_code":5,"worker_id":"9d932283-66de-4407-b633-f2f8e4ff1079-139679950972736","trial_id":189,"param_name":"lr","param_value_internal":0.0005857572850630382,"distribution":"{\"name\": \"FloatDistribution\", \"attributes\": {\"step\": null, \"low\": 0.0001, \"high\": 0.1, \"log\": true}}"}
{"op_code":5,"worker_id":"9d932283-66de-4407-b633-f2f8e4ff1079-139679950972736","trial_id":189,"param_name":"dropout","param_value_internal":0.1837692921825153,"distribution":"{\"name\": \"FloatDistribution\", \"attributes\": {\"step\": null, \"low\": 0.1, \"high\": 0.5, \"log\": false}}"}
{"op_code":5,"worker_id":"9d932283-66de-4407-b633-f2f8e4ff1079-139679950972736","trial_id":189,"param_name":"nodes1","param_value_internal":1,"distribution":"{\"name\": \"CategoricalDistribution\", \"attributes\": {\"choices\": [16, 32, 64]}}"}
{"op_code":5,"worker_id":"9d932283-66de-4407-b633-f2f8e4ff1079-139679950972736","trial_id":189,"param_name":"nodes2","param_value_internal":1,"distribution":"{\"name\": \"CategoricalDistribution\", \"attributes\": {\"choices\": [32, 64, 128]}}"}
{"op_code":6,"worker_id":"9d932283-66de-4407-b633-f2f8e4ff1079-139679950972736","trial_id":189,"state":1,"values":[6.141851425170898],"datetime_complete":"2026-03-20T20:15:57.857890"}
{"op_code":4,"worker_id":"9d932283-66de-4407-b633-f2f8e4ff1079-139679950972736","study_id":0,"datetime_start":"2026-03-20T20:15:57.877061"}
{"op_code":5,"worker_id":"9d932283-66de-4407-b633-f2f8e4ff1079-139679950972736","trial_id":190,"param_name":"lr","param_value_internal":0.0002131583364289528,"distribution":"{\"name\": \"FloatDistribution\", \"attributes\": {\"step\": null, \"low\": 0.0001, \"high\": 0.1, \"log\": true}}"}
{"op_code":5,"worker_id":"9d932283-66de-4407-b633-f2f8e4ff1079-139679950972736","trial_id":190,"param_name":"dropout","param_value_internal":0.1924772140271954,"distribution":"{\"name\": \"FloatDistribution\", \"attributes\": {\"step\": null, \"low\": 0.1, \"high\": 0.5, \"log\": false}}"}
{"op_code":5,"worker_id":"9d932283-66de-4407-b633-f2f8e4ff1079-139679950972736","trial_id":190,"param_name":"nodes1","param_value_internal":2,"distribution":"{\"name\": \"CategoricalDistribution\", \"attributes\": {\"choices\": [16, 32, 64]}}"}
{"op_code":5,"worker_id":"9d932283-66de-4407-b633-f2f8e4ff1079-139679950972736","trial_id":190,"param_name":"nodes2","param_value_internal":0,"distribution":"{\"name\": \"CategoricalDistribution\", \"attributes\": {\"choices\": [32, 64, 128]}}"}
{"op_code":6,"worker_id":"9d932283-66de-4407-b633-f2f8e4ff1079-139679950972736","trial_id":190,"state":1,"values":[6.122546672821045],"datetime_complete":"2026-03-20T20:16:01.963643"}
{"op_code":0,"worker_id":"350d7408-8372-4a15-bc0e-7a2234e9132c-139679950972736","study_name":"custom_torch_tuning","directions":[1]}
{"op_code":4,"worker_id":"350d7408-8372-4a15-bc0e-7a2234e9132c-139679950972736","study_id":0,"datetime_start":"2026-03-20T20:28:15.280272"}
{"op_code":5,"worker_id":"350d7408-8372-4a15-bc0e-7a2234e9132c-139679950972736","trial_id":191,"param_name":"lr","param_value_internal":0.00034006091814254685,"distribution":"{\"name\": \"FloatDistribution\", \"attributes\": {\"step\": null, \"low\": 0.0001, \"high\": 0.1, \"log\": true}}"}
{"op_code":5,"worker_id":"350d7408-8372-4a15-bc0e-7a2234e9132c-139679950972736","trial_id":191,"param_name":"dropout","param_value_internal":0.21022091106949015,"distribution":"{\"name\": \"FloatDistribution\", \"attributes\": {\"step\": null, \"low\": 0.1, \"high\": 0.5, \"log\": false}}"}
{"op_code":5,"worker_id":"350d7408-8372-4a15-bc0e-7a2234e9132c-139679950972736","trial_id":191,"param_name":"nodes1","param_value_internal":1,"distribution":"{\"name\": \"CategoricalDistribution\", \"attributes\": {\"choices\": [16, 32, 64]}}"}
{"op_code":5,"worker_id":"350d7408-8372-4a15-bc0e-7a2234e9132c-139679950972736","trial_id":191,"param_name":"nodes2","param_value_internal":1,"distribution":"{\"name\": \"CategoricalDistribution\", \"attributes\": {\"choices\": [32, 64, 128]}}"}
{"op_code":6,"worker_id":"350d7408-8372-4a15-bc0e-7a2234e9132c-139679950972736","trial_id":191,"state":1,"values":[6.164475440979004],"datetime_complete":"2026-03-20T20:28:19.122231"}
{"op_code":4,"worker_id":"350d7408-8372-4a15-bc0e-7a2234e9132c-139679950972736","study_id":0,"datetime_start":"2026-03-20T20:28:19.138768"}
{"op_code":5,"worker_id":"350d7408-8372-4a15-bc0e-7a2234e9132c-139679950972736","trial_id":192,"param_name":"lr","param_value_internal":0.00016646840993112148,"distribution":"{\"name\": \"FloatDistribution\", \"attributes\": {\"step\": null, \"low\": 0.0001, \"high\": 0.1, \"log\": true}}"}
{"op_code":5,"worker_id":"350d7408-8372-4a15-bc0e-7a2234e9132c-139679950972736","trial_id":192,"param_name":"dropout","param_value_internal":0.1715733047278326,"distribution":"{\"name\": \"FloatDistribution\", \"attributes\": {\"step\": null, \"low\": 0.1, \"high\": 0.5, \"log\": false}}"}
{"op_code":5,"worker_id":"350d7408-8372-4a15-bc0e-7a2234e9132c-139679950972736","trial_id":192,"param_name":"nodes1","param_value_internal":1,"distribution":"{\"name\": \"CategoricalDistribution\", \"attributes\": {\"choices\": [16, 32, 64]}}"}
{"op_code":5,"worker_id":"350d7408-8372-4a15-bc0e-7a2234e9132c-139679950972736","trial_id":192,"param_name":"nodes2","param_value_internal":0,"distribution":"{\"name\": \"CategoricalDistribution\", \"attributes\": {\"choices\": [32, 64, 128]}}"}
{"op_code":6,"worker_id":"350d7408-8372-4a15-bc0e-7a2234e9132c-139679950972736","trial_id":192,"state":1,"values":[6.140383243560791],"datetime_complete":"2026-03-20T20:28:22.879226"}
{"op_code":4,"worker_id":"350d7408-8372-4a15-bc0e-7a2234e9132c-139679950972736","study_id":0,"datetime_start":"2026-03-20T20:28:22.892554"}
{"op_code":5,"worker_id":"350d7408-8372-4a15-bc0e-7a2234e9132c-139679950972736","trial_id":193,"param_name":"lr","param_value_internal":0.00011924117665560246,"distribution":"{\"name\": \"FloatDistribution\", \"attributes\": {\"step\": null, \"low\": 0.0001, \"high\": 0.1, \"log\": true}}"}
{"op_code":5,"worker_id":"350d7408-8372-4a15-bc0e-7a2234e9132c-139679950972736","trial_id":193,"param_name":"dropout","param_value_internal":0.17604798156239498,"distribution":"{\"name\": \"FloatDistribution\", \"attributes\": {\"step\": null, \"low\": 0.1, \"high\": 0.5, \"log\": false}}"}
{"op_code":5,"worker_id":"350d7408-8372-4a15-bc0e-7a2234e9132c-139679950972736","trial_id":193,"param_name":"nodes1","param_value_internal":1,"distribution":"{\"name\": \"CategoricalDistribution\", \"attributes\": {\"choices\": [16, 32, 64]}}"}
{"op_code":5,"worker_id":"350d7408-8372-4a15-bc0e-7a2234e9132c-139679950972736","trial_id":193,"param_name":"nodes2","param_value_internal":0,"distribution":"{\"name\": \"CategoricalDistribution\", \"attributes\": {\"choices\": [32, 64, 128]}}"}
{"op_code":6,"worker_id":"350d7408-8372-4a15-bc0e-7a2234e9132c-139679950972736","trial_id":193,"state":1,"values":[6.210450172424316],"datetime_complete":"2026-03-20T20:28:26.455767"}
{"op_code":4,"worker_id":"350d7408-8372-4a15-bc0e-7a2234e9132c-139679950972736","study_id":0,"datetime_start":"2026-03-20T20:28:26.472961"}
{"op_code":5,"worker_id":"350d7408-8372-4a15-bc0e-7a2234e9132c-139679950972736","trial_id":194,"param_name":"lr","param_value_internal":0.00014704073817017047,"distribution":"{\"name\": \"FloatDistribution\", \"attributes\": {\"step\": null, \"low\": 0.0001, \"high\": 0.1, \"log\": true}}"}
{"op_code":5,"worker_id":"350d7408-8372-4a15-bc0e-7a2234e9132c-139679950972736","trial_id":194,"param_name":"dropout","param_value_internal":0.16600671567400932,"distribution":"{\"name\": \"FloatDistribution\", \"attributes\": {\"step\": null, \"low\": 0.1, \"high\": 0.5, \"log\": false}}"}
{"op_code":5,"worker_id":"350d7408-8372-4a15-bc0e-7a2234e9132c-139679950972736","trial_id":194,"param_name":"nodes1","param_value_internal":1,"distribution":"{\"name\": \"CategoricalDistribution\", \"attributes\": {\"choices\": [16, 32, 64]}}"}
{"op_code":5,"worker_id":"350d7408-8372-4a15-bc0e-7a2234e9132c-139679950972736","trial_id":194,"param_name":"nodes2","param_value_internal":0,"distribution":"{\"name\": \"CategoricalDistribution\", \"attributes\": {\"choices\": [32, 64, 128]}}"}
{"op_code":6,"worker_id":"350d7408-8372-4a15-bc0e-7a2234e9132c-139679950972736","trial_id":194,"state":1,"values":[6.19232177734375],"datetime_complete":"2026-03-20T20:28:30.129568"}
{"op_code":4,"worker_id":"350d7408-8372-4a15-bc0e-7a2234e9132c-139679950972736","study_id":0,"datetime_start":"2026-03-20T20:28:30.146369"}
{"op_code":5,"worker_id":"350d7408-8372-4a15-bc0e-7a2234e9132c-139679950972736","trial_id":195,"param_name":"lr","param_value_internal":0.0002487330166156674,"distribution":"{\"name\": \"FloatDistribution\", \"attributes\": {\"step\": null, \"low\": 0.0001, \"high\": 0.1, \"log\": true}}"}
{"op_code":5,"worker_id":"350d7408-8372-4a15-bc0e-7a2234e9132c-139679950972736","trial_id":195,"param_name":"dropout","param_value_internal":0.18542079616496726,"distribution":"{\"name\": \"FloatDistribution\", \"attributes\": {\"step\": null, \"low\": 0.1, \"high\": 0.5, \"log\": false}}"}
{"op_code":5,"worker_id":"350d7408-8372-4a15-bc0e-7a2234e9132c-139679950972736","trial_id":195,"param_name":"nodes1","param_value_internal":1,"distribution":"{\"name\": \"CategoricalDistribution\", \"attributes\": {\"choices\": [16, 32, 64]}}"}
{"op_code":5,"worker_id":"350d7408-8372-4a15-bc0e-7a2234e9132c-139679950972736","trial_id":195,"param_name":"nodes2","param_value_internal":0,"distribution":"{\"name\": \"CategoricalDistribution\", \"attributes\": {\"choices\": [32, 64, 128]}}"}
{"op_code":6,"worker_id":"350d7408-8372-4a15-bc0e-7a2234e9132c-139679950972736","trial_id":195,"state":1,"values":[6.112687587738037],"datetime_complete":"2026-03-20T20:28:33.939910"}
{"op_code":4,"worker_id":"350d7408-8372-4a15-bc0e-7a2234e9132c-139679950972736","study_id":0,"datetime_start":"2026-03-20T20:28:33.955211"}
{"op_code":5,"worker_id":"350d7408-8372-4a15-bc0e-7a2234e9132c-139679950972736","trial_id":196,"param_name":"lr","param_value_internal":0.00030822672402190145,"distribution":"{\"name\": \"FloatDistribution\", \"attributes\": {\"step\": null, \"low\": 0.0001, \"high\": 0.1, \"log\": true}}"}
{"op_code":5,"worker_id":"350d7408-8372-4a15-bc0e-7a2234e9132c-139679950972736","trial_id":196,"param_name":"dropout","param_value_internal":0.199544507256769,"distribution":"{\"name\": \"FloatDistribution\", \"attributes\": {\"step\": null, \"low\": 0.1, \"high\": 0.5, \"log\": false}}"}
{"op_code":5,"worker_id":"350d7408-8372-4a15-bc0e-7a2234e9132c-139679950972736","trial_id":196,"param_name":"nodes1","param_value_internal":1,"distribution":"{\"name\": \"CategoricalDistribution\", \"attributes\": {\"choices\": [16, 32, 64]}}"}
{"op_code":5,"worker_id":"350d7408-8372-4a15-bc0e-7a2234e9132c-139679950972736","trial_id":196,"param_name":"nodes2","param_value_internal":1,"distribution":"{\"name\": \"CategoricalDistribution\", \"attributes\": {\"choices\": [32, 64, 128]}}"}
{"op_code":6,"worker_id":"350d7408-8372-4a15-bc0e-7a2234e9132c-139679950972736","trial_id":196,"state":1,"values":[6.146055221557617],"datetime_complete":"2026-03-20T20:28:37.999724"}
{"op_code":4,"worker_id":"350d7408-8372-4a15-bc0e-7a2234e9132c-139679950972736","study_id":0,"datetime_start":"2026-03-20T20:28:38.014827"}
{"op_code":5,"worker_id":"350d7408-8372-4a15-bc0e-7a2234e9132c-139679950972736","trial_id":197,"param_name":"lr","param_value_internal":0.00017583043946834174,"distribution":"{\"name\": \"FloatDistribution\", \"attributes\": {\"step\": null, \"low\": 0.0001, \"high\": 0.1, \"log\": true}}"}
{"op_code":5,"worker_id":"350d7408-8372-4a15-bc0e-7a2234e9132c-139679950972736","trial_id":197,"param_name":"dropout","param_value_internal":0.21049099258792517,"distribution":"{\"name\": \"FloatDistribution\", \"attributes\": {\"step\": null, \"low\": 0.1, \"high\": 0.5, \"log\": false}}"}
{"op_code":5,"worker_id":"350d7408-8372-4a15-bc0e-7a2234e9132c-139679950972736","trial_id":197,"param_name":"nodes1","param_value_internal":1,"distribution":"{\"name\": \"CategoricalDistribution\", \"attributes\": {\"choices\": [16, 32, 64]}}"}
{"op_code":5,"worker_id":"350d7408-8372-4a15-bc0e-7a2234e9132c-139679950972736","trial_id":197,"param_name":"nodes2","param_value_internal":0,"distribution":"{\"name\": \"CategoricalDistribution\", \"attributes\": {\"choices\": [32, 64, 128]}}"}
{"op_code":6,"worker_id":"350d7408-8372-4a15-bc0e-7a2234e9132c-139679950972736","trial_id":197,"state":1,"values":[6.19860315322876],"datetime_complete":"2026-03-20T20:28:41.748416"}
{"op_code":4,"worker_id":"350d7408-8372-4a15-bc0e-7a2234e9132c-139679950972736","study_id":0,"datetime_start":"2026-03-20T20:28:41.770341"}
{"op_code":5,"worker_id":"350d7408-8372-4a15-bc0e-7a2234e9132c-139679950972736","trial_id":198,"param_name":"lr","param_value_internal":0.0004964080493467685,"distribution":"{\"name\": \"FloatDistribution\", \"attributes\": {\"step\": null, \"low\": 0.0001, \"high\": 0.1, \"log\": true}}"}
{"op_code":5,"worker_id":"350d7408-8372-4a15-bc0e-7a2234e9132c-139679950972736","trial_id":198,"param_name":"dropout","param_value_internal":0.19314628638651676,"distribution":"{\"name\": \"FloatDistribution\", \"attributes\": {\"step\": null, \"low\": 0.1, \"high\": 0.5, \"log\": false}}"}
{"op_code":5,"worker_id":"350d7408-8372-4a15-bc0e-7a2234e9132c-139679950972736","trial_id":198,"param_name":"nodes1","param_value_internal":1,"distribution":"{\"name\": \"CategoricalDistribution\", \"attributes\": {\"choices\": [16, 32, 64]}}"}
{"op_code":5,"worker_id":"350d7408-8372-4a15-bc0e-7a2234e9132c-139679950972736","trial_id":198,"param_name":"nodes2","param_value_internal":1,"distribution":"{\"name\": \"CategoricalDistribution\", \"attributes\": {\"choices\": [32, 64, 128]}}"}
{"op_code":6,"worker_id":"350d7408-8372-4a15-bc0e-7a2234e9132c-139679950972736","trial_id":198,"state":1,"values":[6.1452178955078125],"datetime_complete":"2026-03-20T20:28:45.535630"}
{"op_code":4,"worker_id":"350d7408-8372-4a15-bc0e-7a2234e9132c-139679950972736","study_id":0,"datetime_start":"2026-03-20T20:28:45.552255"}
{"op_code":5,"worker_id":"350d7408-8372-4a15-bc0e-7a2234e9132c-139679950972736","trial_id":199,"param_name":"lr","param_value_internal":0.0002642679084407266,"distribution":"{\"name\": \"FloatDistribution\", \"attributes\": {\"step\": null, \"low\": 0.0001, \"high\": 0.1, \"log\": true}}"}
{"op_code":5,"worker_id":"350d7408-8372-4a15-bc0e-7a2234e9132c-139679950972736","trial_id":199,"param_name":"dropout","param_value_internal":0.22002111351898046,"distribution":"{\"name\": \"FloatDistribution\", \"attributes\": {\"step\": null, \"low\": 0.1, \"high\": 0.5, \"log\": false}}"}
{"op_code":5,"worker_id":"350d7408-8372-4a15-bc0e-7a2234e9132c-139679950972736","trial_id":199,"param_name":"nodes1","param_value_internal":1,"distribution":"{\"name\": \"CategoricalDistribution\", \"attributes\": {\"choices\": [16, 32, 64]}}"}
{"op_code":5,"worker_id":"350d7408-8372-4a15-bc0e-7a2234e9132c-139679950972736","trial_id":199,"param_name":"nodes2","param_value_internal":1,"distribution":"{\"name\": \"CategoricalDistribution\", \"attributes\": {\"choices\": [32, 64, 128]}}"}
{"op_code":6,"worker_id":"350d7408-8372-4a15-bc0e-7a2234e9132c-139679950972736","trial_id":199,"state":1,"values":[6.210360050201416],"datetime_complete":"2026-03-20T20:28:49.075541"}
{"op_code":4,"worker_id":"350d7408-8372-4a15-bc0e-7a2234e9132c-139679950972736","study_id":0,"datetime_start":"2026-03-20T20:28:49.090675"}
{"op_code":5,"worker_id":"350d7408-8372-4a15-bc0e-7a2234e9132c-139679950972736","trial_id":200,"param_name":"lr","param_value_internal":0.00020300483339703705,"distribution":"{\"name\": \"FloatDistribution\", \"attributes\": {\"step\": null, \"low\": 0.0001, \"high\": 0.1, \"log\": true}}"}
{"op_code":5,"worker_id":"350d7408-8372-4a15-bc0e-7a2234e9132c-139679950972736","trial_id":200,"param_name":"dropout","param_value_internal":0.177542586104144,"distribution":"{\"name\": \"FloatDistribution\", \"attributes\": {\"step\": null, \"low\": 0.1, \"high\": 0.5, \"log\": false}}"}
{"op_code":5,"worker_id":"350d7408-8372-4a15-bc0e-7a2234e9132c-139679950972736","trial_id":200,"param_name":"nodes1","param_value_internal":1,"distribution":"{\"name\": \"CategoricalDistribution\", \"attributes\": {\"choices\": [16, 32, 64]}}"}
{"op_code":5,"worker_id":"350d7408-8372-4a15-bc0e-7a2234e9132c-139679950972736","trial_id":200,"param_name":"nodes2","param_value_internal":0,"distribution":"{\"name\": \"CategoricalDistribution\", \"attributes\": {\"choices\": [32, 64, 128]}}"}
{"op_code":6,"worker_id":"350d7408-8372-4a15-bc0e-7a2234e9132c-139679950972736","trial_id":200,"state":1,"values":[6.195181369781494],"datetime_complete":"2026-03-20T20:28:53.267539"}
{"op_code":0,"worker_id":"748da0df-3f3c-40bc-b29c-fffb47a3bfb8-139679950972736","study_name":"custom_torch_tuning","directions":[1]}
{"op_code":4,"worker_id":"748da0df-3f3c-40bc-b29c-fffb47a3bfb8-139679950972736","study_id":0,"datetime_start":"2026-03-20T20:41:00.823006"}
{"op_code":5,"worker_id":"748da0df-3f3c-40bc-b29c-fffb47a3bfb8-139679950972736","trial_id":201,"param_name":"lr","param_value_internal":0.00038548464533269485,"distribution":"{\"name\": \"FloatDistribution\", \"attributes\": {\"step\": null, \"low\": 0.0001, \"high\": 0.1, \"log\": true}}"}
{"op_code":5,"worker_id":"748da0df-3f3c-40bc-b29c-fffb47a3bfb8-139679950972736","trial_id":201,"param_name":"dropout","param_value_internal":0.154552320909104,"distribution":"{\"name\": \"FloatDistribution\", \"attributes\": {\"step\": null, \"low\": 0.1, \"high\": 0.5, \"log\": false}}"}
{"op_code":5,"worker_id":"748da0df-3f3c-40bc-b29c-fffb47a3bfb8-139679950972736","trial_id":201,"param_name":"nodes1","param_value_internal":1,"distribution":"{\"name\": \"CategoricalDistribution\", \"attributes\": {\"choices\": [16, 32, 64]}}"}
{"op_code":5,"worker_id":"748da0df-3f3c-40bc-b29c-fffb47a3bfb8-139679950972736","trial_id":201,"param_name":"nodes2","param_value_internal":1,"distribution":"{\"name\": \"CategoricalDistribution\", \"attributes\": {\"choices\": [32, 64, 128]}}"}
{"op_code":6,"worker_id":"748da0df-3f3c-40bc-b29c-fffb47a3bfb8-139679950972736","trial_id":201,"state":1,"values":[6.1793413162231445],"datetime_complete":"2026-03-20T20:41:04.953043"}
{"op_code":4,"worker_id":"748da0df-3f3c-40bc-b29c-fffb47a3bfb8-139679950972736","study_id":0,"datetime_start":"2026-03-20T20:41:04.972525"}
{"op_code":5,"worker_id":"748da0df-3f3c-40bc-b29c-fffb47a3bfb8-139679950972736","trial_id":202,"param_name":"lr","param_value_internal":0.00018922198776227843,"distribution":"{\"name\": \"FloatDistribution\", \"attributes\": {\"step\": null, \"low\": 0.0001, \"high\": 0.1, \"log\": true}}"}
{"op_code":5,"worker_id":"748da0df-3f3c-40bc-b29c-fffb47a3bfb8-139679950972736","trial_id":202,"param_name":"dropout","param_value_internal":0.20426098203383714,"distribution":"{\"name\": \"FloatDistribution\", \"attributes\": {\"step\": null, \"low\": 0.1, \"high\": 0.5, \"log\": false}}"}
{"op_code":5,"worker_id":"748da0df-3f3c-40bc-b29c-fffb47a3bfb8-139679950972736","trial_id":202,"param_name":"nodes1","param_value_internal":1,"distribution":"{\"name\": \"CategoricalDistribution\", \"attributes\": {\"choices\": [16, 32, 64]}}"}
{"op_code":5,"worker_id":"748da0df-3f3c-40bc-b29c-fffb47a3bfb8-139679950972736","trial_id":202,"param_name":"nodes2","param_value_internal":1,"distribution":"{\"name\": \"CategoricalDistribution\", \"attributes\": {\"choices\": [32, 64, 128]}}"}
{"op_code":6,"worker_id":"748da0df-3f3c-40bc-b29c-fffb47a3bfb8-139679950972736","trial_id":202,"state":1,"values":[6.175532341003418],"datetime_complete":"2026-03-20T20:41:09.065397"}
{"op_code":4,"worker_id":"748da0df-3f3c-40bc-b29c-fffb47a3bfb8-139679950972736","study_id":0,"datetime_start":"2026-03-20T20:41:09.091752"}
{"op_code":5,"worker_id":"748da0df-3f3c-40bc-b29c-fffb47a3bfb8-139679950972736","trial_id":203,"param_name":"lr","param_value_internal":0.00022893852052413116,"distribution":"{\"name\": \"FloatDistribution\", \"attributes\": {\"step\": null, \"low\": 0.0001, \"high\": 0.1, \"log\": true}}"}
{"op_code":5,"worker_id":"748da0df-3f3c-40bc-b29c-fffb47a3bfb8-139679950972736","trial_id":203,"param_name":"dropout","param_value_internal":0.24348190360616384,"distribution":"{\"name\": \"FloatDistribution\", \"attributes\": {\"step\": null, \"low\": 0.1, \"high\": 0.5, \"log\": false}}"}
{"op_code":5,"worker_id":"748da0df-3f3c-40bc-b29c-fffb47a3bfb8-139679950972736","trial_id":203,"param_name":"nodes1","param_value_internal":1,"distribution":"{\"name\": \"CategoricalDistribution\", \"attributes\": {\"choices\": [16, 32, 64]}}"}
{"op_code":5,"worker_id":"748da0df-3f3c-40bc-b29c-fffb47a3bfb8-139679950972736","trial_id":203,"param_name":"nodes2","param_value_internal":1,"distribution":"{\"name\": \"CategoricalDistribution\", \"attributes\": {\"choices\": [32, 64, 128]}}"}
{"op_code":6,"worker_id":"748da0df-3f3c-40bc-b29c-fffb47a3bfb8-139679950972736","trial_id":203,"state":1,"values":[6.169919967651367],"datetime_complete":"2026-03-20T20:41:13.149971"}
{"op_code":4,"worker_id":"748da0df-3f3c-40bc-b29c-fffb47a3bfb8-139679950972736","study_id":0,"datetime_start":"2026-03-20T20:41:13.173168"}
{"op_code":5,"worker_id":"748da0df-3f3c-40bc-b29c-fffb47a3bfb8-139679950972736","trial_id":204,"param_name":"lr","param_value_internal":0.00013473017172440207,"distribution":"{\"name\": \"FloatDistribution\", \"attributes\": {\"step\": null, \"low\": 0.0001, \"high\": 0.1, \"log\": true}}"}
{"op_code":5,"worker_id":"748da0df-3f3c-40bc-b29c-fffb47a3bfb8-139679950972736","trial_id":204,"param_name":"dropout","param_value_internal":0.22871245276780827,"distribution":"{\"name\": \"FloatDistribution\", \"attributes\": {\"step\": null, \"low\": 0.1, \"high\": 0.5, \"log\": false}}"}
{"op_code":5,"worker_id":"748da0df-3f3c-40bc-b29c-fffb47a3bfb8-139679950972736","trial_id":204,"param_name":"nodes1","param_value_internal":1,"distribution":"{\"name\": \"CategoricalDistribution\", \"attributes\": {\"choices\": [16, 32, 64]}}"}
{"op_code":5,"worker_id":"748da0df-3f3c-40bc-b29c-fffb47a3bfb8-139679950972736","trial_id":204,"param_name":"nodes2","param_value_internal":1,"distribution":"{\"name\": \"CategoricalDistribution\", \"attributes\": {\"choices\": [32, 64, 128]}}"}
{"op_code":6,"worker_id":"748da0df-3f3c-40bc-b29c-fffb47a3bfb8-139679950972736","trial_id":204,"state":1,"values":[6.197964191436768],"datetime_complete":"2026-03-20T20:41:17.166328"}
{"op_code":4,"worker_id":"748da0df-3f3c-40bc-b29c-fffb47a3bfb8-139679950972736","study_id":0,"datetime_start":"2026-03-20T20:41:17.189171"}
{"op_code":5,"worker_id":"748da0df-3f3c-40bc-b29c-fffb47a3bfb8-139679950972736","trial_id":205,"param_name":"lr","param_value_internal":0.01053994164465639,"distribution":"{\"name\": \"FloatDistribution\", \"attributes\": {\"step\": null, \"low\": 0.0001, \"high\": 0.1, \"log\": true}}"}
{"op_code":5,"worker_id":"748da0df-3f3c-40bc-b29c-fffb47a3bfb8-139679950972736","trial_id":205,"param_name":"dropout","param_value_internal":0.2788356617695768,"distribution":"{\"name\": \"FloatDistribution\", \"attributes\": {\"step\": null, \"low\": 0.1, \"high\": 0.5, \"log\": false}}"}
{"op_code":5,"worker_id":"748da0df-3f3c-40bc-b29c-fffb47a3bfb8-139679950972736","trial_id":205,"param_name":"nodes1","param_value_internal":1,"distribution":"{\"name\": \"CategoricalDistribution\", \"attributes\": {\"choices\": [16, 32, 64]}}"}
{"op_code":5,"worker_id":"748da0df-3f3c-40bc-b29c-fffb47a3bfb8-139679950972736","trial_id":205,"param_name":"nodes2","param_value_internal":1,"distribution":"{\"name\": \"CategoricalDistribution\", \"attributes\": {\"choices\": [32, 64, 128]}}"}
{"op_code":6,"worker_id":"748da0df-3f3c-40bc-b29c-fffb47a3bfb8-139679950972736","trial_id":205,"state":1,"values":[6.3944993019104],"datetime_complete":"2026-03-20T20:41:21.366040"}
{"op_code":4,"worker_id":"748da0df-3f3c-40bc-b29c-fffb47a3bfb8-139679950972736","study_id":0,"datetime_start":"2026-03-20T20:41:21.393173"}
{"op_code":5,"worker_id":"748da0df-3f3c-40bc-b29c-fffb47a3bfb8-139679950972736","trial_id":206,"param_name":"lr","param_value_internal":0.00027908667481380136,"distribution":"{\"name\": \"FloatDistribution\", \"attributes\": {\"step\": null, \"low\": 0.0001, \"high\": 0.1, \"log\": true}}"}
{"op_code":5,"worker_id":"748da0df-3f3c-40bc-b29c-fffb47a3bfb8-139679950972736","trial_id":206,"param_name":"dropout","param_value_internal":0.2521054360940317,"distribution":"{\"name\": \"FloatDistribution\", \"attributes\": {\"step\": null, \"low\": 0.1, \"high\": 0.5, \"log\": false}}"}
{"op_code":5,"worker_id":"748da0df-3f3c-40bc-b29c-fffb47a3bfb8-139679950972736","trial_id":206,"param_name":"nodes1","param_value_internal":1,"distribution":"{\"name\": \"CategoricalDistribution\", \"attributes\": {\"choices\": [16, 32, 64]}}"}
{"op_code":5,"worker_id":"748da0df-3f3c-40bc-b29c-fffb47a3bfb8-139679950972736","trial_id":206,"param_name":"nodes2","param_value_internal":1,"distribution":"{\"name\": \"CategoricalDistribution\", \"attributes\": {\"choices\": [32, 64, 128]}}"}
{"op_code":6,"worker_id":"748da0df-3f3c-40bc-b29c-fffb47a3bfb8-139679950972736","trial_id":206,"state":1,"values":[6.156808853149414],"datetime_complete":"2026-03-20T20:41:25.524505"}
{"op_code":4,"worker_id":"748da0df-3f3c-40bc-b29c-fffb47a3bfb8-139679950972736","study_id":0,"datetime_start":"2026-03-20T20:41:25.551481"}
{"op_code":5,"worker_id":"748da0df-3f3c-40bc-b29c-fffb47a3bfb8-139679950972736","trial_id":207,"param_name":"lr","param_value_internal":0.00015593382275514562,"distribution":"{\"name\": \"FloatDistribution\", \"attributes\": {\"step\": null, \"low\": 0.0001, \"high\": 0.1, \"log\": true}}"}
{"op_code":5,"worker_id":"748da0df-3f3c-40bc-b29c-fffb47a3bfb8-139679950972736","trial_id":207,"param_name":"dropout","param_value_internal":0.2654566479696451,"distribution":"{\"name\": \"FloatDistribution\", \"attributes\": {\"step\": null, \"low\": 0.1, \"high\": 0.5, \"log\": false}}"}
{"op_code":5,"worker_id":"748da0df-3f3c-40bc-b29c-fffb47a3bfb8-139679950972736","trial_id":207,"param_name":"nodes1","param_value_internal":1,"distribution":"{\"name\": \"CategoricalDistribution\", \"attributes\": {\"choices\": [16, 32, 64]}}"}
{"op_code":5,"worker_id":"748da0df-3f3c-40bc-b29c-fffb47a3bfb8-139679950972736","trial_id":207,"param_name":"nodes2","param_value_internal":1,"distribution":"{\"name\": \"CategoricalDistribution\", \"attributes\": {\"choices\": [32, 64, 128]}}"}
{"op_code":6,"worker_id":"748da0df-3f3c-40bc-b29c-fffb47a3bfb8-139679950972736","trial_id":207,"state":1,"values":[6.182052135467529],"datetime_complete":"2026-03-20T20:41:29.705304"}
{"op_code":4,"worker_id":"748da0df-3f3c-40bc-b29c-fffb47a3bfb8-139679950972736","study_id":0,"datetime_start":"2026-03-20T20:41:29.729268"}
{"op_code":5,"worker_id":"748da0df-3f3c-40bc-b29c-fffb47a3bfb8-139679950972736","trial_id":208,"param_name":"lr","param_value_internal":0.00018712429386578435,"distribution":"{\"name\": \"FloatDistribution\", \"attributes\": {\"step\": null, \"low\": 0.0001, \"high\": 0.1, \"log\": true}}"}
{"op_code":5,"worker_id":"748da0df-3f3c-40bc-b29c-fffb47a3bfb8-139679950972736","trial_id":208,"param_name":"dropout","param_value_internal":0.19684021154102824,"distribution":"{\"name\": \"FloatDistribution\", \"attributes\": {\"step\": null, \"low\": 0.1, \"high\": 0.5, \"log\": false}}"}
{"op_code":5,"worker_id":"748da0df-3f3c-40bc-b29c-fffb47a3bfb8-139679950972736","trial_id":208,"param_name":"nodes1","param_value_internal":1,"distribution":"{\"name\": \"CategoricalDistribution\", \"attributes\": {\"choices\": [16, 32, 64]}}"}
{"op_code":5,"worker_id":"748da0df-3f3c-40bc-b29c-fffb47a3bfb8-139679950972736","trial_id":208,"param_name":"nodes2","param_value_internal":0,"distribution":"{\"name\": \"CategoricalDistribution\", \"attributes\": {\"choices\": [32, 64, 128]}}"}
{"op_code":6,"worker_id":"748da0df-3f3c-40bc-b29c-fffb47a3bfb8-139679950972736","trial_id":208,"state":1,"values":[6.159740924835205],"datetime_complete":"2026-03-20T20:41:33.988999"}
{"op_code":4,"worker_id":"748da0df-3f3c-40bc-b29c-fffb47a3bfb8-139679950972736","study_id":0,"datetime_start":"2026-03-20T20:41:34.012316"}
{"op_code":5,"worker_id":"748da0df-3f3c-40bc-b29c-fffb47a3bfb8-139679950972736","trial_id":209,"param_name":"lr","param_value_internal":0.0003145332639092793,"distribution":"{\"name\": \"FloatDistribution\", \"attributes\": {\"step\": null, \"low\": 0.0001, \"high\": 0.1, \"log\": true}}"}
{"op_code":5,"worker_id":"748da0df-3f3c-40bc-b29c-fffb47a3bfb8-139679950972736","trial_id":209,"param_name":"dropout","param_value_internal":0.18851485263783083,"distribution":"{\"name\": \"FloatDistribution\", \"attributes\": {\"step\": null, \"low\": 0.1, \"high\": 0.5, \"log\": false}}"}
{"op_code":5,"worker_id":"748da0df-3f3c-40bc-b29c-fffb47a3bfb8-139679950972736","trial_id":209,"param_name":"nodes1","param_value_internal":0,"distribution":"{\"name\": \"CategoricalDistribution\", \"attributes\": {\"choices\": [16, 32, 64]}}"}
{"op_code":5,"worker_id":"748da0df-3f3c-40bc-b29c-fffb47a3bfb8-139679950972736","trial_id":209,"param_name":"nodes2","param_value_internal":1,"distribution":"{\"name\": \"CategoricalDistribution\", \"attributes\": {\"choices\": [32, 64, 128]}}"}
{"op_code":6,"worker_id":"748da0df-3f3c-40bc-b29c-fffb47a3bfb8-139679950972736","trial_id":209,"state":1,"values":[6.1620635986328125],"datetime_complete":"2026-03-20T20:41:37.994099"}
{"op_code":4,"worker_id":"748da0df-3f3c-40bc-b29c-fffb47a3bfb8-139679950972736","study_id":0,"datetime_start":"2026-03-20T20:41:38.017096"}
{"op_code":5,"worker_id":"748da0df-3f3c-40bc-b29c-fffb47a3bfb8-139679950972736","trial_id":210,"param_name":"lr","param_value_internal":0.00023091765391837957,"distribution":"{\"name\": \"FloatDistribution\", \"attributes\": {\"step\": null, \"low\": 0.0001, \"high\": 0.1, \"log\": true}}"}
{"op_code":5,"worker_id":"748da0df-3f3c-40bc-b29c-fffb47a3bfb8-139679950972736","trial_id":210,"param_name":"dropout","param_value_internal":0.28828579999341297,"distribution":"{\"name\": \"FloatDistribution\", \"attributes\": {\"step\": null, \"low\": 0.1, \"high\": 0.5, \"log\": false}}"}
{"op_code":5,"worker_id":"748da0df-3f3c-40bc-b29c-fffb47a3bfb8-139679950972736","trial_id":210,"param_name":"nodes1","param_value_internal":1,"distribution":"{\"name\": \"CategoricalDistribution\", \"attributes\": {\"choices\": [16, 32, 64]}}"}
{"op_code":5,"worker_id":"748da0df-3f3c-40bc-b29c-fffb47a3bfb8-139679950972736","trial_id":210,"param_name":"nodes2","param_value_internal":2,"distribution":"{\"name\": \"CategoricalDistribution\", \"attributes\": {\"choices\": [32, 64, 128]}}"}
{"op_code":6,"worker_id":"748da0df-3f3c-40bc-b29c-fffb47a3bfb8-139679950972736","trial_id":210,"state":1,"values":[6.180689811706543],"datetime_complete":"2026-03-20T20:41:42.318632"}
{"op_code":0,"worker_id":"22c8d4aa-b64f-42a9-9a42-5facf6e9afdb-139679950972736","study_name":"custom_torch_tuning","directions":[1]}
{"op_code":4,"worker_id":"22c8d4aa-b64f-42a9-9a42-5facf6e9afdb-139679950972736","study_id":0,"datetime_start":"2026-03-20T20:53:21.275375"}
{"op_code":5,"worker_id":"22c8d4aa-b64f-42a9-9a42-5facf6e9afdb-139679950972736","trial_id":211,"param_name":"lr","param_value_internal":0.00042819012829690414,"distribution":"{\"name\": \"FloatDistribution\", \"attributes\": {\"step\": null, \"low\": 0.0001, \"high\": 0.1, \"log\": true}}"}
{"op_code":5,"worker_id":"22c8d4aa-b64f-42a9-9a42-5facf6e9afdb-139679950972736","trial_id":211,"param_name":"dropout","param_value_internal":0.21570338105464118,"distribution":"{\"name\": \"FloatDistribution\", \"attributes\": {\"step\": null, \"low\": 0.1, \"high\": 0.5, \"log\": false}}"}
{"op_code":5,"worker_id":"22c8d4aa-b64f-42a9-9a42-5facf6e9afdb-139679950972736","trial_id":211,"param_name":"nodes1","param_value_internal":1,"distribution":"{\"name\": \"CategoricalDistribution\", \"attributes\": {\"choices\": [16, 32, 64]}}"}
{"op_code":5,"worker_id":"22c8d4aa-b64f-42a9-9a42-5facf6e9afdb-139679950972736","trial_id":211,"param_name":"nodes2","param_value_internal":1,"distribution":"{\"name\": \"CategoricalDistribution\", \"attributes\": {\"choices\": [32, 64, 128]}}"}
{"op_code":6,"worker_id":"22c8d4aa-b64f-42a9-9a42-5facf6e9afdb-139679950972736","trial_id":211,"state":1,"values":[6.075109004974365],"datetime_complete":"2026-03-20T20:53:25.250081"}
{"op_code":4,"worker_id":"22c8d4aa-b64f-42a9-9a42-5facf6e9afdb-139679950972736","study_id":0,"datetime_start":"2026-03-20T20:53:25.269031"}
{"op_code":5,"worker_id":"22c8d4aa-b64f-42a9-9a42-5facf6e9afdb-139679950972736","trial_id":212,"param_name":"lr","param_value_internal":0.00020986861065399253,"distribution":"{\"name\": \"FloatDistribution\", \"attributes\": {\"step\": null, \"low\": 0.0001, \"high\": 0.1, \"log\": true}}"}
{"op_code":5,"worker_id":"22c8d4aa-b64f-42a9-9a42-5facf6e9afdb-139679950972736","trial_id":212,"param_name":"dropout","param_value_internal":0.2080405276457913,"distribution":"{\"name\": \"FloatDistribution\", \"attributes\": {\"step\": null, \"low\": 0.1, \"high\": 0.5, \"log\": false}}"}
{"op_code":5,"worker_id":"22c8d4aa-b64f-42a9-9a42-5facf6e9afdb-139679950972736","trial_id":212,"param_name":"nodes1","param_value_internal":1,"distribution":"{\"name\": \"CategoricalDistribution\", \"attributes\": {\"choices\": [16, 32, 64]}}"}
{"op_code":5,"worker_id":"22c8d4aa-b64f-42a9-9a42-5facf6e9afdb-139679950972736","trial_id":212,"param_name":"nodes2","param_value_internal":0,"distribution":"{\"name\": \"CategoricalDistribution\", \"attributes\": {\"choices\": [32, 64, 128]}}"}
{"op_code":6,"worker_id":"22c8d4aa-b64f-42a9-9a42-5facf6e9afdb-139679950972736","trial_id":212,"state":1,"values":[6.059460639953613],"datetime_complete":"2026-03-20T20:53:29.478163"}
{"op_code":4,"worker_id":"22c8d4aa-b64f-42a9-9a42-5facf6e9afdb-139679950972736","study_id":0,"datetime_start":"2026-03-20T20:53:29.496991"}
{"op_code":5,"worker_id":"22c8d4aa-b64f-42a9-9a42-5facf6e9afdb-139679950972736","trial_id":213,"param_name":"lr","param_value_internal":0.00025486370085119905,"distribution":"{\"name\": \"FloatDistribution\", \"attributes\": {\"step\": null, \"low\": 0.0001, \"high\": 0.1, \"log\": true}}"}
{"op_code":5,"worker_id":"22c8d4aa-b64f-42a9-9a42-5facf6e9afdb-139679950972736","trial_id":213,"param_name":"dropout","param_value_internal":0.2234154105996573,"distribution":"{\"name\": \"FloatDistribution\", \"attributes\": {\"step\": null, \"low\": 0.1, \"high\": 0.5, \"log\": false}}"}
{"op_code":5,"worker_id":"22c8d4aa-b64f-42a9-9a42-5facf6e9afdb-139679950972736","trial_id":213,"param_name":"nodes1","param_value_internal":1,"distribution":"{\"name\": \"CategoricalDistribution\", \"attributes\": {\"choices\": [16, 32, 64]}}"}
{"op_code":5,"worker_id":"22c8d4aa-b64f-42a9-9a42-5facf6e9afdb-139679950972736","trial_id":213,"param_name":"nodes2","param_value_internal":0,"distribution":"{\"name\": \"CategoricalDistribution\", \"attributes\": {\"choices\": [32, 64, 128]}}"}
{"op_code":6,"worker_id":"22c8d4aa-b64f-42a9-9a42-5facf6e9afdb-139679950972736","trial_id":213,"state":1,"values":[6.096868515014648],"datetime_complete":"2026-03-20T20:53:33.613679"}
{"op_code":4,"worker_id":"22c8d4aa-b64f-42a9-9a42-5facf6e9afdb-139679950972736","study_id":0,"datetime_start":"2026-03-20T20:53:33.636955"}
{"op_code":5,"worker_id":"22c8d4aa-b64f-42a9-9a42-5facf6e9afdb-139679950972736","trial_id":214,"param_name":"lr","param_value_internal":0.002865048137871365,"distribution":"{\"name\": \"FloatDistribution\", \"attributes\": {\"step\": null, \"low\": 0.0001, \"high\": 0.1, \"log\": true}}"}
{"op_code":5,"worker_id":"22c8d4aa-b64f-42a9-9a42-5facf6e9afdb-139679950972736","trial_id":214,"param_name":"dropout","param_value_internal":0.20706593345906743,"distribution":"{\"name\": \"FloatDistribution\", \"attributes\": {\"step\": null, \"low\": 0.1, \"high\": 0.5, \"log\": false}}"}
{"op_code":5,"worker_id":"22c8d4aa-b64f-42a9-9a42-5facf6e9afdb-139679950972736","trial_id":214,"param_name":"nodes1","param_value_internal":1,"distribution":"{\"name\": \"CategoricalDistribution\", \"attributes\": {\"choices\": [16, 32, 64]}}"}
{"op_code":5,"worker_id":"22c8d4aa-b64f-42a9-9a42-5facf6e9afdb-139679950972736","trial_id":214,"param_name":"nodes2","param_value_internal":0,"distribution":"{\"name\": \"CategoricalDistribution\", \"attributes\": {\"choices\": [32, 64, 128]}}"}
{"op_code":6,"worker_id":"22c8d4aa-b64f-42a9-9a42-5facf6e9afdb-139679950972736","trial_id":214,"state":1,"values":[6.181923866271973],"datetime_complete":"2026-03-20T20:53:37.760750"}
{"op_code":4,"worker_id":"22c8d4aa-b64f-42a9-9a42-5facf6e9afdb-139679950972736","study_id":0,"datetime_start":"2026-03-20T20:53:37.787169"}
{"op_code":5,"worker_id":"22c8d4aa-b64f-42a9-9a42-5facf6e9afdb-139679950972736","trial_id":215,"param_name":"lr","param_value_internal":0.000350774159528619,"distribution":"{\"name\": \"FloatDistribution\", \"attributes\": {\"step\": null, \"low\": 0.0001, \"high\": 0.1, \"log\": true}}"}
{"op_code":5,"worker_id":"22c8d4aa-b64f-42a9-9a42-5facf6e9afdb-139679950972736","trial_id":215,"param_name":"dropout","param_value_internal":0.2007194220224567,"distribution":"{\"name\": \"FloatDistribution\", \"attributes\": {\"step\": null, \"low\": 0.1, \"high\": 0.5, \"log\": false}}"}
{"op_code":5,"worker_id":"22c8d4aa-b64f-42a9-9a42-5facf6e9afdb-139679950972736","trial_id":215,"param_name":"nodes1","param_value_internal":1,"distribution":"{\"name\": \"CategoricalDistribution\", \"attributes\": {\"choices\": [16, 32, 64]}}"}
{"op_code":5,"worker_id":"22c8d4aa-b64f-42a9-9a42-5facf6e9afdb-139679950972736","trial_id":215,"param_name":"nodes2","param_value_internal":0,"distribution":"{\"name\": \"CategoricalDistribution\", \"attributes\": {\"choices\": [32, 64, 128]}}"}
{"op_code":6,"worker_id":"22c8d4aa-b64f-42a9-9a42-5facf6e9afdb-139679950972736","trial_id":215,"state":1,"values":[6.042498588562012],"datetime_complete":"2026-03-20T20:53:42.032035"}
{"op_code":4,"worker_id":"22c8d4aa-b64f-42a9-9a42-5facf6e9afdb-139679950972736","study_id":0,"datetime_start":"2026-03-20T20:53:42.051327"}
{"op_code":5,"worker_id":"22c8d4aa-b64f-42a9-9a42-5facf6e9afdb-139679950972736","trial_id":216,"param_name":"lr","param_value_internal":0.00037203191060399194,"distribution":"{\"name\": \"FloatDistribution\", \"attributes\": {\"step\": null, \"low\": 0.0001, \"high\": 0.1, \"log\": true}}"}
{"op_code":5,"worker_id":"22c8d4aa-b64f-42a9-9a42-5facf6e9afdb-139679950972736","trial_id":216,"param_name":"dropout","param_value_internal":0.19418064037346672,"distribution":"{\"name\": \"FloatDistribution\", \"attributes\": {\"step\": null, \"low\": 0.1, \"high\": 0.5, \"log\": false}}"}
{"op_code":5,"worker_id":"22c8d4aa-b64f-42a9-9a42-5facf6e9afdb-139679950972736","trial_id":216,"param_name":"nodes1","param_value_internal":1,"distribution":"{\"name\": \"CategoricalDistribution\", \"attributes\": {\"choices\": [16, 32, 64]}}"}
{"op_code":5,"worker_id":"22c8d4aa-b64f-42a9-9a42-5facf6e9afdb-139679950972736","trial_id":216,"param_name":"nodes2","param_value_internal":0,"distribution":"{\"name\": \"CategoricalDistribution\", \"attributes\": {\"choices\": [32, 64, 128]}}"}
{"op_code":6,"worker_id":"22c8d4aa-b64f-42a9-9a42-5facf6e9afdb-139679950972736","trial_id":216,"state":1,"values":[6.0318827629089355],"datetime_complete":"2026-03-20T20:53:46.137423"}
{"op_code":4,"worker_id":"22c8d4aa-b64f-42a9-9a42-5facf6e9afdb-139679950972736","study_id":0,"datetime_start":"2026-03-20T20:53:46.165954"}
{"op_code":5,"worker_id":"22c8d4aa-b64f-42a9-9a42-5facf6e9afdb-139679950972736","trial_id":217,"param_name":"lr","param_value_internal":0.0003823948649363984,"distribution":"{\"name\": \"FloatDistribution\", \"attributes\": {\"step\": null, \"low\": 0.0001, \"high\": 0.1, \"log\": true}}"}
{"op_code":5,"worker_id":"22c8d4aa-b64f-42a9-9a42-5facf6e9afdb-139679950972736","trial_id":217,"param_name":"dropout","param_value_internal":0.1994491729237494,"distribution":"{\"name\": \"FloatDistribution\", \"attributes\": {\"step\": null, \"low\": 0.1, \"high\": 0.5, \"log\": false}}"}
{"op_code":5,"worker_id":"22c8d4aa-b64f-42a9-9a42-5facf6e9afdb-139679950972736","trial_id":217,"param_name":"nodes1","param_value_internal":1,"distribution":"{\"name\": \"CategoricalDistribution\", \"attributes\": {\"choices\": [16, 32, 64]}}"}
{"op_code":5,"worker_id":"22c8d4aa-b64f-42a9-9a42-5facf6e9afdb-139679950972736","trial_id":217,"param_name":"nodes2","param_value_internal":0,"distribution":"{\"name\": \"CategoricalDistribution\", \"attributes\": {\"choices\": [32, 64, 128]}}"}
{"op_code":6,"worker_id":"22c8d4aa-b64f-42a9-9a42-5facf6e9afdb-139679950972736","trial_id":217,"state":1,"values":[6.070694923400879],"datetime_complete":"2026-03-20T20:53:50.536466"}
{"op_code":4,"worker_id":"22c8d4aa-b64f-42a9-9a42-5facf6e9afdb-139679950972736","study_id":0,"datetime_start":"2026-03-20T20:53:50.563427"}
{"op_code":5,"worker_id":"22c8d4aa-b64f-42a9-9a42-5facf6e9afdb-139679950972736","trial_id":218,"param_name":"lr","param_value_internal":0.0003456499772283476,"distribution":"{\"name\": \"FloatDistribution\", \"attributes\": {\"step\": null, \"low\": 0.0001, \"high\": 0.1, \"log\": true}}"}
{"op_code":5,"worker_id":"22c8d4aa-b64f-42a9-9a42-5facf6e9afdb-139679950972736","trial_id":218,"param_name":"dropout","param_value_internal":0.1905008931370536,"distribution":"{\"name\": \"FloatDistribution\", \"attributes\": {\"step\": null, \"low\": 0.1, \"high\": 0.5, \"log\": false}}"}
{"op_code":5,"worker_id":"22c8d4aa-b64f-42a9-9a42-5facf6e9afdb-139679950972736","trial_id":218,"param_name":"nodes1","param_value_internal":1,"distribution":"{\"name\": \"CategoricalDistribution\", \"attributes\": {\"choices\": [16, 32, 64]}}"}
{"op_code":5,"worker_id":"22c8d4aa-b64f-42a9-9a42-5facf6e9afdb-139679950972736","trial_id":218,"param_name":"nodes2","param_value_internal":0,"distribution":"{\"name\": \"CategoricalDistribution\", \"attributes\": {\"choices\": [32, 64, 128]}}"}
{"op_code":6,"worker_id":"22c8d4aa-b64f-42a9-9a42-5facf6e9afdb-139679950972736","trial_id":218,"state":1,"values":[6.034717559814453],"datetime_complete":"2026-03-20T20:53:54.725983"}
{"op_code":4,"worker_id":"22c8d4aa-b64f-42a9-9a42-5facf6e9afdb-139679950972736","study_id":0,"datetime_start":"2026-03-20T20:53:54.748464"}
{"op_code":5,"worker_id":"22c8d4aa-b64f-42a9-9a42-5facf6e9afdb-139679950972736","trial_id":219,"param_name":"lr","param_value_internal":0.0003274153622053242,"distribution":"{\"name\": \"FloatDistribution\", \"attributes\": {\"step\": null, \"low\": 0.0001, \"high\": 0.1, \"log\": true}}"}
{"op_code":5,"worker_id":"22c8d4aa-b64f-42a9-9a42-5facf6e9afdb-139679950972736","trial_id":219,"param_name":"dropout","param_value_internal":0.1897582202818279,"distribution":"{\"name\": \"FloatDistribution\", \"attributes\": {\"step\": null, \"low\": 0.1, \"high\": 0.5, \"log\": false}}"}
{"op_code":5,"worker_id":"22c8d4aa-b64f-42a9-9a42-5facf6e9afdb-139679950972736","trial_id":219,"param_name":"nodes1","param_value_internal":1,"distribution":"{\"name\": \"CategoricalDistribution\", \"attributes\": {\"choices\": [16, 32, 64]}}"}
{"op_code":5,"worker_id":"22c8d4aa-b64f-42a9-9a42-5facf6e9afdb-139679950972736","trial_id":219,"param_name":"nodes2","param_value_internal":0,"distribution":"{\"name\": \"CategoricalDistribution\", \"attributes\": {\"choices\": [32, 64, 128]}}"}
{"op_code":6,"worker_id":"22c8d4aa-b64f-42a9-9a42-5facf6e9afdb-139679950972736","trial_id":219,"state":1,"values":[6.04215669631958],"datetime_complete":"2026-03-20T20:53:58.835253"}
{"op_code":4,"worker_id":"22c8d4aa-b64f-42a9-9a42-5facf6e9afdb-139679950972736","study_id":0,"datetime_start":"2026-03-20T20:54:00.387767"}
{"op_code":5,"worker_id":"22c8d4aa-b64f-42a9-9a42-5facf6e9afdb-139679950972736","trial_id":220,"param_name":"lr","param_value_internal":0.0003473246954957588,"distribution":"{\"name\": \"FloatDistribution\", \"attributes\": {\"step\": null, \"low\": 0.0001, \"high\": 0.1, \"log\": true}}"}
{"op_code":5,"worker_id":"22c8d4aa-b64f-42a9-9a42-5facf6e9afdb-139679950972736","trial_id":220,"param_name":"dropout","param_value_internal":0.1844240988603521,"distribution":"{\"name\": \"FloatDistribution\", \"attributes\": {\"step\": null, \"low\": 0.1, \"high\": 0.5, \"log\": false}}"}
{"op_code":5,"worker_id":"22c8d4aa-b64f-42a9-9a42-5facf6e9afdb-139679950972736","trial_id":220,"param_name":"nodes1","param_value_internal":1,"distribution":"{\"name\": \"CategoricalDistribution\", \"attributes\": {\"choices\": [16, 32, 64]}}"}
{"op_code":5,"worker_id":"22c8d4aa-b64f-42a9-9a42-5facf6e9afdb-139679950972736","trial_id":220,"param_name":"nodes2","param_value_internal":0,"distribution":"{\"name\": \"CategoricalDistribution\", \"attributes\": {\"choices\": [32, 64, 128]}}"}
{"op_code":6,"worker_id":"22c8d4aa-b64f-42a9-9a42-5facf6e9afdb-139679950972736","trial_id":220,"state":1,"values":[6.057430267333984],"datetime_complete":"2026-03-20T20:54:04.528279"}
{"op_code":0,"worker_id":"10df425d-4280-43e8-9e81-52195d5c7efb-139679950972736","study_name":"custom_torch_tuning","directions":[1]}
{"op_code":4,"worker_id":"10df425d-4280-43e8-9e81-52195d5c7efb-139679950972736","study_id":0,"datetime_start":"2026-03-20T21:05:22.268144"}
{"op_code":5,"worker_id":"10df425d-4280-43e8-9e81-52195d5c7efb-139679950972736","trial_id":221,"param_name":"lr","param_value_internal":0.00045780063682072063,"distribution":"{\"name\": \"FloatDistribution\", \"attributes\": {\"step\": null, \"low\": 0.0001, \"high\": 0.1, \"log\": true}}"}
{"op_code":5,"worker_id":"10df425d-4280-43e8-9e81-52195d5c7efb-139679950972736","trial_id":221,"param_name":"dropout","param_value_internal":0.19378070658721291,"distribution":"{\"name\": \"FloatDistribution\", \"attributes\": {\"step\": null, \"low\": 0.1, \"high\": 0.5, \"log\": false}}"}
{"op_code":5,"worker_id":"10df425d-4280-43e8-9e81-52195d5c7efb-139679950972736","trial_id":221,"param_name":"nodes1","param_value_internal":1,"distribution":"{\"name\": \"CategoricalDistribution\", \"attributes\": {\"choices\": [16, 32, 64]}}"}
{"op_code":5,"worker_id":"10df425d-4280-43e8-9e81-52195d5c7efb-139679950972736","trial_id":221,"param_name":"nodes2","param_value_internal":0,"distribution":"{\"name\": \"CategoricalDistribution\", \"attributes\": {\"choices\": [32, 64, 128]}}"}
{"op_code":6,"worker_id":"10df425d-4280-43e8-9e81-52195d5c7efb-139679950972736","trial_id":221,"state":1,"values":[6.1575846672058105],"datetime_complete":"2026-03-20T21:05:25.934091"}
{"op_code":4,"worker_id":"10df425d-4280-43e8-9e81-52195d5c7efb-139679950972736","study_id":0,"datetime_start":"2026-03-20T21:05:25.956659"}
{"op_code":5,"worker_id":"10df425d-4280-43e8-9e81-52195d5c7efb-139679950972736","trial_id":222,"param_name":"lr","param_value_internal":0.00032416536727732374,"distribution":"{\"name\": \"FloatDistribution\", \"attributes\": {\"step\": null, \"low\": 0.0001, \"high\": 0.1, \"log\": true}}"}
{"op_code":5,"worker_id":"10df425d-4280-43e8-9e81-52195d5c7efb-139679950972736","trial_id":222,"param_name":"dropout","param_value_internal":0.20024431578150925,"distribution":"{\"name\": \"FloatDistribution\", \"attributes\": {\"step\": null, \"low\": 0.1, \"high\": 0.5, \"log\": false}}"}
{"op_code":5,"worker_id":"10df425d-4280-43e8-9e81-52195d5c7efb-139679950972736","trial_id":222,"param_name":"nodes1","param_value_internal":1,"distribution":"{\"name\": \"CategoricalDistribution\", \"attributes\": {\"choices\": [16, 32, 64]}}"}
{"op_code":5,"worker_id":"10df425d-4280-43e8-9e81-52195d5c7efb-139679950972736","trial_id":222,"param_name":"nodes2","param_value_internal":0,"distribution":"{\"name\": \"CategoricalDistribution\", \"attributes\": {\"choices\": [32, 64, 128]}}"}
{"op_code":6,"worker_id":"10df425d-4280-43e8-9e81-52195d5c7efb-139679950972736","trial_id":222,"state":1,"values":[6.170541763305664],"datetime_complete":"2026-03-20T21:05:29.751584"}
{"op_code":4,"worker_id":"10df425d-4280-43e8-9e81-52195d5c7efb-139679950972736","study_id":0,"datetime_start":"2026-03-20T21:05:29.766924"}
{"op_code":5,"worker_id":"10df425d-4280-43e8-9e81-52195d5c7efb-139679950972736","trial_id":223,"param_name":"lr","param_value_internal":0.0003853075501030381,"distribution":"{\"name\": \"FloatDistribution\", \"attributes\": {\"step\": null, \"low\": 0.0001, \"high\": 0.1, \"log\": true}}"}
{"op_code":5,"worker_id":"10df425d-4280-43e8-9e81-52195d5c7efb-139679950972736","trial_id":223,"param_name":"dropout","param_value_internal":0.18793092992217922,"distribution":"{\"name\": \"FloatDistribution\", \"attributes\": {\"step\": null, \"low\": 0.1, \"high\": 0.5, \"log\": false}}"}
{"op_code":5,"worker_id":"10df425d-4280-43e8-9e81-52195d5c7efb-139679950972736","trial_id":223,"param_name":"nodes1","param_value_internal":1,"distribution":"{\"name\": \"CategoricalDistribution\", \"attributes\": {\"choices\": [16, 32, 64]}}"}
{"op_code":5,"worker_id":"10df425d-4280-43e8-9e81-52195d5c7efb-139679950972736","trial_id":223,"param_name":"nodes2","param_value_internal":0,"distribution":"{\"name\": \"CategoricalDistribution\", \"attributes\": {\"choices\": [32, 64, 128]}}"}
{"op_code":6,"worker_id":"10df425d-4280-43e8-9e81-52195d5c7efb-139679950972736","trial_id":223,"state":1,"values":[6.175146102905273],"datetime_complete":"2026-03-20T21:05:33.749683"}
{"op_code":4,"worker_id":"10df425d-4280-43e8-9e81-52195d5c7efb-139679950972736","study_id":0,"datetime_start":"2026-03-20T21:05:33.763129"}
{"op_code":5,"worker_id":"10df425d-4280-43e8-9e81-52195d5c7efb-139679950972736","trial_id":224,"param_name":"lr","param_value_internal":0.0002967709765559085,"distribution":"{\"name\": \"FloatDistribution\", \"attributes\": {\"step\": null, \"low\": 0.0001, \"high\": 0.1, \"log\": true}}"}
{"op_code":5,"worker_id":"10df425d-4280-43e8-9e81-52195d5c7efb-139679950972736","trial_id":224,"param_name":"dropout","param_value_internal":0.19234257999434204,"distribution":"{\"name\": \"FloatDistribution\", \"attributes\": {\"step\": null, \"low\": 0.1, \"high\": 0.5, \"log\": false}}"}
{"op_code":5,"worker_id":"10df425d-4280-43e8-9e81-52195d5c7efb-139679950972736","trial_id":224,"param_name":"nodes1","param_value_internal":1,"distribution":"{\"name\": \"CategoricalDistribution\", \"attributes\": {\"choices\": [16, 32, 64]}}"}
{"op_code":5,"worker_id":"10df425d-4280-43e8-9e81-52195d5c7efb-139679950972736","trial_id":224,"param_name":"nodes2","param_value_internal":0,"distribution":"{\"name\": \"CategoricalDistribution\", \"attributes\": {\"choices\": [32, 64, 128]}}"}
{"op_code":6,"worker_id":"10df425d-4280-43e8-9e81-52195d5c7efb-139679950972736","trial_id":224,"state":1,"values":[6.1836090087890625],"datetime_complete":"2026-03-20T21:05:37.429744"}
{"op_code":4,"worker_id":"10df425d-4280-43e8-9e81-52195d5c7efb-139679950972736","study_id":0,"datetime_start":"2026-03-20T21:05:37.446043"}
{"op_code":5,"worker_id":"10df425d-4280-43e8-9e81-52195d5c7efb-139679950972736","trial_id":225,"param_name":"lr","param_value_internal":0.00034248365566762694,"distribution":"{\"name\": \"FloatDistribution\", \"attributes\": {\"step\": null, \"low\": 0.0001, \"high\": 0.1, \"log\": true}}"}
{"op_code":5,"worker_id":"10df425d-4280-43e8-9e81-52195d5c7efb-139679950972736","trial_id":225,"param_name":"dropout","param_value_internal":0.18161816311869614,"distribution":"{\"name\": \"FloatDistribution\", \"attributes\": {\"step\": null, \"low\": 0.1, \"high\": 0.5, \"log\": false}}"}
{"op_code":5,"worker_id":"10df425d-4280-43e8-9e81-52195d5c7efb-139679950972736","trial_id":225,"param_name":"nodes1","param_value_internal":1,"distribution":"{\"name\": \"CategoricalDistribution\", \"attributes\": {\"choices\": [16, 32, 64]}}"}
{"op_code":5,"worker_id":"10df425d-4280-43e8-9e81-52195d5c7efb-139679950972736","trial_id":225,"param_name":"nodes2","param_value_internal":0,"distribution":"{\"name\": \"CategoricalDistribution\", \"attributes\": {\"choices\": [32, 64, 128]}}"}
{"op_code":6,"worker_id":"10df425d-4280-43e8-9e81-52195d5c7efb-139679950972736","trial_id":225,"state":1,"values":[6.202876091003418],"datetime_complete":"2026-03-20T21:05:41.202839"}
{"op_code":4,"worker_id":"10df425d-4280-43e8-9e81-52195d5c7efb-139679950972736","study_id":0,"datetime_start":"2026-03-20T21:05:41.222182"}
{"op_code":5,"worker_id":"10df425d-4280-43e8-9e81-52195d5c7efb-139679950972736","trial_id":226,"param_name":"lr","param_value_internal":0.0004131612853208754,"distribution":"{\"name\": \"FloatDistribution\", \"attributes\": {\"step\": null, \"low\": 0.0001, \"high\": 0.1, \"log\": true}}"}
{"op_code":5,"worker_id":"10df425d-4280-43e8-9e81-52195d5c7efb-139679950972736","trial_id":226,"param_name":"dropout","param_value_internal":0.200117871578251,"distribution":"{\"name\": \"FloatDistribution\", \"attributes\": {\"step\": null, \"low\": 0.1, \"high\": 0.5, \"log\": false}}"}
{"op_code":5,"worker_id":"10df425d-4280-43e8-9e81-52195d5c7efb-139679950972736","trial_id":226,"param_name":"nodes1","param_value_internal":1,"distribution":"{\"name\": \"CategoricalDistribution\", \"attributes\": {\"choices\": [16, 32, 64]}}"}
{"op_code":5,"worker_id":"10df425d-4280-43e8-9e81-52195d5c7efb-139679950972736","trial_id":226,"param_name":"nodes2","param_value_internal":0,"distribution":"{\"name\": \"CategoricalDistribution\", \"attributes\": {\"choices\": [32, 64, 128]}}"}
{"op_code":6,"worker_id":"10df425d-4280-43e8-9e81-52195d5c7efb-139679950972736","trial_id":226,"state":1,"values":[6.182686805725098],"datetime_complete":"2026-03-20T21:05:45.453785"}
{"op_code":4,"worker_id":"10df425d-4280-43e8-9e81-52195d5c7efb-139679950972736","study_id":0,"datetime_start":"2026-03-20T21:05:45.470604"}
{"op_code":5,"worker_id":"10df425d-4280-43e8-9e81-52195d5c7efb-139679950972736","trial_id":227,"param_name":"lr","param_value_internal":0.00046793099899423746,"distribution":"{\"name\": \"FloatDistribution\", \"attributes\": {\"step\": null, \"low\": 0.0001, \"high\": 0.1, \"log\": true}}"}
{"op_code":5,"worker_id":"10df425d-4280-43e8-9e81-52195d5c7efb-139679950972736","trial_id":227,"param_name":"dropout","param_value_internal":0.21226074378884888,"distribution":"{\"name\": \"FloatDistribution\", \"attributes\": {\"step\": null, \"low\": 0.1, \"high\": 0.5, \"log\": false}}"}
{"op_code":5,"worker_id":"10df425d-4280-43e8-9e81-52195d5c7efb-139679950972736","trial_id":227,"param_name":"nodes1","param_value_internal":1,"distribution":"{\"name\": \"CategoricalDistribution\", \"attributes\": {\"choices\": [16, 32, 64]}}"}
{"op_code":5,"worker_id":"10df425d-4280-43e8-9e81-52195d5c7efb-139679950972736","trial_id":227,"param_name":"nodes2","param_value_internal":0,"distribution":"{\"name\": \"CategoricalDistribution\", \"attributes\": {\"choices\": [32, 64, 128]}}"}
{"op_code":6,"worker_id":"10df425d-4280-43e8-9e81-52195d5c7efb-139679950972736","trial_id":227,"state":1,"values":[6.162203788757324],"datetime_complete":"2026-03-20T21:05:49.462779"}
{"op_code":4,"worker_id":"10df425d-4280-43e8-9e81-52195d5c7efb-139679950972736","study_id":0,"datetime_start":"2026-03-20T21:05:49.485949"}
{"op_code":5,"worker_id":"10df425d-4280-43e8-9e81-52195d5c7efb-139679950972736","trial_id":228,"param_name":"lr","param_value_internal":0.00028719668031079666,"distribution":"{\"name\": \"FloatDistribution\", \"attributes\": {\"step\": null, \"low\": 0.0001, \"high\": 0.1, \"log\": true}}"}
{"op_code":5,"worker_id":"10df425d-4280-43e8-9e81-52195d5c7efb-139679950972736","trial_id":228,"param_name":"dropout","param_value_internal":0.20414009267502964,"distribution":"{\"name\": \"FloatDistribution\", \"attributes\": {\"step\": null, \"low\": 0.1, \"high\": 0.5, \"log\": false}}"}
{"op_code":5,"worker_id":"10df425d-4280-43e8-9e81-52195d5c7efb-139679950972736","trial_id":228,"param_name":"nodes1","param_value_internal":1,"distribution":"{\"name\": \"CategoricalDistribution\", \"attributes\": {\"choices\": [16, 32, 64]}}"}
{"op_code":5,"worker_id":"10df425d-4280-43e8-9e81-52195d5c7efb-139679950972736","trial_id":228,"param_name":"nodes2","param_value_internal":0,"distribution":"{\"name\": \"CategoricalDistribution\", \"attributes\": {\"choices\": [32, 64, 128]}}"}
{"op_code":6,"worker_id":"10df425d-4280-43e8-9e81-52195d5c7efb-139679950972736","trial_id":228,"state":1,"values":[6.219841957092285],"datetime_complete":"2026-03-20T21:05:53.937251"}
{"op_code":4,"worker_id":"10df425d-4280-43e8-9e81-52195d5c7efb-139679950972736","study_id":0,"datetime_start":"2026-03-20T21:05:53.954263"}
{"op_code":5,"worker_id":"10df425d-4280-43e8-9e81-52195d5c7efb-139679950972736","trial_id":229,"param_name":"lr","param_value_internal":0.00035439579334017483,"distribution":"{\"name\": \"FloatDistribution\", \"attributes\": {\"step\": null, \"low\": 0.0001, \"high\": 0.1, \"log\": true}}"}
{"op_code":5,"worker_id":"10df425d-4280-43e8-9e81-52195d5c7efb-139679950972736","trial_id":229,"param_name":"dropout","param_value_internal":0.19274489622587865,"distribution":"{\"name\": \"FloatDistribution\", \"attributes\": {\"step\": null, \"low\": 0.1, \"high\": 0.5, \"log\": false}}"}
{"op_code":5,"worker_id":"10df425d-4280-43e8-9e81-52195d5c7efb-139679950972736","trial_id":229,"param_name":"nodes1","param_value_internal":2,"distribution":"{\"name\": \"CategoricalDistribution\", \"attributes\": {\"choices\": [16, 32, 64]}}"}
{"op_code":5,"worker_id":"10df425d-4280-43e8-9e81-52195d5c7efb-139679950972736","trial_id":229,"param_name":"nodes2","param_value_internal":0,"distribution":"{\"name\": \"CategoricalDistribution\", \"attributes\": {\"choices\": [32, 64, 128]}}"}
{"op_code":6,"worker_id":"10df425d-4280-43e8-9e81-52195d5c7efb-139679950972736","trial_id":229,"state":1,"values":[6.187774181365967],"datetime_complete":"2026-03-20T21:05:58.370764"}
{"op_code":4,"worker_id":"10df425d-4280-43e8-9e81-52195d5c7efb-139679950972736","study_id":0,"datetime_start":"2026-03-20T21:05:58.389087"}
{"op_code":5,"worker_id":"10df425d-4280-43e8-9e81-52195d5c7efb-139679950972736","trial_id":230,"param_name":"lr","param_value_internal":0.0005238119280719449,"distribution":"{\"name\": \"FloatDistribution\", \"attributes\": {\"step\": null, \"low\": 0.0001, \"high\": 0.1, \"log\": true}}"}
{"op_code":5,"worker_id":"10df425d-4280-43e8-9e81-52195d5c7efb-139679950972736","trial_id":230,"param_name":"dropout","param_value_internal":0.17726170307387834,"distribution":"{\"name\": \"FloatDistribution\", \"attributes\": {\"step\": null, \"low\": 0.1, \"high\": 0.5, \"log\": false}}"}
{"op_code":5,"worker_id":"10df425d-4280-43e8-9e81-52195d5c7efb-139679950972736","trial_id":230,"param_name":"nodes1","param_value_internal":1,"distribution":"{\"name\": \"CategoricalDistribution\", \"attributes\": {\"choices\": [16, 32, 64]}}"}
{"op_code":5,"worker_id":"10df425d-4280-43e8-9e81-52195d5c7efb-139679950972736","trial_id":230,"param_name":"nodes2","param_value_internal":0,"distribution":"{\"name\": \"CategoricalDistribution\", \"attributes\": {\"choices\": [32, 64, 128]}}"}
{"op_code":6,"worker_id":"10df425d-4280-43e8-9e81-52195d5c7efb-139679950972736","trial_id":230,"state":1,"values":[6.175516128540039],"datetime_complete":"2026-03-20T21:06:02.242937"}
{"op_code":0,"worker_id":"8c7f821b-a475-435e-9742-0f42e7c15a10-140104713647936","study_name":"custom_torch_tuning","directions":[1]}
{"op_code":4,"worker_id":"8c7f821b-a475-435e-9742-0f42e7c15a10-140104713647936","study_id":0,"datetime_start":"2026-03-20T22:08:08.631953"}
{"op_code":5,"worker_id":"8c7f821b-a475-435e-9742-0f42e7c15a10-140104713647936","trial_id":231,"param_name":"lr","param_value_internal":0.00030291641863354127,"distribution":"{\"name\": \"FloatDistribution\", \"attributes\": {\"step\": null, \"low\": 0.0001, \"high\": 0.1, \"log\": true}}"}
{"op_code":5,"worker_id":"8c7f821b-a475-435e-9742-0f42e7c15a10-140104713647936","trial_id":231,"param_name":"dropout","param_value_internal":0.49251999095523114,"distribution":"{\"name\": \"FloatDistribution\", \"attributes\": {\"step\": null, \"low\": 0.1, \"high\": 0.5, \"log\": false}}"}
{"op_code":5,"worker_id":"8c7f821b-a475-435e-9742-0f42e7c15a10-140104713647936","trial_id":231,"param_name":"nodes1","param_value_internal":1,"distribution":"{\"name\": \"CategoricalDistribution\", \"attributes\": {\"choices\": [16, 32, 64]}}"}
{"op_code":5,"worker_id":"8c7f821b-a475-435e-9742-0f42e7c15a10-140104713647936","trial_id":231,"param_name":"nodes2","param_value_internal":0,"distribution":"{\"name\": \"CategoricalDistribution\", \"attributes\": {\"choices\": [32, 64, 128]}}"}
{"op_code":6,"worker_id":"8c7f821b-a475-435e-9742-0f42e7c15a10-140104713647936","trial_id":231,"state":1,"values":[6.135191917419434],"datetime_complete":"2026-03-20T22:08:12.525049"}
{"op_code":4,"worker_id":"8c7f821b-a475-435e-9742-0f42e7c15a10-140104713647936","study_id":0,"datetime_start":"2026-03-20T22:08:12.544979"}
{"op_code":5,"worker_id":"8c7f821b-a475-435e-9742-0f42e7c15a10-140104713647936","trial_id":232,"param_name":"lr","param_value_internal":0.0002653459346980221,"distribution":"{\"name\": \"FloatDistribution\", \"attributes\": {\"step\": null, \"low\": 0.0001, \"high\": 0.1, \"log\": true}}"}
{"op_code":5,"worker_id":"8c7f821b-a475-435e-9742-0f42e7c15a10-140104713647936","trial_id":232,"param_name":"dropout","param_value_internal":0.17136063373459487,"distribution":"{\"name\": \"FloatDistribution\", \"attributes\": {\"step\": null, \"low\": 0.1, \"high\": 0.5, \"log\": false}}"}
{"op_code":5,"worker_id":"8c7f821b-a475-435e-9742-0f42e7c15a10-140104713647936","trial_id":232,"param_name":"nodes1","param_value_internal":1,"distribution":"{\"name\": \"CategoricalDistribution\", \"attributes\": {\"choices\": [16, 32, 64]}}"}
{"op_code":5,"worker_id":"8c7f821b-a475-435e-9742-0f42e7c15a10-140104713647936","trial_id":232,"param_name":"nodes2","param_value_internal":0,"distribution":"{\"name\": \"CategoricalDistribution\", \"attributes\": {\"choices\": [32, 64, 128]}}"}
{"op_code":6,"worker_id":"8c7f821b-a475-435e-9742-0f42e7c15a10-140104713647936","trial_id":232,"state":1,"values":[6.095846176147461],"datetime_complete":"2026-03-20T22:08:16.436668"}
{"op_code":4,"worker_id":"8c7f821b-a475-435e-9742-0f42e7c15a10-140104713647936","study_id":0,"datetime_start":"2026-03-20T22:08:16.471067"}
{"op_code":5,"worker_id":"8c7f821b-a475-435e-9742-0f42e7c15a10-140104713647936","trial_id":233,"param_name":"lr","param_value_internal":0.0004281459857551188,"distribution":"{\"name\": \"FloatDistribution\", \"attributes\": {\"step\": null, \"low\": 0.0001, \"high\": 0.1, \"log\": true}}"}
{"op_code":5,"worker_id":"8c7f821b-a475-435e-9742-0f42e7c15a10-140104713647936","trial_id":233,"param_name":"dropout","param_value_internal":0.18455097161515222,"distribution":"{\"name\": \"FloatDistribution\", \"attributes\": {\"step\": null, \"low\": 0.1, \"high\": 0.5, \"log\": false}}"}
{"op_code":5,"worker_id":"8c7f821b-a475-435e-9742-0f42e7c15a10-140104713647936","trial_id":233,"param_name":"nodes1","param_value_internal":1,"distribution":"{\"name\": \"CategoricalDistribution\", \"attributes\": {\"choices\": [16, 32, 64]}}"}
{"op_code":5,"worker_id":"8c7f821b-a475-435e-9742-0f42e7c15a10-140104713647936","trial_id":233,"param_name":"nodes2","param_value_internal":0,"distribution":"{\"name\": \"CategoricalDistribution\", \"attributes\": {\"choices\": [32, 64, 128]}}"}
{"op_code":6,"worker_id":"8c7f821b-a475-435e-9742-0f42e7c15a10-140104713647936","trial_id":233,"state":1,"values":[6.104745388031006],"datetime_complete":"2026-03-20T22:08:20.288622"}
{"op_code":4,"worker_id":"8c7f821b-a475-435e-9742-0f42e7c15a10-140104713647936","study_id":0,"datetime_start":"2026-03-20T22:08:20.304227"}
{"op_code":5,"worker_id":"8c7f821b-a475-435e-9742-0f42e7c15a10-140104713647936","trial_id":234,"param_name":"lr","param_value_internal":0.000330317745341427,"distribution":"{\"name\": \"FloatDistribution\", \"attributes\": {\"step\": null, \"low\": 0.0001, \"high\": 0.1, \"log\": true}}"}
{"op_code":5,"worker_id":"8c7f821b-a475-435e-9742-0f42e7c15a10-140104713647936","trial_id":234,"param_name":"dropout","param_value_internal":0.19740369848423528,"distribution":"{\"name\": \"FloatDistribution\", \"attributes\": {\"step\": null, \"low\": 0.1, \"high\": 0.5, \"log\": false}}"}
{"op_code":5,"worker_id":"8c7f821b-a475-435e-9742-0f42e7c15a10-140104713647936","trial_id":234,"param_name":"nodes1","param_value_internal":1,"distribution":"{\"name\": \"CategoricalDistribution\", \"attributes\": {\"choices\": [16, 32, 64]}}"}
{"op_code":5,"worker_id":"8c7f821b-a475-435e-9742-0f42e7c15a10-140104713647936","trial_id":234,"param_name":"nodes2","param_value_internal":0,"distribution":"{\"name\": \"CategoricalDistribution\", \"attributes\": {\"choices\": [32, 64, 128]}}"}
{"op_code":6,"worker_id":"8c7f821b-a475-435e-9742-0f42e7c15a10-140104713647936","trial_id":234,"state":1,"values":[6.097446441650391],"datetime_complete":"2026-03-20T22:08:24.162836"}
{"op_code":4,"worker_id":"8c7f821b-a475-435e-9742-0f42e7c15a10-140104713647936","study_id":0,"datetime_start":"2026-03-20T22:08:24.187306"}
{"op_code":5,"worker_id":"8c7f821b-a475-435e-9742-0f42e7c15a10-140104713647936","trial_id":235,"param_name":"lr","param_value_internal":0.0002634069182099019,"distribution":"{\"name\": \"FloatDistribution\", \"attributes\": {\"step\": null, \"low\": 0.0001, \"high\": 0.1, \"log\": true}}"}
{"op_code":5,"worker_id":"8c7f821b-a475-435e-9742-0f42e7c15a10-140104713647936","trial_id":235,"param_name":"dropout","param_value_internal":0.16423751776665635,"distribution":"{\"name\": \"FloatDistribution\", \"attributes\": {\"step\": null, \"low\": 0.1, \"high\": 0.5, \"log\": false}}"}
{"op_code":5,"worker_id":"8c7f821b-a475-435e-9742-0f42e7c15a10-140104713647936","trial_id":235,"param_name":"nodes1","param_value_internal":1,"distribution":"{\"name\": \"CategoricalDistribution\", \"attributes\": {\"choices\": [16, 32, 64]}}"}
{"op_code":5,"worker_id":"8c7f821b-a475-435e-9742-0f42e7c15a10-140104713647936","trial_id":235,"param_name":"nodes2","param_value_internal":0,"distribution":"{\"name\": \"CategoricalDistribution\", \"attributes\": {\"choices\": [32, 64, 128]}}"}
{"op_code":6,"worker_id":"8c7f821b-a475-435e-9742-0f42e7c15a10-140104713647936","trial_id":235,"state":1,"values":[6.103092670440674],"datetime_complete":"2026-03-20T22:08:28.111840"}
{"op_code":4,"worker_id":"8c7f821b-a475-435e-9742-0f42e7c15a10-140104713647936","study_id":0,"datetime_start":"2026-03-20T22:08:28.144576"}
{"op_code":5,"worker_id":"8c7f821b-a475-435e-9742-0f42e7c15a10-140104713647936","trial_id":236,"param_name":"lr","param_value_internal":0.00037481233611911174,"distribution":"{\"name\": \"FloatDistribution\", \"attributes\": {\"step\": null, \"low\": 0.0001, \"high\": 0.1, \"log\": true}}"}
{"op_code":5,"worker_id":"8c7f821b-a475-435e-9742-0f42e7c15a10-140104713647936","trial_id":236,"param_name":"dropout","param_value_internal":0.21268535359787388,"distribution":"{\"name\": \"FloatDistribution\", \"attributes\": {\"step\": null, \"low\": 0.1, \"high\": 0.5, \"log\": false}}"}
{"op_code":5,"worker_id":"8c7f821b-a475-435e-9742-0f42e7c15a10-140104713647936","trial_id":236,"param_name":"nodes1","param_value_internal":1,"distribution":"{\"name\": \"CategoricalDistribution\", \"attributes\": {\"choices\": [16, 32, 64]}}"}
{"op_code":5,"worker_id":"8c7f821b-a475-435e-9742-0f42e7c15a10-140104713647936","trial_id":236,"param_name":"nodes2","param_value_internal":0,"distribution":"{\"name\": \"CategoricalDistribution\", \"attributes\": {\"choices\": [32, 64, 128]}}"}
{"op_code":6,"worker_id":"8c7f821b-a475-435e-9742-0f42e7c15a10-140104713647936","trial_id":236,"state":1,"values":[6.085489749908447],"datetime_complete":"2026-03-20T22:08:31.744419"}
{"op_code":4,"worker_id":"8c7f821b-a475-435e-9742-0f42e7c15a10-140104713647936","study_id":0,"datetime_start":"2026-03-20T22:08:31.784930"}
{"op_code":5,"worker_id":"8c7f821b-a475-435e-9742-0f42e7c15a10-140104713647936","trial_id":237,"param_name":"lr","param_value_internal":0.0003618930921657408,"distribution":"{\"name\": \"FloatDistribution\", \"attributes\": {\"step\": null, \"low\": 0.0001, \"high\": 0.1, \"log\": true}}"}
{"op_code":5,"worker_id":"8c7f821b-a475-435e-9742-0f42e7c15a10-140104713647936","trial_id":237,"param_name":"dropout","param_value_internal":0.20389904983276327,"distribution":"{\"name\": \"FloatDistribution\", \"attributes\": {\"step\": null, \"low\": 0.1, \"high\": 0.5, \"log\": false}}"}
{"op_code":5,"worker_id":"8c7f821b-a475-435e-9742-0f42e7c15a10-140104713647936","trial_id":237,"param_name":"nodes1","param_value_internal":1,"distribution":"{\"name\": \"CategoricalDistribution\", \"attributes\": {\"choices\": [16, 32, 64]}}"}
{"op_code":5,"worker_id":"8c7f821b-a475-435e-9742-0f42e7c15a10-140104713647936","trial_id":237,"param_name":"nodes2","param_value_internal":1,"distribution":"{\"name\": \"CategoricalDistribution\", \"attributes\": {\"choices\": [32, 64, 128]}}"}
{"op_code":6,"worker_id":"8c7f821b-a475-435e-9742-0f42e7c15a10-140104713647936","trial_id":237,"state":1,"values":[6.097639560699463],"datetime_complete":"2026-03-20T22:08:35.853786"}
{"op_code":4,"worker_id":"8c7f821b-a475-435e-9742-0f42e7c15a10-140104713647936","study_id":0,"datetime_start":"2026-03-20T22:08:35.877596"}
{"op_code":5,"worker_id":"8c7f821b-a475-435e-9742-0f42e7c15a10-140104713647936","trial_id":238,"param_name":"lr","param_value_internal":0.0002878185612229767,"distribution":"{\"name\": \"FloatDistribution\", \"attributes\": {\"step\": null, \"low\": 0.0001, \"high\": 0.1, \"log\": true}}"}
{"op_code":5,"worker_id":"8c7f821b-a475-435e-9742-0f42e7c15a10-140104713647936","trial_id":238,"param_name":"dropout","param_value_internal":0.18036772473914586,"distribution":"{\"name\": \"FloatDistribution\", \"attributes\": {\"step\": null, \"low\": 0.1, \"high\": 0.5, \"log\": false}}"}
{"op_code":5,"worker_id":"8c7f821b-a475-435e-9742-0f42e7c15a10-140104713647936","trial_id":238,"param_name":"nodes1","param_value_internal":1,"distribution":"{\"name\": \"CategoricalDistribution\", \"attributes\": {\"choices\": [16, 32, 64]}}"}
{"op_code":5,"worker_id":"8c7f821b-a475-435e-9742-0f42e7c15a10-140104713647936","trial_id":238,"param_name":"nodes2","param_value_internal":1,"distribution":"{\"name\": \"CategoricalDistribution\", \"attributes\": {\"choices\": [32, 64, 128]}}"}
{"op_code":6,"worker_id":"8c7f821b-a475-435e-9742-0f42e7c15a10-140104713647936","trial_id":238,"state":1,"values":[6.090394496917725],"datetime_complete":"2026-03-20T22:08:39.571709"}
{"op_code":4,"worker_id":"8c7f821b-a475-435e-9742-0f42e7c15a10-140104713647936","study_id":0,"datetime_start":"2026-03-20T22:08:39.589838"}
{"op_code":5,"worker_id":"8c7f821b-a475-435e-9742-0f42e7c15a10-140104713647936","trial_id":239,"param_name":"lr","param_value_internal":0.000234306783134088,"distribution":"{\"name\": \"FloatDistribution\", \"attributes\": {\"step\": null, \"low\": 0.0001, \"high\": 0.1, \"log\": true}}"}
{"op_code":5,"worker_id":"8c7f821b-a475-435e-9742-0f42e7c15a10-140104713647936","trial_id":239,"param_name":"dropout","param_value_internal":0.18931155967154556,"distribution":"{\"name\": \"FloatDistribution\", \"attributes\": {\"step\": null, \"low\": 0.1, \"high\": 0.5, \"log\": false}}"}
{"op_code":5,"worker_id":"8c7f821b-a475-435e-9742-0f42e7c15a10-140104713647936","trial_id":239,"param_name":"nodes1","param_value_internal":1,"distribution":"{\"name\": \"CategoricalDistribution\", \"attributes\": {\"choices\": [16, 32, 64]}}"}
{"op_code":5,"worker_id":"8c7f821b-a475-435e-9742-0f42e7c15a10-140104713647936","trial_id":239,"param_name":"nodes2","param_value_internal":0,"distribution":"{\"name\": \"CategoricalDistribution\", \"attributes\": {\"choices\": [32, 64, 128]}}"}
{"op_code":6,"worker_id":"8c7f821b-a475-435e-9742-0f42e7c15a10-140104713647936","trial_id":239,"state":1,"values":[6.1096906661987305],"datetime_complete":"2026-03-20T22:08:42.958215"}
{"op_code":4,"worker_id":"8c7f821b-a475-435e-9742-0f42e7c15a10-140104713647936","study_id":0,"datetime_start":"2026-03-20T22:08:42.976182"}
{"op_code":5,"worker_id":"8c7f821b-a475-435e-9742-0f42e7c15a10-140104713647936","trial_id":240,"param_name":"lr","param_value_internal":0.0003178791612690812,"distribution":"{\"name\": \"FloatDistribution\", \"attributes\": {\"step\": null, \"low\": 0.0001, \"high\": 0.1, \"log\": true}}"}
{"op_code":5,"worker_id":"8c7f821b-a475-435e-9742-0f42e7c15a10-140104713647936","trial_id":240,"param_name":"dropout","param_value_internal":0.17154200814252074,"distribution":"{\"name\": \"FloatDistribution\", \"attributes\": {\"step\": null, \"low\": 0.1, \"high\": 0.5, \"log\": false}}"}
{"op_code":5,"worker_id":"8c7f821b-a475-435e-9742-0f42e7c15a10-140104713647936","trial_id":240,"param_name":"nodes1","param_value_internal":1,"distribution":"{\"name\": \"CategoricalDistribution\", \"attributes\": {\"choices\": [16, 32, 64]}}"}
{"op_code":5,"worker_id":"8c7f821b-a475-435e-9742-0f42e7c15a10-140104713647936","trial_id":240,"param_name":"nodes2","param_value_internal":1,"distribution":"{\"name\": \"CategoricalDistribution\", \"attributes\": {\"choices\": [32, 64, 128]}}"}
{"op_code":6,"worker_id":"8c7f821b-a475-435e-9742-0f42e7c15a10-140104713647936","trial_id":240,"state":1,"values":[6.097945213317871],"datetime_complete":"2026-03-20T22:08:46.610967"}
{"op_code":0,"worker_id":"9a29a0e2-d805-4240-8dec-0dfbb7c1dc20-140493794387776","study_name":"custom_torch_tuning","directions":[1]}
{"op_code":4,"worker_id":"9a29a0e2-d805-4240-8dec-0dfbb7c1dc20-140493794387776","study_id":0,"datetime_start":"2026-03-20T22:43:27.108099"}
{"op_code":5,"worker_id":"9a29a0e2-d805-4240-8dec-0dfbb7c1dc20-140493794387776","trial_id":241,"param_name":"lr","param_value_internal":0.00040687853758355883,"distribution":"{\"name\": \"FloatDistribution\", \"attributes\": {\"step\": null, \"low\": 0.0001, \"high\": 0.1, \"log\": true}}"}
{"op_code":5,"worker_id":"9a29a0e2-d805-4240-8dec-0dfbb7c1dc20-140493794387776","trial_id":241,"param_name":"dropout","param_value_internal":0.19640515926811103,"distribution":"{\"name\": \"FloatDistribution\", \"attributes\": {\"step\": null, \"low\": 0.1, \"high\": 0.5, \"log\": false}}"}
{"op_code":5,"worker_id":"9a29a0e2-d805-4240-8dec-0dfbb7c1dc20-140493794387776","trial_id":241,"param_name":"nodes1","param_value_internal":1,"distribution":"{\"name\": \"CategoricalDistribution\", \"attributes\": {\"choices\": [16, 32, 64]}}"}
{"op_code":5,"worker_id":"9a29a0e2-d805-4240-8dec-0dfbb7c1dc20-140493794387776","trial_id":241,"param_name":"nodes2","param_value_internal":0,"distribution":"{\"name\": \"CategoricalDistribution\", \"attributes\": {\"choices\": [32, 64, 128]}}"}
{"op_code":6,"worker_id":"9a29a0e2-d805-4240-8dec-0dfbb7c1dc20-140493794387776","trial_id":241,"state":1,"values":[6.086942195892334],"datetime_complete":"2026-03-20T22:43:31.126607"}
{"op_code":4,"worker_id":"9a29a0e2-d805-4240-8dec-0dfbb7c1dc20-140493794387776","study_id":0,"datetime_start":"2026-03-20T22:43:31.164019"}
{"op_code":5,"worker_id":"9a29a0e2-d805-4240-8dec-0dfbb7c1dc20-140493794387776","trial_id":242,"param_name":"lr","param_value_internal":0.0002216538253189693,"distribution":"{\"name\": \"FloatDistribution\", \"attributes\": {\"step\": null, \"low\": 0.0001, \"high\": 0.1, \"log\": true}}"}
{"op_code":5,"worker_id":"9a29a0e2-d805-4240-8dec-0dfbb7c1dc20-140493794387776","trial_id":242,"param_name":"dropout","param_value_internal":0.22120239525757343,"distribution":"{\"name\": \"FloatDistribution\", \"attributes\": {\"step\": null, \"low\": 0.1, \"high\": 0.5, \"log\": false}}"}
{"op_code":5,"worker_id":"9a29a0e2-d805-4240-8dec-0dfbb7c1dc20-140493794387776","trial_id":242,"param_name":"nodes1","param_value_internal":1,"distribution":"{\"name\": \"CategoricalDistribution\", \"attributes\": {\"choices\": [16, 32, 64]}}"}
{"op_code":5,"worker_id":"9a29a0e2-d805-4240-8dec-0dfbb7c1dc20-140493794387776","trial_id":242,"param_name":"nodes2","param_value_internal":1,"distribution":"{\"name\": \"CategoricalDistribution\", \"attributes\": {\"choices\": [32, 64, 128]}}"}
{"op_code":6,"worker_id":"9a29a0e2-d805-4240-8dec-0dfbb7c1dc20-140493794387776","trial_id":242,"state":1,"values":[6.1005682945251465],"datetime_complete":"2026-03-20T22:43:34.814125"}
{"op_code":4,"worker_id":"9a29a0e2-d805-4240-8dec-0dfbb7c1dc20-140493794387776","study_id":0,"datetime_start":"2026-03-20T22:43:34.853987"}
{"op_code":5,"worker_id":"9a29a0e2-d805-4240-8dec-0dfbb7c1dc20-140493794387776","trial_id":243,"param_name":"lr","param_value_internal":0.00020400663274543334,"distribution":"{\"name\": \"FloatDistribution\", \"attributes\": {\"step\": null, \"low\": 0.0001, \"high\": 0.1, \"log\": true}}"}
{"op_code":5,"worker_id":"9a29a0e2-d805-4240-8dec-0dfbb7c1dc20-140493794387776","trial_id":243,"param_name":"dropout","param_value_internal":0.2054278127324795,"distribution":"{\"name\": \"FloatDistribution\", \"attributes\": {\"step\": null, \"low\": 0.1, \"high\": 0.5, \"log\": false}}"}
{"op_code":5,"worker_id":"9a29a0e2-d805-4240-8dec-0dfbb7c1dc20-140493794387776","trial_id":243,"param_name":"nodes1","param_value_internal":1,"distribution":"{\"name\": \"CategoricalDistribution\", \"attributes\": {\"choices\": [16, 32, 64]}}"}
{"op_code":5,"worker_id":"9a29a0e2-d805-4240-8dec-0dfbb7c1dc20-140493794387776","trial_id":243,"param_name":"nodes2","param_value_internal":1,"distribution":"{\"name\": \"CategoricalDistribution\", \"attributes\": {\"choices\": [32, 64, 128]}}"}
{"op_code":6,"worker_id":"9a29a0e2-d805-4240-8dec-0dfbb7c1dc20-140493794387776","trial_id":243,"state":1,"values":[6.104305744171143],"datetime_complete":"2026-03-20T22:43:38.903138"}
{"op_code":4,"worker_id":"9a29a0e2-d805-4240-8dec-0dfbb7c1dc20-140493794387776","study_id":0,"datetime_start":"2026-03-20T22:43:38.929954"}
{"op_code":5,"worker_id":"9a29a0e2-d805-4240-8dec-0dfbb7c1dc20-140493794387776","trial_id":244,"param_name":"lr","param_value_internal":0.00025332033173273993,"distribution":"{\"name\": \"FloatDistribution\", \"attributes\": {\"step\": null, \"low\": 0.0001, \"high\": 0.1, \"log\": true}}"}
{"op_code":5,"worker_id":"9a29a0e2-d805-4240-8dec-0dfbb7c1dc20-140493794387776","trial_id":244,"param_name":"dropout","param_value_internal":0.21482641388708967,"distribution":"{\"name\": \"FloatDistribution\", \"attributes\": {\"step\": null, \"low\": 0.1, \"high\": 0.5, \"log\": false}}"}
{"op_code":5,"worker_id":"9a29a0e2-d805-4240-8dec-0dfbb7c1dc20-140493794387776","trial_id":244,"param_name":"nodes1","param_value_internal":1,"distribution":"{\"name\": \"CategoricalDistribution\", \"attributes\": {\"choices\": [16, 32, 64]}}"}
{"op_code":5,"worker_id":"9a29a0e2-d805-4240-8dec-0dfbb7c1dc20-140493794387776","trial_id":244,"param_name":"nodes2","param_value_internal":1,"distribution":"{\"name\": \"CategoricalDistribution\", \"attributes\": {\"choices\": [32, 64, 128]}}"}
{"op_code":6,"worker_id":"9a29a0e2-d805-4240-8dec-0dfbb7c1dc20-140493794387776","trial_id":244,"state":1,"values":[6.076634883880615],"datetime_complete":"2026-03-20T22:43:42.918503"}
{"op_code":4,"worker_id":"9a29a0e2-d805-4240-8dec-0dfbb7c1dc20-140493794387776","study_id":0,"datetime_start":"2026-03-20T22:43:42.950660"}
{"op_code":5,"worker_id":"9a29a0e2-d805-4240-8dec-0dfbb7c1dc20-140493794387776","trial_id":245,"param_name":"lr","param_value_internal":0.0004786571015277237,"distribution":"{\"name\": \"FloatDistribution\", \"attributes\": {\"step\": null, \"low\": 0.0001, \"high\": 0.1, \"log\": true}}"}
{"op_code":5,"worker_id":"9a29a0e2-d805-4240-8dec-0dfbb7c1dc20-140493794387776","trial_id":245,"param_name":"dropout","param_value_internal":0.1882590802732859,"distribution":"{\"name\": \"FloatDistribution\", \"attributes\": {\"step\": null, \"low\": 0.1, \"high\": 0.5, \"log\": false}}"}
{"op_code":5,"worker_id":"9a29a0e2-d805-4240-8dec-0dfbb7c1dc20-140493794387776","trial_id":245,"param_name":"nodes1","param_value_internal":1,"distribution":"{\"name\": \"CategoricalDistribution\", \"attributes\": {\"choices\": [16, 32, 64]}}"}
{"op_code":5,"worker_id":"9a29a0e2-d805-4240-8dec-0dfbb7c1dc20-140493794387776","trial_id":245,"param_name":"nodes2","param_value_internal":1,"distribution":"{\"name\": \"CategoricalDistribution\", \"attributes\": {\"choices\": [32, 64, 128]}}"}
{"op_code":6,"worker_id":"9a29a0e2-d805-4240-8dec-0dfbb7c1dc20-140493794387776","trial_id":245,"state":1,"values":[6.0914788246154785],"datetime_complete":"2026-03-20T22:43:46.670508"}
{"op_code":4,"worker_id":"9a29a0e2-d805-4240-8dec-0dfbb7c1dc20-140493794387776","study_id":0,"datetime_start":"2026-03-20T22:43:46.696537"}
{"op_code":5,"worker_id":"9a29a0e2-d805-4240-8dec-0dfbb7c1dc20-140493794387776","trial_id":246,"param_name":"lr","param_value_internal":0.02571494318869456,"distribution":"{\"name\": \"FloatDistribution\", \"attributes\": {\"step\": null, \"low\": 0.0001, \"high\": 0.1, \"log\": true}}"}
{"op_code":5,"worker_id":"9a29a0e2-d805-4240-8dec-0dfbb7c1dc20-140493794387776","trial_id":246,"param_name":"dropout","param_value_internal":0.1979791508312657,"distribution":"{\"name\": \"FloatDistribution\", \"attributes\": {\"step\": null, \"low\": 0.1, \"high\": 0.5, \"log\": false}}"}
{"op_code":5,"worker_id":"9a29a0e2-d805-4240-8dec-0dfbb7c1dc20-140493794387776","trial_id":246,"param_name":"nodes1","param_value_internal":1,"distribution":"{\"name\": \"CategoricalDistribution\", \"attributes\": {\"choices\": [16, 32, 64]}}"}
{"op_code":5,"worker_id":"9a29a0e2-d805-4240-8dec-0dfbb7c1dc20-140493794387776","trial_id":246,"param_name":"nodes2","param_value_internal":1,"distribution":"{\"name\": \"CategoricalDistribution\", \"attributes\": {\"choices\": [32, 64, 128]}}"}
{"op_code":6,"worker_id":"9a29a0e2-d805-4240-8dec-0dfbb7c1dc20-140493794387776","trial_id":246,"state":1,"values":[6.5428056716918945],"datetime_complete":"2026-03-20T22:43:50.258178"}
{"op_code":4,"worker_id":"9a29a0e2-d805-4240-8dec-0dfbb7c1dc20-140493794387776","study_id":0,"datetime_start":"2026-03-20T22:43:50.281859"}
{"op_code":5,"worker_id":"9a29a0e2-d805-4240-8dec-0dfbb7c1dc20-140493794387776","trial_id":247,"param_name":"lr","param_value_internal":0.00018094567535746742,"distribution":"{\"name\": \"FloatDistribution\", \"attributes\": {\"step\": null, \"low\": 0.0001, \"high\": 0.1, \"log\": true}}"}
{"op_code":5,"worker_id":"9a29a0e2-d805-4240-8dec-0dfbb7c1dc20-140493794387776","trial_id":247,"param_name":"dropout","param_value_internal":0.2085649419559871,"distribution":"{\"name\": \"FloatDistribution\", \"attributes\": {\"step\": null, \"low\": 0.1, \"high\": 0.5, \"log\": false}}"}
{"op_code":5,"worker_id":"9a29a0e2-d805-4240-8dec-0dfbb7c1dc20-140493794387776","trial_id":247,"param_name":"nodes1","param_value_internal":1,"distribution":"{\"name\": \"CategoricalDistribution\", \"attributes\": {\"choices\": [16, 32, 64]}}"}
{"op_code":5,"worker_id":"9a29a0e2-d805-4240-8dec-0dfbb7c1dc20-140493794387776","trial_id":247,"param_name":"nodes2","param_value_internal":1,"distribution":"{\"name\": \"CategoricalDistribution\", \"attributes\": {\"choices\": [32, 64, 128]}}"}
{"op_code":6,"worker_id":"9a29a0e2-d805-4240-8dec-0dfbb7c1dc20-140493794387776","trial_id":247,"state":1,"values":[6.119055271148682],"datetime_complete":"2026-03-20T22:43:54.457382"}
{"op_code":4,"worker_id":"9a29a0e2-d805-4240-8dec-0dfbb7c1dc20-140493794387776","study_id":0,"datetime_start":"2026-03-20T22:43:54.490731"}
{"op_code":5,"worker_id":"9a29a0e2-d805-4240-8dec-0dfbb7c1dc20-140493794387776","trial_id":248,"param_name":"lr","param_value_internal":0.00030625745457187276,"distribution":"{\"name\": \"FloatDistribution\", \"attributes\": {\"step\": null, \"low\": 0.0001, \"high\": 0.1, \"log\": true}}"}
{"op_code":5,"worker_id":"9a29a0e2-d805-4240-8dec-0dfbb7c1dc20-140493794387776","trial_id":248,"param_name":"dropout","param_value_internal":0.19309191851426022,"distribution":"{\"name\": \"FloatDistribution\", \"attributes\": {\"step\": null, \"low\": 0.1, \"high\": 0.5, \"log\": false}}"}
{"op_code":5,"worker_id":"9a29a0e2-d805-4240-8dec-0dfbb7c1dc20-140493794387776","trial_id":248,"param_name":"nodes1","param_value_internal":1,"distribution":"{\"name\": \"CategoricalDistribution\", \"attributes\": {\"choices\": [16, 32, 64]}}"}
{"op_code":5,"worker_id":"9a29a0e2-d805-4240-8dec-0dfbb7c1dc20-140493794387776","trial_id":248,"param_name":"nodes2","param_value_internal":1,"distribution":"{\"name\": \"CategoricalDistribution\", \"attributes\": {\"choices\": [32, 64, 128]}}"}
{"op_code":6,"worker_id":"9a29a0e2-d805-4240-8dec-0dfbb7c1dc20-140493794387776","trial_id":248,"state":1,"values":[6.105790615081787],"datetime_complete":"2026-03-20T22:43:58.164859"}
{"op_code":4,"worker_id":"9a29a0e2-d805-4240-8dec-0dfbb7c1dc20-140493794387776","study_id":0,"datetime_start":"2026-03-20T22:43:58.197279"}
{"op_code":5,"worker_id":"9a29a0e2-d805-4240-8dec-0dfbb7c1dc20-140493794387776","trial_id":249,"param_name":"lr","param_value_internal":0.00035378936078294516,"distribution":"{\"name\": \"FloatDistribution\", \"attributes\": {\"step\": null, \"low\": 0.0001, \"high\": 0.1, \"log\": true}}"}
{"op_code":5,"worker_id":"9a29a0e2-d805-4240-8dec-0dfbb7c1dc20-140493794387776","trial_id":249,"param_name":"dropout","param_value_internal":0.1799820732807525,"distribution":"{\"name\": \"FloatDistribution\", \"attributes\": {\"step\": null, \"low\": 0.1, \"high\": 0.5, \"log\": false}}"}
{"op_code":5,"worker_id":"9a29a0e2-d805-4240-8dec-0dfbb7c1dc20-140493794387776","trial_id":249,"param_name":"nodes1","param_value_internal":1,"distribution":"{\"name\": \"CategoricalDistribution\", \"attributes\": {\"choices\": [16, 32, 64]}}"}
{"op_code":5,"worker_id":"9a29a0e2-d805-4240-8dec-0dfbb7c1dc20-140493794387776","trial_id":249,"param_name":"nodes2","param_value_internal":0,"distribution":"{\"name\": \"CategoricalDistribution\", \"attributes\": {\"choices\": [32, 64, 128]}}"}
{"op_code":6,"worker_id":"9a29a0e2-d805-4240-8dec-0dfbb7c1dc20-140493794387776","trial_id":249,"state":1,"values":[6.102746486663818],"datetime_complete":"2026-03-20T22:44:01.992495"}
{"op_code":4,"worker_id":"9a29a0e2-d805-4240-8dec-0dfbb7c1dc20-140493794387776","study_id":0,"datetime_start":"2026-03-20T22:44:02.022808"}
{"op_code":5,"worker_id":"9a29a0e2-d805-4240-8dec-0dfbb7c1dc20-140493794387776","trial_id":250,"param_name":"lr","param_value_internal":0.00026335692887682796,"distribution":"{\"name\": \"FloatDistribution\", \"attributes\": {\"step\": null, \"low\": 0.0001, \"high\": 0.1, \"log\": true}}"}
{"op_code":5,"worker_id":"9a29a0e2-d805-4240-8dec-0dfbb7c1dc20-140493794387776","trial_id":250,"param_name":"dropout","param_value_internal":0.23011803250409918,"distribution":"{\"name\": \"FloatDistribution\", \"attributes\": {\"step\": null, \"low\": 0.1, \"high\": 0.5, \"log\": false}}"}
{"op_code":5,"worker_id":"9a29a0e2-d805-4240-8dec-0dfbb7c1dc20-140493794387776","trial_id":250,"param_name":"nodes1","param_value_internal":0,"distribution":"{\"name\": \"CategoricalDistribution\", \"attributes\": {\"choices\": [16, 32, 64]}}"}
{"op_code":5,"worker_id":"9a29a0e2-d805-4240-8dec-0dfbb7c1dc20-140493794387776","trial_id":250,"param_name":"nodes2","param_value_internal":1,"distribution":"{\"name\": \"CategoricalDistribution\", \"attributes\": {\"choices\": [32, 64, 128]}}"}
{"op_code":6,"worker_id":"9a29a0e2-d805-4240-8dec-0dfbb7c1dc20-140493794387776","trial_id":250,"state":1,"values":[6.125253200531006],"datetime_complete":"2026-03-20T22:44:05.588837"}
{"op_code":0,"worker_id":"6eb0cf08-b35c-47d6-a4e6-7d46e408f890-139789252802368","study_name":"custom_torch_tuning","directions":[1]}
{"op_code":4,"worker_id":"6eb0cf08-b35c-47d6-a4e6-7d46e408f890-139789252802368","study_id":0,"datetime_start":"2026-03-20T22:59:35.790841"}
{"op_code":5,"worker_id":"6eb0cf08-b35c-47d6-a4e6-7d46e408f890-139789252802368","trial_id":251,"param_name":"lr","param_value_internal":0.0004087405437129821,"distribution":"{\"name\": \"FloatDistribution\", \"attributes\": {\"step\": null, \"low\": 0.0001, \"high\": 0.1, \"log\": true}}"}
{"op_code":5,"worker_id":"6eb0cf08-b35c-47d6-a4e6-7d46e408f890-139789252802368","trial_id":251,"param_name":"dropout","param_value_internal":0.34820282817109605,"distribution":"{\"name\": \"FloatDistribution\", \"attributes\": {\"step\": null, \"low\": 0.1, \"high\": 0.5, \"log\": false}}"}
{"op_code":5,"worker_id":"6eb0cf08-b35c-47d6-a4e6-7d46e408f890-139789252802368","trial_id":251,"param_name":"nodes1","param_value_internal":1,"distribution":"{\"name\": \"CategoricalDistribution\", \"attributes\": {\"choices\": [16, 32, 64]}}"}
{"op_code":5,"worker_id":"6eb0cf08-b35c-47d6-a4e6-7d46e408f890-139789252802368","trial_id":251,"param_name":"nodes2","param_value_internal":2,"distribution":"{\"name\": \"CategoricalDistribution\", \"attributes\": {\"choices\": [32, 64, 128]}}"}
{"op_code":6,"worker_id":"6eb0cf08-b35c-47d6-a4e6-7d46e408f890-139789252802368","trial_id":251,"state":1,"values":[6.065097332000732],"datetime_complete":"2026-03-20T22:59:39.780049"}
{"op_code":4,"worker_id":"6eb0cf08-b35c-47d6-a4e6-7d46e408f890-139789252802368","study_id":0,"datetime_start":"2026-03-20T22:59:39.813128"}
{"op_code":5,"worker_id":"6eb0cf08-b35c-47d6-a4e6-7d46e408f890-139789252802368","trial_id":252,"param_name":"lr","param_value_internal":0.00020414846487892168,"distribution":"{\"name\": \"FloatDistribution\", \"attributes\": {\"step\": null, \"low\": 0.0001, \"high\": 0.1, \"log\": true}}"}
{"op_code":5,"worker_id":"6eb0cf08-b35c-47d6-a4e6-7d46e408f890-139789252802368","trial_id":252,"param_name":"dropout","param_value_internal":0.20222185387110597,"distribution":"{\"name\": \"FloatDistribution\", \"attributes\": {\"step\": null, \"low\": 0.1, \"high\": 0.5, \"log\": false}}"}
{"op_code":5,"worker_id":"6eb0cf08-b35c-47d6-a4e6-7d46e408f890-139789252802368","trial_id":252,"param_name":"nodes1","param_value_internal":1,"distribution":"{\"name\": \"CategoricalDistribution\", \"attributes\": {\"choices\": [16, 32, 64]}}"}
{"op_code":5,"worker_id":"6eb0cf08-b35c-47d6-a4e6-7d46e408f890-139789252802368","trial_id":252,"param_name":"nodes2","param_value_internal":0,"distribution":"{\"name\": \"CategoricalDistribution\", \"attributes\": {\"choices\": [32, 64, 128]}}"}
{"op_code":6,"worker_id":"6eb0cf08-b35c-47d6-a4e6-7d46e408f890-139789252802368","trial_id":252,"state":1,"values":[6.097403526306152],"datetime_complete":"2026-03-20T22:59:43.612403"}
{"op_code":4,"worker_id":"6eb0cf08-b35c-47d6-a4e6-7d46e408f890-139789252802368","study_id":0,"datetime_start":"2026-03-20T22:59:43.627761"}
{"op_code":5,"worker_id":"6eb0cf08-b35c-47d6-a4e6-7d46e408f890-139789252802368","trial_id":253,"param_name":"lr","param_value_internal":0.0006503950195501657,"distribution":"{\"name\": \"FloatDistribution\", \"attributes\": {\"step\": null, \"low\": 0.0001, \"high\": 0.1, \"log\": true}}"}
{"op_code":5,"worker_id":"6eb0cf08-b35c-47d6-a4e6-7d46e408f890-139789252802368","trial_id":253,"param_name":"dropout","param_value_internal":0.2169322840758987,"distribution":"{\"name\": \"FloatDistribution\", \"attributes\": {\"step\": null, \"low\": 0.1, \"high\": 0.5, \"log\": false}}"}
{"op_code":5,"worker_id":"6eb0cf08-b35c-47d6-a4e6-7d46e408f890-139789252802368","trial_id":253,"param_name":"nodes1","param_value_internal":1,"distribution":"{\"name\": \"CategoricalDistribution\", \"attributes\": {\"choices\": [16, 32, 64]}}"}
{"op_code":5,"worker_id":"6eb0cf08-b35c-47d6-a4e6-7d46e408f890-139789252802368","trial_id":253,"param_name":"nodes2","param_value_internal":1,"distribution":"{\"name\": \"CategoricalDistribution\", \"attributes\": {\"choices\": [32, 64, 128]}}"}
{"op_code":6,"worker_id":"6eb0cf08-b35c-47d6-a4e6-7d46e408f890-139789252802368","trial_id":253,"state":1,"values":[6.103182315826416],"datetime_complete":"2026-03-20T22:59:47.485536"}
{"op_code":4,"worker_id":"6eb0cf08-b35c-47d6-a4e6-7d46e408f890-139789252802368","study_id":0,"datetime_start":"2026-03-20T22:59:47.500591"}
{"op_code":5,"worker_id":"6eb0cf08-b35c-47d6-a4e6-7d46e408f890-139789252802368","trial_id":254,"param_name":"lr","param_value_internal":0.0005197195267734005,"distribution":"{\"name\": \"FloatDistribution\", \"attributes\": {\"step\": null, \"low\": 0.0001, \"high\": 0.1, \"log\": true}}"}
{"op_code":5,"worker_id":"6eb0cf08-b35c-47d6-a4e6-7d46e408f890-139789252802368","trial_id":254,"param_name":"dropout","param_value_internal":0.1874996883666527,"distribution":"{\"name\": \"FloatDistribution\", \"attributes\": {\"step\": null, \"low\": 0.1, \"high\": 0.5, \"log\": false}}"}
{"op_code":5,"worker_id":"6eb0cf08-b35c-47d6-a4e6-7d46e408f890-139789252802368","trial_id":254,"param_name":"nodes1","param_value_internal":1,"distribution":"{\"name\": \"CategoricalDistribution\", \"attributes\": {\"choices\": [16, 32, 64]}}"}
{"op_code":5,"worker_id":"6eb0cf08-b35c-47d6-a4e6-7d46e408f890-139789252802368","trial_id":254,"param_name":"nodes2","param_value_internal":1,"distribution":"{\"name\": \"CategoricalDistribution\", \"attributes\": {\"choices\": [32, 64, 128]}}"}
{"op_code":6,"worker_id":"6eb0cf08-b35c-47d6-a4e6-7d46e408f890-139789252802368","trial_id":254,"state":1,"values":[6.094554901123047],"datetime_complete":"2026-03-20T22:59:51.276774"}
{"op_code":4,"worker_id":"6eb0cf08-b35c-47d6-a4e6-7d46e408f890-139789252802368","study_id":0,"datetime_start":"2026-03-20T22:59:51.301280"}
{"op_code":5,"worker_id":"6eb0cf08-b35c-47d6-a4e6-7d46e408f890-139789252802368","trial_id":255,"param_name":"lr","param_value_internal":0.0002388986253358766,"distribution":"{\"name\": \"FloatDistribution\", \"attributes\": {\"step\": null, \"low\": 0.0001, \"high\": 0.1, \"log\": true}}"}
{"op_code":5,"worker_id":"6eb0cf08-b35c-47d6-a4e6-7d46e408f890-139789252802368","trial_id":255,"param_name":"dropout","param_value_internal":0.2094150751756979,"distribution":"{\"name\": \"FloatDistribution\", \"attributes\": {\"step\": null, \"low\": 0.1, \"high\": 0.5, \"log\": false}}"}
{"op_code":5,"worker_id":"6eb0cf08-b35c-47d6-a4e6-7d46e408f890-139789252802368","trial_id":255,"param_name":"nodes1","param_value_internal":1,"distribution":"{\"name\": \"CategoricalDistribution\", \"attributes\": {\"choices\": [16, 32, 64]}}"}
{"op_code":5,"worker_id":"6eb0cf08-b35c-47d6-a4e6-7d46e408f890-139789252802368","trial_id":255,"param_name":"nodes2","param_value_internal":0,"distribution":"{\"name\": \"CategoricalDistribution\", \"attributes\": {\"choices\": [32, 64, 128]}}"}
{"op_code":6,"worker_id":"6eb0cf08-b35c-47d6-a4e6-7d46e408f890-139789252802368","trial_id":255,"state":1,"values":[6.100279331207275],"datetime_complete":"2026-03-20T22:59:54.942942"}
{"op_code":4,"worker_id":"6eb0cf08-b35c-47d6-a4e6-7d46e408f890-139789252802368","study_id":0,"datetime_start":"2026-03-20T22:59:54.959375"}
{"op_code":5,"worker_id":"6eb0cf08-b35c-47d6-a4e6-7d46e408f890-139789252802368","trial_id":256,"param_name":"lr","param_value_internal":0.00016599329581910578,"distribution":"{\"name\": \"FloatDistribution\", \"attributes\": {\"step\": null, \"low\": 0.0001, \"high\": 0.1, \"log\": true}}"}
{"op_code":5,"worker_id":"6eb0cf08-b35c-47d6-a4e6-7d46e408f890-139789252802368","trial_id":256,"param_name":"dropout","param_value_internal":0.32846003474047747,"distribution":"{\"name\": \"FloatDistribution\", \"attributes\": {\"step\": null, \"low\": 0.1, \"high\": 0.5, \"log\": false}}"}
{"op_code":5,"worker_id":"6eb0cf08-b35c-47d6-a4e6-7d46e408f890-139789252802368","trial_id":256,"param_name":"nodes1","param_value_internal":1,"distribution":"{\"name\": \"CategoricalDistribution\", \"attributes\": {\"choices\": [16, 32, 64]}}"}
{"op_code":5,"worker_id":"6eb0cf08-b35c-47d6-a4e6-7d46e408f890-139789252802368","trial_id":256,"param_name":"nodes2","param_value_internal":1,"distribution":"{\"name\": \"CategoricalDistribution\", \"attributes\": {\"choices\": [32, 64, 128]}}"}
{"op_code":6,"worker_id":"6eb0cf08-b35c-47d6-a4e6-7d46e408f890-139789252802368","trial_id":256,"state":1,"values":[6.114264488220215],"datetime_complete":"2026-03-20T22:59:58.678713"}
{"op_code":4,"worker_id":"6eb0cf08-b35c-47d6-a4e6-7d46e408f890-139789252802368","study_id":0,"datetime_start":"2026-03-20T22:59:58.717768"}
{"op_code":5,"worker_id":"6eb0cf08-b35c-47d6-a4e6-7d46e408f890-139789252802368","trial_id":257,"param_name":"lr","param_value_internal":0.00030044996177724486,"distribution":"{\"name\": \"FloatDistribution\", \"attributes\": {\"step\": null, \"low\": 0.0001, \"high\": 0.1, \"log\": true}}"}
{"op_code":5,"worker_id":"6eb0cf08-b35c-47d6-a4e6-7d46e408f890-139789252802368","trial_id":257,"param_name":"dropout","param_value_internal":0.17407261660217535,"distribution":"{\"name\": \"FloatDistribution\", \"attributes\": {\"step\": null, \"low\": 0.1, \"high\": 0.5, \"log\": false}}"}
{"op_code":5,"worker_id":"6eb0cf08-b35c-47d6-a4e6-7d46e408f890-139789252802368","trial_id":257,"param_name":"nodes1","param_value_internal":1,"distribution":"{\"name\": \"CategoricalDistribution\", \"attributes\": {\"choices\": [16, 32, 64]}}"}
{"op_code":5,"worker_id":"6eb0cf08-b35c-47d6-a4e6-7d46e408f890-139789252802368","trial_id":257,"param_name":"nodes2","param_value_internal":0,"distribution":"{\"name\": \"CategoricalDistribution\", \"attributes\": {\"choices\": [32, 64, 128]}}"}
{"op_code":6,"worker_id":"6eb0cf08-b35c-47d6-a4e6-7d46e408f890-139789252802368","trial_id":257,"state":1,"values":[6.10302734375],"datetime_complete":"2026-03-20T23:00:02.284357"}
{"op_code":4,"worker_id":"6eb0cf08-b35c-47d6-a4e6-7d46e408f890-139789252802368","study_id":0,"datetime_start":"2026-03-20T23:00:02.305300"}
{"op_code":5,"worker_id":"6eb0cf08-b35c-47d6-a4e6-7d46e408f890-139789252802368","trial_id":258,"param_name":"lr","param_value_internal":0.000353609480073464,"distribution":"{\"name\": \"FloatDistribution\", \"attributes\": {\"step\": null, \"low\": 0.0001, \"high\": 0.1, \"log\": true}}"}
{"op_code":5,"worker_id":"6eb0cf08-b35c-47d6-a4e6-7d46e408f890-139789252802368","trial_id":258,"param_name":"dropout","param_value_internal":0.15888612590859774,"distribution":"{\"name\": \"FloatDistribution\", \"attributes\": {\"step\": null, \"low\": 0.1, \"high\": 0.5, \"log\": false}}"}
{"op_code":5,"worker_id":"6eb0cf08-b35c-47d6-a4e6-7d46e408f890-139789252802368","trial_id":258,"param_name":"nodes1","param_value_internal":1,"distribution":"{\"name\": \"CategoricalDistribution\", \"attributes\": {\"choices\": [16, 32, 64]}}"}
{"op_code":5,"worker_id":"6eb0cf08-b35c-47d6-a4e6-7d46e408f890-139789252802368","trial_id":258,"param_name":"nodes2","param_value_internal":1,"distribution":"{\"name\": \"CategoricalDistribution\", \"attributes\": {\"choices\": [32, 64, 128]}}"}
{"op_code":6,"worker_id":"6eb0cf08-b35c-47d6-a4e6-7d46e408f890-139789252802368","trial_id":258,"state":1,"values":[6.084688663482666],"datetime_complete":"2026-03-20T23:00:06.237718"}
{"op_code":4,"worker_id":"6eb0cf08-b35c-47d6-a4e6-7d46e408f890-139789252802368","study_id":0,"datetime_start":"2026-03-20T23:00:06.263619"}
{"op_code":5,"worker_id":"6eb0cf08-b35c-47d6-a4e6-7d46e408f890-139789252802368","trial_id":259,"param_name":"lr","param_value_internal":0.00041156172000371134,"distribution":"{\"name\": \"FloatDistribution\", \"attributes\": {\"step\": null, \"low\": 0.0001, \"high\": 0.1, \"log\": true}}"}
{"op_code":5,"worker_id":"6eb0cf08-b35c-47d6-a4e6-7d46e408f890-139789252802368","trial_id":259,"param_name":"dropout","param_value_internal":0.19921394408721024,"distribution":"{\"name\": \"FloatDistribution\", \"attributes\": {\"step\": null, \"low\": 0.1, \"high\": 0.5, \"log\": false}}"}
{"op_code":5,"worker_id":"6eb0cf08-b35c-47d6-a4e6-7d46e408f890-139789252802368","trial_id":259,"param_name":"nodes1","param_value_internal":2,"distribution":"{\"name\": \"CategoricalDistribution\", \"attributes\": {\"choices\": [16, 32, 64]}}"}
{"op_code":5,"worker_id":"6eb0cf08-b35c-47d6-a4e6-7d46e408f890-139789252802368","trial_id":259,"param_name":"nodes2","param_value_internal":0,"distribution":"{\"name\": \"CategoricalDistribution\", \"attributes\": {\"choices\": [32, 64, 128]}}"}
{"op_code":6,"worker_id":"6eb0cf08-b35c-47d6-a4e6-7d46e408f890-139789252802368","trial_id":259,"state":1,"values":[6.0825629234313965],"datetime_complete":"2026-03-20T23:00:09.962996"}
{"op_code":4,"worker_id":"6eb0cf08-b35c-47d6-a4e6-7d46e408f890-139789252802368","study_id":0,"datetime_start":"2026-03-20T23:00:09.991090"}
{"op_code":5,"worker_id":"6eb0cf08-b35c-47d6-a4e6-7d46e408f890-139789252802368","trial_id":260,"param_name":"lr","param_value_internal":0.0002786391525537967,"distribution":"{\"name\": \"FloatDistribution\", \"attributes\": {\"step\": null, \"low\": 0.0001, \"high\": 0.1, \"log\": true}}"}
{"op_code":5,"worker_id":"6eb0cf08-b35c-47d6-a4e6-7d46e408f890-139789252802368","trial_id":260,"param_name":"dropout","param_value_internal":0.19264245896736373,"distribution":"{\"name\": \"FloatDistribution\", \"attributes\": {\"step\": null, \"low\": 0.1, \"high\": 0.5, \"log\": false}}"}
{"op_code":5,"worker_id":"6eb0cf08-b35c-47d6-a4e6-7d46e408f890-139789252802368","trial_id":260,"param_name":"nodes1","param_value_internal":1,"distribution":"{\"name\": \"CategoricalDistribution\", \"attributes\": {\"choices\": [16, 32, 64]}}"}
{"op_code":5,"worker_id":"6eb0cf08-b35c-47d6-a4e6-7d46e408f890-139789252802368","trial_id":260,"param_name":"nodes2","param_value_internal":1,"distribution":"{\"name\": \"CategoricalDistribution\", \"attributes\": {\"choices\": [32, 64, 128]}}"}
{"op_code":6,"worker_id":"6eb0cf08-b35c-47d6-a4e6-7d46e408f890-139789252802368","trial_id":260,"state":1,"values":[6.088414192199707],"datetime_complete":"2026-03-20T23:00:13.859797"}
{"op_code":0,"worker_id":"ab0e1852-dd1d-4328-8c9b-89ca08f04125-140475561576256","study_name":"custom_torch_tuning","directions":[1]}
{"op_code":4,"worker_id":"ab0e1852-dd1d-4328-8c9b-89ca08f04125-140475561576256","study_id":0,"datetime_start":"2026-03-20T23:16:52.763770"}
{"op_code":5,"worker_id":"ab0e1852-dd1d-4328-8c9b-89ca08f04125-140475561576256","trial_id":261,"param_name":"lr","param_value_internal":0.00046192730847882224,"distribution":"{\"name\": \"FloatDistribution\", \"attributes\": {\"step\": null, \"low\": 0.0001, \"high\": 0.1, \"log\": true}}"}
{"op_code":5,"worker_id":"ab0e1852-dd1d-4328-8c9b-89ca08f04125-140475561576256","trial_id":261,"param_name":"dropout","param_value_internal":0.22298233909946974,"distribution":"{\"name\": \"FloatDistribution\", \"attributes\": {\"step\": null, \"low\": 0.1, \"high\": 0.5, \"log\": false}}"}
{"op_code":5,"worker_id":"ab0e1852-dd1d-4328-8c9b-89ca08f04125-140475561576256","trial_id":261,"param_name":"nodes1","param_value_internal":1,"distribution":"{\"name\": \"CategoricalDistribution\", \"attributes\": {\"choices\": [16, 32, 64]}}"}
{"op_code":5,"worker_id":"ab0e1852-dd1d-4328-8c9b-89ca08f04125-140475561576256","trial_id":261,"param_name":"nodes2","param_value_internal":0,"distribution":"{\"name\": \"CategoricalDistribution\", \"attributes\": {\"choices\": [32, 64, 128]}}"}
{"op_code":6,"worker_id":"ab0e1852-dd1d-4328-8c9b-89ca08f04125-140475561576256","trial_id":261,"state":1,"values":[6.118650913238525],"datetime_complete":"2026-03-20T23:16:56.723543"}
{"op_code":4,"worker_id":"ab0e1852-dd1d-4328-8c9b-89ca08f04125-140475561576256","study_id":0,"datetime_start":"2026-03-20T23:16:56.744248"}
{"op_code":5,"worker_id":"ab0e1852-dd1d-4328-8c9b-89ca08f04125-140475561576256","trial_id":262,"param_name":"lr","param_value_internal":0.00023408330239476968,"distribution":"{\"name\": \"FloatDistribution\", \"attributes\": {\"step\": null, \"low\": 0.0001, \"high\": 0.1, \"log\": true}}"}
{"op_code":5,"worker_id":"ab0e1852-dd1d-4328-8c9b-89ca08f04125-140475561576256","trial_id":262,"param_name":"dropout","param_value_internal":0.18423268085288394,"distribution":"{\"name\": \"FloatDistribution\", \"attributes\": {\"step\": null, \"low\": 0.1, \"high\": 0.5, \"log\": false}}"}
{"op_code":5,"worker_id":"ab0e1852-dd1d-4328-8c9b-89ca08f04125-140475561576256","trial_id":262,"param_name":"nodes1","param_value_internal":1,"distribution":"{\"name\": \"CategoricalDistribution\", \"attributes\": {\"choices\": [16, 32, 64]}}"}
{"op_code":5,"worker_id":"ab0e1852-dd1d-4328-8c9b-89ca08f04125-140475561576256","trial_id":262,"param_name":"nodes2","param_value_internal":1,"distribution":"{\"name\": \"CategoricalDistribution\", \"attributes\": {\"choices\": [32, 64, 128]}}"}
{"op_code":6,"worker_id":"ab0e1852-dd1d-4328-8c9b-89ca08f04125-140475561576256","trial_id":262,"state":1,"values":[6.096263408660889],"datetime_complete":"2026-03-20T23:17:00.531931"}
{"op_code":4,"worker_id":"ab0e1852-dd1d-4328-8c9b-89ca08f04125-140475561576256","study_id":0,"datetime_start":"2026-03-20T23:17:00.635040"}
{"op_code":5,"worker_id":"ab0e1852-dd1d-4328-8c9b-89ca08f04125-140475561576256","trial_id":263,"param_name":"lr","param_value_internal":0.0017691151885563753,"distribution":"{\"name\": \"FloatDistribution\", \"attributes\": {\"step\": null, \"low\": 0.0001, \"high\": 0.1, \"log\": true}}"}
{"op_code":5,"worker_id":"ab0e1852-dd1d-4328-8c9b-89ca08f04125-140475561576256","trial_id":263,"param_name":"dropout","param_value_internal":0.21137649726276203,"distribution":"{\"name\": \"FloatDistribution\", \"attributes\": {\"step\": null, \"low\": 0.1, \"high\": 0.5, \"log\": false}}"}
{"op_code":5,"worker_id":"ab0e1852-dd1d-4328-8c9b-89ca08f04125-140475561576256","trial_id":263,"param_name":"nodes1","param_value_internal":1,"distribution":"{\"name\": \"CategoricalDistribution\", \"attributes\": {\"choices\": [16, 32, 64]}}"}
{"op_code":5,"worker_id":"ab0e1852-dd1d-4328-8c9b-89ca08f04125-140475561576256","trial_id":263,"param_name":"nodes2","param_value_internal":1,"distribution":"{\"name\": \"CategoricalDistribution\", \"attributes\": {\"choices\": [32, 64, 128]}}"}
{"op_code":6,"worker_id":"ab0e1852-dd1d-4328-8c9b-89ca08f04125-140475561576256","trial_id":263,"state":1,"values":[6.292311668395996],"datetime_complete":"2026-03-20T23:17:04.757360"}
{"op_code":4,"worker_id":"ab0e1852-dd1d-4328-8c9b-89ca08f04125-140475561576256","study_id":0,"datetime_start":"2026-03-20T23:17:04.781232"}
{"op_code":5,"worker_id":"ab0e1852-dd1d-4328-8c9b-89ca08f04125-140475561576256","trial_id":264,"param_name":"lr","param_value_internal":0.0003257509745156469,"distribution":"{\"name\": \"FloatDistribution\", \"attributes\": {\"step\": null, \"low\": 0.0001, \"high\": 0.1, \"log\": true}}"}
{"op_code":5,"worker_id":"ab0e1852-dd1d-4328-8c9b-89ca08f04125-140475561576256","trial_id":264,"param_name":"dropout","param_value_internal":0.27634398186699444,"distribution":"{\"name\": \"FloatDistribution\", \"attributes\": {\"step\": null, \"low\": 0.1, \"high\": 0.5, \"log\": false}}"}
{"op_code":5,"worker_id":"ab0e1852-dd1d-4328-8c9b-89ca08f04125-140475561576256","trial_id":264,"param_name":"nodes1","param_value_internal":1,"distribution":"{\"name\": \"CategoricalDistribution\", \"attributes\": {\"choices\": [16, 32, 64]}}"}
{"op_code":5,"worker_id":"ab0e1852-dd1d-4328-8c9b-89ca08f04125-140475561576256","trial_id":264,"param_name":"nodes2","param_value_internal":0,"distribution":"{\"name\": \"CategoricalDistribution\", \"attributes\": {\"choices\": [32, 64, 128]}}"}
{"op_code":6,"worker_id":"ab0e1852-dd1d-4328-8c9b-89ca08f04125-140475561576256","trial_id":264,"state":1,"values":[6.0669403076171875],"datetime_complete":"2026-03-20T23:17:08.280038"}
{"op_code":4,"worker_id":"ab0e1852-dd1d-4328-8c9b-89ca08f04125-140475561576256","study_id":0,"datetime_start":"2026-03-20T23:17:08.295991"}
{"op_code":5,"worker_id":"ab0e1852-dd1d-4328-8c9b-89ca08f04125-140475561576256","trial_id":265,"param_name":"lr","param_value_internal":0.00018963539420563597,"distribution":"{\"name\": \"FloatDistribution\", \"attributes\": {\"step\": null, \"low\": 0.0001, \"high\": 0.1, \"log\": true}}"}
{"op_code":5,"worker_id":"ab0e1852-dd1d-4328-8c9b-89ca08f04125-140475561576256","trial_id":265,"param_name":"dropout","param_value_internal":0.19810840184803377,"distribution":"{\"name\": \"FloatDistribution\", \"attributes\": {\"step\": null, \"low\": 0.1, \"high\": 0.5, \"log\": false}}"}
{"op_code":5,"worker_id":"ab0e1852-dd1d-4328-8c9b-89ca08f04125-140475561576256","trial_id":265,"param_name":"nodes1","param_value_internal":1,"distribution":"{\"name\": \"CategoricalDistribution\", \"attributes\": {\"choices\": [16, 32, 64]}}"}
{"op_code":5,"worker_id":"ab0e1852-dd1d-4328-8c9b-89ca08f04125-140475561576256","trial_id":265,"param_name":"nodes2","param_value_internal":1,"distribution":"{\"name\": \"CategoricalDistribution\", \"attributes\": {\"choices\": [32, 64, 128]}}"}
{"op_code":6,"worker_id":"ab0e1852-dd1d-4328-8c9b-89ca08f04125-140475561576256","trial_id":265,"state":1,"values":[6.0953369140625],"datetime_complete":"2026-03-20T23:17:12.122416"}
{"op_code":4,"worker_id":"ab0e1852-dd1d-4328-8c9b-89ca08f04125-140475561576256","study_id":0,"datetime_start":"2026-03-20T23:17:14.917997"}
{"op_code":5,"worker_id":"ab0e1852-dd1d-4328-8c9b-89ca08f04125-140475561576256","trial_id":266,"param_name":"lr","param_value_internal":0.004586999833501543,"distribution":"{\"name\": \"FloatDistribution\", \"attributes\": {\"step\": null, \"low\": 0.0001, \"high\": 0.1, \"log\": true}}"}
{"op_code":5,"worker_id":"ab0e1852-dd1d-4328-8c9b-89ca08f04125-140475561576256","trial_id":266,"param_name":"dropout","param_value_internal":0.20583306805260002,"distribution":"{\"name\": \"FloatDistribution\", \"attributes\": {\"step\": null, \"low\": 0.1, \"high\": 0.5, \"log\": false}}"}
{"op_code":5,"worker_id":"ab0e1852-dd1d-4328-8c9b-89ca08f04125-140475561576256","trial_id":266,"param_name":"nodes1","param_value_internal":1,"distribution":"{\"name\": \"CategoricalDistribution\", \"attributes\": {\"choices\": [16, 32, 64]}}"}
{"op_code":5,"worker_id":"ab0e1852-dd1d-4328-8c9b-89ca08f04125-140475561576256","trial_id":266,"param_name":"nodes2","param_value_internal":0,"distribution":"{\"name\": \"CategoricalDistribution\", \"attributes\": {\"choices\": [32, 64, 128]}}"}
{"op_code":6,"worker_id":"ab0e1852-dd1d-4328-8c9b-89ca08f04125-140475561576256","trial_id":266,"state":1,"values":[6.314399242401123],"datetime_complete":"2026-03-20T23:17:18.888374"}
{"op_code":4,"worker_id":"ab0e1852-dd1d-4328-8c9b-89ca08f04125-140475561576256","study_id":0,"datetime_start":"2026-03-20T23:17:20.476524"}
{"op_code":5,"worker_id":"ab0e1852-dd1d-4328-8c9b-89ca08f04125-140475561576256","trial_id":267,"param_name":"lr","param_value_internal":0.00010293534828480807,"distribution":"{\"name\": \"FloatDistribution\", \"attributes\": {\"step\": null, \"low\": 0.0001, \"high\": 0.1, \"log\": true}}"}
{"op_code":5,"worker_id":"ab0e1852-dd1d-4328-8c9b-89ca08f04125-140475561576256","trial_id":267,"param_name":"dropout","param_value_internal":0.16494003175202523,"distribution":"{\"name\": \"FloatDistribution\", \"attributes\": {\"step\": null, \"low\": 0.1, \"high\": 0.5, \"log\": false}}"}
{"op_code":5,"worker_id":"ab0e1852-dd1d-4328-8c9b-89ca08f04125-140475561576256","trial_id":267,"param_name":"nodes1","param_value_internal":1,"distribution":"{\"name\": \"CategoricalDistribution\", \"attributes\": {\"choices\": [16, 32, 64]}}"}
{"op_code":5,"worker_id":"ab0e1852-dd1d-4328-8c9b-89ca08f04125-140475561576256","trial_id":267,"param_name":"nodes2","param_value_internal":1,"distribution":"{\"name\": \"CategoricalDistribution\", \"attributes\": {\"choices\": [32, 64, 128]}}"}
{"op_code":6,"worker_id":"ab0e1852-dd1d-4328-8c9b-89ca08f04125-140475561576256","trial_id":267,"state":1,"values":[6.154434680938721],"datetime_complete":"2026-03-20T23:17:24.467031"}
{"op_code":4,"worker_id":"ab0e1852-dd1d-4328-8c9b-89ca08f04125-140475561576256","study_id":0,"datetime_start":"2026-03-20T23:17:24.487227"}
{"op_code":5,"worker_id":"ab0e1852-dd1d-4328-8c9b-89ca08f04125-140475561576256","trial_id":268,"param_name":"lr","param_value_internal":0.0005636413555508454,"distribution":"{\"name\": \"FloatDistribution\", \"attributes\": {\"step\": null, \"low\": 0.0001, \"high\": 0.1, \"log\": true}}"}
{"op_code":5,"worker_id":"ab0e1852-dd1d-4328-8c9b-89ca08f04125-140475561576256","trial_id":268,"param_name":"dropout","param_value_internal":0.17739247151781265,"distribution":"{\"name\": \"FloatDistribution\", \"attributes\": {\"step\": null, \"low\": 0.1, \"high\": 0.5, \"log\": false}}"}
{"op_code":5,"worker_id":"ab0e1852-dd1d-4328-8c9b-89ca08f04125-140475561576256","trial_id":268,"param_name":"nodes1","param_value_internal":1,"distribution":"{\"name\": \"CategoricalDistribution\", \"attributes\": {\"choices\": [16, 32, 64]}}"}
{"op_code":5,"worker_id":"ab0e1852-dd1d-4328-8c9b-89ca08f04125-140475561576256","trial_id":268,"param_name":"nodes2","param_value_internal":0,"distribution":"{\"name\": \"CategoricalDistribution\", \"attributes\": {\"choices\": [32, 64, 128]}}"}
{"op_code":6,"worker_id":"ab0e1852-dd1d-4328-8c9b-89ca08f04125-140475561576256","trial_id":268,"state":1,"values":[6.107850551605225],"datetime_complete":"2026-03-20T23:17:28.420772"}
{"op_code":4,"worker_id":"ab0e1852-dd1d-4328-8c9b-89ca08f04125-140475561576256","study_id":0,"datetime_start":"2026-03-20T23:17:29.677351"}
{"op_code":5,"worker_id":"ab0e1852-dd1d-4328-8c9b-89ca08f04125-140475561576256","trial_id":269,"param_name":"lr","param_value_internal":0.00036486496658484754,"distribution":"{\"name\": \"FloatDistribution\", \"attributes\": {\"step\": null, \"low\": 0.0001, \"high\": 0.1, \"log\": true}}"}
{"op_code":5,"worker_id":"ab0e1852-dd1d-4328-8c9b-89ca08f04125-140475561576256","trial_id":269,"param_name":"dropout","param_value_internal":0.23575082923270554,"distribution":"{\"name\": \"FloatDistribution\", \"attributes\": {\"step\": null, \"low\": 0.1, \"high\": 0.5, \"log\": false}}"}
{"op_code":5,"worker_id":"ab0e1852-dd1d-4328-8c9b-89ca08f04125-140475561576256","trial_id":269,"param_name":"nodes1","param_value_internal":1,"distribution":"{\"name\": \"CategoricalDistribution\", \"attributes\": {\"choices\": [16, 32, 64]}}"}
{"op_code":5,"worker_id":"ab0e1852-dd1d-4328-8c9b-89ca08f04125-140475561576256","trial_id":269,"param_name":"nodes2","param_value_internal":1,"distribution":"{\"name\": \"CategoricalDistribution\", \"attributes\": {\"choices\": [32, 64, 128]}}"}
{"op_code":6,"worker_id":"ab0e1852-dd1d-4328-8c9b-89ca08f04125-140475561576256","trial_id":269,"state":1,"values":[6.102909088134766],"datetime_complete":"2026-03-20T23:17:33.462101"}
{"op_code":4,"worker_id":"ab0e1852-dd1d-4328-8c9b-89ca08f04125-140475561576256","study_id":0,"datetime_start":"2026-03-20T23:17:45.202559"}
{"op_code":5,"worker_id":"ab0e1852-dd1d-4328-8c9b-89ca08f04125-140475561576256","trial_id":270,"param_name":"lr","param_value_internal":0.0002634638043198174,"distribution":"{\"name\": \"FloatDistribution\", \"attributes\": {\"step\": null, \"low\": 0.0001, \"high\": 0.1, \"log\": true}}"}
{"op_code":5,"worker_id":"ab0e1852-dd1d-4328-8c9b-89ca08f04125-140475561576256","trial_id":270,"param_name":"dropout","param_value_internal":0.18967672822728313,"distribution":"{\"name\": \"FloatDistribution\", \"attributes\": {\"step\": null, \"low\": 0.1, \"high\": 0.5, \"log\": false}}"}
{"op_code":5,"worker_id":"ab0e1852-dd1d-4328-8c9b-89ca08f04125-140475561576256","trial_id":270,"param_name":"nodes1","param_value_internal":1,"distribution":"{\"name\": \"CategoricalDistribution\", \"attributes\": {\"choices\": [16, 32, 64]}}"}
{"op_code":5,"worker_id":"ab0e1852-dd1d-4328-8c9b-89ca08f04125-140475561576256","trial_id":270,"param_name":"nodes2","param_value_internal":0,"distribution":"{\"name\": \"CategoricalDistribution\", \"attributes\": {\"choices\": [32, 64, 128]}}"}
{"op_code":6,"worker_id":"ab0e1852-dd1d-4328-8c9b-89ca08f04125-140475561576256","trial_id":270,"state":1,"values":[6.104428768157959],"datetime_complete":"2026-03-20T23:17:48.801531"}
{"op_code":0,"worker_id":"8c7a5697-1573-4448-bc3e-ec04e6a9b981-140193173047104","study_name":"custom_torch_tuning","directions":[1]}
{"op_code":4,"worker_id":"8c7a5697-1573-4448-bc3e-ec04e6a9b981-140193173047104","study_id":0,"datetime_start":"2026-03-21T07:14:38.221621"}
{"op_code":5,"worker_id":"8c7a5697-1573-4448-bc3e-ec04e6a9b981-140193173047104","trial_id":271,"param_name":"lr","param_value_internal":0.00015676066280532336,"distribution":"{\"name\": \"FloatDistribution\", \"attributes\": {\"step\": null, \"low\": 0.0001, \"high\": 0.1, \"log\": true}}"}
{"op_code":5,"worker_id":"8c7a5697-1573-4448-bc3e-ec04e6a9b981-140193173047104","trial_id":271,"param_name":"dropout","param_value_internal":0.20223432844690792,"distribution":"{\"name\": \"FloatDistribution\", \"attributes\": {\"step\": null, \"low\": 0.1, \"high\": 0.5, \"log\": false}}"}
{"op_code":5,"worker_id":"8c7a5697-1573-4448-bc3e-ec04e6a9b981-140193173047104","trial_id":271,"param_name":"nodes1","param_value_internal":1,"distribution":"{\"name\": \"CategoricalDistribution\", \"attributes\": {\"choices\": [16, 32, 64]}}"}
{"op_code":5,"worker_id":"8c7a5697-1573-4448-bc3e-ec04e6a9b981-140193173047104","trial_id":271,"param_name":"nodes2","param_value_internal":1,"distribution":"{\"name\": \"CategoricalDistribution\", \"attributes\": {\"choices\": [32, 64, 128]}}"}
{"op_code":6,"worker_id":"8c7a5697-1573-4448-bc3e-ec04e6a9b981-140193173047104","trial_id":271,"state":1,"values":[6.107210636138916],"datetime_complete":"2026-03-21T07:14:42.863949"}
{"op_code":4,"worker_id":"8c7a5697-1573-4448-bc3e-ec04e6a9b981-140193173047104","study_id":0,"datetime_start":"2026-03-21T07:14:42.996283"}
{"op_code":5,"worker_id":"8c7a5697-1573-4448-bc3e-ec04e6a9b981-140193173047104","trial_id":272,"param_name":"lr","param_value_internal":0.00029770163283023986,"distribution":"{\"name\": \"FloatDistribution\", \"attributes\": {\"step\": null, \"low\": 0.0001, \"high\": 0.1, \"log\": true}}"}
{"op_code":5,"worker_id":"8c7a5697-1573-4448-bc3e-ec04e6a9b981-140193173047104","trial_id":272,"param_name":"dropout","param_value_internal":0.30747365764559,"distribution":"{\"name\": \"FloatDistribution\", \"attributes\": {\"step\": null, \"low\": 0.1, \"high\": 0.5, \"log\": false}}"}
{"op_code":5,"worker_id":"8c7a5697-1573-4448-bc3e-ec04e6a9b981-140193173047104","trial_id":272,"param_name":"nodes1","param_value_internal":0,"distribution":"{\"name\": \"CategoricalDistribution\", \"attributes\": {\"choices\": [16, 32, 64]}}"}
{"op_code":5,"worker_id":"8c7a5697-1573-4448-bc3e-ec04e6a9b981-140193173047104","trial_id":272,"param_name":"nodes2","param_value_internal":2,"distribution":"{\"name\": \"CategoricalDistribution\", \"attributes\": {\"choices\": [32, 64, 128]}}"}
{"op_code":6,"worker_id":"8c7a5697-1573-4448-bc3e-ec04e6a9b981-140193173047104","trial_id":272,"state":1,"values":[6.11126708984375],"datetime_complete":"2026-03-21T07:14:47.741512"}
{"op_code":4,"worker_id":"8c7a5697-1573-4448-bc3e-ec04e6a9b981-140193173047104","study_id":0,"datetime_start":"2026-03-21T07:14:47.765079"}
{"op_code":5,"worker_id":"8c7a5697-1573-4448-bc3e-ec04e6a9b981-140193173047104","trial_id":273,"param_name":"lr","param_value_internal":0.0002084269006220671,"distribution":"{\"name\": \"FloatDistribution\", \"attributes\": {\"step\": null, \"low\": 0.0001, \"high\": 0.1, \"log\": true}}"}
{"op_code":5,"worker_id":"8c7a5697-1573-4448-bc3e-ec04e6a9b981-140193173047104","trial_id":273,"param_name":"dropout","param_value_internal":0.21797729297279994,"distribution":"{\"name\": \"FloatDistribution\", \"attributes\": {\"step\": null, \"low\": 0.1, \"high\": 0.5, \"log\": false}}"}
{"op_code":5,"worker_id":"8c7a5697-1573-4448-bc3e-ec04e6a9b981-140193173047104","trial_id":273,"param_name":"nodes1","param_value_internal":1,"distribution":"{\"name\": \"CategoricalDistribution\", \"attributes\": {\"choices\": [16, 32, 64]}}"}
{"op_code":5,"worker_id":"8c7a5697-1573-4448-bc3e-ec04e6a9b981-140193173047104","trial_id":273,"param_name":"nodes2","param_value_internal":0,"distribution":"{\"name\": \"CategoricalDistribution\", \"attributes\": {\"choices\": [32, 64, 128]}}"}
{"op_code":6,"worker_id":"8c7a5697-1573-4448-bc3e-ec04e6a9b981-140193173047104","trial_id":273,"state":1,"values":[6.0914483070373535],"datetime_complete":"2026-03-21T07:14:52.568995"}
{"op_code":4,"worker_id":"8c7a5697-1573-4448-bc3e-ec04e6a9b981-140193173047104","study_id":0,"datetime_start":"2026-03-21T07:14:52.584990"}
{"op_code":5,"worker_id":"8c7a5697-1573-4448-bc3e-ec04e6a9b981-140193173047104","trial_id":274,"param_name":"lr","param_value_internal":0.00042803750116304984,"distribution":"{\"name\": \"FloatDistribution\", \"attributes\": {\"step\": null, \"low\": 0.0001, \"high\": 0.1, \"log\": true}}"}
{"op_code":5,"worker_id":"8c7a5697-1573-4448-bc3e-ec04e6a9b981-140193173047104","trial_id":274,"param_name":"dropout","param_value_internal":0.19160450035875518,"distribution":"{\"name\": \"FloatDistribution\", \"attributes\": {\"step\": null, \"low\": 0.1, \"high\": 0.5, \"log\": false}}"}
{"op_code":5,"worker_id":"8c7a5697-1573-4448-bc3e-ec04e6a9b981-140193173047104","trial_id":274,"param_name":"nodes1","param_value_internal":1,"distribution":"{\"name\": \"CategoricalDistribution\", \"attributes\": {\"choices\": [16, 32, 64]}}"}
{"op_code":5,"worker_id":"8c7a5697-1573-4448-bc3e-ec04e6a9b981-140193173047104","trial_id":274,"param_name":"nodes2","param_value_internal":1,"distribution":"{\"name\": \"CategoricalDistribution\", \"attributes\": {\"choices\": [32, 64, 128]}}"}
{"op_code":6,"worker_id":"8c7a5697-1573-4448-bc3e-ec04e6a9b981-140193173047104","trial_id":274,"state":1,"values":[6.095436096191406],"datetime_complete":"2026-03-21T07:14:57.173315"}
{"op_code":4,"worker_id":"8c7a5697-1573-4448-bc3e-ec04e6a9b981-140193173047104","study_id":0,"datetime_start":"2026-03-21T07:14:57.189093"}
{"op_code":5,"worker_id":"8c7a5697-1573-4448-bc3e-ec04e6a9b981-140193173047104","trial_id":275,"param_name":"lr","param_value_internal":0.00034369968789117554,"distribution":"{\"name\": \"FloatDistribution\", \"attributes\": {\"step\": null, \"low\": 0.0001, \"high\": 0.1, \"log\": true}}"}
{"op_code":5,"worker_id":"8c7a5697-1573-4448-bc3e-ec04e6a9b981-140193173047104","trial_id":275,"param_name":"dropout","param_value_internal":0.18217374133461112,"distribution":"{\"name\": \"FloatDistribution\", \"attributes\": {\"step\": null, \"low\": 0.1, \"high\": 0.5, \"log\": false}}"}
{"op_code":5,"worker_id":"8c7a5697-1573-4448-bc3e-ec04e6a9b981-140193173047104","trial_id":275,"param_name":"nodes1","param_value_internal":1,"distribution":"{\"name\": \"CategoricalDistribution\", \"attributes\": {\"choices\": [16, 32, 64]}}"}
{"op_code":5,"worker_id":"8c7a5697-1573-4448-bc3e-ec04e6a9b981-140193173047104","trial_id":275,"param_name":"nodes2","param_value_internal":1,"distribution":"{\"name\": \"CategoricalDistribution\", \"attributes\": {\"choices\": [32, 64, 128]}}"}
{"op_code":6,"worker_id":"8c7a5697-1573-4448-bc3e-ec04e6a9b981-140193173047104","trial_id":275,"state":1,"values":[6.175938129425049],"datetime_complete":"2026-03-21T07:15:01.818286"}
{"op_code":4,"worker_id":"8c7a5697-1573-4448-bc3e-ec04e6a9b981-140193173047104","study_id":0,"datetime_start":"2026-03-21T07:15:01.840406"}
{"op_code":5,"worker_id":"8c7a5697-1573-4448-bc3e-ec04e6a9b981-140193173047104","trial_id":276,"param_name":"lr","param_value_internal":0.0010642547240285564,"distribution":"{\"name\": \"FloatDistribution\", \"attributes\": {\"step\": null, \"low\": 0.0001, \"high\": 0.1, \"log\": true}}"}
{"op_code":5,"worker_id":"8c7a5697-1573-4448-bc3e-ec04e6a9b981-140193173047104","trial_id":276,"param_name":"dropout","param_value_internal":0.1493991525363232,"distribution":"{\"name\": \"FloatDistribution\", \"attributes\": {\"step\": null, \"low\": 0.1, \"high\": 0.5, \"log\": false}}"}
{"op_code":5,"worker_id":"8c7a5697-1573-4448-bc3e-ec04e6a9b981-140193173047104","trial_id":276,"param_name":"nodes1","param_value_internal":1,"distribution":"{\"name\": \"CategoricalDistribution\", \"attributes\": {\"choices\": [16, 32, 64]}}"}
{"op_code":5,"worker_id":"8c7a5697-1573-4448-bc3e-ec04e6a9b981-140193173047104","trial_id":276,"param_name":"nodes2","param_value_internal":0,"distribution":"{\"name\": \"CategoricalDistribution\", \"attributes\": {\"choices\": [32, 64, 128]}}"}
{"op_code":6,"worker_id":"8c7a5697-1573-4448-bc3e-ec04e6a9b981-140193173047104","trial_id":276,"state":1,"values":[6.164949417114258],"datetime_complete":"2026-03-21T07:15:06.580691"}
{"op_code":4,"worker_id":"8c7a5697-1573-4448-bc3e-ec04e6a9b981-140193173047104","study_id":0,"datetime_start":"2026-03-21T07:15:06.602510"}
{"op_code":5,"worker_id":"8c7a5697-1573-4448-bc3e-ec04e6a9b981-140193173047104","trial_id":277,"param_name":"lr","param_value_internal":0.0002336699505978371,"distribution":"{\"name\": \"FloatDistribution\", \"attributes\": {\"step\": null, \"low\": 0.0001, \"high\": 0.1, \"log\": true}}"}
{"op_code":5,"worker_id":"8c7a5697-1573-4448-bc3e-ec04e6a9b981-140193173047104","trial_id":277,"param_name":"dropout","param_value_internal":0.20897055423150557,"distribution":"{\"name\": \"FloatDistribution\", \"attributes\": {\"step\": null, \"low\": 0.1, \"high\": 0.5, \"log\": false}}"}
{"op_code":5,"worker_id":"8c7a5697-1573-4448-bc3e-ec04e6a9b981-140193173047104","trial_id":277,"param_name":"nodes1","param_value_internal":1,"distribution":"{\"name\": \"CategoricalDistribution\", \"attributes\": {\"choices\": [16, 32, 64]}}"}
{"op_code":5,"worker_id":"8c7a5697-1573-4448-bc3e-ec04e6a9b981-140193173047104","trial_id":277,"param_name":"nodes2","param_value_internal":1,"distribution":"{\"name\": \"CategoricalDistribution\", \"attributes\": {\"choices\": [32, 64, 128]}}"}
{"op_code":6,"worker_id":"8c7a5697-1573-4448-bc3e-ec04e6a9b981-140193173047104","trial_id":277,"state":1,"values":[6.093507289886475],"datetime_complete":"2026-03-21T07:15:11.280290"}
{"op_code":4,"worker_id":"8c7a5697-1573-4448-bc3e-ec04e6a9b981-140193173047104","study_id":0,"datetime_start":"2026-03-21T07:15:11.302514"}
{"op_code":5,"worker_id":"8c7a5697-1573-4448-bc3e-ec04e6a9b981-140193173047104","trial_id":278,"param_name":"lr","param_value_internal":0.0002781722932712516,"distribution":"{\"name\": \"FloatDistribution\", \"attributes\": {\"step\": null, \"low\": 0.0001, \"high\": 0.1, \"log\": true}}"}
{"op_code":5,"worker_id":"8c7a5697-1573-4448-bc3e-ec04e6a9b981-140193173047104","trial_id":278,"param_name":"dropout","param_value_internal":0.17052751592925008,"distribution":"{\"name\": \"FloatDistribution\", \"attributes\": {\"step\": null, \"low\": 0.1, \"high\": 0.5, \"log\": false}}"}
{"op_code":5,"worker_id":"8c7a5697-1573-4448-bc3e-ec04e6a9b981-140193173047104","trial_id":278,"param_name":"nodes1","param_value_internal":1,"distribution":"{\"name\": \"CategoricalDistribution\", \"attributes\": {\"choices\": [16, 32, 64]}}"}
{"op_code":5,"worker_id":"8c7a5697-1573-4448-bc3e-ec04e6a9b981-140193173047104","trial_id":278,"param_name":"nodes2","param_value_internal":0,"distribution":"{\"name\": \"CategoricalDistribution\", \"attributes\": {\"choices\": [32, 64, 128]}}"}
{"op_code":6,"worker_id":"8c7a5697-1573-4448-bc3e-ec04e6a9b981-140193173047104","trial_id":278,"state":1,"values":[6.1083221435546875],"datetime_complete":"2026-03-21T07:15:15.944735"}
{"op_code":4,"worker_id":"8c7a5697-1573-4448-bc3e-ec04e6a9b981-140193173047104","study_id":0,"datetime_start":"2026-03-21T07:15:15.964020"}
{"op_code":5,"worker_id":"8c7a5697-1573-4448-bc3e-ec04e6a9b981-140193173047104","trial_id":279,"param_name":"lr","param_value_internal":0.0003864329838352304,"distribution":"{\"name\": \"FloatDistribution\", \"attributes\": {\"step\": null, \"low\": 0.0001, \"high\": 0.1, \"log\": true}}"}
{"op_code":5,"worker_id":"8c7a5697-1573-4448-bc3e-ec04e6a9b981-140193173047104","trial_id":279,"param_name":"dropout","param_value_internal":0.19771141275523807,"distribution":"{\"name\": \"FloatDistribution\", \"attributes\": {\"step\": null, \"low\": 0.1, \"high\": 0.5, \"log\": false}}"}
{"op_code":5,"worker_id":"8c7a5697-1573-4448-bc3e-ec04e6a9b981-140193173047104","trial_id":279,"param_name":"nodes1","param_value_internal":1,"distribution":"{\"name\": \"CategoricalDistribution\", \"attributes\": {\"choices\": [16, 32, 64]}}"}
{"op_code":5,"worker_id":"8c7a5697-1573-4448-bc3e-ec04e6a9b981-140193173047104","trial_id":279,"param_name":"nodes2","param_value_internal":1,"distribution":"{\"name\": \"CategoricalDistribution\", \"attributes\": {\"choices\": [32, 64, 128]}}"}
{"op_code":6,"worker_id":"8c7a5697-1573-4448-bc3e-ec04e6a9b981-140193173047104","trial_id":279,"state":1,"values":[6.09202241897583],"datetime_complete":"2026-03-21T07:15:21.038792"}
{"op_code":4,"worker_id":"8c7a5697-1573-4448-bc3e-ec04e6a9b981-140193173047104","study_id":0,"datetime_start":"2026-03-21T07:15:21.053086"}
{"op_code":5,"worker_id":"8c7a5697-1573-4448-bc3e-ec04e6a9b981-140193173047104","trial_id":280,"param_name":"lr","param_value_internal":0.00013759765256504976,"distribution":"{\"name\": \"FloatDistribution\", \"attributes\": {\"step\": null, \"low\": 0.0001, \"high\": 0.1, \"log\": true}}"}
{"op_code":5,"worker_id":"8c7a5697-1573-4448-bc3e-ec04e6a9b981-140193173047104","trial_id":280,"param_name":"dropout","param_value_internal":0.2223518809576495,"distribution":"{\"name\": \"FloatDistribution\", \"attributes\": {\"step\": null, \"low\": 0.1, \"high\": 0.5, \"log\": false}}"}
{"op_code":5,"worker_id":"8c7a5697-1573-4448-bc3e-ec04e6a9b981-140193173047104","trial_id":280,"param_name":"nodes1","param_value_internal":1,"distribution":"{\"name\": \"CategoricalDistribution\", \"attributes\": {\"choices\": [16, 32, 64]}}"}
{"op_code":5,"worker_id":"8c7a5697-1573-4448-bc3e-ec04e6a9b981-140193173047104","trial_id":280,"param_name":"nodes2","param_value_internal":0,"distribution":"{\"name\": \"CategoricalDistribution\", \"attributes\": {\"choices\": [32, 64, 128]}}"}
{"op_code":6,"worker_id":"8c7a5697-1573-4448-bc3e-ec04e6a9b981-140193173047104","trial_id":280,"state":1,"values":[6.146571636199951],"datetime_complete":"2026-03-21T07:15:25.837016"}
{"op_code":0,"worker_id":"23a7aad4-d3b2-4248-b994-f10942396c58-140193173047104","study_name":"custom_torch_tuning","directions":[1]}
{"op_code":4,"worker_id":"23a7aad4-d3b2-4248-b994-f10942396c58-140193173047104","study_id":0,"datetime_start":"2026-03-21T07:28:47.513028"}
{"op_code":5,"worker_id":"23a7aad4-d3b2-4248-b994-f10942396c58-140193173047104","trial_id":281,"param_name":"lr","param_value_internal":0.00046813353581929906,"distribution":"{\"name\": \"FloatDistribution\", \"attributes\": {\"step\": null, \"low\": 0.0001, \"high\": 0.1, \"log\": true}}"}
{"op_code":5,"worker_id":"23a7aad4-d3b2-4248-b994-f10942396c58-140193173047104","trial_id":281,"param_name":"dropout","param_value_internal":0.21360062138803568,"distribution":"{\"name\": \"FloatDistribution\", \"attributes\": {\"step\": null, \"low\": 0.1, \"high\": 0.5, \"log\": false}}"}
{"op_code":5,"worker_id":"23a7aad4-d3b2-4248-b994-f10942396c58-140193173047104","trial_id":281,"param_name":"nodes1","param_value_internal":2,"distribution":"{\"name\": \"CategoricalDistribution\", \"attributes\": {\"choices\": [16, 32, 64]}}"}
{"op_code":5,"worker_id":"23a7aad4-d3b2-4248-b994-f10942396c58-140193173047104","trial_id":281,"param_name":"nodes2","param_value_internal":1,"distribution":"{\"name\": \"CategoricalDistribution\", \"attributes\": {\"choices\": [32, 64, 128]}}"}
{"op_code":6,"worker_id":"23a7aad4-d3b2-4248-b994-f10942396c58-140193173047104","trial_id":281,"state":1,"values":[6.073082447052002],"datetime_complete":"2026-03-21T07:28:51.361521"}
{"op_code":4,"worker_id":"23a7aad4-d3b2-4248-b994-f10942396c58-140193173047104","study_id":0,"datetime_start":"2026-03-21T07:28:51.382616"}
{"op_code":5,"worker_id":"23a7aad4-d3b2-4248-b994-f10942396c58-140193173047104","trial_id":282,"param_name":"lr","param_value_internal":0.0002514176438096673,"distribution":"{\"name\": \"FloatDistribution\", \"attributes\": {\"step\": null, \"low\": 0.0001, \"high\": 0.1, \"log\": true}}"}
{"op_code":5,"worker_id":"23a7aad4-d3b2-4248-b994-f10942396c58-140193173047104","trial_id":282,"param_name":"dropout","param_value_internal":0.1855051695142843,"distribution":"{\"name\": \"FloatDistribution\", \"attributes\": {\"step\": null, \"low\": 0.1, \"high\": 0.5, \"log\": false}}"}
{"op_code":5,"worker_id":"23a7aad4-d3b2-4248-b994-f10942396c58-140193173047104","trial_id":282,"param_name":"nodes1","param_value_internal":1,"distribution":"{\"name\": \"CategoricalDistribution\", \"attributes\": {\"choices\": [16, 32, 64]}}"}
{"op_code":5,"worker_id":"23a7aad4-d3b2-4248-b994-f10942396c58-140193173047104","trial_id":282,"param_name":"nodes2","param_value_internal":0,"distribution":"{\"name\": \"CategoricalDistribution\", \"attributes\": {\"choices\": [32, 64, 128]}}"}
{"op_code":6,"worker_id":"23a7aad4-d3b2-4248-b994-f10942396c58-140193173047104","trial_id":282,"state":1,"values":[6.026762962341309],"datetime_complete":"2026-03-21T07:28:55.028271"}
{"op_code":4,"worker_id":"23a7aad4-d3b2-4248-b994-f10942396c58-140193173047104","study_id":0,"datetime_start":"2026-03-21T07:28:55.043967"}
{"op_code":5,"worker_id":"23a7aad4-d3b2-4248-b994-f10942396c58-140193173047104","trial_id":283,"param_name":"lr","param_value_internal":0.00032778901051905583,"distribution":"{\"name\": \"FloatDistribution\", \"attributes\": {\"step\": null, \"low\": 0.0001, \"high\": 0.1, \"log\": true}}"}
{"op_code":5,"worker_id":"23a7aad4-d3b2-4248-b994-f10942396c58-140193173047104","trial_id":283,"param_name":"dropout","param_value_internal":0.18239062597922104,"distribution":"{\"name\": \"FloatDistribution\", \"attributes\": {\"step\": null, \"low\": 0.1, \"high\": 0.5, \"log\": false}}"}
{"op_code":5,"worker_id":"23a7aad4-d3b2-4248-b994-f10942396c58-140193173047104","trial_id":283,"param_name":"nodes1","param_value_internal":1,"distribution":"{\"name\": \"CategoricalDistribution\", \"attributes\": {\"choices\": [16, 32, 64]}}"}
{"op_code":5,"worker_id":"23a7aad4-d3b2-4248-b994-f10942396c58-140193173047104","trial_id":283,"param_name":"nodes2","param_value_internal":0,"distribution":"{\"name\": \"CategoricalDistribution\", \"attributes\": {\"choices\": [32, 64, 128]}}"}
{"op_code":6,"worker_id":"23a7aad4-d3b2-4248-b994-f10942396c58-140193173047104","trial_id":283,"state":1,"values":[6.081249713897705],"datetime_complete":"2026-03-21T07:28:59.038172"}
{"op_code":4,"worker_id":"23a7aad4-d3b2-4248-b994-f10942396c58-140193173047104","study_id":0,"datetime_start":"2026-03-21T07:28:59.062097"}
{"op_code":5,"worker_id":"23a7aad4-d3b2-4248-b994-f10942396c58-140193173047104","trial_id":284,"param_name":"lr","param_value_internal":0.0002530956211850754,"distribution":"{\"name\": \"FloatDistribution\", \"attributes\": {\"step\": null, \"low\": 0.0001, \"high\": 0.1, \"log\": true}}"}
{"op_code":5,"worker_id":"23a7aad4-d3b2-4248-b994-f10942396c58-140193173047104","trial_id":284,"param_name":"dropout","param_value_internal":0.19087206065380716,"distribution":"{\"name\": \"FloatDistribution\", \"attributes\": {\"step\": null, \"low\": 0.1, \"high\": 0.5, \"log\": false}}"}
{"op_code":5,"worker_id":"23a7aad4-d3b2-4248-b994-f10942396c58-140193173047104","trial_id":284,"param_name":"nodes1","param_value_internal":1,"distribution":"{\"name\": \"CategoricalDistribution\", \"attributes\": {\"choices\": [16, 32, 64]}}"}
{"op_code":5,"worker_id":"23a7aad4-d3b2-4248-b994-f10942396c58-140193173047104","trial_id":284,"param_name":"nodes2","param_value_internal":0,"distribution":"{\"name\": \"CategoricalDistribution\", \"attributes\": {\"choices\": [32, 64, 128]}}"}
{"op_code":6,"worker_id":"23a7aad4-d3b2-4248-b994-f10942396c58-140193173047104","trial_id":284,"state":1,"values":[6.025557041168213],"datetime_complete":"2026-03-21T07:29:03.701710"}
{"op_code":4,"worker_id":"23a7aad4-d3b2-4248-b994-f10942396c58-140193173047104","study_id":0,"datetime_start":"2026-03-21T07:29:03.719145"}
{"op_code":5,"worker_id":"23a7aad4-d3b2-4248-b994-f10942396c58-140193173047104","trial_id":285,"param_name":"lr","param_value_internal":0.0002513788496561845,"distribution":"{\"name\": \"FloatDistribution\", \"attributes\": {\"step\": null, \"low\": 0.0001, \"high\": 0.1, \"log\": true}}"}
{"op_code":5,"worker_id":"23a7aad4-d3b2-4248-b994-f10942396c58-140193173047104","trial_id":285,"param_name":"dropout","param_value_internal":0.19115908098587273,"distribution":"{\"name\": \"FloatDistribution\", \"attributes\": {\"step\": null, \"low\": 0.1, \"high\": 0.5, \"log\": false}}"}
{"op_code":5,"worker_id":"23a7aad4-d3b2-4248-b994-f10942396c58-140193173047104","trial_id":285,"param_name":"nodes1","param_value_internal":1,"distribution":"{\"name\": \"CategoricalDistribution\", \"attributes\": {\"choices\": [16, 32, 64]}}"}
{"op_code":5,"worker_id":"23a7aad4-d3b2-4248-b994-f10942396c58-140193173047104","trial_id":285,"param_name":"nodes2","param_value_internal":0,"distribution":"{\"name\": \"CategoricalDistribution\", \"attributes\": {\"choices\": [32, 64, 128]}}"}
{"op_code":6,"worker_id":"23a7aad4-d3b2-4248-b994-f10942396c58-140193173047104","trial_id":285,"state":1,"values":[6.033203125],"datetime_complete":"2026-03-21T07:29:08.305550"}
{"op_code":4,"worker_id":"23a7aad4-d3b2-4248-b994-f10942396c58-140193173047104","study_id":0,"datetime_start":"2026-03-21T07:29:08.331988"}
{"op_code":5,"worker_id":"23a7aad4-d3b2-4248-b994-f10942396c58-140193173047104","trial_id":286,"param_name":"lr","param_value_internal":0.0002616654564668842,"distribution":"{\"name\": \"FloatDistribution\", \"attributes\": {\"step\": null, \"low\": 0.0001, \"high\": 0.1, \"log\": true}}"}
{"op_code":5,"worker_id":"23a7aad4-d3b2-4248-b994-f10942396c58-140193173047104","trial_id":286,"param_name":"dropout","param_value_internal":0.193756332627068,"distribution":"{\"name\": \"FloatDistribution\", \"attributes\": {\"step\": null, \"low\": 0.1, \"high\": 0.5, \"log\": false}}"}
{"op_code":5,"worker_id":"23a7aad4-d3b2-4248-b994-f10942396c58-140193173047104","trial_id":286,"param_name":"nodes1","param_value_internal":1,"distribution":"{\"name\": \"CategoricalDistribution\", \"attributes\": {\"choices\": [16, 32, 64]}}"}
{"op_code":5,"worker_id":"23a7aad4-d3b2-4248-b994-f10942396c58-140193173047104","trial_id":286,"param_name":"nodes2","param_value_internal":0,"distribution":"{\"name\": \"CategoricalDistribution\", \"attributes\": {\"choices\": [32, 64, 128]}}"}
{"op_code":6,"worker_id":"23a7aad4-d3b2-4248-b994-f10942396c58-140193173047104","trial_id":286,"state":1,"values":[6.047582149505615],"datetime_complete":"2026-03-21T07:29:13.119685"}
{"op_code":4,"worker_id":"23a7aad4-d3b2-4248-b994-f10942396c58-140193173047104","study_id":0,"datetime_start":"2026-03-21T07:29:13.133915"}
{"op_code":5,"worker_id":"23a7aad4-d3b2-4248-b994-f10942396c58-140193173047104","trial_id":287,"param_name":"lr","param_value_internal":0.0002924395528536816,"distribution":"{\"name\": \"FloatDistribution\", \"attributes\": {\"step\": null, \"low\": 0.0001, \"high\": 0.1, \"log\": true}}"}
{"op_code":5,"worker_id":"23a7aad4-d3b2-4248-b994-f10942396c58-140193173047104","trial_id":287,"param_name":"dropout","param_value_internal":0.1877768498447584,"distribution":"{\"name\": \"FloatDistribution\", \"attributes\": {\"step\": null, \"low\": 0.1, \"high\": 0.5, \"log\": false}}"}
{"op_code":5,"worker_id":"23a7aad4-d3b2-4248-b994-f10942396c58-140193173047104","trial_id":287,"param_name":"nodes1","param_value_internal":1,"distribution":"{\"name\": \"CategoricalDistribution\", \"attributes\": {\"choices\": [16, 32, 64]}}"}
{"op_code":5,"worker_id":"23a7aad4-d3b2-4248-b994-f10942396c58-140193173047104","trial_id":287,"param_name":"nodes2","param_value_internal":0,"distribution":"{\"name\": \"CategoricalDistribution\", \"attributes\": {\"choices\": [32, 64, 128]}}"}
{"op_code":6,"worker_id":"23a7aad4-d3b2-4248-b994-f10942396c58-140193173047104","trial_id":287,"state":1,"values":[6.0355987548828125],"datetime_complete":"2026-03-21T07:29:17.432110"}
{"op_code":4,"worker_id":"23a7aad4-d3b2-4248-b994-f10942396c58-140193173047104","study_id":0,"datetime_start":"2026-03-21T07:29:17.445992"}
{"op_code":5,"worker_id":"23a7aad4-d3b2-4248-b994-f10942396c58-140193173047104","trial_id":288,"param_name":"lr","param_value_internal":0.0003033031927757048,"distribution":"{\"name\": \"FloatDistribution\", \"attributes\": {\"step\": null, \"low\": 0.0001, \"high\": 0.1, \"log\": true}}"}
{"op_code":5,"worker_id":"23a7aad4-d3b2-4248-b994-f10942396c58-140193173047104","trial_id":288,"param_name":"dropout","param_value_internal":0.18685417312890049,"distribution":"{\"name\": \"FloatDistribution\", \"attributes\": {\"step\": null, \"low\": 0.1, \"high\": 0.5, \"log\": false}}"}
{"op_code":5,"worker_id":"23a7aad4-d3b2-4248-b994-f10942396c58-140193173047104","trial_id":288,"param_name":"nodes1","param_value_internal":1,"distribution":"{\"name\": \"CategoricalDistribution\", \"attributes\": {\"choices\": [16, 32, 64]}}"}
{"op_code":5,"worker_id":"23a7aad4-d3b2-4248-b994-f10942396c58-140193173047104","trial_id":288,"param_name":"nodes2","param_value_internal":0,"distribution":"{\"name\": \"CategoricalDistribution\", \"attributes\": {\"choices\": [32, 64, 128]}}"}
{"op_code":6,"worker_id":"23a7aad4-d3b2-4248-b994-f10942396c58-140193173047104","trial_id":288,"state":1,"values":[6.04557466506958],"datetime_complete":"2026-03-21T07:29:21.984449"}
{"op_code":4,"worker_id":"23a7aad4-d3b2-4248-b994-f10942396c58-140193173047104","study_id":0,"datetime_start":"2026-03-21T07:29:21.997977"}
{"op_code":5,"worker_id":"23a7aad4-d3b2-4248-b994-f10942396c58-140193173047104","trial_id":289,"param_name":"lr","param_value_internal":0.0003059603480805435,"distribution":"{\"name\": \"FloatDistribution\", \"attributes\": {\"step\": null, \"low\": 0.0001, \"high\": 0.1, \"log\": true}}"}
{"op_code":5,"worker_id":"23a7aad4-d3b2-4248-b994-f10942396c58-140193173047104","trial_id":289,"param_name":"dropout","param_value_internal":0.1856496925829538,"distribution":"{\"name\": \"FloatDistribution\", \"attributes\": {\"step\": null, \"low\": 0.1, \"high\": 0.5, \"log\": false}}"}
{"op_code":5,"worker_id":"23a7aad4-d3b2-4248-b994-f10942396c58-140193173047104","trial_id":289,"param_name":"nodes1","param_value_internal":1,"distribution":"{\"name\": \"CategoricalDistribution\", \"attributes\": {\"choices\": [16, 32, 64]}}"}
{"op_code":5,"worker_id":"23a7aad4-d3b2-4248-b994-f10942396c58-140193173047104","trial_id":289,"param_name":"nodes2","param_value_internal":0,"distribution":"{\"name\": \"CategoricalDistribution\", \"attributes\": {\"choices\": [32, 64, 128]}}"}
{"op_code":6,"worker_id":"23a7aad4-d3b2-4248-b994-f10942396c58-140193173047104","trial_id":289,"state":1,"values":[6.06196928024292],"datetime_complete":"2026-03-21T07:29:26.508095"}
{"op_code":4,"worker_id":"23a7aad4-d3b2-4248-b994-f10942396c58-140193173047104","study_id":0,"datetime_start":"2026-03-21T07:29:26.523577"}
{"op_code":5,"worker_id":"23a7aad4-d3b2-4248-b994-f10942396c58-140193173047104","trial_id":290,"param_name":"lr","param_value_internal":0.00028849683028336204,"distribution":"{\"name\": \"FloatDistribution\", \"attributes\": {\"step\": null, \"low\": 0.0001, \"high\": 0.1, \"log\": true}}"}
{"op_code":5,"worker_id":"23a7aad4-d3b2-4248-b994-f10942396c58-140193173047104","trial_id":290,"param_name":"dropout","param_value_internal":0.18766513699365972,"distribution":"{\"name\": \"FloatDistribution\", \"attributes\": {\"step\": null, \"low\": 0.1, \"high\": 0.5, \"log\": false}}"}
{"op_code":5,"worker_id":"23a7aad4-d3b2-4248-b994-f10942396c58-140193173047104","trial_id":290,"param_name":"nodes1","param_value_internal":1,"distribution":"{\"name\": \"CategoricalDistribution\", \"attributes\": {\"choices\": [16, 32, 64]}}"}
{"op_code":5,"worker_id":"23a7aad4-d3b2-4248-b994-f10942396c58-140193173047104","trial_id":290,"param_name":"nodes2","param_value_internal":0,"distribution":"{\"name\": \"CategoricalDistribution\", \"attributes\": {\"choices\": [32, 64, 128]}}"}
{"op_code":6,"worker_id":"23a7aad4-d3b2-4248-b994-f10942396c58-140193173047104","trial_id":290,"state":1,"values":[6.077854156494141],"datetime_complete":"2026-03-21T07:29:30.914482"}
{"op_code":0,"worker_id":"72abbd87-5aef-4fa8-9589-6893fc3ad933-140193173047104","study_name":"custom_torch_tuning","directions":[1]}
{"op_code":4,"worker_id":"72abbd87-5aef-4fa8-9589-6893fc3ad933-140193173047104","study_id":0,"datetime_start":"2026-03-21T07:43:18.569947"}
{"op_code":5,"worker_id":"72abbd87-5aef-4fa8-9589-6893fc3ad933-140193173047104","trial_id":291,"param_name":"lr","param_value_internal":0.0003267190283604351,"distribution":"{\"name\": \"FloatDistribution\", \"attributes\": {\"step\": null, \"low\": 0.0001, \"high\": 0.1, \"log\": true}}"}
{"op_code":5,"worker_id":"72abbd87-5aef-4fa8-9589-6893fc3ad933-140193173047104","trial_id":291,"param_name":"dropout","param_value_internal":0.3593782933645019,"distribution":"{\"name\": \"FloatDistribution\", \"attributes\": {\"step\": null, \"low\": 0.1, \"high\": 0.5, \"log\": false}}"}
{"op_code":5,"worker_id":"72abbd87-5aef-4fa8-9589-6893fc3ad933-140193173047104","trial_id":291,"param_name":"nodes1","param_value_internal":1,"distribution":"{\"name\": \"CategoricalDistribution\", \"attributes\": {\"choices\": [16, 32, 64]}}"}
{"op_code":5,"worker_id":"72abbd87-5aef-4fa8-9589-6893fc3ad933-140193173047104","trial_id":291,"param_name":"nodes2","param_value_internal":0,"distribution":"{\"name\": \"CategoricalDistribution\", \"attributes\": {\"choices\": [32, 64, 128]}}"}
{"op_code":6,"worker_id":"72abbd87-5aef-4fa8-9589-6893fc3ad933-140193173047104","trial_id":291,"state":1,"values":[6.025894641876221],"datetime_complete":"2026-03-21T07:43:23.673212"}
{"op_code":4,"worker_id":"72abbd87-5aef-4fa8-9589-6893fc3ad933-140193173047104","study_id":0,"datetime_start":"2026-03-21T07:43:23.689934"}
{"op_code":5,"worker_id":"72abbd87-5aef-4fa8-9589-6893fc3ad933-140193173047104","trial_id":292,"param_name":"lr","param_value_internal":0.0003285870439058838,"distribution":"{\"name\": \"FloatDistribution\", \"attributes\": {\"step\": null, \"low\": 0.0001, \"high\": 0.1, \"log\": true}}"}
{"op_code":5,"worker_id":"72abbd87-5aef-4fa8-9589-6893fc3ad933-140193173047104","trial_id":292,"param_name":"dropout","param_value_internal":0.17692926229360487,"distribution":"{\"name\": \"FloatDistribution\", \"attributes\": {\"step\": null, \"low\": 0.1, \"high\": 0.5, \"log\": false}}"}
{"op_code":5,"worker_id":"72abbd87-5aef-4fa8-9589-6893fc3ad933-140193173047104","trial_id":292,"param_name":"nodes1","param_value_internal":1,"distribution":"{\"name\": \"CategoricalDistribution\", \"attributes\": {\"choices\": [16, 32, 64]}}"}
{"op_code":5,"worker_id":"72abbd87-5aef-4fa8-9589-6893fc3ad933-140193173047104","trial_id":292,"param_name":"nodes2","param_value_internal":0,"distribution":"{\"name\": \"CategoricalDistribution\", \"attributes\": {\"choices\": [32, 64, 128]}}"}
{"op_code":6,"worker_id":"72abbd87-5aef-4fa8-9589-6893fc3ad933-140193173047104","trial_id":292,"state":1,"values":[6.034522533416748],"datetime_complete":"2026-03-21T07:43:28.532730"}
{"op_code":4,"worker_id":"72abbd87-5aef-4fa8-9589-6893fc3ad933-140193173047104","study_id":0,"datetime_start":"2026-03-21T07:43:28.558052"}
{"op_code":5,"worker_id":"72abbd87-5aef-4fa8-9589-6893fc3ad933-140193173047104","trial_id":293,"param_name":"lr","param_value_internal":0.00035493787824660434,"distribution":"{\"name\": \"FloatDistribution\", \"attributes\": {\"step\": null, \"low\": 0.0001, \"high\": 0.1, \"log\": true}}"}
{"op_code":5,"worker_id":"72abbd87-5aef-4fa8-9589-6893fc3ad933-140193173047104","trial_id":293,"param_name":"dropout","param_value_internal":0.17745267531324369,"distribution":"{\"name\": \"FloatDistribution\", \"attributes\": {\"step\": null, \"low\": 0.1, \"high\": 0.5, \"log\": false}}"}
{"op_code":5,"worker_id":"72abbd87-5aef-4fa8-9589-6893fc3ad933-140193173047104","trial_id":293,"param_name":"nodes1","param_value_internal":1,"distribution":"{\"name\": \"CategoricalDistribution\", \"attributes\": {\"choices\": [16, 32, 64]}}"}
{"op_code":5,"worker_id":"72abbd87-5aef-4fa8-9589-6893fc3ad933-140193173047104","trial_id":293,"param_name":"nodes2","param_value_internal":0,"distribution":"{\"name\": \"CategoricalDistribution\", \"attributes\": {\"choices\": [32, 64, 128]}}"}
{"op_code":6,"worker_id":"72abbd87-5aef-4fa8-9589-6893fc3ad933-140193173047104","trial_id":293,"state":1,"values":[6.011915683746338],"datetime_complete":"2026-03-21T07:43:33.253970"}
{"op_code":4,"worker_id":"72abbd87-5aef-4fa8-9589-6893fc3ad933-140193173047104","study_id":0,"datetime_start":"2026-03-21T07:43:33.270444"}
{"op_code":5,"worker_id":"72abbd87-5aef-4fa8-9589-6893fc3ad933-140193173047104","trial_id":294,"param_name":"lr","param_value_internal":0.00035273727585389197,"distribution":"{\"name\": \"FloatDistribution\", \"attributes\": {\"step\": null, \"low\": 0.0001, \"high\": 0.1, \"log\": true}}"}
{"op_code":5,"worker_id":"72abbd87-5aef-4fa8-9589-6893fc3ad933-140193173047104","trial_id":294,"param_name":"dropout","param_value_internal":0.17737761005056082,"distribution":"{\"name\": \"FloatDistribution\", \"attributes\": {\"step\": null, \"low\": 0.1, \"high\": 0.5, \"log\": false}}"}
{"op_code":5,"worker_id":"72abbd87-5aef-4fa8-9589-6893fc3ad933-140193173047104","trial_id":294,"param_name":"nodes1","param_value_internal":1,"distribution":"{\"name\": \"CategoricalDistribution\", \"attributes\": {\"choices\": [16, 32, 64]}}"}
{"op_code":5,"worker_id":"72abbd87-5aef-4fa8-9589-6893fc3ad933-140193173047104","trial_id":294,"param_name":"nodes2","param_value_internal":0,"distribution":"{\"name\": \"CategoricalDistribution\", \"attributes\": {\"choices\": [32, 64, 128]}}"}
{"op_code":6,"worker_id":"72abbd87-5aef-4fa8-9589-6893fc3ad933-140193173047104","trial_id":294,"state":1,"values":[6.05232572555542],"datetime_complete":"2026-03-21T07:43:38.306993"}
{"op_code":4,"worker_id":"72abbd87-5aef-4fa8-9589-6893fc3ad933-140193173047104","study_id":0,"datetime_start":"2026-03-21T07:43:38.327209"}
{"op_code":5,"worker_id":"72abbd87-5aef-4fa8-9589-6893fc3ad933-140193173047104","trial_id":295,"param_name":"lr","param_value_internal":0.00032006820458173736,"distribution":"{\"name\": \"FloatDistribution\", \"attributes\": {\"step\": null, \"low\": 0.0001, \"high\": 0.1, \"log\": true}}"}
{"op_code":5,"worker_id":"72abbd87-5aef-4fa8-9589-6893fc3ad933-140193173047104","trial_id":295,"param_name":"dropout","param_value_internal":0.1753558314543016,"distribution":"{\"name\": \"FloatDistribution\", \"attributes\": {\"step\": null, \"low\": 0.1, \"high\": 0.5, \"log\": false}}"}
{"op_code":5,"worker_id":"72abbd87-5aef-4fa8-9589-6893fc3ad933-140193173047104","trial_id":295,"param_name":"nodes1","param_value_internal":1,"distribution":"{\"name\": \"CategoricalDistribution\", \"attributes\": {\"choices\": [16, 32, 64]}}"}
{"op_code":5,"worker_id":"72abbd87-5aef-4fa8-9589-6893fc3ad933-140193173047104","trial_id":295,"param_name":"nodes2","param_value_internal":0,"distribution":"{\"name\": \"CategoricalDistribution\", \"attributes\": {\"choices\": [32, 64, 128]}}"}
{"op_code":6,"worker_id":"72abbd87-5aef-4fa8-9589-6893fc3ad933-140193173047104","trial_id":295,"state":1,"values":[6.059413909912109],"datetime_complete":"2026-03-21T07:43:43.100277"}
{"op_code":4,"worker_id":"72abbd87-5aef-4fa8-9589-6893fc3ad933-140193173047104","study_id":0,"datetime_start":"2026-03-21T07:43:43.123584"}
{"op_code":5,"worker_id":"72abbd87-5aef-4fa8-9589-6893fc3ad933-140193173047104","trial_id":296,"param_name":"lr","param_value_internal":0.0003609869541982653,"distribution":"{\"name\": \"FloatDistribution\", \"attributes\": {\"step\": null, \"low\": 0.0001, \"high\": 0.1, \"log\": true}}"}
{"op_code":5,"worker_id":"72abbd87-5aef-4fa8-9589-6893fc3ad933-140193173047104","trial_id":296,"param_name":"dropout","param_value_internal":0.43483003782964974,"distribution":"{\"name\": \"FloatDistribution\", \"attributes\": {\"step\": null, \"low\": 0.1, \"high\": 0.5, \"log\": false}}"}
{"op_code":5,"worker_id":"72abbd87-5aef-4fa8-9589-6893fc3ad933-140193173047104","trial_id":296,"param_name":"nodes1","param_value_internal":1,"distribution":"{\"name\": \"CategoricalDistribution\", \"attributes\": {\"choices\": [16, 32, 64]}}"}
{"op_code":5,"worker_id":"72abbd87-5aef-4fa8-9589-6893fc3ad933-140193173047104","trial_id":296,"param_name":"nodes2","param_value_internal":0,"distribution":"{\"name\": \"CategoricalDistribution\", \"attributes\": {\"choices\": [32, 64, 128]}}"}
{"op_code":6,"worker_id":"72abbd87-5aef-4fa8-9589-6893fc3ad933-140193173047104","trial_id":296,"state":1,"values":[6.01340913772583],"datetime_complete":"2026-03-21T07:43:48.101521"}
{"op_code":4,"worker_id":"72abbd87-5aef-4fa8-9589-6893fc3ad933-140193173047104","study_id":0,"datetime_start":"2026-03-21T07:43:48.128717"}
{"op_code":5,"worker_id":"72abbd87-5aef-4fa8-9589-6893fc3ad933-140193173047104","trial_id":297,"param_name":"lr","param_value_internal":0.0002533400284253926,"distribution":"{\"name\": \"FloatDistribution\", \"attributes\": {\"step\": null, \"low\": 0.0001, \"high\": 0.1, \"log\": true}}"}
{"op_code":5,"worker_id":"72abbd87-5aef-4fa8-9589-6893fc3ad933-140193173047104","trial_id":297,"param_name":"dropout","param_value_internal":0.4101715820394914,"distribution":"{\"name\": \"FloatDistribution\", \"attributes\": {\"step\": null, \"low\": 0.1, \"high\": 0.5, \"log\": false}}"}
{"op_code":5,"worker_id":"72abbd87-5aef-4fa8-9589-6893fc3ad933-140193173047104","trial_id":297,"param_name":"nodes1","param_value_internal":0,"distribution":"{\"name\": \"CategoricalDistribution\", \"attributes\": {\"choices\": [16, 32, 64]}}"}
{"op_code":5,"worker_id":"72abbd87-5aef-4fa8-9589-6893fc3ad933-140193173047104","trial_id":297,"param_name":"nodes2","param_value_internal":0,"distribution":"{\"name\": \"CategoricalDistribution\", \"attributes\": {\"choices\": [32, 64, 128]}}"}
{"op_code":6,"worker_id":"72abbd87-5aef-4fa8-9589-6893fc3ad933-140193173047104","trial_id":297,"state":1,"values":[6.035454273223877],"datetime_complete":"2026-03-21T07:43:52.974791"}
{"op_code":4,"worker_id":"72abbd87-5aef-4fa8-9589-6893fc3ad933-140193173047104","study_id":0,"datetime_start":"2026-03-21T07:43:53.001702"}
{"op_code":5,"worker_id":"72abbd87-5aef-4fa8-9589-6893fc3ad933-140193173047104","trial_id":298,"param_name":"lr","param_value_internal":0.00024958758391837064,"distribution":"{\"name\": \"FloatDistribution\", \"attributes\": {\"step\": null, \"low\": 0.0001, \"high\": 0.1, \"log\": true}}"}
{"op_code":5,"worker_id":"72abbd87-5aef-4fa8-9589-6893fc3ad933-140193173047104","trial_id":298,"param_name":"dropout","param_value_internal":0.42241457085893147,"distribution":"{\"name\": \"FloatDistribution\", \"attributes\": {\"step\": null, \"low\": 0.1, \"high\": 0.5, \"log\": false}}"}
{"op_code":5,"worker_id":"72abbd87-5aef-4fa8-9589-6893fc3ad933-140193173047104","trial_id":298,"param_name":"nodes1","param_value_internal":0,"distribution":"{\"name\": \"CategoricalDistribution\", \"attributes\": {\"choices\": [16, 32, 64]}}"}
{"op_code":5,"worker_id":"72abbd87-5aef-4fa8-9589-6893fc3ad933-140193173047104","trial_id":298,"param_name":"nodes2","param_value_internal":0,"distribution":"{\"name\": \"CategoricalDistribution\", \"attributes\": {\"choices\": [32, 64, 128]}}"}
{"op_code":6,"worker_id":"72abbd87-5aef-4fa8-9589-6893fc3ad933-140193173047104","trial_id":298,"state":1,"values":[6.093930244445801],"datetime_complete":"2026-03-21T07:43:58.183269"}
{"op_code":4,"worker_id":"72abbd87-5aef-4fa8-9589-6893fc3ad933-140193173047104","study_id":0,"datetime_start":"2026-03-21T07:43:58.206780"}
{"op_code":5,"worker_id":"72abbd87-5aef-4fa8-9589-6893fc3ad933-140193173047104","trial_id":299,"param_name":"lr","param_value_internal":0.0002694126444842857,"distribution":"{\"name\": \"FloatDistribution\", \"attributes\": {\"step\": null, \"low\": 0.0001, \"high\": 0.1, \"log\": true}}"}
{"op_code":5,"worker_id":"72abbd87-5aef-4fa8-9589-6893fc3ad933-140193173047104","trial_id":299,"param_name":"dropout","param_value_internal":0.36458855587205685,"distribution":"{\"name\": \"FloatDistribution\", \"attributes\": {\"step\": null, \"low\": 0.1, \"high\": 0.5, \"log\": false}}"}
{"op_code":5,"worker_id":"72abbd87-5aef-4fa8-9589-6893fc3ad933-140193173047104","trial_id":299,"param_name":"nodes1","param_value_internal":0,"distribution":"{\"name\": \"CategoricalDistribution\", \"attributes\": {\"choices\": [16, 32, 64]}}"}
{"op_code":5,"worker_id":"72abbd87-5aef-4fa8-9589-6893fc3ad933-140193173047104","trial_id":299,"param_name":"nodes2","param_value_internal":1,"distribution":"{\"name\": \"CategoricalDistribution\", \"attributes\": {\"choices\": [32, 64, 128]}}"}
{"op_code":6,"worker_id":"72abbd87-5aef-4fa8-9589-6893fc3ad933-140193173047104","trial_id":299,"state":1,"values":[6.040946006774902],"datetime_complete":"2026-03-21T07:44:02.826189"}
{"op_code":4,"worker_id":"72abbd87-5aef-4fa8-9589-6893fc3ad933-140193173047104","study_id":0,"datetime_start":"2026-03-21T07:44:02.853371"}
{"op_code":5,"worker_id":"72abbd87-5aef-4fa8-9589-6893fc3ad933-140193173047104","trial_id":300,"param_name":"lr","param_value_internal":0.0014661617824641602,"distribution":"{\"name\": \"FloatDistribution\", \"attributes\": {\"step\": null, \"low\": 0.0001, \"high\": 0.1, \"log\": true}}"}
{"op_code":5,"worker_id":"72abbd87-5aef-4fa8-9589-6893fc3ad933-140193173047104","trial_id":300,"param_name":"dropout","param_value_internal":0.3644431885679801,"distribution":"{\"name\": \"FloatDistribution\", \"attributes\": {\"step\": null, \"low\": 0.1, \"high\": 0.5, \"log\": false}}"}
{"op_code":5,"worker_id":"72abbd87-5aef-4fa8-9589-6893fc3ad933-140193173047104","trial_id":300,"param_name":"nodes1","param_value_internal":0,"distribution":"{\"name\": \"CategoricalDistribution\", \"attributes\": {\"choices\": [16, 32, 64]}}"}
{"op_code":5,"worker_id":"72abbd87-5aef-4fa8-9589-6893fc3ad933-140193173047104","trial_id":300,"param_name":"nodes2","param_value_internal":1,"distribution":"{\"name\": \"CategoricalDistribution\", \"attributes\": {\"choices\": [32, 64, 128]}}"}
{"op_code":6,"worker_id":"72abbd87-5aef-4fa8-9589-6893fc3ad933-140193173047104","trial_id":300,"state":1,"values":[6.08750581741333],"datetime_complete":"2026-03-21T07:44:07.568366"}
{"op_code":0,"worker_id":"a838d181-2d17-474e-ac40-8b37587101c9-140193173047104","study_name":"custom_torch_tuning","directions":[1]}
{"op_code":4,"worker_id":"a838d181-2d17-474e-ac40-8b37587101c9-140193173047104","study_id":0,"datetime_start":"2026-03-21T07:57:57.745035"}
{"op_code":5,"worker_id":"a838d181-2d17-474e-ac40-8b37587101c9-140193173047104","trial_id":301,"param_name":"lr","param_value_internal":0.00028001461826241737,"distribution":"{\"name\": \"FloatDistribution\", \"attributes\": {\"step\": null, \"low\": 0.0001, \"high\": 0.1, \"log\": true}}"}
{"op_code":5,"worker_id":"a838d181-2d17-474e-ac40-8b37587101c9-140193173047104","trial_id":301,"param_name":"dropout","param_value_internal":0.3847395970240035,"distribution":"{\"name\": \"FloatDistribution\", \"attributes\": {\"step\": null, \"low\": 0.1, \"high\": 0.5, \"log\": false}}"}
{"op_code":5,"worker_id":"a838d181-2d17-474e-ac40-8b37587101c9-140193173047104","trial_id":301,"param_name":"nodes1","param_value_internal":0,"distribution":"{\"name\": \"CategoricalDistribution\", \"attributes\": {\"choices\": [16, 32, 64]}}"}
{"op_code":5,"worker_id":"a838d181-2d17-474e-ac40-8b37587101c9-140193173047104","trial_id":301,"param_name":"nodes2","param_value_internal":2,"distribution":"{\"name\": \"CategoricalDistribution\", \"attributes\": {\"choices\": [32, 64, 128]}}"}
{"op_code":6,"worker_id":"a838d181-2d17-474e-ac40-8b37587101c9-140193173047104","trial_id":301,"state":1,"values":[6.151578426361084],"datetime_complete":"2026-03-21T07:58:02.283191"}
{"op_code":4,"worker_id":"a838d181-2d17-474e-ac40-8b37587101c9-140193173047104","study_id":0,"datetime_start":"2026-03-21T07:58:02.299845"}
{"op_code":5,"worker_id":"a838d181-2d17-474e-ac40-8b37587101c9-140193173047104","trial_id":302,"param_name":"lr","param_value_internal":0.0003880358039768258,"distribution":"{\"name\": \"FloatDistribution\", \"attributes\": {\"step\": null, \"low\": 0.0001, \"high\": 0.1, \"log\": true}}"}
{"op_code":5,"worker_id":"a838d181-2d17-474e-ac40-8b37587101c9-140193173047104","trial_id":302,"param_name":"dropout","param_value_internal":0.4482954351342694,"distribution":"{\"name\": \"FloatDistribution\", \"attributes\": {\"step\": null, \"low\": 0.1, \"high\": 0.5, \"log\": false}}"}
{"op_code":5,"worker_id":"a838d181-2d17-474e-ac40-8b37587101c9-140193173047104","trial_id":302,"param_name":"nodes1","param_value_internal":0,"distribution":"{\"name\": \"CategoricalDistribution\", \"attributes\": {\"choices\": [16, 32, 64]}}"}
{"op_code":5,"worker_id":"a838d181-2d17-474e-ac40-8b37587101c9-140193173047104","trial_id":302,"param_name":"nodes2","param_value_internal":0,"distribution":"{\"name\": \"CategoricalDistribution\", \"attributes\": {\"choices\": [32, 64, 128]}}"}
{"op_code":6,"worker_id":"a838d181-2d17-474e-ac40-8b37587101c9-140193173047104","trial_id":302,"state":1,"values":[6.146409511566162],"datetime_complete":"2026-03-21T07:58:07.002551"}
{"op_code":4,"worker_id":"a838d181-2d17-474e-ac40-8b37587101c9-140193173047104","study_id":0,"datetime_start":"2026-03-21T07:58:07.023041"}
{"op_code":5,"worker_id":"a838d181-2d17-474e-ac40-8b37587101c9-140193173047104","trial_id":303,"param_name":"lr","param_value_internal":0.0002584620973756534,"distribution":"{\"name\": \"FloatDistribution\", \"attributes\": {\"step\": null, \"low\": 0.0001, \"high\": 0.1, \"log\": true}}"}
{"op_code":5,"worker_id":"a838d181-2d17-474e-ac40-8b37587101c9-140193173047104","trial_id":303,"param_name":"dropout","param_value_internal":0.3987342302183725,"distribution":"{\"name\": \"FloatDistribution\", \"attributes\": {\"step\": null, \"low\": 0.1, \"high\": 0.5, \"log\": false}}"}
{"op_code":5,"worker_id":"a838d181-2d17-474e-ac40-8b37587101c9-140193173047104","trial_id":303,"param_name":"nodes1","param_value_internal":2,"distribution":"{\"name\": \"CategoricalDistribution\", \"attributes\": {\"choices\": [16, 32, 64]}}"}
{"op_code":5,"worker_id":"a838d181-2d17-474e-ac40-8b37587101c9-140193173047104","trial_id":303,"param_name":"nodes2","param_value_internal":1,"distribution":"{\"name\": \"CategoricalDistribution\", \"attributes\": {\"choices\": [32, 64, 128]}}"}
{"op_code":6,"worker_id":"a838d181-2d17-474e-ac40-8b37587101c9-140193173047104","trial_id":303,"state":1,"values":[6.145268440246582],"datetime_complete":"2026-03-21T07:58:11.990800"}
{"op_code":4,"worker_id":"a838d181-2d17-474e-ac40-8b37587101c9-140193173047104","study_id":0,"datetime_start":"2026-03-21T07:58:12.009957"}
{"op_code":5,"worker_id":"a838d181-2d17-474e-ac40-8b37587101c9-140193173047104","trial_id":304,"param_name":"lr","param_value_internal":0.0002924816855322236,"distribution":"{\"name\": \"FloatDistribution\", \"attributes\": {\"step\": null, \"low\": 0.0001, \"high\": 0.1, \"log\": true}}"}
{"op_code":5,"worker_id":"a838d181-2d17-474e-ac40-8b37587101c9-140193173047104","trial_id":304,"param_name":"dropout","param_value_internal":0.4541723636215209,"distribution":"{\"name\": \"FloatDistribution\", \"attributes\": {\"step\": null, \"low\": 0.1, \"high\": 0.5, \"log\": false}}"}
{"op_code":5,"worker_id":"a838d181-2d17-474e-ac40-8b37587101c9-140193173047104","trial_id":304,"param_name":"nodes1","param_value_internal":0,"distribution":"{\"name\": \"CategoricalDistribution\", \"attributes\": {\"choices\": [16, 32, 64]}}"}
{"op_code":5,"worker_id":"a838d181-2d17-474e-ac40-8b37587101c9-140193173047104","trial_id":304,"param_name":"nodes2","param_value_internal":0,"distribution":"{\"name\": \"CategoricalDistribution\", \"attributes\": {\"choices\": [32, 64, 128]}}"}
{"op_code":6,"worker_id":"a838d181-2d17-474e-ac40-8b37587101c9-140193173047104","trial_id":304,"state":1,"values":[6.168791770935059],"datetime_complete":"2026-03-21T07:58:16.824311"}
{"op_code":4,"worker_id":"a838d181-2d17-474e-ac40-8b37587101c9-140193173047104","study_id":0,"datetime_start":"2026-03-21T07:58:16.844008"}
{"op_code":5,"worker_id":"a838d181-2d17-474e-ac40-8b37587101c9-140193173047104","trial_id":305,"param_name":"lr","param_value_internal":0.0003537521344959451,"distribution":"{\"name\": \"FloatDistribution\", \"attributes\": {\"step\": null, \"low\": 0.0001, \"high\": 0.1, \"log\": true}}"}
{"op_code":5,"worker_id":"a838d181-2d17-474e-ac40-8b37587101c9-140193173047104","trial_id":305,"param_name":"dropout","param_value_internal":0.4547012131209631,"distribution":"{\"name\": \"FloatDistribution\", \"attributes\": {\"step\": null, \"low\": 0.1, \"high\": 0.5, \"log\": false}}"}
{"op_code":5,"worker_id":"a838d181-2d17-474e-ac40-8b37587101c9-140193173047104","trial_id":305,"param_name":"nodes1","param_value_internal":0,"distribution":"{\"name\": \"CategoricalDistribution\", \"attributes\": {\"choices\": [16, 32, 64]}}"}
{"op_code":5,"worker_id":"a838d181-2d17-474e-ac40-8b37587101c9-140193173047104","trial_id":305,"param_name":"nodes2","param_value_internal":1,"distribution":"{\"name\": \"CategoricalDistribution\", \"attributes\": {\"choices\": [32, 64, 128]}}"}
{"op_code":6,"worker_id":"a838d181-2d17-474e-ac40-8b37587101c9-140193173047104","trial_id":305,"state":1,"values":[6.154709815979004],"datetime_complete":"2026-03-21T07:58:21.901504"}
{"op_code":4,"worker_id":"a838d181-2d17-474e-ac40-8b37587101c9-140193173047104","study_id":0,"datetime_start":"2026-03-21T07:58:21.921823"}
{"op_code":5,"worker_id":"a838d181-2d17-474e-ac40-8b37587101c9-140193173047104","trial_id":306,"param_name":"lr","param_value_internal":0.00023671532009274528,"distribution":"{\"name\": \"FloatDistribution\", \"attributes\": {\"step\": null, \"low\": 0.0001, \"high\": 0.1, \"log\": true}}"}
{"op_code":5,"worker_id":"a838d181-2d17-474e-ac40-8b37587101c9-140193173047104","trial_id":306,"param_name":"dropout","param_value_internal":0.41950676074156984,"distribution":"{\"name\": \"FloatDistribution\", \"attributes\": {\"step\": null, \"low\": 0.1, \"high\": 0.5, \"log\": false}}"}
{"op_code":5,"worker_id":"a838d181-2d17-474e-ac40-8b37587101c9-140193173047104","trial_id":306,"param_name":"nodes1","param_value_internal":0,"distribution":"{\"name\": \"CategoricalDistribution\", \"attributes\": {\"choices\": [16, 32, 64]}}"}
{"op_code":5,"worker_id":"a838d181-2d17-474e-ac40-8b37587101c9-140193173047104","trial_id":306,"param_name":"nodes2","param_value_internal":0,"distribution":"{\"name\": \"CategoricalDistribution\", \"attributes\": {\"choices\": [32, 64, 128]}}"}
{"op_code":6,"worker_id":"a838d181-2d17-474e-ac40-8b37587101c9-140193173047104","trial_id":306,"state":1,"values":[6.230481147766113],"datetime_complete":"2026-03-21T07:58:26.492032"}
{"op_code":4,"worker_id":"a838d181-2d17-474e-ac40-8b37587101c9-140193173047104","study_id":0,"datetime_start":"2026-03-21T07:58:26.521847"}
{"op_code":5,"worker_id":"a838d181-2d17-474e-ac40-8b37587101c9-140193173047104","trial_id":307,"param_name":"lr","param_value_internal":0.00039028903883001954,"distribution":"{\"name\": \"FloatDistribution\", \"attributes\": {\"step\": null, \"low\": 0.0001, \"high\": 0.1, \"log\": true}}"}
{"op_code":5,"worker_id":"a838d181-2d17-474e-ac40-8b37587101c9-140193173047104","trial_id":307,"param_name":"dropout","param_value_internal":0.40866999309865326,"distribution":"{\"name\": \"FloatDistribution\", \"attributes\": {\"step\": null, \"low\": 0.1, \"high\": 0.5, \"log\": false}}"}
{"op_code":5,"worker_id":"a838d181-2d17-474e-ac40-8b37587101c9-140193173047104","trial_id":307,"param_name":"nodes1","param_value_internal":0,"distribution":"{\"name\": \"CategoricalDistribution\", \"attributes\": {\"choices\": [16, 32, 64]}}"}
{"op_code":5,"worker_id":"a838d181-2d17-474e-ac40-8b37587101c9-140193173047104","trial_id":307,"param_name":"nodes2","param_value_internal":1,"distribution":"{\"name\": \"CategoricalDistribution\", \"attributes\": {\"choices\": [32, 64, 128]}}"}
{"op_code":6,"worker_id":"a838d181-2d17-474e-ac40-8b37587101c9-140193173047104","trial_id":307,"state":1,"values":[6.150181770324707],"datetime_complete":"2026-03-21T07:58:31.669859"}
{"op_code":4,"worker_id":"a838d181-2d17-474e-ac40-8b37587101c9-140193173047104","study_id":0,"datetime_start":"2026-03-21T07:58:31.696271"}
{"op_code":5,"worker_id":"a838d181-2d17-474e-ac40-8b37587101c9-140193173047104","trial_id":308,"param_name":"lr","param_value_internal":0.0002721428754679984,"distribution":"{\"name\": \"FloatDistribution\", \"attributes\": {\"step\": null, \"low\": 0.0001, \"high\": 0.1, \"log\": true}}"}
{"op_code":5,"worker_id":"a838d181-2d17-474e-ac40-8b37587101c9-140193173047104","trial_id":308,"param_name":"dropout","param_value_internal":0.42777986143912144,"distribution":"{\"name\": \"FloatDistribution\", \"attributes\": {\"step\": null, \"low\": 0.1, \"high\": 0.5, \"log\": false}}"}
{"op_code":5,"worker_id":"a838d181-2d17-474e-ac40-8b37587101c9-140193173047104","trial_id":308,"param_name":"nodes1","param_value_internal":0,"distribution":"{\"name\": \"CategoricalDistribution\", \"attributes\": {\"choices\": [16, 32, 64]}}"}
{"op_code":5,"worker_id":"a838d181-2d17-474e-ac40-8b37587101c9-140193173047104","trial_id":308,"param_name":"nodes2","param_value_internal":0,"distribution":"{\"name\": \"CategoricalDistribution\", \"attributes\": {\"choices\": [32, 64, 128]}}"}
{"op_code":6,"worker_id":"a838d181-2d17-474e-ac40-8b37587101c9-140193173047104","trial_id":308,"state":1,"values":[6.148216724395752],"datetime_complete":"2026-03-21T07:58:36.246639"}
{"op_code":4,"worker_id":"a838d181-2d17-474e-ac40-8b37587101c9-140193173047104","study_id":0,"datetime_start":"2026-03-21T07:58:36.270157"}
{"op_code":5,"worker_id":"a838d181-2d17-474e-ac40-8b37587101c9-140193173047104","trial_id":309,"param_name":"lr","param_value_internal":0.00031758930111167526,"distribution":"{\"name\": \"FloatDistribution\", \"attributes\": {\"step\": null, \"low\": 0.0001, \"high\": 0.1, \"log\": true}}"}
{"op_code":5,"worker_id":"a838d181-2d17-474e-ac40-8b37587101c9-140193173047104","trial_id":309,"param_name":"dropout","param_value_internal":0.3746048042223593,"distribution":"{\"name\": \"FloatDistribution\", \"attributes\": {\"step\": null, \"low\": 0.1, \"high\": 0.5, \"log\": false}}"}
{"op_code":5,"worker_id":"a838d181-2d17-474e-ac40-8b37587101c9-140193173047104","trial_id":309,"param_name":"nodes1","param_value_internal":0,"distribution":"{\"name\": \"CategoricalDistribution\", \"attributes\": {\"choices\": [16, 32, 64]}}"}
{"op_code":5,"worker_id":"a838d181-2d17-474e-ac40-8b37587101c9-140193173047104","trial_id":309,"param_name":"nodes2","param_value_internal":1,"distribution":"{\"name\": \"CategoricalDistribution\", \"attributes\": {\"choices\": [32, 64, 128]}}"}
{"op_code":6,"worker_id":"a838d181-2d17-474e-ac40-8b37587101c9-140193173047104","trial_id":309,"state":1,"values":[6.1563262939453125],"datetime_complete":"2026-03-21T07:58:41.029039"}
{"op_code":4,"worker_id":"a838d181-2d17-474e-ac40-8b37587101c9-140193173047104","study_id":0,"datetime_start":"2026-03-21T07:58:41.053870"}
{"op_code":5,"worker_id":"a838d181-2d17-474e-ac40-8b37587101c9-140193173047104","trial_id":310,"param_name":"lr","param_value_internal":0.00030945752864297175,"distribution":"{\"name\": \"FloatDistribution\", \"attributes\": {\"step\": null, \"low\": 0.0001, \"high\": 0.1, \"log\": true}}"}
{"op_code":5,"worker_id":"a838d181-2d17-474e-ac40-8b37587101c9-140193173047104","trial_id":310,"param_name":"dropout","param_value_internal":0.4119057183314994,"distribution":"{\"name\": \"FloatDistribution\", \"attributes\": {\"step\": null, \"low\": 0.1, \"high\": 0.5, \"log\": false}}"}
{"op_code":5,"worker_id":"a838d181-2d17-474e-ac40-8b37587101c9-140193173047104","trial_id":310,"param_name":"nodes1","param_value_internal":0,"distribution":"{\"name\": \"CategoricalDistribution\", \"attributes\": {\"choices\": [16, 32, 64]}}"}
{"op_code":5,"worker_id":"a838d181-2d17-474e-ac40-8b37587101c9-140193173047104","trial_id":310,"param_name":"nodes2","param_value_internal":0,"distribution":"{\"name\": \"CategoricalDistribution\", \"attributes\": {\"choices\": [32, 64, 128]}}"}
{"op_code":6,"worker_id":"a838d181-2d17-474e-ac40-8b37587101c9-140193173047104","trial_id":310,"state":1,"values":[6.189915180206299],"datetime_complete":"2026-03-21T07:58:45.740256"}
{"op_code":0,"worker_id":"49a95936-6add-461f-90e3-d49e7b00def9-140193173047104","study_name":"custom_torch_tuning","directions":[1]}
{"op_code":4,"worker_id":"49a95936-6add-461f-90e3-d49e7b00def9-140193173047104","study_id":0,"datetime_start":"2026-03-21T08:12:34.585908"}
{"op_code":5,"worker_id":"49a95936-6add-461f-90e3-d49e7b00def9-140193173047104","trial_id":311,"param_name":"lr","param_value_internal":0.00023557227510340718,"distribution":"{\"name\": \"FloatDistribution\", \"attributes\": {\"step\": null, \"low\": 0.0001, \"high\": 0.1, \"log\": true}}"}
{"op_code":5,"worker_id":"49a95936-6add-461f-90e3-d49e7b00def9-140193173047104","trial_id":311,"param_name":"dropout","param_value_internal":0.38415747406660117,"distribution":"{\"name\": \"FloatDistribution\", \"attributes\": {\"step\": null, \"low\": 0.1, \"high\": 0.5, \"log\": false}}"}
{"op_code":5,"worker_id":"49a95936-6add-461f-90e3-d49e7b00def9-140193173047104","trial_id":311,"param_name":"nodes1","param_value_internal":0,"distribution":"{\"name\": \"CategoricalDistribution\", \"attributes\": {\"choices\": [16, 32, 64]}}"}
{"op_code":5,"worker_id":"49a95936-6add-461f-90e3-d49e7b00def9-140193173047104","trial_id":311,"param_name":"nodes2","param_value_internal":1,"distribution":"{\"name\": \"CategoricalDistribution\", \"attributes\": {\"choices\": [32, 64, 128]}}"}
{"op_code":6,"worker_id":"49a95936-6add-461f-90e3-d49e7b00def9-140193173047104","trial_id":311,"state":1,"values":[6.210095405578613],"datetime_complete":"2026-03-21T08:12:39.577837"}
{"op_code":4,"worker_id":"49a95936-6add-461f-90e3-d49e7b00def9-140193173047104","study_id":0,"datetime_start":"2026-03-21T08:12:39.601703"}
{"op_code":5,"worker_id":"49a95936-6add-461f-90e3-d49e7b00def9-140193173047104","trial_id":312,"param_name":"lr","param_value_internal":0.0003758971700270533,"distribution":"{\"name\": \"FloatDistribution\", \"attributes\": {\"step\": null, \"low\": 0.0001, \"high\": 0.1, \"log\": true}}"}
{"op_code":5,"worker_id":"49a95936-6add-461f-90e3-d49e7b00def9-140193173047104","trial_id":312,"param_name":"dropout","param_value_internal":0.39479679871417916,"distribution":"{\"name\": \"FloatDistribution\", \"attributes\": {\"step\": null, \"low\": 0.1, \"high\": 0.5, \"log\": false}}"}
{"op_code":5,"worker_id":"49a95936-6add-461f-90e3-d49e7b00def9-140193173047104","trial_id":312,"param_name":"nodes1","param_value_internal":1,"distribution":"{\"name\": \"CategoricalDistribution\", \"attributes\": {\"choices\": [16, 32, 64]}}"}
{"op_code":5,"worker_id":"49a95936-6add-461f-90e3-d49e7b00def9-140193173047104","trial_id":312,"param_name":"nodes2","param_value_internal":1,"distribution":"{\"name\": \"CategoricalDistribution\", \"attributes\": {\"choices\": [32, 64, 128]}}"}
{"op_code":6,"worker_id":"49a95936-6add-461f-90e3-d49e7b00def9-140193173047104","trial_id":312,"state":1,"values":[6.197316646575928],"datetime_complete":"2026-03-21T08:12:44.617841"}
{"op_code":4,"worker_id":"49a95936-6add-461f-90e3-d49e7b00def9-140193173047104","study_id":0,"datetime_start":"2026-03-21T08:12:44.629099"}
{"op_code":5,"worker_id":"49a95936-6add-461f-90e3-d49e7b00def9-140193173047104","trial_id":313,"param_name":"lr","param_value_internal":0.00026980041153145485,"distribution":"{\"name\": \"FloatDistribution\", \"attributes\": {\"step\": null, \"low\": 0.0001, \"high\": 0.1, \"log\": true}}"}
{"op_code":5,"worker_id":"49a95936-6add-461f-90e3-d49e7b00def9-140193173047104","trial_id":313,"param_name":"dropout","param_value_internal":0.46388753154057677,"distribution":"{\"name\": \"FloatDistribution\", \"attributes\": {\"step\": null, \"low\": 0.1, \"high\": 0.5, \"log\": false}}"}
{"op_code":5,"worker_id":"49a95936-6add-461f-90e3-d49e7b00def9-140193173047104","trial_id":313,"param_name":"nodes1","param_value_internal":1,"distribution":"{\"name\": \"CategoricalDistribution\", \"attributes\": {\"choices\": [16, 32, 64]}}"}
{"op_code":5,"worker_id":"49a95936-6add-461f-90e3-d49e7b00def9-140193173047104","trial_id":313,"param_name":"nodes2","param_value_internal":0,"distribution":"{\"name\": \"CategoricalDistribution\", \"attributes\": {\"choices\": [32, 64, 128]}}"}
{"op_code":6,"worker_id":"49a95936-6add-461f-90e3-d49e7b00def9-140193173047104","trial_id":313,"state":1,"values":[6.188129425048828],"datetime_complete":"2026-03-21T08:12:49.468724"}
{"op_code":4,"worker_id":"49a95936-6add-461f-90e3-d49e7b00def9-140193173047104","study_id":0,"datetime_start":"2026-03-21T08:12:49.486586"}
{"op_code":5,"worker_id":"49a95936-6add-461f-90e3-d49e7b00def9-140193173047104","trial_id":314,"param_name":"lr","param_value_internal":0.0004321884398289767,"distribution":"{\"name\": \"FloatDistribution\", \"attributes\": {\"step\": null, \"low\": 0.0001, \"high\": 0.1, \"log\": true}}"}
{"op_code":5,"worker_id":"49a95936-6add-461f-90e3-d49e7b00def9-140193173047104","trial_id":314,"param_name":"dropout","param_value_internal":0.16845169481413047,"distribution":"{\"name\": \"FloatDistribution\", \"attributes\": {\"step\": null, \"low\": 0.1, \"high\": 0.5, \"log\": false}}"}
{"op_code":5,"worker_id":"49a95936-6add-461f-90e3-d49e7b00def9-140193173047104","trial_id":314,"param_name":"nodes1","param_value_internal":1,"distribution":"{\"name\": \"CategoricalDistribution\", \"attributes\": {\"choices\": [16, 32, 64]}}"}
{"op_code":5,"worker_id":"49a95936-6add-461f-90e3-d49e7b00def9-140193173047104","trial_id":314,"param_name":"nodes2","param_value_internal":1,"distribution":"{\"name\": \"CategoricalDistribution\", \"attributes\": {\"choices\": [32, 64, 128]}}"}
{"op_code":6,"worker_id":"49a95936-6add-461f-90e3-d49e7b00def9-140193173047104","trial_id":314,"state":1,"values":[6.201494216918945],"datetime_complete":"2026-03-21T08:12:54.580266"}
{"op_code":4,"worker_id":"49a95936-6add-461f-90e3-d49e7b00def9-140193173047104","study_id":0,"datetime_start":"2026-03-21T08:12:54.594668"}
{"op_code":5,"worker_id":"49a95936-6add-461f-90e3-d49e7b00def9-140193173047104","trial_id":315,"param_name":"lr","param_value_internal":0.0003373326846866167,"distribution":"{\"name\": \"FloatDistribution\", \"attributes\": {\"step\": null, \"low\": 0.0001, \"high\": 0.1, \"log\": true}}"}
{"op_code":5,"worker_id":"49a95936-6add-461f-90e3-d49e7b00def9-140193173047104","trial_id":315,"param_name":"dropout","param_value_internal":0.4358947628117942,"distribution":"{\"name\": \"FloatDistribution\", \"attributes\": {\"step\": null, \"low\": 0.1, \"high\": 0.5, \"log\": false}}"}
{"op_code":5,"worker_id":"49a95936-6add-461f-90e3-d49e7b00def9-140193173047104","trial_id":315,"param_name":"nodes1","param_value_internal":1,"distribution":"{\"name\": \"CategoricalDistribution\", \"attributes\": {\"choices\": [16, 32, 64]}}"}
{"op_code":5,"worker_id":"49a95936-6add-461f-90e3-d49e7b00def9-140193173047104","trial_id":315,"param_name":"nodes2","param_value_internal":0,"distribution":"{\"name\": \"CategoricalDistribution\", \"attributes\": {\"choices\": [32, 64, 128]}}"}
{"op_code":6,"worker_id":"49a95936-6add-461f-90e3-d49e7b00def9-140193173047104","trial_id":315,"state":1,"values":[6.1662211418151855],"datetime_complete":"2026-03-21T08:12:59.481128"}
{"op_code":4,"worker_id":"49a95936-6add-461f-90e3-d49e7b00def9-140193173047104","study_id":0,"datetime_start":"2026-03-21T08:12:59.500842"}
{"op_code":5,"worker_id":"49a95936-6add-461f-90e3-d49e7b00def9-140193173047104","trial_id":316,"param_name":"lr","param_value_internal":0.0002774641974356549,"distribution":"{\"name\": \"FloatDistribution\", \"attributes\": {\"step\": null, \"low\": 0.0001, \"high\": 0.1, \"log\": true}}"}
{"op_code":5,"worker_id":"49a95936-6add-461f-90e3-d49e7b00def9-140193173047104","trial_id":316,"param_name":"dropout","param_value_internal":0.3565671339712685,"distribution":"{\"name\": \"FloatDistribution\", \"attributes\": {\"step\": null, \"low\": 0.1, \"high\": 0.5, \"log\": false}}"}
{"op_code":5,"worker_id":"49a95936-6add-461f-90e3-d49e7b00def9-140193173047104","trial_id":316,"param_name":"nodes1","param_value_internal":1,"distribution":"{\"name\": \"CategoricalDistribution\", \"attributes\": {\"choices\": [16, 32, 64]}}"}
{"op_code":5,"worker_id":"49a95936-6add-461f-90e3-d49e7b00def9-140193173047104","trial_id":316,"param_name":"nodes2","param_value_internal":1,"distribution":"{\"name\": \"CategoricalDistribution\", \"attributes\": {\"choices\": [32, 64, 128]}}"}
{"op_code":6,"worker_id":"49a95936-6add-461f-90e3-d49e7b00def9-140193173047104","trial_id":316,"state":1,"values":[6.1862030029296875],"datetime_complete":"2026-03-21T08:13:04.602130"}
{"op_code":4,"worker_id":"49a95936-6add-461f-90e3-d49e7b00def9-140193173047104","study_id":0,"datetime_start":"2026-03-21T08:13:04.616035"}
{"op_code":5,"worker_id":"49a95936-6add-461f-90e3-d49e7b00def9-140193173047104","trial_id":317,"param_name":"lr","param_value_internal":0.00022611365846091961,"distribution":"{\"name\": \"FloatDistribution\", \"attributes\": {\"step\": null, \"low\": 0.0001, \"high\": 0.1, \"log\": true}}"}
{"op_code":5,"worker_id":"49a95936-6add-461f-90e3-d49e7b00def9-140193173047104","trial_id":317,"param_name":"dropout","param_value_internal":0.32299645348292316,"distribution":"{\"name\": \"FloatDistribution\", \"attributes\": {\"step\": null, \"low\": 0.1, \"high\": 0.5, \"log\": false}}"}
{"op_code":5,"worker_id":"49a95936-6add-461f-90e3-d49e7b00def9-140193173047104","trial_id":317,"param_name":"nodes1","param_value_internal":1,"distribution":"{\"name\": \"CategoricalDistribution\", \"attributes\": {\"choices\": [16, 32, 64]}}"}
{"op_code":5,"worker_id":"49a95936-6add-461f-90e3-d49e7b00def9-140193173047104","trial_id":317,"param_name":"nodes2","param_value_internal":0,"distribution":"{\"name\": \"CategoricalDistribution\", \"attributes\": {\"choices\": [32, 64, 128]}}"}
{"op_code":6,"worker_id":"49a95936-6add-461f-90e3-d49e7b00def9-140193173047104","trial_id":317,"state":1,"values":[6.222815036773682],"datetime_complete":"2026-03-21T08:13:09.840016"}
{"op_code":4,"worker_id":"49a95936-6add-461f-90e3-d49e7b00def9-140193173047104","study_id":0,"datetime_start":"2026-03-21T08:13:09.853096"}
{"op_code":5,"worker_id":"49a95936-6add-461f-90e3-d49e7b00def9-140193173047104","trial_id":318,"param_name":"lr","param_value_internal":0.00039518418625373805,"distribution":"{\"name\": \"FloatDistribution\", \"attributes\": {\"step\": null, \"low\": 0.0001, \"high\": 0.1, \"log\": true}}"}
{"op_code":5,"worker_id":"49a95936-6add-461f-90e3-d49e7b00def9-140193173047104","trial_id":318,"param_name":"dropout","param_value_internal":0.47969692798521824,"distribution":"{\"name\": \"FloatDistribution\", \"attributes\": {\"step\": null, \"low\": 0.1, \"high\": 0.5, \"log\": false}}"}
{"op_code":5,"worker_id":"49a95936-6add-461f-90e3-d49e7b00def9-140193173047104","trial_id":318,"param_name":"nodes1","param_value_internal":0,"distribution":"{\"name\": \"CategoricalDistribution\", \"attributes\": {\"choices\": [16, 32, 64]}}"}
{"op_code":5,"worker_id":"49a95936-6add-461f-90e3-d49e7b00def9-140193173047104","trial_id":318,"param_name":"nodes2","param_value_internal":1,"distribution":"{\"name\": \"CategoricalDistribution\", \"attributes\": {\"choices\": [32, 64, 128]}}"}
{"op_code":6,"worker_id":"49a95936-6add-461f-90e3-d49e7b00def9-140193173047104","trial_id":318,"state":1,"values":[6.179664134979248],"datetime_complete":"2026-03-21T08:13:14.913020"}
{"op_code":4,"worker_id":"49a95936-6add-461f-90e3-d49e7b00def9-140193173047104","study_id":0,"datetime_start":"2026-03-21T08:13:14.928204"}
{"op_code":5,"worker_id":"49a95936-6add-461f-90e3-d49e7b00def9-140193173047104","trial_id":319,"param_name":"lr","param_value_internal":0.00032368257279956445,"distribution":"{\"name\": \"FloatDistribution\", \"attributes\": {\"step\": null, \"low\": 0.0001, \"high\": 0.1, \"log\": true}}"}
{"op_code":5,"worker_id":"49a95936-6add-461f-90e3-d49e7b00def9-140193173047104","trial_id":319,"param_name":"dropout","param_value_internal":0.1803766506328995,"distribution":"{\"name\": \"FloatDistribution\", \"attributes\": {\"step\": null, \"low\": 0.1, \"high\": 0.5, \"log\": false}}"}
{"op_code":5,"worker_id":"49a95936-6add-461f-90e3-d49e7b00def9-140193173047104","trial_id":319,"param_name":"nodes1","param_value_internal":1,"distribution":"{\"name\": \"CategoricalDistribution\", \"attributes\": {\"choices\": [16, 32, 64]}}"}
{"op_code":5,"worker_id":"49a95936-6add-461f-90e3-d49e7b00def9-140193173047104","trial_id":319,"param_name":"nodes2","param_value_internal":0,"distribution":"{\"name\": \"CategoricalDistribution\", \"attributes\": {\"choices\": [32, 64, 128]}}"}
{"op_code":6,"worker_id":"49a95936-6add-461f-90e3-d49e7b00def9-140193173047104","trial_id":319,"state":1,"values":[6.200615406036377],"datetime_complete":"2026-03-21T08:13:19.953282"}
{"op_code":4,"worker_id":"49a95936-6add-461f-90e3-d49e7b00def9-140193173047104","study_id":0,"datetime_start":"2026-03-21T08:13:23.473635"}
{"op_code":5,"worker_id":"49a95936-6add-461f-90e3-d49e7b00def9-140193173047104","trial_id":320,"param_name":"lr","param_value_internal":0.00024924433877603357,"distribution":"{\"name\": \"FloatDistribution\", \"attributes\": {\"step\": null, \"low\": 0.0001, \"high\": 0.1, \"log\": true}}"}
{"op_code":5,"worker_id":"49a95936-6add-461f-90e3-d49e7b00def9-140193173047104","trial_id":320,"param_name":"dropout","param_value_internal":0.4362298485240464,"distribution":"{\"name\": \"FloatDistribution\", \"attributes\": {\"step\": null, \"low\": 0.1, \"high\": 0.5, \"log\": false}}"}
{"op_code":5,"worker_id":"49a95936-6add-461f-90e3-d49e7b00def9-140193173047104","trial_id":320,"param_name":"nodes1","param_value_internal":1,"distribution":"{\"name\": \"CategoricalDistribution\", \"attributes\": {\"choices\": [16, 32, 64]}}"}
{"op_code":5,"worker_id":"49a95936-6add-461f-90e3-d49e7b00def9-140193173047104","trial_id":320,"param_name":"nodes2","param_value_internal":1,"distribution":"{\"name\": \"CategoricalDistribution\", \"attributes\": {\"choices\": [32, 64, 128]}}"}
{"op_code":6,"worker_id":"49a95936-6add-461f-90e3-d49e7b00def9-140193173047104","trial_id":320,"state":1,"values":[6.196954727172852],"datetime_complete":"2026-03-21T08:13:28.508226"}
{"op_code":0,"worker_id":"4b248bf2-34fa-4237-8b42-c059c5f3eae9-140193173047104","study_name":"custom_torch_tuning","directions":[1]}
{"op_code":4,"worker_id":"4b248bf2-34fa-4237-8b42-c059c5f3eae9-140193173047104","study_id":0,"datetime_start":"2026-03-21T08:28:13.942719"}
{"op_code":5,"worker_id":"4b248bf2-34fa-4237-8b42-c059c5f3eae9-140193173047104","trial_id":321,"param_name":"lr","param_value_internal":0.0004574512485912496,"distribution":"{\"name\": \"FloatDistribution\", \"attributes\": {\"step\": null, \"low\": 0.0001, \"high\": 0.1, \"log\": true}}"}
{"op_code":5,"worker_id":"4b248bf2-34fa-4237-8b42-c059c5f3eae9-140193173047104","trial_id":321,"param_name":"dropout","param_value_internal":0.17967831455899766,"distribution":"{\"name\": \"FloatDistribution\", \"attributes\": {\"step\": null, \"low\": 0.1, \"high\": 0.5, \"log\": false}}"}
{"op_code":5,"worker_id":"4b248bf2-34fa-4237-8b42-c059c5f3eae9-140193173047104","trial_id":321,"param_name":"nodes1","param_value_internal":1,"distribution":"{\"name\": \"CategoricalDistribution\", \"attributes\": {\"choices\": [16, 32, 64]}}"}
{"op_code":5,"worker_id":"4b248bf2-34fa-4237-8b42-c059c5f3eae9-140193173047104","trial_id":321,"param_name":"nodes2","param_value_internal":2,"distribution":"{\"name\": \"CategoricalDistribution\", \"attributes\": {\"choices\": [32, 64, 128]}}"}
{"op_code":6,"worker_id":"4b248bf2-34fa-4237-8b42-c059c5f3eae9-140193173047104","trial_id":321,"state":1,"values":[5.917544841766357],"datetime_complete":"2026-03-21T08:28:18.666483"}
{"op_code":4,"worker_id":"4b248bf2-34fa-4237-8b42-c059c5f3eae9-140193173047104","study_id":0,"datetime_start":"2026-03-21T08:28:18.688288"}
{"op_code":5,"worker_id":"4b248bf2-34fa-4237-8b42-c059c5f3eae9-140193173047104","trial_id":322,"param_name":"lr","param_value_internal":0.0002942867193900375,"distribution":"{\"name\": \"FloatDistribution\", \"attributes\": {\"step\": null, \"low\": 0.0001, \"high\": 0.1, \"log\": true}}"}
{"op_code":5,"worker_id":"4b248bf2-34fa-4237-8b42-c059c5f3eae9-140193173047104","trial_id":322,"param_name":"dropout","param_value_internal":0.17805070464678374,"distribution":"{\"name\": \"FloatDistribution\", \"attributes\": {\"step\": null, \"low\": 0.1, \"high\": 0.5, \"log\": false}}"}
{"op_code":5,"worker_id":"4b248bf2-34fa-4237-8b42-c059c5f3eae9-140193173047104","trial_id":322,"param_name":"nodes1","param_value_internal":1,"distribution":"{\"name\": \"CategoricalDistribution\", \"attributes\": {\"choices\": [16, 32, 64]}}"}
{"op_code":5,"worker_id":"4b248bf2-34fa-4237-8b42-c059c5f3eae9-140193173047104","trial_id":322,"param_name":"nodes2","param_value_internal":2,"distribution":"{\"name\": \"CategoricalDistribution\", \"attributes\": {\"choices\": [32, 64, 128]}}"}
{"op_code":6,"worker_id":"4b248bf2-34fa-4237-8b42-c059c5f3eae9-140193173047104","trial_id":322,"state":1,"values":[5.894869804382324],"datetime_complete":"2026-03-21T08:28:23.667460"}
{"op_code":4,"worker_id":"4b248bf2-34fa-4237-8b42-c059c5f3eae9-140193173047104","study_id":0,"datetime_start":"2026-03-21T08:28:23.687736"}
{"op_code":5,"worker_id":"4b248bf2-34fa-4237-8b42-c059c5f3eae9-140193173047104","trial_id":323,"param_name":"lr","param_value_internal":0.00036268901796844495,"distribution":"{\"name\": \"FloatDistribution\", \"attributes\": {\"step\": null, \"low\": 0.0001, \"high\": 0.1, \"log\": true}}"}
{"op_code":5,"worker_id":"4b248bf2-34fa-4237-8b42-c059c5f3eae9-140193173047104","trial_id":323,"param_name":"dropout","param_value_internal":0.17049639733278235,"distribution":"{\"name\": \"FloatDistribution\", \"attributes\": {\"step\": null, \"low\": 0.1, \"high\": 0.5, \"log\": false}}"}
{"op_code":5,"worker_id":"4b248bf2-34fa-4237-8b42-c059c5f3eae9-140193173047104","trial_id":323,"param_name":"nodes1","param_value_internal":1,"distribution":"{\"name\": \"CategoricalDistribution\", \"attributes\": {\"choices\": [16, 32, 64]}}"}
{"op_code":5,"worker_id":"4b248bf2-34fa-4237-8b42-c059c5f3eae9-140193173047104","trial_id":323,"param_name":"nodes2","param_value_internal":2,"distribution":"{\"name\": \"CategoricalDistribution\", \"attributes\": {\"choices\": [32, 64, 128]}}"}
{"op_code":6,"worker_id":"4b248bf2-34fa-4237-8b42-c059c5f3eae9-140193173047104","trial_id":323,"state":1,"values":[5.910833835601807],"datetime_complete":"2026-03-21T08:28:28.717347"}
{"op_code":4,"worker_id":"4b248bf2-34fa-4237-8b42-c059c5f3eae9-140193173047104","study_id":0,"datetime_start":"2026-03-21T08:28:28.739525"}
{"op_code":5,"worker_id":"4b248bf2-34fa-4237-8b42-c059c5f3eae9-140193173047104","trial_id":324,"param_name":"lr","param_value_internal":0.00043727716468712876,"distribution":"{\"name\": \"FloatDistribution\", \"attributes\": {\"step\": null, \"low\": 0.0001, \"high\": 0.1, \"log\": true}}"}
{"op_code":5,"worker_id":"4b248bf2-34fa-4237-8b42-c059c5f3eae9-140193173047104","trial_id":324,"param_name":"dropout","param_value_internal":0.15728713781475362,"distribution":"{\"name\": \"FloatDistribution\", \"attributes\": {\"step\": null, \"low\": 0.1, \"high\": 0.5, \"log\": false}}"}
{"op_code":5,"worker_id":"4b248bf2-34fa-4237-8b42-c059c5f3eae9-140193173047104","trial_id":324,"param_name":"nodes1","param_value_internal":1,"distribution":"{\"name\": \"CategoricalDistribution\", \"attributes\": {\"choices\": [16, 32, 64]}}"}
{"op_code":5,"worker_id":"4b248bf2-34fa-4237-8b42-c059c5f3eae9-140193173047104","trial_id":324,"param_name":"nodes2","param_value_internal":2,"distribution":"{\"name\": \"CategoricalDistribution\", \"attributes\": {\"choices\": [32, 64, 128]}}"}
{"op_code":6,"worker_id":"4b248bf2-34fa-4237-8b42-c059c5f3eae9-140193173047104","trial_id":324,"state":1,"values":[5.953600883483887],"datetime_complete":"2026-03-21T08:28:33.834704"}
{"op_code":4,"worker_id":"4b248bf2-34fa-4237-8b42-c059c5f3eae9-140193173047104","study_id":0,"datetime_start":"2026-03-21T08:28:33.854462"}
{"op_code":5,"worker_id":"4b248bf2-34fa-4237-8b42-c059c5f3eae9-140193173047104","trial_id":325,"param_name":"lr","param_value_internal":0.00047643881688854626,"distribution":"{\"name\": \"FloatDistribution\", \"attributes\": {\"step\": null, \"low\": 0.0001, \"high\": 0.1, \"log\": true}}"}
{"op_code":5,"worker_id":"4b248bf2-34fa-4237-8b42-c059c5f3eae9-140193173047104","trial_id":325,"param_name":"dropout","param_value_internal":0.16033251313597577,"distribution":"{\"name\": \"FloatDistribution\", \"attributes\": {\"step\": null, \"low\": 0.1, \"high\": 0.5, \"log\": false}}"}
{"op_code":5,"worker_id":"4b248bf2-34fa-4237-8b42-c059c5f3eae9-140193173047104","trial_id":325,"param_name":"nodes1","param_value_internal":1,"distribution":"{\"name\": \"CategoricalDistribution\", \"attributes\": {\"choices\": [16, 32, 64]}}"}
{"op_code":5,"worker_id":"4b248bf2-34fa-4237-8b42-c059c5f3eae9-140193173047104","trial_id":325,"param_name":"nodes2","param_value_internal":2,"distribution":"{\"name\": \"CategoricalDistribution\", \"attributes\": {\"choices\": [32, 64, 128]}}"}
{"op_code":6,"worker_id":"4b248bf2-34fa-4237-8b42-c059c5f3eae9-140193173047104","trial_id":325,"state":1,"values":[5.9315290451049805],"datetime_complete":"2026-03-21T08:28:38.852967"}
{"op_code":4,"worker_id":"4b248bf2-34fa-4237-8b42-c059c5f3eae9-140193173047104","study_id":0,"datetime_start":"2026-03-21T08:28:38.866921"}
{"op_code":5,"worker_id":"4b248bf2-34fa-4237-8b42-c059c5f3eae9-140193173047104","trial_id":326,"param_name":"lr","param_value_internal":0.0004977618349587154,"distribution":"{\"name\": \"FloatDistribution\", \"attributes\": {\"step\": null, \"low\": 0.0001, \"high\": 0.1, \"log\": true}}"}
{"op_code":5,"worker_id":"4b248bf2-34fa-4237-8b42-c059c5f3eae9-140193173047104","trial_id":326,"param_name":"dropout","param_value_internal":0.13361443933484246,"distribution":"{\"name\": \"FloatDistribution\", \"attributes\": {\"step\": null, \"low\": 0.1, \"high\": 0.5, \"log\": false}}"}
{"op_code":5,"worker_id":"4b248bf2-34fa-4237-8b42-c059c5f3eae9-140193173047104","trial_id":326,"param_name":"nodes1","param_value_internal":1,"distribution":"{\"name\": \"CategoricalDistribution\", \"attributes\": {\"choices\": [16, 32, 64]}}"}
{"op_code":5,"worker_id":"4b248bf2-34fa-4237-8b42-c059c5f3eae9-140193173047104","trial_id":326,"param_name":"nodes2","param_value_internal":2,"distribution":"{\"name\": \"CategoricalDistribution\", \"attributes\": {\"choices\": [32, 64, 128]}}"}
{"op_code":6,"worker_id":"4b248bf2-34fa-4237-8b42-c059c5f3eae9-140193173047104","trial_id":326,"state":1,"values":[5.926875591278076],"datetime_complete":"2026-03-21T08:28:43.661403"}
{"op_code":4,"worker_id":"4b248bf2-34fa-4237-8b42-c059c5f3eae9-140193173047104","study_id":0,"datetime_start":"2026-03-21T08:28:43.687527"}
{"op_code":5,"worker_id":"4b248bf2-34fa-4237-8b42-c059c5f3eae9-140193173047104","trial_id":327,"param_name":"lr","param_value_internal":0.0005012517770485879,"distribution":"{\"name\": \"FloatDistribution\", \"attributes\": {\"step\": null, \"low\": 0.0001, \"high\": 0.1, \"log\": true}}"}
{"op_code":5,"worker_id":"4b248bf2-34fa-4237-8b42-c059c5f3eae9-140193173047104","trial_id":327,"param_name":"dropout","param_value_internal":0.13802206494341032,"distribution":"{\"name\": \"FloatDistribution\", \"attributes\": {\"step\": null, \"low\": 0.1, \"high\": 0.5, \"log\": false}}"}
{"op_code":5,"worker_id":"4b248bf2-34fa-4237-8b42-c059c5f3eae9-140193173047104","trial_id":327,"param_name":"nodes1","param_value_internal":1,"distribution":"{\"name\": \"CategoricalDistribution\", \"attributes\": {\"choices\": [16, 32, 64]}}"}
{"op_code":5,"worker_id":"4b248bf2-34fa-4237-8b42-c059c5f3eae9-140193173047104","trial_id":327,"param_name":"nodes2","param_value_internal":2,"distribution":"{\"name\": \"CategoricalDistribution\", \"attributes\": {\"choices\": [32, 64, 128]}}"}
{"op_code":6,"worker_id":"4b248bf2-34fa-4237-8b42-c059c5f3eae9-140193173047104","trial_id":327,"state":1,"values":[5.94655179977417],"datetime_complete":"2026-03-21T08:28:48.511286"}
{"op_code":4,"worker_id":"4b248bf2-34fa-4237-8b42-c059c5f3eae9-140193173047104","study_id":0,"datetime_start":"2026-03-21T08:28:48.525083"}
{"op_code":5,"worker_id":"4b248bf2-34fa-4237-8b42-c059c5f3eae9-140193173047104","trial_id":328,"param_name":"lr","param_value_internal":0.0005509123526685794,"distribution":"{\"name\": \"FloatDistribution\", \"attributes\": {\"step\": null, \"low\": 0.0001, \"high\": 0.1, \"log\": true}}"}
{"op_code":5,"worker_id":"4b248bf2-34fa-4237-8b42-c059c5f3eae9-140193173047104","trial_id":328,"param_name":"dropout","param_value_internal":0.12316971021772019,"distribution":"{\"name\": \"FloatDistribution\", \"attributes\": {\"step\": null, \"low\": 0.1, \"high\": 0.5, \"log\": false}}"}
{"op_code":5,"worker_id":"4b248bf2-34fa-4237-8b42-c059c5f3eae9-140193173047104","trial_id":328,"param_name":"nodes1","param_value_internal":1,"distribution":"{\"name\": \"CategoricalDistribution\", \"attributes\": {\"choices\": [16, 32, 64]}}"}
{"op_code":5,"worker_id":"4b248bf2-34fa-4237-8b42-c059c5f3eae9-140193173047104","trial_id":328,"param_name":"nodes2","param_value_internal":2,"distribution":"{\"name\": \"CategoricalDistribution\", \"attributes\": {\"choices\": [32, 64, 128]}}"}
{"op_code":6,"worker_id":"4b248bf2-34fa-4237-8b42-c059c5f3eae9-140193173047104","trial_id":328,"state":1,"values":[5.989060878753662],"datetime_complete":"2026-03-21T08:28:53.122587"}
{"op_code":4,"worker_id":"4b248bf2-34fa-4237-8b42-c059c5f3eae9-140193173047104","study_id":0,"datetime_start":"2026-03-21T08:28:53.136588"}
{"op_code":5,"worker_id":"4b248bf2-34fa-4237-8b42-c059c5f3eae9-140193173047104","trial_id":329,"param_name":"lr","param_value_internal":0.0005987901600788417,"distribution":"{\"name\": \"FloatDistribution\", \"attributes\": {\"step\": null, \"low\": 0.0001, \"high\": 0.1, \"log\": true}}"}
{"op_code":5,"worker_id":"4b248bf2-34fa-4237-8b42-c059c5f3eae9-140193173047104","trial_id":329,"param_name":"dropout","param_value_internal":0.1170446588014109,"distribution":"{\"name\": \"FloatDistribution\", \"attributes\": {\"step\": null, \"low\": 0.1, \"high\": 0.5, \"log\": false}}"}
{"op_code":5,"worker_id":"4b248bf2-34fa-4237-8b42-c059c5f3eae9-140193173047104","trial_id":329,"param_name":"nodes1","param_value_internal":1,"distribution":"{\"name\": \"CategoricalDistribution\", \"attributes\": {\"choices\": [16, 32, 64]}}"}
{"op_code":5,"worker_id":"4b248bf2-34fa-4237-8b42-c059c5f3eae9-140193173047104","trial_id":329,"param_name":"nodes2","param_value_internal":2,"distribution":"{\"name\": \"CategoricalDistribution\", \"attributes\": {\"choices\": [32, 64, 128]}}"}
{"op_code":6,"worker_id":"4b248bf2-34fa-4237-8b42-c059c5f3eae9-140193173047104","trial_id":329,"state":1,"values":[5.927823543548584],"datetime_complete":"2026-03-21T08:28:58.364863"}
{"op_code":4,"worker_id":"4b248bf2-34fa-4237-8b42-c059c5f3eae9-140193173047104","study_id":0,"datetime_start":"2026-03-21T08:28:58.379450"}
{"op_code":5,"worker_id":"4b248bf2-34fa-4237-8b42-c059c5f3eae9-140193173047104","trial_id":330,"param_name":"lr","param_value_internal":0.0006208527463054487,"distribution":"{\"name\": \"FloatDistribution\", \"attributes\": {\"step\": null, \"low\": 0.0001, \"high\": 0.1, \"log\": true}}"}
{"op_code":5,"worker_id":"4b248bf2-34fa-4237-8b42-c059c5f3eae9-140193173047104","trial_id":330,"param_name":"dropout","param_value_internal":0.1198611010412024,"distribution":"{\"name\": \"FloatDistribution\", \"attributes\": {\"step\": null, \"low\": 0.1, \"high\": 0.5, \"log\": false}}"}
{"op_code":5,"worker_id":"4b248bf2-34fa-4237-8b42-c059c5f3eae9-140193173047104","trial_id":330,"param_name":"nodes1","param_value_internal":1,"distribution":"{\"name\": \"CategoricalDistribution\", \"attributes\": {\"choices\": [16, 32, 64]}}"}
{"op_code":5,"worker_id":"4b248bf2-34fa-4237-8b42-c059c5f3eae9-140193173047104","trial_id":330,"param_name":"nodes2","param_value_internal":2,"distribution":"{\"name\": \"CategoricalDistribution\", \"attributes\": {\"choices\": [32, 64, 128]}}"}
{"op_code":6,"worker_id":"4b248bf2-34fa-4237-8b42-c059c5f3eae9-140193173047104","trial_id":330,"state":1,"values":[5.952950954437256],"datetime_complete":"2026-03-21T08:29:03.230330"}
{"op_code":0,"worker_id":"5b4266b1-d0ba-4cd7-a6da-024754a4ab76-140193173047104","study_name":"custom_torch_tuning","directions":[1]}
{"op_code":4,"worker_id":"5b4266b1-d0ba-4cd7-a6da-024754a4ab76-140193173047104","study_id":0,"datetime_start":"2026-03-21T08:43:47.595949"}
{"op_code":5,"worker_id":"5b4266b1-d0ba-4cd7-a6da-024754a4ab76-140193173047104","trial_id":331,"param_name":"lr","param_value_internal":0.0006694092014518044,"distribution":"{\"name\": \"FloatDistribution\", \"attributes\": {\"step\": null, \"low\": 0.0001, \"high\": 0.1, \"log\": true}}"}
{"op_code":5,"worker_id":"5b4266b1-d0ba-4cd7-a6da-024754a4ab76-140193173047104","trial_id":331,"param_name":"dropout","param_value_internal":0.12030837254061542,"distribution":"{\"name\": \"FloatDistribution\", \"attributes\": {\"step\": null, \"low\": 0.1, \"high\": 0.5, \"log\": false}}"}
{"op_code":5,"worker_id":"5b4266b1-d0ba-4cd7-a6da-024754a4ab76-140193173047104","trial_id":331,"param_name":"nodes1","param_value_internal":1,"distribution":"{\"name\": \"CategoricalDistribution\", \"attributes\": {\"choices\": [16, 32, 64]}}"}
{"op_code":5,"worker_id":"5b4266b1-d0ba-4cd7-a6da-024754a4ab76-140193173047104","trial_id":331,"param_name":"nodes2","param_value_internal":2,"distribution":"{\"name\": \"CategoricalDistribution\", \"attributes\": {\"choices\": [32, 64, 128]}}"}
{"op_code":6,"worker_id":"5b4266b1-d0ba-4cd7-a6da-024754a4ab76-140193173047104","trial_id":331,"state":1,"values":[6.191410064697266],"datetime_complete":"2026-03-21T08:43:52.592175"}
{"op_code":4,"worker_id":"5b4266b1-d0ba-4cd7-a6da-024754a4ab76-140193173047104","study_id":0,"datetime_start":"2026-03-21T08:43:52.611806"}
{"op_code":5,"worker_id":"5b4266b1-d0ba-4cd7-a6da-024754a4ab76-140193173047104","trial_id":332,"param_name":"lr","param_value_internal":0.0006112165830741786,"distribution":"{\"name\": \"FloatDistribution\", \"attributes\": {\"step\": null, \"low\": 0.0001, \"high\": 0.1, \"log\": true}}"}
{"op_code":5,"worker_id":"5b4266b1-d0ba-4cd7-a6da-024754a4ab76-140193173047104","trial_id":332,"param_name":"dropout","param_value_internal":0.10807878092762581,"distribution":"{\"name\": \"FloatDistribution\", \"attributes\": {\"step\": null, \"low\": 0.1, \"high\": 0.5, \"log\": false}}"}
{"op_code":5,"worker_id":"5b4266b1-d0ba-4cd7-a6da-024754a4ab76-140193173047104","trial_id":332,"param_name":"nodes1","param_value_internal":1,"distribution":"{\"name\": \"CategoricalDistribution\", \"attributes\": {\"choices\": [16, 32, 64]}}"}
{"op_code":5,"worker_id":"5b4266b1-d0ba-4cd7-a6da-024754a4ab76-140193173047104","trial_id":332,"param_name":"nodes2","param_value_internal":2,"distribution":"{\"name\": \"CategoricalDistribution\", \"attributes\": {\"choices\": [32, 64, 128]}}"}
{"op_code":6,"worker_id":"5b4266b1-d0ba-4cd7-a6da-024754a4ab76-140193173047104","trial_id":332,"state":1,"values":[6.187562942504883],"datetime_complete":"2026-03-21T08:43:57.449274"}
{"op_code":4,"worker_id":"5b4266b1-d0ba-4cd7-a6da-024754a4ab76-140193173047104","study_id":0,"datetime_start":"2026-03-21T08:43:57.471227"}
{"op_code":5,"worker_id":"5b4266b1-d0ba-4cd7-a6da-024754a4ab76-140193173047104","trial_id":333,"param_name":"lr","param_value_internal":0.0005554228050959764,"distribution":"{\"name\": \"FloatDistribution\", \"attributes\": {\"step\": null, \"low\": 0.0001, \"high\": 0.1, \"log\": true}}"}
{"op_code":5,"worker_id":"5b4266b1-d0ba-4cd7-a6da-024754a4ab76-140193173047104","trial_id":333,"param_name":"dropout","param_value_internal":0.12975755329849695,"distribution":"{\"name\": \"FloatDistribution\", \"attributes\": {\"step\": null, \"low\": 0.1, \"high\": 0.5, \"log\": false}}"}
{"op_code":5,"worker_id":"5b4266b1-d0ba-4cd7-a6da-024754a4ab76-140193173047104","trial_id":333,"param_name":"nodes1","param_value_internal":1,"distribution":"{\"name\": \"CategoricalDistribution\", \"attributes\": {\"choices\": [16, 32, 64]}}"}
{"op_code":5,"worker_id":"5b4266b1-d0ba-4cd7-a6da-024754a4ab76-140193173047104","trial_id":333,"param_name":"nodes2","param_value_internal":2,"distribution":"{\"name\": \"CategoricalDistribution\", \"attributes\": {\"choices\": [32, 64, 128]}}"}
{"op_code":6,"worker_id":"5b4266b1-d0ba-4cd7-a6da-024754a4ab76-140193173047104","trial_id":333,"state":1,"values":[6.200122356414795],"datetime_complete":"2026-03-21T08:44:02.298006"}
{"op_code":4,"worker_id":"5b4266b1-d0ba-4cd7-a6da-024754a4ab76-140193173047104","study_id":0,"datetime_start":"2026-03-21T08:44:02.316921"}
{"op_code":5,"worker_id":"5b4266b1-d0ba-4cd7-a6da-024754a4ab76-140193173047104","trial_id":334,"param_name":"lr","param_value_internal":0.000535580155400884,"distribution":"{\"name\": \"FloatDistribution\", \"attributes\": {\"step\": null, \"low\": 0.0001, \"high\": 0.1, \"log\": true}}"}
{"op_code":5,"worker_id":"5b4266b1-d0ba-4cd7-a6da-024754a4ab76-140193173047104","trial_id":334,"param_name":"dropout","param_value_internal":0.1291321828136236,"distribution":"{\"name\": \"FloatDistribution\", \"attributes\": {\"step\": null, \"low\": 0.1, \"high\": 0.5, \"log\": false}}"}
{"op_code":5,"worker_id":"5b4266b1-d0ba-4cd7-a6da-024754a4ab76-140193173047104","trial_id":334,"param_name":"nodes1","param_value_internal":1,"distribution":"{\"name\": \"CategoricalDistribution\", \"attributes\": {\"choices\": [16, 32, 64]}}"}
{"op_code":5,"worker_id":"5b4266b1-d0ba-4cd7-a6da-024754a4ab76-140193173047104","trial_id":334,"param_name":"nodes2","param_value_internal":2,"distribution":"{\"name\": \"CategoricalDistribution\", \"attributes\": {\"choices\": [32, 64, 128]}}"}
{"op_code":6,"worker_id":"5b4266b1-d0ba-4cd7-a6da-024754a4ab76-140193173047104","trial_id":334,"state":1,"values":[6.171163082122803],"datetime_complete":"2026-03-21T08:44:07.014101"}
{"op_code":4,"worker_id":"5b4266b1-d0ba-4cd7-a6da-024754a4ab76-140193173047104","study_id":0,"datetime_start":"2026-03-21T08:44:07.035589"}
{"op_code":5,"worker_id":"5b4266b1-d0ba-4cd7-a6da-024754a4ab76-140193173047104","trial_id":335,"param_name":"lr","param_value_internal":0.0006031981053942696,"distribution":"{\"name\": \"FloatDistribution\", \"attributes\": {\"step\": null, \"low\": 0.0001, \"high\": 0.1, \"log\": true}}"}
{"op_code":5,"worker_id":"5b4266b1-d0ba-4cd7-a6da-024754a4ab76-140193173047104","trial_id":335,"param_name":"dropout","param_value_internal":0.11323661103064037,"distribution":"{\"name\": \"FloatDistribution\", \"attributes\": {\"step\": null, \"low\": 0.1, \"high\": 0.5, \"log\": false}}"}
{"op_code":5,"worker_id":"5b4266b1-d0ba-4cd7-a6da-024754a4ab76-140193173047104","trial_id":335,"param_name":"nodes1","param_value_internal":1,"distribution":"{\"name\": \"CategoricalDistribution\", \"attributes\": {\"choices\": [16, 32, 64]}}"}
{"op_code":5,"worker_id":"5b4266b1-d0ba-4cd7-a6da-024754a4ab76-140193173047104","trial_id":335,"param_name":"nodes2","param_value_internal":2,"distribution":"{\"name\": \"CategoricalDistribution\", \"attributes\": {\"choices\": [32, 64, 128]}}"}
{"op_code":6,"worker_id":"5b4266b1-d0ba-4cd7-a6da-024754a4ab76-140193173047104","trial_id":335,"state":1,"values":[6.238826751708984],"datetime_complete":"2026-03-21T08:44:11.899002"}
{"op_code":4,"worker_id":"5b4266b1-d0ba-4cd7-a6da-024754a4ab76-140193173047104","study_id":0,"datetime_start":"2026-03-21T08:44:11.920095"}
{"op_code":5,"worker_id":"5b4266b1-d0ba-4cd7-a6da-024754a4ab76-140193173047104","trial_id":336,"param_name":"lr","param_value_internal":0.00047545178383682466,"distribution":"{\"name\": \"FloatDistribution\", \"attributes\": {\"step\": null, \"low\": 0.0001, \"high\": 0.1, \"log\": true}}"}
{"op_code":5,"worker_id":"5b4266b1-d0ba-4cd7-a6da-024754a4ab76-140193173047104","trial_id":336,"param_name":"dropout","param_value_internal":0.13946214406070967,"distribution":"{\"name\": \"FloatDistribution\", \"attributes\": {\"step\": null, \"low\": 0.1, \"high\": 0.5, \"log\": false}}"}
{"op_code":5,"worker_id":"5b4266b1-d0ba-4cd7-a6da-024754a4ab76-140193173047104","trial_id":336,"param_name":"nodes1","param_value_internal":1,"distribution":"{\"name\": \"CategoricalDistribution\", \"attributes\": {\"choices\": [16, 32, 64]}}"}
{"op_code":5,"worker_id":"5b4266b1-d0ba-4cd7-a6da-024754a4ab76-140193173047104","trial_id":336,"param_name":"nodes2","param_value_internal":2,"distribution":"{\"name\": \"CategoricalDistribution\", \"attributes\": {\"choices\": [32, 64, 128]}}"}
{"op_code":6,"worker_id":"5b4266b1-d0ba-4cd7-a6da-024754a4ab76-140193173047104","trial_id":336,"state":1,"values":[6.1487135887146],"datetime_complete":"2026-03-21T08:44:16.928776"}
{"op_code":4,"worker_id":"5b4266b1-d0ba-4cd7-a6da-024754a4ab76-140193173047104","study_id":0,"datetime_start":"2026-03-21T08:44:16.950761"}
{"op_code":5,"worker_id":"5b4266b1-d0ba-4cd7-a6da-024754a4ab76-140193173047104","trial_id":337,"param_name":"lr","param_value_internal":0.0007306347318836122,"distribution":"{\"name\": \"FloatDistribution\", \"attributes\": {\"step\": null, \"low\": 0.0001, \"high\": 0.1, \"log\": true}}"}
{"op_code":5,"worker_id":"5b4266b1-d0ba-4cd7-a6da-024754a4ab76-140193173047104","trial_id":337,"param_name":"dropout","param_value_internal":0.12410137010972859,"distribution":"{\"name\": \"FloatDistribution\", \"attributes\": {\"step\": null, \"low\": 0.1, \"high\": 0.5, \"log\": false}}"}
{"op_code":5,"worker_id":"5b4266b1-d0ba-4cd7-a6da-024754a4ab76-140193173047104","trial_id":337,"param_name":"nodes1","param_value_internal":1,"distribution":"{\"name\": \"CategoricalDistribution\", \"attributes\": {\"choices\": [16, 32, 64]}}"}
{"op_code":5,"worker_id":"5b4266b1-d0ba-4cd7-a6da-024754a4ab76-140193173047104","trial_id":337,"param_name":"nodes2","param_value_internal":2,"distribution":"{\"name\": \"CategoricalDistribution\", \"attributes\": {\"choices\": [32, 64, 128]}}"}
{"op_code":6,"worker_id":"5b4266b1-d0ba-4cd7-a6da-024754a4ab76-140193173047104","trial_id":337,"state":1,"values":[6.220015525817871],"datetime_complete":"2026-03-21T08:44:22.190623"}
{"op_code":4,"worker_id":"5b4266b1-d0ba-4cd7-a6da-024754a4ab76-140193173047104","study_id":0,"datetime_start":"2026-03-21T08:44:22.217784"}
{"op_code":5,"worker_id":"5b4266b1-d0ba-4cd7-a6da-024754a4ab76-140193173047104","trial_id":338,"param_name":"lr","param_value_internal":0.0007889421630826647,"distribution":"{\"name\": \"FloatDistribution\", \"attributes\": {\"step\": null, \"low\": 0.0001, \"high\": 0.1, \"log\": true}}"}
{"op_code":5,"worker_id":"5b4266b1-d0ba-4cd7-a6da-024754a4ab76-140193173047104","trial_id":338,"param_name":"dropout","param_value_internal":0.11267450727732121,"distribution":"{\"name\": \"FloatDistribution\", \"attributes\": {\"step\": null, \"low\": 0.1, \"high\": 0.5, \"log\": false}}"}
{"op_code":5,"worker_id":"5b4266b1-d0ba-4cd7-a6da-024754a4ab76-140193173047104","trial_id":338,"param_name":"nodes1","param_value_internal":1,"distribution":"{\"name\": \"CategoricalDistribution\", \"attributes\": {\"choices\": [16, 32, 64]}}"}
{"op_code":5,"worker_id":"5b4266b1-d0ba-4cd7-a6da-024754a4ab76-140193173047104","trial_id":338,"param_name":"nodes2","param_value_internal":2,"distribution":"{\"name\": \"CategoricalDistribution\", \"attributes\": {\"choices\": [32, 64, 128]}}"}
{"op_code":6,"worker_id":"5b4266b1-d0ba-4cd7-a6da-024754a4ab76-140193173047104","trial_id":338,"state":1,"values":[6.2009806632995605],"datetime_complete":"2026-03-21T08:44:27.335407"}
{"op_code":4,"worker_id":"5b4266b1-d0ba-4cd7-a6da-024754a4ab76-140193173047104","study_id":0,"datetime_start":"2026-03-21T08:44:27.361916"}
{"op_code":5,"worker_id":"5b4266b1-d0ba-4cd7-a6da-024754a4ab76-140193173047104","trial_id":339,"param_name":"lr","param_value_internal":0.0005058324227648079,"distribution":"{\"name\": \"FloatDistribution\", \"attributes\": {\"step\": null, \"low\": 0.0001, \"high\": 0.1, \"log\": true}}"}
{"op_code":5,"worker_id":"5b4266b1-d0ba-4cd7-a6da-024754a4ab76-140193173047104","trial_id":339,"param_name":"dropout","param_value_internal":0.14129950248910522,"distribution":"{\"name\": \"FloatDistribution\", \"attributes\": {\"step\": null, \"low\": 0.1, \"high\": 0.5, \"log\": false}}"}
{"op_code":5,"worker_id":"5b4266b1-d0ba-4cd7-a6da-024754a4ab76-140193173047104","trial_id":339,"param_name":"nodes1","param_value_internal":1,"distribution":"{\"name\": \"CategoricalDistribution\", \"attributes\": {\"choices\": [16, 32, 64]}}"}
{"op_code":5,"worker_id":"5b4266b1-d0ba-4cd7-a6da-024754a4ab76-140193173047104","trial_id":339,"param_name":"nodes2","param_value_internal":2,"distribution":"{\"name\": \"CategoricalDistribution\", \"attributes\": {\"choices\": [32, 64, 128]}}"}
{"op_code":6,"worker_id":"5b4266b1-d0ba-4cd7-a6da-024754a4ab76-140193173047104","trial_id":339,"state":1,"values":[6.153610706329346],"datetime_complete":"2026-03-21T08:44:32.266940"}
{"op_code":4,"worker_id":"5b4266b1-d0ba-4cd7-a6da-024754a4ab76-140193173047104","study_id":0,"datetime_start":"2026-03-21T08:44:32.297102"}
{"op_code":5,"worker_id":"5b4266b1-d0ba-4cd7-a6da-024754a4ab76-140193173047104","trial_id":340,"param_name":"lr","param_value_internal":0.0006007921391655943,"distribution":"{\"name\": \"FloatDistribution\", \"attributes\": {\"step\": null, \"low\": 0.0001, \"high\": 0.1, \"log\": true}}"}
{"op_code":5,"worker_id":"5b4266b1-d0ba-4cd7-a6da-024754a4ab76-140193173047104","trial_id":340,"param_name":"dropout","param_value_internal":0.13090257497192248,"distribution":"{\"name\": \"FloatDistribution\", \"attributes\": {\"step\": null, \"low\": 0.1, \"high\": 0.5, \"log\": false}}"}
{"op_code":5,"worker_id":"5b4266b1-d0ba-4cd7-a6da-024754a4ab76-140193173047104","trial_id":340,"param_name":"nodes1","param_value_internal":1,"distribution":"{\"name\": \"CategoricalDistribution\", \"attributes\": {\"choices\": [16, 32, 64]}}"}
{"op_code":5,"worker_id":"5b4266b1-d0ba-4cd7-a6da-024754a4ab76-140193173047104","trial_id":340,"param_name":"nodes2","param_value_internal":2,"distribution":"{\"name\": \"CategoricalDistribution\", \"attributes\": {\"choices\": [32, 64, 128]}}"}
{"op_code":6,"worker_id":"5b4266b1-d0ba-4cd7-a6da-024754a4ab76-140193173047104","trial_id":340,"state":1,"values":[6.198253154754639],"datetime_complete":"2026-03-21T08:44:37.689284"}
{"op_code":0,"worker_id":"ee340e90-25a6-4cdf-8819-515a49a9c66d-140193173047104","study_name":"custom_torch_tuning","directions":[1]}
{"op_code":4,"worker_id":"ee340e90-25a6-4cdf-8819-515a49a9c66d-140193173047104","study_id":0,"datetime_start":"2026-03-21T08:58:49.091262"}
{"op_code":5,"worker_id":"ee340e90-25a6-4cdf-8819-515a49a9c66d-140193173047104","trial_id":341,"param_name":"lr","param_value_internal":0.0004956164990297341,"distribution":"{\"name\": \"FloatDistribution\", \"attributes\": {\"step\": null, \"low\": 0.0001, \"high\": 0.1, \"log\": true}}"}
{"op_code":5,"worker_id":"ee340e90-25a6-4cdf-8819-515a49a9c66d-140193173047104","trial_id":341,"param_name":"dropout","param_value_internal":0.1251224859088492,"distribution":"{\"name\": \"FloatDistribution\", \"attributes\": {\"step\": null, \"low\": 0.1, \"high\": 0.5, \"log\": false}}"}
{"op_code":5,"worker_id":"ee340e90-25a6-4cdf-8819-515a49a9c66d-140193173047104","trial_id":341,"param_name":"nodes1","param_value_internal":1,"distribution":"{\"name\": \"CategoricalDistribution\", \"attributes\": {\"choices\": [16, 32, 64]}}"}
{"op_code":5,"worker_id":"ee340e90-25a6-4cdf-8819-515a49a9c66d-140193173047104","trial_id":341,"param_name":"nodes2","param_value_internal":2,"distribution":"{\"name\": \"CategoricalDistribution\", \"attributes\": {\"choices\": [32, 64, 128]}}"}
{"op_code":6,"worker_id":"ee340e90-25a6-4cdf-8819-515a49a9c66d-140193173047104","trial_id":341,"state":1,"values":[6.196660041809082],"datetime_complete":"2026-03-21T08:58:53.874415"}
{"op_code":4,"worker_id":"ee340e90-25a6-4cdf-8819-515a49a9c66d-140193173047104","study_id":0,"datetime_start":"2026-03-21T08:58:53.893696"}
{"op_code":5,"worker_id":"ee340e90-25a6-4cdf-8819-515a49a9c66d-140193173047104","trial_id":342,"param_name":"lr","param_value_internal":0.0004574372668598627,"distribution":"{\"name\": \"FloatDistribution\", \"attributes\": {\"step\": null, \"low\": 0.0001, \"high\": 0.1, \"log\": true}}"}
{"op_code":5,"worker_id":"ee340e90-25a6-4cdf-8819-515a49a9c66d-140193173047104","trial_id":342,"param_name":"dropout","param_value_internal":0.1191394809907208,"distribution":"{\"name\": \"FloatDistribution\", \"attributes\": {\"step\": null, \"low\": 0.1, \"high\": 0.5, \"log\": false}}"}
{"op_code":5,"worker_id":"ee340e90-25a6-4cdf-8819-515a49a9c66d-140193173047104","trial_id":342,"param_name":"nodes1","param_value_internal":1,"distribution":"{\"name\": \"CategoricalDistribution\", \"attributes\": {\"choices\": [16, 32, 64]}}"}
{"op_code":5,"worker_id":"ee340e90-25a6-4cdf-8819-515a49a9c66d-140193173047104","trial_id":342,"param_name":"nodes2","param_value_internal":2,"distribution":"{\"name\": \"CategoricalDistribution\", \"attributes\": {\"choices\": [32, 64, 128]}}"}
{"op_code":6,"worker_id":"ee340e90-25a6-4cdf-8819-515a49a9c66d-140193173047104","trial_id":342,"state":1,"values":[6.040350914001465],"datetime_complete":"2026-03-21T08:58:58.909709"}
{"op_code":4,"worker_id":"ee340e90-25a6-4cdf-8819-515a49a9c66d-140193173047104","study_id":0,"datetime_start":"2026-03-21T08:58:58.929685"}
{"op_code":5,"worker_id":"ee340e90-25a6-4cdf-8819-515a49a9c66d-140193173047104","trial_id":343,"param_name":"lr","param_value_internal":0.0005195504369505967,"distribution":"{\"name\": \"FloatDistribution\", \"attributes\": {\"step\": null, \"low\": 0.0001, \"high\": 0.1, \"log\": true}}"}
{"op_code":5,"worker_id":"ee340e90-25a6-4cdf-8819-515a49a9c66d-140193173047104","trial_id":343,"param_name":"dropout","param_value_internal":0.1456989649686953,"distribution":"{\"name\": \"FloatDistribution\", \"attributes\": {\"step\": null, \"low\": 0.1, \"high\": 0.5, \"log\": false}}"}
{"op_code":5,"worker_id":"ee340e90-25a6-4cdf-8819-515a49a9c66d-140193173047104","trial_id":343,"param_name":"nodes1","param_value_internal":1,"distribution":"{\"name\": \"CategoricalDistribution\", \"attributes\": {\"choices\": [16, 32, 64]}}"}
{"op_code":5,"worker_id":"ee340e90-25a6-4cdf-8819-515a49a9c66d-140193173047104","trial_id":343,"param_name":"nodes2","param_value_internal":2,"distribution":"{\"name\": \"CategoricalDistribution\", \"attributes\": {\"choices\": [32, 64, 128]}}"}
{"op_code":6,"worker_id":"ee340e90-25a6-4cdf-8819-515a49a9c66d-140193173047104","trial_id":343,"state":1,"values":[6.069386005401611],"datetime_complete":"2026-03-21T08:59:04.001474"}
{"op_code":4,"worker_id":"ee340e90-25a6-4cdf-8819-515a49a9c66d-140193173047104","study_id":0,"datetime_start":"2026-03-21T08:59:04.025992"}
{"op_code":5,"worker_id":"ee340e90-25a6-4cdf-8819-515a49a9c66d-140193173047104","trial_id":344,"param_name":"lr","param_value_internal":0.0006467963916024692,"distribution":"{\"name\": \"FloatDistribution\", \"attributes\": {\"step\": null, \"low\": 0.0001, \"high\": 0.1, \"log\": true}}"}
{"op_code":5,"worker_id":"ee340e90-25a6-4cdf-8819-515a49a9c66d-140193173047104","trial_id":344,"param_name":"dropout","param_value_internal":0.10392881751434976,"distribution":"{\"name\": \"FloatDistribution\", \"attributes\": {\"step\": null, \"low\": 0.1, \"high\": 0.5, \"log\": false}}"}
{"op_code":5,"worker_id":"ee340e90-25a6-4cdf-8819-515a49a9c66d-140193173047104","trial_id":344,"param_name":"nodes1","param_value_internal":1,"distribution":"{\"name\": \"CategoricalDistribution\", \"attributes\": {\"choices\": [16, 32, 64]}}"}
{"op_code":5,"worker_id":"ee340e90-25a6-4cdf-8819-515a49a9c66d-140193173047104","trial_id":344,"param_name":"nodes2","param_value_internal":2,"distribution":"{\"name\": \"CategoricalDistribution\", \"attributes\": {\"choices\": [32, 64, 128]}}"}
{"op_code":6,"worker_id":"ee340e90-25a6-4cdf-8819-515a49a9c66d-140193173047104","trial_id":344,"state":1,"values":[6.325058937072754],"datetime_complete":"2026-03-21T08:59:09.181769"}
{"op_code":4,"worker_id":"ee340e90-25a6-4cdf-8819-515a49a9c66d-140193173047104","study_id":0,"datetime_start":"2026-03-21T08:59:09.197291"}
{"op_code":5,"worker_id":"ee340e90-25a6-4cdf-8819-515a49a9c66d-140193173047104","trial_id":345,"param_name":"lr","param_value_internal":0.00047561017813599,"distribution":"{\"name\": \"FloatDistribution\", \"attributes\": {\"step\": null, \"low\": 0.0001, \"high\": 0.1, \"log\": true}}"}
{"op_code":5,"worker_id":"ee340e90-25a6-4cdf-8819-515a49a9c66d-140193173047104","trial_id":345,"param_name":"dropout","param_value_internal":0.15569156664484274,"distribution":"{\"name\": \"FloatDistribution\", \"attributes\": {\"step\": null, \"low\": 0.1, \"high\": 0.5, \"log\": false}}"}
{"op_code":5,"worker_id":"ee340e90-25a6-4cdf-8819-515a49a9c66d-140193173047104","trial_id":345,"param_name":"nodes1","param_value_internal":1,"distribution":"{\"name\": \"CategoricalDistribution\", \"attributes\": {\"choices\": [16, 32, 64]}}"}
{"op_code":5,"worker_id":"ee340e90-25a6-4cdf-8819-515a49a9c66d-140193173047104","trial_id":345,"param_name":"nodes2","param_value_internal":2,"distribution":"{\"name\": \"CategoricalDistribution\", \"attributes\": {\"choices\": [32, 64, 128]}}"}
{"op_code":6,"worker_id":"ee340e90-25a6-4cdf-8819-515a49a9c66d-140193173047104","trial_id":345,"state":1,"values":[6.053447246551514],"datetime_complete":"2026-03-21T08:59:14.294291"}
{"op_code":4,"worker_id":"ee340e90-25a6-4cdf-8819-515a49a9c66d-140193173047104","study_id":0,"datetime_start":"2026-03-21T08:59:14.320691"}
{"op_code":5,"worker_id":"ee340e90-25a6-4cdf-8819-515a49a9c66d-140193173047104","trial_id":346,"param_name":"lr","param_value_internal":0.0004589126977979942,"distribution":"{\"name\": \"FloatDistribution\", \"attributes\": {\"step\": null, \"low\": 0.0001, \"high\": 0.1, \"log\": true}}"}
{"op_code":5,"worker_id":"ee340e90-25a6-4cdf-8819-515a49a9c66d-140193173047104","trial_id":346,"param_name":"dropout","param_value_internal":0.1322966135005289,"distribution":"{\"name\": \"FloatDistribution\", \"attributes\": {\"step\": null, \"low\": 0.1, \"high\": 0.5, \"log\": false}}"}
{"op_code":5,"worker_id":"ee340e90-25a6-4cdf-8819-515a49a9c66d-140193173047104","trial_id":346,"param_name":"nodes1","param_value_internal":1,"distribution":"{\"name\": \"CategoricalDistribution\", \"attributes\": {\"choices\": [16, 32, 64]}}"}
{"op_code":5,"worker_id":"ee340e90-25a6-4cdf-8819-515a49a9c66d-140193173047104","trial_id":346,"param_name":"nodes2","param_value_internal":2,"distribution":"{\"name\": \"CategoricalDistribution\", \"attributes\": {\"choices\": [32, 64, 128]}}"}
{"op_code":6,"worker_id":"ee340e90-25a6-4cdf-8819-515a49a9c66d-140193173047104","trial_id":346,"state":1,"values":[6.071658134460449],"datetime_complete":"2026-03-21T08:59:19.518292"}
{"op_code":4,"worker_id":"ee340e90-25a6-4cdf-8819-515a49a9c66d-140193173047104","study_id":0,"datetime_start":"2026-03-21T08:59:19.548893"}
{"op_code":5,"worker_id":"ee340e90-25a6-4cdf-8819-515a49a9c66d-140193173047104","trial_id":347,"param_name":"lr","param_value_internal":0.0005640804960836874,"distribution":"{\"name\": \"FloatDistribution\", \"attributes\": {\"step\": null, \"low\": 0.0001, \"high\": 0.1, \"log\": true}}"}
{"op_code":5,"worker_id":"ee340e90-25a6-4cdf-8819-515a49a9c66d-140193173047104","trial_id":347,"param_name":"dropout","param_value_internal":0.11582208306000448,"distribution":"{\"name\": \"FloatDistribution\", \"attributes\": {\"step\": null, \"low\": 0.1, \"high\": 0.5, \"log\": false}}"}
{"op_code":5,"worker_id":"ee340e90-25a6-4cdf-8819-515a49a9c66d-140193173047104","trial_id":347,"param_name":"nodes1","param_value_internal":1,"distribution":"{\"name\": \"CategoricalDistribution\", \"attributes\": {\"choices\": [16, 32, 64]}}"}
{"op_code":5,"worker_id":"ee340e90-25a6-4cdf-8819-515a49a9c66d-140193173047104","trial_id":347,"param_name":"nodes2","param_value_internal":2,"distribution":"{\"name\": \"CategoricalDistribution\", \"attributes\": {\"choices\": [32, 64, 128]}}"}
{"op_code":6,"worker_id":"ee340e90-25a6-4cdf-8819-515a49a9c66d-140193173047104","trial_id":347,"state":1,"values":[6.087975025177002],"datetime_complete":"2026-03-21T08:59:24.354967"}
{"op_code":4,"worker_id":"ee340e90-25a6-4cdf-8819-515a49a9c66d-140193173047104","study_id":0,"datetime_start":"2026-03-21T08:59:24.378144"}
{"op_code":5,"worker_id":"ee340e90-25a6-4cdf-8819-515a49a9c66d-140193173047104","trial_id":348,"param_name":"lr","param_value_internal":0.00042824337421468905,"distribution":"{\"name\": \"FloatDistribution\", \"attributes\": {\"step\": null, \"low\": 0.0001, \"high\": 0.1, \"log\": true}}"}
{"op_code":5,"worker_id":"ee340e90-25a6-4cdf-8819-515a49a9c66d-140193173047104","trial_id":348,"param_name":"dropout","param_value_internal":0.13755284311300608,"distribution":"{\"name\": \"FloatDistribution\", \"attributes\": {\"step\": null, \"low\": 0.1, \"high\": 0.5, \"log\": false}}"}
{"op_code":5,"worker_id":"ee340e90-25a6-4cdf-8819-515a49a9c66d-140193173047104","trial_id":348,"param_name":"nodes1","param_value_internal":1,"distribution":"{\"name\": \"CategoricalDistribution\", \"attributes\": {\"choices\": [16, 32, 64]}}"}
{"op_code":5,"worker_id":"ee340e90-25a6-4cdf-8819-515a49a9c66d-140193173047104","trial_id":348,"param_name":"nodes2","param_value_internal":2,"distribution":"{\"name\": \"CategoricalDistribution\", \"attributes\": {\"choices\": [32, 64, 128]}}"}
{"op_code":6,"worker_id":"ee340e90-25a6-4cdf-8819-515a49a9c66d-140193173047104","trial_id":348,"state":1,"values":[6.039947986602783],"datetime_complete":"2026-03-21T08:59:29.089546"}
{"op_code":4,"worker_id":"ee340e90-25a6-4cdf-8819-515a49a9c66d-140193173047104","study_id":0,"datetime_start":"2026-03-21T08:59:29.109422"}
{"op_code":5,"worker_id":"ee340e90-25a6-4cdf-8819-515a49a9c66d-140193173047104","trial_id":349,"param_name":"lr","param_value_internal":0.0009420361943055993,"distribution":"{\"name\": \"FloatDistribution\", \"attributes\": {\"step\": null, \"low\": 0.0001, \"high\": 0.1, \"log\": true}}"}
{"op_code":5,"worker_id":"ee340e90-25a6-4cdf-8819-515a49a9c66d-140193173047104","trial_id":349,"param_name":"dropout","param_value_internal":0.14695741209392213,"distribution":"{\"name\": \"FloatDistribution\", \"attributes\": {\"step\": null, \"low\": 0.1, \"high\": 0.5, \"log\": false}}"}
{"op_code":5,"worker_id":"ee340e90-25a6-4cdf-8819-515a49a9c66d-140193173047104","trial_id":349,"param_name":"nodes1","param_value_internal":2,"distribution":"{\"name\": \"CategoricalDistribution\", \"attributes\": {\"choices\": [16, 32, 64]}}"}
{"op_code":5,"worker_id":"ee340e90-25a6-4cdf-8819-515a49a9c66d-140193173047104","trial_id":349,"param_name":"nodes2","param_value_internal":2,"distribution":"{\"name\": \"CategoricalDistribution\", \"attributes\": {\"choices\": [32, 64, 128]}}"}
{"op_code":6,"worker_id":"ee340e90-25a6-4cdf-8819-515a49a9c66d-140193173047104","trial_id":349,"state":1,"values":[6.17897891998291],"datetime_complete":"2026-03-21T08:59:34.465171"}
{"op_code":4,"worker_id":"ee340e90-25a6-4cdf-8819-515a49a9c66d-140193173047104","study_id":0,"datetime_start":"2026-03-21T08:59:34.484952"}
{"op_code":5,"worker_id":"ee340e90-25a6-4cdf-8819-515a49a9c66d-140193173047104","trial_id":350,"param_name":"lr","param_value_internal":0.0004290138263938264,"distribution":"{\"name\": \"FloatDistribution\", \"attributes\": {\"step\": null, \"low\": 0.0001, \"high\": 0.1, \"log\": true}}"}
{"op_code":5,"worker_id":"ee340e90-25a6-4cdf-8819-515a49a9c66d-140193173047104","trial_id":350,"param_name":"dropout","param_value_internal":0.10027917044411848,"distribution":"{\"name\": \"FloatDistribution\", \"attributes\": {\"step\": null, \"low\": 0.1, \"high\": 0.5, \"log\": false}}"}
{"op_code":5,"worker_id":"ee340e90-25a6-4cdf-8819-515a49a9c66d-140193173047104","trial_id":350,"param_name":"nodes1","param_value_internal":1,"distribution":"{\"name\": \"CategoricalDistribution\", \"attributes\": {\"choices\": [16, 32, 64]}}"}
{"op_code":5,"worker_id":"ee340e90-25a6-4cdf-8819-515a49a9c66d-140193173047104","trial_id":350,"param_name":"nodes2","param_value_internal":2,"distribution":"{\"name\": \"CategoricalDistribution\", \"attributes\": {\"choices\": [32, 64, 128]}}"}
{"op_code":6,"worker_id":"ee340e90-25a6-4cdf-8819-515a49a9c66d-140193173047104","trial_id":350,"state":1,"values":[6.081937313079834],"datetime_complete":"2026-03-21T08:59:39.665551"}
{"op_code":0,"worker_id":"bbae91cb-8bdb-4cd9-a259-49fd9fe8c7b5-140193173047104","study_name":"custom_torch_tuning","directions":[1]}
{"op_code":4,"worker_id":"bbae91cb-8bdb-4cd9-a259-49fd9fe8c7b5-140193173047104","study_id":0,"datetime_start":"2026-03-21T09:13:49.679621"}
{"op_code":5,"worker_id":"bbae91cb-8bdb-4cd9-a259-49fd9fe8c7b5-140193173047104","trial_id":351,"param_name":"lr","param_value_internal":0.0005527847808538761,"distribution":"{\"name\": \"FloatDistribution\", \"attributes\": {\"step\": null, \"low\": 0.0001, \"high\": 0.1, \"log\": true}}"}
{"op_code":5,"worker_id":"bbae91cb-8bdb-4cd9-a259-49fd9fe8c7b5-140193173047104","trial_id":351,"param_name":"dropout","param_value_internal":0.16177834058332344,"distribution":"{\"name\": \"FloatDistribution\", \"attributes\": {\"step\": null, \"low\": 0.1, \"high\": 0.5, \"log\": false}}"}
{"op_code":5,"worker_id":"bbae91cb-8bdb-4cd9-a259-49fd9fe8c7b5-140193173047104","trial_id":351,"param_name":"nodes1","param_value_internal":1,"distribution":"{\"name\": \"CategoricalDistribution\", \"attributes\": {\"choices\": [16, 32, 64]}}"}
{"op_code":5,"worker_id":"bbae91cb-8bdb-4cd9-a259-49fd9fe8c7b5-140193173047104","trial_id":351,"param_name":"nodes2","param_value_internal":2,"distribution":"{\"name\": \"CategoricalDistribution\", \"attributes\": {\"choices\": [32, 64, 128]}}"}
{"op_code":6,"worker_id":"bbae91cb-8bdb-4cd9-a259-49fd9fe8c7b5-140193173047104","trial_id":351,"state":1,"values":[6.192832946777344],"datetime_complete":"2026-03-21T09:13:54.756220"}
{"op_code":4,"worker_id":"bbae91cb-8bdb-4cd9-a259-49fd9fe8c7b5-140193173047104","study_id":0,"datetime_start":"2026-03-21T09:13:54.774916"}
{"op_code":5,"worker_id":"bbae91cb-8bdb-4cd9-a259-49fd9fe8c7b5-140193173047104","trial_id":352,"param_name":"lr","param_value_internal":0.0006969341664096703,"distribution":"{\"name\": \"FloatDistribution\", \"attributes\": {\"step\": null, \"low\": 0.0001, \"high\": 0.1, \"log\": true}}"}
{"op_code":5,"worker_id":"bbae91cb-8bdb-4cd9-a259-49fd9fe8c7b5-140193173047104","trial_id":352,"param_name":"dropout","param_value_internal":0.11973175319919098,"distribution":"{\"name\": \"FloatDistribution\", \"attributes\": {\"step\": null, \"low\": 0.1, \"high\": 0.5, \"log\": false}}"}
{"op_code":5,"worker_id":"bbae91cb-8bdb-4cd9-a259-49fd9fe8c7b5-140193173047104","trial_id":352,"param_name":"nodes1","param_value_internal":1,"distribution":"{\"name\": \"CategoricalDistribution\", \"attributes\": {\"choices\": [16, 32, 64]}}"}
{"op_code":5,"worker_id":"bbae91cb-8bdb-4cd9-a259-49fd9fe8c7b5-140193173047104","trial_id":352,"param_name":"nodes2","param_value_internal":2,"distribution":"{\"name\": \"CategoricalDistribution\", \"attributes\": {\"choices\": [32, 64, 128]}}"}
{"op_code":6,"worker_id":"bbae91cb-8bdb-4cd9-a259-49fd9fe8c7b5-140193173047104","trial_id":352,"state":1,"values":[6.203567981719971],"datetime_complete":"2026-03-21T09:13:59.720147"}
{"op_code":4,"worker_id":"bbae91cb-8bdb-4cd9-a259-49fd9fe8c7b5-140193173047104","study_id":0,"datetime_start":"2026-03-21T09:13:59.740740"}
{"op_code":5,"worker_id":"bbae91cb-8bdb-4cd9-a259-49fd9fe8c7b5-140193173047104","trial_id":353,"param_name":"lr","param_value_internal":0.00041662046459814634,"distribution":"{\"name\": \"FloatDistribution\", \"attributes\": {\"step\": null, \"low\": 0.0001, \"high\": 0.1, \"log\": true}}"}
{"op_code":5,"worker_id":"bbae91cb-8bdb-4cd9-a259-49fd9fe8c7b5-140193173047104","trial_id":353,"param_name":"dropout","param_value_internal":0.13645053186430112,"distribution":"{\"name\": \"FloatDistribution\", \"attributes\": {\"step\": null, \"low\": 0.1, \"high\": 0.5, \"log\": false}}"}
{"op_code":5,"worker_id":"bbae91cb-8bdb-4cd9-a259-49fd9fe8c7b5-140193173047104","trial_id":353,"param_name":"nodes1","param_value_internal":1,"distribution":"{\"name\": \"CategoricalDistribution\", \"attributes\": {\"choices\": [16, 32, 64]}}"}
{"op_code":5,"worker_id":"bbae91cb-8bdb-4cd9-a259-49fd9fe8c7b5-140193173047104","trial_id":353,"param_name":"nodes2","param_value_internal":2,"distribution":"{\"name\": \"CategoricalDistribution\", \"attributes\": {\"choices\": [32, 64, 128]}}"}
{"op_code":6,"worker_id":"bbae91cb-8bdb-4cd9-a259-49fd9fe8c7b5-140193173047104","trial_id":353,"state":1,"values":[6.169579982757568],"datetime_complete":"2026-03-21T09:14:04.104622"}
{"op_code":4,"worker_id":"bbae91cb-8bdb-4cd9-a259-49fd9fe8c7b5-140193173047104","study_id":0,"datetime_start":"2026-03-21T09:14:04.126949"}
{"op_code":5,"worker_id":"bbae91cb-8bdb-4cd9-a259-49fd9fe8c7b5-140193173047104","trial_id":354,"param_name":"lr","param_value_internal":0.0005094849558198235,"distribution":"{\"name\": \"FloatDistribution\", \"attributes\": {\"step\": null, \"low\": 0.0001, \"high\": 0.1, \"log\": true}}"}
{"op_code":5,"worker_id":"bbae91cb-8bdb-4cd9-a259-49fd9fe8c7b5-140193173047104","trial_id":354,"param_name":"dropout","param_value_internal":0.15060103431302482,"distribution":"{\"name\": \"FloatDistribution\", \"attributes\": {\"step\": null, \"low\": 0.1, \"high\": 0.5, \"log\": false}}"}
{"op_code":5,"worker_id":"bbae91cb-8bdb-4cd9-a259-49fd9fe8c7b5-140193173047104","trial_id":354,"param_name":"nodes1","param_value_internal":1,"distribution":"{\"name\": \"CategoricalDistribution\", \"attributes\": {\"choices\": [16, 32, 64]}}"}
{"op_code":5,"worker_id":"bbae91cb-8bdb-4cd9-a259-49fd9fe8c7b5-140193173047104","trial_id":354,"param_name":"nodes2","param_value_internal":2,"distribution":"{\"name\": \"CategoricalDistribution\", \"attributes\": {\"choices\": [32, 64, 128]}}"}
{"op_code":6,"worker_id":"bbae91cb-8bdb-4cd9-a259-49fd9fe8c7b5-140193173047104","trial_id":354,"state":1,"values":[6.16565465927124],"datetime_complete":"2026-03-21T09:14:09.101780"}
{"op_code":4,"worker_id":"bbae91cb-8bdb-4cd9-a259-49fd9fe8c7b5-140193173047104","study_id":0,"datetime_start":"2026-03-21T09:14:09.123870"}
{"op_code":5,"worker_id":"bbae91cb-8bdb-4cd9-a259-49fd9fe8c7b5-140193173047104","trial_id":355,"param_name":"lr","param_value_internal":0.00040850317481984675,"distribution":"{\"name\": \"FloatDistribution\", \"attributes\": {\"step\": null, \"low\": 0.0001, \"high\": 0.1, \"log\": true}}"}
{"op_code":5,"worker_id":"bbae91cb-8bdb-4cd9-a259-49fd9fe8c7b5-140193173047104","trial_id":355,"param_name":"dropout","param_value_internal":0.12495138939429737,"distribution":"{\"name\": \"FloatDistribution\", \"attributes\": {\"step\": null, \"low\": 0.1, \"high\": 0.5, \"log\": false}}"}
{"op_code":5,"worker_id":"bbae91cb-8bdb-4cd9-a259-49fd9fe8c7b5-140193173047104","trial_id":355,"param_name":"nodes1","param_value_internal":1,"distribution":"{\"name\": \"CategoricalDistribution\", \"attributes\": {\"choices\": [16, 32, 64]}}"}
{"op_code":5,"worker_id":"bbae91cb-8bdb-4cd9-a259-49fd9fe8c7b5-140193173047104","trial_id":355,"param_name":"nodes2","param_value_internal":2,"distribution":"{\"name\": \"CategoricalDistribution\", \"attributes\": {\"choices\": [32, 64, 128]}}"}
{"op_code":6,"worker_id":"bbae91cb-8bdb-4cd9-a259-49fd9fe8c7b5-140193173047104","trial_id":355,"state":1,"values":[6.156243801116943],"datetime_complete":"2026-03-21T09:14:13.661959"}
{"op_code":4,"worker_id":"bbae91cb-8bdb-4cd9-a259-49fd9fe8c7b5-140193173047104","study_id":0,"datetime_start":"2026-03-21T09:14:13.683493"}
{"op_code":5,"worker_id":"bbae91cb-8bdb-4cd9-a259-49fd9fe8c7b5-140193173047104","trial_id":356,"param_name":"lr","param_value_internal":0.0005827210576870719,"distribution":"{\"name\": \"FloatDistribution\", \"attributes\": {\"step\": null, \"low\": 0.0001, \"high\": 0.1, \"log\": true}}"}
{"op_code":5,"worker_id":"bbae91cb-8bdb-4cd9-a259-49fd9fe8c7b5-140193173047104","trial_id":356,"param_name":"dropout","param_value_internal":0.11448614009423715,"distribution":"{\"name\": \"FloatDistribution\", \"attributes\": {\"step\": null, \"low\": 0.1, \"high\": 0.5, \"log\": false}}"}
{"op_code":5,"worker_id":"bbae91cb-8bdb-4cd9-a259-49fd9fe8c7b5-140193173047104","trial_id":356,"param_name":"nodes1","param_value_internal":1,"distribution":"{\"name\": \"CategoricalDistribution\", \"attributes\": {\"choices\": [16, 32, 64]}}"}
{"op_code":5,"worker_id":"bbae91cb-8bdb-4cd9-a259-49fd9fe8c7b5-140193173047104","trial_id":356,"param_name":"nodes2","param_value_internal":2,"distribution":"{\"name\": \"CategoricalDistribution\", \"attributes\": {\"choices\": [32, 64, 128]}}"}
{"op_code":6,"worker_id":"bbae91cb-8bdb-4cd9-a259-49fd9fe8c7b5-140193173047104","trial_id":356,"state":1,"values":[6.187150001525879],"datetime_complete":"2026-03-21T09:14:18.572986"}
{"op_code":4,"worker_id":"bbae91cb-8bdb-4cd9-a259-49fd9fe8c7b5-140193173047104","study_id":0,"datetime_start":"2026-03-21T09:14:18.593933"}
{"op_code":5,"worker_id":"bbae91cb-8bdb-4cd9-a259-49fd9fe8c7b5-140193173047104","trial_id":357,"param_name":"lr","param_value_internal":0.0004761582028188788,"distribution":"{\"name\": \"FloatDistribution\", \"attributes\": {\"step\": null, \"low\": 0.0001, \"high\": 0.1, \"log\": true}}"}
{"op_code":5,"worker_id":"bbae91cb-8bdb-4cd9-a259-49fd9fe8c7b5-140193173047104","trial_id":357,"param_name":"dropout","param_value_internal":0.15467343481380424,"distribution":"{\"name\": \"FloatDistribution\", \"attributes\": {\"step\": null, \"low\": 0.1, \"high\": 0.5, \"log\": false}}"}
{"op_code":5,"worker_id":"bbae91cb-8bdb-4cd9-a259-49fd9fe8c7b5-140193173047104","trial_id":357,"param_name":"nodes1","param_value_internal":1,"distribution":"{\"name\": \"CategoricalDistribution\", \"attributes\": {\"choices\": [16, 32, 64]}}"}
{"op_code":5,"worker_id":"bbae91cb-8bdb-4cd9-a259-49fd9fe8c7b5-140193173047104","trial_id":357,"param_name":"nodes2","param_value_internal":2,"distribution":"{\"name\": \"CategoricalDistribution\", \"attributes\": {\"choices\": [32, 64, 128]}}"}
{"op_code":6,"worker_id":"bbae91cb-8bdb-4cd9-a259-49fd9fe8c7b5-140193173047104","trial_id":357,"state":1,"values":[6.1464104652404785],"datetime_complete":"2026-03-21T09:14:23.369693"}
{"op_code":4,"worker_id":"bbae91cb-8bdb-4cd9-a259-49fd9fe8c7b5-140193173047104","study_id":0,"datetime_start":"2026-03-21T09:14:23.394231"}
{"op_code":5,"worker_id":"bbae91cb-8bdb-4cd9-a259-49fd9fe8c7b5-140193173047104","trial_id":358,"param_name":"lr","param_value_internal":0.0004255396233972631,"distribution":"{\"name\": \"FloatDistribution\", \"attributes\": {\"step\": null, \"low\": 0.0001, \"high\": 0.1, \"log\": true}}"}
{"op_code":5,"worker_id":"bbae91cb-8bdb-4cd9-a259-49fd9fe8c7b5-140193173047104","trial_id":358,"param_name":"dropout","param_value_internal":0.10913194254486355,"distribution":"{\"name\": \"FloatDistribution\", \"attributes\": {\"step\": null, \"low\": 0.1, \"high\": 0.5, \"log\": false}}"}
{"op_code":5,"worker_id":"bbae91cb-8bdb-4cd9-a259-49fd9fe8c7b5-140193173047104","trial_id":358,"param_name":"nodes1","param_value_internal":1,"distribution":"{\"name\": \"CategoricalDistribution\", \"attributes\": {\"choices\": [16, 32, 64]}}"}
{"op_code":5,"worker_id":"bbae91cb-8bdb-4cd9-a259-49fd9fe8c7b5-140193173047104","trial_id":358,"param_name":"nodes2","param_value_internal":2,"distribution":"{\"name\": \"CategoricalDistribution\", \"attributes\": {\"choices\": [32, 64, 128]}}"}
{"op_code":6,"worker_id":"bbae91cb-8bdb-4cd9-a259-49fd9fe8c7b5-140193173047104","trial_id":358,"state":1,"values":[6.179869651794434],"datetime_complete":"2026-03-21T09:14:27.979596"}
{"op_code":4,"worker_id":"bbae91cb-8bdb-4cd9-a259-49fd9fe8c7b5-140193173047104","study_id":0,"datetime_start":"2026-03-21T09:14:27.990088"}
{"op_code":5,"worker_id":"bbae91cb-8bdb-4cd9-a259-49fd9fe8c7b5-140193173047104","trial_id":359,"param_name":"lr","param_value_internal":0.00037730330899210144,"distribution":"{\"name\": \"FloatDistribution\", \"attributes\": {\"step\": null, \"low\": 0.0001, \"high\": 0.1, \"log\": true}}"}
{"op_code":5,"worker_id":"bbae91cb-8bdb-4cd9-a259-49fd9fe8c7b5-140193173047104","trial_id":359,"param_name":"dropout","param_value_internal":0.12919524233568605,"distribution":"{\"name\": \"FloatDistribution\", \"attributes\": {\"step\": null, \"low\": 0.1, \"high\": 0.5, \"log\": false}}"}
{"op_code":5,"worker_id":"bbae91cb-8bdb-4cd9-a259-49fd9fe8c7b5-140193173047104","trial_id":359,"param_name":"nodes1","param_value_internal":1,"distribution":"{\"name\": \"CategoricalDistribution\", \"attributes\": {\"choices\": [16, 32, 64]}}"}
{"op_code":5,"worker_id":"bbae91cb-8bdb-4cd9-a259-49fd9fe8c7b5-140193173047104","trial_id":359,"param_name":"nodes2","param_value_internal":2,"distribution":"{\"name\": \"CategoricalDistribution\", \"attributes\": {\"choices\": [32, 64, 128]}}"}
{"op_code":6,"worker_id":"bbae91cb-8bdb-4cd9-a259-49fd9fe8c7b5-140193173047104","trial_id":359,"state":1,"values":[6.1537580490112305],"datetime_complete":"2026-03-21T09:14:32.942128"}
{"op_code":4,"worker_id":"bbae91cb-8bdb-4cd9-a259-49fd9fe8c7b5-140193173047104","study_id":0,"datetime_start":"2026-03-21T09:14:32.953281"}
{"op_code":5,"worker_id":"bbae91cb-8bdb-4cd9-a259-49fd9fe8c7b5-140193173047104","trial_id":360,"param_name":"lr","param_value_internal":0.00048711334688780815,"distribution":"{\"name\": \"FloatDistribution\", \"attributes\": {\"step\": null, \"low\": 0.0001, \"high\": 0.1, \"log\": true}}"}
{"op_code":5,"worker_id":"bbae91cb-8bdb-4cd9-a259-49fd9fe8c7b5-140193173047104","trial_id":360,"param_name":"dropout","param_value_internal":0.16607985488298047,"distribution":"{\"name\": \"FloatDistribution\", \"attributes\": {\"step\": null, \"low\": 0.1, \"high\": 0.5, \"log\": false}}"}
{"op_code":5,"worker_id":"bbae91cb-8bdb-4cd9-a259-49fd9fe8c7b5-140193173047104","trial_id":360,"param_name":"nodes1","param_value_internal":1,"distribution":"{\"name\": \"CategoricalDistribution\", \"attributes\": {\"choices\": [16, 32, 64]}}"}
{"op_code":5,"worker_id":"bbae91cb-8bdb-4cd9-a259-49fd9fe8c7b5-140193173047104","trial_id":360,"param_name":"nodes2","param_value_internal":2,"distribution":"{\"name\": \"CategoricalDistribution\", \"attributes\": {\"choices\": [32, 64, 128]}}"}
{"op_code":6,"worker_id":"bbae91cb-8bdb-4cd9-a259-49fd9fe8c7b5-140193173047104","trial_id":360,"state":1,"values":[6.154478549957275],"datetime_complete":"2026-03-21T09:14:37.755934"}
{"op_code":0,"worker_id":"18ba9b41-be6d-40bc-942f-65176d8571c6-140193173047104","study_name":"custom_torch_tuning","directions":[1]}
{"op_code":4,"worker_id":"18ba9b41-be6d-40bc-942f-65176d8571c6-140193173047104","study_id":0,"datetime_start":"2026-03-21T09:29:38.776338"}
{"op_code":5,"worker_id":"18ba9b41-be6d-40bc-942f-65176d8571c6-140193173047104","trial_id":361,"param_name":"lr","param_value_internal":0.0006149330582896087,"distribution":"{\"name\": \"FloatDistribution\", \"attributes\": {\"step\": null, \"low\": 0.0001, \"high\": 0.1, \"log\": true}}"}
{"op_code":5,"worker_id":"18ba9b41-be6d-40bc-942f-65176d8571c6-140193173047104","trial_id":361,"param_name":"dropout","param_value_internal":0.15902515193792932,"distribution":"{\"name\": \"FloatDistribution\", \"attributes\": {\"step\": null, \"low\": 0.1, \"high\": 0.5, \"log\": false}}"}
{"op_code":5,"worker_id":"18ba9b41-be6d-40bc-942f-65176d8571c6-140193173047104","trial_id":361,"param_name":"nodes1","param_value_internal":1,"distribution":"{\"name\": \"CategoricalDistribution\", \"attributes\": {\"choices\": [16, 32, 64]}}"}
{"op_code":5,"worker_id":"18ba9b41-be6d-40bc-942f-65176d8571c6-140193173047104","trial_id":361,"param_name":"nodes2","param_value_internal":2,"distribution":"{\"name\": \"CategoricalDistribution\", \"attributes\": {\"choices\": [32, 64, 128]}}"}
{"op_code":6,"worker_id":"18ba9b41-be6d-40bc-942f-65176d8571c6-140193173047104","trial_id":361,"state":1,"values":[6.182500839233398],"datetime_complete":"2026-03-21T09:29:43.766187"}
{"op_code":4,"worker_id":"18ba9b41-be6d-40bc-942f-65176d8571c6-140193173047104","study_id":0,"datetime_start":"2026-03-21T09:29:43.783860"}
{"op_code":5,"worker_id":"18ba9b41-be6d-40bc-942f-65176d8571c6-140193173047104","trial_id":362,"param_name":"lr","param_value_internal":0.00038399209109215204,"distribution":"{\"name\": \"FloatDistribution\", \"attributes\": {\"step\": null, \"low\": 0.0001, \"high\": 0.1, \"log\": true}}"}
{"op_code":5,"worker_id":"18ba9b41-be6d-40bc-942f-65176d8571c6-140193173047104","trial_id":362,"param_name":"dropout","param_value_internal":0.135763558510976,"distribution":"{\"name\": \"FloatDistribution\", \"attributes\": {\"step\": null, \"low\": 0.1, \"high\": 0.5, \"log\": false}}"}
{"op_code":5,"worker_id":"18ba9b41-be6d-40bc-942f-65176d8571c6-140193173047104","trial_id":362,"param_name":"nodes1","param_value_internal":1,"distribution":"{\"name\": \"CategoricalDistribution\", \"attributes\": {\"choices\": [16, 32, 64]}}"}
{"op_code":5,"worker_id":"18ba9b41-be6d-40bc-942f-65176d8571c6-140193173047104","trial_id":362,"param_name":"nodes2","param_value_internal":2,"distribution":"{\"name\": \"CategoricalDistribution\", \"attributes\": {\"choices\": [32, 64, 128]}}"}
{"op_code":6,"worker_id":"18ba9b41-be6d-40bc-942f-65176d8571c6-140193173047104","trial_id":362,"state":1,"values":[6.218808174133301],"datetime_complete":"2026-03-21T09:29:48.771858"}
{"op_code":4,"worker_id":"18ba9b41-be6d-40bc-942f-65176d8571c6-140193173047104","study_id":0,"datetime_start":"2026-03-21T09:29:48.783215"}
{"op_code":5,"worker_id":"18ba9b41-be6d-40bc-942f-65176d8571c6-140193173047104","trial_id":363,"param_name":"lr","param_value_internal":0.0004372981206167365,"distribution":"{\"name\": \"FloatDistribution\", \"attributes\": {\"step\": null, \"low\": 0.0001, \"high\": 0.1, \"log\": true}}"}
{"op_code":5,"worker_id":"18ba9b41-be6d-40bc-942f-65176d8571c6-140193173047104","trial_id":363,"param_name":"dropout","param_value_internal":0.34078457756513436,"distribution":"{\"name\": \"FloatDistribution\", \"attributes\": {\"step\": null, \"low\": 0.1, \"high\": 0.5, \"log\": false}}"}
{"op_code":5,"worker_id":"18ba9b41-be6d-40bc-942f-65176d8571c6-140193173047104","trial_id":363,"param_name":"nodes1","param_value_internal":1,"distribution":"{\"name\": \"CategoricalDistribution\", \"attributes\": {\"choices\": [16, 32, 64]}}"}
{"op_code":5,"worker_id":"18ba9b41-be6d-40bc-942f-65176d8571c6-140193173047104","trial_id":363,"param_name":"nodes2","param_value_internal":2,"distribution":"{\"name\": \"CategoricalDistribution\", \"attributes\": {\"choices\": [32, 64, 128]}}"}
{"op_code":6,"worker_id":"18ba9b41-be6d-40bc-942f-65176d8571c6-140193173047104","trial_id":363,"state":1,"values":[6.148962020874023],"datetime_complete":"2026-03-21T09:29:53.896355"}
{"op_code":4,"worker_id":"18ba9b41-be6d-40bc-942f-65176d8571c6-140193173047104","study_id":0,"datetime_start":"2026-03-21T09:29:53.919085"}
{"op_code":5,"worker_id":"18ba9b41-be6d-40bc-942f-65176d8571c6-140193173047104","trial_id":364,"param_name":"lr","param_value_internal":0.000740076926147073,"distribution":"{\"name\": \"FloatDistribution\", \"attributes\": {\"step\": null, \"low\": 0.0001, \"high\": 0.1, \"log\": true}}"}
{"op_code":5,"worker_id":"18ba9b41-be6d-40bc-942f-65176d8571c6-140193173047104","trial_id":364,"param_name":"dropout","param_value_internal":0.14156246011329002,"distribution":"{\"name\": \"FloatDistribution\", \"attributes\": {\"step\": null, \"low\": 0.1, \"high\": 0.5, \"log\": false}}"}
{"op_code":5,"worker_id":"18ba9b41-be6d-40bc-942f-65176d8571c6-140193173047104","trial_id":364,"param_name":"nodes1","param_value_internal":1,"distribution":"{\"name\": \"CategoricalDistribution\", \"attributes\": {\"choices\": [16, 32, 64]}}"}
{"op_code":5,"worker_id":"18ba9b41-be6d-40bc-942f-65176d8571c6-140193173047104","trial_id":364,"param_name":"nodes2","param_value_internal":2,"distribution":"{\"name\": \"CategoricalDistribution\", \"attributes\": {\"choices\": [32, 64, 128]}}"}
{"op_code":6,"worker_id":"18ba9b41-be6d-40bc-942f-65176d8571c6-140193173047104","trial_id":364,"state":1,"values":[6.272191047668457],"datetime_complete":"2026-03-21T09:29:58.763858"}
{"op_code":4,"worker_id":"18ba9b41-be6d-40bc-942f-65176d8571c6-140193173047104","study_id":0,"datetime_start":"2026-03-21T09:29:58.782624"}
{"op_code":5,"worker_id":"18ba9b41-be6d-40bc-942f-65176d8571c6-140193173047104","trial_id":365,"param_name":"lr","param_value_internal":0.0005097209024129415,"distribution":"{\"name\": \"FloatDistribution\", \"attributes\": {\"step\": null, \"low\": 0.0001, \"high\": 0.1, \"log\": true}}"}
{"op_code":5,"worker_id":"18ba9b41-be6d-40bc-942f-65176d8571c6-140193173047104","trial_id":365,"param_name":"dropout","param_value_internal":0.1705721877852545,"distribution":"{\"name\": \"FloatDistribution\", \"attributes\": {\"step\": null, \"low\": 0.1, \"high\": 0.5, \"log\": false}}"}
{"op_code":5,"worker_id":"18ba9b41-be6d-40bc-942f-65176d8571c6-140193173047104","trial_id":365,"param_name":"nodes1","param_value_internal":1,"distribution":"{\"name\": \"CategoricalDistribution\", \"attributes\": {\"choices\": [16, 32, 64]}}"}
{"op_code":5,"worker_id":"18ba9b41-be6d-40bc-942f-65176d8571c6-140193173047104","trial_id":365,"param_name":"nodes2","param_value_internal":2,"distribution":"{\"name\": \"CategoricalDistribution\", \"attributes\": {\"choices\": [32, 64, 128]}}"}
{"op_code":6,"worker_id":"18ba9b41-be6d-40bc-942f-65176d8571c6-140193173047104","trial_id":365,"state":1,"values":[6.1797075271606445],"datetime_complete":"2026-03-21T09:30:03.306402"}
{"op_code":4,"worker_id":"18ba9b41-be6d-40bc-942f-65176d8571c6-140193173047104","study_id":0,"datetime_start":"2026-03-21T09:30:03.328857"}
{"op_code":5,"worker_id":"18ba9b41-be6d-40bc-942f-65176d8571c6-140193173047104","trial_id":366,"param_name":"lr","param_value_internal":0.00038366996398916736,"distribution":"{\"name\": \"FloatDistribution\", \"attributes\": {\"step\": null, \"low\": 0.0001, \"high\": 0.1, \"log\": true}}"}
{"op_code":5,"worker_id":"18ba9b41-be6d-40bc-942f-65176d8571c6-140193173047104","trial_id":366,"param_name":"dropout","param_value_internal":0.16253406283134306,"distribution":"{\"name\": \"FloatDistribution\", \"attributes\": {\"step\": null, \"low\": 0.1, \"high\": 0.5, \"log\": false}}"}
{"op_code":5,"worker_id":"18ba9b41-be6d-40bc-942f-65176d8571c6-140193173047104","trial_id":366,"param_name":"nodes1","param_value_internal":1,"distribution":"{\"name\": \"CategoricalDistribution\", \"attributes\": {\"choices\": [16, 32, 64]}}"}
{"op_code":5,"worker_id":"18ba9b41-be6d-40bc-942f-65176d8571c6-140193173047104","trial_id":366,"param_name":"nodes2","param_value_internal":2,"distribution":"{\"name\": \"CategoricalDistribution\", \"attributes\": {\"choices\": [32, 64, 128]}}"}
{"op_code":6,"worker_id":"18ba9b41-be6d-40bc-942f-65176d8571c6-140193173047104","trial_id":366,"state":1,"values":[6.16603422164917],"datetime_complete":"2026-03-21T09:30:08.579686"}
{"op_code":4,"worker_id":"18ba9b41-be6d-40bc-942f-65176d8571c6-140193173047104","study_id":0,"datetime_start":"2026-03-21T09:30:08.595290"}
{"op_code":5,"worker_id":"18ba9b41-be6d-40bc-942f-65176d8571c6-140193173047104","trial_id":367,"param_name":"lr","param_value_internal":0.0005613631013576972,"distribution":"{\"name\": \"FloatDistribution\", \"attributes\": {\"step\": null, \"low\": 0.0001, \"high\": 0.1, \"log\": true}}"}
{"op_code":5,"worker_id":"18ba9b41-be6d-40bc-942f-65176d8571c6-140193173047104","trial_id":367,"param_name":"dropout","param_value_internal":0.12111981173148396,"distribution":"{\"name\": \"FloatDistribution\", \"attributes\": {\"step\": null, \"low\": 0.1, \"high\": 0.5, \"log\": false}}"}
{"op_code":5,"worker_id":"18ba9b41-be6d-40bc-942f-65176d8571c6-140193173047104","trial_id":367,"param_name":"nodes1","param_value_internal":1,"distribution":"{\"name\": \"CategoricalDistribution\", \"attributes\": {\"choices\": [16, 32, 64]}}"}
{"op_code":5,"worker_id":"18ba9b41-be6d-40bc-942f-65176d8571c6-140193173047104","trial_id":367,"param_name":"nodes2","param_value_internal":2,"distribution":"{\"name\": \"CategoricalDistribution\", \"attributes\": {\"choices\": [32, 64, 128]}}"}
{"op_code":6,"worker_id":"18ba9b41-be6d-40bc-942f-65176d8571c6-140193173047104","trial_id":367,"state":1,"values":[6.2328877449035645],"datetime_complete":"2026-03-21T09:30:13.423621"}
{"op_code":4,"worker_id":"18ba9b41-be6d-40bc-942f-65176d8571c6-140193173047104","study_id":0,"datetime_start":"2026-03-21T09:30:13.445000"}
{"op_code":5,"worker_id":"18ba9b41-be6d-40bc-942f-65176d8571c6-140193173047104","trial_id":368,"param_name":"lr","param_value_internal":0.018856064531738315,"distribution":"{\"name\": \"FloatDistribution\", \"attributes\": {\"step\": null, \"low\": 0.0001, \"high\": 0.1, \"log\": true}}"}
{"op_code":5,"worker_id":"18ba9b41-be6d-40bc-942f-65176d8571c6-140193173047104","trial_id":368,"param_name":"dropout","param_value_internal":0.14983930499377257,"distribution":"{\"name\": \"FloatDistribution\", \"attributes\": {\"step\": null, \"low\": 0.1, \"high\": 0.5, \"log\": false}}"}
{"op_code":5,"worker_id":"18ba9b41-be6d-40bc-942f-65176d8571c6-140193173047104","trial_id":368,"param_name":"nodes1","param_value_internal":1,"distribution":"{\"name\": \"CategoricalDistribution\", \"attributes\": {\"choices\": [16, 32, 64]}}"}
{"op_code":5,"worker_id":"18ba9b41-be6d-40bc-942f-65176d8571c6-140193173047104","trial_id":368,"param_name":"nodes2","param_value_internal":2,"distribution":"{\"name\": \"CategoricalDistribution\", \"attributes\": {\"choices\": [32, 64, 128]}}"}
{"op_code":6,"worker_id":"18ba9b41-be6d-40bc-942f-65176d8571c6-140193173047104","trial_id":368,"state":1,"values":[6.487410068511963],"datetime_complete":"2026-03-21T09:30:17.891958"}
{"op_code":4,"worker_id":"18ba9b41-be6d-40bc-942f-65176d8571c6-140193173047104","study_id":0,"datetime_start":"2026-03-21T09:30:17.913166"}
{"op_code":5,"worker_id":"18ba9b41-be6d-40bc-942f-65176d8571c6-140193173047104","trial_id":369,"param_name":"lr","param_value_internal":0.05313621700440407,"distribution":"{\"name\": \"FloatDistribution\", \"attributes\": {\"step\": null, \"low\": 0.0001, \"high\": 0.1, \"log\": true}}"}
{"op_code":5,"worker_id":"18ba9b41-be6d-40bc-942f-65176d8571c6-140193173047104","trial_id":369,"param_name":"dropout","param_value_internal":0.3146366529773098,"distribution":"{\"name\": \"FloatDistribution\", \"attributes\": {\"step\": null, \"low\": 0.1, \"high\": 0.5, \"log\": false}}"}
{"op_code":5,"worker_id":"18ba9b41-be6d-40bc-942f-65176d8571c6-140193173047104","trial_id":369,"param_name":"nodes1","param_value_internal":2,"distribution":"{\"name\": \"CategoricalDistribution\", \"attributes\": {\"choices\": [16, 32, 64]}}"}
{"op_code":5,"worker_id":"18ba9b41-be6d-40bc-942f-65176d8571c6-140193173047104","trial_id":369,"param_name":"nodes2","param_value_internal":2,"distribution":"{\"name\": \"CategoricalDistribution\", \"attributes\": {\"choices\": [32, 64, 128]}}"}
{"op_code":6,"worker_id":"18ba9b41-be6d-40bc-942f-65176d8571c6-140193173047104","trial_id":369,"state":1,"values":[6.296825408935547],"datetime_complete":"2026-03-21T09:30:22.791734"}
{"op_code":4,"worker_id":"18ba9b41-be6d-40bc-942f-65176d8571c6-140193173047104","study_id":0,"datetime_start":"2026-03-21T09:30:22.806059"}
{"op_code":5,"worker_id":"18ba9b41-be6d-40bc-942f-65176d8571c6-140193173047104","trial_id":370,"param_name":"lr","param_value_internal":0.0004306514325998102,"distribution":"{\"name\": \"FloatDistribution\", \"attributes\": {\"step\": null, \"low\": 0.0001, \"high\": 0.1, \"log\": true}}"}
{"op_code":5,"worker_id":"18ba9b41-be6d-40bc-942f-65176d8571c6-140193173047104","trial_id":370,"param_name":"dropout","param_value_internal":0.17370446643951715,"distribution":"{\"name\": \"FloatDistribution\", \"attributes\": {\"step\": null, \"low\": 0.1, \"high\": 0.5, \"log\": false}}"}
{"op_code":5,"worker_id":"18ba9b41-be6d-40bc-942f-65176d8571c6-140193173047104","trial_id":370,"param_name":"nodes1","param_value_internal":1,"distribution":"{\"name\": \"CategoricalDistribution\", \"attributes\": {\"choices\": [16, 32, 64]}}"}
{"op_code":5,"worker_id":"18ba9b41-be6d-40bc-942f-65176d8571c6-140193173047104","trial_id":370,"param_name":"nodes2","param_value_internal":2,"distribution":"{\"name\": \"CategoricalDistribution\", \"attributes\": {\"choices\": [32, 64, 128]}}"}
{"op_code":6,"worker_id":"18ba9b41-be6d-40bc-942f-65176d8571c6-140193173047104","trial_id":370,"state":1,"values":[6.184480667114258],"datetime_complete":"2026-03-21T09:30:27.865528"}
{"op_code":0,"worker_id":"b37b7f8d-5286-49cb-a72f-c411bcafcc14-140193173047104","study_name":"custom_torch_tuning","directions":[1]}
{"op_code":4,"worker_id":"b37b7f8d-5286-49cb-a72f-c411bcafcc14-140193173047104","study_id":0,"datetime_start":"2026-03-21T09:45:19.515257"}
{"op_code":5,"worker_id":"b37b7f8d-5286-49cb-a72f-c411bcafcc14-140193173047104","trial_id":371,"param_name":"lr","param_value_internal":0.0003631759343548023,"distribution":"{\"name\": \"FloatDistribution\", \"attributes\": {\"step\": null, \"low\": 0.0001, \"high\": 0.1, \"log\": true}}"}
{"op_code":5,"worker_id":"b37b7f8d-5286-49cb-a72f-c411bcafcc14-140193173047104","trial_id":371,"param_name":"dropout","param_value_internal":0.29143945846696784,"distribution":"{\"name\": \"FloatDistribution\", \"attributes\": {\"step\": null, \"low\": 0.1, \"high\": 0.5, \"log\": false}}"}
{"op_code":5,"worker_id":"b37b7f8d-5286-49cb-a72f-c411bcafcc14-140193173047104","trial_id":371,"param_name":"nodes1","param_value_internal":1,"distribution":"{\"name\": \"CategoricalDistribution\", \"attributes\": {\"choices\": [16, 32, 64]}}"}
{"op_code":5,"worker_id":"b37b7f8d-5286-49cb-a72f-c411bcafcc14-140193173047104","trial_id":371,"param_name":"nodes2","param_value_internal":2,"distribution":"{\"name\": \"CategoricalDistribution\", \"attributes\": {\"choices\": [32, 64, 128]}}"}
{"op_code":6,"worker_id":"b37b7f8d-5286-49cb-a72f-c411bcafcc14-140193173047104","trial_id":371,"state":1,"values":[6.53923225402832],"datetime_complete":"2026-03-21T09:46:21.806144"}
{"op_code":4,"worker_id":"b37b7f8d-5286-49cb-a72f-c411bcafcc14-140193173047104","study_id":0,"datetime_start":"2026-03-21T09:46:21.829519"}
{"op_code":5,"worker_id":"b37b7f8d-5286-49cb-a72f-c411bcafcc14-140193173047104","trial_id":372,"param_name":"lr","param_value_internal":0.00048628876767176316,"distribution":"{\"name\": \"FloatDistribution\", \"attributes\": {\"step\": null, \"low\": 0.0001, \"high\": 0.1, \"log\": true}}"}
{"op_code":5,"worker_id":"b37b7f8d-5286-49cb-a72f-c411bcafcc14-140193173047104","trial_id":372,"param_name":"dropout","param_value_internal":0.1255739507643978,"distribution":"{\"name\": \"FloatDistribution\", \"attributes\": {\"step\": null, \"low\": 0.1, \"high\": 0.5, \"log\": false}}"}
{"op_code":5,"worker_id":"b37b7f8d-5286-49cb-a72f-c411bcafcc14-140193173047104","trial_id":372,"param_name":"nodes1","param_value_internal":1,"distribution":"{\"name\": \"CategoricalDistribution\", \"attributes\": {\"choices\": [16, 32, 64]}}"}
{"op_code":5,"worker_id":"b37b7f8d-5286-49cb-a72f-c411bcafcc14-140193173047104","trial_id":372,"param_name":"nodes2","param_value_internal":2,"distribution":"{\"name\": \"CategoricalDistribution\", \"attributes\": {\"choices\": [32, 64, 128]}}"}
{"op_code":6,"worker_id":"b37b7f8d-5286-49cb-a72f-c411bcafcc14-140193173047104","trial_id":372,"state":1,"values":[6.35526704788208],"datetime_complete":"2026-03-21T09:46:26.772485"}
{"op_code":4,"worker_id":"b37b7f8d-5286-49cb-a72f-c411bcafcc14-140193173047104","study_id":0,"datetime_start":"2026-03-21T09:46:26.791870"}
{"op_code":5,"worker_id":"b37b7f8d-5286-49cb-a72f-c411bcafcc14-140193173047104","trial_id":373,"param_name":"lr","param_value_internal":0.0006904206466413482,"distribution":"{\"name\": \"FloatDistribution\", \"attributes\": {\"step\": null, \"low\": 0.0001, \"high\": 0.1, \"log\": true}}"}
{"op_code":5,"worker_id":"b37b7f8d-5286-49cb-a72f-c411bcafcc14-140193173047104","trial_id":373,"param_name":"dropout","param_value_internal":0.14307812713928797,"distribution":"{\"name\": \"FloatDistribution\", \"attributes\": {\"step\": null, \"low\": 0.1, \"high\": 0.5, \"log\": false}}"}
{"op_code":5,"worker_id":"b37b7f8d-5286-49cb-a72f-c411bcafcc14-140193173047104","trial_id":373,"param_name":"nodes1","param_value_internal":1,"distribution":"{\"name\": \"CategoricalDistribution\", \"attributes\": {\"choices\": [16, 32, 64]}}"}
{"op_code":5,"worker_id":"b37b7f8d-5286-49cb-a72f-c411bcafcc14-140193173047104","trial_id":373,"param_name":"nodes2","param_value_internal":2,"distribution":"{\"name\": \"CategoricalDistribution\", \"attributes\": {\"choices\": [32, 64, 128]}}"}
{"op_code":6,"worker_id":"b37b7f8d-5286-49cb-a72f-c411bcafcc14-140193173047104","trial_id":373,"state":1,"values":[6.521604537963867],"datetime_complete":"2026-03-21T09:46:31.682843"}
{"op_code":4,"worker_id":"b37b7f8d-5286-49cb-a72f-c411bcafcc14-140193173047104","study_id":0,"datetime_start":"2026-03-21T09:46:31.703194"}
{"op_code":5,"worker_id":"b37b7f8d-5286-49cb-a72f-c411bcafcc14-140193173047104","trial_id":374,"param_name":"lr","param_value_internal":0.00035251570068704546,"distribution":"{\"name\": \"FloatDistribution\", \"attributes\": {\"step\": null, \"low\": 0.0001, \"high\": 0.1, \"log\": true}}"}
{"op_code":5,"worker_id":"b37b7f8d-5286-49cb-a72f-c411bcafcc14-140193173047104","trial_id":374,"param_name":"dropout","param_value_internal":0.16752549263189068,"distribution":"{\"name\": \"FloatDistribution\", \"attributes\": {\"step\": null, \"low\": 0.1, \"high\": 0.5, \"log\": false}}"}
{"op_code":5,"worker_id":"b37b7f8d-5286-49cb-a72f-c411bcafcc14-140193173047104","trial_id":374,"param_name":"nodes1","param_value_internal":1,"distribution":"{\"name\": \"CategoricalDistribution\", \"attributes\": {\"choices\": [16, 32, 64]}}"}
{"op_code":5,"worker_id":"b37b7f8d-5286-49cb-a72f-c411bcafcc14-140193173047104","trial_id":374,"param_name":"nodes2","param_value_internal":2,"distribution":"{\"name\": \"CategoricalDistribution\", \"attributes\": {\"choices\": [32, 64, 128]}}"}
{"op_code":6,"worker_id":"b37b7f8d-5286-49cb-a72f-c411bcafcc14-140193173047104","trial_id":374,"state":1,"values":[6.387806415557861],"datetime_complete":"2026-03-21T09:46:36.852642"}
{"op_code":4,"worker_id":"b37b7f8d-5286-49cb-a72f-c411bcafcc14-140193173047104","study_id":0,"datetime_start":"2026-03-21T09:46:36.871000"}
{"op_code":5,"worker_id":"b37b7f8d-5286-49cb-a72f-c411bcafcc14-140193173047104","trial_id":375,"param_name":"lr","param_value_internal":0.0004549752788950469,"distribution":"{\"name\": \"FloatDistribution\", \"attributes\": {\"step\": null, \"low\": 0.0001, \"high\": 0.1, \"log\": true}}"}
{"op_code":5,"worker_id":"b37b7f8d-5286-49cb-a72f-c411bcafcc14-140193173047104","trial_id":375,"param_name":"dropout","param_value_internal":0.15653739486749285,"distribution":"{\"name\": \"FloatDistribution\", \"attributes\": {\"step\": null, \"low\": 0.1, \"high\": 0.5, \"log\": false}}"}
{"op_code":5,"worker_id":"b37b7f8d-5286-49cb-a72f-c411bcafcc14-140193173047104","trial_id":375,"param_name":"nodes1","param_value_internal":1,"distribution":"{\"name\": \"CategoricalDistribution\", \"attributes\": {\"choices\": [16, 32, 64]}}"}
{"op_code":5,"worker_id":"b37b7f8d-5286-49cb-a72f-c411bcafcc14-140193173047104","trial_id":375,"param_name":"nodes2","param_value_internal":2,"distribution":"{\"name\": \"CategoricalDistribution\", \"attributes\": {\"choices\": [32, 64, 128]}}"}
{"op_code":6,"worker_id":"b37b7f8d-5286-49cb-a72f-c411bcafcc14-140193173047104","trial_id":375,"state":1,"values":[6.3967742919921875],"datetime_complete":"2026-03-21T09:46:42.211193"}
{"op_code":4,"worker_id":"b37b7f8d-5286-49cb-a72f-c411bcafcc14-140193173047104","study_id":0,"datetime_start":"2026-03-21T09:46:42.226964"}
{"op_code":5,"worker_id":"b37b7f8d-5286-49cb-a72f-c411bcafcc14-140193173047104","trial_id":376,"param_name":"lr","param_value_internal":0.0005450588628794354,"distribution":"{\"name\": \"FloatDistribution\", \"attributes\": {\"step\": null, \"low\": 0.0001, \"high\": 0.1, \"log\": true}}"}
{"op_code":5,"worker_id":"b37b7f8d-5286-49cb-a72f-c411bcafcc14-140193173047104","trial_id":376,"param_name":"dropout","param_value_internal":0.17785095824857772,"distribution":"{\"name\": \"FloatDistribution\", \"attributes\": {\"step\": null, \"low\": 0.1, \"high\": 0.5, \"log\": false}}"}
{"op_code":5,"worker_id":"b37b7f8d-5286-49cb-a72f-c411bcafcc14-140193173047104","trial_id":376,"param_name":"nodes1","param_value_internal":1,"distribution":"{\"name\": \"CategoricalDistribution\", \"attributes\": {\"choices\": [16, 32, 64]}}"}
{"op_code":5,"worker_id":"b37b7f8d-5286-49cb-a72f-c411bcafcc14-140193173047104","trial_id":376,"param_name":"nodes2","param_value_internal":2,"distribution":"{\"name\": \"CategoricalDistribution\", \"attributes\": {\"choices\": [32, 64, 128]}}"}
{"op_code":6,"worker_id":"b37b7f8d-5286-49cb-a72f-c411bcafcc14-140193173047104","trial_id":376,"state":1,"values":[6.492022514343262],"datetime_complete":"2026-03-21T09:46:47.327962"}
{"op_code":4,"worker_id":"b37b7f8d-5286-49cb-a72f-c411bcafcc14-140193173047104","study_id":0,"datetime_start":"2026-03-21T09:46:47.346122"}
{"op_code":5,"worker_id":"b37b7f8d-5286-49cb-a72f-c411bcafcc14-140193173047104","trial_id":377,"param_name":"lr","param_value_internal":0.0008582870089156052,"distribution":"{\"name\": \"FloatDistribution\", \"attributes\": {\"step\": null, \"low\": 0.0001, \"high\": 0.1, \"log\": true}}"}
{"op_code":5,"worker_id":"b37b7f8d-5286-49cb-a72f-c411bcafcc14-140193173047104","trial_id":377,"param_name":"dropout","param_value_internal":0.1316320203782327,"distribution":"{\"name\": \"FloatDistribution\", \"attributes\": {\"step\": null, \"low\": 0.1, \"high\": 0.5, \"log\": false}}"}
{"op_code":5,"worker_id":"b37b7f8d-5286-49cb-a72f-c411bcafcc14-140193173047104","trial_id":377,"param_name":"nodes1","param_value_internal":1,"distribution":"{\"name\": \"CategoricalDistribution\", \"attributes\": {\"choices\": [16, 32, 64]}}"}
{"op_code":5,"worker_id":"b37b7f8d-5286-49cb-a72f-c411bcafcc14-140193173047104","trial_id":377,"param_name":"nodes2","param_value_internal":2,"distribution":"{\"name\": \"CategoricalDistribution\", \"attributes\": {\"choices\": [32, 64, 128]}}"}
{"op_code":6,"worker_id":"b37b7f8d-5286-49cb-a72f-c411bcafcc14-140193173047104","trial_id":377,"state":1,"values":[6.47451639175415],"datetime_complete":"2026-03-21T09:46:52.024885"}
{"op_code":4,"worker_id":"b37b7f8d-5286-49cb-a72f-c411bcafcc14-140193173047104","study_id":0,"datetime_start":"2026-03-21T09:46:52.041606"}
{"op_code":5,"worker_id":"b37b7f8d-5286-49cb-a72f-c411bcafcc14-140193173047104","trial_id":378,"param_name":"lr","param_value_internal":0.0003839185134381755,"distribution":"{\"name\": \"FloatDistribution\", \"attributes\": {\"step\": null, \"low\": 0.0001, \"high\": 0.1, \"log\": true}}"}
{"op_code":5,"worker_id":"b37b7f8d-5286-49cb-a72f-c411bcafcc14-140193173047104","trial_id":378,"param_name":"dropout","param_value_internal":0.17992152368466607,"distribution":"{\"name\": \"FloatDistribution\", \"attributes\": {\"step\": null, \"low\": 0.1, \"high\": 0.5, \"log\": false}}"}
{"op_code":5,"worker_id":"b37b7f8d-5286-49cb-a72f-c411bcafcc14-140193173047104","trial_id":378,"param_name":"nodes1","param_value_internal":1,"distribution":"{\"name\": \"CategoricalDistribution\", \"attributes\": {\"choices\": [16, 32, 64]}}"}
{"op_code":5,"worker_id":"b37b7f8d-5286-49cb-a72f-c411bcafcc14-140193173047104","trial_id":378,"param_name":"nodes2","param_value_internal":2,"distribution":"{\"name\": \"CategoricalDistribution\", \"attributes\": {\"choices\": [32, 64, 128]}}"}
{"op_code":6,"worker_id":"b37b7f8d-5286-49cb-a72f-c411bcafcc14-140193173047104","trial_id":378,"state":1,"values":[6.403615951538086],"datetime_complete":"2026-03-21T09:46:57.672203"}
{"op_code":4,"worker_id":"b37b7f8d-5286-49cb-a72f-c411bcafcc14-140193173047104","study_id":0,"datetime_start":"2026-03-21T09:46:57.688441"}
{"op_code":5,"worker_id":"b37b7f8d-5286-49cb-a72f-c411bcafcc14-140193173047104","trial_id":379,"param_name":"lr","param_value_internal":0.0004036978010127952,"distribution":"{\"name\": \"FloatDistribution\", \"attributes\": {\"step\": null, \"low\": 0.0001, \"high\": 0.1, \"log\": true}}"}
{"op_code":5,"worker_id":"b37b7f8d-5286-49cb-a72f-c411bcafcc14-140193173047104","trial_id":379,"param_name":"dropout","param_value_internal":0.30046476977524245,"distribution":"{\"name\": \"FloatDistribution\", \"attributes\": {\"step\": null, \"low\": 0.1, \"high\": 0.5, \"log\": false}}"}
{"op_code":5,"worker_id":"b37b7f8d-5286-49cb-a72f-c411bcafcc14-140193173047104","trial_id":379,"param_name":"nodes1","param_value_internal":1,"distribution":"{\"name\": \"CategoricalDistribution\", \"attributes\": {\"choices\": [16, 32, 64]}}"}
{"op_code":5,"worker_id":"b37b7f8d-5286-49cb-a72f-c411bcafcc14-140193173047104","trial_id":379,"param_name":"nodes2","param_value_internal":2,"distribution":"{\"name\": \"CategoricalDistribution\", \"attributes\": {\"choices\": [32, 64, 128]}}"}
{"op_code":6,"worker_id":"b37b7f8d-5286-49cb-a72f-c411bcafcc14-140193173047104","trial_id":379,"state":1,"values":[6.332798480987549],"datetime_complete":"2026-03-21T09:47:03.415903"}
{"op_code":4,"worker_id":"b37b7f8d-5286-49cb-a72f-c411bcafcc14-140193173047104","study_id":0,"datetime_start":"2026-03-21T09:47:03.431234"}
{"op_code":5,"worker_id":"b37b7f8d-5286-49cb-a72f-c411bcafcc14-140193173047104","trial_id":380,"param_name":"lr","param_value_internal":0.000330001716845944,"distribution":"{\"name\": \"FloatDistribution\", \"attributes\": {\"step\": null, \"low\": 0.0001, \"high\": 0.1, \"log\": true}}"}
{"op_code":5,"worker_id":"b37b7f8d-5286-49cb-a72f-c411bcafcc14-140193173047104","trial_id":380,"param_name":"dropout","param_value_internal":0.1115415756626246,"distribution":"{\"name\": \"FloatDistribution\", \"attributes\": {\"step\": null, \"low\": 0.1, \"high\": 0.5, \"log\": false}}"}
{"op_code":5,"worker_id":"b37b7f8d-5286-49cb-a72f-c411bcafcc14-140193173047104","trial_id":380,"param_name":"nodes1","param_value_internal":1,"distribution":"{\"name\": \"CategoricalDistribution\", \"attributes\": {\"choices\": [16, 32, 64]}}"}
{"op_code":5,"worker_id":"b37b7f8d-5286-49cb-a72f-c411bcafcc14-140193173047104","trial_id":380,"param_name":"nodes2","param_value_internal":2,"distribution":"{\"name\": \"CategoricalDistribution\", \"attributes\": {\"choices\": [32, 64, 128]}}"}
{"op_code":6,"worker_id":"b37b7f8d-5286-49cb-a72f-c411bcafcc14-140193173047104","trial_id":380,"state":1,"values":[7.114375114440918],"datetime_complete":"2026-03-21T09:47:09.155962"}
{"op_code":0,"worker_id":"9128563b-7bee-4345-9575-97d8e9dca01b-140193173047104","study_name":"custom_torch_tuning","directions":[1]}
{"op_code":4,"worker_id":"9128563b-7bee-4345-9575-97d8e9dca01b-140193173047104","study_id":0,"datetime_start":"2026-03-21T10:03:57.136928"}
{"op_code":5,"worker_id":"9128563b-7bee-4345-9575-97d8e9dca01b-140193173047104","trial_id":381,"param_name":"lr","param_value_internal":0.0006233113250074221,"distribution":"{\"name\": \"FloatDistribution\", \"attributes\": {\"step\": null, \"low\": 0.0001, \"high\": 0.1, \"log\": true}}"}
{"op_code":5,"worker_id":"9128563b-7bee-4345-9575-97d8e9dca01b-140193173047104","trial_id":381,"param_name":"dropout","param_value_internal":0.11902818425737655,"distribution":"{\"name\": \"FloatDistribution\", \"attributes\": {\"step\": null, \"low\": 0.1, \"high\": 0.5, \"log\": false}}"}
{"op_code":5,"worker_id":"9128563b-7bee-4345-9575-97d8e9dca01b-140193173047104","trial_id":381,"param_name":"nodes1","param_value_internal":1,"distribution":"{\"name\": \"CategoricalDistribution\", \"attributes\": {\"choices\": [16, 32, 64]}}"}
{"op_code":5,"worker_id":"9128563b-7bee-4345-9575-97d8e9dca01b-140193173047104","trial_id":381,"param_name":"nodes2","param_value_internal":2,"distribution":"{\"name\": \"CategoricalDistribution\", \"attributes\": {\"choices\": [32, 64, 128]}}"}
{"op_code":6,"worker_id":"9128563b-7bee-4345-9575-97d8e9dca01b-140193173047104","trial_id":381,"state":1,"values":[6.4179277420043945],"datetime_complete":"2026-03-21T10:04:02.287968"}
{"op_code":4,"worker_id":"9128563b-7bee-4345-9575-97d8e9dca01b-140193173047104","study_id":0,"datetime_start":"2026-03-21T10:04:02.314700"}
{"op_code":5,"worker_id":"9128563b-7bee-4345-9575-97d8e9dca01b-140193173047104","trial_id":382,"param_name":"lr","param_value_internal":0.00033737449855596137,"distribution":"{\"name\": \"FloatDistribution\", \"attributes\": {\"step\": null, \"low\": 0.0001, \"high\": 0.1, \"log\": true}}"}
{"op_code":5,"worker_id":"9128563b-7bee-4345-9575-97d8e9dca01b-140193173047104","trial_id":382,"param_name":"dropout","param_value_internal":0.17096410637690623,"distribution":"{\"name\": \"FloatDistribution\", \"attributes\": {\"step\": null, \"low\": 0.1, \"high\": 0.5, \"log\": false}}"}
{"op_code":5,"worker_id":"9128563b-7bee-4345-9575-97d8e9dca01b-140193173047104","trial_id":382,"param_name":"nodes1","param_value_internal":1,"distribution":"{\"name\": \"CategoricalDistribution\", \"attributes\": {\"choices\": [16, 32, 64]}}"}
{"op_code":5,"worker_id":"9128563b-7bee-4345-9575-97d8e9dca01b-140193173047104","trial_id":382,"param_name":"nodes2","param_value_internal":2,"distribution":"{\"name\": \"CategoricalDistribution\", \"attributes\": {\"choices\": [32, 64, 128]}}"}
{"op_code":6,"worker_id":"9128563b-7bee-4345-9575-97d8e9dca01b-140193173047104","trial_id":382,"state":1,"values":[6.445825099945068],"datetime_complete":"2026-03-21T10:04:07.771249"}
{"op_code":4,"worker_id":"9128563b-7bee-4345-9575-97d8e9dca01b-140193173047104","study_id":0,"datetime_start":"2026-03-21T10:04:07.792919"}
{"op_code":5,"worker_id":"9128563b-7bee-4345-9575-97d8e9dca01b-140193173047104","trial_id":383,"param_name":"lr","param_value_internal":0.00045193555800318054,"distribution":"{\"name\": \"FloatDistribution\", \"attributes\": {\"step\": null, \"low\": 0.0001, \"high\": 0.1, \"log\": true}}"}
{"op_code":5,"worker_id":"9128563b-7bee-4345-9575-97d8e9dca01b-140193173047104","trial_id":383,"param_name":"dropout","param_value_internal":0.19749733923185445,"distribution":"{\"name\": \"FloatDistribution\", \"attributes\": {\"step\": null, \"low\": 0.1, \"high\": 0.5, \"log\": false}}"}
{"op_code":5,"worker_id":"9128563b-7bee-4345-9575-97d8e9dca01b-140193173047104","trial_id":383,"param_name":"nodes1","param_value_internal":1,"distribution":"{\"name\": \"CategoricalDistribution\", \"attributes\": {\"choices\": [16, 32, 64]}}"}
{"op_code":5,"worker_id":"9128563b-7bee-4345-9575-97d8e9dca01b-140193173047104","trial_id":383,"param_name":"nodes2","param_value_internal":2,"distribution":"{\"name\": \"CategoricalDistribution\", \"attributes\": {\"choices\": [32, 64, 128]}}"}
{"op_code":6,"worker_id":"9128563b-7bee-4345-9575-97d8e9dca01b-140193173047104","trial_id":383,"state":1,"values":[6.439249515533447],"datetime_complete":"2026-03-21T10:04:13.420326"}
{"op_code":4,"worker_id":"9128563b-7bee-4345-9575-97d8e9dca01b-140193173047104","study_id":0,"datetime_start":"2026-03-21T10:04:13.441365"}
{"op_code":5,"worker_id":"9128563b-7bee-4345-9575-97d8e9dca01b-140193173047104","trial_id":384,"param_name":"lr","param_value_internal":0.002762335865624362,"distribution":"{\"name\": \"FloatDistribution\", \"attributes\": {\"step\": null, \"low\": 0.0001, \"high\": 0.1, \"log\": true}}"}
{"op_code":5,"worker_id":"9128563b-7bee-4345-9575-97d8e9dca01b-140193173047104","trial_id":384,"param_name":"dropout","param_value_internal":0.16453866980098364,"distribution":"{\"name\": \"FloatDistribution\", \"attributes\": {\"step\": null, \"low\": 0.1, \"high\": 0.5, \"log\": false}}"}
{"op_code":5,"worker_id":"9128563b-7bee-4345-9575-97d8e9dca01b-140193173047104","trial_id":384,"param_name":"nodes1","param_value_internal":1,"distribution":"{\"name\": \"CategoricalDistribution\", \"attributes\": {\"choices\": [16, 32, 64]}}"}
{"op_code":5,"worker_id":"9128563b-7bee-4345-9575-97d8e9dca01b-140193173047104","trial_id":384,"param_name":"nodes2","param_value_internal":2,"distribution":"{\"name\": \"CategoricalDistribution\", \"attributes\": {\"choices\": [32, 64, 128]}}"}
{"op_code":6,"worker_id":"9128563b-7bee-4345-9575-97d8e9dca01b-140193173047104","trial_id":384,"state":1,"values":[6.538632869720459],"datetime_complete":"2026-03-21T10:04:18.018584"}
{"op_code":4,"worker_id":"9128563b-7bee-4345-9575-97d8e9dca01b-140193173047104","study_id":0,"datetime_start":"2026-03-21T10:04:18.033712"}
{"op_code":5,"worker_id":"9128563b-7bee-4345-9575-97d8e9dca01b-140193173047104","trial_id":385,"param_name":"lr","param_value_internal":0.0005374578566823539,"distribution":"{\"name\": \"FloatDistribution\", \"attributes\": {\"step\": null, \"low\": 0.0001, \"high\": 0.1, \"log\": true}}"}
{"op_code":5,"worker_id":"9128563b-7bee-4345-9575-97d8e9dca01b-140193173047104","trial_id":385,"param_name":"dropout","param_value_internal":0.18254623798969316,"distribution":"{\"name\": \"FloatDistribution\", \"attributes\": {\"step\": null, \"low\": 0.1, \"high\": 0.5, \"log\": false}}"}
{"op_code":5,"worker_id":"9128563b-7bee-4345-9575-97d8e9dca01b-140193173047104","trial_id":385,"param_name":"nodes1","param_value_internal":1,"distribution":"{\"name\": \"CategoricalDistribution\", \"attributes\": {\"choices\": [16, 32, 64]}}"}
{"op_code":5,"worker_id":"9128563b-7bee-4345-9575-97d8e9dca01b-140193173047104","trial_id":385,"param_name":"nodes2","param_value_internal":2,"distribution":"{\"name\": \"CategoricalDistribution\", \"attributes\": {\"choices\": [32, 64, 128]}}"}
{"op_code":6,"worker_id":"9128563b-7bee-4345-9575-97d8e9dca01b-140193173047104","trial_id":385,"state":1,"values":[6.386835098266602],"datetime_complete":"2026-03-21T10:04:23.328952"}
{"op_code":4,"worker_id":"9128563b-7bee-4345-9575-97d8e9dca01b-140193173047104","study_id":0,"datetime_start":"2026-03-21T10:04:23.342911"}
{"op_code":5,"worker_id":"9128563b-7bee-4345-9575-97d8e9dca01b-140193173047104","trial_id":386,"param_name":"lr","param_value_internal":0.00039414370665886246,"distribution":"{\"name\": \"FloatDistribution\", \"attributes\": {\"step\": null, \"low\": 0.0001, \"high\": 0.1, \"log\": true}}"}
{"op_code":5,"worker_id":"9128563b-7bee-4345-9575-97d8e9dca01b-140193173047104","trial_id":386,"param_name":"dropout","param_value_internal":0.13634935756400587,"distribution":"{\"name\": \"FloatDistribution\", \"attributes\": {\"step\": null, \"low\": 0.1, \"high\": 0.5, \"log\": false}}"}
{"op_code":5,"worker_id":"9128563b-7bee-4345-9575-97d8e9dca01b-140193173047104","trial_id":386,"param_name":"nodes1","param_value_internal":1,"distribution":"{\"name\": \"CategoricalDistribution\", \"attributes\": {\"choices\": [16, 32, 64]}}"}
{"op_code":5,"worker_id":"9128563b-7bee-4345-9575-97d8e9dca01b-140193173047104","trial_id":386,"param_name":"nodes2","param_value_internal":2,"distribution":"{\"name\": \"CategoricalDistribution\", \"attributes\": {\"choices\": [32, 64, 128]}}"}
{"op_code":6,"worker_id":"9128563b-7bee-4345-9575-97d8e9dca01b-140193173047104","trial_id":386,"state":1,"values":[6.4290690422058105],"datetime_complete":"2026-03-21T10:04:28.218375"}
{"op_code":4,"worker_id":"9128563b-7bee-4345-9575-97d8e9dca01b-140193173047104","study_id":0,"datetime_start":"2026-03-21T10:04:28.234994"}
{"op_code":5,"worker_id":"9128563b-7bee-4345-9575-97d8e9dca01b-140193173047104","trial_id":387,"param_name":"lr","param_value_internal":0.00032115691011818287,"distribution":"{\"name\": \"FloatDistribution\", \"attributes\": {\"step\": null, \"low\": 0.0001, \"high\": 0.1, \"log\": true}}"}
{"op_code":5,"worker_id":"9128563b-7bee-4345-9575-97d8e9dca01b-140193173047104","trial_id":387,"param_name":"dropout","param_value_internal":0.17483636749679565,"distribution":"{\"name\": \"FloatDistribution\", \"attributes\": {\"step\": null, \"low\": 0.1, \"high\": 0.5, \"log\": false}}"}
{"op_code":5,"worker_id":"9128563b-7bee-4345-9575-97d8e9dca01b-140193173047104","trial_id":387,"param_name":"nodes1","param_value_internal":1,"distribution":"{\"name\": \"CategoricalDistribution\", \"attributes\": {\"choices\": [16, 32, 64]}}"}
{"op_code":5,"worker_id":"9128563b-7bee-4345-9575-97d8e9dca01b-140193173047104","trial_id":387,"param_name":"nodes2","param_value_internal":2,"distribution":"{\"name\": \"CategoricalDistribution\", \"attributes\": {\"choices\": [32, 64, 128]}}"}
{"op_code":6,"worker_id":"9128563b-7bee-4345-9575-97d8e9dca01b-140193173047104","trial_id":387,"state":1,"values":[6.407655239105225],"datetime_complete":"2026-03-21T10:04:33.163199"}
{"op_code":4,"worker_id":"9128563b-7bee-4345-9575-97d8e9dca01b-140193173047104","study_id":0,"datetime_start":"2026-03-21T10:04:33.177450"}
{"op_code":5,"worker_id":"9128563b-7bee-4345-9575-97d8e9dca01b-140193173047104","trial_id":388,"param_name":"lr","param_value_internal":0.00043560493452082707,"distribution":"{\"name\": \"FloatDistribution\", \"attributes\": {\"step\": null, \"low\": 0.0001, \"high\": 0.1, \"log\": true}}"}
{"op_code":5,"worker_id":"9128563b-7bee-4345-9575-97d8e9dca01b-140193173047104","trial_id":388,"param_name":"dropout","param_value_internal":0.14686848598611596,"distribution":"{\"name\": \"FloatDistribution\", \"attributes\": {\"step\": null, \"low\": 0.1, \"high\": 0.5, \"log\": false}}"}
{"op_code":5,"worker_id":"9128563b-7bee-4345-9575-97d8e9dca01b-140193173047104","trial_id":388,"param_name":"nodes1","param_value_internal":1,"distribution":"{\"name\": \"CategoricalDistribution\", \"attributes\": {\"choices\": [16, 32, 64]}}"}
{"op_code":5,"worker_id":"9128563b-7bee-4345-9575-97d8e9dca01b-140193173047104","trial_id":388,"param_name":"nodes2","param_value_internal":2,"distribution":"{\"name\": \"CategoricalDistribution\", \"attributes\": {\"choices\": [32, 64, 128]}}"}
{"op_code":6,"worker_id":"9128563b-7bee-4345-9575-97d8e9dca01b-140193173047104","trial_id":388,"state":1,"values":[6.4254584312438965],"datetime_complete":"2026-03-21T10:04:38.145213"}
{"op_code":4,"worker_id":"9128563b-7bee-4345-9575-97d8e9dca01b-140193173047104","study_id":0,"datetime_start":"2026-03-21T10:04:38.194364"}
{"op_code":5,"worker_id":"9128563b-7bee-4345-9575-97d8e9dca01b-140193173047104","trial_id":389,"param_name":"lr","param_value_internal":0.009828437354518403,"distribution":"{\"name\": \"FloatDistribution\", \"attributes\": {\"step\": null, \"low\": 0.0001, \"high\": 0.1, \"log\": true}}"}
{"op_code":5,"worker_id":"9128563b-7bee-4345-9575-97d8e9dca01b-140193173047104","trial_id":389,"param_name":"dropout","param_value_internal":0.194711420311354,"distribution":"{\"name\": \"FloatDistribution\", \"attributes\": {\"step\": null, \"low\": 0.1, \"high\": 0.5, \"log\": false}}"}
{"op_code":5,"worker_id":"9128563b-7bee-4345-9575-97d8e9dca01b-140193173047104","trial_id":389,"param_name":"nodes1","param_value_internal":1,"distribution":"{\"name\": \"CategoricalDistribution\", \"attributes\": {\"choices\": [16, 32, 64]}}"}
{"op_code":5,"worker_id":"9128563b-7bee-4345-9575-97d8e9dca01b-140193173047104","trial_id":389,"param_name":"nodes2","param_value_internal":1,"distribution":"{\"name\": \"CategoricalDistribution\", \"attributes\": {\"choices\": [32, 64, 128]}}"}
{"op_code":6,"worker_id":"9128563b-7bee-4345-9575-97d8e9dca01b-140193173047104","trial_id":389,"state":1,"values":[6.596575736999512],"datetime_complete":"2026-03-21T10:04:43.369403"}
{"op_code":4,"worker_id":"9128563b-7bee-4345-9575-97d8e9dca01b-140193173047104","study_id":0,"datetime_start":"2026-03-21T10:04:43.386380"}
{"op_code":5,"worker_id":"9128563b-7bee-4345-9575-97d8e9dca01b-140193173047104","trial_id":390,"param_name":"lr","param_value_internal":0.00036324269822575624,"distribution":"{\"name\": \"FloatDistribution\", \"attributes\": {\"step\": null, \"low\": 0.0001, \"high\": 0.1, \"log\": true}}"}
{"op_code":5,"worker_id":"9128563b-7bee-4345-9575-97d8e9dca01b-140193173047104","trial_id":390,"param_name":"dropout","param_value_internal":0.18333293127613517,"distribution":"{\"name\": \"FloatDistribution\", \"attributes\": {\"step\": null, \"low\": 0.1, \"high\": 0.5, \"log\": false}}"}
{"op_code":5,"worker_id":"9128563b-7bee-4345-9575-97d8e9dca01b-140193173047104","trial_id":390,"param_name":"nodes1","param_value_internal":1,"distribution":"{\"name\": \"CategoricalDistribution\", \"attributes\": {\"choices\": [16, 32, 64]}}"}
{"op_code":5,"worker_id":"9128563b-7bee-4345-9575-97d8e9dca01b-140193173047104","trial_id":390,"param_name":"nodes2","param_value_internal":2,"distribution":"{\"name\": \"CategoricalDistribution\", \"attributes\": {\"choices\": [32, 64, 128]}}"}
{"op_code":6,"worker_id":"9128563b-7bee-4345-9575-97d8e9dca01b-140193173047104","trial_id":390,"state":1,"values":[6.360596656799316],"datetime_complete":"2026-03-21T10:04:48.232811"}
{"op_code":0,"worker_id":"e0f22d97-e68d-4223-b5d4-d4b17c9cc286-140193173047104","study_name":"custom_torch_tuning","directions":[1]}
{"op_code":4,"worker_id":"e0f22d97-e68d-4223-b5d4-d4b17c9cc286-140193173047104","study_id":0,"datetime_start":"2026-03-21T10:19:29.688229"}
{"op_code":5,"worker_id":"e0f22d97-e68d-4223-b5d4-d4b17c9cc286-140193173047104","trial_id":391,"param_name":"lr","param_value_internal":0.000302597826454109,"distribution":"{\"name\": \"FloatDistribution\", \"attributes\": {\"step\": null, \"low\": 0.0001, \"high\": 0.1, \"log\": true}}"}
{"op_code":5,"worker_id":"e0f22d97-e68d-4223-b5d4-d4b17c9cc286-140193173047104","trial_id":391,"param_name":"dropout","param_value_internal":0.1569943675923271,"distribution":"{\"name\": \"FloatDistribution\", \"attributes\": {\"step\": null, \"low\": 0.1, \"high\": 0.5, \"log\": false}}"}
{"op_code":5,"worker_id":"e0f22d97-e68d-4223-b5d4-d4b17c9cc286-140193173047104","trial_id":391,"param_name":"nodes1","param_value_internal":2,"distribution":"{\"name\": \"CategoricalDistribution\", \"attributes\": {\"choices\": [16, 32, 64]}}"}
{"op_code":5,"worker_id":"e0f22d97-e68d-4223-b5d4-d4b17c9cc286-140193173047104","trial_id":391,"param_name":"nodes2","param_value_internal":1,"distribution":"{\"name\": \"CategoricalDistribution\", \"attributes\": {\"choices\": [32, 64, 128]}}"}
{"op_code":6,"worker_id":"e0f22d97-e68d-4223-b5d4-d4b17c9cc286-140193173047104","trial_id":391,"state":1,"values":[6.189245700836182],"datetime_complete":"2026-03-21T10:19:34.912873"}
{"op_code":4,"worker_id":"e0f22d97-e68d-4223-b5d4-d4b17c9cc286-140193173047104","study_id":0,"datetime_start":"2026-03-21T10:19:34.936067"}
{"op_code":5,"worker_id":"e0f22d97-e68d-4223-b5d4-d4b17c9cc286-140193173047104","trial_id":392,"param_name":"lr","param_value_internal":0.00046215172329660853,"distribution":"{\"name\": \"FloatDistribution\", \"attributes\": {\"step\": null, \"low\": 0.0001, \"high\": 0.1, \"log\": true}}"}
{"op_code":5,"worker_id":"e0f22d97-e68d-4223-b5d4-d4b17c9cc286-140193173047104","trial_id":392,"param_name":"dropout","param_value_internal":0.10400976865375433,"distribution":"{\"name\": \"FloatDistribution\", \"attributes\": {\"step\": null, \"low\": 0.1, \"high\": 0.5, \"log\": false}}"}
{"op_code":5,"worker_id":"e0f22d97-e68d-4223-b5d4-d4b17c9cc286-140193173047104","trial_id":392,"param_name":"nodes1","param_value_internal":1,"distribution":"{\"name\": \"CategoricalDistribution\", \"attributes\": {\"choices\": [16, 32, 64]}}"}
{"op_code":5,"worker_id":"e0f22d97-e68d-4223-b5d4-d4b17c9cc286-140193173047104","trial_id":392,"param_name":"nodes2","param_value_internal":2,"distribution":"{\"name\": \"CategoricalDistribution\", \"attributes\": {\"choices\": [32, 64, 128]}}"}
{"op_code":6,"worker_id":"e0f22d97-e68d-4223-b5d4-d4b17c9cc286-140193173047104","trial_id":392,"state":1,"values":[6.206515312194824],"datetime_complete":"2026-03-21T10:19:39.955782"}
{"op_code":4,"worker_id":"e0f22d97-e68d-4223-b5d4-d4b17c9cc286-140193173047104","study_id":0,"datetime_start":"2026-03-21T10:19:39.970839"}
{"op_code":5,"worker_id":"e0f22d97-e68d-4223-b5d4-d4b17c9cc286-140193173047104","trial_id":393,"param_name":"lr","param_value_internal":0.0005157827543913838,"distribution":"{\"name\": \"FloatDistribution\", \"attributes\": {\"step\": null, \"low\": 0.0001, \"high\": 0.1, \"log\": true}}"}
{"op_code":5,"worker_id":"e0f22d97-e68d-4223-b5d4-d4b17c9cc286-140193173047104","trial_id":393,"param_name":"dropout","param_value_internal":0.49620054876713526,"distribution":"{\"name\": \"FloatDistribution\", \"attributes\": {\"step\": null, \"low\": 0.1, \"high\": 0.5, \"log\": false}}"}
{"op_code":5,"worker_id":"e0f22d97-e68d-4223-b5d4-d4b17c9cc286-140193173047104","trial_id":393,"param_name":"nodes1","param_value_internal":1,"distribution":"{\"name\": \"CategoricalDistribution\", \"attributes\": {\"choices\": [16, 32, 64]}}"}
{"op_code":5,"worker_id":"e0f22d97-e68d-4223-b5d4-d4b17c9cc286-140193173047104","trial_id":393,"param_name":"nodes2","param_value_internal":1,"distribution":"{\"name\": \"CategoricalDistribution\", \"attributes\": {\"choices\": [32, 64, 128]}}"}
{"op_code":6,"worker_id":"e0f22d97-e68d-4223-b5d4-d4b17c9cc286-140193173047104","trial_id":393,"state":1,"values":[6.168085098266602],"datetime_complete":"2026-03-21T10:19:44.932165"}
{"op_code":4,"worker_id":"e0f22d97-e68d-4223-b5d4-d4b17c9cc286-140193173047104","study_id":0,"datetime_start":"2026-03-21T10:19:44.947702"}
{"op_code":5,"worker_id":"e0f22d97-e68d-4223-b5d4-d4b17c9cc286-140193173047104","trial_id":394,"param_name":"lr","param_value_internal":0.0003571658680747922,"distribution":"{\"name\": \"FloatDistribution\", \"attributes\": {\"step\": null, \"low\": 0.0001, \"high\": 0.1, \"log\": true}}"}
{"op_code":5,"worker_id":"e0f22d97-e68d-4223-b5d4-d4b17c9cc286-140193173047104","trial_id":394,"param_name":"dropout","param_value_internal":0.19643303520660246,"distribution":"{\"name\": \"FloatDistribution\", \"attributes\": {\"step\": null, \"low\": 0.1, \"high\": 0.5, \"log\": false}}"}
{"op_code":5,"worker_id":"e0f22d97-e68d-4223-b5d4-d4b17c9cc286-140193173047104","trial_id":394,"param_name":"nodes1","param_value_internal":1,"distribution":"{\"name\": \"CategoricalDistribution\", \"attributes\": {\"choices\": [16, 32, 64]}}"}
{"op_code":5,"worker_id":"e0f22d97-e68d-4223-b5d4-d4b17c9cc286-140193173047104","trial_id":394,"param_name":"nodes2","param_value_internal":1,"distribution":"{\"name\": \"CategoricalDistribution\", \"attributes\": {\"choices\": [32, 64, 128]}}"}
{"op_code":6,"worker_id":"e0f22d97-e68d-4223-b5d4-d4b17c9cc286-140193173047104","trial_id":394,"state":1,"values":[6.180174827575684],"datetime_complete":"2026-03-21T10:19:50.079469"}
{"op_code":4,"worker_id":"e0f22d97-e68d-4223-b5d4-d4b17c9cc286-140193173047104","study_id":0,"datetime_start":"2026-03-21T10:19:50.095479"}
{"op_code":5,"worker_id":"e0f22d97-e68d-4223-b5d4-d4b17c9cc286-140193173047104","trial_id":395,"param_name":"lr","param_value_internal":0.00031766164958935237,"distribution":"{\"name\": \"FloatDistribution\", \"attributes\": {\"step\": null, \"low\": 0.0001, \"high\": 0.1, \"log\": true}}"}
{"op_code":5,"worker_id":"e0f22d97-e68d-4223-b5d4-d4b17c9cc286-140193173047104","trial_id":395,"param_name":"dropout","param_value_internal":0.12280695453937666,"distribution":"{\"name\": \"FloatDistribution\", \"attributes\": {\"step\": null, \"low\": 0.1, \"high\": 0.5, \"log\": false}}"}
{"op_code":5,"worker_id":"e0f22d97-e68d-4223-b5d4-d4b17c9cc286-140193173047104","trial_id":395,"param_name":"nodes1","param_value_internal":1,"distribution":"{\"name\": \"CategoricalDistribution\", \"attributes\": {\"choices\": [16, 32, 64]}}"}
{"op_code":5,"worker_id":"e0f22d97-e68d-4223-b5d4-d4b17c9cc286-140193173047104","trial_id":395,"param_name":"nodes2","param_value_internal":2,"distribution":"{\"name\": \"CategoricalDistribution\", \"attributes\": {\"choices\": [32, 64, 128]}}"}
{"op_code":6,"worker_id":"e0f22d97-e68d-4223-b5d4-d4b17c9cc286-140193173047104","trial_id":395,"state":1,"values":[6.193609237670898],"datetime_complete":"2026-03-21T10:19:55.376231"}
{"op_code":4,"worker_id":"e0f22d97-e68d-4223-b5d4-d4b17c9cc286-140193173047104","study_id":0,"datetime_start":"2026-03-21T10:19:55.391120"}
{"op_code":5,"worker_id":"e0f22d97-e68d-4223-b5d4-d4b17c9cc286-140193173047104","trial_id":396,"param_name":"lr","param_value_internal":0.0006790162739204007,"distribution":"{\"name\": \"FloatDistribution\", \"attributes\": {\"step\": null, \"low\": 0.0001, \"high\": 0.1, \"log\": true}}"}
{"op_code":5,"worker_id":"e0f22d97-e68d-4223-b5d4-d4b17c9cc286-140193173047104","trial_id":396,"param_name":"dropout","param_value_internal":0.2043679392629524,"distribution":"{\"name\": \"FloatDistribution\", \"attributes\": {\"step\": null, \"low\": 0.1, \"high\": 0.5, \"log\": false}}"}
{"op_code":5,"worker_id":"e0f22d97-e68d-4223-b5d4-d4b17c9cc286-140193173047104","trial_id":396,"param_name":"nodes1","param_value_internal":1,"distribution":"{\"name\": \"CategoricalDistribution\", \"attributes\": {\"choices\": [16, 32, 64]}}"}
{"op_code":5,"worker_id":"e0f22d97-e68d-4223-b5d4-d4b17c9cc286-140193173047104","trial_id":396,"param_name":"nodes2","param_value_internal":1,"distribution":"{\"name\": \"CategoricalDistribution\", \"attributes\": {\"choices\": [32, 64, 128]}}"}
{"op_code":6,"worker_id":"e0f22d97-e68d-4223-b5d4-d4b17c9cc286-140193173047104","trial_id":396,"state":1,"values":[6.190154075622559],"datetime_complete":"2026-03-21T10:20:00.361594"}
{"op_code":4,"worker_id":"e0f22d97-e68d-4223-b5d4-d4b17c9cc286-140193173047104","study_id":0,"datetime_start":"2026-03-21T10:20:00.376614"}
{"op_code":5,"worker_id":"e0f22d97-e68d-4223-b5d4-d4b17c9cc286-140193173047104","trial_id":397,"param_name":"lr","param_value_internal":0.00040360121991622695,"distribution":"{\"name\": \"FloatDistribution\", \"attributes\": {\"step\": null, \"low\": 0.0001, \"high\": 0.1, \"log\": true}}"}
{"op_code":5,"worker_id":"e0f22d97-e68d-4223-b5d4-d4b17c9cc286-140193173047104","trial_id":397,"param_name":"dropout","param_value_internal":0.18613324178085927,"distribution":"{\"name\": \"FloatDistribution\", \"attributes\": {\"step\": null, \"low\": 0.1, \"high\": 0.5, \"log\": false}}"}
{"op_code":5,"worker_id":"e0f22d97-e68d-4223-b5d4-d4b17c9cc286-140193173047104","trial_id":397,"param_name":"nodes1","param_value_internal":1,"distribution":"{\"name\": \"CategoricalDistribution\", \"attributes\": {\"choices\": [16, 32, 64]}}"}
{"op_code":5,"worker_id":"e0f22d97-e68d-4223-b5d4-d4b17c9cc286-140193173047104","trial_id":397,"param_name":"nodes2","param_value_internal":2,"distribution":"{\"name\": \"CategoricalDistribution\", \"attributes\": {\"choices\": [32, 64, 128]}}"}
{"op_code":6,"worker_id":"e0f22d97-e68d-4223-b5d4-d4b17c9cc286-140193173047104","trial_id":397,"state":1,"values":[6.175368309020996],"datetime_complete":"2026-03-21T10:20:05.977064"}
{"op_code":4,"worker_id":"e0f22d97-e68d-4223-b5d4-d4b17c9cc286-140193173047104","study_id":0,"datetime_start":"2026-03-21T10:20:05.989679"}
{"op_code":5,"worker_id":"e0f22d97-e68d-4223-b5d4-d4b17c9cc286-140193173047104","trial_id":398,"param_name":"lr","param_value_internal":0.0005886668075304614,"distribution":"{\"name\": \"FloatDistribution\", \"attributes\": {\"step\": null, \"low\": 0.0001, \"high\": 0.1, \"log\": true}}"}
{"op_code":5,"worker_id":"e0f22d97-e68d-4223-b5d4-d4b17c9cc286-140193173047104","trial_id":398,"param_name":"dropout","param_value_internal":0.33340758828074496,"distribution":"{\"name\": \"FloatDistribution\", \"attributes\": {\"step\": null, \"low\": 0.1, \"high\": 0.5, \"log\": false}}"}
{"op_code":5,"worker_id":"e0f22d97-e68d-4223-b5d4-d4b17c9cc286-140193173047104","trial_id":398,"param_name":"nodes1","param_value_internal":1,"distribution":"{\"name\": \"CategoricalDistribution\", \"attributes\": {\"choices\": [16, 32, 64]}}"}
{"op_code":5,"worker_id":"e0f22d97-e68d-4223-b5d4-d4b17c9cc286-140193173047104","trial_id":398,"param_name":"nodes2","param_value_internal":1,"distribution":"{\"name\": \"CategoricalDistribution\", \"attributes\": {\"choices\": [32, 64, 128]}}"}
{"op_code":6,"worker_id":"e0f22d97-e68d-4223-b5d4-d4b17c9cc286-140193173047104","trial_id":398,"state":1,"values":[6.183685302734375],"datetime_complete":"2026-03-21T10:20:11.216162"}
{"op_code":4,"worker_id":"e0f22d97-e68d-4223-b5d4-d4b17c9cc286-140193173047104","study_id":0,"datetime_start":"2026-03-21T10:20:11.231456"}
{"op_code":5,"worker_id":"e0f22d97-e68d-4223-b5d4-d4b17c9cc286-140193173047104","trial_id":399,"param_name":"lr","param_value_internal":0.0002986170222053176,"distribution":"{\"name\": \"FloatDistribution\", \"attributes\": {\"step\": null, \"low\": 0.0001, \"high\": 0.1, \"log\": true}}"}
{"op_code":5,"worker_id":"e0f22d97-e68d-4223-b5d4-d4b17c9cc286-140193173047104","trial_id":399,"param_name":"dropout","param_value_internal":0.16452088993290398,"distribution":"{\"name\": \"FloatDistribution\", \"attributes\": {\"step\": null, \"low\": 0.1, \"high\": 0.5, \"log\": false}}"}
{"op_code":5,"worker_id":"e0f22d97-e68d-4223-b5d4-d4b17c9cc286-140193173047104","trial_id":399,"param_name":"nodes1","param_value_internal":1,"distribution":"{\"name\": \"CategoricalDistribution\", \"attributes\": {\"choices\": [16, 32, 64]}}"}
{"op_code":5,"worker_id":"e0f22d97-e68d-4223-b5d4-d4b17c9cc286-140193173047104","trial_id":399,"param_name":"nodes2","param_value_internal":2,"distribution":"{\"name\": \"CategoricalDistribution\", \"attributes\": {\"choices\": [32, 64, 128]}}"}
{"op_code":6,"worker_id":"e0f22d97-e68d-4223-b5d4-d4b17c9cc286-140193173047104","trial_id":399,"state":1,"values":[6.1985015869140625],"datetime_complete":"2026-03-21T10:20:16.483048"}
{"op_code":4,"worker_id":"e0f22d97-e68d-4223-b5d4-d4b17c9cc286-140193173047104","study_id":0,"datetime_start":"2026-03-21T10:20:16.496087"}
{"op_code":5,"worker_id":"e0f22d97-e68d-4223-b5d4-d4b17c9cc286-140193173047104","trial_id":400,"param_name":"lr","param_value_internal":0.000429780617476009,"distribution":"{\"name\": \"FloatDistribution\", \"attributes\": {\"step\": null, \"low\": 0.0001, \"high\": 0.1, \"log\": true}}"}
{"op_code":5,"worker_id":"e0f22d97-e68d-4223-b5d4-d4b17c9cc286-140193173047104","trial_id":400,"param_name":"dropout","param_value_internal":0.17602493921820403,"distribution":"{\"name\": \"FloatDistribution\", \"attributes\": {\"step\": null, \"low\": 0.1, \"high\": 0.5, \"log\": false}}"}
{"op_code":5,"worker_id":"e0f22d97-e68d-4223-b5d4-d4b17c9cc286-140193173047104","trial_id":400,"param_name":"nodes1","param_value_internal":1,"distribution":"{\"name\": \"CategoricalDistribution\", \"attributes\": {\"choices\": [16, 32, 64]}}"}
{"op_code":5,"worker_id":"e0f22d97-e68d-4223-b5d4-d4b17c9cc286-140193173047104","trial_id":400,"param_name":"nodes2","param_value_internal":1,"distribution":"{\"name\": \"CategoricalDistribution\", \"attributes\": {\"choices\": [32, 64, 128]}}"}
{"op_code":6,"worker_id":"e0f22d97-e68d-4223-b5d4-d4b17c9cc286-140193173047104","trial_id":400,"state":1,"values":[6.196333885192871],"datetime_complete":"2026-03-21T10:20:21.743497"}
{"op_code":0,"worker_id":"c75da849-0c08-49ba-8244-0e02b59cb2ab-140193173047104","study_name":"custom_torch_tuning","directions":[1]}
{"op_code":4,"worker_id":"c75da849-0c08-49ba-8244-0e02b59cb2ab-140193173047104","study_id":0,"datetime_start":"2026-03-21T10:35:15.964549"}
{"op_code":5,"worker_id":"c75da849-0c08-49ba-8244-0e02b59cb2ab-140193173047104","trial_id":401,"param_name":"lr","param_value_internal":0.0003581834469032625,"distribution":"{\"name\": \"FloatDistribution\", \"attributes\": {\"step\": null, \"low\": 0.0001, \"high\": 0.1, \"log\": true}}"}
{"op_code":5,"worker_id":"c75da849-0c08-49ba-8244-0e02b59cb2ab-140193173047104","trial_id":401,"param_name":"dropout","param_value_internal":0.11360536909583505,"distribution":"{\"name\": \"FloatDistribution\", \"attributes\": {\"step\": null, \"low\": 0.1, \"high\": 0.5, \"log\": false}}"}
{"op_code":5,"worker_id":"c75da849-0c08-49ba-8244-0e02b59cb2ab-140193173047104","trial_id":401,"param_name":"nodes1","param_value_internal":1,"distribution":"{\"name\": \"CategoricalDistribution\", \"attributes\": {\"choices\": [16, 32, 64]}}"}
{"op_code":5,"worker_id":"c75da849-0c08-49ba-8244-0e02b59cb2ab-140193173047104","trial_id":401,"param_name":"nodes2","param_value_internal":2,"distribution":"{\"name\": \"CategoricalDistribution\", \"attributes\": {\"choices\": [32, 64, 128]}}"}
{"op_code":6,"worker_id":"c75da849-0c08-49ba-8244-0e02b59cb2ab-140193173047104","trial_id":401,"state":1,"values":[6.545061111450195],"datetime_complete":"2026-03-21T10:35:21.218618"}
{"op_code":4,"worker_id":"c75da849-0c08-49ba-8244-0e02b59cb2ab-140193173047104","study_id":0,"datetime_start":"2026-03-21T10:35:21.235121"}
{"op_code":5,"worker_id":"c75da849-0c08-49ba-8244-0e02b59cb2ab-140193173047104","trial_id":402,"param_name":"lr","param_value_internal":0.0005093353442239796,"distribution":"{\"name\": \"FloatDistribution\", \"attributes\": {\"step\": null, \"low\": 0.0001, \"high\": 0.1, \"log\": true}}"}
{"op_code":5,"worker_id":"c75da849-0c08-49ba-8244-0e02b59cb2ab-140193173047104","trial_id":402,"param_name":"dropout","param_value_internal":0.2016180074300116,"distribution":"{\"name\": \"FloatDistribution\", \"attributes\": {\"step\": null, \"low\": 0.1, \"high\": 0.5, \"log\": false}}"}
{"op_code":5,"worker_id":"c75da849-0c08-49ba-8244-0e02b59cb2ab-140193173047104","trial_id":402,"param_name":"nodes1","param_value_internal":1,"distribution":"{\"name\": \"CategoricalDistribution\", \"attributes\": {\"choices\": [16, 32, 64]}}"}
{"op_code":5,"worker_id":"c75da849-0c08-49ba-8244-0e02b59cb2ab-140193173047104","trial_id":402,"param_name":"nodes2","param_value_internal":1,"distribution":"{\"name\": \"CategoricalDistribution\", \"attributes\": {\"choices\": [32, 64, 128]}}"}
{"op_code":6,"worker_id":"c75da849-0c08-49ba-8244-0e02b59cb2ab-140193173047104","trial_id":402,"state":1,"values":[6.3249993324279785],"datetime_complete":"2026-03-21T10:35:26.156806"}
{"op_code":4,"worker_id":"c75da849-0c08-49ba-8244-0e02b59cb2ab-140193173047104","study_id":0,"datetime_start":"2026-03-21T10:35:26.171969"}
{"op_code":5,"worker_id":"c75da849-0c08-49ba-8244-0e02b59cb2ab-140193173047104","trial_id":403,"param_name":"lr","param_value_internal":0.00028836448258354414,"distribution":"{\"name\": \"FloatDistribution\", \"attributes\": {\"step\": null, \"low\": 0.0001, \"high\": 0.1, \"log\": true}}"}
{"op_code":5,"worker_id":"c75da849-0c08-49ba-8244-0e02b59cb2ab-140193173047104","trial_id":403,"param_name":"dropout","param_value_internal":0.1900165915771101,"distribution":"{\"name\": \"FloatDistribution\", \"attributes\": {\"step\": null, \"low\": 0.1, \"high\": 0.5, \"log\": false}}"}
{"op_code":5,"worker_id":"c75da849-0c08-49ba-8244-0e02b59cb2ab-140193173047104","trial_id":403,"param_name":"nodes1","param_value_internal":1,"distribution":"{\"name\": \"CategoricalDistribution\", \"attributes\": {\"choices\": [16, 32, 64]}}"}
{"op_code":5,"worker_id":"c75da849-0c08-49ba-8244-0e02b59cb2ab-140193173047104","trial_id":403,"param_name":"nodes2","param_value_internal":2,"distribution":"{\"name\": \"CategoricalDistribution\", \"attributes\": {\"choices\": [32, 64, 128]}}"}
{"op_code":6,"worker_id":"c75da849-0c08-49ba-8244-0e02b59cb2ab-140193173047104","trial_id":403,"state":1,"values":[6.389927387237549],"datetime_complete":"2026-03-21T10:35:31.751726"}
{"op_code":4,"worker_id":"c75da849-0c08-49ba-8244-0e02b59cb2ab-140193173047104","study_id":0,"datetime_start":"2026-03-21T10:35:31.766298"}
{"op_code":5,"worker_id":"c75da849-0c08-49ba-8244-0e02b59cb2ab-140193173047104","trial_id":404,"param_name":"lr","param_value_internal":0.0003892267986699603,"distribution":"{\"name\": \"FloatDistribution\", \"attributes\": {\"step\": null, \"low\": 0.0001, \"high\": 0.1, \"log\": true}}"}
{"op_code":5,"worker_id":"c75da849-0c08-49ba-8244-0e02b59cb2ab-140193173047104","trial_id":404,"param_name":"dropout","param_value_internal":0.14604741558411238,"distribution":"{\"name\": \"FloatDistribution\", \"attributes\": {\"step\": null, \"low\": 0.1, \"high\": 0.5, \"log\": false}}"}
{"op_code":5,"worker_id":"c75da849-0c08-49ba-8244-0e02b59cb2ab-140193173047104","trial_id":404,"param_name":"nodes1","param_value_internal":1,"distribution":"{\"name\": \"CategoricalDistribution\", \"attributes\": {\"choices\": [16, 32, 64]}}"}
{"op_code":5,"worker_id":"c75da849-0c08-49ba-8244-0e02b59cb2ab-140193173047104","trial_id":404,"param_name":"nodes2","param_value_internal":1,"distribution":"{\"name\": \"CategoricalDistribution\", \"attributes\": {\"choices\": [32, 64, 128]}}"}
{"op_code":6,"worker_id":"c75da849-0c08-49ba-8244-0e02b59cb2ab-140193173047104","trial_id":404,"state":1,"values":[6.6215314865112305],"datetime_complete":"2026-03-21T10:35:36.691520"}
{"op_code":4,"worker_id":"c75da849-0c08-49ba-8244-0e02b59cb2ab-140193173047104","study_id":0,"datetime_start":"2026-03-21T10:35:36.708367"}
{"op_code":5,"worker_id":"c75da849-0c08-49ba-8244-0e02b59cb2ab-140193173047104","trial_id":405,"param_name":"lr","param_value_internal":0.00045470588205820747,"distribution":"{\"name\": \"FloatDistribution\", \"attributes\": {\"step\": null, \"low\": 0.0001, \"high\": 0.1, \"log\": true}}"}
{"op_code":5,"worker_id":"c75da849-0c08-49ba-8244-0e02b59cb2ab-140193173047104","trial_id":405,"param_name":"dropout","param_value_internal":0.1349698395907736,"distribution":"{\"name\": \"FloatDistribution\", \"attributes\": {\"step\": null, \"low\": 0.1, \"high\": 0.5, \"log\": false}}"}
{"op_code":5,"worker_id":"c75da849-0c08-49ba-8244-0e02b59cb2ab-140193173047104","trial_id":405,"param_name":"nodes1","param_value_internal":1,"distribution":"{\"name\": \"CategoricalDistribution\", \"attributes\": {\"choices\": [16, 32, 64]}}"}
{"op_code":5,"worker_id":"c75da849-0c08-49ba-8244-0e02b59cb2ab-140193173047104","trial_id":405,"param_name":"nodes2","param_value_internal":1,"distribution":"{\"name\": \"CategoricalDistribution\", \"attributes\": {\"choices\": [32, 64, 128]}}"}
{"op_code":6,"worker_id":"c75da849-0c08-49ba-8244-0e02b59cb2ab-140193173047104","trial_id":405,"state":1,"values":[6.650984287261963],"datetime_complete":"2026-03-21T10:35:42.229560"}
{"op_code":4,"worker_id":"c75da849-0c08-49ba-8244-0e02b59cb2ab-140193173047104","study_id":0,"datetime_start":"2026-03-21T10:35:42.245684"}
{"op_code":5,"worker_id":"c75da849-0c08-49ba-8244-0e02b59cb2ab-140193173047104","trial_id":406,"param_name":"lr","param_value_internal":0.00033722164753631094,"distribution":"{\"name\": \"FloatDistribution\", \"attributes\": {\"step\": null, \"low\": 0.0001, \"high\": 0.1, \"log\": true}}"}
{"op_code":5,"worker_id":"c75da849-0c08-49ba-8244-0e02b59cb2ab-140193173047104","trial_id":406,"param_name":"dropout","param_value_internal":0.18104151727553752,"distribution":"{\"name\": \"FloatDistribution\", \"attributes\": {\"step\": null, \"low\": 0.1, \"high\": 0.5, \"log\": false}}"}
{"op_code":5,"worker_id":"c75da849-0c08-49ba-8244-0e02b59cb2ab-140193173047104","trial_id":406,"param_name":"nodes1","param_value_internal":1,"distribution":"{\"name\": \"CategoricalDistribution\", \"attributes\": {\"choices\": [16, 32, 64]}}"}
{"op_code":5,"worker_id":"c75da849-0c08-49ba-8244-0e02b59cb2ab-140193173047104","trial_id":406,"param_name":"nodes2","param_value_internal":2,"distribution":"{\"name\": \"CategoricalDistribution\", \"attributes\": {\"choices\": [32, 64, 128]}}"}
{"op_code":6,"worker_id":"c75da849-0c08-49ba-8244-0e02b59cb2ab-140193173047104","trial_id":406,"state":1,"values":[6.295311450958252],"datetime_complete":"2026-03-21T10:35:47.667624"}
{"op_code":4,"worker_id":"c75da849-0c08-49ba-8244-0e02b59cb2ab-140193173047104","study_id":0,"datetime_start":"2026-03-21T10:35:47.689051"}
{"op_code":5,"worker_id":"c75da849-0c08-49ba-8244-0e02b59cb2ab-140193173047104","trial_id":407,"param_name":"lr","param_value_internal":0.00021627959969031465,"distribution":"{\"name\": \"FloatDistribution\", \"attributes\": {\"step\": null, \"low\": 0.0001, \"high\": 0.1, \"log\": true}}"}
{"op_code":5,"worker_id":"c75da849-0c08-49ba-8244-0e02b59cb2ab-140193173047104","trial_id":407,"param_name":"dropout","param_value_internal":0.12727812097775068,"distribution":"{\"name\": \"FloatDistribution\", \"attributes\": {\"step\": null, \"low\": 0.1, \"high\": 0.5, \"log\": false}}"}
{"op_code":5,"worker_id":"c75da849-0c08-49ba-8244-0e02b59cb2ab-140193173047104","trial_id":407,"param_name":"nodes1","param_value_internal":1,"distribution":"{\"name\": \"CategoricalDistribution\", \"attributes\": {\"choices\": [16, 32, 64]}}"}
{"op_code":5,"worker_id":"c75da849-0c08-49ba-8244-0e02b59cb2ab-140193173047104","trial_id":407,"param_name":"nodes2","param_value_internal":1,"distribution":"{\"name\": \"CategoricalDistribution\", \"attributes\": {\"choices\": [32, 64, 128]}}"}
{"op_code":6,"worker_id":"c75da849-0c08-49ba-8244-0e02b59cb2ab-140193173047104","trial_id":407,"state":1,"values":[6.405087471008301],"datetime_complete":"2026-03-21T10:35:52.704091"}
{"op_code":4,"worker_id":"c75da849-0c08-49ba-8244-0e02b59cb2ab-140193173047104","study_id":0,"datetime_start":"2026-03-21T10:35:52.721674"}
{"op_code":5,"worker_id":"c75da849-0c08-49ba-8244-0e02b59cb2ab-140193173047104","trial_id":408,"param_name":"lr","param_value_internal":0.0006128260828216385,"distribution":"{\"name\": \"FloatDistribution\", \"attributes\": {\"step\": null, \"low\": 0.0001, \"high\": 0.1, \"log\": true}}"}
{"op_code":5,"worker_id":"c75da849-0c08-49ba-8244-0e02b59cb2ab-140193173047104","trial_id":408,"param_name":"dropout","param_value_internal":0.19431805188156337,"distribution":"{\"name\": \"FloatDistribution\", \"attributes\": {\"step\": null, \"low\": 0.1, \"high\": 0.5, \"log\": false}}"}
{"op_code":5,"worker_id":"c75da849-0c08-49ba-8244-0e02b59cb2ab-140193173047104","trial_id":408,"param_name":"nodes1","param_value_internal":1,"distribution":"{\"name\": \"CategoricalDistribution\", \"attributes\": {\"choices\": [16, 32, 64]}}"}
{"op_code":5,"worker_id":"c75da849-0c08-49ba-8244-0e02b59cb2ab-140193173047104","trial_id":408,"param_name":"nodes2","param_value_internal":2,"distribution":"{\"name\": \"CategoricalDistribution\", \"attributes\": {\"choices\": [32, 64, 128]}}"}
{"op_code":6,"worker_id":"c75da849-0c08-49ba-8244-0e02b59cb2ab-140193173047104","trial_id":408,"state":1,"values":[6.66780424118042],"datetime_complete":"2026-03-21T10:35:58.084567"}
{"op_code":4,"worker_id":"c75da849-0c08-49ba-8244-0e02b59cb2ab-140193173047104","study_id":0,"datetime_start":"2026-03-21T10:35:58.102878"}
{"op_code":5,"worker_id":"c75da849-0c08-49ba-8244-0e02b59cb2ab-140193173047104","trial_id":409,"param_name":"lr","param_value_internal":0.00028357249869152894,"distribution":"{\"name\": \"FloatDistribution\", \"attributes\": {\"step\": null, \"low\": 0.0001, \"high\": 0.1, \"log\": true}}"}
{"op_code":5,"worker_id":"c75da849-0c08-49ba-8244-0e02b59cb2ab-140193173047104","trial_id":409,"param_name":"dropout","param_value_internal":0.17182173621110694,"distribution":"{\"name\": \"FloatDistribution\", \"attributes\": {\"step\": null, \"low\": 0.1, \"high\": 0.5, \"log\": false}}"}
{"op_code":5,"worker_id":"c75da849-0c08-49ba-8244-0e02b59cb2ab-140193173047104","trial_id":409,"param_name":"nodes1","param_value_internal":1,"distribution":"{\"name\": \"CategoricalDistribution\", \"attributes\": {\"choices\": [16, 32, 64]}}"}
{"op_code":5,"worker_id":"c75da849-0c08-49ba-8244-0e02b59cb2ab-140193173047104","trial_id":409,"param_name":"nodes2","param_value_internal":1,"distribution":"{\"name\": \"CategoricalDistribution\", \"attributes\": {\"choices\": [32, 64, 128]}}"}
{"op_code":6,"worker_id":"c75da849-0c08-49ba-8244-0e02b59cb2ab-140193173047104","trial_id":409,"state":1,"values":[6.297285079956055],"datetime_complete":"2026-03-21T10:36:02.863229"}
{"op_code":4,"worker_id":"c75da849-0c08-49ba-8244-0e02b59cb2ab-140193173047104","study_id":0,"datetime_start":"2026-03-21T10:36:02.879656"}
{"op_code":5,"worker_id":"c75da849-0c08-49ba-8244-0e02b59cb2ab-140193173047104","trial_id":410,"param_name":"lr","param_value_internal":0.0004883414920762222,"distribution":"{\"name\": \"FloatDistribution\", \"attributes\": {\"step\": null, \"low\": 0.0001, \"high\": 0.1, \"log\": true}}"}
{"op_code":5,"worker_id":"c75da849-0c08-49ba-8244-0e02b59cb2ab-140193173047104","trial_id":410,"param_name":"dropout","param_value_internal":0.15673142878085344,"distribution":"{\"name\": \"FloatDistribution\", \"attributes\": {\"step\": null, \"low\": 0.1, \"high\": 0.5, \"log\": false}}"}
{"op_code":5,"worker_id":"c75da849-0c08-49ba-8244-0e02b59cb2ab-140193173047104","trial_id":410,"param_name":"nodes1","param_value_internal":1,"distribution":"{\"name\": \"CategoricalDistribution\", \"attributes\": {\"choices\": [16, 32, 64]}}"}
{"op_code":5,"worker_id":"c75da849-0c08-49ba-8244-0e02b59cb2ab-140193173047104","trial_id":410,"param_name":"nodes2","param_value_internal":2,"distribution":"{\"name\": \"CategoricalDistribution\", \"attributes\": {\"choices\": [32, 64, 128]}}"}
{"op_code":6,"worker_id":"c75da849-0c08-49ba-8244-0e02b59cb2ab-140193173047104","trial_id":410,"state":1,"values":[6.592349052429199],"datetime_complete":"2026-03-21T10:36:08.230950"}
{"op_code":0,"worker_id":"4610fae5-bb9e-43f0-82a4-0feb3e78b181-140193173047104","study_name":"custom_torch_tuning","directions":[1]}
{"op_code":4,"worker_id":"4610fae5-bb9e-43f0-82a4-0feb3e78b181-140193173047104","study_id":0,"datetime_start":"2026-03-21T10:50:36.112631"}
{"op_code":5,"worker_id":"4610fae5-bb9e-43f0-82a4-0feb3e78b181-140193173047104","trial_id":411,"param_name":"lr","param_value_internal":0.0004053900657643463,"distribution":"{\"name\": \"FloatDistribution\", \"attributes\": {\"step\": null, \"low\": 0.0001, \"high\": 0.1, \"log\": true}}"}
{"op_code":5,"worker_id":"4610fae5-bb9e-43f0-82a4-0feb3e78b181-140193173047104","trial_id":411,"param_name":"dropout","param_value_internal":0.20074412372537573,"distribution":"{\"name\": \"FloatDistribution\", \"attributes\": {\"step\": null, \"low\": 0.1, \"high\": 0.5, \"log\": false}}"}
{"op_code":5,"worker_id":"4610fae5-bb9e-43f0-82a4-0feb3e78b181-140193173047104","trial_id":411,"param_name":"nodes1","param_value_internal":1,"distribution":"{\"name\": \"CategoricalDistribution\", \"attributes\": {\"choices\": [16, 32, 64]}}"}
{"op_code":5,"worker_id":"4610fae5-bb9e-43f0-82a4-0feb3e78b181-140193173047104","trial_id":411,"param_name":"nodes2","param_value_internal":1,"distribution":"{\"name\": \"CategoricalDistribution\", \"attributes\": {\"choices\": [32, 64, 128]}}"}
{"op_code":6,"worker_id":"4610fae5-bb9e-43f0-82a4-0feb3e78b181-140193173047104","trial_id":411,"state":1,"values":[6.437231063842773],"datetime_complete":"2026-03-21T10:50:41.584959"}
{"op_code":4,"worker_id":"4610fae5-bb9e-43f0-82a4-0feb3e78b181-140193173047104","study_id":0,"datetime_start":"2026-03-21T10:50:41.601589"}
{"op_code":5,"worker_id":"4610fae5-bb9e-43f0-82a4-0feb3e78b181-140193173047104","trial_id":412,"param_name":"lr","param_value_internal":0.00033960369602097025,"distribution":"{\"name\": \"FloatDistribution\", \"attributes\": {\"step\": null, \"low\": 0.0001, \"high\": 0.1, \"log\": true}}"}
{"op_code":5,"worker_id":"4610fae5-bb9e-43f0-82a4-0feb3e78b181-140193173047104","trial_id":412,"param_name":"dropout","param_value_internal":0.18869018740335813,"distribution":"{\"name\": \"FloatDistribution\", \"attributes\": {\"step\": null, \"low\": 0.1, \"high\": 0.5, \"log\": false}}"}
{"op_code":5,"worker_id":"4610fae5-bb9e-43f0-82a4-0feb3e78b181-140193173047104","trial_id":412,"param_name":"nodes1","param_value_internal":2,"distribution":"{\"name\": \"CategoricalDistribution\", \"attributes\": {\"choices\": [16, 32, 64]}}"}
{"op_code":5,"worker_id":"4610fae5-bb9e-43f0-82a4-0feb3e78b181-140193173047104","trial_id":412,"param_name":"nodes2","param_value_internal":2,"distribution":"{\"name\": \"CategoricalDistribution\", \"attributes\": {\"choices\": [32, 64, 128]}}"}
{"op_code":6,"worker_id":"4610fae5-bb9e-43f0-82a4-0feb3e78b181-140193173047104","trial_id":412,"state":1,"values":[6.409770488739014],"datetime_complete":"2026-03-21T10:50:47.193679"}
{"op_code":4,"worker_id":"4610fae5-bb9e-43f0-82a4-0feb3e78b181-140193173047104","study_id":0,"datetime_start":"2026-03-21T10:50:47.215475"}
{"op_code":5,"worker_id":"4610fae5-bb9e-43f0-82a4-0feb3e78b181-140193173047104","trial_id":413,"param_name":"lr","param_value_internal":0.0005208518878278587,"distribution":"{\"name\": \"FloatDistribution\", \"attributes\": {\"step\": null, \"low\": 0.0001, \"high\": 0.1, \"log\": true}}"}
{"op_code":5,"worker_id":"4610fae5-bb9e-43f0-82a4-0feb3e78b181-140193173047104","trial_id":413,"param_name":"dropout","param_value_internal":0.18027743622599368,"distribution":"{\"name\": \"FloatDistribution\", \"attributes\": {\"step\": null, \"low\": 0.1, \"high\": 0.5, \"log\": false}}"}
{"op_code":5,"worker_id":"4610fae5-bb9e-43f0-82a4-0feb3e78b181-140193173047104","trial_id":413,"param_name":"nodes1","param_value_internal":1,"distribution":"{\"name\": \"CategoricalDistribution\", \"attributes\": {\"choices\": [16, 32, 64]}}"}
{"op_code":5,"worker_id":"4610fae5-bb9e-43f0-82a4-0feb3e78b181-140193173047104","trial_id":413,"param_name":"nodes2","param_value_internal":1,"distribution":"{\"name\": \"CategoricalDistribution\", \"attributes\": {\"choices\": [32, 64, 128]}}"}
{"op_code":6,"worker_id":"4610fae5-bb9e-43f0-82a4-0feb3e78b181-140193173047104","trial_id":413,"state":1,"values":[6.4356608390808105],"datetime_complete":"2026-03-21T10:50:52.869708"}
{"op_code":4,"worker_id":"4610fae5-bb9e-43f0-82a4-0feb3e78b181-140193173047104","study_id":0,"datetime_start":"2026-03-21T10:50:52.890610"}
{"op_code":5,"worker_id":"4610fae5-bb9e-43f0-82a4-0feb3e78b181-140193173047104","trial_id":414,"param_name":"lr","param_value_internal":0.00037238433726486585,"distribution":"{\"name\": \"FloatDistribution\", \"attributes\": {\"step\": null, \"low\": 0.0001, \"high\": 0.1, \"log\": true}}"}
{"op_code":5,"worker_id":"4610fae5-bb9e-43f0-82a4-0feb3e78b181-140193173047104","trial_id":414,"param_name":"dropout","param_value_internal":0.480168281302773,"distribution":"{\"name\": \"FloatDistribution\", \"attributes\": {\"step\": null, \"low\": 0.1, \"high\": 0.5, \"log\": false}}"}
{"op_code":5,"worker_id":"4610fae5-bb9e-43f0-82a4-0feb3e78b181-140193173047104","trial_id":414,"param_name":"nodes1","param_value_internal":1,"distribution":"{\"name\": \"CategoricalDistribution\", \"attributes\": {\"choices\": [16, 32, 64]}}"}
{"op_code":5,"worker_id":"4610fae5-bb9e-43f0-82a4-0feb3e78b181-140193173047104","trial_id":414,"param_name":"nodes2","param_value_internal":2,"distribution":"{\"name\": \"CategoricalDistribution\", \"attributes\": {\"choices\": [32, 64, 128]}}"}
{"op_code":6,"worker_id":"4610fae5-bb9e-43f0-82a4-0feb3e78b181-140193173047104","trial_id":414,"state":1,"values":[6.419634819030762],"datetime_complete":"2026-03-21T10:50:58.552057"}
{"op_code":4,"worker_id":"4610fae5-bb9e-43f0-82a4-0feb3e78b181-140193173047104","study_id":0,"datetime_start":"2026-03-21T10:50:58.572718"}
{"op_code":5,"worker_id":"4610fae5-bb9e-43f0-82a4-0feb3e78b181-140193173047104","trial_id":415,"param_name":"lr","param_value_internal":0.00029247378813966704,"distribution":"{\"name\": \"FloatDistribution\", \"attributes\": {\"step\": null, \"low\": 0.0001, \"high\": 0.1, \"log\": true}}"}
{"op_code":5,"worker_id":"4610fae5-bb9e-43f0-82a4-0feb3e78b181-140193173047104","trial_id":415,"param_name":"dropout","param_value_internal":0.1698832027796966,"distribution":"{\"name\": \"FloatDistribution\", \"attributes\": {\"step\": null, \"low\": 0.1, \"high\": 0.5, \"log\": false}}"}
{"op_code":5,"worker_id":"4610fae5-bb9e-43f0-82a4-0feb3e78b181-140193173047104","trial_id":415,"param_name":"nodes1","param_value_internal":1,"distribution":"{\"name\": \"CategoricalDistribution\", \"attributes\": {\"choices\": [16, 32, 64]}}"}
{"op_code":5,"worker_id":"4610fae5-bb9e-43f0-82a4-0feb3e78b181-140193173047104","trial_id":415,"param_name":"nodes2","param_value_internal":1,"distribution":"{\"name\": \"CategoricalDistribution\", \"attributes\": {\"choices\": [32, 64, 128]}}"}
{"op_code":6,"worker_id":"4610fae5-bb9e-43f0-82a4-0feb3e78b181-140193173047104","trial_id":415,"state":1,"values":[6.424708366394043],"datetime_complete":"2026-03-21T10:51:03.850733"}
{"op_code":4,"worker_id":"4610fae5-bb9e-43f0-82a4-0feb3e78b181-140193173047104","study_id":0,"datetime_start":"2026-03-21T10:51:03.878819"}
{"op_code":5,"worker_id":"4610fae5-bb9e-43f0-82a4-0feb3e78b181-140193173047104","trial_id":416,"param_name":"lr","param_value_internal":0.0019821964213801494,"distribution":"{\"name\": \"FloatDistribution\", \"attributes\": {\"step\": null, \"low\": 0.0001, \"high\": 0.1, \"log\": true}}"}
{"op_code":5,"worker_id":"4610fae5-bb9e-43f0-82a4-0feb3e78b181-140193173047104","trial_id":416,"param_name":"dropout","param_value_internal":0.20137521657820817,"distribution":"{\"name\": \"FloatDistribution\", \"attributes\": {\"step\": null, \"low\": 0.1, \"high\": 0.5, \"log\": false}}"}
{"op_code":5,"worker_id":"4610fae5-bb9e-43f0-82a4-0feb3e78b181-140193173047104","trial_id":416,"param_name":"nodes1","param_value_internal":1,"distribution":"{\"name\": \"CategoricalDistribution\", \"attributes\": {\"choices\": [16, 32, 64]}}"}
{"op_code":5,"worker_id":"4610fae5-bb9e-43f0-82a4-0feb3e78b181-140193173047104","trial_id":416,"param_name":"nodes2","param_value_internal":2,"distribution":"{\"name\": \"CategoricalDistribution\", \"attributes\": {\"choices\": [32, 64, 128]}}"}
{"op_code":6,"worker_id":"4610fae5-bb9e-43f0-82a4-0feb3e78b181-140193173047104","trial_id":416,"state":1,"values":[6.559564113616943],"datetime_complete":"2026-03-21T10:51:09.493298"}
{"op_code":4,"worker_id":"4610fae5-bb9e-43f0-82a4-0feb3e78b181-140193173047104","study_id":0,"datetime_start":"2026-03-21T10:51:09.514606"}
{"op_code":5,"worker_id":"4610fae5-bb9e-43f0-82a4-0feb3e78b181-140193173047104","trial_id":417,"param_name":"lr","param_value_internal":0.0008153628113857435,"distribution":"{\"name\": \"FloatDistribution\", \"attributes\": {\"step\": null, \"low\": 0.0001, \"high\": 0.1, \"log\": true}}"}
{"op_code":5,"worker_id":"4610fae5-bb9e-43f0-82a4-0feb3e78b181-140193173047104","trial_id":417,"param_name":"dropout","param_value_internal":0.1185173815970238,"distribution":"{\"name\": \"FloatDistribution\", \"attributes\": {\"step\": null, \"low\": 0.1, \"high\": 0.5, \"log\": false}}"}
{"op_code":5,"worker_id":"4610fae5-bb9e-43f0-82a4-0feb3e78b181-140193173047104","trial_id":417,"param_name":"nodes1","param_value_internal":1,"distribution":"{\"name\": \"CategoricalDistribution\", \"attributes\": {\"choices\": [16, 32, 64]}}"}
{"op_code":5,"worker_id":"4610fae5-bb9e-43f0-82a4-0feb3e78b181-140193173047104","trial_id":417,"param_name":"nodes2","param_value_internal":1,"distribution":"{\"name\": \"CategoricalDistribution\", \"attributes\": {\"choices\": [32, 64, 128]}}"}
{"op_code":6,"worker_id":"4610fae5-bb9e-43f0-82a4-0feb3e78b181-140193173047104","trial_id":417,"state":1,"values":[6.466460227966309],"datetime_complete":"2026-03-21T10:51:14.881244"}
{"op_code":4,"worker_id":"4610fae5-bb9e-43f0-82a4-0feb3e78b181-140193173047104","study_id":0,"datetime_start":"2026-03-21T10:51:14.906974"}
{"op_code":5,"worker_id":"4610fae5-bb9e-43f0-82a4-0feb3e78b181-140193173047104","trial_id":418,"param_name":"lr","param_value_internal":0.00022531733514603795,"distribution":"{\"name\": \"FloatDistribution\", \"attributes\": {\"step\": null, \"low\": 0.0001, \"high\": 0.1, \"log\": true}}"}
{"op_code":5,"worker_id":"4610fae5-bb9e-43f0-82a4-0feb3e78b181-140193173047104","trial_id":418,"param_name":"dropout","param_value_internal":0.1508671717414426,"distribution":"{\"name\": \"FloatDistribution\", \"attributes\": {\"step\": null, \"low\": 0.1, \"high\": 0.5, \"log\": false}}"}
{"op_code":5,"worker_id":"4610fae5-bb9e-43f0-82a4-0feb3e78b181-140193173047104","trial_id":418,"param_name":"nodes1","param_value_internal":1,"distribution":"{\"name\": \"CategoricalDistribution\", \"attributes\": {\"choices\": [16, 32, 64]}}"}
{"op_code":5,"worker_id":"4610fae5-bb9e-43f0-82a4-0feb3e78b181-140193173047104","trial_id":418,"param_name":"nodes2","param_value_internal":2,"distribution":"{\"name\": \"CategoricalDistribution\", \"attributes\": {\"choices\": [32, 64, 128]}}"}
{"op_code":6,"worker_id":"4610fae5-bb9e-43f0-82a4-0feb3e78b181-140193173047104","trial_id":418,"state":1,"values":[6.44403076171875],"datetime_complete":"2026-03-21T10:51:20.382716"}
{"op_code":4,"worker_id":"4610fae5-bb9e-43f0-82a4-0feb3e78b181-140193173047104","study_id":0,"datetime_start":"2026-03-21T10:51:20.397974"}
{"op_code":5,"worker_id":"4610fae5-bb9e-43f0-82a4-0feb3e78b181-140193173047104","trial_id":419,"param_name":"lr","param_value_internal":0.0004390842157929449,"distribution":"{\"name\": \"FloatDistribution\", \"attributes\": {\"step\": null, \"low\": 0.0001, \"high\": 0.1, \"log\": true}}"}
{"op_code":5,"worker_id":"4610fae5-bb9e-43f0-82a4-0feb3e78b181-140193173047104","trial_id":419,"param_name":"dropout","param_value_internal":0.19290333884096297,"distribution":"{\"name\": \"FloatDistribution\", \"attributes\": {\"step\": null, \"low\": 0.1, \"high\": 0.5, \"log\": false}}"}
{"op_code":5,"worker_id":"4610fae5-bb9e-43f0-82a4-0feb3e78b181-140193173047104","trial_id":419,"param_name":"nodes1","param_value_internal":1,"distribution":"{\"name\": \"CategoricalDistribution\", \"attributes\": {\"choices\": [16, 32, 64]}}"}
{"op_code":5,"worker_id":"4610fae5-bb9e-43f0-82a4-0feb3e78b181-140193173047104","trial_id":419,"param_name":"nodes2","param_value_internal":1,"distribution":"{\"name\": \"CategoricalDistribution\", \"attributes\": {\"choices\": [32, 64, 128]}}"}
{"op_code":6,"worker_id":"4610fae5-bb9e-43f0-82a4-0feb3e78b181-140193173047104","trial_id":419,"state":1,"values":[6.439525127410889],"datetime_complete":"2026-03-21T10:51:26.113516"}
{"op_code":4,"worker_id":"4610fae5-bb9e-43f0-82a4-0feb3e78b181-140193173047104","study_id":0,"datetime_start":"2026-03-21T10:51:26.131316"}
{"op_code":5,"worker_id":"4610fae5-bb9e-43f0-82a4-0feb3e78b181-140193173047104","trial_id":420,"param_name":"lr","param_value_internal":0.00032817795649229403,"distribution":"{\"name\": \"FloatDistribution\", \"attributes\": {\"step\": null, \"low\": 0.0001, \"high\": 0.1, \"log\": true}}"}
{"op_code":5,"worker_id":"4610fae5-bb9e-43f0-82a4-0feb3e78b181-140193173047104","trial_id":420,"param_name":"dropout","param_value_internal":0.16174981607352573,"distribution":"{\"name\": \"FloatDistribution\", \"attributes\": {\"step\": null, \"low\": 0.1, \"high\": 0.5, \"log\": false}}"}
{"op_code":5,"worker_id":"4610fae5-bb9e-43f0-82a4-0feb3e78b181-140193173047104","trial_id":420,"param_name":"nodes1","param_value_internal":1,"distribution":"{\"name\": \"CategoricalDistribution\", \"attributes\": {\"choices\": [16, 32, 64]}}"}
{"op_code":5,"worker_id":"4610fae5-bb9e-43f0-82a4-0feb3e78b181-140193173047104","trial_id":420,"param_name":"nodes2","param_value_internal":2,"distribution":"{\"name\": \"CategoricalDistribution\", \"attributes\": {\"choices\": [32, 64, 128]}}"}
{"op_code":6,"worker_id":"4610fae5-bb9e-43f0-82a4-0feb3e78b181-140193173047104","trial_id":420,"state":1,"values":[6.408633232116699],"datetime_complete":"2026-03-21T10:51:31.566795"}
{"op_code":0,"worker_id":"5487f504-4ab8-4242-ae6a-4c67a47a8b28-140193173047104","study_name":"custom_torch_tuning","directions":[1]}
{"op_code":4,"worker_id":"5487f504-4ab8-4242-ae6a-4c67a47a8b28-140193173047104","study_id":0,"datetime_start":"2026-03-21T11:06:34.404169"}
{"op_code":5,"worker_id":"5487f504-4ab8-4242-ae6a-4c67a47a8b28-140193173047104","trial_id":421,"param_name":"lr","param_value_internal":0.0005593241701738413,"distribution":"{\"name\": \"FloatDistribution\", \"attributes\": {\"step\": null, \"low\": 0.0001, \"high\": 0.1, \"log\": true}}"}
{"op_code":5,"worker_id":"5487f504-4ab8-4242-ae6a-4c67a47a8b28-140193173047104","trial_id":421,"param_name":"dropout","param_value_internal":0.12937249886338495,"distribution":"{\"name\": \"FloatDistribution\", \"attributes\": {\"step\": null, \"low\": 0.1, \"high\": 0.5, \"log\": false}}"}
{"op_code":5,"worker_id":"5487f504-4ab8-4242-ae6a-4c67a47a8b28-140193173047104","trial_id":421,"param_name":"nodes1","param_value_internal":1,"distribution":"{\"name\": \"CategoricalDistribution\", \"attributes\": {\"choices\": [16, 32, 64]}}"}
{"op_code":5,"worker_id":"5487f504-4ab8-4242-ae6a-4c67a47a8b28-140193173047104","trial_id":421,"param_name":"nodes2","param_value_internal":1,"distribution":"{\"name\": \"CategoricalDistribution\", \"attributes\": {\"choices\": [32, 64, 128]}}"}
{"op_code":6,"worker_id":"5487f504-4ab8-4242-ae6a-4c67a47a8b28-140193173047104","trial_id":421,"state":1,"values":[6.147216796875],"datetime_complete":"2026-03-21T11:06:39.672094"}
{"op_code":4,"worker_id":"5487f504-4ab8-4242-ae6a-4c67a47a8b28-140193173047104","study_id":0,"datetime_start":"2026-03-21T11:06:39.686362"}
{"op_code":5,"worker_id":"5487f504-4ab8-4242-ae6a-4c67a47a8b28-140193173047104","trial_id":422,"param_name":"lr","param_value_internal":0.00027058851032261483,"distribution":"{\"name\": \"FloatDistribution\", \"attributes\": {\"step\": null, \"low\": 0.0001, \"high\": 0.1, \"log\": true}}"}
{"op_code":5,"worker_id":"5487f504-4ab8-4242-ae6a-4c67a47a8b28-140193173047104","trial_id":422,"param_name":"dropout","param_value_internal":0.10671043019316591,"distribution":"{\"name\": \"FloatDistribution\", \"attributes\": {\"step\": null, \"low\": 0.1, \"high\": 0.5, \"log\": false}}"}
{"op_code":5,"worker_id":"5487f504-4ab8-4242-ae6a-4c67a47a8b28-140193173047104","trial_id":422,"param_name":"nodes1","param_value_internal":1,"distribution":"{\"name\": \"CategoricalDistribution\", \"attributes\": {\"choices\": [16, 32, 64]}}"}
{"op_code":5,"worker_id":"5487f504-4ab8-4242-ae6a-4c67a47a8b28-140193173047104","trial_id":422,"param_name":"nodes2","param_value_internal":2,"distribution":"{\"name\": \"CategoricalDistribution\", \"attributes\": {\"choices\": [32, 64, 128]}}"}
{"op_code":6,"worker_id":"5487f504-4ab8-4242-ae6a-4c67a47a8b28-140193173047104","trial_id":422,"state":1,"values":[6.127594947814941],"datetime_complete":"2026-03-21T11:06:45.086443"}
{"op_code":4,"worker_id":"5487f504-4ab8-4242-ae6a-4c67a47a8b28-140193173047104","study_id":0,"datetime_start":"2026-03-21T11:06:45.102776"}
{"op_code":5,"worker_id":"5487f504-4ab8-4242-ae6a-4c67a47a8b28-140193173047104","trial_id":423,"param_name":"lr","param_value_internal":0.0003929616340568595,"distribution":"{\"name\": \"FloatDistribution\", \"attributes\": {\"step\": null, \"low\": 0.0001, \"high\": 0.1, \"log\": true}}"}
{"op_code":5,"worker_id":"5487f504-4ab8-4242-ae6a-4c67a47a8b28-140193173047104","trial_id":423,"param_name":"dropout","param_value_internal":0.18718662449134765,"distribution":"{\"name\": \"FloatDistribution\", \"attributes\": {\"step\": null, \"low\": 0.1, \"high\": 0.5, \"log\": false}}"}
{"op_code":5,"worker_id":"5487f504-4ab8-4242-ae6a-4c67a47a8b28-140193173047104","trial_id":423,"param_name":"nodes1","param_value_internal":1,"distribution":"{\"name\": \"CategoricalDistribution\", \"attributes\": {\"choices\": [16, 32, 64]}}"}
{"op_code":5,"worker_id":"5487f504-4ab8-4242-ae6a-4c67a47a8b28-140193173047104","trial_id":423,"param_name":"nodes2","param_value_internal":1,"distribution":"{\"name\": \"CategoricalDistribution\", \"attributes\": {\"choices\": [32, 64, 128]}}"}
{"op_code":6,"worker_id":"5487f504-4ab8-4242-ae6a-4c67a47a8b28-140193173047104","trial_id":423,"state":1,"values":[6.116152763366699],"datetime_complete":"2026-03-21T11:06:50.388605"}
{"op_code":4,"worker_id":"5487f504-4ab8-4242-ae6a-4c67a47a8b28-140193173047104","study_id":0,"datetime_start":"2026-03-21T11:06:50.404258"}
{"op_code":5,"worker_id":"5487f504-4ab8-4242-ae6a-4c67a47a8b28-140193173047104","trial_id":424,"param_name":"lr","param_value_internal":0.00046662993154623726,"distribution":"{\"name\": \"FloatDistribution\", \"attributes\": {\"step\": null, \"low\": 0.0001, \"high\": 0.1, \"log\": true}}"}
{"op_code":5,"worker_id":"5487f504-4ab8-4242-ae6a-4c67a47a8b28-140193173047104","trial_id":424,"param_name":"dropout","param_value_internal":0.14076042243020268,"distribution":"{\"name\": \"FloatDistribution\", \"attributes\": {\"step\": null, \"low\": 0.1, \"high\": 0.5, \"log\": false}}"}
{"op_code":5,"worker_id":"5487f504-4ab8-4242-ae6a-4c67a47a8b28-140193173047104","trial_id":424,"param_name":"nodes1","param_value_internal":1,"distribution":"{\"name\": \"CategoricalDistribution\", \"attributes\": {\"choices\": [16, 32, 64]}}"}
{"op_code":5,"worker_id":"5487f504-4ab8-4242-ae6a-4c67a47a8b28-140193173047104","trial_id":424,"param_name":"nodes2","param_value_internal":2,"distribution":"{\"name\": \"CategoricalDistribution\", \"attributes\": {\"choices\": [32, 64, 128]}}"}
{"op_code":6,"worker_id":"5487f504-4ab8-4242-ae6a-4c67a47a8b28-140193173047104","trial_id":424,"state":1,"values":[6.140174388885498],"datetime_complete":"2026-03-21T11:06:55.593627"}
{"op_code":4,"worker_id":"5487f504-4ab8-4242-ae6a-4c67a47a8b28-140193173047104","study_id":0,"datetime_start":"2026-03-21T11:06:55.609430"}
{"op_code":5,"worker_id":"5487f504-4ab8-4242-ae6a-4c67a47a8b28-140193173047104","trial_id":425,"param_name":"lr","param_value_internal":0.0006520529878765427,"distribution":"{\"name\": \"FloatDistribution\", \"attributes\": {\"step\": null, \"low\": 0.0001, \"high\": 0.1, \"log\": true}}"}
{"op_code":5,"worker_id":"5487f504-4ab8-4242-ae6a-4c67a47a8b28-140193173047104","trial_id":425,"param_name":"dropout","param_value_internal":0.17736983294142591,"distribution":"{\"name\": \"FloatDistribution\", \"attributes\": {\"step\": null, \"low\": 0.1, \"high\": 0.5, \"log\": false}}"}
{"op_code":5,"worker_id":"5487f504-4ab8-4242-ae6a-4c67a47a8b28-140193173047104","trial_id":425,"param_name":"nodes1","param_value_internal":1,"distribution":"{\"name\": \"CategoricalDistribution\", \"attributes\": {\"choices\": [16, 32, 64]}}"}
{"op_code":5,"worker_id":"5487f504-4ab8-4242-ae6a-4c67a47a8b28-140193173047104","trial_id":425,"param_name":"nodes2","param_value_internal":1,"distribution":"{\"name\": \"CategoricalDistribution\", \"attributes\": {\"choices\": [32, 64, 128]}}"}
{"op_code":6,"worker_id":"5487f504-4ab8-4242-ae6a-4c67a47a8b28-140193173047104","trial_id":425,"state":1,"values":[6.116787433624268],"datetime_complete":"2026-03-21T11:07:01.010059"}
{"op_code":4,"worker_id":"5487f504-4ab8-4242-ae6a-4c67a47a8b28-140193173047104","study_id":0,"datetime_start":"2026-03-21T11:07:01.033207"}
{"op_code":5,"worker_id":"5487f504-4ab8-4242-ae6a-4c67a47a8b28-140193173047104","trial_id":426,"param_name":"lr","param_value_internal":0.00030525143546196817,"distribution":"{\"name\": \"FloatDistribution\", \"attributes\": {\"step\": null, \"low\": 0.0001, \"high\": 0.1, \"log\": true}}"}
{"op_code":5,"worker_id":"5487f504-4ab8-4242-ae6a-4c67a47a8b28-140193173047104","trial_id":426,"param_name":"dropout","param_value_internal":0.20588458399256807,"distribution":"{\"name\": \"FloatDistribution\", \"attributes\": {\"step\": null, \"low\": 0.1, \"high\": 0.5, \"log\": false}}"}
{"op_code":5,"worker_id":"5487f504-4ab8-4242-ae6a-4c67a47a8b28-140193173047104","trial_id":426,"param_name":"nodes1","param_value_internal":1,"distribution":"{\"name\": \"CategoricalDistribution\", \"attributes\": {\"choices\": [16, 32, 64]}}"}
{"op_code":5,"worker_id":"5487f504-4ab8-4242-ae6a-4c67a47a8b28-140193173047104","trial_id":426,"param_name":"nodes2","param_value_internal":1,"distribution":"{\"name\": \"CategoricalDistribution\", \"attributes\": {\"choices\": [32, 64, 128]}}"}
{"op_code":6,"worker_id":"5487f504-4ab8-4242-ae6a-4c67a47a8b28-140193173047104","trial_id":426,"state":1,"values":[6.111328125],"datetime_complete":"2026-03-21T11:07:06.474514"}
{"op_code":4,"worker_id":"5487f504-4ab8-4242-ae6a-4c67a47a8b28-140193173047104","study_id":0,"datetime_start":"2026-03-21T11:07:06.492212"}
{"op_code":5,"worker_id":"5487f504-4ab8-4242-ae6a-4c67a47a8b28-140193173047104","trial_id":427,"param_name":"lr","param_value_internal":0.0003645428266807116,"distribution":"{\"name\": \"FloatDistribution\", \"attributes\": {\"step\": null, \"low\": 0.0001, \"high\": 0.1, \"log\": true}}"}
{"op_code":5,"worker_id":"5487f504-4ab8-4242-ae6a-4c67a47a8b28-140193173047104","trial_id":427,"param_name":"dropout","param_value_internal":0.19304252500809196,"distribution":"{\"name\": \"FloatDistribution\", \"attributes\": {\"step\": null, \"low\": 0.1, \"high\": 0.5, \"log\": false}}"}
{"op_code":5,"worker_id":"5487f504-4ab8-4242-ae6a-4c67a47a8b28-140193173047104","trial_id":427,"param_name":"nodes1","param_value_internal":1,"distribution":"{\"name\": \"CategoricalDistribution\", \"attributes\": {\"choices\": [16, 32, 64]}}"}
{"op_code":5,"worker_id":"5487f504-4ab8-4242-ae6a-4c67a47a8b28-140193173047104","trial_id":427,"param_name":"nodes2","param_value_internal":2,"distribution":"{\"name\": \"CategoricalDistribution\", \"attributes\": {\"choices\": [32, 64, 128]}}"}
{"op_code":6,"worker_id":"5487f504-4ab8-4242-ae6a-4c67a47a8b28-140193173047104","trial_id":427,"state":1,"values":[6.121052265167236],"datetime_complete":"2026-03-21T11:07:11.672983"}
{"op_code":4,"worker_id":"5487f504-4ab8-4242-ae6a-4c67a47a8b28-140193173047104","study_id":0,"datetime_start":"2026-03-21T11:07:11.691809"}
{"op_code":5,"worker_id":"5487f504-4ab8-4242-ae6a-4c67a47a8b28-140193173047104","trial_id":428,"param_name":"lr","param_value_internal":0.0036889335635358097,"distribution":"{\"name\": \"FloatDistribution\", \"attributes\": {\"step\": null, \"low\": 0.0001, \"high\": 0.1, \"log\": true}}"}
{"op_code":5,"worker_id":"5487f504-4ab8-4242-ae6a-4c67a47a8b28-140193173047104","trial_id":428,"param_name":"dropout","param_value_internal":0.35518991250497856,"distribution":"{\"name\": \"FloatDistribution\", \"attributes\": {\"step\": null, \"low\": 0.1, \"high\": 0.5, \"log\": false}}"}
{"op_code":5,"worker_id":"5487f504-4ab8-4242-ae6a-4c67a47a8b28-140193173047104","trial_id":428,"param_name":"nodes1","param_value_internal":1,"distribution":"{\"name\": \"CategoricalDistribution\", \"attributes\": {\"choices\": [16, 32, 64]}}"}
{"op_code":5,"worker_id":"5487f504-4ab8-4242-ae6a-4c67a47a8b28-140193173047104","trial_id":428,"param_name":"nodes2","param_value_internal":1,"distribution":"{\"name\": \"CategoricalDistribution\", \"attributes\": {\"choices\": [32, 64, 128]}}"}
{"op_code":6,"worker_id":"5487f504-4ab8-4242-ae6a-4c67a47a8b28-140193173047104","trial_id":428,"state":1,"values":[6.204671859741211],"datetime_complete":"2026-03-21T11:07:16.791797"}
{"op_code":4,"worker_id":"5487f504-4ab8-4242-ae6a-4c67a47a8b28-140193173047104","study_id":0,"datetime_start":"2026-03-21T11:07:16.824338"}
{"op_code":5,"worker_id":"5487f504-4ab8-4242-ae6a-4c67a47a8b28-140193173047104","trial_id":429,"param_name":"lr","param_value_internal":0.0002484777261596151,"distribution":"{\"name\": \"FloatDistribution\", \"attributes\": {\"step\": null, \"low\": 0.0001, \"high\": 0.1, \"log\": true}}"}
{"op_code":5,"worker_id":"5487f504-4ab8-4242-ae6a-4c67a47a8b28-140193173047104","trial_id":429,"param_name":"dropout","param_value_internal":0.16983460507465797,"distribution":"{\"name\": \"FloatDistribution\", \"attributes\": {\"step\": null, \"low\": 0.1, \"high\": 0.5, \"log\": false}}"}
{"op_code":5,"worker_id":"5487f504-4ab8-4242-ae6a-4c67a47a8b28-140193173047104","trial_id":429,"param_name":"nodes1","param_value_internal":1,"distribution":"{\"name\": \"CategoricalDistribution\", \"attributes\": {\"choices\": [16, 32, 64]}}"}
{"op_code":5,"worker_id":"5487f504-4ab8-4242-ae6a-4c67a47a8b28-140193173047104","trial_id":429,"param_name":"nodes2","param_value_internal":2,"distribution":"{\"name\": \"CategoricalDistribution\", \"attributes\": {\"choices\": [32, 64, 128]}}"}
{"op_code":6,"worker_id":"5487f504-4ab8-4242-ae6a-4c67a47a8b28-140193173047104","trial_id":429,"state":1,"values":[6.1165289878845215],"datetime_complete":"2026-03-21T11:07:21.678895"}
{"op_code":4,"worker_id":"5487f504-4ab8-4242-ae6a-4c67a47a8b28-140193173047104","study_id":0,"datetime_start":"2026-03-21T11:07:21.699648"}
{"op_code":5,"worker_id":"5487f504-4ab8-4242-ae6a-4c67a47a8b28-140193173047104","trial_id":430,"param_name":"lr","param_value_internal":0.0004369779031967723,"distribution":"{\"name\": \"FloatDistribution\", \"attributes\": {\"step\": null, \"low\": 0.0001, \"high\": 0.1, \"log\": true}}"}
{"op_code":5,"worker_id":"5487f504-4ab8-4242-ae6a-4c67a47a8b28-140193173047104","trial_id":430,"param_name":"dropout","param_value_internal":0.20703382528978043,"distribution":"{\"name\": \"FloatDistribution\", \"attributes\": {\"step\": null, \"low\": 0.1, \"high\": 0.5, \"log\": false}}"}
{"op_code":5,"worker_id":"5487f504-4ab8-4242-ae6a-4c67a47a8b28-140193173047104","trial_id":430,"param_name":"nodes1","param_value_internal":1,"distribution":"{\"name\": \"CategoricalDistribution\", \"attributes\": {\"choices\": [16, 32, 64]}}"}
{"op_code":5,"worker_id":"5487f504-4ab8-4242-ae6a-4c67a47a8b28-140193173047104","trial_id":430,"param_name":"nodes2","param_value_internal":1,"distribution":"{\"name\": \"CategoricalDistribution\", \"attributes\": {\"choices\": [32, 64, 128]}}"}
{"op_code":6,"worker_id":"5487f504-4ab8-4242-ae6a-4c67a47a8b28-140193173047104","trial_id":430,"state":1,"values":[6.131240367889404],"datetime_complete":"2026-03-21T11:07:26.689778"}
{"op_code":0,"worker_id":"c250c6d7-0826-44ca-abc9-603323970767-140193173047104","study_name":"custom_torch_tuning","directions":[1]}
{"op_code":4,"worker_id":"c250c6d7-0826-44ca-abc9-603323970767-140193173047104","study_id":0,"datetime_start":"2026-03-21T11:22:33.816211"}
{"op_code":5,"worker_id":"c250c6d7-0826-44ca-abc9-603323970767-140193173047104","trial_id":431,"param_name":"lr","param_value_internal":0.00021176880122707932,"distribution":"{\"name\": \"FloatDistribution\", \"attributes\": {\"step\": null, \"low\": 0.0001, \"high\": 0.1, \"log\": true}}"}
{"op_code":5,"worker_id":"c250c6d7-0826-44ca-abc9-603323970767-140193173047104","trial_id":431,"param_name":"dropout","param_value_internal":0.18199603242641696,"distribution":"{\"name\": \"FloatDistribution\", \"attributes\": {\"step\": null, \"low\": 0.1, \"high\": 0.5, \"log\": false}}"}
{"op_code":5,"worker_id":"c250c6d7-0826-44ca-abc9-603323970767-140193173047104","trial_id":431,"param_name":"nodes1","param_value_internal":1,"distribution":"{\"name\": \"CategoricalDistribution\", \"attributes\": {\"choices\": [16, 32, 64]}}"}
{"op_code":5,"worker_id":"c250c6d7-0826-44ca-abc9-603323970767-140193173047104","trial_id":431,"param_name":"nodes2","param_value_internal":2,"distribution":"{\"name\": \"CategoricalDistribution\", \"attributes\": {\"choices\": [32, 64, 128]}}"}
{"op_code":6,"worker_id":"c250c6d7-0826-44ca-abc9-603323970767-140193173047104","trial_id":431,"state":1,"values":[6.129245758056641],"datetime_complete":"2026-03-21T11:22:38.614780"}
{"op_code":4,"worker_id":"c250c6d7-0826-44ca-abc9-603323970767-140193173047104","study_id":0,"datetime_start":"2026-03-21T11:22:38.632235"}
{"op_code":5,"worker_id":"c250c6d7-0826-44ca-abc9-603323970767-140193173047104","trial_id":432,"param_name":"lr","param_value_internal":0.00032629364993361226,"distribution":"{\"name\": \"FloatDistribution\", \"attributes\": {\"step\": null, \"low\": 0.0001, \"high\": 0.1, \"log\": true}}"}
{"op_code":5,"worker_id":"c250c6d7-0826-44ca-abc9-603323970767-140193173047104","trial_id":432,"param_name":"dropout","param_value_internal":0.19733106427590008,"distribution":"{\"name\": \"FloatDistribution\", \"attributes\": {\"step\": null, \"low\": 0.1, \"high\": 0.5, \"log\": false}}"}
{"op_code":5,"worker_id":"c250c6d7-0826-44ca-abc9-603323970767-140193173047104","trial_id":432,"param_name":"nodes1","param_value_internal":2,"distribution":"{\"name\": \"CategoricalDistribution\", \"attributes\": {\"choices\": [16, 32, 64]}}"}
{"op_code":5,"worker_id":"c250c6d7-0826-44ca-abc9-603323970767-140193173047104","trial_id":432,"param_name":"nodes2","param_value_internal":1,"distribution":"{\"name\": \"CategoricalDistribution\", \"attributes\": {\"choices\": [32, 64, 128]}}"}
{"op_code":6,"worker_id":"c250c6d7-0826-44ca-abc9-603323970767-140193173047104","trial_id":432,"state":1,"values":[6.182901382446289],"datetime_complete":"2026-03-21T11:22:43.453273"}
{"op_code":4,"worker_id":"c250c6d7-0826-44ca-abc9-603323970767-140193173047104","study_id":0,"datetime_start":"2026-03-21T11:22:43.470989"}
{"op_code":5,"worker_id":"c250c6d7-0826-44ca-abc9-603323970767-140193173047104","trial_id":433,"param_name":"lr","param_value_internal":0.0005185482159067224,"distribution":"{\"name\": \"FloatDistribution\", \"attributes\": {\"step\": null, \"low\": 0.0001, \"high\": 0.1, \"log\": true}}"}
{"op_code":5,"worker_id":"c250c6d7-0826-44ca-abc9-603323970767-140193173047104","trial_id":433,"param_name":"dropout","param_value_internal":0.18239168988959129,"distribution":"{\"name\": \"FloatDistribution\", \"attributes\": {\"step\": null, \"low\": 0.1, \"high\": 0.5, \"log\": false}}"}
{"op_code":5,"worker_id":"c250c6d7-0826-44ca-abc9-603323970767-140193173047104","trial_id":433,"param_name":"nodes1","param_value_internal":1,"distribution":"{\"name\": \"CategoricalDistribution\", \"attributes\": {\"choices\": [16, 32, 64]}}"}
{"op_code":5,"worker_id":"c250c6d7-0826-44ca-abc9-603323970767-140193173047104","trial_id":433,"param_name":"nodes2","param_value_internal":2,"distribution":"{\"name\": \"CategoricalDistribution\", \"attributes\": {\"choices\": [32, 64, 128]}}"}
{"op_code":6,"worker_id":"c250c6d7-0826-44ca-abc9-603323970767-140193173047104","trial_id":433,"state":1,"values":[6.146280765533447],"datetime_complete":"2026-03-21T11:22:48.299809"}
{"op_code":4,"worker_id":"c250c6d7-0826-44ca-abc9-603323970767-140193173047104","study_id":0,"datetime_start":"2026-03-21T11:22:48.322340"}
{"op_code":5,"worker_id":"c250c6d7-0826-44ca-abc9-603323970767-140193173047104","trial_id":434,"param_name":"lr","param_value_internal":0.00026900435293402206,"distribution":"{\"name\": \"FloatDistribution\", \"attributes\": {\"step\": null, \"low\": 0.0001, \"high\": 0.1, \"log\": true}}"}
{"op_code":5,"worker_id":"c250c6d7-0826-44ca-abc9-603323970767-140193173047104","trial_id":434,"param_name":"dropout","param_value_internal":0.12586384320014943,"distribution":"{\"name\": \"FloatDistribution\", \"attributes\": {\"step\": null, \"low\": 0.1, \"high\": 0.5, \"log\": false}}"}
{"op_code":5,"worker_id":"c250c6d7-0826-44ca-abc9-603323970767-140193173047104","trial_id":434,"param_name":"nodes1","param_value_internal":1,"distribution":"{\"name\": \"CategoricalDistribution\", \"attributes\": {\"choices\": [16, 32, 64]}}"}
{"op_code":5,"worker_id":"c250c6d7-0826-44ca-abc9-603323970767-140193173047104","trial_id":434,"param_name":"nodes2","param_value_internal":1,"distribution":"{\"name\": \"CategoricalDistribution\", \"attributes\": {\"choices\": [32, 64, 128]}}"}
{"op_code":6,"worker_id":"c250c6d7-0826-44ca-abc9-603323970767-140193173047104","trial_id":434,"state":1,"values":[6.115948677062988],"datetime_complete":"2026-03-21T11:22:52.871480"}
{"op_code":4,"worker_id":"c250c6d7-0826-44ca-abc9-603323970767-140193173047104","study_id":0,"datetime_start":"2026-03-21T11:22:52.889563"}
{"op_code":5,"worker_id":"c250c6d7-0826-44ca-abc9-603323970767-140193173047104","trial_id":435,"param_name":"lr","param_value_internal":0.0003884696097186175,"distribution":"{\"name\": \"FloatDistribution\", \"attributes\": {\"step\": null, \"low\": 0.0001, \"high\": 0.1, \"log\": true}}"}
{"op_code":5,"worker_id":"c250c6d7-0826-44ca-abc9-603323970767-140193173047104","trial_id":435,"param_name":"dropout","param_value_internal":0.11282214422889471,"distribution":"{\"name\": \"FloatDistribution\", \"attributes\": {\"step\": null, \"low\": 0.1, \"high\": 0.5, \"log\": false}}"}
{"op_code":5,"worker_id":"c250c6d7-0826-44ca-abc9-603323970767-140193173047104","trial_id":435,"param_name":"nodes1","param_value_internal":1,"distribution":"{\"name\": \"CategoricalDistribution\", \"attributes\": {\"choices\": [16, 32, 64]}}"}
{"op_code":5,"worker_id":"c250c6d7-0826-44ca-abc9-603323970767-140193173047104","trial_id":435,"param_name":"nodes2","param_value_internal":2,"distribution":"{\"name\": \"CategoricalDistribution\", \"attributes\": {\"choices\": [32, 64, 128]}}"}
{"op_code":6,"worker_id":"c250c6d7-0826-44ca-abc9-603323970767-140193173047104","trial_id":435,"state":1,"values":[6.1277618408203125],"datetime_complete":"2026-03-21T11:22:57.412163"}
{"op_code":4,"worker_id":"c250c6d7-0826-44ca-abc9-603323970767-140193173047104","study_id":0,"datetime_start":"2026-03-21T11:22:57.434377"}
{"op_code":5,"worker_id":"c250c6d7-0826-44ca-abc9-603323970767-140193173047104","trial_id":436,"param_name":"lr","param_value_internal":0.0009920638933126607,"distribution":"{\"name\": \"FloatDistribution\", \"attributes\": {\"step\": null, \"low\": 0.0001, \"high\": 0.1, \"log\": true}}"}
{"op_code":5,"worker_id":"c250c6d7-0826-44ca-abc9-603323970767-140193173047104","trial_id":436,"param_name":"dropout","param_value_internal":0.18761779183989502,"distribution":"{\"name\": \"FloatDistribution\", \"attributes\": {\"step\": null, \"low\": 0.1, \"high\": 0.5, \"log\": false}}"}
{"op_code":5,"worker_id":"c250c6d7-0826-44ca-abc9-603323970767-140193173047104","trial_id":436,"param_name":"nodes1","param_value_internal":1,"distribution":"{\"name\": \"CategoricalDistribution\", \"attributes\": {\"choices\": [16, 32, 64]}}"}
{"op_code":5,"worker_id":"c250c6d7-0826-44ca-abc9-603323970767-140193173047104","trial_id":436,"param_name":"nodes2","param_value_internal":1,"distribution":"{\"name\": \"CategoricalDistribution\", \"attributes\": {\"choices\": [32, 64, 128]}}"}
{"op_code":6,"worker_id":"c250c6d7-0826-44ca-abc9-603323970767-140193173047104","trial_id":436,"state":1,"values":[6.310781002044678],"datetime_complete":"2026-03-21T11:23:01.534118"}
{"op_code":4,"worker_id":"c250c6d7-0826-44ca-abc9-603323970767-140193173047104","study_id":0,"datetime_start":"2026-03-21T11:23:01.552697"}
{"op_code":5,"worker_id":"c250c6d7-0826-44ca-abc9-603323970767-140193173047104","trial_id":437,"param_name":"lr","param_value_internal":0.0003413170402012943,"distribution":"{\"name\": \"FloatDistribution\", \"attributes\": {\"step\": null, \"low\": 0.0001, \"high\": 0.1, \"log\": true}}"}
{"op_code":5,"worker_id":"c250c6d7-0826-44ca-abc9-603323970767-140193173047104","trial_id":437,"param_name":"dropout","param_value_internal":0.16250994693759502,"distribution":"{\"name\": \"FloatDistribution\", \"attributes\": {\"step\": null, \"low\": 0.1, \"high\": 0.5, \"log\": false}}"}
{"op_code":5,"worker_id":"c250c6d7-0826-44ca-abc9-603323970767-140193173047104","trial_id":437,"param_name":"nodes1","param_value_internal":1,"distribution":"{\"name\": \"CategoricalDistribution\", \"attributes\": {\"choices\": [16, 32, 64]}}"}
{"op_code":5,"worker_id":"c250c6d7-0826-44ca-abc9-603323970767-140193173047104","trial_id":437,"param_name":"nodes2","param_value_internal":2,"distribution":"{\"name\": \"CategoricalDistribution\", \"attributes\": {\"choices\": [32, 64, 128]}}"}
{"op_code":6,"worker_id":"c250c6d7-0826-44ca-abc9-603323970767-140193173047104","trial_id":437,"state":1,"values":[6.133791446685791],"datetime_complete":"2026-03-21T11:23:06.236988"}
{"op_code":4,"worker_id":"c250c6d7-0826-44ca-abc9-603323970767-140193173047104","study_id":0,"datetime_start":"2026-03-21T11:23:06.254312"}
{"op_code":5,"worker_id":"c250c6d7-0826-44ca-abc9-603323970767-140193173047104","trial_id":438,"param_name":"lr","param_value_internal":0.0005751179069033526,"distribution":"{\"name\": \"FloatDistribution\", \"attributes\": {\"step\": null, \"low\": 0.0001, \"high\": 0.1, \"log\": true}}"}
{"op_code":5,"worker_id":"c250c6d7-0826-44ca-abc9-603323970767-140193173047104","trial_id":438,"param_name":"dropout","param_value_internal":0.17426553939191528,"distribution":"{\"name\": \"FloatDistribution\", \"attributes\": {\"step\": null, \"low\": 0.1, \"high\": 0.5, \"log\": false}}"}
{"op_code":5,"worker_id":"c250c6d7-0826-44ca-abc9-603323970767-140193173047104","trial_id":438,"param_name":"nodes1","param_value_internal":1,"distribution":"{\"name\": \"CategoricalDistribution\", \"attributes\": {\"choices\": [16, 32, 64]}}"}
{"op_code":5,"worker_id":"c250c6d7-0826-44ca-abc9-603323970767-140193173047104","trial_id":438,"param_name":"nodes2","param_value_internal":1,"distribution":"{\"name\": \"CategoricalDistribution\", \"attributes\": {\"choices\": [32, 64, 128]}}"}
{"op_code":6,"worker_id":"c250c6d7-0826-44ca-abc9-603323970767-140193173047104","trial_id":438,"state":1,"values":[6.145904064178467],"datetime_complete":"2026-03-21T11:23:10.665266"}
{"op_code":4,"worker_id":"c250c6d7-0826-44ca-abc9-603323970767-140193173047104","study_id":0,"datetime_start":"2026-03-21T11:23:10.682359"}
{"op_code":5,"worker_id":"c250c6d7-0826-44ca-abc9-603323970767-140193173047104","trial_id":439,"param_name":"lr","param_value_internal":0.0007528025285012614,"distribution":"{\"name\": \"FloatDistribution\", \"attributes\": {\"step\": null, \"low\": 0.0001, \"high\": 0.1, \"log\": true}}"}
{"op_code":5,"worker_id":"c250c6d7-0826-44ca-abc9-603323970767-140193173047104","trial_id":439,"param_name":"dropout","param_value_internal":0.19974710991039918,"distribution":"{\"name\": \"FloatDistribution\", \"attributes\": {\"step\": null, \"low\": 0.1, \"high\": 0.5, \"log\": false}}"}
{"op_code":5,"worker_id":"c250c6d7-0826-44ca-abc9-603323970767-140193173047104","trial_id":439,"param_name":"nodes1","param_value_internal":1,"distribution":"{\"name\": \"CategoricalDistribution\", \"attributes\": {\"choices\": [16, 32, 64]}}"}
{"op_code":5,"worker_id":"c250c6d7-0826-44ca-abc9-603323970767-140193173047104","trial_id":439,"param_name":"nodes2","param_value_internal":2,"distribution":"{\"name\": \"CategoricalDistribution\", \"attributes\": {\"choices\": [32, 64, 128]}}"}
{"op_code":6,"worker_id":"c250c6d7-0826-44ca-abc9-603323970767-140193173047104","trial_id":439,"state":1,"values":[6.140328884124756],"datetime_complete":"2026-03-21T11:23:15.129471"}
{"op_code":4,"worker_id":"c250c6d7-0826-44ca-abc9-603323970767-140193173047104","study_id":0,"datetime_start":"2026-03-21T11:23:15.149100"}
{"op_code":5,"worker_id":"c250c6d7-0826-44ca-abc9-603323970767-140193173047104","trial_id":440,"param_name":"lr","param_value_internal":0.0002918483478224602,"distribution":"{\"name\": \"FloatDistribution\", \"attributes\": {\"step\": null, \"low\": 0.0001, \"high\": 0.1, \"log\": true}}"}
{"op_code":5,"worker_id":"c250c6d7-0826-44ca-abc9-603323970767-140193173047104","trial_id":440,"param_name":"dropout","param_value_internal":0.13398802394376808,"distribution":"{\"name\": \"FloatDistribution\", \"attributes\": {\"step\": null, \"low\": 0.1, \"high\": 0.5, \"log\": false}}"}
{"op_code":5,"worker_id":"c250c6d7-0826-44ca-abc9-603323970767-140193173047104","trial_id":440,"param_name":"nodes1","param_value_internal":1,"distribution":"{\"name\": \"CategoricalDistribution\", \"attributes\": {\"choices\": [16, 32, 64]}}"}
{"op_code":5,"worker_id":"c250c6d7-0826-44ca-abc9-603323970767-140193173047104","trial_id":440,"param_name":"nodes2","param_value_internal":1,"distribution":"{\"name\": \"CategoricalDistribution\", \"attributes\": {\"choices\": [32, 64, 128]}}"}
{"op_code":6,"worker_id":"c250c6d7-0826-44ca-abc9-603323970767-140193173047104","trial_id":440,"state":1,"values":[6.120902061462402],"datetime_complete":"2026-03-21T11:23:19.650403"}
{"op_code":0,"worker_id":"b088b732-a3e5-4492-b9db-2ec7763bba6f-140193173047104","study_name":"custom_torch_tuning","directions":[1]}
{"op_code":4,"worker_id":"b088b732-a3e5-4492-b9db-2ec7763bba6f-140193173047104","study_id":0,"datetime_start":"2026-03-21T11:37:42.199401"}
{"op_code":5,"worker_id":"b088b732-a3e5-4492-b9db-2ec7763bba6f-140193173047104","trial_id":441,"param_name":"lr","param_value_internal":0.0004413184635363262,"distribution":"{\"name\": \"FloatDistribution\", \"attributes\": {\"step\": null, \"low\": 0.0001, \"high\": 0.1, \"log\": true}}"}
{"op_code":5,"worker_id":"b088b732-a3e5-4492-b9db-2ec7763bba6f-140193173047104","trial_id":441,"param_name":"dropout","param_value_internal":0.15480298581056284,"distribution":"{\"name\": \"FloatDistribution\", \"attributes\": {\"step\": null, \"low\": 0.1, \"high\": 0.5, \"log\": false}}"}
{"op_code":5,"worker_id":"b088b732-a3e5-4492-b9db-2ec7763bba6f-140193173047104","trial_id":441,"param_name":"nodes1","param_value_internal":1,"distribution":"{\"name\": \"CategoricalDistribution\", \"attributes\": {\"choices\": [16, 32, 64]}}"}
{"op_code":5,"worker_id":"b088b732-a3e5-4492-b9db-2ec7763bba6f-140193173047104","trial_id":441,"param_name":"nodes2","param_value_internal":2,"distribution":"{\"name\": \"CategoricalDistribution\", \"attributes\": {\"choices\": [32, 64, 128]}}"}
{"op_code":6,"worker_id":"b088b732-a3e5-4492-b9db-2ec7763bba6f-140193173047104","trial_id":441,"state":1,"values":[6.169145107269287],"datetime_complete":"2026-03-21T11:37:47.525632"}
{"op_code":4,"worker_id":"b088b732-a3e5-4492-b9db-2ec7763bba6f-140193173047104","study_id":0,"datetime_start":"2026-03-21T11:37:47.547823"}
{"op_code":5,"worker_id":"b088b732-a3e5-4492-b9db-2ec7763bba6f-140193173047104","trial_id":442,"param_name":"lr","param_value_internal":0.00023483178541275603,"distribution":"{\"name\": \"FloatDistribution\", \"attributes\": {\"step\": null, \"low\": 0.0001, \"high\": 0.1, \"log\": true}}"}
{"op_code":5,"worker_id":"b088b732-a3e5-4492-b9db-2ec7763bba6f-140193173047104","trial_id":442,"param_name":"dropout","param_value_internal":0.19332492513606922,"distribution":"{\"name\": \"FloatDistribution\", \"attributes\": {\"step\": null, \"low\": 0.1, \"high\": 0.5, \"log\": false}}"}
{"op_code":5,"worker_id":"b088b732-a3e5-4492-b9db-2ec7763bba6f-140193173047104","trial_id":442,"param_name":"nodes1","param_value_internal":1,"distribution":"{\"name\": \"CategoricalDistribution\", \"attributes\": {\"choices\": [16, 32, 64]}}"}
{"op_code":5,"worker_id":"b088b732-a3e5-4492-b9db-2ec7763bba6f-140193173047104","trial_id":442,"param_name":"nodes2","param_value_internal":1,"distribution":"{\"name\": \"CategoricalDistribution\", \"attributes\": {\"choices\": [32, 64, 128]}}"}
{"op_code":6,"worker_id":"b088b732-a3e5-4492-b9db-2ec7763bba6f-140193173047104","trial_id":442,"state":1,"values":[6.162610054016113],"datetime_complete":"2026-03-21T11:37:52.799819"}
{"op_code":4,"worker_id":"b088b732-a3e5-4492-b9db-2ec7763bba6f-140193173047104","study_id":0,"datetime_start":"2026-03-21T11:37:52.816157"}
{"op_code":5,"worker_id":"b088b732-a3e5-4492-b9db-2ec7763bba6f-140193173047104","trial_id":443,"param_name":"lr","param_value_internal":0.0013392498482990333,"distribution":"{\"name\": \"FloatDistribution\", \"attributes\": {\"step\": null, \"low\": 0.0001, \"high\": 0.1, \"log\": true}}"}
{"op_code":5,"worker_id":"b088b732-a3e5-4492-b9db-2ec7763bba6f-140193173047104","trial_id":443,"param_name":"dropout","param_value_internal":0.14387571427839999,"distribution":"{\"name\": \"FloatDistribution\", \"attributes\": {\"step\": null, \"low\": 0.1, \"high\": 0.5, \"log\": false}}"}
{"op_code":5,"worker_id":"b088b732-a3e5-4492-b9db-2ec7763bba6f-140193173047104","trial_id":443,"param_name":"nodes1","param_value_internal":1,"distribution":"{\"name\": \"CategoricalDistribution\", \"attributes\": {\"choices\": [16, 32, 64]}}"}
{"op_code":5,"worker_id":"b088b732-a3e5-4492-b9db-2ec7763bba6f-140193173047104","trial_id":443,"param_name":"nodes2","param_value_internal":2,"distribution":"{\"name\": \"CategoricalDistribution\", \"attributes\": {\"choices\": [32, 64, 128]}}"}
{"op_code":6,"worker_id":"b088b732-a3e5-4492-b9db-2ec7763bba6f-140193173047104","trial_id":443,"state":1,"values":[6.26577091217041],"datetime_complete":"2026-03-21T11:37:58.249960"}
{"op_code":4,"worker_id":"b088b732-a3e5-4492-b9db-2ec7763bba6f-140193173047104","study_id":0,"datetime_start":"2026-03-21T11:37:58.273083"}
{"op_code":5,"worker_id":"b088b732-a3e5-4492-b9db-2ec7763bba6f-140193173047104","trial_id":444,"param_name":"lr","param_value_internal":0.0003916777347172721,"distribution":"{\"name\": \"FloatDistribution\", \"attributes\": {\"step\": null, \"low\": 0.0001, \"high\": 0.1, \"log\": true}}"}
{"op_code":5,"worker_id":"b088b732-a3e5-4492-b9db-2ec7763bba6f-140193173047104","trial_id":444,"param_name":"dropout","param_value_internal":0.20770335960437883,"distribution":"{\"name\": \"FloatDistribution\", \"attributes\": {\"step\": null, \"low\": 0.1, \"high\": 0.5, \"log\": false}}"}
{"op_code":5,"worker_id":"b088b732-a3e5-4492-b9db-2ec7763bba6f-140193173047104","trial_id":444,"param_name":"nodes1","param_value_internal":1,"distribution":"{\"name\": \"CategoricalDistribution\", \"attributes\": {\"choices\": [16, 32, 64]}}"}
{"op_code":5,"worker_id":"b088b732-a3e5-4492-b9db-2ec7763bba6f-140193173047104","trial_id":444,"param_name":"nodes2","param_value_internal":1,"distribution":"{\"name\": \"CategoricalDistribution\", \"attributes\": {\"choices\": [32, 64, 128]}}"}
{"op_code":6,"worker_id":"b088b732-a3e5-4492-b9db-2ec7763bba6f-140193173047104","trial_id":444,"state":1,"values":[6.154916763305664],"datetime_complete":"2026-03-21T11:38:03.475708"}
{"op_code":4,"worker_id":"b088b732-a3e5-4492-b9db-2ec7763bba6f-140193173047104","study_id":0,"datetime_start":"2026-03-21T11:38:03.495224"}
{"op_code":5,"worker_id":"b088b732-a3e5-4492-b9db-2ec7763bba6f-140193173047104","trial_id":445,"param_name":"lr","param_value_internal":0.0005047716503702839,"distribution":"{\"name\": \"FloatDistribution\", \"attributes\": {\"step\": null, \"low\": 0.0001, \"high\": 0.1, \"log\": true}}"}
{"op_code":5,"worker_id":"b088b732-a3e5-4492-b9db-2ec7763bba6f-140193173047104","trial_id":445,"param_name":"dropout","param_value_internal":0.11935176636139143,"distribution":"{\"name\": \"FloatDistribution\", \"attributes\": {\"step\": null, \"low\": 0.1, \"high\": 0.5, \"log\": false}}"}
{"op_code":5,"worker_id":"b088b732-a3e5-4492-b9db-2ec7763bba6f-140193173047104","trial_id":445,"param_name":"nodes1","param_value_internal":1,"distribution":"{\"name\": \"CategoricalDistribution\", \"attributes\": {\"choices\": [16, 32, 64]}}"}
{"op_code":5,"worker_id":"b088b732-a3e5-4492-b9db-2ec7763bba6f-140193173047104","trial_id":445,"param_name":"nodes2","param_value_internal":2,"distribution":"{\"name\": \"CategoricalDistribution\", \"attributes\": {\"choices\": [32, 64, 128]}}"}
{"op_code":6,"worker_id":"b088b732-a3e5-4492-b9db-2ec7763bba6f-140193173047104","trial_id":445,"state":1,"values":[6.214794158935547],"datetime_complete":"2026-03-21T11:38:08.545309"}
{"op_code":4,"worker_id":"b088b732-a3e5-4492-b9db-2ec7763bba6f-140193173047104","study_id":0,"datetime_start":"2026-03-21T11:38:08.568104"}
{"op_code":5,"worker_id":"b088b732-a3e5-4492-b9db-2ec7763bba6f-140193173047104","trial_id":446,"param_name":"lr","param_value_internal":0.00032497952180718533,"distribution":"{\"name\": \"FloatDistribution\", \"attributes\": {\"step\": null, \"low\": 0.0001, \"high\": 0.1, \"log\": true}}"}
{"op_code":5,"worker_id":"b088b732-a3e5-4492-b9db-2ec7763bba6f-140193173047104","trial_id":446,"param_name":"dropout","param_value_internal":0.3885665297883677,"distribution":"{\"name\": \"FloatDistribution\", \"attributes\": {\"step\": null, \"low\": 0.1, \"high\": 0.5, \"log\": false}}"}
{"op_code":5,"worker_id":"b088b732-a3e5-4492-b9db-2ec7763bba6f-140193173047104","trial_id":446,"param_name":"nodes1","param_value_internal":1,"distribution":"{\"name\": \"CategoricalDistribution\", \"attributes\": {\"choices\": [16, 32, 64]}}"}
{"op_code":5,"worker_id":"b088b732-a3e5-4492-b9db-2ec7763bba6f-140193173047104","trial_id":446,"param_name":"nodes2","param_value_internal":1,"distribution":"{\"name\": \"CategoricalDistribution\", \"attributes\": {\"choices\": [32, 64, 128]}}"}
{"op_code":6,"worker_id":"b088b732-a3e5-4492-b9db-2ec7763bba6f-140193173047104","trial_id":446,"state":1,"values":[6.148913383483887],"datetime_complete":"2026-03-21T11:38:13.966002"}
{"op_code":4,"worker_id":"b088b732-a3e5-4492-b9db-2ec7763bba6f-140193173047104","study_id":0,"datetime_start":"2026-03-21T11:38:13.983808"}
{"op_code":5,"worker_id":"b088b732-a3e5-4492-b9db-2ec7763bba6f-140193173047104","trial_id":447,"param_name":"lr","param_value_internal":0.000361824551986769,"distribution":"{\"name\": \"FloatDistribution\", \"attributes\": {\"step\": null, \"low\": 0.0001, \"high\": 0.1, \"log\": true}}"}
{"op_code":5,"worker_id":"b088b732-a3e5-4492-b9db-2ec7763bba6f-140193173047104","trial_id":447,"param_name":"dropout","param_value_internal":0.18572715981652124,"distribution":"{\"name\": \"FloatDistribution\", \"attributes\": {\"step\": null, \"low\": 0.1, \"high\": 0.5, \"log\": false}}"}
{"op_code":5,"worker_id":"b088b732-a3e5-4492-b9db-2ec7763bba6f-140193173047104","trial_id":447,"param_name":"nodes1","param_value_internal":1,"distribution":"{\"name\": \"CategoricalDistribution\", \"attributes\": {\"choices\": [16, 32, 64]}}"}
{"op_code":5,"worker_id":"b088b732-a3e5-4492-b9db-2ec7763bba6f-140193173047104","trial_id":447,"param_name":"nodes2","param_value_internal":2,"distribution":"{\"name\": \"CategoricalDistribution\", \"attributes\": {\"choices\": [32, 64, 128]}}"}
{"op_code":6,"worker_id":"b088b732-a3e5-4492-b9db-2ec7763bba6f-140193173047104","trial_id":447,"state":1,"values":[6.180451393127441],"datetime_complete":"2026-03-21T11:38:19.152485"}
{"op_code":4,"worker_id":"b088b732-a3e5-4492-b9db-2ec7763bba6f-140193173047104","study_id":0,"datetime_start":"2026-03-21T11:38:19.175092"}
{"op_code":5,"worker_id":"b088b732-a3e5-4492-b9db-2ec7763bba6f-140193173047104","trial_id":448,"param_name":"lr","param_value_internal":0.0002668003668777162,"distribution":"{\"name\": \"FloatDistribution\", \"attributes\": {\"step\": null, \"low\": 0.0001, \"high\": 0.1, \"log\": true}}"}
{"op_code":5,"worker_id":"b088b732-a3e5-4492-b9db-2ec7763bba6f-140193173047104","trial_id":448,"param_name":"dropout","param_value_internal":0.10029525816993701,"distribution":"{\"name\": \"FloatDistribution\", \"attributes\": {\"step\": null, \"low\": 0.1, \"high\": 0.5, \"log\": false}}"}
{"op_code":5,"worker_id":"b088b732-a3e5-4492-b9db-2ec7763bba6f-140193173047104","trial_id":448,"param_name":"nodes1","param_value_internal":1,"distribution":"{\"name\": \"CategoricalDistribution\", \"attributes\": {\"choices\": [16, 32, 64]}}"}
{"op_code":5,"worker_id":"b088b732-a3e5-4492-b9db-2ec7763bba6f-140193173047104","trial_id":448,"param_name":"nodes2","param_value_internal":1,"distribution":"{\"name\": \"CategoricalDistribution\", \"attributes\": {\"choices\": [32, 64, 128]}}"}
{"op_code":6,"worker_id":"b088b732-a3e5-4492-b9db-2ec7763bba6f-140193173047104","trial_id":448,"state":1,"values":[6.188107490539551],"datetime_complete":"2026-03-21T11:38:24.418256"}
{"op_code":4,"worker_id":"b088b732-a3e5-4492-b9db-2ec7763bba6f-140193173047104","study_id":0,"datetime_start":"2026-03-21T11:38:24.435970"}
{"op_code":5,"worker_id":"b088b732-a3e5-4492-b9db-2ec7763bba6f-140193173047104","trial_id":449,"param_name":"lr","param_value_internal":0.00019497596988151924,"distribution":"{\"name\": \"FloatDistribution\", \"attributes\": {\"step\": null, \"low\": 0.0001, \"high\": 0.1, \"log\": true}}"}
{"op_code":5,"worker_id":"b088b732-a3e5-4492-b9db-2ec7763bba6f-140193173047104","trial_id":449,"param_name":"dropout","param_value_internal":0.17437403674896393,"distribution":"{\"name\": \"FloatDistribution\", \"attributes\": {\"step\": null, \"low\": 0.1, \"high\": 0.5, \"log\": false}}"}
{"op_code":5,"worker_id":"b088b732-a3e5-4492-b9db-2ec7763bba6f-140193173047104","trial_id":449,"param_name":"nodes1","param_value_internal":1,"distribution":"{\"name\": \"CategoricalDistribution\", \"attributes\": {\"choices\": [16, 32, 64]}}"}
{"op_code":5,"worker_id":"b088b732-a3e5-4492-b9db-2ec7763bba6f-140193173047104","trial_id":449,"param_name":"nodes2","param_value_internal":1,"distribution":"{\"name\": \"CategoricalDistribution\", \"attributes\": {\"choices\": [32, 64, 128]}}"}
{"op_code":6,"worker_id":"b088b732-a3e5-4492-b9db-2ec7763bba6f-140193173047104","trial_id":449,"state":1,"values":[6.163906097412109],"datetime_complete":"2026-03-21T11:38:29.537854"}
{"op_code":4,"worker_id":"b088b732-a3e5-4492-b9db-2ec7763bba6f-140193173047104","study_id":0,"datetime_start":"2026-03-21T11:38:29.553204"}
{"op_code":5,"worker_id":"b088b732-a3e5-4492-b9db-2ec7763bba6f-140193173047104","trial_id":450,"param_name":"lr","param_value_internal":0.0006258947277456919,"distribution":"{\"name\": \"FloatDistribution\", \"attributes\": {\"step\": null, \"low\": 0.0001, \"high\": 0.1, \"log\": true}}"}
{"op_code":5,"worker_id":"b088b732-a3e5-4492-b9db-2ec7763bba6f-140193173047104","trial_id":450,"param_name":"dropout","param_value_internal":0.19924830695202594,"distribution":"{\"name\": \"FloatDistribution\", \"attributes\": {\"step\": null, \"low\": 0.1, \"high\": 0.5, \"log\": false}}"}
{"op_code":5,"worker_id":"b088b732-a3e5-4492-b9db-2ec7763bba6f-140193173047104","trial_id":450,"param_name":"nodes1","param_value_internal":1,"distribution":"{\"name\": \"CategoricalDistribution\", \"attributes\": {\"choices\": [16, 32, 64]}}"}
{"op_code":5,"worker_id":"b088b732-a3e5-4492-b9db-2ec7763bba6f-140193173047104","trial_id":450,"param_name":"nodes2","param_value_internal":2,"distribution":"{\"name\": \"CategoricalDistribution\", \"attributes\": {\"choices\": [32, 64, 128]}}"}
{"op_code":6,"worker_id":"b088b732-a3e5-4492-b9db-2ec7763bba6f-140193173047104","trial_id":450,"state":1,"values":[6.214235305786133],"datetime_complete":"2026-03-21T11:38:34.551288"}
{"op_code":0,"worker_id":"df8a2f17-02d1-44da-9f10-d491f57c6510-140193173047104","study_name":"custom_torch_tuning","directions":[1]}
{"op_code":4,"worker_id":"df8a2f17-02d1-44da-9f10-d491f57c6510-140193173047104","study_id":0,"datetime_start":"2026-03-21T11:54:18.389684"}
{"op_code":5,"worker_id":"df8a2f17-02d1-44da-9f10-d491f57c6510-140193173047104","trial_id":451,"param_name":"lr","param_value_internal":0.00042276297272993455,"distribution":"{\"name\": \"FloatDistribution\", \"attributes\": {\"step\": null, \"low\": 0.0001, \"high\": 0.1, \"log\": true}}"}
{"op_code":5,"worker_id":"df8a2f17-02d1-44da-9f10-d491f57c6510-140193173047104","trial_id":451,"param_name":"dropout","param_value_internal":0.16666382814747743,"distribution":"{\"name\": \"FloatDistribution\", \"attributes\": {\"step\": null, \"low\": 0.1, \"high\": 0.5, \"log\": false}}"}
{"op_code":5,"worker_id":"df8a2f17-02d1-44da-9f10-d491f57c6510-140193173047104","trial_id":451,"param_name":"nodes1","param_value_internal":1,"distribution":"{\"name\": \"CategoricalDistribution\", \"attributes\": {\"choices\": [16, 32, 64]}}"}
{"op_code":5,"worker_id":"df8a2f17-02d1-44da-9f10-d491f57c6510-140193173047104","trial_id":451,"param_name":"nodes2","param_value_internal":1,"distribution":"{\"name\": \"CategoricalDistribution\", \"attributes\": {\"choices\": [32, 64, 128]}}"}
{"op_code":6,"worker_id":"df8a2f17-02d1-44da-9f10-d491f57c6510-140193173047104","trial_id":451,"state":1,"values":[6.040892601013184],"datetime_complete":"2026-03-21T11:54:23.092778"}
{"op_code":4,"worker_id":"df8a2f17-02d1-44da-9f10-d491f57c6510-140193173047104","study_id":0,"datetime_start":"2026-03-21T11:54:23.115657"}
{"op_code":5,"worker_id":"df8a2f17-02d1-44da-9f10-d491f57c6510-140193173047104","trial_id":452,"param_name":"lr","param_value_internal":0.00047201625333602036,"distribution":"{\"name\": \"FloatDistribution\", \"attributes\": {\"step\": null, \"low\": 0.0001, \"high\": 0.1, \"log\": true}}"}
{"op_code":5,"worker_id":"df8a2f17-02d1-44da-9f10-d491f57c6510-140193173047104","trial_id":452,"param_name":"dropout","param_value_internal":0.19332402050594882,"distribution":"{\"name\": \"FloatDistribution\", \"attributes\": {\"step\": null, \"low\": 0.1, \"high\": 0.5, \"log\": false}}"}
{"op_code":5,"worker_id":"df8a2f17-02d1-44da-9f10-d491f57c6510-140193173047104","trial_id":452,"param_name":"nodes1","param_value_internal":1,"distribution":"{\"name\": \"CategoricalDistribution\", \"attributes\": {\"choices\": [16, 32, 64]}}"}
{"op_code":5,"worker_id":"df8a2f17-02d1-44da-9f10-d491f57c6510-140193173047104","trial_id":452,"param_name":"nodes2","param_value_internal":2,"distribution":"{\"name\": \"CategoricalDistribution\", \"attributes\": {\"choices\": [32, 64, 128]}}"}
{"op_code":6,"worker_id":"df8a2f17-02d1-44da-9f10-d491f57c6510-140193173047104","trial_id":452,"state":1,"values":[6.033967971801758],"datetime_complete":"2026-03-21T11:54:28.151394"}
{"op_code":4,"worker_id":"df8a2f17-02d1-44da-9f10-d491f57c6510-140193173047104","study_id":0,"datetime_start":"2026-03-21T11:54:28.167712"}
{"op_code":5,"worker_id":"df8a2f17-02d1-44da-9f10-d491f57c6510-140193173047104","trial_id":453,"param_name":"lr","param_value_internal":0.0003072577314914456,"distribution":"{\"name\": \"FloatDistribution\", \"attributes\": {\"step\": null, \"low\": 0.0001, \"high\": 0.1, \"log\": true}}"}
{"op_code":5,"worker_id":"df8a2f17-02d1-44da-9f10-d491f57c6510-140193173047104","trial_id":453,"param_name":"dropout","param_value_internal":0.18441164559741818,"distribution":"{\"name\": \"FloatDistribution\", \"attributes\": {\"step\": null, \"low\": 0.1, \"high\": 0.5, \"log\": false}}"}
{"op_code":5,"worker_id":"df8a2f17-02d1-44da-9f10-d491f57c6510-140193173047104","trial_id":453,"param_name":"nodes1","param_value_internal":2,"distribution":"{\"name\": \"CategoricalDistribution\", \"attributes\": {\"choices\": [16, 32, 64]}}"}
{"op_code":5,"worker_id":"df8a2f17-02d1-44da-9f10-d491f57c6510-140193173047104","trial_id":453,"param_name":"nodes2","param_value_internal":1,"distribution":"{\"name\": \"CategoricalDistribution\", \"attributes\": {\"choices\": [32, 64, 128]}}"}
{"op_code":6,"worker_id":"df8a2f17-02d1-44da-9f10-d491f57c6510-140193173047104","trial_id":453,"state":1,"values":[6.033154487609863],"datetime_complete":"2026-03-21T11:54:33.760219"}
{"op_code":4,"worker_id":"df8a2f17-02d1-44da-9f10-d491f57c6510-140193173047104","study_id":0,"datetime_start":"2026-03-21T11:54:33.780637"}
{"op_code":5,"worker_id":"df8a2f17-02d1-44da-9f10-d491f57c6510-140193173047104","trial_id":454,"param_name":"lr","param_value_internal":0.0003589602916336561,"distribution":"{\"name\": \"FloatDistribution\", \"attributes\": {\"step\": null, \"low\": 0.0001, \"high\": 0.1, \"log\": true}}"}
{"op_code":5,"worker_id":"df8a2f17-02d1-44da-9f10-d491f57c6510-140193173047104","trial_id":454,"param_name":"dropout","param_value_internal":0.20859734911149946,"distribution":"{\"name\": \"FloatDistribution\", \"attributes\": {\"step\": null, \"low\": 0.1, \"high\": 0.5, \"log\": false}}"}
{"op_code":5,"worker_id":"df8a2f17-02d1-44da-9f10-d491f57c6510-140193173047104","trial_id":454,"param_name":"nodes1","param_value_internal":1,"distribution":"{\"name\": \"CategoricalDistribution\", \"attributes\": {\"choices\": [16, 32, 64]}}"}
{"op_code":5,"worker_id":"df8a2f17-02d1-44da-9f10-d491f57c6510-140193173047104","trial_id":454,"param_name":"nodes2","param_value_internal":2,"distribution":"{\"name\": \"CategoricalDistribution\", \"attributes\": {\"choices\": [32, 64, 128]}}"}
{"op_code":6,"worker_id":"df8a2f17-02d1-44da-9f10-d491f57c6510-140193173047104","trial_id":454,"state":1,"values":[6.034353733062744],"datetime_complete":"2026-03-21T11:54:38.879109"}
{"op_code":4,"worker_id":"df8a2f17-02d1-44da-9f10-d491f57c6510-140193173047104","study_id":0,"datetime_start":"2026-03-21T11:54:38.898599"}
{"op_code":5,"worker_id":"df8a2f17-02d1-44da-9f10-d491f57c6510-140193173047104","trial_id":455,"param_name":"lr","param_value_internal":0.0002561604861100731,"distribution":"{\"name\": \"FloatDistribution\", \"attributes\": {\"step\": null, \"low\": 0.0001, \"high\": 0.1, \"log\": true}}"}
{"op_code":5,"worker_id":"df8a2f17-02d1-44da-9f10-d491f57c6510-140193173047104","trial_id":455,"param_name":"dropout","param_value_internal":0.17869977698400075,"distribution":"{\"name\": \"FloatDistribution\", \"attributes\": {\"step\": null, \"low\": 0.1, \"high\": 0.5, \"log\": false}}"}
{"op_code":5,"worker_id":"df8a2f17-02d1-44da-9f10-d491f57c6510-140193173047104","trial_id":455,"param_name":"nodes1","param_value_internal":1,"distribution":"{\"name\": \"CategoricalDistribution\", \"attributes\": {\"choices\": [16, 32, 64]}}"}
{"op_code":5,"worker_id":"df8a2f17-02d1-44da-9f10-d491f57c6510-140193173047104","trial_id":455,"param_name":"nodes2","param_value_internal":1,"distribution":"{\"name\": \"CategoricalDistribution\", \"attributes\": {\"choices\": [32, 64, 128]}}"}
{"op_code":6,"worker_id":"df8a2f17-02d1-44da-9f10-d491f57c6510-140193173047104","trial_id":455,"state":1,"values":[6.076258659362793],"datetime_complete":"2026-03-21T11:54:44.321278"}
{"op_code":4,"worker_id":"df8a2f17-02d1-44da-9f10-d491f57c6510-140193173047104","study_id":0,"datetime_start":"2026-03-21T11:54:44.342625"}
{"op_code":5,"worker_id":"df8a2f17-02d1-44da-9f10-d491f57c6510-140193173047104","trial_id":456,"param_name":"lr","param_value_internal":0.0005725405523347877,"distribution":"{\"name\": \"FloatDistribution\", \"attributes\": {\"step\": null, \"low\": 0.0001, \"high\": 0.1, \"log\": true}}"}
{"op_code":5,"worker_id":"df8a2f17-02d1-44da-9f10-d491f57c6510-140193173047104","trial_id":456,"param_name":"dropout","param_value_internal":0.15346732364211466,"distribution":"{\"name\": \"FloatDistribution\", \"attributes\": {\"step\": null, \"low\": 0.1, \"high\": 0.5, \"log\": false}}"}
{"op_code":5,"worker_id":"df8a2f17-02d1-44da-9f10-d491f57c6510-140193173047104","trial_id":456,"param_name":"nodes1","param_value_internal":1,"distribution":"{\"name\": \"CategoricalDistribution\", \"attributes\": {\"choices\": [16, 32, 64]}}"}
{"op_code":5,"worker_id":"df8a2f17-02d1-44da-9f10-d491f57c6510-140193173047104","trial_id":456,"param_name":"nodes2","param_value_internal":2,"distribution":"{\"name\": \"CategoricalDistribution\", \"attributes\": {\"choices\": [32, 64, 128]}}"}
{"op_code":6,"worker_id":"df8a2f17-02d1-44da-9f10-d491f57c6510-140193173047104","trial_id":456,"state":1,"values":[6.0367608070373535],"datetime_complete":"2026-03-21T11:54:49.293380"}
{"op_code":4,"worker_id":"df8a2f17-02d1-44da-9f10-d491f57c6510-140193173047104","study_id":0,"datetime_start":"2026-03-21T11:54:49.307541"}
{"op_code":5,"worker_id":"df8a2f17-02d1-44da-9f10-d491f57c6510-140193173047104","trial_id":457,"param_name":"lr","param_value_internal":0.00040016785802537996,"distribution":"{\"name\": \"FloatDistribution\", \"attributes\": {\"step\": null, \"low\": 0.0001, \"high\": 0.1, \"log\": true}}"}
{"op_code":5,"worker_id":"df8a2f17-02d1-44da-9f10-d491f57c6510-140193173047104","trial_id":457,"param_name":"dropout","param_value_internal":0.20210327840616768,"distribution":"{\"name\": \"FloatDistribution\", \"attributes\": {\"step\": null, \"low\": 0.1, \"high\": 0.5, \"log\": false}}"}
{"op_code":5,"worker_id":"df8a2f17-02d1-44da-9f10-d491f57c6510-140193173047104","trial_id":457,"param_name":"nodes1","param_value_internal":1,"distribution":"{\"name\": \"CategoricalDistribution\", \"attributes\": {\"choices\": [16, 32, 64]}}"}
{"op_code":5,"worker_id":"df8a2f17-02d1-44da-9f10-d491f57c6510-140193173047104","trial_id":457,"param_name":"nodes2","param_value_internal":1,"distribution":"{\"name\": \"CategoricalDistribution\", \"attributes\": {\"choices\": [32, 64, 128]}}"}
{"op_code":6,"worker_id":"df8a2f17-02d1-44da-9f10-d491f57c6510-140193173047104","trial_id":457,"state":1,"values":[6.021032333374023],"datetime_complete":"2026-03-21T11:54:54.275197"}
{"op_code":4,"worker_id":"df8a2f17-02d1-44da-9f10-d491f57c6510-140193173047104","study_id":0,"datetime_start":"2026-03-21T11:54:54.294553"}
{"op_code":5,"worker_id":"df8a2f17-02d1-44da-9f10-d491f57c6510-140193173047104","trial_id":458,"param_name":"lr","param_value_internal":0.0004721080877316642,"distribution":"{\"name\": \"FloatDistribution\", \"attributes\": {\"step\": null, \"low\": 0.0001, \"high\": 0.1, \"log\": true}}"}
{"op_code":5,"worker_id":"df8a2f17-02d1-44da-9f10-d491f57c6510-140193173047104","trial_id":458,"param_name":"dropout","param_value_internal":0.1976712535506681,"distribution":"{\"name\": \"FloatDistribution\", \"attributes\": {\"step\": null, \"low\": 0.1, \"high\": 0.5, \"log\": false}}"}
{"op_code":5,"worker_id":"df8a2f17-02d1-44da-9f10-d491f57c6510-140193173047104","trial_id":458,"param_name":"nodes1","param_value_internal":1,"distribution":"{\"name\": \"CategoricalDistribution\", \"attributes\": {\"choices\": [16, 32, 64]}}"}
{"op_code":5,"worker_id":"df8a2f17-02d1-44da-9f10-d491f57c6510-140193173047104","trial_id":458,"param_name":"nodes2","param_value_internal":1,"distribution":"{\"name\": \"CategoricalDistribution\", \"attributes\": {\"choices\": [32, 64, 128]}}"}
{"op_code":6,"worker_id":"df8a2f17-02d1-44da-9f10-d491f57c6510-140193173047104","trial_id":458,"state":1,"values":[6.020114898681641],"datetime_complete":"2026-03-21T11:54:59.844590"}
{"op_code":4,"worker_id":"df8a2f17-02d1-44da-9f10-d491f57c6510-140193173047104","study_id":0,"datetime_start":"2026-03-21T11:54:59.861200"}
{"op_code":5,"worker_id":"df8a2f17-02d1-44da-9f10-d491f57c6510-140193173047104","trial_id":459,"param_name":"lr","param_value_internal":0.0005045237149961506,"distribution":"{\"name\": \"FloatDistribution\", \"attributes\": {\"step\": null, \"low\": 0.0001, \"high\": 0.1, \"log\": true}}"}
{"op_code":5,"worker_id":"df8a2f17-02d1-44da-9f10-d491f57c6510-140193173047104","trial_id":459,"param_name":"dropout","param_value_internal":0.2032927696998966,"distribution":"{\"name\": \"FloatDistribution\", \"attributes\": {\"step\": null, \"low\": 0.1, \"high\": 0.5, \"log\": false}}"}
{"op_code":5,"worker_id":"df8a2f17-02d1-44da-9f10-d491f57c6510-140193173047104","trial_id":459,"param_name":"nodes1","param_value_internal":1,"distribution":"{\"name\": \"CategoricalDistribution\", \"attributes\": {\"choices\": [16, 32, 64]}}"}
{"op_code":5,"worker_id":"df8a2f17-02d1-44da-9f10-d491f57c6510-140193173047104","trial_id":459,"param_name":"nodes2","param_value_internal":1,"distribution":"{\"name\": \"CategoricalDistribution\", \"attributes\": {\"choices\": [32, 64, 128]}}"}
{"op_code":6,"worker_id":"df8a2f17-02d1-44da-9f10-d491f57c6510-140193173047104","trial_id":459,"state":1,"values":[6.024853229522705],"datetime_complete":"2026-03-21T11:55:05.426226"}
{"op_code":4,"worker_id":"df8a2f17-02d1-44da-9f10-d491f57c6510-140193173047104","study_id":0,"datetime_start":"2026-03-21T11:55:05.441949"}
{"op_code":5,"worker_id":"df8a2f17-02d1-44da-9f10-d491f57c6510-140193173047104","trial_id":460,"param_name":"lr","param_value_internal":0.0004581778212778563,"distribution":"{\"name\": \"FloatDistribution\", \"attributes\": {\"step\": null, \"low\": 0.0001, \"high\": 0.1, \"log\": true}}"}
{"op_code":5,"worker_id":"df8a2f17-02d1-44da-9f10-d491f57c6510-140193173047104","trial_id":460,"param_name":"dropout","param_value_internal":0.20447240522486726,"distribution":"{\"name\": \"FloatDistribution\", \"attributes\": {\"step\": null, \"low\": 0.1, \"high\": 0.5, \"log\": false}}"}
{"op_code":5,"worker_id":"df8a2f17-02d1-44da-9f10-d491f57c6510-140193173047104","trial_id":460,"param_name":"nodes1","param_value_internal":1,"distribution":"{\"name\": \"CategoricalDistribution\", \"attributes\": {\"choices\": [16, 32, 64]}}"}
{"op_code":5,"worker_id":"df8a2f17-02d1-44da-9f10-d491f57c6510-140193173047104","trial_id":460,"param_name":"nodes2","param_value_internal":1,"distribution":"{\"name\": \"CategoricalDistribution\", \"attributes\": {\"choices\": [32, 64, 128]}}"}
{"op_code":6,"worker_id":"df8a2f17-02d1-44da-9f10-d491f57c6510-140193173047104","trial_id":460,"state":1,"values":[6.018664360046387],"datetime_complete":"2026-03-21T11:55:10.591422"}
{"op_code":0,"worker_id":"3820977d-0c7e-4edc-b680-765e51df127c-140193173047104","study_name":"custom_torch_tuning","directions":[1]}
{"op_code":4,"worker_id":"3820977d-0c7e-4edc-b680-765e51df127c-140193173047104","study_id":0,"datetime_start":"2026-03-21T12:10:07.026981"}
{"op_code":5,"worker_id":"3820977d-0c7e-4edc-b680-765e51df127c-140193173047104","trial_id":461,"param_name":"lr","param_value_internal":0.0006441277264376157,"distribution":"{\"name\": \"FloatDistribution\", \"attributes\": {\"step\": null, \"low\": 0.0001, \"high\": 0.1, \"log\": true}}"}
{"op_code":5,"worker_id":"3820977d-0c7e-4edc-b680-765e51df127c-140193173047104","trial_id":461,"param_name":"dropout","param_value_internal":0.21482270992817643,"distribution":"{\"name\": \"FloatDistribution\", \"attributes\": {\"step\": null, \"low\": 0.1, \"high\": 0.5, \"log\": false}}"}
{"op_code":5,"worker_id":"3820977d-0c7e-4edc-b680-765e51df127c-140193173047104","trial_id":461,"param_name":"nodes1","param_value_internal":1,"distribution":"{\"name\": \"CategoricalDistribution\", \"attributes\": {\"choices\": [16, 32, 64]}}"}
{"op_code":5,"worker_id":"3820977d-0c7e-4edc-b680-765e51df127c-140193173047104","trial_id":461,"param_name":"nodes2","param_value_internal":1,"distribution":"{\"name\": \"CategoricalDistribution\", \"attributes\": {\"choices\": [32, 64, 128]}}"}
{"op_code":6,"worker_id":"3820977d-0c7e-4edc-b680-765e51df127c-140193173047104","trial_id":461,"state":1,"values":[6.240819454193115],"datetime_complete":"2026-03-21T12:10:12.097266"}
{"op_code":4,"worker_id":"3820977d-0c7e-4edc-b680-765e51df127c-140193173047104","study_id":0,"datetime_start":"2026-03-21T12:10:18.998824"}
{"op_code":5,"worker_id":"3820977d-0c7e-4edc-b680-765e51df127c-140193173047104","trial_id":462,"param_name":"lr","param_value_internal":0.000503592440964595,"distribution":"{\"name\": \"FloatDistribution\", \"attributes\": {\"step\": null, \"low\": 0.0001, \"high\": 0.1, \"log\": true}}"}
{"op_code":5,"worker_id":"3820977d-0c7e-4edc-b680-765e51df127c-140193173047104","trial_id":462,"param_name":"dropout","param_value_internal":0.20704954006408338,"distribution":"{\"name\": \"FloatDistribution\", \"attributes\": {\"step\": null, \"low\": 0.1, \"high\": 0.5, \"log\": false}}"}
{"op_code":5,"worker_id":"3820977d-0c7e-4edc-b680-765e51df127c-140193173047104","trial_id":462,"param_name":"nodes1","param_value_internal":1,"distribution":"{\"name\": \"CategoricalDistribution\", \"attributes\": {\"choices\": [16, 32, 64]}}"}
{"op_code":5,"worker_id":"3820977d-0c7e-4edc-b680-765e51df127c-140193173047104","trial_id":462,"param_name":"nodes2","param_value_internal":1,"distribution":"{\"name\": \"CategoricalDistribution\", \"attributes\": {\"choices\": [32, 64, 128]}}"}
{"op_code":6,"worker_id":"3820977d-0c7e-4edc-b680-765e51df127c-140193173047104","trial_id":462,"state":1,"values":[6.181987285614014],"datetime_complete":"2026-03-21T12:10:24.269681"}
{"op_code":4,"worker_id":"3820977d-0c7e-4edc-b680-765e51df127c-140193173047104","study_id":0,"datetime_start":"2026-03-21T12:10:24.683028"}
{"op_code":5,"worker_id":"3820977d-0c7e-4edc-b680-765e51df127c-140193173047104","trial_id":463,"param_name":"lr","param_value_internal":0.00043828835936399077,"distribution":"{\"name\": \"FloatDistribution\", \"attributes\": {\"step\": null, \"low\": 0.0001, \"high\": 0.1, \"log\": true}}"}
{"op_code":5,"worker_id":"3820977d-0c7e-4edc-b680-765e51df127c-140193173047104","trial_id":463,"param_name":"dropout","param_value_internal":0.19835790101033068,"distribution":"{\"name\": \"FloatDistribution\", \"attributes\": {\"step\": null, \"low\": 0.1, \"high\": 0.5, \"log\": false}}"}
{"op_code":5,"worker_id":"3820977d-0c7e-4edc-b680-765e51df127c-140193173047104","trial_id":463,"param_name":"nodes1","param_value_internal":1,"distribution":"{\"name\": \"CategoricalDistribution\", \"attributes\": {\"choices\": [16, 32, 64]}}"}
{"op_code":5,"worker_id":"3820977d-0c7e-4edc-b680-765e51df127c-140193173047104","trial_id":463,"param_name":"nodes2","param_value_internal":1,"distribution":"{\"name\": \"CategoricalDistribution\", \"attributes\": {\"choices\": [32, 64, 128]}}"}
{"op_code":6,"worker_id":"3820977d-0c7e-4edc-b680-765e51df127c-140193173047104","trial_id":463,"state":1,"values":[6.158751010894775],"datetime_complete":"2026-03-21T12:10:29.770257"}
{"op_code":4,"worker_id":"3820977d-0c7e-4edc-b680-765e51df127c-140193173047104","study_id":0,"datetime_start":"2026-03-21T12:10:30.228957"}
{"op_code":5,"worker_id":"3820977d-0c7e-4edc-b680-765e51df127c-140193173047104","trial_id":464,"param_name":"lr","param_value_internal":0.0005520909624508128,"distribution":"{\"name\": \"FloatDistribution\", \"attributes\": {\"step\": null, \"low\": 0.0001, \"high\": 0.1, \"log\": true}}"}
{"op_code":5,"worker_id":"3820977d-0c7e-4edc-b680-765e51df127c-140193173047104","trial_id":464,"param_name":"dropout","param_value_internal":0.20594863003227878,"distribution":"{\"name\": \"FloatDistribution\", \"attributes\": {\"step\": null, \"low\": 0.1, \"high\": 0.5, \"log\": false}}"}
{"op_code":5,"worker_id":"3820977d-0c7e-4edc-b680-765e51df127c-140193173047104","trial_id":464,"param_name":"nodes1","param_value_internal":1,"distribution":"{\"name\": \"CategoricalDistribution\", \"attributes\": {\"choices\": [16, 32, 64]}}"}
{"op_code":5,"worker_id":"3820977d-0c7e-4edc-b680-765e51df127c-140193173047104","trial_id":464,"param_name":"nodes2","param_value_internal":1,"distribution":"{\"name\": \"CategoricalDistribution\", \"attributes\": {\"choices\": [32, 64, 128]}}"}
{"op_code":6,"worker_id":"3820977d-0c7e-4edc-b680-765e51df127c-140193173047104","trial_id":464,"state":1,"values":[6.1655426025390625],"datetime_complete":"2026-03-21T12:10:35.397049"}
{"op_code":4,"worker_id":"3820977d-0c7e-4edc-b680-765e51df127c-140193173047104","study_id":0,"datetime_start":"2026-03-21T12:10:35.701281"}
{"op_code":5,"worker_id":"3820977d-0c7e-4edc-b680-765e51df127c-140193173047104","trial_id":465,"param_name":"lr","param_value_internal":0.0004237232726199335,"distribution":"{\"name\": \"FloatDistribution\", \"attributes\": {\"step\": null, \"low\": 0.0001, \"high\": 0.1, \"log\": true}}"}
{"op_code":5,"worker_id":"3820977d-0c7e-4edc-b680-765e51df127c-140193173047104","trial_id":465,"param_name":"dropout","param_value_internal":0.1920900130894608,"distribution":"{\"name\": \"FloatDistribution\", \"attributes\": {\"step\": null, \"low\": 0.1, \"high\": 0.5, \"log\": false}}"}
{"op_code":5,"worker_id":"3820977d-0c7e-4edc-b680-765e51df127c-140193173047104","trial_id":465,"param_name":"nodes1","param_value_internal":1,"distribution":"{\"name\": \"CategoricalDistribution\", \"attributes\": {\"choices\": [16, 32, 64]}}"}
{"op_code":5,"worker_id":"3820977d-0c7e-4edc-b680-765e51df127c-140193173047104","trial_id":465,"param_name":"nodes2","param_value_internal":1,"distribution":"{\"name\": \"CategoricalDistribution\", \"attributes\": {\"choices\": [32, 64, 128]}}"}
{"op_code":6,"worker_id":"3820977d-0c7e-4edc-b680-765e51df127c-140193173047104","trial_id":465,"state":1,"values":[6.2194085121154785],"datetime_complete":"2026-03-21T12:10:41.094938"}
{"op_code":4,"worker_id":"3820977d-0c7e-4edc-b680-765e51df127c-140193173047104","study_id":0,"datetime_start":"2026-03-21T12:10:41.191310"}
{"op_code":5,"worker_id":"3820977d-0c7e-4edc-b680-765e51df127c-140193173047104","trial_id":466,"param_name":"lr","param_value_internal":0.0007389311755382381,"distribution":"{\"name\": \"FloatDistribution\", \"attributes\": {\"step\": null, \"low\": 0.0001, \"high\": 0.1, \"log\": true}}"}
{"op_code":5,"worker_id":"3820977d-0c7e-4edc-b680-765e51df127c-140193173047104","trial_id":466,"param_name":"dropout","param_value_internal":0.19914080480307286,"distribution":"{\"name\": \"FloatDistribution\", \"attributes\": {\"step\": null, \"low\": 0.1, \"high\": 0.5, \"log\": false}}"}
{"op_code":5,"worker_id":"3820977d-0c7e-4edc-b680-765e51df127c-140193173047104","trial_id":466,"param_name":"nodes1","param_value_internal":1,"distribution":"{\"name\": \"CategoricalDistribution\", \"attributes\": {\"choices\": [16, 32, 64]}}"}
{"op_code":5,"worker_id":"3820977d-0c7e-4edc-b680-765e51df127c-140193173047104","trial_id":466,"param_name":"nodes2","param_value_internal":1,"distribution":"{\"name\": \"CategoricalDistribution\", \"attributes\": {\"choices\": [32, 64, 128]}}"}
{"op_code":6,"worker_id":"3820977d-0c7e-4edc-b680-765e51df127c-140193173047104","trial_id":466,"state":1,"values":[6.260599136352539],"datetime_complete":"2026-03-21T12:10:45.938193"}
{"op_code":4,"worker_id":"3820977d-0c7e-4edc-b680-765e51df127c-140193173047104","study_id":0,"datetime_start":"2026-03-21T12:10:46.732923"}
{"op_code":5,"worker_id":"3820977d-0c7e-4edc-b680-765e51df127c-140193173047104","trial_id":467,"param_name":"lr","param_value_internal":0.0004714744533605255,"distribution":"{\"name\": \"FloatDistribution\", \"attributes\": {\"step\": null, \"low\": 0.0001, \"high\": 0.1, \"log\": true}}"}
{"op_code":5,"worker_id":"3820977d-0c7e-4edc-b680-765e51df127c-140193173047104","trial_id":467,"param_name":"dropout","param_value_internal":0.1291111461630062,"distribution":"{\"name\": \"FloatDistribution\", \"attributes\": {\"step\": null, \"low\": 0.1, \"high\": 0.5, \"log\": false}}"}
{"op_code":5,"worker_id":"3820977d-0c7e-4edc-b680-765e51df127c-140193173047104","trial_id":467,"param_name":"nodes1","param_value_internal":1,"distribution":"{\"name\": \"CategoricalDistribution\", \"attributes\": {\"choices\": [16, 32, 64]}}"}
{"op_code":5,"worker_id":"3820977d-0c7e-4edc-b680-765e51df127c-140193173047104","trial_id":467,"param_name":"nodes2","param_value_internal":1,"distribution":"{\"name\": \"CategoricalDistribution\", \"attributes\": {\"choices\": [32, 64, 128]}}"}
{"op_code":6,"worker_id":"3820977d-0c7e-4edc-b680-765e51df127c-140193173047104","trial_id":467,"state":1,"values":[6.176393508911133],"datetime_complete":"2026-03-21T12:10:55.595337"}
{"op_code":4,"worker_id":"3820977d-0c7e-4edc-b680-765e51df127c-140193173047104","study_id":0,"datetime_start":"2026-03-21T12:10:55.614696"}
{"op_code":5,"worker_id":"3820977d-0c7e-4edc-b680-765e51df127c-140193173047104","trial_id":468,"param_name":"lr","param_value_internal":0.00040467155952366037,"distribution":"{\"name\": \"FloatDistribution\", \"attributes\": {\"step\": null, \"low\": 0.0001, \"high\": 0.1, \"log\": true}}"}
{"op_code":5,"worker_id":"3820977d-0c7e-4edc-b680-765e51df127c-140193173047104","trial_id":468,"param_name":"dropout","param_value_internal":0.2138677339428248,"distribution":"{\"name\": \"FloatDistribution\", \"attributes\": {\"step\": null, \"low\": 0.1, \"high\": 0.5, \"log\": false}}"}
{"op_code":5,"worker_id":"3820977d-0c7e-4edc-b680-765e51df127c-140193173047104","trial_id":468,"param_name":"nodes1","param_value_internal":1,"distribution":"{\"name\": \"CategoricalDistribution\", \"attributes\": {\"choices\": [16, 32, 64]}}"}
{"op_code":5,"worker_id":"3820977d-0c7e-4edc-b680-765e51df127c-140193173047104","trial_id":468,"param_name":"nodes2","param_value_internal":1,"distribution":"{\"name\": \"CategoricalDistribution\", \"attributes\": {\"choices\": [32, 64, 128]}}"}
{"op_code":6,"worker_id":"3820977d-0c7e-4edc-b680-765e51df127c-140193173047104","trial_id":468,"state":1,"values":[6.1693949699401855],"datetime_complete":"2026-03-21T12:11:00.736619"}
{"op_code":4,"worker_id":"3820977d-0c7e-4edc-b680-765e51df127c-140193173047104","study_id":0,"datetime_start":"2026-03-21T12:11:00.755885"}
{"op_code":5,"worker_id":"3820977d-0c7e-4edc-b680-765e51df127c-140193173047104","trial_id":469,"param_name":"lr","param_value_internal":0.0005637122471993826,"distribution":"{\"name\": \"FloatDistribution\", \"attributes\": {\"step\": null, \"low\": 0.0001, \"high\": 0.1, \"log\": true}}"}
{"op_code":5,"worker_id":"3820977d-0c7e-4edc-b680-765e51df127c-140193173047104","trial_id":469,"param_name":"dropout","param_value_internal":0.1410303432664976,"distribution":"{\"name\": \"FloatDistribution\", \"attributes\": {\"step\": null, \"low\": 0.1, \"high\": 0.5, \"log\": false}}"}
{"op_code":5,"worker_id":"3820977d-0c7e-4edc-b680-765e51df127c-140193173047104","trial_id":469,"param_name":"nodes1","param_value_internal":1,"distribution":"{\"name\": \"CategoricalDistribution\", \"attributes\": {\"choices\": [16, 32, 64]}}"}
{"op_code":5,"worker_id":"3820977d-0c7e-4edc-b680-765e51df127c-140193173047104","trial_id":469,"param_name":"nodes2","param_value_internal":1,"distribution":"{\"name\": \"CategoricalDistribution\", \"attributes\": {\"choices\": [32, 64, 128]}}"}
{"op_code":6,"worker_id":"3820977d-0c7e-4edc-b680-765e51df127c-140193173047104","trial_id":469,"state":1,"values":[6.227827548980713],"datetime_complete":"2026-03-21T12:11:05.590627"}
{"op_code":4,"worker_id":"3820977d-0c7e-4edc-b680-765e51df127c-140193173047104","study_id":0,"datetime_start":"2026-03-21T12:11:05.609976"}
{"op_code":5,"worker_id":"3820977d-0c7e-4edc-b680-765e51df127c-140193173047104","trial_id":470,"param_name":"lr","param_value_internal":0.00047746075671008345,"distribution":"{\"name\": \"FloatDistribution\", \"attributes\": {\"step\": null, \"low\": 0.0001, \"high\": 0.1, \"log\": true}}"}
{"op_code":5,"worker_id":"3820977d-0c7e-4edc-b680-765e51df127c-140193173047104","trial_id":470,"param_name":"dropout","param_value_internal":0.18688690749209486,"distribution":"{\"name\": \"FloatDistribution\", \"attributes\": {\"step\": null, \"low\": 0.1, \"high\": 0.5, \"log\": false}}"}
{"op_code":5,"worker_id":"3820977d-0c7e-4edc-b680-765e51df127c-140193173047104","trial_id":470,"param_name":"nodes1","param_value_internal":1,"distribution":"{\"name\": \"CategoricalDistribution\", \"attributes\": {\"choices\": [16, 32, 64]}}"}
{"op_code":5,"worker_id":"3820977d-0c7e-4edc-b680-765e51df127c-140193173047104","trial_id":470,"param_name":"nodes2","param_value_internal":1,"distribution":"{\"name\": \"CategoricalDistribution\", \"attributes\": {\"choices\": [32, 64, 128]}}"}
{"op_code":6,"worker_id":"3820977d-0c7e-4edc-b680-765e51df127c-140193173047104","trial_id":470,"state":1,"values":[6.189146995544434],"datetime_complete":"2026-03-21T12:11:10.519791"}
